??ID,????,????,????,????,??
"	6A0C0938","	Ambient","	1","	B01??(%RH)","	81.5","	2026-07-28 14:44:59"
"	6A0C0938","	Ambient","	1","	B01??(?)","	22","	2026-07-28 14:44:59"
"	6A0C0938","	Ambient","	1","	B01??(%RH)","	81.5","	2026-07-28 14:44:57"
"	6A0C0938","	Ambient","	1","	B01??(?)","	22","	2026-07-28 14:44:57"
"	6A0C0938","	Ambient","	1","	B01??(%RH)","	81.5","	2026-07-28 14:44:54"
"	6A0C0938","	Ambient","	1","	B01??(?)","	22","	2026-07-28 14:44:54"
"	6A0C0938","	Ambient","	1","	B01??(%RH)","	81.6","	2026-07-28 14:44:52"
"	6A0C0938","	Ambient","	1","	B01??(?)","	22","	2026-07-28 14:44:52"
"	6A0C0938","	Ambient","	1","	B01??(%RH)","	81.6","	2026-07-28 14:44:50"
"	6A0C0938","	Ambient","	1","	B01??(?)","	22","	2026-07-28 14:44:50"
"	6A0C0938","	Ambient","	1","	B01??(%RH)","	81.5","	2026-07-28 14:44:48"
"	6A0C0938","	Ambient","	1","	B01??(?)","	22","	2026-07-28 14:44:48"
"	6A0C0938","	Ambient","	1","	B01??(%RH)","	81.6","	2026-07-28 14:44:46"
"	6A0C0938","	Ambient","	1","	B01??(?)","	22","	2026-07-28 14:44:46"
"	6A0C0938","	Ambient","	1","	B01??(%RH)","	81.6","	2026-07-28 14:44:44"
"	6A0C0938","	Ambient","	1","	B01??(?)","	22","	2026-07-28 14:44:44"
"	6A0C0938","	Ambient","	1","	B01??(%RH)","	81.6","	2026-07-28 14:44:42"
"	6A0C0938","	Ambient","	1","	B01??(?)","	22","	2026-07-28 14:44:42"
"	6A0C0938","	Ambient","	1","	B01??(%RH)","	81.6","	2026-07-28 14:44:40"
"	6A0C0938","	Ambient","	1","	B01??(?)","	22","	2026-07-28 14:44:40"
"	6A0C0938","	Ambient","	1","	B01??(%RH)","	81.6","	2026-07-28 14:44:38"
"	6A0C0938","	Ambient","	1","	B01??(?)","	22","	2026-07-28 14:44:38"
"	6A0C0938","	Ambient","	1","	B01??(%RH)","	81.6","	2026-07-28 14:44:36"
"	6A0C0938","	Ambient","	1","	B01??(?)","	21.9","	2026-07-28 14:44:36"
"	6A0C0938","	Ambient","	1","	B01??(%RH)","	81.7","	2026-07-28 14:44:34"
"	6A0C0938","	Ambient","	1","	B01??(?)","	21.9","	2026-07-28 14:44:34"
"	6A0C0938","	Ambient","	1","	B01??(%RH)","	81.7","	2026-07-28 14:44:32"
"	6A0C0938","	Ambient","	1","	B01??(?)","	21.9","	2026-07-28 14:44:32"
"	6A0C0938","	Ambient","	1","	B01??(%RH)","	81.7","	2026-07-28 14:44:30"
"	6A0C0938","	Ambient","	1","	B01??(?)","	21.9","	2026-07-28 14:44:30"
"	6A0C0938","	Ambient","	1","	B01??(%RH)","	81.7","	2026-07-28 14:44:28"
"	6A0C0938","	Ambient","	1","	B01??(?)","	21.9","	2026-07-28 14:44:28"
"	6A0C0938","	Ambient","	1","	B01??(%RH)","	81.7","	2026-07-28 14:44:26"
"	6A0C0938","	Ambient","	1","	B01??(?)","	22","	2026-07-28 14:44:26"
"	6A0C0938","	Ambient","	1","	B01??(%RH)","	81.7","	2026-07-28 14:44:24"
"	6A0C0938","	Ambient","	1","	B01??(?)","	21.9","	2026-07-28 14:44:24"
"	6A0C0938","	Ambient","	1","	B01??(%RH)","	81.7","	2026-07-28 14:44:22"
"	6A0C0938","	Ambient","	1","	B01??(?)","	21.9","	2026-07-28 14:44:22"
"	6A0C0938","	Ambient","	1","	B01??(%RH)","	81.8","	2026-07-28 14:44:20"
"	6A0C0938","	Ambient","	1","	B01??(?)","	21.9","	2026-07-28 14:44:20"
"	6A0C0938","	Ambient","	1","	B01??(%RH)","	81.8","	2026-07-28 14:44:18"
"	6A0C0938","	Ambient","	1","	B01??(?)","	21.9","	2026-07-28 14:44:18"
"	6A0C0938","	Ambient","	1","	B01??(%RH)","	81.8","	2026-07-28 14:44:16"
"	6A0C0938","	Ambient","	1","	B01??(?)","	21.9","	2026-07-28 14:44:16"
"	6A0C0938","	Ambient","	1","	B01??(%RH)","	81.9","	2026-07-28 14:44:13"
"	6A0C0938","	Ambient","	1","	B01??(?)","	21.9","	2026-07-28 14:44:13"
"	6A0C0938","	Ambient","	1","	B01??(%RH)","	81.9","	2026-07-28 14:44:11"
"	6A0C0938","	Ambient","	1","	B01??(?)","	21.9","	2026-07-28 14:44:11"
"	6A0C0938","	Ambient","	1","	B01??(%RH)","	81.9","	2026-07-28 14:44:09"
"	6A0C0938","	Ambient","	1","	B01??(?)","	21.9","	2026-07-28 14:44:09"
"	6A0C0938","	Ambient","	1","	B01??(%RH)","	81.9","	2026-07-28 14:44:07"
"	6A0C0938","	Ambient","	1","	B01??(?)","	21.9","	2026-07-28 14:44:07"
"	6A0C0938","	Ambient","	1","	B01??(%RH)","	82","	2026-07-28 14:44:05"
"	6A0C0938","	Ambient","	1","	B01??(?)","	21.9","	2026-07-28 14:44:05"
"	6A0C0938","	Ambient","	1","	B01??(%RH)","	82","	2026-07-28 14:44:03"
"	6A0C0938","	Ambient","	1","	B01??(?)","	21.9","	2026-07-28 14:44:03"
"	6A0C0938","	Ambient","	1","	B01??(%RH)","	82","	2026-07-28 14:44:01"
"	6A0C0938","	Ambient","	1","	B01??(?)","	21.9","	2026-07-28 14:44:01"
"	6A0C0938","	Ambient","	1","	B01??(%RH)","	82","	2026-07-28 14:43:59"
"	6A0C0938","	Ambient","	1","	B01??(?)","	21.9","	2026-07-28 14:43:59"
"	6A0C0938","	Ambient","	1","	B01??(%RH)","	82","	2026-07-28 14:43:57"
"	6A0C0938","	Ambient","	1","	B01??(?)","	21.8","	2026-07-28 14:43:57"
"	6A0C0938","	Ambient","	1","	B01??(%RH)","	82","	2026-07-28 14:43:55"
"	6A0C0938","	Ambient","	1","	B01??(?)","	21.8","	2026-07-28 14:43:55"
"	6A0C0938","	Ambient","	1","	B01??(%RH)","	82","	2026-07-28 14:43:53"
"	6A0C0938","	Ambient","	1","	B01??(?)","	21.8","	2026-07-28 14:43:53"
"	6A0C0938","	Ambient","	1","	B01??(%RH)","	82.1","	2026-07-28 14:43:51"
"	6A0C0938","	Ambient","	1","	B01??(?)","	21.8","	2026-07-28 14:43:51"
"	6A0C0938","	Ambient","	1","	B01??(%RH)","	82.1","	2026-07-28 14:43:49"
"	6A0C0938","	Ambient","	1","	B01??(?)","	21.8","	2026-07-28 14:43:49"
"	6A0C0938","	Ambient","	1","	B01??(%RH)","	82.2","	2026-07-28 14:43:47"
"	6A0C0938","	Ambient","	1","	B01??(?)","	21.8","	2026-07-28 14:43:47"
"	6A0C0938","	Ambient","	1","	B01??(%RH)","	82.2","	2026-07-28 14:43:45"
"	6A0C0938","	Ambient","	1","	B01??(?)","	21.8","	2026-07-28 14:43:45"
"	6A0C0938","	Ambient","	1","	B01??(%RH)","	82.3","	2026-07-28 14:43:43"
"	6A0C0938","	Ambient","	1","	B01??(?)","	21.8","	2026-07-28 14:43:43"
"	6A0C0938","	Ambient","	1","	B01??(%RH)","	82.3","	2026-07-28 14:43:41"
"	6A0C0938","	Ambient","	1","	B01??(?)","	21.8","	2026-07-28 14:43:41"
"	6A0C0938","	Ambient","	1","	B01??(%RH)","	82.3","	2026-07-28 14:43:39"
"	6A0C0938","	Ambient","	1","	B01??(?)","	21.8","	2026-07-28 14:43:39"
"	6A0C0938","	Ambient","	1","	B01??(%RH)","	82.3","	2026-07-28 14:43:37"
"	6A0C0938","	Ambient","	1","	B01??(?)","	21.8","	2026-07-28 14:43:37"
"	6A0C0938","	Ambient","	1","	B01??(%RH)","	82.4","	2026-07-28 14:43:35"
"	6A0C0938","	Ambient","	1","	B01??(?)","	21.8","	2026-07-28 14:43:35"
"	6A0C0938","	Ambient","	1","	B01??(%RH)","	82.4","	2026-07-28 14:43:32"
"	6A0C0938","	Ambient","	1","	B01??(?)","	21.8","	2026-07-28 14:43:32"
"	6A0C0938","	Ambient","	1","	B01??(%RH)","	82.4","	2026-07-28 14:43:30"
"	6A0C0938","	Ambient","	1","	B01??(?)","	21.8","	2026-07-28 14:43:30"
"	6A0C0938","	Ambient","	1","	B01??(%RH)","	82.4","	2026-07-28 14:43:28"
"	6A0C0938","	Ambient","	1","	B01??(?)","	21.8","	2026-07-28 14:43:28"
"	6A0C0938","	Ambient","	1","	B01??(%RH)","	82.4","	2026-07-28 14:43:26"
"	6A0C0938","	Ambient","	1","	B01??(?)","	21.8","	2026-07-28 14:43:26"
"	6A0C0938","	Ambient","	1","	B01??(%RH)","	82.4","	2026-07-28 14:43:24"
"	6A0C0938","	Ambient","	1","	B01??(?)","	21.7","	2026-07-28 14:43:24"
"	6A0C0938","	Ambient","	1","	B01??(%RH)","	82.5","	2026-07-28 14:43:22"
"	6A0C0938","	Ambient","	1","	B01??(?)","	21.7","	2026-07-28 14:43:22"
"	6A0C0938","	Ambient","	1","	B01??(%RH)","	82.5","	2026-07-28 14:43:20"
"	6A0C0938","	Ambient","	1","	B01??(?)","	21.7","	2026-07-28 14:43:20"
"	6A0C0938","	Ambient","	1","	B01??(%RH)","	82.5","	2026-07-28 14:43:18"
"	6A0C0938","	Ambient","	1","	B01??(?)","	21.7","	2026-07-28 14:43:18"
"	6A0C0938","	Ambient","	1","	B01??(%RH)","	82.5","	2026-07-28 14:43:16"
"	6A0C0938","	Ambient","	1","	B01??(?)","	21.7","	2026-07-28 14:43:16"
"	6A0C0938","	Ambient","	1","	B01??(%RH)","	82.5","	2026-07-28 14:43:14"
"	6A0C0938","	Ambient","	1","	B01??(?)","	21.7","	2026-07-28 14:43:14"
"	6A0C0938","	Ambient","	1","	B01??(%RH)","	82.5","	2026-07-28 14:43:12"
"	6A0C0938","	Ambient","	1","	B01??(?)","	21.7","	2026-07-28 14:43:12"
"	6A0C0938","	Ambient","	1","	B01??(%RH)","	82.6","	2026-07-28 14:43:10"
"	6A0C0938","	Ambient","	1","	B01??(?)","	21.7","	2026-07-28 14:43:10"
"	6A0C0938","	Ambient","	1","	B01??(%RH)","	82.6","	2026-07-28 14:43:08"
"	6A0C0938","	Ambient","	1","	B01??(?)","	21.7","	2026-07-28 14:43:08"
"	6A0C0938","	Ambient","	1","	B01??(%RH)","	82.6","	2026-07-28 14:43:06"
"	6A0C0938","	Ambient","	1","	B01??(?)","	21.7","	2026-07-28 14:43:06"
"	6A0C0938","	Ambient","	1","	B01??(%RH)","	82.6","	2026-07-28 14:43:04"
"	6A0C0938","	Ambient","	1","	B01??(?)","	21.7","	2026-07-28 14:43:04"
"	6A0C0938","	Ambient","	1","	B01??(%RH)","	82.7","	2026-07-28 14:43:02"
"	6A0C0938","	Ambient","	1","	B01??(?)","	21.7","	2026-07-28 14:43:02"
"	6A0C0938","	Ambient","	1","	B01??(%RH)","	82.7","	2026-07-28 14:43:00"
"	6A0C0938","	Ambient","	1","	B01??(?)","	21.7","	2026-07-28 14:43:00"
"	6A0C0938","	Ambient","	1","	B01??(?)","	21.6","	2026-07-28 14:42:58"
"	6A0C0938","	Ambient","	1","	B01??(%RH)","	82.8","	2026-07-28 14:42:58"
"	6A0C0938","	Ambient","	1","	B01??(%RH)","	82.8","	2026-07-28 14:42:56"
"	6A0C0938","	Ambient","	1","	B01??(?)","	21.7","	2026-07-28 14:42:56"
"	6A0C0938","	Ambient","	1","	B01??(%RH)","	82.8","	2026-07-28 14:42:54"
"	6A0C0938","	Ambient","	1","	B01??(?)","	21.6","	2026-07-28 14:42:54"
"	6A0C0938","	Ambient","	1","	B01??(%RH)","	82.9","	2026-07-28 14:42:51"
"	6A0C0938","	Ambient","	1","	B01??(?)","	21.6","	2026-07-28 14:42:51"
"	6A0C0938","	Ambient","	1","	B01??(%RH)","	82.9","	2026-07-28 14:42:49"
"	6A0C0938","	Ambient","	1","	B01??(?)","	21.6","	2026-07-28 14:42:49"
"	6A0C0938","	Ambient","	1","	B01??(%RH)","	82.9","	2026-07-28 14:42:47"
"	6A0C0938","	Ambient","	1","	B01??(?)","	21.6","	2026-07-28 14:42:47"
"	6A0C0938","	Ambient","	1","	B01??(%RH)","	83","	2026-07-28 14:42:45"
"	6A0C0938","	Ambient","	1","	B01??(?)","	21.6","	2026-07-28 14:42:45"
"	6A0C0938","	Ambient","	1","	B01??(%RH)","	83","	2026-07-28 14:42:43"
"	6A0C0938","	Ambient","	1","	B01??(?)","	21.6","	2026-07-28 14:42:43"
"	6A0C0938","	Ambient","	1","	B01??(%RH)","	83.1","	2026-07-28 14:42:41"
"	6A0C0938","	Ambient","	1","	B01??(?)","	21.6","	2026-07-28 14:42:41"
"	6A0C0938","	Ambient","	1","	B01??(%RH)","	83.2","	2026-07-28 14:42:39"
"	6A0C0938","	Ambient","	1","	B01??(?)","	21.6","	2026-07-28 14:42:39"
"	6A0C0938","	Ambient","	1","	B01??(%RH)","	83.2","	2026-07-28 14:42:37"
"	6A0C0938","	Ambient","	1","	B01??(?)","	21.6","	2026-07-28 14:42:37"
"	6A0C0938","	Ambient","	1","	B01??(?)","	21.6","	2026-07-28 14:42:35"
"	6A0C0938","	Ambient","	1","	B01??(%RH)","	83.3","	2026-07-28 14:42:35"
"	6A0C0938","	Ambient","	1","	B01??(%RH)","	83.4","	2026-07-28 14:42:33"
"	6A0C0938","	Ambient","	1","	B01??(?)","	21.6","	2026-07-28 14:42:33"
"	6A0C0938","	Ambient","	1","	B01??(%RH)","	83.5","	2026-07-28 14:42:31"
"	6A0C0938","	Ambient","	1","	B01??(?)","	21.5","	2026-07-28 14:42:31"
"	6A0C0938","	Ambient","	1","	B01??(%RH)","	83.6","	2026-07-28 14:42:29"
"	6A0C0938","	Ambient","	1","	B01??(?)","	21.5","	2026-07-28 14:42:29"
"	6A0C0938","	Ambient","	1","	B01??(%RH)","	83.6","	2026-07-28 14:42:27"
"	6A0C0938","	Ambient","	1","	B01??(?)","	21.5","	2026-07-28 14:42:27"
"	6A0C0938","	Ambient","	1","	B01??(%RH)","	83.7","	2026-07-28 14:42:25"
"	6A0C0938","	Ambient","	1","	B01??(?)","	21.5","	2026-07-28 14:42:25"
"	6A0C0938","	Ambient","	1","	B01??(%RH)","	83.8","	2026-07-28 14:42:23"
"	6A0C0938","	Ambient","	1","	B01??(?)","	21.5","	2026-07-28 14:42:23"
"	6A0C0938","	Ambient","	1","	B01??(%RH)","	83.9","	2026-07-28 14:42:21"
"	6A0C0938","	Ambient","	1","	B01??(?)","	21.5","	2026-07-28 14:42:21"
"	6A0C0938","	Ambient","	1","	B01??(%RH)","	84","	2026-07-28 14:42:19"
"	6A0C0938","	Ambient","	1","	B01??(?)","	21.5","	2026-07-28 14:42:19"
"	6A0C0938","	Ambient","	1","	B01??(%RH)","	84.1","	2026-07-28 14:42:17"
"	6A0C0938","	Ambient","	1","	B01??(?)","	21.5","	2026-07-28 14:42:17"
"	6A0C0938","	Ambient","	1","	B01??(%RH)","	84.2","	2026-07-28 14:42:15"
"	6A0C0938","	Ambient","	1","	B01??(?)","	21.5","	2026-07-28 14:42:15"
"	6A0C0938","	Ambient","	1","	B01??(%RH)","	84.2","	2026-07-28 14:42:13"
"	6A0C0938","	Ambient","	1","	B01??(?)","	21.5","	2026-07-28 14:42:13"
"	6A0C0938","	Ambient","	1","	B01??(%RH)","	84.1","	2026-07-28 14:42:11"
"	6A0C0938","	Ambient","	1","	B01??(?)","	21.5","	2026-07-28 14:42:11"
"	6A0C0938","	Ambient","	1","	B01??(%RH)","	84","	2026-07-28 14:42:08"
"	6A0C0938","	Ambient","	1","	B01??(?)","	21.5","	2026-07-28 14:42:08"
"	6A0C0938","	Ambient","	1","	B01??(?)","	21.5","	2026-07-28 14:42:06"
"	6A0C0938","	Ambient","	1","	B01??(%RH)","	83.9","	2026-07-28 14:42:06"
"	6A0C0938","	Ambient","	1","	B01??(%RH)","	83.5","	2026-07-28 14:42:04"
"	6A0C0938","	Ambient","	1","	B01??(?)","	21.5","	2026-07-28 14:42:04"
"	6A0C0938","	Ambient","	1","	B01??(%RH)","	83.2","	2026-07-28 14:42:02"
"	6A0C0938","	Ambient","	1","	B01??(?)","	21.5","	2026-07-28 14:42:02"
"	6A0C0938","	Ambient","	1","	B01??(%RH)","	83.1","	2026-07-28 14:42:00"
"	6A0C0938","	Ambient","	1","	B01??(?)","	21.5","	2026-07-28 14:42:00"
"	6A0C0938","	Ambient","	1","	B01??(%RH)","	83","	2026-07-28 14:41:58"
"	6A0C0938","	Ambient","	1","	B01??(?)","	21.5","	2026-07-28 14:41:58"
"	6A0C0938","	Ambient","	1","	B01??(%RH)","	82.9","	2026-07-28 14:41:56"
"	6A0C0938","	Ambient","	1","	B01??(?)","	21.5","	2026-07-28 14:41:56"
"	6A0C0938","	Ambient","	1","	B01??(%RH)","	82.7","	2026-07-28 14:41:54"
"	6A0C0938","	Ambient","	1","	B01??(?)","	21.5","	2026-07-28 14:41:54"
"	6A0C0938","	Ambient","	1","	B01??(%RH)","	82.7","	2026-07-28 14:41:52"
"	6A0C0938","	Ambient","	1","	B01??(?)","	21.5","	2026-07-28 14:41:52"
"	6A0C0938","	Ambient","	1","	B01??(%RH)","	82.7","	2026-07-28 14:41:50"
"	6A0C0938","	Ambient","	1","	B01??(?)","	21.5","	2026-07-28 14:41:50"
"	6A0C0938","	Ambient","	1","	B01??(%RH)","	82.6","	2026-07-28 14:41:48"
"	6A0C0938","	Ambient","	1","	B01??(?)","	21.5","	2026-07-28 14:41:48"
"	6A0C0938","	Ambient","	1","	B01??(%RH)","	82.7","	2026-07-28 14:41:46"
"	6A0C0938","	Ambient","	1","	B01??(?)","	21.5","	2026-07-28 14:41:46"
"	6A0C0938","	Ambient","	1","	B01??(%RH)","	82.8","	2026-07-28 14:41:44"
"	6A0C0938","	Ambient","	1","	B01??(?)","	21.5","	2026-07-28 14:41:44"
"	6A0C0938","	Ambient","	1","	B01??(%RH)","	82.8","	2026-07-28 14:41:42"
"	6A0C0938","	Ambient","	1","	B01??(?)","	21.5","	2026-07-28 14:41:42"
"	6A0C0938","	Ambient","	1","	B01??(%RH)","	82.7","	2026-07-28 14:41:40"
"	6A0C0938","	Ambient","	1","	B01??(?)","	21.5","	2026-07-28 14:41:40"
"	6A0C0938","	Ambient","	1","	B01??(%RH)","	82.5","	2026-07-28 14:41:38"
"	6A0C0938","	Ambient","	1","	B01??(?)","	21.5","	2026-07-28 14:41:38"
"	6A0C0938","	Ambient","	1","	B01??(%RH)","	82.2","	2026-07-28 14:41:36"
"	6A0C0938","	Ambient","	1","	B01??(?)","	21.4","	2026-07-28 14:41:36"
"	6A0C0938","	Ambient","	1","	B01??(%RH)","	82","	2026-07-28 14:41:34"
"	6A0C0938","	Ambient","	1","	B01??(?)","	21.5","	2026-07-28 14:41:34"
"	6A0C0938","	Ambient","	1","	B01??(%RH)","	81.7","	2026-07-28 14:41:32"
"	6A0C0938","	Ambient","	1","	B01??(?)","	21.5","	2026-07-28 14:41:32"
"	6A0C0938","	Ambient","	1","	B01??(%RH)","	81.2","	2026-07-28 14:41:30"
"	6A0C0938","	Ambient","	1","	B01??(?)","	21.5","	2026-07-28 14:41:30"
"	6A0C0938","	Ambient","	1","	B01??(%RH)","	80.6","	2026-07-28 14:41:27"
"	6A0C0938","	Ambient","	1","	B01??(?)","	21.4","	2026-07-28 14:41:27"
"	6A0C0938","	Ambient","	1","	B01??(%RH)","	79.9","	2026-07-28 14:41:25"
"	6A0C0938","	Ambient","	1","	B01??(?)","	21.5","	2026-07-28 14:41:25"
"	6A0C0938","	Ambient","	1","	B01??(%RH)","	79.2","	2026-07-28 14:41:23"
"	6A0C0938","	Ambient","	1","	B01??(?)","	21.5","	2026-07-28 14:41:23"
"	6A0C0938","	Ambient","	1","	B01??(%RH)","	78.9","	2026-07-28 14:41:21"
"	6A0C0938","	Ambient","	1","	B01??(?)","	21.5","	2026-07-28 14:41:21"
"	6A0C0938","	Ambient","	1","	B01??(%RH)","	79","	2026-07-28 14:41:19"
"	6A0C0938","	Ambient","	1","	B01??(?)","	21.5","	2026-07-28 14:41:19"
"	6A0C0938","	Ambient","	1","	B01??(%RH)","	79.1","	2026-07-28 14:41:17"
"	6A0C0938","	Ambient","	1","	B01??(?)","	21.4","	2026-07-28 14:41:17"
"	6A0C0938","	Ambient","	1","	B01??(%RH)","	79.3","	2026-07-28 14:41:15"
"	6A0C0938","	Ambient","	1","	B01??(?)","	21.4","	2026-07-28 14:41:15"
"	6A0C0938","	Ambient","	1","	B01??(%RH)","	79.4","	2026-07-28 14:41:13"
"	6A0C0938","	Ambient","	1","	B01??(?)","	21.5","	2026-07-28 14:41:13"
"	6A0C0938","	Ambient","	1","	B01??(%RH)","	79.4","	2026-07-28 14:41:11"
"	6A0C0938","	Ambient","	1","	B01??(?)","	21.4","	2026-07-28 14:41:11"
"	6A0C0938","	Ambient","	1","	B01??(%RH)","	79.4","	2026-07-28 14:41:09"
"	6A0C0938","	Ambient","	1","	B01??(?)","	21.5","	2026-07-28 14:41:09"
"	6A0C0938","	Ambient","	1","	B01??(%RH)","	79.3","	2026-07-28 14:41:07"
"	6A0C0938","	Ambient","	1","	B01??(?)","	21.4","	2026-07-28 14:41:07"
"	6A0C0938","	Ambient","	1","	B01??(%RH)","	79.2","	2026-07-28 14:41:05"
"	6A0C0938","	Ambient","	1","	B01??(?)","	21.5","	2026-07-28 14:41:05"
"	6A0C0938","	Ambient","	1","	B01??(%RH)","	79.2","	2026-07-28 14:41:03"
"	6A0C0938","	Ambient","	1","	B01??(?)","	21.5","	2026-07-28 14:41:03"
"	6A0C0938","	Ambient","	1","	B01??(%RH)","	79.1","	2026-07-28 14:41:01"
"	6A0C0938","	Ambient","	1","	B01??(?)","	21.4","	2026-07-28 14:41:01"
"	6A0C0938","	Ambient","	1","	B01??(%RH)","	79","	2026-07-28 14:40:59"
"	6A0C0938","	Ambient","	1","	B01??(?)","	21.4","	2026-07-28 14:40:59"
"	6A0C0938","	Ambient","	1","	B01??(%RH)","	79","	2026-07-28 14:40:57"
"	6A0C0938","	Ambient","	1","	B01??(?)","	21.5","	2026-07-28 14:40:57"
"	6A0C0938","	Ambient","	1","	B01??(%RH)","	78.8","	2026-07-28 14:40:55"
"	6A0C0938","	Ambient","	1","	B01??(?)","	21.5","	2026-07-28 14:40:55"
"	6A0C0938","	Ambient","	1","	B01??(%RH)","	78.6","	2026-07-28 14:40:53"
"	6A0C0938","	Ambient","	1","	B01??(?)","	21.5","	2026-07-28 14:40:53"
"	6A0C0938","	Ambient","	1","	B01??(%RH)","	78.5","	2026-07-28 14:40:51"
"	6A0C0938","	Ambient","	1","	B01??(?)","	21.5","	2026-07-28 14:40:51"
"	6A0C0938","	Ambient","	1","	B01??(%RH)","	78.3","	2026-07-28 14:40:49"
"	6A0C0938","	Ambient","	1","	B01??(?)","	21.4","	2026-07-28 14:40:49"
"	6A0C0938","	Ambient","	1","	B01??(%RH)","	78.1","	2026-07-28 14:40:47"
"	6A0C0938","	Ambient","	1","	B01??(?)","	21.4","	2026-07-28 14:40:47"
"	6A0C0938","	Ambient","	1","	B01??(%RH)","	78","	2026-07-28 14:40:44"
"	6A0C0938","	Ambient","	1","	B01??(?)","	21.4","	2026-07-28 14:40:44"
"	6A0C0938","	Ambient","	1","	B01??(%RH)","	77.9","	2026-07-28 14:40:42"
"	6A0C0938","	Ambient","	1","	B01??(?)","	21.5","	2026-07-28 14:40:42"
"	6A0C0938","	Ambient","	1","	B01??(%RH)","	77.9","	2026-07-28 14:40:40"
"	6A0C0938","	Ambient","	1","	B01??(?)","	21.4","	2026-07-28 14:40:40"
"	6A0C0938","	Ambient","	1","	B01??(%RH)","	78","	2026-07-28 14:40:38"
"	6A0C0938","	Ambient","	1","	B01??(?)","	21.4","	2026-07-28 14:40:38"
"	6A0C0938","	Ambient","	1","	B01??(%RH)","	78","	2026-07-28 14:40:36"
"	6A0C0938","	Ambient","	1","	B01??(?)","	21.5","	2026-07-28 14:40:36"
"	6A0C0938","	Ambient","	1","	B01??(%RH)","	78","	2026-07-28 14:40:34"
"	6A0C0938","	Ambient","	1","	B01??(?)","	21.4","	2026-07-28 14:40:34"
"	6A0C0938","	Ambient","	1","	B01??(%RH)","	78","	2026-07-28 14:40:32"
"	6A0C0938","	Ambient","	1","	B01??(?)","	21.4","	2026-07-28 14:40:32"
"	6A0C0938","	Ambient","	1","	B01??(%RH)","	78","	2026-07-28 14:40:30"
"	6A0C0938","	Ambient","	1","	B01??(?)","	21.4","	2026-07-28 14:40:30"
"	6A0C0938","	Ambient","	1","	B01??(%RH)","	78","	2026-07-28 14:40:28"
"	6A0C0938","	Ambient","	1","	B01??(?)","	21.5","	2026-07-28 14:40:28"
"	6A0C0938","	Ambient","	1","	B01??(%RH)","	77.9","	2026-07-28 14:40:26"
"	6A0C0938","	Ambient","	1","	B01??(?)","	21.4","	2026-07-28 14:40:26"
"	6A0C0938","	Ambient","	1","	B01??(%RH)","	77.9","	2026-07-28 14:40:24"
"	6A0C0938","	Ambient","	1","	B01??(?)","	21.4","	2026-07-28 14:40:24"
"	6A0C0938","	Ambient","	1","	B01??(%RH)","	77.8","	2026-07-28 14:40:22"
"	6A0C0938","	Ambient","	1","	B01??(?)","	21.4","	2026-07-28 14:40:22"
"	6A0C0938","	Ambient","	1","	B01??(%RH)","	77.9","	2026-07-28 14:40:20"
"	6A0C0938","	Ambient","	1","	B01??(?)","	21.4","	2026-07-28 14:40:20"
"	6A0C0938","	Ambient","	1","	B01??(%RH)","	77.9","	2026-07-28 14:40:18"
"	6A0C0938","	Ambient","	1","	B01??(?)","	21.5","	2026-07-28 14:40:18"
"	6A0C0938","	Ambient","	1","	B01??(%RH)","	77.9","	2026-07-28 14:40:16"
"	6A0C0938","	Ambient","	1","	B01??(?)","	21.4","	2026-07-28 14:40:16"
"	6A0C0938","	Ambient","	1","	B01??(%RH)","	77.8","	2026-07-28 14:40:14"
"	6A0C0938","	Ambient","	1","	B01??(?)","	21.4","	2026-07-28 14:40:14"
"	6A0C0938","	Ambient","	1","	B01??(%RH)","	77.7","	2026-07-28 14:40:12"
"	6A0C0938","	Ambient","	1","	B01??(?)","	21.4","	2026-07-28 14:40:12"
"	6A0C0938","	Ambient","	1","	B01??(%RH)","	77.5","	2026-07-28 14:40:10"
"	6A0C0938","	Ambient","	1","	B01??(?)","	21.4","	2026-07-28 14:40:10"
"	6A0C0938","	Ambient","	1","	B01??(%RH)","	77.4","	2026-07-28 14:40:08"
"	6A0C0938","	Ambient","	1","	B01??(?)","	21.4","	2026-07-28 14:40:08"
"	6A0C0938","	Ambient","	1","	B01??(%RH)","	77.3","	2026-07-28 14:40:06"
"	6A0C0938","	Ambient","	1","	B01??(?)","	21.4","	2026-07-28 14:40:06"
"	6A0C0938","	Ambient","	1","	B01??(%RH)","	77.3","	2026-07-28 14:40:03"
"	6A0C0938","	Ambient","	1","	B01??(?)","	21.4","	2026-07-28 14:40:03"
"	6A0C0938","	Ambient","	1","	B01??(%RH)","	77.3","	2026-07-28 14:40:01"
"	6A0C0938","	Ambient","	1","	B01??(?)","	21.4","	2026-07-28 14:40:01"
"	6A0C0938","	Ambient","	1","	B01??(%RH)","	77.3","	2026-07-28 14:39:59"
"	6A0C0938","	Ambient","	1","	B01??(?)","	21.4","	2026-07-28 14:39:59"
"	6A0C0938","	Ambient","	1","	B01??(%RH)","	77.5","	2026-07-28 14:39:57"
"	6A0C0938","	Ambient","	1","	B01??(?)","	21.4","	2026-07-28 14:39:57"
"	6A0C0938","	Ambient","	1","	B01??(%RH)","	77.6","	2026-07-28 14:39:55"
"	6A0C0938","	Ambient","	1","	B01??(?)","	21.4","	2026-07-28 14:39:55"
"	6A0C0938","	Ambient","	1","	B01??(%RH)","	77.8","	2026-07-28 14:39:53"
"	6A0C0938","	Ambient","	1","	B01??(?)","	21.4","	2026-07-28 14:39:53"
"	6A0C0938","	Ambient","	1","	B01??(%RH)","	77.9","	2026-07-28 14:39:51"
"	6A0C0938","	Ambient","	1","	B01??(?)","	21.4","	2026-07-28 14:39:51"
"	6A0C0938","	Ambient","	1","	B01??(%RH)","	78","	2026-07-28 14:39:49"
"	6A0C0938","	Ambient","	1","	B01??(?)","	21.4","	2026-07-28 14:39:49"
"	6A0C0938","	Ambient","	1","	B01??(%RH)","	78.1","	2026-07-28 14:39:47"
"	6A0C0938","	Ambient","	1","	B01??(?)","	21.4","	2026-07-28 14:39:47"
"	6A0C0938","	Ambient","	1","	B01??(%RH)","	78.1","	2026-07-28 14:39:45"
"	6A0C0938","	Ambient","	1","	B01??(?)","	21.4","	2026-07-28 14:39:45"
"	6A0C0938","	Ambient","	1","	B01??(%RH)","	78.1","	2026-07-28 14:39:43"
"	6A0C0938","	Ambient","	1","	B01??(?)","	21.4","	2026-07-28 14:39:43"
"	6A0C0938","	Ambient","	1","	B01??(%RH)","	78","	2026-07-28 14:39:41"
"	6A0C0938","	Ambient","	1","	B01??(?)","	21.4","	2026-07-28 14:39:41"
"	6A0C0938","	Ambient","	1","	B01??(%RH)","	77.8","	2026-07-28 14:39:39"
"	6A0C0938","	Ambient","	1","	B01??(?)","	21.4","	2026-07-28 14:39:39"
"	6A0C0938","	Ambient","	1","	B01??(%RH)","	77.7","	2026-07-28 14:39:37"
"	6A0C0938","	Ambient","	1","	B01??(?)","	21.4","	2026-07-28 14:39:37"
"	6A0C0938","	Ambient","	1","	B01??(%RH)","	77.6","	2026-07-28 14:39:35"
"	6A0C0938","	Ambient","	1","	B01??(?)","	21.4","	2026-07-28 14:39:35"
"	6A0C0938","	Ambient","	1","	B01??(%RH)","	77.5","	2026-07-28 14:39:33"
"	6A0C0938","	Ambient","	1","	B01??(?)","	21.4","	2026-07-28 14:39:33"
"	6A0C0938","	Ambient","	1","	B01??(%RH)","	77.5","	2026-07-28 14:39:31"
"	6A0C0938","	Ambient","	1","	B01??(?)","	21.4","	2026-07-28 14:39:31"
"	6A0C0938","	Ambient","	1","	B01??(%RH)","	77.6","	2026-07-28 14:39:29"
"	6A0C0938","	Ambient","	1","	B01??(?)","	21.4","	2026-07-28 14:39:29"
"	6A0C0938","	Ambient","	1","	B01??(%RH)","	77.6","	2026-07-28 14:39:27"
"	6A0C0938","	Ambient","	1","	B01??(?)","	21.4","	2026-07-28 14:39:27"
"	6A0C0938","	Ambient","	1","	B01??(%RH)","	77.5","	2026-07-28 14:39:25"
"	6A0C0938","	Ambient","	1","	B01??(?)","	21.4","	2026-07-28 14:39:25"
"	6A0C0938","	Ambient","	1","	B01??(%RH)","	77.5","	2026-07-28 14:39:23"
"	6A0C0938","	Ambient","	1","	B01??(?)","	21.4","	2026-07-28 14:39:23"
"	6A0C0938","	Ambient","	1","	B01??(%RH)","	77.4","	2026-07-28 14:39:20"
"	6A0C0938","	Ambient","	1","	B01??(?)","	21.4","	2026-07-28 14:39:20"
"	6A0C0938","	Ambient","	1","	B01??(%RH)","	77.3","	2026-07-28 14:39:18"
"	6A0C0938","	Ambient","	1","	B01??(?)","	21.4","	2026-07-28 14:39:18"
"	6A0C0938","	Ambient","	1","	B01??(%RH)","	77.2","	2026-07-28 14:39:16"
"	6A0C0938","	Ambient","	1","	B01??(?)","	21.4","	2026-07-28 14:39:16"
"	6A0C0938","	Ambient","	1","	B01??(%RH)","	77.1","	2026-07-28 14:39:14"
"	6A0C0938","	Ambient","	1","	B01??(?)","	21.4","	2026-07-28 14:39:14"
"	6A0C0938","	Ambient","	1","	B01??(%RH)","	77.1","	2026-07-28 14:39:12"
"	6A0C0938","	Ambient","	1","	B01??(?)","	21.4","	2026-07-28 14:39:12"
"	6A0C0938","	Ambient","	1","	B01??(%RH)","	77","	2026-07-28 14:39:10"
"	6A0C0938","	Ambient","	1","	B01??(?)","	21.4","	2026-07-28 14:39:10"
"	6A0C0938","	Ambient","	1","	B01??(%RH)","	77","	2026-07-28 14:39:08"
"	6A0C0938","	Ambient","	1","	B01??(?)","	21.4","	2026-07-28 14:39:08"
"	6A0C0938","	Ambient","	1","	B01??(%RH)","	76.9","	2026-07-28 14:39:06"
"	6A0C0938","	Ambient","	1","	B01??(?)","	21.4","	2026-07-28 14:39:06"
"	6A0C0938","	Ambient","	1","	B01??(%RH)","	76.9","	2026-07-28 14:39:04"
"	6A0C0938","	Ambient","	1","	B01??(?)","	21.4","	2026-07-28 14:39:04"
"	6A0C0938","	Ambient","	1","	B01??(%RH)","	76.8","	2026-07-28 14:39:02"
"	6A0C0938","	Ambient","	1","	B01??(?)","	21.4","	2026-07-28 14:39:02"
"	6A0C0938","	Ambient","	1","	B01??(%RH)","	76.7","	2026-07-28 14:39:00"
"	6A0C0938","	Ambient","	1","	B01??(?)","	21.4","	2026-07-28 14:39:00"
"	6A0C0938","	Ambient","	1","	B01??(%RH)","	76.7","	2026-07-28 14:38:58"
"	6A0C0938","	Ambient","	1","	B01??(?)","	21.4","	2026-07-28 14:38:58"
"	6A0C0938","	Ambient","	1","	B01??(%RH)","	76.6","	2026-07-28 14:38:56"
"	6A0C0938","	Ambient","	1","	B01??(?)","	21.5","	2026-07-28 14:38:56"
"	6A0C0938","	Ambient","	1","	B01??(%RH)","	76.7","	2026-07-28 14:38:54"
"	6A0C0938","	Ambient","	1","	B01??(?)","	21.5","	2026-07-28 14:38:54"
"	6A0C0938","	Ambient","	1","	B01??(%RH)","	76.7","	2026-07-28 14:38:52"
"	6A0C0938","	Ambient","	1","	B01??(?)","	21.4","	2026-07-28 14:38:52"
"	6A0C0938","	Ambient","	1","	B01??(%RH)","	76.8","	2026-07-28 14:38:50"
"	6A0C0938","	Ambient","	1","	B01??(?)","	21.5","	2026-07-28 14:38:50"
"	6A0C0938","	Ambient","	1","	B01??(%RH)","	76.7","	2026-07-28 14:38:48"
"	6A0C0938","	Ambient","	1","	B01??(?)","	21.5","	2026-07-28 14:38:48"
"	6A0C0938","	Ambient","	1","	B01??(%RH)","	76.6","	2026-07-28 14:38:46"
"	6A0C0938","	Ambient","	1","	B01??(?)","	21.4","	2026-07-28 14:38:46"
"	6A0C0938","	Ambient","	1","	B01??(%RH)","	76.6","	2026-07-28 14:38:44"
"	6A0C0938","	Ambient","	1","	B01??(?)","	21.5","	2026-07-28 14:38:44"
"	6A0C0938","	Ambient","	1","	B01??(%RH)","	76.5","	2026-07-28 14:38:42"
"	6A0C0938","	Ambient","	1","	B01??(?)","	21.5","	2026-07-28 14:38:42"
"	6A0C0938","	Ambient","	1","	B01??(%RH)","	76.4","	2026-07-28 14:38:40"
"	6A0C0938","	Ambient","	1","	B01??(?)","	21.5","	2026-07-28 14:38:40"
"	6A0C0938","	Ambient","	1","	B01??(%RH)","	76.6","	2026-07-28 14:38:37"
"	6A0C0938","	Ambient","	1","	B01??(?)","	21.5","	2026-07-28 14:38:37"
"	6A0C0938","	Ambient","	1","	B01??(%RH)","	76.8","	2026-07-28 14:38:35"
"	6A0C0938","	Ambient","	1","	B01??(?)","	21.5","	2026-07-28 14:38:35"
"	6A0C0938","	Ambient","	1","	B01??(%RH)","	77.1","	2026-07-28 14:38:33"
"	6A0C0938","	Ambient","	1","	B01??(?)","	21.5","	2026-07-28 14:38:33"
"	6A0C0938","	Ambient","	1","	B01??(%RH)","	77.3","	2026-07-28 14:38:31"
"	6A0C0938","	Ambient","	1","	B01??(?)","	21.5","	2026-07-28 14:38:31"
"	6A0C0938","	Ambient","	1","	B01??(%RH)","	77.5","	2026-07-28 14:38:29"
"	6A0C0938","	Ambient","	1","	B01??(?)","	21.4","	2026-07-28 14:38:29"
"	6A0C0938","	Ambient","	1","	B01??(%RH)","	77.6","	2026-07-28 14:38:27"
"	6A0C0938","	Ambient","	1","	B01??(?)","	21.5","	2026-07-28 14:38:27"
"	6A0C0938","	Ambient","	1","	B01??(%RH)","	77.6","	2026-07-28 14:38:25"
"	6A0C0938","	Ambient","	1","	B01??(?)","	21.5","	2026-07-28 14:38:25"
"	6A0C0938","	Ambient","	1","	B01??(%RH)","	77.7","	2026-07-28 14:38:23"
"	6A0C0938","	Ambient","	1","	B01??(?)","	21.5","	2026-07-28 14:38:23"
"	6A0C0938","	Ambient","	1","	B01??(%RH)","	77.8","	2026-07-28 14:38:21"
"	6A0C0938","	Ambient","	1","	B01??(?)","	21.5","	2026-07-28 14:38:21"
"	6A0C0938","	Ambient","	1","	B01??(%RH)","	77.9","	2026-07-28 14:38:19"
"	6A0C0938","	Ambient","	1","	B01??(?)","	21.5","	2026-07-28 14:38:19"
"	6A0C0938","	Ambient","	1","	B01??(%RH)","	78","	2026-07-28 14:38:17"
"	6A0C0938","	Ambient","	1","	B01??(?)","	21.5","	2026-07-28 14:38:17"
"	6A0C0938","	Ambient","	1","	B01??(%RH)","	78","	2026-07-28 14:38:15"
"	6A0C0938","	Ambient","	1","	B01??(?)","	21.5","	2026-07-28 14:38:15"
"	6A0C0938","	Ambient","	1","	B01??(%RH)","	77.9","	2026-07-28 14:38:13"
"	6A0C0938","	Ambient","	1","	B01??(?)","	21.5","	2026-07-28 14:38:13"
"	6A0C0938","	Ambient","	1","	B01??(%RH)","	77.9","	2026-07-28 14:38:11"
"	6A0C0938","	Ambient","	1","	B01??(?)","	21.5","	2026-07-28 14:38:11"
"	6A0C0938","	Ambient","	1","	B01??(%RH)","	77.8","	2026-07-28 14:38:09"
"	6A0C0938","	Ambient","	1","	B01??(?)","	21.5","	2026-07-28 14:38:09"
"	6A0C0938","	Ambient","	1","	B01??(%RH)","	77.7","	2026-07-28 14:38:07"
"	6A0C0938","	Ambient","	1","	B01??(?)","	21.5","	2026-07-28 14:38:07"
"	6A0C0938","	Ambient","	1","	B01??(%RH)","	77.7","	2026-07-28 14:38:05"
"	6A0C0938","	Ambient","	1","	B01??(?)","	21.5","	2026-07-28 14:38:05"
"	6A0C0938","	Ambient","	1","	B01??(%RH)","	77.6","	2026-07-28 14:38:03"
"	6A0C0938","	Ambient","	1","	B01??(?)","	21.5","	2026-07-28 14:38:03"
"	6A0C0938","	Ambient","	1","	B01??(%RH)","	77.7","	2026-07-28 14:38:01"
"	6A0C0938","	Ambient","	1","	B01??(?)","	21.5","	2026-07-28 14:38:01"
"	6A0C0938","	Ambient","	1","	B01??(%RH)","	77.6","	2026-07-28 14:37:59"
"	6A0C0938","	Ambient","	1","	B01??(?)","	21.5","	2026-07-28 14:37:59"
"	6A0C0938","	Ambient","	1","	B01??(%RH)","	77.7","	2026-07-28 14:37:57"
"	6A0C0938","	Ambient","	1","	B01??(?)","	21.5","	2026-07-28 14:37:57"
"	6A0C0938","	Ambient","	1","	B01??(%RH)","	77.7","	2026-07-28 14:37:54"
"	6A0C0938","	Ambient","	1","	B01??(?)","	21.5","	2026-07-28 14:37:54"
"	6A0C0938","	Ambient","	1","	B01??(?)","	21.5","	2026-07-28 14:37:52"
"	6A0C0938","	Ambient","	1","	B01??(%RH)","	77.7","	2026-07-28 14:37:52"
"	6A0C0938","	Ambient","	1","	B01??(%RH)","	77.6","	2026-07-28 14:37:50"
"	6A0C0938","	Ambient","	1","	B01??(?)","	21.5","	2026-07-28 14:37:50"
"	6A0C0938","	Ambient","	1","	B01??(%RH)","	77.6","	2026-07-28 14:37:48"
"	6A0C0938","	Ambient","	1","	B01??(?)","	21.5","	2026-07-28 14:37:48"
"	6A0C0938","	Ambient","	1","	B01??(%RH)","	77.5","	2026-07-28 14:37:46"
"	6A0C0938","	Ambient","	1","	B01??(?)","	21.5","	2026-07-28 14:37:46"
"	6A0C0938","	Ambient","	1","	B01??(%RH)","	77.4","	2026-07-28 14:37:44"
"	6A0C0938","	Ambient","	1","	B01??(?)","	21.5","	2026-07-28 14:37:44"
"	6A0C0938","	Ambient","	1","	B01??(%RH)","	77.3","	2026-07-28 14:37:42"
"	6A0C0938","	Ambient","	1","	B01??(?)","	21.5","	2026-07-28 14:37:42"
"	6A0C0938","	Ambient","	1","	B01??(%RH)","	77.3","	2026-07-28 14:37:40"
"	6A0C0938","	Ambient","	1","	B01??(?)","	21.5","	2026-07-28 14:37:40"
"	6A0C0938","	Ambient","	1","	B01??(%RH)","	77.3","	2026-07-28 14:37:38"
"	6A0C0938","	Ambient","	1","	B01??(?)","	21.5","	2026-07-28 14:37:38"
"	6A0C0938","	Ambient","	1","	B01??(%RH)","	77.1","	2026-07-28 14:37:36"
"	6A0C0938","	Ambient","	1","	B01??(?)","	21.5","	2026-07-28 14:37:36"
"	6A0C0938","	Ambient","	1","	B01??(%RH)","	77","	2026-07-28 14:37:34"
"	6A0C0938","	Ambient","	1","	B01??(?)","	21.5","	2026-07-28 14:37:34"
"	6A0C0938","	Ambient","	1","	B01??(%RH)","	77","	2026-07-28 14:37:32"
"	6A0C0938","	Ambient","	1","	B01??(?)","	21.5","	2026-07-28 14:37:32"
"	6A0C0938","	Ambient","	1","	B01??(%RH)","	76.9","	2026-07-28 14:37:30"
"	6A0C0938","	Ambient","	1","	B01??(?)","	21.5","	2026-07-28 14:37:30"
"	6A0C0938","	Ambient","	1","	B01??(%RH)","	76.9","	2026-07-28 14:37:28"
"	6A0C0938","	Ambient","	1","	B01??(?)","	21.5","	2026-07-28 14:37:28"
"	6A0C0938","	Ambient","	1","	B01??(%RH)","	76.9","	2026-07-28 14:37:26"
"	6A0C0938","	Ambient","	1","	B01??(?)","	21.5","	2026-07-28 14:37:26"
"	6A0C0938","	Ambient","	1","	B01??(%RH)","	76.9","	2026-07-28 14:37:24"
"	6A0C0938","	Ambient","	1","	B01??(?)","	21.5","	2026-07-28 14:37:24"
"	6A0C0938","	Ambient","	1","	B01??(%RH)","	76.9","	2026-07-28 14:37:22"
"	6A0C0938","	Ambient","	1","	B01??(?)","	21.5","	2026-07-28 14:37:22"
"	6A0C0938","	Ambient","	1","	B01??(%RH)","	76.9","	2026-07-28 14:37:20"
"	6A0C0938","	Ambient","	1","	B01??(?)","	21.5","	2026-07-28 14:37:20"
"	6A0C0938","	Ambient","	1","	B01??(%RH)","	76.8","	2026-07-28 14:37:18"
"	6A0C0938","	Ambient","	1","	B01??(?)","	21.5","	2026-07-28 14:37:18"
"	6A0C0938","	Ambient","	1","	B01??(%RH)","	76.9","	2026-07-28 14:37:16"
"	6A0C0938","	Ambient","	1","	B01??(?)","	21.5","	2026-07-28 14:37:16"
"	6A0C0938","	Ambient","	1","	B01??(%RH)","	76.9","	2026-07-28 14:37:14"
"	6A0C0938","	Ambient","	1","	B01??(?)","	21.5","	2026-07-28 14:37:14"
"	6A0C0938","	Ambient","	1","	B01??(%RH)","	77.1","	2026-07-28 14:37:11"
"	6A0C0938","	Ambient","	1","	B01??(?)","	21.5","	2026-07-28 14:37:11"
"	6A0C0938","	Ambient","	1","	B01??(%RH)","	77.2","	2026-07-28 14:37:09"
"	6A0C0938","	Ambient","	1","	B01??(?)","	21.5","	2026-07-28 14:37:09"
"	6A0C0938","	Ambient","	1","	B01??(%RH)","	77.3","	2026-07-28 14:37:07"
"	6A0C0938","	Ambient","	1","	B01??(?)","	21.5","	2026-07-28 14:37:07"
"	6A0C0938","	Ambient","	1","	B01??(%RH)","	77.4","	2026-07-28 14:37:05"
"	6A0C0938","	Ambient","	1","	B01??(?)","	21.5","	2026-07-28 14:37:05"
"	6A0C0938","	Ambient","	1","	B01??(%RH)","	77.5","	2026-07-28 14:37:03"
"	6A0C0938","	Ambient","	1","	B01??(?)","	21.5","	2026-07-28 14:37:03"
"	6A0C0938","	Ambient","	1","	B01??(%RH)","	77.5","	2026-07-28 14:37:01"
"	6A0C0938","	Ambient","	1","	B01??(?)","	21.5","	2026-07-28 14:37:01"
"	6A0C0938","	Ambient","	1","	B01??(%RH)","	77.5","	2026-07-28 14:36:59"
"	6A0C0938","	Ambient","	1","	B01??(?)","	21.5","	2026-07-28 14:36:59"
"	6A0C0938","	Ambient","	1","	B01??(%RH)","	77.5","	2026-07-28 14:36:57"
"	6A0C0938","	Ambient","	1","	B01??(?)","	21.5","	2026-07-28 14:36:57"
"	6A0C0938","	Ambient","	1","	B01??(%RH)","	77.5","	2026-07-28 14:36:55"
"	6A0C0938","	Ambient","	1","	B01??(?)","	21.6","	2026-07-28 14:36:55"
"	6A0C0938","	Ambient","	1","	B01??(%RH)","	77.4","	2026-07-28 14:36:53"
"	6A0C0938","	Ambient","	1","	B01??(?)","	21.5","	2026-07-28 14:36:53"
"	6A0C0938","	Ambient","	1","	B01??(%RH)","	77.3","	2026-07-28 14:36:51"
"	6A0C0938","	Ambient","	1","	B01??(?)","	21.5","	2026-07-28 14:36:51"
"	6A0C0938","	Ambient","	1","	B01??(%RH)","	77.2","	2026-07-28 14:36:49"
"	6A0C0938","	Ambient","	1","	B01??(?)","	21.5","	2026-07-28 14:36:49"
"	6A0C0938","	Ambient","	1","	B01??(%RH)","	77.2","	2026-07-28 14:36:47"
"	6A0C0938","	Ambient","	1","	B01??(?)","	21.5","	2026-07-28 14:36:47"
"	6A0C0938","	Ambient","	1","	B01??(%RH)","	77.2","	2026-07-28 14:36:45"
"	6A0C0938","	Ambient","	1","	B01??(?)","	21.5","	2026-07-28 14:36:45"
"	6A0C0938","	Ambient","	1","	B01??(%RH)","	77.3","	2026-07-28 14:36:43"
"	6A0C0938","	Ambient","	1","	B01??(?)","	21.5","	2026-07-28 14:36:43"
"	6A0C0938","	Ambient","	1","	B01??(%RH)","	77.3","	2026-07-28 14:36:41"
"	6A0C0938","	Ambient","	1","	B01??(?)","	21.5","	2026-07-28 14:36:41"
"	6A0C0938","	Ambient","	1","	B01??(%RH)","	77.3","	2026-07-28 14:36:39"
"	6A0C0938","	Ambient","	1","	B01??(?)","	21.5","	2026-07-28 14:36:39"
"	6A0C0938","	Ambient","	1","	B01??(%RH)","	77.3","	2026-07-28 14:36:37"
"	6A0C0938","	Ambient","	1","	B01??(?)","	21.5","	2026-07-28 14:36:37"
"	6A0C0938","	Ambient","	1","	B01??(%RH)","	77.3","	2026-07-28 14:36:35"
"	6A0C0938","	Ambient","	1","	B01??(?)","	21.6","	2026-07-28 14:36:35"
"	6A0C0938","	Ambient","	1","	B01??(%RH)","	77.3","	2026-07-28 14:36:33"
"	6A0C0938","	Ambient","	1","	B01??(?)","	21.5","	2026-07-28 14:36:33"
"	6A0C0938","	Ambient","	1","	B01??(%RH)","	77.4","	2026-07-28 14:36:30"
"	6A0C0938","	Ambient","	1","	B01??(?)","	21.5","	2026-07-28 14:36:30"
"	6A0C0938","	Ambient","	1","	B01??(%RH)","	77.4","	2026-07-28 14:36:28"
"	6A0C0938","	Ambient","	1","	B01??(?)","	21.5","	2026-07-28 14:36:28"
"	6A0C0938","	Ambient","	1","	B01??(%RH)","	77.4","	2026-07-28 14:36:26"
"	6A0C0938","	Ambient","	1","	B01??(?)","	21.5","	2026-07-28 14:36:26"
"	6A0C0938","	Ambient","	1","	B01??(%RH)","	77.4","	2026-07-28 14:36:24"
"	6A0C0938","	Ambient","	1","	B01??(?)","	21.5","	2026-07-28 14:36:24"
"	6A0C0938","	Ambient","	1","	B01??(%RH)","	77.4","	2026-07-28 14:36:22"
"	6A0C0938","	Ambient","	1","	B01??(?)","	21.5","	2026-07-28 14:36:22"
"	6A0C0938","	Ambient","	1","	B01??(%RH)","	77.4","	2026-07-28 14:36:20"
"	6A0C0938","	Ambient","	1","	B01??(?)","	21.5","	2026-07-28 14:36:20"
"	6A0C0938","	Ambient","	1","	B01??(%RH)","	77.3","	2026-07-28 14:36:18"
"	6A0C0938","	Ambient","	1","	B01??(?)","	21.6","	2026-07-28 14:36:18"
"	6A0C0938","	Ambient","	1","	B01??(%RH)","	77.2","	2026-07-28 14:36:16"
"	6A0C0938","	Ambient","	1","	B01??(?)","	21.5","	2026-07-28 14:36:16"
"	6A0C0938","	Ambient","	1","	B01??(%RH)","	77","	2026-07-28 14:36:14"
"	6A0C0938","	Ambient","	1","	B01??(?)","	21.5","	2026-07-28 14:36:14"
"	6A0C0938","	Ambient","	1","	B01??(%RH)","	76.8","	2026-07-28 14:36:12"
"	6A0C0938","	Ambient","	1","	B01??(?)","	21.6","	2026-07-28 14:36:12"
"	6A0C0938","	Ambient","	1","	B01??(%RH)","	76.7","	2026-07-28 14:36:10"
"	6A0C0938","	Ambient","	1","	B01??(?)","	21.5","	2026-07-28 14:36:10"
"	6A0C0938","	Ambient","	1","	B01??(%RH)","	76.6","	2026-07-28 14:36:08"
"	6A0C0938","	Ambient","	1","	B01??(?)","	21.5","	2026-07-28 14:36:08"
"	6A0C0938","	Ambient","	1","	B01??(%RH)","	76.6","	2026-07-28 14:36:06"
"	6A0C0938","	Ambient","	1","	B01??(?)","	21.5","	2026-07-28 14:36:06"
"	6A0C0938","	Ambient","	1","	B01??(%RH)","	76.7","	2026-07-28 14:36:04"
"	6A0C0938","	Ambient","	1","	B01??(?)","	21.5","	2026-07-28 14:36:04"
"	6A0C0938","	Ambient","	1","	B01??(%RH)","	76.8","	2026-07-28 14:36:02"
"	6A0C0938","	Ambient","	1","	B01??(?)","	21.5","	2026-07-28 14:36:02"
"	6A0C0938","	Ambient","	1","	B01??(%RH)","	76.9","	2026-07-28 14:36:00"
"	6A0C0938","	Ambient","	1","	B01??(?)","	21.5","	2026-07-28 14:36:00"
"	6A0C0938","	Ambient","	1","	B01??(%RH)","	77","	2026-07-28 14:35:58"
"	6A0C0938","	Ambient","	1","	B01??(?)","	21.5","	2026-07-28 14:35:58"
"	6A0C0938","	Ambient","	1","	B01??(%RH)","	77","	2026-07-28 14:35:56"
"	6A0C0938","	Ambient","	1","	B01??(?)","	21.5","	2026-07-28 14:35:56"
"	6A0C0938","	Ambient","	1","	B01??(%RH)","	77.1","	2026-07-28 14:35:54"
"	6A0C0938","	Ambient","	1","	B01??(?)","	21.5","	2026-07-28 14:35:54"
"	6A0C0938","	Ambient","	1","	B01??(%RH)","	77.2","	2026-07-28 14:35:52"
"	6A0C0938","	Ambient","	1","	B01??(?)","	21.6","	2026-07-28 14:35:52"
"	6A0C0938","	Ambient","	1","	B01??(%RH)","	77.2","	2026-07-28 14:35:50"
"	6A0C0938","	Ambient","	1","	B01??(?)","	21.5","	2026-07-28 14:35:50"
"	6A0C0938","	Ambient","	1","	B01??(%RH)","	77.3","	2026-07-28 14:35:47"
"	6A0C0938","	Ambient","	1","	B01??(?)","	21.6","	2026-07-28 14:35:47"
"	6A0C0938","	Ambient","	1","	B01??(%RH)","	77.3","	2026-07-28 14:35:45"
"	6A0C0938","	Ambient","	1","	B01??(?)","	21.5","	2026-07-28 14:35:45"
"	6A0C0938","	Ambient","	1","	B01??(%RH)","	77.4","	2026-07-28 14:35:43"
"	6A0C0938","	Ambient","	1","	B01??(?)","	21.5","	2026-07-28 14:35:43"
"	6A0C0938","	Ambient","	1","	B01??(%RH)","	77.4","	2026-07-28 14:35:41"
"	6A0C0938","	Ambient","	1","	B01??(?)","	21.5","	2026-07-28 14:35:41"
"	6A0C0938","	Ambient","	1","	B01??(%RH)","	77.5","	2026-07-28 14:35:39"
"	6A0C0938","	Ambient","	1","	B01??(?)","	21.5","	2026-07-28 14:35:39"
"	6A0C0938","	Ambient","	1","	B01??(%RH)","	77.5","	2026-07-28 14:35:37"
"	6A0C0938","	Ambient","	1","	B01??(?)","	21.6","	2026-07-28 14:35:37"
"	6A0C0938","	Ambient","	1","	B01??(%RH)","	77.5","	2026-07-28 14:35:35"
"	6A0C0938","	Ambient","	1","	B01??(?)","	21.6","	2026-07-28 14:35:35"
"	6A0C0938","	Ambient","	1","	B01??(%RH)","	77.6","	2026-07-28 14:35:33"
"	6A0C0938","	Ambient","	1","	B01??(?)","	21.6","	2026-07-28 14:35:33"
"	6A0C0938","	Ambient","	1","	B01??(%RH)","	77.6","	2026-07-28 14:35:31"
"	6A0C0938","	Ambient","	1","	B01??(?)","	21.6","	2026-07-28 14:35:31"
"	6A0C0938","	Ambient","	1","	B01??(%RH)","	77.6","	2026-07-28 14:35:29"
"	6A0C0938","	Ambient","	1","	B01??(?)","	21.6","	2026-07-28 14:35:29"
"	6A0C0938","	Ambient","	1","	B01??(%RH)","	77.6","	2026-07-28 14:35:27"
"	6A0C0938","	Ambient","	1","	B01??(?)","	21.6","	2026-07-28 14:35:27"
"	6A0C0938","	Ambient","	1","	B01??(%RH)","	77.5","	2026-07-28 14:35:25"
"	6A0C0938","	Ambient","	1","	B01??(?)","	21.6","	2026-07-28 14:35:25"
"	6A0C0938","	Ambient","	1","	B01??(%RH)","	77.3","	2026-07-28 14:35:23"
"	6A0C0938","	Ambient","	1","	B01??(?)","	21.6","	2026-07-28 14:35:23"
"	6A0C0938","	Ambient","	1","	B01??(%RH)","	77.1","	2026-07-28 14:35:21"
"	6A0C0938","	Ambient","	1","	B01??(?)","	21.6","	2026-07-28 14:35:21"
"	6A0C0938","	Ambient","	1","	B01??(%RH)","	76.9","	2026-07-28 14:35:19"
"	6A0C0938","	Ambient","	1","	B01??(?)","	21.6","	2026-07-28 14:35:19"
"	6A0C0938","	Ambient","	1","	B01??(%RH)","	76.7","	2026-07-28 14:35:17"
"	6A0C0938","	Ambient","	1","	B01??(?)","	21.6","	2026-07-28 14:35:17"
"	6A0C0938","	Ambient","	1","	B01??(%RH)","	76.5","	2026-07-28 14:35:15"
"	6A0C0938","	Ambient","	1","	B01??(?)","	21.6","	2026-07-28 14:35:15"
"	6A0C0938","	Ambient","	1","	B01??(%RH)","	76.5","	2026-07-28 14:35:13"
"	6A0C0938","	Ambient","	1","	B01??(?)","	21.6","	2026-07-28 14:35:13"
"	6A0C0938","	Ambient","	1","	B01??(%RH)","	76.6","	2026-07-28 14:35:11"
"	6A0C0938","	Ambient","	1","	B01??(?)","	21.6","	2026-07-28 14:35:11"
"	6A0C0938","	Ambient","	1","	B01??(%RH)","	76.8","	2026-07-28 14:35:09"
"	6A0C0938","	Ambient","	1","	B01??(?)","	21.6","	2026-07-28 14:35:09"
"	6A0C0938","	Ambient","	1","	B01??(%RH)","	76.9","	2026-07-28 14:35:06"
"	6A0C0938","	Ambient","	1","	B01??(?)","	21.6","	2026-07-28 14:35:06"
"	6A0C0938","	Ambient","	1","	B01??(%RH)","	76.9","	2026-07-28 14:35:04"
"	6A0C0938","	Ambient","	1","	B01??(?)","	21.6","	2026-07-28 14:35:04"
"	6A0C0938","	Ambient","	1","	B01??(%RH)","	76.9","	2026-07-28 14:35:02"
"	6A0C0938","	Ambient","	1","	B01??(?)","	21.6","	2026-07-28 14:35:02"
"	6A0C0938","	Ambient","	1","	B01??(%RH)","	76.9","	2026-07-28 14:35:00"
"	6A0C0938","	Ambient","	1","	B01??(?)","	21.6","	2026-07-28 14:35:00"
"	6A0C0938","	Ambient","	1","	B01??(%RH)","	77","	2026-07-28 14:34:58"
"	6A0C0938","	Ambient","	1","	B01??(?)","	21.6","	2026-07-28 14:34:58"
"	6A0C0938","	Ambient","	1","	B01??(%RH)","	77","	2026-07-28 14:34:56"
"	6A0C0938","	Ambient","	1","	B01??(?)","	21.6","	2026-07-28 14:34:56"
"	6A0C0938","	Ambient","	1","	B01??(%RH)","	77.1","	2026-07-28 14:34:54"
"	6A0C0938","	Ambient","	1","	B01??(?)","	21.6","	2026-07-28 14:34:54"
"	6A0C0938","	Ambient","	1","	B01??(%RH)","	77.1","	2026-07-28 14:34:52"
"	6A0C0938","	Ambient","	1","	B01??(?)","	21.6","	2026-07-28 14:34:52"
"	6A0C0938","	Ambient","	1","	B01??(%RH)","	77","	2026-07-28 14:34:50"
"	6A0C0938","	Ambient","	1","	B01??(?)","	21.6","	2026-07-28 14:34:50"
"	6A0C0938","	Ambient","	1","	B01??(%RH)","	76.9","	2026-07-28 14:34:48"
"	6A0C0938","	Ambient","	1","	B01??(?)","	21.6","	2026-07-28 14:34:48"
"	6A0C0938","	Ambient","	1","	B01??(%RH)","	76.8","	2026-07-28 14:34:46"
"	6A0C0938","	Ambient","	1","	B01??(?)","	21.6","	2026-07-28 14:34:46"
"	6A0C0938","	Ambient","	1","	B01??(%RH)","	76.6","	2026-07-28 14:34:44"
"	6A0C0938","	Ambient","	1","	B01??(?)","	21.6","	2026-07-28 14:34:44"
"	6A0C0938","	Ambient","	1","	B01??(%RH)","	76.5","	2026-07-28 14:34:42"
"	6A0C0938","	Ambient","	1","	B01??(?)","	21.6","	2026-07-28 14:34:42"
"	6A0C0938","	Ambient","	1","	B01??(%RH)","	76.5","	2026-07-28 14:34:40"
"	6A0C0938","	Ambient","	1","	B01??(?)","	21.6","	2026-07-28 14:34:40"
"	6A0C0938","	Ambient","	1","	B01??(%RH)","	76.5","	2026-07-28 14:34:38"
"	6A0C0938","	Ambient","	1","	B01??(?)","	21.6","	2026-07-28 14:34:38"
"	6A0C0938","	Ambient","	1","	B01??(%RH)","	76.5","	2026-07-28 14:34:36"
"	6A0C0938","	Ambient","	1","	B01??(?)","	21.6","	2026-07-28 14:34:36"
"	6A0C0938","	Ambient","	1","	B01??(%RH)","	76.5","	2026-07-28 14:34:34"
"	6A0C0938","	Ambient","	1","	B01??(?)","	21.6","	2026-07-28 14:34:34"
"	6A0C0938","	Ambient","	1","	B01??(%RH)","	76.6","	2026-07-28 14:34:32"
"	6A0C0938","	Ambient","	1","	B01??(?)","	21.6","	2026-07-28 14:34:32"
"	6A0C0938","	Ambient","	1","	B01??(%RH)","	76.7","	2026-07-28 14:34:30"
"	6A0C0938","	Ambient","	1","	B01??(?)","	21.6","	2026-07-28 14:34:30"
"	6A0C0938","	Ambient","	1","	B01??(%RH)","	76.8","	2026-07-28 14:34:28"
"	6A0C0938","	Ambient","	1","	B01??(?)","	21.6","	2026-07-28 14:34:28"
"	6A0C0938","	Ambient","	1","	B01??(%RH)","	76.8","	2026-07-28 14:34:26"
"	6A0C0938","	Ambient","	1","	B01??(?)","	21.6","	2026-07-28 14:34:26"
"	6A0C0938","	Ambient","	1","	B01??(%RH)","	76.8","	2026-07-28 14:34:24"
"	6A0C0938","	Ambient","	1","	B01??(?)","	21.6","	2026-07-28 14:34:24"
"	6A0C0938","	Ambient","	1","	B01??(%RH)","	76.8","	2026-07-28 14:34:21"
"	6A0C0938","	Ambient","	1","	B01??(?)","	21.6","	2026-07-28 14:34:21"
"	6A0C0938","	Ambient","	1","	B01??(%RH)","	76.8","	2026-07-28 14:34:19"
"	6A0C0938","	Ambient","	1","	B01??(?)","	21.6","	2026-07-28 14:34:19"
"	6A0C0938","	Ambient","	1","	B01??(%RH)","	76.8","	2026-07-28 14:34:17"
"	6A0C0938","	Ambient","	1","	B01??(?)","	21.7","	2026-07-28 14:34:17"
"	6A0C0938","	Ambient","	1","	B01??(%RH)","	76.8","	2026-07-28 14:34:15"
"	6A0C0938","	Ambient","	1","	B01??(?)","	21.6","	2026-07-28 14:34:15"
"	6A0C0938","	Ambient","	1","	B01??(%RH)","	76.8","	2026-07-28 14:34:13"
"	6A0C0938","	Ambient","	1","	B01??(?)","	21.7","	2026-07-28 14:34:13"
"	6A0C0938","	Ambient","	1","	B01??(%RH)","	76.8","	2026-07-28 14:34:11"
"	6A0C0938","	Ambient","	1","	B01??(?)","	21.7","	2026-07-28 14:34:11"
"	6A0C0938","	Ambient","	1","	B01??(%RH)","	76.8","	2026-07-28 14:34:09"
"	6A0C0938","	Ambient","	1","	B01??(?)","	21.6","	2026-07-28 14:34:09"
"	6A0C0938","	Ambient","	1","	B01??(%RH)","	76.7","	2026-07-28 14:34:07"
"	6A0C0938","	Ambient","	1","	B01??(?)","	21.6","	2026-07-28 14:34:07"
"	6A0C0938","	Ambient","	1","	B01??(%RH)","	76.7","	2026-07-28 14:34:05"
"	6A0C0938","	Ambient","	1","	B01??(?)","	21.7","	2026-07-28 14:34:05"
"	6A0C0938","	Ambient","	1","	B01??(%RH)","	76.7","	2026-07-28 14:34:03"
"	6A0C0938","	Ambient","	1","	B01??(?)","	21.7","	2026-07-28 14:34:03"
"	6A0C0938","	Ambient","	1","	B01??(%RH)","	76.8","	2026-07-28 14:34:01"
"	6A0C0938","	Ambient","	1","	B01??(?)","	21.6","	2026-07-28 14:34:01"
"	6A0C0938","	Ambient","	1","	B01??(%RH)","	76.8","	2026-07-28 14:33:59"
"	6A0C0938","	Ambient","	1","	B01??(?)","	21.7","	2026-07-28 14:33:59"
"	6A0C0938","	Ambient","	1","	B01??(%RH)","	76.8","	2026-07-28 14:33:57"
"	6A0C0938","	Ambient","	1","	B01??(?)","	21.7","	2026-07-28 14:33:57"
"	6A0C0938","	Ambient","	1","	B01??(%RH)","	76.8","	2026-07-28 14:33:55"
"	6A0C0938","	Ambient","	1","	B01??(?)","	21.7","	2026-07-28 14:33:55"
"	6A0C0938","	Ambient","	1","	B01??(%RH)","	76.7","	2026-07-28 14:33:53"
"	6A0C0938","	Ambient","	1","	B01??(?)","	21.7","	2026-07-28 14:33:53"
"	6A0C0938","	Ambient","	1","	B01??(%RH)","	76.7","	2026-07-28 14:33:51"
"	6A0C0938","	Ambient","	1","	B01??(?)","	21.7","	2026-07-28 14:33:51"
"	6A0C0938","	Ambient","	1","	B01??(%RH)","	76.5","	2026-07-28 14:33:49"
"	6A0C0938","	Ambient","	1","	B01??(?)","	21.7","	2026-07-28 14:33:49"
"	6A0C0938","	Ambient","	1","	B01??(%RH)","	76.4","	2026-07-28 14:33:47"
"	6A0C0938","	Ambient","	1","	B01??(?)","	21.7","	2026-07-28 14:33:47"
"	6A0C0938","	Ambient","	1","	B01??(%RH)","	76.3","	2026-07-28 14:33:45"
"	6A0C0938","	Ambient","	1","	B01??(?)","	21.7","	2026-07-28 14:33:45"
"	6A0C0938","	Ambient","	1","	B01??(%RH)","	76.2","	2026-07-28 14:33:43"
"	6A0C0938","	Ambient","	1","	B01??(?)","	21.7","	2026-07-28 14:33:43"
"	6A0C0938","	Ambient","	1","	B01??(%RH)","	76.1","	2026-07-28 14:33:41"
"	6A0C0938","	Ambient","	1","	B01??(?)","	21.7","	2026-07-28 14:33:40"
"	6A0C0938","	Ambient","	1","	B01??(%RH)","	76","	2026-07-28 14:33:38"
"	6A0C0938","	Ambient","	1","	B01??(?)","	21.7","	2026-07-28 14:33:38"
"	6A0C0938","	Ambient","	1","	B01??(%RH)","	75.9","	2026-07-28 14:33:36"
"	6A0C0938","	Ambient","	1","	B01??(?)","	21.7","	2026-07-28 14:33:36"
"	6A0C0938","	Ambient","	1","	B01??(%RH)","	75.8","	2026-07-28 14:33:34"
"	6A0C0938","	Ambient","	1","	B01??(?)","	21.7","	2026-07-28 14:33:34"
"	6A0C0938","	Ambient","	1","	B01??(%RH)","	75.7","	2026-07-28 14:33:32"
"	6A0C0938","	Ambient","	1","	B01??(?)","	21.7","	2026-07-28 14:33:32"
"	6A0C0938","	Ambient","	1","	B01??(%RH)","	75.6","	2026-07-28 14:33:30"
"	6A0C0938","	Ambient","	1","	B01??(?)","	21.7","	2026-07-28 14:33:30"
"	6A0C0938","	Ambient","	1","	B01??(%RH)","	75.5","	2026-07-28 14:33:28"
"	6A0C0938","	Ambient","	1","	B01??(?)","	21.7","	2026-07-28 14:33:28"
"	6A0C0938","	Ambient","	1","	B01??(%RH)","	75.5","	2026-07-28 14:33:26"
"	6A0C0938","	Ambient","	1","	B01??(?)","	21.7","	2026-07-28 14:33:26"
"	6A0C0938","	Ambient","	1","	B01??(%RH)","	75.4","	2026-07-28 14:33:24"
"	6A0C0938","	Ambient","	1","	B01??(?)","	21.7","	2026-07-28 14:33:24"
"	6A0C0938","	Ambient","	1","	B01??(%RH)","	75.5","	2026-07-28 14:33:22"
"	6A0C0938","	Ambient","	1","	B01??(?)","	21.7","	2026-07-28 14:33:22"
"	6A0C0938","	Ambient","	1","	B01??(%RH)","	75.5","	2026-07-28 14:33:20"
"	6A0C0938","	Ambient","	1","	B01??(?)","	21.7","	2026-07-28 14:33:20"
"	6A0C0938","	Ambient","	1","	B01??(%RH)","	75.5","	2026-07-28 14:33:18"
"	6A0C0938","	Ambient","	1","	B01??(?)","	21.7","	2026-07-28 14:33:18"
"	6A0C0938","	Ambient","	1","	B01??(%RH)","	75.5","	2026-07-28 14:33:16"
"	6A0C0938","	Ambient","	1","	B01??(?)","	21.7","	2026-07-28 14:33:16"
"	6A0C0938","	Ambient","	1","	B01??(%RH)","	75.5","	2026-07-28 14:33:14"
"	6A0C0938","	Ambient","	1","	B01??(?)","	21.7","	2026-07-28 14:33:14"
"	6A0C0938","	Ambient","	1","	B01??(%RH)","	75.5","	2026-07-28 14:33:12"
"	6A0C0938","	Ambient","	1","	B01??(?)","	21.7","	2026-07-28 14:33:12"
"	6A0C0938","	Ambient","	1","	B01??(%RH)","	75.4","	2026-07-28 14:33:10"
"	6A0C0938","	Ambient","	1","	B01??(?)","	21.7","	2026-07-28 14:33:10"
"	6A0C0938","	Ambient","	1","	B01??(%RH)","	75.5","	2026-07-28 14:33:08"
"	6A0C0938","	Ambient","	1","	B01??(?)","	21.8","	2026-07-28 14:33:08"
"	6A0C0938","	Ambient","	1","	B01??(%RH)","	75.6","	2026-07-28 14:33:06"
"	6A0C0938","	Ambient","	1","	B01??(?)","	21.8","	2026-07-28 14:33:06"
"	6A0C0938","	Ambient","	1","	B01??(%RH)","	75.7","	2026-07-28 14:33:04"
"	6A0C0938","	Ambient","	1","	B01??(?)","	21.7","	2026-07-28 14:33:04"
"	6A0C0938","	Ambient","	1","	B01??(%RH)","	75.8","	2026-07-28 14:33:02"
"	6A0C0938","	Ambient","	1","	B01??(?)","	21.8","	2026-07-28 14:33:02"
"	6A0C0938","	Ambient","	1","	B01??(%RH)","	75.8","	2026-07-28 14:33:00"
"	6A0C0938","	Ambient","	1","	B01??(?)","	21.7","	2026-07-28 14:33:00"
"	6A0C0938","	Ambient","	1","	B01??(%RH)","	75.8","	2026-07-28 14:32:57"
"	6A0C0938","	Ambient","	1","	B01??(?)","	21.7","	2026-07-28 14:32:57"
"	6A0C0938","	Ambient","	1","	B01??(%RH)","	75.8","	2026-07-28 14:32:55"
"	6A0C0938","	Ambient","	1","	B01??(?)","	21.7","	2026-07-28 14:32:55"
"	6A0C0938","	Ambient","	1","	B01??(%RH)","	75.7","	2026-07-28 14:32:53"
"	6A0C0938","	Ambient","	1","	B01??(?)","	21.8","	2026-07-28 14:32:53"
"	6A0C0938","	Ambient","	1","	B01??(%RH)","	75.7","	2026-07-28 14:32:51"
"	6A0C0938","	Ambient","	1","	B01??(?)","	21.8","	2026-07-28 14:32:51"
"	6A0C0938","	Ambient","	1","	B01??(?)","	21.7","	2026-07-28 14:32:49"
"	6A0C0938","	Ambient","	1","	B01??(%RH)","	75.6","	2026-07-28 14:32:49"
"	6A0C0938","	Ambient","	1","	B01??(%RH)","	75.5","	2026-07-28 14:32:47"
"	6A0C0938","	Ambient","	1","	B01??(?)","	21.8","	2026-07-28 14:32:47"
"	6A0C0938","	Ambient","	1","	B01??(%RH)","	75.4","	2026-07-28 14:32:45"
"	6A0C0938","	Ambient","	1","	B01??(?)","	21.8","	2026-07-28 14:32:45"
"	6A0C0938","	Ambient","	1","	B01??(%RH)","	75.2","	2026-07-28 14:32:43"
"	6A0C0938","	Ambient","	1","	B01??(?)","	21.8","	2026-07-28 14:32:43"
"	6A0C0938","	Ambient","	1","	B01??(%RH)","	75.1","	2026-07-28 14:32:41"
"	6A0C0938","	Ambient","	1","	B01??(?)","	21.7","	2026-07-28 14:32:41"
"	6A0C0938","	Ambient","	1","	B01??(%RH)","	75","	2026-07-28 14:32:39"
"	6A0C0938","	Ambient","	1","	B01??(?)","	21.8","	2026-07-28 14:32:39"
"	6A0C0938","	Ambient","	1","	B01??(%RH)","	75","	2026-07-28 14:32:37"
"	6A0C0938","	Ambient","	1","	B01??(?)","	21.8","	2026-07-28 14:32:37"
"	6A0C0938","	Ambient","	1","	B01??(%RH)","	75","	2026-07-28 14:32:35"
"	6A0C0938","	Ambient","	1","	B01??(?)","	21.8","	2026-07-28 14:32:35"
"	6A0C0938","	Ambient","	1","	B01??(%RH)","	75","	2026-07-28 14:32:33"
"	6A0C0938","	Ambient","	1","	B01??(?)","	21.8","	2026-07-28 14:32:33"
"	6A0C0938","	Ambient","	1","	B01??(%RH)","	75.2","	2026-07-28 14:32:31"
"	6A0C0938","	Ambient","	1","	B01??(?)","	21.8","	2026-07-28 14:32:31"
"	6A0C0938","	Ambient","	1","	B01??(%RH)","	75.3","	2026-07-28 14:32:29"
"	6A0C0938","	Ambient","	1","	B01??(?)","	21.8","	2026-07-28 14:32:29"
"	6A0C0938","	Ambient","	1","	B01??(%RH)","	75.5","	2026-07-28 14:32:27"
"	6A0C0938","	Ambient","	1","	B01??(?)","	21.8","	2026-07-28 14:32:27"
"	6A0C0938","	Ambient","	1","	B01??(%RH)","	75.6","	2026-07-28 14:32:25"
"	6A0C0938","	Ambient","	1","	B01??(?)","	21.8","	2026-07-28 14:32:25"
"	6A0C0938","	Ambient","	1","	B01??(%RH)","	75.6","	2026-07-28 14:32:23"
"	6A0C0938","	Ambient","	1","	B01??(?)","	21.8","	2026-07-28 14:32:23"
"	6A0C0938","	Ambient","	1","	B01??(%RH)","	75.5","	2026-07-28 14:32:21"
"	6A0C0938","	Ambient","	1","	B01??(?)","	21.8","	2026-07-28 14:32:21"
"	6A0C0938","	Ambient","	1","	B01??(%RH)","	75.4","	2026-07-28 14:32:19"
"	6A0C0938","	Ambient","	1","	B01??(?)","	21.8","	2026-07-28 14:32:19"
"	6A0C0938","	Ambient","	1","	B01??(%RH)","	75.3","	2026-07-28 14:32:17"
"	6A0C0938","	Ambient","	1","	B01??(?)","	21.8","	2026-07-28 14:32:17"
"	6A0C0938","	Ambient","	1","	B01??(%RH)","	75.1","	2026-07-28 14:32:14"
"	6A0C0938","	Ambient","	1","	B01??(?)","	21.8","	2026-07-28 14:32:14"
"	6A0C0938","	Ambient","	1","	B01??(%RH)","	74.9","	2026-07-28 14:32:12"
"	6A0C0938","	Ambient","	1","	B01??(?)","	21.8","	2026-07-28 14:32:12"
"	6A0C0938","	Ambient","	1","	B01??(%RH)","	74.8","	2026-07-28 14:32:10"
"	6A0C0938","	Ambient","	1","	B01??(?)","	21.8","	2026-07-28 14:32:10"
"	6A0C0938","	Ambient","	1","	B01??(%RH)","	74.7","	2026-07-28 14:32:08"
"	6A0C0938","	Ambient","	1","	B01??(?)","	21.8","	2026-07-28 14:32:08"
"	6A0C0938","	Ambient","	1","	B01??(%RH)","	74.6","	2026-07-28 14:32:06"
"	6A0C0938","	Ambient","	1","	B01??(?)","	21.8","	2026-07-28 14:32:06"
"	6A0C0938","	Ambient","	1","	B01??(%RH)","	74.5","	2026-07-28 14:32:04"
"	6A0C0938","	Ambient","	1","	B01??(?)","	21.8","	2026-07-28 14:32:04"
"	6A0C0938","	Ambient","	1","	B01??(%RH)","	74.5","	2026-07-28 14:32:02"
"	6A0C0938","	Ambient","	1","	B01??(?)","	21.8","	2026-07-28 14:32:02"
"	6A0C0938","	Ambient","	1","	B01??(%RH)","	74.3","	2026-07-28 14:32:00"
"	6A0C0938","	Ambient","	1","	B01??(?)","	21.8","	2026-07-28 14:32:00"
"	6A0C0938","	Ambient","	1","	B01??(%RH)","	74.2","	2026-07-28 14:31:58"
"	6A0C0938","	Ambient","	1","	B01??(?)","	21.8","	2026-07-28 14:31:58"
"	6A0C0938","	Ambient","	1","	B01??(%RH)","	74","	2026-07-28 14:31:56"
"	6A0C0938","	Ambient","	1","	B01??(?)","	21.8","	2026-07-28 14:31:56"
"	6A0C0938","	Ambient","	1","	B01??(%RH)","	73.8","	2026-07-28 14:31:54"
"	6A0C0938","	Ambient","	1","	B01??(?)","	21.8","	2026-07-28 14:31:54"
"	6A0C0938","	Ambient","	1","	B01??(%RH)","	73.7","	2026-07-28 14:31:52"
"	6A0C0938","	Ambient","	1","	B01??(?)","	21.8","	2026-07-28 14:31:52"
"	6A0C0938","	Ambient","	1","	B01??(%RH)","	73.7","	2026-07-28 14:31:50"
"	6A0C0938","	Ambient","	1","	B01??(?)","	21.8","	2026-07-28 14:31:50"
"	6A0C0938","	Ambient","	1","	B01??(%RH)","	73.7","	2026-07-28 14:31:48"
"	6A0C0938","	Ambient","	1","	B01??(?)","	21.8","	2026-07-28 14:31:48"
"	6A0C0938","	Ambient","	1","	B01??(%RH)","	73.7","	2026-07-28 14:31:46"
"	6A0C0938","	Ambient","	1","	B01??(?)","	21.8","	2026-07-28 14:31:46"
"	6A0C0938","	Ambient","	1","	B01??(%RH)","	73.5","	2026-07-28 14:31:44"
"	6A0C0938","	Ambient","	1","	B01??(?)","	21.8","	2026-07-28 14:31:44"
"	6A0C0938","	Ambient","	1","	B01??(%RH)","	73.4","	2026-07-28 14:31:42"
"	6A0C0938","	Ambient","	1","	B01??(?)","	21.8","	2026-07-28 14:31:42"
"	6A0C0938","	Ambient","	1","	B01??(%RH)","	73.2","	2026-07-28 14:31:40"
"	6A0C0938","	Ambient","	1","	B01??(?)","	21.8","	2026-07-28 14:31:40"
"	6A0C0938","	Ambient","	1","	B01??(%RH)","	73.1","	2026-07-28 14:31:38"
"	6A0C0938","	Ambient","	1","	B01??(?)","	21.8","	2026-07-28 14:31:38"
"	6A0C0938","	Ambient","	1","	B01??(%RH)","	73","	2026-07-28 14:31:36"
"	6A0C0938","	Ambient","	1","	B01??(?)","	21.8","	2026-07-28 14:31:36"
"	6A0C0938","	Ambient","	1","	B01??(%RH)","	72.9","	2026-07-28 14:31:34"
"	6A0C0938","	Ambient","	1","	B01??(?)","	21.8","	2026-07-28 14:31:34"
"	6A0C0938","	Ambient","	1","	B01??(%RH)","	72.8","	2026-07-28 14:31:31"
"	6A0C0938","	Ambient","	1","	B01??(?)","	21.8","	2026-07-28 14:31:31"
"	6A0C0938","	Ambient","	1","	B01??(%RH)","	72.8","	2026-07-28 14:31:29"
"	6A0C0938","	Ambient","	1","	B01??(?)","	21.8","	2026-07-28 14:31:29"
"	6A0C0938","	Ambient","	1","	B01??(%RH)","	73.1","	2026-07-28 14:31:27"
"	6A0C0938","	Ambient","	1","	B01??(?)","	21.8","	2026-07-28 14:31:27"
"	6A0C0938","	Ambient","	1","	B01??(%RH)","	73.3","	2026-07-28 14:31:25"
"	6A0C0938","	Ambient","	1","	B01??(?)","	21.8","	2026-07-28 14:31:25"
"	6A0C0938","	Ambient","	1","	B01??(%RH)","	73.3","	2026-07-28 14:31:23"
"	6A0C0938","	Ambient","	1","	B01??(?)","	21.8","	2026-07-28 14:31:23"
"	6A0C0938","	Ambient","	1","	B01??(%RH)","	73.2","	2026-07-28 14:31:21"
"	6A0C0938","	Ambient","	1","	B01??(?)","	21.8","	2026-07-28 14:31:21"
"	6A0C0938","	Ambient","	1","	B01??(%RH)","	73.3","	2026-07-28 14:31:19"
"	6A0C0938","	Ambient","	1","	B01??(?)","	21.8","	2026-07-28 14:31:19"
"	6A0C0938","	Ambient","	1","	B01??(%RH)","	73.1","	2026-07-28 14:31:17"
"	6A0C0938","	Ambient","	1","	B01??(?)","	21.8","	2026-07-28 14:31:17"
"	6A0C0938","	Ambient","	1","	B01??(%RH)","	73","	2026-07-28 14:31:15"
"	6A0C0938","	Ambient","	1","	B01??(?)","	21.8","	2026-07-28 14:31:15"
"	6A0C0938","	Ambient","	1","	B01??(%RH)","	72.9","	2026-07-28 14:31:13"
"	6A0C0938","	Ambient","	1","	B01??(?)","	21.8","	2026-07-28 14:31:13"
"	6A0C0938","	Ambient","	1","	B01??(%RH)","	72.9","	2026-07-28 14:31:11"
"	6A0C0938","	Ambient","	1","	B01??(?)","	21.8","	2026-07-28 14:31:11"
"	6A0C0938","	Ambient","	1","	B01??(%RH)","	72.9","	2026-07-28 14:31:09"
"	6A0C0938","	Ambient","	1","	B01??(?)","	21.8","	2026-07-28 14:31:09"
"	6A0C0938","	Ambient","	1","	B01??(%RH)","	72.9","	2026-07-28 14:31:07"
"	6A0C0938","	Ambient","	1","	B01??(?)","	21.8","	2026-07-28 14:31:07"
"	6A0C0938","	Ambient","	1","	B01??(%RH)","	72.9","	2026-07-28 14:31:05"
"	6A0C0938","	Ambient","	1","	B01??(?)","	21.8","	2026-07-28 14:31:05"
"	6A0C0938","	Ambient","	1","	B01??(%RH)","	73.1","	2026-07-28 14:31:03"
"	6A0C0938","	Ambient","	1","	B01??(?)","	21.8","	2026-07-28 14:31:03"
"	6A0C0938","	Ambient","	1","	B01??(%RH)","	73.4","	2026-07-28 14:31:01"
"	6A0C0938","	Ambient","	1","	B01??(?)","	21.8","	2026-07-28 14:31:01"
"	6A0C0938","	Ambient","	1","	B01??(%RH)","	73.7","	2026-07-28 14:30:59"
"	6A0C0938","	Ambient","	1","	B01??(?)","	21.8","	2026-07-28 14:30:59"
"	6A0C0938","	Ambient","	1","	B01??(%RH)","	74.1","	2026-07-28 14:30:57"
"	6A0C0938","	Ambient","	1","	B01??(?)","	21.8","	2026-07-28 14:30:57"
"	6A0C0938","	Ambient","	1","	B01??(%RH)","	74.5","	2026-07-28 14:30:55"
"	6A0C0938","	Ambient","	1","	B01??(?)","	21.8","	2026-07-28 14:30:55"
"	6A0C0938","	Ambient","	1","	B01??(%RH)","	75.2","	2026-07-28 14:30:53"
"	6A0C0938","	Ambient","	1","	B01??(?)","	21.8","	2026-07-28 14:30:53"
"	6A0C0938","	Ambient","	1","	B01??(%RH)","	75.8","	2026-07-28 14:30:51"
"	6A0C0938","	Ambient","	1","	B01??(?)","	21.8","	2026-07-28 14:30:51"
"	6A0C0938","	Ambient","	1","	B01??(%RH)","	76.5","	2026-07-28 14:30:48"
"	6A0C0938","	Ambient","	1","	B01??(?)","	21.8","	2026-07-28 14:30:48"
"	6A0C0938","	Ambient","	1","	B01??(%RH)","	77.2","	2026-07-28 14:30:46"
"	6A0C0938","	Ambient","	1","	B01??(?)","	21.8","	2026-07-28 14:30:46"
"	6A0C0938","	Ambient","	1","	B01??(%RH)","	77.5","	2026-07-28 14:30:44"
"	6A0C0938","	Ambient","	1","	B01??(?)","	21.8","	2026-07-28 14:30:44"
"	6A0C0938","	Ambient","	1","	B01??(%RH)","	77.5","	2026-07-28 14:30:42"
"	6A0C0938","	Ambient","	1","	B01??(?)","	21.8","	2026-07-28 14:30:42"
"	6A0C0938","	Ambient","	1","	B01??(%RH)","	77.5","	2026-07-28 14:30:40"
"	6A0C0938","	Ambient","	1","	B01??(?)","	21.8","	2026-07-28 14:30:40"
"	6A0C0938","	Ambient","	1","	B01??(%RH)","	77.5","	2026-07-28 14:30:38"
"	6A0C0938","	Ambient","	1","	B01??(?)","	21.9","	2026-07-28 14:30:38"
"	6A0C0938","	Ambient","	1","	B01??(%RH)","	77.5","	2026-07-28 14:30:36"
"	6A0C0938","	Ambient","	1","	B01??(?)","	21.8","	2026-07-28 14:30:36"
"	6A0C0938","	Ambient","	1","	B01??(%RH)","	77.6","	2026-07-28 14:30:34"
"	6A0C0938","	Ambient","	1","	B01??(?)","	21.8","	2026-07-28 14:30:34"
"	6A0C0938","	Ambient","	1","	B01??(%RH)","	77.7","	2026-07-28 14:30:32"
"	6A0C0938","	Ambient","	1","	B01??(?)","	21.8","	2026-07-28 14:30:32"
"	6A0C0938","	Ambient","	1","	B01??(?)","	21.8","	2026-07-28 14:30:30"
"	6A0C0938","	Ambient","	1","	B01??(%RH)","	77.8","	2026-07-28 14:30:30"
"	6A0C0938","	Ambient","	1","	B01??(%RH)","	77.9","	2026-07-28 14:30:28"
"	6A0C0938","	Ambient","	1","	B01??(?)","	21.8","	2026-07-28 14:30:28"
"	6A0C0938","	Ambient","	1","	B01??(%RH)","	77.9","	2026-07-28 14:30:26"
"	6A0C0938","	Ambient","	1","	B01??(?)","	21.8","	2026-07-28 14:30:26"
"	6A0C0938","	Ambient","	1","	B01??(%RH)","	78","	2026-07-28 14:30:24"
"	6A0C0938","	Ambient","	1","	B01??(?)","	21.8","	2026-07-28 14:30:24"
"	6A0C0938","	Ambient","	1","	B01??(%RH)","	78","	2026-07-28 14:30:22"
"	6A0C0938","	Ambient","	1","	B01??(?)","	21.8","	2026-07-28 14:30:22"
"	6A0C0938","	Ambient","	1","	B01??(%RH)","	78","	2026-07-28 14:30:20"
"	6A0C0938","	Ambient","	1","	B01??(?)","	21.8","	2026-07-28 14:30:20"
"	6A0C0938","	Ambient","	1","	B01??(%RH)","	77.9","	2026-07-28 14:30:18"
"	6A0C0938","	Ambient","	1","	B01??(?)","	21.8","	2026-07-28 14:30:18"
"	6A0C0938","	Ambient","	1","	B01??(%RH)","	77.9","	2026-07-28 14:30:16"
"	6A0C0938","	Ambient","	1","	B01??(?)","	21.8","	2026-07-28 14:30:16"
"	6A0C0938","	Ambient","	1","	B01??(%RH)","	77.8","	2026-07-28 14:30:14"
"	6A0C0938","	Ambient","	1","	B01??(?)","	21.8","	2026-07-28 14:30:14"
"	6A0C0938","	Ambient","	1","	B01??(%RH)","	77.8","	2026-07-28 14:30:12"
"	6A0C0938","	Ambient","	1","	B01??(?)","	21.8","	2026-07-28 14:30:12"
"	6A0C0938","	Ambient","	1","	B01??(%RH)","	77.8","	2026-07-28 14:30:10"
"	6A0C0938","	Ambient","	1","	B01??(?)","	21.8","	2026-07-28 14:30:10"
"	6A0C0938","	Ambient","	1","	B01??(%RH)","	77.7","	2026-07-28 14:30:07"
"	6A0C0938","	Ambient","	1","	B01??(?)","	21.8","	2026-07-28 14:30:07"
"	6A0C0938","	Ambient","	1","	B01??(%RH)","	77.7","	2026-07-28 14:30:05"
"	6A0C0938","	Ambient","	1","	B01??(?)","	21.8","	2026-07-28 14:30:05"
"	6A0C0938","	Ambient","	1","	B01??(%RH)","	77.7","	2026-07-28 14:30:03"
"	6A0C0938","	Ambient","	1","	B01??(?)","	21.8","	2026-07-28 14:30:03"
"	6A0C0938","	Ambient","	1","	B01??(%RH)","	77.7","	2026-07-28 14:30:01"
"	6A0C0938","	Ambient","	1","	B01??(?)","	21.8","	2026-07-28 14:30:01"
"	6A0C0938","	Ambient","	1","	B01??(%RH)","	77.7","	2026-07-28 14:29:59"
"	6A0C0938","	Ambient","	1","	B01??(?)","	21.8","	2026-07-28 14:29:59"
"	6A0C0938","	Ambient","	1","	B01??(%RH)","	77.8","	2026-07-28 14:29:57"
"	6A0C0938","	Ambient","	1","	B01??(?)","	21.8","	2026-07-28 14:29:57"
"	6A0C0938","	Ambient","	1","	B01??(%RH)","	77.8","	2026-07-28 14:29:55"
"	6A0C0938","	Ambient","	1","	B01??(?)","	21.8","	2026-07-28 14:29:55"
"	6A0C0938","	Ambient","	1","	B01??(%RH)","	77.9","	2026-07-28 14:29:53"
"	6A0C0938","	Ambient","	1","	B01??(?)","	21.8","	2026-07-28 14:29:53"
"	6A0C0938","	Ambient","	1","	B01??(%RH)","	77.9","	2026-07-28 14:29:51"
"	6A0C0938","	Ambient","	1","	B01??(?)","	21.8","	2026-07-28 14:29:51"
"	6A0C0938","	Ambient","	1","	B01??(%RH)","	78","	2026-07-28 14:29:49"
"	6A0C0938","	Ambient","	1","	B01??(?)","	21.8","	2026-07-28 14:29:49"
"	6A0C0938","	Ambient","	1","	B01??(%RH)","	78","	2026-07-28 14:29:47"
"	6A0C0938","	Ambient","	1","	B01??(?)","	21.8","	2026-07-28 14:29:47"
"	6A0C0938","	Ambient","	1","	B01??(%RH)","	78.1","	2026-07-28 14:29:45"
"	6A0C0938","	Ambient","	1","	B01??(?)","	21.8","	2026-07-28 14:29:45"
"	6A0C0938","	Ambient","	1","	B01??(%RH)","	78.1","	2026-07-28 14:29:43"
"	6A0C0938","	Ambient","	1","	B01??(?)","	21.8","	2026-07-28 14:29:43"
"	6A0C0938","	Ambient","	1","	B01??(%RH)","	78.2","	2026-07-28 14:29:41"
"	6A0C0938","	Ambient","	1","	B01??(?)","	21.8","	2026-07-28 14:29:41"
"	6A0C0938","	Ambient","	1","	B01??(%RH)","	78.3","	2026-07-28 14:29:39"
"	6A0C0938","	Ambient","	1","	B01??(?)","	21.8","	2026-07-28 14:29:39"
"	6A0C0938","	Ambient","	1","	B01??(%RH)","	78.3","	2026-07-28 14:29:37"
"	6A0C0938","	Ambient","	1","	B01??(?)","	21.8","	2026-07-28 14:29:37"
"	6A0C0938","	Ambient","	1","	B01??(%RH)","	78.4","	2026-07-28 14:29:35"
"	6A0C0938","	Ambient","	1","	B01??(?)","	21.8","	2026-07-28 14:29:35"
"	6A0C0938","	Ambient","	1","	B01??(%RH)","	78.4","	2026-07-28 14:29:33"
"	6A0C0938","	Ambient","	1","	B01??(?)","	21.8","	2026-07-28 14:29:33"
"	6A0C0938","	Ambient","	1","	B01??(%RH)","	78.4","	2026-07-28 14:29:31"
"	6A0C0938","	Ambient","	1","	B01??(?)","	21.8","	2026-07-28 14:29:31"
"	6A0C0938","	Ambient","	1","	B01??(%RH)","	78.4","	2026-07-28 14:29:29"
"	6A0C0938","	Ambient","	1","	B01??(?)","	21.8","	2026-07-28 14:29:29"
"	6A0C0938","	Ambient","	1","	B01??(%RH)","	78.5","	2026-07-28 14:29:26"
"	6A0C0938","	Ambient","	1","	B01??(?)","	21.8","	2026-07-28 14:29:26"
"	6A0C0938","	Ambient","	1","	B01??(%RH)","	78.5","	2026-07-28 14:29:24"
"	6A0C0938","	Ambient","	1","	B01??(?)","	21.8","	2026-07-28 14:29:24"
"	6A0C0938","	Ambient","	1","	B01??(%RH)","	78.5","	2026-07-28 14:29:22"
"	6A0C0938","	Ambient","	1","	B01??(?)","	21.8","	2026-07-28 14:29:22"
"	6A0C0938","	Ambient","	1","	B01??(%RH)","	78.6","	2026-07-28 14:29:20"
"	6A0C0938","	Ambient","	1","	B01??(?)","	21.8","	2026-07-28 14:29:20"
"	6A0C0938","	Ambient","	1","	B01??(%RH)","	78.6","	2026-07-28 14:29:18"
"	6A0C0938","	Ambient","	1","	B01??(?)","	21.8","	2026-07-28 14:29:18"
"	6A0C0938","	Ambient","	1","	B01??(%RH)","	78.7","	2026-07-28 14:29:16"
"	6A0C0938","	Ambient","	1","	B01??(?)","	21.8","	2026-07-28 14:29:16"
"	6A0C0938","	Ambient","	1","	B01??(%RH)","	78.8","	2026-07-28 14:29:14"
"	6A0C0938","	Ambient","	1","	B01??(?)","	21.8","	2026-07-28 14:29:14"
"	6A0C0938","	Ambient","	1","	B01??(%RH)","	78.9","	2026-07-28 14:29:12"
"	6A0C0938","	Ambient","	1","	B01??(?)","	21.8","	2026-07-28 14:29:12"
"	6A0C0938","	Ambient","	1","	B01??(%RH)","	78.9","	2026-07-28 14:29:10"
"	6A0C0938","	Ambient","	1","	B01??(?)","	21.8","	2026-07-28 14:29:10"
"	6A0C0938","	Ambient","	1","	B01??(%RH)","	78.9","	2026-07-28 14:29:08"
"	6A0C0938","	Ambient","	1","	B01??(?)","	21.8","	2026-07-28 14:29:08"
"	6A0C0938","	Ambient","	1","	B01??(%RH)","	78.9","	2026-07-28 14:29:06"
"	6A0C0938","	Ambient","	1","	B01??(?)","	21.8","	2026-07-28 14:29:06"
"	6A0C0938","	Ambient","	1","	B01??(%RH)","	78.9","	2026-07-28 14:29:04"
"	6A0C0938","	Ambient","	1","	B01??(?)","	21.8","	2026-07-28 14:29:04"
"	6A0C0938","	Ambient","	1","	B01??(%RH)","	78.9","	2026-07-28 14:29:02"
"	6A0C0938","	Ambient","	1","	B01??(?)","	21.8","	2026-07-28 14:29:02"
"	6A0C0938","	Ambient","	1","	B01??(%RH)","	79","	2026-07-28 14:29:00"
"	6A0C0938","	Ambient","	1","	B01??(?)","	21.8","	2026-07-28 14:29:00"
"	6A0C0938","	Ambient","	1","	B01??(%RH)","	79.1","	2026-07-28 14:28:58"
"	6A0C0938","	Ambient","	1","	B01??(?)","	21.8","	2026-07-28 14:28:58"
"	6A0C0938","	Ambient","	1","	B01??(%RH)","	79","	2026-07-28 14:28:56"
"	6A0C0938","	Ambient","	1","	B01??(?)","	21.8","	2026-07-28 14:28:56"
"	6A0C0938","	Ambient","	1","	B01??(%RH)","	78.9","	2026-07-28 14:28:54"
"	6A0C0938","	Ambient","	1","	B01??(?)","	21.8","	2026-07-28 14:28:54"
"	6A0C0938","	Ambient","	1","	B01??(%RH)","	78.7","	2026-07-28 14:28:52"
"	6A0C0938","	Ambient","	1","	B01??(?)","	21.8","	2026-07-28 14:28:52"
"	6A0C0938","	Ambient","	1","	B01??(%RH)","	78.3","	2026-07-28 14:28:50"
"	6A0C0938","	Ambient","	1","	B01??(?)","	21.8","	2026-07-28 14:28:50"
"	6A0C0938","	Ambient","	1","	B01??(%RH)","	78.1","	2026-07-28 14:28:48"
"	6A0C0938","	Ambient","	1","	B01??(?)","	21.8","	2026-07-28 14:28:48"
"	6A0C0938","	Ambient","	1","	B01??(%RH)","	78.1","	2026-07-28 14:28:46"
"	6A0C0938","	Ambient","	1","	B01??(?)","	21.8","	2026-07-28 14:28:46"
"	6A0C0938","	Ambient","	1","	B01??(%RH)","	78.1","	2026-07-28 14:28:43"
"	6A0C0938","	Ambient","	1","	B01??(?)","	21.8","	2026-07-28 14:28:43"
"	6A0C0938","	Ambient","	1","	B01??(%RH)","	78.1","	2026-07-28 14:28:41"
"	6A0C0938","	Ambient","	1","	B01??(?)","	21.8","	2026-07-28 14:28:41"
"	6A0C0938","	Ambient","	1","	B01??(%RH)","	78.1","	2026-07-28 14:28:39"
"	6A0C0938","	Ambient","	1","	B01??(?)","	21.8","	2026-07-28 14:28:39"
"	6A0C0938","	Ambient","	1","	B01??(%RH)","	78.1","	2026-07-28 14:28:37"
"	6A0C0938","	Ambient","	1","	B01??(?)","	21.8","	2026-07-28 14:28:37"
"	6A0C0938","	Ambient","	1","	B01??(%RH)","	78.1","	2026-07-28 14:28:35"
"	6A0C0938","	Ambient","	1","	B01??(?)","	21.8","	2026-07-28 14:28:35"
"	6A0C0938","	Ambient","	1","	B01??(%RH)","	78","	2026-07-28 14:28:33"
"	6A0C0938","	Ambient","	1","	B01??(?)","	21.8","	2026-07-28 14:28:33"
"	6A0C0938","	Ambient","	1","	B01??(%RH)","	78","	2026-07-28 14:28:31"
"	6A0C0938","	Ambient","	1","	B01??(?)","	21.8","	2026-07-28 14:28:31"
"	6A0C0938","	Ambient","	1","	B01??(%RH)","	78.1","	2026-07-28 14:28:29"
"	6A0C0938","	Ambient","	1","	B01??(?)","	21.8","	2026-07-28 14:28:29"
"	6A0C0938","	Ambient","	1","	B01??(%RH)","	78","	2026-07-28 14:28:27"
"	6A0C0938","	Ambient","	1","	B01??(?)","	21.8","	2026-07-28 14:28:27"
"	6A0C0938","	Ambient","	1","	B01??(%RH)","	77.9","	2026-07-28 14:28:25"
"	6A0C0938","	Ambient","	1","	B01??(?)","	21.8","	2026-07-28 14:28:25"
"	6A0C0938","	Ambient","	1","	B01??(%RH)","	77.8","	2026-07-28 14:28:23"
"	6A0C0938","	Ambient","	1","	B01??(?)","	21.8","	2026-07-28 14:28:23"
"	6A0C0938","	Ambient","	1","	B01??(%RH)","	77.7","	2026-07-28 14:28:21"
"	6A0C0938","	Ambient","	1","	B01??(?)","	21.8","	2026-07-28 14:28:21"
"	6A0C0938","	Ambient","	1","	B01??(%RH)","	77.5","	2026-07-28 14:28:19"
"	6A0C0938","	Ambient","	1","	B01??(?)","	21.8","	2026-07-28 14:28:19"
"	6A0C0938","	Ambient","	1","	B01??(%RH)","	77.3","	2026-07-28 14:28:17"
"	6A0C0938","	Ambient","	1","	B01??(?)","	21.8","	2026-07-28 14:28:17"
"	6A0C0938","	Ambient","	1","	B01??(%RH)","	77.2","	2026-07-28 14:28:15"
"	6A0C0938","	Ambient","	1","	B01??(?)","	21.8","	2026-07-28 14:28:15"
"	6A0C0938","	Ambient","	1","	B01??(%RH)","	77.1","	2026-07-28 14:28:13"
"	6A0C0938","	Ambient","	1","	B01??(?)","	21.8","	2026-07-28 14:28:13"
"	6A0C0938","	Ambient","	1","	B01??(%RH)","	77","	2026-07-28 14:28:11"
"	6A0C0938","	Ambient","	1","	B01??(?)","	21.8","	2026-07-28 14:28:11"
"	6A0C0938","	Ambient","	1","	B01??(%RH)","	77.2","	2026-07-28 14:28:09"
"	6A0C0938","	Ambient","	1","	B01??(?)","	21.8","	2026-07-28 14:28:09"
"	6A0C0938","	Ambient","	1","	B01??(%RH)","	77.5","	2026-07-28 14:28:07"
"	6A0C0938","	Ambient","	1","	B01??(?)","	21.8","	2026-07-28 14:28:07"
"	6A0C0938","	Ambient","	1","	B01??(%RH)","	77.8","	2026-07-28 14:28:05"
"	6A0C0938","	Ambient","	1","	B01??(?)","	21.8","	2026-07-28 14:28:05"
"	6A0C0938","	Ambient","	1","	B01??(%RH)","	78","	2026-07-28 14:28:03"
"	6A0C0938","	Ambient","	1","	B01??(?)","	21.8","	2026-07-28 14:28:03"
"	6A0C0938","	Ambient","	1","	B01??(%RH)","	78.2","	2026-07-28 14:28:00"
"	6A0C0938","	Ambient","	1","	B01??(?)","	21.8","	2026-07-28 14:28:00"
"	6A0C0938","	Ambient","	1","	B01??(%RH)","	78.3","	2026-07-28 14:27:58"
"	6A0C0938","	Ambient","	1","	B01??(?)","	21.8","	2026-07-28 14:27:58"
"	6A0C0938","	Ambient","	1","	B01??(%RH)","	78.3","	2026-07-28 14:27:56"
"	6A0C0938","	Ambient","	1","	B01??(?)","	21.8","	2026-07-28 14:27:56"
"	6A0C0938","	Ambient","	1","	B01??(%RH)","	78.4","	2026-07-28 14:27:54"
"	6A0C0938","	Ambient","	1","	B01??(?)","	21.8","	2026-07-28 14:27:54"
"	6A0C0938","	Ambient","	1","	B01??(%RH)","	78.4","	2026-07-28 14:27:52"
"	6A0C0938","	Ambient","	1","	B01??(?)","	21.8","	2026-07-28 14:27:52"
"	6A0C0938","	Ambient","	1","	B01??(%RH)","	78.2","	2026-07-28 14:27:50"
"	6A0C0938","	Ambient","	1","	B01??(?)","	21.8","	2026-07-28 14:27:50"
"	6A0C0938","	Ambient","	1","	B01??(%RH)","	78.1","	2026-07-28 14:27:48"
"	6A0C0938","	Ambient","	1","	B01??(?)","	21.8","	2026-07-28 14:27:48"
"	6A0C0938","	Ambient","	1","	B01??(%RH)","	77.8","	2026-07-28 14:27:46"
"	6A0C0938","	Ambient","	1","	B01??(?)","	21.8","	2026-07-28 14:27:46"
"	6A0C0938","	Ambient","	1","	B01??(?)","	21.8","	2026-07-28 14:27:44"
"	6A0C0938","	Ambient","	1","	B01??(%RH)","	77.6","	2026-07-28 14:27:44"
"	6A0C0938","	Ambient","	1","	B01??(%RH)","	77.4","	2026-07-28 14:27:42"
"	6A0C0938","	Ambient","	1","	B01??(?)","	21.8","	2026-07-28 14:27:42"
"	6A0C0938","	Ambient","	1","	B01??(%RH)","	77.3","	2026-07-28 14:27:40"
"	6A0C0938","	Ambient","	1","	B01??(?)","	21.8","	2026-07-28 14:27:40"
"	6A0C0938","	Ambient","	1","	B01??(%RH)","	77.1","	2026-07-28 14:27:38"
"	6A0C0938","	Ambient","	1","	B01??(?)","	21.8","	2026-07-28 14:27:38"
"	6A0C0938","	Ambient","	1","	B01??(%RH)","	77.1","	2026-07-28 14:27:36"
"	6A0C0938","	Ambient","	1","	B01??(?)","	21.8","	2026-07-28 14:27:36"
"	6A0C0938","	Ambient","	1","	B01??(%RH)","	77.3","	2026-07-28 14:27:34"
"	6A0C0938","	Ambient","	1","	B01??(?)","	21.8","	2026-07-28 14:27:34"
"	6A0C0938","	Ambient","	1","	B01??(%RH)","	77.6","	2026-07-28 14:27:32"
"	6A0C0938","	Ambient","	1","	B01??(?)","	21.8","	2026-07-28 14:27:32"
"	6A0C0938","	Ambient","	1","	B01??(%RH)","	77.8","	2026-07-28 14:27:30"
"	6A0C0938","	Ambient","	1","	B01??(?)","	21.8","	2026-07-28 14:27:30"
"	6A0C0938","	Ambient","	1","	B01??(%RH)","	78.1","	2026-07-28 14:27:28"
"	6A0C0938","	Ambient","	1","	B01??(?)","	21.8","	2026-07-28 14:27:28"
"	6A0C0938","	Ambient","	1","	B01??(%RH)","	78.2","	2026-07-28 14:27:26"
"	6A0C0938","	Ambient","	1","	B01??(?)","	21.8","	2026-07-28 14:27:26"
"	6A0C0938","	Ambient","	1","	B01??(%RH)","	78.2","	2026-07-28 14:27:24"
"	6A0C0938","	Ambient","	1","	B01??(?)","	21.8","	2026-07-28 14:27:24"
"	6A0C0938","	Ambient","	1","	B01??(%RH)","	78.2","	2026-07-28 14:27:21"
"	6A0C0938","	Ambient","	1","	B01??(?)","	21.8","	2026-07-28 14:27:21"
"	6A0C0938","	Ambient","	1","	B01??(%RH)","	78.3","	2026-07-28 14:27:19"
"	6A0C0938","	Ambient","	1","	B01??(?)","	21.8","	2026-07-28 14:27:19"
"	6A0C0938","	Ambient","	1","	B01??(%RH)","	78.3","	2026-07-28 14:27:17"
"	6A0C0938","	Ambient","	1","	B01??(?)","	21.8","	2026-07-28 14:27:17"
"	6A0C0938","	Ambient","	1","	B01??(%RH)","	78.4","	2026-07-28 14:27:15"
"	6A0C0938","	Ambient","	1","	B01??(?)","	21.8","	2026-07-28 14:27:15"
"	6A0C0938","	Ambient","	1","	B01??(%RH)","	78.4","	2026-07-28 14:27:13"
"	6A0C0938","	Ambient","	1","	B01??(?)","	21.8","	2026-07-28 14:27:13"
"	6A0C0938","	Ambient","	1","	B01??(%RH)","	78.4","	2026-07-28 14:27:11"
"	6A0C0938","	Ambient","	1","	B01??(?)","	21.8","	2026-07-28 14:27:11"
"	6A0C0938","	Ambient","	1","	B01??(%RH)","	78.5","	2026-07-28 14:27:09"
"	6A0C0938","	Ambient","	1","	B01??(?)","	21.8","	2026-07-28 14:27:09"
"	6A0C0938","	Ambient","	1","	B01??(%RH)","	78.5","	2026-07-28 14:27:07"
"	6A0C0938","	Ambient","	1","	B01??(?)","	21.8","	2026-07-28 14:27:07"
"	6A0C0938","	Ambient","	1","	B01??(%RH)","	78.6","	2026-07-28 14:27:05"
"	6A0C0938","	Ambient","	1","	B01??(?)","	21.8","	2026-07-28 14:27:05"
"	6A0C0938","	Ambient","	1","	B01??(%RH)","	78.6","	2026-07-28 14:27:03"
"	6A0C0938","	Ambient","	1","	B01??(?)","	21.8","	2026-07-28 14:27:03"
"	6A0C0938","	Ambient","	1","	B01??(%RH)","	78.6","	2026-07-28 14:27:01"
"	6A0C0938","	Ambient","	1","	B01??(?)","	21.8","	2026-07-28 14:27:01"
"	6A0C0938","	Ambient","	1","	B01??(%RH)","	78.5","	2026-07-28 14:26:59"
"	6A0C0938","	Ambient","	1","	B01??(?)","	21.8","	2026-07-28 14:26:59"
"	6A0C0938","	Ambient","	1","	B01??(%RH)","	78.4","	2026-07-28 14:26:57"
"	6A0C0938","	Ambient","	1","	B01??(?)","	21.8","	2026-07-28 14:26:57"
"	6A0C0938","	Ambient","	1","	B01??(%RH)","	78.3","	2026-07-28 14:26:55"
"	6A0C0938","	Ambient","	1","	B01??(?)","	21.8","	2026-07-28 14:26:55"
"	6A0C0938","	Ambient","	1","	B01??(%RH)","	78.3","	2026-07-28 14:26:53"
"	6A0C0938","	Ambient","	1","	B01??(?)","	21.8","	2026-07-28 14:26:53"
"	6A0C0938","	Ambient","	1","	B01??(%RH)","	78.3","	2026-07-28 14:26:51"
"	6A0C0938","	Ambient","	1","	B01??(?)","	21.8","	2026-07-28 14:26:51"
"	6A0C0938","	Ambient","	1","	B01??(%RH)","	78.3","	2026-07-28 14:26:49"
"	6A0C0938","	Ambient","	1","	B01??(?)","	21.8","	2026-07-28 14:26:49"
"	6A0C0938","	Ambient","	1","	B01??(%RH)","	78.3","	2026-07-28 14:26:47"
"	6A0C0938","	Ambient","	1","	B01??(?)","	21.8","	2026-07-28 14:26:47"
"	6A0C0938","	Ambient","	1","	B01??(%RH)","	78.3","	2026-07-28 14:26:45"
"	6A0C0938","	Ambient","	1","	B01??(?)","	21.8","	2026-07-28 14:26:45"
"	6A0C0938","	Ambient","	1","	B01??(%RH)","	78.3","	2026-07-28 14:26:43"
"	6A0C0938","	Ambient","	1","	B01??(?)","	21.8","	2026-07-28 14:26:43"
"	6A0C0938","	Ambient","	1","	B01??(%RH)","	78.3","	2026-07-28 14:26:40"
"	6A0C0938","	Ambient","	1","	B01??(?)","	21.8","	2026-07-28 14:26:40"
"	6A0C0938","	Ambient","	1","	B01??(%RH)","	78.3","	2026-07-28 14:26:38"
"	6A0C0938","	Ambient","	1","	B01??(?)","	21.8","	2026-07-28 14:26:38"
"	6A0C0938","	Ambient","	1","	B01??(%RH)","	78.3","	2026-07-28 14:26:36"
"	6A0C0938","	Ambient","	1","	B01??(?)","	21.8","	2026-07-28 14:26:36"
"	6A0C0938","	Ambient","	1","	B01??(%RH)","	78.2","	2026-07-28 14:26:34"
"	6A0C0938","	Ambient","	1","	B01??(?)","	21.8","	2026-07-28 14:26:34"
"	6A0C0938","	Ambient","	1","	B01??(%RH)","	78.1","	2026-07-28 14:26:32"
"	6A0C0938","	Ambient","	1","	B01??(?)","	21.8","	2026-07-28 14:26:32"
"	6A0C0938","	Ambient","	1","	B01??(%RH)","	78.1","	2026-07-28 14:26:30"
"	6A0C0938","	Ambient","	1","	B01??(?)","	21.8","	2026-07-28 14:26:30"
"	6A0C0938","	Ambient","	1","	B01??(%RH)","	78","	2026-07-28 14:26:28"
"	6A0C0938","	Ambient","	1","	B01??(?)","	21.8","	2026-07-28 14:26:28"
"	6A0C0938","	Ambient","	1","	B01??(%RH)","	78","	2026-07-28 14:26:26"
"	6A0C0938","	Ambient","	1","	B01??(?)","	21.8","	2026-07-28 14:26:26"
"	6A0C0938","	Ambient","	1","	B01??(%RH)","	78","	2026-07-28 14:26:24"
"	6A0C0938","	Ambient","	1","	B01??(?)","	21.8","	2026-07-28 14:26:24"
"	6A0C0938","	Ambient","	1","	B01??(%RH)","	78.1","	2026-07-28 14:26:22"
"	6A0C0938","	Ambient","	1","	B01??(?)","	21.8","	2026-07-28 14:26:22"
"	6A0C0938","	Ambient","	1","	B01??(%RH)","	78.3","	2026-07-28 14:26:20"
"	6A0C0938","	Ambient","	1","	B01??(?)","	21.8","	2026-07-28 14:26:20"
"	6A0C0938","	Ambient","	1","	B01??(%RH)","	78.4","	2026-07-28 14:26:18"
"	6A0C0938","	Ambient","	1","	B01??(?)","	21.8","	2026-07-28 14:26:18"
"	6A0C0938","	Ambient","	1","	B01??(%RH)","	78.6","	2026-07-28 14:26:16"
"	6A0C0938","	Ambient","	1","	B01??(?)","	21.8","	2026-07-28 14:26:16"
"	6A0C0938","	Ambient","	1","	B01??(%RH)","	78.7","	2026-07-28 14:26:14"
"	6A0C0938","	Ambient","	1","	B01??(?)","	21.8","	2026-07-28 14:26:14"
"	6A0C0938","	Ambient","	1","	B01??(%RH)","	78.8","	2026-07-28 14:26:12"
"	6A0C0938","	Ambient","	1","	B01??(?)","	21.8","	2026-07-28 14:26:12"
"	6A0C0938","	Ambient","	1","	B01??(%RH)","	78.8","	2026-07-28 14:26:10"
"	6A0C0938","	Ambient","	1","	B01??(?)","	21.8","	2026-07-28 14:26:10"
"	6A0C0938","	Ambient","	1","	B01??(%RH)","	78.8","	2026-07-28 14:26:08"
"	6A0C0938","	Ambient","	1","	B01??(?)","	21.8","	2026-07-28 14:26:08"
"	6A0C0938","	Ambient","	1","	B01??(%RH)","	78.8","	2026-07-28 14:26:06"
"	6A0C0938","	Ambient","	1","	B01??(?)","	21.8","	2026-07-28 14:26:06"
"	6A0C0938","	Ambient","	1","	B01??(%RH)","	78.8","	2026-07-28 14:26:04"
"	6A0C0938","	Ambient","	1","	B01??(?)","	21.8","	2026-07-28 14:26:04"
"	6A0C0938","	Ambient","	1","	B01??(%RH)","	78.7","	2026-07-28 14:26:02"
"	6A0C0938","	Ambient","	1","	B01??(?)","	21.8","	2026-07-28 14:26:02"
"	6A0C0938","	Ambient","	1","	B01??(%RH)","	78.8","	2026-07-28 14:26:00"
"	6A0C0938","	Ambient","	1","	B01??(?)","	21.8","	2026-07-28 14:26:00"
"	6A0C0938","	Ambient","	1","	B01??(%RH)","	78.8","	2026-07-28 14:25:57"
"	6A0C0938","	Ambient","	1","	B01??(?)","	21.8","	2026-07-28 14:25:57"
"	6A0C0938","	Ambient","	1","	B01??(%RH)","	78.8","	2026-07-28 14:25:55"
"	6A0C0938","	Ambient","	1","	B01??(?)","	21.8","	2026-07-28 14:25:55"
"	6A0C0938","	Ambient","	1","	B01??(%RH)","	78.9","	2026-07-28 14:25:53"
"	6A0C0938","	Ambient","	1","	B01??(?)","	21.8","	2026-07-28 14:25:53"
"	6A0C0938","	Ambient","	1","	B01??(%RH)","	78.9","	2026-07-28 14:25:51"
"	6A0C0938","	Ambient","	1","	B01??(?)","	21.8","	2026-07-28 14:25:51"
"	6A0C0938","	Ambient","	1","	B01??(%RH)","	79","	2026-07-28 14:25:49"
"	6A0C0938","	Ambient","	1","	B01??(?)","	21.8","	2026-07-28 14:25:49"
"	6A0C0938","	Ambient","	1","	B01??(%RH)","	79","	2026-07-28 14:25:47"
"	6A0C0938","	Ambient","	1","	B01??(?)","	21.8","	2026-07-28 14:25:47"
"	6A0C0938","	Ambient","	1","	B01??(%RH)","	79","	2026-07-28 14:25:45"
"	6A0C0938","	Ambient","	1","	B01??(?)","	21.8","	2026-07-28 14:25:45"
"	6A0C0938","	Ambient","	1","	B01??(%RH)","	79","	2026-07-28 14:25:43"
"	6A0C0938","	Ambient","	1","	B01??(?)","	21.7","	2026-07-28 14:25:43"
"	6A0C0938","	Ambient","	1","	B01??(%RH)","	79","	2026-07-28 14:25:41"
"	6A0C0938","	Ambient","	1","	B01??(?)","	21.8","	2026-07-28 14:25:41"
"	6A0C0938","	Ambient","	1","	B01??(%RH)","	79","	2026-07-28 14:25:39"
"	6A0C0938","	Ambient","	1","	B01??(?)","	21.8","	2026-07-28 14:25:39"
"	6A0C0938","	Ambient","	1","	B01??(%RH)","	79","	2026-07-28 14:25:37"
"	6A0C0938","	Ambient","	1","	B01??(?)","	21.8","	2026-07-28 14:25:37"
"	6A0C0938","	Ambient","	1","	B01??(%RH)","	79.1","	2026-07-28 14:25:35"
"	6A0C0938","	Ambient","	1","	B01??(?)","	21.7","	2026-07-28 14:25:35"
"	6A0C0938","	Ambient","	1","	B01??(%RH)","	79.1","	2026-07-28 14:25:33"
"	6A0C0938","	Ambient","	1","	B01??(?)","	21.7","	2026-07-28 14:25:33"
"	6A0C0938","	Ambient","	1","	B01??(%RH)","	79.1","	2026-07-28 14:25:31"
"	6A0C0938","	Ambient","	1","	B01??(?)","	21.8","	2026-07-28 14:25:31"
"	6A0C0938","	Ambient","	1","	B01??(%RH)","	79.1","	2026-07-28 14:25:29"
"	6A0C0938","	Ambient","	1","	B01??(?)","	21.7","	2026-07-28 14:25:29"
"	6A0C0938","	Ambient","	1","	B01??(%RH)","	79.1","	2026-07-28 14:25:27"
"	6A0C0938","	Ambient","	1","	B01??(?)","	21.8","	2026-07-28 14:25:27"
"	6A0C0938","	Ambient","	1","	B01??(%RH)","	79","	2026-07-28 14:25:25"
"	6A0C0938","	Ambient","	1","	B01??(?)","	21.7","	2026-07-28 14:25:25"
"	6A0C0938","	Ambient","	1","	B01??(%RH)","	78.9","	2026-07-28 14:25:23"
"	6A0C0938","	Ambient","	1","	B01??(?)","	21.7","	2026-07-28 14:25:23"
"	6A0C0938","	Ambient","	1","	B01??(%RH)","	78.8","	2026-07-28 14:25:21"
"	6A0C0938","	Ambient","	1","	B01??(?)","	21.8","	2026-07-28 14:25:21"
"	6A0C0938","	Ambient","	1","	B01??(%RH)","	78.7","	2026-07-28 14:25:19"
"	6A0C0938","	Ambient","	1","	B01??(?)","	21.8","	2026-07-28 14:25:19"
"	6A0C0938","	Ambient","	1","	B01??(%RH)","	78.6","	2026-07-28 14:25:17"
"	6A0C0938","	Ambient","	1","	B01??(?)","	21.7","	2026-07-28 14:25:17"
"	6A0C0938","	Ambient","	1","	B01??(%RH)","	78.5","	2026-07-28 14:25:14"
"	6A0C0938","	Ambient","	1","	B01??(?)","	21.8","	2026-07-28 14:25:14"
"	6A0C0938","	Ambient","	1","	B01??(%RH)","	78.4","	2026-07-28 14:25:12"
"	6A0C0938","	Ambient","	1","	B01??(?)","	21.8","	2026-07-28 14:25:12"
"	6A0C0938","	Ambient","	1","	B01??(%RH)","	78.3","	2026-07-28 14:25:10"
"	6A0C0938","	Ambient","	1","	B01??(?)","	21.7","	2026-07-28 14:25:10"
"	6A0C0938","	Ambient","	1","	B01??(%RH)","	78.2","	2026-07-28 14:25:08"
"	6A0C0938","	Ambient","	1","	B01??(?)","	21.8","	2026-07-28 14:25:08"
"	6A0C0938","	Ambient","	1","	B01??(%RH)","	78.1","	2026-07-28 14:25:06"
"	6A0C0938","	Ambient","	1","	B01??(?)","	21.7","	2026-07-28 14:25:06"
"	6A0C0938","	Ambient","	1","	B01??(%RH)","	78.1","	2026-07-28 14:25:04"
"	6A0C0938","	Ambient","	1","	B01??(?)","	21.8","	2026-07-28 14:25:04"
"	6A0C0938","	Ambient","	1","	B01??(%RH)","	78","	2026-07-28 14:25:02"
"	6A0C0938","	Ambient","	1","	B01??(?)","	21.7","	2026-07-28 14:25:02"
"	6A0C0938","	Ambient","	1","	B01??(%RH)","	78.1","	2026-07-28 14:25:00"
"	6A0C0938","	Ambient","	1","	B01??(?)","	21.7","	2026-07-28 14:25:00"
"	6A0C0938","	Ambient","	1","	B01??(%RH)","	78.2","	2026-07-28 14:24:58"
"	6A0C0938","	Ambient","	1","	B01??(?)","	21.7","	2026-07-28 14:24:58"
"	6A0C0938","	Ambient","	1","	B01??(%RH)","	78.3","	2026-07-28 14:24:56"
"	6A0C0938","	Ambient","	1","	B01??(?)","	21.8","	2026-07-28 14:24:56"
"	6A0C0938","	Ambient","	1","	B01??(%RH)","	78.5","	2026-07-28 14:24:54"
"	6A0C0938","	Ambient","	1","	B01??(?)","	21.8","	2026-07-28 14:24:54"
"	6A0C0938","	Ambient","	1","	B01??(%RH)","	78.6","	2026-07-28 14:24:52"
"	6A0C0938","	Ambient","	1","	B01??(?)","	21.8","	2026-07-28 14:24:52"
"	6A0C0938","	Ambient","	1","	B01??(%RH)","	78.6","	2026-07-28 14:24:50"
"	6A0C0938","	Ambient","	1","	B01??(?)","	21.7","	2026-07-28 14:24:50"
"	6A0C0938","	Ambient","	1","	B01??(%RH)","	78.7","	2026-07-28 14:24:48"
"	6A0C0938","	Ambient","	1","	B01??(?)","	21.8","	2026-07-28 14:24:48"
"	6A0C0938","	Ambient","	1","	B01??(%RH)","	78.7","	2026-07-28 14:24:46"
"	6A0C0938","	Ambient","	1","	B01??(?)","	21.8","	2026-07-28 14:24:46"
"	6A0C0938","	Ambient","	1","	B01??(%RH)","	78.6","	2026-07-28 14:24:44"
"	6A0C0938","	Ambient","	1","	B01??(?)","	21.7","	2026-07-28 14:24:44"
"	6A0C0938","	Ambient","	1","	B01??(%RH)","	78.6","	2026-07-28 14:24:42"
"	6A0C0938","	Ambient","	1","	B01??(?)","	21.7","	2026-07-28 14:24:42"
"	6A0C0938","	Ambient","	1","	B01??(%RH)","	78.5","	2026-07-28 14:24:40"
"	6A0C0938","	Ambient","	1","	B01??(?)","	21.7","	2026-07-28 14:24:40"
"	6A0C0938","	Ambient","	1","	B01??(%RH)","	78.4","	2026-07-28 14:24:38"
"	6A0C0938","	Ambient","	1","	B01??(?)","	21.7","	2026-07-28 14:24:38"
"	6A0C0938","	Ambient","	1","	B01??(%RH)","	78.2","	2026-07-28 14:24:36"
"	6A0C0938","	Ambient","	1","	B01??(?)","	21.7","	2026-07-28 14:24:36"
"	6A0C0938","	Ambient","	1","	B01??(%RH)","	78.1","	2026-07-28 14:24:34"
"	6A0C0938","	Ambient","	1","	B01??(?)","	21.7","	2026-07-28 14:24:34"
"	6A0C0938","	Ambient","	1","	B01??(%RH)","	77.9","	2026-07-28 14:24:32"
"	6A0C0938","	Ambient","	1","	B01??(?)","	21.7","	2026-07-28 14:24:32"
"	6A0C0938","	Ambient","	1","	B01??(%RH)","	77.8","	2026-07-28 14:24:29"
"	6A0C0938","	Ambient","	1","	B01??(?)","	21.8","	2026-07-28 14:24:29"
"	6A0C0938","	Ambient","	1","	B01??(%RH)","	77.7","	2026-07-28 14:24:27"
"	6A0C0938","	Ambient","	1","	B01??(?)","	21.7","	2026-07-28 14:24:27"
"	6A0C0938","	Ambient","	1","	B01??(%RH)","	77.6","	2026-07-28 14:24:25"
"	6A0C0938","	Ambient","	1","	B01??(?)","	21.8","	2026-07-28 14:24:25"
"	6A0C0938","	Ambient","	1","	B01??(%RH)","	77.5","	2026-07-28 14:24:23"
"	6A0C0938","	Ambient","	1","	B01??(?)","	21.7","	2026-07-28 14:24:23"
"	6A0C0938","	Ambient","	1","	B01??(%RH)","	77.5","	2026-07-28 14:24:21"
"	6A0C0938","	Ambient","	1","	B01??(?)","	21.7","	2026-07-28 14:24:21"
"	6A0C0938","	Ambient","	1","	B01??(%RH)","	77.5","	2026-07-28 14:24:19"
"	6A0C0938","	Ambient","	1","	B01??(?)","	21.7","	2026-07-28 14:24:19"
"	6A0C0938","	Ambient","	1","	B01??(%RH)","	77.5","	2026-07-28 14:24:17"
"	6A0C0938","	Ambient","	1","	B01??(?)","	21.7","	2026-07-28 14:24:17"
"	6A0C0938","	Ambient","	1","	B01??(%RH)","	77.6","	2026-07-28 14:24:15"
"	6A0C0938","	Ambient","	1","	B01??(?)","	21.7","	2026-07-28 14:24:15"
"	6A0C0938","	Ambient","	1","	B01??(%RH)","	77.8","	2026-07-28 14:24:13"
"	6A0C0938","	Ambient","	1","	B01??(?)","	21.7","	2026-07-28 14:24:13"
"	6A0C0938","	Ambient","	1","	B01??(%RH)","	77.9","	2026-07-28 14:24:11"
"	6A0C0938","	Ambient","	1","	B01??(?)","	21.7","	2026-07-28 14:24:11"
"	6A0C0938","	Ambient","	1","	B01??(%RH)","	78","	2026-07-28 14:24:09"
"	6A0C0938","	Ambient","	1","	B01??(?)","	21.7","	2026-07-28 14:24:09"
"	6A0C0938","	Ambient","	1","	B01??(%RH)","	78","	2026-07-28 14:24:07"
"	6A0C0938","	Ambient","	1","	B01??(?)","	21.7","	2026-07-28 14:24:07"
"	6A0C0938","	Ambient","	1","	B01??(%RH)","	78.1","	2026-07-28 14:24:05"
"	6A0C0938","	Ambient","	1","	B01??(?)","	21.8","	2026-07-28 14:24:05"
"	6A0C0938","	Ambient","	1","	B01??(%RH)","	78.1","	2026-07-28 14:24:03"
"	6A0C0938","	Ambient","	1","	B01??(?)","	21.7","	2026-07-28 14:24:03"
"	6A0C0938","	Ambient","	1","	B01??(%RH)","	78.1","	2026-07-28 14:24:01"
"	6A0C0938","	Ambient","	1","	B01??(?)","	21.8","	2026-07-28 14:24:01"
"	6A0C0938","	Ambient","	1","	B01??(?)","	21.7","	2026-07-28 14:23:59"
"	6A0C0938","	Ambient","	1","	B01??(%RH)","	78.1","	2026-07-28 14:23:59"
"	6A0C0938","	Ambient","	1","	B01??(%RH)","	78","	2026-07-28 14:23:57"
"	6A0C0938","	Ambient","	1","	B01??(?)","	21.7","	2026-07-28 14:23:57"
"	6A0C0938","	Ambient","	1","	B01??(%RH)","	78","	2026-07-28 14:23:55"
"	6A0C0938","	Ambient","	1","	B01??(?)","	21.7","	2026-07-28 14:23:55"
"	6A0C0938","	Ambient","	1","	B01??(%RH)","	78","	2026-07-28 14:23:53"
"	6A0C0938","	Ambient","	1","	B01??(?)","	21.7","	2026-07-28 14:23:53"
"	6A0C0938","	Ambient","	1","	B01??(%RH)","	78.1","	2026-07-28 14:23:51"
"	6A0C0938","	Ambient","	1","	B01??(?)","	21.7","	2026-07-28 14:23:51"
"	6A0C0938","	Ambient","	1","	B01??(%RH)","	78.1","	2026-07-28 14:23:49"
"	6A0C0938","	Ambient","	1","	B01??(?)","	21.7","	2026-07-28 14:23:49"
"	6A0C0938","	Ambient","	1","	B01??(%RH)","	78.2","	2026-07-28 14:23:46"
"	6A0C0938","	Ambient","	1","	B01??(?)","	21.7","	2026-07-28 14:23:46"
"	6A0C0938","	Ambient","	1","	B01??(%RH)","	78.2","	2026-07-28 14:23:44"
"	6A0C0938","	Ambient","	1","	B01??(?)","	21.7","	2026-07-28 14:23:44"
"	6A0C0938","	Ambient","	1","	B01??(%RH)","	78.2","	2026-07-28 14:23:42"
"	6A0C0938","	Ambient","	1","	B01??(?)","	21.7","	2026-07-28 14:23:42"
"	6A0C0938","	Ambient","	1","	B01??(%RH)","	78.2","	2026-07-28 14:23:40"
"	6A0C0938","	Ambient","	1","	B01??(?)","	21.7","	2026-07-28 14:23:40"
"	6A0C0938","	Ambient","	1","	B01??(%RH)","	78.2","	2026-07-28 14:23:38"
"	6A0C0938","	Ambient","	1","	B01??(?)","	21.7","	2026-07-28 14:23:38"
"	6A0C0938","	Ambient","	1","	B01??(%RH)","	78.2","	2026-07-28 14:23:36"
"	6A0C0938","	Ambient","	1","	B01??(?)","	21.7","	2026-07-28 14:23:36"
"	6A0C0938","	Ambient","	1","	B01??(%RH)","	78.2","	2026-07-28 14:23:34"
"	6A0C0938","	Ambient","	1","	B01??(?)","	21.7","	2026-07-28 14:23:34"
"	6A0C0938","	Ambient","	1","	B01??(%RH)","	78.3","	2026-07-28 14:23:32"
"	6A0C0938","	Ambient","	1","	B01??(?)","	21.8","	2026-07-28 14:23:32"
"	6A0C0938","	Ambient","	1","	B01??(%RH)","	78.3","	2026-07-28 14:23:30"
"	6A0C0938","	Ambient","	1","	B01??(?)","	21.7","	2026-07-28 14:23:30"
"	6A0C0938","	Ambient","	1","	B01??(%RH)","	78.4","	2026-07-28 14:23:28"
"	6A0C0938","	Ambient","	1","	B01??(?)","	21.7","	2026-07-28 14:23:28"
"	6A0C0938","	Ambient","	1","	B01??(%RH)","	78.3","	2026-07-28 14:23:26"
"	6A0C0938","	Ambient","	1","	B01??(?)","	21.7","	2026-07-28 14:23:26"
"	6A0C0938","	Ambient","	1","	B01??(%RH)","	78.2","	2026-07-28 14:23:24"
"	6A0C0938","	Ambient","	1","	B01??(?)","	21.8","	2026-07-28 14:23:24"
"	6A0C0938","	Ambient","	1","	B01??(%RH)","	78","	2026-07-28 14:23:22"
"	6A0C0938","	Ambient","	1","	B01??(?)","	21.7","	2026-07-28 14:23:22"
"	6A0C0938","	Ambient","	1","	B01??(%RH)","	77.8","	2026-07-28 14:23:20"
"	6A0C0938","	Ambient","	1","	B01??(?)","	21.7","	2026-07-28 14:23:20"
"	6A0C0938","	Ambient","	1","	B01??(%RH)","	77.6","	2026-07-28 14:23:18"
"	6A0C0938","	Ambient","	1","	B01??(?)","	21.7","	2026-07-28 14:23:18"
"	6A0C0938","	Ambient","	1","	B01??(%RH)","	77.5","	2026-07-28 14:23:16"
"	6A0C0938","	Ambient","	1","	B01??(?)","	21.7","	2026-07-28 14:23:16"
"	6A0C0938","	Ambient","	1","	B01??(%RH)","	77.4","	2026-07-28 14:23:14"
"	6A0C0938","	Ambient","	1","	B01??(?)","	21.7","	2026-07-28 14:23:14"
"	6A0C0938","	Ambient","	1","	B01??(%RH)","	77.3","	2026-07-28 14:23:12"
"	6A0C0938","	Ambient","	1","	B01??(?)","	21.7","	2026-07-28 14:23:12"
"	6A0C0938","	Ambient","	1","	B01??(%RH)","	77.3","	2026-07-28 14:23:10"
"	6A0C0938","	Ambient","	1","	B01??(?)","	21.7","	2026-07-28 14:23:10"
"	6A0C0938","	Ambient","	1","	B01??(%RH)","	77.3","	2026-07-28 14:23:08"
"	6A0C0938","	Ambient","	1","	B01??(?)","	21.7","	2026-07-28 14:23:08"
"	6A0C0938","	Ambient","	1","	B01??(%RH)","	77.3","	2026-07-28 14:23:05"
"	6A0C0938","	Ambient","	1","	B01??(?)","	21.7","	2026-07-28 14:23:05"
"	6A0C0938","	Ambient","	1","	B01??(%RH)","	77.4","	2026-07-28 14:23:03"
"	6A0C0938","	Ambient","	1","	B01??(?)","	21.7","	2026-07-28 14:23:03"
"	6A0C0938","	Ambient","	1","	B01??(%RH)","	77.5","	2026-07-28 14:23:01"
"	6A0C0938","	Ambient","	1","	B01??(?)","	21.7","	2026-07-28 14:23:01"
"	6A0C0938","	Ambient","	1","	B01??(%RH)","	77.6","	2026-07-28 14:22:59"
"	6A0C0938","	Ambient","	1","	B01??(?)","	21.7","	2026-07-28 14:22:59"
"	6A0C0938","	Ambient","	1","	B01??(%RH)","	77.8","	2026-07-28 14:22:57"
"	6A0C0938","	Ambient","	1","	B01??(?)","	21.7","	2026-07-28 14:22:57"
"	6A0C0938","	Ambient","	1","	B01??(%RH)","	77.9","	2026-07-28 14:22:55"
"	6A0C0938","	Ambient","	1","	B01??(?)","	21.7","	2026-07-28 14:22:55"
"	6A0C0938","	Ambient","	1","	B01??(%RH)","	78","	2026-07-28 14:22:53"
"	6A0C0938","	Ambient","	1","	B01??(?)","	21.7","	2026-07-28 14:22:53"
"	6A0C0938","	Ambient","	1","	B01??(%RH)","	78","	2026-07-28 14:22:51"
"	6A0C0938","	Ambient","	1","	B01??(?)","	21.7","	2026-07-28 14:22:51"
"	6A0C0938","	Ambient","	1","	B01??(%RH)","	78","	2026-07-28 14:22:49"
"	6A0C0938","	Ambient","	1","	B01??(?)","	21.8","	2026-07-28 14:22:49"
"	6A0C0938","	Ambient","	1","	B01??(%RH)","	78","	2026-07-28 14:22:47"
"	6A0C0938","	Ambient","	1","	B01??(?)","	21.7","	2026-07-28 14:22:47"
"	6A0C0938","	Ambient","	1","	B01??(%RH)","	78","	2026-07-28 14:22:45"
"	6A0C0938","	Ambient","	1","	B01??(?)","	21.7","	2026-07-28 14:22:45"
"	6A0C0938","	Ambient","	1","	B01??(%RH)","	78","	2026-07-28 14:22:43"
"	6A0C0938","	Ambient","	1","	B01??(?)","	21.7","	2026-07-28 14:22:43"
"	6A0C0938","	Ambient","	1","	B01??(%RH)","	77.9","	2026-07-28 14:22:41"
"	6A0C0938","	Ambient","	1","	B01??(?)","	21.7","	2026-07-28 14:22:41"
"	6A0C0938","	Ambient","	1","	B01??(%RH)","	77.8","	2026-07-28 14:22:39"
"	6A0C0938","	Ambient","	1","	B01??(?)","	21.7","	2026-07-28 14:22:39"
"	6A0C0938","	Ambient","	1","	B01??(%RH)","	77.7","	2026-07-28 14:22:37"
"	6A0C0938","	Ambient","	1","	B01??(?)","	21.7","	2026-07-28 14:22:37"
"	6A0C0938","	Ambient","	1","	B01??(%RH)","	77.6","	2026-07-28 14:22:35"
"	6A0C0938","	Ambient","	1","	B01??(?)","	21.7","	2026-07-28 14:22:35"
"	6A0C0938","	Ambient","	1","	B01??(%RH)","	77.6","	2026-07-28 14:22:33"
"	6A0C0938","	Ambient","	1","	B01??(?)","	21.8","	2026-07-28 14:22:33"
"	6A0C0938","	Ambient","	1","	B01??(%RH)","	77.5","	2026-07-28 14:22:31"
"	6A0C0938","	Ambient","	1","	B01??(?)","	21.7","	2026-07-28 14:22:31"
"	6A0C0938","	Ambient","	1","	B01??(%RH)","	77.4","	2026-07-28 14:22:29"
"	6A0C0938","	Ambient","	1","	B01??(?)","	21.7","	2026-07-28 14:22:29"
"	6A0C0938","	Ambient","	1","	B01??(%RH)","	77.3","	2026-07-28 14:22:27"
"	6A0C0938","	Ambient","	1","	B01??(?)","	21.7","	2026-07-28 14:22:27"
"	6A0C0938","	Ambient","	1","	B01??(%RH)","	77.2","	2026-07-28 14:22:24"
"	6A0C0938","	Ambient","	1","	B01??(?)","	21.7","	2026-07-28 14:22:24"
"	6A0C0938","	Ambient","	1","	B01??(%RH)","	77.1","	2026-07-28 14:22:22"
"	6A0C0938","	Ambient","	1","	B01??(?)","	21.7","	2026-07-28 14:22:22"
"	6A0C0938","	Ambient","	1","	B01??(%RH)","	77.1","	2026-07-28 14:22:20"
"	6A0C0938","	Ambient","	1","	B01??(?)","	21.7","	2026-07-28 14:22:20"
"	6A0C0938","	Ambient","	1","	B01??(%RH)","	77.1","	2026-07-28 14:22:18"
"	6A0C0938","	Ambient","	1","	B01??(?)","	21.7","	2026-07-28 14:22:18"
"	6A0C0938","	Ambient","	1","	B01??(%RH)","	77","	2026-07-28 14:22:16"
"	6A0C0938","	Ambient","	1","	B01??(?)","	21.8","	2026-07-28 14:22:16"
"	6A0C0938","	Ambient","	1","	B01??(%RH)","	77","	2026-07-28 14:22:14"
"	6A0C0938","	Ambient","	1","	B01??(?)","	21.8","	2026-07-28 14:22:14"
"	6A0C0938","	Ambient","	1","	B01??(%RH)","	76.9","	2026-07-28 14:22:12"
"	6A0C0938","	Ambient","	1","	B01??(?)","	21.7","	2026-07-28 14:22:12"
"	6A0C0938","	Ambient","	1","	B01??(%RH)","	76.8","	2026-07-28 14:22:10"
"	6A0C0938","	Ambient","	1","	B01??(?)","	21.7","	2026-07-28 14:22:10"
"	6A0C0938","	Ambient","	1","	B01??(%RH)","	76.7","	2026-07-28 14:22:08"
"	6A0C0938","	Ambient","	1","	B01??(?)","	21.7","	2026-07-28 14:22:08"
"	6A0C0938","	Ambient","	1","	B01??(%RH)","	76.7","	2026-07-28 14:22:06"
"	6A0C0938","	Ambient","	1","	B01??(?)","	21.7","	2026-07-28 14:22:06"
"	6A0C0938","	Ambient","	1","	B01??(%RH)","	76.6","	2026-07-28 14:22:04"
"	6A0C0938","	Ambient","	1","	B01??(?)","	21.7","	2026-07-28 14:22:04"
"	6A0C0938","	Ambient","	1","	B01??(%RH)","	76.6","	2026-07-28 14:22:02"
"	6A0C0938","	Ambient","	1","	B01??(?)","	21.7","	2026-07-28 14:22:02"
"	6A0C0938","	Ambient","	1","	B01??(%RH)","	76.6","	2026-07-28 14:22:00"
"	6A0C0938","	Ambient","	1","	B01??(?)","	21.7","	2026-07-28 14:22:00"
"	6A0C0938","	Ambient","	1","	B01??(%RH)","	76.5","	2026-07-28 14:21:58"
"	6A0C0938","	Ambient","	1","	B01??(?)","	21.7","	2026-07-28 14:21:58"
"	6A0C0938","	Ambient","	1","	B01??(%RH)","	76.4","	2026-07-28 14:21:56"
"	6A0C0938","	Ambient","	1","	B01??(?)","	21.7","	2026-07-28 14:21:56"
"	6A0C0938","	Ambient","	1","	B01??(%RH)","	76.3","	2026-07-28 14:21:54"
"	6A0C0938","	Ambient","	1","	B01??(?)","	21.7","	2026-07-28 14:21:54"
"	6A0C0938","	Ambient","	1","	B01??(%RH)","	76.3","	2026-07-28 14:21:52"
"	6A0C0938","	Ambient","	1","	B01??(?)","	21.7","	2026-07-28 14:21:52"
"	6A0C0938","	Ambient","	1","	B01??(%RH)","	76.6","	2026-07-28 14:21:50"
"	6A0C0938","	Ambient","	1","	B01??(?)","	21.7","	2026-07-28 14:21:50"
"	6A0C0938","	Ambient","	1","	B01??(%RH)","	76.8","	2026-07-28 14:21:48"
"	6A0C0938","	Ambient","	1","	B01??(?)","	21.7","	2026-07-28 14:21:48"
"	6A0C0938","	Ambient","	1","	B01??(%RH)","	77","	2026-07-28 14:21:46"
"	6A0C0938","	Ambient","	1","	B01??(?)","	21.7","	2026-07-28 14:21:46"
"	6A0C0938","	Ambient","	1","	B01??(%RH)","	77.2","	2026-07-28 14:21:44"
"	6A0C0938","	Ambient","	1","	B01??(?)","	21.7","	2026-07-28 14:21:44"
"	6A0C0938","	Ambient","	1","	B01??(%RH)","	77.3","	2026-07-28 14:21:41"
"	6A0C0938","	Ambient","	1","	B01??(?)","	21.7","	2026-07-28 14:21:41"
"	6A0C0938","	Ambient","	1","	B01??(%RH)","	77.4","	2026-07-28 14:21:39"
"	6A0C0938","	Ambient","	1","	B01??(?)","	21.7","	2026-07-28 14:21:39"
"	6A0C0938","	Ambient","	1","	B01??(%RH)","	77.5","	2026-07-28 14:21:37"
"	6A0C0938","	Ambient","	1","	B01??(?)","	21.7","	2026-07-28 14:21:37"
"	6A0C0938","	Ambient","	1","	B01??(%RH)","	77.4","	2026-07-28 14:21:35"
"	6A0C0938","	Ambient","	1","	B01??(?)","	21.7","	2026-07-28 14:21:35"
"	6A0C0938","	Ambient","	1","	B01??(%RH)","	77.3","	2026-07-28 14:21:33"
"	6A0C0938","	Ambient","	1","	B01??(?)","	21.8","	2026-07-28 14:21:33"
"	6A0C0938","	Ambient","	1","	B01??(%RH)","	77.2","	2026-07-28 14:21:31"
"	6A0C0938","	Ambient","	1","	B01??(?)","	21.7","	2026-07-28 14:21:31"
"	6A0C0938","	Ambient","	1","	B01??(%RH)","	77.2","	2026-07-28 14:21:29"
"	6A0C0938","	Ambient","	1","	B01??(?)","	21.7","	2026-07-28 14:21:29"
"	6A0C0938","	Ambient","	1","	B01??(%RH)","	77.1","	2026-07-28 14:21:27"
"	6A0C0938","	Ambient","	1","	B01??(?)","	21.7","	2026-07-28 14:21:27"
"	6A0C0938","	Ambient","	1","	B01??(%RH)","	77.1","	2026-07-28 14:21:25"
"	6A0C0938","	Ambient","	1","	B01??(?)","	21.7","	2026-07-28 14:21:25"
"	6A0C0938","	Ambient","	1","	B01??(%RH)","	77.2","	2026-07-28 14:21:23"
"	6A0C0938","	Ambient","	1","	B01??(?)","	21.7","	2026-07-28 14:21:23"
"	6A0C0938","	Ambient","	1","	B01??(%RH)","	77.3","	2026-07-28 14:21:21"
"	6A0C0938","	Ambient","	1","	B01??(?)","	21.7","	2026-07-28 14:21:21"
"	6A0C0938","	Ambient","	1","	B01??(%RH)","	77.4","	2026-07-28 14:21:19"
"	6A0C0938","	Ambient","	1","	B01??(?)","	21.7","	2026-07-28 14:21:19"
"	6A0C0938","	Ambient","	1","	B01??(%RH)","	77.6","	2026-07-28 14:21:17"
"	6A0C0938","	Ambient","	1","	B01??(?)","	21.7","	2026-07-28 14:21:17"
"	6A0C0938","	Ambient","	1","	B01??(%RH)","	77.9","	2026-07-28 14:21:15"
"	6A0C0938","	Ambient","	1","	B01??(?)","	21.7","	2026-07-28 14:21:15"
"	6A0C0938","	Ambient","	1","	B01??(%RH)","	78.2","	2026-07-28 14:21:13"
"	6A0C0938","	Ambient","	1","	B01??(?)","	21.8","	2026-07-28 14:21:13"
"	6A0C0938","	Ambient","	1","	B01??(%RH)","	78.5","	2026-07-28 14:21:11"
"	6A0C0938","	Ambient","	1","	B01??(?)","	21.8","	2026-07-28 14:21:11"
"	6A0C0938","	Ambient","	1","	B01??(%RH)","	78.7","	2026-07-28 14:21:09"
"	6A0C0938","	Ambient","	1","	B01??(?)","	21.8","	2026-07-28 14:21:09"
"	6A0C0938","	Ambient","	1","	B01??(%RH)","	78.8","	2026-07-28 14:21:07"
"	6A0C0938","	Ambient","	1","	B01??(?)","	21.7","	2026-07-28 14:21:07"
"	6A0C0938","	Ambient","	1","	B01??(%RH)","	78.8","	2026-07-28 14:21:05"
"	6A0C0938","	Ambient","	1","	B01??(?)","	21.7","	2026-07-28 14:21:05"
"	6A0C0938","	Ambient","	1","	B01??(%RH)","	78.8","	2026-07-28 14:21:03"
"	6A0C0938","	Ambient","	1","	B01??(?)","	21.7","	2026-07-28 14:21:03"
"	6A0C0938","	Ambient","	1","	B01??(?)","	21.7","	2026-07-28 14:21:01"
"	6A0C0938","	Ambient","	1","	B01??(%RH)","	78.8","	2026-07-28 14:21:01"
"	6A0C0938","	Ambient","	1","	B01??(%RH)","	78.7","	2026-07-28 14:20:58"
"	6A0C0938","	Ambient","	1","	B01??(?)","	21.8","	2026-07-28 14:20:58"
"	6A0C0938","	Ambient","	1","	B01??(%RH)","	78.6","	2026-07-28 14:20:56"
"	6A0C0938","	Ambient","	1","	B01??(?)","	21.7","	2026-07-28 14:20:56"
"	6A0C0938","	Ambient","	1","	B01??(%RH)","	78.4","	2026-07-28 14:20:54"
"	6A0C0938","	Ambient","	1","	B01??(?)","	21.7","	2026-07-28 14:20:54"
"	6A0C0938","	Ambient","	1","	B01??(%RH)","	78.3","	2026-07-28 14:20:52"
"	6A0C0938","	Ambient","	1","	B01??(?)","	21.8","	2026-07-28 14:20:52"
"	6A0C0938","	Ambient","	1","	B01??(%RH)","	78.1","	2026-07-28 14:20:50"
"	6A0C0938","	Ambient","	1","	B01??(?)","	21.7","	2026-07-28 14:20:50"
"	6A0C0938","	Ambient","	1","	B01??(%RH)","	77.9","	2026-07-28 14:20:48"
"	6A0C0938","	Ambient","	1","	B01??(?)","	21.8","	2026-07-28 14:20:48"
"	6A0C0938","	Ambient","	1","	B01??(%RH)","	77.7","	2026-07-28 14:20:46"
"	6A0C0938","	Ambient","	1","	B01??(?)","	21.7","	2026-07-28 14:20:46"
"	6A0C0938","	Ambient","	1","	B01??(%RH)","	77.6","	2026-07-28 14:20:44"
"	6A0C0938","	Ambient","	1","	B01??(?)","	21.8","	2026-07-28 14:20:44"
"	6A0C0938","	Ambient","	1","	B01??(?)","	21.8","	2026-07-28 14:20:42"
"	6A0C0938","	Ambient","	1","	B01??(%RH)","	77.6","	2026-07-28 14:20:42"
"	6A0C0938","	Ambient","	1","	B01??(%RH)","	77.5","	2026-07-28 14:20:40"
"	6A0C0938","	Ambient","	1","	B01??(?)","	21.7","	2026-07-28 14:20:40"
"	6A0C0938","	Ambient","	1","	B01??(%RH)","	77.4","	2026-07-28 14:20:38"
"	6A0C0938","	Ambient","	1","	B01??(?)","	21.7","	2026-07-28 14:20:38"
"	6A0C0938","	Ambient","	1","	B01??(?)","	21.7","	2026-07-28 14:20:36"
"	6A0C0938","	Ambient","	1","	B01??(%RH)","	77.3","	2026-07-28 14:20:36"
"	6A0C0938","	Ambient","	1","	B01??(%RH)","	77.2","	2026-07-28 14:20:34"
"	6A0C0938","	Ambient","	1","	B01??(?)","	21.8","	2026-07-28 14:20:34"
"	6A0C0938","	Ambient","	1","	B01??(%RH)","	77.1","	2026-07-28 14:20:32"
"	6A0C0938","	Ambient","	1","	B01??(?)","	21.8","	2026-07-28 14:20:32"
"	6A0C0938","	Ambient","	1","	B01??(%RH)","	76.9","	2026-07-28 14:20:30"
"	6A0C0938","	Ambient","	1","	B01??(?)","	21.8","	2026-07-28 14:20:30"
"	6A0C0938","	Ambient","	1","	B01??(%RH)","	76.8","	2026-07-28 14:20:28"
"	6A0C0938","	Ambient","	1","	B01??(?)","	21.7","	2026-07-28 14:20:28"
"	6A0C0938","	Ambient","	1","	B01??(%RH)","	76.6","	2026-07-28 14:20:26"
"	6A0C0938","	Ambient","	1","	B01??(?)","	21.8","	2026-07-28 14:20:26"
"	6A0C0938","	Ambient","	1","	B01??(%RH)","	76.5","	2026-07-28 14:20:24"
"	6A0C0938","	Ambient","	1","	B01??(?)","	21.8","	2026-07-28 14:20:24"
"	6A0C0938","	Ambient","	1","	B01??(%RH)","	76.4","	2026-07-28 14:20:22"
"	6A0C0938","	Ambient","	1","	B01??(?)","	21.7","	2026-07-28 14:20:22"
"	6A0C0938","	Ambient","	1","	B01??(%RH)","	76.4","	2026-07-28 14:20:20"
"	6A0C0938","	Ambient","	1","	B01??(?)","	21.8","	2026-07-28 14:20:20"
"	6A0C0938","	Ambient","	1","	B01??(%RH)","	76.3","	2026-07-28 14:20:17"
"	6A0C0938","	Ambient","	1","	B01??(?)","	21.7","	2026-07-28 14:20:17"
"	6A0C0938","	Ambient","	1","	B01??(%RH)","	76.4","	2026-07-28 14:20:15"
"	6A0C0938","	Ambient","	1","	B01??(?)","	21.7","	2026-07-28 14:20:15"
"	6A0C0938","	Ambient","	1","	B01??(%RH)","	76.3","	2026-07-28 14:20:13"
"	6A0C0938","	Ambient","	1","	B01??(?)","	21.7","	2026-07-28 14:20:13"
"	6A0C0938","	Ambient","	1","	B01??(%RH)","	76.3","	2026-07-28 14:20:11"
"	6A0C0938","	Ambient","	1","	B01??(?)","	21.7","	2026-07-28 14:20:11"
"	6A0C0938","	Ambient","	1","	B01??(%RH)","	76.1","	2026-07-28 14:20:09"
"	6A0C0938","	Ambient","	1","	B01??(?)","	21.8","	2026-07-28 14:20:09"
"	6A0C0938","	Ambient","	1","	B01??(%RH)","	76","	2026-07-28 14:20:07"
"	6A0C0938","	Ambient","	1","	B01??(?)","	21.8","	2026-07-28 14:20:07"
"	6A0C0938","	Ambient","	1","	B01??(%RH)","	75.9","	2026-07-28 14:20:05"
"	6A0C0938","	Ambient","	1","	B01??(?)","	21.8","	2026-07-28 14:20:05"
"	6A0C0938","	Ambient","	1","	B01??(%RH)","	75.7","	2026-07-28 14:20:03"
"	6A0C0938","	Ambient","	1","	B01??(?)","	21.7","	2026-07-28 14:20:03"
"	6A0C0938","	Ambient","	1","	B01??(%RH)","	75.6","	2026-07-28 14:20:01"
"	6A0C0938","	Ambient","	1","	B01??(?)","	21.7","	2026-07-28 14:20:01"
"	6A0C0938","	Ambient","	1","	B01??(%RH)","	75.6","	2026-07-28 14:19:59"
"	6A0C0938","	Ambient","	1","	B01??(?)","	21.7","	2026-07-28 14:19:59"
"	6A0C0938","	Ambient","	1","	B01??(%RH)","	75.7","	2026-07-28 14:19:57"
"	6A0C0938","	Ambient","	1","	B01??(?)","	21.7","	2026-07-28 14:19:57"
"	6A0C0938","	Ambient","	1","	B01??(%RH)","	76","	2026-07-28 14:19:55"
"	6A0C0938","	Ambient","	1","	B01??(?)","	21.8","	2026-07-28 14:19:55"
"	6A0C0938","	Ambient","	1","	B01??(?)","	21.8","	2026-07-28 14:19:53"
"	6A0C0938","	Ambient","	1","	B01??(%RH)","	76.2","	2026-07-28 14:19:53"
"	6A0C0938","	Ambient","	1","	B01??(%RH)","	76.5","	2026-07-28 14:19:51"
"	6A0C0938","	Ambient","	1","	B01??(?)","	21.7","	2026-07-28 14:19:51"
"	6A0C0938","	Ambient","	1","	B01??(%RH)","	76.9","	2026-07-28 14:19:49"
"	6A0C0938","	Ambient","	1","	B01??(?)","	21.7","	2026-07-28 14:19:49"
"	6A0C0938","	Ambient","	1","	B01??(%RH)","	77.2","	2026-07-28 14:19:47"
"	6A0C0938","	Ambient","	1","	B01??(?)","	21.7","	2026-07-28 14:19:47"
"	6A0C0938","	Ambient","	1","	B01??(%RH)","	77.6","	2026-07-28 14:19:45"
"	6A0C0938","	Ambient","	1","	B01??(?)","	21.8","	2026-07-28 14:19:45"
"	6A0C0938","	Ambient","	1","	B01??(%RH)","	77.8","	2026-07-28 14:19:43"
"	6A0C0938","	Ambient","	1","	B01??(?)","	21.8","	2026-07-28 14:19:43"
"	6A0C0938","	Ambient","	1","	B01??(%RH)","	78","	2026-07-28 14:19:41"
"	6A0C0938","	Ambient","	1","	B01??(?)","	21.8","	2026-07-28 14:19:41"
"	6A0C0938","	Ambient","	1","	B01??(%RH)","	78.1","	2026-07-28 14:19:39"
"	6A0C0938","	Ambient","	1","	B01??(?)","	21.8","	2026-07-28 14:19:39"
"	6A0C0938","	Ambient","	1","	B01??(%RH)","	78.2","	2026-07-28 14:19:37"
"	6A0C0938","	Ambient","	1","	B01??(?)","	21.7","	2026-07-28 14:19:37"
"	6A0C0938","	Ambient","	1","	B01??(?)","	21.7","	2026-07-28 14:19:34"
"	6A0C0938","	Ambient","	1","	B01??(%RH)","	78.2","	2026-07-28 14:19:34"
"	6A0C0938","	Ambient","	1","	B01??(%RH)","	78.2","	2026-07-28 14:19:32"
"	6A0C0938","	Ambient","	1","	B01??(?)","	21.8","	2026-07-28 14:19:32"
"	6A0C0938","	Ambient","	1","	B01??(%RH)","	78.2","	2026-07-28 14:19:30"
"	6A0C0938","	Ambient","	1","	B01??(?)","	21.8","	2026-07-28 14:19:30"
"	6A0C0938","	Ambient","	1","	B01??(?)","	21.8","	2026-07-28 14:19:28"
"	6A0C0938","	Ambient","	1","	B01??(%RH)","	78.1","	2026-07-28 14:19:28"
"	6A0C0938","	Ambient","	1","	B01??(%RH)","	78","	2026-07-28 14:19:26"
"	6A0C0938","	Ambient","	1","	B01??(?)","	21.8","	2026-07-28 14:19:26"
"	6A0C0938","	Ambient","	1","	B01??(%RH)","	78.1","	2026-07-28 14:19:24"
"	6A0C0938","	Ambient","	1","	B01??(?)","	21.8","	2026-07-28 14:19:24"
"	6A0C0938","	Ambient","	1","	B01??(?)","	21.8","	2026-07-28 14:19:22"
"	6A0C0938","	Ambient","	1","	B01??(%RH)","	78.1","	2026-07-28 14:19:22"
"	6A0C0938","	Ambient","	1","	B01??(%RH)","	78.2","	2026-07-28 14:19:20"
"	6A0C0938","	Ambient","	1","	B01??(?)","	21.7","	2026-07-28 14:19:20"
"	6A0C0938","	Ambient","	1","	B01??(?)","	21.7","	2026-07-28 14:19:18"
"	6A0C0938","	Ambient","	1","	B01??(%RH)","	78.3","	2026-07-28 14:19:18"
"	6A0C0938","	Ambient","	1","	B01??(%RH)","	78.4","	2026-07-28 14:19:16"
"	6A0C0938","	Ambient","	1","	B01??(?)","	21.7","	2026-07-28 14:19:16"
"	6A0C0938","	Ambient","	1","	B01??(%RH)","	78.4","	2026-07-28 14:19:14"
"	6A0C0938","	Ambient","	1","	B01??(?)","	21.8","	2026-07-28 14:19:14"
"	6A0C0938","	Ambient","	1","	B01??(%RH)","	78.4","	2026-07-28 14:19:12"
"	6A0C0938","	Ambient","	1","	B01??(?)","	21.8","	2026-07-28 14:19:12"
"	6A0C0938","	Ambient","	1","	B01??(%RH)","	78.4","	2026-07-28 14:19:10"
"	6A0C0938","	Ambient","	1","	B01??(?)","	21.7","	2026-07-28 14:19:10"
"	6A0C0938","	Ambient","	1","	B01??(%RH)","	78.3","	2026-07-28 14:19:08"
"	6A0C0938","	Ambient","	1","	B01??(?)","	21.8","	2026-07-28 14:19:08"
"	6A0C0938","	Ambient","	1","	B01??(%RH)","	78.1","	2026-07-28 14:19:06"
"	6A0C0938","	Ambient","	1","	B01??(?)","	21.8","	2026-07-28 14:19:06"
"	6A0C0938","	Ambient","	1","	B01??(%RH)","	78","	2026-07-28 14:19:04"
"	6A0C0938","	Ambient","	1","	B01??(?)","	21.8","	2026-07-28 14:19:04"
"	6A0C0938","	Ambient","	1","	B01??(%RH)","	78","	2026-07-28 14:19:02"
"	6A0C0938","	Ambient","	1","	B01??(?)","	21.7","	2026-07-28 14:19:02"
"	6A0C0938","	Ambient","	1","	B01??(%RH)","	77.9","	2026-07-28 14:19:00"
"	6A0C0938","	Ambient","	1","	B01??(?)","	21.7","	2026-07-28 14:19:00"
"	6A0C0938","	Ambient","	1","	B01??(%RH)","	77.9","	2026-07-28 14:18:58"
"	6A0C0938","	Ambient","	1","	B01??(?)","	21.8","	2026-07-28 14:18:58"
"	6A0C0938","	Ambient","	1","	B01??(%RH)","	77.9","	2026-07-28 14:18:56"
"	6A0C0938","	Ambient","	1","	B01??(?)","	21.7","	2026-07-28 14:18:56"
"	6A0C0938","	Ambient","	1","	B01??(%RH)","	78","	2026-07-28 14:18:54"
"	6A0C0938","	Ambient","	1","	B01??(?)","	21.8","	2026-07-28 14:18:54"
"	6A0C0938","	Ambient","	1","	B01??(%RH)","	78.1","	2026-07-28 14:18:51"
"	6A0C0938","	Ambient","	1","	B01??(?)","	21.7","	2026-07-28 14:18:51"
"	6A0C0938","	Ambient","	1","	B01??(%RH)","	78.2","	2026-07-28 14:18:49"
"	6A0C0938","	Ambient","	1","	B01??(?)","	21.7","	2026-07-28 14:18:49"
"	6A0C0938","	Ambient","	1","	B01??(%RH)","	78.4","	2026-07-28 14:18:47"
"	6A0C0938","	Ambient","	1","	B01??(?)","	21.7","	2026-07-28 14:18:47"
"	6A0C0938","	Ambient","	1","	B01??(%RH)","	78.5","	2026-07-28 14:18:45"
"	6A0C0938","	Ambient","	1","	B01??(?)","	21.7","	2026-07-28 14:18:45"
"	6A0C0938","	Ambient","	1","	B01??(%RH)","	78.5","	2026-07-28 14:18:43"
"	6A0C0938","	Ambient","	1","	B01??(?)","	21.8","	2026-07-28 14:18:43"
"	6A0C0938","	Ambient","	1","	B01??(%RH)","	78.5","	2026-07-28 14:18:41"
"	6A0C0938","	Ambient","	1","	B01??(?)","	21.7","	2026-07-28 14:18:41"
"	6A0C0938","	Ambient","	1","	B01??(%RH)","	78.5","	2026-07-28 14:18:39"
"	6A0C0938","	Ambient","	1","	B01??(?)","	21.8","	2026-07-28 14:18:39"
"	6A0C0938","	Ambient","	1","	B01??(%RH)","	78.6","	2026-07-28 14:18:37"
"	6A0C0938","	Ambient","	1","	B01??(?)","	21.7","	2026-07-28 14:18:37"
"	6A0C0938","	Ambient","	1","	B01??(%RH)","	78.5","	2026-07-28 14:18:35"
"	6A0C0938","	Ambient","	1","	B01??(?)","	21.7","	2026-07-28 14:18:35"
"	6A0C0938","	Ambient","	1","	B01??(%RH)","	78.5","	2026-07-28 14:18:33"
"	6A0C0938","	Ambient","	1","	B01??(?)","	21.7","	2026-07-28 14:18:33"
"	6A0C0938","	Ambient","	1","	B01??(%RH)","	78.5","	2026-07-28 14:18:31"
"	6A0C0938","	Ambient","	1","	B01??(?)","	21.7","	2026-07-28 14:18:31"
"	6A0C0938","	Ambient","	1","	B01??(%RH)","	78.4","	2026-07-28 14:18:29"
"	6A0C0938","	Ambient","	1","	B01??(?)","	21.7","	2026-07-28 14:18:29"
"	6A0C0938","	Ambient","	1","	B01??(%RH)","	78.2","	2026-07-28 14:18:27"
"	6A0C0938","	Ambient","	1","	B01??(?)","	21.7","	2026-07-28 14:18:27"
"	6A0C0938","	Ambient","	1","	B01??(?)","	21.7","	2026-07-28 14:18:25"
"	6A0C0938","	Ambient","	1","	B01??(%RH)","	78.1","	2026-07-28 14:18:25"
"	6A0C0938","	Ambient","	1","	B01??(%RH)","	78","	2026-07-28 14:18:23"
"	6A0C0938","	Ambient","	1","	B01??(?)","	21.7","	2026-07-28 14:18:23"
"	6A0C0938","	Ambient","	1","	B01??(%RH)","	77.9","	2026-07-28 14:18:21"
"	6A0C0938","	Ambient","	1","	B01??(?)","	21.7","	2026-07-28 14:18:21"
"	6A0C0938","	Ambient","	1","	B01??(%RH)","	77.8","	2026-07-28 14:18:19"
"	6A0C0938","	Ambient","	1","	B01??(?)","	21.7","	2026-07-28 14:18:19"
"	6A0C0938","	Ambient","	1","	B01??(%RH)","	77.7","	2026-07-28 14:18:17"
"	6A0C0938","	Ambient","	1","	B01??(?)","	21.7","	2026-07-28 14:18:17"
"	6A0C0938","	Ambient","	1","	B01??(%RH)","	77.7","	2026-07-28 14:18:15"
"	6A0C0938","	Ambient","	1","	B01??(?)","	21.7","	2026-07-28 14:18:15"
"	6A0C0938","	Ambient","	1","	B01??(%RH)","	77.6","	2026-07-28 14:18:13"
"	6A0C0938","	Ambient","	1","	B01??(?)","	21.7","	2026-07-28 14:18:13"
"	6A0C0938","	Ambient","	1","	B01??(%RH)","	77.6","	2026-07-28 14:18:11"
"	6A0C0938","	Ambient","	1","	B01??(?)","	21.7","	2026-07-28 14:18:11"
"	6A0C0938","	Ambient","	1","	B01??(%RH)","	77.7","	2026-07-28 14:18:08"
"	6A0C0938","	Ambient","	1","	B01??(?)","	21.7","	2026-07-28 14:18:08"
"	6A0C0938","	Ambient","	1","	B01??(%RH)","	77.8","	2026-07-28 14:18:06"
"	6A0C0938","	Ambient","	1","	B01??(?)","	21.7","	2026-07-28 14:18:06"
"	6A0C0938","	Ambient","	1","	B01??(%RH)","	78","	2026-07-28 14:18:04"
"	6A0C0938","	Ambient","	1","	B01??(?)","	21.7","	2026-07-28 14:18:04"
"	6A0C0938","	Ambient","	1","	B01??(%RH)","	78.2","	2026-07-28 14:18:02"
"	6A0C0938","	Ambient","	1","	B01??(?)","	21.7","	2026-07-28 14:18:02"
"	6A0C0938","	Ambient","	1","	B01??(%RH)","	78.4","	2026-07-28 14:18:00"
"	6A0C0938","	Ambient","	1","	B01??(?)","	21.7","	2026-07-28 14:18:00"
"	6A0C0938","	Ambient","	1","	B01??(%RH)","	78.5","	2026-07-28 14:17:58"
"	6A0C0938","	Ambient","	1","	B01??(?)","	21.7","	2026-07-28 14:17:58"
"	6A0C0938","	Ambient","	1","	B01??(%RH)","	78.6","	2026-07-28 14:17:56"
"	6A0C0938","	Ambient","	1","	B01??(?)","	21.7","	2026-07-28 14:17:56"
"	6A0C0938","	Ambient","	1","	B01??(%RH)","	78.7","	2026-07-28 14:17:54"
"	6A0C0938","	Ambient","	1","	B01??(?)","	21.7","	2026-07-28 14:17:54"
"	6A0C0938","	Ambient","	1","	B01??(%RH)","	78.7","	2026-07-28 14:17:52"
"	6A0C0938","	Ambient","	1","	B01??(?)","	21.8","	2026-07-28 14:17:52"
"	6A0C0938","	Ambient","	1","	B01??(%RH)","	78.7","	2026-07-28 14:17:50"
"	6A0C0938","	Ambient","	1","	B01??(?)","	21.7","	2026-07-28 14:17:50"
"	6A0C0938","	Ambient","	1","	B01??(%RH)","	78.7","	2026-07-28 14:17:48"
"	6A0C0938","	Ambient","	1","	B01??(?)","	21.7","	2026-07-28 14:17:48"
"	6A0C0938","	Ambient","	1","	B01??(%RH)","	78.8","	2026-07-28 14:17:46"
"	6A0C0938","	Ambient","	1","	B01??(?)","	21.7","	2026-07-28 14:17:46"
"	6A0C0938","	Ambient","	1","	B01??(%RH)","	78.8","	2026-07-28 14:17:44"
"	6A0C0938","	Ambient","	1","	B01??(?)","	21.7","	2026-07-28 14:17:44"
"	6A0C0938","	Ambient","	1","	B01??(%RH)","	78.8","	2026-07-28 14:17:42"
"	6A0C0938","	Ambient","	1","	B01??(?)","	21.7","	2026-07-28 14:17:42"
"	6A0C0938","	Ambient","	1","	B01??(%RH)","	78.9","	2026-07-28 14:17:40"
"	6A0C0938","	Ambient","	1","	B01??(?)","	21.8","	2026-07-28 14:17:40"
"	6A0C0938","	Ambient","	1","	B01??(%RH)","	79","	2026-07-28 14:17:38"
"	6A0C0938","	Ambient","	1","	B01??(?)","	21.7","	2026-07-28 14:17:38"
"	6A0C0938","	Ambient","	1","	B01??(%RH)","	79","	2026-07-28 14:17:36"
"	6A0C0938","	Ambient","	1","	B01??(?)","	21.7","	2026-07-28 14:17:36"
"	6A0C0938","	Ambient","	1","	B01??(%RH)","	78.9","	2026-07-28 14:17:34"
"	6A0C0938","	Ambient","	1","	B01??(?)","	21.7","	2026-07-28 14:17:34"
"	6A0C0938","	Ambient","	1","	B01??(%RH)","	78.9","	2026-07-28 14:17:32"
"	6A0C0938","	Ambient","	1","	B01??(?)","	21.7","	2026-07-28 14:17:32"
"	6A0C0938","	Ambient","	1","	B01??(%RH)","	78.9","	2026-07-28 14:17:30"
"	6A0C0938","	Ambient","	1","	B01??(?)","	21.7","	2026-07-28 14:17:30"
"	6A0C0938","	Ambient","	1","	B01??(%RH)","	78.9","	2026-07-28 14:17:27"
"	6A0C0938","	Ambient","	1","	B01??(?)","	21.7","	2026-07-28 14:17:27"
"	6A0C0938","	Ambient","	1","	B01??(%RH)","	79","	2026-07-28 14:17:25"
"	6A0C0938","	Ambient","	1","	B01??(?)","	21.7","	2026-07-28 14:17:25"
"	6A0C0938","	Ambient","	1","	B01??(%RH)","	79","	2026-07-28 14:17:23"
"	6A0C0938","	Ambient","	1","	B01??(?)","	21.7","	2026-07-28 14:17:23"
"	6A0C0938","	Ambient","	1","	B01??(%RH)","	79","	2026-07-28 14:17:21"
"	6A0C0938","	Ambient","	1","	B01??(?)","	21.7","	2026-07-28 14:17:21"
"	6A0C0938","	Ambient","	1","	B01??(%RH)","	79","	2026-07-28 14:17:19"
"	6A0C0938","	Ambient","	1","	B01??(?)","	21.7","	2026-07-28 14:17:19"
"	6A0C0938","	Ambient","	1","	B01??(%RH)","	78.9","	2026-07-28 14:17:17"
"	6A0C0938","	Ambient","	1","	B01??(?)","	21.7","	2026-07-28 14:17:17"
"	6A0C0938","	Ambient","	1","	B01??(%RH)","	78.8","	2026-07-28 14:17:15"
"	6A0C0938","	Ambient","	1","	B01??(?)","	21.7","	2026-07-28 14:17:15"
"	6A0C0938","	Ambient","	1","	B01??(%RH)","	78.7","	2026-07-28 14:17:13"
"	6A0C0938","	Ambient","	1","	B01??(?)","	21.7","	2026-07-28 14:17:13"
"	6A0C0938","	Ambient","	1","	B01??(%RH)","	78.7","	2026-07-28 14:17:11"
"	6A0C0938","	Ambient","	1","	B01??(?)","	21.7","	2026-07-28 14:17:11"
"	6A0C0938","	Ambient","	1","	B01??(%RH)","	78.6","	2026-07-28 14:17:09"
"	6A0C0938","	Ambient","	1","	B01??(?)","	21.7","	2026-07-28 14:17:09"
"	6A0C0938","	Ambient","	1","	B01??(%RH)","	78.6","	2026-07-28 14:17:07"
"	6A0C0938","	Ambient","	1","	B01??(?)","	21.7","	2026-07-28 14:17:07"
"	6A0C0938","	Ambient","	1","	B01??(%RH)","	78.5","	2026-07-28 14:17:05"
"	6A0C0938","	Ambient","	1","	B01??(?)","	21.7","	2026-07-28 14:17:05"
"	6A0C0938","	Ambient","	1","	B01??(%RH)","	78.5","	2026-07-28 14:17:03"
"	6A0C0938","	Ambient","	1","	B01??(?)","	21.7","	2026-07-28 14:17:03"
"	6A0C0938","	Ambient","	1","	B01??(%RH)","	78.5","	2026-07-28 14:17:01"
"	6A0C0938","	Ambient","	1","	B01??(?)","	21.7","	2026-07-28 14:17:01"
"	6A0C0938","	Ambient","	1","	B01??(%RH)","	78.5","	2026-07-28 14:16:59"
"	6A0C0938","	Ambient","	1","	B01??(?)","	21.7","	2026-07-28 14:16:59"
"	6A0C0938","	Ambient","	1","	B01??(%RH)","	78.5","	2026-07-28 14:16:57"
"	6A0C0938","	Ambient","	1","	B01??(?)","	21.7","	2026-07-28 14:16:57"
"	6A0C0938","	Ambient","	1","	B01??(%RH)","	78.5","	2026-07-28 14:16:55"
"	6A0C0938","	Ambient","	1","	B01??(?)","	21.7","	2026-07-28 14:16:55"
"	6A0C0938","	Ambient","	1","	B01??(%RH)","	78.4","	2026-07-28 14:16:53"
"	6A0C0938","	Ambient","	1","	B01??(?)","	21.7","	2026-07-28 14:16:53"
"	6A0C0938","	Ambient","	1","	B01??(%RH)","	78.3","	2026-07-28 14:16:51"
"	6A0C0938","	Ambient","	1","	B01??(?)","	21.7","	2026-07-28 14:16:51"
"	6A0C0938","	Ambient","	1","	B01??(%RH)","	78.2","	2026-07-28 14:16:49"
"	6A0C0938","	Ambient","	1","	B01??(?)","	21.7","	2026-07-28 14:16:49"
"	6A0C0938","	Ambient","	1","	B01??(%RH)","	78.2","	2026-07-28 14:16:47"
"	6A0C0938","	Ambient","	1","	B01??(?)","	21.7","	2026-07-28 14:16:47"
"	6A0C0938","	Ambient","	1","	B01??(%RH)","	78","	2026-07-28 14:16:44"
"	6A0C0938","	Ambient","	1","	B01??(?)","	21.7","	2026-07-28 14:16:44"
"	6A0C0938","	Ambient","	1","	B01??(%RH)","	78","	2026-07-28 14:16:42"
"	6A0C0938","	Ambient","	1","	B01??(?)","	21.7","	2026-07-28 14:16:42"
"	6A0C0938","	Ambient","	1","	B01??(%RH)","	78","	2026-07-28 14:16:40"
"	6A0C0938","	Ambient","	1","	B01??(?)","	21.7","	2026-07-28 14:16:40"
"	6A0C0938","	Ambient","	1","	B01??(%RH)","	78","	2026-07-28 14:16:38"
"	6A0C0938","	Ambient","	1","	B01??(?)","	21.7","	2026-07-28 14:16:38"
"	6A0C0938","	Ambient","	1","	B01??(%RH)","	78.1","	2026-07-28 14:16:36"
"	6A0C0938","	Ambient","	1","	B01??(?)","	21.7","	2026-07-28 14:16:36"
"	6A0C0938","	Ambient","	1","	B01??(%RH)","	78.2","	2026-07-28 14:16:34"
"	6A0C0938","	Ambient","	1","	B01??(?)","	21.7","	2026-07-28 14:16:34"
"	6A0C0938","	Ambient","	1","	B01??(%RH)","	78.4","	2026-07-28 14:16:32"
"	6A0C0938","	Ambient","	1","	B01??(?)","	21.7","	2026-07-28 14:16:32"
"	6A0C0938","	Ambient","	1","	B01??(%RH)","	78.5","	2026-07-28 14:16:30"
"	6A0C0938","	Ambient","	1","	B01??(?)","	21.7","	2026-07-28 14:16:30"
"	6A0C0938","	Ambient","	1","	B01??(%RH)","	78.6","	2026-07-28 14:16:28"
"	6A0C0938","	Ambient","	1","	B01??(?)","	21.7","	2026-07-28 14:16:28"
"	6A0C0938","	Ambient","	1","	B01??(%RH)","	78.6","	2026-07-28 14:16:26"
"	6A0C0938","	Ambient","	1","	B01??(?)","	21.7","	2026-07-28 14:16:26"
"	6A0C0938","	Ambient","	1","	B01??(%RH)","	78.5","	2026-07-28 14:16:24"
"	6A0C0938","	Ambient","	1","	B01??(?)","	21.7","	2026-07-28 14:16:24"
"	6A0C0938","	Ambient","	1","	B01??(%RH)","	78.4","	2026-07-28 14:16:22"
"	6A0C0938","	Ambient","	1","	B01??(?)","	21.7","	2026-07-28 14:16:22"
"	6A0C0938","	Ambient","	1","	B01??(%RH)","	78.3","	2026-07-28 14:16:20"
"	6A0C0938","	Ambient","	1","	B01??(?)","	21.7","	2026-07-28 14:16:20"
"	6A0C0938","	Ambient","	1","	B01??(%RH)","	78.1","	2026-07-28 14:16:18"
"	6A0C0938","	Ambient","	1","	B01??(?)","	21.7","	2026-07-28 14:16:18"
"	6A0C0938","	Ambient","	1","	B01??(%RH)","	78.1","	2026-07-28 14:16:16"
"	6A0C0938","	Ambient","	1","	B01??(?)","	21.7","	2026-07-28 14:16:16"
"	6A0C0938","	Ambient","	1","	B01??(%RH)","	78.1","	2026-07-28 14:16:14"
"	6A0C0938","	Ambient","	1","	B01??(?)","	21.7","	2026-07-28 14:16:14"
"	6A0C0938","	Ambient","	1","	B01??(%RH)","	78.3","	2026-07-28 14:16:12"
"	6A0C0938","	Ambient","	1","	B01??(?)","	21.7","	2026-07-28 14:16:12"
"	6A0C0938","	Ambient","	1","	B01??(%RH)","	78.5","	2026-07-28 14:16:10"
"	6A0C0938","	Ambient","	1","	B01??(?)","	21.7","	2026-07-28 14:16:10"
"	6A0C0938","	Ambient","	1","	B01??(%RH)","	78.6","	2026-07-28 14:16:08"
"	6A0C0938","	Ambient","	1","	B01??(?)","	21.7","	2026-07-28 14:16:08"
"	6A0C0938","	Ambient","	1","	B01??(%RH)","	78.6","	2026-07-28 14:16:06"
"	6A0C0938","	Ambient","	1","	B01??(?)","	21.7","	2026-07-28 14:16:06"
"	6A0C0938","	Ambient","	1","	B01??(%RH)","	78.7","	2026-07-28 14:16:04"
"	6A0C0938","	Ambient","	1","	B01??(?)","	21.7","	2026-07-28 14:16:04"
"	6A0C0938","	Ambient","	1","	B01??(%RH)","	78.7","	2026-07-28 14:16:01"
"	6A0C0938","	Ambient","	1","	B01??(?)","	21.7","	2026-07-28 14:16:01"
"	6A0C0938","	Ambient","	1","	B01??(%RH)","	78.7","	2026-07-28 14:15:59"
"	6A0C0938","	Ambient","	1","	B01??(?)","	21.7","	2026-07-28 14:15:59"
"	6A0C0938","	Ambient","	1","	B01??(%RH)","	78.7","	2026-07-28 14:15:57"
"	6A0C0938","	Ambient","	1","	B01??(?)","	21.7","	2026-07-28 14:15:57"
"	6A0C0938","	Ambient","	1","	B01??(%RH)","	78.6","	2026-07-28 14:15:55"
"	6A0C0938","	Ambient","	1","	B01??(?)","	21.7","	2026-07-28 14:15:55"
"	6A0C0938","	Ambient","	1","	B01??(%RH)","	78.5","	2026-07-28 14:15:53"
"	6A0C0938","	Ambient","	1","	B01??(?)","	21.7","	2026-07-28 14:15:53"
"	6A0C0938","	Ambient","	1","	B01??(%RH)","	78.4","	2026-07-28 14:15:51"
"	6A0C0938","	Ambient","	1","	B01??(?)","	21.7","	2026-07-28 14:15:51"
"	6A0C0938","	Ambient","	1","	B01??(%RH)","	78.4","	2026-07-28 14:15:49"
"	6A0C0938","	Ambient","	1","	B01??(?)","	21.7","	2026-07-28 14:15:49"
"	6A0C0938","	Ambient","	1","	B01??(%RH)","	78.3","	2026-07-28 14:15:47"
"	6A0C0938","	Ambient","	1","	B01??(?)","	21.7","	2026-07-28 14:15:47"
"	6A0C0938","	Ambient","	1","	B01??(%RH)","	78.2","	2026-07-28 14:15:45"
"	6A0C0938","	Ambient","	1","	B01??(?)","	21.7","	2026-07-28 14:15:45"
"	6A0C0938","	Ambient","	1","	B01??(%RH)","	78.2","	2026-07-28 14:15:43"
"	6A0C0938","	Ambient","	1","	B01??(?)","	21.7","	2026-07-28 14:15:43"
"	6A0C0938","	Ambient","	1","	B01??(%RH)","	78.2","	2026-07-28 14:15:41"
"	6A0C0938","	Ambient","	1","	B01??(?)","	21.7","	2026-07-28 14:15:41"
"	6A0C0938","	Ambient","	1","	B01??(%RH)","	78.2","	2026-07-28 14:15:39"
"	6A0C0938","	Ambient","	1","	B01??(?)","	21.7","	2026-07-28 14:15:39"
"	6A0C0938","	Ambient","	1","	B01??(%RH)","	78.2","	2026-07-28 14:15:37"
"	6A0C0938","	Ambient","	1","	B01??(?)","	21.7","	2026-07-28 14:15:37"
"	6A0C0938","	Ambient","	1","	B01??(%RH)","	78.3","	2026-07-28 14:15:35"
"	6A0C0938","	Ambient","	1","	B01??(?)","	21.7","	2026-07-28 14:15:35"
"	6A0C0938","	Ambient","	1","	B01??(%RH)","	78.5","	2026-07-28 14:15:33"
"	6A0C0938","	Ambient","	1","	B01??(?)","	21.7","	2026-07-28 14:15:33"
"	6A0C0938","	Ambient","	1","	B01??(%RH)","	78.6","	2026-07-28 14:15:31"
"	6A0C0938","	Ambient","	1","	B01??(?)","	21.7","	2026-07-28 14:15:31"
"	6A0C0938","	Ambient","	1","	B01??(%RH)","	78.7","	2026-07-28 14:15:29"
"	6A0C0938","	Ambient","	1","	B01??(?)","	21.7","	2026-07-28 14:15:29"
"	6A0C0938","	Ambient","	1","	B01??(%RH)","	78.8","	2026-07-28 14:15:27"
"	6A0C0938","	Ambient","	1","	B01??(?)","	21.7","	2026-07-28 14:15:27"
"	6A0C0938","	Ambient","	1","	B01??(%RH)","	78.7","	2026-07-28 14:15:25"
"	6A0C0938","	Ambient","	1","	B01??(?)","	21.7","	2026-07-28 14:15:25"
"	6A0C0938","	Ambient","	1","	B01??(%RH)","	78.6","	2026-07-28 14:15:23"
"	6A0C0938","	Ambient","	1","	B01??(?)","	21.7","	2026-07-28 14:15:23"
"	6A0C0938","	Ambient","	1","	B01??(%RH)","	78.4","	2026-07-28 14:15:21"
"	6A0C0938","	Ambient","	1","	B01??(?)","	21.7","	2026-07-28 14:15:21"
"	6A0C0938","	Ambient","	1","	B01??(%RH)","	78.4","	2026-07-28 14:15:18"
"	6A0C0938","	Ambient","	1","	B01??(?)","	21.7","	2026-07-28 14:15:18"
"	6A0C0938","	Ambient","	1","	B01??(%RH)","	78.2","	2026-07-28 14:15:16"
"	6A0C0938","	Ambient","	1","	B01??(?)","	21.7","	2026-07-28 14:15:16"
"	6A0C0938","	Ambient","	1","	B01??(%RH)","	78.2","	2026-07-28 14:15:14"
"	6A0C0938","	Ambient","	1","	B01??(?)","	21.7","	2026-07-28 14:15:14"
"	6A0C0938","	Ambient","	1","	B01??(%RH)","	78.2","	2026-07-28 14:15:12"
"	6A0C0938","	Ambient","	1","	B01??(?)","	21.7","	2026-07-28 14:15:12"
"	6A0C0938","	Ambient","	1","	B01??(%RH)","	78.2","	2026-07-28 14:15:10"
"	6A0C0938","	Ambient","	1","	B01??(?)","	21.7","	2026-07-28 14:15:10"
"	6A0C0938","	Ambient","	1","	B01??(%RH)","	78.2","	2026-07-28 14:15:08"
"	6A0C0938","	Ambient","	1","	B01??(?)","	21.7","	2026-07-28 14:15:08"
"	6A0C0938","	Ambient","	1","	B01??(%RH)","	78.2","	2026-07-28 14:15:06"
"	6A0C0938","	Ambient","	1","	B01??(?)","	21.7","	2026-07-28 14:15:06"
"	6A0C0938","	Ambient","	1","	B01??(%RH)","	78.1","	2026-07-28 14:15:04"
"	6A0C0938","	Ambient","	1","	B01??(?)","	21.7","	2026-07-28 14:15:04"
"	6A0C0938","	Ambient","	1","	B01??(%RH)","	78.1","	2026-07-28 14:15:02"
"	6A0C0938","	Ambient","	1","	B01??(?)","	21.7","	2026-07-28 14:15:02"
"	6A0C0938","	Ambient","	1","	B01??(%RH)","	78.1","	2026-07-28 14:15:00"
"	6A0C0938","	Ambient","	1","	B01??(?)","	21.7","	2026-07-28 14:15:00"
"	6A0C0938","	Ambient","	1","	B01??(%RH)","	78.1","	2026-07-28 14:14:58"
"	6A0C0938","	Ambient","	1","	B01??(?)","	21.7","	2026-07-28 14:14:58"
"	6A0C0938","	Ambient","	1","	B01??(%RH)","	78.1","	2026-07-28 14:14:56"
"	6A0C0938","	Ambient","	1","	B01??(?)","	21.7","	2026-07-28 14:14:56"
"	6A0C0938","	Ambient","	1","	B01??(%RH)","	78.2","	2026-07-28 14:14:54"
"	6A0C0938","	Ambient","	1","	B01??(?)","	21.7","	2026-07-28 14:14:54"
"	6A0C0938","	Ambient","	1","	B01??(%RH)","	78.2","	2026-07-28 14:14:52"
"	6A0C0938","	Ambient","	1","	B01??(?)","	21.7","	2026-07-28 14:14:52"
"	6A0C0938","	Ambient","	1","	B01??(?)","	21.7","	2026-07-28 14:14:50"
"	6A0C0938","	Ambient","	1","	B01??(%RH)","	78.2","	2026-07-28 14:14:50"
"	6A0C0938","	Ambient","	1","	B01??(%RH)","	78.2","	2026-07-28 14:14:48"
"	6A0C0938","	Ambient","	1","	B01??(?)","	21.7","	2026-07-28 14:14:48"
"	6A0C0938","	Ambient","	1","	B01??(%RH)","	78.2","	2026-07-28 14:14:46"
"	6A0C0938","	Ambient","	1","	B01??(?)","	21.7","	2026-07-28 14:14:46"
"	6A0C0938","	Ambient","	1","	B01??(%RH)","	78.2","	2026-07-28 14:14:44"
"	6A0C0938","	Ambient","	1","	B01??(?)","	21.7","	2026-07-28 14:14:44"
"	6A0C0938","	Ambient","	1","	B01??(%RH)","	78.2","	2026-07-28 14:14:41"
"	6A0C0938","	Ambient","	1","	B01??(?)","	21.7","	2026-07-28 14:14:41"
"	6A0C0938","	Ambient","	1","	B01??(%RH)","	78.2","	2026-07-28 14:14:39"
"	6A0C0938","	Ambient","	1","	B01??(?)","	21.7","	2026-07-28 14:14:39"
"	6A0C0938","	Ambient","	1","	B01??(%RH)","	78.1","	2026-07-28 14:14:37"
"	6A0C0938","	Ambient","	1","	B01??(?)","	21.7","	2026-07-28 14:14:37"
"	6A0C0938","	Ambient","	1","	B01??(%RH)","	77.9","	2026-07-28 14:14:35"
"	6A0C0938","	Ambient","	1","	B01??(?)","	21.7","	2026-07-28 14:14:35"
"	6A0C0938","	Ambient","	1","	B01??(%RH)","	77.9","	2026-07-28 14:14:33"
"	6A0C0938","	Ambient","	1","	B01??(?)","	21.7","	2026-07-28 14:14:33"
"	6A0C0938","	Ambient","	1","	B01??(%RH)","	77.9","	2026-07-28 14:14:31"
"	6A0C0938","	Ambient","	1","	B01??(?)","	21.7","	2026-07-28 14:14:31"
"	6A0C0938","	Ambient","	1","	B01??(%RH)","	78","	2026-07-28 14:14:29"
"	6A0C0938","	Ambient","	1","	B01??(?)","	21.7","	2026-07-28 14:14:29"
"	6A0C0938","	Ambient","	1","	B01??(%RH)","	78","	2026-07-28 14:14:27"
"	6A0C0938","	Ambient","	1","	B01??(?)","	21.7","	2026-07-28 14:14:27"
"	6A0C0938","	Ambient","	1","	B01??(%RH)","	78","	2026-07-28 14:14:25"
"	6A0C0938","	Ambient","	1","	B01??(?)","	21.7","	2026-07-28 14:14:25"
"	6A0C0938","	Ambient","	1","	B01??(%RH)","	77.9","	2026-07-28 14:14:23"
"	6A0C0938","	Ambient","	1","	B01??(?)","	21.7","	2026-07-28 14:14:23"
"	6A0C0938","	Ambient","	1","	B01??(%RH)","	77.8","	2026-07-28 14:14:21"
"	6A0C0938","	Ambient","	1","	B01??(?)","	21.7","	2026-07-28 14:14:21"
"	6A0C0938","	Ambient","	1","	B01??(%RH)","	77.7","	2026-07-28 14:14:19"
"	6A0C0938","	Ambient","	1","	B01??(?)","	21.7","	2026-07-28 14:14:19"
"	6A0C0938","	Ambient","	1","	B01??(%RH)","	77.6","	2026-07-28 14:14:17"
"	6A0C0938","	Ambient","	1","	B01??(?)","	21.7","	2026-07-28 14:14:17"
"	6A0C0938","	Ambient","	1","	B01??(%RH)","	77.5","	2026-07-28 14:14:15"
"	6A0C0938","	Ambient","	1","	B01??(?)","	21.7","	2026-07-28 14:14:15"
"	6A0C0938","	Ambient","	1","	B01??(%RH)","	77.3","	2026-07-28 14:14:13"
"	6A0C0938","	Ambient","	1","	B01??(?)","	21.7","	2026-07-28 14:14:13"
"	6A0C0938","	Ambient","	1","	B01??(%RH)","	77.2","	2026-07-28 14:14:11"
"	6A0C0938","	Ambient","	1","	B01??(?)","	21.7","	2026-07-28 14:14:11"
"	6A0C0938","	Ambient","	1","	B01??(%RH)","	77.1","	2026-07-28 14:14:09"
"	6A0C0938","	Ambient","	1","	B01??(?)","	21.7","	2026-07-28 14:14:09"
"	6A0C0938","	Ambient","	1","	B01??(%RH)","	76.9","	2026-07-28 14:14:07"
"	6A0C0938","	Ambient","	1","	B01??(?)","	21.7","	2026-07-28 14:14:07"
"	6A0C0938","	Ambient","	1","	B01??(%RH)","	76.8","	2026-07-28 14:14:05"
"	6A0C0938","	Ambient","	1","	B01??(?)","	21.7","	2026-07-28 14:14:05"
"	6A0C0938","	Ambient","	1","	B01??(%RH)","	76.7","	2026-07-28 14:14:03"
"	6A0C0938","	Ambient","	1","	B01??(?)","	21.7","	2026-07-28 14:14:03"
"	6A0C0938","	Ambient","	1","	B01??(%RH)","	76.6","	2026-07-28 14:14:01"
"	6A0C0938","	Ambient","	1","	B01??(?)","	21.7","	2026-07-28 14:14:01"
"	6A0C0938","	Ambient","	1","	B01??(%RH)","	76.6","	2026-07-28 14:13:58"
"	6A0C0938","	Ambient","	1","	B01??(?)","	21.7","	2026-07-28 14:13:58"
"	6A0C0938","	Ambient","	1","	B01??(%RH)","	76.7","	2026-07-28 14:13:56"
"	6A0C0938","	Ambient","	1","	B01??(?)","	21.7","	2026-07-28 14:13:56"
"	6A0C0938","	Ambient","	1","	B01??(%RH)","	76.9","	2026-07-28 14:13:54"
"	6A0C0938","	Ambient","	1","	B01??(?)","	21.7","	2026-07-28 14:13:54"
"	6A0C0938","	Ambient","	1","	B01??(%RH)","	77.2","	2026-07-28 14:13:52"
"	6A0C0938","	Ambient","	1","	B01??(?)","	21.7","	2026-07-28 14:13:52"
"	6A0C0938","	Ambient","	1","	B01??(%RH)","	77.6","	2026-07-28 14:13:50"
"	6A0C0938","	Ambient","	1","	B01??(?)","	21.7","	2026-07-28 14:13:50"
"	6A0C0938","	Ambient","	1","	B01??(%RH)","	78","	2026-07-28 14:13:48"
"	6A0C0938","	Ambient","	1","	B01??(?)","	21.7","	2026-07-28 14:13:48"
"	6A0C0938","	Ambient","	1","	B01??(%RH)","	78.1","	2026-07-28 14:13:46"
"	6A0C0938","	Ambient","	1","	B01??(?)","	21.7","	2026-07-28 14:13:46"
"	6A0C0938","	Ambient","	1","	B01??(%RH)","	78.3","	2026-07-28 14:13:44"
"	6A0C0938","	Ambient","	1","	B01??(?)","	21.7","	2026-07-28 14:13:44"
"	6A0C0938","	Ambient","	1","	B01??(%RH)","	78.5","	2026-07-28 14:13:42"
"	6A0C0938","	Ambient","	1","	B01??(?)","	21.7","	2026-07-28 14:13:42"
"	6A0C0938","	Ambient","	1","	B01??(%RH)","	78.6","	2026-07-28 14:13:40"
"	6A0C0938","	Ambient","	1","	B01??(?)","	21.7","	2026-07-28 14:13:40"
"	6A0C0938","	Ambient","	1","	B01??(%RH)","	78.7","	2026-07-28 14:13:38"
"	6A0C0938","	Ambient","	1","	B01??(?)","	21.7","	2026-07-28 14:13:38"
"	6A0C0938","	Ambient","	1","	B01??(%RH)","	78.8","	2026-07-28 14:13:36"
"	6A0C0938","	Ambient","	1","	B01??(?)","	21.7","	2026-07-28 14:13:36"
"	6A0C0938","	Ambient","	1","	B01??(%RH)","	78.9","	2026-07-28 14:13:34"
"	6A0C0938","	Ambient","	1","	B01??(?)","	21.7","	2026-07-28 14:13:34"
"	6A0C0938","	Ambient","	1","	B01??(%RH)","	79","	2026-07-28 14:13:32"
"	6A0C0938","	Ambient","	1","	B01??(?)","	21.7","	2026-07-28 14:13:32"
"	6A0C0938","	Ambient","	1","	B01??(%RH)","	79","	2026-07-28 14:13:30"
"	6A0C0938","	Ambient","	1","	B01??(?)","	21.7","	2026-07-28 14:13:30"
"	6A0C0938","	Ambient","	1","	B01??(%RH)","	79.1","	2026-07-28 14:13:28"
"	6A0C0938","	Ambient","	1","	B01??(?)","	21.7","	2026-07-28 14:13:28"
"	6A0C0938","	Ambient","	1","	B01??(%RH)","	79.2","	2026-07-28 14:13:26"
"	6A0C0938","	Ambient","	1","	B01??(?)","	21.7","	2026-07-28 14:13:26"
"	6A0C0938","	Ambient","	1","	B01??(%RH)","	79.3","	2026-07-28 14:13:24"
"	6A0C0938","	Ambient","	1","	B01??(?)","	21.7","	2026-07-28 14:13:24"
"	6A0C0938","	Ambient","	1","	B01??(%RH)","	79.2","	2026-07-28 14:13:22"
"	6A0C0938","	Ambient","	1","	B01??(?)","	21.7","	2026-07-28 14:13:22"
"	6A0C0938","	Ambient","	1","	B01??(%RH)","	79.2","	2026-07-28 14:13:20"
"	6A0C0938","	Ambient","	1","	B01??(?)","	21.7","	2026-07-28 14:13:20"
"	6A0C0938","	Ambient","	1","	B01??(%RH)","	79.2","	2026-07-28 14:13:18"
"	6A0C0938","	Ambient","	1","	B01??(?)","	21.7","	2026-07-28 14:13:18"
"	6A0C0938","	Ambient","	1","	B01??(%RH)","	79.2","	2026-07-28 14:13:15"
"	6A0C0938","	Ambient","	1","	B01??(?)","	21.7","	2026-07-28 14:13:15"
"	6A0C0938","	Ambient","	1","	B01??(%RH)","	79.1","	2026-07-28 14:13:13"
"	6A0C0938","	Ambient","	1","	B01??(?)","	21.7","	2026-07-28 14:13:13"
"	6A0C0938","	Ambient","	1","	B01??(%RH)","	79.1","	2026-07-28 14:13:11"
"	6A0C0938","	Ambient","	1","	B01??(?)","	21.7","	2026-07-28 14:13:11"
"	6A0C0938","	Ambient","	1","	B01??(%RH)","	79","	2026-07-28 14:13:09"
"	6A0C0938","	Ambient","	1","	B01??(?)","	21.7","	2026-07-28 14:13:09"
"	6A0C0938","	Ambient","	1","	B01??(%RH)","	79","	2026-07-28 14:13:07"
"	6A0C0938","	Ambient","	1","	B01??(?)","	21.7","	2026-07-28 14:13:07"
"	6A0C0938","	Ambient","	1","	B01??(%RH)","	78.9","	2026-07-28 14:13:05"
"	6A0C0938","	Ambient","	1","	B01??(?)","	21.7","	2026-07-28 14:13:05"
"	6A0C0938","	Ambient","	1","	B01??(%RH)","	78.8","	2026-07-28 14:13:03"
"	6A0C0938","	Ambient","	1","	B01??(?)","	21.7","	2026-07-28 14:13:03"
"	6A0C0938","	Ambient","	1","	B01??(%RH)","	78.7","	2026-07-28 14:13:01"
"	6A0C0938","	Ambient","	1","	B01??(?)","	21.7","	2026-07-28 14:13:01"
"	6A0C0938","	Ambient","	1","	B01??(%RH)","	78.6","	2026-07-28 14:12:59"
"	6A0C0938","	Ambient","	1","	B01??(?)","	21.7","	2026-07-28 14:12:59"
"	6A0C0938","	Ambient","	1","	B01??(%RH)","	78.5","	2026-07-28 14:12:57"
"	6A0C0938","	Ambient","	1","	B01??(?)","	21.7","	2026-07-28 14:12:57"
"	6A0C0938","	Ambient","	1","	B01??(%RH)","	78.4","	2026-07-28 14:12:55"
"	6A0C0938","	Ambient","	1","	B01??(?)","	21.7","	2026-07-28 14:12:55"
"	6A0C0938","	Ambient","	1","	B01??(%RH)","	78.3","	2026-07-28 14:12:53"
"	6A0C0938","	Ambient","	1","	B01??(?)","	21.7","	2026-07-28 14:12:53"
"	6A0C0938","	Ambient","	1","	B01??(%RH)","	78.2","	2026-07-28 14:12:51"
"	6A0C0938","	Ambient","	1","	B01??(?)","	21.7","	2026-07-28 14:12:51"
"	6A0C0938","	Ambient","	1","	B01??(%RH)","	78.1","	2026-07-28 14:12:49"
"	6A0C0938","	Ambient","	1","	B01??(?)","	21.7","	2026-07-28 14:12:49"
"	6A0C0938","	Ambient","	1","	B01??(?)","	21.7","	2026-07-28 14:12:47"
"	6A0C0938","	Ambient","	1","	B01??(%RH)","	77.9","	2026-07-28 14:12:47"
"	6A0C0938","	Ambient","	1","	B01??(%RH)","	77.7","	2026-07-28 14:12:45"
"	6A0C0938","	Ambient","	1","	B01??(?)","	21.7","	2026-07-28 14:12:45"
"	6A0C0938","	Ambient","	1","	B01??(%RH)","	77.7","	2026-07-28 14:12:43"
"	6A0C0938","	Ambient","	1","	B01??(?)","	21.7","	2026-07-28 14:12:43"
"	6A0C0938","	Ambient","	1","	B01??(%RH)","	77.7","	2026-07-28 14:12:41"
"	6A0C0938","	Ambient","	1","	B01??(?)","	21.6","	2026-07-28 14:12:41"
"	6A0C0938","	Ambient","	1","	B01??(%RH)","	77.8","	2026-07-28 14:12:39"
"	6A0C0938","	Ambient","	1","	B01??(?)","	21.7","	2026-07-28 14:12:39"
"	6A0C0938","	Ambient","	1","	B01??(%RH)","	77.8","	2026-07-28 14:12:37"
"	6A0C0938","	Ambient","	1","	B01??(?)","	21.7","	2026-07-28 14:12:37"
"	6A0C0938","	Ambient","	1","	B01??(%RH)","	77.9","	2026-07-28 14:12:35"
"	6A0C0938","	Ambient","	1","	B01??(?)","	21.7","	2026-07-28 14:12:35"
"	6A0C0938","	Ambient","	1","	B01??(%RH)","	77.8","	2026-07-28 14:12:33"
"	6A0C0938","	Ambient","	1","	B01??(?)","	21.7","	2026-07-28 14:12:33"
"	6A0C0938","	Ambient","	1","	B01??(%RH)","	77.8","	2026-07-28 14:12:30"
"	6A0C0938","	Ambient","	1","	B01??(?)","	21.7","	2026-07-28 14:12:30"
"	6A0C0938","	Ambient","	1","	B01??(%RH)","	77.7","	2026-07-28 14:12:28"
"	6A0C0938","	Ambient","	1","	B01??(?)","	21.7","	2026-07-28 14:12:28"
"	6A0C0938","	Ambient","	1","	B01??(%RH)","	77.7","	2026-07-28 14:12:26"
"	6A0C0938","	Ambient","	1","	B01??(?)","	21.7","	2026-07-28 14:12:26"
"	6A0C0938","	Ambient","	1","	B01??(%RH)","	77.7","	2026-07-28 14:12:24"
"	6A0C0938","	Ambient","	1","	B01??(?)","	21.6","	2026-07-28 14:12:24"
"	6A0C0938","	Ambient","	1","	B01??(%RH)","	77.8","	2026-07-28 14:12:22"
"	6A0C0938","	Ambient","	1","	B01??(?)","	21.7","	2026-07-28 14:12:22"
"	6A0C0938","	Ambient","	1","	B01??(%RH)","	77.8","	2026-07-28 14:12:20"
"	6A0C0938","	Ambient","	1","	B01??(?)","	21.6","	2026-07-28 14:12:20"
"	6A0C0938","	Ambient","	1","	B01??(%RH)","	77.8","	2026-07-28 14:12:18"
"	6A0C0938","	Ambient","	1","	B01??(?)","	21.6","	2026-07-28 14:12:18"
"	6A0C0938","	Ambient","	1","	B01??(%RH)","	77.8","	2026-07-28 14:12:16"
"	6A0C0938","	Ambient","	1","	B01??(?)","	21.7","	2026-07-28 14:12:16"
"	6A0C0938","	Ambient","	1","	B01??(%RH)","	77.8","	2026-07-28 14:12:14"
"	6A0C0938","	Ambient","	1","	B01??(?)","	21.7","	2026-07-28 14:12:14"
"	6A0C0938","	Ambient","	1","	B01??(%RH)","	77.7","	2026-07-28 14:12:12"
"	6A0C0938","	Ambient","	1","	B01??(?)","	21.7","	2026-07-28 14:12:12"
"	6A0C0938","	Ambient","	1","	B01??(%RH)","	77.6","	2026-07-28 14:12:10"
"	6A0C0938","	Ambient","	1","	B01??(?)","	21.6","	2026-07-28 14:12:10"
"	6A0C0938","	Ambient","	1","	B01??(%RH)","	77.5","	2026-07-28 14:12:08"
"	6A0C0938","	Ambient","	1","	B01??(?)","	21.7","	2026-07-28 14:12:08"
"	6A0C0938","	Ambient","	1","	B01??(%RH)","	77.3","	2026-07-28 14:12:06"
"	6A0C0938","	Ambient","	1","	B01??(?)","	21.7","	2026-07-28 14:12:06"
"	6A0C0938","	Ambient","	1","	B01??(%RH)","	77.2","	2026-07-28 14:12:04"
"	6A0C0938","	Ambient","	1","	B01??(?)","	21.7","	2026-07-28 14:12:04"
"	6A0C0938","	Ambient","	1","	B01??(%RH)","	77","	2026-07-28 14:12:02"
"	6A0C0938","	Ambient","	1","	B01??(?)","	21.7","	2026-07-28 14:12:02"
"	6A0C0938","	Ambient","	1","	B01??(%RH)","	77","	2026-07-28 14:12:00"
"	6A0C0938","	Ambient","	1","	B01??(?)","	21.7","	2026-07-28 14:12:00"
"	6A0C0938","	Ambient","	1","	B01??(%RH)","	77","	2026-07-28 14:11:58"
"	6A0C0938","	Ambient","	1","	B01??(?)","	21.6","	2026-07-28 14:11:58"
"	6A0C0938","	Ambient","	1","	B01??(%RH)","	77","	2026-07-28 14:11:56"
"	6A0C0938","	Ambient","	1","	B01??(?)","	21.6","	2026-07-28 14:11:56"
"	6A0C0938","	Ambient","	1","	B01??(%RH)","	77.3","	2026-07-28 14:11:54"
"	6A0C0938","	Ambient","	1","	B01??(?)","	21.6","	2026-07-28 14:11:54"
"	6A0C0938","	Ambient","	1","	B01??(%RH)","	77.7","	2026-07-28 14:11:52"
"	6A0C0938","	Ambient","	1","	B01??(?)","	21.7","	2026-07-28 14:11:52"
"	6A0C0938","	Ambient","	1","	B01??(%RH)","	78.1","	2026-07-28 14:11:49"
"	6A0C0938","	Ambient","	1","	B01??(?)","	21.7","	2026-07-28 14:11:49"
"	6A0C0938","	Ambient","	1","	B01??(%RH)","	78.5","	2026-07-28 14:11:47"
"	6A0C0938","	Ambient","	1","	B01??(?)","	21.7","	2026-07-28 14:11:47"
"	6A0C0938","	Ambient","	1","	B01??(%RH)","	78.8","	2026-07-28 14:11:45"
"	6A0C0938","	Ambient","	1","	B01??(?)","	21.6","	2026-07-28 14:11:45"
"	6A0C0938","	Ambient","	1","	B01??(%RH)","	79","	2026-07-28 14:11:43"
"	6A0C0938","	Ambient","	1","	B01??(?)","	21.6","	2026-07-28 14:11:43"
"	6A0C0938","	Ambient","	1","	B01??(%RH)","	79","	2026-07-28 14:11:41"
"	6A0C0938","	Ambient","	1","	B01??(?)","	21.7","	2026-07-28 14:11:41"
"	6A0C0938","	Ambient","	1","	B01??(%RH)","	79","	2026-07-28 14:11:39"
"	6A0C0938","	Ambient","	1","	B01??(?)","	21.6","	2026-07-28 14:11:39"
"	6A0C0938","	Ambient","	1","	B01??(%RH)","	79.1","	2026-07-28 14:11:37"
"	6A0C0938","	Ambient","	1","	B01??(?)","	21.7","	2026-07-28 14:11:37"
"	6A0C0938","	Ambient","	1","	B01??(%RH)","	79.1","	2026-07-28 14:11:35"
"	6A0C0938","	Ambient","	1","	B01??(?)","	21.6","	2026-07-28 14:11:35"
"	6A0C0938","	Ambient","	1","	B01??(%RH)","	79.1","	2026-07-28 14:11:33"
"	6A0C0938","	Ambient","	1","	B01??(?)","	21.6","	2026-07-28 14:11:33"
"	6A0C0938","	Ambient","	1","	B01??(%RH)","	79.2","	2026-07-28 14:11:31"
"	6A0C0938","	Ambient","	1","	B01??(?)","	21.6","	2026-07-28 14:11:31"
"	6A0C0938","	Ambient","	1","	B01??(%RH)","	79.2","	2026-07-28 14:11:29"
"	6A0C0938","	Ambient","	1","	B01??(?)","	21.7","	2026-07-28 14:11:29"
"	6A0C0938","	Ambient","	1","	B01??(%RH)","	79.2","	2026-07-28 14:11:27"
"	6A0C0938","	Ambient","	1","	B01??(?)","	21.7","	2026-07-28 14:11:27"
"	6A0C0938","	Ambient","	1","	B01??(%RH)","	79.1","	2026-07-28 14:11:25"
"	6A0C0938","	Ambient","	1","	B01??(?)","	21.6","	2026-07-28 14:11:25"
"	6A0C0938","	Ambient","	1","	B01??(%RH)","	79","	2026-07-28 14:11:23"
"	6A0C0938","	Ambient","	1","	B01??(?)","	21.7","	2026-07-28 14:11:23"
"	6A0C0938","	Ambient","	1","	B01??(%RH)","	78.9","	2026-07-28 14:11:21"
"	6A0C0938","	Ambient","	1","	B01??(?)","	21.7","	2026-07-28 14:11:21"
"	6A0C0938","	Ambient","	1","	B01??(%RH)","	78.8","	2026-07-28 14:11:19"
"	6A0C0938","	Ambient","	1","	B01??(?)","	21.7","	2026-07-28 14:11:19"
"	6A0C0938","	Ambient","	1","	B01??(%RH)","	78.8","	2026-07-28 14:11:17"
"	6A0C0938","	Ambient","	1","	B01??(?)","	21.6","	2026-07-28 14:11:17"
"	6A0C0938","	Ambient","	1","	B01??(%RH)","	78.8","	2026-07-28 14:11:15"
"	6A0C0938","	Ambient","	1","	B01??(?)","	21.7","	2026-07-28 14:11:15"
"	6A0C0938","	Ambient","	1","	B01??(%RH)","	78.7","	2026-07-28 14:11:13"
"	6A0C0938","	Ambient","	1","	B01??(?)","	21.6","	2026-07-28 14:11:13"
"	6A0C0938","	Ambient","	1","	B01??(%RH)","	78.6","	2026-07-28 14:11:11"
"	6A0C0938","	Ambient","	1","	B01??(?)","	21.7","	2026-07-28 14:11:11"
"	6A0C0938","	Ambient","	1","	B01??(%RH)","	78.4","	2026-07-28 14:11:09"
"	6A0C0938","	Ambient","	1","	B01??(?)","	21.6","	2026-07-28 14:11:09"
"	6A0C0938","	Ambient","	1","	B01??(%RH)","	78.3","	2026-07-28 14:11:06"
"	6A0C0938","	Ambient","	1","	B01??(?)","	21.6","	2026-07-28 14:11:06"
"	6A0C0938","	Ambient","	1","	B01??(%RH)","	78.2","	2026-07-28 14:11:04"
"	6A0C0938","	Ambient","	1","	B01??(?)","	21.6","	2026-07-28 14:11:04"
"	6A0C0938","	Ambient","	1","	B01??(%RH)","	78","	2026-07-28 14:11:02"
"	6A0C0938","	Ambient","	1","	B01??(?)","	21.7","	2026-07-28 14:11:02"
"	6A0C0938","	Ambient","	1","	B01??(%RH)","	77.9","	2026-07-28 14:11:00"
"	6A0C0938","	Ambient","	1","	B01??(?)","	21.6","	2026-07-28 14:11:00"
"	6A0C0938","	Ambient","	1","	B01??(%RH)","	77.9","	2026-07-28 14:10:58"
"	6A0C0938","	Ambient","	1","	B01??(?)","	21.6","	2026-07-28 14:10:58"
"	6A0C0938","	Ambient","	1","	B01??(%RH)","	77.9","	2026-07-28 14:10:56"
"	6A0C0938","	Ambient","	1","	B01??(?)","	21.6","	2026-07-28 14:10:56"
"	6A0C0938","	Ambient","	1","	B01??(%RH)","	77.9","	2026-07-28 14:10:54"
"	6A0C0938","	Ambient","	1","	B01??(?)","	21.6","	2026-07-28 14:10:54"
"	6A0C0938","	Ambient","	1","	B01??(%RH)","	77.9","	2026-07-28 14:10:52"
"	6A0C0938","	Ambient","	1","	B01??(?)","	21.6","	2026-07-28 14:10:52"
"	6A0C0938","	Ambient","	1","	B01??(%RH)","	77.9","	2026-07-28 14:10:50"
"	6A0C0938","	Ambient","	1","	B01??(?)","	21.6","	2026-07-28 14:10:50"
"	6A0C0938","	Ambient","	1","	B01??(%RH)","	77.9","	2026-07-28 14:10:48"
"	6A0C0938","	Ambient","	1","	B01??(?)","	21.6","	2026-07-28 14:10:48"
"	6A0C0938","	Ambient","	1","	B01??(%RH)","	77.9","	2026-07-28 14:10:46"
"	6A0C0938","	Ambient","	1","	B01??(?)","	21.6","	2026-07-28 14:10:46"
"	6A0C0938","	Ambient","	1","	B01??(%RH)","	77.9","	2026-07-28 14:10:44"
"	6A0C0938","	Ambient","	1","	B01??(?)","	21.6","	2026-07-28 14:10:44"
"	6A0C0938","	Ambient","	1","	B01??(%RH)","	78","	2026-07-28 14:10:42"
"	6A0C0938","	Ambient","	1","	B01??(?)","	21.6","	2026-07-28 14:10:42"
"	6A0C0938","	Ambient","	1","	B01??(%RH)","	78.1","	2026-07-28 14:10:40"
"	6A0C0938","	Ambient","	1","	B01??(?)","	21.6","	2026-07-28 14:10:40"
"	6A0C0938","	Ambient","	1","	B01??(%RH)","	78.2","	2026-07-28 14:10:38"
"	6A0C0938","	Ambient","	1","	B01??(?)","	21.6","	2026-07-28 14:10:38"
"	6A0C0938","	Ambient","	1","	B01??(%RH)","	78.2","	2026-07-28 14:10:36"
"	6A0C0938","	Ambient","	1","	B01??(?)","	21.6","	2026-07-28 14:10:36"
"	6A0C0938","	Ambient","	1","	B01??(%RH)","	78.2","	2026-07-28 14:10:34"
"	6A0C0938","	Ambient","	1","	B01??(?)","	21.6","	2026-07-28 14:10:34"
"	6A0C0938","	Ambient","	1","	B01??(%RH)","	78.1","	2026-07-28 14:10:32"
"	6A0C0938","	Ambient","	1","	B01??(?)","	21.6","	2026-07-28 14:10:32"
"	6A0C0938","	Ambient","	1","	B01??(%RH)","	78","	2026-07-28 14:10:30"
"	6A0C0938","	Ambient","	1","	B01??(?)","	21.6","	2026-07-28 14:10:30"
"	6A0C0938","	Ambient","	1","	B01??(%RH)","	78","	2026-07-28 14:10:28"
"	6A0C0938","	Ambient","	1","	B01??(?)","	21.6","	2026-07-28 14:10:28"
"	6A0C0938","	Ambient","	1","	B01??(%RH)","	77.9","	2026-07-28 14:10:26"
"	6A0C0938","	Ambient","	1","	B01??(?)","	21.6","	2026-07-28 14:10:26"
"	6A0C0938","	Ambient","	1","	B01??(%RH)","	77.8","	2026-07-28 14:10:23"
"	6A0C0938","	Ambient","	1","	B01??(?)","	21.6","	2026-07-28 14:10:23"
"	6A0C0938","	Ambient","	1","	B01??(%RH)","	77.7","	2026-07-28 14:10:21"
"	6A0C0938","	Ambient","	1","	B01??(?)","	21.6","	2026-07-28 14:10:21"
"	6A0C0938","	Ambient","	1","	B01??(%RH)","	77.7","	2026-07-28 14:10:19"
"	6A0C0938","	Ambient","	1","	B01??(?)","	21.6","	2026-07-28 14:10:19"
"	6A0C0938","	Ambient","	1","	B01??(%RH)","	77.8","	2026-07-28 14:10:17"
"	6A0C0938","	Ambient","	1","	B01??(?)","	21.6","	2026-07-28 14:10:17"
"	6A0C0938","	Ambient","	1","	B01??(%RH)","	78.1","	2026-07-28 14:10:15"
"	6A0C0938","	Ambient","	1","	B01??(?)","	21.6","	2026-07-28 14:10:15"
"	6A0C0938","	Ambient","	1","	B01??(%RH)","	78.3","	2026-07-28 14:10:13"
"	6A0C0938","	Ambient","	1","	B01??(?)","	21.6","	2026-07-28 14:10:13"
"	6A0C0938","	Ambient","	1","	B01??(%RH)","	78.4","	2026-07-28 14:10:11"
"	6A0C0938","	Ambient","	1","	B01??(?)","	21.6","	2026-07-28 14:10:11"
"	6A0C0938","	Ambient","	1","	B01??(%RH)","	78.4","	2026-07-28 14:10:09"
"	6A0C0938","	Ambient","	1","	B01??(?)","	21.6","	2026-07-28 14:10:09"
"	6A0C0938","	Ambient","	1","	B01??(%RH)","	78.3","	2026-07-28 14:10:07"
"	6A0C0938","	Ambient","	1","	B01??(?)","	21.6","	2026-07-28 14:10:07"
"	6A0C0938","	Ambient","	1","	B01??(%RH)","	78.2","	2026-07-28 14:10:05"
"	6A0C0938","	Ambient","	1","	B01??(?)","	21.6","	2026-07-28 14:10:05"
"	6A0C0938","	Ambient","	1","	B01??(%RH)","	78.1","	2026-07-28 14:10:03"
"	6A0C0938","	Ambient","	1","	B01??(?)","	21.6","	2026-07-28 14:10:03"
"	6A0C0938","	Ambient","	1","	B01??(%RH)","	78","	2026-07-28 14:10:01"
"	6A0C0938","	Ambient","	1","	B01??(?)","	21.6","	2026-07-28 14:10:01"
"	6A0C0938","	Ambient","	1","	B01??(%RH)","	77.9","	2026-07-28 14:09:59"
"	6A0C0938","	Ambient","	1","	B01??(?)","	21.6","	2026-07-28 14:09:59"
"	6A0C0938","	Ambient","	1","	B01??(%RH)","	77.9","	2026-07-28 14:09:57"
"	6A0C0938","	Ambient","	1","	B01??(?)","	21.6","	2026-07-28 14:09:57"
"	6A0C0938","	Ambient","	1","	B01??(%RH)","	77.8","	2026-07-28 14:09:55"
"	6A0C0938","	Ambient","	1","	B01??(?)","	21.6","	2026-07-28 14:09:55"
"	6A0C0938","	Ambient","	1","	B01??(%RH)","	77.8","	2026-07-28 14:09:53"
"	6A0C0938","	Ambient","	1","	B01??(?)","	21.6","	2026-07-28 14:09:53"
"	6A0C0938","	Ambient","	1","	B01??(%RH)","	77.9","	2026-07-28 14:09:51"
"	6A0C0938","	Ambient","	1","	B01??(?)","	21.6","	2026-07-28 14:09:51"
"	6A0C0938","	Ambient","	1","	B01??(%RH)","	78","	2026-07-28 14:09:49"
"	6A0C0938","	Ambient","	1","	B01??(?)","	21.6","	2026-07-28 14:09:49"
"	6A0C0938","	Ambient","	1","	B01??(%RH)","	78.1","	2026-07-28 14:09:47"
"	6A0C0938","	Ambient","	1","	B01??(?)","	21.6","	2026-07-28 14:09:47"
"	6A0C0938","	Ambient","	1","	B01??(%RH)","	78.1","	2026-07-28 14:09:45"
"	6A0C0938","	Ambient","	1","	B01??(?)","	21.6","	2026-07-28 14:09:45"
"	6A0C0938","	Ambient","	1","	B01??(%RH)","	78.2","	2026-07-28 14:09:42"
"	6A0C0938","	Ambient","	1","	B01??(?)","	21.6","	2026-07-28 14:09:42"
"	6A0C0938","	Ambient","	1","	B01??(%RH)","	78.2","	2026-07-28 14:09:40"
"	6A0C0938","	Ambient","	1","	B01??(?)","	21.6","	2026-07-28 14:09:40"
"	6A0C0938","	Ambient","	1","	B01??(%RH)","	78.3","	2026-07-28 14:09:38"
"	6A0C0938","	Ambient","	1","	B01??(?)","	21.6","	2026-07-28 14:09:38"
"	6A0C0938","	Ambient","	1","	B01??(%RH)","	78.3","	2026-07-28 14:09:36"
"	6A0C0938","	Ambient","	1","	B01??(?)","	21.6","	2026-07-28 14:09:36"
"	6A0C0938","	Ambient","	1","	B01??(%RH)","	78.3","	2026-07-28 14:09:34"
"	6A0C0938","	Ambient","	1","	B01??(?)","	21.6","	2026-07-28 14:09:34"
"	6A0C0938","	Ambient","	1","	B01??(%RH)","	78.2","	2026-07-28 14:09:32"
"	6A0C0938","	Ambient","	1","	B01??(?)","	21.6","	2026-07-28 14:09:32"
"	6A0C0938","	Ambient","	1","	B01??(%RH)","	78.1","	2026-07-28 14:09:30"
"	6A0C0938","	Ambient","	1","	B01??(?)","	21.6","	2026-07-28 14:09:30"
"	6A0C0938","	Ambient","	1","	B01??(%RH)","	77.9","	2026-07-28 14:09:28"
"	6A0C0938","	Ambient","	1","	B01??(?)","	21.6","	2026-07-28 14:09:28"
"	6A0C0938","	Ambient","	1","	B01??(%RH)","	77.8","	2026-07-28 14:09:26"
"	6A0C0938","	Ambient","	1","	B01??(?)","	21.6","	2026-07-28 14:09:26"
"	6A0C0938","	Ambient","	1","	B01??(%RH)","	77.6","	2026-07-28 14:09:24"
"	6A0C0938","	Ambient","	1","	B01??(?)","	21.6","	2026-07-28 14:09:24"
"	6A0C0938","	Ambient","	1","	B01??(%RH)","	77.5","	2026-07-28 14:09:22"
"	6A0C0938","	Ambient","	1","	B01??(?)","	21.6","	2026-07-28 14:09:22"
"	6A0C0938","	Ambient","	1","	B01??(%RH)","	77.5","	2026-07-28 14:09:20"
"	6A0C0938","	Ambient","	1","	B01??(?)","	21.6","	2026-07-28 14:09:20"
"	6A0C0938","	Ambient","	1","	B01??(%RH)","	77.7","	2026-07-28 14:09:18"
"	6A0C0938","	Ambient","	1","	B01??(?)","	21.6","	2026-07-28 14:09:18"
"	6A0C0938","	Ambient","	1","	B01??(%RH)","	77.8","	2026-07-28 14:09:16"
"	6A0C0938","	Ambient","	1","	B01??(?)","	21.6","	2026-07-28 14:09:16"
"	6A0C0938","	Ambient","	1","	B01??(%RH)","	77.9","	2026-07-28 14:09:14"
"	6A0C0938","	Ambient","	1","	B01??(?)","	21.6","	2026-07-28 14:09:14"
"	6A0C0938","	Ambient","	1","	B01??(%RH)","	78","	2026-07-28 14:09:12"
"	6A0C0938","	Ambient","	1","	B01??(?)","	21.6","	2026-07-28 14:09:12"
"	6A0C0938","	Ambient","	1","	B01??(%RH)","	78.1","	2026-07-28 14:09:10"
"	6A0C0938","	Ambient","	1","	B01??(?)","	21.6","	2026-07-28 14:09:10"
"	6A0C0938","	Ambient","	1","	B01??(%RH)","	78.2","	2026-07-28 14:09:08"
"	6A0C0938","	Ambient","	1","	B01??(?)","	21.6","	2026-07-28 14:09:08"
"	6A0C0938","	Ambient","	1","	B01??(%RH)","	78.4","	2026-07-28 14:09:06"
"	6A0C0938","	Ambient","	1","	B01??(?)","	21.6","	2026-07-28 14:09:06"
"	6A0C0938","	Ambient","	1","	B01??(%RH)","	78.4","	2026-07-28 14:09:04"
"	6A0C0938","	Ambient","	1","	B01??(?)","	21.6","	2026-07-28 14:09:04"
"	6A0C0938","	Ambient","	1","	B01??(%RH)","	78.4","	2026-07-28 14:09:02"
"	6A0C0938","	Ambient","	1","	B01??(?)","	21.6","	2026-07-28 14:09:02"
"	6A0C0938","	Ambient","	1","	B01??(%RH)","	78.4","	2026-07-28 14:08:59"
"	6A0C0938","	Ambient","	1","	B01??(?)","	21.6","	2026-07-28 14:08:59"
"	6A0C0938","	Ambient","	1","	B01??(%RH)","	78.5","	2026-07-28 14:08:57"
"	6A0C0938","	Ambient","	1","	B01??(?)","	21.6","	2026-07-28 14:08:57"
"	6A0C0938","	Ambient","	1","	B01??(%RH)","	78.5","	2026-07-28 14:08:55"
"	6A0C0938","	Ambient","	1","	B01??(?)","	21.6","	2026-07-28 14:08:55"
"	6A0C0938","	Ambient","	1","	B01??(%RH)","	78.6","	2026-07-28 14:08:53"
"	6A0C0938","	Ambient","	1","	B01??(?)","	21.6","	2026-07-28 14:08:53"
"	6A0C0938","	Ambient","	1","	B01??(%RH)","	78.7","	2026-07-28 14:08:51"
"	6A0C0938","	Ambient","	1","	B01??(?)","	21.6","	2026-07-28 14:08:51"
"	6A0C0938","	Ambient","	1","	B01??(%RH)","	78.8","	2026-07-28 14:08:49"
"	6A0C0938","	Ambient","	1","	B01??(?)","	21.6","	2026-07-28 14:08:49"
"	6A0C0938","	Ambient","	1","	B01??(%RH)","	78.8","	2026-07-28 14:08:47"
"	6A0C0938","	Ambient","	1","	B01??(?)","	21.6","	2026-07-28 14:08:47"
"	6A0C0938","	Ambient","	1","	B01??(%RH)","	78.8","	2026-07-28 14:08:45"
"	6A0C0938","	Ambient","	1","	B01??(?)","	21.6","	2026-07-28 14:08:45"
"	6A0C0938","	Ambient","	1","	B01??(%RH)","	78.8","	2026-07-28 14:08:43"
"	6A0C0938","	Ambient","	1","	B01??(?)","	21.6","	2026-07-28 14:08:43"
"	6A0C0938","	Ambient","	1","	B01??(%RH)","	78.7","	2026-07-28 14:08:41"
"	6A0C0938","	Ambient","	1","	B01??(?)","	21.6","	2026-07-28 14:08:41"
"	6A0C0938","	Ambient","	1","	B01??(%RH)","	78.6","	2026-07-28 14:08:39"
"	6A0C0938","	Ambient","	1","	B01??(?)","	21.6","	2026-07-28 14:08:39"
"	6A0C0938","	Ambient","	1","	B01??(%RH)","	78.5","	2026-07-28 14:08:37"
"	6A0C0938","	Ambient","	1","	B01??(?)","	21.6","	2026-07-28 14:08:37"
"	6A0C0938","	Ambient","	1","	B01??(?)","	21.6","	2026-07-28 14:08:35"
"	6A0C0938","	Ambient","	1","	B01??(%RH)","	78.4","	2026-07-28 14:08:35"
"	6A0C0938","	Ambient","	1","	B01??(%RH)","	78.5","	2026-07-28 14:08:33"
"	6A0C0938","	Ambient","	1","	B01??(?)","	21.6","	2026-07-28 14:08:33"
"	6A0C0938","	Ambient","	1","	B01??(%RH)","	78.6","	2026-07-28 14:08:31"
"	6A0C0938","	Ambient","	1","	B01??(?)","	21.6","	2026-07-28 14:08:31"
"	6A0C0938","	Ambient","	1","	B01??(%RH)","	78.8","	2026-07-28 14:08:29"
"	6A0C0938","	Ambient","	1","	B01??(?)","	21.6","	2026-07-28 14:08:29"
"	6A0C0938","	Ambient","	1","	B01??(%RH)","	78.9","	2026-07-28 14:08:27"
"	6A0C0938","	Ambient","	1","	B01??(?)","	21.6","	2026-07-28 14:08:27"
"	6A0C0938","	Ambient","	1","	B01??(%RH)","	79.1","	2026-07-28 14:08:25"
"	6A0C0938","	Ambient","	1","	B01??(?)","	21.6","	2026-07-28 14:08:25"
"	6A0C0938","	Ambient","	1","	B01??(%RH)","	79.1","	2026-07-28 14:08:23"
"	6A0C0938","	Ambient","	1","	B01??(?)","	21.6","	2026-07-28 14:08:23"
"	6A0C0938","	Ambient","	1","	B01??(%RH)","	79","	2026-07-28 14:08:20"
"	6A0C0938","	Ambient","	1","	B01??(?)","	21.6","	2026-07-28 14:08:20"
"	6A0C0938","	Ambient","	1","	B01??(%RH)","	79","	2026-07-28 14:08:18"
"	6A0C0938","	Ambient","	1","	B01??(?)","	21.6","	2026-07-28 14:08:18"
"	6A0C0938","	Ambient","	1","	B01??(%RH)","	78.9","	2026-07-28 14:08:16"
"	6A0C0938","	Ambient","	1","	B01??(?)","	21.6","	2026-07-28 14:08:16"
"	6A0C0938","	Ambient","	1","	B01??(%RH)","	78.8","	2026-07-28 14:08:14"
"	6A0C0938","	Ambient","	1","	B01??(?)","	21.6","	2026-07-28 14:08:14"
"	6A0C0938","	Ambient","	1","	B01??(%RH)","	78.7","	2026-07-28 14:08:12"
"	6A0C0938","	Ambient","	1","	B01??(?)","	21.6","	2026-07-28 14:08:12"
"	6A0C0938","	Ambient","	1","	B01??(%RH)","	78.5","	2026-07-28 14:08:10"
"	6A0C0938","	Ambient","	1","	B01??(?)","	21.6","	2026-07-28 14:08:10"
"	6A0C0938","	Ambient","	1","	B01??(%RH)","	78.4","	2026-07-28 14:08:08"
"	6A0C0938","	Ambient","	1","	B01??(?)","	21.6","	2026-07-28 14:08:08"
"	6A0C0938","	Ambient","	1","	B01??(%RH)","	78.4","	2026-07-28 14:08:06"
"	6A0C0938","	Ambient","	1","	B01??(?)","	21.6","	2026-07-28 14:08:06"
"	6A0C0938","	Ambient","	1","	B01??(%RH)","	78.4","	2026-07-28 14:08:04"
"	6A0C0938","	Ambient","	1","	B01??(?)","	21.6","	2026-07-28 14:08:04"
"	6A0C0938","	Ambient","	1","	B01??(%RH)","	78.4","	2026-07-28 14:08:02"
"	6A0C0938","	Ambient","	1","	B01??(?)","	21.6","	2026-07-28 14:08:02"
"	6A0C0938","	Ambient","	1","	B01??(%RH)","	78.4","	2026-07-28 14:08:00"
"	6A0C0938","	Ambient","	1","	B01??(?)","	21.6","	2026-07-28 14:08:00"
"	6A0C0938","	Ambient","	1","	B01??(%RH)","	78.3","	2026-07-28 14:07:58"
"	6A0C0938","	Ambient","	1","	B01??(?)","	21.6","	2026-07-28 14:07:58"
"	6A0C0938","	Ambient","	1","	B01??(%RH)","	78.4","	2026-07-28 14:07:56"
"	6A0C0938","	Ambient","	1","	B01??(?)","	21.6","	2026-07-28 14:07:56"
"	6A0C0938","	Ambient","	1","	B01??(%RH)","	78.4","	2026-07-28 14:07:54"
"	6A0C0938","	Ambient","	1","	B01??(?)","	21.6","	2026-07-28 14:07:54"
"	6A0C0938","	Ambient","	1","	B01??(%RH)","	78.3","	2026-07-28 14:07:52"
"	6A0C0938","	Ambient","	1","	B01??(?)","	21.6","	2026-07-28 14:07:52"
"	6A0C0938","	Ambient","	1","	B01??(%RH)","	78.4","	2026-07-28 14:07:50"
"	6A0C0938","	Ambient","	1","	B01??(?)","	21.6","	2026-07-28 14:07:50"
"	6A0C0938","	Ambient","	1","	B01??(%RH)","	78.3","	2026-07-28 14:07:48"
"	6A0C0938","	Ambient","	1","	B01??(?)","	21.6","	2026-07-28 14:07:48"
"	6A0C0938","	Ambient","	1","	B01??(?)","	21.6","	2026-07-28 14:07:46"
"	6A0C0938","	Ambient","	1","	B01??(%RH)","	78.2","	2026-07-28 14:07:46"
"	6A0C0938","	Ambient","	1","	B01??(%RH)","	78.1","	2026-07-28 14:07:44"
"	6A0C0938","	Ambient","	1","	B01??(?)","	21.6","	2026-07-28 14:07:44"
"	6A0C0938","	Ambient","	1","	B01??(%RH)","	78.1","	2026-07-28 14:07:42"
"	6A0C0938","	Ambient","	1","	B01??(?)","	21.6","	2026-07-28 14:07:42"
"	6A0C0938","	Ambient","	1","	B01??(%RH)","	78.1","	2026-07-28 14:07:39"
"	6A0C0938","	Ambient","	1","	B01??(?)","	21.6","	2026-07-28 14:07:39"
"	6A0C0938","	Ambient","	1","	B01??(%RH)","	78.1","	2026-07-28 14:07:37"
"	6A0C0938","	Ambient","	1","	B01??(?)","	21.6","	2026-07-28 14:07:37"
"	6A0C0938","	Ambient","	1","	B01??(%RH)","	78.2","	2026-07-28 14:07:35"
"	6A0C0938","	Ambient","	1","	B01??(?)","	21.6","	2026-07-28 14:07:35"
"	6A0C0938","	Ambient","	1","	B01??(%RH)","	78.2","	2026-07-28 14:07:33"
"	6A0C0938","	Ambient","	1","	B01??(?)","	21.6","	2026-07-28 14:07:33"
"	6A0C0938","	Ambient","	1","	B01??(%RH)","	78.3","	2026-07-28 14:07:31"
"	6A0C0938","	Ambient","	1","	B01??(?)","	21.6","	2026-07-28 14:07:31"
"	6A0C0938","	Ambient","	1","	B01??(%RH)","	78.4","	2026-07-28 14:07:29"
"	6A0C0938","	Ambient","	1","	B01??(?)","	21.6","	2026-07-28 14:07:29"
"	6A0C0938","	Ambient","	1","	B01??(%RH)","	78.4","	2026-07-28 14:07:27"
"	6A0C0938","	Ambient","	1","	B01??(?)","	21.6","	2026-07-28 14:07:27"
"	6A0C0938","	Ambient","	1","	B01??(%RH)","	78.5","	2026-07-28 14:07:25"
"	6A0C0938","	Ambient","	1","	B01??(?)","	21.6","	2026-07-28 14:07:25"
"	6A0C0938","	Ambient","	1","	B01??(%RH)","	78.5","	2026-07-28 14:07:23"
"	6A0C0938","	Ambient","	1","	B01??(?)","	21.6","	2026-07-28 14:07:23"
"	6A0C0938","	Ambient","	1","	B01??(%RH)","	78.4","	2026-07-28 14:07:21"
"	6A0C0938","	Ambient","	1","	B01??(?)","	21.6","	2026-07-28 14:07:21"
"	6A0C0938","	Ambient","	1","	B01??(?)","	21.5","	2026-07-28 14:07:19"
"	6A0C0938","	Ambient","	1","	B01??(%RH)","	78.4","	2026-07-28 14:07:19"
"	6A0C0938","	Ambient","	1","	B01??(%RH)","	78.3","	2026-07-28 14:07:17"
"	6A0C0938","	Ambient","	1","	B01??(?)","	21.6","	2026-07-28 14:07:17"
"	6A0C0938","	Ambient","	1","	B01??(%RH)","	78.3","	2026-07-28 14:07:15"
"	6A0C0938","	Ambient","	1","	B01??(?)","	21.6","	2026-07-28 14:07:15"
"	6A0C0938","	Ambient","	1","	B01??(%RH)","	78.2","	2026-07-28 14:07:13"
"	6A0C0938","	Ambient","	1","	B01??(?)","	21.6","	2026-07-28 14:07:13"
"	6A0C0938","	Ambient","	1","	B01??(%RH)","	78.1","	2026-07-28 14:07:11"
"	6A0C0938","	Ambient","	1","	B01??(?)","	21.6","	2026-07-28 14:07:11"
"	6A0C0938","	Ambient","	1","	B01??(%RH)","	78","	2026-07-28 14:07:09"
"	6A0C0938","	Ambient","	1","	B01??(?)","	21.6","	2026-07-28 14:07:09"
"	6A0C0938","	Ambient","	1","	B01??(%RH)","	77.9","	2026-07-28 14:07:07"
"	6A0C0938","	Ambient","	1","	B01??(?)","	21.6","	2026-07-28 14:07:07"
"	6A0C0938","	Ambient","	1","	B01??(%RH)","	77.8","	2026-07-28 14:07:05"
"	6A0C0938","	Ambient","	1","	B01??(?)","	21.5","	2026-07-28 14:07:05"
"	6A0C0938","	Ambient","	1","	B01??(%RH)","	77.8","	2026-07-28 14:07:03"
"	6A0C0938","	Ambient","	1","	B01??(?)","	21.6","	2026-07-28 14:07:03"
"	6A0C0938","	Ambient","	1","	B01??(%RH)","	77.8","	2026-07-28 14:07:01"
"	6A0C0938","	Ambient","	1","	B01??(?)","	21.6","	2026-07-28 14:07:01"
"	6A0C0938","	Ambient","	1","	B01??(%RH)","	77.8","	2026-07-28 14:06:59"
"	6A0C0938","	Ambient","	1","	B01??(?)","	21.6","	2026-07-28 14:06:59"
"	6A0C0938","	Ambient","	1","	B01??(%RH)","	78","	2026-07-28 14:06:56"
"	6A0C0938","	Ambient","	1","	B01??(?)","	21.6","	2026-07-28 14:06:56"
"	6A0C0938","	Ambient","	1","	B01??(%RH)","	78.3","	2026-07-28 14:06:54"
"	6A0C0938","	Ambient","	1","	B01??(?)","	21.6","	2026-07-28 14:06:54"
"	6A0C0938","	Ambient","	1","	B01??(%RH)","	78.7","	2026-07-28 14:06:52"
"	6A0C0938","	Ambient","	1","	B01??(?)","	21.5","	2026-07-28 14:06:52"
"	6A0C0938","	Ambient","	1","	B01??(%RH)","	79","	2026-07-28 14:06:50"
"	6A0C0938","	Ambient","	1","	B01??(?)","	21.6","	2026-07-28 14:06:50"
"	6A0C0938","	Ambient","	1","	B01??(%RH)","	79.2","	2026-07-28 14:06:48"
"	6A0C0938","	Ambient","	1","	B01??(?)","	21.6","	2026-07-28 14:06:48"
"	6A0C0938","	Ambient","	1","	B01??(%RH)","	79","	2026-07-28 14:06:46"
"	6A0C0938","	Ambient","	1","	B01??(?)","	21.6","	2026-07-28 14:06:46"
"	6A0C0938","	Ambient","	1","	B01??(%RH)","	78.8","	2026-07-28 14:06:44"
"	6A0C0938","	Ambient","	1","	B01??(?)","	21.6","	2026-07-28 14:06:44"
"	6A0C0938","	Ambient","	1","	B01??(%RH)","	78.3","	2026-07-28 14:06:42"
"	6A0C0938","	Ambient","	1","	B01??(?)","	21.5","	2026-07-28 14:06:42"
"	6A0C0938","	Ambient","	1","	B01??(%RH)","	77.8","	2026-07-28 14:06:40"
"	6A0C0938","	Ambient","	1","	B01??(?)","	21.5","	2026-07-28 14:06:40"
"	6A0C0938","	Ambient","	1","	B01??(%RH)","	77.7","	2026-07-28 14:06:38"
"	6A0C0938","	Ambient","	1","	B01??(?)","	21.5","	2026-07-28 14:06:38"
"	6A0C0938","	Ambient","	1","	B01??(%RH)","	77.5","	2026-07-28 14:06:36"
"	6A0C0938","	Ambient","	1","	B01??(?)","	21.5","	2026-07-28 14:06:36"
"	6A0C0938","	Ambient","	1","	B01??(%RH)","	77.3","	2026-07-28 14:06:34"
"	6A0C0938","	Ambient","	1","	B01??(?)","	21.6","	2026-07-28 14:06:34"
"	6A0C0938","	Ambient","	1","	B01??(%RH)","	77.2","	2026-07-28 14:06:32"
"	6A0C0938","	Ambient","	1","	B01??(?)","	21.6","	2026-07-28 14:06:32"
"	6A0C0938","	Ambient","	1","	B01??(?)","	21.5","	2026-07-28 14:06:30"
"	6A0C0938","	Ambient","	1","	B01??(%RH)","	77","	2026-07-28 14:06:30"
"	6A0C0938","	Ambient","	1","	B01??(%RH)","	77","	2026-07-28 14:06:28"
"	6A0C0938","	Ambient","	1","	B01??(?)","	21.6","	2026-07-28 14:06:28"
"	6A0C0938","	Ambient","	1","	B01??(%RH)","	77.1","	2026-07-28 14:06:26"
"	6A0C0938","	Ambient","	1","	B01??(?)","	21.5","	2026-07-28 14:06:26"
"	6A0C0938","	Ambient","	1","	B01??(%RH)","	77.5","	2026-07-28 14:06:24"
"	6A0C0938","	Ambient","	1","	B01??(?)","	21.5","	2026-07-28 14:06:24"
"	6A0C0938","	Ambient","	1","	B01??(%RH)","	77.9","	2026-07-28 14:06:22"
"	6A0C0938","	Ambient","	1","	B01??(?)","	21.5","	2026-07-28 14:06:22"
"	6A0C0938","	Ambient","	1","	B01??(%RH)","	78.2","	2026-07-28 14:06:20"
"	6A0C0938","	Ambient","	1","	B01??(?)","	21.5","	2026-07-28 14:06:20"
"	6A0C0938","	Ambient","	1","	B01??(%RH)","	78.4","	2026-07-28 14:06:18"
"	6A0C0938","	Ambient","	1","	B01??(?)","	21.5","	2026-07-28 14:06:18"
"	6A0C0938","	Ambient","	1","	B01??(%RH)","	78.5","	2026-07-28 14:06:15"
"	6A0C0938","	Ambient","	1","	B01??(?)","	21.5","	2026-07-28 14:06:15"
"	6A0C0938","	Ambient","	1","	B01??(%RH)","	78.5","	2026-07-28 14:06:13"
"	6A0C0938","	Ambient","	1","	B01??(?)","	21.5","	2026-07-28 14:06:13"
"	6A0C0938","	Ambient","	1","	B01??(%RH)","	78.4","	2026-07-28 14:06:11"
"	6A0C0938","	Ambient","	1","	B01??(?)","	21.5","	2026-07-28 14:06:11"
"	6A0C0938","	Ambient","	1","	B01??(%RH)","	78.2","	2026-07-28 14:06:09"
"	6A0C0938","	Ambient","	1","	B01??(?)","	21.5","	2026-07-28 14:06:09"
"	6A0C0938","	Ambient","	1","	B01??(%RH)","	78.2","	2026-07-28 14:06:07"
"	6A0C0938","	Ambient","	1","	B01??(?)","	21.5","	2026-07-28 14:06:07"
"	6A0C0938","	Ambient","	1","	B01??(%RH)","	78.1","	2026-07-28 14:06:05"
"	6A0C0938","	Ambient","	1","	B01??(?)","	21.5","	2026-07-28 14:06:05"
"	6A0C0938","	Ambient","	1","	B01??(%RH)","	78.1","	2026-07-28 14:06:03"
"	6A0C0938","	Ambient","	1","	B01??(?)","	21.5","	2026-07-28 14:06:03"
"	6A0C0938","	Ambient","	1","	B01??(%RH)","	78.1","	2026-07-28 14:06:01"
"	6A0C0938","	Ambient","	1","	B01??(?)","	21.5","	2026-07-28 14:06:01"
"	6A0C0938","	Ambient","	1","	B01??(%RH)","	78.1","	2026-07-28 14:05:59"
"	6A0C0938","	Ambient","	1","	B01??(?)","	21.5","	2026-07-28 14:05:59"
"	6A0C0938","	Ambient","	1","	B01??(%RH)","	78.1","	2026-07-28 14:05:57"
"	6A0C0938","	Ambient","	1","	B01??(?)","	21.5","	2026-07-28 14:05:57"
"	6A0C0938","	Ambient","	1","	B01??(%RH)","	78.1","	2026-07-28 14:05:55"
"	6A0C0938","	Ambient","	1","	B01??(?)","	21.5","	2026-07-28 14:05:55"
"	6A0C0938","	Ambient","	1","	B01??(%RH)","	78.2","	2026-07-28 14:05:53"
"	6A0C0938","	Ambient","	1","	B01??(?)","	21.5","	2026-07-28 14:05:53"
"	6A0C0938","	Ambient","	1","	B01??(%RH)","	78.4","	2026-07-28 14:05:51"
"	6A0C0938","	Ambient","	1","	B01??(?)","	21.5","	2026-07-28 14:05:51"
"	6A0C0938","	Ambient","	1","	B01??(%RH)","	78.6","	2026-07-28 14:05:49"
"	6A0C0938","	Ambient","	1","	B01??(?)","	21.5","	2026-07-28 14:05:49"
"	6A0C0938","	Ambient","	1","	B01??(%RH)","	79","	2026-07-28 14:05:47"
"	6A0C0938","	Ambient","	1","	B01??(?)","	21.5","	2026-07-28 14:05:47"
"	6A0C0938","	Ambient","	1","	B01??(%RH)","	79.3","	2026-07-28 14:05:45"
"	6A0C0938","	Ambient","	1","	B01??(?)","	21.5","	2026-07-28 14:05:45"
"	6A0C0938","	Ambient","	1","	B01??(%RH)","	79.4","	2026-07-28 14:05:43"
"	6A0C0938","	Ambient","	1","	B01??(?)","	21.5","	2026-07-28 14:05:43"
"	6A0C0938","	Ambient","	1","	B01??(%RH)","	79.5","	2026-07-28 14:05:41"
"	6A0C0938","	Ambient","	1","	B01??(?)","	21.5","	2026-07-28 14:05:41"
"	6A0C0938","	Ambient","	1","	B01??(%RH)","	79.5","	2026-07-28 14:05:39"
"	6A0C0938","	Ambient","	1","	B01??(?)","	21.5","	2026-07-28 14:05:39"
"	6A0C0938","	Ambient","	1","	B01??(%RH)","	79.4","	2026-07-28 14:05:37"
"	6A0C0938","	Ambient","	1","	B01??(?)","	21.5","	2026-07-28 14:05:37"
"	6A0C0938","	Ambient","	1","	B01??(%RH)","	79.5","	2026-07-28 14:05:35"
"	6A0C0938","	Ambient","	1","	B01??(?)","	21.5","	2026-07-28 14:05:35"
"	6A0C0938","	Ambient","	1","	B01??(%RH)","	79.5","	2026-07-28 14:05:32"
"	6A0C0938","	Ambient","	1","	B01??(?)","	21.5","	2026-07-28 14:05:32"
"	6A0C0938","	Ambient","	1","	B01??(%RH)","	79.5","	2026-07-28 14:05:30"
"	6A0C0938","	Ambient","	1","	B01??(?)","	21.5","	2026-07-28 14:05:30"
"	6A0C0938","	Ambient","	1","	B01??(%RH)","	79.5","	2026-07-28 14:05:28"
"	6A0C0938","	Ambient","	1","	B01??(?)","	21.5","	2026-07-28 14:05:28"
"	6A0C0938","	Ambient","	1","	B01??(%RH)","	79.6","	2026-07-28 14:05:26"
"	6A0C0938","	Ambient","	1","	B01??(?)","	21.5","	2026-07-28 14:05:26"
"	6A0C0938","	Ambient","	1","	B01??(%RH)","	79.8","	2026-07-28 14:05:24"
"	6A0C0938","	Ambient","	1","	B01??(?)","	21.5","	2026-07-28 14:05:24"
"	6A0C0938","	Ambient","	1","	B01??(%RH)","	79.9","	2026-07-28 14:05:22"
"	6A0C0938","	Ambient","	1","	B01??(?)","	21.5","	2026-07-28 14:05:22"
"	6A0C0938","	Ambient","	1","	B01??(%RH)","	80","	2026-07-28 14:05:20"
"	6A0C0938","	Ambient","	1","	B01??(?)","	21.5","	2026-07-28 14:05:20"
"	6A0C0938","	Ambient","	1","	B01??(%RH)","	80.1","	2026-07-28 14:05:18"
"	6A0C0938","	Ambient","	1","	B01??(?)","	21.5","	2026-07-28 14:05:18"
"	6A0C0938","	Ambient","	1","	B01??(%RH)","	80.1","	2026-07-28 14:05:16"
"	6A0C0938","	Ambient","	1","	B01??(?)","	21.5","	2026-07-28 14:05:16"
"	6A0C0938","	Ambient","	1","	B01??(%RH)","	80","	2026-07-28 14:05:14"
"	6A0C0938","	Ambient","	1","	B01??(?)","	21.5","	2026-07-28 14:05:14"
"	6A0C0938","	Ambient","	1","	B01??(%RH)","	79.9","	2026-07-28 14:05:12"
"	6A0C0938","	Ambient","	1","	B01??(?)","	21.5","	2026-07-28 14:05:12"
"	6A0C0938","	Ambient","	1","	B01??(%RH)","	79.8","	2026-07-28 14:05:10"
"	6A0C0938","	Ambient","	1","	B01??(?)","	21.4","	2026-07-28 14:05:10"
"	6A0C0938","	Ambient","	1","	B01??(%RH)","	79.8","	2026-07-28 14:05:08"
"	6A0C0938","	Ambient","	1","	B01??(?)","	21.5","	2026-07-28 14:05:08"
"	6A0C0938","	Ambient","	1","	B01??(%RH)","	79.8","	2026-07-28 14:05:06"
"	6A0C0938","	Ambient","	1","	B01??(?)","	21.5","	2026-07-28 14:05:06"
"	6A0C0938","	Ambient","	1","	B01??(%RH)","	79.9","	2026-07-28 14:05:04"
"	6A0C0938","	Ambient","	1","	B01??(?)","	21.5","	2026-07-28 14:05:04"
"	6A0C0938","	Ambient","	1","	B01??(%RH)","	79.8","	2026-07-28 14:05:02"
"	6A0C0938","	Ambient","	1","	B01??(?)","	21.5","	2026-07-28 14:05:02"
"	6A0C0938","	Ambient","	1","	B01??(%RH)","	79.8","	2026-07-28 14:05:00"
"	6A0C0938","	Ambient","	1","	B01??(?)","	21.5","	2026-07-28 14:05:00"
"	6A0C0938","	Ambient","	1","	B01??(%RH)","	79.8","	2026-07-28 14:04:58"
"	6A0C0938","	Ambient","	1","	B01??(?)","	21.5","	2026-07-28 14:04:58"
"	6A0C0938","	Ambient","	1","	B01??(%RH)","	79.8","	2026-07-28 14:04:56"
"	6A0C0938","	Ambient","	1","	B01??(?)","	21.5","	2026-07-28 14:04:56"
"	6A0C0938","	Ambient","	1","	B01??(%RH)","	79.8","	2026-07-28 14:04:54"
"	6A0C0938","	Ambient","	1","	B01??(?)","	21.5","	2026-07-28 14:04:54"
"	6A0C0938","	Ambient","	1","	B01??(%RH)","	79.8","	2026-07-28 14:04:51"
"	6A0C0938","	Ambient","	1","	B01??(?)","	21.4","	2026-07-28 14:04:51"
"	6A0C0938","	Ambient","	1","	B01??(%RH)","	79.8","	2026-07-28 14:04:49"
"	6A0C0938","	Ambient","	1","	B01??(?)","	21.5","	2026-07-28 14:04:49"
"	6A0C0938","	Ambient","	1","	B01??(%RH)","	79.8","	2026-07-28 14:04:47"
"	6A0C0938","	Ambient","	1","	B01??(?)","	21.4","	2026-07-28 14:04:47"
"	6A0C0938","	Ambient","	1","	B01??(%RH)","	79.7","	2026-07-28 14:04:45"
"	6A0C0938","	Ambient","	1","	B01??(?)","	21.5","	2026-07-28 14:04:45"
"	6A0C0938","	Ambient","	1","	B01??(%RH)","	79.5","	2026-07-28 14:04:43"
"	6A0C0938","	Ambient","	1","	B01??(?)","	21.4","	2026-07-28 14:04:43"
"	6A0C0938","	Ambient","	1","	B01??(%RH)","	79.4","	2026-07-28 14:04:41"
"	6A0C0938","	Ambient","	1","	B01??(?)","	21.4","	2026-07-28 14:04:41"
"	6A0C0938","	Ambient","	1","	B01??(%RH)","	79.3","	2026-07-28 14:04:39"
"	6A0C0938","	Ambient","	1","	B01??(?)","	21.4","	2026-07-28 14:04:39"
"	6A0C0938","	Ambient","	1","	B01??(%RH)","	79.2","	2026-07-28 14:04:37"
"	6A0C0938","	Ambient","	1","	B01??(?)","	21.4","	2026-07-28 14:04:37"
"	6A0C0938","	Ambient","	1","	B01??(%RH)","	79.2","	2026-07-28 14:04:35"
"	6A0C0938","	Ambient","	1","	B01??(?)","	21.5","	2026-07-28 14:04:35"
"	6A0C0938","	Ambient","	1","	B01??(%RH)","	79.2","	2026-07-28 14:04:33"
"	6A0C0938","	Ambient","	1","	B01??(?)","	21.4","	2026-07-28 14:04:33"
"	6A0C0938","	Ambient","	1","	B01??(%RH)","	79.2","	2026-07-28 14:04:31"
"	6A0C0938","	Ambient","	1","	B01??(?)","	21.4","	2026-07-28 14:04:31"
"	6A0C0938","	Ambient","	1","	B01??(%RH)","	79.2","	2026-07-28 14:04:29"
"	6A0C0938","	Ambient","	1","	B01??(?)","	21.4","	2026-07-28 14:04:29"
"	6A0C0938","	Ambient","	1","	B01??(%RH)","	79.3","	2026-07-28 14:04:27"
"	6A0C0938","	Ambient","	1","	B01??(?)","	21.4","	2026-07-28 14:04:27"
"	6A0C0938","	Ambient","	1","	B01??(%RH)","	79.3","	2026-07-28 14:04:25"
"	6A0C0938","	Ambient","	1","	B01??(?)","	21.4","	2026-07-28 14:04:25"
"	6A0C0938","	Ambient","	1","	B01??(%RH)","	79.3","	2026-07-28 14:04:23"
"	6A0C0938","	Ambient","	1","	B01??(?)","	21.4","	2026-07-28 14:04:23"
"	6A0C0938","	Ambient","	1","	B01??(%RH)","	79.3","	2026-07-28 14:04:21"
"	6A0C0938","	Ambient","	1","	B01??(?)","	21.4","	2026-07-28 14:04:21"
"	6A0C0938","	Ambient","	1","	B01??(%RH)","	79.3","	2026-07-28 14:04:19"
"	6A0C0938","	Ambient","	1","	B01??(?)","	21.4","	2026-07-28 14:04:19"
"	6A0C0938","	Ambient","	1","	B01??(%RH)","	79.4","	2026-07-28 14:04:17"
"	6A0C0938","	Ambient","	1","	B01??(?)","	21.4","	2026-07-28 14:04:17"
"	6A0C0938","	Ambient","	1","	B01??(%RH)","	79.5","	2026-07-28 14:04:15"
"	6A0C0938","	Ambient","	1","	B01??(?)","	21.4","	2026-07-28 14:04:15"
"	6A0C0938","	Ambient","	1","	B01??(%RH)","	79.5","	2026-07-28 14:04:13"
"	6A0C0938","	Ambient","	1","	B01??(?)","	21.4","	2026-07-28 14:04:13"
"	6A0C0938","	Ambient","	1","	B01??(%RH)","	79.5","	2026-07-28 14:04:11"
"	6A0C0938","	Ambient","	1","	B01??(?)","	21.4","	2026-07-28 14:04:11"
"	6A0C0938","	Ambient","	1","	B01??(%RH)","	79.6","	2026-07-28 14:04:08"
"	6A0C0938","	Ambient","	1","	B01??(?)","	21.4","	2026-07-28 14:04:08"
"	6A0C0938","	Ambient","	1","	B01??(%RH)","	79.6","	2026-07-28 14:04:06"
"	6A0C0938","	Ambient","	1","	B01??(?)","	21.4","	2026-07-28 14:04:06"
"	6A0C0938","	Ambient","	1","	B01??(%RH)","	79.6","	2026-07-28 14:04:04"
"	6A0C0938","	Ambient","	1","	B01??(?)","	21.4","	2026-07-28 14:04:04"
"	6A0C0938","	Ambient","	1","	B01??(%RH)","	79.7","	2026-07-28 14:04:02"
"	6A0C0938","	Ambient","	1","	B01??(?)","	21.4","	2026-07-28 14:04:02"
"	6A0C0938","	Ambient","	1","	B01??(%RH)","	79.8","	2026-07-28 14:04:00"
"	6A0C0938","	Ambient","	1","	B01??(?)","	21.4","	2026-07-28 14:04:00"
"	6A0C0938","	Ambient","	1","	B01??(%RH)","	79.9","	2026-07-28 14:03:58"
"	6A0C0938","	Ambient","	1","	B01??(?)","	21.4","	2026-07-28 14:03:58"
"	6A0C0938","	Ambient","	1","	B01??(%RH)","	80.1","	2026-07-28 14:03:56"
"	6A0C0938","	Ambient","	1","	B01??(?)","	21.4","	2026-07-28 14:03:56"
"	6A0C0938","	Ambient","	1","	B01??(%RH)","	80.2","	2026-07-28 14:03:54"
"	6A0C0938","	Ambient","	1","	B01??(?)","	21.4","	2026-07-28 14:03:54"
"	6A0C0938","	Ambient","	1","	B01??(%RH)","	80.2","	2026-07-28 14:03:52"
"	6A0C0938","	Ambient","	1","	B01??(?)","	21.4","	2026-07-28 14:03:52"
"	6A0C0938","	Ambient","	1","	B01??(%RH)","	80.2","	2026-07-28 14:03:50"
"	6A0C0938","	Ambient","	1","	B01??(?)","	21.4","	2026-07-28 14:03:50"
"	6A0C0938","	Ambient","	1","	B01??(%RH)","	80.1","	2026-07-28 14:03:48"
"	6A0C0938","	Ambient","	1","	B01??(?)","	21.4","	2026-07-28 14:03:48"
"	6A0C0938","	Ambient","	1","	B01??(%RH)","	80.1","	2026-07-28 14:03:46"
"	6A0C0938","	Ambient","	1","	B01??(?)","	21.4","	2026-07-28 14:03:46"
"	6A0C0938","	Ambient","	1","	B01??(?)","	21.4","	2026-07-28 14:03:44"
"	6A0C0938","	Ambient","	1","	B01??(%RH)","	79.9","	2026-07-28 14:03:44"
"	6A0C0938","	Ambient","	1","	B01??(%RH)","	79.8","	2026-07-28 14:03:42"
"	6A0C0938","	Ambient","	1","	B01??(?)","	21.4","	2026-07-28 14:03:42"
"	6A0C0938","	Ambient","	1","	B01??(%RH)","	79.7","	2026-07-28 14:03:40"
"	6A0C0938","	Ambient","	1","	B01??(?)","	21.4","	2026-07-28 14:03:40"
"	6A0C0938","	Ambient","	1","	B01??(%RH)","	79.6","	2026-07-28 14:03:38"
"	6A0C0938","	Ambient","	1","	B01??(?)","	21.4","	2026-07-28 14:03:38"
"	6A0C0938","	Ambient","	1","	B01??(%RH)","	79.5","	2026-07-28 14:03:36"
"	6A0C0938","	Ambient","	1","	B01??(?)","	21.4","	2026-07-28 14:03:36"
"	6A0C0938","	Ambient","	1","	B01??(%RH)","	79.3","	2026-07-28 14:03:34"
"	6A0C0938","	Ambient","	1","	B01??(?)","	21.4","	2026-07-28 14:03:34"
"	6A0C0938","	Ambient","	1","	B01??(%RH)","	79.1","	2026-07-28 14:03:32"
"	6A0C0938","	Ambient","	1","	B01??(?)","	21.4","	2026-07-28 14:03:32"
"	6A0C0938","	Ambient","	1","	B01??(%RH)","	79","	2026-07-28 14:03:30"
"	6A0C0938","	Ambient","	1","	B01??(?)","	21.4","	2026-07-28 14:03:30"
"	6A0C0938","	Ambient","	1","	B01??(%RH)","	78.8","	2026-07-28 14:03:27"
"	6A0C0938","	Ambient","	1","	B01??(?)","	21.4","	2026-07-28 14:03:27"
"	6A0C0938","	Ambient","	1","	B01??(%RH)","	78.7","	2026-07-28 14:03:25"
"	6A0C0938","	Ambient","	1","	B01??(?)","	21.4","	2026-07-28 14:03:25"
"	6A0C0938","	Ambient","	1","	B01??(%RH)","	78.5","	2026-07-28 14:03:23"
"	6A0C0938","	Ambient","	1","	B01??(?)","	21.4","	2026-07-28 14:03:23"
"	6A0C0938","	Ambient","	1","	B01??(%RH)","	78.4","	2026-07-28 14:03:21"
"	6A0C0938","	Ambient","	1","	B01??(?)","	21.3","	2026-07-28 14:03:21"
"	6A0C0938","	Ambient","	1","	B01??(%RH)","	78.3","	2026-07-28 14:03:19"
"	6A0C0938","	Ambient","	1","	B01??(?)","	21.3","	2026-07-28 14:03:19"
"	6A0C0938","	Ambient","	1","	B01??(%RH)","	78.2","	2026-07-28 14:03:17"
"	6A0C0938","	Ambient","	1","	B01??(?)","	21.3","	2026-07-28 14:03:17"
"	6A0C0938","	Ambient","	1","	B01??(%RH)","	78.2","	2026-07-28 14:03:15"
"	6A0C0938","	Ambient","	1","	B01??(?)","	21.3","	2026-07-28 14:03:15"
"	6A0C0938","	Ambient","	1","	B01??(%RH)","	78.2","	2026-07-28 14:03:13"
"	6A0C0938","	Ambient","	1","	B01??(?)","	21.3","	2026-07-28 14:03:13"
"	6A0C0938","	Ambient","	1","	B01??(%RH)","	78.2","	2026-07-28 14:03:11"
"	6A0C0938","	Ambient","	1","	B01??(?)","	21.3","	2026-07-28 14:03:11"
"	6A0C0938","	Ambient","	1","	B01??(%RH)","	78.3","	2026-07-28 14:03:09"
"	6A0C0938","	Ambient","	1","	B01??(?)","	21.3","	2026-07-28 14:03:09"
"	6A0C0938","	Ambient","	1","	B01??(%RH)","	78.3","	2026-07-28 14:03:07"
"	6A0C0938","	Ambient","	1","	B01??(?)","	21.3","	2026-07-28 14:03:07"
"	6A0C0938","	Ambient","	1","	B01??(%RH)","	78.2","	2026-07-28 14:03:05"
"	6A0C0938","	Ambient","	1","	B01??(?)","	21.3","	2026-07-28 14:03:05"
"	6A0C0938","	Ambient","	1","	B01??(%RH)","	78.1","	2026-07-28 14:03:03"
"	6A0C0938","	Ambient","	1","	B01??(?)","	21.3","	2026-07-28 14:03:03"
"	6A0C0938","	Ambient","	1","	B01??(%RH)","	78","	2026-07-28 14:03:01"
"	6A0C0938","	Ambient","	1","	B01??(?)","	21.3","	2026-07-28 14:03:01"
"	6A0C0938","	Ambient","	1","	B01??(%RH)","	77.8","	2026-07-28 14:02:59"
"	6A0C0938","	Ambient","	1","	B01??(?)","	21.3","	2026-07-28 14:02:59"
"	6A0C0938","	Ambient","	1","	B01??(%RH)","	77.6","	2026-07-28 14:02:57"
"	6A0C0938","	Ambient","	1","	B01??(?)","	21.3","	2026-07-28 14:02:57"
"	6A0C0938","	Ambient","	1","	B01??(%RH)","	77.6","	2026-07-28 14:02:55"
"	6A0C0938","	Ambient","	1","	B01??(?)","	21.3","	2026-07-28 14:02:55"
"	6A0C0938","	Ambient","	1","	B01??(%RH)","	77.6","	2026-07-28 14:02:53"
"	6A0C0938","	Ambient","	1","	B01??(?)","	21.3","	2026-07-28 14:02:53"
"	6A0C0938","	Ambient","	1","	B01??(%RH)","	77.6","	2026-07-28 14:02:51"
"	6A0C0938","	Ambient","	1","	B01??(?)","	21.3","	2026-07-28 14:02:51"
"	6A0C0938","	Ambient","	1","	B01??(%RH)","	77.7","	2026-07-28 14:02:49"
"	6A0C0938","	Ambient","	1","	B01??(?)","	21.3","	2026-07-28 14:02:49"
"	6A0C0938","	Ambient","	1","	B01??(%RH)","	77.7","	2026-07-28 14:02:46"
"	6A0C0938","	Ambient","	1","	B01??(?)","	21.3","	2026-07-28 14:02:46"
"	6A0C0938","	Ambient","	1","	B01??(%RH)","	77.9","	2026-07-28 14:02:44"
"	6A0C0938","	Ambient","	1","	B01??(?)","	21.3","	2026-07-28 14:02:44"
"	6A0C0938","	Ambient","	1","	B01??(%RH)","	78","	2026-07-28 14:02:42"
"	6A0C0938","	Ambient","	1","	B01??(?)","	21.3","	2026-07-28 14:02:42"
"	6A0C0938","	Ambient","	1","	B01??(%RH)","	78","	2026-07-28 14:02:40"
"	6A0C0938","	Ambient","	1","	B01??(?)","	21.3","	2026-07-28 14:02:40"
"	6A0C0938","	Ambient","	1","	B01??(%RH)","	78.1","	2026-07-28 14:02:38"
"	6A0C0938","	Ambient","	1","	B01??(?)","	21.3","	2026-07-28 14:02:38"
"	6A0C0938","	Ambient","	1","	B01??(%RH)","	78.2","	2026-07-28 14:02:36"
"	6A0C0938","	Ambient","	1","	B01??(?)","	21.3","	2026-07-28 14:02:36"
"	6A0C0938","	Ambient","	1","	B01??(%RH)","	78.5","	2026-07-28 14:02:34"
"	6A0C0938","	Ambient","	1","	B01??(?)","	21.3","	2026-07-28 14:02:34"
"	6A0C0938","	Ambient","	1","	B01??(%RH)","	78.8","	2026-07-28 14:02:32"
"	6A0C0938","	Ambient","	1","	B01??(?)","	21.3","	2026-07-28 14:02:32"
"	6A0C0938","	Ambient","	1","	B01??(%RH)","	79.1","	2026-07-28 14:02:30"
"	6A0C0938","	Ambient","	1","	B01??(?)","	21.3","	2026-07-28 14:02:30"
"	6A0C0938","	Ambient","	1","	B01??(%RH)","	79.4","	2026-07-28 14:02:28"
"	6A0C0938","	Ambient","	1","	B01??(?)","	21.3","	2026-07-28 14:02:28"
"	6A0C0938","	Ambient","	1","	B01??(%RH)","	79.6","	2026-07-28 14:02:26"
"	6A0C0938","	Ambient","	1","	B01??(?)","	21.3","	2026-07-28 14:02:26"
"	6A0C0938","	Ambient","	1","	B01??(%RH)","	79.7","	2026-07-28 14:02:24"
"	6A0C0938","	Ambient","	1","	B01??(?)","	21.3","	2026-07-28 14:02:24"
"	6A0C0938","	Ambient","	1","	B01??(%RH)","	79.7","	2026-07-28 14:02:22"
"	6A0C0938","	Ambient","	1","	B01??(?)","	21.3","	2026-07-28 14:02:22"
"	6A0C0938","	Ambient","	1","	B01??(%RH)","	79.7","	2026-07-28 14:02:20"
"	6A0C0938","	Ambient","	1","	B01??(?)","	21.3","	2026-07-28 14:02:20"
"	6A0C0938","	Ambient","	1","	B01??(%RH)","	79.6","	2026-07-28 14:02:18"
"	6A0C0938","	Ambient","	1","	B01??(?)","	21.2","	2026-07-28 14:02:18"
"	6A0C0938","	Ambient","	1","	B01??(%RH)","	79.6","	2026-07-28 14:02:16"
"	6A0C0938","	Ambient","	1","	B01??(?)","	21.3","	2026-07-28 14:02:16"
"	6A0C0938","	Ambient","	1","	B01??(%RH)","	79.6","	2026-07-28 14:02:14"
"	6A0C0938","	Ambient","	1","	B01??(?)","	21.3","	2026-07-28 14:02:14"
"	6A0C0938","	Ambient","	1","	B01??(%RH)","	79.5","	2026-07-28 14:02:12"
"	6A0C0938","	Ambient","	1","	B01??(?)","	21.2","	2026-07-28 14:02:12"
"	6A0C0938","	Ambient","	1","	B01??(%RH)","	79.5","	2026-07-28 14:02:10"
"	6A0C0938","	Ambient","	1","	B01??(?)","	21.3","	2026-07-28 14:02:10"
"	6A0C0938","	Ambient","	1","	B01??(%RH)","	79.5","	2026-07-28 14:02:08"
"	6A0C0938","	Ambient","	1","	B01??(?)","	21.3","	2026-07-28 14:02:08"
"	6A0C0938","	Ambient","	1","	B01??(%RH)","	79.4","	2026-07-28 14:02:05"
"	6A0C0938","	Ambient","	1","	B01??(?)","	21.2","	2026-07-28 14:02:05"
"	6A0C0938","	Ambient","	1","	B01??(%RH)","	79.3","	2026-07-28 14:02:03"
"	6A0C0938","	Ambient","	1","	B01??(?)","	21.2","	2026-07-28 14:02:03"
"	6A0C0938","	Ambient","	1","	B01??(%RH)","	79.3","	2026-07-28 14:02:01"
"	6A0C0938","	Ambient","	1","	B01??(?)","	21.2","	2026-07-28 14:02:01"
"	6A0C0938","	Ambient","	1","	B01??(%RH)","	79.3","	2026-07-28 14:01:59"
"	6A0C0938","	Ambient","	1","	B01??(?)","	21.2","	2026-07-28 14:01:59"
"	6A0C0938","	Ambient","	1","	B01??(%RH)","	79.3","	2026-07-28 14:01:57"
"	6A0C0938","	Ambient","	1","	B01??(?)","	21.2","	2026-07-28 14:01:57"
"	6A0C0938","	Ambient","	1","	B01??(%RH)","	79.4","	2026-07-28 14:01:55"
"	6A0C0938","	Ambient","	1","	B01??(?)","	21.3","	2026-07-28 14:01:55"
"	6A0C0938","	Ambient","	1","	B01??(%RH)","	79.5","	2026-07-28 14:01:53"
"	6A0C0938","	Ambient","	1","	B01??(?)","	21.2","	2026-07-28 14:01:53"
"	6A0C0938","	Ambient","	1","	B01??(%RH)","	79.5","	2026-07-28 14:01:51"
"	6A0C0938","	Ambient","	1","	B01??(?)","	21.2","	2026-07-28 14:01:51"
"	6A0C0938","	Ambient","	1","	B01??(%RH)","	79.5","	2026-07-28 14:01:49"
"	6A0C0938","	Ambient","	1","	B01??(?)","	21.2","	2026-07-28 14:01:49"
"	6A0C0938","	Ambient","	1","	B01??(%RH)","	79.5","	2026-07-28 14:01:47"
"	6A0C0938","	Ambient","	1","	B01??(?)","	21.2","	2026-07-28 14:01:47"
"	6A0C0938","	Ambient","	1","	B01??(%RH)","	79.5","	2026-07-28 14:01:45"
"	6A0C0938","	Ambient","	1","	B01??(?)","	21.2","	2026-07-28 14:01:45"
"	6A0C0938","	Ambient","	1","	B01??(%RH)","	79.4","	2026-07-28 14:01:43"
"	6A0C0938","	Ambient","	1","	B01??(?)","	21.2","	2026-07-28 14:01:43"
"	6A0C0938","	Ambient","	1","	B01??(%RH)","	79.3","	2026-07-28 14:01:41"
"	6A0C0938","	Ambient","	1","	B01??(?)","	21.2","	2026-07-28 14:01:41"
"	6A0C0938","	Ambient","	1","	B01??(%RH)","	79.2","	2026-07-28 14:01:39"
"	6A0C0938","	Ambient","	1","	B01??(?)","	21.2","	2026-07-28 14:01:39"
"	6A0C0938","	Ambient","	1","	B01??(%RH)","	79.1","	2026-07-28 14:01:37"
"	6A0C0938","	Ambient","	1","	B01??(?)","	21.2","	2026-07-28 14:01:37"
"	6A0C0938","	Ambient","	1","	B01??(%RH)","	79","	2026-07-28 14:01:35"
"	6A0C0938","	Ambient","	1","	B01??(?)","	21.2","	2026-07-28 14:01:35"
"	6A0C0938","	Ambient","	1","	B01??(%RH)","	78.9","	2026-07-28 14:01:33"
"	6A0C0938","	Ambient","	1","	B01??(?)","	21.2","	2026-07-28 14:01:33"
"	6A0C0938","	Ambient","	1","	B01??(%RH)","	78.9","	2026-07-28 14:01:31"
"	6A0C0938","	Ambient","	1","	B01??(?)","	21.2","	2026-07-28 14:01:31"
"	6A0C0938","	Ambient","	1","	B01??(%RH)","	78.8","	2026-07-28 14:01:29"
"	6A0C0938","	Ambient","	1","	B01??(?)","	21.2","	2026-07-28 14:01:29"
"	6A0C0938","	Ambient","	1","	B01??(%RH)","	78.8","	2026-07-28 14:01:27"
"	6A0C0938","	Ambient","	1","	B01??(?)","	21.2","	2026-07-28 14:01:27"
"	6A0C0938","	Ambient","	1","	B01??(%RH)","	78.9","	2026-07-28 14:01:25"
"	6A0C0938","	Ambient","	1","	B01??(?)","	21.2","	2026-07-28 14:01:25"
"	6A0C0938","	Ambient","	1","	B01??(%RH)","	78.8","	2026-07-28 14:01:22"
"	6A0C0938","	Ambient","	1","	B01??(?)","	21.2","	2026-07-28 14:01:22"
"	6A0C0938","	Ambient","	1","	B01??(%RH)","	78.8","	2026-07-28 14:01:20"
"	6A0C0938","	Ambient","	1","	B01??(?)","	21.2","	2026-07-28 14:01:20"
"	6A0C0938","	Ambient","	1","	B01??(%RH)","	78.7","	2026-07-28 14:01:18"
"	6A0C0938","	Ambient","	1","	B01??(?)","	21.2","	2026-07-28 14:01:18"
"	6A0C0938","	Ambient","	1","	B01??(%RH)","	78.7","	2026-07-28 14:01:16"
"	6A0C0938","	Ambient","	1","	B01??(?)","	21.2","	2026-07-28 14:01:16"
"	6A0C0938","	Ambient","	1","	B01??(%RH)","	78.5","	2026-07-28 14:01:14"
"	6A0C0938","	Ambient","	1","	B01??(?)","	21.2","	2026-07-28 14:01:14"
"	6A0C0938","	Ambient","	1","	B01??(%RH)","	78.3","	2026-07-28 14:01:12"
"	6A0C0938","	Ambient","	1","	B01??(?)","	21.2","	2026-07-28 14:01:12"
"	6A0C0938","	Ambient","	1","	B01??(%RH)","	78.1","	2026-07-28 14:01:10"
"	6A0C0938","	Ambient","	1","	B01??(?)","	21.2","	2026-07-28 14:01:10"
"	6A0C0938","	Ambient","	1","	B01??(%RH)","	77.8","	2026-07-28 14:01:08"
"	6A0C0938","	Ambient","	1","	B01??(?)","	21.2","	2026-07-28 14:01:08"
"	6A0C0938","	Ambient","	1","	B01??(%RH)","	77.4","	2026-07-28 14:01:06"
"	6A0C0938","	Ambient","	1","	B01??(?)","	21.2","	2026-07-28 14:01:06"
"	6A0C0938","	Ambient","	1","	B01??(%RH)","	77","	2026-07-28 14:01:04"
"	6A0C0938","	Ambient","	1","	B01??(?)","	21.2","	2026-07-28 14:01:04"
"	6A0C0938","	Ambient","	1","	B01??(%RH)","	76.7","	2026-07-28 14:01:02"
"	6A0C0938","	Ambient","	1","	B01??(?)","	21.2","	2026-07-28 14:01:02"
"	6A0C0938","	Ambient","	1","	B01??(%RH)","	76.5","	2026-07-28 14:01:00"
"	6A0C0938","	Ambient","	1","	B01??(?)","	21.2","	2026-07-28 14:01:00"
"	6A0C0938","	Ambient","	1","	B01??(%RH)","	76.3","	2026-07-28 14:00:58"
"	6A0C0938","	Ambient","	1","	B01??(?)","	21.2","	2026-07-28 14:00:58"
"	6A0C0938","	Ambient","	1","	B01??(%RH)","	76.2","	2026-07-28 14:00:56"
"	6A0C0938","	Ambient","	1","	B01??(?)","	21.2","	2026-07-28 14:00:56"
"	6A0C0938","	Ambient","	1","	B01??(%RH)","	76.2","	2026-07-28 14:00:54"
"	6A0C0938","	Ambient","	1","	B01??(?)","	21.2","	2026-07-28 14:00:54"
"	6A0C0938","	Ambient","	1","	B01??(%RH)","	76.2","	2026-07-28 14:00:52"
"	6A0C0938","	Ambient","	1","	B01??(?)","	21.2","	2026-07-28 14:00:52"
"	6A0C0938","	Ambient","	1","	B01??(%RH)","	76.3","	2026-07-28 14:00:50"
"	6A0C0938","	Ambient","	1","	B01??(?)","	21.2","	2026-07-28 14:00:50"
"	6A0C0938","	Ambient","	1","	B01??(%RH)","	76.5","	2026-07-28 14:00:48"
"	6A0C0938","	Ambient","	1","	B01??(?)","	21.2","	2026-07-28 14:00:48"
"	6A0C0938","	Ambient","	1","	B01??(%RH)","	76.7","	2026-07-28 14:00:46"
"	6A0C0938","	Ambient","	1","	B01??(?)","	21.2","	2026-07-28 14:00:46"
"	6A0C0938","	Ambient","	1","	B01??(%RH)","	76.8","	2026-07-28 14:00:44"
"	6A0C0938","	Ambient","	1","	B01??(?)","	21.2","	2026-07-28 14:00:44"
"	6A0C0938","	Ambient","	1","	B01??(%RH)","	77","	2026-07-28 14:00:42"
"	6A0C0938","	Ambient","	1","	B01??(?)","	21.2","	2026-07-28 14:00:42"
"	6A0C0938","	Ambient","	1","	B01??(%RH)","	77","	2026-07-28 14:00:39"
"	6A0C0938","	Ambient","	1","	B01??(?)","	21.2","	2026-07-28 14:00:39"
"	6A0C0938","	Ambient","	1","	B01??(%RH)","	77","	2026-07-28 14:00:37"
"	6A0C0938","	Ambient","	1","	B01??(?)","	21.2","	2026-07-28 14:00:37"
"	6A0C0938","	Ambient","	1","	B01??(%RH)","	77","	2026-07-28 14:00:35"
"	6A0C0938","	Ambient","	1","	B01??(?)","	21.2","	2026-07-28 14:00:35"
"	6A0C0938","	Ambient","	1","	B01??(%RH)","	77.1","	2026-07-28 14:00:33"
"	6A0C0938","	Ambient","	1","	B01??(?)","	21.2","	2026-07-28 14:00:33"
"	6A0C0938","	Ambient","	1","	B01??(%RH)","	77.1","	2026-07-28 14:00:31"
"	6A0C0938","	Ambient","	1","	B01??(?)","	21.2","	2026-07-28 14:00:31"
"	6A0C0938","	Ambient","	1","	B01??(%RH)","	77.1","	2026-07-28 14:00:29"
"	6A0C0938","	Ambient","	1","	B01??(?)","	21.2","	2026-07-28 14:00:29"
"	6A0C0938","	Ambient","	1","	B01??(%RH)","	77.1","	2026-07-28 14:00:27"
"	6A0C0938","	Ambient","	1","	B01??(?)","	21.2","	2026-07-28 14:00:27"
"	6A0C0938","	Ambient","	1","	B01??(%RH)","	77","	2026-07-28 14:00:25"
"	6A0C0938","	Ambient","	1","	B01??(?)","	21.2","	2026-07-28 14:00:25"
"	6A0C0938","	Ambient","	1","	B01??(%RH)","	76.9","	2026-07-28 14:00:23"
"	6A0C0938","	Ambient","	1","	B01??(?)","	21.2","	2026-07-28 14:00:23"
"	6A0C0938","	Ambient","	1","	B01??(%RH)","	76.8","	2026-07-28 14:00:21"
"	6A0C0938","	Ambient","	1","	B01??(?)","	21.2","	2026-07-28 14:00:21"
"	6A0C0938","	Ambient","	1","	B01??(%RH)","	76.6","	2026-07-28 14:00:19"
"	6A0C0938","	Ambient","	1","	B01??(?)","	21.2","	2026-07-28 14:00:19"
"	6A0C0938","	Ambient","	1","	B01??(%RH)","	76.3","	2026-07-28 14:00:17"
"	6A0C0938","	Ambient","	1","	B01??(?)","	21.2","	2026-07-28 14:00:17"
"	6A0C0938","	Ambient","	1","	B01??(%RH)","	76.1","	2026-07-28 14:00:15"
"	6A0C0938","	Ambient","	1","	B01??(?)","	21.2","	2026-07-28 14:00:15"
"	6A0C0938","	Ambient","	1","	B01??(%RH)","	75.8","	2026-07-28 14:00:13"
"	6A0C0938","	Ambient","	1","	B01??(?)","	21.2","	2026-07-28 14:00:13"
"	6A0C0938","	Ambient","	1","	B01??(%RH)","	75.6","	2026-07-28 14:00:11"
"	6A0C0938","	Ambient","	1","	B01??(?)","	21.2","	2026-07-28 14:00:11"
"	6A0C0938","	Ambient","	1","	B01??(%RH)","	75.7","	2026-07-28 14:00:09"
"	6A0C0938","	Ambient","	1","	B01??(?)","	21.2","	2026-07-28 14:00:09"
"	6A0C0938","	Ambient","	1","	B01??(%RH)","	75.9","	2026-07-28 14:00:07"
"	6A0C0938","	Ambient","	1","	B01??(?)","	21.2","	2026-07-28 14:00:07"
"	6A0C0938","	Ambient","	1","	B01??(%RH)","	76.3","	2026-07-28 14:00:05"
"	6A0C0938","	Ambient","	1","	B01??(?)","	21.2","	2026-07-28 14:00:05"
"	6A0C0938","	Ambient","	1","	B01??(%RH)","	76.5","	2026-07-28 14:00:03"
"	6A0C0938","	Ambient","	1","	B01??(?)","	21.2","	2026-07-28 14:00:03"
"	6A0C0938","	Ambient","	1","	B01??(%RH)","	76.6","	2026-07-28 14:00:01"
"	6A0C0938","	Ambient","	1","	B01??(?)","	21.2","	2026-07-28 14:00:01"
"	6A0C0938","	Ambient","	1","	B01??(%RH)","	76.7","	2026-07-28 13:59:59"
"	6A0C0938","	Ambient","	1","	B01??(?)","	21.2","	2026-07-28 13:59:59"
"	6A0C0938","	Ambient","	1","	B01??(%RH)","	76.7","	2026-07-28 13:59:56"
"	6A0C0938","	Ambient","	1","	B01??(?)","	21.2","	2026-07-28 13:59:56"
"	6A0C0938","	Ambient","	1","	B01??(%RH)","	76.7","	2026-07-28 13:59:54"
"	6A0C0938","	Ambient","	1","	B01??(?)","	21.2","	2026-07-28 13:59:54"
"	6A0C0938","	Ambient","	1","	B01??(%RH)","	76.6","	2026-07-28 13:59:52"
"	6A0C0938","	Ambient","	1","	B01??(?)","	21.2","	2026-07-28 13:59:52"
"	6A0C0938","	Ambient","	1","	B01??(%RH)","	76.7","	2026-07-28 13:59:50"
"	6A0C0938","	Ambient","	1","	B01??(?)","	21.2","	2026-07-28 13:59:50"
"	6A0C0938","	Ambient","	1","	B01??(%RH)","	76.9","	2026-07-28 13:59:48"
"	6A0C0938","	Ambient","	1","	B01??(?)","	21.2","	2026-07-28 13:59:48"
"	6A0C0938","	Ambient","	1","	B01??(%RH)","	77","	2026-07-28 13:59:46"
"	6A0C0938","	Ambient","	1","	B01??(?)","	21.2","	2026-07-28 13:59:46"
"	6A0C0938","	Ambient","	1","	B01??(%RH)","	77","	2026-07-28 13:59:44"
"	6A0C0938","	Ambient","	1","	B01??(?)","	21.2","	2026-07-28 13:59:44"
"	6A0C0938","	Ambient","	1","	B01??(%RH)","	77","	2026-07-28 13:59:42"
"	6A0C0938","	Ambient","	1","	B01??(?)","	21.2","	2026-07-28 13:59:42"
"	6A0C0938","	Ambient","	1","	B01??(%RH)","	77","	2026-07-28 13:59:40"
"	6A0C0938","	Ambient","	1","	B01??(?)","	21.2","	2026-07-28 13:59:40"
"	6A0C0938","	Ambient","	1","	B01??(%RH)","	77","	2026-07-28 13:59:38"
"	6A0C0938","	Ambient","	1","	B01??(?)","	21.2","	2026-07-28 13:59:38"
"	6A0C0938","	Ambient","	1","	B01??(%RH)","	77","	2026-07-28 13:59:36"
"	6A0C0938","	Ambient","	1","	B01??(?)","	21.2","	2026-07-28 13:59:36"
"	6A0C0938","	Ambient","	1","	B01??(%RH)","	76.9","	2026-07-28 13:59:34"
"	6A0C0938","	Ambient","	1","	B01??(?)","	21.2","	2026-07-28 13:59:34"
"	6A0C0938","	Ambient","	1","	B01??(%RH)","	76.7","	2026-07-28 13:59:32"
"	6A0C0938","	Ambient","	1","	B01??(?)","	21.2","	2026-07-28 13:59:32"
"	6A0C0938","	Ambient","	1","	B01??(%RH)","	76.5","	2026-07-28 13:59:30"
"	6A0C0938","	Ambient","	1","	B01??(?)","	21.2","	2026-07-28 13:59:30"
"	6A0C0938","	Ambient","	1","	B01??(%RH)","	76.3","	2026-07-28 13:59:28"
"	6A0C0938","	Ambient","	1","	B01??(?)","	21.2","	2026-07-28 13:59:28"
"	6A0C0938","	Ambient","	1","	B01??(%RH)","	76.2","	2026-07-28 13:59:26"
"	6A0C0938","	Ambient","	1","	B01??(?)","	21.2","	2026-07-28 13:59:26"
"	6A0C0938","	Ambient","	1","	B01??(%RH)","	76.1","	2026-07-28 13:59:24"
"	6A0C0938","	Ambient","	1","	B01??(?)","	21.2","	2026-07-28 13:59:24"
"	6A0C0938","	Ambient","	1","	B01??(%RH)","	76.2","	2026-07-28 13:59:22"
"	6A0C0938","	Ambient","	1","	B01??(?)","	21.2","	2026-07-28 13:59:22"
"	6A0C0938","	Ambient","	1","	B01??(%RH)","	76.3","	2026-07-28 13:59:20"
"	6A0C0938","	Ambient","	1","	B01??(?)","	21.2","	2026-07-28 13:59:20"
"	6A0C0938","	Ambient","	1","	B01??(%RH)","	76.5","	2026-07-28 13:59:18"
"	6A0C0938","	Ambient","	1","	B01??(?)","	21.2","	2026-07-28 13:59:18"
"	6A0C0938","	Ambient","	1","	B01??(%RH)","	76.6","	2026-07-28 13:59:16"
"	6A0C0938","	Ambient","	1","	B01??(?)","	21.2","	2026-07-28 13:59:16"
"	6A0C0938","	Ambient","	1","	B01??(%RH)","	76.8","	2026-07-28 13:59:13"
"	6A0C0938","	Ambient","	1","	B01??(?)","	21.2","	2026-07-28 13:59:13"
"	6A0C0938","	Ambient","	1","	B01??(%RH)","	76.9","	2026-07-28 13:59:11"
"	6A0C0938","	Ambient","	1","	B01??(?)","	21.2","	2026-07-28 13:59:11"
"	6A0C0938","	Ambient","	1","	B01??(%RH)","	76.8","	2026-07-28 13:59:09"
"	6A0C0938","	Ambient","	1","	B01??(?)","	21.2","	2026-07-28 13:59:09"
"	6A0C0938","	Ambient","	1","	B01??(%RH)","	76.7","	2026-07-28 13:59:07"
"	6A0C0938","	Ambient","	1","	B01??(?)","	21.2","	2026-07-28 13:59:07"
"	6A0C0938","	Ambient","	1","	B01??(%RH)","	76.5","	2026-07-28 13:59:05"
"	6A0C0938","	Ambient","	1","	B01??(?)","	21.2","	2026-07-28 13:59:05"
"	6A0C0938","	Ambient","	1","	B01??(%RH)","	76.2","	2026-07-28 13:59:03"
"	6A0C0938","	Ambient","	1","	B01??(?)","	21.2","	2026-07-28 13:59:03"
"	6A0C0938","	Ambient","	1","	B01??(%RH)","	76.1","	2026-07-28 13:59:01"
"	6A0C0938","	Ambient","	1","	B01??(?)","	21.2","	2026-07-28 13:59:01"
"	6A0C0938","	Ambient","	1","	B01??(%RH)","	76","	2026-07-28 13:58:59"
"	6A0C0938","	Ambient","	1","	B01??(?)","	21.2","	2026-07-28 13:58:59"
"	6A0C0938","	Ambient","	1","	B01??(%RH)","	76.2","	2026-07-28 13:58:57"
"	6A0C0938","	Ambient","	1","	B01??(?)","	21.2","	2026-07-28 13:58:57"
"	6A0C0938","	Ambient","	1","	B01??(%RH)","	76.4","	2026-07-28 13:58:55"
"	6A0C0938","	Ambient","	1","	B01??(?)","	21.2","	2026-07-28 13:58:55"
"	6A0C0938","	Ambient","	1","	B01??(%RH)","	76.9","	2026-07-28 13:58:53"
"	6A0C0938","	Ambient","	1","	B01??(?)","	21.2","	2026-07-28 13:58:53"
"	6A0C0938","	Ambient","	1","	B01??(%RH)","	77.4","	2026-07-28 13:58:51"
"	6A0C0938","	Ambient","	1","	B01??(?)","	21.2","	2026-07-28 13:58:51"
"	6A0C0938","	Ambient","	1","	B01??(%RH)","	77.8","	2026-07-28 13:58:49"
"	6A0C0938","	Ambient","	1","	B01??(?)","	21.2","	2026-07-28 13:58:49"
"	6A0C0938","	Ambient","	1","	B01??(%RH)","	77.8","	2026-07-28 13:58:47"
"	6A0C0938","	Ambient","	1","	B01??(?)","	21.2","	2026-07-28 13:58:47"
"	6A0C0938","	Ambient","	1","	B01??(%RH)","	77.9","	2026-07-28 13:58:45"
"	6A0C0938","	Ambient","	1","	B01??(?)","	21.2","	2026-07-28 13:58:45"
"	6A0C0938","	Ambient","	1","	B01??(%RH)","	78","	2026-07-28 13:58:43"
"	6A0C0938","	Ambient","	1","	B01??(?)","	21.2","	2026-07-28 13:58:43"
"	6A0C0938","	Ambient","	1","	B01??(%RH)","	78.2","	2026-07-28 13:58:41"
"	6A0C0938","	Ambient","	1","	B01??(?)","	21.2","	2026-07-28 13:58:41"
"	6A0C0938","	Ambient","	1","	B01??(%RH)","	78.4","	2026-07-28 13:58:39"
"	6A0C0938","	Ambient","	1","	B01??(?)","	21.2","	2026-07-28 13:58:39"
"	6A0C0938","	Ambient","	1","	B01??(%RH)","	78.7","	2026-07-28 13:58:37"
"	6A0C0938","	Ambient","	1","	B01??(?)","	21.2","	2026-07-28 13:58:37"
"	6A0C0938","	Ambient","	1","	B01??(%RH)","	78.9","	2026-07-28 13:58:35"
"	6A0C0938","	Ambient","	1","	B01??(?)","	21.2","	2026-07-28 13:58:35"
"	6A0C0938","	Ambient","	1","	B01??(%RH)","	78.9","	2026-07-28 13:58:33"
"	6A0C0938","	Ambient","	1","	B01??(?)","	21.2","	2026-07-28 13:58:33"
"	6A0C0938","	Ambient","	1","	B01??(%RH)","	78.9","	2026-07-28 13:58:30"
"	6A0C0938","	Ambient","	1","	B01??(?)","	21.2","	2026-07-28 13:58:30"
"	6A0C0938","	Ambient","	1","	B01??(%RH)","	78.8","	2026-07-28 13:58:28"
"	6A0C0938","	Ambient","	1","	B01??(?)","	21.2","	2026-07-28 13:58:28"
"	6A0C0938","	Ambient","	1","	B01??(%RH)","	78.6","	2026-07-28 13:58:26"
"	6A0C0938","	Ambient","	1","	B01??(?)","	21.2","	2026-07-28 13:58:26"
"	6A0C0938","	Ambient","	1","	B01??(%RH)","	78.5","	2026-07-28 13:58:24"
"	6A0C0938","	Ambient","	1","	B01??(?)","	21.2","	2026-07-28 13:58:24"
"	6A0C0938","	Ambient","	1","	B01??(%RH)","	78.4","	2026-07-28 13:58:22"
"	6A0C0938","	Ambient","	1","	B01??(?)","	21.2","	2026-07-28 13:58:22"
"	6A0C0938","	Ambient","	1","	B01??(%RH)","	78.2","	2026-07-28 13:58:20"
"	6A0C0938","	Ambient","	1","	B01??(?)","	21.2","	2026-07-28 13:58:20"
"	6A0C0938","	Ambient","	1","	B01??(%RH)","	78.1","	2026-07-28 13:58:18"
"	6A0C0938","	Ambient","	1","	B01??(?)","	21.2","	2026-07-28 13:58:18"
"	6A0C0938","	Ambient","	1","	B01??(%RH)","	77.9","	2026-07-28 13:58:16"
"	6A0C0938","	Ambient","	1","	B01??(?)","	21.2","	2026-07-28 13:58:16"
"	6A0C0938","	Ambient","	1","	B01??(%RH)","	77.8","	2026-07-28 13:58:14"
"	6A0C0938","	Ambient","	1","	B01??(?)","	21.2","	2026-07-28 13:58:14"
"	6A0C0938","	Ambient","	1","	B01??(%RH)","	77.9","	2026-07-28 13:58:12"
"	6A0C0938","	Ambient","	1","	B01??(?)","	21.2","	2026-07-28 13:58:12"
"	6A0C0938","	Ambient","	1","	B01??(%RH)","	78","	2026-07-28 13:58:10"
"	6A0C0938","	Ambient","	1","	B01??(?)","	21.2","	2026-07-28 13:58:10"
"	6A0C0938","	Ambient","	1","	B01??(%RH)","	78","	2026-07-28 13:58:08"
"	6A0C0938","	Ambient","	1","	B01??(?)","	21.2","	2026-07-28 13:58:08"
"	6A0C0938","	Ambient","	1","	B01??(%RH)","	78.1","	2026-07-28 13:58:06"
"	6A0C0938","	Ambient","	1","	B01??(?)","	21.2","	2026-07-28 13:58:06"
"	6A0C0938","	Ambient","	1","	B01??(%RH)","	78.1","	2026-07-28 13:58:04"
"	6A0C0938","	Ambient","	1","	B01??(?)","	21.2","	2026-07-28 13:58:04"
"	6A0C0938","	Ambient","	1","	B01??(%RH)","	78.1","	2026-07-28 13:58:02"
"	6A0C0938","	Ambient","	1","	B01??(?)","	21.2","	2026-07-28 13:58:02"
"	6A0C0938","	Ambient","	1","	B01??(%RH)","	78.1","	2026-07-28 13:58:00"
"	6A0C0938","	Ambient","	1","	B01??(?)","	21.2","	2026-07-28 13:58:00"
"	6A0C0938","	Ambient","	1","	B01??(%RH)","	77.9","	2026-07-28 13:57:58"
"	6A0C0938","	Ambient","	1","	B01??(?)","	21.2","	2026-07-28 13:57:58"
"	6A0C0938","	Ambient","	1","	B01??(%RH)","	77.7","	2026-07-28 13:57:56"
"	6A0C0938","	Ambient","	1","	B01??(?)","	21.2","	2026-07-28 13:57:56"
"	6A0C0938","	Ambient","	1","	B01??(%RH)","	77.4","	2026-07-28 13:57:54"
"	6A0C0938","	Ambient","	1","	B01??(?)","	21.2","	2026-07-28 13:57:54"
"	6A0C0938","	Ambient","	1","	B01??(%RH)","	77","	2026-07-28 13:57:52"
"	6A0C0938","	Ambient","	1","	B01??(?)","	21.2","	2026-07-28 13:57:52"
"	6A0C0938","	Ambient","	1","	B01??(%RH)","	76.7","	2026-07-28 13:57:49"
"	6A0C0938","	Ambient","	1","	B01??(?)","	21.2","	2026-07-28 13:57:49"
"	6A0C0938","	Ambient","	1","	B01??(%RH)","	76.5","	2026-07-28 13:57:47"
"	6A0C0938","	Ambient","	1","	B01??(?)","	21.2","	2026-07-28 13:57:47"
"	6A0C0938","	Ambient","	1","	B01??(%RH)","	76.4","	2026-07-28 13:57:45"
"	6A0C0938","	Ambient","	1","	B01??(?)","	21.2","	2026-07-28 13:57:45"
"	6A0C0938","	Ambient","	1","	B01??(%RH)","	76.5","	2026-07-28 13:57:43"
"	6A0C0938","	Ambient","	1","	B01??(?)","	21.2","	2026-07-28 13:57:43"
"	6A0C0938","	Ambient","	1","	B01??(%RH)","	76.6","	2026-07-28 13:57:41"
"	6A0C0938","	Ambient","	1","	B01??(?)","	21.2","	2026-07-28 13:57:41"
"	6A0C0938","	Ambient","	1","	B01??(%RH)","	76.8","	2026-07-28 13:57:39"
"	6A0C0938","	Ambient","	1","	B01??(?)","	21.2","	2026-07-28 13:57:39"
"	6A0C0938","	Ambient","	1","	B01??(%RH)","	77","	2026-07-28 13:57:37"
"	6A0C0938","	Ambient","	1","	B01??(?)","	21.2","	2026-07-28 13:57:37"
"	6A0C0938","	Ambient","	1","	B01??(%RH)","	77.2","	2026-07-28 13:57:35"
"	6A0C0938","	Ambient","	1","	B01??(?)","	21.2","	2026-07-28 13:57:35"
"	6A0C0938","	Ambient","	1","	B01??(%RH)","	77.4","	2026-07-28 13:57:33"
"	6A0C0938","	Ambient","	1","	B01??(?)","	21.2","	2026-07-28 13:57:33"
"	6A0C0938","	Ambient","	1","	B01??(%RH)","	77.4","	2026-07-28 13:57:31"
"	6A0C0938","	Ambient","	1","	B01??(?)","	21.2","	2026-07-28 13:57:31"
"	6A0C0938","	Ambient","	1","	B01??(%RH)","	77.5","	2026-07-28 13:57:29"
"	6A0C0938","	Ambient","	1","	B01??(?)","	21.2","	2026-07-28 13:57:29"
"	6A0C0938","	Ambient","	1","	B01??(%RH)","	77.6","	2026-07-28 13:57:27"
"	6A0C0938","	Ambient","	1","	B01??(?)","	21.2","	2026-07-28 13:57:27"
"	6A0C0938","	Ambient","	1","	B01??(%RH)","	77.7","	2026-07-28 13:57:25"
"	6A0C0938","	Ambient","	1","	B01??(?)","	21.2","	2026-07-28 13:57:25"
"	6A0C0938","	Ambient","	1","	B01??(%RH)","	77.9","	2026-07-28 13:57:23"
"	6A0C0938","	Ambient","	1","	B01??(?)","	21.2","	2026-07-28 13:57:23"
"	6A0C0938","	Ambient","	1","	B01??(%RH)","	78","	2026-07-28 13:57:21"
"	6A0C0938","	Ambient","	1","	B01??(?)","	21.2","	2026-07-28 13:57:21"
"	6A0C0938","	Ambient","	1","	B01??(%RH)","	78.1","	2026-07-28 13:57:19"
"	6A0C0938","	Ambient","	1","	B01??(?)","	21.2","	2026-07-28 13:57:19"
"	6A0C0938","	Ambient","	1","	B01??(%RH)","	78.2","	2026-07-28 13:57:17"
"	6A0C0938","	Ambient","	1","	B01??(?)","	21.2","	2026-07-28 13:57:17"
"	6A0C0938","	Ambient","	1","	B01??(%RH)","	78.2","	2026-07-28 13:57:15"
"	6A0C0938","	Ambient","	1","	B01??(?)","	21.2","	2026-07-28 13:57:15"
"	6A0C0938","	Ambient","	1","	B01??(%RH)","	78.3","	2026-07-28 13:57:13"
"	6A0C0938","	Ambient","	1","	B01??(?)","	21.2","	2026-07-28 13:57:13"
"	6A0C0938","	Ambient","	1","	B01??(%RH)","	78.3","	2026-07-28 13:57:11"
"	6A0C0938","	Ambient","	1","	B01??(?)","	21.2","	2026-07-28 13:57:11"
"	6A0C0938","	Ambient","	1","	B01??(%RH)","	78.3","	2026-07-28 13:57:08"
"	6A0C0938","	Ambient","	1","	B01??(?)","	21.2","	2026-07-28 13:57:08"
"	6A0C0938","	Ambient","	1","	B01??(%RH)","	78.3","	2026-07-28 13:57:06"
"	6A0C0938","	Ambient","	1","	B01??(?)","	21.2","	2026-07-28 13:57:06"
"	6A0C0938","	Ambient","	1","	B01??(%RH)","	78.3","	2026-07-28 13:57:04"
"	6A0C0938","	Ambient","	1","	B01??(?)","	21.2","	2026-07-28 13:57:04"
"	6A0C0938","	Ambient","	1","	B01??(%RH)","	78.3","	2026-07-28 13:57:02"
"	6A0C0938","	Ambient","	1","	B01??(?)","	21.2","	2026-07-28 13:57:02"
"	6A0C0938","	Ambient","	1","	B01??(%RH)","	78.3","	2026-07-28 13:57:00"
"	6A0C0938","	Ambient","	1","	B01??(?)","	21.2","	2026-07-28 13:57:00"
"	6A0C0938","	Ambient","	1","	B01??(%RH)","	78.2","	2026-07-28 13:56:58"
"	6A0C0938","	Ambient","	1","	B01??(?)","	21.2","	2026-07-28 13:56:58"
"	6A0C0938","	Ambient","	1","	B01??(%RH)","	78.1","	2026-07-28 13:56:56"
"	6A0C0938","	Ambient","	1","	B01??(?)","	21.2","	2026-07-28 13:56:56"
"	6A0C0938","	Ambient","	1","	B01??(%RH)","	78","	2026-07-28 13:56:54"
"	6A0C0938","	Ambient","	1","	B01??(?)","	21.2","	2026-07-28 13:56:54"
"	6A0C0938","	Ambient","	1","	B01??(%RH)","	77.9","	2026-07-28 13:56:52"
"	6A0C0938","	Ambient","	1","	B01??(?)","	21.2","	2026-07-28 13:56:52"
"	6A0C0938","	Ambient","	1","	B01??(%RH)","	77.7","	2026-07-28 13:56:50"
"	6A0C0938","	Ambient","	1","	B01??(?)","	21.2","	2026-07-28 13:56:50"
"	6A0C0938","	Ambient","	1","	B01??(%RH)","	77.6","	2026-07-28 13:56:48"
"	6A0C0938","	Ambient","	1","	B01??(?)","	21.2","	2026-07-28 13:56:48"
"	6A0C0938","	Ambient","	1","	B01??(%RH)","	77.4","	2026-07-28 13:56:46"
"	6A0C0938","	Ambient","	1","	B01??(?)","	21.2","	2026-07-28 13:56:46"
"	6A0C0938","	Ambient","	1","	B01??(%RH)","	77.2","	2026-07-28 13:56:44"
"	6A0C0938","	Ambient","	1","	B01??(?)","	21.2","	2026-07-28 13:56:44"
"	6A0C0938","	Ambient","	1","	B01??(%RH)","	77.1","	2026-07-28 13:56:42"
"	6A0C0938","	Ambient","	1","	B01??(?)","	21.2","	2026-07-28 13:56:42"
"	6A0C0938","	Ambient","	1","	B01??(%RH)","	77.1","	2026-07-28 13:56:40"
"	6A0C0938","	Ambient","	1","	B01??(?)","	21.2","	2026-07-28 13:56:40"
"	6A0C0938","	Ambient","	1","	B01??(%RH)","	77","	2026-07-28 13:56:38"
"	6A0C0938","	Ambient","	1","	B01??(?)","	21.2","	2026-07-28 13:56:38"
"	6A0C0938","	Ambient","	1","	B01??(%RH)","	77","	2026-07-28 13:56:36"
"	6A0C0938","	Ambient","	1","	B01??(?)","	21.2","	2026-07-28 13:56:36"
"	6A0C0938","	Ambient","	1","	B01??(%RH)","	77","	2026-07-28 13:56:34"
"	6A0C0938","	Ambient","	1","	B01??(?)","	21.2","	2026-07-28 13:56:34"
"	6A0C0938","	Ambient","	1","	B01??(%RH)","	77.1","	2026-07-28 13:56:32"
"	6A0C0938","	Ambient","	1","	B01??(?)","	21.2","	2026-07-28 13:56:32"
"	6A0C0938","	Ambient","	1","	B01??(%RH)","	77.3","	2026-07-28 13:56:30"
"	6A0C0938","	Ambient","	1","	B01??(?)","	21.2","	2026-07-28 13:56:30"
"	6A0C0938","	Ambient","	1","	B01??(%RH)","	77.3","	2026-07-28 13:56:28"
"	6A0C0938","	Ambient","	1","	B01??(?)","	21.2","	2026-07-28 13:56:28"
"	6A0C0938","	Ambient","	1","	B01??(%RH)","	77.3","	2026-07-28 13:56:25"
"	6A0C0938","	Ambient","	1","	B01??(?)","	21.2","	2026-07-28 13:56:25"
"	6A0C0938","	Ambient","	1","	B01??(%RH)","	77.2","	2026-07-28 13:56:23"
"	6A0C0938","	Ambient","	1","	B01??(?)","	21.2","	2026-07-28 13:56:23"
"	6A0C0938","	Ambient","	1","	B01??(%RH)","	77.1","	2026-07-28 13:56:21"
"	6A0C0938","	Ambient","	1","	B01??(?)","	21.2","	2026-07-28 13:56:21"
"	6A0C0938","	Ambient","	1","	B01??(%RH)","	77","	2026-07-28 13:56:19"
"	6A0C0938","	Ambient","	1","	B01??(?)","	21.2","	2026-07-28 13:56:19"
"	6A0C0938","	Ambient","	1","	B01??(%RH)","	76.8","	2026-07-28 13:56:17"
"	6A0C0938","	Ambient","	1","	B01??(?)","	21.2","	2026-07-28 13:56:17"
"	6A0C0938","	Ambient","	1","	B01??(%RH)","	76.7","	2026-07-28 13:56:15"
"	6A0C0938","	Ambient","	1","	B01??(?)","	21.2","	2026-07-28 13:56:15"
"	6A0C0938","	Ambient","	1","	B01??(%RH)","	76.7","	2026-07-28 13:56:13"
"	6A0C0938","	Ambient","	1","	B01??(?)","	21.2","	2026-07-28 13:56:13"
"	6A0C0938","	Ambient","	1","	B01??(%RH)","	76.8","	2026-07-28 13:56:11"
"	6A0C0938","	Ambient","	1","	B01??(?)","	21.2","	2026-07-28 13:56:11"
"	6A0C0938","	Ambient","	1","	B01??(%RH)","	76.7","	2026-07-28 13:56:09"
"	6A0C0938","	Ambient","	1","	B01??(?)","	21.2","	2026-07-28 13:56:09"
"	6A0C0938","	Ambient","	1","	B01??(%RH)","	76.7","	2026-07-28 13:56:07"
"	6A0C0938","	Ambient","	1","	B01??(?)","	21.2","	2026-07-28 13:56:07"
"	6A0C0938","	Ambient","	1","	B01??(%RH)","	76.8","	2026-07-28 13:56:05"
"	6A0C0938","	Ambient","	1","	B01??(?)","	21.2","	2026-07-28 13:56:05"
"	6A0C0938","	Ambient","	1","	B01??(%RH)","	76.9","	2026-07-28 13:56:03"
"	6A0C0938","	Ambient","	1","	B01??(?)","	21.2","	2026-07-28 13:56:03"
"	6A0C0938","	Ambient","	1","	B01??(%RH)","	77","	2026-07-28 13:56:01"
"	6A0C0938","	Ambient","	1","	B01??(?)","	21.2","	2026-07-28 13:56:01"
"	6A0C0938","	Ambient","	1","	B01??(%RH)","	77.1","	2026-07-28 13:55:59"
"	6A0C0938","	Ambient","	1","	B01??(?)","	21.2","	2026-07-28 13:55:59"
"	6A0C0938","	Ambient","	1","	B01??(%RH)","	77.1","	2026-07-28 13:55:57"
"	6A0C0938","	Ambient","	1","	B01??(?)","	21.2","	2026-07-28 13:55:57"
"	6A0C0938","	Ambient","	1","	B01??(%RH)","	77.1","	2026-07-28 13:55:55"
"	6A0C0938","	Ambient","	1","	B01??(?)","	21.2","	2026-07-28 13:55:55"
"	6A0C0938","	Ambient","	1","	B01??(%RH)","	77","	2026-07-28 13:55:53"
"	6A0C0938","	Ambient","	1","	B01??(?)","	21.2","	2026-07-28 13:55:53"
"	6A0C0938","	Ambient","	1","	B01??(%RH)","	77","	2026-07-28 13:55:51"
"	6A0C0938","	Ambient","	1","	B01??(?)","	21.2","	2026-07-28 13:55:51"
"	6A0C0938","	Ambient","	1","	B01??(%RH)","	76.8","	2026-07-28 13:55:49"
"	6A0C0938","	Ambient","	1","	B01??(?)","	21.2","	2026-07-28 13:55:49"
"	6A0C0938","	Ambient","	1","	B01??(%RH)","	76.7","	2026-07-28 13:55:47"
"	6A0C0938","	Ambient","	1","	B01??(?)","	21.2","	2026-07-28 13:55:47"
"	6A0C0938","	Ambient","	1","	B01??(%RH)","	76.5","	2026-07-28 13:55:44"
"	6A0C0938","	Ambient","	1","	B01??(?)","	21.2","	2026-07-28 13:55:44"
"	6A0C0938","	Ambient","	1","	B01??(%RH)","	76.3","	2026-07-28 13:55:42"
"	6A0C0938","	Ambient","	1","	B01??(?)","	21.2","	2026-07-28 13:55:42"
"	6A0C0938","	Ambient","	1","	B01??(%RH)","	76.2","	2026-07-28 13:55:40"
"	6A0C0938","	Ambient","	1","	B01??(?)","	21.2","	2026-07-28 13:55:40"
"	6A0C0938","	Ambient","	1","	B01??(%RH)","	76.2","	2026-07-28 13:55:38"
"	6A0C0938","	Ambient","	1","	B01??(?)","	21.2","	2026-07-28 13:55:38"
"	6A0C0938","	Ambient","	1","	B01??(%RH)","	76.3","	2026-07-28 13:55:36"
"	6A0C0938","	Ambient","	1","	B01??(?)","	21.2","	2026-07-28 13:55:36"
"	6A0C0938","	Ambient","	1","	B01??(%RH)","	76.4","	2026-07-28 13:55:34"
"	6A0C0938","	Ambient","	1","	B01??(?)","	21.2","	2026-07-28 13:55:34"
"	6A0C0938","	Ambient","	1","	B01??(%RH)","	76.5","	2026-07-28 13:55:32"
"	6A0C0938","	Ambient","	1","	B01??(?)","	21.2","	2026-07-28 13:55:32"
"	6A0C0938","	Ambient","	1","	B01??(%RH)","	76.6","	2026-07-28 13:55:30"
"	6A0C0938","	Ambient","	1","	B01??(?)","	21.2","	2026-07-28 13:55:30"
"	6A0C0938","	Ambient","	1","	B01??(%RH)","	76.6","	2026-07-28 13:55:28"
"	6A0C0938","	Ambient","	1","	B01??(?)","	21.2","	2026-07-28 13:55:28"
"	6A0C0938","	Ambient","	1","	B01??(%RH)","	76.6","	2026-07-28 13:55:26"
"	6A0C0938","	Ambient","	1","	B01??(?)","	21.2","	2026-07-28 13:55:26"
"	6A0C0938","	Ambient","	1","	B01??(%RH)","	76.7","	2026-07-28 13:55:24"
"	6A0C0938","	Ambient","	1","	B01??(?)","	21.2","	2026-07-28 13:55:24"
"	6A0C0938","	Ambient","	1","	B01??(%RH)","	76.8","	2026-07-28 13:55:22"
"	6A0C0938","	Ambient","	1","	B01??(?)","	21.2","	2026-07-28 13:55:22"
"	6A0C0938","	Ambient","	1","	B01??(%RH)","	76.8","	2026-07-28 13:55:20"
"	6A0C0938","	Ambient","	1","	B01??(?)","	21.2","	2026-07-28 13:55:20"
"	6A0C0938","	Ambient","	1","	B01??(%RH)","	76.8","	2026-07-28 13:55:18"
"	6A0C0938","	Ambient","	1","	B01??(?)","	21.2","	2026-07-28 13:55:18"
"	6A0C0938","	Ambient","	1","	B01??(%RH)","	76.7","	2026-07-28 13:55:16"
"	6A0C0938","	Ambient","	1","	B01??(?)","	21.2","	2026-07-28 13:55:16"
"	6A0C0938","	Ambient","	1","	B01??(%RH)","	76.7","	2026-07-28 13:55:14"
"	6A0C0938","	Ambient","	1","	B01??(?)","	21.2","	2026-07-28 13:55:14"
"	6A0C0938","	Ambient","	1","	B01??(%RH)","	76.7","	2026-07-28 13:55:12"
"	6A0C0938","	Ambient","	1","	B01??(?)","	21.2","	2026-07-28 13:55:12"
"	6A0C0938","	Ambient","	1","	B01??(%RH)","	76.8","	2026-07-28 13:55:10"
"	6A0C0938","	Ambient","	1","	B01??(?)","	21.2","	2026-07-28 13:55:10"
"	6A0C0938","	Ambient","	1","	B01??(%RH)","	77","	2026-07-28 13:55:08"
"	6A0C0938","	Ambient","	1","	B01??(?)","	21.2","	2026-07-28 13:55:08"
"	6A0C0938","	Ambient","	1","	B01??(%RH)","	77.1","	2026-07-28 13:55:06"
"	6A0C0938","	Ambient","	1","	B01??(?)","	21.2","	2026-07-28 13:55:06"
"	6A0C0938","	Ambient","	1","	B01??(%RH)","	77.2","	2026-07-28 13:55:04"
"	6A0C0938","	Ambient","	1","	B01??(?)","	21.2","	2026-07-28 13:55:04"
"	6A0C0938","	Ambient","	1","	B01??(%RH)","	77.4","	2026-07-28 13:55:02"
"	6A0C0938","	Ambient","	1","	B01??(?)","	21.2","	2026-07-28 13:55:02"
"	6A0C0938","	Ambient","	1","	B01??(%RH)","	77.5","	2026-07-28 13:54:59"
"	6A0C0938","	Ambient","	1","	B01??(?)","	21.2","	2026-07-28 13:54:59"
"	6A0C0938","	Ambient","	1","	B01??(%RH)","	77.6","	2026-07-28 13:54:57"
"	6A0C0938","	Ambient","	1","	B01??(?)","	21.2","	2026-07-28 13:54:57"
"	6A0C0938","	Ambient","	1","	B01??(%RH)","	77.8","	2026-07-28 13:54:55"
"	6A0C0938","	Ambient","	1","	B01??(?)","	21.2","	2026-07-28 13:54:55"
"	6A0C0938","	Ambient","	1","	B01??(%RH)","	77.9","	2026-07-28 13:54:53"
"	6A0C0938","	Ambient","	1","	B01??(?)","	21.2","	2026-07-28 13:54:53"
"	6A0C0938","	Ambient","	1","	B01??(%RH)","	78","	2026-07-28 13:54:51"
"	6A0C0938","	Ambient","	1","	B01??(?)","	21.2","	2026-07-28 13:54:51"
"	6A0C0938","	Ambient","	1","	B01??(%RH)","	78","	2026-07-28 13:54:49"
"	6A0C0938","	Ambient","	1","	B01??(?)","	21.2","	2026-07-28 13:54:49"
"	6A0C0938","	Ambient","	1","	B01??(%RH)","	77.9","	2026-07-28 13:54:47"
"	6A0C0938","	Ambient","	1","	B01??(?)","	21.2","	2026-07-28 13:54:47"
"	6A0C0938","	Ambient","	1","	B01??(%RH)","	77.8","	2026-07-28 13:54:45"
"	6A0C0938","	Ambient","	1","	B01??(?)","	21.2","	2026-07-28 13:54:45"
"	6A0C0938","	Ambient","	1","	B01??(%RH)","	77.6","	2026-07-28 13:54:43"
"	6A0C0938","	Ambient","	1","	B01??(?)","	21.2","	2026-07-28 13:54:43"
"	6A0C0938","	Ambient","	1","	B01??(%RH)","	77.4","	2026-07-28 13:54:41"
"	6A0C0938","	Ambient","	1","	B01??(?)","	21.2","	2026-07-28 13:54:41"
"	6A0C0938","	Ambient","	1","	B01??(%RH)","	77.3","	2026-07-28 13:54:39"
"	6A0C0938","	Ambient","	1","	B01??(?)","	21.2","	2026-07-28 13:54:39"
"	6A0C0938","	Ambient","	1","	B01??(%RH)","	77.3","	2026-07-28 13:54:37"
"	6A0C0938","	Ambient","	1","	B01??(?)","	21.2","	2026-07-28 13:54:37"
"	6A0C0938","	Ambient","	1","	B01??(%RH)","	77","	2026-07-28 13:54:35"
"	6A0C0938","	Ambient","	1","	B01??(?)","	21.2","	2026-07-28 13:54:35"
"	6A0C0938","	Ambient","	1","	B01??(%RH)","	76.7","	2026-07-28 13:54:33"
"	6A0C0938","	Ambient","	1","	B01??(?)","	21.2","	2026-07-28 13:54:33"
"	6A0C0938","	Ambient","	1","	B01??(%RH)","	76.5","	2026-07-28 13:54:31"
"	6A0C0938","	Ambient","	1","	B01??(?)","	21.2","	2026-07-28 13:54:31"
"	6A0C0938","	Ambient","	1","	B01??(%RH)","	76.1","	2026-07-28 13:54:29"
"	6A0C0938","	Ambient","	1","	B01??(?)","	21.2","	2026-07-28 13:54:29"
"	6A0C0938","	Ambient","	1","	B01??(%RH)","	76","	2026-07-28 13:54:27"
"	6A0C0938","	Ambient","	1","	B01??(?)","	21.2","	2026-07-28 13:54:27"
"	6A0C0938","	Ambient","	1","	B01??(%RH)","	76.3","	2026-07-28 13:54:25"
"	6A0C0938","	Ambient","	1","	B01??(?)","	21.2","	2026-07-28 13:54:25"
"	6A0C0938","	Ambient","	1","	B01??(%RH)","	76.8","	2026-07-28 13:54:23"
"	6A0C0938","	Ambient","	1","	B01??(?)","	21.2","	2026-07-28 13:54:23"
"	6A0C0938","	Ambient","	1","	B01??(%RH)","	76.9","	2026-07-28 13:54:21"
"	6A0C0938","	Ambient","	1","	B01??(?)","	21.2","	2026-07-28 13:54:21"
"	6A0C0938","	Ambient","	1","	B01??(%RH)","	76.8","	2026-07-28 13:54:18"
"	6A0C0938","	Ambient","	1","	B01??(?)","	21.2","	2026-07-28 13:54:18"
"	6A0C0938","	Ambient","	1","	B01??(%RH)","	76.6","	2026-07-28 13:54:16"
"	6A0C0938","	Ambient","	1","	B01??(?)","	21.2","	2026-07-28 13:54:16"
"	6A0C0938","	Ambient","	1","	B01??(%RH)","	76.4","	2026-07-28 13:54:14"
"	6A0C0938","	Ambient","	1","	B01??(?)","	21.2","	2026-07-28 13:54:14"
"	6A0C0938","	Ambient","	1","	B01??(%RH)","	76.2","	2026-07-28 13:54:12"
"	6A0C0938","	Ambient","	1","	B01??(?)","	21.2","	2026-07-28 13:54:12"
"	6A0C0938","	Ambient","	1","	B01??(%RH)","	76","	2026-07-28 13:54:10"
"	6A0C0938","	Ambient","	1","	B01??(?)","	21.2","	2026-07-28 13:54:10"
"	6A0C0938","	Ambient","	1","	B01??(%RH)","	75.9","	2026-07-28 13:54:08"
"	6A0C0938","	Ambient","	1","	B01??(?)","	21.2","	2026-07-28 13:54:08"
"	6A0C0938","	Ambient","	1","	B01??(%RH)","	76","	2026-07-28 13:54:06"
"	6A0C0938","	Ambient","	1","	B01??(?)","	21.2","	2026-07-28 13:54:06"
"	6A0C0938","	Ambient","	1","	B01??(%RH)","	76","	2026-07-28 13:54:04"
"	6A0C0938","	Ambient","	1","	B01??(?)","	21.2","	2026-07-28 13:54:04"
"	6A0C0938","	Ambient","	1","	B01??(%RH)","	76.3","	2026-07-28 13:54:02"
"	6A0C0938","	Ambient","	1","	B01??(?)","	21.2","	2026-07-28 13:54:02"
"	6A0C0938","	Ambient","	1","	B01??(%RH)","	76.6","	2026-07-28 13:54:00"
"	6A0C0938","	Ambient","	1","	B01??(?)","	21.2","	2026-07-28 13:54:00"
"	6A0C0938","	Ambient","	1","	B01??(%RH)","	77","	2026-07-28 13:53:58"
"	6A0C0938","	Ambient","	1","	B01??(?)","	21.2","	2026-07-28 13:53:58"
"	6A0C0938","	Ambient","	1","	B01??(%RH)","	77.1","	2026-07-28 13:53:56"
"	6A0C0938","	Ambient","	1","	B01??(?)","	21.2","	2026-07-28 13:53:56"
"	6A0C0938","	Ambient","	1","	B01??(%RH)","	77.1","	2026-07-28 13:53:54"
"	6A0C0938","	Ambient","	1","	B01??(?)","	21.2","	2026-07-28 13:53:54"
"	6A0C0938","	Ambient","	1","	B01??(%RH)","	77.1","	2026-07-28 13:53:52"
"	6A0C0938","	Ambient","	1","	B01??(?)","	21.2","	2026-07-28 13:53:52"
"	6A0C0938","	Ambient","	1","	B01??(%RH)","	77.2","	2026-07-28 13:53:50"
"	6A0C0938","	Ambient","	1","	B01??(?)","	21.2","	2026-07-28 13:53:50"
"	6A0C0938","	Ambient","	1","	B01??(%RH)","	77.2","	2026-07-28 13:53:48"
"	6A0C0938","	Ambient","	1","	B01??(?)","	21.2","	2026-07-28 13:53:48"
"	6A0C0938","	Ambient","	1","	B01??(%RH)","	77.3","	2026-07-28 13:53:46"
"	6A0C0938","	Ambient","	1","	B01??(?)","	21.2","	2026-07-28 13:53:46"
"	6A0C0938","	Ambient","	1","	B01??(%RH)","	77.6","	2026-07-28 13:53:44"
"	6A0C0938","	Ambient","	1","	B01??(?)","	21.2","	2026-07-28 13:53:44"
"	6A0C0938","	Ambient","	1","	B01??(%RH)","	77.9","	2026-07-28 13:53:42"
"	6A0C0938","	Ambient","	1","	B01??(?)","	21.2","	2026-07-28 13:53:42"
"	6A0C0938","	Ambient","	1","	B01??(%RH)","	78.1","	2026-07-28 13:53:40"
"	6A0C0938","	Ambient","	1","	B01??(?)","	21.2","	2026-07-28 13:53:40"
"	6A0C0938","	Ambient","	1","	B01??(%RH)","	78","	2026-07-28 13:53:38"
"	6A0C0938","	Ambient","	1","	B01??(?)","	21.2","	2026-07-28 13:53:38"
"	6A0C0938","	Ambient","	1","	B01??(%RH)","	77.9","	2026-07-28 13:53:36"
"	6A0C0938","	Ambient","	1","	B01??(?)","	21.2","	2026-07-28 13:53:36"
"	6A0C0938","	Ambient","	1","	B01??(%RH)","	77.6","	2026-07-28 13:53:33"
"	6A0C0938","	Ambient","	1","	B01??(?)","	21.2","	2026-07-28 13:53:33"
"	6A0C0938","	Ambient","	1","	B01??(%RH)","	77.5","	2026-07-28 13:53:31"
"	6A0C0938","	Ambient","	1","	B01??(?)","	21.2","	2026-07-28 13:53:31"
"	6A0C0938","	Ambient","	1","	B01??(%RH)","	77.3","	2026-07-28 13:53:29"
"	6A0C0938","	Ambient","	1","	B01??(?)","	21.2","	2026-07-28 13:53:29"
"	6A0C0938","	Ambient","	1","	B01??(%RH)","	77.1","	2026-07-28 13:53:27"
"	6A0C0938","	Ambient","	1","	B01??(?)","	21.2","	2026-07-28 13:53:27"
"	6A0C0938","	Ambient","	1","	B01??(%RH)","	77","	2026-07-28 13:53:25"
"	6A0C0938","	Ambient","	1","	B01??(?)","	21.2","	2026-07-28 13:53:25"
"	6A0C0938","	Ambient","	1","	B01??(%RH)","	76.9","	2026-07-28 13:53:23"
"	6A0C0938","	Ambient","	1","	B01??(?)","	21.2","	2026-07-28 13:53:23"
"	6A0C0938","	Ambient","	1","	B01??(%RH)","	76.8","	2026-07-28 13:53:21"
"	6A0C0938","	Ambient","	1","	B01??(?)","	21.2","	2026-07-28 13:53:21"
"	6A0C0938","	Ambient","	1","	B01??(%RH)","	76.7","	2026-07-28 13:53:19"
"	6A0C0938","	Ambient","	1","	B01??(?)","	21.2","	2026-07-28 13:53:19"
"	6A0C0938","	Ambient","	1","	B01??(%RH)","	76.7","	2026-07-28 13:53:17"
"	6A0C0938","	Ambient","	1","	B01??(?)","	21.2","	2026-07-28 13:53:17"
"	6A0C0938","	Ambient","	1","	B01??(%RH)","	76.7","	2026-07-28 13:53:15"
"	6A0C0938","	Ambient","	1","	B01??(?)","	21.2","	2026-07-28 13:53:15"
"	6A0C0938","	Ambient","	1","	B01??(%RH)","	76.7","	2026-07-28 13:53:13"
"	6A0C0938","	Ambient","	1","	B01??(?)","	21.2","	2026-07-28 13:53:13"
"	6A0C0938","	Ambient","	1","	B01??(%RH)","	76.6","	2026-07-28 13:53:11"
"	6A0C0938","	Ambient","	1","	B01??(?)","	21.2","	2026-07-28 13:53:11"
"	6A0C0938","	Ambient","	1","	B01??(%RH)","	76.5","	2026-07-28 13:53:09"
"	6A0C0938","	Ambient","	1","	B01??(?)","	21.2","	2026-07-28 13:53:09"
"	6A0C0938","	Ambient","	1","	B01??(%RH)","	76.7","	2026-07-28 13:53:07"
"	6A0C0938","	Ambient","	1","	B01??(?)","	21.2","	2026-07-28 13:53:07"
"	6A0C0938","	Ambient","	1","	B01??(%RH)","	76.9","	2026-07-28 13:53:05"
"	6A0C0938","	Ambient","	1","	B01??(?)","	21.2","	2026-07-28 13:53:05"
"	6A0C0938","	Ambient","	1","	B01??(%RH)","	77.1","	2026-07-28 13:53:03"
"	6A0C0938","	Ambient","	1","	B01??(?)","	21.2","	2026-07-28 13:53:03"
"	6A0C0938","	Ambient","	1","	B01??(%RH)","	77.2","	2026-07-28 13:53:01"
"	6A0C0938","	Ambient","	1","	B01??(?)","	21.2","	2026-07-28 13:53:01"
"	6A0C0938","	Ambient","	1","	B01??(%RH)","	77.5","	2026-07-28 13:52:59"
"	6A0C0938","	Ambient","	1","	B01??(?)","	21.2","	2026-07-28 13:52:59"
"	6A0C0938","	Ambient","	1","	B01??(%RH)","	77.7","	2026-07-28 13:52:57"
"	6A0C0938","	Ambient","	1","	B01??(?)","	21.2","	2026-07-28 13:52:57"
"	6A0C0938","	Ambient","	1","	B01??(%RH)","	77.9","	2026-07-28 13:52:55"
"	6A0C0938","	Ambient","	1","	B01??(?)","	21.2","	2026-07-28 13:52:55"
"	6A0C0938","	Ambient","	1","	B01??(%RH)","	77.9","	2026-07-28 13:52:53"
"	6A0C0938","	Ambient","	1","	B01??(?)","	21.2","	2026-07-28 13:52:53"
"	6A0C0938","	Ambient","	1","	B01??(%RH)","	77.9","	2026-07-28 13:52:50"
"	6A0C0938","	Ambient","	1","	B01??(?)","	21.2","	2026-07-28 13:52:50"
"	6A0C0938","	Ambient","	1","	B01??(%RH)","	77.9","	2026-07-28 13:52:48"
"	6A0C0938","	Ambient","	1","	B01??(?)","	21.2","	2026-07-28 13:52:48"
"	6A0C0938","	Ambient","	1","	B01??(%RH)","	77.8","	2026-07-28 13:52:46"
"	6A0C0938","	Ambient","	1","	B01??(?)","	21.2","	2026-07-28 13:52:46"
"	6A0C0938","	Ambient","	1","	B01??(%RH)","	77.7","	2026-07-28 13:52:44"
"	6A0C0938","	Ambient","	1","	B01??(?)","	21.2","	2026-07-28 13:52:44"
"	6A0C0938","	Ambient","	1","	B01??(%RH)","	77.5","	2026-07-28 13:52:42"
"	6A0C0938","	Ambient","	1","	B01??(?)","	21.2","	2026-07-28 13:52:42"
"	6A0C0938","	Ambient","	1","	B01??(%RH)","	77.3","	2026-07-28 13:52:40"
"	6A0C0938","	Ambient","	1","	B01??(?)","	21.2","	2026-07-28 13:52:40"
"	6A0C0938","	Ambient","	1","	B01??(%RH)","	77.1","	2026-07-28 13:52:38"
"	6A0C0938","	Ambient","	1","	B01??(?)","	21.2","	2026-07-28 13:52:38"
"	6A0C0938","	Ambient","	1","	B01??(%RH)","	76.8","	2026-07-28 13:52:36"
"	6A0C0938","	Ambient","	1","	B01??(?)","	21.2","	2026-07-28 13:52:36"
"	6A0C0938","	Ambient","	1","	B01??(%RH)","	76.6","	2026-07-28 13:52:34"
"	6A0C0938","	Ambient","	1","	B01??(?)","	21.2","	2026-07-28 13:52:34"
"	6A0C0938","	Ambient","	1","	B01??(%RH)","	76.4","	2026-07-28 13:52:32"
"	6A0C0938","	Ambient","	1","	B01??(?)","	21.2","	2026-07-28 13:52:32"
"	6A0C0938","	Ambient","	1","	B01??(%RH)","	76.4","	2026-07-28 13:52:30"
"	6A0C0938","	Ambient","	1","	B01??(?)","	21.2","	2026-07-28 13:52:30"
"	6A0C0938","	Ambient","	1","	B01??(%RH)","	76.4","	2026-07-28 13:52:28"
"	6A0C0938","	Ambient","	1","	B01??(?)","	21.2","	2026-07-28 13:52:28"
"	6A0C0938","	Ambient","	1","	B01??(%RH)","	76.6","	2026-07-28 13:52:26"
"	6A0C0938","	Ambient","	1","	B01??(?)","	21.2","	2026-07-28 13:52:26"
"	6A0C0938","	Ambient","	1","	B01??(%RH)","	76.7","	2026-07-28 13:52:24"
"	6A0C0938","	Ambient","	1","	B01??(?)","	21.2","	2026-07-28 13:52:24"
"	6A0C0938","	Ambient","	1","	B01??(%RH)","	76.8","	2026-07-28 13:52:22"
"	6A0C0938","	Ambient","	1","	B01??(?)","	21.2","	2026-07-28 13:52:22"
"	6A0C0938","	Ambient","	1","	B01??(%RH)","	76.7","	2026-07-28 13:52:20"
"	6A0C0938","	Ambient","	1","	B01??(?)","	21.2","	2026-07-28 13:52:20"
"	6A0C0938","	Ambient","	1","	B01??(%RH)","	76.6","	2026-07-28 13:52:18"
"	6A0C0938","	Ambient","	1","	B01??(?)","	21.2","	2026-07-28 13:52:18"
"	6A0C0938","	Ambient","	1","	B01??(%RH)","	76.6","	2026-07-28 13:52:16"
"	6A0C0938","	Ambient","	1","	B01??(?)","	21.2","	2026-07-28 13:52:16"
"	6A0C0938","	Ambient","	1","	B01??(%RH)","	76.8","	2026-07-28 13:52:14"
"	6A0C0938","	Ambient","	1","	B01??(?)","	21.2","	2026-07-28 13:52:14"
"	6A0C0938","	Ambient","	1","	B01??(%RH)","	76.9","	2026-07-28 13:52:12"
"	6A0C0938","	Ambient","	1","	B01??(?)","	21.2","	2026-07-28 13:52:12"
"	6A0C0938","	Ambient","	1","	B01??(%RH)","	76.9","	2026-07-28 13:52:09"
"	6A0C0938","	Ambient","	1","	B01??(?)","	21.2","	2026-07-28 13:52:09"
"	6A0C0938","	Ambient","	1","	B01??(%RH)","	76.7","	2026-07-28 13:52:07"
"	6A0C0938","	Ambient","	1","	B01??(?)","	21.2","	2026-07-28 13:52:07"
"	6A0C0938","	Ambient","	1","	B01??(%RH)","	76.4","	2026-07-28 13:52:05"
"	6A0C0938","	Ambient","	1","	B01??(?)","	21.2","	2026-07-28 13:52:05"
"	6A0C0938","	Ambient","	1","	B01??(%RH)","	76.3","	2026-07-28 13:52:03"
"	6A0C0938","	Ambient","	1","	B01??(?)","	21.2","	2026-07-28 13:52:03"
"	6A0C0938","	Ambient","	1","	B01??(%RH)","	76.2","	2026-07-28 13:52:01"
"	6A0C0938","	Ambient","	1","	B01??(?)","	21.2","	2026-07-28 13:52:01"
"	6A0C0938","	Ambient","	1","	B01??(%RH)","	76.4","	2026-07-28 13:51:59"
"	6A0C0938","	Ambient","	1","	B01??(?)","	21.2","	2026-07-28 13:51:59"
"	6A0C0938","	Ambient","	1","	B01??(%RH)","	76.5","	2026-07-28 13:51:57"
"	6A0C0938","	Ambient","	1","	B01??(?)","	21.2","	2026-07-28 13:51:57"
"	6A0C0938","	Ambient","	1","	B01??(%RH)","	76.6","	2026-07-28 13:51:55"
"	6A0C0938","	Ambient","	1","	B01??(?)","	21.2","	2026-07-28 13:51:55"
"	6A0C0938","	Ambient","	1","	B01??(%RH)","	76.7","	2026-07-28 13:51:53"
"	6A0C0938","	Ambient","	1","	B01??(?)","	21.2","	2026-07-28 13:51:53"
"	6A0C0938","	Ambient","	1","	B01??(%RH)","	76.7","	2026-07-28 13:51:51"
"	6A0C0938","	Ambient","	1","	B01??(?)","	21.2","	2026-07-28 13:51:51"
"	6A0C0938","	Ambient","	1","	B01??(%RH)","	76.7","	2026-07-28 13:51:49"
"	6A0C0938","	Ambient","	1","	B01??(?)","	21.2","	2026-07-28 13:51:49"
"	6A0C0938","	Ambient","	1","	B01??(%RH)","	76.7","	2026-07-28 13:51:47"
"	6A0C0938","	Ambient","	1","	B01??(?)","	21.2","	2026-07-28 13:51:47"
"	6A0C0938","	Ambient","	1","	B01??(%RH)","	76.7","	2026-07-28 13:51:45"
"	6A0C0938","	Ambient","	1","	B01??(?)","	21.2","	2026-07-28 13:51:45"
"	6A0C0938","	Ambient","	1","	B01??(%RH)","	76.6","	2026-07-28 13:51:43"
"	6A0C0938","	Ambient","	1","	B01??(?)","	21.2","	2026-07-28 13:51:43"
"	6A0C0938","	Ambient","	1","	B01??(%RH)","	76.7","	2026-07-28 13:51:41"
"	6A0C0938","	Ambient","	1","	B01??(?)","	21.2","	2026-07-28 13:51:41"
"	6A0C0938","	Ambient","	1","	B01??(%RH)","	76.9","	2026-07-28 13:51:39"
"	6A0C0938","	Ambient","	1","	B01??(?)","	21.3","	2026-07-28 13:51:39"
"	6A0C0938","	Ambient","	1","	B01??(%RH)","	77","	2026-07-28 13:51:37"
"	6A0C0938","	Ambient","	1","	B01??(?)","	21.2","	2026-07-28 13:51:37"
"	6A0C0938","	Ambient","	1","	B01??(%RH)","	76.9","	2026-07-28 13:51:35"
"	6A0C0938","	Ambient","	1","	B01??(?)","	21.2","	2026-07-28 13:51:35"
"	6A0C0938","	Ambient","	1","	B01??(%RH)","	76.8","	2026-07-28 13:51:33"
"	6A0C0938","	Ambient","	1","	B01??(?)","	21.2","	2026-07-28 13:51:33"
"	6A0C0938","	Ambient","	1","	B01??(%RH)","	76.7","	2026-07-28 13:51:31"
"	6A0C0938","	Ambient","	1","	B01??(?)","	21.2","	2026-07-28 13:51:31"
"	6A0C0938","	Ambient","	1","	B01??(%RH)","	76.5","	2026-07-28 13:51:28"
"	6A0C0938","	Ambient","	1","	B01??(?)","	21.2","	2026-07-28 13:51:28"
"	6A0C0938","	Ambient","	1","	B01??(%RH)","	76.4","	2026-07-28 13:51:26"
"	6A0C0938","	Ambient","	1","	B01??(?)","	21.2","	2026-07-28 13:51:26"
"	6A0C0938","	Ambient","	1","	B01??(%RH)","	76.2","	2026-07-28 13:51:24"
"	6A0C0938","	Ambient","	1","	B01??(?)","	21.2","	2026-07-28 13:51:24"
"	6A0C0938","	Ambient","	1","	B01??(%RH)","	76.1","	2026-07-28 13:51:22"
"	6A0C0938","	Ambient","	1","	B01??(?)","	21.2","	2026-07-28 13:51:22"
"	6A0C0938","	Ambient","	1","	B01??(%RH)","	76","	2026-07-28 13:51:20"
"	6A0C0938","	Ambient","	1","	B01??(?)","	21.2","	2026-07-28 13:51:20"
"	6A0C0938","	Ambient","	1","	B01??(%RH)","	76","	2026-07-28 13:51:18"
"	6A0C0938","	Ambient","	1","	B01??(?)","	21.2","	2026-07-28 13:51:18"
"	6A0C0938","	Ambient","	1","	B01??(%RH)","	76.2","	2026-07-28 13:51:16"
"	6A0C0938","	Ambient","	1","	B01??(?)","	21.2","	2026-07-28 13:51:16"
"	6A0C0938","	Ambient","	1","	B01??(%RH)","	76.8","	2026-07-28 13:51:14"
"	6A0C0938","	Ambient","	1","	B01??(?)","	21.2","	2026-07-28 13:51:14"
"	6A0C0938","	Ambient","	1","	B01??(%RH)","	77.2","	2026-07-28 13:51:12"
"	6A0C0938","	Ambient","	1","	B01??(?)","	21.2","	2026-07-28 13:51:12"
"	6A0C0938","	Ambient","	1","	B01??(%RH)","	77.6","	2026-07-28 13:51:10"
"	6A0C0938","	Ambient","	1","	B01??(?)","	21.2","	2026-07-28 13:51:10"
"	6A0C0938","	Ambient","	1","	B01??(%RH)","	77.7","	2026-07-28 13:51:08"
"	6A0C0938","	Ambient","	1","	B01??(?)","	21.2","	2026-07-28 13:51:08"
"	6A0C0938","	Ambient","	1","	B01??(%RH)","	77.6","	2026-07-28 13:51:06"
"	6A0C0938","	Ambient","	1","	B01??(?)","	21.2","	2026-07-28 13:51:06"
"	6A0C0938","	Ambient","	1","	B01??(%RH)","	77.3","	2026-07-28 13:51:04"
"	6A0C0938","	Ambient","	1","	B01??(?)","	21.2","	2026-07-28 13:51:04"
"	6A0C0938","	Ambient","	1","	B01??(%RH)","	77.1","	2026-07-28 13:51:02"
"	6A0C0938","	Ambient","	1","	B01??(?)","	21.2","	2026-07-28 13:51:02"
"	6A0C0938","	Ambient","	1","	B01??(%RH)","	77","	2026-07-28 13:51:00"
"	6A0C0938","	Ambient","	1","	B01??(?)","	21.2","	2026-07-28 13:51:00"
"	6A0C0938","	Ambient","	1","	B01??(%RH)","	76.8","	2026-07-28 13:50:58"
"	6A0C0938","	Ambient","	1","	B01??(?)","	21.2","	2026-07-28 13:50:58"
"	6A0C0938","	Ambient","	1","	B01??(%RH)","	76.8","	2026-07-28 13:50:56"
"	6A0C0938","	Ambient","	1","	B01??(?)","	21.2","	2026-07-28 13:50:56"
"	6A0C0938","	Ambient","	1","	B01??(%RH)","	76.9","	2026-07-28 13:50:54"
"	6A0C0938","	Ambient","	1","	B01??(?)","	21.2","	2026-07-28 13:50:54"
"	6A0C0938","	Ambient","	1","	B01??(%RH)","	76.9","	2026-07-28 13:50:52"
"	6A0C0938","	Ambient","	1","	B01??(?)","	21.2","	2026-07-28 13:50:52"
"	6A0C0938","	Ambient","	1","	B01??(%RH)","	76.8","	2026-07-28 13:50:50"
"	6A0C0938","	Ambient","	1","	B01??(?)","	21.2","	2026-07-28 13:50:50"
"	6A0C0938","	Ambient","	1","	B01??(%RH)","	76.7","	2026-07-28 13:50:47"
"	6A0C0938","	Ambient","	1","	B01??(?)","	21.2","	2026-07-28 13:50:47"
"	6A0C0938","	Ambient","	1","	B01??(%RH)","	76.7","	2026-07-28 13:50:45"
"	6A0C0938","	Ambient","	1","	B01??(?)","	21.2","	2026-07-28 13:50:45"
"	6A0C0938","	Ambient","	1","	B01??(%RH)","	76.6","	2026-07-28 13:50:43"
"	6A0C0938","	Ambient","	1","	B01??(?)","	21.2","	2026-07-28 13:50:43"
"	6A0C0938","	Ambient","	1","	B01??(%RH)","	76.5","	2026-07-28 13:50:41"
"	6A0C0938","	Ambient","	1","	B01??(?)","	21.2","	2026-07-28 13:50:41"
"	6A0C0938","	Ambient","	1","	B01??(%RH)","	76.4","	2026-07-28 13:50:39"
"	6A0C0938","	Ambient","	1","	B01??(?)","	21.2","	2026-07-28 13:50:39"
"	6A0C0938","	Ambient","	1","	B01??(%RH)","	76.2","	2026-07-28 13:50:37"
"	6A0C0938","	Ambient","	1","	B01??(?)","	21.2","	2026-07-28 13:50:37"
"	6A0C0938","	Ambient","	1","	B01??(%RH)","	75.9","	2026-07-28 13:50:35"
"	6A0C0938","	Ambient","	1","	B01??(?)","	21.2","	2026-07-28 13:50:35"
"	6A0C0938","	Ambient","	1","	B01??(%RH)","	75.8","	2026-07-28 13:50:33"
"	6A0C0938","	Ambient","	1","	B01??(?)","	21.2","	2026-07-28 13:50:33"
"	6A0C0938","	Ambient","	1","	B01??(%RH)","	75.7","	2026-07-28 13:50:31"
"	6A0C0938","	Ambient","	1","	B01??(?)","	21.2","	2026-07-28 13:50:31"
"	6A0C0938","	Ambient","	1","	B01??(%RH)","	75.8","	2026-07-28 13:50:29"
"	6A0C0938","	Ambient","	1","	B01??(?)","	21.2","	2026-07-28 13:50:29"
"	6A0C0938","	Ambient","	1","	B01??(%RH)","	75.9","	2026-07-28 13:50:27"
"	6A0C0938","	Ambient","	1","	B01??(?)","	21.2","	2026-07-28 13:50:27"
"	6A0C0938","	Ambient","	1","	B01??(%RH)","	76.1","	2026-07-28 13:50:25"
"	6A0C0938","	Ambient","	1","	B01??(?)","	21.2","	2026-07-28 13:50:25"
"	6A0C0938","	Ambient","	1","	B01??(%RH)","	76.3","	2026-07-28 13:50:23"
"	6A0C0938","	Ambient","	1","	B01??(?)","	21.2","	2026-07-28 13:50:23"
"	6A0C0938","	Ambient","	1","	B01??(%RH)","	76.4","	2026-07-28 13:50:21"
"	6A0C0938","	Ambient","	1","	B01??(?)","	21.2","	2026-07-28 13:50:21"
"	6A0C0938","	Ambient","	1","	B01??(%RH)","	76.4","	2026-07-28 13:50:19"
"	6A0C0938","	Ambient","	1","	B01??(?)","	21.2","	2026-07-28 13:50:19"
"	6A0C0938","	Ambient","	1","	B01??(%RH)","	76.5","	2026-07-28 13:50:17"
"	6A0C0938","	Ambient","	1","	B01??(?)","	21.2","	2026-07-28 13:50:17"
"	6A0C0938","	Ambient","	1","	B01??(%RH)","	76.6","	2026-07-28 13:50:15"
"	6A0C0938","	Ambient","	1","	B01??(?)","	21.2","	2026-07-28 13:50:15"
"	6A0C0938","	Ambient","	1","	B01??(%RH)","	76.6","	2026-07-28 13:50:13"
"	6A0C0938","	Ambient","	1","	B01??(?)","	21.2","	2026-07-28 13:50:13"
"	6A0C0938","	Ambient","	1","	B01??(%RH)","	76.7","	2026-07-28 13:50:11"
"	6A0C0938","	Ambient","	1","	B01??(?)","	21.2","	2026-07-28 13:50:11"
"	6A0C0938","	Ambient","	1","	B01??(%RH)","	76.9","	2026-07-28 13:50:09"
"	6A0C0938","	Ambient","	1","	B01??(?)","	21.2","	2026-07-28 13:50:09"
"	6A0C0938","	Ambient","	1","	B01??(%RH)","	77","	2026-07-28 13:50:07"
"	6A0C0938","	Ambient","	1","	B01??(?)","	21.2","	2026-07-28 13:50:07"
"	6A0C0938","	Ambient","	1","	B01??(%RH)","	77.2","	2026-07-28 13:50:04"
"	6A0C0938","	Ambient","	1","	B01??(?)","	21.2","	2026-07-28 13:50:04"
"	6A0C0938","	Ambient","	1","	B01??(%RH)","	77.4","	2026-07-28 13:50:02"
"	6A0C0938","	Ambient","	1","	B01??(?)","	21.2","	2026-07-28 13:50:02"
"	6A0C0938","	Ambient","	1","	B01??(%RH)","	77.5","	2026-07-28 13:50:00"
"	6A0C0938","	Ambient","	1","	B01??(?)","	21.2","	2026-07-28 13:50:00"
"	6A0C0938","	Ambient","	1","	B01??(%RH)","	77.5","	2026-07-28 13:49:58"
"	6A0C0938","	Ambient","	1","	B01??(?)","	21.2","	2026-07-28 13:49:58"
"	6A0C0938","	Ambient","	1","	B01??(%RH)","	77.6","	2026-07-28 13:49:56"
"	6A0C0938","	Ambient","	1","	B01??(?)","	21.2","	2026-07-28 13:49:56"
"	6A0C0938","	Ambient","	1","	B01??(%RH)","	77.8","	2026-07-28 13:49:54"
"	6A0C0938","	Ambient","	1","	B01??(?)","	21.2","	2026-07-28 13:49:54"
"	6A0C0938","	Ambient","	1","	B01??(%RH)","	78.1","	2026-07-28 13:49:52"
"	6A0C0938","	Ambient","	1","	B01??(?)","	21.2","	2026-07-28 13:49:52"
"	6A0C0938","	Ambient","	1","	B01??(%RH)","	78.3","	2026-07-28 13:49:50"
"	6A0C0938","	Ambient","	1","	B01??(?)","	21.2","	2026-07-28 13:49:50"
"	6A0C0938","	Ambient","	1","	B01??(%RH)","	78.5","	2026-07-28 13:49:48"
"	6A0C0938","	Ambient","	1","	B01??(?)","	21.2","	2026-07-28 13:49:48"
"	6A0C0938","	Ambient","	1","	B01??(%RH)","	78.8","	2026-07-28 13:49:46"
"	6A0C0938","	Ambient","	1","	B01??(?)","	21.2","	2026-07-28 13:49:46"
"	6A0C0938","	Ambient","	1","	B01??(%RH)","	79","	2026-07-28 13:49:44"
"	6A0C0938","	Ambient","	1","	B01??(?)","	21.2","	2026-07-28 13:49:44"
"	6A0C0938","	Ambient","	1","	B01??(%RH)","	79","	2026-07-28 13:49:42"
"	6A0C0938","	Ambient","	1","	B01??(?)","	21.2","	2026-07-28 13:49:42"
"	6A0C0938","	Ambient","	1","	B01??(%RH)","	78.9","	2026-07-28 13:49:40"
"	6A0C0938","	Ambient","	1","	B01??(?)","	21.2","	2026-07-28 13:49:40"
"	6A0C0938","	Ambient","	1","	B01??(%RH)","	78.8","	2026-07-28 13:49:38"
"	6A0C0938","	Ambient","	1","	B01??(?)","	21.2","	2026-07-28 13:49:38"
"	6A0C0938","	Ambient","	1","	B01??(%RH)","	78.8","	2026-07-28 13:49:36"
"	6A0C0938","	Ambient","	1","	B01??(?)","	21.2","	2026-07-28 13:49:36"
"	6A0C0938","	Ambient","	1","	B01??(%RH)","	78.8","	2026-07-28 13:49:34"
"	6A0C0938","	Ambient","	1","	B01??(?)","	21.2","	2026-07-28 13:49:34"
"	6A0C0938","	Ambient","	1","	B01??(%RH)","	78.9","	2026-07-28 13:49:32"
"	6A0C0938","	Ambient","	1","	B01??(?)","	21.2","	2026-07-28 13:49:32"
"	6A0C0938","	Ambient","	1","	B01??(%RH)","	78.9","	2026-07-28 13:49:30"
"	6A0C0938","	Ambient","	1","	B01??(?)","	21.2","	2026-07-28 13:49:30"
"	6A0C0938","	Ambient","	1","	B01??(%RH)","	78.8","	2026-07-28 13:49:28"
"	6A0C0938","	Ambient","	1","	B01??(?)","	21.2","	2026-07-28 13:49:28"
"	6A0C0938","	Ambient","	1","	B01??(%RH)","	78.7","	2026-07-28 13:49:26"
"	6A0C0938","	Ambient","	1","	B01??(?)","	21.2","	2026-07-28 13:49:26"
"	6A0C0938","	Ambient","	1","	B01??(%RH)","	78.6","	2026-07-28 13:49:23"
"	6A0C0938","	Ambient","	1","	B01??(?)","	21.2","	2026-07-28 13:49:23"
"	6A0C0938","	Ambient","	1","	B01??(%RH)","	78.6","	2026-07-28 13:49:21"
"	6A0C0938","	Ambient","	1","	B01??(?)","	21.2","	2026-07-28 13:49:21"
"	6A0C0938","	Ambient","	1","	B01??(%RH)","	78.7","	2026-07-28 13:49:19"
"	6A0C0938","	Ambient","	1","	B01??(?)","	21.2","	2026-07-28 13:49:19"
"	6A0C0938","	Ambient","	1","	B01??(%RH)","	78.6","	2026-07-28 13:49:17"
"	6A0C0938","	Ambient","	1","	B01??(?)","	21.2","	2026-07-28 13:49:17"
"	6A0C0938","	Ambient","	1","	B01??(%RH)","	78.6","	2026-07-28 13:49:15"
"	6A0C0938","	Ambient","	1","	B01??(?)","	21.2","	2026-07-28 13:49:15"
"	6A0C0938","	Ambient","	1","	B01??(%RH)","	78.5","	2026-07-28 13:49:13"
"	6A0C0938","	Ambient","	1","	B01??(?)","	21.2","	2026-07-28 13:49:13"
"	6A0C0938","	Ambient","	1","	B01??(%RH)","	78.4","	2026-07-28 13:49:11"
"	6A0C0938","	Ambient","	1","	B01??(?)","	21.2","	2026-07-28 13:49:11"
"	6A0C0938","	Ambient","	1","	B01??(%RH)","	78.3","	2026-07-28 13:49:09"
"	6A0C0938","	Ambient","	1","	B01??(?)","	21.2","	2026-07-28 13:49:09"
"	6A0C0938","	Ambient","	1","	B01??(%RH)","	78.3","	2026-07-28 13:49:07"
"	6A0C0938","	Ambient","	1","	B01??(?)","	21.2","	2026-07-28 13:49:07"
"	6A0C0938","	Ambient","	1","	B01??(%RH)","	78.3","	2026-07-28 13:49:05"
"	6A0C0938","	Ambient","	1","	B01??(?)","	21.2","	2026-07-28 13:49:05"
"	6A0C0938","	Ambient","	1","	B01??(%RH)","	78.4","	2026-07-28 13:49:03"
"	6A0C0938","	Ambient","	1","	B01??(?)","	21.2","	2026-07-28 13:49:03"
"	6A0C0938","	Ambient","	1","	B01??(%RH)","	78.4","	2026-07-28 13:49:01"
"	6A0C0938","	Ambient","	1","	B01??(?)","	21.2","	2026-07-28 13:49:01"
"	6A0C0938","	Ambient","	1","	B01??(%RH)","	78.3","	2026-07-28 13:48:59"
"	6A0C0938","	Ambient","	1","	B01??(?)","	21.2","	2026-07-28 13:48:59"
"	6A0C0938","	Ambient","	1","	B01??(%RH)","	78.3","	2026-07-28 13:48:57"
"	6A0C0938","	Ambient","	1","	B01??(?)","	21.2","	2026-07-28 13:48:57"
"	6A0C0938","	Ambient","	1","	B01??(%RH)","	78.3","	2026-07-28 13:48:55"
"	6A0C0938","	Ambient","	1","	B01??(?)","	21.2","	2026-07-28 13:48:55"
"	6A0C0938","	Ambient","	1","	B01??(%RH)","	78.6","	2026-07-28 13:48:53"
"	6A0C0938","	Ambient","	1","	B01??(?)","	21.2","	2026-07-28 13:48:53"
"	6A0C0938","	Ambient","	1","	B01??(%RH)","	78.8","	2026-07-28 13:48:51"
"	6A0C0938","	Ambient","	1","	B01??(?)","	21.2","	2026-07-28 13:48:51"
"	6A0C0938","	Ambient","	1","	B01??(%RH)","	78.8","	2026-07-28 13:48:49"
"	6A0C0938","	Ambient","	1","	B01??(?)","	21.2","	2026-07-28 13:48:49"
"	6A0C0938","	Ambient","	1","	B01??(%RH)","	78.7","	2026-07-28 13:48:47"
"	6A0C0938","	Ambient","	1","	B01??(?)","	21.2","	2026-07-28 13:48:47"
"	6A0C0938","	Ambient","	1","	B01??(%RH)","	78.5","	2026-07-28 13:48:45"
"	6A0C0938","	Ambient","	1","	B01??(?)","	21.2","	2026-07-28 13:48:45"
"	6A0C0938","	Ambient","	1","	B01??(%RH)","	78.4","	2026-07-28 13:48:43"
"	6A0C0938","	Ambient","	1","	B01??(?)","	21.2","	2026-07-28 13:48:43"
"	6A0C0938","	Ambient","	1","	B01??(%RH)","	78.2","	2026-07-28 13:48:41"
"	6A0C0938","	Ambient","	1","	B01??(?)","	21.2","	2026-07-28 13:48:41"
"	6A0C0938","	Ambient","	1","	B01??(%RH)","	78.1","	2026-07-28 13:48:38"
"	6A0C0938","	Ambient","	1","	B01??(?)","	21.2","	2026-07-28 13:48:38"
"	6A0C0938","	Ambient","	1","	B01??(%RH)","	78","	2026-07-28 13:48:36"
"	6A0C0938","	Ambient","	1","	B01??(?)","	21.2","	2026-07-28 13:48:36"
"	6A0C0938","	Ambient","	1","	B01??(%RH)","	77.8","	2026-07-28 13:48:34"
"	6A0C0938","	Ambient","	1","	B01??(?)","	21.2","	2026-07-28 13:48:34"
"	6A0C0938","	Ambient","	1","	B01??(%RH)","	77.6","	2026-07-28 13:48:32"
"	6A0C0938","	Ambient","	1","	B01??(?)","	21.2","	2026-07-28 13:48:32"
"	6A0C0938","	Ambient","	1","	B01??(%RH)","	77.2","	2026-07-28 13:48:30"
"	6A0C0938","	Ambient","	1","	B01??(?)","	21.2","	2026-07-28 13:48:30"
"	6A0C0938","	Ambient","	1","	B01??(%RH)","	76.9","	2026-07-28 13:48:28"
"	6A0C0938","	Ambient","	1","	B01??(?)","	21.2","	2026-07-28 13:48:28"
"	6A0C0938","	Ambient","	1","	B01??(%RH)","	76.6","	2026-07-28 13:48:26"
"	6A0C0938","	Ambient","	1","	B01??(?)","	21.2","	2026-07-28 13:48:26"
"	6A0C0938","	Ambient","	1","	B01??(%RH)","	76.3","	2026-07-28 13:48:24"
"	6A0C0938","	Ambient","	1","	B01??(?)","	21.2","	2026-07-28 13:48:24"
"	6A0C0938","	Ambient","	1","	B01??(%RH)","	76.2","	2026-07-28 13:48:22"
"	6A0C0938","	Ambient","	1","	B01??(?)","	21.2","	2026-07-28 13:48:22"
"	6A0C0938","	Ambient","	1","	B01??(%RH)","	76.2","	2026-07-28 13:48:20"
"	6A0C0938","	Ambient","	1","	B01??(?)","	21.2","	2026-07-28 13:48:20"
"	6A0C0938","	Ambient","	1","	B01??(%RH)","	76.3","	2026-07-28 13:48:18"
"	6A0C0938","	Ambient","	1","	B01??(?)","	21.2","	2026-07-28 13:48:18"
"	6A0C0938","	Ambient","	1","	B01??(%RH)","	76.5","	2026-07-28 13:48:16"
"	6A0C0938","	Ambient","	1","	B01??(?)","	21.2","	2026-07-28 13:48:16"
"	6A0C0938","	Ambient","	1","	B01??(%RH)","	76.6","	2026-07-28 13:48:14"
"	6A0C0938","	Ambient","	1","	B01??(?)","	21.2","	2026-07-28 13:48:14"
"	6A0C0938","	Ambient","	1","	B01??(%RH)","	76.8","	2026-07-28 13:48:12"
"	6A0C0938","	Ambient","	1","	B01??(?)","	21.2","	2026-07-28 13:48:12"
"	6A0C0938","	Ambient","	1","	B01??(%RH)","	76.9","	2026-07-28 13:48:10"
"	6A0C0938","	Ambient","	1","	B01??(?)","	21.2","	2026-07-28 13:48:10"
"	6A0C0938","	Ambient","	1","	B01??(%RH)","	77","	2026-07-28 13:48:08"
"	6A0C0938","	Ambient","	1","	B01??(?)","	21.2","	2026-07-28 13:48:08"
"	6A0C0938","	Ambient","	1","	B01??(%RH)","	77","	2026-07-28 13:48:06"
"	6A0C0938","	Ambient","	1","	B01??(?)","	21.2","	2026-07-28 13:48:06"
"	6A0C0938","	Ambient","	1","	B01??(%RH)","	77.1","	2026-07-28 13:48:04"
"	6A0C0938","	Ambient","	1","	B01??(?)","	21.2","	2026-07-28 13:48:04"
"	6A0C0938","	Ambient","	1","	B01??(%RH)","	77.2","	2026-07-28 13:48:02"
"	6A0C0938","	Ambient","	1","	B01??(?)","	21.2","	2026-07-28 13:48:02"
"	6A0C0938","	Ambient","	1","	B01??(%RH)","	77.4","	2026-07-28 13:48:00"
"	6A0C0938","	Ambient","	1","	B01??(?)","	21.2","	2026-07-28 13:48:00"
"	6A0C0938","	Ambient","	1","	B01??(%RH)","	77.7","	2026-07-28 13:47:57"
"	6A0C0938","	Ambient","	1","	B01??(?)","	21.2","	2026-07-28 13:47:57"
"	6A0C0938","	Ambient","	1","	B01??(%RH)","	77.9","	2026-07-28 13:47:55"
"	6A0C0938","	Ambient","	1","	B01??(?)","	21.2","	2026-07-28 13:47:55"
"	6A0C0938","	Ambient","	1","	B01??(%RH)","	78","	2026-07-28 13:47:53"
"	6A0C0938","	Ambient","	1","	B01??(?)","	21.2","	2026-07-28 13:47:53"
"	6A0C0938","	Ambient","	1","	B01??(%RH)","	78.2","	2026-07-28 13:47:51"
"	6A0C0938","	Ambient","	1","	B01??(?)","	21.2","	2026-07-28 13:47:51"
"	6A0C0938","	Ambient","	1","	B01??(%RH)","	78.3","	2026-07-28 13:47:49"
"	6A0C0938","	Ambient","	1","	B01??(?)","	21.2","	2026-07-28 13:47:49"
"	6A0C0938","	Ambient","	1","	B01??(%RH)","	78.3","	2026-07-28 13:47:47"
"	6A0C0938","	Ambient","	1","	B01??(?)","	21.2","	2026-07-28 13:47:47"
"	6A0C0938","	Ambient","	1","	B01??(%RH)","	78.3","	2026-07-28 13:47:45"
"	6A0C0938","	Ambient","	1","	B01??(?)","	21.2","	2026-07-28 13:47:45"
"	6A0C0938","	Ambient","	1","	B01??(%RH)","	78.1","	2026-07-28 13:47:43"
"	6A0C0938","	Ambient","	1","	B01??(?)","	21.2","	2026-07-28 13:47:43"
"	6A0C0938","	Ambient","	1","	B01??(%RH)","	77.9","	2026-07-28 13:47:41"
"	6A0C0938","	Ambient","	1","	B01??(?)","	21.2","	2026-07-28 13:47:41"
"	6A0C0938","	Ambient","	1","	B01??(%RH)","	77.8","	2026-07-28 13:47:39"
"	6A0C0938","	Ambient","	1","	B01??(?)","	21.2","	2026-07-28 13:47:39"
"	6A0C0938","	Ambient","	1","	B01??(%RH)","	77.7","	2026-07-28 13:47:37"
"	6A0C0938","	Ambient","	1","	B01??(?)","	21.2","	2026-07-28 13:47:37"
"	6A0C0938","	Ambient","	1","	B01??(%RH)","	77.5","	2026-07-28 13:47:35"
"	6A0C0938","	Ambient","	1","	B01??(?)","	21.2","	2026-07-28 13:47:35"
"	6A0C0938","	Ambient","	1","	B01??(%RH)","	77.4","	2026-07-28 13:47:33"
"	6A0C0938","	Ambient","	1","	B01??(?)","	21.2","	2026-07-28 13:47:33"
"	6A0C0938","	Ambient","	1","	B01??(%RH)","	77.2","	2026-07-28 13:47:31"
"	6A0C0938","	Ambient","	1","	B01??(?)","	21.2","	2026-07-28 13:47:31"
"	6A0C0938","	Ambient","	1","	B01??(%RH)","	77.2","	2026-07-28 13:47:29"
"	6A0C0938","	Ambient","	1","	B01??(?)","	21.2","	2026-07-28 13:47:29"
"	6A0C0938","	Ambient","	1","	B01??(%RH)","	77.2","	2026-07-28 13:47:27"
"	6A0C0938","	Ambient","	1","	B01??(?)","	21.2","	2026-07-28 13:47:27"
"	6A0C0938","	Ambient","	1","	B01??(%RH)","	77.2","	2026-07-28 13:47:25"
"	6A0C0938","	Ambient","	1","	B01??(?)","	21.2","	2026-07-28 13:47:25"
"	6A0C0938","	Ambient","	1","	B01??(%RH)","	77.3","	2026-07-28 13:47:23"
"	6A0C0938","	Ambient","	1","	B01??(?)","	21.2","	2026-07-28 13:47:23"
"	6A0C0938","	Ambient","	1","	B01??(%RH)","	77.4","	2026-07-28 13:47:21"
"	6A0C0938","	Ambient","	1","	B01??(?)","	21.2","	2026-07-28 13:47:21"
"	6A0C0938","	Ambient","	1","	B01??(%RH)","	77.5","	2026-07-28 13:47:19"
"	6A0C0938","	Ambient","	1","	B01??(?)","	21.2","	2026-07-28 13:47:19"
"	6A0C0938","	Ambient","	1","	B01??(%RH)","	77.5","	2026-07-28 13:47:17"
"	6A0C0938","	Ambient","	1","	B01??(?)","	21.2","	2026-07-28 13:47:17"
"	6A0C0938","	Ambient","	1","	B01??(%RH)","	77.5","	2026-07-28 13:47:14"
"	6A0C0938","	Ambient","	1","	B01??(?)","	21.2","	2026-07-28 13:47:14"
"	6A0C0938","	Ambient","	1","	B01??(%RH)","	77.6","	2026-07-28 13:47:12"
"	6A0C0938","	Ambient","	1","	B01??(?)","	21.2","	2026-07-28 13:47:12"
"	6A0C0938","	Ambient","	1","	B01??(%RH)","	77.6","	2026-07-28 13:47:10"
"	6A0C0938","	Ambient","	1","	B01??(?)","	21.2","	2026-07-28 13:47:10"
"	6A0C0938","	Ambient","	1","	B01??(%RH)","	77.6","	2026-07-28 13:47:08"
"	6A0C0938","	Ambient","	1","	B01??(?)","	21.2","	2026-07-28 13:47:08"
"	6A0C0938","	Ambient","	1","	B01??(%RH)","	77.6","	2026-07-28 13:47:06"
"	6A0C0938","	Ambient","	1","	B01??(?)","	21.2","	2026-07-28 13:47:06"
"	6A0C0938","	Ambient","	1","	B01??(%RH)","	77.6","	2026-07-28 13:47:04"
"	6A0C0938","	Ambient","	1","	B01??(?)","	21.2","	2026-07-28 13:47:04"
"	6A0C0938","	Ambient","	1","	B01??(%RH)","	77.6","	2026-07-28 13:47:02"
"	6A0C0938","	Ambient","	1","	B01??(?)","	21.2","	2026-07-28 13:47:02"
"	6A0C0938","	Ambient","	1","	B01??(%RH)","	77.7","	2026-07-28 13:47:00"
"	6A0C0938","	Ambient","	1","	B01??(?)","	21.2","	2026-07-28 13:47:00"
"	6A0C0938","	Ambient","	1","	B01??(%RH)","	77.8","	2026-07-28 13:46:58"
"	6A0C0938","	Ambient","	1","	B01??(?)","	21.2","	2026-07-28 13:46:58"
"	6A0C0938","	Ambient","	1","	B01??(%RH)","	77.9","	2026-07-28 13:46:56"
"	6A0C0938","	Ambient","	1","	B01??(?)","	21.2","	2026-07-28 13:46:56"
"	6A0C0938","	Ambient","	1","	B01??(%RH)","	78.1","	2026-07-28 13:46:54"
"	6A0C0938","	Ambient","	1","	B01??(?)","	21.2","	2026-07-28 13:46:54"
"	6A0C0938","	Ambient","	1","	B01??(%RH)","	78.3","	2026-07-28 13:46:52"
"	6A0C0938","	Ambient","	1","	B01??(?)","	21.2","	2026-07-28 13:46:52"
"	6A0C0938","	Ambient","	1","	B01??(%RH)","	78.3","	2026-07-28 13:46:50"
"	6A0C0938","	Ambient","	1","	B01??(?)","	21.2","	2026-07-28 13:46:50"
"	6A0C0938","	Ambient","	1","	B01??(%RH)","	78.4","	2026-07-28 13:46:48"
"	6A0C0938","	Ambient","	1","	B01??(?)","	21.2","	2026-07-28 13:46:48"
"	6A0C0938","	Ambient","	1","	B01??(%RH)","	78.5","	2026-07-28 13:46:46"
"	6A0C0938","	Ambient","	1","	B01??(?)","	21.2","	2026-07-28 13:46:46"
"	6A0C0938","	Ambient","	1","	B01??(%RH)","	78.4","	2026-07-28 13:46:44"
"	6A0C0938","	Ambient","	1","	B01??(?)","	21.2","	2026-07-28 13:46:44"
"	6A0C0938","	Ambient","	1","	B01??(%RH)","	78.4","	2026-07-28 13:46:42"
"	6A0C0938","	Ambient","	1","	B01??(?)","	21.2","	2026-07-28 13:46:42"
"	6A0C0938","	Ambient","	1","	B01??(%RH)","	78.3","	2026-07-28 13:46:40"
"	6A0C0938","	Ambient","	1","	B01??(?)","	21.2","	2026-07-28 13:46:40"
"	6A0C0938","	Ambient","	1","	B01??(%RH)","	78.1","	2026-07-28 13:46:38"
"	6A0C0938","	Ambient","	1","	B01??(?)","	21.2","	2026-07-28 13:46:38"
"	6A0C0938","	Ambient","	1","	B01??(%RH)","	77.9","	2026-07-28 13:46:36"
"	6A0C0938","	Ambient","	1","	B01??(?)","	21.2","	2026-07-28 13:46:36"
"	6A0C0938","	Ambient","	1","	B01??(%RH)","	77.7","	2026-07-28 13:46:33"
"	6A0C0938","	Ambient","	1","	B01??(?)","	21.2","	2026-07-28 13:46:33"
"	6A0C0938","	Ambient","	1","	B01??(%RH)","	77.2","	2026-07-28 13:46:31"
"	6A0C0938","	Ambient","	1","	B01??(?)","	21.2","	2026-07-28 13:46:31"
"	6A0C0938","	Ambient","	1","	B01??(%RH)","	76.8","	2026-07-28 13:46:29"
"	6A0C0938","	Ambient","	1","	B01??(?)","	21.2","	2026-07-28 13:46:29"
"	6A0C0938","	Ambient","	1","	B01??(%RH)","	76.6","	2026-07-28 13:46:27"
"	6A0C0938","	Ambient","	1","	B01??(?)","	21.2","	2026-07-28 13:46:27"
"	6A0C0938","	Ambient","	1","	B01??(%RH)","	76.5","	2026-07-28 13:46:25"
"	6A0C0938","	Ambient","	1","	B01??(?)","	21.2","	2026-07-28 13:46:25"
"	6A0C0938","	Ambient","	1","	B01??(%RH)","	76.3","	2026-07-28 13:46:23"
"	6A0C0938","	Ambient","	1","	B01??(?)","	21.2","	2026-07-28 13:46:23"
"	6A0C0938","	Ambient","	1","	B01??(%RH)","	76.3","	2026-07-28 13:46:21"
"	6A0C0938","	Ambient","	1","	B01??(?)","	21.2","	2026-07-28 13:46:21"
"	6A0C0938","	Ambient","	1","	B01??(%RH)","	76.5","	2026-07-28 13:46:19"
"	6A0C0938","	Ambient","	1","	B01??(?)","	21.2","	2026-07-28 13:46:19"
"	6A0C0938","	Ambient","	1","	B01??(%RH)","	76.6","	2026-07-28 13:46:17"
"	6A0C0938","	Ambient","	1","	B01??(?)","	21.2","	2026-07-28 13:46:17"
"	6A0C0938","	Ambient","	1","	B01??(%RH)","	76.9","	2026-07-28 13:46:15"
"	6A0C0938","	Ambient","	1","	B01??(?)","	21.2","	2026-07-28 13:46:15"
"	6A0C0938","	Ambient","	1","	B01??(%RH)","	77.1","	2026-07-28 13:46:13"
"	6A0C0938","	Ambient","	1","	B01??(?)","	21.2","	2026-07-28 13:46:13"
"	6A0C0938","	Ambient","	1","	B01??(%RH)","	77.3","	2026-07-28 13:46:11"
"	6A0C0938","	Ambient","	1","	B01??(?)","	21.2","	2026-07-28 13:46:11"
"	6A0C0938","	Ambient","	1","	B01??(%RH)","	77.5","	2026-07-28 13:46:09"
"	6A0C0938","	Ambient","	1","	B01??(?)","	21.2","	2026-07-28 13:46:09"
"	6A0C0938","	Ambient","	1","	B01??(%RH)","	77.7","	2026-07-28 13:46:07"
"	6A0C0938","	Ambient","	1","	B01??(?)","	21.2","	2026-07-28 13:46:07"
"	6A0C0938","	Ambient","	1","	B01??(%RH)","	77.8","	2026-07-28 13:46:05"
"	6A0C0938","	Ambient","	1","	B01??(?)","	21.2","	2026-07-28 13:46:05"
"	6A0C0938","	Ambient","	1","	B01??(%RH)","	77.9","	2026-07-28 13:46:03"
"	6A0C0938","	Ambient","	1","	B01??(?)","	21.2","	2026-07-28 13:46:03"
"	6A0C0938","	Ambient","	1","	B01??(%RH)","	78","	2026-07-28 13:46:01"
"	6A0C0938","	Ambient","	1","	B01??(?)","	21.2","	2026-07-28 13:46:01"
"	6A0C0938","	Ambient","	1","	B01??(%RH)","	78","	2026-07-28 13:45:59"
"	6A0C0938","	Ambient","	1","	B01??(?)","	21.2","	2026-07-28 13:45:59"
"	6A0C0938","	Ambient","	1","	B01??(%RH)","	78.2","	2026-07-28 13:45:57"
"	6A0C0938","	Ambient","	1","	B01??(?)","	21.2","	2026-07-28 13:45:57"
"	6A0C0938","	Ambient","	1","	B01??(%RH)","	78.2","	2026-07-28 13:45:55"
"	6A0C0938","	Ambient","	1","	B01??(?)","	21.2","	2026-07-28 13:45:55"
"	6A0C0938","	Ambient","	1","	B01??(%RH)","	78.2","	2026-07-28 13:45:53"
"	6A0C0938","	Ambient","	1","	B01??(?)","	21.2","	2026-07-28 13:45:53"
"	6A0C0938","	Ambient","	1","	B01??(%RH)","	78.2","	2026-07-28 13:45:51"
"	6A0C0938","	Ambient","	1","	B01??(?)","	21.2","	2026-07-28 13:45:51"
"	6A0C0938","	Ambient","	1","	B01??(%RH)","	78.1","	2026-07-28 13:45:48"
"	6A0C0938","	Ambient","	1","	B01??(?)","	21.2","	2026-07-28 13:45:48"
"	6A0C0938","	Ambient","	1","	B01??(%RH)","	78.1","	2026-07-28 13:45:46"
"	6A0C0938","	Ambient","	1","	B01??(?)","	21.2","	2026-07-28 13:45:46"
"	6A0C0938","	Ambient","	1","	B01??(%RH)","	78.1","	2026-07-28 13:45:44"
"	6A0C0938","	Ambient","	1","	B01??(?)","	21.2","	2026-07-28 13:45:44"
"	6A0C0938","	Ambient","	1","	B01??(%RH)","	78.2","	2026-07-28 13:45:42"
"	6A0C0938","	Ambient","	1","	B01??(?)","	21.2","	2026-07-28 13:45:42"
"	6A0C0938","	Ambient","	1","	B01??(%RH)","	78.2","	2026-07-28 13:45:40"
"	6A0C0938","	Ambient","	1","	B01??(?)","	21.2","	2026-07-28 13:45:40"
"	6A0C0938","	Ambient","	1","	B01??(%RH)","	78.2","	2026-07-28 13:45:38"
"	6A0C0938","	Ambient","	1","	B01??(?)","	21.2","	2026-07-28 13:45:38"
"	6A0C0938","	Ambient","	1","	B01??(%RH)","	78.2","	2026-07-28 13:45:36"
"	6A0C0938","	Ambient","	1","	B01??(?)","	21.2","	2026-07-28 13:45:36"
"	6A0C0938","	Ambient","	1","	B01??(%RH)","	78.1","	2026-07-28 13:45:34"
"	6A0C0938","	Ambient","	1","	B01??(?)","	21.2","	2026-07-28 13:45:34"
"	6A0C0938","	Ambient","	1","	B01??(%RH)","	78.1","	2026-07-28 13:45:32"
"	6A0C0938","	Ambient","	1","	B01??(?)","	21.2","	2026-07-28 13:45:32"
"	6A0C0938","	Ambient","	1","	B01??(%RH)","	78","	2026-07-28 13:45:30"
"	6A0C0938","	Ambient","	1","	B01??(?)","	21.2","	2026-07-28 13:45:30"
"	6A0C0938","	Ambient","	1","	B01??(%RH)","	78","	2026-07-28 13:45:28"
"	6A0C0938","	Ambient","	1","	B01??(?)","	21.2","	2026-07-28 13:45:28"
"	6A0C0938","	Ambient","	1","	B01??(%RH)","	78.1","	2026-07-28 13:45:26"
"	6A0C0938","	Ambient","	1","	B01??(?)","	21.2","	2026-07-28 13:45:26"
"	6A0C0938","	Ambient","	1","	B01??(%RH)","	78","	2026-07-28 13:45:24"
"	6A0C0938","	Ambient","	1","	B01??(?)","	21.2","	2026-07-28 13:45:24"
"	6A0C0938","	Ambient","	1","	B01??(%RH)","	77.9","	2026-07-28 13:45:22"
"	6A0C0938","	Ambient","	1","	B01??(?)","	21.2","	2026-07-28 13:45:22"
"	6A0C0938","	Ambient","	1","	B01??(%RH)","	77.8","	2026-07-28 13:45:20"
"	6A0C0938","	Ambient","	1","	B01??(?)","	21.2","	2026-07-28 13:45:20"
"	6A0C0938","	Ambient","	1","	B01??(%RH)","	77.6","	2026-07-28 13:45:18"
"	6A0C0938","	Ambient","	1","	B01??(?)","	21.2","	2026-07-28 13:45:18"
"	6A0C0938","	Ambient","	1","	B01??(%RH)","	77.4","	2026-07-28 13:45:16"
"	6A0C0938","	Ambient","	1","	B01??(?)","	21.2","	2026-07-28 13:45:16"
"	6A0C0938","	Ambient","	1","	B01??(%RH)","	77","	2026-07-28 13:45:14"
"	6A0C0938","	Ambient","	1","	B01??(?)","	21.2","	2026-07-28 13:45:14"
"	6A0C0938","	Ambient","	1","	B01??(%RH)","	76.7","	2026-07-28 13:45:12"
"	6A0C0938","	Ambient","	1","	B01??(?)","	21.2","	2026-07-28 13:45:12"
"	6A0C0938","	Ambient","	1","	B01??(%RH)","	76.6","	2026-07-28 13:45:09"
"	6A0C0938","	Ambient","	1","	B01??(?)","	21.2","	2026-07-28 13:45:09"
"	6A0C0938","	Ambient","	1","	B01??(%RH)","	76.7","	2026-07-28 13:45:07"
"	6A0C0938","	Ambient","	1","	B01??(?)","	21.2","	2026-07-28 13:45:07"
"	6A0C0938","	Ambient","	1","	B01??(%RH)","	76.7","	2026-07-28 13:45:05"
"	6A0C0938","	Ambient","	1","	B01??(?)","	21.2","	2026-07-28 13:45:05"
"	6A0C0938","	Ambient","	1","	B01??(%RH)","	76.8","	2026-07-28 13:45:03"
"	6A0C0938","	Ambient","	1","	B01??(?)","	21.2","	2026-07-28 13:45:03"
"	6A0C0938","	Ambient","	1","	B01??(%RH)","	76.8","	2026-07-28 13:45:01"
"	6A0C0938","	Ambient","	1","	B01??(?)","	21.2","	2026-07-28 13:45:01"
"	6A0C0938","	Ambient","	1","	B01??(%RH)","	76.8","	2026-07-28 13:44:59"
"	6A0C0938","	Ambient","	1","	B01??(?)","	21.2","	2026-07-28 13:44:59"
"	6A0C0938","	Ambient","	1","	B01??(%RH)","	76.8","	2026-07-28 13:44:57"
"	6A0C0938","	Ambient","	1","	B01??(?)","	21.2","	2026-07-28 13:44:57"
"	6A0C0938","	Ambient","	1","	B01??(%RH)","	76.8","	2026-07-28 13:44:55"
"	6A0C0938","	Ambient","	1","	B01??(?)","	21.2","	2026-07-28 13:44:55"
"	6A0C0938","	Ambient","	1","	B01??(%RH)","	76.7","	2026-07-28 13:44:53"
"	6A0C0938","	Ambient","	1","	B01??(?)","	21.2","	2026-07-28 13:44:53"
"	6A0C0938","	Ambient","	1","	B01??(%RH)","	76.7","	2026-07-28 13:44:51"
"	6A0C0938","	Ambient","	1","	B01??(?)","	21.2","	2026-07-28 13:44:51"
"	6A0C0938","	Ambient","	1","	B01??(%RH)","	76.8","	2026-07-28 13:44:49"
"	6A0C0938","	Ambient","	1","	B01??(?)","	21.2","	2026-07-28 13:44:49"
"	6A0C0938","	Ambient","	1","	B01??(%RH)","	77","	2026-07-28 13:44:47"
"	6A0C0938","	Ambient","	1","	B01??(?)","	21.2","	2026-07-28 13:44:47"
"	6A0C0938","	Ambient","	1","	B01??(%RH)","	77.2","	2026-07-28 13:44:45"
"	6A0C0938","	Ambient","	1","	B01??(?)","	21.2","	2026-07-28 13:44:45"
"	6A0C0938","	Ambient","	1","	B01??(%RH)","	77.4","	2026-07-28 13:44:43"
"	6A0C0938","	Ambient","	1","	B01??(?)","	21.2","	2026-07-28 13:44:43"
"	6A0C0938","	Ambient","	1","	B01??(%RH)","	77.7","	2026-07-28 13:44:41"
"	6A0C0938","	Ambient","	1","	B01??(?)","	21.2","	2026-07-28 13:44:41"
"	6A0C0938","	Ambient","	1","	B01??(%RH)","	77.9","	2026-07-28 13:44:39"
"	6A0C0938","	Ambient","	1","	B01??(?)","	21.2","	2026-07-28 13:44:39"
"	6A0C0938","	Ambient","	1","	B01??(%RH)","	78.1","	2026-07-28 13:44:37"
"	6A0C0938","	Ambient","	1","	B01??(?)","	21.2","	2026-07-28 13:44:37"
"	6A0C0938","	Ambient","	1","	B01??(%RH)","	78.1","	2026-07-28 13:44:35"
"	6A0C0938","	Ambient","	1","	B01??(?)","	21.2","	2026-07-28 13:44:35"
"	6A0C0938","	Ambient","	1","	B01??(%RH)","	78","	2026-07-28 13:44:33"
"	6A0C0938","	Ambient","	1","	B01??(?)","	21.2","	2026-07-28 13:44:33"
"	6A0C0938","	Ambient","	1","	B01??(%RH)","	77.9","	2026-07-28 13:44:31"
"	6A0C0938","	Ambient","	1","	B01??(?)","	21.2","	2026-07-28 13:44:31"
"	6A0C0938","	Ambient","	1","	B01??(%RH)","	77.7","	2026-07-28 13:44:29"
"	6A0C0938","	Ambient","	1","	B01??(?)","	21.2","	2026-07-28 13:44:29"
"	6A0C0938","	Ambient","	1","	B01??(%RH)","	77.5","	2026-07-28 13:44:26"
"	6A0C0938","	Ambient","	1","	B01??(?)","	21.2","	2026-07-28 13:44:26"
"	6A0C0938","	Ambient","	1","	B01??(%RH)","	77.3","	2026-07-28 13:44:24"
"	6A0C0938","	Ambient","	1","	B01??(?)","	21.2","	2026-07-28 13:44:24"
"	6A0C0938","	Ambient","	1","	B01??(%RH)","	77.3","	2026-07-28 13:44:22"
"	6A0C0938","	Ambient","	1","	B01??(?)","	21.2","	2026-07-28 13:44:22"
"	6A0C0938","	Ambient","	1","	B01??(%RH)","	77.2","	2026-07-28 13:44:20"
"	6A0C0938","	Ambient","	1","	B01??(?)","	21.2","	2026-07-28 13:44:20"
"	6A0C0938","	Ambient","	1","	B01??(%RH)","	77.2","	2026-07-28 13:44:18"
"	6A0C0938","	Ambient","	1","	B01??(?)","	21.2","	2026-07-28 13:44:18"
"	6A0C0938","	Ambient","	1","	B01??(%RH)","	77.3","	2026-07-28 13:44:16"
"	6A0C0938","	Ambient","	1","	B01??(?)","	21.2","	2026-07-28 13:44:16"
"	6A0C0938","	Ambient","	1","	B01??(%RH)","	77.5","	2026-07-28 13:44:14"
"	6A0C0938","	Ambient","	1","	B01??(?)","	21.2","	2026-07-28 13:44:14"
"	6A0C0938","	Ambient","	1","	B01??(%RH)","	77.6","	2026-07-28 13:44:12"
"	6A0C0938","	Ambient","	1","	B01??(?)","	21.2","	2026-07-28 13:44:12"
"	6A0C0938","	Ambient","	1","	B01??(%RH)","	77.6","	2026-07-28 13:44:10"
"	6A0C0938","	Ambient","	1","	B01??(?)","	21.2","	2026-07-28 13:44:10"
"	6A0C0938","	Ambient","	1","	B01??(%RH)","	77.7","	2026-07-28 13:44:08"
"	6A0C0938","	Ambient","	1","	B01??(?)","	21.2","	2026-07-28 13:44:08"
"	6A0C0938","	Ambient","	1","	B01??(%RH)","	77.7","	2026-07-28 13:44:06"
"	6A0C0938","	Ambient","	1","	B01??(?)","	21.2","	2026-07-28 13:44:06"
"	6A0C0938","	Ambient","	1","	B01??(%RH)","	77.8","	2026-07-28 13:44:04"
"	6A0C0938","	Ambient","	1","	B01??(?)","	21.2","	2026-07-28 13:44:04"
"	6A0C0938","	Ambient","	1","	B01??(%RH)","	77.9","	2026-07-28 13:44:02"
"	6A0C0938","	Ambient","	1","	B01??(?)","	21.2","	2026-07-28 13:44:02"
"	6A0C0938","	Ambient","	1","	B01??(%RH)","	77.9","	2026-07-28 13:44:00"
"	6A0C0938","	Ambient","	1","	B01??(?)","	21.2","	2026-07-28 13:44:00"
"	6A0C0938","	Ambient","	1","	B01??(%RH)","	77.8","	2026-07-28 13:43:58"
"	6A0C0938","	Ambient","	1","	B01??(?)","	21.2","	2026-07-28 13:43:58"
"	6A0C0938","	Ambient","	1","	B01??(%RH)","	77.7","	2026-07-28 13:43:56"
"	6A0C0938","	Ambient","	1","	B01??(?)","	21.2","	2026-07-28 13:43:56"
"	6A0C0938","	Ambient","	1","	B01??(%RH)","	77.6","	2026-07-28 13:43:54"
"	6A0C0938","	Ambient","	1","	B01??(?)","	21.2","	2026-07-28 13:43:54"
"	6A0C0938","	Ambient","	1","	B01??(%RH)","	77.6","	2026-07-28 13:43:52"
"	6A0C0938","	Ambient","	1","	B01??(?)","	21.2","	2026-07-28 13:43:52"
"	6A0C0938","	Ambient","	1","	B01??(%RH)","	77.7","	2026-07-28 13:43:50"
"	6A0C0938","	Ambient","	1","	B01??(?)","	21.2","	2026-07-28 13:43:50"
"	6A0C0938","	Ambient","	1","	B01??(%RH)","	77.8","	2026-07-28 13:43:48"
"	6A0C0938","	Ambient","	1","	B01??(?)","	21.2","	2026-07-28 13:43:48"
"	6A0C0938","	Ambient","	1","	B01??(%RH)","	78","	2026-07-28 13:43:46"
"	6A0C0938","	Ambient","	1","	B01??(?)","	21.2","	2026-07-28 13:43:46"
"	6A0C0938","	Ambient","	1","	B01??(%RH)","	78.3","	2026-07-28 13:43:43"
"	6A0C0938","	Ambient","	1","	B01??(?)","	21.2","	2026-07-28 13:43:43"
"	6A0C0938","	Ambient","	1","	B01??(%RH)","	78.5","	2026-07-28 13:43:41"
"	6A0C0938","	Ambient","	1","	B01??(?)","	21.2","	2026-07-28 13:43:41"
"	6A0C0938","	Ambient","	1","	B01??(%RH)","	78.7","	2026-07-28 13:43:39"
"	6A0C0938","	Ambient","	1","	B01??(?)","	21.2","	2026-07-28 13:43:39"
"	6A0C0938","	Ambient","	1","	B01??(%RH)","	78.8","	2026-07-28 13:43:37"
"	6A0C0938","	Ambient","	1","	B01??(?)","	21.2","	2026-07-28 13:43:37"
"	6A0C0938","	Ambient","	1","	B01??(%RH)","	78.8","	2026-07-28 13:43:35"
"	6A0C0938","	Ambient","	1","	B01??(?)","	21.2","	2026-07-28 13:43:35"
"	6A0C0938","	Ambient","	1","	B01??(%RH)","	78.8","	2026-07-28 13:43:33"
"	6A0C0938","	Ambient","	1","	B01??(?)","	21.2","	2026-07-28 13:43:33"
"	6A0C0938","	Ambient","	1","	B01??(%RH)","	78.7","	2026-07-28 13:43:31"
"	6A0C0938","	Ambient","	1","	B01??(?)","	21.2","	2026-07-28 13:43:31"
"	6A0C0938","	Ambient","	1","	B01??(%RH)","	78.7","	2026-07-28 13:43:29"
"	6A0C0938","	Ambient","	1","	B01??(?)","	21.2","	2026-07-28 13:43:29"
"	6A0C0938","	Ambient","	1","	B01??(%RH)","	78.8","	2026-07-28 13:43:27"
"	6A0C0938","	Ambient","	1","	B01??(?)","	21.2","	2026-07-28 13:43:27"
"	6A0C0938","	Ambient","	1","	B01??(%RH)","	78.9","	2026-07-28 13:43:25"
"	6A0C0938","	Ambient","	1","	B01??(?)","	21.2","	2026-07-28 13:43:25"
"	6A0C0938","	Ambient","	1","	B01??(%RH)","	78.8","	2026-07-28 13:43:23"
"	6A0C0938","	Ambient","	1","	B01??(?)","	21.2","	2026-07-28 13:43:23"
"	6A0C0938","	Ambient","	1","	B01??(%RH)","	78.7","	2026-07-28 13:43:21"
"	6A0C0938","	Ambient","	1","	B01??(?)","	21.2","	2026-07-28 13:43:21"
"	6A0C0938","	Ambient","	1","	B01??(%RH)","	78.5","	2026-07-28 13:43:19"
"	6A0C0938","	Ambient","	1","	B01??(?)","	21.2","	2026-07-28 13:43:19"
"	6A0C0938","	Ambient","	1","	B01??(%RH)","	78.3","	2026-07-28 13:43:17"
"	6A0C0938","	Ambient","	1","	B01??(?)","	21.2","	2026-07-28 13:43:17"
"	6A0C0938","	Ambient","	1","	B01??(%RH)","	78.2","	2026-07-28 13:43:15"
"	6A0C0938","	Ambient","	1","	B01??(?)","	21.2","	2026-07-28 13:43:15"
"	6A0C0938","	Ambient","	1","	B01??(%RH)","	78","	2026-07-28 13:43:13"
"	6A0C0938","	Ambient","	1","	B01??(?)","	21.2","	2026-07-28 13:43:13"
"	6A0C0938","	Ambient","	1","	B01??(%RH)","	77.9","	2026-07-28 13:43:11"
"	6A0C0938","	Ambient","	1","	B01??(?)","	21.2","	2026-07-28 13:43:11"
"	6A0C0938","	Ambient","	1","	B01??(%RH)","	77.9","	2026-07-28 13:43:09"
"	6A0C0938","	Ambient","	1","	B01??(?)","	21.2","	2026-07-28 13:43:09"
"	6A0C0938","	Ambient","	1","	B01??(%RH)","	77.9","	2026-07-28 13:43:07"
"	6A0C0938","	Ambient","	1","	B01??(?)","	21.2","	2026-07-28 13:43:07"
"	6A0C0938","	Ambient","	1","	B01??(%RH)","	78","	2026-07-28 13:43:05"
"	6A0C0938","	Ambient","	1","	B01??(?)","	21.2","	2026-07-28 13:43:05"
"	6A0C0938","	Ambient","	1","	B01??(%RH)","	78","	2026-07-28 13:43:02"
"	6A0C0938","	Ambient","	1","	B01??(?)","	21.2","	2026-07-28 13:43:02"
"	6A0C0938","	Ambient","	1","	B01??(%RH)","	78","	2026-07-28 13:43:00"
"	6A0C0938","	Ambient","	1","	B01??(?)","	21.2","	2026-07-28 13:43:00"
"	6A0C0938","	Ambient","	1","	B01??(%RH)","	78.1","	2026-07-28 13:42:58"
"	6A0C0938","	Ambient","	1","	B01??(?)","	21.2","	2026-07-28 13:42:58"
"	6A0C0938","	Ambient","	1","	B01??(%RH)","	78.2","	2026-07-28 13:42:56"
"	6A0C0938","	Ambient","	1","	B01??(?)","	21.2","	2026-07-28 13:42:56"
"	6A0C0938","	Ambient","	1","	B01??(%RH)","	78.3","	2026-07-28 13:42:54"
"	6A0C0938","	Ambient","	1","	B01??(?)","	21.2","	2026-07-28 13:42:54"
"	6A0C0938","	Ambient","	1","	B01??(%RH)","	78.4","	2026-07-28 13:42:52"
"	6A0C0938","	Ambient","	1","	B01??(?)","	21.2","	2026-07-28 13:42:52"
"	6A0C0938","	Ambient","	1","	B01??(%RH)","	78.4","	2026-07-28 13:42:50"
"	6A0C0938","	Ambient","	1","	B01??(?)","	21.2","	2026-07-28 13:42:50"
"	6A0C0938","	Ambient","	1","	B01??(%RH)","	78.3","	2026-07-28 13:42:48"
"	6A0C0938","	Ambient","	1","	B01??(?)","	21.2","	2026-07-28 13:42:48"
"	6A0C0938","	Ambient","	1","	B01??(%RH)","	78.4","	2026-07-28 13:42:46"
"	6A0C0938","	Ambient","	1","	B01??(?)","	21.2","	2026-07-28 13:42:46"
"	6A0C0938","	Ambient","	1","	B01??(%RH)","	78.5","	2026-07-28 13:42:44"
"	6A0C0938","	Ambient","	1","	B01??(?)","	21.2","	2026-07-28 13:42:44"
"	6A0C0938","	Ambient","	1","	B01??(%RH)","	78.7","	2026-07-28 13:42:42"
"	6A0C0938","	Ambient","	1","	B01??(?)","	21.2","	2026-07-28 13:42:42"
"	6A0C0938","	Ambient","	1","	B01??(%RH)","	78.7","	2026-07-28 13:42:40"
"	6A0C0938","	Ambient","	1","	B01??(?)","	21.2","	2026-07-28 13:42:40"
"	6A0C0938","	Ambient","	1","	B01??(%RH)","	78.7","	2026-07-28 13:42:38"
"	6A0C0938","	Ambient","	1","	B01??(?)","	21.2","	2026-07-28 13:42:38"
"	6A0C0938","	Ambient","	1","	B01??(%RH)","	78.6","	2026-07-28 13:42:36"
"	6A0C0938","	Ambient","	1","	B01??(?)","	21.2","	2026-07-28 13:42:36"
"	6A0C0938","	Ambient","	1","	B01??(%RH)","	78.4","	2026-07-28 13:42:34"
"	6A0C0938","	Ambient","	1","	B01??(?)","	21.2","	2026-07-28 13:42:34"
"	6A0C0938","	Ambient","	1","	B01??(%RH)","	78.2","	2026-07-28 13:42:32"
"	6A0C0938","	Ambient","	1","	B01??(?)","	21.2","	2026-07-28 13:42:32"
"	6A0C0938","	Ambient","	1","	B01??(%RH)","	77.9","	2026-07-28 13:42:30"
"	6A0C0938","	Ambient","	1","	B01??(?)","	21.2","	2026-07-28 13:42:30"
"	6A0C0938","	Ambient","	1","	B01??(%RH)","	77.7","	2026-07-28 13:42:28"
"	6A0C0938","	Ambient","	1","	B01??(?)","	21.2","	2026-07-28 13:42:28"
"	6A0C0938","	Ambient","	1","	B01??(%RH)","	77.5","	2026-07-28 13:42:26"
"	6A0C0938","	Ambient","	1","	B01??(?)","	21.2","	2026-07-28 13:42:26"
"	6A0C0938","	Ambient","	1","	B01??(%RH)","	77.5","	2026-07-28 13:42:24"
"	6A0C0938","	Ambient","	1","	B01??(?)","	21.2","	2026-07-28 13:42:24"
"	6A0C0938","	Ambient","	1","	B01??(%RH)","	77.6","	2026-07-28 13:42:22"
"	6A0C0938","	Ambient","	1","	B01??(?)","	21.2","	2026-07-28 13:42:22"
"	6A0C0938","	Ambient","	1","	B01??(%RH)","	77.8","	2026-07-28 13:42:19"
"	6A0C0938","	Ambient","	1","	B01??(?)","	21.2","	2026-07-28 13:42:19"
"	6A0C0938","	Ambient","	1","	B01??(%RH)","	78","	2026-07-28 13:42:17"
"	6A0C0938","	Ambient","	1","	B01??(?)","	21.2","	2026-07-28 13:42:17"
"	6A0C0938","	Ambient","	1","	B01??(%RH)","	78.2","	2026-07-28 13:42:15"
"	6A0C0938","	Ambient","	1","	B01??(?)","	21.2","	2026-07-28 13:42:15"
"	6A0C0938","	Ambient","	1","	B01??(%RH)","	78.3","	2026-07-28 13:42:13"
"	6A0C0938","	Ambient","	1","	B01??(?)","	21.2","	2026-07-28 13:42:13"
"	6A0C0938","	Ambient","	1","	B01??(%RH)","	78.4","	2026-07-28 13:42:11"
"	6A0C0938","	Ambient","	1","	B01??(?)","	21.2","	2026-07-28 13:42:11"
"	6A0C0938","	Ambient","	1","	B01??(%RH)","	78.4","	2026-07-28 13:42:09"
"	6A0C0938","	Ambient","	1","	B01??(?)","	21.2","	2026-07-28 13:42:09"
"	6A0C0938","	Ambient","	1","	B01??(%RH)","	78.5","	2026-07-28 13:42:07"
"	6A0C0938","	Ambient","	1","	B01??(?)","	21.2","	2026-07-28 13:42:07"
"	6A0C0938","	Ambient","	1","	B01??(%RH)","	78.5","	2026-07-28 13:42:05"
"	6A0C0938","	Ambient","	1","	B01??(?)","	21.2","	2026-07-28 13:42:05"
"	6A0C0938","	Ambient","	1","	B01??(%RH)","	78.5","	2026-07-28 13:42:03"
"	6A0C0938","	Ambient","	1","	B01??(?)","	21.2","	2026-07-28 13:42:03"
"	6A0C0938","	Ambient","	1","	B01??(%RH)","	78.5","	2026-07-28 13:42:01"
"	6A0C0938","	Ambient","	1","	B01??(?)","	21.2","	2026-07-28 13:42:01"
"	6A0C0938","	Ambient","	1","	B01??(%RH)","	78.5","	2026-07-28 13:41:59"
"	6A0C0938","	Ambient","	1","	B01??(?)","	21.2","	2026-07-28 13:41:59"
"	6A0C0938","	Ambient","	1","	B01??(%RH)","	78.5","	2026-07-28 13:41:57"
"	6A0C0938","	Ambient","	1","	B01??(?)","	21.2","	2026-07-28 13:41:57"
"	6A0C0938","	Ambient","	1","	B01??(%RH)","	78.4","	2026-07-28 13:41:55"
"	6A0C0938","	Ambient","	1","	B01??(?)","	21.2","	2026-07-28 13:41:55"
"	6A0C0938","	Ambient","	1","	B01??(%RH)","	78.3","	2026-07-28 13:41:53"
"	6A0C0938","	Ambient","	1","	B01??(?)","	21.2","	2026-07-28 13:41:53"
"	6A0C0938","	Ambient","	1","	B01??(%RH)","	78.2","	2026-07-28 13:41:51"
"	6A0C0938","	Ambient","	1","	B01??(?)","	21.2","	2026-07-28 13:41:51"
"	6A0C0938","	Ambient","	1","	B01??(%RH)","	78.3","	2026-07-28 13:41:49"
"	6A0C0938","	Ambient","	1","	B01??(?)","	21.2","	2026-07-28 13:41:49"
"	6A0C0938","	Ambient","	1","	B01??(%RH)","	78.3","	2026-07-28 13:41:47"
"	6A0C0938","	Ambient","	1","	B01??(?)","	21.2","	2026-07-28 13:41:47"
"	6A0C0938","	Ambient","	1","	B01??(%RH)","	78.3","	2026-07-28 13:41:45"
"	6A0C0938","	Ambient","	1","	B01??(?)","	21.2","	2026-07-28 13:41:45"
"	6A0C0938","	Ambient","	1","	B01??(%RH)","	78.3","	2026-07-28 13:41:43"
"	6A0C0938","	Ambient","	1","	B01??(?)","	21.2","	2026-07-28 13:41:43"
"	6A0C0938","	Ambient","	1","	B01??(%RH)","	78","	2026-07-28 13:41:41"
"	6A0C0938","	Ambient","	1","	B01??(?)","	21.2","	2026-07-28 13:41:41"
"	6A0C0938","	Ambient","	1","	B01??(%RH)","	77.8","	2026-07-28 13:41:38"
"	6A0C0938","	Ambient","	1","	B01??(?)","	21.2","	2026-07-28 13:41:38"
"	6A0C0938","	Ambient","	1","	B01??(%RH)","	77.5","	2026-07-28 13:41:36"
"	6A0C0938","	Ambient","	1","	B01??(?)","	21.2","	2026-07-28 13:41:36"
"	6A0C0938","	Ambient","	1","	B01??(%RH)","	77.4","	2026-07-28 13:41:34"
"	6A0C0938","	Ambient","	1","	B01??(?)","	21.2","	2026-07-28 13:41:34"
"	6A0C0938","	Ambient","	1","	B01??(%RH)","	77.3","	2026-07-28 13:41:32"
"	6A0C0938","	Ambient","	1","	B01??(?)","	21.2","	2026-07-28 13:41:32"
"	6A0C0938","	Ambient","	1","	B01??(%RH)","	77.4","	2026-07-28 13:41:30"
"	6A0C0938","	Ambient","	1","	B01??(?)","	21.2","	2026-07-28 13:41:30"
"	6A0C0938","	Ambient","	1","	B01??(%RH)","	77.6","	2026-07-28 13:41:28"
"	6A0C0938","	Ambient","	1","	B01??(?)","	21.2","	2026-07-28 13:41:28"
"	6A0C0938","	Ambient","	1","	B01??(%RH)","	77.8","	2026-07-28 13:41:26"
"	6A0C0938","	Ambient","	1","	B01??(?)","	21.2","	2026-07-28 13:41:26"
"	6A0C0938","	Ambient","	1","	B01??(%RH)","	78.1","	2026-07-28 13:41:24"
"	6A0C0938","	Ambient","	1","	B01??(?)","	21.2","	2026-07-28 13:41:24"
"	6A0C0938","	Ambient","	1","	B01??(%RH)","	78.3","	2026-07-28 13:41:22"
"	6A0C0938","	Ambient","	1","	B01??(?)","	21.2","	2026-07-28 13:41:22"
"	6A0C0938","	Ambient","	1","	B01??(%RH)","	78.5","	2026-07-28 13:41:20"
"	6A0C0938","	Ambient","	1","	B01??(?)","	21.2","	2026-07-28 13:41:20"
"	6A0C0938","	Ambient","	1","	B01??(%RH)","	78.4","	2026-07-28 13:41:18"
"	6A0C0938","	Ambient","	1","	B01??(?)","	21.2","	2026-07-28 13:41:18"
"	6A0C0938","	Ambient","	1","	B01??(%RH)","	78.3","	2026-07-28 13:41:16"
"	6A0C0938","	Ambient","	1","	B01??(?)","	21.2","	2026-07-28 13:41:16"
"	6A0C0938","	Ambient","	1","	B01??(%RH)","	78.2","	2026-07-28 13:41:14"
"	6A0C0938","	Ambient","	1","	B01??(?)","	21.2","	2026-07-28 13:41:14"
"	6A0C0938","	Ambient","	1","	B01??(%RH)","	78.1","	2026-07-28 13:41:12"
"	6A0C0938","	Ambient","	1","	B01??(?)","	21.2","	2026-07-28 13:41:12"
"	6A0C0938","	Ambient","	1","	B01??(%RH)","	78.1","	2026-07-28 13:41:10"
"	6A0C0938","	Ambient","	1","	B01??(?)","	21.2","	2026-07-28 13:41:10"
"	6A0C0938","	Ambient","	1","	B01??(%RH)","	78.1","	2026-07-28 13:41:08"
"	6A0C0938","	Ambient","	1","	B01??(?)","	21.2","	2026-07-28 13:41:08"
"	6A0C0938","	Ambient","	1","	B01??(%RH)","	78.1","	2026-07-28 13:41:06"
"	6A0C0938","	Ambient","	1","	B01??(?)","	21.2","	2026-07-28 13:41:06"
"	6A0C0938","	Ambient","	1","	B01??(%RH)","	78","	2026-07-28 13:41:04"
"	6A0C0938","	Ambient","	1","	B01??(?)","	21.2","	2026-07-28 13:41:04"
"	6A0C0938","	Ambient","	1","	B01??(%RH)","	78","	2026-07-28 13:41:02"
"	6A0C0938","	Ambient","	1","	B01??(?)","	21.2","	2026-07-28 13:41:02"
"	6A0C0938","	Ambient","	1","	B01??(%RH)","	78","	2026-07-28 13:41:00"
"	6A0C0938","	Ambient","	1","	B01??(?)","	21.2","	2026-07-28 13:41:00"
"	6A0C0938","	Ambient","	1","	B01??(%RH)","	78","	2026-07-28 13:40:57"
"	6A0C0938","	Ambient","	1","	B01??(?)","	21.2","	2026-07-28 13:40:57"
"	6A0C0938","	Ambient","	1","	B01??(%RH)","	77.9","	2026-07-28 13:40:55"
"	6A0C0938","	Ambient","	1","	B01??(?)","	21.2","	2026-07-28 13:40:55"
"	6A0C0938","	Ambient","	1","	B01??(%RH)","	77.9","	2026-07-28 13:40:53"
"	6A0C0938","	Ambient","	1","	B01??(?)","	21.2","	2026-07-28 13:40:53"
"	6A0C0938","	Ambient","	1","	B01??(%RH)","	77.9","	2026-07-28 13:40:51"
"	6A0C0938","	Ambient","	1","	B01??(?)","	21.2","	2026-07-28 13:40:51"
"	6A0C0938","	Ambient","	1","	B01??(%RH)","	77.8","	2026-07-28 13:40:49"
"	6A0C0938","	Ambient","	1","	B01??(?)","	21.2","	2026-07-28 13:40:49"
"	6A0C0938","	Ambient","	1","	B01??(%RH)","	77.6","	2026-07-28 13:40:47"
"	6A0C0938","	Ambient","	1","	B01??(?)","	21.2","	2026-07-28 13:40:47"
"	6A0C0938","	Ambient","	1","	B01??(%RH)","	77.4","	2026-07-28 13:40:45"
"	6A0C0938","	Ambient","	1","	B01??(?)","	21.2","	2026-07-28 13:40:45"
"	6A0C0938","	Ambient","	1","	B01??(%RH)","	77.3","	2026-07-28 13:40:43"
"	6A0C0938","	Ambient","	1","	B01??(?)","	21.2","	2026-07-28 13:40:43"
"	6A0C0938","	Ambient","	1","	B01??(%RH)","	77","	2026-07-28 13:40:41"
"	6A0C0938","	Ambient","	1","	B01??(?)","	21.2","	2026-07-28 13:40:41"
"	6A0C0938","	Ambient","	1","	B01??(%RH)","	76.9","	2026-07-28 13:40:39"
"	6A0C0938","	Ambient","	1","	B01??(?)","	21.2","	2026-07-28 13:40:39"
"	6A0C0938","	Ambient","	1","	B01??(%RH)","	76.7","	2026-07-28 13:40:37"
"	6A0C0938","	Ambient","	1","	B01??(?)","	21.2","	2026-07-28 13:40:37"
"	6A0C0938","	Ambient","	1","	B01??(%RH)","	76.6","	2026-07-28 13:40:35"
"	6A0C0938","	Ambient","	1","	B01??(?)","	21.2","	2026-07-28 13:40:35"
"	6A0C0938","	Ambient","	1","	B01??(%RH)","	76.7","	2026-07-28 13:40:33"
"	6A0C0938","	Ambient","	1","	B01??(?)","	21.2","	2026-07-28 13:40:33"
"	6A0C0938","	Ambient","	1","	B01??(%RH)","	76.7","	2026-07-28 13:40:31"
"	6A0C0938","	Ambient","	1","	B01??(?)","	21.2","	2026-07-28 13:40:31"
"	6A0C0938","	Ambient","	1","	B01??(%RH)","	76.8","	2026-07-28 13:40:29"
"	6A0C0938","	Ambient","	1","	B01??(?)","	21.2","	2026-07-28 13:40:29"
"	6A0C0938","	Ambient","	1","	B01??(%RH)","	77","	2026-07-28 13:40:27"
"	6A0C0938","	Ambient","	1","	B01??(?)","	21.2","	2026-07-28 13:40:27"
"	6A0C0938","	Ambient","	1","	B01??(%RH)","	77.1","	2026-07-28 13:40:25"
"	6A0C0938","	Ambient","	1","	B01??(?)","	21.2","	2026-07-28 13:40:25"
"	6A0C0938","	Ambient","	1","	B01??(%RH)","	77.1","	2026-07-28 13:40:23"
"	6A0C0938","	Ambient","	1","	B01??(?)","	21.2","	2026-07-28 13:40:23"
"	6A0C0938","	Ambient","	1","	B01??(%RH)","	77.1","	2026-07-28 13:40:21"
"	6A0C0938","	Ambient","	1","	B01??(?)","	21.2","	2026-07-28 13:40:21"
"	6A0C0938","	Ambient","	1","	B01??(%RH)","	77.1","	2026-07-28 13:40:19"
"	6A0C0938","	Ambient","	1","	B01??(?)","	21.2","	2026-07-28 13:40:19"
"	6A0C0938","	Ambient","	1","	B01??(%RH)","	77","	2026-07-28 13:40:17"
"	6A0C0938","	Ambient","	1","	B01??(?)","	21.2","	2026-07-28 13:40:17"
"	6A0C0938","	Ambient","	1","	B01??(%RH)","	77","	2026-07-28 13:40:14"
"	6A0C0938","	Ambient","	1","	B01??(?)","	21.2","	2026-07-28 13:40:14"
"	6A0C0938","	Ambient","	1","	B01??(%RH)","	77","	2026-07-28 13:40:12"
"	6A0C0938","	Ambient","	1","	B01??(?)","	21.2","	2026-07-28 13:40:12"
"	6A0C0938","	Ambient","	1","	B01??(%RH)","	77.2","	2026-07-28 13:40:10"
"	6A0C0938","	Ambient","	1","	B01??(?)","	21.2","	2026-07-28 13:40:10"
"	6A0C0938","	Ambient","	1","	B01??(%RH)","	77.5","	2026-07-28 13:40:08"
"	6A0C0938","	Ambient","	1","	B01??(?)","	21.2","	2026-07-28 13:40:08"
"	6A0C0938","	Ambient","	1","	B01??(%RH)","	77.9","	2026-07-28 13:40:06"
"	6A0C0938","	Ambient","	1","	B01??(?)","	21.2","	2026-07-28 13:40:06"
"	6A0C0938","	Ambient","	1","	B01??(%RH)","	78.3","	2026-07-28 13:40:04"
"	6A0C0938","	Ambient","	1","	B01??(?)","	21.2","	2026-07-28 13:40:04"
"	6A0C0938","	Ambient","	1","	B01??(%RH)","	78.6","	2026-07-28 13:40:02"
"	6A0C0938","	Ambient","	1","	B01??(?)","	21.2","	2026-07-28 13:40:02"
"	6A0C0938","	Ambient","	1","	B01??(%RH)","	78.7","	2026-07-28 13:40:00"
"	6A0C0938","	Ambient","	1","	B01??(?)","	21.2","	2026-07-28 13:40:00"
"	6A0C0938","	Ambient","	1","	B01??(%RH)","	78.7","	2026-07-28 13:39:58"
"	6A0C0938","	Ambient","	1","	B01??(?)","	21.2","	2026-07-28 13:39:58"
"	6A0C0938","	Ambient","	1","	B01??(%RH)","	78.6","	2026-07-28 13:39:56"
"	6A0C0938","	Ambient","	1","	B01??(?)","	21.2","	2026-07-28 13:39:56"
"	6A0C0938","	Ambient","	1","	B01??(%RH)","	78.5","	2026-07-28 13:39:54"
"	6A0C0938","	Ambient","	1","	B01??(?)","	21.2","	2026-07-28 13:39:54"
"	6A0C0938","	Ambient","	1","	B01??(%RH)","	78.4","	2026-07-28 13:39:52"
"	6A0C0938","	Ambient","	1","	B01??(?)","	21.2","	2026-07-28 13:39:52"
"	6A0C0938","	Ambient","	1","	B01??(%RH)","	78.3","	2026-07-28 13:39:50"
"	6A0C0938","	Ambient","	1","	B01??(?)","	21.2","	2026-07-28 13:39:50"
"	6A0C0938","	Ambient","	1","	B01??(%RH)","	78.2","	2026-07-28 13:39:48"
"	6A0C0938","	Ambient","	1","	B01??(?)","	21.2","	2026-07-28 13:39:48"
"	6A0C0938","	Ambient","	1","	B01??(%RH)","	78.1","	2026-07-28 13:39:46"
"	6A0C0938","	Ambient","	1","	B01??(?)","	21.2","	2026-07-28 13:39:46"
"	6A0C0938","	Ambient","	1","	B01??(%RH)","	78","	2026-07-28 13:39:44"
"	6A0C0938","	Ambient","	1","	B01??(?)","	21.2","	2026-07-28 13:39:44"
"	6A0C0938","	Ambient","	1","	B01??(%RH)","	78","	2026-07-28 13:39:42"
"	6A0C0938","	Ambient","	1","	B01??(?)","	21.2","	2026-07-28 13:39:42"
"	6A0C0938","	Ambient","	1","	B01??(%RH)","	78","	2026-07-28 13:39:40"
"	6A0C0938","	Ambient","	1","	B01??(?)","	21.2","	2026-07-28 13:39:40"
"	6A0C0938","	Ambient","	1","	B01??(%RH)","	77.9","	2026-07-28 13:39:38"
"	6A0C0938","	Ambient","	1","	B01??(?)","	21.2","	2026-07-28 13:39:38"
"	6A0C0938","	Ambient","	1","	B01??(%RH)","	77.7","	2026-07-28 13:39:36"
"	6A0C0938","	Ambient","	1","	B01??(?)","	21.2","	2026-07-28 13:39:36"
"	6A0C0938","	Ambient","	1","	B01??(%RH)","	77.6","	2026-07-28 13:39:33"
"	6A0C0938","	Ambient","	1","	B01??(?)","	21.2","	2026-07-28 13:39:33"
"	6A0C0938","	Ambient","	1","	B01??(%RH)","	77.5","	2026-07-28 13:39:31"
"	6A0C0938","	Ambient","	1","	B01??(?)","	21.2","	2026-07-28 13:39:31"
"	6A0C0938","	Ambient","	1","	B01??(%RH)","	77.6","	2026-07-28 13:39:29"
"	6A0C0938","	Ambient","	1","	B01??(?)","	21.2","	2026-07-28 13:39:29"
"	6A0C0938","	Ambient","	1","	B01??(%RH)","	77.6","	2026-07-28 13:39:27"
"	6A0C0938","	Ambient","	1","	B01??(?)","	21.2","	2026-07-28 13:39:27"
"	6A0C0938","	Ambient","	1","	B01??(%RH)","	77.8","	2026-07-28 13:39:25"
"	6A0C0938","	Ambient","	1","	B01??(?)","	21.2","	2026-07-28 13:39:25"
"	6A0C0938","	Ambient","	1","	B01??(%RH)","	78","	2026-07-28 13:39:23"
"	6A0C0938","	Ambient","	1","	B01??(?)","	21.2","	2026-07-28 13:39:23"
"	6A0C0938","	Ambient","	1","	B01??(%RH)","	78.2","	2026-07-28 13:39:21"
"	6A0C0938","	Ambient","	1","	B01??(?)","	21.2","	2026-07-28 13:39:21"
"	6A0C0938","	Ambient","	1","	B01??(%RH)","	78.2","	2026-07-28 13:39:19"
"	6A0C0938","	Ambient","	1","	B01??(?)","	21.2","	2026-07-28 13:39:19"
"	6A0C0938","	Ambient","	1","	B01??(%RH)","	78.1","	2026-07-28 13:39:17"
"	6A0C0938","	Ambient","	1","	B01??(?)","	21.2","	2026-07-28 13:39:17"
"	6A0C0938","	Ambient","	1","	B01??(%RH)","	78.1","	2026-07-28 13:39:15"
"	6A0C0938","	Ambient","	1","	B01??(?)","	21.2","	2026-07-28 13:39:15"
"	6A0C0938","	Ambient","	1","	B01??(%RH)","	78","	2026-07-28 13:39:13"
"	6A0C0938","	Ambient","	1","	B01??(?)","	21.2","	2026-07-28 13:39:13"
"	6A0C0938","	Ambient","	1","	B01??(%RH)","	77.8","	2026-07-28 13:39:11"
"	6A0C0938","	Ambient","	1","	B01??(?)","	21.2","	2026-07-28 13:39:11"
"	6A0C0938","	Ambient","	1","	B01??(%RH)","	77.8","	2026-07-28 13:39:09"
"	6A0C0938","	Ambient","	1","	B01??(?)","	21.2","	2026-07-28 13:39:09"
"	6A0C0938","	Ambient","	1","	B01??(%RH)","	77.7","	2026-07-28 13:39:07"
"	6A0C0938","	Ambient","	1","	B01??(?)","	21.2","	2026-07-28 13:39:07"
"	6A0C0938","	Ambient","	1","	B01??(%RH)","	77.7","	2026-07-28 13:39:05"
"	6A0C0938","	Ambient","	1","	B01??(?)","	21.2","	2026-07-28 13:39:05"
"	6A0C0938","	Ambient","	1","	B01??(%RH)","	77.5","	2026-07-28 13:39:03"
"	6A0C0938","	Ambient","	1","	B01??(?)","	21.2","	2026-07-28 13:39:03"
"	6A0C0938","	Ambient","	1","	B01??(%RH)","	77.3","	2026-07-28 13:39:01"
"	6A0C0938","	Ambient","	1","	B01??(?)","	21.2","	2026-07-28 13:39:01"
"	6A0C0938","	Ambient","	1","	B01??(%RH)","	77.2","	2026-07-28 13:38:59"
"	6A0C0938","	Ambient","	1","	B01??(?)","	21.2","	2026-07-28 13:38:59"
"	6A0C0938","	Ambient","	1","	B01??(%RH)","	77.1","	2026-07-28 13:38:57"
"	6A0C0938","	Ambient","	1","	B01??(?)","	21.2","	2026-07-28 13:38:57"
"	6A0C0938","	Ambient","	1","	B01??(?)","	21.2","	2026-07-28 13:38:55"
"	6A0C0938","	Ambient","	1","	B01??(%RH)","	77","	2026-07-28 13:38:55"
"	6A0C0938","	Ambient","	1","	B01??(%RH)","	76.9","	2026-07-28 13:38:53"
"	6A0C0938","	Ambient","	1","	B01??(?)","	21.2","	2026-07-28 13:38:53"
"	6A0C0938","	Ambient","	1","	B01??(%RH)","	76.8","	2026-07-28 13:38:50"
"	6A0C0938","	Ambient","	1","	B01??(?)","	21.2","	2026-07-28 13:38:50"
"	6A0C0938","	Ambient","	1","	B01??(%RH)","	76.7","	2026-07-28 13:38:48"
"	6A0C0938","	Ambient","	1","	B01??(?)","	21.2","	2026-07-28 13:38:48"
"	6A0C0938","	Ambient","	1","	B01??(%RH)","	76.6","	2026-07-28 13:38:46"
"	6A0C0938","	Ambient","	1","	B01??(?)","	21.2","	2026-07-28 13:38:46"
"	6A0C0938","	Ambient","	1","	B01??(%RH)","	76.5","	2026-07-28 13:38:44"
"	6A0C0938","	Ambient","	1","	B01??(?)","	21.2","	2026-07-28 13:38:44"
"	6A0C0938","	Ambient","	1","	B01??(%RH)","	76.5","	2026-07-28 13:38:42"
"	6A0C0938","	Ambient","	1","	B01??(?)","	21.2","	2026-07-28 13:38:42"
"	6A0C0938","	Ambient","	1","	B01??(%RH)","	76.5","	2026-07-28 13:38:40"
"	6A0C0938","	Ambient","	1","	B01??(?)","	21.2","	2026-07-28 13:38:40"
"	6A0C0938","	Ambient","	1","	B01??(%RH)","	76.6","	2026-07-28 13:38:38"
"	6A0C0938","	Ambient","	1","	B01??(?)","	21.2","	2026-07-28 13:38:38"
"	6A0C0938","	Ambient","	1","	B01??(%RH)","	76.9","	2026-07-28 13:38:36"
"	6A0C0938","	Ambient","	1","	B01??(?)","	21.2","	2026-07-28 13:38:36"
"	6A0C0938","	Ambient","	1","	B01??(%RH)","	77.1","	2026-07-28 13:38:34"
"	6A0C0938","	Ambient","	1","	B01??(?)","	21.2","	2026-07-28 13:38:34"
"	6A0C0938","	Ambient","	1","	B01??(%RH)","	77.4","	2026-07-28 13:38:32"
"	6A0C0938","	Ambient","	1","	B01??(?)","	21.2","	2026-07-28 13:38:32"
"	6A0C0938","	Ambient","	1","	B01??(%RH)","	77.6","	2026-07-28 13:38:30"
"	6A0C0938","	Ambient","	1","	B01??(?)","	21.2","	2026-07-28 13:38:30"
"	6A0C0938","	Ambient","	1","	B01??(%RH)","	77.6","	2026-07-28 13:38:28"
"	6A0C0938","	Ambient","	1","	B01??(?)","	21.2","	2026-07-28 13:38:28"
"	6A0C0938","	Ambient","	1","	B01??(%RH)","	77.6","	2026-07-28 13:38:26"
"	6A0C0938","	Ambient","	1","	B01??(?)","	21.2","	2026-07-28 13:38:26"
"	6A0C0938","	Ambient","	1","	B01??(%RH)","	77.8","	2026-07-28 13:38:24"
"	6A0C0938","	Ambient","	1","	B01??(?)","	21.2","	2026-07-28 13:38:24"
"	6A0C0938","	Ambient","	1","	B01??(%RH)","	77.9","	2026-07-28 13:38:22"
"	6A0C0938","	Ambient","	1","	B01??(?)","	21.2","	2026-07-28 13:38:22"
"	6A0C0938","	Ambient","	1","	B01??(%RH)","	78","	2026-07-28 13:38:20"
"	6A0C0938","	Ambient","	1","	B01??(?)","	21.2","	2026-07-28 13:38:20"
"	6A0C0938","	Ambient","	1","	B01??(%RH)","	78.1","	2026-07-28 13:38:18"
"	6A0C0938","	Ambient","	1","	B01??(?)","	21.2","	2026-07-28 13:38:18"
"	6A0C0938","	Ambient","	1","	B01??(%RH)","	78.2","	2026-07-28 13:38:16"
"	6A0C0938","	Ambient","	1","	B01??(?)","	21.2","	2026-07-28 13:38:16"
"	6A0C0938","	Ambient","	1","	B01??(%RH)","	78.3","	2026-07-28 13:38:14"
"	6A0C0938","	Ambient","	1","	B01??(?)","	21.2","	2026-07-28 13:38:14"
"	6A0C0938","	Ambient","	1","	B01??(%RH)","	78.5","	2026-07-28 13:38:12"
"	6A0C0938","	Ambient","	1","	B01??(?)","	21.2","	2026-07-28 13:38:12"
"	6A0C0938","	Ambient","	1","	B01??(%RH)","	78.6","	2026-07-28 13:38:10"
"	6A0C0938","	Ambient","	1","	B01??(?)","	21.2","	2026-07-28 13:38:10"
"	6A0C0938","	Ambient","	1","	B01??(%RH)","	78.5","	2026-07-28 13:38:07"
"	6A0C0938","	Ambient","	1","	B01??(?)","	21.2","	2026-07-28 13:38:07"
"	6A0C0938","	Ambient","	1","	B01??(%RH)","	78.5","	2026-07-28 13:38:05"
"	6A0C0938","	Ambient","	1","	B01??(?)","	21.2","	2026-07-28 13:38:05"
"	6A0C0938","	Ambient","	1","	B01??(%RH)","	78.4","	2026-07-28 13:38:03"
"	6A0C0938","	Ambient","	1","	B01??(?)","	21.2","	2026-07-28 13:38:03"
"	6A0C0938","	Ambient","	1","	B01??(%RH)","	78.4","	2026-07-28 13:38:01"
"	6A0C0938","	Ambient","	1","	B01??(?)","	21.2","	2026-07-28 13:38:01"
"	6A0C0938","	Ambient","	1","	B01??(%RH)","	78.4","	2026-07-28 13:37:59"
"	6A0C0938","	Ambient","	1","	B01??(?)","	21.2","	2026-07-28 13:37:59"
"	6A0C0938","	Ambient","	1","	B01??(%RH)","	78.3","	2026-07-28 13:37:57"
"	6A0C0938","	Ambient","	1","	B01??(?)","	21.2","	2026-07-28 13:37:57"
"	6A0C0938","	Ambient","	1","	B01??(%RH)","	78.1","	2026-07-28 13:37:55"
"	6A0C0938","	Ambient","	1","	B01??(?)","	21.2","	2026-07-28 13:37:55"
"	6A0C0938","	Ambient","	1","	B01??(?)","	21.2","	2026-07-28 13:37:53"
"	6A0C0938","	Ambient","	1","	B01??(%RH)","	77.9","	2026-07-28 13:37:53"
"	6A0C0938","	Ambient","	1","	B01??(%RH)","	77.7","	2026-07-28 13:37:51"
"	6A0C0938","	Ambient","	1","	B01??(?)","	21.2","	2026-07-28 13:37:51"
"	6A0C0938","	Ambient","	1","	B01??(%RH)","	77.5","	2026-07-28 13:37:49"
"	6A0C0938","	Ambient","	1","	B01??(?)","	21.2","	2026-07-28 13:37:49"
"	6A0C0938","	Ambient","	1","	B01??(%RH)","	77.4","	2026-07-28 13:37:47"
"	6A0C0938","	Ambient","	1","	B01??(?)","	21.2","	2026-07-28 13:37:47"
"	6A0C0938","	Ambient","	1","	B01??(%RH)","	77.3","	2026-07-28 13:37:45"
"	6A0C0938","	Ambient","	1","	B01??(?)","	21.2","	2026-07-28 13:37:45"
"	6A0C0938","	Ambient","	1","	B01??(%RH)","	77.2","	2026-07-28 13:37:43"
"	6A0C0938","	Ambient","	1","	B01??(?)","	21.2","	2026-07-28 13:37:43"
"	6A0C0938","	Ambient","	1","	B01??(%RH)","	77.1","	2026-07-28 13:37:41"
"	6A0C0938","	Ambient","	1","	B01??(?)","	21.2","	2026-07-28 13:37:41"
"	6A0C0938","	Ambient","	1","	B01??(%RH)","	77","	2026-07-28 13:37:39"
"	6A0C0938","	Ambient","	1","	B01??(?)","	21.2","	2026-07-28 13:37:39"
"	6A0C0938","	Ambient","	1","	B01??(%RH)","	77.1","	2026-07-28 13:37:37"
"	6A0C0938","	Ambient","	1","	B01??(?)","	21.2","	2026-07-28 13:37:37"
"	6A0C0938","	Ambient","	1","	B01??(%RH)","	77.2","	2026-07-28 13:37:35"
"	6A0C0938","	Ambient","	1","	B01??(?)","	21.2","	2026-07-28 13:37:35"
"	6A0C0938","	Ambient","	1","	B01??(%RH)","	77.3","	2026-07-28 13:37:33"
"	6A0C0938","	Ambient","	1","	B01??(?)","	21.2","	2026-07-28 13:37:33"
"	6A0C0938","	Ambient","	1","	B01??(%RH)","	77.3","	2026-07-28 13:37:31"
"	6A0C0938","	Ambient","	1","	B01??(?)","	21.2","	2026-07-28 13:37:31"
"	6A0C0938","	Ambient","	1","	B01??(%RH)","	77.3","	2026-07-28 13:37:29"
"	6A0C0938","	Ambient","	1","	B01??(?)","	21.2","	2026-07-28 13:37:29"
"	6A0C0938","	Ambient","	1","	B01??(%RH)","	77.3","	2026-07-28 13:37:27"
"	6A0C0938","	Ambient","	1","	B01??(?)","	21.2","	2026-07-28 13:37:27"
"	6A0C0938","	Ambient","	1","	B01??(%RH)","	77.2","	2026-07-28 13:37:24"
"	6A0C0938","	Ambient","	1","	B01??(?)","	21.2","	2026-07-28 13:37:24"
"	6A0C0938","	Ambient","	1","	B01??(%RH)","	77.1","	2026-07-28 13:37:22"
"	6A0C0938","	Ambient","	1","	B01??(?)","	21.2","	2026-07-28 13:37:22"
"	6A0C0938","	Ambient","	1","	B01??(%RH)","	77.1","	2026-07-28 13:37:20"
"	6A0C0938","	Ambient","	1","	B01??(?)","	21.2","	2026-07-28 13:37:20"
"	6A0C0938","	Ambient","	1","	B01??(%RH)","	77.2","	2026-07-28 13:37:18"
"	6A0C0938","	Ambient","	1","	B01??(?)","	21.2","	2026-07-28 13:37:18"
"	6A0C0938","	Ambient","	1","	B01??(%RH)","	77.4","	2026-07-28 13:37:16"
"	6A0C0938","	Ambient","	1","	B01??(?)","	21.2","	2026-07-28 13:37:16"
"	6A0C0938","	Ambient","	1","	B01??(%RH)","	77.9","	2026-07-28 13:37:14"
"	6A0C0938","	Ambient","	1","	B01??(?)","	21.2","	2026-07-28 13:37:14"
"	6A0C0938","	Ambient","	1","	B01??(%RH)","	78.2","	2026-07-28 13:37:12"
"	6A0C0938","	Ambient","	1","	B01??(?)","	21.2","	2026-07-28 13:37:12"
"	6A0C0938","	Ambient","	1","	B01??(%RH)","	78.5","	2026-07-28 13:37:10"
"	6A0C0938","	Ambient","	1","	B01??(?)","	21.2","	2026-07-28 13:37:10"
"	6A0C0938","	Ambient","	1","	B01??(%RH)","	78.8","	2026-07-28 13:37:08"
"	6A0C0938","	Ambient","	1","	B01??(?)","	21.2","	2026-07-28 13:37:08"
"	6A0C0938","	Ambient","	1","	B01??(%RH)","	78.9","	2026-07-28 13:37:06"
"	6A0C0938","	Ambient","	1","	B01??(?)","	21.2","	2026-07-28 13:37:06"
"	6A0C0938","	Ambient","	1","	B01??(%RH)","	78.8","	2026-07-28 13:37:04"
"	6A0C0938","	Ambient","	1","	B01??(?)","	21.2","	2026-07-28 13:37:04"
"	6A0C0938","	Ambient","	1","	B01??(%RH)","	78.7","	2026-07-28 13:37:02"
"	6A0C0938","	Ambient","	1","	B01??(?)","	21.2","	2026-07-28 13:37:02"
"	6A0C0938","	Ambient","	1","	B01??(%RH)","	78.5","	2026-07-28 13:37:00"
"	6A0C0938","	Ambient","	1","	B01??(?)","	21.2","	2026-07-28 13:37:00"
"	6A0C0938","	Ambient","	1","	B01??(%RH)","	78.4","	2026-07-28 13:36:58"
"	6A0C0938","	Ambient","	1","	B01??(?)","	21.2","	2026-07-28 13:36:58"
"	6A0C0938","	Ambient","	1","	B01??(%RH)","	78.3","	2026-07-28 13:36:56"
"	6A0C0938","	Ambient","	1","	B01??(?)","	21.2","	2026-07-28 13:36:56"
"	6A0C0938","	Ambient","	1","	B01??(%RH)","	78.1","	2026-07-28 13:36:54"
"	6A0C0938","	Ambient","	1","	B01??(?)","	21.2","	2026-07-28 13:36:54"
"	6A0C0938","	Ambient","	1","	B01??(%RH)","	78.1","	2026-07-28 13:36:52"
"	6A0C0938","	Ambient","	1","	B01??(?)","	21.2","	2026-07-28 13:36:52"
"	6A0C0938","	Ambient","	1","	B01??(%RH)","	78","	2026-07-28 13:36:50"
"	6A0C0938","	Ambient","	1","	B01??(?)","	21.2","	2026-07-28 13:36:50"
"	6A0C0938","	Ambient","	1","	B01??(%RH)","	77.9","	2026-07-28 13:36:48"
"	6A0C0938","	Ambient","	1","	B01??(?)","	21.2","	2026-07-28 13:36:48"
"	6A0C0938","	Ambient","	1","	B01??(%RH)","	77.7","	2026-07-28 13:36:46"
"	6A0C0938","	Ambient","	1","	B01??(?)","	21.2","	2026-07-28 13:36:46"
"	6A0C0938","	Ambient","	1","	B01??(%RH)","	77.6","	2026-07-28 13:36:43"
"	6A0C0938","	Ambient","	1","	B01??(?)","	21.2","	2026-07-28 13:36:43"
"	6A0C0938","	Ambient","	1","	B01??(%RH)","	77.5","	2026-07-28 13:36:41"
"	6A0C0938","	Ambient","	1","	B01??(?)","	21.2","	2026-07-28 13:36:41"
"	6A0C0938","	Ambient","	1","	B01??(%RH)","	77.5","	2026-07-28 13:36:39"
"	6A0C0938","	Ambient","	1","	B01??(?)","	21.2","	2026-07-28 13:36:39"
"	6A0C0938","	Ambient","	1","	B01??(%RH)","	77.5","	2026-07-28 13:36:37"
"	6A0C0938","	Ambient","	1","	B01??(?)","	21.2","	2026-07-28 13:36:37"
"	6A0C0938","	Ambient","	1","	B01??(%RH)","	77.6","	2026-07-28 13:36:35"
"	6A0C0938","	Ambient","	1","	B01??(?)","	21.2","	2026-07-28 13:36:35"
"	6A0C0938","	Ambient","	1","	B01??(%RH)","	77.7","	2026-07-28 13:36:33"
"	6A0C0938","	Ambient","	1","	B01??(?)","	21.2","	2026-07-28 13:36:33"
"	6A0C0938","	Ambient","	1","	B01??(%RH)","	77.8","	2026-07-28 13:36:31"
"	6A0C0938","	Ambient","	1","	B01??(?)","	21.2","	2026-07-28 13:36:31"
"	6A0C0938","	Ambient","	1","	B01??(%RH)","	78","	2026-07-28 13:36:29"
"	6A0C0938","	Ambient","	1","	B01??(?)","	21.2","	2026-07-28 13:36:29"
"	6A0C0938","	Ambient","	1","	B01??(%RH)","	78.2","	2026-07-28 13:36:27"
"	6A0C0938","	Ambient","	1","	B01??(?)","	21.2","	2026-07-28 13:36:27"
"	6A0C0938","	Ambient","	1","	B01??(%RH)","	78.4","	2026-07-28 13:36:25"
"	6A0C0938","	Ambient","	1","	B01??(?)","	21.2","	2026-07-28 13:36:25"
"	6A0C0938","	Ambient","	1","	B01??(%RH)","	78.5","	2026-07-28 13:36:23"
"	6A0C0938","	Ambient","	1","	B01??(?)","	21.2","	2026-07-28 13:36:23"
"	6A0C0938","	Ambient","	1","	B01??(%RH)","	78.6","	2026-07-28 13:36:21"
"	6A0C0938","	Ambient","	1","	B01??(?)","	21.2","	2026-07-28 13:36:21"
"	6A0C0938","	Ambient","	1","	B01??(%RH)","	78.7","	2026-07-28 13:36:19"
"	6A0C0938","	Ambient","	1","	B01??(?)","	21.2","	2026-07-28 13:36:19"
"	6A0C0938","	Ambient","	1","	B01??(%RH)","	78.7","	2026-07-28 13:36:17"
"	6A0C0938","	Ambient","	1","	B01??(?)","	21.2","	2026-07-28 13:36:17"
"	6A0C0938","	Ambient","	1","	B01??(%RH)","	78.6","	2026-07-28 13:36:15"
"	6A0C0938","	Ambient","	1","	B01??(?)","	21.2","	2026-07-28 13:36:15"
"	6A0C0938","	Ambient","	1","	B01??(%RH)","	78.7","	2026-07-28 13:36:13"
"	6A0C0938","	Ambient","	1","	B01??(?)","	21.2","	2026-07-28 13:36:13"
"	6A0C0938","	Ambient","	1","	B01??(%RH)","	78.6","	2026-07-28 13:36:11"
"	6A0C0938","	Ambient","	1","	B01??(?)","	21.2","	2026-07-28 13:36:11"
"	6A0C0938","	Ambient","	1","	B01??(%RH)","	78.4","	2026-07-28 13:36:09"
"	6A0C0938","	Ambient","	1","	B01??(?)","	21.2","	2026-07-28 13:36:09"
"	6A0C0938","	Ambient","	1","	B01??(%RH)","	78.1","	2026-07-28 13:36:07"
"	6A0C0938","	Ambient","	1","	B01??(?)","	21.2","	2026-07-28 13:36:07"
"	6A0C0938","	Ambient","	1","	B01??(%RH)","	77.8","	2026-07-28 13:36:05"
"	6A0C0938","	Ambient","	1","	B01??(?)","	21.2","	2026-07-28 13:36:05"
"	6A0C0938","	Ambient","	1","	B01??(%RH)","	77.5","	2026-07-28 13:36:03"
"	6A0C0938","	Ambient","	1","	B01??(?)","	21.2","	2026-07-28 13:36:03"
"	6A0C0938","	Ambient","	1","	B01??(%RH)","	77.3","	2026-07-28 13:36:00"
"	6A0C0938","	Ambient","	1","	B01??(?)","	21.2","	2026-07-28 13:36:00"
"	6A0C0938","	Ambient","	1","	B01??(%RH)","	77.2","	2026-07-28 13:35:58"
"	6A0C0938","	Ambient","	1","	B01??(?)","	21.2","	2026-07-28 13:35:58"
"	6A0C0938","	Ambient","	1","	B01??(?)","	21.2","	2026-07-28 13:35:56"
"	6A0C0938","	Ambient","	1","	B01??(%RH)","	77.1","	2026-07-28 13:35:56"
"	6A0C0938","	Ambient","	1","	B01??(%RH)","	77.1","	2026-07-28 13:35:54"
"	6A0C0938","	Ambient","	1","	B01??(?)","	21.2","	2026-07-28 13:35:54"
"	6A0C0938","	Ambient","	1","	B01??(%RH)","	77.2","	2026-07-28 13:35:52"
"	6A0C0938","	Ambient","	1","	B01??(?)","	21.2","	2026-07-28 13:35:52"
"	6A0C0938","	Ambient","	1","	B01??(%RH)","	77.3","	2026-07-28 13:35:50"
"	6A0C0938","	Ambient","	1","	B01??(?)","	21.2","	2026-07-28 13:35:50"
"	6A0C0938","	Ambient","	1","	B01??(%RH)","	77.5","	2026-07-28 13:35:48"
"	6A0C0938","	Ambient","	1","	B01??(?)","	21.2","	2026-07-28 13:35:48"
"	6A0C0938","	Ambient","	1","	B01??(%RH)","	77.9","	2026-07-28 13:35:46"
"	6A0C0938","	Ambient","	1","	B01??(?)","	21.2","	2026-07-28 13:35:46"
"	6A0C0938","	Ambient","	1","	B01??(%RH)","	78.1","	2026-07-28 13:35:44"
"	6A0C0938","	Ambient","	1","	B01??(?)","	21.2","	2026-07-28 13:35:44"
"	6A0C0938","	Ambient","	1","	B01??(%RH)","	78.3","	2026-07-28 13:35:42"
"	6A0C0938","	Ambient","	1","	B01??(?)","	21.2","	2026-07-28 13:35:42"
"	6A0C0938","	Ambient","	1","	B01??(%RH)","	78.3","	2026-07-28 13:35:40"
"	6A0C0938","	Ambient","	1","	B01??(?)","	21.2","	2026-07-28 13:35:40"
"	6A0C0938","	Ambient","	1","	B01??(%RH)","	78.2","	2026-07-28 13:35:38"
"	6A0C0938","	Ambient","	1","	B01??(?)","	21.2","	2026-07-28 13:35:38"
"	6A0C0938","	Ambient","	1","	B01??(%RH)","	78.2","	2026-07-28 13:35:36"
"	6A0C0938","	Ambient","	1","	B01??(?)","	21.2","	2026-07-28 13:35:36"
"	6A0C0938","	Ambient","	1","	B01??(%RH)","	78.4","	2026-07-28 13:35:34"
"	6A0C0938","	Ambient","	1","	B01??(?)","	21.2","	2026-07-28 13:35:34"
"	6A0C0938","	Ambient","	1","	B01??(%RH)","	78.6","	2026-07-28 13:35:32"
"	6A0C0938","	Ambient","	1","	B01??(?)","	21.2","	2026-07-28 13:35:32"
"	6A0C0938","	Ambient","	1","	B01??(%RH)","	78.7","	2026-07-28 13:35:30"
"	6A0C0938","	Ambient","	1","	B01??(?)","	21.2","	2026-07-28 13:35:30"
"	6A0C0938","	Ambient","	1","	B01??(%RH)","	78.8","	2026-07-28 13:35:28"
"	6A0C0938","	Ambient","	1","	B01??(?)","	21.2","	2026-07-28 13:35:28"
"	6A0C0938","	Ambient","	1","	B01??(%RH)","	78.7","	2026-07-28 13:35:26"
"	6A0C0938","	Ambient","	1","	B01??(?)","	21.2","	2026-07-28 13:35:26"
"	6A0C0938","	Ambient","	1","	B01??(%RH)","	78.5","	2026-07-28 13:35:24"
"	6A0C0938","	Ambient","	1","	B01??(?)","	21.2","	2026-07-28 13:35:24"
"	6A0C0938","	Ambient","	1","	B01??(%RH)","	78.3","	2026-07-28 13:35:22"
"	6A0C0938","	Ambient","	1","	B01??(?)","	21.2","	2026-07-28 13:35:22"
"	6A0C0938","	Ambient","	1","	B01??(%RH)","	78","	2026-07-28 13:35:19"
"	6A0C0938","	Ambient","	1","	B01??(?)","	21.2","	2026-07-28 13:35:19"
"	6A0C0938","	Ambient","	1","	B01??(%RH)","	77.7","	2026-07-28 13:35:17"
"	6A0C0938","	Ambient","	1","	B01??(?)","	21.2","	2026-07-28 13:35:17"
"	6A0C0938","	Ambient","	1","	B01??(%RH)","	77.4","	2026-07-28 13:35:15"
"	6A0C0938","	Ambient","	1","	B01??(?)","	21.2","	2026-07-28 13:35:15"
"	6A0C0938","	Ambient","	1","	B01??(%RH)","	77.3","	2026-07-28 13:35:13"
"	6A0C0938","	Ambient","	1","	B01??(?)","	21.2","	2026-07-28 13:35:13"
"	6A0C0938","	Ambient","	1","	B01??(%RH)","	77.3","	2026-07-28 13:35:11"
"	6A0C0938","	Ambient","	1","	B01??(?)","	21.2","	2026-07-28 13:35:11"
"	6A0C0938","	Ambient","	1","	B01??(%RH)","	77.3","	2026-07-28 13:35:09"
"	6A0C0938","	Ambient","	1","	B01??(?)","	21.2","	2026-07-28 13:35:09"
"	6A0C0938","	Ambient","	1","	B01??(%RH)","	77.5","	2026-07-28 13:35:07"
"	6A0C0938","	Ambient","	1","	B01??(?)","	21.2","	2026-07-28 13:35:07"
"	6A0C0938","	Ambient","	1","	B01??(%RH)","	77.9","	2026-07-28 13:35:05"
"	6A0C0938","	Ambient","	1","	B01??(?)","	21.2","	2026-07-28 13:35:05"
"	6A0C0938","	Ambient","	1","	B01??(%RH)","	78.3","	2026-07-28 13:35:03"
"	6A0C0938","	Ambient","	1","	B01??(?)","	21.2","	2026-07-28 13:35:03"
"	6A0C0938","	Ambient","	1","	B01??(%RH)","	78.8","	2026-07-28 13:35:01"
"	6A0C0938","	Ambient","	1","	B01??(?)","	21.2","	2026-07-28 13:35:01"
"	6A0C0938","	Ambient","	1","	B01??(%RH)","	79.1","	2026-07-28 13:34:59"
"	6A0C0938","	Ambient","	1","	B01??(?)","	21.2","	2026-07-28 13:34:59"
"	6A0C0938","	Ambient","	1","	B01??(%RH)","	79.2","	2026-07-28 13:34:57"
"	6A0C0938","	Ambient","	1","	B01??(?)","	21.2","	2026-07-28 13:34:57"
"	6A0C0938","	Ambient","	1","	B01??(%RH)","	79.3","	2026-07-28 13:34:55"
"	6A0C0938","	Ambient","	1","	B01??(?)","	21.2","	2026-07-28 13:34:55"
"	6A0C0938","	Ambient","	1","	B01??(%RH)","	79.2","	2026-07-28 13:34:53"
"	6A0C0938","	Ambient","	1","	B01??(?)","	21.2","	2026-07-28 13:34:53"
"	6A0C0938","	Ambient","	1","	B01??(%RH)","	79.2","	2026-07-28 13:34:51"
"	6A0C0938","	Ambient","	1","	B01??(?)","	21.2","	2026-07-28 13:34:51"
"	6A0C0938","	Ambient","	1","	B01??(%RH)","	79.1","	2026-07-28 13:34:49"
"	6A0C0938","	Ambient","	1","	B01??(?)","	21.2","	2026-07-28 13:34:49"
"	6A0C0938","	Ambient","	1","	B01??(%RH)","	78.9","	2026-07-28 13:34:47"
"	6A0C0938","	Ambient","	1","	B01??(?)","	21.2","	2026-07-28 13:34:47"
"	6A0C0938","	Ambient","	1","	B01??(%RH)","	78.8","	2026-07-28 13:34:45"
"	6A0C0938","	Ambient","	1","	B01??(?)","	21.2","	2026-07-28 13:34:45"
"	6A0C0938","	Ambient","	1","	B01??(%RH)","	78.6","	2026-07-28 13:34:43"
"	6A0C0938","	Ambient","	1","	B01??(?)","	21.2","	2026-07-28 13:34:43"
"	6A0C0938","	Ambient","	1","	B01??(%RH)","	78.5","	2026-07-28 13:34:41"
"	6A0C0938","	Ambient","	1","	B01??(?)","	21.2","	2026-07-28 13:34:41"
"	6A0C0938","	Ambient","	1","	B01??(%RH)","	78.3","	2026-07-28 13:34:39"
"	6A0C0938","	Ambient","	1","	B01??(?)","	21.2","	2026-07-28 13:34:39"
"	6A0C0938","	Ambient","	1","	B01??(%RH)","	78.1","	2026-07-28 13:34:36"
"	6A0C0938","	Ambient","	1","	B01??(?)","	21.2","	2026-07-28 13:34:36"
"	6A0C0938","	Ambient","	1","	B01??(%RH)","	78","	2026-07-28 13:34:34"
"	6A0C0938","	Ambient","	1","	B01??(?)","	21.2","	2026-07-28 13:34:34"
"	6A0C0938","	Ambient","	1","	B01??(%RH)","	77.8","	2026-07-28 13:34:32"
"	6A0C0938","	Ambient","	1","	B01??(?)","	21.2","	2026-07-28 13:34:32"
"	6A0C0938","	Ambient","	1","	B01??(%RH)","	77.8","	2026-07-28 13:34:30"
"	6A0C0938","	Ambient","	1","	B01??(?)","	21.2","	2026-07-28 13:34:30"
"	6A0C0938","	Ambient","	1","	B01??(%RH)","	77.7","	2026-07-28 13:34:28"
"	6A0C0938","	Ambient","	1","	B01??(?)","	21.2","	2026-07-28 13:34:28"
"	6A0C0938","	Ambient","	1","	B01??(%RH)","	77.7","	2026-07-28 13:34:26"
"	6A0C0938","	Ambient","	1","	B01??(?)","	21.2","	2026-07-28 13:34:26"
"	6A0C0938","	Ambient","	1","	B01??(%RH)","	77.6","	2026-07-28 13:34:24"
"	6A0C0938","	Ambient","	1","	B01??(?)","	21.2","	2026-07-28 13:34:24"
"	6A0C0938","	Ambient","	1","	B01??(%RH)","	77.5","	2026-07-28 13:34:22"
"	6A0C0938","	Ambient","	1","	B01??(?)","	21.2","	2026-07-28 13:34:22"
"	6A0C0938","	Ambient","	1","	B01??(%RH)","	77.4","	2026-07-28 13:34:20"
"	6A0C0938","	Ambient","	1","	B01??(?)","	21.2","	2026-07-28 13:34:20"
"	6A0C0938","	Ambient","	1","	B01??(%RH)","	77.5","	2026-07-28 13:34:18"
"	6A0C0938","	Ambient","	1","	B01??(?)","	21.2","	2026-07-28 13:34:18"
"	6A0C0938","	Ambient","	1","	B01??(%RH)","	77.8","	2026-07-28 13:34:16"
"	6A0C0938","	Ambient","	1","	B01??(?)","	21.2","	2026-07-28 13:34:16"
"	6A0C0938","	Ambient","	1","	B01??(%RH)","	78.3","	2026-07-28 13:34:14"
"	6A0C0938","	Ambient","	1","	B01??(?)","	21.2","	2026-07-28 13:34:14"
"	6A0C0938","	Ambient","	1","	B01??(%RH)","	78.8","	2026-07-28 13:34:12"
"	6A0C0938","	Ambient","	1","	B01??(?)","	21.2","	2026-07-28 13:34:12"
"	6A0C0938","	Ambient","	1","	B01??(%RH)","	79.3","	2026-07-28 13:34:10"
"	6A0C0938","	Ambient","	1","	B01??(?)","	21.2","	2026-07-28 13:34:10"
"	6A0C0938","	Ambient","	1","	B01??(%RH)","	79.5","	2026-07-28 13:34:08"
"	6A0C0938","	Ambient","	1","	B01??(?)","	21.2","	2026-07-28 13:34:08"
"	6A0C0938","	Ambient","	1","	B01??(%RH)","	79.5","	2026-07-28 13:34:06"
"	6A0C0938","	Ambient","	1","	B01??(?)","	21.2","	2026-07-28 13:34:06"
"	6A0C0938","	Ambient","	1","	B01??(%RH)","	79.4","	2026-07-28 13:34:04"
"	6A0C0938","	Ambient","	1","	B01??(?)","	21.2","	2026-07-28 13:34:04"
"	6A0C0938","	Ambient","	1","	B01??(%RH)","	79.2","	2026-07-28 13:34:02"
"	6A0C0938","	Ambient","	1","	B01??(?)","	21.2","	2026-07-28 13:34:02"
"	6A0C0938","	Ambient","	1","	B01??(%RH)","	78.9","	2026-07-28 13:34:00"
"	6A0C0938","	Ambient","	1","	B01??(?)","	21.2","	2026-07-28 13:34:00"
"	6A0C0938","	Ambient","	1","	B01??(%RH)","	78.6","	2026-07-28 13:33:58"
"	6A0C0938","	Ambient","	1","	B01??(?)","	21.2","	2026-07-28 13:33:58"
"	6A0C0938","	Ambient","	1","	B01??(%RH)","	78.4","	2026-07-28 13:33:56"
"	6A0C0938","	Ambient","	1","	B01??(?)","	21.2","	2026-07-28 13:33:56"
"	6A0C0938","	Ambient","	1","	B01??(%RH)","	78.1","	2026-07-28 13:33:53"
"	6A0C0938","	Ambient","	1","	B01??(?)","	21.2","	2026-07-28 13:33:53"
"	6A0C0938","	Ambient","	1","	B01??(%RH)","	78","	2026-07-28 13:33:51"
"	6A0C0938","	Ambient","	1","	B01??(?)","	21.2","	2026-07-28 13:33:51"
"	6A0C0938","	Ambient","	1","	B01??(%RH)","	77.9","	2026-07-28 13:33:49"
"	6A0C0938","	Ambient","	1","	B01??(?)","	21.2","	2026-07-28 13:33:49"
"	6A0C0938","	Ambient","	1","	B01??(%RH)","	77.9","	2026-07-28 13:33:47"
"	6A0C0938","	Ambient","	1","	B01??(?)","	21.2","	2026-07-28 13:33:47"
"	6A0C0938","	Ambient","	1","	B01??(%RH)","	78","	2026-07-28 13:33:45"
"	6A0C0938","	Ambient","	1","	B01??(?)","	21.2","	2026-07-28 13:33:45"
"	6A0C0938","	Ambient","	1","	B01??(%RH)","	78","	2026-07-28 13:33:43"
"	6A0C0938","	Ambient","	1","	B01??(?)","	21.2","	2026-07-28 13:33:43"
"	6A0C0938","	Ambient","	1","	B01??(%RH)","	78","	2026-07-28 13:33:41"
"	6A0C0938","	Ambient","	1","	B01??(?)","	21.2","	2026-07-28 13:33:41"
"	6A0C0938","	Ambient","	1","	B01??(%RH)","	77.9","	2026-07-28 13:33:39"
"	6A0C0938","	Ambient","	1","	B01??(?)","	21.2","	2026-07-28 13:33:39"
"	6A0C0938","	Ambient","	1","	B01??(%RH)","	78","	2026-07-28 13:33:37"
"	6A0C0938","	Ambient","	1","	B01??(?)","	21.2","	2026-07-28 13:33:37"
"	6A0C0938","	Ambient","	1","	B01??(%RH)","	78.1","	2026-07-28 13:33:35"
"	6A0C0938","	Ambient","	1","	B01??(?)","	21.2","	2026-07-28 13:33:35"
"	6A0C0938","	Ambient","	1","	B01??(%RH)","	78.1","	2026-07-28 13:33:33"
"	6A0C0938","	Ambient","	1","	B01??(?)","	21.2","	2026-07-28 13:33:33"
"	6A0C0938","	Ambient","	1","	B01??(%RH)","	78.2","	2026-07-28 13:33:31"
"	6A0C0938","	Ambient","	1","	B01??(?)","	21.2","	2026-07-28 13:33:31"
"	6A0C0938","	Ambient","	1","	B01??(%RH)","	78.1","	2026-07-28 13:33:29"
"	6A0C0938","	Ambient","	1","	B01??(?)","	21.2","	2026-07-28 13:33:29"
"	6A0C0938","	Ambient","	1","	B01??(%RH)","	78.2","	2026-07-28 13:33:27"
"	6A0C0938","	Ambient","	1","	B01??(?)","	21.2","	2026-07-28 13:33:27"
"	6A0C0938","	Ambient","	1","	B01??(%RH)","	78.3","	2026-07-28 13:33:25"
"	6A0C0938","	Ambient","	1","	B01??(?)","	21.2","	2026-07-28 13:33:25"
"	6A0C0938","	Ambient","	1","	B01??(%RH)","	78.5","	2026-07-28 13:33:23"
"	6A0C0938","	Ambient","	1","	B01??(?)","	21.2","	2026-07-28 13:33:23"
"	6A0C0938","	Ambient","	1","	B01??(%RH)","	78.6","	2026-07-28 13:33:21"
"	6A0C0938","	Ambient","	1","	B01??(?)","	21.2","	2026-07-28 13:33:21"
"	6A0C0938","	Ambient","	1","	B01??(%RH)","	78.2","	2026-07-28 13:33:19"
"	6A0C0938","	Ambient","	1","	B01??(?)","	21.2","	2026-07-28 13:33:19"
"	6A0C0938","	Ambient","	1","	B01??(%RH)","	77.7","	2026-07-28 13:33:17"
"	6A0C0938","	Ambient","	1","	B01??(?)","	21.2","	2026-07-28 13:33:17"
"	6A0C0938","	Ambient","	1","	B01??(%RH)","	77.3","	2026-07-28 13:33:15"
"	6A0C0938","	Ambient","	1","	B01??(?)","	21.2","	2026-07-28 13:33:15"
"	6A0C0938","	Ambient","	1","	B01??(%RH)","	77","	2026-07-28 13:33:13"
"	6A0C0938","	Ambient","	1","	B01??(?)","	21.2","	2026-07-28 13:33:13"
"	6A0C0938","	Ambient","	1","	B01??(%RH)","	76.8","	2026-07-28 13:33:10"
"	6A0C0938","	Ambient","	1","	B01??(?)","	21.2","	2026-07-28 13:33:10"
"	6A0C0938","	Ambient","	1","	B01??(%RH)","	76.5","	2026-07-28 13:33:08"
"	6A0C0938","	Ambient","	1","	B01??(?)","	21.2","	2026-07-28 13:33:08"
"	6A0C0938","	Ambient","	1","	B01??(%RH)","	76.3","	2026-07-28 13:33:06"
"	6A0C0938","	Ambient","	1","	B01??(?)","	21.2","	2026-07-28 13:33:06"
"	6A0C0938","	Ambient","	1","	B01??(%RH)","	76","	2026-07-28 13:33:04"
"	6A0C0938","	Ambient","	1","	B01??(?)","	21.2","	2026-07-28 13:33:04"
"	6A0C0938","	Ambient","	1","	B01??(%RH)","	76","	2026-07-28 13:33:02"
"	6A0C0938","	Ambient","	1","	B01??(?)","	21.2","	2026-07-28 13:33:02"
"	6A0C0938","	Ambient","	1","	B01??(%RH)","	76.1","	2026-07-28 13:33:00"
"	6A0C0938","	Ambient","	1","	B01??(?)","	21.2","	2026-07-28 13:33:00"
"	6A0C0938","	Ambient","	1","	B01??(%RH)","	76.3","	2026-07-28 13:32:58"
"	6A0C0938","	Ambient","	1","	B01??(?)","	21.2","	2026-07-28 13:32:58"
"	6A0C0938","	Ambient","	1","	B01??(%RH)","	76.4","	2026-07-28 13:32:56"
"	6A0C0938","	Ambient","	1","	B01??(?)","	21.2","	2026-07-28 13:32:56"
"	6A0C0938","	Ambient","	1","	B01??(%RH)","	76.4","	2026-07-28 13:32:54"
"	6A0C0938","	Ambient","	1","	B01??(?)","	21.2","	2026-07-28 13:32:54"
"	6A0C0938","	Ambient","	1","	B01??(%RH)","	76.5","	2026-07-28 13:32:52"
"	6A0C0938","	Ambient","	1","	B01??(?)","	21.2","	2026-07-28 13:32:52"
"	6A0C0938","	Ambient","	1","	B01??(%RH)","	76.4","	2026-07-28 13:32:50"
"	6A0C0938","	Ambient","	1","	B01??(?)","	21.2","	2026-07-28 13:32:50"
"	6A0C0938","	Ambient","	1","	B01??(%RH)","	76.3","	2026-07-28 13:32:48"
"	6A0C0938","	Ambient","	1","	B01??(?)","	21.2","	2026-07-28 13:32:48"
"	6A0C0938","	Ambient","	1","	B01??(%RH)","	76.2","	2026-07-28 13:32:46"
"	6A0C0938","	Ambient","	1","	B01??(?)","	21.2","	2026-07-28 13:32:46"
"	6A0C0938","	Ambient","	1","	B01??(%RH)","	76","	2026-07-28 13:32:44"
"	6A0C0938","	Ambient","	1","	B01??(?)","	21.2","	2026-07-28 13:32:44"
"	6A0C0938","	Ambient","	1","	B01??(%RH)","	75.8","	2026-07-28 13:32:42"
"	6A0C0938","	Ambient","	1","	B01??(?)","	21.2","	2026-07-28 13:32:42"
"	6A0C0938","	Ambient","	1","	B01??(%RH)","	75.6","	2026-07-28 13:32:40"
"	6A0C0938","	Ambient","	1","	B01??(?)","	21.2","	2026-07-28 13:32:40"
"	6A0C0938","	Ambient","	1","	B01??(%RH)","	75.5","	2026-07-28 13:32:38"
"	6A0C0938","	Ambient","	1","	B01??(?)","	21.2","	2026-07-28 13:32:38"
"	6A0C0938","	Ambient","	1","	B01??(%RH)","	75.5","	2026-07-28 13:32:36"
"	6A0C0938","	Ambient","	1","	B01??(?)","	21.2","	2026-07-28 13:32:36"
"	6A0C0938","	Ambient","	1","	B01??(%RH)","	75.7","	2026-07-28 13:32:34"
"	6A0C0938","	Ambient","	1","	B01??(?)","	21.2","	2026-07-28 13:32:34"
"	6A0C0938","	Ambient","	1","	B01??(%RH)","	76","	2026-07-28 13:32:32"
"	6A0C0938","	Ambient","	1","	B01??(?)","	21.2","	2026-07-28 13:32:32"
"	6A0C0938","	Ambient","	1","	B01??(%RH)","	76.2","	2026-07-28 13:32:29"
"	6A0C0938","	Ambient","	1","	B01??(?)","	21.2","	2026-07-28 13:32:29"
"	6A0C0938","	Ambient","	1","	B01??(%RH)","	76.4","	2026-07-28 13:32:27"
"	6A0C0938","	Ambient","	1","	B01??(?)","	21.2","	2026-07-28 13:32:27"
"	6A0C0938","	Ambient","	1","	B01??(%RH)","	76.8","	2026-07-28 13:32:25"
"	6A0C0938","	Ambient","	1","	B01??(?)","	21.2","	2026-07-28 13:32:25"
"	6A0C0938","	Ambient","	1","	B01??(%RH)","	77","	2026-07-28 13:32:23"
"	6A0C0938","	Ambient","	1","	B01??(?)","	21.2","	2026-07-28 13:32:23"
"	6A0C0938","	Ambient","	1","	B01??(%RH)","	77.3","	2026-07-28 13:32:21"
"	6A0C0938","	Ambient","	1","	B01??(?)","	21.2","	2026-07-28 13:32:21"
"	6A0C0938","	Ambient","	1","	B01??(%RH)","	77.4","	2026-07-28 13:32:19"
"	6A0C0938","	Ambient","	1","	B01??(?)","	21.2","	2026-07-28 13:32:19"
"	6A0C0938","	Ambient","	1","	B01??(%RH)","	77.5","	2026-07-28 13:32:17"
"	6A0C0938","	Ambient","	1","	B01??(?)","	21.2","	2026-07-28 13:32:17"
"	6A0C0938","	Ambient","	1","	B01??(%RH)","	77.7","	2026-07-28 13:32:15"
"	6A0C0938","	Ambient","	1","	B01??(?)","	21.2","	2026-07-28 13:32:15"
"	6A0C0938","	Ambient","	1","	B01??(%RH)","	78","	2026-07-28 13:32:13"
"	6A0C0938","	Ambient","	1","	B01??(?)","	21.2","	2026-07-28 13:32:13"
"	6A0C0938","	Ambient","	1","	B01??(%RH)","	78.3","	2026-07-28 13:32:11"
"	6A0C0938","	Ambient","	1","	B01??(?)","	21.2","	2026-07-28 13:32:11"
"	6A0C0938","	Ambient","	1","	B01??(%RH)","	78.4","	2026-07-28 13:32:09"
"	6A0C0938","	Ambient","	1","	B01??(?)","	21.2","	2026-07-28 13:32:09"
"	6A0C0938","	Ambient","	1","	B01??(%RH)","	78.5","	2026-07-28 13:32:07"
"	6A0C0938","	Ambient","	1","	B01??(?)","	21.2","	2026-07-28 13:32:07"
"	6A0C0938","	Ambient","	1","	B01??(%RH)","	78.6","	2026-07-28 13:32:05"
"	6A0C0938","	Ambient","	1","	B01??(?)","	21.2","	2026-07-28 13:32:05"
"	6A0C0938","	Ambient","	1","	B01??(%RH)","	78.6","	2026-07-28 13:32:03"
"	6A0C0938","	Ambient","	1","	B01??(?)","	21.2","	2026-07-28 13:32:03"
"	6A0C0938","	Ambient","	1","	B01??(%RH)","	78.4","	2026-07-28 13:32:01"
"	6A0C0938","	Ambient","	1","	B01??(?)","	21.2","	2026-07-28 13:32:01"
"	6A0C0938","	Ambient","	1","	B01??(%RH)","	78.3","	2026-07-28 13:31:59"
"	6A0C0938","	Ambient","	1","	B01??(?)","	21.2","	2026-07-28 13:31:59"
"	6A0C0938","	Ambient","	1","	B01??(%RH)","	78","	2026-07-28 13:31:57"
"	6A0C0938","	Ambient","	1","	B01??(?)","	21.2","	2026-07-28 13:31:57"
"	6A0C0938","	Ambient","	1","	B01??(%RH)","	77.9","	2026-07-28 13:31:55"
"	6A0C0938","	Ambient","	1","	B01??(?)","	21.2","	2026-07-28 13:31:55"
"	6A0C0938","	Ambient","	1","	B01??(%RH)","	77.8","	2026-07-28 13:31:53"
"	6A0C0938","	Ambient","	1","	B01??(?)","	21.2","	2026-07-28 13:31:53"
"	6A0C0938","	Ambient","	1","	B01??(%RH)","	77.7","	2026-07-28 13:31:51"
"	6A0C0938","	Ambient","	1","	B01??(?)","	21.2","	2026-07-28 13:31:51"
"	6A0C0938","	Ambient","	1","	B01??(%RH)","	77.6","	2026-07-28 13:31:48"
"	6A0C0938","	Ambient","	1","	B01??(?)","	21.2","	2026-07-28 13:31:48"
"	6A0C0938","	Ambient","	1","	B01??(%RH)","	77.5","	2026-07-28 13:31:46"
"	6A0C0938","	Ambient","	1","	B01??(?)","	21.2","	2026-07-28 13:31:46"
"	6A0C0938","	Ambient","	1","	B01??(%RH)","	77.2","	2026-07-28 13:31:44"
"	6A0C0938","	Ambient","	1","	B01??(?)","	21.2","	2026-07-28 13:31:44"
"	6A0C0938","	Ambient","	1","	B01??(%RH)","	77","	2026-07-28 13:31:42"
"	6A0C0938","	Ambient","	1","	B01??(?)","	21.2","	2026-07-28 13:31:42"
"	6A0C0938","	Ambient","	1","	B01??(%RH)","	76.7","	2026-07-28 13:31:40"
"	6A0C0938","	Ambient","	1","	B01??(?)","	21.2","	2026-07-28 13:31:40"
"	6A0C0938","	Ambient","	1","	B01??(%RH)","	76.6","	2026-07-28 13:31:38"
"	6A0C0938","	Ambient","	1","	B01??(?)","	21.2","	2026-07-28 13:31:38"
"	6A0C0938","	Ambient","	1","	B01??(%RH)","	76.5","	2026-07-28 13:31:36"
"	6A0C0938","	Ambient","	1","	B01??(?)","	21.2","	2026-07-28 13:31:36"
"	6A0C0938","	Ambient","	1","	B01??(%RH)","	76.4","	2026-07-28 13:31:34"
"	6A0C0938","	Ambient","	1","	B01??(?)","	21.2","	2026-07-28 13:31:34"
"	6A0C0938","	Ambient","	1","	B01??(%RH)","	76.7","	2026-07-28 13:31:32"
"	6A0C0938","	Ambient","	1","	B01??(?)","	21.2","	2026-07-28 13:31:32"
"	6A0C0938","	Ambient","	1","	B01??(%RH)","	77","	2026-07-28 13:31:30"
"	6A0C0938","	Ambient","	1","	B01??(?)","	21.2","	2026-07-28 13:31:30"
"	6A0C0938","	Ambient","	1","	B01??(%RH)","	77.3","	2026-07-28 13:31:28"
"	6A0C0938","	Ambient","	1","	B01??(?)","	21.2","	2026-07-28 13:31:28"
"	6A0C0938","	Ambient","	1","	B01??(%RH)","	77.5","	2026-07-28 13:31:26"
"	6A0C0938","	Ambient","	1","	B01??(?)","	21.2","	2026-07-28 13:31:26"
"	6A0C0938","	Ambient","	1","	B01??(%RH)","	77.5","	2026-07-28 13:31:24"
"	6A0C0938","	Ambient","	1","	B01??(?)","	21.2","	2026-07-28 13:31:24"
"	6A0C0938","	Ambient","	1","	B01??(%RH)","	77.3","	2026-07-28 13:31:22"
"	6A0C0938","	Ambient","	1","	B01??(?)","	21.2","	2026-07-28 13:31:22"
"	6A0C0938","	Ambient","	1","	B01??(%RH)","	77.1","	2026-07-28 13:31:20"
"	6A0C0938","	Ambient","	1","	B01??(?)","	21.2","	2026-07-28 13:31:20"
"	6A0C0938","	Ambient","	1","	B01??(%RH)","	76.9","	2026-07-28 13:31:18"
"	6A0C0938","	Ambient","	1","	B01??(?)","	21.2","	2026-07-28 13:31:18"
"	6A0C0938","	Ambient","	1","	B01??(%RH)","	76.9","	2026-07-28 13:31:16"
"	6A0C0938","	Ambient","	1","	B01??(?)","	21.2","	2026-07-28 13:31:16"
"	6A0C0938","	Ambient","	1","	B01??(%RH)","	76.8","	2026-07-28 13:31:14"
"	6A0C0938","	Ambient","	1","	B01??(?)","	21.2","	2026-07-28 13:31:14"
"	6A0C0938","	Ambient","	1","	B01??(%RH)","	76.8","	2026-07-28 13:31:12"
"	6A0C0938","	Ambient","	1","	B01??(?)","	21.2","	2026-07-28 13:31:12"
"	6A0C0938","	Ambient","	1","	B01??(%RH)","	76.8","	2026-07-28 13:31:10"
"	6A0C0938","	Ambient","	1","	B01??(?)","	21.2","	2026-07-28 13:31:10"
"	6A0C0938","	Ambient","	1","	B01??(%RH)","	77","	2026-07-28 13:31:08"
"	6A0C0938","	Ambient","	1","	B01??(?)","	21.2","	2026-07-28 13:31:08"
"	6A0C0938","	Ambient","	1","	B01??(%RH)","	77.1","	2026-07-28 13:31:06"
"	6A0C0938","	Ambient","	1","	B01??(?)","	21.2","	2026-07-28 13:31:06"
"	6A0C0938","	Ambient","	1","	B01??(%RH)","	77.3","	2026-07-28 13:31:03"
"	6A0C0938","	Ambient","	1","	B01??(?)","	21.2","	2026-07-28 13:31:03"
"	6A0C0938","	Ambient","	1","	B01??(%RH)","	77.5","	2026-07-28 13:31:01"
"	6A0C0938","	Ambient","	1","	B01??(?)","	21.2","	2026-07-28 13:31:01"
"	6A0C0938","	Ambient","	1","	B01??(%RH)","	77.6","	2026-07-28 13:30:59"
"	6A0C0938","	Ambient","	1","	B01??(?)","	21.2","	2026-07-28 13:30:59"
"	6A0C0938","	Ambient","	1","	B01??(%RH)","	77.5","	2026-07-28 13:30:57"
"	6A0C0938","	Ambient","	1","	B01??(?)","	21.2","	2026-07-28 13:30:57"
"	6A0C0938","	Ambient","	1","	B01??(%RH)","	77.4","	2026-07-28 13:30:55"
"	6A0C0938","	Ambient","	1","	B01??(?)","	21.2","	2026-07-28 13:30:55"
"	6A0C0938","	Ambient","	1","	B01??(%RH)","	77.4","	2026-07-28 13:30:53"
"	6A0C0938","	Ambient","	1","	B01??(?)","	21.2","	2026-07-28 13:30:53"
"	6A0C0938","	Ambient","	1","	B01??(%RH)","	77.5","	2026-07-28 13:30:51"
"	6A0C0938","	Ambient","	1","	B01??(?)","	21.2","	2026-07-28 13:30:51"
"	6A0C0938","	Ambient","	1","	B01??(%RH)","	77.5","	2026-07-28 13:30:49"
"	6A0C0938","	Ambient","	1","	B01??(?)","	21.2","	2026-07-28 13:30:49"
"	6A0C0938","	Ambient","	1","	B01??(%RH)","	77.5","	2026-07-28 13:30:47"
"	6A0C0938","	Ambient","	1","	B01??(?)","	21.2","	2026-07-28 13:30:47"
"	6A0C0938","	Ambient","	1","	B01??(%RH)","	77.5","	2026-07-28 13:30:45"
"	6A0C0938","	Ambient","	1","	B01??(?)","	21.2","	2026-07-28 13:30:45"
"	6A0C0938","	Ambient","	1","	B01??(%RH)","	77.5","	2026-07-28 13:30:43"
"	6A0C0938","	Ambient","	1","	B01??(?)","	21.2","	2026-07-28 13:30:43"
"	6A0C0938","	Ambient","	1","	B01??(%RH)","	77.5","	2026-07-28 13:30:41"
"	6A0C0938","	Ambient","	1","	B01??(?)","	21.2","	2026-07-28 13:30:41"
"	6A0C0938","	Ambient","	1","	B01??(%RH)","	77.7","	2026-07-28 13:30:39"
"	6A0C0938","	Ambient","	1","	B01??(?)","	21.2","	2026-07-28 13:30:39"
"	6A0C0938","	Ambient","	1","	B01??(%RH)","	77.9","	2026-07-28 13:30:37"
"	6A0C0938","	Ambient","	1","	B01??(?)","	21.2","	2026-07-28 13:30:37"
"	6A0C0938","	Ambient","	1","	B01??(%RH)","	78","	2026-07-28 13:30:35"
"	6A0C0938","	Ambient","	1","	B01??(?)","	21.2","	2026-07-28 13:30:35"
"	6A0C0938","	Ambient","	1","	B01??(%RH)","	78.1","	2026-07-28 13:30:33"
"	6A0C0938","	Ambient","	1","	B01??(?)","	21.2","	2026-07-28 13:30:33"
"	6A0C0938","	Ambient","	1","	B01??(%RH)","	78.1","	2026-07-28 13:30:31"
"	6A0C0938","	Ambient","	1","	B01??(?)","	21.2","	2026-07-28 13:30:31"
"	6A0C0938","	Ambient","	1","	B01??(%RH)","	78.1","	2026-07-28 13:30:29"
"	6A0C0938","	Ambient","	1","	B01??(?)","	21.2","	2026-07-28 13:30:29"
"	6A0C0938","	Ambient","	1","	B01??(%RH)","	78.2","	2026-07-28 13:30:27"
"	6A0C0938","	Ambient","	1","	B01??(?)","	21.2","	2026-07-28 13:30:27"
"	6A0C0938","	Ambient","	1","	B01??(%RH)","	78.3","	2026-07-28 13:30:25"
"	6A0C0938","	Ambient","	1","	B01??(?)","	21.2","	2026-07-28 13:30:25"
"	6A0C0938","	Ambient","	1","	B01??(%RH)","	78.5","	2026-07-28 13:30:22"
"	6A0C0938","	Ambient","	1","	B01??(?)","	21.2","	2026-07-28 13:30:22"
"	6A0C0938","	Ambient","	1","	B01??(%RH)","	78.4","	2026-07-28 13:30:20"
"	6A0C0938","	Ambient","	1","	B01??(?)","	21.2","	2026-07-28 13:30:20"
"	6A0C0938","	Ambient","	1","	B01??(%RH)","	78.2","	2026-07-28 13:30:18"
"	6A0C0938","	Ambient","	1","	B01??(?)","	21.2","	2026-07-28 13:30:18"
"	6A0C0938","	Ambient","	1","	B01??(%RH)","	77.9","	2026-07-28 13:30:16"
"	6A0C0938","	Ambient","	1","	B01??(?)","	21.2","	2026-07-28 13:30:16"
"	6A0C0938","	Ambient","	1","	B01??(%RH)","	77.6","	2026-07-28 13:30:14"
"	6A0C0938","	Ambient","	1","	B01??(?)","	21.2","	2026-07-28 13:30:14"
"	6A0C0938","	Ambient","	1","	B01??(%RH)","	77.4","	2026-07-28 13:30:12"
"	6A0C0938","	Ambient","	1","	B01??(?)","	21.2","	2026-07-28 13:30:12"
"	6A0C0938","	Ambient","	1","	B01??(%RH)","	77.2","	2026-07-28 13:30:10"
"	6A0C0938","	Ambient","	1","	B01??(?)","	21.2","	2026-07-28 13:30:10"
"	6A0C0938","	Ambient","	1","	B01??(%RH)","	77.1","	2026-07-28 13:30:08"
"	6A0C0938","	Ambient","	1","	B01??(?)","	21.2","	2026-07-28 13:30:08"
"	6A0C0938","	Ambient","	1","	B01??(%RH)","	76.9","	2026-07-28 13:30:06"
"	6A0C0938","	Ambient","	1","	B01??(?)","	21.2","	2026-07-28 13:30:06"
"	6A0C0938","	Ambient","	1","	B01??(%RH)","	76.9","	2026-07-28 13:30:04"
"	6A0C0938","	Ambient","	1","	B01??(?)","	21.2","	2026-07-28 13:30:04"
"	6A0C0938","	Ambient","	1","	B01??(%RH)","	76.9","	2026-07-28 13:30:02"
"	6A0C0938","	Ambient","	1","	B01??(?)","	21.3","	2026-07-28 13:30:02"
"	6A0C0938","	Ambient","	1","	B01??(%RH)","	77","	2026-07-28 13:30:00"
"	6A0C0938","	Ambient","	1","	B01??(?)","	21.2","	2026-07-28 13:30:00"
"	6A0C0938","	Ambient","	1","	B01??(%RH)","	77.2","	2026-07-28 13:29:58"
"	6A0C0938","	Ambient","	1","	B01??(?)","	21.2","	2026-07-28 13:29:58"
"	6A0C0938","	Ambient","	1","	B01??(%RH)","	77.4","	2026-07-28 13:29:56"
"	6A0C0938","	Ambient","	1","	B01??(?)","	21.2","	2026-07-28 13:29:56"
"	6A0C0938","	Ambient","	1","	B01??(%RH)","	77.6","	2026-07-28 13:29:54"
"	6A0C0938","	Ambient","	1","	B01??(?)","	21.2","	2026-07-28 13:29:54"
"	6A0C0938","	Ambient","	1","	B01??(%RH)","	77.8","	2026-07-28 13:29:52"
"	6A0C0938","	Ambient","	1","	B01??(?)","	21.2","	2026-07-28 13:29:52"
"	6A0C0938","	Ambient","	1","	B01??(%RH)","	78","	2026-07-28 13:29:50"
"	6A0C0938","	Ambient","	1","	B01??(?)","	21.2","	2026-07-28 13:29:50"
"	6A0C0938","	Ambient","	1","	B01??(%RH)","	78.1","	2026-07-28 13:29:48"
"	6A0C0938","	Ambient","	1","	B01??(?)","	21.2","	2026-07-28 13:29:48"
"	6A0C0938","	Ambient","	1","	B01??(%RH)","	78.3","	2026-07-28 13:29:46"
"	6A0C0938","	Ambient","	1","	B01??(?)","	21.2","	2026-07-28 13:29:46"
"	6A0C0938","	Ambient","	1","	B01??(%RH)","	78.6","	2026-07-28 13:29:44"
"	6A0C0938","	Ambient","	1","	B01??(?)","	21.2","	2026-07-28 13:29:44"
"	6A0C0938","	Ambient","	1","	B01??(%RH)","	78.8","	2026-07-28 13:29:41"
"	6A0C0938","	Ambient","	1","	B01??(?)","	21.2","	2026-07-28 13:29:41"
"	6A0C0938","	Ambient","	1","	B01??(%RH)","	79","	2026-07-28 13:29:39"
"	6A0C0938","	Ambient","	1","	B01??(?)","	21.2","	2026-07-28 13:29:39"
"	6A0C0938","	Ambient","	1","	B01??(%RH)","	79.2","	2026-07-28 13:29:37"
"	6A0C0938","	Ambient","	1","	B01??(?)","	21.2","	2026-07-28 13:29:37"
"	6A0C0938","	Ambient","	1","	B01??(%RH)","	79.2","	2026-07-28 13:29:35"
"	6A0C0938","	Ambient","	1","	B01??(?)","	21.2","	2026-07-28 13:29:35"
"	6A0C0938","	Ambient","	1","	B01??(%RH)","	79.1","	2026-07-28 13:29:33"
"	6A0C0938","	Ambient","	1","	B01??(?)","	21.2","	2026-07-28 13:29:33"
"	6A0C0938","	Ambient","	1","	B01??(%RH)","	79","	2026-07-28 13:29:31"
"	6A0C0938","	Ambient","	1","	B01??(?)","	21.2","	2026-07-28 13:29:31"
"	6A0C0938","	Ambient","	1","	B01??(%RH)","	78.6","	2026-07-28 13:29:29"
"	6A0C0938","	Ambient","	1","	B01??(?)","	21.2","	2026-07-28 13:29:29"
"	6A0C0938","	Ambient","	1","	B01??(%RH)","	78.2","	2026-07-28 13:29:27"
"	6A0C0938","	Ambient","	1","	B01??(?)","	21.2","	2026-07-28 13:29:27"
"	6A0C0938","	Ambient","	1","	B01??(%RH)","	78","	2026-07-28 13:29:25"
"	6A0C0938","	Ambient","	1","	B01??(?)","	21.2","	2026-07-28 13:29:25"
"	6A0C0938","	Ambient","	1","	B01??(%RH)","	78","	2026-07-28 13:29:23"
"	6A0C0938","	Ambient","	1","	B01??(?)","	21.2","	2026-07-28 13:29:23"
"	6A0C0938","	Ambient","	1","	B01??(%RH)","	78","	2026-07-28 13:29:21"
"	6A0C0938","	Ambient","	1","	B01??(?)","	21.2","	2026-07-28 13:29:21"
"	6A0C0938","	Ambient","	1","	B01??(%RH)","	78.2","	2026-07-28 13:29:19"
"	6A0C0938","	Ambient","	1","	B01??(?)","	21.2","	2026-07-28 13:29:19"
"	6A0C0938","	Ambient","	1","	B01??(%RH)","	78.3","	2026-07-28 13:29:17"
"	6A0C0938","	Ambient","	1","	B01??(?)","	21.2","	2026-07-28 13:29:17"
"	6A0C0938","	Ambient","	1","	B01??(%RH)","	78.3","	2026-07-28 13:29:15"
"	6A0C0938","	Ambient","	1","	B01??(?)","	21.2","	2026-07-28 13:29:15"
"	6A0C0938","	Ambient","	1","	B01??(%RH)","	78.3","	2026-07-28 13:29:13"
"	6A0C0938","	Ambient","	1","	B01??(?)","	21.2","	2026-07-28 13:29:13"
"	6A0C0938","	Ambient","	1","	B01??(%RH)","	78.4","	2026-07-28 13:29:11"
"	6A0C0938","	Ambient","	1","	B01??(?)","	21.2","	2026-07-28 13:29:11"
"	6A0C0938","	Ambient","	1","	B01??(%RH)","	78.4","	2026-07-28 13:29:09"
"	6A0C0938","	Ambient","	1","	B01??(?)","	21.2","	2026-07-28 13:29:09"
"	6A0C0938","	Ambient","	1","	B01??(%RH)","	78.5","	2026-07-28 13:29:07"
"	6A0C0938","	Ambient","	1","	B01??(?)","	21.2","	2026-07-28 13:29:07"
"	6A0C0938","	Ambient","	1","	B01??(%RH)","	78.4","	2026-07-28 13:29:05"
"	6A0C0938","	Ambient","	1","	B01??(?)","	21.2","	2026-07-28 13:29:05"
"	6A0C0938","	Ambient","	1","	B01??(%RH)","	78.2","	2026-07-28 13:29:03"
"	6A0C0938","	Ambient","	1","	B01??(?)","	21.3","	2026-07-28 13:29:03"
"	6A0C0938","	Ambient","	1","	B01??(%RH)","	77.9","	2026-07-28 13:29:01"
"	6A0C0938","	Ambient","	1","	B01??(?)","	21.2","	2026-07-28 13:29:01"
"	6A0C0938","	Ambient","	1","	B01??(%RH)","	77.5","	2026-07-28 13:28:58"
"	6A0C0938","	Ambient","	1","	B01??(?)","	21.2","	2026-07-28 13:28:58"
"	6A0C0938","	Ambient","	1","	B01??(%RH)","	77.1","	2026-07-28 13:28:56"
"	6A0C0938","	Ambient","	1","	B01??(?)","	21.2","	2026-07-28 13:28:56"
"	6A0C0938","	Ambient","	1","	B01??(%RH)","	76.8","	2026-07-28 13:28:54"
"	6A0C0938","	Ambient","	1","	B01??(?)","	21.2","	2026-07-28 13:28:54"
"	6A0C0938","	Ambient","	1","	B01??(%RH)","	76.7","	2026-07-28 13:28:52"
"	6A0C0938","	Ambient","	1","	B01??(?)","	21.2","	2026-07-28 13:28:52"
"	6A0C0938","	Ambient","	1","	B01??(%RH)","	76.6","	2026-07-28 13:28:50"
"	6A0C0938","	Ambient","	1","	B01??(?)","	21.2","	2026-07-28 13:28:50"
"	6A0C0938","	Ambient","	1","	B01??(%RH)","	76.5","	2026-07-28 13:28:48"
"	6A0C0938","	Ambient","	1","	B01??(?)","	21.2","	2026-07-28 13:28:48"
"	6A0C0938","	Ambient","	1","	B01??(%RH)","	76.2","	2026-07-28 13:28:46"
"	6A0C0938","	Ambient","	1","	B01??(?)","	21.2","	2026-07-28 13:28:46"
"	6A0C0938","	Ambient","	1","	B01??(%RH)","	76.1","	2026-07-28 13:28:44"
"	6A0C0938","	Ambient","	1","	B01??(?)","	21.3","	2026-07-28 13:28:44"
"	6A0C0938","	Ambient","	1","	B01??(%RH)","	76.5","	2026-07-28 13:28:42"
"	6A0C0938","	Ambient","	1","	B01??(?)","	21.2","	2026-07-28 13:28:42"
"	6A0C0938","	Ambient","	1","	B01??(%RH)","	76.7","	2026-07-28 13:28:40"
"	6A0C0938","	Ambient","	1","	B01??(?)","	21.2","	2026-07-28 13:28:40"
"	6A0C0938","	Ambient","	1","	B01??(%RH)","	76.7","	2026-07-28 13:28:38"
"	6A0C0938","	Ambient","	1","	B01??(?)","	21.2","	2026-07-28 13:28:38"
"	6A0C0938","	Ambient","	1","	B01??(%RH)","	76.8","	2026-07-28 13:28:36"
"	6A0C0938","	Ambient","	1","	B01??(?)","	21.3","	2026-07-28 13:28:36"
"	6A0C0938","	Ambient","	1","	B01??(%RH)","	76.9","	2026-07-28 13:28:34"
"	6A0C0938","	Ambient","	1","	B01??(?)","	21.2","	2026-07-28 13:28:34"
"	6A0C0938","	Ambient","	1","	B01??(%RH)","	76.9","	2026-07-28 13:28:32"
"	6A0C0938","	Ambient","	1","	B01??(?)","	21.2","	2026-07-28 13:28:32"
"	6A0C0938","	Ambient","	1","	B01??(%RH)","	76.9","	2026-07-28 13:28:30"
"	6A0C0938","	Ambient","	1","	B01??(?)","	21.2","	2026-07-28 13:28:30"
"	6A0C0938","	Ambient","	1","	B01??(%RH)","	76.9","	2026-07-28 13:28:28"
"	6A0C0938","	Ambient","	1","	B01??(?)","	21.2","	2026-07-28 13:28:28"
"	6A0C0938","	Ambient","	1","	B01??(%RH)","	76.9","	2026-07-28 13:28:26"
"	6A0C0938","	Ambient","	1","	B01??(?)","	21.2","	2026-07-28 13:28:26"
"	6A0C0938","	Ambient","	1","	B01??(%RH)","	76.8","	2026-07-28 13:28:24"
"	6A0C0938","	Ambient","	1","	B01??(?)","	21.2","	2026-07-28 13:28:24"
"	6A0C0938","	Ambient","	1","	B01??(%RH)","	76.8","	2026-07-28 13:28:22"
"	6A0C0938","	Ambient","	1","	B01??(?)","	21.2","	2026-07-28 13:28:22"
"	6A0C0938","	Ambient","	1","	B01??(%RH)","	76.9","	2026-07-28 13:28:20"
"	6A0C0938","	Ambient","	1","	B01??(?)","	21.2","	2026-07-28 13:28:20"
"	6A0C0938","	Ambient","	1","	B01??(%RH)","	77","	2026-07-28 13:28:17"
"	6A0C0938","	Ambient","	1","	B01??(?)","	21.2","	2026-07-28 13:28:17"
"	6A0C0938","	Ambient","	1","	B01??(%RH)","	77.1","	2026-07-28 13:28:15"
"	6A0C0938","	Ambient","	1","	B01??(?)","	21.3","	2026-07-28 13:28:15"
"	6A0C0938","	Ambient","	1","	B01??(%RH)","	77","	2026-07-28 13:28:13"
"	6A0C0938","	Ambient","	1","	B01??(?)","	21.2","	2026-07-28 13:28:13"
"	6A0C0938","	Ambient","	1","	B01??(%RH)","	77.1","	2026-07-28 13:28:11"
"	6A0C0938","	Ambient","	1","	B01??(?)","	21.2","	2026-07-28 13:28:11"
"	6A0C0938","	Ambient","	1","	B01??(%RH)","	77.1","	2026-07-28 13:28:09"
"	6A0C0938","	Ambient","	1","	B01??(?)","	21.2","	2026-07-28 13:28:09"
"	6A0C0938","	Ambient","	1","	B01??(%RH)","	77.3","	2026-07-28 13:28:07"
"	6A0C0938","	Ambient","	1","	B01??(?)","	21.2","	2026-07-28 13:28:07"
"	6A0C0938","	Ambient","	1","	B01??(%RH)","	77.4","	2026-07-28 13:28:05"
"	6A0C0938","	Ambient","	1","	B01??(?)","	21.3","	2026-07-28 13:28:05"
"	6A0C0938","	Ambient","	1","	B01??(%RH)","	77.4","	2026-07-28 13:28:03"
"	6A0C0938","	Ambient","	1","	B01??(?)","	21.2","	2026-07-28 13:28:03"
"	6A0C0938","	Ambient","	1","	B01??(%RH)","	77.2","	2026-07-28 13:28:01"
"	6A0C0938","	Ambient","	1","	B01??(?)","	21.2","	2026-07-28 13:28:01"
"	6A0C0938","	Ambient","	1","	B01??(%RH)","	77.1","	2026-07-28 13:27:59"
"	6A0C0938","	Ambient","	1","	B01??(?)","	21.2","	2026-07-28 13:27:59"
"	6A0C0938","	Ambient","	1","	B01??(%RH)","	77","	2026-07-28 13:27:57"
"	6A0C0938","	Ambient","	1","	B01??(?)","	21.2","	2026-07-28 13:27:57"
"	6A0C0938","	Ambient","	1","	B01??(%RH)","	77","	2026-07-28 13:27:55"
"	6A0C0938","	Ambient","	1","	B01??(?)","	21.2","	2026-07-28 13:27:55"
"	6A0C0938","	Ambient","	1","	B01??(%RH)","	77","	2026-07-28 13:27:53"
"	6A0C0938","	Ambient","	1","	B01??(?)","	21.2","	2026-07-28 13:27:53"
"	6A0C0938","	Ambient","	1","	B01??(%RH)","	77","	2026-07-28 13:27:51"
"	6A0C0938","	Ambient","	1","	B01??(?)","	21.2","	2026-07-28 13:27:51"
"	6A0C0938","	Ambient","	1","	B01??(%RH)","	77","	2026-07-28 13:27:49"
"	6A0C0938","	Ambient","	1","	B01??(?)","	21.2","	2026-07-28 13:27:49"
"	6A0C0938","	Ambient","	1","	B01??(%RH)","	77.1","	2026-07-28 13:27:47"
"	6A0C0938","	Ambient","	1","	B01??(?)","	21.2","	2026-07-28 13:27:47"
"	6A0C0938","	Ambient","	1","	B01??(%RH)","	77.1","	2026-07-28 13:27:45"
"	6A0C0938","	Ambient","	1","	B01??(?)","	21.3","	2026-07-28 13:27:45"
"	6A0C0938","	Ambient","	1","	B01??(%RH)","	77.1","	2026-07-28 13:27:43"
"	6A0C0938","	Ambient","	1","	B01??(?)","	21.3","	2026-07-28 13:27:43"
"	6A0C0938","	Ambient","	1","	B01??(%RH)","	77.2","	2026-07-28 13:27:41"
"	6A0C0938","	Ambient","	1","	B01??(?)","	21.2","	2026-07-28 13:27:41"
"	6A0C0938","	Ambient","	1","	B01??(%RH)","	77.2","	2026-07-28 13:27:39"
"	6A0C0938","	Ambient","	1","	B01??(?)","	21.2","	2026-07-28 13:27:39"
"	6A0C0938","	Ambient","	1","	B01??(%RH)","	77.3","	2026-07-28 13:27:37"
"	6A0C0938","	Ambient","	1","	B01??(?)","	21.2","	2026-07-28 13:27:37"
"	6A0C0938","	Ambient","	1","	B01??(%RH)","	77.3","	2026-07-28 13:27:34"
"	6A0C0938","	Ambient","	1","	B01??(?)","	21.3","	2026-07-28 13:27:34"
"	6A0C0938","	Ambient","	1","	B01??(%RH)","	77.2","	2026-07-28 13:27:32"
"	6A0C0938","	Ambient","	1","	B01??(?)","	21.3","	2026-07-28 13:27:32"
"	6A0C0938","	Ambient","	1","	B01??(%RH)","	77.1","	2026-07-28 13:27:30"
"	6A0C0938","	Ambient","	1","	B01??(?)","	21.3","	2026-07-28 13:27:30"
"	6A0C0938","	Ambient","	1","	B01??(%RH)","	77.1","	2026-07-28 13:27:28"
"	6A0C0938","	Ambient","	1","	B01??(?)","	21.3","	2026-07-28 13:27:28"
"	6A0C0938","	Ambient","	1","	B01??(%RH)","	77.1","	2026-07-28 13:27:26"
"	6A0C0938","	Ambient","	1","	B01??(?)","	21.2","	2026-07-28 13:27:26"
"	6A0C0938","	Ambient","	1","	B01??(?)","	21.2","	2026-07-28 13:27:24"
"	6A0C0938","	Ambient","	1","	B01??(%RH)","	77.1","	2026-07-28 13:27:24"
"	6A0C0938","	Ambient","	1","	B01??(%RH)","	76.9","	2026-07-28 13:27:22"
"	6A0C0938","	Ambient","	1","	B01??(?)","	21.3","	2026-07-28 13:27:22"
"	6A0C0938","	Ambient","	1","	B01??(%RH)","	76.6","	2026-07-28 13:27:20"
"	6A0C0938","	Ambient","	1","	B01??(?)","	21.3","	2026-07-28 13:27:20"
"	6A0C0938","	Ambient","	1","	B01??(%RH)","	76.4","	2026-07-28 13:27:18"
"	6A0C0938","	Ambient","	1","	B01??(?)","	21.3","	2026-07-28 13:27:18"
"	6A0C0938","	Ambient","	1","	B01??(?)","	21.3","	2026-07-28 13:27:16"
"	6A0C0938","	Ambient","	1","	B01??(%RH)","	76.1","	2026-07-28 13:27:16"
"	6A0C0938","	Ambient","	1","	B01??(%RH)","	76","	2026-07-28 13:27:14"
"	6A0C0938","	Ambient","	1","	B01??(?)","	21.2","	2026-07-28 13:27:14"
"	6A0C0938","	Ambient","	1","	B01??(%RH)","	76","	2026-07-28 13:27:12"
"	6A0C0938","	Ambient","	1","	B01??(?)","	21.2","	2026-07-28 13:27:12"
"	6A0C0938","	Ambient","	1","	B01??(%RH)","	75.9","	2026-07-28 13:27:10"
"	6A0C0938","	Ambient","	1","	B01??(?)","	21.2","	2026-07-28 13:27:10"
"	6A0C0938","	Ambient","	1","	B01??(%RH)","	75.9","	2026-07-28 13:27:08"
"	6A0C0938","	Ambient","	1","	B01??(?)","	21.3","	2026-07-28 13:27:08"
"	6A0C0938","	Ambient","	1","	B01??(%RH)","	75.9","	2026-07-28 13:27:06"
"	6A0C0938","	Ambient","	1","	B01??(?)","	21.3","	2026-07-28 13:27:06"
"	6A0C0938","	Ambient","	1","	B01??(%RH)","	75.9","	2026-07-28 13:27:04"
"	6A0C0938","	Ambient","	1","	B01??(?)","	21.2","	2026-07-28 13:27:04"
"	6A0C0938","	Ambient","	1","	B01??(%RH)","	75.9","	2026-07-28 13:27:02"
"	6A0C0938","	Ambient","	1","	B01??(?)","	21.3","	2026-07-28 13:27:02"
"	6A0C0938","	Ambient","	1","	B01??(%RH)","	75.8","	2026-07-28 13:27:00"
"	6A0C0938","	Ambient","	1","	B01??(?)","	21.3","	2026-07-28 13:27:00"
"	6A0C0938","	Ambient","	1","	B01??(%RH)","	75.8","	2026-07-28 13:26:58"
"	6A0C0938","	Ambient","	1","	B01??(?)","	21.3","	2026-07-28 13:26:58"
"	6A0C0938","	Ambient","	1","	B01??(%RH)","	75.7","	2026-07-28 13:26:56"
"	6A0C0938","	Ambient","	1","	B01??(?)","	21.3","	2026-07-28 13:26:56"
"	6A0C0938","	Ambient","	1","	B01??(%RH)","	75.7","	2026-07-28 13:26:53"
"	6A0C0938","	Ambient","	1","	B01??(?)","	21.2","	2026-07-28 13:26:53"
"	6A0C0938","	Ambient","	1","	B01??(%RH)","	75.8","	2026-07-28 13:26:51"
"	6A0C0938","	Ambient","	1","	B01??(?)","	21.3","	2026-07-28 13:26:51"
"	6A0C0938","	Ambient","	1","	B01??(%RH)","	75.9","	2026-07-28 13:26:49"
"	6A0C0938","	Ambient","	1","	B01??(?)","	21.3","	2026-07-28 13:26:49"
"	6A0C0938","	Ambient","	1","	B01??(%RH)","	76","	2026-07-28 13:26:47"
"	6A0C0938","	Ambient","	1","	B01??(?)","	21.2","	2026-07-28 13:26:47"
"	6A0C0938","	Ambient","	1","	B01??(%RH)","	76","	2026-07-28 13:26:45"
"	6A0C0938","	Ambient","	1","	B01??(?)","	21.3","	2026-07-28 13:26:45"
"	6A0C0938","	Ambient","	1","	B01??(%RH)","	76","	2026-07-28 13:26:43"
"	6A0C0938","	Ambient","	1","	B01??(?)","	21.3","	2026-07-28 13:26:43"
"	6A0C0938","	Ambient","	1","	B01??(%RH)","	76","	2026-07-28 13:26:41"
"	6A0C0938","	Ambient","	1","	B01??(?)","	21.3","	2026-07-28 13:26:41"
"	6A0C0938","	Ambient","	1","	B01??(%RH)","	76","	2026-07-28 13:26:39"
"	6A0C0938","	Ambient","	1","	B01??(?)","	21.3","	2026-07-28 13:26:39"
"	6A0C0938","	Ambient","	1","	B01??(%RH)","	76","	2026-07-28 13:26:37"
"	6A0C0938","	Ambient","	1","	B01??(?)","	21.3","	2026-07-28 13:26:37"
"	6A0C0938","	Ambient","	1","	B01??(%RH)","	76.1","	2026-07-28 13:26:35"
"	6A0C0938","	Ambient","	1","	B01??(?)","	21.3","	2026-07-28 13:26:35"
"	6A0C0938","	Ambient","	1","	B01??(%RH)","	76.3","	2026-07-28 13:26:33"
"	6A0C0938","	Ambient","	1","	B01??(?)","	21.3","	2026-07-28 13:26:33"
"	6A0C0938","	Ambient","	1","	B01??(%RH)","	76.6","	2026-07-28 13:26:31"
"	6A0C0938","	Ambient","	1","	B01??(?)","	21.3","	2026-07-28 13:26:31"
"	6A0C0938","	Ambient","	1","	B01??(%RH)","	76.8","	2026-07-28 13:26:29"
"	6A0C0938","	Ambient","	1","	B01??(?)","	21.3","	2026-07-28 13:26:29"
"	6A0C0938","	Ambient","	1","	B01??(%RH)","	77.1","	2026-07-28 13:26:27"
"	6A0C0938","	Ambient","	1","	B01??(?)","	21.3","	2026-07-28 13:26:27"
"	6A0C0938","	Ambient","	1","	B01??(%RH)","	77.2","	2026-07-28 13:26:25"
"	6A0C0938","	Ambient","	1","	B01??(?)","	21.3","	2026-07-28 13:26:25"
"	6A0C0938","	Ambient","	1","	B01??(%RH)","	77.2","	2026-07-28 13:26:23"
"	6A0C0938","	Ambient","	1","	B01??(?)","	21.3","	2026-07-28 13:26:23"
"	6A0C0938","	Ambient","	1","	B01??(%RH)","	77.3","	2026-07-28 13:26:21"
"	6A0C0938","	Ambient","	1","	B01??(?)","	21.3","	2026-07-28 13:26:21"
"	6A0C0938","	Ambient","	1","	B01??(%RH)","	77.6","	2026-07-28 13:26:19"
"	6A0C0938","	Ambient","	1","	B01??(?)","	21.3","	2026-07-28 13:26:19"
"	6A0C0938","	Ambient","	1","	B01??(%RH)","	77.5","	2026-07-28 13:26:17"
"	6A0C0938","	Ambient","	1","	B01??(?)","	21.3","	2026-07-28 13:26:17"
"	6A0C0938","	Ambient","	1","	B01??(%RH)","	77.5","	2026-07-28 13:26:15"
"	6A0C0938","	Ambient","	1","	B01??(?)","	21.3","	2026-07-28 13:26:15"
"	6A0C0938","	Ambient","	1","	B01??(%RH)","	77.5","	2026-07-28 13:26:13"
"	6A0C0938","	Ambient","	1","	B01??(?)","	21.3","	2026-07-28 13:26:13"
"	6A0C0938","	Ambient","	1","	B01??(%RH)","	77.6","	2026-07-28 13:26:10"
"	6A0C0938","	Ambient","	1","	B01??(?)","	21.3","	2026-07-28 13:26:10"
"	6A0C0938","	Ambient","	1","	B01??(%RH)","	77.9","	2026-07-28 13:26:08"
"	6A0C0938","	Ambient","	1","	B01??(?)","	21.3","	2026-07-28 13:26:08"
"	6A0C0938","	Ambient","	1","	B01??(%RH)","	78.1","	2026-07-28 13:26:06"
"	6A0C0938","	Ambient","	1","	B01??(?)","	21.3","	2026-07-28 13:26:06"
"	6A0C0938","	Ambient","	1","	B01??(%RH)","	78.1","	2026-07-28 13:26:04"
"	6A0C0938","	Ambient","	1","	B01??(?)","	21.3","	2026-07-28 13:26:04"
"	6A0C0938","	Ambient","	1","	B01??(%RH)","	78","	2026-07-28 13:26:02"
"	6A0C0938","	Ambient","	1","	B01??(?)","	21.3","	2026-07-28 13:26:02"
"	6A0C0938","	Ambient","	1","	B01??(%RH)","	77.8","	2026-07-28 13:26:00"
"	6A0C0938","	Ambient","	1","	B01??(?)","	21.3","	2026-07-28 13:26:00"
"	6A0C0938","	Ambient","	1","	B01??(%RH)","	77.6","	2026-07-28 13:25:58"
"	6A0C0938","	Ambient","	1","	B01??(?)","	21.3","	2026-07-28 13:25:58"
"	6A0C0938","	Ambient","	1","	B01??(%RH)","	77.3","	2026-07-28 13:25:56"
"	6A0C0938","	Ambient","	1","	B01??(?)","	21.3","	2026-07-28 13:25:56"
"	6A0C0938","	Ambient","	1","	B01??(%RH)","	77.2","	2026-07-28 13:25:54"
"	6A0C0938","	Ambient","	1","	B01??(?)","	21.3","	2026-07-28 13:25:54"
"	6A0C0938","	Ambient","	1","	B01??(%RH)","	77.1","	2026-07-28 13:25:52"
"	6A0C0938","	Ambient","	1","	B01??(?)","	21.3","	2026-07-28 13:25:52"
"	6A0C0938","	Ambient","	1","	B01??(%RH)","	77","	2026-07-28 13:25:50"
"	6A0C0938","	Ambient","	1","	B01??(?)","	21.3","	2026-07-28 13:25:50"
"	6A0C0938","	Ambient","	1","	B01??(%RH)","	77","	2026-07-28 13:25:48"
"	6A0C0938","	Ambient","	1","	B01??(?)","	21.3","	2026-07-28 13:25:48"
"	6A0C0938","	Ambient","	1","	B01??(%RH)","	77","	2026-07-28 13:25:46"
"	6A0C0938","	Ambient","	1","	B01??(?)","	21.3","	2026-07-28 13:25:46"
"	6A0C0938","	Ambient","	1","	B01??(%RH)","	77","	2026-07-28 13:25:44"
"	6A0C0938","	Ambient","	1","	B01??(?)","	21.3","	2026-07-28 13:25:44"
"	6A0C0938","	Ambient","	1","	B01??(%RH)","	77.1","	2026-07-28 13:25:42"
"	6A0C0938","	Ambient","	1","	B01??(?)","	21.3","	2026-07-28 13:25:42"
"	6A0C0938","	Ambient","	1","	B01??(%RH)","	77.2","	2026-07-28 13:25:40"
"	6A0C0938","	Ambient","	1","	B01??(?)","	21.3","	2026-07-28 13:25:40"
"	6A0C0938","	Ambient","	1","	B01??(%RH)","	77.4","	2026-07-28 13:25:38"
"	6A0C0938","	Ambient","	1","	B01??(?)","	21.3","	2026-07-28 13:25:38"
"	6A0C0938","	Ambient","	1","	B01??(%RH)","	77.7","	2026-07-28 13:25:36"
"	6A0C0938","	Ambient","	1","	B01??(?)","	21.3","	2026-07-28 13:25:36"
"	6A0C0938","	Ambient","	1","	B01??(%RH)","	78","	2026-07-28 13:25:34"
"	6A0C0938","	Ambient","	1","	B01??(?)","	21.3","	2026-07-28 13:25:34"
"	6A0C0938","	Ambient","	1","	B01??(%RH)","	78.2","	2026-07-28 13:25:32"
"	6A0C0938","	Ambient","	1","	B01??(?)","	21.3","	2026-07-28 13:25:32"
"	6A0C0938","	Ambient","	1","	B01??(%RH)","	78.3","	2026-07-28 13:25:30"
"	6A0C0938","	Ambient","	1","	B01??(?)","	21.3","	2026-07-28 13:25:30"
"	6A0C0938","	Ambient","	1","	B01??(%RH)","	78.3","	2026-07-28 13:25:27"
"	6A0C0938","	Ambient","	1","	B01??(?)","	21.3","	2026-07-28 13:25:27"
"	6A0C0938","	Ambient","	1","	B01??(%RH)","	78.3","	2026-07-28 13:25:25"
"	6A0C0938","	Ambient","	1","	B01??(?)","	21.3","	2026-07-28 13:25:25"
"	6A0C0938","	Ambient","	1","	B01??(%RH)","	78.2","	2026-07-28 13:25:23"
"	6A0C0938","	Ambient","	1","	B01??(?)","	21.3","	2026-07-28 13:25:23"
"	6A0C0938","	Ambient","	1","	B01??(%RH)","	78.1","	2026-07-28 13:25:21"
"	6A0C0938","	Ambient","	1","	B01??(?)","	21.3","	2026-07-28 13:25:21"
"	6A0C0938","	Ambient","	1","	B01??(%RH)","	78","	2026-07-28 13:25:19"
"	6A0C0938","	Ambient","	1","	B01??(?)","	21.3","	2026-07-28 13:25:19"
"	6A0C0938","	Ambient","	1","	B01??(%RH)","	77.9","	2026-07-28 13:25:17"
"	6A0C0938","	Ambient","	1","	B01??(?)","	21.3","	2026-07-28 13:25:17"
"	6A0C0938","	Ambient","	1","	B01??(%RH)","	77.8","	2026-07-28 13:25:15"
"	6A0C0938","	Ambient","	1","	B01??(?)","	21.3","	2026-07-28 13:25:15"
"	6A0C0938","	Ambient","	1","	B01??(%RH)","	77.7","	2026-07-28 13:25:13"
"	6A0C0938","	Ambient","	1","	B01??(?)","	21.3","	2026-07-28 13:25:13"
"	6A0C0938","	Ambient","	1","	B01??(%RH)","	77.7","	2026-07-28 13:25:11"
"	6A0C0938","	Ambient","	1","	B01??(?)","	21.3","	2026-07-28 13:25:11"
"	6A0C0938","	Ambient","	1","	B01??(%RH)","	77.8","	2026-07-28 13:25:09"
"	6A0C0938","	Ambient","	1","	B01??(?)","	21.3","	2026-07-28 13:25:09"
"	6A0C0938","	Ambient","	1","	B01??(%RH)","	77.9","	2026-07-28 13:25:07"
"	6A0C0938","	Ambient","	1","	B01??(?)","	21.3","	2026-07-28 13:25:07"
"	6A0C0938","	Ambient","	1","	B01??(%RH)","	78","	2026-07-28 13:25:05"
"	6A0C0938","	Ambient","	1","	B01??(?)","	21.3","	2026-07-28 13:25:05"
"	6A0C0938","	Ambient","	1","	B01??(%RH)","	77.9","	2026-07-28 13:25:03"
"	6A0C0938","	Ambient","	1","	B01??(?)","	21.3","	2026-07-28 13:25:03"
"	6A0C0938","	Ambient","	1","	B01??(%RH)","	77.8","	2026-07-28 13:25:01"
"	6A0C0938","	Ambient","	1","	B01??(?)","	21.3","	2026-07-28 13:25:01"
"	6A0C0938","	Ambient","	1","	B01??(%RH)","	77.7","	2026-07-28 13:24:59"
"	6A0C0938","	Ambient","	1","	B01??(?)","	21.3","	2026-07-28 13:24:59"
"	6A0C0938","	Ambient","	1","	B01??(%RH)","	77.6","	2026-07-28 13:24:57"
"	6A0C0938","	Ambient","	1","	B01??(?)","	21.3","	2026-07-28 13:24:57"
"	6A0C0938","	Ambient","	1","	B01??(%RH)","	77.4","	2026-07-28 13:24:55"
"	6A0C0938","	Ambient","	1","	B01??(?)","	21.3","	2026-07-28 13:24:55"
"	6A0C0938","	Ambient","	1","	B01??(%RH)","	77.4","	2026-07-28 13:24:53"
"	6A0C0938","	Ambient","	1","	B01??(?)","	21.3","	2026-07-28 13:24:53"
"	6A0C0938","	Ambient","	1","	B01??(%RH)","	77.4","	2026-07-28 13:24:51"
"	6A0C0938","	Ambient","	1","	B01??(?)","	21.3","	2026-07-28 13:24:51"
"	6A0C0938","	Ambient","	1","	B01??(%RH)","	77.5","	2026-07-28 13:24:49"
"	6A0C0938","	Ambient","	1","	B01??(?)","	21.3","	2026-07-28 13:24:49"
"	6A0C0938","	Ambient","	1","	B01??(%RH)","	77.6","	2026-07-28 13:24:47"
"	6A0C0938","	Ambient","	1","	B01??(?)","	21.3","	2026-07-28 13:24:47"
"	6A0C0938","	Ambient","	1","	B01??(%RH)","	77.7","	2026-07-28 13:24:44"
"	6A0C0938","	Ambient","	1","	B01??(?)","	21.3","	2026-07-28 13:24:44"
"	6A0C0938","	Ambient","	1","	B01??(%RH)","	77.8","	2026-07-28 13:24:42"
"	6A0C0938","	Ambient","	1","	B01??(?)","	21.3","	2026-07-28 13:24:42"
"	6A0C0938","	Ambient","	1","	B01??(%RH)","	77.9","	2026-07-28 13:24:40"
"	6A0C0938","	Ambient","	1","	B01??(?)","	21.3","	2026-07-28 13:24:40"
"	6A0C0938","	Ambient","	1","	B01??(%RH)","	78","	2026-07-28 13:24:38"
"	6A0C0938","	Ambient","	1","	B01??(?)","	21.3","	2026-07-28 13:24:38"
"	6A0C0938","	Ambient","	1","	B01??(%RH)","	78.1","	2026-07-28 13:24:36"
"	6A0C0938","	Ambient","	1","	B01??(?)","	21.3","	2026-07-28 13:24:36"
"	6A0C0938","	Ambient","	1","	B01??(%RH)","	78.1","	2026-07-28 13:24:34"
"	6A0C0938","	Ambient","	1","	B01??(?)","	21.3","	2026-07-28 13:24:34"
"	6A0C0938","	Ambient","	1","	B01??(%RH)","	78.1","	2026-07-28 13:24:32"
"	6A0C0938","	Ambient","	1","	B01??(?)","	21.3","	2026-07-28 13:24:32"
"	6A0C0938","	Ambient","	1","	B01??(%RH)","	78.1","	2026-07-28 13:24:30"
"	6A0C0938","	Ambient","	1","	B01??(?)","	21.3","	2026-07-28 13:24:30"
"	6A0C0938","	Ambient","	1","	B01??(%RH)","	78.1","	2026-07-28 13:24:28"
"	6A0C0938","	Ambient","	1","	B01??(?)","	21.3","	2026-07-28 13:24:28"
"	6A0C0938","	Ambient","	1","	B01??(%RH)","	78.1","	2026-07-28 13:24:26"
"	6A0C0938","	Ambient","	1","	B01??(?)","	21.3","	2026-07-28 13:24:26"
"	6A0C0938","	Ambient","	1","	B01??(%RH)","	78.1","	2026-07-28 13:24:24"
"	6A0C0938","	Ambient","	1","	B01??(?)","	21.3","	2026-07-28 13:24:24"
"	6A0C0938","	Ambient","	1","	B01??(%RH)","	78.2","	2026-07-28 13:24:22"
"	6A0C0938","	Ambient","	1","	B01??(?)","	21.3","	2026-07-28 13:24:22"
"	6A0C0938","	Ambient","	1","	B01??(%RH)","	78.2","	2026-07-28 13:24:20"
"	6A0C0938","	Ambient","	1","	B01??(?)","	21.3","	2026-07-28 13:24:20"
"	6A0C0938","	Ambient","	1","	B01??(%RH)","	78.1","	2026-07-28 13:24:18"
"	6A0C0938","	Ambient","	1","	B01??(?)","	21.3","	2026-07-28 13:24:18"
"	6A0C0938","	Ambient","	1","	B01??(?)","	21.3","	2026-07-28 13:24:16"
"	6A0C0938","	Ambient","	1","	B01??(%RH)","	78.1","	2026-07-28 13:24:16"
"	6A0C0938","	Ambient","	1","	B01??(%RH)","	78","	2026-07-28 13:24:14"
"	6A0C0938","	Ambient","	1","	B01??(?)","	21.3","	2026-07-28 13:24:14"
"	6A0C0938","	Ambient","	1","	B01??(%RH)","	77.8","	2026-07-28 13:24:12"
"	6A0C0938","	Ambient","	1","	B01??(?)","	21.3","	2026-07-28 13:24:12"
"	6A0C0938","	Ambient","	1","	B01??(%RH)","	77.6","	2026-07-28 13:24:10"
"	6A0C0938","	Ambient","	1","	B01??(?)","	21.3","	2026-07-28 13:24:10"
"	6A0C0938","	Ambient","	1","	B01??(%RH)","	77.4","	2026-07-28 13:24:08"
"	6A0C0938","	Ambient","	1","	B01??(?)","	21.3","	2026-07-28 13:24:08"
"	6A0C0938","	Ambient","	1","	B01??(%RH)","	77.2","	2026-07-28 13:24:06"
"	6A0C0938","	Ambient","	1","	B01??(?)","	21.3","	2026-07-28 13:24:06"
"	6A0C0938","	Ambient","	1","	B01??(%RH)","	77.1","	2026-07-28 13:24:04"
"	6A0C0938","	Ambient","	1","	B01??(?)","	21.3","	2026-07-28 13:24:04"
"	6A0C0938","	Ambient","	1","	B01??(%RH)","	77","	2026-07-28 13:24:01"
"	6A0C0938","	Ambient","	1","	B01??(?)","	21.3","	2026-07-28 13:24:01"
"	6A0C0938","	Ambient","	1","	B01??(%RH)","	76.9","	2026-07-28 13:23:59"
"	6A0C0938","	Ambient","	1","	B01??(?)","	21.3","	2026-07-28 13:23:59"
"	6A0C0938","	Ambient","	1","	B01??(%RH)","	76.9","	2026-07-28 13:23:57"
"	6A0C0938","	Ambient","	1","	B01??(?)","	21.3","	2026-07-28 13:23:57"
"	6A0C0938","	Ambient","	1","	B01??(%RH)","	77","	2026-07-28 13:23:55"
"	6A0C0938","	Ambient","	1","	B01??(?)","	21.3","	2026-07-28 13:23:55"
"	6A0C0938","	Ambient","	1","	B01??(%RH)","	77.1","	2026-07-28 13:23:53"
"	6A0C0938","	Ambient","	1","	B01??(?)","	21.3","	2026-07-28 13:23:53"
"	6A0C0938","	Ambient","	1","	B01??(%RH)","	77.4","	2026-07-28 13:23:51"
"	6A0C0938","	Ambient","	1","	B01??(?)","	21.3","	2026-07-28 13:23:51"
"	6A0C0938","	Ambient","	1","	B01??(%RH)","	77.6","	2026-07-28 13:23:49"
"	6A0C0938","	Ambient","	1","	B01??(?)","	21.3","	2026-07-28 13:23:49"
"	6A0C0938","	Ambient","	1","	B01??(%RH)","	77.5","	2026-07-28 13:23:47"
"	6A0C0938","	Ambient","	1","	B01??(?)","	21.3","	2026-07-28 13:23:47"
"	6A0C0938","	Ambient","	1","	B01??(%RH)","	77.5","	2026-07-28 13:23:45"
"	6A0C0938","	Ambient","	1","	B01??(?)","	21.3","	2026-07-28 13:23:45"
"	6A0C0938","	Ambient","	1","	B01??(%RH)","	77.4","	2026-07-28 13:23:43"
"	6A0C0938","	Ambient","	1","	B01??(?)","	21.3","	2026-07-28 13:23:43"
"	6A0C0938","	Ambient","	1","	B01??(%RH)","	77.4","	2026-07-28 13:23:41"
"	6A0C0938","	Ambient","	1","	B01??(?)","	21.3","	2026-07-28 13:23:41"
"	6A0C0938","	Ambient","	1","	B01??(%RH)","	77.3","	2026-07-28 13:23:39"
"	6A0C0938","	Ambient","	1","	B01??(?)","	21.3","	2026-07-28 13:23:39"
"	6A0C0938","	Ambient","	1","	B01??(%RH)","	77.1","	2026-07-28 13:23:37"
"	6A0C0938","	Ambient","	1","	B01??(?)","	21.3","	2026-07-28 13:23:37"
"	6A0C0938","	Ambient","	1","	B01??(%RH)","	77","	2026-07-28 13:23:35"
"	6A0C0938","	Ambient","	1","	B01??(?)","	21.3","	2026-07-28 13:23:35"
"	6A0C0938","	Ambient","	1","	B01??(%RH)","	76.9","	2026-07-28 13:23:33"
"	6A0C0938","	Ambient","	1","	B01??(?)","	21.3","	2026-07-28 13:23:33"
"	6A0C0938","	Ambient","	1","	B01??(%RH)","	76.8","	2026-07-28 13:23:31"
"	6A0C0938","	Ambient","	1","	B01??(?)","	21.3","	2026-07-28 13:23:31"
"	6A0C0938","	Ambient","	1","	B01??(%RH)","	76.8","	2026-07-28 13:23:29"
"	6A0C0938","	Ambient","	1","	B01??(?)","	21.3","	2026-07-28 13:23:29"
"	6A0C0938","	Ambient","	1","	B01??(%RH)","	76.7","	2026-07-28 13:23:27"
"	6A0C0938","	Ambient","	1","	B01??(?)","	21.3","	2026-07-28 13:23:27"
"	6A0C0938","	Ambient","	1","	B01??(%RH)","	76.6","	2026-07-28 13:23:25"
"	6A0C0938","	Ambient","	1","	B01??(?)","	21.3","	2026-07-28 13:23:25"
"	6A0C0938","	Ambient","	1","	B01??(%RH)","	76.5","	2026-07-28 13:23:23"
"	6A0C0938","	Ambient","	1","	B01??(?)","	21.3","	2026-07-28 13:23:23"
"	6A0C0938","	Ambient","	1","	B01??(%RH)","	76.5","	2026-07-28 13:23:20"
"	6A0C0938","	Ambient","	1","	B01??(?)","	21.3","	2026-07-28 13:23:20"
"	6A0C0938","	Ambient","	1","	B01??(%RH)","	76.7","	2026-07-28 13:23:18"
"	6A0C0938","	Ambient","	1","	B01??(?)","	21.3","	2026-07-28 13:23:18"
"	6A0C0938","	Ambient","	1","	B01??(%RH)","	76.8","	2026-07-28 13:23:16"
"	6A0C0938","	Ambient","	1","	B01??(?)","	21.3","	2026-07-28 13:23:16"
"	6A0C0938","	Ambient","	1","	B01??(%RH)","	76.9","	2026-07-28 13:23:14"
"	6A0C0938","	Ambient","	1","	B01??(?)","	21.3","	2026-07-28 13:23:14"
"	6A0C0938","	Ambient","	1","	B01??(%RH)","	76.9","	2026-07-28 13:23:12"
"	6A0C0938","	Ambient","	1","	B01??(?)","	21.3","	2026-07-28 13:23:12"
"	6A0C0938","	Ambient","	1","	B01??(%RH)","	76.9","	2026-07-28 13:23:10"
"	6A0C0938","	Ambient","	1","	B01??(?)","	21.3","	2026-07-28 13:23:10"
"	6A0C0938","	Ambient","	1","	B01??(%RH)","	76.9","	2026-07-28 13:23:08"
"	6A0C0938","	Ambient","	1","	B01??(?)","	21.3","	2026-07-28 13:23:08"
"	6A0C0938","	Ambient","	1","	B01??(%RH)","	77","	2026-07-28 13:23:06"
"	6A0C0938","	Ambient","	1","	B01??(?)","	21.3","	2026-07-28 13:23:06"
"	6A0C0938","	Ambient","	1","	B01??(%RH)","	77","	2026-07-28 13:23:04"
"	6A0C0938","	Ambient","	1","	B01??(?)","	21.3","	2026-07-28 13:23:04"
"	6A0C0938","	Ambient","	1","	B01??(%RH)","	76.9","	2026-07-28 13:23:02"
"	6A0C0938","	Ambient","	1","	B01??(?)","	21.3","	2026-07-28 13:23:02"
"	6A0C0938","	Ambient","	1","	B01??(%RH)","	76.8","	2026-07-28 13:23:00"
"	6A0C0938","	Ambient","	1","	B01??(?)","	21.3","	2026-07-28 13:23:00"
"	6A0C0938","	Ambient","	1","	B01??(%RH)","	76.7","	2026-07-28 13:22:58"
"	6A0C0938","	Ambient","	1","	B01??(?)","	21.3","	2026-07-28 13:22:58"
"	6A0C0938","	Ambient","	1","	B01??(%RH)","	76.6","	2026-07-28 13:22:56"
"	6A0C0938","	Ambient","	1","	B01??(?)","	21.3","	2026-07-28 13:22:56"
"	6A0C0938","	Ambient","	1","	B01??(%RH)","	76.5","	2026-07-28 13:22:54"
"	6A0C0938","	Ambient","	1","	B01??(?)","	21.3","	2026-07-28 13:22:54"
"	6A0C0938","	Ambient","	1","	B01??(%RH)","	76.3","	2026-07-28 13:22:52"
"	6A0C0938","	Ambient","	1","	B01??(?)","	21.3","	2026-07-28 13:22:52"
"	6A0C0938","	Ambient","	1","	B01??(%RH)","	76.2","	2026-07-28 13:22:50"
"	6A0C0938","	Ambient","	1","	B01??(?)","	21.3","	2026-07-28 13:22:50"
"	6A0C0938","	Ambient","	1","	B01??(%RH)","	75.9","	2026-07-28 13:22:48"
"	6A0C0938","	Ambient","	1","	B01??(?)","	21.3","	2026-07-28 13:22:48"
"	6A0C0938","	Ambient","	1","	B01??(%RH)","	75.7","	2026-07-28 13:22:46"
"	6A0C0938","	Ambient","	1","	B01??(?)","	21.3","	2026-07-28 13:22:46"
"	6A0C0938","	Ambient","	1","	B01??(%RH)","	75.5","	2026-07-28 13:22:44"
"	6A0C0938","	Ambient","	1","	B01??(?)","	21.3","	2026-07-28 13:22:44"
"	6A0C0938","	Ambient","	1","	B01??(%RH)","	75.5","	2026-07-28 13:22:42"
"	6A0C0938","	Ambient","	1","	B01??(?)","	21.4","	2026-07-28 13:22:42"
"	6A0C0938","	Ambient","	1","	B01??(%RH)","	75.6","	2026-07-28 13:22:40"
"	6A0C0938","	Ambient","	1","	B01??(?)","	21.3","	2026-07-28 13:22:40"
"	6A0C0938","	Ambient","	1","	B01??(%RH)","	75.8","	2026-07-28 13:22:37"
"	6A0C0938","	Ambient","	1","	B01??(?)","	21.3","	2026-07-28 13:22:37"
"	6A0C0938","	Ambient","	1","	B01??(%RH)","	76","	2026-07-28 13:22:35"
"	6A0C0938","	Ambient","	1","	B01??(?)","	21.3","	2026-07-28 13:22:35"
"	6A0C0938","	Ambient","	1","	B01??(%RH)","	75.8","	2026-07-28 13:22:33"
"	6A0C0938","	Ambient","	1","	B01??(?)","	21.4","	2026-07-28 13:22:33"
"	6A0C0938","	Ambient","	1","	B01??(%RH)","	75.5","	2026-07-28 13:22:31"
"	6A0C0938","	Ambient","	1","	B01??(?)","	21.4","	2026-07-28 13:22:31"
"	6A0C0938","	Ambient","	1","	B01??(%RH)","	75.4","	2026-07-28 13:22:29"
"	6A0C0938","	Ambient","	1","	B01??(?)","	21.3","	2026-07-28 13:22:29"
"	6A0C0938","	Ambient","	1","	B01??(%RH)","	75.5","	2026-07-28 13:22:27"
"	6A0C0938","	Ambient","	1","	B01??(?)","	21.4","	2026-07-28 13:22:27"
"	6A0C0938","	Ambient","	1","	B01??(%RH)","	75.5","	2026-07-28 13:22:25"
"	6A0C0938","	Ambient","	1","	B01??(?)","	21.3","	2026-07-28 13:22:25"
"	6A0C0938","	Ambient","	1","	B01??(%RH)","	75.5","	2026-07-28 13:22:23"
"	6A0C0938","	Ambient","	1","	B01??(?)","	21.3","	2026-07-28 13:22:23"
"	6A0C0938","	Ambient","	1","	B01??(%RH)","	75.6","	2026-07-28 13:22:21"
"	6A0C0938","	Ambient","	1","	B01??(?)","	21.3","	2026-07-28 13:22:21"
"	6A0C0938","	Ambient","	1","	B01??(%RH)","	75.8","	2026-07-28 13:22:19"
"	6A0C0938","	Ambient","	1","	B01??(?)","	21.4","	2026-07-28 13:22:19"
"	6A0C0938","	Ambient","	1","	B01??(%RH)","	76","	2026-07-28 13:22:17"
"	6A0C0938","	Ambient","	1","	B01??(?)","	21.3","	2026-07-28 13:22:17"
"	6A0C0938","	Ambient","	1","	B01??(%RH)","	76.2","	2026-07-28 13:22:15"
"	6A0C0938","	Ambient","	1","	B01??(?)","	21.3","	2026-07-28 13:22:15"
"	6A0C0938","	Ambient","	1","	B01??(%RH)","	76.5","	2026-07-28 13:22:13"
"	6A0C0938","	Ambient","	1","	B01??(?)","	21.4","	2026-07-28 13:22:13"
"	6A0C0938","	Ambient","	1","	B01??(%RH)","	76.8","	2026-07-28 13:22:11"
"	6A0C0938","	Ambient","	1","	B01??(?)","	21.4","	2026-07-28 13:22:11"
"	6A0C0938","	Ambient","	1","	B01??(%RH)","	77.1","	2026-07-28 13:22:09"
"	6A0C0938","	Ambient","	1","	B01??(?)","	21.4","	2026-07-28 13:22:09"
"	6A0C0938","	Ambient","	1","	B01??(%RH)","	77.4","	2026-07-28 13:22:07"
"	6A0C0938","	Ambient","	1","	B01??(?)","	21.3","	2026-07-28 13:22:07"
"	6A0C0938","	Ambient","	1","	B01??(%RH)","	77.6","	2026-07-28 13:22:05"
"	6A0C0938","	Ambient","	1","	B01??(?)","	21.4","	2026-07-28 13:22:05"
"	6A0C0938","	Ambient","	1","	B01??(%RH)","	77.5","	2026-07-28 13:22:03"
"	6A0C0938","	Ambient","	1","	B01??(?)","	21.4","	2026-07-28 13:22:03"
"	6A0C0938","	Ambient","	1","	B01??(%RH)","	77.4","	2026-07-28 13:22:01"
"	6A0C0938","	Ambient","	1","	B01??(?)","	21.4","	2026-07-28 13:22:01"
"	6A0C0938","	Ambient","	1","	B01??(%RH)","	77.3","	2026-07-28 13:21:59"
"	6A0C0938","	Ambient","	1","	B01??(?)","	21.4","	2026-07-28 13:21:59"
"	6A0C0938","	Ambient","	1","	B01??(%RH)","	77.1","	2026-07-28 13:21:56"
"	6A0C0938","	Ambient","	1","	B01??(?)","	21.4","	2026-07-28 13:21:56"
"	6A0C0938","	Ambient","	1","	B01??(%RH)","	77","	2026-07-28 13:21:54"
"	6A0C0938","	Ambient","	1","	B01??(?)","	21.4","	2026-07-28 13:21:54"
"	6A0C0938","	Ambient","	1","	B01??(%RH)","	76.8","	2026-07-28 13:21:52"
"	6A0C0938","	Ambient","	1","	B01??(?)","	21.4","	2026-07-28 13:21:52"
"	6A0C0938","	Ambient","	1","	B01??(%RH)","	76.4","	2026-07-28 13:21:50"
"	6A0C0938","	Ambient","	1","	B01??(?)","	21.4","	2026-07-28 13:21:50"
"	6A0C0938","	Ambient","	1","	B01??(%RH)","	76","	2026-07-28 13:21:48"
"	6A0C0938","	Ambient","	1","	B01??(?)","	21.3","	2026-07-28 13:21:48"
"	6A0C0938","	Ambient","	1","	B01??(%RH)","	75.9","	2026-07-28 13:21:46"
"	6A0C0938","	Ambient","	1","	B01??(?)","	21.4","	2026-07-28 13:21:46"
"	6A0C0938","	Ambient","	1","	B01??(%RH)","	76","	2026-07-28 13:21:44"
"	6A0C0938","	Ambient","	1","	B01??(?)","	21.4","	2026-07-28 13:21:44"
"	6A0C0938","	Ambient","	1","	B01??(%RH)","	76.2","	2026-07-28 13:21:42"
"	6A0C0938","	Ambient","	1","	B01??(?)","	21.4","	2026-07-28 13:21:42"
"	6A0C0938","	Ambient","	1","	B01??(%RH)","	76.6","	2026-07-28 13:21:40"
"	6A0C0938","	Ambient","	1","	B01??(?)","	21.4","	2026-07-28 13:21:40"
"	6A0C0938","	Ambient","	1","	B01??(%RH)","	76.9","	2026-07-28 13:21:38"
"	6A0C0938","	Ambient","	1","	B01??(?)","	21.4","	2026-07-28 13:21:38"
"	6A0C0938","	Ambient","	1","	B01??(%RH)","	77","	2026-07-28 13:21:36"
"	6A0C0938","	Ambient","	1","	B01??(?)","	21.3","	2026-07-28 13:21:36"
"	6A0C0938","	Ambient","	1","	B01??(%RH)","	76.9","	2026-07-28 13:21:34"
"	6A0C0938","	Ambient","	1","	B01??(?)","	21.4","	2026-07-28 13:21:34"
"	6A0C0938","	Ambient","	1","	B01??(?)","	21.4","	2026-07-28 13:21:32"
"	6A0C0938","	Ambient","	1","	B01??(%RH)","	76.7","	2026-07-28 13:21:32"
"	6A0C0938","	Ambient","	1","	B01??(%RH)","	76.5","	2026-07-28 13:21:30"
"	6A0C0938","	Ambient","	1","	B01??(?)","	21.3","	2026-07-28 13:21:30"
"	6A0C0938","	Ambient","	1","	B01??(%RH)","	76.4","	2026-07-28 13:21:28"
"	6A0C0938","	Ambient","	1","	B01??(?)","	21.3","	2026-07-28 13:21:28"
"	6A0C0938","	Ambient","	1","	B01??(%RH)","	76.2","	2026-07-28 13:21:26"
"	6A0C0938","	Ambient","	1","	B01??(?)","	21.4","	2026-07-28 13:21:26"
"	6A0C0938","	Ambient","	1","	B01??(%RH)","	76.2","	2026-07-28 13:21:24"
"	6A0C0938","	Ambient","	1","	B01??(?)","	21.4","	2026-07-28 13:21:24"
"	6A0C0938","	Ambient","	1","	B01??(%RH)","	76.2","	2026-07-28 13:21:22"
"	6A0C0938","	Ambient","	1","	B01??(?)","	21.4","	2026-07-28 13:21:22"
"	6A0C0938","	Ambient","	1","	B01??(%RH)","	76.3","	2026-07-28 13:21:20"
"	6A0C0938","	Ambient","	1","	B01??(?)","	21.4","	2026-07-28 13:21:20"
"	6A0C0938","	Ambient","	1","	B01??(%RH)","	76.4","	2026-07-28 13:21:18"
"	6A0C0938","	Ambient","	1","	B01??(?)","	21.4","	2026-07-28 13:21:18"
"	6A0C0938","	Ambient","	1","	B01??(%RH)","	76.4","	2026-07-28 13:21:16"
"	6A0C0938","	Ambient","	1","	B01??(?)","	21.4","	2026-07-28 13:21:16"
"	6A0C0938","	Ambient","	1","	B01??(%RH)","	76.4","	2026-07-28 13:21:13"
"	6A0C0938","	Ambient","	1","	B01??(?)","	21.4","	2026-07-28 13:21:13"
"	6A0C0938","	Ambient","	1","	B01??(%RH)","	76.3","	2026-07-28 13:21:11"
"	6A0C0938","	Ambient","	1","	B01??(?)","	21.4","	2026-07-28 13:21:11"
"	6A0C0938","	Ambient","	1","	B01??(%RH)","	76.2","	2026-07-28 13:21:09"
"	6A0C0938","	Ambient","	1","	B01??(?)","	21.4","	2026-07-28 13:21:09"
"	6A0C0938","	Ambient","	1","	B01??(%RH)","	76.3","	2026-07-28 13:21:07"
"	6A0C0938","	Ambient","	1","	B01??(?)","	21.4","	2026-07-28 13:21:07"
"	6A0C0938","	Ambient","	1","	B01??(%RH)","	76.5","	2026-07-28 13:21:05"
"	6A0C0938","	Ambient","	1","	B01??(?)","	21.4","	2026-07-28 13:21:05"
"	6A0C0938","	Ambient","	1","	B01??(%RH)","	76.7","	2026-07-28 13:21:03"
"	6A0C0938","	Ambient","	1","	B01??(?)","	21.4","	2026-07-28 13:21:03"
"	6A0C0938","	Ambient","	1","	B01??(%RH)","	77.1","	2026-07-28 13:21:01"
"	6A0C0938","	Ambient","	1","	B01??(?)","	21.4","	2026-07-28 13:21:01"
"	6A0C0938","	Ambient","	1","	B01??(%RH)","	77.4","	2026-07-28 13:20:59"
"	6A0C0938","	Ambient","	1","	B01??(?)","	21.4","	2026-07-28 13:20:59"
"	6A0C0938","	Ambient","	1","	B01??(%RH)","	77.7","	2026-07-28 13:20:57"
"	6A0C0938","	Ambient","	1","	B01??(?)","	21.4","	2026-07-28 13:20:57"
"	6A0C0938","	Ambient","	1","	B01??(%RH)","	77.9","	2026-07-28 13:20:55"
"	6A0C0938","	Ambient","	1","	B01??(?)","	21.4","	2026-07-28 13:20:55"
"	6A0C0938","	Ambient","	1","	B01??(%RH)","	77.9","	2026-07-28 13:20:53"
"	6A0C0938","	Ambient","	1","	B01??(?)","	21.4","	2026-07-28 13:20:53"
"	6A0C0938","	Ambient","	1","	B01??(%RH)","	77.9","	2026-07-28 13:20:51"
"	6A0C0938","	Ambient","	1","	B01??(?)","	21.4","	2026-07-28 13:20:51"
"	6A0C0938","	Ambient","	1","	B01??(%RH)","	78","	2026-07-28 13:20:49"
"	6A0C0938","	Ambient","	1","	B01??(?)","	21.4","	2026-07-28 13:20:49"
"	6A0C0938","	Ambient","	1","	B01??(%RH)","	78.1","	2026-07-28 13:20:47"
"	6A0C0938","	Ambient","	1","	B01??(?)","	21.4","	2026-07-28 13:20:47"
"	6A0C0938","	Ambient","	1","	B01??(%RH)","	78.1","	2026-07-28 13:20:45"
"	6A0C0938","	Ambient","	1","	B01??(?)","	21.4","	2026-07-28 13:20:45"
"	6A0C0938","	Ambient","	1","	B01??(%RH)","	78.1","	2026-07-28 13:20:43"
"	6A0C0938","	Ambient","	1","	B01??(?)","	21.4","	2026-07-28 13:20:43"
"	6A0C0938","	Ambient","	1","	B01??(%RH)","	78","	2026-07-28 13:20:41"
"	6A0C0938","	Ambient","	1","	B01??(?)","	21.4","	2026-07-28 13:20:41"
"	6A0C0938","	Ambient","	1","	B01??(%RH)","	77.9","	2026-07-28 13:20:39"
"	6A0C0938","	Ambient","	1","	B01??(?)","	21.4","	2026-07-28 13:20:39"
"	6A0C0938","	Ambient","	1","	B01??(%RH)","	77.8","	2026-07-28 13:20:37"
"	6A0C0938","	Ambient","	1","	B01??(?)","	21.4","	2026-07-28 13:20:37"
"	6A0C0938","	Ambient","	1","	B01??(%RH)","	77.7","	2026-07-28 13:20:35"
"	6A0C0938","	Ambient","	1","	B01??(?)","	21.4","	2026-07-28 13:20:35"
"	6A0C0938","	Ambient","	1","	B01??(%RH)","	77.5","	2026-07-28 13:20:32"
"	6A0C0938","	Ambient","	1","	B01??(?)","	21.4","	2026-07-28 13:20:32"
"	6A0C0938","	Ambient","	1","	B01??(%RH)","	77.3","	2026-07-28 13:20:30"
"	6A0C0938","	Ambient","	1","	B01??(?)","	21.4","	2026-07-28 13:20:30"
"	6A0C0938","	Ambient","	1","	B01??(%RH)","	77","	2026-07-28 13:20:28"
"	6A0C0938","	Ambient","	1","	B01??(?)","	21.4","	2026-07-28 13:20:28"
"	6A0C0938","	Ambient","	1","	B01??(%RH)","	76.8","	2026-07-28 13:20:26"
"	6A0C0938","	Ambient","	1","	B01??(?)","	21.4","	2026-07-28 13:20:26"
"	6A0C0938","	Ambient","	1","	B01??(%RH)","	76.5","	2026-07-28 13:20:24"
"	6A0C0938","	Ambient","	1","	B01??(?)","	21.4","	2026-07-28 13:20:24"
"	6A0C0938","	Ambient","	1","	B01??(%RH)","	76.4","	2026-07-28 13:20:22"
"	6A0C0938","	Ambient","	1","	B01??(?)","	21.4","	2026-07-28 13:20:22"
"	6A0C0938","	Ambient","	1","	B01??(%RH)","	76.4","	2026-07-28 13:20:20"
"	6A0C0938","	Ambient","	1","	B01??(?)","	21.4","	2026-07-28 13:20:20"
"	6A0C0938","	Ambient","	1","	B01??(%RH)","	76.5","	2026-07-28 13:20:18"
"	6A0C0938","	Ambient","	1","	B01??(?)","	21.4","	2026-07-28 13:20:18"
"	6A0C0938","	Ambient","	1","	B01??(%RH)","	76.7","	2026-07-28 13:20:16"
"	6A0C0938","	Ambient","	1","	B01??(?)","	21.4","	2026-07-28 13:20:16"
"	6A0C0938","	Ambient","	1","	B01??(%RH)","	77","	2026-07-28 13:20:14"
"	6A0C0938","	Ambient","	1","	B01??(?)","	21.4","	2026-07-28 13:20:14"
"	6A0C0938","	Ambient","	1","	B01??(%RH)","	77.3","	2026-07-28 13:20:12"
"	6A0C0938","	Ambient","	1","	B01??(?)","	21.4","	2026-07-28 13:20:12"
"	6A0C0938","	Ambient","	1","	B01??(%RH)","	77.5","	2026-07-28 13:20:10"
"	6A0C0938","	Ambient","	1","	B01??(?)","	21.4","	2026-07-28 13:20:10"
"	6A0C0938","	Ambient","	1","	B01??(%RH)","	77.5","	2026-07-28 13:20:08"
"	6A0C0938","	Ambient","	1","	B01??(?)","	21.4","	2026-07-28 13:20:08"
"	6A0C0938","	Ambient","	1","	B01??(%RH)","	77.2","	2026-07-28 13:20:06"
"	6A0C0938","	Ambient","	1","	B01??(?)","	21.4","	2026-07-28 13:20:06"
"	6A0C0938","	Ambient","	1","	B01??(%RH)","	77","	2026-07-28 13:20:04"
"	6A0C0938","	Ambient","	1","	B01??(?)","	21.4","	2026-07-28 13:20:04"
"	6A0C0938","	Ambient","	1","	B01??(%RH)","	76.7","	2026-07-28 13:20:02"
"	6A0C0938","	Ambient","	1","	B01??(?)","	21.4","	2026-07-28 13:20:02"
"	6A0C0938","	Ambient","	1","	B01??(%RH)","	76.6","	2026-07-28 13:20:00"
"	6A0C0938","	Ambient","	1","	B01??(?)","	21.4","	2026-07-28 13:20:00"
"	6A0C0938","	Ambient","	1","	B01??(%RH)","	76.6","	2026-07-28 13:19:58"
"	6A0C0938","	Ambient","	1","	B01??(?)","	21.4","	2026-07-28 13:19:58"
"	6A0C0938","	Ambient","	1","	B01??(%RH)","	76.7","	2026-07-28 13:19:56"
"	6A0C0938","	Ambient","	1","	B01??(?)","	21.4","	2026-07-28 13:19:56"
"	6A0C0938","	Ambient","	1","	B01??(%RH)","	76.8","	2026-07-28 13:19:54"
"	6A0C0938","	Ambient","	1","	B01??(?)","	21.4","	2026-07-28 13:19:54"
"	6A0C0938","	Ambient","	1","	B01??(%RH)","	76.9","	2026-07-28 13:19:52"
"	6A0C0938","	Ambient","	1","	B01??(?)","	21.4","	2026-07-28 13:19:52"
"	6A0C0938","	Ambient","	1","	B01??(%RH)","	76.9","	2026-07-28 13:19:49"
"	6A0C0938","	Ambient","	1","	B01??(?)","	21.4","	2026-07-28 13:19:49"
"	6A0C0938","	Ambient","	1","	B01??(%RH)","	76.9","	2026-07-28 13:19:47"
"	6A0C0938","	Ambient","	1","	B01??(?)","	21.4","	2026-07-28 13:19:47"
"	6A0C0938","	Ambient","	1","	B01??(%RH)","	77","	2026-07-28 13:19:45"
"	6A0C0938","	Ambient","	1","	B01??(?)","	21.4","	2026-07-28 13:19:45"
"	6A0C0938","	Ambient","	1","	B01??(%RH)","	77.1","	2026-07-28 13:19:43"
"	6A0C0938","	Ambient","	1","	B01??(?)","	21.4","	2026-07-28 13:19:43"
"	6A0C0938","	Ambient","	1","	B01??(%RH)","	77.1","	2026-07-28 13:19:41"
"	6A0C0938","	Ambient","	1","	B01??(?)","	21.4","	2026-07-28 13:19:41"
"	6A0C0938","	Ambient","	1","	B01??(%RH)","	77.1","	2026-07-28 13:19:39"
"	6A0C0938","	Ambient","	1","	B01??(?)","	21.4","	2026-07-28 13:19:39"
"	6A0C0938","	Ambient","	1","	B01??(%RH)","	77","	2026-07-28 13:19:37"
"	6A0C0938","	Ambient","	1","	B01??(?)","	21.4","	2026-07-28 13:19:37"
"	6A0C0938","	Ambient","	1","	B01??(%RH)","	76.7","	2026-07-28 13:19:35"
"	6A0C0938","	Ambient","	1","	B01??(?)","	21.4","	2026-07-28 13:19:35"
"	6A0C0938","	Ambient","	1","	B01??(%RH)","	76.4","	2026-07-28 13:19:33"
"	6A0C0938","	Ambient","	1","	B01??(?)","	21.4","	2026-07-28 13:19:33"
"	6A0C0938","	Ambient","	1","	B01??(%RH)","	76.3","	2026-07-28 13:19:31"
"	6A0C0938","	Ambient","	1","	B01??(?)","	21.4","	2026-07-28 13:19:31"
"	6A0C0938","	Ambient","	1","	B01??(%RH)","	76.3","	2026-07-28 13:19:29"
"	6A0C0938","	Ambient","	1","	B01??(?)","	21.4","	2026-07-28 13:19:29"
"	6A0C0938","	Ambient","	1","	B01??(?)","	21.4","	2026-07-28 13:19:27"
"	6A0C0938","	Ambient","	1","	B01??(%RH)","	76.3","	2026-07-28 13:19:27"
"	6A0C0938","	Ambient","	1","	B01??(%RH)","	76.2","	2026-07-28 13:19:25"
"	6A0C0938","	Ambient","	1","	B01??(?)","	21.4","	2026-07-28 13:19:25"
"	6A0C0938","	Ambient","	1","	B01??(%RH)","	76.1","	2026-07-28 13:19:23"
"	6A0C0938","	Ambient","	1","	B01??(?)","	21.4","	2026-07-28 13:19:23"
"	6A0C0938","	Ambient","	1","	B01??(%RH)","	76.1","	2026-07-28 13:19:21"
"	6A0C0938","	Ambient","	1","	B01??(?)","	21.4","	2026-07-28 13:19:21"
"	6A0C0938","	Ambient","	1","	B01??(%RH)","	76","	2026-07-28 13:19:19"
"	6A0C0938","	Ambient","	1","	B01??(?)","	21.4","	2026-07-28 13:19:19"
"	6A0C0938","	Ambient","	1","	B01??(%RH)","	75.9","	2026-07-28 13:19:17"
"	6A0C0938","	Ambient","	1","	B01??(?)","	21.4","	2026-07-28 13:19:17"
"	6A0C0938","	Ambient","	1","	B01??(%RH)","	76","	2026-07-28 13:19:15"
"	6A0C0938","	Ambient","	1","	B01??(?)","	21.4","	2026-07-28 13:19:15"
"	6A0C0938","	Ambient","	1","	B01??(%RH)","	76","	2026-07-28 13:19:13"
"	6A0C0938","	Ambient","	1","	B01??(?)","	21.4","	2026-07-28 13:19:13"
"	6A0C0938","	Ambient","	1","	B01??(%RH)","	76.1","	2026-07-28 13:19:11"
"	6A0C0938","	Ambient","	1","	B01??(?)","	21.4","	2026-07-28 13:19:11"
"	6A0C0938","	Ambient","	1","	B01??(%RH)","	76.3","	2026-07-28 13:19:09"
"	6A0C0938","	Ambient","	1","	B01??(?)","	21.4","	2026-07-28 13:19:09"
"	6A0C0938","	Ambient","	1","	B01??(%RH)","	76.3","	2026-07-28 13:19:06"
"	6A0C0938","	Ambient","	1","	B01??(?)","	21.4","	2026-07-28 13:19:06"
"	6A0C0938","	Ambient","	1","	B01??(%RH)","	76.4","	2026-07-28 13:19:04"
"	6A0C0938","	Ambient","	1","	B01??(?)","	21.4","	2026-07-28 13:19:04"
"	6A0C0938","	Ambient","	1","	B01??(%RH)","	76.3","	2026-07-28 13:19:02"
"	6A0C0938","	Ambient","	1","	B01??(?)","	21.4","	2026-07-28 13:19:02"
"	6A0C0938","	Ambient","	1","	B01??(%RH)","	76.3","	2026-07-28 13:19:00"
"	6A0C0938","	Ambient","	1","	B01??(?)","	21.4","	2026-07-28 13:19:00"
"	6A0C0938","	Ambient","	1","	B01??(%RH)","	76.5","	2026-07-28 13:18:58"
"	6A0C0938","	Ambient","	1","	B01??(?)","	21.4","	2026-07-28 13:18:58"
"	6A0C0938","	Ambient","	1","	B01??(%RH)","	76.7","	2026-07-28 13:18:56"
"	6A0C0938","	Ambient","	1","	B01??(?)","	21.4","	2026-07-28 13:18:56"
"	6A0C0938","	Ambient","	1","	B01??(%RH)","	77","	2026-07-28 13:18:54"
"	6A0C0938","	Ambient","	1","	B01??(?)","	21.4","	2026-07-28 13:18:54"
"	6A0C0938","	Ambient","	1","	B01??(%RH)","	77.2","	2026-07-28 13:18:52"
"	6A0C0938","	Ambient","	1","	B01??(?)","	21.4","	2026-07-28 13:18:52"
"	6A0C0938","	Ambient","	1","	B01??(%RH)","	77.4","	2026-07-28 13:18:50"
"	6A0C0938","	Ambient","	1","	B01??(?)","	21.4","	2026-07-28 13:18:50"
"	6A0C0938","	Ambient","	1","	B01??(%RH)","	77.5","	2026-07-28 13:18:48"
"	6A0C0938","	Ambient","	1","	B01??(?)","	21.4","	2026-07-28 13:18:48"
"	6A0C0938","	Ambient","	1","	B01??(%RH)","	77.5","	2026-07-28 13:18:46"
"	6A0C0938","	Ambient","	1","	B01??(?)","	21.5","	2026-07-28 13:18:46"
"	6A0C0938","	Ambient","	1","	B01??(%RH)","	77.5","	2026-07-28 13:18:44"
"	6A0C0938","	Ambient","	1","	B01??(?)","	21.4","	2026-07-28 13:18:44"
"	6A0C0938","	Ambient","	1","	B01??(%RH)","	77.5","	2026-07-28 13:18:42"
"	6A0C0938","	Ambient","	1","	B01??(?)","	21.4","	2026-07-28 13:18:42"
"	6A0C0938","	Ambient","	1","	B01??(%RH)","	77.4","	2026-07-28 13:18:40"
"	6A0C0938","	Ambient","	1","	B01??(?)","	21.4","	2026-07-28 13:18:40"
"	6A0C0938","	Ambient","	1","	B01??(%RH)","	77.4","	2026-07-28 13:18:38"
"	6A0C0938","	Ambient","	1","	B01??(?)","	21.4","	2026-07-28 13:18:38"
"	6A0C0938","	Ambient","	1","	B01??(%RH)","	77.3","	2026-07-28 13:18:36"
"	6A0C0938","	Ambient","	1","	B01??(?)","	21.4","	2026-07-28 13:18:36"
"	6A0C0938","	Ambient","	1","	B01??(%RH)","	77.2","	2026-07-28 13:18:34"
"	6A0C0938","	Ambient","	1","	B01??(?)","	21.5","	2026-07-28 13:18:34"
"	6A0C0938","	Ambient","	1","	B01??(%RH)","	76.9","	2026-07-28 13:18:32"
"	6A0C0938","	Ambient","	1","	B01??(?)","	21.5","	2026-07-28 13:18:32"
"	6A0C0938","	Ambient","	1","	B01??(%RH)","	76.9","	2026-07-28 13:18:30"
"	6A0C0938","	Ambient","	1","	B01??(?)","	21.4","	2026-07-28 13:18:30"
"	6A0C0938","	Ambient","	1","	B01??(%RH)","	76.8","	2026-07-28 13:18:28"
"	6A0C0938","	Ambient","	1","	B01??(?)","	21.5","	2026-07-28 13:18:28"
"	6A0C0938","	Ambient","	1","	B01??(%RH)","	76.7","	2026-07-28 13:18:26"
"	6A0C0938","	Ambient","	1","	B01??(?)","	21.5","	2026-07-28 13:18:26"
"	6A0C0938","	Ambient","	1","	B01??(%RH)","	76.5","	2026-07-28 13:18:23"
"	6A0C0938","	Ambient","	1","	B01??(?)","	21.5","	2026-07-28 13:18:23"
"	6A0C0938","	Ambient","	1","	B01??(%RH)","	76.3","	2026-07-28 13:18:21"
"	6A0C0938","	Ambient","	1","	B01??(?)","	21.5","	2026-07-28 13:18:21"
"	6A0C0938","	Ambient","	1","	B01??(%RH)","	76","	2026-07-28 13:18:19"
"	6A0C0938","	Ambient","	1","	B01??(?)","	21.5","	2026-07-28 13:18:19"
"	6A0C0938","	Ambient","	1","	B01??(%RH)","	75.9","	2026-07-28 13:18:17"
"	6A0C0938","	Ambient","	1","	B01??(?)","	21.5","	2026-07-28 13:18:17"
"	6A0C0938","	Ambient","	1","	B01??(%RH)","	75.8","	2026-07-28 13:18:15"
"	6A0C0938","	Ambient","	1","	B01??(?)","	21.5","	2026-07-28 13:18:15"
"	6A0C0938","	Ambient","	1","	B01??(%RH)","	75.8","	2026-07-28 13:18:13"
"	6A0C0938","	Ambient","	1","	B01??(?)","	21.5","	2026-07-28 13:18:13"
"	6A0C0938","	Ambient","	1","	B01??(%RH)","	75.9","	2026-07-28 13:18:11"
"	6A0C0938","	Ambient","	1","	B01??(?)","	21.5","	2026-07-28 13:18:11"
"	6A0C0938","	Ambient","	1","	B01??(%RH)","	75.8","	2026-07-28 13:18:09"
"	6A0C0938","	Ambient","	1","	B01??(?)","	21.5","	2026-07-28 13:18:09"
"	6A0C0938","	Ambient","	1","	B01??(%RH)","	75.6","	2026-07-28 13:18:07"
"	6A0C0938","	Ambient","	1","	B01??(?)","	21.5","	2026-07-28 13:18:07"
"	6A0C0938","	Ambient","	1","	B01??(%RH)","	75.4","	2026-07-28 13:18:05"
"	6A0C0938","	Ambient","	1","	B01??(?)","	21.5","	2026-07-28 13:18:05"
"	6A0C0938","	Ambient","	1","	B01??(%RH)","	75.2","	2026-07-28 13:18:03"
"	6A0C0938","	Ambient","	1","	B01??(?)","	21.5","	2026-07-28 13:18:03"
"	6A0C0938","	Ambient","	1","	B01??(%RH)","	75","	2026-07-28 13:18:01"
"	6A0C0938","	Ambient","	1","	B01??(?)","	21.5","	2026-07-28 13:18:01"
"	6A0C0938","	Ambient","	1","	B01??(%RH)","	75","	2026-07-28 13:17:59"
"	6A0C0938","	Ambient","	1","	B01??(?)","	21.5","	2026-07-28 13:17:59"
"	6A0C0938","	Ambient","	1","	B01??(%RH)","	74.8","	2026-07-28 13:17:57"
"	6A0C0938","	Ambient","	1","	B01??(?)","	21.5","	2026-07-28 13:17:57"
"	6A0C0938","	Ambient","	1","	B01??(%RH)","	74.8","	2026-07-28 13:17:55"
"	6A0C0938","	Ambient","	1","	B01??(?)","	21.5","	2026-07-28 13:17:55"
"	6A0C0938","	Ambient","	1","	B01??(%RH)","	74.8","	2026-07-28 13:17:53"
"	6A0C0938","	Ambient","	1","	B01??(?)","	21.5","	2026-07-28 13:17:53"
"	6A0C0938","	Ambient","	1","	B01??(%RH)","	74.9","	2026-07-28 13:17:51"
"	6A0C0938","	Ambient","	1","	B01??(?)","	21.5","	2026-07-28 13:17:51"
"	6A0C0938","	Ambient","	1","	B01??(%RH)","	75.1","	2026-07-28 13:17:49"
"	6A0C0938","	Ambient","	1","	B01??(?)","	21.5","	2026-07-28 13:17:49"
"	6A0C0938","	Ambient","	1","	B01??(%RH)","	75.2","	2026-07-28 13:17:47"
"	6A0C0938","	Ambient","	1","	B01??(?)","	21.5","	2026-07-28 13:17:47"
"	6A0C0938","	Ambient","	1","	B01??(%RH)","	75.5","	2026-07-28 13:17:45"
"	6A0C0938","	Ambient","	1","	B01??(?)","	21.5","	2026-07-28 13:17:45"
"	6A0C0938","	Ambient","	1","	B01??(%RH)","	75.7","	2026-07-28 13:17:43"
"	6A0C0938","	Ambient","	1","	B01??(?)","	21.5","	2026-07-28 13:17:43"
"	6A0C0938","	Ambient","	1","	B01??(%RH)","	75.8","	2026-07-28 13:17:40"
"	6A0C0938","	Ambient","	1","	B01??(?)","	21.5","	2026-07-28 13:17:40"
"	6A0C0938","	Ambient","	1","	B01??(%RH)","	75.8","	2026-07-28 13:17:38"
"	6A0C0938","	Ambient","	1","	B01??(?)","	21.5","	2026-07-28 13:17:38"
"	6A0C0938","	Ambient","	1","	B01??(%RH)","	75.9","	2026-07-28 13:17:36"
"	6A0C0938","	Ambient","	1","	B01??(?)","	21.5","	2026-07-28 13:17:36"
"	6A0C0938","	Ambient","	1","	B01??(%RH)","	75.8","	2026-07-28 13:17:34"
"	6A0C0938","	Ambient","	1","	B01??(?)","	21.5","	2026-07-28 13:17:34"
"	6A0C0938","	Ambient","	1","	B01??(%RH)","	75.8","	2026-07-28 13:17:32"
"	6A0C0938","	Ambient","	1","	B01??(?)","	21.5","	2026-07-28 13:17:32"
"	6A0C0938","	Ambient","	1","	B01??(%RH)","	75.7","	2026-07-28 13:17:30"
"	6A0C0938","	Ambient","	1","	B01??(?)","	21.5","	2026-07-28 13:17:30"
"	6A0C0938","	Ambient","	1","	B01??(%RH)","	75.7","	2026-07-28 13:17:28"
"	6A0C0938","	Ambient","	1","	B01??(?)","	21.5","	2026-07-28 13:17:28"
"	6A0C0938","	Ambient","	1","	B01??(%RH)","	75.7","	2026-07-28 13:17:26"
"	6A0C0938","	Ambient","	1","	B01??(?)","	21.5","	2026-07-28 13:17:26"
"	6A0C0938","	Ambient","	1","	B01??(%RH)","	75.7","	2026-07-28 13:17:24"
"	6A0C0938","	Ambient","	1","	B01??(?)","	21.5","	2026-07-28 13:17:24"
"	6A0C0938","	Ambient","	1","	B01??(%RH)","	75.9","	2026-07-28 13:17:22"
"	6A0C0938","	Ambient","	1","	B01??(?)","	21.5","	2026-07-28 13:17:22"
"	6A0C0938","	Ambient","	1","	B01??(%RH)","	76","	2026-07-28 13:17:20"
"	6A0C0938","	Ambient","	1","	B01??(?)","	21.5","	2026-07-28 13:17:20"
"	6A0C0938","	Ambient","	1","	B01??(%RH)","	76","	2026-07-28 13:17:18"
"	6A0C0938","	Ambient","	1","	B01??(?)","	21.5","	2026-07-28 13:17:18"
"	6A0C0938","	Ambient","	1","	B01??(%RH)","	76","	2026-07-28 13:17:16"
"	6A0C0938","	Ambient","	1","	B01??(?)","	21.5","	2026-07-28 13:17:16"
"	6A0C0938","	Ambient","	1","	B01??(%RH)","	76.1","	2026-07-28 13:17:14"
"	6A0C0938","	Ambient","	1","	B01??(?)","	21.5","	2026-07-28 13:17:14"
"	6A0C0938","	Ambient","	1","	B01??(%RH)","	76","	2026-07-28 13:17:12"
"	6A0C0938","	Ambient","	1","	B01??(?)","	21.5","	2026-07-28 13:17:12"
"	6A0C0938","	Ambient","	1","	B01??(%RH)","	75.9","	2026-07-28 13:17:10"
"	6A0C0938","	Ambient","	1","	B01??(?)","	21.5","	2026-07-28 13:17:10"
"	6A0C0938","	Ambient","	1","	B01??(%RH)","	75.7","	2026-07-28 13:17:08"
"	6A0C0938","	Ambient","	1","	B01??(?)","	21.5","	2026-07-28 13:17:08"
"	6A0C0938","	Ambient","	1","	B01??(%RH)","	75.5","	2026-07-28 13:17:06"
"	6A0C0938","	Ambient","	1","	B01??(?)","	21.5","	2026-07-28 13:17:06"
"	6A0C0938","	Ambient","	1","	B01??(%RH)","	75.4","	2026-07-28 13:17:04"
"	6A0C0938","	Ambient","	1","	B01??(?)","	21.5","	2026-07-28 13:17:04"
"	6A0C0938","	Ambient","	1","	B01??(%RH)","	75.2","	2026-07-28 13:17:02"
"	6A0C0938","	Ambient","	1","	B01??(?)","	21.5","	2026-07-28 13:17:02"
"	6A0C0938","	Ambient","	1","	B01??(%RH)","	74.9","	2026-07-28 13:16:59"
"	6A0C0938","	Ambient","	1","	B01??(?)","	21.5","	2026-07-28 13:16:59"
"	6A0C0938","	Ambient","	1","	B01??(?)","	21.5","	2026-07-28 13:16:57"
"	6A0C0938","	Ambient","	1","	B01??(%RH)","	74.8","	2026-07-28 13:16:57"
"	6A0C0938","	Ambient","	1","	B01??(%RH)","	75","	2026-07-28 13:16:55"
"	6A0C0938","	Ambient","	1","	B01??(?)","	21.5","	2026-07-28 13:16:55"
"	6A0C0938","	Ambient","	1","	B01??(%RH)","	75.3","	2026-07-28 13:16:53"
"	6A0C0938","	Ambient","	1","	B01??(?)","	21.5","	2026-07-28 13:16:53"
"	6A0C0938","	Ambient","	1","	B01??(%RH)","	75.6","	2026-07-28 13:16:51"
"	6A0C0938","	Ambient","	1","	B01??(?)","	21.5","	2026-07-28 13:16:51"
"	6A0C0938","	Ambient","	1","	B01??(%RH)","	76","	2026-07-28 13:16:49"
"	6A0C0938","	Ambient","	1","	B01??(?)","	21.5","	2026-07-28 13:16:49"
"	6A0C0938","	Ambient","	1","	B01??(%RH)","	76.2","	2026-07-28 13:16:47"
"	6A0C0938","	Ambient","	1","	B01??(?)","	21.5","	2026-07-28 13:16:47"
"	6A0C0938","	Ambient","	1","	B01??(%RH)","	76.5","	2026-07-28 13:16:45"
"	6A0C0938","	Ambient","	1","	B01??(?)","	21.5","	2026-07-28 13:16:45"
"	6A0C0938","	Ambient","	1","	B01??(%RH)","	76.6","	2026-07-28 13:16:43"
"	6A0C0938","	Ambient","	1","	B01??(?)","	21.6","	2026-07-28 13:16:43"
"	6A0C0938","	Ambient","	1","	B01??(%RH)","	76.6","	2026-07-28 13:16:41"
"	6A0C0938","	Ambient","	1","	B01??(?)","	21.6","	2026-07-28 13:16:41"
"	6A0C0938","	Ambient","	1","	B01??(%RH)","	76.5","	2026-07-28 13:16:39"
"	6A0C0938","	Ambient","	1","	B01??(?)","	21.6","	2026-07-28 13:16:39"
"	6A0C0938","	Ambient","	1","	B01??(%RH)","	76.3","	2026-07-28 13:16:37"
"	6A0C0938","	Ambient","	1","	B01??(?)","	21.6","	2026-07-28 13:16:37"
"	6A0C0938","	Ambient","	1","	B01??(%RH)","	76.1","	2026-07-28 13:16:35"
"	6A0C0938","	Ambient","	1","	B01??(?)","	21.5","	2026-07-28 13:16:35"
"	6A0C0938","	Ambient","	1","	B01??(%RH)","	75.9","	2026-07-28 13:16:33"
"	6A0C0938","	Ambient","	1","	B01??(?)","	21.6","	2026-07-28 13:16:33"
"	6A0C0938","	Ambient","	1","	B01??(%RH)","	75.7","	2026-07-28 13:16:31"
"	6A0C0938","	Ambient","	1","	B01??(?)","	21.6","	2026-07-28 13:16:31"
"	6A0C0938","	Ambient","	1","	B01??(%RH)","	75.7","	2026-07-28 13:16:29"
"	6A0C0938","	Ambient","	1","	B01??(?)","	21.6","	2026-07-28 13:16:29"
"	6A0C0938","	Ambient","	1","	B01??(%RH)","	75.7","	2026-07-28 13:16:27"
"	6A0C0938","	Ambient","	1","	B01??(?)","	21.6","	2026-07-28 13:16:27"
"	6A0C0938","	Ambient","	1","	B01??(%RH)","	75.7","	2026-07-28 13:16:25"
"	6A0C0938","	Ambient","	1","	B01??(?)","	21.6","	2026-07-28 13:16:25"
"	6A0C0938","	Ambient","	1","	B01??(%RH)","	75.6","	2026-07-28 13:16:23"
"	6A0C0938","	Ambient","	1","	B01??(?)","	21.6","	2026-07-28 13:16:23"
"	6A0C0938","	Ambient","	1","	B01??(%RH)","	75.5","	2026-07-28 13:16:21"
"	6A0C0938","	Ambient","	1","	B01??(?)","	21.6","	2026-07-28 13:16:21"
"	6A0C0938","	Ambient","	1","	B01??(%RH)","	75.4","	2026-07-28 13:16:18"
"	6A0C0938","	Ambient","	1","	B01??(?)","	21.6","	2026-07-28 13:16:18"
"	6A0C0938","	Ambient","	1","	B01??(%RH)","	75.3","	2026-07-28 13:16:16"
"	6A0C0938","	Ambient","	1","	B01??(?)","	21.6","	2026-07-28 13:16:16"
"	6A0C0938","	Ambient","	1","	B01??(%RH)","	75.4","	2026-07-28 13:16:14"
"	6A0C0938","	Ambient","	1","	B01??(?)","	21.6","	2026-07-28 13:16:14"
"	6A0C0938","	Ambient","	1","	B01??(%RH)","	75.5","	2026-07-28 13:16:12"
"	6A0C0938","	Ambient","	1","	B01??(?)","	21.6","	2026-07-28 13:16:12"
"	6A0C0938","	Ambient","	1","	B01??(%RH)","	75.7","	2026-07-28 13:16:10"
"	6A0C0938","	Ambient","	1","	B01??(?)","	21.6","	2026-07-28 13:16:10"
"	6A0C0938","	Ambient","	1","	B01??(%RH)","	75.9","	2026-07-28 13:16:08"
"	6A0C0938","	Ambient","	1","	B01??(?)","	21.6","	2026-07-28 13:16:08"
"	6A0C0938","	Ambient","	1","	B01??(%RH)","	76","	2026-07-28 13:16:06"
"	6A0C0938","	Ambient","	1","	B01??(?)","	21.6","	2026-07-28 13:16:06"
"	6A0C0938","	Ambient","	1","	B01??(%RH)","	76.1","	2026-07-28 13:16:04"
"	6A0C0938","	Ambient","	1","	B01??(?)","	21.6","	2026-07-28 13:16:04"
"	6A0C0938","	Ambient","	1","	B01??(%RH)","	76.1","	2026-07-28 13:16:02"
"	6A0C0938","	Ambient","	1","	B01??(?)","	21.6","	2026-07-28 13:16:02"
"	6A0C0938","	Ambient","	1","	B01??(%RH)","	76","	2026-07-28 13:16:00"
"	6A0C0938","	Ambient","	1","	B01??(?)","	21.6","	2026-07-28 13:16:00"
"	6A0C0938","	Ambient","	1","	B01??(%RH)","	75.8","	2026-07-28 13:15:58"
"	6A0C0938","	Ambient","	1","	B01??(?)","	21.6","	2026-07-28 13:15:58"
"	6A0C0938","	Ambient","	1","	B01??(%RH)","	75.6","	2026-07-28 13:15:56"
"	6A0C0938","	Ambient","	1","	B01??(?)","	21.6","	2026-07-28 13:15:56"
"	6A0C0938","	Ambient","	1","	B01??(%RH)","	75.5","	2026-07-28 13:15:54"
"	6A0C0938","	Ambient","	1","	B01??(?)","	21.6","	2026-07-28 13:15:54"
"	6A0C0938","	Ambient","	1","	B01??(%RH)","	75.3","	2026-07-28 13:15:52"
"	6A0C0938","	Ambient","	1","	B01??(?)","	21.6","	2026-07-28 13:15:52"
"	6A0C0938","	Ambient","	1","	B01??(%RH)","	75.2","	2026-07-28 13:15:50"
"	6A0C0938","	Ambient","	1","	B01??(?)","	21.6","	2026-07-28 13:15:50"
"	6A0C0938","	Ambient","	1","	B01??(%RH)","	75.2","	2026-07-28 13:15:48"
"	6A0C0938","	Ambient","	1","	B01??(?)","	21.6","	2026-07-28 13:15:48"
"	6A0C0938","	Ambient","	1","	B01??(%RH)","	75.3","	2026-07-28 13:15:46"
"	6A0C0938","	Ambient","	1","	B01??(?)","	21.6","	2026-07-28 13:15:46"
"	6A0C0938","	Ambient","	1","	B01??(%RH)","	75.5","	2026-07-28 13:15:44"
"	6A0C0938","	Ambient","	1","	B01??(?)","	21.6","	2026-07-28 13:15:44"
"	6A0C0938","	Ambient","	1","	B01??(%RH)","	75.9","	2026-07-28 13:15:42"
"	6A0C0938","	Ambient","	1","	B01??(?)","	21.6","	2026-07-28 13:15:42"
"	6A0C0938","	Ambient","	1","	B01??(%RH)","	76.3","	2026-07-28 13:15:40"
"	6A0C0938","	Ambient","	1","	B01??(?)","	21.6","	2026-07-28 13:15:40"
"	6A0C0938","	Ambient","	1","	B01??(%RH)","	76.6","	2026-07-28 13:15:38"
"	6A0C0938","	Ambient","	1","	B01??(?)","	21.6","	2026-07-28 13:15:38"
"	6A0C0938","	Ambient","	1","	B01??(%RH)","	76.5","	2026-07-28 13:15:35"
"	6A0C0938","	Ambient","	1","	B01??(?)","	21.6","	2026-07-28 13:15:35"
"	6A0C0938","	Ambient","	1","	B01??(%RH)","	76.2","	2026-07-28 13:15:33"
"	6A0C0938","	Ambient","	1","	B01??(?)","	21.6","	2026-07-28 13:15:33"
"	6A0C0938","	Ambient","	1","	B01??(%RH)","	75.8","	2026-07-28 13:15:31"
"	6A0C0938","	Ambient","	1","	B01??(?)","	21.6","	2026-07-28 13:15:31"
"	6A0C0938","	Ambient","	1","	B01??(%RH)","	75.3","	2026-07-28 13:15:29"
"	6A0C0938","	Ambient","	1","	B01??(?)","	21.6","	2026-07-28 13:15:29"
"	6A0C0938","	Ambient","	1","	B01??(%RH)","	74.8","	2026-07-28 13:15:27"
"	6A0C0938","	Ambient","	1","	B01??(?)","	21.6","	2026-07-28 13:15:27"
"	6A0C0938","	Ambient","	1","	B01??(%RH)","	74.3","	2026-07-28 13:15:25"
"	6A0C0938","	Ambient","	1","	B01??(?)","	21.7","	2026-07-28 13:15:25"
"	6A0C0938","	Ambient","	1","	B01??(%RH)","	74.2","	2026-07-28 13:15:23"
"	6A0C0938","	Ambient","	1","	B01??(?)","	21.6","	2026-07-28 13:15:23"
"	6A0C0938","	Ambient","	1","	B01??(%RH)","	74.4","	2026-07-28 13:15:21"
"	6A0C0938","	Ambient","	1","	B01??(?)","	21.7","	2026-07-28 13:15:21"
"	6A0C0938","	Ambient","	1","	B01??(%RH)","	74.7","	2026-07-28 13:15:19"
"	6A0C0938","	Ambient","	1","	B01??(?)","	21.6","	2026-07-28 13:15:19"
"	6A0C0938","	Ambient","	1","	B01??(%RH)","	75.1","	2026-07-28 13:15:17"
"	6A0C0938","	Ambient","	1","	B01??(?)","	21.6","	2026-07-28 13:15:17"
"	6A0C0938","	Ambient","	1","	B01??(?)","	21.6","	2026-07-28 13:15:15"
"	6A0C0938","	Ambient","	1","	B01??(%RH)","	75.4","	2026-07-28 13:15:15"
"	6A0C0938","	Ambient","	1","	B01??(%RH)","	75.7","	2026-07-28 13:15:13"
"	6A0C0938","	Ambient","	1","	B01??(?)","	21.7","	2026-07-28 13:15:13"
"	6A0C0938","	Ambient","	1","	B01??(%RH)","	75.9","	2026-07-28 13:15:11"
"	6A0C0938","	Ambient","	1","	B01??(?)","	21.7","	2026-07-28 13:15:11"
"	6A0C0938","	Ambient","	1","	B01??(%RH)","	76","	2026-07-28 13:15:09"
"	6A0C0938","	Ambient","	1","	B01??(?)","	21.7","	2026-07-28 13:15:09"
"	6A0C0938","	Ambient","	1","	B01??(%RH)","	76","	2026-07-28 13:15:07"
"	6A0C0938","	Ambient","	1","	B01??(?)","	21.7","	2026-07-28 13:15:07"
"	6A0C0938","	Ambient","	1","	B01??(?)","	21.7","	2026-07-28 13:15:05"
"	6A0C0938","	Ambient","	1","	B01??(%RH)","	75.8","	2026-07-28 13:15:05"
"	6A0C0938","	Ambient","	1","	B01??(?)","	21.6","	2026-07-28 13:15:03"
"	6A0C0938","	Ambient","	1","	B01??(%RH)","	75.6","	2026-07-28 13:15:03"
"	6A0C0938","	Ambient","	1","	B01??(%RH)","	75.4","	2026-07-28 13:15:01"
"	6A0C0938","	Ambient","	1","	B01??(?)","	21.7","	2026-07-28 13:15:01"
"	6A0C0938","	Ambient","	1","	B01??(%RH)","	75.2","	2026-07-28 13:14:59"
"	6A0C0938","	Ambient","	1","	B01??(?)","	21.7","	2026-07-28 13:14:59"
"	6A0C0938","	Ambient","	1","	B01??(%RH)","	75","	2026-07-28 13:14:57"
"	6A0C0938","	Ambient","	1","	B01??(?)","	21.7","	2026-07-28 13:14:57"
"	6A0C0938","	Ambient","	1","	B01??(%RH)","	74.9","	2026-07-28 13:14:54"
"	6A0C0938","	Ambient","	1","	B01??(?)","	21.7","	2026-07-28 13:14:54"
"	6A0C0938","	Ambient","	1","	B01??(%RH)","	74.8","	2026-07-28 13:14:52"
"	6A0C0938","	Ambient","	1","	B01??(?)","	21.7","	2026-07-28 13:14:52"
"	6A0C0938","	Ambient","	1","	B01??(%RH)","	74.7","	2026-07-28 13:14:50"
"	6A0C0938","	Ambient","	1","	B01??(?)","	21.7","	2026-07-28 13:14:50"
"	6A0C0938","	Ambient","	1","	B01??(%RH)","	74.6","	2026-07-28 13:14:48"
"	6A0C0938","	Ambient","	1","	B01??(?)","	21.7","	2026-07-28 13:14:48"
"	6A0C0938","	Ambient","	1","	B01??(%RH)","	74.6","	2026-07-28 13:14:46"
"	6A0C0938","	Ambient","	1","	B01??(?)","	21.7","	2026-07-28 13:14:46"
"	6A0C0938","	Ambient","	1","	B01??(%RH)","	74.8","	2026-07-28 13:14:44"
"	6A0C0938","	Ambient","	1","	B01??(?)","	21.7","	2026-07-28 13:14:44"
"	6A0C0938","	Ambient","	1","	B01??(?)","	21.7","	2026-07-28 13:14:42"
"	6A0C0938","	Ambient","	1","	B01??(%RH)","	75.2","	2026-07-28 13:14:42"
"	6A0C0938","	Ambient","	1","	B01??(%RH)","	75.9","	2026-07-28 13:14:40"
"	6A0C0938","	Ambient","	1","	B01??(?)","	21.7","	2026-07-28 13:14:40"
"	6A0C0938","	Ambient","	1","	B01??(%RH)","	76.2","	2026-07-28 13:14:38"
"	6A0C0938","	Ambient","	1","	B01??(?)","	21.7","	2026-07-28 13:14:38"
"	6A0C0938","	Ambient","	1","	B01??(%RH)","	76.4","	2026-07-28 13:14:36"
"	6A0C0938","	Ambient","	1","	B01??(?)","	21.7","	2026-07-28 13:14:36"
"	6A0C0938","	Ambient","	1","	B01??(%RH)","	76.3","	2026-07-28 13:14:34"
"	6A0C0938","	Ambient","	1","	B01??(?)","	21.7","	2026-07-28 13:14:34"
"	6A0C0938","	Ambient","	1","	B01??(%RH)","	76.1","	2026-07-28 13:14:32"
"	6A0C0938","	Ambient","	1","	B01??(?)","	21.7","	2026-07-28 13:14:32"
"	6A0C0938","	Ambient","	1","	B01??(%RH)","	75.8","	2026-07-28 13:14:30"
"	6A0C0938","	Ambient","	1","	B01??(?)","	21.7","	2026-07-28 13:14:30"
"	6A0C0938","	Ambient","	1","	B01??(%RH)","	75.4","	2026-07-28 13:14:28"
"	6A0C0938","	Ambient","	1","	B01??(?)","	21.7","	2026-07-28 13:14:28"
"	6A0C0938","	Ambient","	1","	B01??(%RH)","	75.1","	2026-07-28 13:14:26"
"	6A0C0938","	Ambient","	1","	B01??(?)","	21.7","	2026-07-28 13:14:26"
"	6A0C0938","	Ambient","	1","	B01??(%RH)","	74.8","	2026-07-28 13:14:24"
"	6A0C0938","	Ambient","	1","	B01??(?)","	21.7","	2026-07-28 13:14:24"
"	6A0C0938","	Ambient","	1","	B01??(%RH)","	74.5","	2026-07-28 13:14:22"
"	6A0C0938","	Ambient","	1","	B01??(?)","	21.7","	2026-07-28 13:14:22"
"	6A0C0938","	Ambient","	1","	B01??(%RH)","	74.4","	2026-07-28 13:14:20"
"	6A0C0938","	Ambient","	1","	B01??(?)","	21.7","	2026-07-28 13:14:20"
"	6A0C0938","	Ambient","	1","	B01??(%RH)","	74.4","	2026-07-28 13:14:18"
"	6A0C0938","	Ambient","	1","	B01??(?)","	21.7","	2026-07-28 13:14:18"
"	6A0C0938","	Ambient","	1","	B01??(%RH)","	74.5","	2026-07-28 13:14:16"
"	6A0C0938","	Ambient","	1","	B01??(?)","	21.7","	2026-07-28 13:14:16"
"	6A0C0938","	Ambient","	1","	B01??(%RH)","	74.6","	2026-07-28 13:14:13"
"	6A0C0938","	Ambient","	1","	B01??(?)","	21.7","	2026-07-28 13:14:13"
"	6A0C0938","	Ambient","	1","	B01??(?)","	21.7","	2026-07-28 13:14:11"
"	6A0C0938","	Ambient","	1","	B01??(%RH)","	74.7","	2026-07-28 13:14:11"
"	6A0C0938","	Ambient","	1","	B01??(%RH)","	74.8","	2026-07-28 13:14:09"
"	6A0C0938","	Ambient","	1","	B01??(?)","	21.7","	2026-07-28 13:14:09"
"	6A0C0938","	Ambient","	1","	B01??(%RH)","	75.1","	2026-07-28 13:14:07"
"	6A0C0938","	Ambient","	1","	B01??(?)","	21.7","	2026-07-28 13:14:07"
"	6A0C0938","	Ambient","	1","	B01??(%RH)","	75.5","	2026-07-28 13:14:05"
"	6A0C0938","	Ambient","	1","	B01??(?)","	21.7","	2026-07-28 13:14:05"
"	6A0C0938","	Ambient","	1","	B01??(%RH)","	75.7","	2026-07-28 13:14:03"
"	6A0C0938","	Ambient","	1","	B01??(?)","	21.7","	2026-07-28 13:14:03"
"	6A0C0938","	Ambient","	1","	B01??(%RH)","	75.8","	2026-07-28 13:14:01"
"	6A0C0938","	Ambient","	1","	B01??(?)","	21.7","	2026-07-28 13:14:01"
"	6A0C0938","	Ambient","	1","	B01??(%RH)","	75.8","	2026-07-28 13:13:59"
"	6A0C0938","	Ambient","	1","	B01??(?)","	21.7","	2026-07-28 13:13:59"
"	6A0C0938","	Ambient","	1","	B01??(%RH)","	75.8","	2026-07-28 13:13:57"
"	6A0C0938","	Ambient","	1","	B01??(?)","	21.7","	2026-07-28 13:13:57"
"	6A0C0938","	Ambient","	1","	B01??(%RH)","	75.8","	2026-07-28 13:13:55"
"	6A0C0938","	Ambient","	1","	B01??(?)","	21.7","	2026-07-28 13:13:55"
"	6A0C0938","	Ambient","	1","	B01??(%RH)","	75.7","	2026-07-28 13:13:53"
"	6A0C0938","	Ambient","	1","	B01??(?)","	21.7","	2026-07-28 13:13:53"
"	6A0C0938","	Ambient","	1","	B01??(%RH)","	75.5","	2026-07-28 13:13:51"
"	6A0C0938","	Ambient","	1","	B01??(?)","	21.8","	2026-07-28 13:13:51"
"	6A0C0938","	Ambient","	1","	B01??(%RH)","	75.2","	2026-07-28 13:13:49"
"	6A0C0938","	Ambient","	1","	B01??(?)","	21.8","	2026-07-28 13:13:49"
"	6A0C0938","	Ambient","	1","	B01??(%RH)","	75","	2026-07-28 13:13:47"
"	6A0C0938","	Ambient","	1","	B01??(?)","	21.7","	2026-07-28 13:13:47"
"	6A0C0938","	Ambient","	1","	B01??(%RH)","	74.9","	2026-07-28 13:13:45"
"	6A0C0938","	Ambient","	1","	B01??(?)","	21.7","	2026-07-28 13:13:45"
"	6A0C0938","	Ambient","	1","	B01??(%RH)","	74.9","	2026-07-28 13:13:43"
"	6A0C0938","	Ambient","	1","	B01??(?)","	21.8","	2026-07-28 13:13:43"
"	6A0C0938","	Ambient","	1","	B01??(%RH)","	74.9","	2026-07-28 13:13:41"
"	6A0C0938","	Ambient","	1","	B01??(?)","	21.8","	2026-07-28 13:13:41"
"	6A0C0938","	Ambient","	1","	B01??(%RH)","	75.1","	2026-07-28 13:13:39"
"	6A0C0938","	Ambient","	1","	B01??(?)","	21.7","	2026-07-28 13:13:39"
"	6A0C0938","	Ambient","	1","	B01??(?)","	21.7","	2026-07-28 13:13:37"
"	6A0C0938","	Ambient","	1","	B01??(%RH)","	75.2","	2026-07-28 13:13:37"
"	6A0C0938","	Ambient","	1","	B01??(%RH)","	75.4","	2026-07-28 13:13:35"
"	6A0C0938","	Ambient","	1","	B01??(?)","	21.8","	2026-07-28 13:13:35"
"	6A0C0938","	Ambient","	1","	B01??(%RH)","	75.5","	2026-07-28 13:13:33"
"	6A0C0938","	Ambient","	1","	B01??(?)","	21.8","	2026-07-28 13:13:33"
"	6A0C0938","	Ambient","	1","	B01??(%RH)","	75.5","	2026-07-28 13:13:30"
"	6A0C0938","	Ambient","	1","	B01??(?)","	21.8","	2026-07-28 13:13:30"
"	6A0C0938","	Ambient","	1","	B01??(%RH)","	75.5","	2026-07-28 13:13:28"
"	6A0C0938","	Ambient","	1","	B01??(?)","	21.8","	2026-07-28 13:13:28"
"	6A0C0938","	Ambient","	1","	B01??(%RH)","	75.4","	2026-07-28 13:13:26"
"	6A0C0938","	Ambient","	1","	B01??(?)","	21.8","	2026-07-28 13:13:26"
"	6A0C0938","	Ambient","	1","	B01??(%RH)","	75.4","	2026-07-28 13:13:24"
"	6A0C0938","	Ambient","	1","	B01??(?)","	21.8","	2026-07-28 13:13:24"
"	6A0C0938","	Ambient","	1","	B01??(%RH)","	75.4","	2026-07-28 13:13:22"
"	6A0C0938","	Ambient","	1","	B01??(?)","	21.8","	2026-07-28 13:13:22"
"	6A0C0938","	Ambient","	1","	B01??(%RH)","	75.4","	2026-07-28 13:13:20"
"	6A0C0938","	Ambient","	1","	B01??(?)","	21.8","	2026-07-28 13:13:20"
"	6A0C0938","	Ambient","	1","	B01??(%RH)","	75.4","	2026-07-28 13:13:18"
"	6A0C0938","	Ambient","	1","	B01??(?)","	21.8","	2026-07-28 13:13:18"
"	6A0C0938","	Ambient","	1","	B01??(%RH)","	75.5","	2026-07-28 13:13:16"
"	6A0C0938","	Ambient","	1","	B01??(?)","	21.8","	2026-07-28 13:13:16"
"	6A0C0938","	Ambient","	1","	B01??(%RH)","	75.7","	2026-07-28 13:13:14"
"	6A0C0938","	Ambient","	1","	B01??(?)","	21.8","	2026-07-28 13:13:14"
"	6A0C0938","	Ambient","	1","	B01??(%RH)","	76","	2026-07-28 13:13:12"
"	6A0C0938","	Ambient","	1","	B01??(?)","	21.8","	2026-07-28 13:13:12"
"	6A0C0938","	Ambient","	1","	B01??(%RH)","	76.1","	2026-07-28 13:13:10"
"	6A0C0938","	Ambient","	1","	B01??(?)","	21.8","	2026-07-28 13:13:10"
"	6A0C0938","	Ambient","	1","	B01??(%RH)","	76","	2026-07-28 13:13:08"
"	6A0C0938","	Ambient","	1","	B01??(?)","	21.8","	2026-07-28 13:13:08"
"	6A0C0938","	Ambient","	1","	B01??(%RH)","	75.8","	2026-07-28 13:13:06"
"	6A0C0938","	Ambient","	1","	B01??(?)","	21.8","	2026-07-28 13:13:06"
"	6A0C0938","	Ambient","	1","	B01??(%RH)","	75.6","	2026-07-28 13:13:04"
"	6A0C0938","	Ambient","	1","	B01??(?)","	21.8","	2026-07-28 13:13:04"
"	6A0C0938","	Ambient","	1","	B01??(%RH)","	75.5","	2026-07-28 13:13:02"
"	6A0C0938","	Ambient","	1","	B01??(?)","	21.8","	2026-07-28 13:13:02"
"	6A0C0938","	Ambient","	1","	B01??(%RH)","	75.6","	2026-07-28 13:13:00"
"	6A0C0938","	Ambient","	1","	B01??(?)","	21.8","	2026-07-28 13:13:00"
"	6A0C0938","	Ambient","	1","	B01??(%RH)","	75.7","	2026-07-28 13:12:58"
"	6A0C0938","	Ambient","	1","	B01??(?)","	21.8","	2026-07-28 13:12:58"
"	6A0C0938","	Ambient","	1","	B01??(%RH)","	75.9","	2026-07-28 13:12:56"
"	6A0C0938","	Ambient","	1","	B01??(?)","	21.8","	2026-07-28 13:12:56"
"	6A0C0938","	Ambient","	1","	B01??(%RH)","	75.9","	2026-07-28 13:12:54"
"	6A0C0938","	Ambient","	1","	B01??(?)","	21.8","	2026-07-28 13:12:54"
"	6A0C0938","	Ambient","	1","	B01??(%RH)","	76","	2026-07-28 13:12:52"
"	6A0C0938","	Ambient","	1","	B01??(?)","	21.8","	2026-07-28 13:12:52"
"	6A0C0938","	Ambient","	1","	B01??(%RH)","	76","	2026-07-28 13:12:50"
"	6A0C0938","	Ambient","	1","	B01??(?)","	21.8","	2026-07-28 13:12:50"
"	6A0C0938","	Ambient","	1","	B01??(%RH)","	76.1","	2026-07-28 13:12:47"
"	6A0C0938","	Ambient","	1","	B01??(?)","	21.8","	2026-07-28 13:12:47"
"	6A0C0938","	Ambient","	1","	B01??(%RH)","	76.2","	2026-07-28 13:12:45"
"	6A0C0938","	Ambient","	1","	B01??(?)","	21.8","	2026-07-28 13:12:45"
"	6A0C0938","	Ambient","	1","	B01??(%RH)","	76.5","	2026-07-28 13:12:43"
"	6A0C0938","	Ambient","	1","	B01??(?)","	21.8","	2026-07-28 13:12:43"
"	6A0C0938","	Ambient","	1","	B01??(%RH)","	76.9","	2026-07-28 13:12:41"
"	6A0C0938","	Ambient","	1","	B01??(?)","	21.8","	2026-07-28 13:12:41"
"	6A0C0938","	Ambient","	1","	B01??(%RH)","	77.4","	2026-07-28 13:12:39"
"	6A0C0938","	Ambient","	1","	B01??(?)","	21.8","	2026-07-28 13:12:39"
"	6A0C0938","	Ambient","	1","	B01??(%RH)","	77.6","	2026-07-28 13:12:37"
"	6A0C0938","	Ambient","	1","	B01??(?)","	21.8","	2026-07-28 13:12:37"
"	6A0C0938","	Ambient","	1","	B01??(%RH)","	77.6","	2026-07-28 13:12:35"
"	6A0C0938","	Ambient","	1","	B01??(?)","	21.8","	2026-07-28 13:12:35"
"	6A0C0938","	Ambient","	1","	B01??(%RH)","	77.4","	2026-07-28 13:12:33"
"	6A0C0938","	Ambient","	1","	B01??(?)","	21.8","	2026-07-28 13:12:33"
"	6A0C0938","	Ambient","	1","	B01??(%RH)","	77.1","	2026-07-28 13:12:31"
"	6A0C0938","	Ambient","	1","	B01??(?)","	21.8","	2026-07-28 13:12:31"
"	6A0C0938","	Ambient","	1","	B01??(%RH)","	77","	2026-07-28 13:12:29"
"	6A0C0938","	Ambient","	1","	B01??(?)","	21.8","	2026-07-28 13:12:29"
"	6A0C0938","	Ambient","	1","	B01??(%RH)","	76.9","	2026-07-28 13:12:27"
"	6A0C0938","	Ambient","	1","	B01??(?)","	21.8","	2026-07-28 13:12:27"
"	6A0C0938","	Ambient","	1","	B01??(%RH)","	76.7","	2026-07-28 13:12:25"
"	6A0C0938","	Ambient","	1","	B01??(?)","	21.8","	2026-07-28 13:12:25"
"	6A0C0938","	Ambient","	1","	B01??(%RH)","	76.3","	2026-07-28 13:12:23"
"	6A0C0938","	Ambient","	1","	B01??(?)","	21.8","	2026-07-28 13:12:23"
"	6A0C0938","	Ambient","	1","	B01??(%RH)","	75.8","	2026-07-28 13:12:21"
"	6A0C0938","	Ambient","	1","	B01??(?)","	21.8","	2026-07-28 13:12:21"
"	6A0C0938","	Ambient","	1","	B01??(%RH)","	75.3","	2026-07-28 13:12:19"
"	6A0C0938","	Ambient","	1","	B01??(?)","	21.8","	2026-07-28 13:12:19"
"	6A0C0938","	Ambient","	1","	B01??(%RH)","	75.3","	2026-07-28 13:12:17"
"	6A0C0938","	Ambient","	1","	B01??(?)","	21.8","	2026-07-28 13:12:17"
"	6A0C0938","	Ambient","	1","	B01??(%RH)","	75.3","	2026-07-28 13:12:15"
"	6A0C0938","	Ambient","	1","	B01??(?)","	21.8","	2026-07-28 13:12:15"
"	6A0C0938","	Ambient","	1","	B01??(%RH)","	75.5","	2026-07-28 13:12:13"
"	6A0C0938","	Ambient","	1","	B01??(?)","	21.8","	2026-07-28 13:12:13"
"	6A0C0938","	Ambient","	1","	B01??(%RH)","	75.7","	2026-07-28 13:12:11"
"	6A0C0938","	Ambient","	1","	B01??(?)","	21.8","	2026-07-28 13:12:11"
"	6A0C0938","	Ambient","	1","	B01??(%RH)","	75.9","	2026-07-28 13:12:09"
"	6A0C0938","	Ambient","	1","	B01??(?)","	21.8","	2026-07-28 13:12:09"
"	6A0C0938","	Ambient","	1","	B01??(%RH)","	76.1","	2026-07-28 13:12:06"
"	6A0C0938","	Ambient","	1","	B01??(?)","	21.8","	2026-07-28 13:12:06"
"	6A0C0938","	Ambient","	1","	B01??(%RH)","	76.2","	2026-07-28 13:12:04"
"	6A0C0938","	Ambient","	1","	B01??(?)","	21.8","	2026-07-28 13:12:04"
"	6A0C0938","	Ambient","	1","	B01??(%RH)","	76.4","	2026-07-28 13:12:02"
"	6A0C0938","	Ambient","	1","	B01??(?)","	21.8","	2026-07-28 13:12:02"
"	6A0C0938","	Ambient","	1","	B01??(%RH)","	76.5","	2026-07-28 13:12:00"
"	6A0C0938","	Ambient","	1","	B01??(?)","	21.8","	2026-07-28 13:12:00"
"	6A0C0938","	Ambient","	1","	B01??(%RH)","	76.6","	2026-07-28 13:11:58"
"	6A0C0938","	Ambient","	1","	B01??(?)","	21.8","	2026-07-28 13:11:58"
"	6A0C0938","	Ambient","	1","	B01??(%RH)","	76.7","	2026-07-28 13:11:56"
"	6A0C0938","	Ambient","	1","	B01??(?)","	21.8","	2026-07-28 13:11:56"
"	6A0C0938","	Ambient","	1","	B01??(%RH)","	76.6","	2026-07-28 13:11:54"
"	6A0C0938","	Ambient","	1","	B01??(?)","	21.8","	2026-07-28 13:11:54"
"	6A0C0938","	Ambient","	1","	B01??(%RH)","	76.6","	2026-07-28 13:11:52"
"	6A0C0938","	Ambient","	1","	B01??(?)","	21.8","	2026-07-28 13:11:52"
"	6A0C0938","	Ambient","	1","	B01??(%RH)","	76.5","	2026-07-28 13:11:50"
"	6A0C0938","	Ambient","	1","	B01??(?)","	21.8","	2026-07-28 13:11:50"
"	6A0C0938","	Ambient","	1","	B01??(%RH)","	76.5","	2026-07-28 13:11:48"
"	6A0C0938","	Ambient","	1","	B01??(?)","	21.8","	2026-07-28 13:11:48"
"	6A0C0938","	Ambient","	1","	B01??(%RH)","	76.5","	2026-07-28 13:11:46"
"	6A0C0938","	Ambient","	1","	B01??(?)","	21.8","	2026-07-28 13:11:46"
"	6A0C0938","	Ambient","	1","	B01??(%RH)","	76.5","	2026-07-28 13:11:44"
"	6A0C0938","	Ambient","	1","	B01??(?)","	21.8","	2026-07-28 13:11:44"
"	6A0C0938","	Ambient","	1","	B01??(%RH)","	76.4","	2026-07-28 13:11:42"
"	6A0C0938","	Ambient","	1","	B01??(?)","	21.8","	2026-07-28 13:11:42"
"	6A0C0938","	Ambient","	1","	B01??(%RH)","	76.4","	2026-07-28 13:11:40"
"	6A0C0938","	Ambient","	1","	B01??(?)","	21.8","	2026-07-28 13:11:40"
"	6A0C0938","	Ambient","	1","	B01??(%RH)","	76.3","	2026-07-28 13:11:38"
"	6A0C0938","	Ambient","	1","	B01??(?)","	21.8","	2026-07-28 13:11:38"
"	6A0C0938","	Ambient","	1","	B01??(%RH)","	76.3","	2026-07-28 13:11:36"
"	6A0C0938","	Ambient","	1","	B01??(?)","	21.8","	2026-07-28 13:11:36"
"	6A0C0938","	Ambient","	1","	B01??(%RH)","	76.2","	2026-07-28 13:11:34"
"	6A0C0938","	Ambient","	1","	B01??(?)","	21.8","	2026-07-28 13:11:34"
"	6A0C0938","	Ambient","	1","	B01??(%RH)","	76.2","	2026-07-28 13:11:32"
"	6A0C0938","	Ambient","	1","	B01??(?)","	21.8","	2026-07-28 13:11:32"
"	6A0C0938","	Ambient","	1","	B01??(%RH)","	76.3","	2026-07-28 13:11:30"
"	6A0C0938","	Ambient","	1","	B01??(?)","	21.8","	2026-07-28 13:11:30"
"	6A0C0938","	Ambient","	1","	B01??(%RH)","	76.5","	2026-07-28 13:11:28"
"	6A0C0938","	Ambient","	1","	B01??(?)","	21.8","	2026-07-28 13:11:28"
"	6A0C0938","	Ambient","	1","	B01??(%RH)","	76.2","	2026-07-28 13:11:26"
"	6A0C0938","	Ambient","	1","	B01??(?)","	21.8","	2026-07-28 13:11:26"
"	6A0C0938","	Ambient","	1","	B01??(%RH)","	75.6","	2026-07-28 13:11:23"
"	6A0C0938","	Ambient","	1","	B01??(?)","	21.8","	2026-07-28 13:11:23"
"	6A0C0938","	Ambient","	1","	B01??(%RH)","	75.2","	2026-07-28 13:11:21"
"	6A0C0938","	Ambient","	1","	B01??(?)","	21.8","	2026-07-28 13:11:21"
"	6A0C0938","	Ambient","	1","	B01??(%RH)","	75.1","	2026-07-28 13:11:19"
"	6A0C0938","	Ambient","	1","	B01??(?)","	21.8","	2026-07-28 13:11:19"
"	6A0C0938","	Ambient","	1","	B01??(%RH)","	75.3","	2026-07-28 13:11:17"
"	6A0C0938","	Ambient","	1","	B01??(?)","	21.8","	2026-07-28 13:11:17"
"	6A0C0938","	Ambient","	1","	B01??(%RH)","	75.8","	2026-07-28 13:11:15"
"	6A0C0938","	Ambient","	1","	B01??(?)","	21.8","	2026-07-28 13:11:15"
"	6A0C0938","	Ambient","	1","	B01??(%RH)","	76.6","	2026-07-28 13:11:13"
"	6A0C0938","	Ambient","	1","	B01??(?)","	21.8","	2026-07-28 13:11:13"
"	6A0C0938","	Ambient","	1","	B01??(%RH)","	77.2","	2026-07-28 13:11:11"
"	6A0C0938","	Ambient","	1","	B01??(?)","	21.8","	2026-07-28 13:11:11"
"	6A0C0938","	Ambient","	1","	B01??(%RH)","	77.4","	2026-07-28 13:11:09"
"	6A0C0938","	Ambient","	1","	B01??(?)","	21.8","	2026-07-28 13:11:09"
"	6A0C0938","	Ambient","	1","	B01??(%RH)","	77.7","	2026-07-28 13:11:07"
"	6A0C0938","	Ambient","	1","	B01??(?)","	21.8","	2026-07-28 13:11:07"
"	6A0C0938","	Ambient","	1","	B01??(%RH)","	77.9","	2026-07-28 13:11:05"
"	6A0C0938","	Ambient","	1","	B01??(?)","	21.8","	2026-07-28 13:11:05"
"	6A0C0938","	Ambient","	1","	B01??(%RH)","	77.9","	2026-07-28 13:11:03"
"	6A0C0938","	Ambient","	1","	B01??(?)","	21.8","	2026-07-28 13:11:03"
"	6A0C0938","	Ambient","	1","	B01??(%RH)","	77.9","	2026-07-28 13:11:01"
"	6A0C0938","	Ambient","	1","	B01??(?)","	21.8","	2026-07-28 13:11:01"
"	6A0C0938","	Ambient","	1","	B01??(%RH)","	77.8","	2026-07-28 13:10:59"
"	6A0C0938","	Ambient","	1","	B01??(?)","	21.8","	2026-07-28 13:10:59"
"	6A0C0938","	Ambient","	1","	B01??(%RH)","	77.6","	2026-07-28 13:10:57"
"	6A0C0938","	Ambient","	1","	B01??(?)","	21.8","	2026-07-28 13:10:57"
"	6A0C0938","	Ambient","	1","	B01??(%RH)","	77.4","	2026-07-28 13:10:55"
"	6A0C0938","	Ambient","	1","	B01??(?)","	21.8","	2026-07-28 13:10:55"
"	6A0C0938","	Ambient","	1","	B01??(%RH)","	77.2","	2026-07-28 13:10:53"
"	6A0C0938","	Ambient","	1","	B01??(?)","	21.8","	2026-07-28 13:10:53"
"	6A0C0938","	Ambient","	1","	B01??(%RH)","	76.9","	2026-07-28 13:10:51"
"	6A0C0938","	Ambient","	1","	B01??(?)","	21.8","	2026-07-28 13:10:51"
"	6A0C0938","	Ambient","	1","	B01??(%RH)","	76.8","	2026-07-28 13:10:49"
"	6A0C0938","	Ambient","	1","	B01??(?)","	21.8","	2026-07-28 13:10:49"
"	6A0C0938","	Ambient","	1","	B01??(%RH)","	76.9","	2026-07-28 13:10:47"
"	6A0C0938","	Ambient","	1","	B01??(?)","	21.8","	2026-07-28 13:10:47"
"	6A0C0938","	Ambient","	1","	B01??(%RH)","	77","	2026-07-28 13:10:44"
"	6A0C0938","	Ambient","	1","	B01??(?)","	21.8","	2026-07-28 13:10:44"
"	6A0C0938","	Ambient","	1","	B01??(%RH)","	77","	2026-07-28 13:10:42"
"	6A0C0938","	Ambient","	1","	B01??(?)","	21.8","	2026-07-28 13:10:42"
"	6A0C0938","	Ambient","	1","	B01??(%RH)","	77","	2026-07-28 13:10:40"
"	6A0C0938","	Ambient","	1","	B01??(?)","	21.8","	2026-07-28 13:10:40"
"	6A0C0938","	Ambient","	1","	B01??(%RH)","	77.1","	2026-07-28 13:10:38"
"	6A0C0938","	Ambient","	1","	B01??(?)","	21.8","	2026-07-28 13:10:38"
"	6A0C0938","	Ambient","	1","	B01??(%RH)","	77.2","	2026-07-28 13:10:36"
"	6A0C0938","	Ambient","	1","	B01??(?)","	21.8","	2026-07-28 13:10:36"
"	6A0C0938","	Ambient","	1","	B01??(%RH)","	77.3","	2026-07-28 13:10:34"
"	6A0C0938","	Ambient","	1","	B01??(?)","	21.8","	2026-07-28 13:10:34"
"	6A0C0938","	Ambient","	1","	B01??(%RH)","	77.5","	2026-07-28 13:10:32"
"	6A0C0938","	Ambient","	1","	B01??(?)","	21.8","	2026-07-28 13:10:32"
"	6A0C0938","	Ambient","	1","	B01??(%RH)","	77.7","	2026-07-28 13:10:30"
"	6A0C0938","	Ambient","	1","	B01??(?)","	21.8","	2026-07-28 13:10:30"
"	6A0C0938","	Ambient","	1","	B01??(%RH)","	77.9","	2026-07-28 13:10:28"
"	6A0C0938","	Ambient","	1","	B01??(?)","	21.8","	2026-07-28 13:10:28"
"	6A0C0938","	Ambient","	1","	B01??(%RH)","	78.1","	2026-07-28 13:10:26"
"	6A0C0938","	Ambient","	1","	B01??(?)","	21.8","	2026-07-28 13:10:26"
"	6A0C0938","	Ambient","	1","	B01??(%RH)","	78.1","	2026-07-28 13:10:24"
"	6A0C0938","	Ambient","	1","	B01??(?)","	21.8","	2026-07-28 13:10:24"
"	6A0C0938","	Ambient","	1","	B01??(%RH)","	78","	2026-07-28 13:10:22"
"	6A0C0938","	Ambient","	1","	B01??(?)","	21.8","	2026-07-28 13:10:22"
"	6A0C0938","	Ambient","	1","	B01??(%RH)","	77.6","	2026-07-28 13:10:20"
"	6A0C0938","	Ambient","	1","	B01??(?)","	21.8","	2026-07-28 13:10:20"
"	6A0C0938","	Ambient","	1","	B01??(%RH)","	77.2","	2026-07-28 13:10:18"
"	6A0C0938","	Ambient","	1","	B01??(?)","	21.8","	2026-07-28 13:10:18"
"	6A0C0938","	Ambient","	1","	B01??(%RH)","	77","	2026-07-28 13:10:16"
"	6A0C0938","	Ambient","	1","	B01??(?)","	21.8","	2026-07-28 13:10:16"
"	6A0C0938","	Ambient","	1","	B01??(%RH)","	76.9","	2026-07-28 13:10:14"
"	6A0C0938","	Ambient","	1","	B01??(?)","	21.8","	2026-07-28 13:10:14"
"	6A0C0938","	Ambient","	1","	B01??(%RH)","	77.1","	2026-07-28 13:10:12"
"	6A0C0938","	Ambient","	1","	B01??(?)","	21.8","	2026-07-28 13:10:12"
"	6A0C0938","	Ambient","	1","	B01??(%RH)","	77.3","	2026-07-28 13:10:10"
"	6A0C0938","	Ambient","	1","	B01??(?)","	21.8","	2026-07-28 13:10:10"
"	6A0C0938","	Ambient","	1","	B01??(%RH)","	77.6","	2026-07-28 13:10:08"
"	6A0C0938","	Ambient","	1","	B01??(?)","	21.8","	2026-07-28 13:10:08"
"	6A0C0938","	Ambient","	1","	B01??(%RH)","	77.8","	2026-07-28 13:10:06"
"	6A0C0938","	Ambient","	1","	B01??(?)","	21.8","	2026-07-28 13:10:06"
"	6A0C0938","	Ambient","	1","	B01??(%RH)","	78.1","	2026-07-28 13:10:04"
"	6A0C0938","	Ambient","	1","	B01??(?)","	21.8","	2026-07-28 13:10:04"
"	6A0C0938","	Ambient","	1","	B01??(%RH)","	78.1","	2026-07-28 13:10:01"
"	6A0C0938","	Ambient","	1","	B01??(?)","	21.8","	2026-07-28 13:10:01"
"	6A0C0938","	Ambient","	1","	B01??(%RH)","	78.2","	2026-07-28 13:09:59"
"	6A0C0938","	Ambient","	1","	B01??(?)","	21.8","	2026-07-28 13:09:59"
"	6A0C0938","	Ambient","	1","	B01??(%RH)","	78.2","	2026-07-28 13:09:57"
"	6A0C0938","	Ambient","	1","	B01??(?)","	21.8","	2026-07-28 13:09:57"
"	6A0C0938","	Ambient","	1","	B01??(%RH)","	78.1","	2026-07-28 13:09:55"
"	6A0C0938","	Ambient","	1","	B01??(?)","	21.8","	2026-07-28 13:09:55"
"	6A0C0938","	Ambient","	1","	B01??(%RH)","	78.1","	2026-07-28 13:09:53"
"	6A0C0938","	Ambient","	1","	B01??(?)","	21.8","	2026-07-28 13:09:53"
"	6A0C0938","	Ambient","	1","	B01??(%RH)","	78.1","	2026-07-28 13:09:51"
"	6A0C0938","	Ambient","	1","	B01??(?)","	21.8","	2026-07-28 13:09:51"
"	6A0C0938","	Ambient","	1","	B01??(%RH)","	78.1","	2026-07-28 13:09:49"
"	6A0C0938","	Ambient","	1","	B01??(?)","	21.8","	2026-07-28 13:09:49"
"	6A0C0938","	Ambient","	1","	B01??(%RH)","	78.1","	2026-07-28 13:09:47"
"	6A0C0938","	Ambient","	1","	B01??(?)","	21.8","	2026-07-28 13:09:47"
"	6A0C0938","	Ambient","	1","	B01??(%RH)","	78.2","	2026-07-28 13:09:45"
"	6A0C0938","	Ambient","	1","	B01??(?)","	21.8","	2026-07-28 13:09:45"
"	6A0C0938","	Ambient","	1","	B01??(%RH)","	78.2","	2026-07-28 13:09:43"
"	6A0C0938","	Ambient","	1","	B01??(?)","	21.8","	2026-07-28 13:09:43"
"	6A0C0938","	Ambient","	1","	B01??(%RH)","	78.4","	2026-07-28 13:09:41"
"	6A0C0938","	Ambient","	1","	B01??(?)","	21.8","	2026-07-28 13:09:41"
"	6A0C0938","	Ambient","	1","	B01??(%RH)","	78.4","	2026-07-28 13:09:39"
"	6A0C0938","	Ambient","	1","	B01??(?)","	21.8","	2026-07-28 13:09:39"
"	6A0C0938","	Ambient","	1","	B01??(%RH)","	78.4","	2026-07-28 13:09:37"
"	6A0C0938","	Ambient","	1","	B01??(?)","	21.8","	2026-07-28 13:09:37"
"	6A0C0938","	Ambient","	1","	B01??(%RH)","	78.3","	2026-07-28 13:09:35"
"	6A0C0938","	Ambient","	1","	B01??(?)","	21.8","	2026-07-28 13:09:35"
"	6A0C0938","	Ambient","	1","	B01??(%RH)","	78.1","	2026-07-28 13:09:33"
"	6A0C0938","	Ambient","	1","	B01??(?)","	21.8","	2026-07-28 13:09:33"
"	6A0C0938","	Ambient","	1","	B01??(%RH)","	78","	2026-07-28 13:09:31"
"	6A0C0938","	Ambient","	1","	B01??(?)","	21.8","	2026-07-28 13:09:31"
"	6A0C0938","	Ambient","	1","	B01??(%RH)","	77.8","	2026-07-28 13:09:29"
"	6A0C0938","	Ambient","	1","	B01??(?)","	21.8","	2026-07-28 13:09:29"
"	6A0C0938","	Ambient","	1","	B01??(%RH)","	77.7","	2026-07-28 13:09:27"
"	6A0C0938","	Ambient","	1","	B01??(?)","	21.8","	2026-07-28 13:09:27"
"	6A0C0938","	Ambient","	1","	B01??(%RH)","	77.6","	2026-07-28 13:09:25"
"	6A0C0938","	Ambient","	1","	B01??(?)","	21.8","	2026-07-28 13:09:25"
"	6A0C0938","	Ambient","	1","	B01??(%RH)","	77.5","	2026-07-28 13:09:23"
"	6A0C0938","	Ambient","	1","	B01??(?)","	21.8","	2026-07-28 13:09:23"
"	6A0C0938","	Ambient","	1","	B01??(%RH)","	77.4","	2026-07-28 13:09:20"
"	6A0C0938","	Ambient","	1","	B01??(?)","	21.8","	2026-07-28 13:09:20"
"	6A0C0938","	Ambient","	1","	B01??(%RH)","	77.3","	2026-07-28 13:09:18"
"	6A0C0938","	Ambient","	1","	B01??(?)","	21.8","	2026-07-28 13:09:18"
"	6A0C0938","	Ambient","	1","	B01??(%RH)","	77","	2026-07-28 13:09:16"
"	6A0C0938","	Ambient","	1","	B01??(?)","	21.8","	2026-07-28 13:09:16"
"	6A0C0938","	Ambient","	1","	B01??(%RH)","	76.7","	2026-07-28 13:09:14"
"	6A0C0938","	Ambient","	1","	B01??(?)","	21.8","	2026-07-28 13:09:14"
"	6A0C0938","	Ambient","	1","	B01??(%RH)","	76.6","	2026-07-28 13:09:12"
"	6A0C0938","	Ambient","	1","	B01??(?)","	21.8","	2026-07-28 13:09:12"
"	6A0C0938","	Ambient","	1","	B01??(%RH)","	76.7","	2026-07-28 13:09:10"
"	6A0C0938","	Ambient","	1","	B01??(?)","	21.8","	2026-07-28 13:09:10"
"	6A0C0938","	Ambient","	1","	B01??(%RH)","	76.9","	2026-07-28 13:09:08"
"	6A0C0938","	Ambient","	1","	B01??(?)","	21.8","	2026-07-28 13:09:08"
"	6A0C0938","	Ambient","	1","	B01??(%RH)","	77.3","	2026-07-28 13:09:06"
"	6A0C0938","	Ambient","	1","	B01??(?)","	21.8","	2026-07-28 13:09:06"
"	6A0C0938","	Ambient","	1","	B01??(%RH)","	77.7","	2026-07-28 13:09:04"
"	6A0C0938","	Ambient","	1","	B01??(?)","	21.8","	2026-07-28 13:09:04"
"	6A0C0938","	Ambient","	1","	B01??(%RH)","	78.3","	2026-07-28 13:09:02"
"	6A0C0938","	Ambient","	1","	B01??(?)","	21.8","	2026-07-28 13:09:02"
"	6A0C0938","	Ambient","	1","	B01??(%RH)","	78.7","	2026-07-28 13:09:00"
"	6A0C0938","	Ambient","	1","	B01??(?)","	21.8","	2026-07-28 13:09:00"
"	6A0C0938","	Ambient","	1","	B01??(%RH)","	79","	2026-07-28 13:08:58"
"	6A0C0938","	Ambient","	1","	B01??(?)","	21.8","	2026-07-28 13:08:58"
"	6A0C0938","	Ambient","	1","	B01??(%RH)","	79.1","	2026-07-28 13:08:56"
"	6A0C0938","	Ambient","	1","	B01??(?)","	21.8","	2026-07-28 13:08:56"
"	6A0C0938","	Ambient","	1","	B01??(%RH)","	79.2","	2026-07-28 13:08:54"
"	6A0C0938","	Ambient","	1","	B01??(?)","	21.8","	2026-07-28 13:08:54"
"	6A0C0938","	Ambient","	1","	B01??(%RH)","	79.2","	2026-07-28 13:08:52"
"	6A0C0938","	Ambient","	1","	B01??(?)","	21.8","	2026-07-28 13:08:52"
"	6A0C0938","	Ambient","	1","	B01??(%RH)","	79.1","	2026-07-28 13:08:50"
"	6A0C0938","	Ambient","	1","	B01??(?)","	21.8","	2026-07-28 13:08:50"
"	6A0C0938","	Ambient","	1","	B01??(%RH)","	79.1","	2026-07-28 13:08:48"
"	6A0C0938","	Ambient","	1","	B01??(?)","	21.8","	2026-07-28 13:08:48"
"	6A0C0938","	Ambient","	1","	B01??(%RH)","	79","	2026-07-28 13:08:46"
"	6A0C0938","	Ambient","	1","	B01??(?)","	21.8","	2026-07-28 13:08:46"
"	6A0C0938","	Ambient","	1","	B01??(%RH)","	79","	2026-07-28 13:08:44"
"	6A0C0938","	Ambient","	1","	B01??(?)","	21.8","	2026-07-28 13:08:44"
"	6A0C0938","	Ambient","	1","	B01??(%RH)","	78.9","	2026-07-28 13:08:42"
"	6A0C0938","	Ambient","	1","	B01??(?)","	21.8","	2026-07-28 13:08:42"
"	6A0C0938","	Ambient","	1","	B01??(%RH)","	78.7","	2026-07-28 13:08:40"
"	6A0C0938","	Ambient","	1","	B01??(?)","	21.8","	2026-07-28 13:08:40"
"	6A0C0938","	Ambient","	1","	B01??(%RH)","	78.6","	2026-07-28 13:08:38"
"	6A0C0938","	Ambient","	1","	B01??(?)","	21.8","	2026-07-28 13:08:38"
"	6A0C0938","	Ambient","	1","	B01??(?)","	21.8","	2026-07-28 13:08:35"
"	6A0C0938","	Ambient","	1","	B01??(%RH)","	78.4","	2026-07-28 13:08:35"
"	6A0C0938","	Ambient","	1","	B01??(%RH)","	78.1","	2026-07-28 13:08:33"
"	6A0C0938","	Ambient","	1","	B01??(?)","	21.8","	2026-07-28 13:08:33"
"	6A0C0938","	Ambient","	1","	B01??(%RH)","	77.9","	2026-07-28 13:08:31"
"	6A0C0938","	Ambient","	1","	B01??(?)","	21.8","	2026-07-28 13:08:31"
"	6A0C0938","	Ambient","	1","	B01??(%RH)","	77.5","	2026-07-28 13:08:29"
"	6A0C0938","	Ambient","	1","	B01??(?)","	21.8","	2026-07-28 13:08:29"
"	6A0C0938","	Ambient","	1","	B01??(%RH)","	77.1","	2026-07-28 13:08:27"
"	6A0C0938","	Ambient","	1","	B01??(?)","	21.8","	2026-07-28 13:08:27"
"	6A0C0938","	Ambient","	1","	B01??(%RH)","	76.8","	2026-07-28 13:08:25"
"	6A0C0938","	Ambient","	1","	B01??(?)","	21.8","	2026-07-28 13:08:25"
"	6A0C0938","	Ambient","	1","	B01??(%RH)","	76.6","	2026-07-28 13:08:23"
"	6A0C0938","	Ambient","	1","	B01??(?)","	21.8","	2026-07-28 13:08:23"
"	6A0C0938","	Ambient","	1","	B01??(%RH)","	76.4","	2026-07-28 13:08:21"
"	6A0C0938","	Ambient","	1","	B01??(?)","	21.8","	2026-07-28 13:08:21"
"	6A0C0938","	Ambient","	1","	B01??(%RH)","	76.2","	2026-07-28 13:08:19"
"	6A0C0938","	Ambient","	1","	B01??(?)","	21.8","	2026-07-28 13:08:19"
"	6A0C0938","	Ambient","	1","	B01??(%RH)","	76.1","	2026-07-28 13:08:17"
"	6A0C0938","	Ambient","	1","	B01??(?)","	21.8","	2026-07-28 13:08:17"
"	6A0C0938","	Ambient","	1","	B01??(%RH)","	76.1","	2026-07-28 13:08:15"
"	6A0C0938","	Ambient","	1","	B01??(?)","	21.8","	2026-07-28 13:08:15"
"	6A0C0938","	Ambient","	1","	B01??(%RH)","	76.1","	2026-07-28 13:08:13"
"	6A0C0938","	Ambient","	1","	B01??(?)","	21.8","	2026-07-28 13:08:13"
"	6A0C0938","	Ambient","	1","	B01??(%RH)","	76.3","	2026-07-28 13:08:11"
"	6A0C0938","	Ambient","	1","	B01??(?)","	21.8","	2026-07-28 13:08:11"
"	6A0C0938","	Ambient","	1","	B01??(%RH)","	76.4","	2026-07-28 13:08:09"
"	6A0C0938","	Ambient","	1","	B01??(?)","	21.8","	2026-07-28 13:08:09"
"	6A0C0938","	Ambient","	1","	B01??(%RH)","	76.5","	2026-07-28 13:08:07"
"	6A0C0938","	Ambient","	1","	B01??(?)","	21.8","	2026-07-28 13:08:07"
"	6A0C0938","	Ambient","	1","	B01??(%RH)","	76.6","	2026-07-28 13:08:05"
"	6A0C0938","	Ambient","	1","	B01??(?)","	21.8","	2026-07-28 13:08:05"
"	6A0C0938","	Ambient","	1","	B01??(%RH)","	76.7","	2026-07-28 13:08:03"
"	6A0C0938","	Ambient","	1","	B01??(?)","	21.8","	2026-07-28 13:08:03"
"	6A0C0938","	Ambient","	1","	B01??(%RH)","	76.9","	2026-07-28 13:08:01"
"	6A0C0938","	Ambient","	1","	B01??(?)","	21.8","	2026-07-28 13:08:01"
"	6A0C0938","	Ambient","	1","	B01??(%RH)","	76.9","	2026-07-28 13:07:59"
"	6A0C0938","	Ambient","	1","	B01??(?)","	21.8","	2026-07-28 13:07:59"
"	6A0C0938","	Ambient","	1","	B01??(%RH)","	77","	2026-07-28 13:07:57"
"	6A0C0938","	Ambient","	1","	B01??(?)","	21.8","	2026-07-28 13:07:57"
"	6A0C0938","	Ambient","	1","	B01??(%RH)","	77.1","	2026-07-28 13:07:55"
"	6A0C0938","	Ambient","	1","	B01??(?)","	21.8","	2026-07-28 13:07:55"
"	6A0C0938","	Ambient","	1","	B01??(%RH)","	77.1","	2026-07-28 13:07:52"
"	6A0C0938","	Ambient","	1","	B01??(?)","	21.8","	2026-07-28 13:07:52"
"	6A0C0938","	Ambient","	1","	B01??(%RH)","	77.1","	2026-07-28 13:07:50"
"	6A0C0938","	Ambient","	1","	B01??(?)","	21.8","	2026-07-28 13:07:50"
"	6A0C0938","	Ambient","	1","	B01??(%RH)","	77.2","	2026-07-28 13:07:48"
"	6A0C0938","	Ambient","	1","	B01??(?)","	21.8","	2026-07-28 13:07:48"
"	6A0C0938","	Ambient","	1","	B01??(%RH)","	77.3","	2026-07-28 13:07:46"
"	6A0C0938","	Ambient","	1","	B01??(?)","	21.8","	2026-07-28 13:07:46"
"	6A0C0938","	Ambient","	1","	B01??(%RH)","	77.4","	2026-07-28 13:07:44"
"	6A0C0938","	Ambient","	1","	B01??(?)","	21.8","	2026-07-28 13:07:44"
"	6A0C0938","	Ambient","	1","	B01??(%RH)","	77.4","	2026-07-28 13:07:42"
"	6A0C0938","	Ambient","	1","	B01??(?)","	21.8","	2026-07-28 13:07:42"
"	6A0C0938","	Ambient","	1","	B01??(%RH)","	77.5","	2026-07-28 13:07:40"
"	6A0C0938","	Ambient","	1","	B01??(?)","	21.8","	2026-07-28 13:07:40"
"	6A0C0938","	Ambient","	1","	B01??(%RH)","	77.4","	2026-07-28 13:07:38"
"	6A0C0938","	Ambient","	1","	B01??(?)","	21.8","	2026-07-28 13:07:38"
"	6A0C0938","	Ambient","	1","	B01??(%RH)","	77.4","	2026-07-28 13:07:36"
"	6A0C0938","	Ambient","	1","	B01??(?)","	21.8","	2026-07-28 13:07:36"
"	6A0C0938","	Ambient","	1","	B01??(%RH)","	77.2","	2026-07-28 13:07:34"
"	6A0C0938","	Ambient","	1","	B01??(?)","	21.8","	2026-07-28 13:07:34"
"	6A0C0938","	Ambient","	1","	B01??(%RH)","	77.1","	2026-07-28 13:07:32"
"	6A0C0938","	Ambient","	1","	B01??(?)","	21.8","	2026-07-28 13:07:32"
"	6A0C0938","	Ambient","	1","	B01??(%RH)","	77","	2026-07-28 13:07:30"
"	6A0C0938","	Ambient","	1","	B01??(?)","	21.8","	2026-07-28 13:07:30"
"	6A0C0938","	Ambient","	1","	B01??(%RH)","	77.1","	2026-07-28 13:07:28"
"	6A0C0938","	Ambient","	1","	B01??(?)","	21.8","	2026-07-28 13:07:28"
"	6A0C0938","	Ambient","	1","	B01??(?)","	21.8","	2026-07-28 13:07:26"
"	6A0C0938","	Ambient","	1","	B01??(%RH)","	77.2","	2026-07-28 13:07:26"
"	6A0C0938","	Ambient","	1","	B01??(%RH)","	77.4","	2026-07-28 13:07:24"
"	6A0C0938","	Ambient","	1","	B01??(?)","	21.8","	2026-07-28 13:07:24"
"	6A0C0938","	Ambient","	1","	B01??(%RH)","	77.6","	2026-07-28 13:07:22"
"	6A0C0938","	Ambient","	1","	B01??(?)","	21.8","	2026-07-28 13:07:22"
"	6A0C0938","	Ambient","	1","	B01??(%RH)","	77.8","	2026-07-28 13:07:20"
"	6A0C0938","	Ambient","	1","	B01??(?)","	21.8","	2026-07-28 13:07:20"
"	6A0C0938","	Ambient","	1","	B01??(%RH)","	77.9","	2026-07-28 13:07:18"
"	6A0C0938","	Ambient","	1","	B01??(?)","	21.8","	2026-07-28 13:07:18"
"	6A0C0938","	Ambient","	1","	B01??(%RH)","	77.9","	2026-07-28 13:07:16"
"	6A0C0938","	Ambient","	1","	B01??(?)","	21.8","	2026-07-28 13:07:16"
"	6A0C0938","	Ambient","	1","	B01??(%RH)","	77.8","	2026-07-28 13:07:14"
"	6A0C0938","	Ambient","	1","	B01??(?)","	21.8","	2026-07-28 13:07:14"
"	6A0C0938","	Ambient","	1","	B01??(%RH)","	77.8","	2026-07-28 13:07:11"
"	6A0C0938","	Ambient","	1","	B01??(?)","	21.8","	2026-07-28 13:07:11"
"	6A0C0938","	Ambient","	1","	B01??(%RH)","	77.7","	2026-07-28 13:07:09"
"	6A0C0938","	Ambient","	1","	B01??(?)","	21.8","	2026-07-28 13:07:09"
"	6A0C0938","	Ambient","	1","	B01??(%RH)","	77.6","	2026-07-28 13:07:07"
"	6A0C0938","	Ambient","	1","	B01??(?)","	21.8","	2026-07-28 13:07:07"
"	6A0C0938","	Ambient","	1","	B01??(%RH)","	77.5","	2026-07-28 13:07:05"
"	6A0C0938","	Ambient","	1","	B01??(?)","	21.8","	2026-07-28 13:07:05"
"	6A0C0938","	Ambient","	1","	B01??(%RH)","	77.5","	2026-07-28 13:07:03"
"	6A0C0938","	Ambient","	1","	B01??(?)","	21.8","	2026-07-28 13:07:03"
"	6A0C0938","	Ambient","	1","	B01??(%RH)","	77.5","	2026-07-28 13:07:01"
"	6A0C0938","	Ambient","	1","	B01??(?)","	21.8","	2026-07-28 13:07:01"
"	6A0C0938","	Ambient","	1","	B01??(%RH)","	77.5","	2026-07-28 13:06:59"
"	6A0C0938","	Ambient","	1","	B01??(?)","	21.8","	2026-07-28 13:06:59"
"	6A0C0938","	Ambient","	1","	B01??(%RH)","	77.5","	2026-07-28 13:06:57"
"	6A0C0938","	Ambient","	1","	B01??(?)","	21.8","	2026-07-28 13:06:57"
"	6A0C0938","	Ambient","	1","	B01??(%RH)","	77.5","	2026-07-28 13:06:55"
"	6A0C0938","	Ambient","	1","	B01??(?)","	21.8","	2026-07-28 13:06:55"
"	6A0C0938","	Ambient","	1","	B01??(%RH)","	77.5","	2026-07-28 13:06:53"
"	6A0C0938","	Ambient","	1","	B01??(?)","	21.8","	2026-07-28 13:06:53"
"	6A0C0938","	Ambient","	1","	B01??(%RH)","	77.5","	2026-07-28 13:06:51"
"	6A0C0938","	Ambient","	1","	B01??(?)","	21.8","	2026-07-28 13:06:51"
"	6A0C0938","	Ambient","	1","	B01??(%RH)","	77.5","	2026-07-28 13:06:49"
"	6A0C0938","	Ambient","	1","	B01??(?)","	21.8","	2026-07-28 13:06:49"
"	6A0C0938","	Ambient","	1","	B01??(%RH)","	77.6","	2026-07-28 13:06:47"
"	6A0C0938","	Ambient","	1","	B01??(?)","	21.8","	2026-07-28 13:06:47"
"	6A0C0938","	Ambient","	1","	B01??(%RH)","	77.7","	2026-07-28 13:06:45"
"	6A0C0938","	Ambient","	1","	B01??(?)","	21.8","	2026-07-28 13:06:45"
"	6A0C0938","	Ambient","	1","	B01??(%RH)","	77.7","	2026-07-28 13:06:43"
"	6A0C0938","	Ambient","	1","	B01??(?)","	21.8","	2026-07-28 13:06:43"
"	6A0C0938","	Ambient","	1","	B01??(%RH)","	77.7","	2026-07-28 13:06:41"
"	6A0C0938","	Ambient","	1","	B01??(?)","	21.8","	2026-07-28 13:06:41"
"	6A0C0938","	Ambient","	1","	B01??(%RH)","	77.7","	2026-07-28 13:06:39"
"	6A0C0938","	Ambient","	1","	B01??(?)","	21.8","	2026-07-28 13:06:39"
"	6A0C0938","	Ambient","	1","	B01??(%RH)","	77.8","	2026-07-28 13:06:37"
"	6A0C0938","	Ambient","	1","	B01??(?)","	21.8","	2026-07-28 13:06:37"
"	6A0C0938","	Ambient","	1","	B01??(%RH)","	77.9","	2026-07-28 13:06:35"
"	6A0C0938","	Ambient","	1","	B01??(?)","	21.8","	2026-07-28 13:06:35"
"	6A0C0938","	Ambient","	1","	B01??(%RH)","	77.9","	2026-07-28 13:06:33"
"	6A0C0938","	Ambient","	1","	B01??(?)","	21.8","	2026-07-28 13:06:33"
"	6A0C0938","	Ambient","	1","	B01??(%RH)","	77.8","	2026-07-28 13:06:31"
"	6A0C0938","	Ambient","	1","	B01??(?)","	21.8","	2026-07-28 13:06:31"
"	6A0C0938","	Ambient","	1","	B01??(%RH)","	77.8","	2026-07-28 13:06:29"
"	6A0C0938","	Ambient","	1","	B01??(?)","	21.8","	2026-07-28 13:06:29"
"	6A0C0938","	Ambient","	1","	B01??(%RH)","	77.7","	2026-07-28 13:06:26"
"	6A0C0938","	Ambient","	1","	B01??(?)","	21.8","	2026-07-28 13:06:26"
"	6A0C0938","	Ambient","	1","	B01??(%RH)","	77.5","	2026-07-28 13:06:24"
"	6A0C0938","	Ambient","	1","	B01??(?)","	21.8","	2026-07-28 13:06:24"
"	6A0C0938","	Ambient","	1","	B01??(%RH)","	77.3","	2026-07-28 13:06:22"
"	6A0C0938","	Ambient","	1","	B01??(?)","	21.8","	2026-07-28 13:06:22"
"	6A0C0938","	Ambient","	1","	B01??(%RH)","	77.1","	2026-07-28 13:06:20"
"	6A0C0938","	Ambient","	1","	B01??(?)","	21.8","	2026-07-28 13:06:20"
"	6A0C0938","	Ambient","	1","	B01??(%RH)","	76.9","	2026-07-28 13:06:18"
"	6A0C0938","	Ambient","	1","	B01??(?)","	21.8","	2026-07-28 13:06:18"
"	6A0C0938","	Ambient","	1","	B01??(%RH)","	76.8","	2026-07-28 13:06:16"
"	6A0C0938","	Ambient","	1","	B01??(?)","	21.8","	2026-07-28 13:06:16"
"	6A0C0938","	Ambient","	1","	B01??(%RH)","	76.8","	2026-07-28 13:06:14"
"	6A0C0938","	Ambient","	1","	B01??(?)","	21.8","	2026-07-28 13:06:14"
"	6A0C0938","	Ambient","	1","	B01??(%RH)","	76.9","	2026-07-28 13:06:12"
"	6A0C0938","	Ambient","	1","	B01??(?)","	21.8","	2026-07-28 13:06:12"
"	6A0C0938","	Ambient","	1","	B01??(%RH)","	77.1","	2026-07-28 13:06:10"
"	6A0C0938","	Ambient","	1","	B01??(?)","	21.8","	2026-07-28 13:06:10"
"	6A0C0938","	Ambient","	1","	B01??(%RH)","	77.1","	2026-07-28 13:06:08"
"	6A0C0938","	Ambient","	1","	B01??(?)","	21.8","	2026-07-28 13:06:08"
"	6A0C0938","	Ambient","	1","	B01??(%RH)","	77.1","	2026-07-28 13:06:06"
"	6A0C0938","	Ambient","	1","	B01??(?)","	21.8","	2026-07-28 13:06:06"
"	6A0C0938","	Ambient","	1","	B01??(%RH)","	77.1","	2026-07-28 13:06:04"
"	6A0C0938","	Ambient","	1","	B01??(?)","	21.8","	2026-07-28 13:06:04"
"	6A0C0938","	Ambient","	1","	B01??(%RH)","	77.2","	2026-07-28 13:06:02"
"	6A0C0938","	Ambient","	1","	B01??(?)","	21.8","	2026-07-28 13:06:02"
"	6A0C0938","	Ambient","	1","	B01??(%RH)","	77.3","	2026-07-28 13:06:00"
"	6A0C0938","	Ambient","	1","	B01??(?)","	21.8","	2026-07-28 13:06:00"
"	6A0C0938","	Ambient","	1","	B01??(%RH)","	77.2","	2026-07-28 13:05:58"
"	6A0C0938","	Ambient","	1","	B01??(?)","	21.8","	2026-07-28 13:05:58"
"	6A0C0938","	Ambient","	1","	B01??(%RH)","	77.2","	2026-07-28 13:05:56"
"	6A0C0938","	Ambient","	1","	B01??(?)","	21.8","	2026-07-28 13:05:56"
"	6A0C0938","	Ambient","	1","	B01??(%RH)","	77.3","	2026-07-28 13:05:54"
"	6A0C0938","	Ambient","	1","	B01??(?)","	21.8","	2026-07-28 13:05:54"
"	6A0C0938","	Ambient","	1","	B01??(%RH)","	77.3","	2026-07-28 13:05:52"
"	6A0C0938","	Ambient","	1","	B01??(?)","	21.8","	2026-07-28 13:05:52"
"	6A0C0938","	Ambient","	1","	B01??(%RH)","	77.2","	2026-07-28 13:05:50"
"	6A0C0938","	Ambient","	1","	B01??(?)","	21.8","	2026-07-28 13:05:50"
"	6A0C0938","	Ambient","	1","	B01??(%RH)","	77.1","	2026-07-28 13:05:48"
"	6A0C0938","	Ambient","	1","	B01??(?)","	21.8","	2026-07-28 13:05:48"
"	6A0C0938","	Ambient","	1","	B01??(%RH)","	76.9","	2026-07-28 13:05:46"
"	6A0C0938","	Ambient","	1","	B01??(?)","	21.8","	2026-07-28 13:05:46"
"	6A0C0938","	Ambient","	1","	B01??(?)","	21.8","	2026-07-28 13:05:43"
"	6A0C0938","	Ambient","	1","	B01??(%RH)","	76.7","	2026-07-28 13:05:43"
"	6A0C0938","	Ambient","	1","	B01??(%RH)","	76.4","	2026-07-28 13:05:41"
"	6A0C0938","	Ambient","	1","	B01??(?)","	21.8","	2026-07-28 13:05:41"
"	6A0C0938","	Ambient","	1","	B01??(%RH)","	76.2","	2026-07-28 13:05:39"
"	6A0C0938","	Ambient","	1","	B01??(?)","	21.8","	2026-07-28 13:05:39"
"	6A0C0938","	Ambient","	1","	B01??(%RH)","	76.2","	2026-07-28 13:05:37"
"	6A0C0938","	Ambient","	1","	B01??(?)","	21.8","	2026-07-28 13:05:37"
"	6A0C0938","	Ambient","	1","	B01??(%RH)","	76.3","	2026-07-28 13:05:35"
"	6A0C0938","	Ambient","	1","	B01??(?)","	21.8","	2026-07-28 13:05:35"
"	6A0C0938","	Ambient","	1","	B01??(%RH)","	76.4","	2026-07-28 13:05:33"
"	6A0C0938","	Ambient","	1","	B01??(?)","	21.8","	2026-07-28 13:05:33"
"	6A0C0938","	Ambient","	1","	B01??(%RH)","	76.4","	2026-07-28 13:05:31"
"	6A0C0938","	Ambient","	1","	B01??(?)","	21.8","	2026-07-28 13:05:31"
"	6A0C0938","	Ambient","	1","	B01??(%RH)","	76.2","	2026-07-28 13:05:29"
"	6A0C0938","	Ambient","	1","	B01??(?)","	21.8","	2026-07-28 13:05:29"
"	6A0C0938","	Ambient","	1","	B01??(%RH)","	76.1","	2026-07-28 13:05:27"
"	6A0C0938","	Ambient","	1","	B01??(?)","	21.8","	2026-07-28 13:05:27"
"	6A0C0938","	Ambient","	1","	B01??(%RH)","	75.9","	2026-07-28 13:05:25"
"	6A0C0938","	Ambient","	1","	B01??(?)","	21.8","	2026-07-28 13:05:25"
"	6A0C0938","	Ambient","	1","	B01??(%RH)","	75.7","	2026-07-28 13:05:23"
"	6A0C0938","	Ambient","	1","	B01??(?)","	21.8","	2026-07-28 13:05:23"
"	6A0C0938","	Ambient","	1","	B01??(%RH)","	75.6","	2026-07-28 13:05:21"
"	6A0C0938","	Ambient","	1","	B01??(?)","	21.8","	2026-07-28 13:05:21"
"	6A0C0938","	Ambient","	1","	B01??(%RH)","	75.5","	2026-07-28 13:05:19"
"	6A0C0938","	Ambient","	1","	B01??(?)","	21.8","	2026-07-28 13:05:19"
"	6A0C0938","	Ambient","	1","	B01??(?)","	21.8","	2026-07-28 13:05:17"
"	6A0C0938","	Ambient","	1","	B01??(%RH)","	75.6","	2026-07-28 13:05:17"
"	6A0C0938","	Ambient","	1","	B01??(%RH)","	75.8","	2026-07-28 13:05:15"
"	6A0C0938","	Ambient","	1","	B01??(?)","	21.8","	2026-07-28 13:05:15"
"	6A0C0938","	Ambient","	1","	B01??(%RH)","	76","	2026-07-28 13:05:13"
"	6A0C0938","	Ambient","	1","	B01??(?)","	21.8","	2026-07-28 13:05:13"
"	6A0C0938","	Ambient","	1","	B01??(%RH)","	76","	2026-07-28 13:05:11"
"	6A0C0938","	Ambient","	1","	B01??(?)","	21.8","	2026-07-28 13:05:11"
"	6A0C0938","	Ambient","	1","	B01??(%RH)","	76","	2026-07-28 13:05:09"
"	6A0C0938","	Ambient","	1","	B01??(?)","	21.8","	2026-07-28 13:05:09"
"	6A0C0938","	Ambient","	1","	B01??(%RH)","	76","	2026-07-28 13:05:07"
"	6A0C0938","	Ambient","	1","	B01??(?)","	21.8","	2026-07-28 13:05:07"
"	6A0C0938","	Ambient","	1","	B01??(%RH)","	75.9","	2026-07-28 13:05:05"
"	6A0C0938","	Ambient","	1","	B01??(?)","	21.8","	2026-07-28 13:05:05"
"	6A0C0938","	Ambient","	1","	B01??(%RH)","	75.9","	2026-07-28 13:05:02"
"	6A0C0938","	Ambient","	1","	B01??(?)","	21.8","	2026-07-28 13:05:02"
"	6A0C0938","	Ambient","	1","	B01??(%RH)","	75.9","	2026-07-28 13:05:00"
"	6A0C0938","	Ambient","	1","	B01??(?)","	21.8","	2026-07-28 13:05:00"
"	6A0C0938","	Ambient","	1","	B01??(%RH)","	75.9","	2026-07-28 13:04:58"
"	6A0C0938","	Ambient","	1","	B01??(?)","	21.8","	2026-07-28 13:04:58"
"	6A0C0938","	Ambient","	1","	B01??(%RH)","	76","	2026-07-28 13:04:56"
"	6A0C0938","	Ambient","	1","	B01??(?)","	21.8","	2026-07-28 13:04:56"
"	6A0C0938","	Ambient","	1","	B01??(%RH)","	76.2","	2026-07-28 13:04:54"
"	6A0C0938","	Ambient","	1","	B01??(?)","	21.8","	2026-07-28 13:04:54"
"	6A0C0938","	Ambient","	1","	B01??(%RH)","	76.5","	2026-07-28 13:04:52"
"	6A0C0938","	Ambient","	1","	B01??(?)","	21.8","	2026-07-28 13:04:52"
"	6A0C0938","	Ambient","	1","	B01??(%RH)","	76.9","	2026-07-28 13:04:50"
"	6A0C0938","	Ambient","	1","	B01??(?)","	21.8","	2026-07-28 13:04:50"
"	6A0C0938","	Ambient","	1","	B01??(%RH)","	77.2","	2026-07-28 13:04:48"
"	6A0C0938","	Ambient","	1","	B01??(?)","	21.8","	2026-07-28 13:04:48"
"	6A0C0938","	Ambient","	1","	B01??(%RH)","	77.3","	2026-07-28 13:04:46"
"	6A0C0938","	Ambient","	1","	B01??(?)","	21.8","	2026-07-28 13:04:46"
"	6A0C0938","	Ambient","	1","	B01??(%RH)","	77.2","	2026-07-28 13:04:44"
"	6A0C0938","	Ambient","	1","	B01??(?)","	21.8","	2026-07-28 13:04:44"
"	6A0C0938","	Ambient","	1","	B01??(%RH)","	77.1","	2026-07-28 13:04:42"
"	6A0C0938","	Ambient","	1","	B01??(?)","	21.8","	2026-07-28 13:04:42"
"	6A0C0938","	Ambient","	1","	B01??(%RH)","	76.9","	2026-07-28 13:04:40"
"	6A0C0938","	Ambient","	1","	B01??(?)","	21.8","	2026-07-28 13:04:40"
"	6A0C0938","	Ambient","	1","	B01??(%RH)","	76.7","	2026-07-28 13:04:38"
"	6A0C0938","	Ambient","	1","	B01??(?)","	21.8","	2026-07-28 13:04:38"
"	6A0C0938","	Ambient","	1","	B01??(%RH)","	76.6","	2026-07-28 13:04:36"
"	6A0C0938","	Ambient","	1","	B01??(?)","	21.8","	2026-07-28 13:04:36"
"	6A0C0938","	Ambient","	1","	B01??(%RH)","	76.3","	2026-07-28 13:04:34"
"	6A0C0938","	Ambient","	1","	B01??(?)","	21.8","	2026-07-28 13:04:34"
"	6A0C0938","	Ambient","	1","	B01??(%RH)","	76.1","	2026-07-28 13:04:32"
"	6A0C0938","	Ambient","	1","	B01??(?)","	21.8","	2026-07-28 13:04:32"
"	6A0C0938","	Ambient","	1","	B01??(%RH)","	76","	2026-07-28 13:04:30"
"	6A0C0938","	Ambient","	1","	B01??(?)","	21.8","	2026-07-28 13:04:30"
"	6A0C0938","	Ambient","	1","	B01??(%RH)","	75.8","	2026-07-28 13:04:28"
"	6A0C0938","	Ambient","	1","	B01??(?)","	21.8","	2026-07-28 13:04:28"
"	6A0C0938","	Ambient","	1","	B01??(%RH)","	75.8","	2026-07-28 13:04:26"
"	6A0C0938","	Ambient","	1","	B01??(?)","	21.8","	2026-07-28 13:04:26"
"	6A0C0938","	Ambient","	1","	B01??(%RH)","	75.7","	2026-07-28 13:04:24"
"	6A0C0938","	Ambient","	1","	B01??(?)","	21.8","	2026-07-28 13:04:24"
"	6A0C0938","	Ambient","	1","	B01??(%RH)","	75.7","	2026-07-28 13:04:21"
"	6A0C0938","	Ambient","	1","	B01??(?)","	21.8","	2026-07-28 13:04:21"
"	6A0C0938","	Ambient","	1","	B01??(%RH)","	75.8","	2026-07-28 13:04:19"
"	6A0C0938","	Ambient","	1","	B01??(?)","	21.8","	2026-07-28 13:04:19"
"	6A0C0938","	Ambient","	1","	B01??(?)","	21.8","	2026-07-28 13:04:17"
"	6A0C0938","	Ambient","	1","	B01??(%RH)","	75.9","	2026-07-28 13:04:17"
"	6A0C0938","	Ambient","	1","	B01??(%RH)","	76","	2026-07-28 13:04:15"
"	6A0C0938","	Ambient","	1","	B01??(?)","	21.8","	2026-07-28 13:04:15"
"	6A0C0938","	Ambient","	1","	B01??(%RH)","	75.9","	2026-07-28 13:04:13"
"	6A0C0938","	Ambient","	1","	B01??(?)","	21.8","	2026-07-28 13:04:13"
"	6A0C0938","	Ambient","	1","	B01??(%RH)","	75.8","	2026-07-28 13:04:11"
"	6A0C0938","	Ambient","	1","	B01??(?)","	21.8","	2026-07-28 13:04:11"
"	6A0C0938","	Ambient","	1","	B01??(%RH)","	75.7","	2026-07-28 13:04:09"
"	6A0C0938","	Ambient","	1","	B01??(?)","	21.8","	2026-07-28 13:04:09"
"	6A0C0938","	Ambient","	1","	B01??(%RH)","	75.6","	2026-07-28 13:04:07"
"	6A0C0938","	Ambient","	1","	B01??(?)","	21.8","	2026-07-28 13:04:07"
"	6A0C0938","	Ambient","	1","	B01??(%RH)","	75.5","	2026-07-28 13:04:05"
"	6A0C0938","	Ambient","	1","	B01??(?)","	21.8","	2026-07-28 13:04:05"
"	6A0C0938","	Ambient","	1","	B01??(%RH)","	75.3","	2026-07-28 13:04:03"
"	6A0C0938","	Ambient","	1","	B01??(?)","	21.8","	2026-07-28 13:04:03"
"	6A0C0938","	Ambient","	1","	B01??(%RH)","	75.2","	2026-07-28 13:04:01"
"	6A0C0938","	Ambient","	1","	B01??(?)","	21.8","	2026-07-28 13:04:01"
"	6A0C0938","	Ambient","	1","	B01??(%RH)","	75","	2026-07-28 13:03:59"
"	6A0C0938","	Ambient","	1","	B01??(?)","	21.8","	2026-07-28 13:03:59"
"	6A0C0938","	Ambient","	1","	B01??(%RH)","	75","	2026-07-28 13:03:57"
"	6A0C0938","	Ambient","	1","	B01??(?)","	21.8","	2026-07-28 13:03:57"
"	6A0C0938","	Ambient","	1","	B01??(%RH)","	75.1","	2026-07-28 13:03:55"
"	6A0C0938","	Ambient","	1","	B01??(?)","	21.8","	2026-07-28 13:03:55"
"	6A0C0938","	Ambient","	1","	B01??(%RH)","	75.4","	2026-07-28 13:03:53"
"	6A0C0938","	Ambient","	1","	B01??(?)","	21.8","	2026-07-28 13:03:53"
"	6A0C0938","	Ambient","	1","	B01??(%RH)","	75.6","	2026-07-28 13:03:51"
"	6A0C0938","	Ambient","	1","	B01??(?)","	21.8","	2026-07-28 13:03:51"
"	6A0C0938","	Ambient","	1","	B01??(%RH)","	76","	2026-07-28 13:03:49"
"	6A0C0938","	Ambient","	1","	B01??(?)","	21.8","	2026-07-28 13:03:49"
"	6A0C0938","	Ambient","	1","	B01??(%RH)","	76.2","	2026-07-28 13:03:47"
"	6A0C0938","	Ambient","	1","	B01??(?)","	21.8","	2026-07-28 13:03:47"
"	6A0C0938","	Ambient","	1","	B01??(%RH)","	76.4","	2026-07-28 13:03:45"
"	6A0C0938","	Ambient","	1","	B01??(?)","	21.8","	2026-07-28 13:03:45"
"	6A0C0938","	Ambient","	1","	B01??(%RH)","	76.5","	2026-07-28 13:03:43"
"	6A0C0938","	Ambient","	1","	B01??(?)","	21.8","	2026-07-28 13:03:43"
"	6A0C0938","	Ambient","	1","	B01??(%RH)","	76.5","	2026-07-28 13:03:41"
"	6A0C0938","	Ambient","	1","	B01??(?)","	21.8","	2026-07-28 13:03:41"
"	6A0C0938","	Ambient","	1","	B01??(%RH)","	76.6","	2026-07-28 13:03:38"
"	6A0C0938","	Ambient","	1","	B01??(?)","	21.8","	2026-07-28 13:03:38"
"	6A0C0938","	Ambient","	1","	B01??(%RH)","	76.7","	2026-07-28 13:03:36"
"	6A0C0938","	Ambient","	1","	B01??(?)","	21.8","	2026-07-28 13:03:36"
"	6A0C0938","	Ambient","	1","	B01??(%RH)","	76.8","	2026-07-28 13:03:34"
"	6A0C0938","	Ambient","	1","	B01??(?)","	21.8","	2026-07-28 13:03:34"
"	6A0C0938","	Ambient","	1","	B01??(%RH)","	76.9","	2026-07-28 13:03:32"
"	6A0C0938","	Ambient","	1","	B01??(?)","	21.8","	2026-07-28 13:03:32"
"	6A0C0938","	Ambient","	1","	B01??(%RH)","	77.1","	2026-07-28 13:03:30"
"	6A0C0938","	Ambient","	1","	B01??(?)","	21.8","	2026-07-28 13:03:30"
"	6A0C0938","	Ambient","	1","	B01??(%RH)","	77.2","	2026-07-28 13:03:28"
"	6A0C0938","	Ambient","	1","	B01??(?)","	21.8","	2026-07-28 13:03:28"
"	6A0C0938","	Ambient","	1","	B01??(%RH)","	77.3","	2026-07-28 13:03:26"
"	6A0C0938","	Ambient","	1","	B01??(?)","	21.8","	2026-07-28 13:03:26"
"	6A0C0938","	Ambient","	1","	B01??(%RH)","	77.5","	2026-07-28 13:03:24"
"	6A0C0938","	Ambient","	1","	B01??(?)","	21.8","	2026-07-28 13:03:24"
"	6A0C0938","	Ambient","	1","	B01??(%RH)","	77.6","	2026-07-28 13:03:22"
"	6A0C0938","	Ambient","	1","	B01??(?)","	21.8","	2026-07-28 13:03:22"
"	6A0C0938","	Ambient","	1","	B01??(%RH)","	77.7","	2026-07-28 13:03:20"
"	6A0C0938","	Ambient","	1","	B01??(?)","	21.8","	2026-07-28 13:03:20"
"	6A0C0938","	Ambient","	1","	B01??(%RH)","	77.8","	2026-07-28 13:03:18"
"	6A0C0938","	Ambient","	1","	B01??(?)","	21.8","	2026-07-28 13:03:18"
"	6A0C0938","	Ambient","	1","	B01??(%RH)","	77.8","	2026-07-28 13:03:16"
"	6A0C0938","	Ambient","	1","	B01??(?)","	21.8","	2026-07-28 13:03:16"
"	6A0C0938","	Ambient","	1","	B01??(%RH)","	77.9","	2026-07-28 13:03:14"
"	6A0C0938","	Ambient","	1","	B01??(?)","	21.8","	2026-07-28 13:03:14"
"	6A0C0938","	Ambient","	1","	B01??(%RH)","	77.8","	2026-07-28 13:03:12"
"	6A0C0938","	Ambient","	1","	B01??(?)","	21.8","	2026-07-28 13:03:12"
"	6A0C0938","	Ambient","	1","	B01??(%RH)","	77.8","	2026-07-28 13:03:10"
"	6A0C0938","	Ambient","	1","	B01??(?)","	21.8","	2026-07-28 13:03:10"
"	6A0C0938","	Ambient","	1","	B01??(%RH)","	77.7","	2026-07-28 13:03:08"
"	6A0C0938","	Ambient","	1","	B01??(?)","	21.8","	2026-07-28 13:03:08"
"	6A0C0938","	Ambient","	1","	B01??(%RH)","	77.7","	2026-07-28 13:03:06"
"	6A0C0938","	Ambient","	1","	B01??(?)","	21.8","	2026-07-28 13:03:06"
"	6A0C0938","	Ambient","	1","	B01??(%RH)","	77.7","	2026-07-28 13:03:04"
"	6A0C0938","	Ambient","	1","	B01??(?)","	21.8","	2026-07-28 13:03:04"
"	6A0C0938","	Ambient","	1","	B01??(%RH)","	77.6","	2026-07-28 13:03:02"
"	6A0C0938","	Ambient","	1","	B01??(?)","	21.8","	2026-07-28 13:03:02"
"	6A0C0938","	Ambient","	1","	B01??(%RH)","	77.2","	2026-07-28 13:03:00"
"	6A0C0938","	Ambient","	1","	B01??(?)","	21.8","	2026-07-28 13:03:00"
"	6A0C0938","	Ambient","	1","	B01??(%RH)","	77","	2026-07-28 13:02:58"
"	6A0C0938","	Ambient","	1","	B01??(?)","	21.8","	2026-07-28 13:02:58"
"	6A0C0938","	Ambient","	1","	B01??(%RH)","	76.7","	2026-07-28 13:02:55"
"	6A0C0938","	Ambient","	1","	B01??(?)","	21.8","	2026-07-28 13:02:55"
"	6A0C0938","	Ambient","	1","	B01??(%RH)","	76.5","	2026-07-28 13:02:53"
"	6A0C0938","	Ambient","	1","	B01??(?)","	21.8","	2026-07-28 13:02:53"
"	6A0C0938","	Ambient","	1","	B01??(%RH)","	76.3","	2026-07-28 13:02:51"
"	6A0C0938","	Ambient","	1","	B01??(?)","	21.8","	2026-07-28 13:02:51"
"	6A0C0938","	Ambient","	1","	B01??(%RH)","	76.2","	2026-07-28 13:02:49"
"	6A0C0938","	Ambient","	1","	B01??(?)","	21.8","	2026-07-28 13:02:49"
"	6A0C0938","	Ambient","	1","	B01??(%RH)","	76.1","	2026-07-28 13:02:47"
"	6A0C0938","	Ambient","	1","	B01??(?)","	21.8","	2026-07-28 13:02:47"
"	6A0C0938","	Ambient","	1","	B01??(%RH)","	75.9","	2026-07-28 13:02:45"
"	6A0C0938","	Ambient","	1","	B01??(?)","	21.8","	2026-07-28 13:02:45"
"	6A0C0938","	Ambient","	1","	B01??(%RH)","	75.8","	2026-07-28 13:02:43"
"	6A0C0938","	Ambient","	1","	B01??(?)","	21.8","	2026-07-28 13:02:43"
"	6A0C0938","	Ambient","	1","	B01??(%RH)","	75.8","	2026-07-28 13:02:41"
"	6A0C0938","	Ambient","	1","	B01??(?)","	21.8","	2026-07-28 13:02:41"
"	6A0C0938","	Ambient","	1","	B01??(%RH)","	75.7","	2026-07-28 13:02:39"
"	6A0C0938","	Ambient","	1","	B01??(?)","	21.8","	2026-07-28 13:02:39"
"	6A0C0938","	Ambient","	1","	B01??(%RH)","	75.8","	2026-07-28 13:02:37"
"	6A0C0938","	Ambient","	1","	B01??(?)","	21.8","	2026-07-28 13:02:37"
"	6A0C0938","	Ambient","	1","	B01??(%RH)","	75.8","	2026-07-28 13:02:35"
"	6A0C0938","	Ambient","	1","	B01??(?)","	21.8","	2026-07-28 13:02:35"
"	6A0C0938","	Ambient","	1","	B01??(%RH)","	75.9","	2026-07-28 13:02:33"
"	6A0C0938","	Ambient","	1","	B01??(?)","	21.8","	2026-07-28 13:02:33"
"	6A0C0938","	Ambient","	1","	B01??(%RH)","	75.9","	2026-07-28 13:02:31"
"	6A0C0938","	Ambient","	1","	B01??(?)","	21.8","	2026-07-28 13:02:31"
"	6A0C0938","	Ambient","	1","	B01??(%RH)","	76","	2026-07-28 13:02:29"
"	6A0C0938","	Ambient","	1","	B01??(?)","	21.8","	2026-07-28 13:02:29"
"	6A0C0938","	Ambient","	1","	B01??(%RH)","	76","	2026-07-28 13:02:27"
"	6A0C0938","	Ambient","	1","	B01??(?)","	21.8","	2026-07-28 13:02:27"
"	6A0C0938","	Ambient","	1","	B01??(%RH)","	76.1","	2026-07-28 13:02:25"
"	6A0C0938","	Ambient","	1","	B01??(?)","	21.8","	2026-07-28 13:02:25"
"	6A0C0938","	Ambient","	1","	B01??(%RH)","	76.3","	2026-07-28 13:02:23"
"	6A0C0938","	Ambient","	1","	B01??(?)","	21.8","	2026-07-28 13:02:23"
"	6A0C0938","	Ambient","	1","	B01??(%RH)","	76.6","	2026-07-28 13:02:21"
"	6A0C0938","	Ambient","	1","	B01??(?)","	21.8","	2026-07-28 13:02:21"
"	6A0C0938","	Ambient","	1","	B01??(%RH)","	76.6","	2026-07-28 13:02:19"
"	6A0C0938","	Ambient","	1","	B01??(?)","	21.8","	2026-07-28 13:02:19"
"	6A0C0938","	Ambient","	1","	B01??(%RH)","	76.6","	2026-07-28 13:02:17"
"	6A0C0938","	Ambient","	1","	B01??(?)","	21.8","	2026-07-28 13:02:17"
"	6A0C0938","	Ambient","	1","	B01??(%RH)","	76.4","	2026-07-28 13:02:15"
"	6A0C0938","	Ambient","	1","	B01??(?)","	21.8","	2026-07-28 13:02:15"
"	6A0C0938","	Ambient","	1","	B01??(%RH)","	76.2","	2026-07-28 13:02:12"
"	6A0C0938","	Ambient","	1","	B01??(?)","	21.8","	2026-07-28 13:02:12"
"	6A0C0938","	Ambient","	1","	B01??(%RH)","	76.1","	2026-07-28 13:02:10"
"	6A0C0938","	Ambient","	1","	B01??(?)","	21.8","	2026-07-28 13:02:10"
"	6A0C0938","	Ambient","	1","	B01??(%RH)","	76.1","	2026-07-28 13:02:08"
"	6A0C0938","	Ambient","	1","	B01??(?)","	21.8","	2026-07-28 13:02:08"
"	6A0C0938","	Ambient","	1","	B01??(%RH)","	76","	2026-07-28 13:02:06"
"	6A0C0938","	Ambient","	1","	B01??(?)","	21.8","	2026-07-28 13:02:06"
"	6A0C0938","	Ambient","	1","	B01??(%RH)","	76","	2026-07-28 13:02:04"
"	6A0C0938","	Ambient","	1","	B01??(?)","	21.8","	2026-07-28 13:02:04"
"	6A0C0938","	Ambient","	1","	B01??(%RH)","	76","	2026-07-28 13:02:02"
"	6A0C0938","	Ambient","	1","	B01??(?)","	21.8","	2026-07-28 13:02:02"
"	6A0C0938","	Ambient","	1","	B01??(%RH)","	76","	2026-07-28 13:02:00"
"	6A0C0938","	Ambient","	1","	B01??(?)","	21.8","	2026-07-28 13:02:00"
"	6A0C0938","	Ambient","	1","	B01??(%RH)","	75.8","	2026-07-28 13:01:58"
"	6A0C0938","	Ambient","	1","	B01??(?)","	21.8","	2026-07-28 13:01:58"
"	6A0C0938","	Ambient","	1","	B01??(%RH)","	75.6","	2026-07-28 13:01:56"
"	6A0C0938","	Ambient","	1","	B01??(?)","	21.8","	2026-07-28 13:01:56"
"	6A0C0938","	Ambient","	1","	B01??(%RH)","	75.4","	2026-07-28 13:01:54"
"	6A0C0938","	Ambient","	1","	B01??(?)","	21.8","	2026-07-28 13:01:54"
"	6A0C0938","	Ambient","	1","	B01??(?)","	21.8","	2026-07-28 13:01:52"
"	6A0C0938","	Ambient","	1","	B01??(%RH)","	75.2","	2026-07-28 13:01:52"
"	6A0C0938","	Ambient","	1","	B01??(%RH)","	75.1","	2026-07-28 13:01:50"
"	6A0C0938","	Ambient","	1","	B01??(?)","	21.8","	2026-07-28 13:01:50"
"	6A0C0938","	Ambient","	1","	B01??(%RH)","	75.1","	2026-07-28 13:01:48"
"	6A0C0938","	Ambient","	1","	B01??(?)","	21.8","	2026-07-28 13:01:48"
"	6A0C0938","	Ambient","	1","	B01??(%RH)","	75.2","	2026-07-28 13:01:46"
"	6A0C0938","	Ambient","	1","	B01??(?)","	21.8","	2026-07-28 13:01:46"
"	6A0C0938","	Ambient","	1","	B01??(%RH)","	75.5","	2026-07-28 13:01:44"
"	6A0C0938","	Ambient","	1","	B01??(?)","	21.8","	2026-07-28 13:01:44"
"	6A0C0938","	Ambient","	1","	B01??(?)","	21.8","	2026-07-28 13:01:42"
"	6A0C0938","	Ambient","	1","	B01??(%RH)","	75.9","	2026-07-28 13:01:42"
"	6A0C0938","	Ambient","	1","	B01??(%RH)","	76.3","	2026-07-28 13:01:40"
"	6A0C0938","	Ambient","	1","	B01??(?)","	21.8","	2026-07-28 13:01:40"
"	6A0C0938","	Ambient","	1","	B01??(%RH)","	76.5","	2026-07-28 13:01:38"
"	6A0C0938","	Ambient","	1","	B01??(?)","	21.8","	2026-07-28 13:01:38"
"	6A0C0938","	Ambient","	1","	B01??(%RH)","	76.6","	2026-07-28 13:01:36"
"	6A0C0938","	Ambient","	1","	B01??(?)","	21.8","	2026-07-28 13:01:36"
"	6A0C0938","	Ambient","	1","	B01??(%RH)","	76.4","	2026-07-28 13:01:33"
"	6A0C0938","	Ambient","	1","	B01??(?)","	21.8","	2026-07-28 13:01:33"
"	6A0C0938","	Ambient","	1","	B01??(%RH)","	76.2","	2026-07-28 13:01:31"
"	6A0C0938","	Ambient","	1","	B01??(?)","	21.8","	2026-07-28 13:01:31"
"	6A0C0938","	Ambient","	1","	B01??(%RH)","	76","	2026-07-28 13:01:29"
"	6A0C0938","	Ambient","	1","	B01??(?)","	21.8","	2026-07-28 13:01:29"
"	6A0C0938","	Ambient","	1","	B01??(%RH)","	75.8","	2026-07-28 13:01:27"
"	6A0C0938","	Ambient","	1","	B01??(?)","	21.8","	2026-07-28 13:01:27"
"	6A0C0938","	Ambient","	1","	B01??(%RH)","	75.7","	2026-07-28 13:01:25"
"	6A0C0938","	Ambient","	1","	B01??(?)","	21.8","	2026-07-28 13:01:25"
"	6A0C0938","	Ambient","	1","	B01??(%RH)","	75.7","	2026-07-28 13:01:23"
"	6A0C0938","	Ambient","	1","	B01??(?)","	21.8","	2026-07-28 13:01:23"
"	6A0C0938","	Ambient","	1","	B01??(%RH)","	75.7","	2026-07-28 13:01:21"
"	6A0C0938","	Ambient","	1","	B01??(?)","	21.8","	2026-07-28 13:01:21"
"	6A0C0938","	Ambient","	1","	B01??(%RH)","	75.9","	2026-07-28 13:01:19"
"	6A0C0938","	Ambient","	1","	B01??(?)","	21.8","	2026-07-28 13:01:19"
"	6A0C0938","	Ambient","	1","	B01??(%RH)","	76.1","	2026-07-28 13:01:17"
"	6A0C0938","	Ambient","	1","	B01??(?)","	21.8","	2026-07-28 13:01:17"
"	6A0C0938","	Ambient","	1","	B01??(%RH)","	76.4","	2026-07-28 13:01:15"
"	6A0C0938","	Ambient","	1","	B01??(?)","	21.8","	2026-07-28 13:01:15"
"	6A0C0938","	Ambient","	1","	B01??(%RH)","	76.6","	2026-07-28 13:01:13"
"	6A0C0938","	Ambient","	1","	B01??(?)","	21.8","	2026-07-28 13:01:13"
"	6A0C0938","	Ambient","	1","	B01??(%RH)","	76.7","	2026-07-28 13:01:11"
"	6A0C0938","	Ambient","	1","	B01??(?)","	21.8","	2026-07-28 13:01:11"
"	6A0C0938","	Ambient","	1","	B01??(%RH)","	76.7","	2026-07-28 13:01:09"
"	6A0C0938","	Ambient","	1","	B01??(?)","	21.8","	2026-07-28 13:01:09"
"	6A0C0938","	Ambient","	1","	B01??(%RH)","	76.5","	2026-07-28 13:01:07"
"	6A0C0938","	Ambient","	1","	B01??(?)","	21.8","	2026-07-28 13:01:07"
"	6A0C0938","	Ambient","	1","	B01??(?)","	21.9","	2026-07-28 13:01:05"
"	6A0C0938","	Ambient","	1","	B01??(%RH)","	76.3","	2026-07-28 13:01:05"
"	6A0C0938","	Ambient","	1","	B01??(%RH)","	76.1","	2026-07-28 13:01:03"
"	6A0C0938","	Ambient","	1","	B01??(?)","	21.9","	2026-07-28 13:01:03"
"	6A0C0938","	Ambient","	1","	B01??(%RH)","	75.9","	2026-07-28 13:01:01"
"	6A0C0938","	Ambient","	1","	B01??(?)","	21.8","	2026-07-28 13:01:01"
"	6A0C0938","	Ambient","	1","	B01??(%RH)","	75.7","	2026-07-28 13:00:59"
"	6A0C0938","	Ambient","	1","	B01??(?)","	21.8","	2026-07-28 13:00:59"
"	6A0C0938","	Ambient","	1","	B01??(%RH)","	75.6","	2026-07-28 13:00:57"
"	6A0C0938","	Ambient","	1","	B01??(?)","	21.8","	2026-07-28 13:00:57"
"	6A0C0938","	Ambient","	1","	B01??(%RH)","	75.6","	2026-07-28 13:00:55"
"	6A0C0938","	Ambient","	1","	B01??(?)","	21.9","	2026-07-28 13:00:55"
"	6A0C0938","	Ambient","	1","	B01??(%RH)","	75.8","	2026-07-28 13:00:53"
"	6A0C0938","	Ambient","	1","	B01??(?)","	21.9","	2026-07-28 13:00:53"
"	6A0C0938","	Ambient","	1","	B01??(%RH)","	76","	2026-07-28 13:00:50"
"	6A0C0938","	Ambient","	1","	B01??(?)","	21.9","	2026-07-28 13:00:50"
"	6A0C0938","	Ambient","	1","	B01??(%RH)","	76.1","	2026-07-28 13:00:48"
"	6A0C0938","	Ambient","	1","	B01??(?)","	21.9","	2026-07-28 13:00:48"
"	6A0C0938","	Ambient","	1","	B01??(%RH)","	76.1","	2026-07-28 13:00:46"
"	6A0C0938","	Ambient","	1","	B01??(?)","	21.9","	2026-07-28 13:00:46"
"	6A0C0938","	Ambient","	1","	B01??(%RH)","	76.3","	2026-07-28 13:00:44"
"	6A0C0938","	Ambient","	1","	B01??(?)","	21.9","	2026-07-28 13:00:44"
"	6A0C0938","	Ambient","	1","	B01??(?)","	21.8","	2026-07-28 13:00:42"
"	6A0C0938","	Ambient","	1","	B01??(%RH)","	76.4","	2026-07-28 13:00:42"
"	6A0C0938","	Ambient","	1","	B01??(%RH)","	76.8","	2026-07-28 13:00:40"
"	6A0C0938","	Ambient","	1","	B01??(?)","	21.9","	2026-07-28 13:00:40"
"	6A0C0938","	Ambient","	1","	B01??(%RH)","	77.1","	2026-07-28 13:00:38"
"	6A0C0938","	Ambient","	1","	B01??(?)","	21.9","	2026-07-28 13:00:38"
"	6A0C0938","	Ambient","	1","	B01??(%RH)","	77.1","	2026-07-28 13:00:36"
"	6A0C0938","	Ambient","	1","	B01??(?)","	21.9","	2026-07-28 13:00:36"
"	6A0C0938","	Ambient","	1","	B01??(%RH)","	77","	2026-07-28 13:00:34"
"	6A0C0938","	Ambient","	1","	B01??(?)","	21.8","	2026-07-28 13:00:34"
"	6A0C0938","	Ambient","	1","	B01??(%RH)","	76.9","	2026-07-28 13:00:32"
"	6A0C0938","	Ambient","	1","	B01??(?)","	21.9","	2026-07-28 13:00:32"
"	6A0C0938","	Ambient","	1","	B01??(%RH)","	76.8","	2026-07-28 13:00:30"
"	6A0C0938","	Ambient","	1","	B01??(?)","	21.9","	2026-07-28 13:00:30"
"	6A0C0938","	Ambient","	1","	B01??(%RH)","	76.7","	2026-07-28 13:00:28"
"	6A0C0938","	Ambient","	1","	B01??(?)","	21.9","	2026-07-28 13:00:28"
"	6A0C0938","	Ambient","	1","	B01??(%RH)","	76.6","	2026-07-28 13:00:26"
"	6A0C0938","	Ambient","	1","	B01??(?)","	21.9","	2026-07-28 13:00:26"
"	6A0C0938","	Ambient","	1","	B01??(?)","	21.8","	2026-07-28 13:00:24"
"	6A0C0938","	Ambient","	1","	B01??(%RH)","	76.6","	2026-07-28 13:00:24"
"	6A0C0938","	Ambient","	1","	B01??(%RH)","	76.5","	2026-07-28 13:00:22"
"	6A0C0938","	Ambient","	1","	B01??(?)","	21.9","	2026-07-28 13:00:22"
"	6A0C0938","	Ambient","	1","	B01??(%RH)","	76.3","	2026-07-28 13:00:20"
"	6A0C0938","	Ambient","	1","	B01??(?)","	21.9","	2026-07-28 13:00:20"
"	6A0C0938","	Ambient","	1","	B01??(%RH)","	76.1","	2026-07-28 13:00:18"
"	6A0C0938","	Ambient","	1","	B01??(?)","	21.9","	2026-07-28 13:00:18"
"	6A0C0938","	Ambient","	1","	B01??(%RH)","	75.9","	2026-07-28 13:00:16"
"	6A0C0938","	Ambient","	1","	B01??(?)","	21.9","	2026-07-28 13:00:16"
"	6A0C0938","	Ambient","	1","	B01??(%RH)","	75.7","	2026-07-28 13:00:14"
"	6A0C0938","	Ambient","	1","	B01??(?)","	21.9","	2026-07-28 13:00:14"
"	6A0C0938","	Ambient","	1","	B01??(%RH)","	75.4","	2026-07-28 13:00:12"
"	6A0C0938","	Ambient","	1","	B01??(?)","	21.9","	2026-07-28 13:00:12"
"	6A0C0938","	Ambient","	1","	B01??(%RH)","	75.3","	2026-07-28 13:00:10"
"	6A0C0938","	Ambient","	1","	B01??(?)","	21.9","	2026-07-28 13:00:10"
"	6A0C0938","	Ambient","	1","	B01??(%RH)","	75.1","	2026-07-28 13:00:07"
"	6A0C0938","	Ambient","	1","	B01??(?)","	21.8","	2026-07-28 13:00:07"
"	6A0C0938","	Ambient","	1","	B01??(%RH)","	75","	2026-07-28 13:00:05"
"	6A0C0938","	Ambient","	1","	B01??(?)","	21.9","	2026-07-28 13:00:05"
"	6A0C0938","	Ambient","	1","	B01??(%RH)","	75.1","	2026-07-28 13:00:03"
"	6A0C0938","	Ambient","	1","	B01??(?)","	21.9","	2026-07-28 13:00:03"
"	6A0C0938","	Ambient","	1","	B01??(%RH)","	75","	2026-07-28 13:00:01"
"	6A0C0938","	Ambient","	1","	B01??(?)","	21.9","	2026-07-28 13:00:01"
"	6A0C0938","	Ambient","	1","	B01??(%RH)","	75","	2026-07-28 12:59:59"
"	6A0C0938","	Ambient","	1","	B01??(?)","	21.9","	2026-07-28 12:59:59"
"	6A0C0938","	Ambient","	1","	B01??(%RH)","	74.9","	2026-07-28 12:59:57"
"	6A0C0938","	Ambient","	1","	B01??(?)","	21.9","	2026-07-28 12:59:57"
"	6A0C0938","	Ambient","	1","	B01??(%RH)","	75","	2026-07-28 12:59:55"
"	6A0C0938","	Ambient","	1","	B01??(?)","	21.9","	2026-07-28 12:59:55"
"	6A0C0938","	Ambient","	1","	B01??(%RH)","	75","	2026-07-28 12:59:53"
"	6A0C0938","	Ambient","	1","	B01??(?)","	21.9","	2026-07-28 12:59:53"
"	6A0C0938","	Ambient","	1","	B01??(%RH)","	75.3","	2026-07-28 12:59:51"
"	6A0C0938","	Ambient","	1","	B01??(?)","	21.9","	2026-07-28 12:59:51"
"	6A0C0938","	Ambient","	1","	B01??(%RH)","	75.5","	2026-07-28 12:59:49"
"	6A0C0938","	Ambient","	1","	B01??(?)","	21.9","	2026-07-28 12:59:49"
"	6A0C0938","	Ambient","	1","	B01??(%RH)","	75.9","	2026-07-28 12:59:47"
"	6A0C0938","	Ambient","	1","	B01??(?)","	21.9","	2026-07-28 12:59:47"
"	6A0C0938","	Ambient","	1","	B01??(%RH)","	76.2","	2026-07-28 12:59:45"
"	6A0C0938","	Ambient","	1","	B01??(?)","	21.9","	2026-07-28 12:59:45"
"	6A0C0938","	Ambient","	1","	B01??(%RH)","	76.2","	2026-07-28 12:59:43"
"	6A0C0938","	Ambient","	1","	B01??(?)","	21.9","	2026-07-28 12:59:43"
"	6A0C0938","	Ambient","	1","	B01??(%RH)","	76.3","	2026-07-28 12:59:41"
"	6A0C0938","	Ambient","	1","	B01??(?)","	21.9","	2026-07-28 12:59:41"
"	6A0C0938","	Ambient","	1","	B01??(%RH)","	76.4","	2026-07-28 12:59:39"
"	6A0C0938","	Ambient","	1","	B01??(?)","	21.9","	2026-07-28 12:59:39"
"	6A0C0938","	Ambient","	1","	B01??(%RH)","	76.6","	2026-07-28 12:59:37"
"	6A0C0938","	Ambient","	1","	B01??(?)","	21.9","	2026-07-28 12:59:37"
"	6A0C0938","	Ambient","	1","	B01??(%RH)","	76.7","	2026-07-28 12:59:35"
"	6A0C0938","	Ambient","	1","	B01??(?)","	21.9","	2026-07-28 12:59:35"
"	6A0C0938","	Ambient","	1","	B01??(%RH)","	76.8","	2026-07-28 12:59:33"
"	6A0C0938","	Ambient","	1","	B01??(?)","	21.9","	2026-07-28 12:59:33"
"	6A0C0938","	Ambient","	1","	B01??(%RH)","	76.8","	2026-07-28 12:59:31"
"	6A0C0938","	Ambient","	1","	B01??(?)","	21.9","	2026-07-28 12:59:31"
"	6A0C0938","	Ambient","	1","	B01??(%RH)","	76.7","	2026-07-28 12:59:29"
"	6A0C0938","	Ambient","	1","	B01??(?)","	21.9","	2026-07-28 12:59:29"
"	6A0C0938","	Ambient","	1","	B01??(%RH)","	76.6","	2026-07-28 12:59:26"
"	6A0C0938","	Ambient","	1","	B01??(?)","	21.9","	2026-07-28 12:59:26"
"	6A0C0938","	Ambient","	1","	B01??(%RH)","	76.5","	2026-07-28 12:59:24"
"	6A0C0938","	Ambient","	1","	B01??(?)","	21.9","	2026-07-28 12:59:24"
"	6A0C0938","	Ambient","	1","	B01??(%RH)","	76.4","	2026-07-28 12:59:22"
"	6A0C0938","	Ambient","	1","	B01??(?)","	21.9","	2026-07-28 12:59:22"
"	6A0C0938","	Ambient","	1","	B01??(%RH)","	76.2","	2026-07-28 12:59:20"
"	6A0C0938","	Ambient","	1","	B01??(?)","	21.9","	2026-07-28 12:59:20"
"	6A0C0938","	Ambient","	1","	B01??(%RH)","	76","	2026-07-28 12:59:18"
"	6A0C0938","	Ambient","	1","	B01??(?)","	21.9","	2026-07-28 12:59:18"
"	6A0C0938","	Ambient","	1","	B01??(%RH)","	75.7","	2026-07-28 12:59:16"
"	6A0C0938","	Ambient","	1","	B01??(?)","	21.9","	2026-07-28 12:59:16"
"	6A0C0938","	Ambient","	1","	B01??(%RH)","	75.6","	2026-07-28 12:59:14"
"	6A0C0938","	Ambient","	1","	B01??(?)","	21.9","	2026-07-28 12:59:14"
"	6A0C0938","	Ambient","	1","	B01??(%RH)","	75.4","	2026-07-28 12:59:12"
"	6A0C0938","	Ambient","	1","	B01??(?)","	21.9","	2026-07-28 12:59:12"
"	6A0C0938","	Ambient","	1","	B01??(%RH)","	75.3","	2026-07-28 12:59:10"
"	6A0C0938","	Ambient","	1","	B01??(?)","	21.9","	2026-07-28 12:59:10"
"	6A0C0938","	Ambient","	1","	B01??(%RH)","	75.3","	2026-07-28 12:59:08"
"	6A0C0938","	Ambient","	1","	B01??(?)","	21.9","	2026-07-28 12:59:08"
"	6A0C0938","	Ambient","	1","	B01??(?)","	21.9","	2026-07-28 12:59:06"
"	6A0C0938","	Ambient","	1","	B01??(%RH)","	75.2","	2026-07-28 12:59:06"
"	6A0C0938","	Ambient","	1","	B01??(%RH)","	75.1","	2026-07-28 12:59:04"
"	6A0C0938","	Ambient","	1","	B01??(?)","	21.9","	2026-07-28 12:59:04"
"	6A0C0938","	Ambient","	1","	B01??(%RH)","	75","	2026-07-28 12:59:02"
"	6A0C0938","	Ambient","	1","	B01??(?)","	21.9","	2026-07-28 12:59:02"
"	6A0C0938","	Ambient","	1","	B01??(%RH)","	75","	2026-07-28 12:59:00"
"	6A0C0938","	Ambient","	1","	B01??(?)","	21.9","	2026-07-28 12:59:00"
"	6A0C0938","	Ambient","	1","	B01??(%RH)","	75","	2026-07-28 12:58:58"
"	6A0C0938","	Ambient","	1","	B01??(?)","	21.9","	2026-07-28 12:58:58"
"	6A0C0938","	Ambient","	1","	B01??(%RH)","	75.1","	2026-07-28 12:58:56"
"	6A0C0938","	Ambient","	1","	B01??(?)","	21.9","	2026-07-28 12:58:56"
"	6A0C0938","	Ambient","	1","	B01??(%RH)","	75.3","	2026-07-28 12:58:54"
"	6A0C0938","	Ambient","	1","	B01??(?)","	21.9","	2026-07-28 12:58:54"
"	6A0C0938","	Ambient","	1","	B01??(%RH)","	75.5","	2026-07-28 12:58:52"
"	6A0C0938","	Ambient","	1","	B01??(?)","	21.9","	2026-07-28 12:58:52"
"	6A0C0938","	Ambient","	1","	B01??(%RH)","	75.7","	2026-07-28 12:58:50"
"	6A0C0938","	Ambient","	1","	B01??(?)","	21.9","	2026-07-28 12:58:50"
"	6A0C0938","	Ambient","	1","	B01??(%RH)","	75.9","	2026-07-28 12:58:48"
"	6A0C0938","	Ambient","	1","	B01??(?)","	21.9","	2026-07-28 12:58:48"
"	6A0C0938","	Ambient","	1","	B01??(?)","	21.9","	2026-07-28 12:58:46"
"	6A0C0938","	Ambient","	1","	B01??(%RH)","	76.2","	2026-07-28 12:58:46"
"	6A0C0938","	Ambient","	1","	B01??(%RH)","	76.3","	2026-07-28 12:58:43"
"	6A0C0938","	Ambient","	1","	B01??(?)","	21.9","	2026-07-28 12:58:43"
"	6A0C0938","	Ambient","	1","	B01??(%RH)","	76.4","	2026-07-28 12:58:41"
"	6A0C0938","	Ambient","	1","	B01??(?)","	21.9","	2026-07-28 12:58:41"
"	6A0C0938","	Ambient","	1","	B01??(%RH)","	76.5","	2026-07-28 12:58:39"
"	6A0C0938","	Ambient","	1","	B01??(?)","	21.9","	2026-07-28 12:58:39"
"	6A0C0938","	Ambient","	1","	B01??(%RH)","	76.5","	2026-07-28 12:58:37"
"	6A0C0938","	Ambient","	1","	B01??(?)","	21.9","	2026-07-28 12:58:37"
"	6A0C0938","	Ambient","	1","	B01??(%RH)","	76.5","	2026-07-28 12:58:35"
"	6A0C0938","	Ambient","	1","	B01??(?)","	21.9","	2026-07-28 12:58:35"
"	6A0C0938","	Ambient","	1","	B01??(%RH)","	76.6","	2026-07-28 12:58:33"
"	6A0C0938","	Ambient","	1","	B01??(?)","	21.9","	2026-07-28 12:58:33"
"	6A0C0938","	Ambient","	1","	B01??(%RH)","	76.7","	2026-07-28 12:58:31"
"	6A0C0938","	Ambient","	1","	B01??(?)","	21.9","	2026-07-28 12:58:31"
"	6A0C0938","	Ambient","	1","	B01??(%RH)","	76.7","	2026-07-28 12:58:29"
"	6A0C0938","	Ambient","	1","	B01??(?)","	21.9","	2026-07-28 12:58:29"
"	6A0C0938","	Ambient","	1","	B01??(%RH)","	76.9","	2026-07-28 12:58:27"
"	6A0C0938","	Ambient","	1","	B01??(?)","	21.9","	2026-07-28 12:58:27"
"	6A0C0938","	Ambient","	1","	B01??(%RH)","	77","	2026-07-28 12:58:25"
"	6A0C0938","	Ambient","	1","	B01??(?)","	21.9","	2026-07-28 12:58:25"
"	6A0C0938","	Ambient","	1","	B01??(%RH)","	77.2","	2026-07-28 12:58:23"
"	6A0C0938","	Ambient","	1","	B01??(?)","	21.9","	2026-07-28 12:58:23"
"	6A0C0938","	Ambient","	1","	B01??(%RH)","	77.3","	2026-07-28 12:58:21"
"	6A0C0938","	Ambient","	1","	B01??(?)","	21.9","	2026-07-28 12:58:21"
"	6A0C0938","	Ambient","	1","	B01??(%RH)","	77.4","	2026-07-28 12:58:19"
"	6A0C0938","	Ambient","	1","	B01??(?)","	21.9","	2026-07-28 12:58:19"
"	6A0C0938","	Ambient","	1","	B01??(%RH)","	77.4","	2026-07-28 12:58:17"
"	6A0C0938","	Ambient","	1","	B01??(?)","	21.9","	2026-07-28 12:58:17"
"	6A0C0938","	Ambient","	1","	B01??(%RH)","	77.4","	2026-07-28 12:58:15"
"	6A0C0938","	Ambient","	1","	B01??(?)","	21.9","	2026-07-28 12:58:15"
"	6A0C0938","	Ambient","	1","	B01??(%RH)","	77.4","	2026-07-28 12:58:13"
"	6A0C0938","	Ambient","	1","	B01??(?)","	21.9","	2026-07-28 12:58:13"
"	6A0C0938","	Ambient","	1","	B01??(%RH)","	77.4","	2026-07-28 12:58:11"
"	6A0C0938","	Ambient","	1","	B01??(?)","	21.9","	2026-07-28 12:58:11"
"	6A0C0938","	Ambient","	1","	B01??(%RH)","	77.5","	2026-07-28 12:58:09"
"	6A0C0938","	Ambient","	1","	B01??(?)","	21.9","	2026-07-28 12:58:09"
"	6A0C0938","	Ambient","	1","	B01??(%RH)","	77.4","	2026-07-28 12:58:07"
"	6A0C0938","	Ambient","	1","	B01??(?)","	21.9","	2026-07-28 12:58:07"
"	6A0C0938","	Ambient","	1","	B01??(%RH)","	77.4","	2026-07-28 12:58:05"
"	6A0C0938","	Ambient","	1","	B01??(?)","	21.9","	2026-07-28 12:58:05"
"	6A0C0938","	Ambient","	1","	B01??(%RH)","	77.3","	2026-07-28 12:58:03"
"	6A0C0938","	Ambient","	1","	B01??(?)","	21.9","	2026-07-28 12:58:03"
"	6A0C0938","	Ambient","	1","	B01??(%RH)","	77.3","	2026-07-28 12:58:00"
"	6A0C0938","	Ambient","	1","	B01??(?)","	21.9","	2026-07-28 12:58:00"
"	6A0C0938","	Ambient","	1","	B01??(%RH)","	77.3","	2026-07-28 12:57:58"
"	6A0C0938","	Ambient","	1","	B01??(?)","	21.9","	2026-07-28 12:57:58"
"	6A0C0938","	Ambient","	1","	B01??(%RH)","	77.2","	2026-07-28 12:57:56"
"	6A0C0938","	Ambient","	1","	B01??(?)","	21.9","	2026-07-28 12:57:56"
"	6A0C0938","	Ambient","	1","	B01??(%RH)","	77.2","	2026-07-28 12:57:54"
"	6A0C0938","	Ambient","	1","	B01??(?)","	21.9","	2026-07-28 12:57:54"
"	6A0C0938","	Ambient","	1","	B01??(%RH)","	77.1","	2026-07-28 12:57:52"
"	6A0C0938","	Ambient","	1","	B01??(?)","	21.9","	2026-07-28 12:57:52"
"	6A0C0938","	Ambient","	1","	B01??(%RH)","	76.9","	2026-07-28 12:57:50"
"	6A0C0938","	Ambient","	1","	B01??(?)","	21.9","	2026-07-28 12:57:50"
"	6A0C0938","	Ambient","	1","	B01??(%RH)","	76.7","	2026-07-28 12:57:48"
"	6A0C0938","	Ambient","	1","	B01??(?)","	21.9","	2026-07-28 12:57:48"
"	6A0C0938","	Ambient","	1","	B01??(%RH)","	76.4","	2026-07-28 12:57:46"
"	6A0C0938","	Ambient","	1","	B01??(?)","	21.9","	2026-07-28 12:57:46"
"	6A0C0938","	Ambient","	1","	B01??(%RH)","	76.4","	2026-07-28 12:57:44"
"	6A0C0938","	Ambient","	1","	B01??(?)","	21.9","	2026-07-28 12:57:44"
"	6A0C0938","	Ambient","	1","	B01??(%RH)","	76.5","	2026-07-28 12:57:42"
"	6A0C0938","	Ambient","	1","	B01??(?)","	21.9","	2026-07-28 12:57:42"
"	6A0C0938","	Ambient","	1","	B01??(%RH)","	76.6","	2026-07-28 12:57:40"
"	6A0C0938","	Ambient","	1","	B01??(?)","	21.9","	2026-07-28 12:57:40"
"	6A0C0938","	Ambient","	1","	B01??(%RH)","	76.5","	2026-07-28 12:57:38"
"	6A0C0938","	Ambient","	1","	B01??(?)","	21.9","	2026-07-28 12:57:38"
"	6A0C0938","	Ambient","	1","	B01??(%RH)","	76.5","	2026-07-28 12:57:36"
"	6A0C0938","	Ambient","	1","	B01??(?)","	21.9","	2026-07-28 12:57:36"
"	6A0C0938","	Ambient","	1","	B01??(%RH)","	76.4","	2026-07-28 12:57:34"
"	6A0C0938","	Ambient","	1","	B01??(?)","	21.9","	2026-07-28 12:57:34"
"	6A0C0938","	Ambient","	1","	B01??(%RH)","	76.4","	2026-07-28 12:57:32"
"	6A0C0938","	Ambient","	1","	B01??(?)","	21.9","	2026-07-28 12:57:32"
"	6A0C0938","	Ambient","	1","	B01??(%RH)","	76.4","	2026-07-28 12:57:30"
"	6A0C0938","	Ambient","	1","	B01??(?)","	21.9","	2026-07-28 12:57:30"
"	6A0C0938","	Ambient","	1","	B01??(%RH)","	76.4","	2026-07-28 12:57:28"
"	6A0C0938","	Ambient","	1","	B01??(?)","	21.9","	2026-07-28 12:57:28"
"	6A0C0938","	Ambient","	1","	B01??(%RH)","	76.5","	2026-07-28 12:57:26"
"	6A0C0938","	Ambient","	1","	B01??(?)","	21.9","	2026-07-28 12:57:26"
"	6A0C0938","	Ambient","	1","	B01??(%RH)","	76.6","	2026-07-28 12:57:24"
"	6A0C0938","	Ambient","	1","	B01??(?)","	21.9","	2026-07-28 12:57:24"
"	6A0C0938","	Ambient","	1","	B01??(%RH)","	76.7","	2026-07-28 12:57:22"
"	6A0C0938","	Ambient","	1","	B01??(?)","	21.9","	2026-07-28 12:57:22"
"	6A0C0938","	Ambient","	1","	B01??(%RH)","	77","	2026-07-28 12:57:20"
"	6A0C0938","	Ambient","	1","	B01??(?)","	21.9","	2026-07-28 12:57:20"
"	6A0C0938","	Ambient","	1","	B01??(%RH)","	77.2","	2026-07-28 12:57:17"
"	6A0C0938","	Ambient","	1","	B01??(?)","	21.9","	2026-07-28 12:57:17"
"	6A0C0938","	Ambient","	1","	B01??(%RH)","	77.3","	2026-07-28 12:57:15"
"	6A0C0938","	Ambient","	1","	B01??(?)","	21.9","	2026-07-28 12:57:15"
"	6A0C0938","	Ambient","	1","	B01??(%RH)","	77.3","	2026-07-28 12:57:13"
"	6A0C0938","	Ambient","	1","	B01??(?)","	21.9","	2026-07-28 12:57:13"
"	6A0C0938","	Ambient","	1","	B01??(%RH)","	77.3","	2026-07-28 12:57:11"
"	6A0C0938","	Ambient","	1","	B01??(?)","	21.9","	2026-07-28 12:57:11"
"	6A0C0938","	Ambient","	1","	B01??(%RH)","	77.3","	2026-07-28 12:57:09"
"	6A0C0938","	Ambient","	1","	B01??(?)","	21.9","	2026-07-28 12:57:09"
"	6A0C0938","	Ambient","	1","	B01??(%RH)","	77.3","	2026-07-28 12:57:07"
"	6A0C0938","	Ambient","	1","	B01??(?)","	21.9","	2026-07-28 12:57:07"
"	6A0C0938","	Ambient","	1","	B01??(%RH)","	77.3","	2026-07-28 12:57:05"
"	6A0C0938","	Ambient","	1","	B01??(?)","	21.9","	2026-07-28 12:57:05"
"	6A0C0938","	Ambient","	1","	B01??(%RH)","	77.3","	2026-07-28 12:57:03"
"	6A0C0938","	Ambient","	1","	B01??(?)","	21.9","	2026-07-28 12:57:03"
"	6A0C0938","	Ambient","	1","	B01??(%RH)","	77.3","	2026-07-28 12:57:01"
"	6A0C0938","	Ambient","	1","	B01??(?)","	21.9","	2026-07-28 12:57:01"
"	6A0C0938","	Ambient","	1","	B01??(%RH)","	77.3","	2026-07-28 12:56:59"
"	6A0C0938","	Ambient","	1","	B01??(?)","	21.9","	2026-07-28 12:56:59"
"	6A0C0938","	Ambient","	1","	B01??(%RH)","	77.3","	2026-07-28 12:56:57"
"	6A0C0938","	Ambient","	1","	B01??(?)","	21.9","	2026-07-28 12:56:57"
"	6A0C0938","	Ambient","	1","	B01??(%RH)","	77.3","	2026-07-28 12:56:55"
"	6A0C0938","	Ambient","	1","	B01??(?)","	21.9","	2026-07-28 12:56:55"
"	6A0C0938","	Ambient","	1","	B01??(%RH)","	77.2","	2026-07-28 12:56:53"
"	6A0C0938","	Ambient","	1","	B01??(?)","	21.9","	2026-07-28 12:56:53"
"	6A0C0938","	Ambient","	1","	B01??(%RH)","	77.1","	2026-07-28 12:56:51"
"	6A0C0938","	Ambient","	1","	B01??(?)","	21.9","	2026-07-28 12:56:51"
"	6A0C0938","	Ambient","	1","	B01??(%RH)","	77","	2026-07-28 12:56:49"
"	6A0C0938","	Ambient","	1","	B01??(?)","	21.9","	2026-07-28 12:56:49"
"	6A0C0938","	Ambient","	1","	B01??(%RH)","	76.9","	2026-07-28 12:56:47"
"	6A0C0938","	Ambient","	1","	B01??(?)","	21.9","	2026-07-28 12:56:47"
"	6A0C0938","	Ambient","	1","	B01??(%RH)","	76.7","	2026-07-28 12:56:45"
"	6A0C0938","	Ambient","	1","	B01??(?)","	21.9","	2026-07-28 12:56:45"
"	6A0C0938","	Ambient","	1","	B01??(%RH)","	76.6","	2026-07-28 12:56:43"
"	6A0C0938","	Ambient","	1","	B01??(?)","	21.9","	2026-07-28 12:56:43"
"	6A0C0938","	Ambient","	1","	B01??(%RH)","	76.5","	2026-07-28 12:56:41"
"	6A0C0938","	Ambient","	1","	B01??(?)","	21.9","	2026-07-28 12:56:41"
"	6A0C0938","	Ambient","	1","	B01??(%RH)","	76.4","	2026-07-28 12:56:39"
"	6A0C0938","	Ambient","	1","	B01??(?)","	21.9","	2026-07-28 12:56:39"
"	6A0C0938","	Ambient","	1","	B01??(%RH)","	76.3","	2026-07-28 12:56:37"
"	6A0C0938","	Ambient","	1","	B01??(?)","	21.9","	2026-07-28 12:56:37"
"	6A0C0938","	Ambient","	1","	B01??(%RH)","	76.4","	2026-07-28 12:56:34"
"	6A0C0938","	Ambient","	1","	B01??(?)","	21.9","	2026-07-28 12:56:34"
"	6A0C0938","	Ambient","	1","	B01??(%RH)","	76.4","	2026-07-28 12:56:32"
"	6A0C0938","	Ambient","	1","	B01??(?)","	21.9","	2026-07-28 12:56:32"
"	6A0C0938","	Ambient","	1","	B01??(%RH)","	76.5","	2026-07-28 12:56:30"
"	6A0C0938","	Ambient","	1","	B01??(?)","	21.9","	2026-07-28 12:56:30"
"	6A0C0938","	Ambient","	1","	B01??(%RH)","	76.5","	2026-07-28 12:56:28"
"	6A0C0938","	Ambient","	1","	B01??(?)","	21.9","	2026-07-28 12:56:28"
"	6A0C0938","	Ambient","	1","	B01??(%RH)","	76.4","	2026-07-28 12:56:26"
"	6A0C0938","	Ambient","	1","	B01??(?)","	21.9","	2026-07-28 12:56:26"
"	6A0C0938","	Ambient","	1","	B01??(%RH)","	76.1","	2026-07-28 12:56:24"
"	6A0C0938","	Ambient","	1","	B01??(?)","	21.9","	2026-07-28 12:56:24"
"	6A0C0938","	Ambient","	1","	B01??(%RH)","	75.6","	2026-07-28 12:56:22"
"	6A0C0938","	Ambient","	1","	B01??(?)","	21.9","	2026-07-28 12:56:22"
"	6A0C0938","	Ambient","	1","	B01??(%RH)","	75.5","	2026-07-28 12:56:20"
"	6A0C0938","	Ambient","	1","	B01??(?)","	21.9","	2026-07-28 12:56:20"
"	6A0C0938","	Ambient","	1","	B01??(%RH)","	75.4","	2026-07-28 12:56:18"
"	6A0C0938","	Ambient","	1","	B01??(?)","	21.9","	2026-07-28 12:56:18"
"	6A0C0938","	Ambient","	1","	B01??(%RH)","	75.3","	2026-07-28 12:56:16"
"	6A0C0938","	Ambient","	1","	B01??(?)","	21.9","	2026-07-28 12:56:16"
"	6A0C0938","	Ambient","	1","	B01??(%RH)","	75.3","	2026-07-28 12:56:14"
"	6A0C0938","	Ambient","	1","	B01??(?)","	21.9","	2026-07-28 12:56:14"
"	6A0C0938","	Ambient","	1","	B01??(%RH)","	75.3","	2026-07-28 12:56:12"
"	6A0C0938","	Ambient","	1","	B01??(?)","	21.9","	2026-07-28 12:56:12"
"	6A0C0938","	Ambient","	1","	B01??(%RH)","	75.3","	2026-07-28 12:56:10"
"	6A0C0938","	Ambient","	1","	B01??(?)","	21.9","	2026-07-28 12:56:10"
"	6A0C0938","	Ambient","	1","	B01??(%RH)","	75.4","	2026-07-28 12:56:08"
"	6A0C0938","	Ambient","	1","	B01??(?)","	21.9","	2026-07-28 12:56:08"
"	6A0C0938","	Ambient","	1","	B01??(%RH)","	75.4","	2026-07-28 12:56:06"
"	6A0C0938","	Ambient","	1","	B01??(?)","	21.9","	2026-07-28 12:56:06"
"	6A0C0938","	Ambient","	1","	B01??(%RH)","	75.5","	2026-07-28 12:56:04"
"	6A0C0938","	Ambient","	1","	B01??(?)","	21.9","	2026-07-28 12:56:04"
"	6A0C0938","	Ambient","	1","	B01??(%RH)","	75.6","	2026-07-28 12:56:02"
"	6A0C0938","	Ambient","	1","	B01??(?)","	21.9","	2026-07-28 12:56:02"
"	6A0C0938","	Ambient","	1","	B01??(%RH)","	75.8","	2026-07-28 12:56:00"
"	6A0C0938","	Ambient","	1","	B01??(?)","	21.9","	2026-07-28 12:56:00"
"	6A0C0938","	Ambient","	1","	B01??(%RH)","	75.9","	2026-07-28 12:55:58"
"	6A0C0938","	Ambient","	1","	B01??(?)","	21.9","	2026-07-28 12:55:58"
"	6A0C0938","	Ambient","	1","	B01??(%RH)","	76","	2026-07-28 12:55:56"
"	6A0C0938","	Ambient","	1","	B01??(?)","	21.9","	2026-07-28 12:55:56"
"	6A0C0938","	Ambient","	1","	B01??(%RH)","	76.1","	2026-07-28 12:55:54"
"	6A0C0938","	Ambient","	1","	B01??(?)","	21.9","	2026-07-28 12:55:54"
"	6A0C0938","	Ambient","	1","	B01??(%RH)","	76.1","	2026-07-28 12:55:51"
"	6A0C0938","	Ambient","	1","	B01??(?)","	21.9","	2026-07-28 12:55:51"
"	6A0C0938","	Ambient","	1","	B01??(%RH)","	76.1","	2026-07-28 12:55:49"
"	6A0C0938","	Ambient","	1","	B01??(?)","	21.9","	2026-07-28 12:55:49"
"	6A0C0938","	Ambient","	1","	B01??(%RH)","	76.2","	2026-07-28 12:55:47"
"	6A0C0938","	Ambient","	1","	B01??(?)","	21.9","	2026-07-28 12:55:47"
"	6A0C0938","	Ambient","	1","	B01??(%RH)","	76.4","	2026-07-28 12:55:45"
"	6A0C0938","	Ambient","	1","	B01??(?)","	21.9","	2026-07-28 12:55:45"
"	6A0C0938","	Ambient","	1","	B01??(%RH)","	76.7","	2026-07-28 12:55:43"
"	6A0C0938","	Ambient","	1","	B01??(?)","	21.9","	2026-07-28 12:55:43"
"	6A0C0938","	Ambient","	1","	B01??(%RH)","	77","	2026-07-28 12:55:41"
"	6A0C0938","	Ambient","	1","	B01??(?)","	21.9","	2026-07-28 12:55:41"
"	6A0C0938","	Ambient","	1","	B01??(%RH)","	77.2","	2026-07-28 12:55:39"
"	6A0C0938","	Ambient","	1","	B01??(?)","	21.9","	2026-07-28 12:55:39"
"	6A0C0938","	Ambient","	1","	B01??(%RH)","	77.3","	2026-07-28 12:55:37"
"	6A0C0938","	Ambient","	1","	B01??(?)","	21.9","	2026-07-28 12:55:37"
"	6A0C0938","	Ambient","	1","	B01??(%RH)","	77.3","	2026-07-28 12:55:35"
"	6A0C0938","	Ambient","	1","	B01??(?)","	21.9","	2026-07-28 12:55:35"
"	6A0C0938","	Ambient","	1","	B01??(%RH)","	77.5","	2026-07-28 12:55:33"
"	6A0C0938","	Ambient","	1","	B01??(?)","	21.9","	2026-07-28 12:55:33"
"	6A0C0938","	Ambient","	1","	B01??(%RH)","	77.6","	2026-07-28 12:55:31"
"	6A0C0938","	Ambient","	1","	B01??(?)","	21.9","	2026-07-28 12:55:31"
"	6A0C0938","	Ambient","	1","	B01??(%RH)","	77.7","	2026-07-28 12:55:29"
"	6A0C0938","	Ambient","	1","	B01??(?)","	21.9","	2026-07-28 12:55:29"
"	6A0C0938","	Ambient","	1","	B01??(%RH)","	77.7","	2026-07-28 12:55:27"
"	6A0C0938","	Ambient","	1","	B01??(?)","	21.9","	2026-07-28 12:55:27"
"	6A0C0938","	Ambient","	1","	B01??(%RH)","	77.7","	2026-07-28 12:55:25"
"	6A0C0938","	Ambient","	1","	B01??(?)","	21.9","	2026-07-28 12:55:25"
"	6A0C0938","	Ambient","	1","	B01??(%RH)","	77.6","	2026-07-28 12:55:23"
"	6A0C0938","	Ambient","	1","	B01??(?)","	21.9","	2026-07-28 12:55:23"
"	6A0C0938","	Ambient","	1","	B01??(%RH)","	77.5","	2026-07-28 12:55:21"
"	6A0C0938","	Ambient","	1","	B01??(?)","	21.9","	2026-07-28 12:55:21"
"	6A0C0938","	Ambient","	1","	B01??(%RH)","	77.5","	2026-07-28 12:55:19"
"	6A0C0938","	Ambient","	1","	B01??(?)","	21.9","	2026-07-28 12:55:19"
"	6A0C0938","	Ambient","	1","	B01??(%RH)","	77.4","	2026-07-28 12:55:17"
"	6A0C0938","	Ambient","	1","	B01??(?)","	21.9","	2026-07-28 12:55:17"
"	6A0C0938","	Ambient","	1","	B01??(%RH)","	77.3","	2026-07-28 12:55:15"
"	6A0C0938","	Ambient","	1","	B01??(?)","	21.9","	2026-07-28 12:55:15"
"	6A0C0938","	Ambient","	1","	B01??(?)","	21.9","	2026-07-28 12:55:13"
"	6A0C0938","	Ambient","	1","	B01??(%RH)","	77.2","	2026-07-28 12:55:13"
"	6A0C0938","	Ambient","	1","	B01??(%RH)","	77.1","	2026-07-28 12:55:10"
"	6A0C0938","	Ambient","	1","	B01??(?)","	21.9","	2026-07-28 12:55:10"
"	6A0C0938","	Ambient","	1","	B01??(%RH)","	77.1","	2026-07-28 12:55:08"
"	6A0C0938","	Ambient","	1","	B01??(?)","	21.9","	2026-07-28 12:55:08"
"	6A0C0938","	Ambient","	1","	B01??(%RH)","	77.1","	2026-07-28 12:55:06"
"	6A0C0938","	Ambient","	1","	B01??(?)","	21.9","	2026-07-28 12:55:06"
"	6A0C0938","	Ambient","	1","	B01??(%RH)","	77.2","	2026-07-28 12:55:04"
"	6A0C0938","	Ambient","	1","	B01??(?)","	21.9","	2026-07-28 12:55:04"
"	6A0C0938","	Ambient","	1","	B01??(?)","	21.9","	2026-07-28 12:55:02"
"	6A0C0938","	Ambient","	1","	B01??(%RH)","	77.3","	2026-07-28 12:55:02"
"	6A0C0938","	Ambient","	1","	B01??(%RH)","	77.5","	2026-07-28 12:55:00"
"	6A0C0938","	Ambient","	1","	B01??(?)","	21.9","	2026-07-28 12:55:00"
"	6A0C0938","	Ambient","	1","	B01??(%RH)","	77.6","	2026-07-28 12:54:58"
"	6A0C0938","	Ambient","	1","	B01??(?)","	21.9","	2026-07-28 12:54:58"
"	6A0C0938","	Ambient","	1","	B01??(%RH)","	77.7","	2026-07-28 12:54:56"
"	6A0C0938","	Ambient","	1","	B01??(?)","	21.9","	2026-07-28 12:54:56"
"	6A0C0938","	Ambient","	1","	B01??(%RH)","	77.7","	2026-07-28 12:54:54"
"	6A0C0938","	Ambient","	1","	B01??(?)","	21.9","	2026-07-28 12:54:54"
"	6A0C0938","	Ambient","	1","	B01??(%RH)","	77.7","	2026-07-28 12:54:52"
"	6A0C0938","	Ambient","	1","	B01??(?)","	21.9","	2026-07-28 12:54:52"
"	6A0C0938","	Ambient","	1","	B01??(%RH)","	77.6","	2026-07-28 12:54:50"
"	6A0C0938","	Ambient","	1","	B01??(?)","	21.9","	2026-07-28 12:54:50"
"	6A0C0938","	Ambient","	1","	B01??(%RH)","	77.6","	2026-07-28 12:54:48"
"	6A0C0938","	Ambient","	1","	B01??(?)","	21.9","	2026-07-28 12:54:48"
"	6A0C0938","	Ambient","	1","	B01??(%RH)","	77.4","	2026-07-28 12:54:46"
"	6A0C0938","	Ambient","	1","	B01??(?)","	21.9","	2026-07-28 12:54:46"
"	6A0C0938","	Ambient","	1","	B01??(%RH)","	77.2","	2026-07-28 12:54:44"
"	6A0C0938","	Ambient","	1","	B01??(?)","	21.9","	2026-07-28 12:54:44"
"	6A0C0938","	Ambient","	1","	B01??(%RH)","	77","	2026-07-28 12:54:42"
"	6A0C0938","	Ambient","	1","	B01??(?)","	21.9","	2026-07-28 12:54:42"
"	6A0C0938","	Ambient","	1","	B01??(%RH)","	76.8","	2026-07-28 12:54:40"
"	6A0C0938","	Ambient","	1","	B01??(?)","	21.9","	2026-07-28 12:54:40"
"	6A0C0938","	Ambient","	1","	B01??(%RH)","	76.7","	2026-07-28 12:54:38"
"	6A0C0938","	Ambient","	1","	B01??(?)","	21.9","	2026-07-28 12:54:38"
"	6A0C0938","	Ambient","	1","	B01??(%RH)","	76.8","	2026-07-28 12:54:36"
"	6A0C0938","	Ambient","	1","	B01??(?)","	21.9","	2026-07-28 12:54:36"
"	6A0C0938","	Ambient","	1","	B01??(%RH)","	77","	2026-07-28 12:54:34"
"	6A0C0938","	Ambient","	1","	B01??(?)","	21.9","	2026-07-28 12:54:34"
"	6A0C0938","	Ambient","	1","	B01??(%RH)","	77.2","	2026-07-28 12:54:32"
"	6A0C0938","	Ambient","	1","	B01??(?)","	21.9","	2026-07-28 12:54:32"
"	6A0C0938","	Ambient","	1","	B01??(%RH)","	77.4","	2026-07-28 12:54:30"
"	6A0C0938","	Ambient","	1","	B01??(?)","	21.9","	2026-07-28 12:54:30"
"	6A0C0938","	Ambient","	1","	B01??(%RH)","	77.5","	2026-07-28 12:54:27"
"	6A0C0938","	Ambient","	1","	B01??(?)","	21.9","	2026-07-28 12:54:27"
"	6A0C0938","	Ambient","	1","	B01??(%RH)","	77.5","	2026-07-28 12:54:25"
"	6A0C0938","	Ambient","	1","	B01??(?)","	21.9","	2026-07-28 12:54:25"
"	6A0C0938","	Ambient","	1","	B01??(%RH)","	77.4","	2026-07-28 12:54:23"
"	6A0C0938","	Ambient","	1","	B01??(?)","	21.9","	2026-07-28 12:54:23"
"	6A0C0938","	Ambient","	1","	B01??(%RH)","	77.2","	2026-07-28 12:54:21"
"	6A0C0938","	Ambient","	1","	B01??(?)","	21.9","	2026-07-28 12:54:21"
"	6A0C0938","	Ambient","	1","	B01??(%RH)","	77.1","	2026-07-28 12:54:19"
"	6A0C0938","	Ambient","	1","	B01??(?)","	21.9","	2026-07-28 12:54:19"
"	6A0C0938","	Ambient","	1","	B01??(%RH)","	77.1","	2026-07-28 12:54:17"
"	6A0C0938","	Ambient","	1","	B01??(?)","	21.9","	2026-07-28 12:54:17"
"	6A0C0938","	Ambient","	1","	B01??(%RH)","	76.9","	2026-07-28 12:54:15"
"	6A0C0938","	Ambient","	1","	B01??(?)","	21.9","	2026-07-28 12:54:15"
"	6A0C0938","	Ambient","	1","	B01??(%RH)","	76.8","	2026-07-28 12:54:13"
"	6A0C0938","	Ambient","	1","	B01??(?)","	21.9","	2026-07-28 12:54:13"
"	6A0C0938","	Ambient","	1","	B01??(?)","	21.9","	2026-07-28 12:54:11"
"	6A0C0938","	Ambient","	1","	B01??(%RH)","	76.7","	2026-07-28 12:54:11"
"	6A0C0938","	Ambient","	1","	B01??(%RH)","	76.6","	2026-07-28 12:54:09"
"	6A0C0938","	Ambient","	1","	B01??(?)","	21.9","	2026-07-28 12:54:09"
"	6A0C0938","	Ambient","	1","	B01??(%RH)","	76.5","	2026-07-28 12:54:07"
"	6A0C0938","	Ambient","	1","	B01??(?)","	21.9","	2026-07-28 12:54:07"
"	6A0C0938","	Ambient","	1","	B01??(%RH)","	76.6","	2026-07-28 12:54:05"
"	6A0C0938","	Ambient","	1","	B01??(?)","	21.9","	2026-07-28 12:54:05"
"	6A0C0938","	Ambient","	1","	B01??(%RH)","	76.6","	2026-07-28 12:54:03"
"	6A0C0938","	Ambient","	1","	B01??(?)","	21.9","	2026-07-28 12:54:03"
"	6A0C0938","	Ambient","	1","	B01??(%RH)","	76.6","	2026-07-28 12:54:01"
"	6A0C0938","	Ambient","	1","	B01??(?)","	21.9","	2026-07-28 12:54:01"
"	6A0C0938","	Ambient","	1","	B01??(%RH)","	76.7","	2026-07-28 12:53:59"
"	6A0C0938","	Ambient","	1","	B01??(?)","	21.9","	2026-07-28 12:53:59"
"	6A0C0938","	Ambient","	1","	B01??(%RH)","	76.9","	2026-07-28 12:53:57"
"	6A0C0938","	Ambient","	1","	B01??(?)","	21.9","	2026-07-28 12:53:57"
"	6A0C0938","	Ambient","	1","	B01??(%RH)","	77.1","	2026-07-28 12:53:55"
"	6A0C0938","	Ambient","	1","	B01??(?)","	21.9","	2026-07-28 12:53:55"
"	6A0C0938","	Ambient","	1","	B01??(%RH)","	77.5","	2026-07-28 12:53:53"
"	6A0C0938","	Ambient","	1","	B01??(?)","	21.9","	2026-07-28 12:53:53"
"	6A0C0938","	Ambient","	1","	B01??(%RH)","	77.7","	2026-07-28 12:53:51"
"	6A0C0938","	Ambient","	1","	B01??(?)","	21.8","	2026-07-28 12:53:51"
"	6A0C0938","	Ambient","	1","	B01??(?)","	21.9","	2026-07-28 12:53:49"
"	6A0C0938","	Ambient","	1","	B01??(%RH)","	77.8","	2026-07-28 12:53:49"
"	6A0C0938","	Ambient","	1","	B01??(%RH)","	77.6","	2026-07-28 12:53:47"
"	6A0C0938","	Ambient","	1","	B01??(?)","	21.9","	2026-07-28 12:53:47"
"	6A0C0938","	Ambient","	1","	B01??(%RH)","	77.4","	2026-07-28 12:53:44"
"	6A0C0938","	Ambient","	1","	B01??(?)","	21.8","	2026-07-28 12:53:44"
"	6A0C0938","	Ambient","	1","	B01??(%RH)","	77.2","	2026-07-28 12:53:42"
"	6A0C0938","	Ambient","	1","	B01??(?)","	21.9","	2026-07-28 12:53:42"
"	6A0C0938","	Ambient","	1","	B01??(%RH)","	77.1","	2026-07-28 12:53:40"
"	6A0C0938","	Ambient","	1","	B01??(?)","	21.9","	2026-07-28 12:53:40"
"	6A0C0938","	Ambient","	1","	B01??(?)","	21.9","	2026-07-28 12:53:38"
"	6A0C0938","	Ambient","	1","	B01??(%RH)","	76.9","	2026-07-28 12:53:38"
"	6A0C0938","	Ambient","	1","	B01??(%RH)","	76.8","	2026-07-28 12:53:36"
"	6A0C0938","	Ambient","	1","	B01??(?)","	21.8","	2026-07-28 12:53:36"
"	6A0C0938","	Ambient","	1","	B01??(%RH)","	76.8","	2026-07-28 12:53:34"
"	6A0C0938","	Ambient","	1","	B01??(?)","	21.9","	2026-07-28 12:53:34"
"	6A0C0938","	Ambient","	1","	B01??(%RH)","	76.9","	2026-07-28 12:53:32"
"	6A0C0938","	Ambient","	1","	B01??(?)","	21.9","	2026-07-28 12:53:32"
"	6A0C0938","	Ambient","	1","	B01??(%RH)","	77","	2026-07-28 12:53:30"
"	6A0C0938","	Ambient","	1","	B01??(?)","	21.9","	2026-07-28 12:53:30"
"	6A0C0938","	Ambient","	1","	B01??(%RH)","	77","	2026-07-28 12:53:28"
"	6A0C0938","	Ambient","	1","	B01??(?)","	21.9","	2026-07-28 12:53:28"
"	6A0C0938","	Ambient","	1","	B01??(%RH)","	76.9","	2026-07-28 12:53:26"
"	6A0C0938","	Ambient","	1","	B01??(?)","	21.9","	2026-07-28 12:53:26"
"	6A0C0938","	Ambient","	1","	B01??(%RH)","	76.7","	2026-07-28 12:53:24"
"	6A0C0938","	Ambient","	1","	B01??(?)","	21.9","	2026-07-28 12:53:24"
"	6A0C0938","	Ambient","	1","	B01??(%RH)","	76.6","	2026-07-28 12:53:22"
"	6A0C0938","	Ambient","	1","	B01??(?)","	21.9","	2026-07-28 12:53:22"
"	6A0C0938","	Ambient","	1","	B01??(%RH)","	76.4","	2026-07-28 12:53:20"
"	6A0C0938","	Ambient","	1","	B01??(?)","	21.9","	2026-07-28 12:53:20"
"	6A0C0938","	Ambient","	1","	B01??(?)","	21.9","	2026-07-28 12:53:18"
"	6A0C0938","	Ambient","	1","	B01??(%RH)","	76.2","	2026-07-28 12:53:18"
"	6A0C0938","	Ambient","	1","	B01??(%RH)","	76.3","	2026-07-28 12:53:16"
"	6A0C0938","	Ambient","	1","	B01??(?)","	21.9","	2026-07-28 12:53:16"
"	6A0C0938","	Ambient","	1","	B01??(%RH)","	76.5","	2026-07-28 12:53:14"
"	6A0C0938","	Ambient","	1","	B01??(?)","	21.9","	2026-07-28 12:53:14"
"	6A0C0938","	Ambient","	1","	B01??(%RH)","	76.7","	2026-07-28 12:53:12"
"	6A0C0938","	Ambient","	1","	B01??(?)","	21.9","	2026-07-28 12:53:12"
"	6A0C0938","	Ambient","	1","	B01??(%RH)","	77","	2026-07-28 12:53:10"
"	6A0C0938","	Ambient","	1","	B01??(?)","	21.9","	2026-07-28 12:53:10"
"	6A0C0938","	Ambient","	1","	B01??(%RH)","	77.2","	2026-07-28 12:53:08"
"	6A0C0938","	Ambient","	1","	B01??(?)","	21.9","	2026-07-28 12:53:08"
"	6A0C0938","	Ambient","	1","	B01??(%RH)","	77.3","	2026-07-28 12:53:06"
"	6A0C0938","	Ambient","	1","	B01??(?)","	21.9","	2026-07-28 12:53:06"
"	6A0C0938","	Ambient","	1","	B01??(%RH)","	77.4","	2026-07-28 12:53:04"
"	6A0C0938","	Ambient","	1","	B01??(?)","	21.9","	2026-07-28 12:53:04"
"	6A0C0938","	Ambient","	1","	B01??(?)","	21.9","	2026-07-28 12:53:01"
"	6A0C0938","	Ambient","	1","	B01??(%RH)","	77.5","	2026-07-28 12:53:01"
"	6A0C0938","	Ambient","	1","	B01??(%RH)","	77.6","	2026-07-28 12:52:59"
"	6A0C0938","	Ambient","	1","	B01??(?)","	21.9","	2026-07-28 12:52:59"
"	6A0C0938","	Ambient","	1","	B01??(%RH)","	77.7","	2026-07-28 12:52:57"
"	6A0C0938","	Ambient","	1","	B01??(?)","	21.9","	2026-07-28 12:52:57"
"	6A0C0938","	Ambient","	1","	B01??(%RH)","	77.8","	2026-07-28 12:52:55"
"	6A0C0938","	Ambient","	1","	B01??(?)","	21.9","	2026-07-28 12:52:55"
"	6A0C0938","	Ambient","	1","	B01??(%RH)","	77.8","	2026-07-28 12:52:53"
"	6A0C0938","	Ambient","	1","	B01??(?)","	21.9","	2026-07-28 12:52:53"
"	6A0C0938","	Ambient","	1","	B01??(%RH)","	77.8","	2026-07-28 12:52:51"
"	6A0C0938","	Ambient","	1","	B01??(?)","	21.8","	2026-07-28 12:52:51"
"	6A0C0938","	Ambient","	1","	B01??(%RH)","	77.8","	2026-07-28 12:52:49"
"	6A0C0938","	Ambient","	1","	B01??(?)","	21.9","	2026-07-28 12:52:49"
"	6A0C0938","	Ambient","	1","	B01??(%RH)","	77.9","	2026-07-28 12:52:47"
"	6A0C0938","	Ambient","	1","	B01??(?)","	21.9","	2026-07-28 12:52:47"
"	6A0C0938","	Ambient","	1","	B01??(%RH)","	78","	2026-07-28 12:52:45"
"	6A0C0938","	Ambient","	1","	B01??(?)","	21.9","	2026-07-28 12:52:45"
"	6A0C0938","	Ambient","	1","	B01??(%RH)","	78.1","	2026-07-28 12:52:43"
"	6A0C0938","	Ambient","	1","	B01??(?)","	21.9","	2026-07-28 12:52:43"
"	6A0C0938","	Ambient","	1","	B01??(%RH)","	78.2","	2026-07-28 12:52:41"
"	6A0C0938","	Ambient","	1","	B01??(?)","	21.9","	2026-07-28 12:52:41"
"	6A0C0938","	Ambient","	1","	B01??(%RH)","	78.2","	2026-07-28 12:52:39"
"	6A0C0938","	Ambient","	1","	B01??(?)","	21.9","	2026-07-28 12:52:39"
"	6A0C0938","	Ambient","	1","	B01??(%RH)","	78.1","	2026-07-28 12:52:37"
"	6A0C0938","	Ambient","	1","	B01??(?)","	21.9","	2026-07-28 12:52:37"
"	6A0C0938","	Ambient","	1","	B01??(%RH)","	78","	2026-07-28 12:52:35"
"	6A0C0938","	Ambient","	1","	B01??(?)","	21.9","	2026-07-28 12:52:35"
"	6A0C0938","	Ambient","	1","	B01??(%RH)","	77.8","	2026-07-28 12:52:33"
"	6A0C0938","	Ambient","	1","	B01??(?)","	21.9","	2026-07-28 12:52:33"
"	6A0C0938","	Ambient","	1","	B01??(%RH)","	77.5","	2026-07-28 12:52:31"
"	6A0C0938","	Ambient","	1","	B01??(?)","	21.9","	2026-07-28 12:52:31"
"	6A0C0938","	Ambient","	1","	B01??(%RH)","	77.2","	2026-07-28 12:52:29"
"	6A0C0938","	Ambient","	1","	B01??(?)","	21.9","	2026-07-28 12:52:29"
"	6A0C0938","	Ambient","	1","	B01??(%RH)","	76.9","	2026-07-28 12:52:27"
"	6A0C0938","	Ambient","	1","	B01??(?)","	21.8","	2026-07-28 12:52:27"
"	6A0C0938","	Ambient","	1","	B01??(%RH)","	76.7","	2026-07-28 12:52:25"
"	6A0C0938","	Ambient","	1","	B01??(?)","	21.9","	2026-07-28 12:52:25"
"	6A0C0938","	Ambient","	1","	B01??(?)","	21.9","	2026-07-28 12:52:23"
"	6A0C0938","	Ambient","	1","	B01??(%RH)","	76.6","	2026-07-28 12:52:23"
"	6A0C0938","	Ambient","	1","	B01??(%RH)","	76.5","	2026-07-28 12:52:20"
"	6A0C0938","	Ambient","	1","	B01??(?)","	21.9","	2026-07-28 12:52:20"
"	6A0C0938","	Ambient","	1","	B01??(%RH)","	76.4","	2026-07-28 12:52:18"
"	6A0C0938","	Ambient","	1","	B01??(?)","	21.9","	2026-07-28 12:52:18"
"	6A0C0938","	Ambient","	1","	B01??(%RH)","	76.3","	2026-07-28 12:52:16"
"	6A0C0938","	Ambient","	1","	B01??(?)","	21.9","	2026-07-28 12:52:16"
"	6A0C0938","	Ambient","	1","	B01??(%RH)","	76.3","	2026-07-28 12:52:14"
"	6A0C0938","	Ambient","	1","	B01??(?)","	21.9","	2026-07-28 12:52:14"
"	6A0C0938","	Ambient","	1","	B01??(%RH)","	76.2","	2026-07-28 12:52:12"
"	6A0C0938","	Ambient","	1","	B01??(?)","	21.9","	2026-07-28 12:52:12"
"	6A0C0938","	Ambient","	1","	B01??(%RH)","	76.2","	2026-07-28 12:52:10"
"	6A0C0938","	Ambient","	1","	B01??(?)","	21.9","	2026-07-28 12:52:10"
"	6A0C0938","	Ambient","	1","	B01??(%RH)","	76.3","	2026-07-28 12:52:08"
"	6A0C0938","	Ambient","	1","	B01??(?)","	21.8","	2026-07-28 12:52:08"
"	6A0C0938","	Ambient","	1","	B01??(%RH)","	76.4","	2026-07-28 12:52:06"
"	6A0C0938","	Ambient","	1","	B01??(?)","	21.9","	2026-07-28 12:52:06"
"	6A0C0938","	Ambient","	1","	B01??(%RH)","	76.5","	2026-07-28 12:52:04"
"	6A0C0938","	Ambient","	1","	B01??(?)","	21.9","	2026-07-28 12:52:04"
"	6A0C0938","	Ambient","	1","	B01??(?)","	21.9","	2026-07-28 12:52:02"
"	6A0C0938","	Ambient","	1","	B01??(%RH)","	76.6","	2026-07-28 12:52:02"
"	6A0C0938","	Ambient","	1","	B01??(?)","	21.8","	2026-07-28 12:52:00"
"	6A0C0938","	Ambient","	1","	B01??(%RH)","	76.8","	2026-07-28 12:52:00"
"	6A0C0938","	Ambient","	1","	B01??(%RH)","	77","	2026-07-28 12:51:58"
"	6A0C0938","	Ambient","	1","	B01??(?)","	21.9","	2026-07-28 12:51:58"
"	6A0C0938","	Ambient","	1","	B01??(%RH)","	77.2","	2026-07-28 12:51:56"
"	6A0C0938","	Ambient","	1","	B01??(?)","	21.9","	2026-07-28 12:51:56"
"	6A0C0938","	Ambient","	1","	B01??(%RH)","	77.5","	2026-07-28 12:51:54"
"	6A0C0938","	Ambient","	1","	B01??(?)","	21.9","	2026-07-28 12:51:54"
"	6A0C0938","	Ambient","	1","	B01??(%RH)","	77.8","	2026-07-28 12:51:52"
"	6A0C0938","	Ambient","	1","	B01??(?)","	21.9","	2026-07-28 12:51:52"
"	6A0C0938","	Ambient","	1","	B01??(%RH)","	78.1","	2026-07-28 12:51:50"
"	6A0C0938","	Ambient","	1","	B01??(?)","	21.9","	2026-07-28 12:51:50"
"	6A0C0938","	Ambient","	1","	B01??(%RH)","	78.3","	2026-07-28 12:51:48"
"	6A0C0938","	Ambient","	1","	B01??(?)","	21.9","	2026-07-28 12:51:48"
"	6A0C0938","	Ambient","	1","	B01??(%RH)","	78.3","	2026-07-28 12:51:46"
"	6A0C0938","	Ambient","	1","	B01??(?)","	21.9","	2026-07-28 12:51:46"
"	6A0C0938","	Ambient","	1","	B01??(%RH)","	78.2","	2026-07-28 12:51:44"
"	6A0C0938","	Ambient","	1","	B01??(?)","	21.9","	2026-07-28 12:51:44"
"	6A0C0938","	Ambient","	1","	B01??(%RH)","	78","	2026-07-28 12:51:42"
"	6A0C0938","	Ambient","	1","	B01??(?)","	21.9","	2026-07-28 12:51:42"
"	6A0C0938","	Ambient","	1","	B01??(%RH)","	77.7","	2026-07-28 12:51:40"
"	6A0C0938","	Ambient","	1","	B01??(?)","	21.9","	2026-07-28 12:51:40"
"	6A0C0938","	Ambient","	1","	B01??(%RH)","	77.5","	2026-07-28 12:51:37"
"	6A0C0938","	Ambient","	1","	B01??(?)","	21.9","	2026-07-28 12:51:37"
"	6A0C0938","	Ambient","	1","	B01??(%RH)","	77.3","	2026-07-28 12:51:35"
"	6A0C0938","	Ambient","	1","	B01??(?)","	21.9","	2026-07-28 12:51:35"
"	6A0C0938","	Ambient","	1","	B01??(%RH)","	77","	2026-07-28 12:51:33"
"	6A0C0938","	Ambient","	1","	B01??(?)","	21.9","	2026-07-28 12:51:33"
"	6A0C0938","	Ambient","	1","	B01??(%RH)","	76.8","	2026-07-28 12:51:31"
"	6A0C0938","	Ambient","	1","	B01??(?)","	21.9","	2026-07-28 12:51:31"
"	6A0C0938","	Ambient","	1","	B01??(%RH)","	76.6","	2026-07-28 12:51:29"
"	6A0C0938","	Ambient","	1","	B01??(?)","	21.9","	2026-07-28 12:51:29"
"	6A0C0938","	Ambient","	1","	B01??(%RH)","	76.6","	2026-07-28 12:51:27"
"	6A0C0938","	Ambient","	1","	B01??(?)","	21.9","	2026-07-28 12:51:27"
"	6A0C0938","	Ambient","	1","	B01??(%RH)","	76.5","	2026-07-28 12:51:25"
"	6A0C0938","	Ambient","	1","	B01??(?)","	21.9","	2026-07-28 12:51:25"
"	6A0C0938","	Ambient","	1","	B01??(%RH)","	76.5","	2026-07-28 12:51:23"
"	6A0C0938","	Ambient","	1","	B01??(?)","	21.9","	2026-07-28 12:51:23"
"	6A0C0938","	Ambient","	1","	B01??(%RH)","	76.6","	2026-07-28 12:51:21"
"	6A0C0938","	Ambient","	1","	B01??(?)","	21.9","	2026-07-28 12:51:21"
"	6A0C0938","	Ambient","	1","	B01??(%RH)","	76.7","	2026-07-28 12:51:19"
"	6A0C0938","	Ambient","	1","	B01??(?)","	21.9","	2026-07-28 12:51:19"
"	6A0C0938","	Ambient","	1","	B01??(%RH)","	76.7","	2026-07-28 12:51:17"
"	6A0C0938","	Ambient","	1","	B01??(?)","	21.9","	2026-07-28 12:51:17"
"	6A0C0938","	Ambient","	1","	B01??(%RH)","	76.9","	2026-07-28 12:51:15"
"	6A0C0938","	Ambient","	1","	B01??(?)","	21.9","	2026-07-28 12:51:15"
"	6A0C0938","	Ambient","	1","	B01??(%RH)","	77","	2026-07-28 12:51:13"
"	6A0C0938","	Ambient","	1","	B01??(?)","	21.9","	2026-07-28 12:51:13"
"	6A0C0938","	Ambient","	1","	B01??(%RH)","	77.1","	2026-07-28 12:51:11"
"	6A0C0938","	Ambient","	1","	B01??(?)","	21.9","	2026-07-28 12:51:11"
"	6A0C0938","	Ambient","	1","	B01??(?)","	21.9","	2026-07-28 12:51:09"
"	6A0C0938","	Ambient","	1","	B01??(%RH)","	77.2","	2026-07-28 12:51:09"
"	6A0C0938","	Ambient","	1","	B01??(%RH)","	77.4","	2026-07-28 12:51:07"
"	6A0C0938","	Ambient","	1","	B01??(?)","	21.8","	2026-07-28 12:51:07"
"	6A0C0938","	Ambient","	1","	B01??(%RH)","	77.7","	2026-07-28 12:51:05"
"	6A0C0938","	Ambient","	1","	B01??(?)","	21.8","	2026-07-28 12:51:05"
"	6A0C0938","	Ambient","	1","	B01??(?)","	21.9","	2026-07-28 12:51:03"
"	6A0C0938","	Ambient","	1","	B01??(%RH)","	77.9","	2026-07-28 12:51:03"
"	6A0C0938","	Ambient","	1","	B01??(%RH)","	78.1","	2026-07-28 12:51:01"
"	6A0C0938","	Ambient","	1","	B01??(?)","	21.9","	2026-07-28 12:51:01"
"	6A0C0938","	Ambient","	1","	B01??(%RH)","	78.2","	2026-07-28 12:50:59"
"	6A0C0938","	Ambient","	1","	B01??(?)","	21.9","	2026-07-28 12:50:59"
"	6A0C0938","	Ambient","	1","	B01??(%RH)","	78.1","	2026-07-28 12:50:56"
"	6A0C0938","	Ambient","	1","	B01??(?)","	21.9","	2026-07-28 12:50:56"
"	6A0C0938","	Ambient","	1","	B01??(?)","	21.9","	2026-07-28 12:50:54"
"	6A0C0938","	Ambient","	1","	B01??(%RH)","	78.1","	2026-07-28 12:50:54"
"	6A0C0938","	Ambient","	1","	B01??(%RH)","	78","	2026-07-28 12:50:52"
"	6A0C0938","	Ambient","	1","	B01??(?)","	21.9","	2026-07-28 12:50:52"
"	6A0C0938","	Ambient","	1","	B01??(%RH)","	77.7","	2026-07-28 12:50:50"
"	6A0C0938","	Ambient","	1","	B01??(?)","	21.8","	2026-07-28 12:50:50"
"	6A0C0938","	Ambient","	1","	B01??(%RH)","	77.5","	2026-07-28 12:50:48"
"	6A0C0938","	Ambient","	1","	B01??(?)","	21.9","	2026-07-28 12:50:48"
"	6A0C0938","	Ambient","	1","	B01??(%RH)","	77.2","	2026-07-28 12:50:46"
"	6A0C0938","	Ambient","	1","	B01??(?)","	21.8","	2026-07-28 12:50:46"
"	6A0C0938","	Ambient","	1","	B01??(%RH)","	76.9","	2026-07-28 12:50:44"
"	6A0C0938","	Ambient","	1","	B01??(?)","	21.9","	2026-07-28 12:50:44"
"	6A0C0938","	Ambient","	1","	B01??(%RH)","	76.7","	2026-07-28 12:50:42"
"	6A0C0938","	Ambient","	1","	B01??(?)","	21.9","	2026-07-28 12:50:42"
"	6A0C0938","	Ambient","	1","	B01??(%RH)","	76.5","	2026-07-28 12:50:40"
"	6A0C0938","	Ambient","	1","	B01??(?)","	21.9","	2026-07-28 12:50:40"
"	6A0C0938","	Ambient","	1","	B01??(%RH)","	76.2","	2026-07-28 12:50:38"
"	6A0C0938","	Ambient","	1","	B01??(?)","	21.9","	2026-07-28 12:50:38"
"	6A0C0938","	Ambient","	1","	B01??(%RH)","	76.1","	2026-07-28 12:50:36"
"	6A0C0938","	Ambient","	1","	B01??(?)","	21.9","	2026-07-28 12:50:36"
"	6A0C0938","	Ambient","	1","	B01??(%RH)","	75.9","	2026-07-28 12:50:34"
"	6A0C0938","	Ambient","	1","	B01??(?)","	21.9","	2026-07-28 12:50:34"
"	6A0C0938","	Ambient","	1","	B01??(%RH)","	75.9","	2026-07-28 12:50:32"
"	6A0C0938","	Ambient","	1","	B01??(?)","	21.9","	2026-07-28 12:50:32"
"	6A0C0938","	Ambient","	1","	B01??(%RH)","	75.9","	2026-07-28 12:50:30"
"	6A0C0938","	Ambient","	1","	B01??(?)","	21.9","	2026-07-28 12:50:30"
"	6A0C0938","	Ambient","	1","	B01??(%RH)","	76","	2026-07-28 12:50:28"
"	6A0C0938","	Ambient","	1","	B01??(?)","	21.9","	2026-07-28 12:50:28"
"	6A0C0938","	Ambient","	1","	B01??(%RH)","	76.1","	2026-07-28 12:50:26"
"	6A0C0938","	Ambient","	1","	B01??(?)","	21.9","	2026-07-28 12:50:26"
"	6A0C0938","	Ambient","	1","	B01??(%RH)","	76.1","	2026-07-28 12:50:24"
"	6A0C0938","	Ambient","	1","	B01??(?)","	21.9","	2026-07-28 12:50:24"
"	6A0C0938","	Ambient","	1","	B01??(%RH)","	76.2","	2026-07-28 12:50:22"
"	6A0C0938","	Ambient","	1","	B01??(?)","	21.9","	2026-07-28 12:50:22"
"	6A0C0938","	Ambient","	1","	B01??(%RH)","	76.2","	2026-07-28 12:50:20"
"	6A0C0938","	Ambient","	1","	B01??(?)","	21.9","	2026-07-28 12:50:20"
"	6A0C0938","	Ambient","	1","	B01??(%RH)","	76.3","	2026-07-28 12:50:18"
"	6A0C0938","	Ambient","	1","	B01??(?)","	21.9","	2026-07-28 12:50:18"
"	6A0C0938","	Ambient","	1","	B01??(%RH)","	76.3","	2026-07-28 12:50:16"
"	6A0C0938","	Ambient","	1","	B01??(?)","	21.9","	2026-07-28 12:50:16"
"	6A0C0938","	Ambient","	1","	B01??(%RH)","	76.4","	2026-07-28 12:50:13"
"	6A0C0938","	Ambient","	1","	B01??(?)","	21.9","	2026-07-28 12:50:13"
"	6A0C0938","	Ambient","	1","	B01??(%RH)","	76.3","	2026-07-28 12:50:11"
"	6A0C0938","	Ambient","	1","	B01??(?)","	21.9","	2026-07-28 12:50:11"
"	6A0C0938","	Ambient","	1","	B01??(%RH)","	76.1","	2026-07-28 12:50:09"
"	6A0C0938","	Ambient","	1","	B01??(?)","	21.9","	2026-07-28 12:50:09"
"	6A0C0938","	Ambient","	1","	B01??(%RH)","	75.9","	2026-07-28 12:50:07"
"	6A0C0938","	Ambient","	1","	B01??(?)","	21.9","	2026-07-28 12:50:07"
"	6A0C0938","	Ambient","	1","	B01??(%RH)","	75.7","	2026-07-28 12:50:05"
"	6A0C0938","	Ambient","	1","	B01??(?)","	21.9","	2026-07-28 12:50:05"
"	6A0C0938","	Ambient","	1","	B01??(%RH)","	75.5","	2026-07-28 12:50:03"
"	6A0C0938","	Ambient","	1","	B01??(?)","	21.9","	2026-07-28 12:50:03"
"	6A0C0938","	Ambient","	1","	B01??(%RH)","	75.5","	2026-07-28 12:50:01"
"	6A0C0938","	Ambient","	1","	B01??(?)","	21.9","	2026-07-28 12:50:01"
"	6A0C0938","	Ambient","	1","	B01??(%RH)","	75.5","	2026-07-28 12:49:59"
"	6A0C0938","	Ambient","	1","	B01??(?)","	21.9","	2026-07-28 12:49:59"
"	6A0C0938","	Ambient","	1","	B01??(?)","	21.9","	2026-07-28 12:49:57"
"	6A0C0938","	Ambient","	1","	B01??(%RH)","	75.6","	2026-07-28 12:49:57"
"	6A0C0938","	Ambient","	1","	B01??(%RH)","	76","	2026-07-28 12:49:55"
"	6A0C0938","	Ambient","	1","	B01??(?)","	21.9","	2026-07-28 12:49:55"
"	6A0C0938","	Ambient","	1","	B01??(%RH)","	76.3","	2026-07-28 12:49:53"
"	6A0C0938","	Ambient","	1","	B01??(?)","	21.9","	2026-07-28 12:49:53"
"	6A0C0938","	Ambient","	1","	B01??(%RH)","	76.2","	2026-07-28 12:49:51"
"	6A0C0938","	Ambient","	1","	B01??(?)","	21.9","	2026-07-28 12:49:51"
"	6A0C0938","	Ambient","	1","	B01??(%RH)","	76.1","	2026-07-28 12:49:49"
"	6A0C0938","	Ambient","	1","	B01??(?)","	21.9","	2026-07-28 12:49:49"
"	6A0C0938","	Ambient","	1","	B01??(%RH)","	76.1","	2026-07-28 12:49:47"
"	6A0C0938","	Ambient","	1","	B01??(?)","	21.9","	2026-07-28 12:49:47"
"	6A0C0938","	Ambient","	1","	B01??(%RH)","	76.1","	2026-07-28 12:49:45"
"	6A0C0938","	Ambient","	1","	B01??(?)","	21.9","	2026-07-28 12:49:45"
"	6A0C0938","	Ambient","	1","	B01??(%RH)","	76.2","	2026-07-28 12:49:43"
"	6A0C0938","	Ambient","	1","	B01??(?)","	21.9","	2026-07-28 12:49:43"
"	6A0C0938","	Ambient","	1","	B01??(%RH)","	76.1","	2026-07-28 12:49:41"
"	6A0C0938","	Ambient","	1","	B01??(?)","	21.9","	2026-07-28 12:49:41"
"	6A0C0938","	Ambient","	1","	B01??(%RH)","	75.8","	2026-07-28 12:49:39"
"	6A0C0938","	Ambient","	1","	B01??(?)","	21.9","	2026-07-28 12:49:39"
"	6A0C0938","	Ambient","	1","	B01??(%RH)","	75.7","	2026-07-28 12:49:37"
"	6A0C0938","	Ambient","	1","	B01??(?)","	21.9","	2026-07-28 12:49:37"
"	6A0C0938","	Ambient","	1","	B01??(%RH)","	75.6","	2026-07-28 12:49:35"
"	6A0C0938","	Ambient","	1","	B01??(?)","	21.9","	2026-07-28 12:49:35"
"	6A0C0938","	Ambient","	1","	B01??(%RH)","	75.5","	2026-07-28 12:49:32"
"	6A0C0938","	Ambient","	1","	B01??(?)","	21.9","	2026-07-28 12:49:32"
"	6A0C0938","	Ambient","	1","	B01??(%RH)","	75.6","	2026-07-28 12:49:30"
"	6A0C0938","	Ambient","	1","	B01??(?)","	21.9","	2026-07-28 12:49:30"
"	6A0C0938","	Ambient","	1","	B01??(%RH)","	75.7","	2026-07-28 12:49:28"
"	6A0C0938","	Ambient","	1","	B01??(?)","	21.9","	2026-07-28 12:49:28"
"	6A0C0938","	Ambient","	1","	B01??(%RH)","	75.9","	2026-07-28 12:49:26"
"	6A0C0938","	Ambient","	1","	B01??(?)","	21.9","	2026-07-28 12:49:26"
"	6A0C0938","	Ambient","	1","	B01??(%RH)","	76.1","	2026-07-28 12:49:24"
"	6A0C0938","	Ambient","	1","	B01??(?)","	21.9","	2026-07-28 12:49:24"
"	6A0C0938","	Ambient","	1","	B01??(%RH)","	76.4","	2026-07-28 12:49:22"
"	6A0C0938","	Ambient","	1","	B01??(?)","	21.9","	2026-07-28 12:49:22"
"	6A0C0938","	Ambient","	1","	B01??(%RH)","	76.8","	2026-07-28 12:49:20"
"	6A0C0938","	Ambient","	1","	B01??(?)","	21.9","	2026-07-28 12:49:20"
"	6A0C0938","	Ambient","	1","	B01??(%RH)","	76.9","	2026-07-28 12:49:18"
"	6A0C0938","	Ambient","	1","	B01??(?)","	21.9","	2026-07-28 12:49:18"
"	6A0C0938","	Ambient","	1","	B01??(%RH)","	77","	2026-07-28 12:49:16"
"	6A0C0938","	Ambient","	1","	B01??(?)","	21.9","	2026-07-28 12:49:16"
"	6A0C0938","	Ambient","	1","	B01??(%RH)","	77","	2026-07-28 12:49:14"
"	6A0C0938","	Ambient","	1","	B01??(?)","	21.9","	2026-07-28 12:49:14"
"	6A0C0938","	Ambient","	1","	B01??(%RH)","	77","	2026-07-28 12:49:12"
"	6A0C0938","	Ambient","	1","	B01??(?)","	21.9","	2026-07-28 12:49:12"
"	6A0C0938","	Ambient","	1","	B01??(%RH)","	77","	2026-07-28 12:49:10"
"	6A0C0938","	Ambient","	1","	B01??(?)","	21.9","	2026-07-28 12:49:10"
"	6A0C0938","	Ambient","	1","	B01??(%RH)","	76.9","	2026-07-28 12:49:08"
"	6A0C0938","	Ambient","	1","	B01??(?)","	21.9","	2026-07-28 12:49:08"
"	6A0C0938","	Ambient","	1","	B01??(%RH)","	76.8","	2026-07-28 12:49:06"
"	6A0C0938","	Ambient","	1","	B01??(?)","	21.9","	2026-07-28 12:49:06"
"	6A0C0938","	Ambient","	1","	B01??(%RH)","	76.8","	2026-07-28 12:49:04"
"	6A0C0938","	Ambient","	1","	B01??(?)","	21.9","	2026-07-28 12:49:04"
"	6A0C0938","	Ambient","	1","	B01??(%RH)","	76.7","	2026-07-28 12:49:02"
"	6A0C0938","	Ambient","	1","	B01??(?)","	21.9","	2026-07-28 12:49:02"
"	6A0C0938","	Ambient","	1","	B01??(%RH)","	76.5","	2026-07-28 12:49:00"
"	6A0C0938","	Ambient","	1","	B01??(?)","	21.9","	2026-07-28 12:49:00"
"	6A0C0938","	Ambient","	1","	B01??(%RH)","	76.4","	2026-07-28 12:48:58"
"	6A0C0938","	Ambient","	1","	B01??(?)","	21.9","	2026-07-28 12:48:58"
"	6A0C0938","	Ambient","	1","	B01??(%RH)","	76.1","	2026-07-28 12:48:56"
"	6A0C0938","	Ambient","	1","	B01??(?)","	21.9","	2026-07-28 12:48:56"
"	6A0C0938","	Ambient","	1","	B01??(%RH)","	76","	2026-07-28 12:48:54"
"	6A0C0938","	Ambient","	1","	B01??(?)","	21.9","	2026-07-28 12:48:54"
"	6A0C0938","	Ambient","	1","	B01??(%RH)","	76","	2026-07-28 12:48:51"
"	6A0C0938","	Ambient","	1","	B01??(?)","	21.9","	2026-07-28 12:48:51"
"	6A0C0938","	Ambient","	1","	B01??(%RH)","	76","	2026-07-28 12:48:49"
"	6A0C0938","	Ambient","	1","	B01??(?)","	21.9","	2026-07-28 12:48:49"
"	6A0C0938","	Ambient","	1","	B01??(%RH)","	76","	2026-07-28 12:48:47"
"	6A0C0938","	Ambient","	1","	B01??(?)","	21.9","	2026-07-28 12:48:47"
"	6A0C0938","	Ambient","	1","	B01??(%RH)","	76.1","	2026-07-28 12:48:45"
"	6A0C0938","	Ambient","	1","	B01??(?)","	21.9","	2026-07-28 12:48:45"
"	6A0C0938","	Ambient","	1","	B01??(%RH)","	76.1","	2026-07-28 12:48:43"
"	6A0C0938","	Ambient","	1","	B01??(?)","	21.9","	2026-07-28 12:48:43"
"	6A0C0938","	Ambient","	1","	B01??(%RH)","	76.2","	2026-07-28 12:48:41"
"	6A0C0938","	Ambient","	1","	B01??(?)","	21.9","	2026-07-28 12:48:41"
"	6A0C0938","	Ambient","	1","	B01??(%RH)","	76.3","	2026-07-28 12:48:39"
"	6A0C0938","	Ambient","	1","	B01??(?)","	21.9","	2026-07-28 12:48:39"
"	6A0C0938","	Ambient","	1","	B01??(%RH)","	76.4","	2026-07-28 12:48:37"
"	6A0C0938","	Ambient","	1","	B01??(?)","	21.9","	2026-07-28 12:48:37"
"	6A0C0938","	Ambient","	1","	B01??(%RH)","	76.5","	2026-07-28 12:48:35"
"	6A0C0938","	Ambient","	1","	B01??(?)","	21.9","	2026-07-28 12:48:35"
"	6A0C0938","	Ambient","	1","	B01??(%RH)","	76.6","	2026-07-28 12:48:33"
"	6A0C0938","	Ambient","	1","	B01??(?)","	21.9","	2026-07-28 12:48:33"
"	6A0C0938","	Ambient","	1","	B01??(%RH)","	76.6","	2026-07-28 12:48:31"
"	6A0C0938","	Ambient","	1","	B01??(?)","	21.9","	2026-07-28 12:48:31"
"	6A0C0938","	Ambient","	1","	B01??(%RH)","	76.5","	2026-07-28 12:48:29"
"	6A0C0938","	Ambient","	1","	B01??(?)","	21.9","	2026-07-28 12:48:29"
"	6A0C0938","	Ambient","	1","	B01??(%RH)","	76.4","	2026-07-28 12:48:27"
"	6A0C0938","	Ambient","	1","	B01??(?)","	21.9","	2026-07-28 12:48:27"
"	6A0C0938","	Ambient","	1","	B01??(%RH)","	76.4","	2026-07-28 12:48:25"
"	6A0C0938","	Ambient","	1","	B01??(?)","	21.9","	2026-07-28 12:48:25"
"	6A0C0938","	Ambient","	1","	B01??(%RH)","	76.4","	2026-07-28 12:48:23"
"	6A0C0938","	Ambient","	1","	B01??(?)","	21.9","	2026-07-28 12:48:23"
"	6A0C0938","	Ambient","	1","	B01??(%RH)","	76.5","	2026-07-28 12:48:21"
"	6A0C0938","	Ambient","	1","	B01??(?)","	21.9","	2026-07-28 12:48:21"
"	6A0C0938","	Ambient","	1","	B01??(%RH)","	76.6","	2026-07-28 12:48:19"
"	6A0C0938","	Ambient","	1","	B01??(?)","	21.9","	2026-07-28 12:48:19"
"	6A0C0938","	Ambient","	1","	B01??(%RH)","	76.6","	2026-07-28 12:48:17"
"	6A0C0938","	Ambient","	1","	B01??(?)","	21.9","	2026-07-28 12:48:17"
"	6A0C0938","	Ambient","	1","	B01??(%RH)","	76.7","	2026-07-28 12:48:15"
"	6A0C0938","	Ambient","	1","	B01??(?)","	21.9","	2026-07-28 12:48:15"
"	6A0C0938","	Ambient","	1","	B01??(%RH)","	76.7","	2026-07-28 12:48:13"
"	6A0C0938","	Ambient","	1","	B01??(?)","	21.9","	2026-07-28 12:48:13"
"	6A0C0938","	Ambient","	1","	B01??(%RH)","	76.6","	2026-07-28 12:48:10"
"	6A0C0938","	Ambient","	1","	B01??(?)","	21.9","	2026-07-28 12:48:10"
"	6A0C0938","	Ambient","	1","	B01??(%RH)","	76.6","	2026-07-28 12:48:08"
"	6A0C0938","	Ambient","	1","	B01??(?)","	21.9","	2026-07-28 12:48:08"
"	6A0C0938","	Ambient","	1","	B01??(%RH)","	76.5","	2026-07-28 12:48:06"
"	6A0C0938","	Ambient","	1","	B01??(?)","	21.9","	2026-07-28 12:48:06"
"	6A0C0938","	Ambient","	1","	B01??(%RH)","	76.5","	2026-07-28 12:48:04"
"	6A0C0938","	Ambient","	1","	B01??(?)","	21.9","	2026-07-28 12:48:04"
"	6A0C0938","	Ambient","	1","	B01??(%RH)","	76.6","	2026-07-28 12:48:02"
"	6A0C0938","	Ambient","	1","	B01??(?)","	21.9","	2026-07-28 12:48:02"
"	6A0C0938","	Ambient","	1","	B01??(%RH)","	76.7","	2026-07-28 12:48:00"
"	6A0C0938","	Ambient","	1","	B01??(?)","	21.9","	2026-07-28 12:48:00"
"	6A0C0938","	Ambient","	1","	B01??(%RH)","	76.6","	2026-07-28 12:47:58"
"	6A0C0938","	Ambient","	1","	B01??(?)","	21.9","	2026-07-28 12:47:58"
"	6A0C0938","	Ambient","	1","	B01??(%RH)","	76.7","	2026-07-28 12:47:56"
"	6A0C0938","	Ambient","	1","	B01??(?)","	21.9","	2026-07-28 12:47:56"
"	6A0C0938","	Ambient","	1","	B01??(%RH)","	76.7","	2026-07-28 12:47:54"
"	6A0C0938","	Ambient","	1","	B01??(?)","	21.9","	2026-07-28 12:47:54"
"	6A0C0938","	Ambient","	1","	B01??(%RH)","	76.7","	2026-07-28 12:47:52"
"	6A0C0938","	Ambient","	1","	B01??(?)","	21.9","	2026-07-28 12:47:52"
"	6A0C0938","	Ambient","	1","	B01??(%RH)","	76.6","	2026-07-28 12:47:50"
"	6A0C0938","	Ambient","	1","	B01??(?)","	21.9","	2026-07-28 12:47:50"
"	6A0C0938","	Ambient","	1","	B01??(%RH)","	76.4","	2026-07-28 12:47:48"
"	6A0C0938","	Ambient","	1","	B01??(?)","	21.9","	2026-07-28 12:47:48"
"	6A0C0938","	Ambient","	1","	B01??(%RH)","	76.1","	2026-07-28 12:47:46"
"	6A0C0938","	Ambient","	1","	B01??(?)","	21.9","	2026-07-28 12:47:46"
"	6A0C0938","	Ambient","	1","	B01??(%RH)","	75.8","	2026-07-28 12:47:44"
"	6A0C0938","	Ambient","	1","	B01??(?)","	21.9","	2026-07-28 12:47:44"
"	6A0C0938","	Ambient","	1","	B01??(%RH)","	75.5","	2026-07-28 12:47:42"
"	6A0C0938","	Ambient","	1","	B01??(?)","	21.9","	2026-07-28 12:47:42"
"	6A0C0938","	Ambient","	1","	B01??(%RH)","	75.2","	2026-07-28 12:47:40"
"	6A0C0938","	Ambient","	1","	B01??(?)","	21.9","	2026-07-28 12:47:40"
"	6A0C0938","	Ambient","	1","	B01??(%RH)","	75","	2026-07-28 12:47:38"
"	6A0C0938","	Ambient","	1","	B01??(?)","	21.9","	2026-07-28 12:47:38"
"	6A0C0938","	Ambient","	1","	B01??(%RH)","	74.8","	2026-07-28 12:47:36"
"	6A0C0938","	Ambient","	1","	B01??(?)","	21.9","	2026-07-28 12:47:36"
"	6A0C0938","	Ambient","	1","	B01??(%RH)","	74.7","	2026-07-28 12:47:34"
"	6A0C0938","	Ambient","	1","	B01??(?)","	21.9","	2026-07-28 12:47:34"
"	6A0C0938","	Ambient","	1","	B01??(%RH)","	74.7","	2026-07-28 12:47:32"
"	6A0C0938","	Ambient","	1","	B01??(?)","	21.9","	2026-07-28 12:47:32"
"	6A0C0938","	Ambient","	1","	B01??(%RH)","	74.8","	2026-07-28 12:47:29"
"	6A0C0938","	Ambient","	1","	B01??(?)","	21.9","	2026-07-28 12:47:29"
"	6A0C0938","	Ambient","	1","	B01??(%RH)","	74.9","	2026-07-28 12:47:27"
"	6A0C0938","	Ambient","	1","	B01??(?)","	21.9","	2026-07-28 12:47:27"
"	6A0C0938","	Ambient","	1","	B01??(%RH)","	75.1","	2026-07-28 12:47:25"
"	6A0C0938","	Ambient","	1","	B01??(?)","	22","	2026-07-28 12:47:25"
"	6A0C0938","	Ambient","	1","	B01??(%RH)","	75.5","	2026-07-28 12:47:23"
"	6A0C0938","	Ambient","	1","	B01??(?)","	21.9","	2026-07-28 12:47:23"
"	6A0C0938","	Ambient","	1","	B01??(%RH)","	75.5","	2026-07-28 12:47:21"
"	6A0C0938","	Ambient","	1","	B01??(?)","	21.9","	2026-07-28 12:47:21"
"	6A0C0938","	Ambient","	1","	B01??(?)","	22","	2026-07-28 12:47:19"
"	6A0C0938","	Ambient","	1","	B01??(%RH)","	75.7","	2026-07-28 12:47:19"
"	6A0C0938","	Ambient","	1","	B01??(%RH)","	75.8","	2026-07-28 12:47:17"
"	6A0C0938","	Ambient","	1","	B01??(?)","	21.9","	2026-07-28 12:47:17"
"	6A0C0938","	Ambient","	1","	B01??(%RH)","	75.7","	2026-07-28 12:47:15"
"	6A0C0938","	Ambient","	1","	B01??(?)","	21.9","	2026-07-28 12:47:15"
"	6A0C0938","	Ambient","	1","	B01??(%RH)","	75.6","	2026-07-28 12:47:13"
"	6A0C0938","	Ambient","	1","	B01??(?)","	22","	2026-07-28 12:47:13"
"	6A0C0938","	Ambient","	1","	B01??(%RH)","	75.6","	2026-07-28 12:47:11"
"	6A0C0938","	Ambient","	1","	B01??(?)","	21.9","	2026-07-28 12:47:11"
"	6A0C0938","	Ambient","	1","	B01??(%RH)","	75.8","	2026-07-28 12:47:09"
"	6A0C0938","	Ambient","	1","	B01??(?)","	22","	2026-07-28 12:47:09"
"	6A0C0938","	Ambient","	1","	B01??(%RH)","	76","	2026-07-28 12:47:07"
"	6A0C0938","	Ambient","	1","	B01??(?)","	21.9","	2026-07-28 12:47:07"
"	6A0C0938","	Ambient","	1","	B01??(%RH)","	76.5","	2026-07-28 12:47:05"
"	6A0C0938","	Ambient","	1","	B01??(?)","	21.9","	2026-07-28 12:47:05"
"	6A0C0938","	Ambient","	1","	B01??(%RH)","	77","	2026-07-28 12:47:03"
"	6A0C0938","	Ambient","	1","	B01??(?)","	22","	2026-07-28 12:47:03"
"	6A0C0938","	Ambient","	1","	B01??(%RH)","	77.4","	2026-07-28 12:47:01"
"	6A0C0938","	Ambient","	1","	B01??(?)","	21.9","	2026-07-28 12:47:01"
"	6A0C0938","	Ambient","	1","	B01??(%RH)","	77.6","	2026-07-28 12:46:59"
"	6A0C0938","	Ambient","	1","	B01??(?)","	21.9","	2026-07-28 12:46:59"
"	6A0C0938","	Ambient","	1","	B01??(%RH)","	77.6","	2026-07-28 12:46:57"
"	6A0C0938","	Ambient","	1","	B01??(?)","	22","	2026-07-28 12:46:57"
"	6A0C0938","	Ambient","	1","	B01??(%RH)","	77.6","	2026-07-28 12:46:55"
"	6A0C0938","	Ambient","	1","	B01??(?)","	21.9","	2026-07-28 12:46:55"
"	6A0C0938","	Ambient","	1","	B01??(%RH)","	77.5","	2026-07-28 12:46:53"
"	6A0C0938","	Ambient","	1","	B01??(?)","	22","	2026-07-28 12:46:53"
"	6A0C0938","	Ambient","	1","	B01??(%RH)","	77.2","	2026-07-28 12:46:51"
"	6A0C0938","	Ambient","	1","	B01??(?)","	22","	2026-07-28 12:46:51"
"	6A0C0938","	Ambient","	1","	B01??(?)","	22","	2026-07-28 12:46:49"
"	6A0C0938","	Ambient","	1","	B01??(%RH)","	76.9","	2026-07-28 12:46:49"
"	6A0C0938","	Ambient","	1","	B01??(%RH)","	76.5","	2026-07-28 12:46:46"
"	6A0C0938","	Ambient","	1","	B01??(?)","	21.9","	2026-07-28 12:46:46"
"	6A0C0938","	Ambient","	1","	B01??(%RH)","	76.2","	2026-07-28 12:46:44"
"	6A0C0938","	Ambient","	1","	B01??(?)","	22","	2026-07-28 12:46:44"
"	6A0C0938","	Ambient","	1","	B01??(%RH)","	75.8","	2026-07-28 12:46:42"
"	6A0C0938","	Ambient","	1","	B01??(?)","	22","	2026-07-28 12:46:42"
"	6A0C0938","	Ambient","	1","	B01??(%RH)","	75.6","	2026-07-28 12:46:40"
"	6A0C0938","	Ambient","	1","	B01??(?)","	22","	2026-07-28 12:46:40"
"	6A0C0938","	Ambient","	1","	B01??(%RH)","	75.5","	2026-07-28 12:46:38"
"	6A0C0938","	Ambient","	1","	B01??(?)","	22","	2026-07-28 12:46:38"
"	6A0C0938","	Ambient","	1","	B01??(%RH)","	75.7","	2026-07-28 12:46:36"
"	6A0C0938","	Ambient","	1","	B01??(?)","	22","	2026-07-28 12:46:36"
"	6A0C0938","	Ambient","	1","	B01??(%RH)","	76","	2026-07-28 12:46:34"
"	6A0C0938","	Ambient","	1","	B01??(?)","	21.9","	2026-07-28 12:46:34"
"	6A0C0938","	Ambient","	1","	B01??(%RH)","	76.3","	2026-07-28 12:46:32"
"	6A0C0938","	Ambient","	1","	B01??(?)","	21.9","	2026-07-28 12:46:32"
"	6A0C0938","	Ambient","	1","	B01??(%RH)","	76.5","	2026-07-28 12:46:30"
"	6A0C0938","	Ambient","	1","	B01??(?)","	22","	2026-07-28 12:46:30"
"	6A0C0938","	Ambient","	1","	B01??(%RH)","	76.5","	2026-07-28 12:46:28"
"	6A0C0938","	Ambient","	1","	B01??(?)","	22","	2026-07-28 12:46:28"
"	6A0C0938","	Ambient","	1","	B01??(?)","	22","	2026-07-28 12:46:26"
"	6A0C0938","	Ambient","	1","	B01??(%RH)","	76.5","	2026-07-28 12:46:26"
"	6A0C0938","	Ambient","	1","	B01??(%RH)","	76.6","	2026-07-28 12:46:24"
"	6A0C0938","	Ambient","	1","	B01??(?)","	22","	2026-07-28 12:46:24"
"	6A0C0938","	Ambient","	1","	B01??(%RH)","	76.7","	2026-07-28 12:46:22"
"	6A0C0938","	Ambient","	1","	B01??(?)","	22","	2026-07-28 12:46:22"
"	6A0C0938","	Ambient","	1","	B01??(%RH)","	76.8","	2026-07-28 12:46:20"
"	6A0C0938","	Ambient","	1","	B01??(?)","	21.9","	2026-07-28 12:46:20"
"	6A0C0938","	Ambient","	1","	B01??(%RH)","	76.9","	2026-07-28 12:46:18"
"	6A0C0938","	Ambient","	1","	B01??(?)","	21.9","	2026-07-28 12:46:18"
"	6A0C0938","	Ambient","	1","	B01??(%RH)","	77.1","	2026-07-28 12:46:16"
"	6A0C0938","	Ambient","	1","	B01??(?)","	22","	2026-07-28 12:46:16"
"	6A0C0938","	Ambient","	1","	B01??(%RH)","	77.2","	2026-07-28 12:46:14"
"	6A0C0938","	Ambient","	1","	B01??(?)","	21.9","	2026-07-28 12:46:14"
"	6A0C0938","	Ambient","	1","	B01??(%RH)","	77.2","	2026-07-28 12:46:12"
"	6A0C0938","	Ambient","	1","	B01??(?)","	22","	2026-07-28 12:46:12"
"	6A0C0938","	Ambient","	1","	B01??(%RH)","	77.2","	2026-07-28 12:46:10"
"	6A0C0938","	Ambient","	1","	B01??(?)","	22","	2026-07-28 12:46:10"
"	6A0C0938","	Ambient","	1","	B01??(%RH)","	77.1","	2026-07-28 12:46:08"
"	6A0C0938","	Ambient","	1","	B01??(?)","	22","	2026-07-28 12:46:08"
"	6A0C0938","	Ambient","	1","	B01??(%RH)","	77","	2026-07-28 12:46:06"
"	6A0C0938","	Ambient","	1","	B01??(?)","	22","	2026-07-28 12:46:06"
"	6A0C0938","	Ambient","	1","	B01??(%RH)","	76.9","	2026-07-28 12:46:04"
"	6A0C0938","	Ambient","	1","	B01??(?)","	22","	2026-07-28 12:46:04"
"	6A0C0938","	Ambient","	1","	B01??(?)","	21.9","	2026-07-28 12:46:01"
"	6A0C0938","	Ambient","	1","	B01??(%RH)","	76.8","	2026-07-28 12:46:01"
"	6A0C0938","	Ambient","	1","	B01??(%RH)","	76.9","	2026-07-28 12:45:59"
"	6A0C0938","	Ambient","	1","	B01??(?)","	22","	2026-07-28 12:45:59"
"	6A0C0938","	Ambient","	1","	B01??(%RH)","	77.1","	2026-07-28 12:45:57"
"	6A0C0938","	Ambient","	1","	B01??(?)","	22","	2026-07-28 12:45:57"
"	6A0C0938","	Ambient","	1","	B01??(%RH)","	77.2","	2026-07-28 12:45:55"
"	6A0C0938","	Ambient","	1","	B01??(?)","	22","	2026-07-28 12:45:55"
"	6A0C0938","	Ambient","	1","	B01??(%RH)","	77.3","	2026-07-28 12:45:53"
"	6A0C0938","	Ambient","	1","	B01??(?)","	22","	2026-07-28 12:45:53"
"	6A0C0938","	Ambient","	1","	B01??(%RH)","	77.3","	2026-07-28 12:45:51"
"	6A0C0938","	Ambient","	1","	B01??(?)","	22","	2026-07-28 12:45:51"
"	6A0C0938","	Ambient","	1","	B01??(%RH)","	77.1","	2026-07-28 12:45:49"
"	6A0C0938","	Ambient","	1","	B01??(?)","	22","	2026-07-28 12:45:49"
"	6A0C0938","	Ambient","	1","	B01??(%RH)","	76.8","	2026-07-28 12:45:47"
"	6A0C0938","	Ambient","	1","	B01??(?)","	22","	2026-07-28 12:45:47"
"	6A0C0938","	Ambient","	1","	B01??(%RH)","	76.6","	2026-07-28 12:45:45"
"	6A0C0938","	Ambient","	1","	B01??(?)","	22","	2026-07-28 12:45:45"
"	6A0C0938","	Ambient","	1","	B01??(%RH)","	76.6","	2026-07-28 12:45:43"
"	6A0C0938","	Ambient","	1","	B01??(?)","	22","	2026-07-28 12:45:43"
"	6A0C0938","	Ambient","	1","	B01??(%RH)","	76.5","	2026-07-28 12:45:41"
"	6A0C0938","	Ambient","	1","	B01??(?)","	22","	2026-07-28 12:45:41"
"	6A0C0938","	Ambient","	1","	B01??(%RH)","	76.6","	2026-07-28 12:45:39"
"	6A0C0938","	Ambient","	1","	B01??(?)","	22","	2026-07-28 12:45:39"
"	6A0C0938","	Ambient","	1","	B01??(%RH)","	76.7","	2026-07-28 12:45:37"
"	6A0C0938","	Ambient","	1","	B01??(?)","	22","	2026-07-28 12:45:37"
"	6A0C0938","	Ambient","	1","	B01??(%RH)","	76.9","	2026-07-28 12:45:35"
"	6A0C0938","	Ambient","	1","	B01??(?)","	22","	2026-07-28 12:45:35"
"	6A0C0938","	Ambient","	1","	B01??(%RH)","	77.1","	2026-07-28 12:45:33"
"	6A0C0938","	Ambient","	1","	B01??(?)","	22","	2026-07-28 12:45:33"
"	6A0C0938","	Ambient","	1","	B01??(%RH)","	77.2","	2026-07-28 12:45:31"
"	6A0C0938","	Ambient","	1","	B01??(?)","	22","	2026-07-28 12:45:31"
"	6A0C0938","	Ambient","	1","	B01??(%RH)","	77.2","	2026-07-28 12:45:29"
"	6A0C0938","	Ambient","	1","	B01??(?)","	22","	2026-07-28 12:45:29"
"	6A0C0938","	Ambient","	1","	B01??(%RH)","	77.2","	2026-07-28 12:45:27"
"	6A0C0938","	Ambient","	1","	B01??(?)","	22","	2026-07-28 12:45:27"
"	6A0C0938","	Ambient","	1","	B01??(%RH)","	77.1","	2026-07-28 12:45:25"
"	6A0C0938","	Ambient","	1","	B01??(?)","	22","	2026-07-28 12:45:25"
"	6A0C0938","	Ambient","	1","	B01??(%RH)","	76.9","	2026-07-28 12:45:23"
"	6A0C0938","	Ambient","	1","	B01??(?)","	22","	2026-07-28 12:45:23"
"	6A0C0938","	Ambient","	1","	B01??(%RH)","	76.8","	2026-07-28 12:45:21"
"	6A0C0938","	Ambient","	1","	B01??(?)","	22","	2026-07-28 12:45:21"
"	6A0C0938","	Ambient","	1","	B01??(%RH)","	76.6","	2026-07-28 12:45:18"
"	6A0C0938","	Ambient","	1","	B01??(?)","	22","	2026-07-28 12:45:18"
"	6A0C0938","	Ambient","	1","	B01??(%RH)","	76.4","	2026-07-28 12:45:16"
"	6A0C0938","	Ambient","	1","	B01??(?)","	22","	2026-07-28 12:45:16"
"	6A0C0938","	Ambient","	1","	B01??(%RH)","	76.2","	2026-07-28 12:45:14"
"	6A0C0938","	Ambient","	1","	B01??(?)","	22","	2026-07-28 12:45:14"
"	6A0C0938","	Ambient","	1","	B01??(%RH)","	75.9","	2026-07-28 12:45:12"
"	6A0C0938","	Ambient","	1","	B01??(?)","	22","	2026-07-28 12:45:12"
"	6A0C0938","	Ambient","	1","	B01??(%RH)","	75.6","	2026-07-28 12:45:10"
"	6A0C0938","	Ambient","	1","	B01??(?)","	22","	2026-07-28 12:45:10"
"	6A0C0938","	Ambient","	1","	B01??(%RH)","	75.3","	2026-07-28 12:45:08"
"	6A0C0938","	Ambient","	1","	B01??(?)","	22","	2026-07-28 12:45:08"
"	6A0C0938","	Ambient","	1","	B01??(%RH)","	75.1","	2026-07-28 12:45:06"
"	6A0C0938","	Ambient","	1","	B01??(?)","	22","	2026-07-28 12:45:06"
"	6A0C0938","	Ambient","	1","	B01??(%RH)","	74.9","	2026-07-28 12:45:04"
"	6A0C0938","	Ambient","	1","	B01??(?)","	22","	2026-07-28 12:45:04"
"	6A0C0938","	Ambient","	1","	B01??(%RH)","	74.8","	2026-07-28 12:45:02"
"	6A0C0938","	Ambient","	1","	B01??(?)","	22","	2026-07-28 12:45:02"
"	6A0C0938","	Ambient","	1","	B01??(%RH)","	74.7","	2026-07-28 12:45:00"
"	6A0C0938","	Ambient","	1","	B01??(?)","	22","	2026-07-28 12:45:00"
"	6A0C0938","	Ambient","	1","	B01??(%RH)","	74.8","	2026-07-28 12:44:58"
"	6A0C0938","	Ambient","	1","	B01??(?)","	22","	2026-07-28 12:44:58"
"	6A0C0938","	Ambient","	1","	B01??(%RH)","	74.9","	2026-07-28 12:44:56"
"	6A0C0938","	Ambient","	1","	B01??(?)","	22","	2026-07-28 12:44:56"
"	6A0C0938","	Ambient","	1","	B01??(%RH)","	75.1","	2026-07-28 12:44:54"
"	6A0C0938","	Ambient","	1","	B01??(?)","	22","	2026-07-28 12:44:54"
"	6A0C0938","	Ambient","	1","	B01??(%RH)","	75.3","	2026-07-28 12:44:52"
"	6A0C0938","	Ambient","	1","	B01??(?)","	22","	2026-07-28 12:44:52"
"	6A0C0938","	Ambient","	1","	B01??(%RH)","	75.5","	2026-07-28 12:44:50"
"	6A0C0938","	Ambient","	1","	B01??(?)","	22","	2026-07-28 12:44:50"
"	6A0C0938","	Ambient","	1","	B01??(%RH)","	75.6","	2026-07-28 12:44:48"
"	6A0C0938","	Ambient","	1","	B01??(?)","	22","	2026-07-28 12:44:48"
"	6A0C0938","	Ambient","	1","	B01??(%RH)","	75.8","	2026-07-28 12:44:46"
"	6A0C0938","	Ambient","	1","	B01??(?)","	22","	2026-07-28 12:44:46"
"	6A0C0938","	Ambient","	1","	B01??(%RH)","	76","	2026-07-28 12:44:44"
"	6A0C0938","	Ambient","	1","	B01??(?)","	22","	2026-07-28 12:44:44"
"	6A0C0938","	Ambient","	1","	B01??(%RH)","	76.2","	2026-07-28 12:44:42"
"	6A0C0938","	Ambient","	1","	B01??(?)","	22","	2026-07-28 12:44:42"
"	6A0C0938","	Ambient","	1","	B01??(%RH)","	76.4","	2026-07-28 12:44:40"
"	6A0C0938","	Ambient","	1","	B01??(?)","	22","	2026-07-28 12:44:40"
"	6A0C0938","	Ambient","	1","	B01??(%RH)","	76.6","	2026-07-28 12:44:37"
"	6A0C0938","	Ambient","	1","	B01??(?)","	22","	2026-07-28 12:44:37"
"	6A0C0938","	Ambient","	1","	B01??(%RH)","	76.8","	2026-07-28 12:44:35"
"	6A0C0938","	Ambient","	1","	B01??(?)","	22","	2026-07-28 12:44:35"
"	6A0C0938","	Ambient","	1","	B01??(%RH)","	77","	2026-07-28 12:44:33"
"	6A0C0938","	Ambient","	1","	B01??(?)","	22","	2026-07-28 12:44:33"
"	6A0C0938","	Ambient","	1","	B01??(%RH)","	77","	2026-07-28 12:44:31"
"	6A0C0938","	Ambient","	1","	B01??(?)","	22","	2026-07-28 12:44:31"
"	6A0C0938","	Ambient","	1","	B01??(%RH)","	77","	2026-07-28 12:44:29"
"	6A0C0938","	Ambient","	1","	B01??(?)","	22","	2026-07-28 12:44:29"
"	6A0C0938","	Ambient","	1","	B01??(%RH)","	76.9","	2026-07-28 12:44:27"
"	6A0C0938","	Ambient","	1","	B01??(?)","	22","	2026-07-28 12:44:27"
"	6A0C0938","	Ambient","	1","	B01??(%RH)","	76.7","	2026-07-28 12:44:25"
"	6A0C0938","	Ambient","	1","	B01??(?)","	22","	2026-07-28 12:44:25"
"	6A0C0938","	Ambient","	1","	B01??(%RH)","	76.6","	2026-07-28 12:44:23"
"	6A0C0938","	Ambient","	1","	B01??(?)","	22","	2026-07-28 12:44:23"
"	6A0C0938","	Ambient","	1","	B01??(%RH)","	76.3","	2026-07-28 12:44:21"
"	6A0C0938","	Ambient","	1","	B01??(?)","	22","	2026-07-28 12:44:21"
"	6A0C0938","	Ambient","	1","	B01??(%RH)","	76.1","	2026-07-28 12:44:19"
"	6A0C0938","	Ambient","	1","	B01??(?)","	22","	2026-07-28 12:44:19"
"	6A0C0938","	Ambient","	1","	B01??(%RH)","	75.9","	2026-07-28 12:44:17"
"	6A0C0938","	Ambient","	1","	B01??(?)","	22","	2026-07-28 12:44:17"
"	6A0C0938","	Ambient","	1","	B01??(%RH)","	75.7","	2026-07-28 12:44:15"
"	6A0C0938","	Ambient","	1","	B01??(?)","	22","	2026-07-28 12:44:15"
"	6A0C0938","	Ambient","	1","	B01??(%RH)","	75.8","	2026-07-28 12:44:13"
"	6A0C0938","	Ambient","	1","	B01??(?)","	22","	2026-07-28 12:44:13"
"	6A0C0938","	Ambient","	1","	B01??(%RH)","	76","	2026-07-28 12:44:11"
"	6A0C0938","	Ambient","	1","	B01??(?)","	22","	2026-07-28 12:44:11"
"	6A0C0938","	Ambient","	1","	B01??(%RH)","	76.3","	2026-07-28 12:44:09"
"	6A0C0938","	Ambient","	1","	B01??(?)","	22","	2026-07-28 12:44:09"
"	6A0C0938","	Ambient","	1","	B01??(%RH)","	76.5","	2026-07-28 12:44:07"
"	6A0C0938","	Ambient","	1","	B01??(?)","	22","	2026-07-28 12:44:07"
"	6A0C0938","	Ambient","	1","	B01??(%RH)","	76.5","	2026-07-28 12:44:05"
"	6A0C0938","	Ambient","	1","	B01??(?)","	22","	2026-07-28 12:44:05"
"	6A0C0938","	Ambient","	1","	B01??(%RH)","	76.4","	2026-07-28 12:44:03"
"	6A0C0938","	Ambient","	1","	B01??(?)","	22","	2026-07-28 12:44:03"
"	6A0C0938","	Ambient","	1","	B01??(%RH)","	76.2","	2026-07-28 12:44:01"
"	6A0C0938","	Ambient","	1","	B01??(?)","	22","	2026-07-28 12:44:01"
"	6A0C0938","	Ambient","	1","	B01??(%RH)","	76","	2026-07-28 12:43:59"
"	6A0C0938","	Ambient","	1","	B01??(?)","	22","	2026-07-28 12:43:59"
"	6A0C0938","	Ambient","	1","	B01??(%RH)","	75.8","	2026-07-28 12:43:57"
"	6A0C0938","	Ambient","	1","	B01??(?)","	22","	2026-07-28 12:43:57"
"	6A0C0938","	Ambient","	1","	B01??(%RH)","	75.8","	2026-07-28 12:43:54"
"	6A0C0938","	Ambient","	1","	B01??(?)","	22","	2026-07-28 12:43:54"
"	6A0C0938","	Ambient","	1","	B01??(%RH)","	76","	2026-07-28 12:43:52"
"	6A0C0938","	Ambient","	1","	B01??(?)","	22","	2026-07-28 12:43:52"
"	6A0C0938","	Ambient","	1","	B01??(%RH)","	76.2","	2026-07-28 12:43:50"
"	6A0C0938","	Ambient","	1","	B01??(?)","	22","	2026-07-28 12:43:50"
"	6A0C0938","	Ambient","	1","	B01??(%RH)","	76.5","	2026-07-28 12:43:48"
"	6A0C0938","	Ambient","	1","	B01??(?)","	22","	2026-07-28 12:43:48"
"	6A0C0938","	Ambient","	1","	B01??(%RH)","	76.8","	2026-07-28 12:43:46"
"	6A0C0938","	Ambient","	1","	B01??(?)","	22","	2026-07-28 12:43:46"
"	6A0C0938","	Ambient","	1","	B01??(%RH)","	76.8","	2026-07-28 12:43:44"
"	6A0C0938","	Ambient","	1","	B01??(?)","	22","	2026-07-28 12:43:44"
"	6A0C0938","	Ambient","	1","	B01??(%RH)","	76.9","	2026-07-28 12:43:42"
"	6A0C0938","	Ambient","	1","	B01??(?)","	22","	2026-07-28 12:43:42"
"	6A0C0938","	Ambient","	1","	B01??(%RH)","	77","	2026-07-28 12:43:40"
"	6A0C0938","	Ambient","	1","	B01??(?)","	22","	2026-07-28 12:43:40"
"	6A0C0938","	Ambient","	1","	B01??(%RH)","	77.1","	2026-07-28 12:43:38"
"	6A0C0938","	Ambient","	1","	B01??(?)","	22","	2026-07-28 12:43:38"
"	6A0C0938","	Ambient","	1","	B01??(%RH)","	77.2","	2026-07-28 12:43:36"
"	6A0C0938","	Ambient","	1","	B01??(?)","	22","	2026-07-28 12:43:36"
"	6A0C0938","	Ambient","	1","	B01??(%RH)","	77.4","	2026-07-28 12:43:34"
"	6A0C0938","	Ambient","	1","	B01??(?)","	22","	2026-07-28 12:43:34"
"	6A0C0938","	Ambient","	1","	B01??(%RH)","	77.5","	2026-07-28 12:43:32"
"	6A0C0938","	Ambient","	1","	B01??(?)","	22","	2026-07-28 12:43:32"
"	6A0C0938","	Ambient","	1","	B01??(%RH)","	77.7","	2026-07-28 12:43:30"
"	6A0C0938","	Ambient","	1","	B01??(?)","	22","	2026-07-28 12:43:30"
"	6A0C0938","	Ambient","	1","	B01??(%RH)","	77.7","	2026-07-28 12:43:28"
"	6A0C0938","	Ambient","	1","	B01??(?)","	22","	2026-07-28 12:43:28"
"	6A0C0938","	Ambient","	1","	B01??(%RH)","	77.8","	2026-07-28 12:43:26"
"	6A0C0938","	Ambient","	1","	B01??(?)","	22","	2026-07-28 12:43:26"
"	6A0C0938","	Ambient","	1","	B01??(%RH)","	77.8","	2026-07-28 12:43:24"
"	6A0C0938","	Ambient","	1","	B01??(?)","	22","	2026-07-28 12:43:24"
"	6A0C0938","	Ambient","	1","	B01??(%RH)","	77.8","	2026-07-28 12:43:22"
"	6A0C0938","	Ambient","	1","	B01??(?)","	22","	2026-07-28 12:43:22"
"	6A0C0938","	Ambient","	1","	B01??(%RH)","	77.9","	2026-07-28 12:43:20"
"	6A0C0938","	Ambient","	1","	B01??(?)","	22","	2026-07-28 12:43:20"
"	6A0C0938","	Ambient","	1","	B01??(%RH)","	77.9","	2026-07-28 12:43:18"
"	6A0C0938","	Ambient","	1","	B01??(?)","	22","	2026-07-28 12:43:18"
"	6A0C0938","	Ambient","	1","	B01??(%RH)","	77.8","	2026-07-28 12:43:16"
"	6A0C0938","	Ambient","	1","	B01??(?)","	22","	2026-07-28 12:43:16"
"	6A0C0938","	Ambient","	1","	B01??(%RH)","	77.8","	2026-07-28 12:43:14"
"	6A0C0938","	Ambient","	1","	B01??(?)","	22","	2026-07-28 12:43:14"
"	6A0C0938","	Ambient","	1","	B01??(%RH)","	77.8","	2026-07-28 12:43:11"
"	6A0C0938","	Ambient","	1","	B01??(?)","	22","	2026-07-28 12:43:11"
"	6A0C0938","	Ambient","	1","	B01??(%RH)","	77.7","	2026-07-28 12:43:09"
"	6A0C0938","	Ambient","	1","	B01??(?)","	22","	2026-07-28 12:43:09"
"	6A0C0938","	Ambient","	1","	B01??(%RH)","	77.6","	2026-07-28 12:43:07"
"	6A0C0938","	Ambient","	1","	B01??(?)","	22","	2026-07-28 12:43:07"
"	6A0C0938","	Ambient","	1","	B01??(%RH)","	77.6","	2026-07-28 12:43:05"
"	6A0C0938","	Ambient","	1","	B01??(?)","	22","	2026-07-28 12:43:05"
"	6A0C0938","	Ambient","	1","	B01??(%RH)","	77.5","	2026-07-28 12:43:03"
"	6A0C0938","	Ambient","	1","	B01??(?)","	22","	2026-07-28 12:43:03"
"	6A0C0938","	Ambient","	1","	B01??(%RH)","	77.4","	2026-07-28 12:43:01"
"	6A0C0938","	Ambient","	1","	B01??(?)","	22","	2026-07-28 12:43:01"
"	6A0C0938","	Ambient","	1","	B01??(%RH)","	77.3","	2026-07-28 12:42:59"
"	6A0C0938","	Ambient","	1","	B01??(?)","	22","	2026-07-28 12:42:59"
"	6A0C0938","	Ambient","	1","	B01??(%RH)","	77.2","	2026-07-28 12:42:57"
"	6A0C0938","	Ambient","	1","	B01??(?)","	22","	2026-07-28 12:42:57"
"	6A0C0938","	Ambient","	1","	B01??(%RH)","	77","	2026-07-28 12:42:55"
"	6A0C0938","	Ambient","	1","	B01??(?)","	22","	2026-07-28 12:42:55"
"	6A0C0938","	Ambient","	1","	B01??(%RH)","	76.8","	2026-07-28 12:42:53"
"	6A0C0938","	Ambient","	1","	B01??(?)","	22","	2026-07-28 12:42:53"
"	6A0C0938","	Ambient","	1","	B01??(%RH)","	76.5","	2026-07-28 12:42:51"
"	6A0C0938","	Ambient","	1","	B01??(?)","	22","	2026-07-28 12:42:51"
"	6A0C0938","	Ambient","	1","	B01??(%RH)","	76.3","	2026-07-28 12:42:49"
"	6A0C0938","	Ambient","	1","	B01??(?)","	22","	2026-07-28 12:42:49"
"	6A0C0938","	Ambient","	1","	B01??(%RH)","	76.1","	2026-07-28 12:42:47"
"	6A0C0938","	Ambient","	1","	B01??(?)","	22","	2026-07-28 12:42:47"
"	6A0C0938","	Ambient","	1","	B01??(%RH)","	75.9","	2026-07-28 12:42:45"
"	6A0C0938","	Ambient","	1","	B01??(?)","	22","	2026-07-28 12:42:45"
"	6A0C0938","	Ambient","	1","	B01??(%RH)","	75.9","	2026-07-28 12:42:43"
"	6A0C0938","	Ambient","	1","	B01??(?)","	22","	2026-07-28 12:42:43"
"	6A0C0938","	Ambient","	1","	B01??(%RH)","	75.9","	2026-07-28 12:42:41"
"	6A0C0938","	Ambient","	1","	B01??(?)","	22","	2026-07-28 12:42:41"
"	6A0C0938","	Ambient","	1","	B01??(%RH)","	76","	2026-07-28 12:42:39"
"	6A0C0938","	Ambient","	1","	B01??(?)","	22","	2026-07-28 12:42:39"
"	6A0C0938","	Ambient","	1","	B01??(%RH)","	76.4","	2026-07-28 12:42:37"
"	6A0C0938","	Ambient","	1","	B01??(?)","	22","	2026-07-28 12:42:37"
"	6A0C0938","	Ambient","	1","	B01??(%RH)","	76.7","	2026-07-28 12:42:35"
"	6A0C0938","	Ambient","	1","	B01??(?)","	22","	2026-07-28 12:42:35"
"	6A0C0938","	Ambient","	1","	B01??(%RH)","	76.8","	2026-07-28 12:42:33"
"	6A0C0938","	Ambient","	1","	B01??(?)","	22","	2026-07-28 12:42:33"
"	6A0C0938","	Ambient","	1","	B01??(%RH)","	76.9","	2026-07-28 12:42:31"
"	6A0C0938","	Ambient","	1","	B01??(?)","	22","	2026-07-28 12:42:31"
"	6A0C0938","	Ambient","	1","	B01??(%RH)","	77","	2026-07-28 12:42:28"
"	6A0C0938","	Ambient","	1","	B01??(?)","	22","	2026-07-28 12:42:28"
"	6A0C0938","	Ambient","	1","	B01??(%RH)","	76.9","	2026-07-28 12:42:26"
"	6A0C0938","	Ambient","	1","	B01??(?)","	22","	2026-07-28 12:42:26"
"	6A0C0938","	Ambient","	1","	B01??(%RH)","	76.9","	2026-07-28 12:42:24"
"	6A0C0938","	Ambient","	1","	B01??(?)","	22","	2026-07-28 12:42:24"
"	6A0C0938","	Ambient","	1","	B01??(%RH)","	76.9","	2026-07-28 12:42:22"
"	6A0C0938","	Ambient","	1","	B01??(?)","	22","	2026-07-28 12:42:22"
"	6A0C0938","	Ambient","	1","	B01??(%RH)","	76.8","	2026-07-28 12:42:20"
"	6A0C0938","	Ambient","	1","	B01??(?)","	22","	2026-07-28 12:42:20"
"	6A0C0938","	Ambient","	1","	B01??(%RH)","	76.8","	2026-07-28 12:42:18"
"	6A0C0938","	Ambient","	1","	B01??(?)","	22","	2026-07-28 12:42:18"
"	6A0C0938","	Ambient","	1","	B01??(%RH)","	76.7","	2026-07-28 12:42:16"
"	6A0C0938","	Ambient","	1","	B01??(?)","	22","	2026-07-28 12:42:16"
"	6A0C0938","	Ambient","	1","	B01??(%RH)","	76.7","	2026-07-28 12:42:14"
"	6A0C0938","	Ambient","	1","	B01??(?)","	22","	2026-07-28 12:42:14"
"	6A0C0938","	Ambient","	1","	B01??(%RH)","	76.7","	2026-07-28 12:42:12"
"	6A0C0938","	Ambient","	1","	B01??(?)","	22","	2026-07-28 12:42:12"
"	6A0C0938","	Ambient","	1","	B01??(%RH)","	76.6","	2026-07-28 12:42:10"
"	6A0C0938","	Ambient","	1","	B01??(?)","	22.1","	2026-07-28 12:42:10"
"	6A0C0938","	Ambient","	1","	B01??(%RH)","	76.4","	2026-07-28 12:42:08"
"	6A0C0938","	Ambient","	1","	B01??(?)","	22","	2026-07-28 12:42:08"
"	6A0C0938","	Ambient","	1","	B01??(%RH)","	76.3","	2026-07-28 12:42:06"
"	6A0C0938","	Ambient","	1","	B01??(?)","	22.1","	2026-07-28 12:42:06"
"	6A0C0938","	Ambient","	1","	B01??(%RH)","	76.1","	2026-07-28 12:42:04"
"	6A0C0938","	Ambient","	1","	B01??(?)","	22","	2026-07-28 12:42:04"
"	6A0C0938","	Ambient","	1","	B01??(%RH)","	76","	2026-07-28 12:42:02"
"	6A0C0938","	Ambient","	1","	B01??(?)","	22","	2026-07-28 12:42:02"
"	6A0C0938","	Ambient","	1","	B01??(%RH)","	75.9","	2026-07-28 12:42:00"
"	6A0C0938","	Ambient","	1","	B01??(?)","	22.1","	2026-07-28 12:42:00"
"	6A0C0938","	Ambient","	1","	B01??(%RH)","	75.8","	2026-07-28 12:41:58"
"	6A0C0938","	Ambient","	1","	B01??(?)","	22","	2026-07-28 12:41:58"
"	6A0C0938","	Ambient","	1","	B01??(%RH)","	75.6","	2026-07-28 12:41:56"
"	6A0C0938","	Ambient","	1","	B01??(?)","	22","	2026-07-28 12:41:56"
"	6A0C0938","	Ambient","	1","	B01??(%RH)","	75.3","	2026-07-28 12:41:54"
"	6A0C0938","	Ambient","	1","	B01??(?)","	22","	2026-07-28 12:41:54"
"	6A0C0938","	Ambient","	1","	B01??(%RH)","	75","	2026-07-28 12:41:52"
"	6A0C0938","	Ambient","	1","	B01??(?)","	22","	2026-07-28 12:41:52"
"	6A0C0938","	Ambient","	1","	B01??(%RH)","	74.7","	2026-07-28 12:41:50"
"	6A0C0938","	Ambient","	1","	B01??(?)","	22","	2026-07-28 12:41:50"
"	6A0C0938","	Ambient","	1","	B01??(%RH)","	74.6","	2026-07-28 12:41:48"
"	6A0C0938","	Ambient","	1","	B01??(?)","	22","	2026-07-28 12:41:48"
"	6A0C0938","	Ambient","	1","	B01??(%RH)","	74.6","	2026-07-28 12:41:45"
"	6A0C0938","	Ambient","	1","	B01??(?)","	22","	2026-07-28 12:41:45"
"	6A0C0938","	Ambient","	1","	B01??(%RH)","	74.6","	2026-07-28 12:41:43"
"	6A0C0938","	Ambient","	1","	B01??(?)","	22","	2026-07-28 12:41:43"
"	6A0C0938","	Ambient","	1","	B01??(%RH)","	74.5","	2026-07-28 12:41:41"
"	6A0C0938","	Ambient","	1","	B01??(?)","	22","	2026-07-28 12:41:41"
"	6A0C0938","	Ambient","	1","	B01??(%RH)","	74.4","	2026-07-28 12:41:39"
"	6A0C0938","	Ambient","	1","	B01??(?)","	22.1","	2026-07-28 12:41:39"
"	6A0C0938","	Ambient","	1","	B01??(%RH)","	74.3","	2026-07-28 12:41:37"
"	6A0C0938","	Ambient","	1","	B01??(?)","	22","	2026-07-28 12:41:37"
"	6A0C0938","	Ambient","	1","	B01??(%RH)","	74.2","	2026-07-28 12:41:35"
"	6A0C0938","	Ambient","	1","	B01??(?)","	22","	2026-07-28 12:41:35"
"	6A0C0938","	Ambient","	1","	B01??(%RH)","	74","	2026-07-28 12:41:33"
"	6A0C0938","	Ambient","	1","	B01??(?)","	22.1","	2026-07-28 12:41:33"
"	6A0C0938","	Ambient","	1","	B01??(%RH)","	74","	2026-07-28 12:41:31"
"	6A0C0938","	Ambient","	1","	B01??(?)","	22","	2026-07-28 12:41:31"
"	6A0C0938","	Ambient","	1","	B01??(%RH)","	74","	2026-07-28 12:41:29"
"	6A0C0938","	Ambient","	1","	B01??(?)","	22","	2026-07-28 12:41:29"
"	6A0C0938","	Ambient","	1","	B01??(%RH)","	74","	2026-07-28 12:41:27"
"	6A0C0938","	Ambient","	1","	B01??(?)","	22.1","	2026-07-28 12:41:27"
"	6A0C0938","	Ambient","	1","	B01??(%RH)","	74.1","	2026-07-28 12:41:25"
"	6A0C0938","	Ambient","	1","	B01??(?)","	22.1","	2026-07-28 12:41:25"
"	6A0C0938","	Ambient","	1","	B01??(%RH)","	74.2","	2026-07-28 12:41:23"
"	6A0C0938","	Ambient","	1","	B01??(?)","	22.1","	2026-07-28 12:41:23"
"	6A0C0938","	Ambient","	1","	B01??(%RH)","	74.4","	2026-07-28 12:41:21"
"	6A0C0938","	Ambient","	1","	B01??(?)","	22","	2026-07-28 12:41:21"
"	6A0C0938","	Ambient","	1","	B01??(%RH)","	74.7","	2026-07-28 12:41:19"
"	6A0C0938","	Ambient","	1","	B01??(?)","	22.1","	2026-07-28 12:41:19"
"	6A0C0938","	Ambient","	1","	B01??(%RH)","	75","	2026-07-28 12:41:17"
"	6A0C0938","	Ambient","	1","	B01??(?)","	22.1","	2026-07-28 12:41:17"
"	6A0C0938","	Ambient","	1","	B01??(%RH)","	75.2","	2026-07-28 12:41:15"
"	6A0C0938","	Ambient","	1","	B01??(?)","	22.1","	2026-07-28 12:41:15"
"	6A0C0938","	Ambient","	1","	B01??(%RH)","	75.4","	2026-07-28 12:41:13"
"	6A0C0938","	Ambient","	1","	B01??(?)","	22.1","	2026-07-28 12:41:13"
"	6A0C0938","	Ambient","	1","	B01??(%RH)","	75.5","	2026-07-28 12:41:11"
"	6A0C0938","	Ambient","	1","	B01??(?)","	22.1","	2026-07-28 12:41:11"
"	6A0C0938","	Ambient","	1","	B01??(%RH)","	75.6","	2026-07-28 12:41:09"
"	6A0C0938","	Ambient","	1","	B01??(?)","	22.1","	2026-07-28 12:41:09"
"	6A0C0938","	Ambient","	1","	B01??(?)","	22.1","	2026-07-28 12:41:07"
"	6A0C0938","	Ambient","	1","	B01??(%RH)","	75.6","	2026-07-28 12:41:07"
"	6A0C0938","	Ambient","	1","	B01??(%RH)","	75.7","	2026-07-28 12:41:04"
"	6A0C0938","	Ambient","	1","	B01??(?)","	22.1","	2026-07-28 12:41:04"
"	6A0C0938","	Ambient","	1","	B01??(%RH)","	76","	2026-07-28 12:41:02"
"	6A0C0938","	Ambient","	1","	B01??(?)","	22.1","	2026-07-28 12:41:02"
"	6A0C0938","	Ambient","	1","	B01??(%RH)","	76.3","	2026-07-28 12:41:00"
"	6A0C0938","	Ambient","	1","	B01??(?)","	22.1","	2026-07-28 12:41:00"
"	6A0C0938","	Ambient","	1","	B01??(%RH)","	76.6","	2026-07-28 12:40:58"
"	6A0C0938","	Ambient","	1","	B01??(?)","	22.1","	2026-07-28 12:40:58"
"	6A0C0938","	Ambient","	1","	B01??(%RH)","	76.8","	2026-07-28 12:40:56"
"	6A0C0938","	Ambient","	1","	B01??(?)","	22.1","	2026-07-28 12:40:56"
"	6A0C0938","	Ambient","	1","	B01??(%RH)","	77.1","	2026-07-28 12:40:54"
"	6A0C0938","	Ambient","	1","	B01??(?)","	22.1","	2026-07-28 12:40:54"
"	6A0C0938","	Ambient","	1","	B01??(%RH)","	77.3","	2026-07-28 12:40:52"
"	6A0C0938","	Ambient","	1","	B01??(?)","	22.1","	2026-07-28 12:40:52"
"	6A0C0938","	Ambient","	1","	B01??(%RH)","	77.4","	2026-07-28 12:40:50"
"	6A0C0938","	Ambient","	1","	B01??(?)","	22.1","	2026-07-28 12:40:50"
"	6A0C0938","	Ambient","	1","	B01??(%RH)","	77.5","	2026-07-28 12:40:48"
"	6A0C0938","	Ambient","	1","	B01??(?)","	22.1","	2026-07-28 12:40:48"
"	6A0C0938","	Ambient","	1","	B01??(%RH)","	77.5","	2026-07-28 12:40:46"
"	6A0C0938","	Ambient","	1","	B01??(?)","	22.1","	2026-07-28 12:40:46"
"	6A0C0938","	Ambient","	1","	B01??(%RH)","	77.3","	2026-07-28 12:40:44"
"	6A0C0938","	Ambient","	1","	B01??(?)","	22.1","	2026-07-28 12:40:44"
"	6A0C0938","	Ambient","	1","	B01??(%RH)","	77.2","	2026-07-28 12:40:42"
"	6A0C0938","	Ambient","	1","	B01??(?)","	22.1","	2026-07-28 12:40:42"
"	6A0C0938","	Ambient","	1","	B01??(%RH)","	77","	2026-07-28 12:40:40"
"	6A0C0938","	Ambient","	1","	B01??(?)","	22.1","	2026-07-28 12:40:40"
"	6A0C0938","	Ambient","	1","	B01??(%RH)","	76.8","	2026-07-28 12:40:38"
"	6A0C0938","	Ambient","	1","	B01??(?)","	22.1","	2026-07-28 12:40:38"
"	6A0C0938","	Ambient","	1","	B01??(%RH)","	76.7","	2026-07-28 12:40:36"
"	6A0C0938","	Ambient","	1","	B01??(?)","	22.1","	2026-07-28 12:40:36"
"	6A0C0938","	Ambient","	1","	B01??(%RH)","	76.5","	2026-07-28 12:40:34"
"	6A0C0938","	Ambient","	1","	B01??(?)","	22.1","	2026-07-28 12:40:34"
"	6A0C0938","	Ambient","	1","	B01??(%RH)","	76.4","	2026-07-28 12:40:32"
"	6A0C0938","	Ambient","	1","	B01??(?)","	22.1","	2026-07-28 12:40:32"
"	6A0C0938","	Ambient","	1","	B01??(%RH)","	76.3","	2026-07-28 12:40:30"
"	6A0C0938","	Ambient","	1","	B01??(?)","	22.1","	2026-07-28 12:40:30"
"	6A0C0938","	Ambient","	1","	B01??(%RH)","	76.3","	2026-07-28 12:40:28"
"	6A0C0938","	Ambient","	1","	B01??(?)","	22.1","	2026-07-28 12:40:28"
"	6A0C0938","	Ambient","	1","	B01??(%RH)","	76.3","	2026-07-28 12:40:26"
"	6A0C0938","	Ambient","	1","	B01??(?)","	22.1","	2026-07-28 12:40:26"
"	6A0C0938","	Ambient","	1","	B01??(%RH)","	76.2","	2026-07-28 12:40:23"
"	6A0C0938","	Ambient","	1","	B01??(?)","	22.1","	2026-07-28 12:40:23"
"	6A0C0938","	Ambient","	1","	B01??(%RH)","	76.2","	2026-07-28 12:40:21"
"	6A0C0938","	Ambient","	1","	B01??(?)","	22.1","	2026-07-28 12:40:21"
"	6A0C0938","	Ambient","	1","	B01??(%RH)","	76.1","	2026-07-28 12:40:19"
"	6A0C0938","	Ambient","	1","	B01??(?)","	22.1","	2026-07-28 12:40:19"
"	6A0C0938","	Ambient","	1","	B01??(%RH)","	76","	2026-07-28 12:40:17"
"	6A0C0938","	Ambient","	1","	B01??(?)","	22.1","	2026-07-28 12:40:17"
"	6A0C0938","	Ambient","	1","	B01??(%RH)","	76","	2026-07-28 12:40:15"
"	6A0C0938","	Ambient","	1","	B01??(?)","	22.1","	2026-07-28 12:40:15"
"	6A0C0938","	Ambient","	1","	B01??(%RH)","	76","	2026-07-28 12:40:13"
"	6A0C0938","	Ambient","	1","	B01??(?)","	22.1","	2026-07-28 12:40:13"
"	6A0C0938","	Ambient","	1","	B01??(%RH)","	76.1","	2026-07-28 12:40:11"
"	6A0C0938","	Ambient","	1","	B01??(?)","	22.1","	2026-07-28 12:40:11"
"	6A0C0938","	Ambient","	1","	B01??(%RH)","	76.2","	2026-07-28 12:40:09"
"	6A0C0938","	Ambient","	1","	B01??(?)","	22.1","	2026-07-28 12:40:09"
"	6A0C0938","	Ambient","	1","	B01??(%RH)","	76.5","	2026-07-28 12:40:07"
"	6A0C0938","	Ambient","	1","	B01??(?)","	22.1","	2026-07-28 12:40:07"
"	6A0C0938","	Ambient","	1","	B01??(%RH)","	76.9","	2026-07-28 12:40:05"
"	6A0C0938","	Ambient","	1","	B01??(?)","	22.1","	2026-07-28 12:40:05"
"	6A0C0938","	Ambient","	1","	B01??(%RH)","	77.3","	2026-07-28 12:40:03"
"	6A0C0938","	Ambient","	1","	B01??(?)","	22.1","	2026-07-28 12:40:03"
"	6A0C0938","	Ambient","	1","	B01??(%RH)","	77.6","	2026-07-28 12:40:01"
"	6A0C0938","	Ambient","	1","	B01??(?)","	22.1","	2026-07-28 12:40:01"
"	6A0C0938","	Ambient","	1","	B01??(%RH)","	77.7","	2026-07-28 12:39:59"
"	6A0C0938","	Ambient","	1","	B01??(?)","	22.1","	2026-07-28 12:39:59"
"	6A0C0938","	Ambient","	1","	B01??(%RH)","	77.7","	2026-07-28 12:39:57"
"	6A0C0938","	Ambient","	1","	B01??(?)","	22.1","	2026-07-28 12:39:57"
"	6A0C0938","	Ambient","	1","	B01??(%RH)","	77.7","	2026-07-28 12:39:55"
"	6A0C0938","	Ambient","	1","	B01??(?)","	22.1","	2026-07-28 12:39:55"
"	6A0C0938","	Ambient","	1","	B01??(%RH)","	77.5","	2026-07-28 12:39:53"
"	6A0C0938","	Ambient","	1","	B01??(?)","	22.1","	2026-07-28 12:39:53"
"	6A0C0938","	Ambient","	1","	B01??(%RH)","	77.3","	2026-07-28 12:39:51"
"	6A0C0938","	Ambient","	1","	B01??(?)","	22.1","	2026-07-28 12:39:51"
"	6A0C0938","	Ambient","	1","	B01??(%RH)","	77","	2026-07-28 12:39:49"
"	6A0C0938","	Ambient","	1","	B01??(?)","	22.1","	2026-07-28 12:39:49"
"	6A0C0938","	Ambient","	1","	B01??(%RH)","	76.6","	2026-07-28 12:39:47"
"	6A0C0938","	Ambient","	1","	B01??(?)","	22.1","	2026-07-28 12:39:47"
"	6A0C0938","	Ambient","	1","	B01??(%RH)","	76.2","	2026-07-28 12:39:45"
"	6A0C0938","	Ambient","	1","	B01??(?)","	22.1","	2026-07-28 12:39:45"
"	6A0C0938","	Ambient","	1","	B01??(%RH)","	76","	2026-07-28 12:39:43"
"	6A0C0938","	Ambient","	1","	B01??(?)","	22.1","	2026-07-28 12:39:42"
"	6A0C0938","	Ambient","	1","	B01??(%RH)","	76","	2026-07-28 12:39:40"
"	6A0C0938","	Ambient","	1","	B01??(?)","	22.1","	2026-07-28 12:39:40"
"	6A0C0938","	Ambient","	1","	B01??(%RH)","	76","	2026-07-28 12:39:38"
"	6A0C0938","	Ambient","	1","	B01??(?)","	22.1","	2026-07-28 12:39:38"
"	6A0C0938","	Ambient","	1","	B01??(%RH)","	76","	2026-07-28 12:39:36"
"	6A0C0938","	Ambient","	1","	B01??(?)","	22.1","	2026-07-28 12:39:36"
"	6A0C0938","	Ambient","	1","	B01??(%RH)","	76","	2026-07-28 12:39:34"
"	6A0C0938","	Ambient","	1","	B01??(?)","	22.1","	2026-07-28 12:39:34"
"	6A0C0938","	Ambient","	1","	B01??(%RH)","	76","	2026-07-28 12:39:32"
"	6A0C0938","	Ambient","	1","	B01??(?)","	22.1","	2026-07-28 12:39:32"
"	6A0C0938","	Ambient","	1","	B01??(%RH)","	75.9","	2026-07-28 12:39:30"
"	6A0C0938","	Ambient","	1","	B01??(?)","	22.1","	2026-07-28 12:39:30"
"	6A0C0938","	Ambient","	1","	B01??(%RH)","	75.9","	2026-07-28 12:39:28"
"	6A0C0938","	Ambient","	1","	B01??(?)","	22.1","	2026-07-28 12:39:28"
"	6A0C0938","	Ambient","	1","	B01??(%RH)","	76","	2026-07-28 12:39:26"
"	6A0C0938","	Ambient","	1","	B01??(?)","	22.1","	2026-07-28 12:39:26"
"	6A0C0938","	Ambient","	1","	B01??(%RH)","	76.2","	2026-07-28 12:39:24"
"	6A0C0938","	Ambient","	1","	B01??(?)","	22.1","	2026-07-28 12:39:24"
"	6A0C0938","	Ambient","	1","	B01??(%RH)","	76.3","	2026-07-28 12:39:22"
"	6A0C0938","	Ambient","	1","	B01??(?)","	22.1","	2026-07-28 12:39:22"
"	6A0C0938","	Ambient","	1","	B01??(%RH)","	76.5","	2026-07-28 12:39:20"
"	6A0C0938","	Ambient","	1","	B01??(?)","	22.1","	2026-07-28 12:39:20"
"	6A0C0938","	Ambient","	1","	B01??(%RH)","	76.6","	2026-07-28 12:39:18"
"	6A0C0938","	Ambient","	1","	B01??(?)","	22.1","	2026-07-28 12:39:18"
"	6A0C0938","	Ambient","	1","	B01??(%RH)","	76.5","	2026-07-28 12:39:16"
"	6A0C0938","	Ambient","	1","	B01??(?)","	22.1","	2026-07-28 12:39:16"
"	6A0C0938","	Ambient","	1","	B01??(%RH)","	76.3","	2026-07-28 12:39:14"
"	6A0C0938","	Ambient","	1","	B01??(?)","	22.1","	2026-07-28 12:39:14"
"	6A0C0938","	Ambient","	1","	B01??(%RH)","	76.1","	2026-07-28 12:39:12"
"	6A0C0938","	Ambient","	1","	B01??(?)","	22.1","	2026-07-28 12:39:12"
"	6A0C0938","	Ambient","	1","	B01??(%RH)","	76","	2026-07-28 12:39:10"
"	6A0C0938","	Ambient","	1","	B01??(?)","	22.1","	2026-07-28 12:39:10"
"	6A0C0938","	Ambient","	1","	B01??(%RH)","	75.9","	2026-07-28 12:39:08"
"	6A0C0938","	Ambient","	1","	B01??(?)","	22.1","	2026-07-28 12:39:08"
"	6A0C0938","	Ambient","	1","	B01??(%RH)","	75.8","	2026-07-28 12:39:06"
"	6A0C0938","	Ambient","	1","	B01??(?)","	22.1","	2026-07-28 12:39:06"
"	6A0C0938","	Ambient","	1","	B01??(%RH)","	75.9","	2026-07-28 12:39:04"
"	6A0C0938","	Ambient","	1","	B01??(?)","	22.1","	2026-07-28 12:39:04"
"	6A0C0938","	Ambient","	1","	B01??(%RH)","	75.9","	2026-07-28 12:39:02"
"	6A0C0938","	Ambient","	1","	B01??(?)","	22.1","	2026-07-28 12:39:02"
"	6A0C0938","	Ambient","	1","	B01??(%RH)","	76","	2026-07-28 12:38:59"
"	6A0C0938","	Ambient","	1","	B01??(?)","	22.1","	2026-07-28 12:38:59"
"	6A0C0938","	Ambient","	1","	B01??(%RH)","	76.1","	2026-07-28 12:38:57"
"	6A0C0938","	Ambient","	1","	B01??(?)","	22.1","	2026-07-28 12:38:57"
"	6A0C0938","	Ambient","	1","	B01??(%RH)","	76.1","	2026-07-28 12:38:55"
"	6A0C0938","	Ambient","	1","	B01??(?)","	22.1","	2026-07-28 12:38:55"
"	6A0C0938","	Ambient","	1","	B01??(%RH)","	76","	2026-07-28 12:38:53"
"	6A0C0938","	Ambient","	1","	B01??(?)","	22.1","	2026-07-28 12:38:53"
"	6A0C0938","	Ambient","	1","	B01??(%RH)","	76","	2026-07-28 12:38:51"
"	6A0C0938","	Ambient","	1","	B01??(?)","	22.1","	2026-07-28 12:38:51"
"	6A0C0938","	Ambient","	1","	B01??(%RH)","	75.9","	2026-07-28 12:38:49"
"	6A0C0938","	Ambient","	1","	B01??(?)","	22.1","	2026-07-28 12:38:49"
"	6A0C0938","	Ambient","	1","	B01??(%RH)","	75.8","	2026-07-28 12:38:47"
"	6A0C0938","	Ambient","	1","	B01??(?)","	22.1","	2026-07-28 12:38:47"
"	6A0C0938","	Ambient","	1","	B01??(%RH)","	75.6","	2026-07-28 12:38:45"
"	6A0C0938","	Ambient","	1","	B01??(?)","	22.1","	2026-07-28 12:38:45"
"	6A0C0938","	Ambient","	1","	B01??(%RH)","	75.5","	2026-07-28 12:38:43"
"	6A0C0938","	Ambient","	1","	B01??(?)","	22.1","	2026-07-28 12:38:43"
"	6A0C0938","	Ambient","	1","	B01??(%RH)","	75.5","	2026-07-28 12:38:41"
"	6A0C0938","	Ambient","	1","	B01??(?)","	22.1","	2026-07-28 12:38:41"
"	6A0C0938","	Ambient","	1","	B01??(%RH)","	75.6","	2026-07-28 12:38:39"
"	6A0C0938","	Ambient","	1","	B01??(?)","	22.1","	2026-07-28 12:38:39"
"	6A0C0938","	Ambient","	1","	B01??(%RH)","	75.6","	2026-07-28 12:38:37"
"	6A0C0938","	Ambient","	1","	B01??(?)","	22.1","	2026-07-28 12:38:37"
"	6A0C0938","	Ambient","	1","	B01??(%RH)","	75.6","	2026-07-28 12:38:35"
"	6A0C0938","	Ambient","	1","	B01??(?)","	22.1","	2026-07-28 12:38:35"
"	6A0C0938","	Ambient","	1","	B01??(%RH)","	75.5","	2026-07-28 12:38:33"
"	6A0C0938","	Ambient","	1","	B01??(?)","	22.1","	2026-07-28 12:38:33"
"	6A0C0938","	Ambient","	1","	B01??(%RH)","	75.3","	2026-07-28 12:38:31"
"	6A0C0938","	Ambient","	1","	B01??(?)","	22.1","	2026-07-28 12:38:31"
"	6A0C0938","	Ambient","	1","	B01??(%RH)","	75.2","	2026-07-28 12:38:29"
"	6A0C0938","	Ambient","	1","	B01??(?)","	22.1","	2026-07-28 12:38:29"
"	6A0C0938","	Ambient","	1","	B01??(%RH)","	75.1","	2026-07-28 12:38:27"
"	6A0C0938","	Ambient","	1","	B01??(?)","	22.1","	2026-07-28 12:38:27"
"	6A0C0938","	Ambient","	1","	B01??(%RH)","	75","	2026-07-28 12:38:25"
"	6A0C0938","	Ambient","	1","	B01??(?)","	22.1","	2026-07-28 12:38:25"
"	6A0C0938","	Ambient","	1","	B01??(%RH)","	74.9","	2026-07-28 12:38:23"
"	6A0C0938","	Ambient","	1","	B01??(?)","	22.1","	2026-07-28 12:38:23"
"	6A0C0938","	Ambient","	1","	B01??(%RH)","	74.9","	2026-07-28 12:38:21"
"	6A0C0938","	Ambient","	1","	B01??(?)","	22.1","	2026-07-28 12:38:21"
"	6A0C0938","	Ambient","	1","	B01??(%RH)","	74.9","	2026-07-28 12:38:18"
"	6A0C0938","	Ambient","	1","	B01??(?)","	22.1","	2026-07-28 12:38:18"
"	6A0C0938","	Ambient","	1","	B01??(%RH)","	74.9","	2026-07-28 12:38:16"
"	6A0C0938","	Ambient","	1","	B01??(?)","	22.1","	2026-07-28 12:38:16"
"	6A0C0938","	Ambient","	1","	B01??(%RH)","	74.9","	2026-07-28 12:38:14"
"	6A0C0938","	Ambient","	1","	B01??(?)","	22.1","	2026-07-28 12:38:14"
"	6A0C0938","	Ambient","	1","	B01??(%RH)","	74.9","	2026-07-28 12:38:12"
"	6A0C0938","	Ambient","	1","	B01??(?)","	22.1","	2026-07-28 12:38:12"
"	6A0C0938","	Ambient","	1","	B01??(%RH)","	74.9","	2026-07-28 12:38:10"
"	6A0C0938","	Ambient","	1","	B01??(?)","	22.1","	2026-07-28 12:38:10"
"	6A0C0938","	Ambient","	1","	B01??(%RH)","	74.9","	2026-07-28 12:38:08"
"	6A0C0938","	Ambient","	1","	B01??(?)","	22.1","	2026-07-28 12:38:08"
"	6A0C0938","	Ambient","	1","	B01??(%RH)","	75","	2026-07-28 12:38:06"
"	6A0C0938","	Ambient","	1","	B01??(?)","	22.1","	2026-07-28 12:38:06"
"	6A0C0938","	Ambient","	1","	B01??(%RH)","	75.1","	2026-07-28 12:38:04"
"	6A0C0938","	Ambient","	1","	B01??(?)","	22.1","	2026-07-28 12:38:04"
"	6A0C0938","	Ambient","	1","	B01??(%RH)","	75.4","	2026-07-28 12:38:02"
"	6A0C0938","	Ambient","	1","	B01??(?)","	22.1","	2026-07-28 12:38:02"
"	6A0C0938","	Ambient","	1","	B01??(%RH)","	76.3","	2026-07-28 12:38:00"
"	6A0C0938","	Ambient","	1","	B01??(?)","	22.1","	2026-07-28 12:38:00"
"	6A0C0938","	Ambient","	1","	B01??(%RH)","	76.6","	2026-07-28 12:37:58"
"	6A0C0938","	Ambient","	1","	B01??(?)","	22.1","	2026-07-28 12:37:58"
"	6A0C0938","	Ambient","	1","	B01??(%RH)","	76.7","	2026-07-28 12:37:56"
"	6A0C0938","	Ambient","	1","	B01??(?)","	22.1","	2026-07-28 12:37:56"
"	6A0C0938","	Ambient","	1","	B01??(%RH)","	76.6","	2026-07-28 12:37:54"
"	6A0C0938","	Ambient","	1","	B01??(?)","	22.2","	2026-07-28 12:37:54"
"	6A0C0938","	Ambient","	1","	B01??(%RH)","	76.3","	2026-07-28 12:37:52"
"	6A0C0938","	Ambient","	1","	B01??(?)","	22.1","	2026-07-28 12:37:52"
"	6A0C0938","	Ambient","	1","	B01??(%RH)","	76","	2026-07-28 12:37:50"
"	6A0C0938","	Ambient","	1","	B01??(?)","	22.2","	2026-07-28 12:37:50"
"	6A0C0938","	Ambient","	1","	B01??(%RH)","	75.6","	2026-07-28 12:37:48"
"	6A0C0938","	Ambient","	1","	B01??(?)","	22.1","	2026-07-28 12:37:48"
"	6A0C0938","	Ambient","	1","	B01??(%RH)","	75.3","	2026-07-28 12:37:46"
"	6A0C0938","	Ambient","	1","	B01??(?)","	22.1","	2026-07-28 12:37:46"
"	6A0C0938","	Ambient","	1","	B01??(%RH)","	75.2","	2026-07-28 12:37:44"
"	6A0C0938","	Ambient","	1","	B01??(?)","	22.1","	2026-07-28 12:37:44"
"	6A0C0938","	Ambient","	1","	B01??(%RH)","	75.2","	2026-07-28 12:37:42"
"	6A0C0938","	Ambient","	1","	B01??(?)","	22.2","	2026-07-28 12:37:42"
"	6A0C0938","	Ambient","	1","	B01??(%RH)","	75.3","	2026-07-28 12:37:40"
"	6A0C0938","	Ambient","	1","	B01??(?)","	22.1","	2026-07-28 12:37:40"
"	6A0C0938","	Ambient","	1","	B01??(%RH)","	75.5","	2026-07-28 12:37:38"
"	6A0C0938","	Ambient","	1","	B01??(?)","	22.1","	2026-07-28 12:37:38"
"	6A0C0938","	Ambient","	1","	B01??(%RH)","	75.8","	2026-07-28 12:37:35"
"	6A0C0938","	Ambient","	1","	B01??(?)","	22.1","	2026-07-28 12:37:35"
"	6A0C0938","	Ambient","	1","	B01??(%RH)","	76.3","	2026-07-28 12:37:33"
"	6A0C0938","	Ambient","	1","	B01??(?)","	22.2","	2026-07-28 12:37:33"
"	6A0C0938","	Ambient","	1","	B01??(%RH)","	76.6","	2026-07-28 12:37:31"
"	6A0C0938","	Ambient","	1","	B01??(?)","	22.1","	2026-07-28 12:37:31"
"	6A0C0938","	Ambient","	1","	B01??(%RH)","	76.9","	2026-07-28 12:37:29"
"	6A0C0938","	Ambient","	1","	B01??(?)","	22.2","	2026-07-28 12:37:29"
"	6A0C0938","	Ambient","	1","	B01??(%RH)","	77.1","	2026-07-28 12:37:27"
"	6A0C0938","	Ambient","	1","	B01??(?)","	22.2","	2026-07-28 12:37:27"
"	6A0C0938","	Ambient","	1","	B01??(%RH)","	77.1","	2026-07-28 12:37:25"
"	6A0C0938","	Ambient","	1","	B01??(?)","	22.1","	2026-07-28 12:37:25"
"	6A0C0938","	Ambient","	1","	B01??(%RH)","	77.1","	2026-07-28 12:37:23"
"	6A0C0938","	Ambient","	1","	B01??(?)","	22.2","	2026-07-28 12:37:23"
"	6A0C0938","	Ambient","	1","	B01??(%RH)","	77","	2026-07-28 12:37:21"
"	6A0C0938","	Ambient","	1","	B01??(?)","	22.2","	2026-07-28 12:37:21"
"	6A0C0938","	Ambient","	1","	B01??(%RH)","	77","	2026-07-28 12:37:19"
"	6A0C0938","	Ambient","	1","	B01??(?)","	22.2","	2026-07-28 12:37:19"
"	6A0C0938","	Ambient","	1","	B01??(%RH)","	76.9","	2026-07-28 12:37:17"
"	6A0C0938","	Ambient","	1","	B01??(?)","	22.2","	2026-07-28 12:37:17"
"	6A0C0938","	Ambient","	1","	B01??(%RH)","	76.8","	2026-07-28 12:37:15"
"	6A0C0938","	Ambient","	1","	B01??(?)","	22.2","	2026-07-28 12:37:15"
"	6A0C0938","	Ambient","	1","	B01??(%RH)","	76.6","	2026-07-28 12:37:13"
"	6A0C0938","	Ambient","	1","	B01??(?)","	22.2","	2026-07-28 12:37:13"
"	6A0C0938","	Ambient","	1","	B01??(%RH)","	76.5","	2026-07-28 12:37:11"
"	6A0C0938","	Ambient","	1","	B01??(?)","	22.2","	2026-07-28 12:37:11"
"	6A0C0938","	Ambient","	1","	B01??(%RH)","	76.4","	2026-07-28 12:37:09"
"	6A0C0938","	Ambient","	1","	B01??(?)","	22.2","	2026-07-28 12:37:09"
"	6A0C0938","	Ambient","	1","	B01??(%RH)","	76.4","	2026-07-28 12:37:07"
"	6A0C0938","	Ambient","	1","	B01??(?)","	22.2","	2026-07-28 12:37:07"
"	6A0C0938","	Ambient","	1","	B01??(%RH)","	76.3","	2026-07-28 12:37:05"
"	6A0C0938","	Ambient","	1","	B01??(?)","	22.2","	2026-07-28 12:37:05"
"	6A0C0938","	Ambient","	1","	B01??(%RH)","	76.4","	2026-07-28 12:37:03"
"	6A0C0938","	Ambient","	1","	B01??(?)","	22.2","	2026-07-28 12:37:03"
"	6A0C0938","	Ambient","	1","	B01??(%RH)","	76.4","	2026-07-28 12:37:01"
"	6A0C0938","	Ambient","	1","	B01??(?)","	22.1","	2026-07-28 12:37:01"
"	6A0C0938","	Ambient","	1","	B01??(%RH)","	76.6","	2026-07-28 12:36:59"
"	6A0C0938","	Ambient","	1","	B01??(?)","	22.2","	2026-07-28 12:36:59"
"	6A0C0938","	Ambient","	1","	B01??(%RH)","	76.9","	2026-07-28 12:36:57"
"	6A0C0938","	Ambient","	1","	B01??(?)","	22.2","	2026-07-28 12:36:57"
"	6A0C0938","	Ambient","	1","	B01??(%RH)","	77.1","	2026-07-28 12:36:55"
"	6A0C0938","	Ambient","	1","	B01??(?)","	22.2","	2026-07-28 12:36:55"
"	6A0C0938","	Ambient","	1","	B01??(%RH)","	77.1","	2026-07-28 12:36:52"
"	6A0C0938","	Ambient","	1","	B01??(?)","	22.2","	2026-07-28 12:36:52"
"	6A0C0938","	Ambient","	1","	B01??(%RH)","	77.2","	2026-07-28 12:36:50"
"	6A0C0938","	Ambient","	1","	B01??(?)","	22.2","	2026-07-28 12:36:50"
"	6A0C0938","	Ambient","	1","	B01??(%RH)","	77.2","	2026-07-28 12:36:48"
"	6A0C0938","	Ambient","	1","	B01??(?)","	22.2","	2026-07-28 12:36:48"
"	6A0C0938","	Ambient","	1","	B01??(%RH)","	77.3","	2026-07-28 12:36:46"
"	6A0C0938","	Ambient","	1","	B01??(?)","	22.2","	2026-07-28 12:36:46"
"	6A0C0938","	Ambient","	1","	B01??(%RH)","	77.3","	2026-07-28 12:36:44"
"	6A0C0938","	Ambient","	1","	B01??(?)","	22.2","	2026-07-28 12:36:44"
"	6A0C0938","	Ambient","	1","	B01??(%RH)","	77.2","	2026-07-28 12:36:42"
"	6A0C0938","	Ambient","	1","	B01??(?)","	22.2","	2026-07-28 12:36:42"
"	6A0C0938","	Ambient","	1","	B01??(%RH)","	77.2","	2026-07-28 12:36:40"
"	6A0C0938","	Ambient","	1","	B01??(?)","	22.2","	2026-07-28 12:36:40"
"	6A0C0938","	Ambient","	1","	B01??(%RH)","	77.1","	2026-07-28 12:36:38"
"	6A0C0938","	Ambient","	1","	B01??(?)","	22.1","	2026-07-28 12:36:38"
"	6A0C0938","	Ambient","	1","	B01??(%RH)","	77","	2026-07-28 12:36:36"
"	6A0C0938","	Ambient","	1","	B01??(?)","	22.2","	2026-07-28 12:36:36"
"	6A0C0938","	Ambient","	1","	B01??(%RH)","	76.9","	2026-07-28 12:36:34"
"	6A0C0938","	Ambient","	1","	B01??(?)","	22.2","	2026-07-28 12:36:34"
"	6A0C0938","	Ambient","	1","	B01??(%RH)","	76.8","	2026-07-28 12:36:32"
"	6A0C0938","	Ambient","	1","	B01??(?)","	22.1","	2026-07-28 12:36:32"
"	6A0C0938","	Ambient","	1","	B01??(%RH)","	76.9","	2026-07-28 12:36:30"
"	6A0C0938","	Ambient","	1","	B01??(?)","	22.2","	2026-07-28 12:36:30"
"	6A0C0938","	Ambient","	1","	B01??(%RH)","	77.1","	2026-07-28 12:36:28"
"	6A0C0938","	Ambient","	1","	B01??(?)","	22.2","	2026-07-28 12:36:28"
"	6A0C0938","	Ambient","	1","	B01??(%RH)","	77.3","	2026-07-28 12:36:26"
"	6A0C0938","	Ambient","	1","	B01??(?)","	22.2","	2026-07-28 12:36:26"
"	6A0C0938","	Ambient","	1","	B01??(%RH)","	77.2","	2026-07-28 12:36:24"
"	6A0C0938","	Ambient","	1","	B01??(?)","	22.2","	2026-07-28 12:36:24"
"	6A0C0938","	Ambient","	1","	B01??(%RH)","	77.2","	2026-07-28 12:36:22"
"	6A0C0938","	Ambient","	1","	B01??(?)","	22.2","	2026-07-28 12:36:22"
"	6A0C0938","	Ambient","	1","	B01??(%RH)","	77.1","	2026-07-28 12:36:20"
"	6A0C0938","	Ambient","	1","	B01??(?)","	22.2","	2026-07-28 12:36:20"
"	6A0C0938","	Ambient","	1","	B01??(%RH)","	77.1","	2026-07-28 12:36:18"
"	6A0C0938","	Ambient","	1","	B01??(?)","	22.2","	2026-07-28 12:36:18"
"	6A0C0938","	Ambient","	1","	B01??(%RH)","	77.1","	2026-07-28 12:36:16"
"	6A0C0938","	Ambient","	1","	B01??(?)","	22.2","	2026-07-28 12:36:16"
"	6A0C0938","	Ambient","	1","	B01??(%RH)","	77","	2026-07-28 12:36:14"
"	6A0C0938","	Ambient","	1","	B01??(?)","	22.2","	2026-07-28 12:36:14"
"	6A0C0938","	Ambient","	1","	B01??(%RH)","	77","	2026-07-28 12:36:12"
"	6A0C0938","	Ambient","	1","	B01??(?)","	22.2","	2026-07-28 12:36:12"
"	6A0C0938","	Ambient","	1","	B01??(%RH)","	77","	2026-07-28 12:36:09"
"	6A0C0938","	Ambient","	1","	B01??(?)","	22.2","	2026-07-28 12:36:09"
"	6A0C0938","	Ambient","	1","	B01??(%RH)","	77","	2026-07-28 12:36:07"
"	6A0C0938","	Ambient","	1","	B01??(?)","	22.1","	2026-07-28 12:36:07"
"	6A0C0938","	Ambient","	1","	B01??(%RH)","	77","	2026-07-28 12:36:05"
"	6A0C0938","	Ambient","	1","	B01??(?)","	22.2","	2026-07-28 12:36:05"
"	6A0C0938","	Ambient","	1","	B01??(%RH)","	77","	2026-07-28 12:36:03"
"	6A0C0938","	Ambient","	1","	B01??(?)","	22.2","	2026-07-28 12:36:03"
"	6A0C0938","	Ambient","	1","	B01??(%RH)","	77","	2026-07-28 12:36:01"
"	6A0C0938","	Ambient","	1","	B01??(?)","	22.2","	2026-07-28 12:36:01"
"	6A0C0938","	Ambient","	1","	B01??(%RH)","	76.9","	2026-07-28 12:35:59"
"	6A0C0938","	Ambient","	1","	B01??(?)","	22.2","	2026-07-28 12:35:59"
"	6A0C0938","	Ambient","	1","	B01??(%RH)","	76.9","	2026-07-28 12:35:57"
"	6A0C0938","	Ambient","	1","	B01??(?)","	22.2","	2026-07-28 12:35:57"
"	6A0C0938","	Ambient","	1","	B01??(%RH)","	76.8","	2026-07-28 12:35:55"
"	6A0C0938","	Ambient","	1","	B01??(?)","	22.2","	2026-07-28 12:35:55"
"	6A0C0938","	Ambient","	1","	B01??(%RH)","	76.8","	2026-07-28 12:35:53"
"	6A0C0938","	Ambient","	1","	B01??(?)","	22.2","	2026-07-28 12:35:53"
"	6A0C0938","	Ambient","	1","	B01??(%RH)","	76.7","	2026-07-28 12:35:51"
"	6A0C0938","	Ambient","	1","	B01??(?)","	22.2","	2026-07-28 12:35:51"
"	6A0C0938","	Ambient","	1","	B01??(%RH)","	76.7","	2026-07-28 12:35:49"
"	6A0C0938","	Ambient","	1","	B01??(?)","	22.2","	2026-07-28 12:35:49"
"	6A0C0938","	Ambient","	1","	B01??(%RH)","	76.6","	2026-07-28 12:35:47"
"	6A0C0938","	Ambient","	1","	B01??(?)","	22.2","	2026-07-28 12:35:47"
"	6A0C0938","	Ambient","	1","	B01??(%RH)","	76.5","	2026-07-28 12:35:45"
"	6A0C0938","	Ambient","	1","	B01??(?)","	22.2","	2026-07-28 12:35:45"
"	6A0C0938","	Ambient","	1","	B01??(%RH)","	76.3","	2026-07-28 12:35:43"
"	6A0C0938","	Ambient","	1","	B01??(?)","	22.2","	2026-07-28 12:35:43"
"	6A0C0938","	Ambient","	1","	B01??(%RH)","	76","	2026-07-28 12:35:41"
"	6A0C0938","	Ambient","	1","	B01??(?)","	22.2","	2026-07-28 12:35:41"
"	6A0C0938","	Ambient","	1","	B01??(%RH)","	75.9","	2026-07-28 12:35:39"
"	6A0C0938","	Ambient","	1","	B01??(?)","	22.2","	2026-07-28 12:35:39"
"	6A0C0938","	Ambient","	1","	B01??(%RH)","	75.9","	2026-07-28 12:35:37"
"	6A0C0938","	Ambient","	1","	B01??(?)","	22.2","	2026-07-28 12:35:37"
"	6A0C0938","	Ambient","	1","	B01??(%RH)","	75.9","	2026-07-28 12:35:35"
"	6A0C0938","	Ambient","	1","	B01??(?)","	22.2","	2026-07-28 12:35:35"
"	6A0C0938","	Ambient","	1","	B01??(%RH)","	76","	2026-07-28 12:35:33"
"	6A0C0938","	Ambient","	1","	B01??(?)","	22.2","	2026-07-28 12:35:33"
"	6A0C0938","	Ambient","	1","	B01??(%RH)","	76","	2026-07-28 12:35:31"
"	6A0C0938","	Ambient","	1","	B01??(?)","	22.2","	2026-07-28 12:35:31"
"	6A0C0938","	Ambient","	1","	B01??(%RH)","	76.1","	2026-07-28 12:35:28"
"	6A0C0938","	Ambient","	1","	B01??(?)","	22.2","	2026-07-28 12:35:28"
"	6A0C0938","	Ambient","	1","	B01??(%RH)","	76.2","	2026-07-28 12:35:26"
"	6A0C0938","	Ambient","	1","	B01??(?)","	22.2","	2026-07-28 12:35:26"
"	6A0C0938","	Ambient","	1","	B01??(%RH)","	76.4","	2026-07-28 12:35:24"
"	6A0C0938","	Ambient","	1","	B01??(?)","	22.2","	2026-07-28 12:35:24"
"	6A0C0938","	Ambient","	1","	B01??(%RH)","	76.6","	2026-07-28 12:35:22"
"	6A0C0938","	Ambient","	1","	B01??(?)","	22.2","	2026-07-28 12:35:22"
"	6A0C0938","	Ambient","	1","	B01??(%RH)","	76.7","	2026-07-28 12:35:20"
"	6A0C0938","	Ambient","	1","	B01??(?)","	22.2","	2026-07-28 12:35:20"
"	6A0C0938","	Ambient","	1","	B01??(%RH)","	76.8","	2026-07-28 12:35:18"
"	6A0C0938","	Ambient","	1","	B01??(?)","	22.2","	2026-07-28 12:35:18"
"	6A0C0938","	Ambient","	1","	B01??(%RH)","	76.7","	2026-07-28 12:35:16"
"	6A0C0938","	Ambient","	1","	B01??(?)","	22.2","	2026-07-28 12:35:16"
"	6A0C0938","	Ambient","	1","	B01??(%RH)","	76.3","	2026-07-28 12:35:14"
"	6A0C0938","	Ambient","	1","	B01??(?)","	22.2","	2026-07-28 12:35:14"
"	6A0C0938","	Ambient","	1","	B01??(%RH)","	75.8","	2026-07-28 12:35:12"
"	6A0C0938","	Ambient","	1","	B01??(?)","	22.2","	2026-07-28 12:35:12"
"	6A0C0938","	Ambient","	1","	B01??(%RH)","	75.3","	2026-07-28 12:35:10"
"	6A0C0938","	Ambient","	1","	B01??(?)","	22.2","	2026-07-28 12:35:10"
"	6A0C0938","	Ambient","	1","	B01??(%RH)","	74.9","	2026-07-28 12:35:08"
"	6A0C0938","	Ambient","	1","	B01??(?)","	22.2","	2026-07-28 12:35:08"
"	6A0C0938","	Ambient","	1","	B01??(%RH)","	74.6","	2026-07-28 12:35:06"
"	6A0C0938","	Ambient","	1","	B01??(?)","	22.2","	2026-07-28 12:35:06"
"	6A0C0938","	Ambient","	1","	B01??(%RH)","	74.4","	2026-07-28 12:35:04"
"	6A0C0938","	Ambient","	1","	B01??(?)","	22.2","	2026-07-28 12:35:04"
"	6A0C0938","	Ambient","	1","	B01??(%RH)","	74.3","	2026-07-28 12:35:02"
"	6A0C0938","	Ambient","	1","	B01??(?)","	22.2","	2026-07-28 12:35:02"
"	6A0C0938","	Ambient","	1","	B01??(%RH)","	74.4","	2026-07-28 12:35:00"
"	6A0C0938","	Ambient","	1","	B01??(?)","	22.2","	2026-07-28 12:35:00"
"	6A0C0938","	Ambient","	1","	B01??(%RH)","	74.6","	2026-07-28 12:34:58"
"	6A0C0938","	Ambient","	1","	B01??(?)","	22.2","	2026-07-28 12:34:58"
"	6A0C0938","	Ambient","	1","	B01??(%RH)","	74.9","	2026-07-28 12:34:56"
"	6A0C0938","	Ambient","	1","	B01??(?)","	22.2","	2026-07-28 12:34:56"
"	6A0C0938","	Ambient","	1","	B01??(%RH)","	75.2","	2026-07-28 12:34:54"
"	6A0C0938","	Ambient","	1","	B01??(?)","	22.2","	2026-07-28 12:34:54"
"	6A0C0938","	Ambient","	1","	B01??(%RH)","	75.3","	2026-07-28 12:34:52"
"	6A0C0938","	Ambient","	1","	B01??(?)","	22.2","	2026-07-28 12:34:52"
"	6A0C0938","	Ambient","	1","	B01??(%RH)","	75.2","	2026-07-28 12:34:50"
"	6A0C0938","	Ambient","	1","	B01??(?)","	22.2","	2026-07-28 12:34:50"
"	6A0C0938","	Ambient","	1","	B01??(%RH)","	75.1","	2026-07-28 12:34:48"
"	6A0C0938","	Ambient","	1","	B01??(?)","	22.2","	2026-07-28 12:34:48"
"	6A0C0938","	Ambient","	1","	B01??(%RH)","	75","	2026-07-28 12:34:45"
"	6A0C0938","	Ambient","	1","	B01??(?)","	22.2","	2026-07-28 12:34:45"
"	6A0C0938","	Ambient","	1","	B01??(%RH)","	75","	2026-07-28 12:34:43"
"	6A0C0938","	Ambient","	1","	B01??(?)","	22.2","	2026-07-28 12:34:43"
"	6A0C0938","	Ambient","	1","	B01??(%RH)","	74.9","	2026-07-28 12:34:41"
"	6A0C0938","	Ambient","	1","	B01??(?)","	22.2","	2026-07-28 12:34:41"
"	6A0C0938","	Ambient","	1","	B01??(?)","	22.2","	2026-07-28 12:34:39"
"	6A0C0938","	Ambient","	1","	B01??(%RH)","	75","	2026-07-28 12:34:39"
"	6A0C0938","	Ambient","	1","	B01??(%RH)","	75.2","	2026-07-28 12:34:37"
"	6A0C0938","	Ambient","	1","	B01??(?)","	22.2","	2026-07-28 12:34:37"
"	6A0C0938","	Ambient","	1","	B01??(%RH)","	75.5","	2026-07-28 12:34:35"
"	6A0C0938","	Ambient","	1","	B01??(?)","	22.2","	2026-07-28 12:34:35"
"	6A0C0938","	Ambient","	1","	B01??(%RH)","	75.9","	2026-07-28 12:34:33"
"	6A0C0938","	Ambient","	1","	B01??(?)","	22.2","	2026-07-28 12:34:33"
"	6A0C0938","	Ambient","	1","	B01??(%RH)","	76.5","	2026-07-28 12:34:31"
"	6A0C0938","	Ambient","	1","	B01??(?)","	22.2","	2026-07-28 12:34:31"
"	6A0C0938","	Ambient","	1","	B01??(%RH)","	76.8","	2026-07-28 12:34:29"
"	6A0C0938","	Ambient","	1","	B01??(?)","	22.2","	2026-07-28 12:34:29"
"	6A0C0938","	Ambient","	1","	B01??(%RH)","	76.7","	2026-07-28 12:34:27"
"	6A0C0938","	Ambient","	1","	B01??(?)","	22.2","	2026-07-28 12:34:27"
"	6A0C0938","	Ambient","	1","	B01??(%RH)","	76.5","	2026-07-28 12:34:25"
"	6A0C0938","	Ambient","	1","	B01??(?)","	22.2","	2026-07-28 12:34:25"
"	6A0C0938","	Ambient","	1","	B01??(%RH)","	76.3","	2026-07-28 12:34:23"
"	6A0C0938","	Ambient","	1","	B01??(?)","	22.2","	2026-07-28 12:34:23"
"	6A0C0938","	Ambient","	1","	B01??(%RH)","	76.1","	2026-07-28 12:34:21"
"	6A0C0938","	Ambient","	1","	B01??(?)","	22.2","	2026-07-28 12:34:21"
"	6A0C0938","	Ambient","	1","	B01??(%RH)","	76","	2026-07-28 12:34:19"
"	6A0C0938","	Ambient","	1","	B01??(?)","	22.2","	2026-07-28 12:34:19"
"	6A0C0938","	Ambient","	1","	B01??(%RH)","	75.9","	2026-07-28 12:34:17"
"	6A0C0938","	Ambient","	1","	B01??(?)","	22.2","	2026-07-28 12:34:17"
"	6A0C0938","	Ambient","	1","	B01??(%RH)","	75.9","	2026-07-28 12:34:15"
"	6A0C0938","	Ambient","	1","	B01??(?)","	22.2","	2026-07-28 12:34:15"
"	6A0C0938","	Ambient","	1","	B01??(%RH)","	76","	2026-07-28 12:34:13"
"	6A0C0938","	Ambient","	1","	B01??(?)","	22.2","	2026-07-28 12:34:13"
"	6A0C0938","	Ambient","	1","	B01??(%RH)","	76.1","	2026-07-28 12:34:11"
"	6A0C0938","	Ambient","	1","	B01??(?)","	22.2","	2026-07-28 12:34:11"
"	6A0C0938","	Ambient","	1","	B01??(%RH)","	76.1","	2026-07-28 12:34:09"
"	6A0C0938","	Ambient","	1","	B01??(?)","	22.2","	2026-07-28 12:34:09"
"	6A0C0938","	Ambient","	1","	B01??(%RH)","	76","	2026-07-28 12:34:07"
"	6A0C0938","	Ambient","	1","	B01??(?)","	22.2","	2026-07-28 12:34:07"
"	6A0C0938","	Ambient","	1","	B01??(%RH)","	75.9","	2026-07-28 12:34:04"
"	6A0C0938","	Ambient","	1","	B01??(?)","	22.2","	2026-07-28 12:34:04"
"	6A0C0938","	Ambient","	1","	B01??(%RH)","	75.8","	2026-07-28 12:34:02"
"	6A0C0938","	Ambient","	1","	B01??(?)","	22.2","	2026-07-28 12:34:02"
"	6A0C0938","	Ambient","	1","	B01??(%RH)","	75.6","	2026-07-28 12:34:00"
"	6A0C0938","	Ambient","	1","	B01??(?)","	22.2","	2026-07-28 12:34:00"
"	6A0C0938","	Ambient","	1","	B01??(%RH)","	75.5","	2026-07-28 12:33:58"
"	6A0C0938","	Ambient","	1","	B01??(?)","	22.2","	2026-07-28 12:33:58"
"	6A0C0938","	Ambient","	1","	B01??(%RH)","	75.5","	2026-07-28 12:33:56"
"	6A0C0938","	Ambient","	1","	B01??(?)","	22.2","	2026-07-28 12:33:56"
"	6A0C0938","	Ambient","	1","	B01??(%RH)","	75.8","	2026-07-28 12:33:54"
"	6A0C0938","	Ambient","	1","	B01??(?)","	22.2","	2026-07-28 12:33:54"
"	6A0C0938","	Ambient","	1","	B01??(%RH)","	76.1","	2026-07-28 12:33:52"
"	6A0C0938","	Ambient","	1","	B01??(?)","	22.2","	2026-07-28 12:33:52"
"	6A0C0938","	Ambient","	1","	B01??(%RH)","	76.1","	2026-07-28 12:33:50"
"	6A0C0938","	Ambient","	1","	B01??(?)","	22.2","	2026-07-28 12:33:50"
"	6A0C0938","	Ambient","	1","	B01??(%RH)","	76.1","	2026-07-28 12:33:48"
"	6A0C0938","	Ambient","	1","	B01??(?)","	22.2","	2026-07-28 12:33:48"
"	6A0C0938","	Ambient","	1","	B01??(%RH)","	76.2","	2026-07-28 12:33:46"
"	6A0C0938","	Ambient","	1","	B01??(?)","	22.2","	2026-07-28 12:33:46"
"	6A0C0938","	Ambient","	1","	B01??(%RH)","	76.5","	2026-07-28 12:33:44"
"	6A0C0938","	Ambient","	1","	B01??(?)","	22.2","	2026-07-28 12:33:44"
"	6A0C0938","	Ambient","	1","	B01??(%RH)","	76.7","	2026-07-28 12:33:42"
"	6A0C0938","	Ambient","	1","	B01??(?)","	22.2","	2026-07-28 12:33:42"
"	6A0C0938","	Ambient","	1","	B01??(%RH)","	76.8","	2026-07-28 12:33:40"
"	6A0C0938","	Ambient","	1","	B01??(?)","	22.2","	2026-07-28 12:33:40"
"	6A0C0938","	Ambient","	1","	B01??(%RH)","	76.8","	2026-07-28 12:33:38"
"	6A0C0938","	Ambient","	1","	B01??(?)","	22.2","	2026-07-28 12:33:38"
"	6A0C0938","	Ambient","	1","	B01??(%RH)","	76.7","	2026-07-28 12:33:36"
"	6A0C0938","	Ambient","	1","	B01??(?)","	22.2","	2026-07-28 12:33:36"
"	6A0C0938","	Ambient","	1","	B01??(%RH)","	76.6","	2026-07-28 12:33:34"
"	6A0C0938","	Ambient","	1","	B01??(?)","	22.2","	2026-07-28 12:33:34"
"	6A0C0938","	Ambient","	1","	B01??(%RH)","	76.5","	2026-07-28 12:33:32"
"	6A0C0938","	Ambient","	1","	B01??(?)","	22.2","	2026-07-28 12:33:32"
"	6A0C0938","	Ambient","	1","	B01??(%RH)","	76.3","	2026-07-28 12:33:30"
"	6A0C0938","	Ambient","	1","	B01??(?)","	22.2","	2026-07-28 12:33:30"
"	6A0C0938","	Ambient","	1","	B01??(%RH)","	76.1","	2026-07-28 12:33:28"
"	6A0C0938","	Ambient","	1","	B01??(?)","	22.2","	2026-07-28 12:33:28"
"	6A0C0938","	Ambient","	1","	B01??(%RH)","	75.9","	2026-07-28 12:33:26"
"	6A0C0938","	Ambient","	1","	B01??(?)","	22.2","	2026-07-28 12:33:26"
"	6A0C0938","	Ambient","	1","	B01??(%RH)","	75.7","	2026-07-28 12:33:24"
"	6A0C0938","	Ambient","	1","	B01??(?)","	22.2","	2026-07-28 12:33:24"
"	6A0C0938","	Ambient","	1","	B01??(%RH)","	75.7","	2026-07-28 12:33:22"
"	6A0C0938","	Ambient","	1","	B01??(?)","	22.2","	2026-07-28 12:33:22"
"	6A0C0938","	Ambient","	1","	B01??(%RH)","	75.7","	2026-07-28 12:33:19"
"	6A0C0938","	Ambient","	1","	B01??(?)","	22.2","	2026-07-28 12:33:19"
"	6A0C0938","	Ambient","	1","	B01??(%RH)","	75.8","	2026-07-28 12:33:17"
"	6A0C0938","	Ambient","	1","	B01??(?)","	22.2","	2026-07-28 12:33:17"
"	6A0C0938","	Ambient","	1","	B01??(%RH)","	75.8","	2026-07-28 12:33:15"
"	6A0C0938","	Ambient","	1","	B01??(?)","	22.2","	2026-07-28 12:33:15"
"	6A0C0938","	Ambient","	1","	B01??(%RH)","	75.8","	2026-07-28 12:33:13"
"	6A0C0938","	Ambient","	1","	B01??(?)","	22.2","	2026-07-28 12:33:13"
"	6A0C0938","	Ambient","	1","	B01??(%RH)","	75.8","	2026-07-28 12:33:11"
"	6A0C0938","	Ambient","	1","	B01??(?)","	22.2","	2026-07-28 12:33:11"
"	6A0C0938","	Ambient","	1","	B01??(%RH)","	75.8","	2026-07-28 12:33:09"
"	6A0C0938","	Ambient","	1","	B01??(?)","	22.2","	2026-07-28 12:33:09"
"	6A0C0938","	Ambient","	1","	B01??(%RH)","	76","	2026-07-28 12:33:07"
"	6A0C0938","	Ambient","	1","	B01??(?)","	22.2","	2026-07-28 12:33:07"
"	6A0C0938","	Ambient","	1","	B01??(%RH)","	76.1","	2026-07-28 12:33:05"
"	6A0C0938","	Ambient","	1","	B01??(?)","	22.2","	2026-07-28 12:33:05"
"	6A0C0938","	Ambient","	1","	B01??(%RH)","	76.2","	2026-07-28 12:33:03"
"	6A0C0938","	Ambient","	1","	B01??(?)","	22.2","	2026-07-28 12:33:03"
"	6A0C0938","	Ambient","	1","	B01??(%RH)","	76.3","	2026-07-28 12:33:01"
"	6A0C0938","	Ambient","	1","	B01??(?)","	22.2","	2026-07-28 12:33:01"
"	6A0C0938","	Ambient","	1","	B01??(%RH)","	76.3","	2026-07-28 12:32:59"
"	6A0C0938","	Ambient","	1","	B01??(?)","	22.2","	2026-07-28 12:32:59"
"	6A0C0938","	Ambient","	1","	B01??(%RH)","	76.2","	2026-07-28 12:32:57"
"	6A0C0938","	Ambient","	1","	B01??(?)","	22.2","	2026-07-28 12:32:57"
"	6A0C0938","	Ambient","	1","	B01??(%RH)","	76.2","	2026-07-28 12:32:55"
"	6A0C0938","	Ambient","	1","	B01??(?)","	22.2","	2026-07-28 12:32:55"
"	6A0C0938","	Ambient","	1","	B01??(%RH)","	76.2","	2026-07-28 12:32:53"
"	6A0C0938","	Ambient","	1","	B01??(?)","	22.2","	2026-07-28 12:32:53"
"	6A0C0938","	Ambient","	1","	B01??(%RH)","	76.3","	2026-07-28 12:32:51"
"	6A0C0938","	Ambient","	1","	B01??(?)","	22.2","	2026-07-28 12:32:51"
"	6A0C0938","	Ambient","	1","	B01??(%RH)","	76.3","	2026-07-28 12:32:49"
"	6A0C0938","	Ambient","	1","	B01??(?)","	22.2","	2026-07-28 12:32:49"
"	6A0C0938","	Ambient","	1","	B01??(%RH)","	76.3","	2026-07-28 12:32:47"
"	6A0C0938","	Ambient","	1","	B01??(?)","	22.2","	2026-07-28 12:32:47"
"	6A0C0938","	Ambient","	1","	B01??(%RH)","	76.3","	2026-07-28 12:32:45"
"	6A0C0938","	Ambient","	1","	B01??(?)","	22.2","	2026-07-28 12:32:45"
"	6A0C0938","	Ambient","	1","	B01??(%RH)","	76.3","	2026-07-28 12:32:43"
"	6A0C0938","	Ambient","	1","	B01??(?)","	22.2","	2026-07-28 12:32:43"
"	6A0C0938","	Ambient","	1","	B01??(%RH)","	76","	2026-07-28 12:32:41"
"	6A0C0938","	Ambient","	1","	B01??(?)","	22.2","	2026-07-28 12:32:41"
"	6A0C0938","	Ambient","	1","	B01??(%RH)","	76","	2026-07-28 12:32:38"
"	6A0C0938","	Ambient","	1","	B01??(?)","	22.3","	2026-07-28 12:32:38"
"	6A0C0938","	Ambient","	1","	B01??(%RH)","	76","	2026-07-28 12:32:36"
"	6A0C0938","	Ambient","	1","	B01??(?)","	22.2","	2026-07-28 12:32:36"
"	6A0C0938","	Ambient","	1","	B01??(%RH)","	75.9","	2026-07-28 12:32:34"
"	6A0C0938","	Ambient","	1","	B01??(?)","	22.2","	2026-07-28 12:32:34"
"	6A0C0938","	Ambient","	1","	B01??(%RH)","	75.7","	2026-07-28 12:32:32"
"	6A0C0938","	Ambient","	1","	B01??(?)","	22.2","	2026-07-28 12:32:32"
"	6A0C0938","	Ambient","	1","	B01??(%RH)","	75.6","	2026-07-28 12:32:30"
"	6A0C0938","	Ambient","	1","	B01??(?)","	22.2","	2026-07-28 12:32:30"
"	6A0C0938","	Ambient","	1","	B01??(%RH)","	75.5","	2026-07-28 12:32:28"
"	6A0C0938","	Ambient","	1","	B01??(?)","	22.2","	2026-07-28 12:32:28"
"	6A0C0938","	Ambient","	1","	B01??(%RH)","	75.5","	2026-07-28 12:32:26"
"	6A0C0938","	Ambient","	1","	B01??(?)","	22.2","	2026-07-28 12:32:26"
"	6A0C0938","	Ambient","	1","	B01??(%RH)","	75.3","	2026-07-28 12:32:24"
"	6A0C0938","	Ambient","	1","	B01??(?)","	22.2","	2026-07-28 12:32:24"
"	6A0C0938","	Ambient","	1","	B01??(%RH)","	75.2","	2026-07-28 12:32:22"
"	6A0C0938","	Ambient","	1","	B01??(?)","	22.2","	2026-07-28 12:32:22"
"	6A0C0938","	Ambient","	1","	B01??(%RH)","	75.1","	2026-07-28 12:32:20"
"	6A0C0938","	Ambient","	1","	B01??(?)","	22.2","	2026-07-28 12:32:20"
"	6A0C0938","	Ambient","	1","	B01??(%RH)","	75.1","	2026-07-28 12:32:18"
"	6A0C0938","	Ambient","	1","	B01??(?)","	22.2","	2026-07-28 12:32:18"
"	6A0C0938","	Ambient","	1","	B01??(%RH)","	75.3","	2026-07-28 12:32:16"
"	6A0C0938","	Ambient","	1","	B01??(?)","	22.2","	2026-07-28 12:32:16"
"	6A0C0938","	Ambient","	1","	B01??(%RH)","	75.5","	2026-07-28 12:32:14"
"	6A0C0938","	Ambient","	1","	B01??(?)","	22.2","	2026-07-28 12:32:14"
"	6A0C0938","	Ambient","	1","	B01??(%RH)","	75.8","	2026-07-28 12:32:12"
"	6A0C0938","	Ambient","	1","	B01??(?)","	22.2","	2026-07-28 12:32:12"
"	6A0C0938","	Ambient","	1","	B01??(%RH)","	75.9","	2026-07-28 12:32:10"
"	6A0C0938","	Ambient","	1","	B01??(?)","	22.2","	2026-07-28 12:32:10"
"	6A0C0938","	Ambient","	1","	B01??(%RH)","	75.8","	2026-07-28 12:32:08"
"	6A0C0938","	Ambient","	1","	B01??(?)","	22.2","	2026-07-28 12:32:08"
"	6A0C0938","	Ambient","	1","	B01??(%RH)","	75.7","	2026-07-28 12:32:06"
"	6A0C0938","	Ambient","	1","	B01??(?)","	22.2","	2026-07-28 12:32:06"
"	6A0C0938","	Ambient","	1","	B01??(%RH)","	75.6","	2026-07-28 12:32:04"
"	6A0C0938","	Ambient","	1","	B01??(?)","	22.2","	2026-07-28 12:32:04"
"	6A0C0938","	Ambient","	1","	B01??(%RH)","	75.5","	2026-07-28 12:32:02"
"	6A0C0938","	Ambient","	1","	B01??(?)","	22.2","	2026-07-28 12:32:02"
"	6A0C0938","	Ambient","	1","	B01??(%RH)","	75.6","	2026-07-28 12:32:00"
"	6A0C0938","	Ambient","	1","	B01??(?)","	22.2","	2026-07-28 12:32:00"
"	6A0C0938","	Ambient","	1","	B01??(%RH)","	75.7","	2026-07-28 12:31:57"
"	6A0C0938","	Ambient","	1","	B01??(?)","	22.2","	2026-07-28 12:31:57"
"	6A0C0938","	Ambient","	1","	B01??(%RH)","	75.8","	2026-07-28 12:31:55"
"	6A0C0938","	Ambient","	1","	B01??(?)","	22.2","	2026-07-28 12:31:55"
"	6A0C0938","	Ambient","	1","	B01??(%RH)","	76","	2026-07-28 12:31:53"
"	6A0C0938","	Ambient","	1","	B01??(?)","	22.2","	2026-07-28 12:31:53"
"	6A0C0938","	Ambient","	1","	B01??(%RH)","	76.2","	2026-07-28 12:31:51"
"	6A0C0938","	Ambient","	1","	B01??(?)","	22.2","	2026-07-28 12:31:51"
"	6A0C0938","	Ambient","	1","	B01??(%RH)","	76.4","	2026-07-28 12:31:49"
"	6A0C0938","	Ambient","	1","	B01??(?)","	22.2","	2026-07-28 12:31:49"
"	6A0C0938","	Ambient","	1","	B01??(%RH)","	76.7","	2026-07-28 12:31:47"
"	6A0C0938","	Ambient","	1","	B01??(?)","	22.2","	2026-07-28 12:31:47"
"	6A0C0938","	Ambient","	1","	B01??(%RH)","	76.8","	2026-07-28 12:31:45"
"	6A0C0938","	Ambient","	1","	B01??(?)","	22.2","	2026-07-28 12:31:45"
"	6A0C0938","	Ambient","	1","	B01??(%RH)","	77","	2026-07-28 12:31:43"
"	6A0C0938","	Ambient","	1","	B01??(?)","	22.3","	2026-07-28 12:31:43"
"	6A0C0938","	Ambient","	1","	B01??(%RH)","	77.1","	2026-07-28 12:31:41"
"	6A0C0938","	Ambient","	1","	B01??(?)","	22.3","	2026-07-28 12:31:41"
"	6A0C0938","	Ambient","	1","	B01??(%RH)","	77.2","	2026-07-28 12:31:39"
"	6A0C0938","	Ambient","	1","	B01??(?)","	22.3","	2026-07-28 12:31:39"
"	6A0C0938","	Ambient","	1","	B01??(%RH)","	77.3","	2026-07-28 12:31:37"
"	6A0C0938","	Ambient","	1","	B01??(?)","	22.2","	2026-07-28 12:31:37"
"	6A0C0938","	Ambient","	1","	B01??(%RH)","	77.4","	2026-07-28 12:31:35"
"	6A0C0938","	Ambient","	1","	B01??(?)","	22.3","	2026-07-28 12:31:35"
"	6A0C0938","	Ambient","	1","	B01??(%RH)","	77.4","	2026-07-28 12:31:33"
"	6A0C0938","	Ambient","	1","	B01??(?)","	22.2","	2026-07-28 12:31:33"
"	6A0C0938","	Ambient","	1","	B01??(%RH)","	77.4","	2026-07-28 12:31:31"
"	6A0C0938","	Ambient","	1","	B01??(?)","	22.3","	2026-07-28 12:31:31"
"	6A0C0938","	Ambient","	1","	B01??(%RH)","	77.3","	2026-07-28 12:31:29"
"	6A0C0938","	Ambient","	1","	B01??(?)","	22.2","	2026-07-28 12:31:29"
"	6A0C0938","	Ambient","	1","	B01??(%RH)","	77.3","	2026-07-28 12:31:27"
"	6A0C0938","	Ambient","	1","	B01??(?)","	22.3","	2026-07-28 12:31:27"
"	6A0C0938","	Ambient","	1","	B01??(%RH)","	77.2","	2026-07-28 12:31:25"
"	6A0C0938","	Ambient","	1","	B01??(?)","	22.2","	2026-07-28 12:31:25"
"	6A0C0938","	Ambient","	1","	B01??(%RH)","	77.3","	2026-07-28 12:31:23"
"	6A0C0938","	Ambient","	1","	B01??(?)","	22.3","	2026-07-28 12:31:23"
"	6A0C0938","	Ambient","	1","	B01??(%RH)","	77.2","	2026-07-28 12:31:21"
"	6A0C0938","	Ambient","	1","	B01??(?)","	22.3","	2026-07-28 12:31:21"
"	6A0C0938","	Ambient","	1","	B01??(%RH)","	77.2","	2026-07-28 12:31:19"
"	6A0C0938","	Ambient","	1","	B01??(?)","	22.3","	2026-07-28 12:31:19"
"	6A0C0938","	Ambient","	1","	B01??(%RH)","	77.1","	2026-07-28 12:31:17"
"	6A0C0938","	Ambient","	1","	B01??(?)","	22.3","	2026-07-28 12:31:17"
"	6A0C0938","	Ambient","	1","	B01??(%RH)","	77","	2026-07-28 12:31:14"
"	6A0C0938","	Ambient","	1","	B01??(?)","	22.2","	2026-07-28 12:31:14"
"	6A0C0938","	Ambient","	1","	B01??(%RH)","	76.9","	2026-07-28 12:31:12"
"	6A0C0938","	Ambient","	1","	B01??(?)","	22.2","	2026-07-28 12:31:12"
"	6A0C0938","	Ambient","	1","	B01??(%RH)","	76.8","	2026-07-28 12:31:10"
"	6A0C0938","	Ambient","	1","	B01??(?)","	22.2","	2026-07-28 12:31:10"
"	6A0C0938","	Ambient","	1","	B01??(%RH)","	76.7","	2026-07-28 12:31:08"
"	6A0C0938","	Ambient","	1","	B01??(?)","	22.2","	2026-07-28 12:31:08"
"	6A0C0938","	Ambient","	1","	B01??(%RH)","	76.7","	2026-07-28 12:31:06"
"	6A0C0938","	Ambient","	1","	B01??(?)","	22.2","	2026-07-28 12:31:06"
"	6A0C0938","	Ambient","	1","	B01??(?)","	22.2","	2026-07-28 12:31:04"
"	6A0C0938","	Ambient","	1","	B01??(%RH)","	76.8","	2026-07-28 12:31:04"
"	6A0C0938","	Ambient","	1","	B01??(%RH)","	76.9","	2026-07-28 12:31:02"
"	6A0C0938","	Ambient","	1","	B01??(?)","	22.3","	2026-07-28 12:31:02"
"	6A0C0938","	Ambient","	1","	B01??(%RH)","	76.9","	2026-07-28 12:31:00"
"	6A0C0938","	Ambient","	1","	B01??(?)","	22.3","	2026-07-28 12:31:00"
"	6A0C0938","	Ambient","	1","	B01??(%RH)","	76.7","	2026-07-28 12:30:58"
"	6A0C0938","	Ambient","	1","	B01??(?)","	22.3","	2026-07-28 12:30:58"
"	6A0C0938","	Ambient","	1","	B01??(%RH)","	76.6","	2026-07-28 12:30:56"
"	6A0C0938","	Ambient","	1","	B01??(?)","	22.3","	2026-07-28 12:30:56"
"	6A0C0938","	Ambient","	1","	B01??(?)","	22.2","	2026-07-28 12:30:54"
"	6A0C0938","	Ambient","	1","	B01??(%RH)","	76.6","	2026-07-28 12:30:54"
"	6A0C0938","	Ambient","	1","	B01??(%RH)","	76.5","	2026-07-28 12:30:52"
"	6A0C0938","	Ambient","	1","	B01??(?)","	22.2","	2026-07-28 12:30:52"
"	6A0C0938","	Ambient","	1","	B01??(%RH)","	76.5","	2026-07-28 12:30:50"
"	6A0C0938","	Ambient","	1","	B01??(?)","	22.2","	2026-07-28 12:30:50"
"	6A0C0938","	Ambient","	1","	B01??(%RH)","	76.5","	2026-07-28 12:30:48"
"	6A0C0938","	Ambient","	1","	B01??(?)","	22.2","	2026-07-28 12:30:48"
"	6A0C0938","	Ambient","	1","	B01??(%RH)","	76.5","	2026-07-28 12:30:46"
"	6A0C0938","	Ambient","	1","	B01??(?)","	22.2","	2026-07-28 12:30:46"
"	6A0C0938","	Ambient","	1","	B01??(%RH)","	76.5","	2026-07-28 12:30:44"
"	6A0C0938","	Ambient","	1","	B01??(?)","	22.2","	2026-07-28 12:30:44"
"	6A0C0938","	Ambient","	1","	B01??(%RH)","	76.6","	2026-07-28 12:30:42"
"	6A0C0938","	Ambient","	1","	B01??(?)","	22.3","	2026-07-28 12:30:42"
"	6A0C0938","	Ambient","	1","	B01??(%RH)","	76.6","	2026-07-28 12:30:40"
"	6A0C0938","	Ambient","	1","	B01??(?)","	22.3","	2026-07-28 12:30:40"
"	6A0C0938","	Ambient","	1","	B01??(%RH)","	76.7","	2026-07-28 12:30:38"
"	6A0C0938","	Ambient","	1","	B01??(?)","	22.2","	2026-07-28 12:30:38"
"	6A0C0938","	Ambient","	1","	B01??(%RH)","	76.8","	2026-07-28 12:30:36"
"	6A0C0938","	Ambient","	1","	B01??(?)","	22.3","	2026-07-28 12:30:36"
"	6A0C0938","	Ambient","	1","	B01??(%RH)","	76.9","	2026-07-28 12:30:34"
"	6A0C0938","	Ambient","	1","	B01??(?)","	22.3","	2026-07-28 12:30:34"
"	6A0C0938","	Ambient","	1","	B01??(%RH)","	76.9","	2026-07-28 12:30:31"
"	6A0C0938","	Ambient","	1","	B01??(?)","	22.2","	2026-07-28 12:30:31"
"	6A0C0938","	Ambient","	1","	B01??(%RH)","	76.9","	2026-07-28 12:30:29"
"	6A0C0938","	Ambient","	1","	B01??(?)","	22.2","	2026-07-28 12:30:29"
"	6A0C0938","	Ambient","	1","	B01??(%RH)","	76.9","	2026-07-28 12:30:27"
"	6A0C0938","	Ambient","	1","	B01??(?)","	22.3","	2026-07-28 12:30:27"
"	6A0C0938","	Ambient","	1","	B01??(%RH)","	76.9","	2026-07-28 12:30:25"
"	6A0C0938","	Ambient","	1","	B01??(?)","	22.2","	2026-07-28 12:30:25"
"	6A0C0938","	Ambient","	1","	B01??(%RH)","	77","	2026-07-28 12:30:23"
"	6A0C0938","	Ambient","	1","	B01??(?)","	22.3","	2026-07-28 12:30:23"
"	6A0C0938","	Ambient","	1","	B01??(%RH)","	77.1","	2026-07-28 12:30:21"
"	6A0C0938","	Ambient","	1","	B01??(?)","	22.2","	2026-07-28 12:30:21"
"	6A0C0938","	Ambient","	1","	B01??(%RH)","	77.2","	2026-07-28 12:30:19"
"	6A0C0938","	Ambient","	1","	B01??(?)","	22.2","	2026-07-28 12:30:19"
"	6A0C0938","	Ambient","	1","	B01??(%RH)","	77.2","	2026-07-28 12:30:17"
"	6A0C0938","	Ambient","	1","	B01??(?)","	22.3","	2026-07-28 12:30:17"
"	6A0C0938","	Ambient","	1","	B01??(%RH)","	77.2","	2026-07-28 12:30:15"
"	6A0C0938","	Ambient","	1","	B01??(?)","	22.2","	2026-07-28 12:30:15"
"	6A0C0938","	Ambient","	1","	B01??(%RH)","	77.2","	2026-07-28 12:30:13"
"	6A0C0938","	Ambient","	1","	B01??(?)","	22.2","	2026-07-28 12:30:13"
"	6A0C0938","	Ambient","	1","	B01??(%RH)","	77.2","	2026-07-28 12:30:11"
"	6A0C0938","	Ambient","	1","	B01??(?)","	22.3","	2026-07-28 12:30:11"
"	6A0C0938","	Ambient","	1","	B01??(%RH)","	77.3","	2026-07-28 12:30:09"
"	6A0C0938","	Ambient","	1","	B01??(?)","	22.2","	2026-07-28 12:30:09"
"	6A0C0938","	Ambient","	1","	B01??(%RH)","	77.3","	2026-07-28 12:30:07"
"	6A0C0938","	Ambient","	1","	B01??(?)","	22.2","	2026-07-28 12:30:07"
"	6A0C0938","	Ambient","	1","	B01??(%RH)","	77.3","	2026-07-28 12:30:05"
"	6A0C0938","	Ambient","	1","	B01??(?)","	22.2","	2026-07-28 12:30:05"
"	6A0C0938","	Ambient","	1","	B01??(%RH)","	77.2","	2026-07-28 12:30:03"
"	6A0C0938","	Ambient","	1","	B01??(?)","	22.2","	2026-07-28 12:30:03"
"	6A0C0938","	Ambient","	1","	B01??(%RH)","	77.1","	2026-07-28 12:30:01"
"	6A0C0938","	Ambient","	1","	B01??(?)","	22.2","	2026-07-28 12:30:01"
"	6A0C0938","	Ambient","	1","	B01??(%RH)","	76.9","	2026-07-28 12:29:59"
"	6A0C0938","	Ambient","	1","	B01??(?)","	22.3","	2026-07-28 12:29:59"
"	6A0C0938","	Ambient","	1","	B01??(%RH)","	76.7","	2026-07-28 12:29:57"
"	6A0C0938","	Ambient","	1","	B01??(?)","	22.3","	2026-07-28 12:29:57"
"	6A0C0938","	Ambient","	1","	B01??(%RH)","	76.5","	2026-07-28 12:29:55"
"	6A0C0938","	Ambient","	1","	B01??(?)","	22.2","	2026-07-28 12:29:55"
"	6A0C0938","	Ambient","	1","	B01??(%RH)","	76.5","	2026-07-28 12:29:53"
"	6A0C0938","	Ambient","	1","	B01??(?)","	22.2","	2026-07-28 12:29:53"
"	6A0C0938","	Ambient","	1","	B01??(%RH)","	76.4","	2026-07-28 12:29:51"
"	6A0C0938","	Ambient","	1","	B01??(?)","	22.2","	2026-07-28 12:29:51"
"	6A0C0938","	Ambient","	1","	B01??(%RH)","	76.3","	2026-07-28 12:29:48"
"	6A0C0938","	Ambient","	1","	B01??(?)","	22.2","	2026-07-28 12:29:48"
"	6A0C0938","	Ambient","	1","	B01??(%RH)","	76.3","	2026-07-28 12:29:46"
"	6A0C0938","	Ambient","	1","	B01??(?)","	22.2","	2026-07-28 12:29:46"
"	6A0C0938","	Ambient","	1","	B01??(%RH)","	76.3","	2026-07-28 12:29:44"
"	6A0C0938","	Ambient","	1","	B01??(?)","	22.3","	2026-07-28 12:29:44"
"	6A0C0938","	Ambient","	1","	B01??(%RH)","	76.3","	2026-07-28 12:29:42"
"	6A0C0938","	Ambient","	1","	B01??(?)","	22.3","	2026-07-28 12:29:42"
"	6A0C0938","	Ambient","	1","	B01??(%RH)","	76.3","	2026-07-28 12:29:40"
"	6A0C0938","	Ambient","	1","	B01??(?)","	22.3","	2026-07-28 12:29:40"
"	6A0C0938","	Ambient","	1","	B01??(%RH)","	76.2","	2026-07-28 12:29:38"
"	6A0C0938","	Ambient","	1","	B01??(?)","	22.2","	2026-07-28 12:29:38"
"	6A0C0938","	Ambient","	1","	B01??(%RH)","	76.1","	2026-07-28 12:29:36"
"	6A0C0938","	Ambient","	1","	B01??(?)","	22.3","	2026-07-28 12:29:36"
"	6A0C0938","	Ambient","	1","	B01??(%RH)","	76.1","	2026-07-28 12:29:34"
"	6A0C0938","	Ambient","	1","	B01??(?)","	22.3","	2026-07-28 12:29:34"
"	6A0C0938","	Ambient","	1","	B01??(%RH)","	76.1","	2026-07-28 12:29:32"
"	6A0C0938","	Ambient","	1","	B01??(?)","	22.2","	2026-07-28 12:29:32"
"	6A0C0938","	Ambient","	1","	B01??(%RH)","	76.3","	2026-07-28 12:29:30"
"	6A0C0938","	Ambient","	1","	B01??(?)","	22.2","	2026-07-28 12:29:30"
"	6A0C0938","	Ambient","	1","	B01??(%RH)","	76.7","	2026-07-28 12:29:28"
"	6A0C0938","	Ambient","	1","	B01??(?)","	22.2","	2026-07-28 12:29:28"
"	6A0C0938","	Ambient","	1","	B01??(%RH)","	77","	2026-07-28 12:29:26"
"	6A0C0938","	Ambient","	1","	B01??(?)","	22.2","	2026-07-28 12:29:26"
"	6A0C0938","	Ambient","	1","	B01??(%RH)","	77.1","	2026-07-28 12:29:24"
"	6A0C0938","	Ambient","	1","	B01??(?)","	22.2","	2026-07-28 12:29:24"
"	6A0C0938","	Ambient","	1","	B01??(%RH)","	77.1","	2026-07-28 12:29:22"
"	6A0C0938","	Ambient","	1","	B01??(?)","	22.2","	2026-07-28 12:29:22"
"	6A0C0938","	Ambient","	1","	B01??(%RH)","	77","	2026-07-28 12:29:20"
"	6A0C0938","	Ambient","	1","	B01??(?)","	22.3","	2026-07-28 12:29:20"
"	6A0C0938","	Ambient","	1","	B01??(%RH)","	77","	2026-07-28 12:29:18"
"	6A0C0938","	Ambient","	1","	B01??(?)","	22.3","	2026-07-28 12:29:18"
"	6A0C0938","	Ambient","	1","	B01??(%RH)","	77","	2026-07-28 12:29:16"
"	6A0C0938","	Ambient","	1","	B01??(?)","	22.2","	2026-07-28 12:29:16"
"	6A0C0938","	Ambient","	1","	B01??(%RH)","	77","	2026-07-28 12:29:14"
"	6A0C0938","	Ambient","	1","	B01??(?)","	22.2","	2026-07-28 12:29:14"
"	6A0C0938","	Ambient","	1","	B01??(%RH)","	76.9","	2026-07-28 12:29:12"
"	6A0C0938","	Ambient","	1","	B01??(?)","	22.3","	2026-07-28 12:29:12"
"	6A0C0938","	Ambient","	1","	B01??(%RH)","	76.7","	2026-07-28 12:29:10"
"	6A0C0938","	Ambient","	1","	B01??(?)","	22.3","	2026-07-28 12:29:10"
"	6A0C0938","	Ambient","	1","	B01??(%RH)","	76.5","	2026-07-28 12:29:08"
"	6A0C0938","	Ambient","	1","	B01??(?)","	22.2","	2026-07-28 12:29:08"
"	6A0C0938","	Ambient","	1","	B01??(%RH)","	76.4","	2026-07-28 12:29:05"
"	6A0C0938","	Ambient","	1","	B01??(?)","	22.3","	2026-07-28 12:29:05"
"	6A0C0938","	Ambient","	1","	B01??(%RH)","	76.4","	2026-07-28 12:29:03"
"	6A0C0938","	Ambient","	1","	B01??(?)","	22.2","	2026-07-28 12:29:03"
"	6A0C0938","	Ambient","	1","	B01??(%RH)","	76.4","	2026-07-28 12:29:01"
"	6A0C0938","	Ambient","	1","	B01??(?)","	22.2","	2026-07-28 12:29:01"
"	6A0C0938","	Ambient","	1","	B01??(%RH)","	76.4","	2026-07-28 12:28:59"
"	6A0C0938","	Ambient","	1","	B01??(?)","	22.2","	2026-07-28 12:28:59"
"	6A0C0938","	Ambient","	1","	B01??(?)","	22.3","	2026-07-28 12:28:57"
"	6A0C0938","	Ambient","	1","	B01??(%RH)","	76.4","	2026-07-28 12:28:57"
"	6A0C0938","	Ambient","	1","	B01??(%RH)","	76.4","	2026-07-28 12:28:55"
"	6A0C0938","	Ambient","	1","	B01??(?)","	22.2","	2026-07-28 12:28:55"
"	6A0C0938","	Ambient","	1","	B01??(%RH)","	76.5","	2026-07-28 12:28:53"
"	6A0C0938","	Ambient","	1","	B01??(?)","	22.3","	2026-07-28 12:28:53"
"	6A0C0938","	Ambient","	1","	B01??(%RH)","	76.7","	2026-07-28 12:28:51"
"	6A0C0938","	Ambient","	1","	B01??(?)","	22.3","	2026-07-28 12:28:51"
"	6A0C0938","	Ambient","	1","	B01??(%RH)","	77.1","	2026-07-28 12:28:49"
"	6A0C0938","	Ambient","	1","	B01??(?)","	22.2","	2026-07-28 12:28:49"
"	6A0C0938","	Ambient","	1","	B01??(%RH)","	77.3","	2026-07-28 12:28:47"
"	6A0C0938","	Ambient","	1","	B01??(?)","	22.2","	2026-07-28 12:28:47"
"	6A0C0938","	Ambient","	1","	B01??(%RH)","	77.3","	2026-07-28 12:28:45"
"	6A0C0938","	Ambient","	1","	B01??(?)","	22.3","	2026-07-28 12:28:45"
"	6A0C0938","	Ambient","	1","	B01??(%RH)","	77.3","	2026-07-28 12:28:43"
"	6A0C0938","	Ambient","	1","	B01??(?)","	22.2","	2026-07-28 12:28:43"
"	6A0C0938","	Ambient","	1","	B01??(%RH)","	77.2","	2026-07-28 12:28:41"
"	6A0C0938","	Ambient","	1","	B01??(?)","	22.2","	2026-07-28 12:28:41"
"	6A0C0938","	Ambient","	1","	B01??(%RH)","	77.2","	2026-07-28 12:28:39"
"	6A0C0938","	Ambient","	1","	B01??(?)","	22.2","	2026-07-28 12:28:39"
"	6A0C0938","	Ambient","	1","	B01??(%RH)","	77.2","	2026-07-28 12:28:37"
"	6A0C0938","	Ambient","	1","	B01??(?)","	22.3","	2026-07-28 12:28:37"
"	6A0C0938","	Ambient","	1","	B01??(%RH)","	77.2","	2026-07-28 12:28:35"
"	6A0C0938","	Ambient","	1","	B01??(?)","	22.3","	2026-07-28 12:28:35"
"	6A0C0938","	Ambient","	1","	B01??(%RH)","	77.2","	2026-07-28 12:28:33"
"	6A0C0938","	Ambient","	1","	B01??(?)","	22.2","	2026-07-28 12:28:33"
"	6A0C0938","	Ambient","	1","	B01??(%RH)","	77.2","	2026-07-28 12:28:31"
"	6A0C0938","	Ambient","	1","	B01??(?)","	22.2","	2026-07-28 12:28:31"
"	6A0C0938","	Ambient","	1","	B01??(%RH)","	77.3","	2026-07-28 12:28:29"
"	6A0C0938","	Ambient","	1","	B01??(?)","	22.2","	2026-07-28 12:28:29"
"	6A0C0938","	Ambient","	1","	B01??(%RH)","	77.3","	2026-07-28 12:28:27"
"	6A0C0938","	Ambient","	1","	B01??(?)","	22.2","	2026-07-28 12:28:27"
"	6A0C0938","	Ambient","	1","	B01??(%RH)","	77.4","	2026-07-28 12:28:25"
"	6A0C0938","	Ambient","	1","	B01??(?)","	22.2","	2026-07-28 12:28:25"
"	6A0C0938","	Ambient","	1","	B01??(%RH)","	77.4","	2026-07-28 12:28:22"
"	6A0C0938","	Ambient","	1","	B01??(?)","	22.3","	2026-07-28 12:28:22"
"	6A0C0938","	Ambient","	1","	B01??(%RH)","	77.5","	2026-07-28 12:28:20"
"	6A0C0938","	Ambient","	1","	B01??(?)","	22.3","	2026-07-28 12:28:20"
"	6A0C0938","	Ambient","	1","	B01??(%RH)","	77.5","	2026-07-28 12:28:18"
"	6A0C0938","	Ambient","	1","	B01??(?)","	22.2","	2026-07-28 12:28:18"
"	6A0C0938","	Ambient","	1","	B01??(%RH)","	77.6","	2026-07-28 12:28:16"
"	6A0C0938","	Ambient","	1","	B01??(?)","	22.3","	2026-07-28 12:28:16"
"	6A0C0938","	Ambient","	1","	B01??(%RH)","	77.4","	2026-07-28 12:28:14"
"	6A0C0938","	Ambient","	1","	B01??(?)","	22.2","	2026-07-28 12:28:14"
"	6A0C0938","	Ambient","	1","	B01??(%RH)","	77.1","	2026-07-28 12:28:12"
"	6A0C0938","	Ambient","	1","	B01??(?)","	22.2","	2026-07-28 12:28:12"
"	6A0C0938","	Ambient","	1","	B01??(%RH)","	76.7","	2026-07-28 12:28:10"
"	6A0C0938","	Ambient","	1","	B01??(?)","	22.3","	2026-07-28 12:28:10"
"	6A0C0938","	Ambient","	1","	B01??(%RH)","	76.8","	2026-07-28 12:28:08"
"	6A0C0938","	Ambient","	1","	B01??(?)","	22.2","	2026-07-28 12:28:08"
"	6A0C0938","	Ambient","	1","	B01??(%RH)","	77.1","	2026-07-28 12:28:06"
"	6A0C0938","	Ambient","	1","	B01??(?)","	22.2","	2026-07-28 12:28:06"
"	6A0C0938","	Ambient","	1","	B01??(%RH)","	77.3","	2026-07-28 12:28:04"
"	6A0C0938","	Ambient","	1","	B01??(?)","	22.2","	2026-07-28 12:28:04"
"	6A0C0938","	Ambient","	1","	B01??(%RH)","	77.3","	2026-07-28 12:28:02"
"	6A0C0938","	Ambient","	1","	B01??(?)","	22.2","	2026-07-28 12:28:02"
"	6A0C0938","	Ambient","	1","	B01??(%RH)","	77.2","	2026-07-28 12:28:00"
"	6A0C0938","	Ambient","	1","	B01??(?)","	22.3","	2026-07-28 12:28:00"
"	6A0C0938","	Ambient","	1","	B01??(%RH)","	77.1","	2026-07-28 12:27:58"
"	6A0C0938","	Ambient","	1","	B01??(?)","	22.3","	2026-07-28 12:27:58"
"	6A0C0938","	Ambient","	1","	B01??(%RH)","	77","	2026-07-28 12:27:56"
"	6A0C0938","	Ambient","	1","	B01??(?)","	22.3","	2026-07-28 12:27:56"
"	6A0C0938","	Ambient","	1","	B01??(%RH)","	77","	2026-07-28 12:27:54"
"	6A0C0938","	Ambient","	1","	B01??(?)","	22.2","	2026-07-28 12:27:54"
"	6A0C0938","	Ambient","	1","	B01??(%RH)","	77.1","	2026-07-28 12:27:52"
"	6A0C0938","	Ambient","	1","	B01??(?)","	22.2","	2026-07-28 12:27:52"
"	6A0C0938","	Ambient","	1","	B01??(%RH)","	77.2","	2026-07-28 12:27:50"
"	6A0C0938","	Ambient","	1","	B01??(?)","	22.3","	2026-07-28 12:27:50"
"	6A0C0938","	Ambient","	1","	B01??(%RH)","	77.2","	2026-07-28 12:27:48"
"	6A0C0938","	Ambient","	1","	B01??(?)","	22.2","	2026-07-28 12:27:48"
"	6A0C0938","	Ambient","	1","	B01??(%RH)","	77.2","	2026-07-28 12:27:46"
"	6A0C0938","	Ambient","	1","	B01??(?)","	22.2","	2026-07-28 12:27:46"
"	6A0C0938","	Ambient","	1","	B01??(%RH)","	77.1","	2026-07-28 12:27:44"
"	6A0C0938","	Ambient","	1","	B01??(?)","	22.2","	2026-07-28 12:27:44"
"	6A0C0938","	Ambient","	1","	B01??(%RH)","	76.9","	2026-07-28 12:27:42"
"	6A0C0938","	Ambient","	1","	B01??(?)","	22.3","	2026-07-28 12:27:42"
"	6A0C0938","	Ambient","	1","	B01??(%RH)","	76.8","	2026-07-28 12:27:39"
"	6A0C0938","	Ambient","	1","	B01??(?)","	22.3","	2026-07-28 12:27:39"
"	6A0C0938","	Ambient","	1","	B01??(%RH)","	76.5","	2026-07-28 12:27:37"
"	6A0C0938","	Ambient","	1","	B01??(?)","	22.2","	2026-07-28 12:27:37"
"	6A0C0938","	Ambient","	1","	B01??(%RH)","	76.2","	2026-07-28 12:27:35"
"	6A0C0938","	Ambient","	1","	B01??(?)","	22.2","	2026-07-28 12:27:35"
"	6A0C0938","	Ambient","	1","	B01??(%RH)","	75.9","	2026-07-28 12:27:33"
"	6A0C0938","	Ambient","	1","	B01??(?)","	22.3","	2026-07-28 12:27:33"
"	6A0C0938","	Ambient","	1","	B01??(%RH)","	75.5","	2026-07-28 12:27:31"
"	6A0C0938","	Ambient","	1","	B01??(?)","	22.2","	2026-07-28 12:27:31"
"	6A0C0938","	Ambient","	1","	B01??(%RH)","	75.4","	2026-07-28 12:27:29"
"	6A0C0938","	Ambient","	1","	B01??(?)","	22.2","	2026-07-28 12:27:29"
"	6A0C0938","	Ambient","	1","	B01??(%RH)","	75.3","	2026-07-28 12:27:27"
"	6A0C0938","	Ambient","	1","	B01??(?)","	22.3","	2026-07-28 12:27:27"
"	6A0C0938","	Ambient","	1","	B01??(%RH)","	75.3","	2026-07-28 12:27:25"
"	6A0C0938","	Ambient","	1","	B01??(?)","	22.2","	2026-07-28 12:27:25"
"	6A0C0938","	Ambient","	1","	B01??(%RH)","	75.2","	2026-07-28 12:27:23"
"	6A0C0938","	Ambient","	1","	B01??(?)","	22.2","	2026-07-28 12:27:23"
"	6A0C0938","	Ambient","	1","	B01??(%RH)","	75.4","	2026-07-28 12:27:21"
"	6A0C0938","	Ambient","	1","	B01??(?)","	22.3","	2026-07-28 12:27:21"
"	6A0C0938","	Ambient","	1","	B01??(%RH)","	75.7","	2026-07-28 12:27:19"
"	6A0C0938","	Ambient","	1","	B01??(?)","	22.3","	2026-07-28 12:27:19"
"	6A0C0938","	Ambient","	1","	B01??(%RH)","	75.9","	2026-07-28 12:27:17"
"	6A0C0938","	Ambient","	1","	B01??(?)","	22.3","	2026-07-28 12:27:17"
"	6A0C0938","	Ambient","	1","	B01??(%RH)","	76.1","	2026-07-28 12:27:15"
"	6A0C0938","	Ambient","	1","	B01??(?)","	22.3","	2026-07-28 12:27:15"
"	6A0C0938","	Ambient","	1","	B01??(%RH)","	76.3","	2026-07-28 12:27:13"
"	6A0C0938","	Ambient","	1","	B01??(?)","	22.3","	2026-07-28 12:27:13"
"	6A0C0938","	Ambient","	1","	B01??(%RH)","	76.5","	2026-07-28 12:27:11"
"	6A0C0938","	Ambient","	1","	B01??(?)","	22.3","	2026-07-28 12:27:11"
"	6A0C0938","	Ambient","	1","	B01??(%RH)","	76.7","	2026-07-28 12:27:09"
"	6A0C0938","	Ambient","	1","	B01??(?)","	22.3","	2026-07-28 12:27:09"
"	6A0C0938","	Ambient","	1","	B01??(%RH)","	76.9","	2026-07-28 12:27:07"
"	6A0C0938","	Ambient","	1","	B01??(?)","	22.3","	2026-07-28 12:27:07"
"	6A0C0938","	Ambient","	1","	B01??(%RH)","	77","	2026-07-28 12:27:05"
"	6A0C0938","	Ambient","	1","	B01??(?)","	22.3","	2026-07-28 12:27:05"
"	6A0C0938","	Ambient","	1","	B01??(%RH)","	77.2","	2026-07-28 12:27:03"
"	6A0C0938","	Ambient","	1","	B01??(?)","	22.3","	2026-07-28 12:27:03"
"	6A0C0938","	Ambient","	1","	B01??(%RH)","	77.4","	2026-07-28 12:27:01"
"	6A0C0938","	Ambient","	1","	B01??(?)","	22.3","	2026-07-28 12:27:01"
"	6A0C0938","	Ambient","	1","	B01??(%RH)","	77.5","	2026-07-28 12:26:59"
"	6A0C0938","	Ambient","	1","	B01??(?)","	22.3","	2026-07-28 12:26:59"
"	6A0C0938","	Ambient","	1","	B01??(%RH)","	77.6","	2026-07-28 12:26:56"
"	6A0C0938","	Ambient","	1","	B01??(?)","	22.3","	2026-07-28 12:26:56"
"	6A0C0938","	Ambient","	1","	B01??(%RH)","	77.7","	2026-07-28 12:26:54"
"	6A0C0938","	Ambient","	1","	B01??(?)","	22.3","	2026-07-28 12:26:54"
"	6A0C0938","	Ambient","	1","	B01??(%RH)","	77.8","	2026-07-28 12:26:52"
"	6A0C0938","	Ambient","	1","	B01??(?)","	22.3","	2026-07-28 12:26:52"
"	6A0C0938","	Ambient","	1","	B01??(%RH)","	77.8","	2026-07-28 12:26:50"
"	6A0C0938","	Ambient","	1","	B01??(?)","	22.3","	2026-07-28 12:26:50"
"	6A0C0938","	Ambient","	1","	B01??(%RH)","	77.7","	2026-07-28 12:26:48"
"	6A0C0938","	Ambient","	1","	B01??(?)","	22.3","	2026-07-28 12:26:48"
"	6A0C0938","	Ambient","	1","	B01??(%RH)","	77.5","	2026-07-28 12:26:46"
"	6A0C0938","	Ambient","	1","	B01??(?)","	22.3","	2026-07-28 12:26:46"
"	6A0C0938","	Ambient","	1","	B01??(%RH)","	77.1","	2026-07-28 12:26:44"
"	6A0C0938","	Ambient","	1","	B01??(?)","	22.3","	2026-07-28 12:26:44"
"	6A0C0938","	Ambient","	1","	B01??(%RH)","	76.9","	2026-07-28 12:26:42"
"	6A0C0938","	Ambient","	1","	B01??(?)","	22.3","	2026-07-28 12:26:42"
"	6A0C0938","	Ambient","	1","	B01??(%RH)","	76.9","	2026-07-28 12:26:40"
"	6A0C0938","	Ambient","	1","	B01??(?)","	22.3","	2026-07-28 12:26:40"
"	6A0C0938","	Ambient","	1","	B01??(%RH)","	76.9","	2026-07-28 12:26:38"
"	6A0C0938","	Ambient","	1","	B01??(?)","	22.3","	2026-07-28 12:26:38"
"	6A0C0938","	Ambient","	1","	B01??(%RH)","	76.9","	2026-07-28 12:26:36"
"	6A0C0938","	Ambient","	1","	B01??(?)","	22.3","	2026-07-28 12:26:36"
"	6A0C0938","	Ambient","	1","	B01??(%RH)","	76.8","	2026-07-28 12:26:34"
"	6A0C0938","	Ambient","	1","	B01??(?)","	22.3","	2026-07-28 12:26:34"
"	6A0C0938","	Ambient","	1","	B01??(%RH)","	76.6","	2026-07-28 12:26:32"
"	6A0C0938","	Ambient","	1","	B01??(?)","	22.3","	2026-07-28 12:26:32"
"	6A0C0938","	Ambient","	1","	B01??(%RH)","	76.3","	2026-07-28 12:26:30"
"	6A0C0938","	Ambient","	1","	B01??(?)","	22.3","	2026-07-28 12:26:30"
"	6A0C0938","	Ambient","	1","	B01??(%RH)","	76.2","	2026-07-28 12:26:28"
"	6A0C0938","	Ambient","	1","	B01??(?)","	22.3","	2026-07-28 12:26:28"
"	6A0C0938","	Ambient","	1","	B01??(%RH)","	76.2","	2026-07-28 12:26:26"
"	6A0C0938","	Ambient","	1","	B01??(?)","	22.3","	2026-07-28 12:26:26"
"	6A0C0938","	Ambient","	1","	B01??(%RH)","	76.2","	2026-07-28 12:26:24"
"	6A0C0938","	Ambient","	1","	B01??(?)","	22.3","	2026-07-28 12:26:24"
"	6A0C0938","	Ambient","	1","	B01??(%RH)","	76.3","	2026-07-28 12:26:22"
"	6A0C0938","	Ambient","	1","	B01??(?)","	22.3","	2026-07-28 12:26:22"
"	6A0C0938","	Ambient","	1","	B01??(%RH)","	76.3","	2026-07-28 12:26:20"
"	6A0C0938","	Ambient","	1","	B01??(?)","	22.3","	2026-07-28 12:26:20"
"	6A0C0938","	Ambient","	1","	B01??(%RH)","	76.5","	2026-07-28 12:26:18"
"	6A0C0938","	Ambient","	1","	B01??(?)","	22.3","	2026-07-28 12:26:18"
"	6A0C0938","	Ambient","	1","	B01??(%RH)","	76.7","	2026-07-28 12:26:16"
"	6A0C0938","	Ambient","	1","	B01??(?)","	22.4","	2026-07-28 12:26:16"
"	6A0C0938","	Ambient","	1","	B01??(%RH)","	76.9","	2026-07-28 12:26:13"
"	6A0C0938","	Ambient","	1","	B01??(?)","	22.4","	2026-07-28 12:26:13"
"	6A0C0938","	Ambient","	1","	B01??(%RH)","	77","	2026-07-28 12:26:11"
"	6A0C0938","	Ambient","	1","	B01??(?)","	22.3","	2026-07-28 12:26:11"
"	6A0C0938","	Ambient","	1","	B01??(%RH)","	77","	2026-07-28 12:26:09"
"	6A0C0938","	Ambient","	1","	B01??(?)","	22.4","	2026-07-28 12:26:09"
"	6A0C0938","	Ambient","	1","	B01??(%RH)","	76.9","	2026-07-28 12:26:07"
"	6A0C0938","	Ambient","	1","	B01??(?)","	22.4","	2026-07-28 12:26:07"
"	6A0C0938","	Ambient","	1","	B01??(%RH)","	76.7","	2026-07-28 12:26:05"
"	6A0C0938","	Ambient","	1","	B01??(?)","	22.4","	2026-07-28 12:26:05"
"	6A0C0938","	Ambient","	1","	B01??(%RH)","	76.5","	2026-07-28 12:26:03"
"	6A0C0938","	Ambient","	1","	B01??(?)","	22.4","	2026-07-28 12:26:03"
"	6A0C0938","	Ambient","	1","	B01??(%RH)","	76.3","	2026-07-28 12:26:01"
"	6A0C0938","	Ambient","	1","	B01??(?)","	22.4","	2026-07-28 12:26:01"
"	6A0C0938","	Ambient","	1","	B01??(%RH)","	76.1","	2026-07-28 12:25:59"
"	6A0C0938","	Ambient","	1","	B01??(?)","	22.4","	2026-07-28 12:25:59"
"	6A0C0938","	Ambient","	1","	B01??(%RH)","	75.8","	2026-07-28 12:25:57"
"	6A0C0938","	Ambient","	1","	B01??(?)","	22.4","	2026-07-28 12:25:57"
"	6A0C0938","	Ambient","	1","	B01??(%RH)","	75.4","	2026-07-28 12:25:55"
"	6A0C0938","	Ambient","	1","	B01??(?)","	22.4","	2026-07-28 12:25:55"
"	6A0C0938","	Ambient","	1","	B01??(%RH)","	75.1","	2026-07-28 12:25:53"
"	6A0C0938","	Ambient","	1","	B01??(?)","	22.4","	2026-07-28 12:25:53"
"	6A0C0938","	Ambient","	1","	B01??(%RH)","	75","	2026-07-28 12:25:51"
"	6A0C0938","	Ambient","	1","	B01??(?)","	22.4","	2026-07-28 12:25:51"
"	6A0C0938","	Ambient","	1","	B01??(%RH)","	74.9","	2026-07-28 12:25:49"
"	6A0C0938","	Ambient","	1","	B01??(?)","	22.4","	2026-07-28 12:25:49"
"	6A0C0938","	Ambient","	1","	B01??(%RH)","	75","	2026-07-28 12:25:47"
"	6A0C0938","	Ambient","	1","	B01??(?)","	22.4","	2026-07-28 12:25:47"
"	6A0C0938","	Ambient","	1","	B01??(%RH)","	75.1","	2026-07-28 12:25:45"
"	6A0C0938","	Ambient","	1","	B01??(?)","	22.4","	2026-07-28 12:25:45"
"	6A0C0938","	Ambient","	1","	B01??(%RH)","	75.3","	2026-07-28 12:25:43"
"	6A0C0938","	Ambient","	1","	B01??(?)","	22.4","	2026-07-28 12:25:43"
"	6A0C0938","	Ambient","	1","	B01??(%RH)","	75.4","	2026-07-28 12:25:41"
"	6A0C0938","	Ambient","	1","	B01??(?)","	22.4","	2026-07-28 12:25:41"
"	6A0C0938","	Ambient","	1","	B01??(%RH)","	75.4","	2026-07-28 12:25:39"
"	6A0C0938","	Ambient","	1","	B01??(?)","	22.4","	2026-07-28 12:25:39"
"	6A0C0938","	Ambient","	1","	B01??(%RH)","	75.4","	2026-07-28 12:25:37"
"	6A0C0938","	Ambient","	1","	B01??(?)","	22.4","	2026-07-28 12:25:37"
"	6A0C0938","	Ambient","	1","	B01??(%RH)","	75.5","	2026-07-28 12:25:35"
"	6A0C0938","	Ambient","	1","	B01??(?)","	22.4","	2026-07-28 12:25:35"
"	6A0C0938","	Ambient","	1","	B01??(%RH)","	75.4","	2026-07-28 12:25:33"
"	6A0C0938","	Ambient","	1","	B01??(?)","	22.4","	2026-07-28 12:25:32"
"	6A0C0938","	Ambient","	1","	B01??(%RH)","	75.3","	2026-07-28 12:25:30"
"	6A0C0938","	Ambient","	1","	B01??(?)","	22.4","	2026-07-28 12:25:30"
"	6A0C0938","	Ambient","	1","	B01??(%RH)","	75.2","	2026-07-28 12:25:28"
"	6A0C0938","	Ambient","	1","	B01??(?)","	22.4","	2026-07-28 12:25:28"
"	6A0C0938","	Ambient","	1","	B01??(%RH)","	75.1","	2026-07-28 12:25:26"
"	6A0C0938","	Ambient","	1","	B01??(?)","	22.4","	2026-07-28 12:25:26"
"	6A0C0938","	Ambient","	1","	B01??(%RH)","	75.2","	2026-07-28 12:25:24"
"	6A0C0938","	Ambient","	1","	B01??(?)","	22.4","	2026-07-28 12:25:24"
"	6A0C0938","	Ambient","	1","	B01??(%RH)","	75.5","	2026-07-28 12:25:22"
"	6A0C0938","	Ambient","	1","	B01??(?)","	22.4","	2026-07-28 12:25:22"
"	6A0C0938","	Ambient","	1","	B01??(%RH)","	75.7","	2026-07-28 12:25:20"
"	6A0C0938","	Ambient","	1","	B01??(?)","	22.4","	2026-07-28 12:25:20"
"	6A0C0938","	Ambient","	1","	B01??(%RH)","	75.8","	2026-07-28 12:25:18"
"	6A0C0938","	Ambient","	1","	B01??(?)","	22.4","	2026-07-28 12:25:18"
"	6A0C0938","	Ambient","	1","	B01??(%RH)","	75.9","	2026-07-28 12:25:16"
"	6A0C0938","	Ambient","	1","	B01??(?)","	22.4","	2026-07-28 12:25:16"
"	6A0C0938","	Ambient","	1","	B01??(%RH)","	75.8","	2026-07-28 12:25:14"
"	6A0C0938","	Ambient","	1","	B01??(?)","	22.5","	2026-07-28 12:25:14"
"	6A0C0938","	Ambient","	1","	B01??(%RH)","	75.8","	2026-07-28 12:25:12"
"	6A0C0938","	Ambient","	1","	B01??(?)","	22.5","	2026-07-28 12:25:12"
"	6A0C0938","	Ambient","	1","	B01??(%RH)","	75.9","	2026-07-28 12:25:10"
"	6A0C0938","	Ambient","	1","	B01??(?)","	22.5","	2026-07-28 12:25:10"
"	6A0C0938","	Ambient","	1","	B01??(%RH)","	76","	2026-07-28 12:25:08"
"	6A0C0938","	Ambient","	1","	B01??(?)","	22.5","	2026-07-28 12:25:08"
"	6A0C0938","	Ambient","	1","	B01??(%RH)","	76.1","	2026-07-28 12:25:06"
"	6A0C0938","	Ambient","	1","	B01??(?)","	22.5","	2026-07-28 12:25:06"
"	6A0C0938","	Ambient","	1","	B01??(%RH)","	76.1","	2026-07-28 12:25:04"
"	6A0C0938","	Ambient","	1","	B01??(?)","	22.5","	2026-07-28 12:25:04"
"	6A0C0938","	Ambient","	1","	B01??(%RH)","	76","	2026-07-28 12:25:02"
"	6A0C0938","	Ambient","	1","	B01??(?)","	22.5","	2026-07-28 12:25:02"
"	6A0C0938","	Ambient","	1","	B01??(%RH)","	76","	2026-07-28 12:25:00"
"	6A0C0938","	Ambient","	1","	B01??(?)","	22.5","	2026-07-28 12:25:00"
"	6A0C0938","	Ambient","	1","	B01??(%RH)","	75.9","	2026-07-28 12:24:58"
"	6A0C0938","	Ambient","	1","	B01??(?)","	22.5","	2026-07-28 12:24:58"
"	6A0C0938","	Ambient","	1","	B01??(%RH)","	75.8","	2026-07-28 12:24:56"
"	6A0C0938","	Ambient","	1","	B01??(?)","	22.5","	2026-07-28 12:24:56"
"	6A0C0938","	Ambient","	1","	B01??(%RH)","	75.7","	2026-07-28 12:24:54"
"	6A0C0938","	Ambient","	1","	B01??(?)","	22.5","	2026-07-28 12:24:54"
"	6A0C0938","	Ambient","	1","	B01??(%RH)","	75.6","	2026-07-28 12:24:52"
"	6A0C0938","	Ambient","	1","	B01??(?)","	22.5","	2026-07-28 12:24:52"
"	6A0C0938","	Ambient","	1","	B01??(%RH)","	75.5","	2026-07-28 12:24:49"
"	6A0C0938","	Ambient","	1","	B01??(?)","	22.5","	2026-07-28 12:24:49"
"	6A0C0938","	Ambient","	1","	B01??(%RH)","	75.5","	2026-07-28 12:24:47"
"	6A0C0938","	Ambient","	1","	B01??(?)","	22.5","	2026-07-28 12:24:47"
"	6A0C0938","	Ambient","	1","	B01??(%RH)","	75.4","	2026-07-28 12:24:45"
"	6A0C0938","	Ambient","	1","	B01??(?)","	22.5","	2026-07-28 12:24:45"
"	6A0C0938","	Ambient","	1","	B01??(%RH)","	75.5","	2026-07-28 12:24:43"
"	6A0C0938","	Ambient","	1","	B01??(?)","	22.5","	2026-07-28 12:24:43"
"	6A0C0938","	Ambient","	1","	B01??(%RH)","	75.8","	2026-07-28 12:24:41"
"	6A0C0938","	Ambient","	1","	B01??(?)","	22.5","	2026-07-28 12:24:41"
"	6A0C0938","	Ambient","	1","	B01??(%RH)","	76","	2026-07-28 12:24:39"
"	6A0C0938","	Ambient","	1","	B01??(?)","	22.5","	2026-07-28 12:24:39"
"	6A0C0938","	Ambient","	1","	B01??(%RH)","	76","	2026-07-28 12:24:37"
"	6A0C0938","	Ambient","	1","	B01??(?)","	22.5","	2026-07-28 12:24:37"
"	6A0C0938","	Ambient","	1","	B01??(%RH)","	76","	2026-07-28 12:24:35"
"	6A0C0938","	Ambient","	1","	B01??(?)","	22.5","	2026-07-28 12:24:35"
"	6A0C0938","	Ambient","	1","	B01??(%RH)","	76","	2026-07-28 12:24:33"
"	6A0C0938","	Ambient","	1","	B01??(?)","	22.5","	2026-07-28 12:24:33"
"	6A0C0938","	Ambient","	1","	B01??(%RH)","	75.8","	2026-07-28 12:24:31"
"	6A0C0938","	Ambient","	1","	B01??(?)","	22.5","	2026-07-28 12:24:31"
"	6A0C0938","	Ambient","	1","	B01??(%RH)","	75.6","	2026-07-28 12:24:29"
"	6A0C0938","	Ambient","	1","	B01??(?)","	22.6","	2026-07-28 12:24:29"
"	6A0C0938","	Ambient","	1","	B01??(%RH)","	75.3","	2026-07-28 12:24:27"
"	6A0C0938","	Ambient","	1","	B01??(?)","	22.6","	2026-07-28 12:24:27"
"	6A0C0938","	Ambient","	1","	B01??(%RH)","	75.2","	2026-07-28 12:24:25"
"	6A0C0938","	Ambient","	1","	B01??(?)","	22.6","	2026-07-28 12:24:25"
"	6A0C0938","	Ambient","	1","	B01??(%RH)","	75.1","	2026-07-28 12:24:23"
"	6A0C0938","	Ambient","	1","	B01??(?)","	22.6","	2026-07-28 12:24:23"
"	6A0C0938","	Ambient","	1","	B01??(%RH)","	74.9","	2026-07-28 12:24:21"
"	6A0C0938","	Ambient","	1","	B01??(?)","	22.6","	2026-07-28 12:24:21"
"	6A0C0938","	Ambient","	1","	B01??(%RH)","	74.4","	2026-07-28 12:24:19"
"	6A0C0938","	Ambient","	1","	B01??(?)","	22.6","	2026-07-28 12:24:19"
"	6A0C0938","	Ambient","	1","	B01??(%RH)","	74","	2026-07-28 12:24:17"
"	6A0C0938","	Ambient","	1","	B01??(?)","	22.6","	2026-07-28 12:24:17"
"	6A0C0938","	Ambient","	1","	B01??(%RH)","	73.8","	2026-07-28 12:24:15"
"	6A0C0938","	Ambient","	1","	B01??(?)","	22.6","	2026-07-28 12:24:15"
"	6A0C0938","	Ambient","	1","	B01??(%RH)","	73.6","	2026-07-28 12:24:13"
"	6A0C0938","	Ambient","	1","	B01??(?)","	22.6","	2026-07-28 12:24:13"
"	6A0C0938","	Ambient","	1","	B01??(%RH)","	73.7","	2026-07-28 12:24:11"
"	6A0C0938","	Ambient","	1","	B01??(?)","	22.6","	2026-07-28 12:24:11"
"	6A0C0938","	Ambient","	1","	B01??(%RH)","	74","	2026-07-28 12:24:08"
"	6A0C0938","	Ambient","	1","	B01??(?)","	22.6","	2026-07-28 12:24:08"
"	6A0C0938","	Ambient","	1","	B01??(%RH)","	74.7","	2026-07-28 12:24:06"
"	6A0C0938","	Ambient","	1","	B01??(?)","	22.6","	2026-07-28 12:24:06"
"	6A0C0938","	Ambient","	1","	B01??(%RH)","	75","	2026-07-28 12:24:04"
"	6A0C0938","	Ambient","	1","	B01??(?)","	22.6","	2026-07-28 12:24:04"
"	6A0C0938","	Ambient","	1","	B01??(%RH)","	75.1","	2026-07-28 12:24:02"
"	6A0C0938","	Ambient","	1","	B01??(?)","	22.6","	2026-07-28 12:24:02"
"	6A0C0938","	Ambient","	1","	B01??(%RH)","	75.1","	2026-07-28 12:24:00"
"	6A0C0938","	Ambient","	1","	B01??(?)","	22.6","	2026-07-28 12:24:00"
"	6A0C0938","	Ambient","	1","	B01??(%RH)","	75","	2026-07-28 12:23:58"
"	6A0C0938","	Ambient","	1","	B01??(?)","	22.6","	2026-07-28 12:23:58"
"	6A0C0938","	Ambient","	1","	B01??(%RH)","	75","	2026-07-28 12:23:56"
"	6A0C0938","	Ambient","	1","	B01??(?)","	22.6","	2026-07-28 12:23:56"
"	6A0C0938","	Ambient","	1","	B01??(%RH)","	75","	2026-07-28 12:23:54"
"	6A0C0938","	Ambient","	1","	B01??(?)","	22.6","	2026-07-28 12:23:54"
"	6A0C0938","	Ambient","	1","	B01??(%RH)","	75","	2026-07-28 12:23:52"
"	6A0C0938","	Ambient","	1","	B01??(?)","	22.6","	2026-07-28 12:23:52"
"	6A0C0938","	Ambient","	1","	B01??(%RH)","	75","	2026-07-28 12:23:50"
"	6A0C0938","	Ambient","	1","	B01??(?)","	22.6","	2026-07-28 12:23:50"
"	6A0C0938","	Ambient","	1","	B01??(%RH)","	74.9","	2026-07-28 12:23:48"
"	6A0C0938","	Ambient","	1","	B01??(?)","	22.6","	2026-07-28 12:23:48"
"	6A0C0938","	Ambient","	1","	B01??(?)","	22.6","	2026-07-28 12:23:46"
"	6A0C0938","	Ambient","	1","	B01??(%RH)","	74.8","	2026-07-28 12:23:46"
"	6A0C0938","	Ambient","	1","	B01??(%RH)","	74.8","	2026-07-28 12:23:44"
"	6A0C0938","	Ambient","	1","	B01??(?)","	22.7","	2026-07-28 12:23:44"
"	6A0C0938","	Ambient","	1","	B01??(%RH)","	74.7","	2026-07-28 12:23:42"
"	6A0C0938","	Ambient","	1","	B01??(?)","	22.7","	2026-07-28 12:23:42"
"	6A0C0938","	Ambient","	1","	B01??(%RH)","	74.8","	2026-07-28 12:23:40"
"	6A0C0938","	Ambient","	1","	B01??(?)","	22.7","	2026-07-28 12:23:40"
"	6A0C0938","	Ambient","	1","	B01??(?)","	22.7","	2026-07-28 12:23:38"
"	6A0C0938","	Ambient","	1","	B01??(%RH)","	74.9","	2026-07-28 12:23:38"
"	6A0C0938","	Ambient","	1","	B01??(%RH)","	75","	2026-07-28 12:23:36"
"	6A0C0938","	Ambient","	1","	B01??(?)","	22.7","	2026-07-28 12:23:36"
"	6A0C0938","	Ambient","	1","	B01??(%RH)","	75","	2026-07-28 12:23:34"
"	6A0C0938","	Ambient","	1","	B01??(?)","	22.7","	2026-07-28 12:23:34"
"	6A0C0938","	Ambient","	1","	B01??(%RH)","	75","	2026-07-28 12:23:32"
"	6A0C0938","	Ambient","	1","	B01??(?)","	22.7","	2026-07-28 12:23:32"
"	6A0C0938","	Ambient","	1","	B01??(%RH)","	75","	2026-07-28 12:23:30"
"	6A0C0938","	Ambient","	1","	B01??(?)","	22.7","	2026-07-28 12:23:30"
"	6A0C0938","	Ambient","	1","	B01??(%RH)","	75","	2026-07-28 12:23:27"
"	6A0C0938","	Ambient","	1","	B01??(?)","	22.7","	2026-07-28 12:23:27"
"	6A0C0938","	Ambient","	1","	B01??(%RH)","	75","	2026-07-28 12:23:25"
"	6A0C0938","	Ambient","	1","	B01??(?)","	22.7","	2026-07-28 12:23:25"
"	6A0C0938","	Ambient","	1","	B01??(%RH)","	75","	2026-07-28 12:23:23"
"	6A0C0938","	Ambient","	1","	B01??(?)","	22.7","	2026-07-28 12:23:23"
"	6A0C0938","	Ambient","	1","	B01??(%RH)","	75","	2026-07-28 12:23:21"
"	6A0C0938","	Ambient","	1","	B01??(?)","	22.7","	2026-07-28 12:23:21"
"	6A0C0938","	Ambient","	1","	B01??(%RH)","	74.9","	2026-07-28 12:23:19"
"	6A0C0938","	Ambient","	1","	B01??(?)","	22.7","	2026-07-28 12:23:19"
"	6A0C0938","	Ambient","	1","	B01??(%RH)","	74.8","	2026-07-28 12:23:17"
"	6A0C0938","	Ambient","	1","	B01??(?)","	22.7","	2026-07-28 12:23:17"
"	6A0C0938","	Ambient","	1","	B01??(%RH)","	74.7","	2026-07-28 12:23:15"
"	6A0C0938","	Ambient","	1","	B01??(?)","	22.7","	2026-07-28 12:23:15"
"	6A0C0938","	Ambient","	1","	B01??(%RH)","	74.6","	2026-07-28 12:23:13"
"	6A0C0938","	Ambient","	1","	B01??(?)","	22.7","	2026-07-28 12:23:13"
"	6A0C0938","	Ambient","	1","	B01??(%RH)","	74.4","	2026-07-28 12:23:11"
"	6A0C0938","	Ambient","	1","	B01??(?)","	22.7","	2026-07-28 12:23:11"
"	6A0C0938","	Ambient","	1","	B01??(%RH)","	74.2","	2026-07-28 12:23:09"
"	6A0C0938","	Ambient","	1","	B01??(?)","	22.7","	2026-07-28 12:23:09"
"	6A0C0938","	Ambient","	1","	B01??(%RH)","	74.1","	2026-07-28 12:23:07"
"	6A0C0938","	Ambient","	1","	B01??(?)","	22.7","	2026-07-28 12:23:07"
"	6A0C0938","	Ambient","	1","	B01??(%RH)","	74","	2026-07-28 12:23:05"
"	6A0C0938","	Ambient","	1","	B01??(?)","	22.7","	2026-07-28 12:23:05"
"	6A0C0938","	Ambient","	1","	B01??(%RH)","	74.1","	2026-07-28 12:23:03"
"	6A0C0938","	Ambient","	1","	B01??(?)","	22.7","	2026-07-28 12:23:03"
"	6A0C0938","	Ambient","	1","	B01??(%RH)","	74.2","	2026-07-28 12:23:01"
"	6A0C0938","	Ambient","	1","	B01??(?)","	22.7","	2026-07-28 12:23:01"
"	6A0C0938","	Ambient","	1","	B01??(%RH)","	74.4","	2026-07-28 12:22:59"
"	6A0C0938","	Ambient","	1","	B01??(?)","	22.7","	2026-07-28 12:22:59"
"	6A0C0938","	Ambient","	1","	B01??(%RH)","	74.5","	2026-07-28 12:22:57"
"	6A0C0938","	Ambient","	1","	B01??(?)","	22.8","	2026-07-28 12:22:57"
"	6A0C0938","	Ambient","	1","	B01??(%RH)","	74.5","	2026-07-28 12:22:55"
"	6A0C0938","	Ambient","	1","	B01??(?)","	22.8","	2026-07-28 12:22:55"
"	6A0C0938","	Ambient","	1","	B01??(%RH)","	74.6","	2026-07-28 12:22:53"
"	6A0C0938","	Ambient","	1","	B01??(?)","	22.8","	2026-07-28 12:22:53"
"	6A0C0938","	Ambient","	1","	B01??(%RH)","	74.6","	2026-07-28 12:22:51"
"	6A0C0938","	Ambient","	1","	B01??(?)","	22.8","	2026-07-28 12:22:51"
"	6A0C0938","	Ambient","	1","	B01??(%RH)","	74.6","	2026-07-28 12:22:49"
"	6A0C0938","	Ambient","	1","	B01??(?)","	22.8","	2026-07-28 12:22:49"
"	6A0C0938","	Ambient","	1","	B01??(%RH)","	74.5","	2026-07-28 12:22:47"
"	6A0C0938","	Ambient","	1","	B01??(?)","	22.8","	2026-07-28 12:22:46"
"	6A0C0938","	Ambient","	1","	B01??(%RH)","	74.4","	2026-07-28 12:22:44"
"	6A0C0938","	Ambient","	1","	B01??(?)","	22.8","	2026-07-28 12:22:44"
"	6A0C0938","	Ambient","	1","	B01??(%RH)","	74.3","	2026-07-28 12:22:42"
"	6A0C0938","	Ambient","	1","	B01??(?)","	22.8","	2026-07-28 12:22:42"
"	6A0C0938","	Ambient","	1","	B01??(%RH)","	74.2","	2026-07-28 12:22:40"
"	6A0C0938","	Ambient","	1","	B01??(?)","	22.8","	2026-07-28 12:22:40"
"	6A0C0938","	Ambient","	1","	B01??(%RH)","	74.2","	2026-07-28 12:22:38"
"	6A0C0938","	Ambient","	1","	B01??(?)","	22.8","	2026-07-28 12:22:38"
"	6A0C0938","	Ambient","	1","	B01??(%RH)","	74.3","	2026-07-28 12:22:36"
"	6A0C0938","	Ambient","	1","	B01??(?)","	22.8","	2026-07-28 12:22:36"
"	6A0C0938","	Ambient","	1","	B01??(%RH)","	74.3","	2026-07-28 12:22:34"
"	6A0C0938","	Ambient","	1","	B01??(?)","	22.8","	2026-07-28 12:22:34"
"	6A0C0938","	Ambient","	1","	B01??(%RH)","	74.2","	2026-07-28 12:22:32"
"	6A0C0938","	Ambient","	1","	B01??(?)","	22.8","	2026-07-28 12:22:32"
"	6A0C0938","	Ambient","	1","	B01??(%RH)","	74.2","	2026-07-28 12:22:30"
"	6A0C0938","	Ambient","	1","	B01??(?)","	22.8","	2026-07-28 12:22:30"
"	6A0C0938","	Ambient","	1","	B01??(%RH)","	74.2","	2026-07-28 12:22:28"
"	6A0C0938","	Ambient","	1","	B01??(?)","	22.8","	2026-07-28 12:22:28"
"	6A0C0938","	Ambient","	1","	B01??(%RH)","	74.2","	2026-07-28 12:22:26"
"	6A0C0938","	Ambient","	1","	B01??(?)","	22.8","	2026-07-28 12:22:26"
"	6A0C0938","	Ambient","	1","	B01??(%RH)","	74.2","	2026-07-28 12:22:24"
"	6A0C0938","	Ambient","	1","	B01??(?)","	22.8","	2026-07-28 12:22:24"
"	6A0C0938","	Ambient","	1","	B01??(%RH)","	74.1","	2026-07-28 12:22:22"
"	6A0C0938","	Ambient","	1","	B01??(?)","	22.8","	2026-07-28 12:22:22"
"	6A0C0938","	Ambient","	1","	B01??(%RH)","	74","	2026-07-28 12:22:20"
"	6A0C0938","	Ambient","	1","	B01??(?)","	22.8","	2026-07-28 12:22:20"
"	6A0C0938","	Ambient","	1","	B01??(%RH)","	73.9","	2026-07-28 12:22:18"
"	6A0C0938","	Ambient","	1","	B01??(?)","	22.8","	2026-07-28 12:22:18"
"	6A0C0938","	Ambient","	1","	B01??(%RH)","	73.8","	2026-07-28 12:22:16"
"	6A0C0938","	Ambient","	1","	B01??(?)","	22.8","	2026-07-28 12:22:16"
"	6A0C0938","	Ambient","	1","	B01??(%RH)","	73.7","	2026-07-28 12:22:14"
"	6A0C0938","	Ambient","	1","	B01??(?)","	22.8","	2026-07-28 12:22:14"
"	6A0C0938","	Ambient","	1","	B01??(%RH)","	73.5","	2026-07-28 12:22:12"
"	6A0C0938","	Ambient","	1","	B01??(?)","	22.8","	2026-07-28 12:22:12"
"	6A0C0938","	Ambient","	1","	B01??(%RH)","	73.3","	2026-07-28 12:22:10"
"	6A0C0938","	Ambient","	1","	B01??(?)","	22.8","	2026-07-28 12:22:10"
"	6A0C0938","	Ambient","	1","	B01??(%RH)","	73.2","	2026-07-28 12:22:08"
"	6A0C0938","	Ambient","	1","	B01??(?)","	22.8","	2026-07-28 12:22:08"
"	6A0C0938","	Ambient","	1","	B01??(%RH)","	73.1","	2026-07-28 12:22:06"
"	6A0C0938","	Ambient","	1","	B01??(?)","	22.8","	2026-07-28 12:22:06"
"	6A0C0938","	Ambient","	1","	B01??(%RH)","	73","	2026-07-28 12:22:03"
"	6A0C0938","	Ambient","	1","	B01??(?)","	22.8","	2026-07-28 12:22:03"
"	6A0C0938","	Ambient","	1","	B01??(%RH)","	73","	2026-07-28 12:22:01"
"	6A0C0938","	Ambient","	1","	B01??(?)","	22.9","	2026-07-28 12:22:01"
"	6A0C0938","	Ambient","	1","	B01??(%RH)","	73.1","	2026-07-28 12:21:59"
"	6A0C0938","	Ambient","	1","	B01??(?)","	22.9","	2026-07-28 12:21:59"
"	6A0C0938","	Ambient","	1","	B01??(%RH)","	73.3","	2026-07-28 12:21:57"
"	6A0C0938","	Ambient","	1","	B01??(?)","	22.9","	2026-07-28 12:21:57"
"	6A0C0938","	Ambient","	1","	B01??(%RH)","	73.4","	2026-07-28 12:21:55"
"	6A0C0938","	Ambient","	1","	B01??(?)","	22.9","	2026-07-28 12:21:55"
"	6A0C0938","	Ambient","	1","	B01??(%RH)","	73.5","	2026-07-28 12:21:53"
"	6A0C0938","	Ambient","	1","	B01??(?)","	22.9","	2026-07-28 12:21:53"
"	6A0C0938","	Ambient","	1","	B01??(%RH)","	73.8","	2026-07-28 12:21:51"
"	6A0C0938","	Ambient","	1","	B01??(?)","	22.9","	2026-07-28 12:21:51"
"	6A0C0938","	Ambient","	1","	B01??(%RH)","	74.1","	2026-07-28 12:21:49"
"	6A0C0938","	Ambient","	1","	B01??(?)","	22.9","	2026-07-28 12:21:49"
"	6A0C0938","	Ambient","	1","	B01??(%RH)","	74.3","	2026-07-28 12:21:47"
"	6A0C0938","	Ambient","	1","	B01??(?)","	22.9","	2026-07-28 12:21:47"
"	6A0C0938","	Ambient","	1","	B01??(%RH)","	74.3","	2026-07-28 12:21:45"
"	6A0C0938","	Ambient","	1","	B01??(?)","	22.9","	2026-07-28 12:21:45"
"	6A0C0938","	Ambient","	1","	B01??(%RH)","	74.2","	2026-07-28 12:21:43"
"	6A0C0938","	Ambient","	1","	B01??(?)","	22.9","	2026-07-28 12:21:43"
"	6A0C0938","	Ambient","	1","	B01??(%RH)","	74","	2026-07-28 12:21:41"
"	6A0C0938","	Ambient","	1","	B01??(?)","	22.9","	2026-07-28 12:21:41"
"	6A0C0938","	Ambient","	1","	B01??(%RH)","	73.8","	2026-07-28 12:21:39"
"	6A0C0938","	Ambient","	1","	B01??(?)","	22.9","	2026-07-28 12:21:39"
"	6A0C0938","	Ambient","	1","	B01??(%RH)","	73.5","	2026-07-28 12:21:37"
"	6A0C0938","	Ambient","	1","	B01??(?)","	22.9","	2026-07-28 12:21:37"
"	6A0C0938","	Ambient","	1","	B01??(%RH)","	72.9","	2026-07-28 12:21:35"
"	6A0C0938","	Ambient","	1","	B01??(?)","	22.9","	2026-07-28 12:21:35"
"	6A0C0938","	Ambient","	1","	B01??(%RH)","	72.6","	2026-07-28 12:21:33"
"	6A0C0938","	Ambient","	1","	B01??(?)","	22.9","	2026-07-28 12:21:33"
"	6A0C0938","	Ambient","	1","	B01??(%RH)","	72.4","	2026-07-28 12:21:31"
"	6A0C0938","	Ambient","	1","	B01??(?)","	22.9","	2026-07-28 12:21:31"
"	6A0C0938","	Ambient","	1","	B01??(%RH)","	72.5","	2026-07-28 12:21:29"
"	6A0C0938","	Ambient","	1","	B01??(?)","	22.9","	2026-07-28 12:21:29"
"	6A0C0938","	Ambient","	1","	B01??(%RH)","	72.7","	2026-07-28 12:21:27"
"	6A0C0938","	Ambient","	1","	B01??(?)","	22.9","	2026-07-28 12:21:27"
"	6A0C0938","	Ambient","	1","	B01??(%RH)","	73.1","	2026-07-28 12:21:25"
"	6A0C0938","	Ambient","	1","	B01??(?)","	22.9","	2026-07-28 12:21:25"
"	6A0C0938","	Ambient","	1","	B01??(%RH)","	73.5","	2026-07-28 12:21:23"
"	6A0C0938","	Ambient","	1","	B01??(?)","	22.9","	2026-07-28 12:21:23"
"	6A0C0938","	Ambient","	1","	B01??(%RH)","	74","	2026-07-28 12:21:20"
"	6A0C0938","	Ambient","	1","	B01??(?)","	22.9","	2026-07-28 12:21:20"
"	6A0C0938","	Ambient","	1","	B01??(%RH)","	74.5","	2026-07-28 12:21:18"
"	6A0C0938","	Ambient","	1","	B01??(?)","	22.9","	2026-07-28 12:21:18"
"	6A0C0938","	Ambient","	1","	B01??(%RH)","	75","	2026-07-28 12:21:16"
"	6A0C0938","	Ambient","	1","	B01??(?)","	22.9","	2026-07-28 12:21:16"
"	6A0C0938","	Ambient","	1","	B01??(%RH)","	75.1","	2026-07-28 12:21:14"
"	6A0C0938","	Ambient","	1","	B01??(?)","	22.9","	2026-07-28 12:21:14"
"	6A0C0938","	Ambient","	1","	B01??(%RH)","	75.1","	2026-07-28 12:21:12"
"	6A0C0938","	Ambient","	1","	B01??(?)","	22.9","	2026-07-28 12:21:12"
"	6A0C0938","	Ambient","	1","	B01??(%RH)","	75","	2026-07-28 12:21:10"
"	6A0C0938","	Ambient","	1","	B01??(?)","	22.9","	2026-07-28 12:21:10"
"	6A0C0938","	Ambient","	1","	B01??(%RH)","	74.9","	2026-07-28 12:21:08"
"	6A0C0938","	Ambient","	1","	B01??(?)","	22.9","	2026-07-28 12:21:08"
"	6A0C0938","	Ambient","	1","	B01??(%RH)","	74.8","	2026-07-28 12:21:06"
"	6A0C0938","	Ambient","	1","	B01??(?)","	22.9","	2026-07-28 12:21:06"
"	6A0C0938","	Ambient","	1","	B01??(%RH)","	74.8","	2026-07-28 12:21:04"
"	6A0C0938","	Ambient","	1","	B01??(?)","	22.9","	2026-07-28 12:21:04"
"	6A0C0938","	Ambient","	1","	B01??(%RH)","	74.8","	2026-07-28 12:21:02"
"	6A0C0938","	Ambient","	1","	B01??(?)","	22.9","	2026-07-28 12:21:02"
"	6A0C0938","	Ambient","	1","	B01??(%RH)","	74.9","	2026-07-28 12:21:00"
"	6A0C0938","	Ambient","	1","	B01??(?)","	22.9","	2026-07-28 12:21:00"
"	6A0C0938","	Ambient","	1","	B01??(%RH)","	74.9","	2026-07-28 12:20:58"
"	6A0C0938","	Ambient","	1","	B01??(?)","	22.9","	2026-07-28 12:20:58"
"	6A0C0938","	Ambient","	1","	B01??(%RH)","	75","	2026-07-28 12:20:56"
"	6A0C0938","	Ambient","	1","	B01??(?)","	22.9","	2026-07-28 12:20:56"
"	6A0C0938","	Ambient","	1","	B01??(%RH)","	75","	2026-07-28 12:20:54"
"	6A0C0938","	Ambient","	1","	B01??(?)","	22.9","	2026-07-28 12:20:54"
"	6A0C0938","	Ambient","	1","	B01??(%RH)","	75","	2026-07-28 12:20:52"
"	6A0C0938","	Ambient","	1","	B01??(?)","	22.9","	2026-07-28 12:20:52"
"	6A0C0938","	Ambient","	1","	B01??(%RH)","	75","	2026-07-28 12:20:50"
"	6A0C0938","	Ambient","	1","	B01??(?)","	22.9","	2026-07-28 12:20:50"
"	6A0C0938","	Ambient","	1","	B01??(%RH)","	75","	2026-07-28 12:20:48"
"	6A0C0938","	Ambient","	1","	B01??(?)","	22.9","	2026-07-28 12:20:48"
"	6A0C0938","	Ambient","	1","	B01??(%RH)","	75","	2026-07-28 12:20:46"
"	6A0C0938","	Ambient","	1","	B01??(?)","	22.9","	2026-07-28 12:20:46"
"	6A0C0938","	Ambient","	1","	B01??(%RH)","	75","	2026-07-28 12:20:44"
"	6A0C0938","	Ambient","	1","	B01??(?)","	22.9","	2026-07-28 12:20:44"
"	6A0C0938","	Ambient","	1","	B01??(%RH)","	75.1","	2026-07-28 12:20:42"
"	6A0C0938","	Ambient","	1","	B01??(?)","	22.9","	2026-07-28 12:20:42"
"	6A0C0938","	Ambient","	1","	B01??(%RH)","	75.3","	2026-07-28 12:20:40"
"	6A0C0938","	Ambient","	1","	B01??(?)","	22.9","	2026-07-28 12:20:40"
"	6A0C0938","	Ambient","	1","	B01??(%RH)","	75.7","	2026-07-28 12:20:37"
"	6A0C0938","	Ambient","	1","	B01??(?)","	22.9","	2026-07-28 12:20:37"
"	6A0C0938","	Ambient","	1","	B01??(%RH)","	76.2","	2026-07-28 12:20:35"
"	6A0C0938","	Ambient","	1","	B01??(?)","	22.9","	2026-07-28 12:20:35"
"	6A0C0938","	Ambient","	1","	B01??(%RH)","	77","	2026-07-28 12:20:33"
"	6A0C0938","	Ambient","	1","	B01??(?)","	22.9","	2026-07-28 12:20:33"
"	6A0C0938","	Ambient","	1","	B01??(%RH)","	77.6","	2026-07-28 12:20:31"
"	6A0C0938","	Ambient","	1","	B01??(?)","	22.9","	2026-07-28 12:20:31"
"	6A0C0938","	Ambient","	1","	B01??(%RH)","	77.8","	2026-07-28 12:20:29"
"	6A0C0938","	Ambient","	1","	B01??(?)","	22.9","	2026-07-28 12:20:29"
"	6A0C0938","	Ambient","	1","	B01??(%RH)","	78","	2026-07-28 12:20:27"
"	6A0C0938","	Ambient","	1","	B01??(?)","	22.9","	2026-07-28 12:20:27"
"	6A0C0938","	Ambient","	1","	B01??(%RH)","	78.1","	2026-07-28 12:20:25"
"	6A0C0938","	Ambient","	1","	B01??(?)","	22.9","	2026-07-28 12:20:25"
"	6A0C0938","	Ambient","	1","	B01??(%RH)","	78.1","	2026-07-28 12:20:23"
"	6A0C0938","	Ambient","	1","	B01??(?)","	22.9","	2026-07-28 12:20:23"
"	6A0C0938","	Ambient","	1","	B01??(%RH)","	78.1","	2026-07-28 12:20:21"
"	6A0C0938","	Ambient","	1","	B01??(?)","	22.9","	2026-07-28 12:20:21"
"	6A0C0938","	Ambient","	1","	B01??(%RH)","	78.1","	2026-07-28 12:20:19"
"	6A0C0938","	Ambient","	1","	B01??(?)","	22.9","	2026-07-28 12:20:19"
"	6A0C0938","	Ambient","	1","	B01??(%RH)","	78.1","	2026-07-28 12:20:17"
"	6A0C0938","	Ambient","	1","	B01??(?)","	22.9","	2026-07-28 12:20:17"
"	6A0C0938","	Ambient","	1","	B01??(%RH)","	78.1","	2026-07-28 12:20:15"
"	6A0C0938","	Ambient","	1","	B01??(?)","	22.9","	2026-07-28 12:20:15"
"	6A0C0938","	Ambient","	1","	B01??(%RH)","	78.1","	2026-07-28 12:20:13"
"	6A0C0938","	Ambient","	1","	B01??(?)","	22.9","	2026-07-28 12:20:13"
"	6A0C0938","	Ambient","	1","	B01??(%RH)","	78.1","	2026-07-28 12:20:11"
"	6A0C0938","	Ambient","	1","	B01??(?)","	22.9","	2026-07-28 12:20:11"
"	6A0C0938","	Ambient","	1","	B01??(%RH)","	78.1","	2026-07-28 12:20:09"
"	6A0C0938","	Ambient","	1","	B01??(?)","	22.9","	2026-07-28 12:20:09"
"	6A0C0938","	Ambient","	1","	B01??(%RH)","	78.1","	2026-07-28 12:20:07"
"	6A0C0938","	Ambient","	1","	B01??(?)","	22.9","	2026-07-28 12:20:07"
"	6A0C0938","	Ambient","	1","	B01??(%RH)","	78","	2026-07-28 12:20:05"
"	6A0C0938","	Ambient","	1","	B01??(?)","	22.9","	2026-07-28 12:20:05"
"	6A0C0938","	Ambient","	1","	B01??(%RH)","	78","	2026-07-28 12:20:03"
"	6A0C0938","	Ambient","	1","	B01??(?)","	22.9","	2026-07-28 12:20:03"
"	6A0C0938","	Ambient","	1","	B01??(%RH)","	78","	2026-07-28 12:20:01"
"	6A0C0938","	Ambient","	1","	B01??(?)","	22.9","	2026-07-28 12:20:01"
"	6A0C0938","	Ambient","	1","	B01??(%RH)","	78","	2026-07-28 12:19:59"
"	6A0C0938","	Ambient","	1","	B01??(?)","	22.9","	2026-07-28 12:19:59"
"	6A0C0938","	Ambient","	1","	B01??(%RH)","	78","	2026-07-28 12:19:56"
"	6A0C0938","	Ambient","	1","	B01??(?)","	22.9","	2026-07-28 12:19:56"
"	6A0C0938","	Ambient","	1","	B01??(%RH)","	78","	2026-07-28 12:19:54"
"	6A0C0938","	Ambient","	1","	B01??(?)","	22.9","	2026-07-28 12:19:54"
"	6A0C0938","	Ambient","	1","	B01??(%RH)","	78.1","	2026-07-28 12:19:52"
"	6A0C0938","	Ambient","	1","	B01??(?)","	22.9","	2026-07-28 12:19:52"
"	6A0C0938","	Ambient","	1","	B01??(%RH)","	78.1","	2026-07-28 12:19:50"
"	6A0C0938","	Ambient","	1","	B01??(?)","	22.9","	2026-07-28 12:19:50"
"	6A0C0938","	Ambient","	1","	B01??(%RH)","	78.1","	2026-07-28 12:19:48"
"	6A0C0938","	Ambient","	1","	B01??(?)","	22.9","	2026-07-28 12:19:48"
"	6A0C0938","	Ambient","	1","	B01??(%RH)","	78.1","	2026-07-28 12:19:46"
"	6A0C0938","	Ambient","	1","	B01??(?)","	22.9","	2026-07-28 12:19:46"
"	6A0C0938","	Ambient","	1","	B01??(%RH)","	78.1","	2026-07-28 12:19:44"
"	6A0C0938","	Ambient","	1","	B01??(?)","	22.9","	2026-07-28 12:19:44"
"	6A0C0938","	Ambient","	1","	B01??(%RH)","	78.1","	2026-07-28 12:19:42"
"	6A0C0938","	Ambient","	1","	B01??(?)","	22.9","	2026-07-28 12:19:42"
"	6A0C0938","	Ambient","	1","	B01??(%RH)","	78.1","	2026-07-28 12:19:40"
"	6A0C0938","	Ambient","	1","	B01??(?)","	22.9","	2026-07-28 12:19:40"
"	6A0C0938","	Ambient","	1","	B01??(%RH)","	78.1","	2026-07-28 12:19:38"
"	6A0C0938","	Ambient","	1","	B01??(?)","	22.9","	2026-07-28 12:19:38"
"	6A0C0938","	Ambient","	1","	B01??(%RH)","	78.2","	2026-07-28 12:19:36"
"	6A0C0938","	Ambient","	1","	B01??(?)","	22.9","	2026-07-28 12:19:36"
"	6A0C0938","	Ambient","	1","	B01??(%RH)","	78.2","	2026-07-28 12:19:34"
"	6A0C0938","	Ambient","	1","	B01??(?)","	22.9","	2026-07-28 12:19:34"
"	6A0C0938","	Ambient","	1","	B01??(%RH)","	78.2","	2026-07-28 12:19:32"
"	6A0C0938","	Ambient","	1","	B01??(?)","	22.9","	2026-07-28 12:19:32"
"	6A0C0938","	Ambient","	1","	B01??(%RH)","	78.2","	2026-07-28 12:19:30"
"	6A0C0938","	Ambient","	1","	B01??(?)","	22.9","	2026-07-28 12:19:30"
"	6A0C0938","	Ambient","	1","	B01??(%RH)","	78.2","	2026-07-28 12:19:28"
"	6A0C0938","	Ambient","	1","	B01??(?)","	22.9","	2026-07-28 12:19:28"
"	6A0C0938","	Ambient","	1","	B01??(%RH)","	78.2","	2026-07-28 12:19:26"
"	6A0C0938","	Ambient","	1","	B01??(?)","	22.9","	2026-07-28 12:19:26"
"	6A0C0938","	Ambient","	1","	B01??(%RH)","	78.2","	2026-07-28 12:19:24"
"	6A0C0938","	Ambient","	1","	B01??(?)","	22.9","	2026-07-28 12:19:24"
"	6A0C0938","	Ambient","	1","	B01??(%RH)","	78.2","	2026-07-28 12:19:22"
"	6A0C0938","	Ambient","	1","	B01??(?)","	22.9","	2026-07-28 12:19:22"
"	6A0C0938","	Ambient","	1","	B01??(%RH)","	78.2","	2026-07-28 12:19:20"
"	6A0C0938","	Ambient","	1","	B01??(?)","	22.9","	2026-07-28 12:19:20"
"	6A0C0938","	Ambient","	1","	B01??(%RH)","	78.2","	2026-07-28 12:19:18"
"	6A0C0938","	Ambient","	1","	B01??(?)","	22.9","	2026-07-28 12:19:18"
"	6A0C0938","	Ambient","	1","	B01??(%RH)","	78.2","	2026-07-28 12:19:16"
"	6A0C0938","	Ambient","	1","	B01??(?)","	22.9","	2026-07-28 12:19:16"
"	6A0C0938","	Ambient","	1","	B01??(%RH)","	78.2","	2026-07-28 12:19:13"
"	6A0C0938","	Ambient","	1","	B01??(?)","	22.9","	2026-07-28 12:19:13"
"	6A0C0938","	Ambient","	1","	B01??(%RH)","	78.1","	2026-07-28 12:19:11"
"	6A0C0938","	Ambient","	1","	B01??(?)","	22.9","	2026-07-28 12:19:11"
"	6A0C0938","	Ambient","	1","	B01??(%RH)","	78.2","	2026-07-28 12:19:09"
"	6A0C0938","	Ambient","	1","	B01??(?)","	22.9","	2026-07-28 12:19:09"
"	6A0C0938","	Ambient","	1","	B01??(%RH)","	78.2","	2026-07-28 12:19:07"
"	6A0C0938","	Ambient","	1","	B01??(?)","	22.9","	2026-07-28 12:19:07"
"	6A0C0938","	Ambient","	1","	B01??(%RH)","	78.2","	2026-07-28 12:19:05"
"	6A0C0938","	Ambient","	1","	B01??(?)","	22.9","	2026-07-28 12:19:05"
"	6A0C0938","	Ambient","	1","	B01??(%RH)","	78.2","	2026-07-28 12:19:03"
"	6A0C0938","	Ambient","	1","	B01??(?)","	22.9","	2026-07-28 12:19:03"
"	6A0C0938","	Ambient","	1","	B01??(%RH)","	78.2","	2026-07-28 12:19:01"
"	6A0C0938","	Ambient","	1","	B01??(?)","	22.9","	2026-07-28 12:19:01"
"	6A0C0938","	Ambient","	1","	B01??(%RH)","	78.2","	2026-07-28 12:18:59"
"	6A0C0938","	Ambient","	1","	B01??(?)","	22.9","	2026-07-28 12:18:59"
"	6A0C0938","	Ambient","	1","	B01??(%RH)","	78.2","	2026-07-28 12:18:57"
"	6A0C0938","	Ambient","	1","	B01??(?)","	22.9","	2026-07-28 12:18:57"
"	6A0C0938","	Ambient","	1","	B01??(%RH)","	78.2","	2026-07-28 12:18:55"
"	6A0C0938","	Ambient","	1","	B01??(?)","	22.9","	2026-07-28 12:18:55"
"	6A0C0938","	Ambient","	1","	B01??(%RH)","	78.1","	2026-07-28 12:18:53"
"	6A0C0938","	Ambient","	1","	B01??(?)","	22.9","	2026-07-28 12:18:53"
"	6A0C0938","	Ambient","	1","	B01??(%RH)","	78.1","	2026-07-28 12:18:51"
"	6A0C0938","	Ambient","	1","	B01??(?)","	22.9","	2026-07-28 12:18:51"
"	6A0C0938","	Ambient","	1","	B01??(%RH)","	78.1","	2026-07-28 12:18:49"
"	6A0C0938","	Ambient","	1","	B01??(?)","	22.9","	2026-07-28 12:18:49"
"	6A0C0938","	Ambient","	1","	B01??(%RH)","	78.2","	2026-07-28 12:18:47"
"	6A0C0938","	Ambient","	1","	B01??(?)","	22.9","	2026-07-28 12:18:47"
"	6A0C0938","	Ambient","	1","	B01??(%RH)","	78.1","	2026-07-28 12:18:45"
"	6A0C0938","	Ambient","	1","	B01??(?)","	22.9","	2026-07-28 12:18:45"
"	6A0C0938","	Ambient","	1","	B01??(%RH)","	78.1","	2026-07-28 12:18:43"
"	6A0C0938","	Ambient","	1","	B01??(?)","	22.9","	2026-07-28 12:18:43"
"	6A0C0938","	Ambient","	1","	B01??(%RH)","	78.1","	2026-07-28 12:18:41"
"	6A0C0938","	Ambient","	1","	B01??(?)","	22.9","	2026-07-28 12:18:41"
"	6A0C0938","	Ambient","	1","	B01??(%RH)","	78.1","	2026-07-28 12:18:39"
"	6A0C0938","	Ambient","	1","	B01??(?)","	22.9","	2026-07-28 12:18:39"
"	6A0C0938","	Ambient","	1","	B01??(%RH)","	78.1","	2026-07-28 12:18:37"
"	6A0C0938","	Ambient","	1","	B01??(?)","	22.9","	2026-07-28 12:18:37"
"	6A0C0938","	Ambient","	1","	B01??(%RH)","	78.1","	2026-07-28 12:18:35"
"	6A0C0938","	Ambient","	1","	B01??(?)","	22.9","	2026-07-28 12:18:35"
"	6A0C0938","	Ambient","	1","	B01??(%RH)","	78.1","	2026-07-28 12:18:32"
"	6A0C0938","	Ambient","	1","	B01??(?)","	22.9","	2026-07-28 12:18:32"
"	6A0C0938","	Ambient","	1","	B01??(%RH)","	78.1","	2026-07-28 12:18:30"
"	6A0C0938","	Ambient","	1","	B01??(?)","	22.9","	2026-07-28 12:18:30"
"	6A0C0938","	Ambient","	1","	B01??(%RH)","	78.1","	2026-07-28 12:18:28"
"	6A0C0938","	Ambient","	1","	B01??(?)","	22.9","	2026-07-28 12:18:28"
"	6A0C0938","	Ambient","	1","	B01??(%RH)","	78.1","	2026-07-28 12:18:26"
"	6A0C0938","	Ambient","	1","	B01??(?)","	22.9","	2026-07-28 12:18:26"
"	6A0C0938","	Ambient","	1","	B01??(%RH)","	78.1","	2026-07-28 12:18:24"
"	6A0C0938","	Ambient","	1","	B01??(?)","	22.9","	2026-07-28 12:18:24"
"	6A0C0938","	Ambient","	1","	B01??(%RH)","	78.1","	2026-07-28 12:18:22"
"	6A0C0938","	Ambient","	1","	B01??(?)","	22.9","	2026-07-28 12:18:22"
"	6A0C0938","	Ambient","	1","	B01??(%RH)","	78.1","	2026-07-28 12:18:20"
"	6A0C0938","	Ambient","	1","	B01??(?)","	22.9","	2026-07-28 12:18:20"
"	6A0C0938","	Ambient","	1","	B01??(%RH)","	78.1","	2026-07-28 12:18:18"
"	6A0C0938","	Ambient","	1","	B01??(?)","	22.9","	2026-07-28 12:18:18"
"	6A0C0938","	Ambient","	1","	B01??(%RH)","	78.1","	2026-07-28 12:18:16"
"	6A0C0938","	Ambient","	1","	B01??(?)","	22.9","	2026-07-28 12:18:16"
"	6A0C0938","	Ambient","	1","	B01??(%RH)","	78.1","	2026-07-28 12:18:14"
"	6A0C0938","	Ambient","	1","	B01??(?)","	22.9","	2026-07-28 12:18:14"
"	6A0C0938","	Ambient","	1","	B01??(%RH)","	78.1","	2026-07-28 12:18:12"
"	6A0C0938","	Ambient","	1","	B01??(?)","	22.9","	2026-07-28 12:18:12"
"	6A0C0938","	Ambient","	1","	B01??(%RH)","	78.1","	2026-07-28 12:18:10"
"	6A0C0938","	Ambient","	1","	B01??(?)","	22.9","	2026-07-28 12:18:10"
"	6A0C0938","	Ambient","	1","	B01??(%RH)","	78","	2026-07-28 12:18:08"
"	6A0C0938","	Ambient","	1","	B01??(?)","	22.9","	2026-07-28 12:18:08"
"	6A0C0938","	Ambient","	1","	B01??(%RH)","	78","	2026-07-28 12:18:06"
"	6A0C0938","	Ambient","	1","	B01??(?)","	22.9","	2026-07-28 12:18:06"
"	6A0C0938","	Ambient","	1","	B01??(%RH)","	78","	2026-07-28 12:18:04"
"	6A0C0938","	Ambient","	1","	B01??(?)","	22.9","	2026-07-28 12:18:04"
"	6A0C0938","	Ambient","	1","	B01??(%RH)","	78.1","	2026-07-28 12:18:02"
"	6A0C0938","	Ambient","	1","	B01??(?)","	22.9","	2026-07-28 12:18:02"
"	6A0C0938","	Ambient","	1","	B01??(%RH)","	78","	2026-07-28 12:18:00"
"	6A0C0938","	Ambient","	1","	B01??(?)","	22.9","	2026-07-28 12:18:00"
"	6A0C0938","	Ambient","	1","	B01??(%RH)","	78","	2026-07-28 12:17:58"
"	6A0C0938","	Ambient","	1","	B01??(?)","	22.9","	2026-07-28 12:17:58"
"	6A0C0938","	Ambient","	1","	B01??(%RH)","	78","	2026-07-28 12:17:56"
"	6A0C0938","	Ambient","	1","	B01??(?)","	22.9","	2026-07-28 12:17:56"
"	6A0C0938","	Ambient","	1","	B01??(%RH)","	78","	2026-07-28 12:17:54"
"	6A0C0938","	Ambient","	1","	B01??(?)","	22.9","	2026-07-28 12:17:54"
"	6A0C0938","	Ambient","	1","	B01??(%RH)","	78","	2026-07-28 12:17:51"
"	6A0C0938","	Ambient","	1","	B01??(?)","	22.9","	2026-07-28 12:17:51"
"	6A0C0938","	Ambient","	1","	B01??(%RH)","	78","	2026-07-28 12:17:49"
"	6A0C0938","	Ambient","	1","	B01??(?)","	22.9","	2026-07-28 12:17:49"
"	6A0C0938","	Ambient","	1","	B01??(%RH)","	77.9","	2026-07-28 12:17:47"
"	6A0C0938","	Ambient","	1","	B01??(?)","	22.9","	2026-07-28 12:17:47"
"	6A0C0938","	Ambient","	1","	B01??(%RH)","	77.9","	2026-07-28 12:17:45"
"	6A0C0938","	Ambient","	1","	B01??(?)","	22.9","	2026-07-28 12:17:45"
"	6A0C0938","	Ambient","	1","	B01??(%RH)","	77.9","	2026-07-28 12:17:43"
"	6A0C0938","	Ambient","	1","	B01??(?)","	22.9","	2026-07-28 12:17:43"
"	6A0C0938","	Ambient","	1","	B01??(%RH)","	77.9","	2026-07-28 12:17:41"
"	6A0C0938","	Ambient","	1","	B01??(?)","	22.9","	2026-07-28 12:17:41"
"	6A0C0938","	Ambient","	1","	B01??(%RH)","	77.9","	2026-07-28 12:17:39"
"	6A0C0938","	Ambient","	1","	B01??(?)","	22.9","	2026-07-28 12:17:39"
"	6A0C0938","	Ambient","	1","	B01??(%RH)","	77.8","	2026-07-28 12:17:37"
"	6A0C0938","	Ambient","	1","	B01??(?)","	22.9","	2026-07-28 12:17:37"
"	6A0C0938","	Ambient","	1","	B01??(%RH)","	77.8","	2026-07-28 12:17:35"
"	6A0C0938","	Ambient","	1","	B01??(?)","	22.9","	2026-07-28 12:17:35"
"	6A0C0938","	Ambient","	1","	B01??(%RH)","	77.8","	2026-07-28 12:17:33"
"	6A0C0938","	Ambient","	1","	B01??(?)","	22.9","	2026-07-28 12:17:33"
"	6A0C0938","	Ambient","	1","	B01??(%RH)","	77.8","	2026-07-28 12:17:31"
"	6A0C0938","	Ambient","	1","	B01??(?)","	22.9","	2026-07-28 12:17:31"
"	6A0C0938","	Ambient","	1","	B01??(%RH)","	77.8","	2026-07-28 12:17:29"
"	6A0C0938","	Ambient","	1","	B01??(?)","	22.9","	2026-07-28 12:17:29"
"	6A0C0938","	Ambient","	1","	B01??(%RH)","	77.8","	2026-07-28 12:17:27"
"	6A0C0938","	Ambient","	1","	B01??(?)","	22.9","	2026-07-28 12:17:27"
"	6A0C0938","	Ambient","	1","	B01??(%RH)","	77.8","	2026-07-28 12:17:25"
"	6A0C0938","	Ambient","	1","	B01??(?)","	22.9","	2026-07-28 12:17:25"
"	6A0C0938","	Ambient","	1","	B01??(%RH)","	77.8","	2026-07-28 12:17:23"
"	6A0C0938","	Ambient","	1","	B01??(?)","	22.9","	2026-07-28 12:17:23"
"	6A0C0938","	Ambient","	1","	B01??(%RH)","	77.8","	2026-07-28 12:17:21"
"	6A0C0938","	Ambient","	1","	B01??(?)","	22.9","	2026-07-28 12:17:21"
"	6A0C0938","	Ambient","	1","	B01??(%RH)","	77.8","	2026-07-28 12:17:19"
"	6A0C0938","	Ambient","	1","	B01??(?)","	22.9","	2026-07-28 12:17:19"
"	6A0C0938","	Ambient","	1","	B01??(%RH)","	77.8","	2026-07-28 12:17:17"
"	6A0C0938","	Ambient","	1","	B01??(?)","	22.9","	2026-07-28 12:17:17"
"	6A0C0938","	Ambient","	1","	B01??(%RH)","	77.8","	2026-07-28 12:17:15"
"	6A0C0938","	Ambient","	1","	B01??(?)","	22.9","	2026-07-28 12:17:15"
"	6A0C0938","	Ambient","	1","	B01??(%RH)","	77.9","	2026-07-28 12:17:13"
"	6A0C0938","	Ambient","	1","	B01??(?)","	22.9","	2026-07-28 12:17:13"
"	6A0C0938","	Ambient","	1","	B01??(%RH)","	77.9","	2026-07-28 12:17:11"
"	6A0C0938","	Ambient","	1","	B01??(?)","	22.9","	2026-07-28 12:17:11"
"	6A0C0938","	Ambient","	1","	B01??(%RH)","	77.9","	2026-07-28 12:17:08"
"	6A0C0938","	Ambient","	1","	B01??(?)","	22.9","	2026-07-28 12:17:08"
"	6A0C0938","	Ambient","	1","	B01??(%RH)","	77.9","	2026-07-28 12:17:06"
"	6A0C0938","	Ambient","	1","	B01??(?)","	22.9","	2026-07-28 12:17:06"
"	6A0C0938","	Ambient","	1","	B01??(%RH)","	77.9","	2026-07-28 12:17:04"
"	6A0C0938","	Ambient","	1","	B01??(?)","	22.9","	2026-07-28 12:17:04"
"	6A0C0938","	Ambient","	1","	B01??(%RH)","	77.9","	2026-07-28 12:17:02"
"	6A0C0938","	Ambient","	1","	B01??(?)","	22.9","	2026-07-28 12:17:02"
"	6A0C0938","	Ambient","	1","	B01??(%RH)","	77.9","	2026-07-28 12:17:00"
"	6A0C0938","	Ambient","	1","	B01??(?)","	22.9","	2026-07-28 12:17:00"
"	6A0C0938","	Ambient","	1","	B01??(%RH)","	77.9","	2026-07-28 12:16:58"
"	6A0C0938","	Ambient","	1","	B01??(?)","	22.9","	2026-07-28 12:16:58"
"	6A0C0938","	Ambient","	1","	B01??(%RH)","	78","	2026-07-28 12:16:56"
"	6A0C0938","	Ambient","	1","	B01??(?)","	22.9","	2026-07-28 12:16:56"
"	6A0C0938","	Ambient","	1","	B01??(%RH)","	78","	2026-07-28 12:16:54"
"	6A0C0938","	Ambient","	1","	B01??(?)","	22.9","	2026-07-28 12:16:54"
"	6A0C0938","	Ambient","	1","	B01??(%RH)","	78","	2026-07-28 12:16:52"
"	6A0C0938","	Ambient","	1","	B01??(?)","	22.9","	2026-07-28 12:16:52"
"	6A0C0938","	Ambient","	1","	B01??(%RH)","	78","	2026-07-28 12:16:50"
"	6A0C0938","	Ambient","	1","	B01??(?)","	22.9","	2026-07-28 12:16:50"
"	6A0C0938","	Ambient","	1","	B01??(%RH)","	78","	2026-07-28 12:16:48"
"	6A0C0938","	Ambient","	1","	B01??(?)","	22.9","	2026-07-28 12:16:48"
"	6A0C0938","	Ambient","	1","	B01??(%RH)","	77.9","	2026-07-28 12:16:46"
"	6A0C0938","	Ambient","	1","	B01??(?)","	22.9","	2026-07-28 12:16:46"
"	6A0C0938","	Ambient","	1","	B01??(%RH)","	78","	2026-07-28 12:16:44"
"	6A0C0938","	Ambient","	1","	B01??(?)","	22.9","	2026-07-28 12:16:44"
"	6A0C0938","	Ambient","	1","	B01??(%RH)","	78","	2026-07-28 12:16:42"
"	6A0C0938","	Ambient","	1","	B01??(?)","	22.9","	2026-07-28 12:16:42"
"	6A0C0938","	Ambient","	1","	B01??(%RH)","	78","	2026-07-28 12:16:40"
"	6A0C0938","	Ambient","	1","	B01??(?)","	22.9","	2026-07-28 12:16:40"
"	6A0C0938","	Ambient","	1","	B01??(%RH)","	78","	2026-07-28 12:16:38"
"	6A0C0938","	Ambient","	1","	B01??(?)","	22.9","	2026-07-28 12:16:38"
"	6A0C0938","	Ambient","	1","	B01??(%RH)","	78","	2026-07-28 12:16:36"
"	6A0C0938","	Ambient","	1","	B01??(?)","	22.9","	2026-07-28 12:16:36"
"	6A0C0938","	Ambient","	1","	B01??(%RH)","	78.1","	2026-07-28 12:16:34"
"	6A0C0938","	Ambient","	1","	B01??(?)","	22.9","	2026-07-28 12:16:34"
"	6A0C0938","	Ambient","	1","	B01??(%RH)","	78.1","	2026-07-28 12:16:32"
"	6A0C0938","	Ambient","	1","	B01??(?)","	22.9","	2026-07-28 12:16:32"
"	6A0C0938","	Ambient","	1","	B01??(%RH)","	78.1","	2026-07-28 12:16:30"
"	6A0C0938","	Ambient","	1","	B01??(?)","	22.9","	2026-07-28 12:16:30"
"	6A0C0938","	Ambient","	1","	B01??(%RH)","	78.1","	2026-07-28 12:16:27"
"	6A0C0938","	Ambient","	1","	B01??(?)","	22.9","	2026-07-28 12:16:27"
"	6A0C0938","	Ambient","	1","	B01??(%RH)","	78.1","	2026-07-28 12:16:25"
"	6A0C0938","	Ambient","	1","	B01??(?)","	22.9","	2026-07-28 12:16:25"
"	6A0C0938","	Ambient","	1","	B01??(%RH)","	78.2","	2026-07-28 12:16:23"
"	6A0C0938","	Ambient","	1","	B01??(?)","	22.9","	2026-07-28 12:16:23"
"	6A0C0938","	Ambient","	1","	B01??(%RH)","	78.2","	2026-07-28 12:16:21"
"	6A0C0938","	Ambient","	1","	B01??(?)","	22.9","	2026-07-28 12:16:21"
"	6A0C0938","	Ambient","	1","	B01??(%RH)","	78.2","	2026-07-28 12:16:19"
"	6A0C0938","	Ambient","	1","	B01??(?)","	22.9","	2026-07-28 12:16:19"
"	6A0C0938","	Ambient","	1","	B01??(%RH)","	78.2","	2026-07-28 12:16:17"
"	6A0C0938","	Ambient","	1","	B01??(?)","	22.9","	2026-07-28 12:16:17"
"	6A0C0938","	Ambient","	1","	B01??(%RH)","	78.2","	2026-07-28 12:16:15"
"	6A0C0938","	Ambient","	1","	B01??(?)","	22.9","	2026-07-28 12:16:15"
"	6A0C0938","	Ambient","	1","	B01??(%RH)","	78.2","	2026-07-28 12:16:13"
"	6A0C0938","	Ambient","	1","	B01??(?)","	22.9","	2026-07-28 12:16:13"
"	6A0C0938","	Ambient","	1","	B01??(%RH)","	78.2","	2026-07-28 12:16:11"
"	6A0C0938","	Ambient","	1","	B01??(?)","	22.9","	2026-07-28 12:16:11"
"	6A0C0938","	Ambient","	1","	B01??(%RH)","	78.1","	2026-07-28 12:16:09"
"	6A0C0938","	Ambient","	1","	B01??(?)","	22.9","	2026-07-28 12:16:09"
"	6A0C0938","	Ambient","	1","	B01??(%RH)","	78.2","	2026-07-28 12:16:07"
"	6A0C0938","	Ambient","	1","	B01??(?)","	22.9","	2026-07-28 12:16:07"
"	6A0C0938","	Ambient","	1","	B01??(%RH)","	78.2","	2026-07-28 12:16:05"
"	6A0C0938","	Ambient","	1","	B01??(?)","	22.9","	2026-07-28 12:16:05"
"	6A0C0938","	Ambient","	1","	B01??(%RH)","	78.2","	2026-07-28 12:16:03"
"	6A0C0938","	Ambient","	1","	B01??(?)","	22.9","	2026-07-28 12:16:03"
"	6A0C0938","	Ambient","	1","	B01??(%RH)","	78.2","	2026-07-28 12:16:01"
"	6A0C0938","	Ambient","	1","	B01??(?)","	22.9","	2026-07-28 12:16:01"
"	6A0C0938","	Ambient","	1","	B01??(%RH)","	78.2","	2026-07-28 12:15:59"
"	6A0C0938","	Ambient","	1","	B01??(?)","	22.9","	2026-07-28 12:15:59"
"	6A0C0938","	Ambient","	1","	B01??(%RH)","	78.2","	2026-07-28 12:15:57"
"	6A0C0938","	Ambient","	1","	B01??(?)","	22.9","	2026-07-28 12:15:57"
"	6A0C0938","	Ambient","	1","	B01??(%RH)","	78.3","	2026-07-28 12:15:55"
"	6A0C0938","	Ambient","	1","	B01??(?)","	22.9","	2026-07-28 12:15:55"
"	6A0C0938","	Ambient","	1","	B01??(%RH)","	78.3","	2026-07-28 12:15:53"
"	6A0C0938","	Ambient","	1","	B01??(?)","	22.9","	2026-07-28 12:15:53"
"	6A0C0938","	Ambient","	1","	B01??(%RH)","	78.2","	2026-07-28 12:15:51"
"	6A0C0938","	Ambient","	1","	B01??(?)","	22.9","	2026-07-28 12:15:51"
"	6A0C0938","	Ambient","	1","	B01??(%RH)","	78.2","	2026-07-28 12:15:49"
"	6A0C0938","	Ambient","	1","	B01??(?)","	22.9","	2026-07-28 12:15:49"
"	6A0C0938","	Ambient","	1","	B01??(%RH)","	78.2","	2026-07-28 12:15:47"
"	6A0C0938","	Ambient","	1","	B01??(?)","	22.9","	2026-07-28 12:15:47"
"	6A0C0938","	Ambient","	1","	B01??(%RH)","	78.2","	2026-07-28 12:15:44"
"	6A0C0938","	Ambient","	1","	B01??(?)","	22.9","	2026-07-28 12:15:44"
"	6A0C0938","	Ambient","	1","	B01??(%RH)","	78.1","	2026-07-28 12:15:42"
"	6A0C0938","	Ambient","	1","	B01??(?)","	22.9","	2026-07-28 12:15:42"
"	6A0C0938","	Ambient","	1","	B01??(%RH)","	78.1","	2026-07-28 12:15:40"
"	6A0C0938","	Ambient","	1","	B01??(?)","	22.9","	2026-07-28 12:15:40"
"	6A0C0938","	Ambient","	1","	B01??(%RH)","	78.1","	2026-07-28 12:15:38"
"	6A0C0938","	Ambient","	1","	B01??(?)","	22.9","	2026-07-28 12:15:38"
"	6A0C0938","	Ambient","	1","	B01??(%RH)","	78.1","	2026-07-28 12:15:36"
"	6A0C0938","	Ambient","	1","	B01??(?)","	22.9","	2026-07-28 12:15:36"
"	6A0C0938","	Ambient","	1","	B01??(%RH)","	78","	2026-07-28 12:15:34"
"	6A0C0938","	Ambient","	1","	B01??(?)","	22.9","	2026-07-28 12:15:34"
"	6A0C0938","	Ambient","	1","	B01??(%RH)","	77.9","	2026-07-28 12:15:32"
"	6A0C0938","	Ambient","	1","	B01??(?)","	22.9","	2026-07-28 12:15:32"
"	6A0C0938","	Ambient","	1","	B01??(%RH)","	77.9","	2026-07-28 12:15:30"
"	6A0C0938","	Ambient","	1","	B01??(?)","	22.9","	2026-07-28 12:15:30"
"	6A0C0938","	Ambient","	1","	B01??(%RH)","	77.9","	2026-07-28 12:15:28"
"	6A0C0938","	Ambient","	1","	B01??(?)","	22.9","	2026-07-28 12:15:28"
"	6A0C0938","	Ambient","	1","	B01??(%RH)","	77.9","	2026-07-28 12:15:26"
"	6A0C0938","	Ambient","	1","	B01??(?)","	22.9","	2026-07-28 12:15:26"
"	6A0C0938","	Ambient","	1","	B01??(%RH)","	77.8","	2026-07-28 12:15:24"
"	6A0C0938","	Ambient","	1","	B01??(?)","	22.9","	2026-07-28 12:15:24"
"	6A0C0938","	Ambient","	1","	B01??(%RH)","	77.8","	2026-07-28 12:15:22"
"	6A0C0938","	Ambient","	1","	B01??(?)","	22.9","	2026-07-28 12:15:22"
"	6A0C0938","	Ambient","	1","	B01??(%RH)","	77.9","	2026-07-28 12:15:20"
"	6A0C0938","	Ambient","	1","	B01??(?)","	22.9","	2026-07-28 12:15:20"
"	6A0C0938","	Ambient","	1","	B01??(%RH)","	77.9","	2026-07-28 12:15:18"
"	6A0C0938","	Ambient","	1","	B01??(?)","	22.9","	2026-07-28 12:15:18"
"	6A0C0938","	Ambient","	1","	B01??(%RH)","	77.9","	2026-07-28 12:15:16"
"	6A0C0938","	Ambient","	1","	B01??(?)","	22.9","	2026-07-28 12:15:16"
"	6A0C0938","	Ambient","	1","	B01??(%RH)","	77.9","	2026-07-28 12:15:14"
"	6A0C0938","	Ambient","	1","	B01??(?)","	22.9","	2026-07-28 12:15:14"
"	6A0C0938","	Ambient","	1","	B01??(%RH)","	77.9","	2026-07-28 12:15:12"
"	6A0C0938","	Ambient","	1","	B01??(?)","	22.9","	2026-07-28 12:15:12"
"	6A0C0938","	Ambient","	1","	B01??(%RH)","	77.9","	2026-07-28 12:15:10"
"	6A0C0938","	Ambient","	1","	B01??(?)","	22.9","	2026-07-28 12:15:10"
"	6A0C0938","	Ambient","	1","	B01??(%RH)","	77.9","	2026-07-28 12:15:08"
"	6A0C0938","	Ambient","	1","	B01??(?)","	22.9","	2026-07-28 12:15:08"
"	6A0C0938","	Ambient","	1","	B01??(%RH)","	77.9","	2026-07-28 12:15:06"
"	6A0C0938","	Ambient","	1","	B01??(?)","	22.9","	2026-07-28 12:15:06"
"	6A0C0938","	Ambient","	1","	B01??(%RH)","	78","	2026-07-28 12:15:03"
"	6A0C0938","	Ambient","	1","	B01??(?)","	22.9","	2026-07-28 12:15:03"
"	6A0C0938","	Ambient","	1","	B01??(%RH)","	78","	2026-07-28 12:15:01"
"	6A0C0938","	Ambient","	1","	B01??(?)","	22.9","	2026-07-28 12:15:01"
"	6A0C0938","	Ambient","	1","	B01??(%RH)","	78","	2026-07-28 12:14:59"
"	6A0C0938","	Ambient","	1","	B01??(?)","	22.9","	2026-07-28 12:14:59"
"	6A0C0938","	Ambient","	1","	B01??(%RH)","	78.1","	2026-07-28 12:14:57"
"	6A0C0938","	Ambient","	1","	B01??(?)","	22.9","	2026-07-28 12:14:57"
"	6A0C0938","	Ambient","	1","	B01??(%RH)","	78.1","	2026-07-28 12:14:55"
"	6A0C0938","	Ambient","	1","	B01??(?)","	22.9","	2026-07-28 12:14:55"
"	6A0C0938","	Ambient","	1","	B01??(%RH)","	78.1","	2026-07-28 12:14:53"
"	6A0C0938","	Ambient","	1","	B01??(?)","	22.9","	2026-07-28 12:14:53"
"	6A0C0938","	Ambient","	1","	B01??(%RH)","	78.1","	2026-07-28 12:14:51"
"	6A0C0938","	Ambient","	1","	B01??(?)","	22.9","	2026-07-28 12:14:51"
"	6A0C0938","	Ambient","	1","	B01??(%RH)","	78.1","	2026-07-28 12:14:49"
"	6A0C0938","	Ambient","	1","	B01??(?)","	22.9","	2026-07-28 12:14:49"
"	6A0C0938","	Ambient","	1","	B01??(%RH)","	78.1","	2026-07-28 12:14:47"
"	6A0C0938","	Ambient","	1","	B01??(?)","	22.9","	2026-07-28 12:14:47"
"	6A0C0938","	Ambient","	1","	B01??(%RH)","	78.2","	2026-07-28 12:14:45"
"	6A0C0938","	Ambient","	1","	B01??(?)","	22.9","	2026-07-28 12:14:45"
"	6A0C0938","	Ambient","	1","	B01??(%RH)","	78.2","	2026-07-28 12:14:43"
"	6A0C0938","	Ambient","	1","	B01??(?)","	22.9","	2026-07-28 12:14:43"
"	6A0C0938","	Ambient","	1","	B01??(%RH)","	78.2","	2026-07-28 12:14:41"
"	6A0C0938","	Ambient","	1","	B01??(?)","	22.9","	2026-07-28 12:14:41"
"	6A0C0938","	Ambient","	1","	B01??(%RH)","	78.2","	2026-07-28 12:14:39"
"	6A0C0938","	Ambient","	1","	B01??(?)","	22.9","	2026-07-28 12:14:39"
"	6A0C0938","	Ambient","	1","	B01??(%RH)","	78.2","	2026-07-28 12:14:37"
"	6A0C0938","	Ambient","	1","	B01??(?)","	22.9","	2026-07-28 12:14:37"
"	6A0C0938","	Ambient","	1","	B01??(%RH)","	78.2","	2026-07-28 12:14:35"
"	6A0C0938","	Ambient","	1","	B01??(?)","	22.9","	2026-07-28 12:14:35"
"	6A0C0938","	Ambient","	1","	B01??(%RH)","	78.2","	2026-07-28 12:14:33"
"	6A0C0938","	Ambient","	1","	B01??(?)","	22.9","	2026-07-28 12:14:33"
"	6A0C0938","	Ambient","	1","	B01??(%RH)","	78.2","	2026-07-28 12:14:31"
"	6A0C0938","	Ambient","	1","	B01??(?)","	22.9","	2026-07-28 12:14:31"
"	6A0C0938","	Ambient","	1","	B01??(?)","	22.9","	2026-07-28 12:14:29"
"	6A0C0938","	Ambient","	1","	B01??(%RH)","	78.1","	2026-07-28 12:14:29"
"	6A0C0938","	Ambient","	1","	B01??(%RH)","	78","	2026-07-28 12:14:27"
"	6A0C0938","	Ambient","	1","	B01??(?)","	22.9","	2026-07-28 12:14:27"
"	6A0C0938","	Ambient","	1","	B01??(%RH)","	78","	2026-07-28 12:14:25"
"	6A0C0938","	Ambient","	1","	B01??(?)","	22.9","	2026-07-28 12:14:25"
"	6A0C0938","	Ambient","	1","	B01??(%RH)","	77.9","	2026-07-28 12:14:22"
"	6A0C0938","	Ambient","	1","	B01??(?)","	22.9","	2026-07-28 12:14:22"
"	6A0C0938","	Ambient","	1","	B01??(%RH)","	77.8","	2026-07-28 12:14:20"
"	6A0C0938","	Ambient","	1","	B01??(?)","	22.9","	2026-07-28 12:14:20"
"	6A0C0938","	Ambient","	1","	B01??(%RH)","	77.9","	2026-07-28 12:14:18"
"	6A0C0938","	Ambient","	1","	B01??(?)","	22.9","	2026-07-28 12:14:18"
"	6A0C0938","	Ambient","	1","	B01??(%RH)","	77.8","	2026-07-28 12:14:16"
"	6A0C0938","	Ambient","	1","	B01??(?)","	22.9","	2026-07-28 12:14:16"
"	6A0C0938","	Ambient","	1","	B01??(%RH)","	77.8","	2026-07-28 12:14:14"
"	6A0C0938","	Ambient","	1","	B01??(?)","	22.9","	2026-07-28 12:14:14"
"	6A0C0938","	Ambient","	1","	B01??(%RH)","	77.9","	2026-07-28 12:14:12"
"	6A0C0938","	Ambient","	1","	B01??(?)","	22.9","	2026-07-28 12:14:12"
"	6A0C0938","	Ambient","	1","	B01??(%RH)","	77.9","	2026-07-28 12:14:10"
"	6A0C0938","	Ambient","	1","	B01??(?)","	22.9","	2026-07-28 12:14:10"
"	6A0C0938","	Ambient","	1","	B01??(%RH)","	78","	2026-07-28 12:14:08"
"	6A0C0938","	Ambient","	1","	B01??(?)","	22.9","	2026-07-28 12:14:08"
"	6A0C0938","	Ambient","	1","	B01??(%RH)","	78","	2026-07-28 12:14:06"
"	6A0C0938","	Ambient","	1","	B01??(?)","	22.9","	2026-07-28 12:14:06"
"	6A0C0938","	Ambient","	1","	B01??(%RH)","	78","	2026-07-28 12:14:04"
"	6A0C0938","	Ambient","	1","	B01??(?)","	22.9","	2026-07-28 12:14:04"
"	6A0C0938","	Ambient","	1","	B01??(%RH)","	78.1","	2026-07-28 12:14:02"
"	6A0C0938","	Ambient","	1","	B01??(?)","	22.9","	2026-07-28 12:14:02"
"	6A0C0938","	Ambient","	1","	B01??(%RH)","	78.1","	2026-07-28 12:14:00"
"	6A0C0938","	Ambient","	1","	B01??(?)","	22.9","	2026-07-28 12:14:00"
"	6A0C0938","	Ambient","	1","	B01??(%RH)","	78.1","	2026-07-28 12:13:58"
"	6A0C0938","	Ambient","	1","	B01??(?)","	22.9","	2026-07-28 12:13:58"
"	6A0C0938","	Ambient","	1","	B01??(%RH)","	78.2","	2026-07-28 12:13:56"
"	6A0C0938","	Ambient","	1","	B01??(?)","	22.9","	2026-07-28 12:13:56"
"	6A0C0938","	Ambient","	1","	B01??(%RH)","	78.2","	2026-07-28 12:13:54"
"	6A0C0938","	Ambient","	1","	B01??(?)","	22.9","	2026-07-28 12:13:54"
"	6A0C0938","	Ambient","	1","	B01??(%RH)","	78.3","	2026-07-28 12:13:52"
"	6A0C0938","	Ambient","	1","	B01??(?)","	22.9","	2026-07-28 12:13:52"
"	6A0C0938","	Ambient","	1","	B01??(%RH)","	78.3","	2026-07-28 12:13:50"
"	6A0C0938","	Ambient","	1","	B01??(?)","	22.9","	2026-07-28 12:13:50"
"	6A0C0938","	Ambient","	1","	B01??(%RH)","	78.3","	2026-07-28 12:13:48"
"	6A0C0938","	Ambient","	1","	B01??(?)","	22.9","	2026-07-28 12:13:48"
"	6A0C0938","	Ambient","	1","	B01??(%RH)","	78.3","	2026-07-28 12:13:46"
"	6A0C0938","	Ambient","	1","	B01??(?)","	22.9","	2026-07-28 12:13:46"
"	6A0C0938","	Ambient","	1","	B01??(%RH)","	78.3","	2026-07-28 12:13:44"
"	6A0C0938","	Ambient","	1","	B01??(?)","	22.9","	2026-07-28 12:13:44"
"	6A0C0938","	Ambient","	1","	B01??(%RH)","	78.3","	2026-07-28 12:13:42"
"	6A0C0938","	Ambient","	1","	B01??(?)","	22.9","	2026-07-28 12:13:42"
"	6A0C0938","	Ambient","	1","	B01??(%RH)","	78.3","	2026-07-28 12:13:39"
"	6A0C0938","	Ambient","	1","	B01??(?)","	22.9","	2026-07-28 12:13:39"
"	6A0C0938","	Ambient","	1","	B01??(%RH)","	78.2","	2026-07-28 12:13:37"
"	6A0C0938","	Ambient","	1","	B01??(?)","	22.9","	2026-07-28 12:13:37"
"	6A0C0938","	Ambient","	1","	B01??(%RH)","	78.3","	2026-07-28 12:13:35"
"	6A0C0938","	Ambient","	1","	B01??(?)","	22.9","	2026-07-28 12:13:35"
"	6A0C0938","	Ambient","	1","	B01??(%RH)","	78.2","	2026-07-28 12:13:33"
"	6A0C0938","	Ambient","	1","	B01??(?)","	22.9","	2026-07-28 12:13:33"
"	6A0C0938","	Ambient","	1","	B01??(%RH)","	78.3","	2026-07-28 12:13:31"
"	6A0C0938","	Ambient","	1","	B01??(?)","	22.9","	2026-07-28 12:13:31"
"	6A0C0938","	Ambient","	1","	B01??(%RH)","	78.3","	2026-07-28 12:13:29"
"	6A0C0938","	Ambient","	1","	B01??(?)","	22.9","	2026-07-28 12:13:29"
"	6A0C0938","	Ambient","	1","	B01??(%RH)","	78.3","	2026-07-28 12:13:27"
"	6A0C0938","	Ambient","	1","	B01??(?)","	22.9","	2026-07-28 12:13:27"
"	6A0C0938","	Ambient","	1","	B01??(%RH)","	78.2","	2026-07-28 12:13:25"
"	6A0C0938","	Ambient","	1","	B01??(?)","	22.9","	2026-07-28 12:13:25"
"	6A0C0938","	Ambient","	1","	B01??(%RH)","	78.3","	2026-07-28 12:13:23"
"	6A0C0938","	Ambient","	1","	B01??(?)","	22.9","	2026-07-28 12:13:23"
"	6A0C0938","	Ambient","	1","	B01??(%RH)","	78.3","	2026-07-28 12:13:21"
"	6A0C0938","	Ambient","	1","	B01??(?)","	22.9","	2026-07-28 12:13:21"
"	6A0C0938","	Ambient","	1","	B01??(%RH)","	78.3","	2026-07-28 12:13:19"
"	6A0C0938","	Ambient","	1","	B01??(?)","	22.9","	2026-07-28 12:13:19"
"	6A0C0938","	Ambient","	1","	B01??(%RH)","	78.3","	2026-07-28 12:13:17"
"	6A0C0938","	Ambient","	1","	B01??(?)","	22.9","	2026-07-28 12:13:17"
"	6A0C0938","	Ambient","	1","	B01??(%RH)","	78.3","	2026-07-28 12:13:15"
"	6A0C0938","	Ambient","	1","	B01??(?)","	22.9","	2026-07-28 12:13:15"
"	6A0C0938","	Ambient","	1","	B01??(%RH)","	78.3","	2026-07-28 12:13:13"
"	6A0C0938","	Ambient","	1","	B01??(?)","	22.9","	2026-07-28 12:13:13"
"	6A0C0938","	Ambient","	1","	B01??(%RH)","	78.2","	2026-07-28 12:13:11"
"	6A0C0938","	Ambient","	1","	B01??(?)","	22.9","	2026-07-28 12:13:11"
"	6A0C0938","	Ambient","	1","	B01??(%RH)","	78.2","	2026-07-28 12:13:09"
"	6A0C0938","	Ambient","	1","	B01??(?)","	22.9","	2026-07-28 12:13:09"
"	6A0C0938","	Ambient","	1","	B01??(%RH)","	78.2","	2026-07-28 12:13:07"
"	6A0C0938","	Ambient","	1","	B01??(?)","	22.9","	2026-07-28 12:13:07"
"	6A0C0938","	Ambient","	1","	B01??(%RH)","	78.2","	2026-07-28 12:13:05"
"	6A0C0938","	Ambient","	1","	B01??(?)","	22.9","	2026-07-28 12:13:05"
"	6A0C0938","	Ambient","	1","	B01??(%RH)","	78.2","	2026-07-28 12:13:03"
"	6A0C0938","	Ambient","	1","	B01??(?)","	22.9","	2026-07-28 12:13:03"
"	6A0C0938","	Ambient","	1","	B01??(%RH)","	78.2","	2026-07-28 12:13:01"
"	6A0C0938","	Ambient","	1","	B01??(?)","	22.9","	2026-07-28 12:13:01"
"	6A0C0938","	Ambient","	1","	B01??(%RH)","	78.2","	2026-07-28 12:12:58"
"	6A0C0938","	Ambient","	1","	B01??(?)","	22.9","	2026-07-28 12:12:58"
"	6A0C0938","	Ambient","	1","	B01??(%RH)","	78.2","	2026-07-28 12:12:56"
"	6A0C0938","	Ambient","	1","	B01??(?)","	22.9","	2026-07-28 12:12:56"
"	6A0C0938","	Ambient","	1","	B01??(%RH)","	78.2","	2026-07-28 12:12:54"
"	6A0C0938","	Ambient","	1","	B01??(?)","	22.9","	2026-07-28 12:12:54"
"	6A0C0938","	Ambient","	1","	B01??(%RH)","	78.2","	2026-07-28 12:12:52"
"	6A0C0938","	Ambient","	1","	B01??(?)","	22.9","	2026-07-28 12:12:52"
"	6A0C0938","	Ambient","	1","	B01??(%RH)","	78.1","	2026-07-28 12:12:50"
"	6A0C0938","	Ambient","	1","	B01??(?)","	22.9","	2026-07-28 12:12:50"
"	6A0C0938","	Ambient","	1","	B01??(%RH)","	78.1","	2026-07-28 12:12:48"
"	6A0C0938","	Ambient","	1","	B01??(?)","	22.9","	2026-07-28 12:12:48"
"	6A0C0938","	Ambient","	1","	B01??(%RH)","	78.1","	2026-07-28 12:12:46"
"	6A0C0938","	Ambient","	1","	B01??(?)","	22.9","	2026-07-28 12:12:46"
"	6A0C0938","	Ambient","	1","	B01??(%RH)","	78.1","	2026-07-28 12:12:44"
"	6A0C0938","	Ambient","	1","	B01??(?)","	22.9","	2026-07-28 12:12:44"
"	6A0C0938","	Ambient","	1","	B01??(%RH)","	78.1","	2026-07-28 12:12:42"
"	6A0C0938","	Ambient","	1","	B01??(?)","	22.9","	2026-07-28 12:12:42"
"	6A0C0938","	Ambient","	1","	B01??(%RH)","	78.1","	2026-07-28 12:12:40"
"	6A0C0938","	Ambient","	1","	B01??(?)","	22.9","	2026-07-28 12:12:40"
"	6A0C0938","	Ambient","	1","	B01??(%RH)","	78.1","	2026-07-28 12:12:38"
"	6A0C0938","	Ambient","	1","	B01??(?)","	22.9","	2026-07-28 12:12:38"
"	6A0C0938","	Ambient","	1","	B01??(%RH)","	78.1","	2026-07-28 12:12:36"
"	6A0C0938","	Ambient","	1","	B01??(?)","	22.9","	2026-07-28 12:12:36"
"	6A0C0938","	Ambient","	1","	B01??(%RH)","	78.1","	2026-07-28 12:12:34"
"	6A0C0938","	Ambient","	1","	B01??(?)","	22.9","	2026-07-28 12:12:34"
"	6A0C0938","	Ambient","	1","	B01??(%RH)","	78.1","	2026-07-28 12:12:32"
"	6A0C0938","	Ambient","	1","	B01??(?)","	22.9","	2026-07-28 12:12:32"
"	6A0C0938","	Ambient","	1","	B01??(%RH)","	78.1","	2026-07-28 12:12:30"
"	6A0C0938","	Ambient","	1","	B01??(?)","	22.9","	2026-07-28 12:12:30"
"	6A0C0938","	Ambient","	1","	B01??(%RH)","	78.1","	2026-07-28 12:12:28"
"	6A0C0938","	Ambient","	1","	B01??(?)","	22.9","	2026-07-28 12:12:28"
"	6A0C0938","	Ambient","	1","	B01??(%RH)","	78.1","	2026-07-28 12:12:26"
"	6A0C0938","	Ambient","	1","	B01??(?)","	22.9","	2026-07-28 12:12:26"
"	6A0C0938","	Ambient","	1","	B01??(%RH)","	78.1","	2026-07-28 12:12:24"
"	6A0C0938","	Ambient","	1","	B01??(?)","	22.9","	2026-07-28 12:12:24"
"	6A0C0938","	Ambient","	1","	B01??(%RH)","	78.1","	2026-07-28 12:12:22"
"	6A0C0938","	Ambient","	1","	B01??(?)","	22.9","	2026-07-28 12:12:22"
"	6A0C0938","	Ambient","	1","	B01??(%RH)","	78.1","	2026-07-28 12:12:20"
"	6A0C0938","	Ambient","	1","	B01??(?)","	22.9","	2026-07-28 12:12:20"
"	6A0C0938","	Ambient","	1","	B01??(%RH)","	78","	2026-07-28 12:12:18"
"	6A0C0938","	Ambient","	1","	B01??(?)","	22.9","	2026-07-28 12:12:18"
"	6A0C0938","	Ambient","	1","	B01??(%RH)","	78","	2026-07-28 12:12:15"
"	6A0C0938","	Ambient","	1","	B01??(?)","	22.9","	2026-07-28 12:12:15"
"	6A0C0938","	Ambient","	1","	B01??(%RH)","	78","	2026-07-28 12:12:13"
"	6A0C0938","	Ambient","	1","	B01??(?)","	22.9","	2026-07-28 12:12:13"
"	6A0C0938","	Ambient","	1","	B01??(%RH)","	78","	2026-07-28 12:12:11"
"	6A0C0938","	Ambient","	1","	B01??(?)","	22.9","	2026-07-28 12:12:11"
"	6A0C0938","	Ambient","	1","	B01??(%RH)","	78","	2026-07-28 12:12:09"
"	6A0C0938","	Ambient","	1","	B01??(?)","	22.9","	2026-07-28 12:12:09"
"	6A0C0938","	Ambient","	1","	B01??(%RH)","	78","	2026-07-28 12:12:07"
"	6A0C0938","	Ambient","	1","	B01??(?)","	22.9","	2026-07-28 12:12:07"
"	6A0C0938","	Ambient","	1","	B01??(%RH)","	78.1","	2026-07-28 12:12:05"
"	6A0C0938","	Ambient","	1","	B01??(?)","	22.9","	2026-07-28 12:12:05"
"	6A0C0938","	Ambient","	1","	B01??(%RH)","	78.1","	2026-07-28 12:12:03"
"	6A0C0938","	Ambient","	1","	B01??(?)","	22.9","	2026-07-28 12:12:03"
"	6A0C0938","	Ambient","	1","	B01??(%RH)","	78.1","	2026-07-28 12:12:01"
"	6A0C0938","	Ambient","	1","	B01??(?)","	22.9","	2026-07-28 12:12:01"
"	6A0C0938","	Ambient","	1","	B01??(%RH)","	78.2","	2026-07-28 12:11:59"
"	6A0C0938","	Ambient","	1","	B01??(?)","	22.9","	2026-07-28 12:11:59"
"	6A0C0938","	Ambient","	1","	B01??(%RH)","	78.2","	2026-07-28 12:11:57"
"	6A0C0938","	Ambient","	1","	B01??(?)","	22.9","	2026-07-28 12:11:57"
"	6A0C0938","	Ambient","	1","	B01??(%RH)","	78.2","	2026-07-28 12:11:55"
"	6A0C0938","	Ambient","	1","	B01??(?)","	22.9","	2026-07-28 12:11:55"
"	6A0C0938","	Ambient","	1","	B01??(%RH)","	78.2","	2026-07-28 12:11:53"
"	6A0C0938","	Ambient","	1","	B01??(?)","	22.9","	2026-07-28 12:11:53"
"	6A0C0938","	Ambient","	1","	B01??(%RH)","	78.3","	2026-07-28 12:11:51"
"	6A0C0938","	Ambient","	1","	B01??(?)","	22.9","	2026-07-28 12:11:51"
"	6A0C0938","	Ambient","	1","	B01??(%RH)","	78.3","	2026-07-28 12:11:49"
"	6A0C0938","	Ambient","	1","	B01??(?)","	22.9","	2026-07-28 12:11:49"
"	6A0C0938","	Ambient","	1","	B01??(%RH)","	78.2","	2026-07-28 12:11:47"
"	6A0C0938","	Ambient","	1","	B01??(?)","	22.9","	2026-07-28 12:11:47"
"	6A0C0938","	Ambient","	1","	B01??(%RH)","	78.2","	2026-07-28 12:11:45"
"	6A0C0938","	Ambient","	1","	B01??(?)","	22.9","	2026-07-28 12:11:45"
"	6A0C0938","	Ambient","	1","	B01??(%RH)","	78.2","	2026-07-28 12:11:43"
"	6A0C0938","	Ambient","	1","	B01??(?)","	22.9","	2026-07-28 12:11:43"
"	6A0C0938","	Ambient","	1","	B01??(%RH)","	78.2","	2026-07-28 12:11:41"
"	6A0C0938","	Ambient","	1","	B01??(?)","	22.9","	2026-07-28 12:11:41"
"	6A0C0938","	Ambient","	1","	B01??(%RH)","	78.2","	2026-07-28 12:11:39"
"	6A0C0938","	Ambient","	1","	B01??(?)","	22.9","	2026-07-28 12:11:39"
"	6A0C0938","	Ambient","	1","	B01??(%RH)","	78.2","	2026-07-28 12:11:37"
"	6A0C0938","	Ambient","	1","	B01??(?)","	22.9","	2026-07-28 12:11:37"
"	6A0C0938","	Ambient","	1","	B01??(%RH)","	78.3","	2026-07-28 12:11:35"
"	6A0C0938","	Ambient","	1","	B01??(?)","	22.9","	2026-07-28 12:11:35"
"	6A0C0938","	Ambient","	1","	B01??(%RH)","	78.2","	2026-07-28 12:11:32"
"	6A0C0938","	Ambient","	1","	B01??(?)","	22.9","	2026-07-28 12:11:32"
"	6A0C0938","	Ambient","	1","	B01??(%RH)","	78.2","	2026-07-28 12:11:30"
"	6A0C0938","	Ambient","	1","	B01??(?)","	22.9","	2026-07-28 12:11:30"
"	6A0C0938","	Ambient","	1","	B01??(%RH)","	78.2","	2026-07-28 12:11:28"
"	6A0C0938","	Ambient","	1","	B01??(?)","	22.9","	2026-07-28 12:11:28"
"	6A0C0938","	Ambient","	1","	B01??(%RH)","	78.2","	2026-07-28 12:11:26"
"	6A0C0938","	Ambient","	1","	B01??(?)","	22.9","	2026-07-28 12:11:26"
"	6A0C0938","	Ambient","	1","	B01??(%RH)","	78.2","	2026-07-28 12:11:24"
"	6A0C0938","	Ambient","	1","	B01??(?)","	22.9","	2026-07-28 12:11:24"
"	6A0C0938","	Ambient","	1","	B01??(%RH)","	78.2","	2026-07-28 12:11:22"
"	6A0C0938","	Ambient","	1","	B01??(?)","	22.9","	2026-07-28 12:11:22"
"	6A0C0938","	Ambient","	1","	B01??(%RH)","	78.2","	2026-07-28 12:11:20"
"	6A0C0938","	Ambient","	1","	B01??(?)","	22.9","	2026-07-28 12:11:20"
"	6A0C0938","	Ambient","	1","	B01??(%RH)","	78.2","	2026-07-28 12:11:18"
"	6A0C0938","	Ambient","	1","	B01??(?)","	22.9","	2026-07-28 12:11:18"
"	6A0C0938","	Ambient","	1","	B01??(%RH)","	78.2","	2026-07-28 12:11:16"
"	6A0C0938","	Ambient","	1","	B01??(?)","	22.9","	2026-07-28 12:11:16"
"	6A0C0938","	Ambient","	1","	B01??(%RH)","	78.1","	2026-07-28 12:11:14"
"	6A0C0938","	Ambient","	1","	B01??(?)","	22.9","	2026-07-28 12:11:14"
"	6A0C0938","	Ambient","	1","	B01??(%RH)","	78","	2026-07-28 12:11:12"
"	6A0C0938","	Ambient","	1","	B01??(?)","	22.9","	2026-07-28 12:11:12"
"	6A0C0938","	Ambient","	1","	B01??(%RH)","	78","	2026-07-28 12:11:10"
"	6A0C0938","	Ambient","	1","	B01??(?)","	22.9","	2026-07-28 12:11:10"
"	6A0C0938","	Ambient","	1","	B01??(%RH)","	77.9","	2026-07-28 12:11:08"
"	6A0C0938","	Ambient","	1","	B01??(?)","	22.9","	2026-07-28 12:11:08"
"	6A0C0938","	Ambient","	1","	B01??(%RH)","	77.8","	2026-07-28 12:11:06"
"	6A0C0938","	Ambient","	1","	B01??(?)","	22.9","	2026-07-28 12:11:06"
"	6A0C0938","	Ambient","	1","	B01??(%RH)","	77.9","	2026-07-28 12:11:04"
"	6A0C0938","	Ambient","	1","	B01??(?)","	22.9","	2026-07-28 12:11:04"
"	6A0C0938","	Ambient","	1","	B01??(%RH)","	77.9","	2026-07-28 12:11:02"
"	6A0C0938","	Ambient","	1","	B01??(?)","	22.9","	2026-07-28 12:11:02"
"	6A0C0938","	Ambient","	1","	B01??(%RH)","	77.9","	2026-07-28 12:11:00"
"	6A0C0938","	Ambient","	1","	B01??(?)","	22.9","	2026-07-28 12:11:00"
"	6A0C0938","	Ambient","	1","	B01??(%RH)","	77.9","	2026-07-28 12:10:58"
"	6A0C0938","	Ambient","	1","	B01??(?)","	22.9","	2026-07-28 12:10:58"
"	6A0C0938","	Ambient","	1","	B01??(%RH)","	77.9","	2026-07-28 12:10:56"
"	6A0C0938","	Ambient","	1","	B01??(?)","	22.9","	2026-07-28 12:10:56"
"	6A0C0938","	Ambient","	1","	B01??(%RH)","	77.9","	2026-07-28 12:10:54"
"	6A0C0938","	Ambient","	1","	B01??(?)","	22.9","	2026-07-28 12:10:54"
"	6A0C0938","	Ambient","	1","	B01??(%RH)","	78","	2026-07-28 12:10:51"
"	6A0C0938","	Ambient","	1","	B01??(?)","	22.9","	2026-07-28 12:10:51"
"	6A0C0938","	Ambient","	1","	B01??(%RH)","	78","	2026-07-28 12:10:49"
"	6A0C0938","	Ambient","	1","	B01??(?)","	22.9","	2026-07-28 12:10:49"
"	6A0C0938","	Ambient","	1","	B01??(%RH)","	78","	2026-07-28 12:10:47"
"	6A0C0938","	Ambient","	1","	B01??(?)","	22.9","	2026-07-28 12:10:47"
"	6A0C0938","	Ambient","	1","	B01??(%RH)","	78","	2026-07-28 12:10:45"
"	6A0C0938","	Ambient","	1","	B01??(?)","	22.9","	2026-07-28 12:10:45"
"	6A0C0938","	Ambient","	1","	B01??(%RH)","	78","	2026-07-28 12:10:43"
"	6A0C0938","	Ambient","	1","	B01??(?)","	22.9","	2026-07-28 12:10:43"
"	6A0C0938","	Ambient","	1","	B01??(%RH)","	78","	2026-07-28 12:10:41"
"	6A0C0938","	Ambient","	1","	B01??(?)","	22.9","	2026-07-28 12:10:41"
"	6A0C0938","	Ambient","	1","	B01??(%RH)","	78.1","	2026-07-28 12:10:39"
"	6A0C0938","	Ambient","	1","	B01??(?)","	22.9","	2026-07-28 12:10:39"
"	6A0C0938","	Ambient","	1","	B01??(%RH)","	78.1","	2026-07-28 12:10:37"
"	6A0C0938","	Ambient","	1","	B01??(?)","	22.9","	2026-07-28 12:10:37"
"	6A0C0938","	Ambient","	1","	B01??(%RH)","	78.1","	2026-07-28 12:10:35"
"	6A0C0938","	Ambient","	1","	B01??(?)","	22.9","	2026-07-28 12:10:35"
"	6A0C0938","	Ambient","	1","	B01??(%RH)","	78.1","	2026-07-28 12:10:33"
"	6A0C0938","	Ambient","	1","	B01??(?)","	22.9","	2026-07-28 12:10:33"
"	6A0C0938","	Ambient","	1","	B01??(%RH)","	78.1","	2026-07-28 12:10:31"
"	6A0C0938","	Ambient","	1","	B01??(?)","	22.9","	2026-07-28 12:10:31"
"	6A0C0938","	Ambient","	1","	B01??(%RH)","	78.1","	2026-07-28 12:10:29"
"	6A0C0938","	Ambient","	1","	B01??(?)","	22.9","	2026-07-28 12:10:29"
"	6A0C0938","	Ambient","	1","	B01??(%RH)","	78","	2026-07-28 12:10:27"
"	6A0C0938","	Ambient","	1","	B01??(?)","	22.9","	2026-07-28 12:10:27"
"	6A0C0938","	Ambient","	1","	B01??(%RH)","	78","	2026-07-28 12:10:25"
"	6A0C0938","	Ambient","	1","	B01??(?)","	22.9","	2026-07-28 12:10:25"
"	6A0C0938","	Ambient","	1","	B01??(%RH)","	78.1","	2026-07-28 12:10:23"
"	6A0C0938","	Ambient","	1","	B01??(?)","	22.9","	2026-07-28 12:10:23"
"	6A0C0938","	Ambient","	1","	B01??(%RH)","	78","	2026-07-28 12:10:21"
"	6A0C0938","	Ambient","	1","	B01??(?)","	22.9","	2026-07-28 12:10:21"
"	6A0C0938","	Ambient","	1","	B01??(%RH)","	78","	2026-07-28 12:10:19"
"	6A0C0938","	Ambient","	1","	B01??(?)","	22.9","	2026-07-28 12:10:19"
"	6A0C0938","	Ambient","	1","	B01??(%RH)","	78","	2026-07-28 12:10:17"
"	6A0C0938","	Ambient","	1","	B01??(?)","	22.9","	2026-07-28 12:10:17"
"	6A0C0938","	Ambient","	1","	B01??(%RH)","	78","	2026-07-28 12:10:15"
"	6A0C0938","	Ambient","	1","	B01??(?)","	22.9","	2026-07-28 12:10:15"
"	6A0C0938","	Ambient","	1","	B01??(%RH)","	77.9","	2026-07-28 12:10:13"
"	6A0C0938","	Ambient","	1","	B01??(?)","	22.9","	2026-07-28 12:10:13"
"	6A0C0938","	Ambient","	1","	B01??(%RH)","	77.9","	2026-07-28 12:10:11"
"	6A0C0938","	Ambient","	1","	B01??(?)","	22.9","	2026-07-28 12:10:11"
"	6A0C0938","	Ambient","	1","	B01??(%RH)","	77.9","	2026-07-28 12:10:08"
"	6A0C0938","	Ambient","	1","	B01??(?)","	22.9","	2026-07-28 12:10:08"
"	6A0C0938","	Ambient","	1","	B01??(%RH)","	77.9","	2026-07-28 12:10:06"
"	6A0C0938","	Ambient","	1","	B01??(?)","	22.9","	2026-07-28 12:10:06"
"	6A0C0938","	Ambient","	1","	B01??(%RH)","	77.8","	2026-07-28 12:10:04"
"	6A0C0938","	Ambient","	1","	B01??(?)","	22.9","	2026-07-28 12:10:04"
"	6A0C0938","	Ambient","	1","	B01??(%RH)","	77.8","	2026-07-28 12:10:02"
"	6A0C0938","	Ambient","	1","	B01??(?)","	22.9","	2026-07-28 12:10:02"
"	6A0C0938","	Ambient","	1","	B01??(%RH)","	77.9","	2026-07-28 12:10:00"
"	6A0C0938","	Ambient","	1","	B01??(?)","	22.9","	2026-07-28 12:10:00"
"	6A0C0938","	Ambient","	1","	B01??(%RH)","	77.9","	2026-07-28 12:09:58"
"	6A0C0938","	Ambient","	1","	B01??(?)","	22.9","	2026-07-28 12:09:58"
"	6A0C0938","	Ambient","	1","	B01??(%RH)","	77.9","	2026-07-28 12:09:56"
"	6A0C0938","	Ambient","	1","	B01??(?)","	22.9","	2026-07-28 12:09:56"
"	6A0C0938","	Ambient","	1","	B01??(%RH)","	77.9","	2026-07-28 12:09:54"
"	6A0C0938","	Ambient","	1","	B01??(?)","	22.9","	2026-07-28 12:09:54"
"	6A0C0938","	Ambient","	1","	B01??(%RH)","	78","	2026-07-28 12:09:52"
"	6A0C0938","	Ambient","	1","	B01??(?)","	22.9","	2026-07-28 12:09:52"
"	6A0C0938","	Ambient","	1","	B01??(%RH)","	78","	2026-07-28 12:09:50"
"	6A0C0938","	Ambient","	1","	B01??(?)","	22.9","	2026-07-28 12:09:50"
"	6A0C0938","	Ambient","	1","	B01??(%RH)","	78.1","	2026-07-28 12:09:48"
"	6A0C0938","	Ambient","	1","	B01??(?)","	22.9","	2026-07-28 12:09:48"
"	6A0C0938","	Ambient","	1","	B01??(%RH)","	78.1","	2026-07-28 12:09:46"
"	6A0C0938","	Ambient","	1","	B01??(?)","	22.9","	2026-07-28 12:09:46"
"	6A0C0938","	Ambient","	1","	B01??(%RH)","	78.1","	2026-07-28 12:09:44"
"	6A0C0938","	Ambient","	1","	B01??(?)","	22.9","	2026-07-28 12:09:44"
"	6A0C0938","	Ambient","	1","	B01??(%RH)","	78","	2026-07-28 12:09:42"
"	6A0C0938","	Ambient","	1","	B01??(?)","	22.9","	2026-07-28 12:09:42"
"	6A0C0938","	Ambient","	1","	B01??(%RH)","	78","	2026-07-28 12:09:40"
"	6A0C0938","	Ambient","	1","	B01??(?)","	22.9","	2026-07-28 12:09:40"
"	6A0C0938","	Ambient","	1","	B01??(%RH)","	78","	2026-07-28 12:09:38"
"	6A0C0938","	Ambient","	1","	B01??(?)","	22.9","	2026-07-28 12:09:38"
"	6A0C0938","	Ambient","	1","	B01??(%RH)","	78","	2026-07-28 12:09:36"
"	6A0C0938","	Ambient","	1","	B01??(?)","	22.9","	2026-07-28 12:09:36"
"	6A0C0938","	Ambient","	1","	B01??(%RH)","	78","	2026-07-28 12:09:34"
"	6A0C0938","	Ambient","	1","	B01??(?)","	22.9","	2026-07-28 12:09:34"
"	6A0C0938","	Ambient","	1","	B01??(%RH)","	78","	2026-07-28 12:09:32"
"	6A0C0938","	Ambient","	1","	B01??(?)","	22.9","	2026-07-28 12:09:32"
"	6A0C0938","	Ambient","	1","	B01??(%RH)","	78","	2026-07-28 12:09:30"
"	6A0C0938","	Ambient","	1","	B01??(?)","	22.9","	2026-07-28 12:09:30"
"	6A0C0938","	Ambient","	1","	B01??(%RH)","	78","	2026-07-28 12:09:27"
"	6A0C0938","	Ambient","	1","	B01??(?)","	22.9","	2026-07-28 12:09:27"
"	6A0C0938","	Ambient","	1","	B01??(%RH)","	78","	2026-07-28 12:09:25"
"	6A0C0938","	Ambient","	1","	B01??(?)","	22.9","	2026-07-28 12:09:25"
"	6A0C0938","	Ambient","	1","	B01??(%RH)","	78","	2026-07-28 12:09:23"
"	6A0C0938","	Ambient","	1","	B01??(?)","	22.9","	2026-07-28 12:09:23"
"	6A0C0938","	Ambient","	1","	B01??(%RH)","	78","	2026-07-28 12:09:21"
"	6A0C0938","	Ambient","	1","	B01??(?)","	22.9","	2026-07-28 12:09:21"
"	6A0C0938","	Ambient","	1","	B01??(%RH)","	78.1","	2026-07-28 12:09:19"
"	6A0C0938","	Ambient","	1","	B01??(?)","	22.9","	2026-07-28 12:09:19"
"	6A0C0938","	Ambient","	1","	B01??(%RH)","	78.1","	2026-07-28 12:09:17"
"	6A0C0938","	Ambient","	1","	B01??(?)","	22.9","	2026-07-28 12:09:17"
"	6A0C0938","	Ambient","	1","	B01??(%RH)","	78.1","	2026-07-28 12:09:15"
"	6A0C0938","	Ambient","	1","	B01??(?)","	22.9","	2026-07-28 12:09:15"
"	6A0C0938","	Ambient","	1","	B01??(%RH)","	78","	2026-07-28 12:09:13"
"	6A0C0938","	Ambient","	1","	B01??(?)","	22.9","	2026-07-28 12:09:13"
"	6A0C0938","	Ambient","	1","	B01??(%RH)","	78","	2026-07-28 12:09:11"
"	6A0C0938","	Ambient","	1","	B01??(?)","	22.9","	2026-07-28 12:09:11"
"	6A0C0938","	Ambient","	1","	B01??(%RH)","	78","	2026-07-28 12:09:09"
"	6A0C0938","	Ambient","	1","	B01??(?)","	22.9","	2026-07-28 12:09:09"
"	6A0C0938","	Ambient","	1","	B01??(%RH)","	78","	2026-07-28 12:09:07"
"	6A0C0938","	Ambient","	1","	B01??(?)","	22.9","	2026-07-28 12:09:07"
"	6A0C0938","	Ambient","	1","	B01??(%RH)","	78","	2026-07-28 12:09:05"
"	6A0C0938","	Ambient","	1","	B01??(?)","	22.9","	2026-07-28 12:09:05"
"	6A0C0938","	Ambient","	1","	B01??(%RH)","	78","	2026-07-28 12:09:03"
"	6A0C0938","	Ambient","	1","	B01??(?)","	22.9","	2026-07-28 12:09:03"
"	6A0C0938","	Ambient","	1","	B01??(%RH)","	78","	2026-07-28 12:09:01"
"	6A0C0938","	Ambient","	1","	B01??(?)","	22.9","	2026-07-28 12:09:01"
"	6A0C0938","	Ambient","	1","	B01??(%RH)","	78","	2026-07-28 12:08:59"
"	6A0C0938","	Ambient","	1","	B01??(?)","	22.9","	2026-07-28 12:08:59"
"	6A0C0938","	Ambient","	1","	B01??(%RH)","	78","	2026-07-28 12:08:57"
"	6A0C0938","	Ambient","	1","	B01??(?)","	22.9","	2026-07-28 12:08:57"
"	6A0C0938","	Ambient","	1","	B01??(%RH)","	78","	2026-07-28 12:08:55"
"	6A0C0938","	Ambient","	1","	B01??(?)","	22.9","	2026-07-28 12:08:55"
"	6A0C0938","	Ambient","	1","	B01??(%RH)","	78","	2026-07-28 12:08:53"
"	6A0C0938","	Ambient","	1","	B01??(?)","	22.9","	2026-07-28 12:08:53"
"	6A0C0938","	Ambient","	1","	B01??(%RH)","	78","	2026-07-28 12:08:51"
"	6A0C0938","	Ambient","	1","	B01??(?)","	22.9","	2026-07-28 12:08:51"
"	6A0C0938","	Ambient","	1","	B01??(%RH)","	78","	2026-07-28 12:08:49"
"	6A0C0938","	Ambient","	1","	B01??(?)","	22.9","	2026-07-28 12:08:49"
"	6A0C0938","	Ambient","	1","	B01??(%RH)","	78","	2026-07-28 12:08:47"
"	6A0C0938","	Ambient","	1","	B01??(?)","	22.9","	2026-07-28 12:08:47"
"	6A0C0938","	Ambient","	1","	B01??(%RH)","	78","	2026-07-28 12:08:44"
"	6A0C0938","	Ambient","	1","	B01??(?)","	22.9","	2026-07-28 12:08:44"
"	6A0C0938","	Ambient","	1","	B01??(%RH)","	78","	2026-07-28 12:08:42"
"	6A0C0938","	Ambient","	1","	B01??(?)","	22.9","	2026-07-28 12:08:42"
"	6A0C0938","	Ambient","	1","	B01??(%RH)","	78.1","	2026-07-28 12:08:40"
"	6A0C0938","	Ambient","	1","	B01??(?)","	22.9","	2026-07-28 12:08:40"
"	6A0C0938","	Ambient","	1","	B01??(%RH)","	78.1","	2026-07-28 12:08:38"
"	6A0C0938","	Ambient","	1","	B01??(?)","	22.9","	2026-07-28 12:08:38"
"	6A0C0938","	Ambient","	1","	B01??(%RH)","	78.2","	2026-07-28 12:08:36"
"	6A0C0938","	Ambient","	1","	B01??(?)","	22.9","	2026-07-28 12:08:36"
"	6A0C0938","	Ambient","	1","	B01??(%RH)","	78.2","	2026-07-28 12:08:34"
"	6A0C0938","	Ambient","	1","	B01??(?)","	22.9","	2026-07-28 12:08:34"
"	6A0C0938","	Ambient","	1","	B01??(%RH)","	78.2","	2026-07-28 12:08:32"
"	6A0C0938","	Ambient","	1","	B01??(?)","	22.9","	2026-07-28 12:08:32"
"	6A0C0938","	Ambient","	1","	B01??(%RH)","	78.2","	2026-07-28 12:08:30"
"	6A0C0938","	Ambient","	1","	B01??(?)","	22.9","	2026-07-28 12:08:30"
"	6A0C0938","	Ambient","	1","	B01??(%RH)","	78.1","	2026-07-28 12:08:28"
"	6A0C0938","	Ambient","	1","	B01??(?)","	22.9","	2026-07-28 12:08:28"
"	6A0C0938","	Ambient","	1","	B01??(%RH)","	78.1","	2026-07-28 12:08:26"
"	6A0C0938","	Ambient","	1","	B01??(?)","	22.9","	2026-07-28 12:08:26"
"	6A0C0938","	Ambient","	1","	B01??(%RH)","	78.1","	2026-07-28 12:08:24"
"	6A0C0938","	Ambient","	1","	B01??(?)","	22.9","	2026-07-28 12:08:24"
"	6A0C0938","	Ambient","	1","	B01??(%RH)","	78.1","	2026-07-28 12:08:22"
"	6A0C0938","	Ambient","	1","	B01??(?)","	22.9","	2026-07-28 12:08:22"
"	6A0C0938","	Ambient","	1","	B01??(%RH)","	78.1","	2026-07-28 12:08:20"
"	6A0C0938","	Ambient","	1","	B01??(?)","	22.9","	2026-07-28 12:08:20"
"	6A0C0938","	Ambient","	1","	B01??(%RH)","	78.1","	2026-07-28 12:08:18"
"	6A0C0938","	Ambient","	1","	B01??(?)","	22.9","	2026-07-28 12:08:18"
"	6A0C0938","	Ambient","	1","	B01??(%RH)","	78.1","	2026-07-28 12:08:16"
"	6A0C0938","	Ambient","	1","	B01??(?)","	22.9","	2026-07-28 12:08:16"
"	6A0C0938","	Ambient","	1","	B01??(%RH)","	78.1","	2026-07-28 12:08:14"
"	6A0C0938","	Ambient","	1","	B01??(?)","	22.9","	2026-07-28 12:08:14"
"	6A0C0938","	Ambient","	1","	B01??(%RH)","	78.1","	2026-07-28 12:08:12"
"	6A0C0938","	Ambient","	1","	B01??(?)","	22.9","	2026-07-28 12:08:12"
"	6A0C0938","	Ambient","	1","	B01??(%RH)","	78.1","	2026-07-28 12:08:10"
"	6A0C0938","	Ambient","	1","	B01??(?)","	22.9","	2026-07-28 12:08:10"
"	6A0C0938","	Ambient","	1","	B01??(%RH)","	78.1","	2026-07-28 12:08:08"
"	6A0C0938","	Ambient","	1","	B01??(?)","	22.9","	2026-07-28 12:08:08"
"	6A0C0938","	Ambient","	1","	B01??(%RH)","	78.1","	2026-07-28 12:08:06"
"	6A0C0938","	Ambient","	1","	B01??(?)","	22.9","	2026-07-28 12:08:06"
"	6A0C0938","	Ambient","	1","	B01??(%RH)","	78.1","	2026-07-28 12:08:04"
"	6A0C0938","	Ambient","	1","	B01??(?)","	22.9","	2026-07-28 12:08:04"
"	6A0C0938","	Ambient","	1","	B01??(%RH)","	78.1","	2026-07-28 12:08:01"
"	6A0C0938","	Ambient","	1","	B01??(?)","	22.9","	2026-07-28 12:08:01"
"	6A0C0938","	Ambient","	1","	B01??(%RH)","	78.1","	2026-07-28 12:07:59"
"	6A0C0938","	Ambient","	1","	B01??(?)","	22.9","	2026-07-28 12:07:59"
"	6A0C0938","	Ambient","	1","	B01??(%RH)","	78.1","	2026-07-28 12:07:57"
"	6A0C0938","	Ambient","	1","	B01??(?)","	22.9","	2026-07-28 12:07:57"
"	6A0C0938","	Ambient","	1","	B01??(%RH)","	78.1","	2026-07-28 12:07:55"
"	6A0C0938","	Ambient","	1","	B01??(?)","	22.9","	2026-07-28 12:07:55"
"	6A0C0938","	Ambient","	1","	B01??(%RH)","	78.1","	2026-07-28 12:07:53"
"	6A0C0938","	Ambient","	1","	B01??(?)","	22.9","	2026-07-28 12:07:53"
"	6A0C0938","	Ambient","	1","	B01??(%RH)","	78.1","	2026-07-28 12:07:51"
"	6A0C0938","	Ambient","	1","	B01??(?)","	22.9","	2026-07-28 12:07:51"
"	6A0C0938","	Ambient","	1","	B01??(%RH)","	78.1","	2026-07-28 12:07:49"
"	6A0C0938","	Ambient","	1","	B01??(?)","	22.9","	2026-07-28 12:07:49"
"	6A0C0938","	Ambient","	1","	B01??(%RH)","	78.1","	2026-07-28 12:07:47"
"	6A0C0938","	Ambient","	1","	B01??(?)","	22.9","	2026-07-28 12:07:47"
"	6A0C0938","	Ambient","	1","	B01??(%RH)","	78.1","	2026-07-28 12:07:45"
"	6A0C0938","	Ambient","	1","	B01??(?)","	22.9","	2026-07-28 12:07:45"
"	6A0C0938","	Ambient","	1","	B01??(%RH)","	78.1","	2026-07-28 12:07:43"
"	6A0C0938","	Ambient","	1","	B01??(?)","	22.9","	2026-07-28 12:07:43"
"	6A0C0938","	Ambient","	1","	B01??(%RH)","	78.1","	2026-07-28 12:07:41"
"	6A0C0938","	Ambient","	1","	B01??(?)","	22.9","	2026-07-28 12:07:41"
"	6A0C0938","	Ambient","	1","	B01??(%RH)","	78.1","	2026-07-28 12:07:39"
"	6A0C0938","	Ambient","	1","	B01??(?)","	22.9","	2026-07-28 12:07:39"
"	6A0C0938","	Ambient","	1","	B01??(%RH)","	78.1","	2026-07-28 12:07:37"
"	6A0C0938","	Ambient","	1","	B01??(?)","	22.9","	2026-07-28 12:07:37"
"	6A0C0938","	Ambient","	1","	B01??(%RH)","	78.1","	2026-07-28 12:07:35"
"	6A0C0938","	Ambient","	1","	B01??(?)","	22.9","	2026-07-28 12:07:35"
"	6A0C0938","	Ambient","	1","	B01??(%RH)","	78.1","	2026-07-28 12:07:33"
"	6A0C0938","	Ambient","	1","	B01??(?)","	22.9","	2026-07-28 12:07:33"
"	6A0C0938","	Ambient","	1","	B01??(%RH)","	78.1","	2026-07-28 12:07:31"
"	6A0C0938","	Ambient","	1","	B01??(?)","	22.9","	2026-07-28 12:07:31"
"	6A0C0938","	Ambient","	1","	B01??(%RH)","	78.1","	2026-07-28 12:07:29"
"	6A0C0938","	Ambient","	1","	B01??(?)","	22.9","	2026-07-28 12:07:29"
"	6A0C0938","	Ambient","	1","	B01??(%RH)","	78.1","	2026-07-28 12:07:27"
"	6A0C0938","	Ambient","	1","	B01??(?)","	22.9","	2026-07-28 12:07:27"
"	6A0C0938","	Ambient","	1","	B01??(%RH)","	78.2","	2026-07-28 12:07:25"
"	6A0C0938","	Ambient","	1","	B01??(?)","	22.9","	2026-07-28 12:07:25"
"	6A0C0938","	Ambient","	1","	B01??(%RH)","	78.1","	2026-07-28 12:07:23"
"	6A0C0938","	Ambient","	1","	B01??(?)","	22.9","	2026-07-28 12:07:23"
"	6A0C0938","	Ambient","	1","	B01??(%RH)","	78.1","	2026-07-28 12:07:20"
"	6A0C0938","	Ambient","	1","	B01??(?)","	22.9","	2026-07-28 12:07:20"
"	6A0C0938","	Ambient","	1","	B01??(%RH)","	78.1","	2026-07-28 12:07:18"
"	6A0C0938","	Ambient","	1","	B01??(?)","	22.9","	2026-07-28 12:07:18"
"	6A0C0938","	Ambient","	1","	B01??(%RH)","	78.1","	2026-07-28 12:07:16"
"	6A0C0938","	Ambient","	1","	B01??(?)","	22.9","	2026-07-28 12:07:16"
"	6A0C0938","	Ambient","	1","	B01??(%RH)","	78.1","	2026-07-28 12:07:14"
"	6A0C0938","	Ambient","	1","	B01??(?)","	22.9","	2026-07-28 12:07:14"
"	6A0C0938","	Ambient","	1","	B01??(%RH)","	78.1","	2026-07-28 12:07:12"
"	6A0C0938","	Ambient","	1","	B01??(?)","	22.9","	2026-07-28 12:07:12"
"	6A0C0938","	Ambient","	1","	B01??(%RH)","	78.2","	2026-07-28 12:07:10"
"	6A0C0938","	Ambient","	1","	B01??(?)","	22.9","	2026-07-28 12:07:10"
"	6A0C0938","	Ambient","	1","	B01??(%RH)","	78.1","	2026-07-28 12:07:08"
"	6A0C0938","	Ambient","	1","	B01??(?)","	22.9","	2026-07-28 12:07:08"
"	6A0C0938","	Ambient","	1","	B01??(%RH)","	78.1","	2026-07-28 12:07:06"
"	6A0C0938","	Ambient","	1","	B01??(?)","	22.9","	2026-07-28 12:07:06"
"	6A0C0938","	Ambient","	1","	B01??(%RH)","	78.1","	2026-07-28 12:07:04"
"	6A0C0938","	Ambient","	1","	B01??(?)","	22.9","	2026-07-28 12:07:04"
"	6A0C0938","	Ambient","	1","	B01??(%RH)","	78","	2026-07-28 12:07:02"
"	6A0C0938","	Ambient","	1","	B01??(?)","	22.9","	2026-07-28 12:07:02"
"	6A0C0938","	Ambient","	1","	B01??(%RH)","	78","	2026-07-28 12:07:00"
"	6A0C0938","	Ambient","	1","	B01??(?)","	22.9","	2026-07-28 12:07:00"
"	6A0C0938","	Ambient","	1","	B01??(%RH)","	77.9","	2026-07-28 12:06:58"
"	6A0C0938","	Ambient","	1","	B01??(?)","	22.9","	2026-07-28 12:06:58"
"	6A0C0938","	Ambient","	1","	B01??(%RH)","	77.9","	2026-07-28 12:06:56"
"	6A0C0938","	Ambient","	1","	B01??(?)","	22.9","	2026-07-28 12:06:56"
"	6A0C0938","	Ambient","	1","	B01??(%RH)","	77.9","	2026-07-28 12:06:54"
"	6A0C0938","	Ambient","	1","	B01??(?)","	22.9","	2026-07-28 12:06:54"
"	6A0C0938","	Ambient","	1","	B01??(%RH)","	77.9","	2026-07-28 12:06:52"
"	6A0C0938","	Ambient","	1","	B01??(?)","	22.9","	2026-07-28 12:06:52"
"	6A0C0938","	Ambient","	1","	B01??(%RH)","	77.9","	2026-07-28 12:06:50"
"	6A0C0938","	Ambient","	1","	B01??(?)","	22.9","	2026-07-28 12:06:50"
"	6A0C0938","	Ambient","	1","	B01??(%RH)","	77.9","	2026-07-28 12:06:48"
"	6A0C0938","	Ambient","	1","	B01??(?)","	22.9","	2026-07-28 12:06:48"
"	6A0C0938","	Ambient","	1","	B01??(%RH)","	78","	2026-07-28 12:06:46"
"	6A0C0938","	Ambient","	1","	B01??(?)","	22.9","	2026-07-28 12:06:46"
"	6A0C0938","	Ambient","	1","	B01??(%RH)","	77.9","	2026-07-28 12:06:44"
"	6A0C0938","	Ambient","	1","	B01??(?)","	22.9","	2026-07-28 12:06:44"
"	6A0C0938","	Ambient","	1","	B01??(%RH)","	77.9","	2026-07-28 12:06:42"
"	6A0C0938","	Ambient","	1","	B01??(?)","	22.9","	2026-07-28 12:06:42"
"	6A0C0938","	Ambient","	1","	B01??(%RH)","	78","	2026-07-28 12:06:40"
"	6A0C0938","	Ambient","	1","	B01??(?)","	22.9","	2026-07-28 12:06:40"
"	6A0C0938","	Ambient","	1","	B01??(%RH)","	78","	2026-07-28 12:06:37"
"	6A0C0938","	Ambient","	1","	B01??(?)","	22.9","	2026-07-28 12:06:37"
"	6A0C0938","	Ambient","	1","	B01??(%RH)","	78","	2026-07-28 12:06:35"
"	6A0C0938","	Ambient","	1","	B01??(?)","	22.9","	2026-07-28 12:06:35"
"	6A0C0938","	Ambient","	1","	B01??(%RH)","	78","	2026-07-28 12:06:33"
"	6A0C0938","	Ambient","	1","	B01??(?)","	22.9","	2026-07-28 12:06:33"
"	6A0C0938","	Ambient","	1","	B01??(%RH)","	78","	2026-07-28 12:06:31"
"	6A0C0938","	Ambient","	1","	B01??(?)","	22.9","	2026-07-28 12:06:31"
"	6A0C0938","	Ambient","	1","	B01??(%RH)","	78.1","	2026-07-28 12:06:29"
"	6A0C0938","	Ambient","	1","	B01??(?)","	22.9","	2026-07-28 12:06:29"
"	6A0C0938","	Ambient","	1","	B01??(%RH)","	78.2","	2026-07-28 12:06:27"
"	6A0C0938","	Ambient","	1","	B01??(?)","	22.9","	2026-07-28 12:06:27"
"	6A0C0938","	Ambient","	1","	B01??(%RH)","	78.3","	2026-07-28 12:06:25"
"	6A0C0938","	Ambient","	1","	B01??(?)","	22.9","	2026-07-28 12:06:25"
"	6A0C0938","	Ambient","	1","	B01??(%RH)","	78.3","	2026-07-28 12:06:23"
"	6A0C0938","	Ambient","	1","	B01??(?)","	22.9","	2026-07-28 12:06:23"
"	6A0C0938","	Ambient","	1","	B01??(%RH)","	78.4","	2026-07-28 12:06:21"
"	6A0C0938","	Ambient","	1","	B01??(?)","	22.9","	2026-07-28 12:06:21"
"	6A0C0938","	Ambient","	1","	B01??(%RH)","	78.4","	2026-07-28 12:06:19"
"	6A0C0938","	Ambient","	1","	B01??(?)","	22.9","	2026-07-28 12:06:19"
"	6A0C0938","	Ambient","	1","	B01??(%RH)","	78.5","	2026-07-28 12:06:17"
"	6A0C0938","	Ambient","	1","	B01??(?)","	22.9","	2026-07-28 12:06:17"
"	6A0C0938","	Ambient","	1","	B01??(%RH)","	78.5","	2026-07-28 12:06:15"
"	6A0C0938","	Ambient","	1","	B01??(?)","	22.9","	2026-07-28 12:06:15"
"	6A0C0938","	Ambient","	1","	B01??(%RH)","	78.5","	2026-07-28 12:06:13"
"	6A0C0938","	Ambient","	1","	B01??(?)","	22.9","	2026-07-28 12:06:13"
"	6A0C0938","	Ambient","	1","	B01??(%RH)","	78.5","	2026-07-28 12:06:11"
"	6A0C0938","	Ambient","	1","	B01??(?)","	22.9","	2026-07-28 12:06:11"
"	6A0C0938","	Ambient","	1","	B01??(%RH)","	78.5","	2026-07-28 12:06:09"
"	6A0C0938","	Ambient","	1","	B01??(?)","	22.9","	2026-07-28 12:06:09"
"	6A0C0938","	Ambient","	1","	B01??(%RH)","	78.5","	2026-07-28 12:06:07"
"	6A0C0938","	Ambient","	1","	B01??(?)","	22.9","	2026-07-28 12:06:07"
"	6A0C0938","	Ambient","	1","	B01??(%RH)","	78.4","	2026-07-28 12:06:05"
"	6A0C0938","	Ambient","	1","	B01??(?)","	22.9","	2026-07-28 12:06:05"
"	6A0C0938","	Ambient","	1","	B01??(%RH)","	78.4","	2026-07-28 12:06:03"
"	6A0C0938","	Ambient","	1","	B01??(?)","	22.9","	2026-07-28 12:06:03"
"	6A0C0938","	Ambient","	1","	B01??(%RH)","	78.4","	2026-07-28 12:06:01"
"	6A0C0938","	Ambient","	1","	B01??(?)","	22.9","	2026-07-28 12:06:01"
"	6A0C0938","	Ambient","	1","	B01??(%RH)","	78.3","	2026-07-28 12:05:59"
"	6A0C0938","	Ambient","	1","	B01??(?)","	22.9","	2026-07-28 12:05:59"
"	6A0C0938","	Ambient","	1","	B01??(%RH)","	78.3","	2026-07-28 12:05:56"
"	6A0C0938","	Ambient","	1","	B01??(?)","	22.9","	2026-07-28 12:05:56"
"	6A0C0938","	Ambient","	1","	B01??(%RH)","	78.3","	2026-07-28 12:05:54"
"	6A0C0938","	Ambient","	1","	B01??(?)","	22.9","	2026-07-28 12:05:54"
"	6A0C0938","	Ambient","	1","	B01??(%RH)","	78.3","	2026-07-28 12:05:52"
"	6A0C0938","	Ambient","	1","	B01??(?)","	22.9","	2026-07-28 12:05:52"
"	6A0C0938","	Ambient","	1","	B01??(%RH)","	78.2","	2026-07-28 12:05:50"
"	6A0C0938","	Ambient","	1","	B01??(?)","	22.9","	2026-07-28 12:05:50"
"	6A0C0938","	Ambient","	1","	B01??(%RH)","	78.2","	2026-07-28 12:05:48"
"	6A0C0938","	Ambient","	1","	B01??(?)","	22.9","	2026-07-28 12:05:48"
"	6A0C0938","	Ambient","	1","	B01??(%RH)","	78.2","	2026-07-28 12:05:46"
"	6A0C0938","	Ambient","	1","	B01??(?)","	22.9","	2026-07-28 12:05:46"
"	6A0C0938","	Ambient","	1","	B01??(%RH)","	78.2","	2026-07-28 12:05:44"
"	6A0C0938","	Ambient","	1","	B01??(?)","	22.9","	2026-07-28 12:05:44"
"	6A0C0938","	Ambient","	1","	B01??(%RH)","	78.3","	2026-07-28 12:05:42"
"	6A0C0938","	Ambient","	1","	B01??(?)","	22.9","	2026-07-28 12:05:42"
"	6A0C0938","	Ambient","	1","	B01??(%RH)","	78.3","	2026-07-28 12:05:40"
"	6A0C0938","	Ambient","	1","	B01??(?)","	22.9","	2026-07-28 12:05:40"
"	6A0C0938","	Ambient","	1","	B01??(%RH)","	78.3","	2026-07-28 12:05:38"
"	6A0C0938","	Ambient","	1","	B01??(?)","	22.9","	2026-07-28 12:05:38"
"	6A0C0938","	Ambient","	1","	B01??(%RH)","	78.4","	2026-07-28 12:05:36"
"	6A0C0938","	Ambient","	1","	B01??(?)","	22.9","	2026-07-28 12:05:36"
"	6A0C0938","	Ambient","	1","	B01??(%RH)","	78.4","	2026-07-28 12:05:34"
"	6A0C0938","	Ambient","	1","	B01??(?)","	22.9","	2026-07-28 12:05:34"
"	6A0C0938","	Ambient","	1","	B01??(%RH)","	78.4","	2026-07-28 12:05:32"
"	6A0C0938","	Ambient","	1","	B01??(?)","	22.9","	2026-07-28 12:05:32"
"	6A0C0938","	Ambient","	1","	B01??(%RH)","	78.3","	2026-07-28 12:05:30"
"	6A0C0938","	Ambient","	1","	B01??(?)","	22.9","	2026-07-28 12:05:30"
"	6A0C0938","	Ambient","	1","	B01??(%RH)","	78.4","	2026-07-28 12:05:28"
"	6A0C0938","	Ambient","	1","	B01??(?)","	22.9","	2026-07-28 12:05:28"
"	6A0C0938","	Ambient","	1","	B01??(%RH)","	78.3","	2026-07-28 12:05:26"
"	6A0C0938","	Ambient","	1","	B01??(?)","	22.9","	2026-07-28 12:05:26"
"	6A0C0938","	Ambient","	1","	B01??(%RH)","	78.3","	2026-07-28 12:05:24"
"	6A0C0938","	Ambient","	1","	B01??(?)","	22.9","	2026-07-28 12:05:24"
"	6A0C0938","	Ambient","	1","	B01??(%RH)","	78.3","	2026-07-28 12:05:22"
"	6A0C0938","	Ambient","	1","	B01??(?)","	22.9","	2026-07-28 12:05:22"
"	6A0C0938","	Ambient","	1","	B01??(%RH)","	78.3","	2026-07-28 12:05:20"
"	6A0C0938","	Ambient","	1","	B01??(?)","	22.9","	2026-07-28 12:05:20"
"	6A0C0938","	Ambient","	1","	B01??(%RH)","	78.3","	2026-07-28 12:05:18"
"	6A0C0938","	Ambient","	1","	B01??(?)","	22.9","	2026-07-28 12:05:18"
"	6A0C0938","	Ambient","	1","	B01??(%RH)","	78.4","	2026-07-28 12:05:16"
"	6A0C0938","	Ambient","	1","	B01??(?)","	22.9","	2026-07-28 12:05:16"
"	6A0C0938","	Ambient","	1","	B01??(%RH)","	78.4","	2026-07-28 12:05:13"
"	6A0C0938","	Ambient","	1","	B01??(?)","	22.9","	2026-07-28 12:05:13"
"	6A0C0938","	Ambient","	1","	B01??(%RH)","	78.4","	2026-07-28 12:05:11"
"	6A0C0938","	Ambient","	1","	B01??(?)","	22.9","	2026-07-28 12:05:11"
"	6A0C0938","	Ambient","	1","	B01??(%RH)","	78.4","	2026-07-28 12:05:09"
"	6A0C0938","	Ambient","	1","	B01??(?)","	22.9","	2026-07-28 12:05:09"
"	6A0C0938","	Ambient","	1","	B01??(%RH)","	78.4","	2026-07-28 12:05:07"
"	6A0C0938","	Ambient","	1","	B01??(?)","	22.9","	2026-07-28 12:05:07"
"	6A0C0938","	Ambient","	1","	B01??(%RH)","	78.4","	2026-07-28 12:05:05"
"	6A0C0938","	Ambient","	1","	B01??(?)","	22.9","	2026-07-28 12:05:05"
"	6A0C0938","	Ambient","	1","	B01??(%RH)","	78.4","	2026-07-28 12:05:03"
"	6A0C0938","	Ambient","	1","	B01??(?)","	22.9","	2026-07-28 12:05:03"
"	6A0C0938","	Ambient","	1","	B01??(%RH)","	78.3","	2026-07-28 12:05:01"
"	6A0C0938","	Ambient","	1","	B01??(?)","	22.9","	2026-07-28 12:05:01"
"	6A0C0938","	Ambient","	1","	B01??(%RH)","	78.3","	2026-07-28 12:04:59"
"	6A0C0938","	Ambient","	1","	B01??(?)","	22.9","	2026-07-28 12:04:59"
"	6A0C0938","	Ambient","	1","	B01??(%RH)","	78.3","	2026-07-28 12:04:57"
"	6A0C0938","	Ambient","	1","	B01??(?)","	22.9","	2026-07-28 12:04:57"
"	6A0C0938","	Ambient","	1","	B01??(%RH)","	78.2","	2026-07-28 12:04:55"
"	6A0C0938","	Ambient","	1","	B01??(?)","	22.9","	2026-07-28 12:04:55"
"	6A0C0938","	Ambient","	1","	B01??(%RH)","	78.2","	2026-07-28 12:04:53"
"	6A0C0938","	Ambient","	1","	B01??(?)","	22.9","	2026-07-28 12:04:53"
"	6A0C0938","	Ambient","	1","	B01??(%RH)","	78.2","	2026-07-28 12:04:51"
"	6A0C0938","	Ambient","	1","	B01??(?)","	22.9","	2026-07-28 12:04:51"
"	6A0C0938","	Ambient","	1","	B01??(%RH)","	78.2","	2026-07-28 12:04:49"
"	6A0C0938","	Ambient","	1","	B01??(?)","	22.9","	2026-07-28 12:04:49"
"	6A0C0938","	Ambient","	1","	B01??(%RH)","	78.2","	2026-07-28 12:04:47"
"	6A0C0938","	Ambient","	1","	B01??(?)","	22.9","	2026-07-28 12:04:47"
"	6A0C0938","	Ambient","	1","	B01??(%RH)","	78.1","	2026-07-28 12:04:45"
"	6A0C0938","	Ambient","	1","	B01??(?)","	22.9","	2026-07-28 12:04:45"
"	6A0C0938","	Ambient","	1","	B01??(%RH)","	78.1","	2026-07-28 12:04:43"
"	6A0C0938","	Ambient","	1","	B01??(?)","	22.9","	2026-07-28 12:04:43"
"	6A0C0938","	Ambient","	1","	B01??(%RH)","	78.1","	2026-07-28 12:04:41"
"	6A0C0938","	Ambient","	1","	B01??(?)","	22.9","	2026-07-28 12:04:41"
"	6A0C0938","	Ambient","	1","	B01??(%RH)","	78","	2026-07-28 12:04:39"
"	6A0C0938","	Ambient","	1","	B01??(?)","	22.9","	2026-07-28 12:04:39"
"	6A0C0938","	Ambient","	1","	B01??(%RH)","	78","	2026-07-28 12:04:37"
"	6A0C0938","	Ambient","	1","	B01??(?)","	22.9","	2026-07-28 12:04:37"
"	6A0C0938","	Ambient","	1","	B01??(%RH)","	78","	2026-07-28 12:04:35"
"	6A0C0938","	Ambient","	1","	B01??(?)","	22.9","	2026-07-28 12:04:35"
"	6A0C0938","	Ambient","	1","	B01??(%RH)","	77.9","	2026-07-28 12:04:33"
"	6A0C0938","	Ambient","	1","	B01??(?)","	22.9","	2026-07-28 12:04:33"
"	6A0C0938","	Ambient","	1","	B01??(%RH)","	77.9","	2026-07-28 12:04:30"
"	6A0C0938","	Ambient","	1","	B01??(?)","	22.9","	2026-07-28 12:04:30"
"	6A0C0938","	Ambient","	1","	B01??(%RH)","	77.9","	2026-07-28 12:04:28"
"	6A0C0938","	Ambient","	1","	B01??(?)","	22.9","	2026-07-28 12:04:28"
"	6A0C0938","	Ambient","	1","	B01??(%RH)","	77.9","	2026-07-28 12:04:26"
"	6A0C0938","	Ambient","	1","	B01??(?)","	22.9","	2026-07-28 12:04:26"
"	6A0C0938","	Ambient","	1","	B01??(%RH)","	77.9","	2026-07-28 12:04:24"
"	6A0C0938","	Ambient","	1","	B01??(?)","	22.9","	2026-07-28 12:04:24"
"	6A0C0938","	Ambient","	1","	B01??(%RH)","	77.9","	2026-07-28 12:04:22"
"	6A0C0938","	Ambient","	1","	B01??(?)","	22.9","	2026-07-28 12:04:22"
"	6A0C0938","	Ambient","	1","	B01??(%RH)","	78","	2026-07-28 12:04:20"
"	6A0C0938","	Ambient","	1","	B01??(?)","	22.9","	2026-07-28 12:04:20"
"	6A0C0938","	Ambient","	1","	B01??(%RH)","	78","	2026-07-28 12:04:18"
"	6A0C0938","	Ambient","	1","	B01??(?)","	22.9","	2026-07-28 12:04:18"
"	6A0C0938","	Ambient","	1","	B01??(%RH)","	78.1","	2026-07-28 12:04:16"
"	6A0C0938","	Ambient","	1","	B01??(?)","	22.9","	2026-07-28 12:04:16"
"	6A0C0938","	Ambient","	1","	B01??(%RH)","	78.1","	2026-07-28 12:04:14"
"	6A0C0938","	Ambient","	1","	B01??(?)","	22.9","	2026-07-28 12:04:14"
"	6A0C0938","	Ambient","	1","	B01??(%RH)","	78.2","	2026-07-28 12:04:12"
"	6A0C0938","	Ambient","	1","	B01??(?)","	22.9","	2026-07-28 12:04:12"
"	6A0C0938","	Ambient","	1","	B01??(%RH)","	78.3","	2026-07-28 12:04:10"
"	6A0C0938","	Ambient","	1","	B01??(?)","	22.9","	2026-07-28 12:04:10"
"	6A0C0938","	Ambient","	1","	B01??(%RH)","	78.4","	2026-07-28 12:04:08"
"	6A0C0938","	Ambient","	1","	B01??(?)","	22.9","	2026-07-28 12:04:08"
"	6A0C0938","	Ambient","	1","	B01??(%RH)","	78.4","	2026-07-28 12:04:06"
"	6A0C0938","	Ambient","	1","	B01??(?)","	22.9","	2026-07-28 12:04:06"
"	6A0C0938","	Ambient","	1","	B01??(%RH)","	78.4","	2026-07-28 12:04:04"
"	6A0C0938","	Ambient","	1","	B01??(?)","	22.9","	2026-07-28 12:04:04"
"	6A0C0938","	Ambient","	1","	B01??(%RH)","	78.5","	2026-07-28 12:04:02"
"	6A0C0938","	Ambient","	1","	B01??(?)","	22.9","	2026-07-28 12:04:02"
"	6A0C0938","	Ambient","	1","	B01??(%RH)","	78.5","	2026-07-28 12:04:00"
"	6A0C0938","	Ambient","	1","	B01??(?)","	22.9","	2026-07-28 12:04:00"
"	6A0C0938","	Ambient","	1","	B01??(%RH)","	78.5","	2026-07-28 12:03:58"
"	6A0C0938","	Ambient","	1","	B01??(?)","	22.9","	2026-07-28 12:03:58"
"	6A0C0938","	Ambient","	1","	B01??(%RH)","	78.4","	2026-07-28 12:03:56"
"	6A0C0938","	Ambient","	1","	B01??(?)","	22.9","	2026-07-28 12:03:56"
"	6A0C0938","	Ambient","	1","	B01??(%RH)","	78.4","	2026-07-28 12:03:54"
"	6A0C0938","	Ambient","	1","	B01??(?)","	22.9","	2026-07-28 12:03:54"
"	6A0C0938","	Ambient","	1","	B01??(%RH)","	78.3","	2026-07-28 12:03:52"
"	6A0C0938","	Ambient","	1","	B01??(?)","	22.9","	2026-07-28 12:03:52"
"	6A0C0938","	Ambient","	1","	B01??(%RH)","	78.3","	2026-07-28 12:03:50"
"	6A0C0938","	Ambient","	1","	B01??(?)","	22.9","	2026-07-28 12:03:50"
"	6A0C0938","	Ambient","	1","	B01??(%RH)","	78.3","	2026-07-28 12:03:47"
"	6A0C0938","	Ambient","	1","	B01??(?)","	22.9","	2026-07-28 12:03:47"
"	6A0C0938","	Ambient","	1","	B01??(%RH)","	78.3","	2026-07-28 12:03:45"
"	6A0C0938","	Ambient","	1","	B01??(?)","	22.9","	2026-07-28 12:03:45"
"	6A0C0938","	Ambient","	1","	B01??(%RH)","	78.3","	2026-07-28 12:03:43"
"	6A0C0938","	Ambient","	1","	B01??(?)","	22.9","	2026-07-28 12:03:43"
"	6A0C0938","	Ambient","	1","	B01??(%RH)","	78.3","	2026-07-28 12:03:41"
"	6A0C0938","	Ambient","	1","	B01??(?)","	22.9","	2026-07-28 12:03:41"
"	6A0C0938","	Ambient","	1","	B01??(%RH)","	78.3","	2026-07-28 12:03:39"
"	6A0C0938","	Ambient","	1","	B01??(?)","	22.9","	2026-07-28 12:03:39"
"	6A0C0938","	Ambient","	1","	B01??(%RH)","	78.3","	2026-07-28 12:03:37"
"	6A0C0938","	Ambient","	1","	B01??(?)","	22.9","	2026-07-28 12:03:37"
"	6A0C0938","	Ambient","	1","	B01??(%RH)","	78.3","	2026-07-28 12:03:35"
"	6A0C0938","	Ambient","	1","	B01??(?)","	22.9","	2026-07-28 12:03:35"
"	6A0C0938","	Ambient","	1","	B01??(%RH)","	78.3","	2026-07-28 12:03:33"
"	6A0C0938","	Ambient","	1","	B01??(?)","	22.9","	2026-07-28 12:03:33"
"	6A0C0938","	Ambient","	1","	B01??(%RH)","	78.3","	2026-07-28 12:03:31"
"	6A0C0938","	Ambient","	1","	B01??(?)","	22.9","	2026-07-28 12:03:31"
"	6A0C0938","	Ambient","	1","	B01??(%RH)","	78.3","	2026-07-28 12:03:29"
"	6A0C0938","	Ambient","	1","	B01??(?)","	22.9","	2026-07-28 12:03:29"
"	6A0C0938","	Ambient","	1","	B01??(%RH)","	78.2","	2026-07-28 12:03:27"
"	6A0C0938","	Ambient","	1","	B01??(?)","	22.9","	2026-07-28 12:03:27"
"	6A0C0938","	Ambient","	1","	B01??(%RH)","	78.2","	2026-07-28 12:03:25"
"	6A0C0938","	Ambient","	1","	B01??(?)","	22.9","	2026-07-28 12:03:25"
"	6A0C0938","	Ambient","	1","	B01??(%RH)","	78.2","	2026-07-28 12:03:23"
"	6A0C0938","	Ambient","	1","	B01??(?)","	22.9","	2026-07-28 12:03:23"
"	6A0C0938","	Ambient","	1","	B01??(%RH)","	78.3","	2026-07-28 12:03:21"
"	6A0C0938","	Ambient","	1","	B01??(?)","	22.9","	2026-07-28 12:03:21"
"	6A0C0938","	Ambient","	1","	B01??(%RH)","	78.3","	2026-07-28 12:03:19"
"	6A0C0938","	Ambient","	1","	B01??(?)","	22.9","	2026-07-28 12:03:19"
"	6A0C0938","	Ambient","	1","	B01??(%RH)","	78.3","	2026-07-28 12:03:17"
"	6A0C0938","	Ambient","	1","	B01??(?)","	22.9","	2026-07-28 12:03:17"
"	6A0C0938","	Ambient","	1","	B01??(%RH)","	78.3","	2026-07-28 12:03:15"
"	6A0C0938","	Ambient","	1","	B01??(?)","	22.9","	2026-07-28 12:03:15"
"	6A0C0938","	Ambient","	1","	B01??(%RH)","	78.3","	2026-07-28 12:03:13"
"	6A0C0938","	Ambient","	1","	B01??(?)","	22.9","	2026-07-28 12:03:13"
"	6A0C0938","	Ambient","	1","	B01??(%RH)","	78.3","	2026-07-28 12:03:11"
"	6A0C0938","	Ambient","	1","	B01??(?)","	22.9","	2026-07-28 12:03:11"
"	6A0C0938","	Ambient","	1","	B01??(%RH)","	78.3","	2026-07-28 12:03:09"
"	6A0C0938","	Ambient","	1","	B01??(?)","	22.9","	2026-07-28 12:03:09"
"	6A0C0938","	Ambient","	1","	B01??(%RH)","	78.3","	2026-07-28 12:03:07"
"	6A0C0938","	Ambient","	1","	B01??(?)","	22.9","	2026-07-28 12:03:07"
"	6A0C0938","	Ambient","	1","	B01??(%RH)","	78.4","	2026-07-28 12:03:04"
"	6A0C0938","	Ambient","	1","	B01??(?)","	22.9","	2026-07-28 12:03:04"
"	6A0C0938","	Ambient","	1","	B01??(%RH)","	78.4","	2026-07-28 12:03:02"
"	6A0C0938","	Ambient","	1","	B01??(?)","	22.9","	2026-07-28 12:03:02"
"	6A0C0938","	Ambient","	1","	B01??(%RH)","	78.4","	2026-07-28 12:03:00"
"	6A0C0938","	Ambient","	1","	B01??(?)","	22.9","	2026-07-28 12:03:00"
"	6A0C0938","	Ambient","	1","	B01??(%RH)","	78.4","	2026-07-28 12:02:58"
"	6A0C0938","	Ambient","	1","	B01??(?)","	22.9","	2026-07-28 12:02:58"
"	6A0C0938","	Ambient","	1","	B01??(%RH)","	78.4","	2026-07-28 12:02:56"
"	6A0C0938","	Ambient","	1","	B01??(?)","	22.9","	2026-07-28 12:02:56"
"	6A0C0938","	Ambient","	1","	B01??(%RH)","	78.4","	2026-07-28 12:02:54"
"	6A0C0938","	Ambient","	1","	B01??(?)","	22.9","	2026-07-28 12:02:54"
"	6A0C0938","	Ambient","	1","	B01??(%RH)","	78.4","	2026-07-28 12:02:52"
"	6A0C0938","	Ambient","	1","	B01??(?)","	22.9","	2026-07-28 12:02:52"
"	6A0C0938","	Ambient","	1","	B01??(%RH)","	78.4","	2026-07-28 12:02:50"
"	6A0C0938","	Ambient","	1","	B01??(?)","	22.9","	2026-07-28 12:02:50"
"	6A0C0938","	Ambient","	1","	B01??(%RH)","	78.5","	2026-07-28 12:02:48"
"	6A0C0938","	Ambient","	1","	B01??(?)","	22.9","	2026-07-28 12:02:48"
"	6A0C0938","	Ambient","	1","	B01??(%RH)","	78.5","	2026-07-28 12:02:46"
"	6A0C0938","	Ambient","	1","	B01??(?)","	22.9","	2026-07-28 12:02:46"
"	6A0C0938","	Ambient","	1","	B01??(%RH)","	78.5","	2026-07-28 12:02:44"
"	6A0C0938","	Ambient","	1","	B01??(?)","	22.9","	2026-07-28 12:02:44"
"	6A0C0938","	Ambient","	1","	B01??(%RH)","	78.5","	2026-07-28 12:02:42"
"	6A0C0938","	Ambient","	1","	B01??(?)","	22.9","	2026-07-28 12:02:42"
"	6A0C0938","	Ambient","	1","	B01??(%RH)","	78.5","	2026-07-28 12:02:40"
"	6A0C0938","	Ambient","	1","	B01??(?)","	22.9","	2026-07-28 12:02:40"
"	6A0C0938","	Ambient","	1","	B01??(%RH)","	78.5","	2026-07-28 12:02:38"
"	6A0C0938","	Ambient","	1","	B01??(?)","	22.9","	2026-07-28 12:02:38"
"	6A0C0938","	Ambient","	1","	B01??(%RH)","	78.5","	2026-07-28 12:02:36"
"	6A0C0938","	Ambient","	1","	B01??(?)","	22.9","	2026-07-28 12:02:36"
"	6A0C0938","	Ambient","	1","	B01??(%RH)","	78.5","	2026-07-28 12:02:34"
"	6A0C0938","	Ambient","	1","	B01??(?)","	22.9","	2026-07-28 12:02:34"
"	6A0C0938","	Ambient","	1","	B01??(%RH)","	78.5","	2026-07-28 12:02:32"
"	6A0C0938","	Ambient","	1","	B01??(?)","	22.9","	2026-07-28 12:02:32"
"	6A0C0938","	Ambient","	1","	B01??(%RH)","	78.4","	2026-07-28 12:02:30"
"	6A0C0938","	Ambient","	1","	B01??(?)","	22.9","	2026-07-28 12:02:30"
"	6A0C0938","	Ambient","	1","	B01??(%RH)","	78.3","	2026-07-28 12:02:28"
"	6A0C0938","	Ambient","	1","	B01??(?)","	22.9","	2026-07-28 12:02:28"
"	6A0C0938","	Ambient","	1","	B01??(%RH)","	78.3","	2026-07-28 12:02:26"
"	6A0C0938","	Ambient","	1","	B01??(?)","	22.9","	2026-07-28 12:02:26"
"	6A0C0938","	Ambient","	1","	B01??(%RH)","	78.2","	2026-07-28 12:02:23"
"	6A0C0938","	Ambient","	1","	B01??(?)","	22.9","	2026-07-28 12:02:23"
"	6A0C0938","	Ambient","	1","	B01??(%RH)","	78.1","	2026-07-28 12:02:21"
"	6A0C0938","	Ambient","	1","	B01??(?)","	22.9","	2026-07-28 12:02:21"
"	6A0C0938","	Ambient","	1","	B01??(%RH)","	78.1","	2026-07-28 12:02:19"
"	6A0C0938","	Ambient","	1","	B01??(?)","	22.9","	2026-07-28 12:02:19"
"	6A0C0938","	Ambient","	1","	B01??(%RH)","	78.1","	2026-07-28 12:02:17"
"	6A0C0938","	Ambient","	1","	B01??(?)","	22.9","	2026-07-28 12:02:17"
"	6A0C0938","	Ambient","	1","	B01??(%RH)","	78.1","	2026-07-28 12:02:15"
"	6A0C0938","	Ambient","	1","	B01??(?)","	22.9","	2026-07-28 12:02:15"
"	6A0C0938","	Ambient","	1","	B01??(%RH)","	78.1","	2026-07-28 12:02:13"
"	6A0C0938","	Ambient","	1","	B01??(?)","	22.9","	2026-07-28 12:02:13"
"	6A0C0938","	Ambient","	1","	B01??(%RH)","	78.1","	2026-07-28 12:02:11"
"	6A0C0938","	Ambient","	1","	B01??(?)","	22.9","	2026-07-28 12:02:11"
"	6A0C0938","	Ambient","	1","	B01??(%RH)","	78.1","	2026-07-28 12:02:09"
"	6A0C0938","	Ambient","	1","	B01??(?)","	22.9","	2026-07-28 12:02:09"
"	6A0C0938","	Ambient","	1","	B01??(%RH)","	78.1","	2026-07-28 12:02:07"
"	6A0C0938","	Ambient","	1","	B01??(?)","	22.9","	2026-07-28 12:02:07"
"	6A0C0938","	Ambient","	1","	B01??(%RH)","	78.2","	2026-07-28 12:02:05"
"	6A0C0938","	Ambient","	1","	B01??(?)","	22.9","	2026-07-28 12:02:05"
"	6A0C0938","	Ambient","	1","	B01??(%RH)","	78.2","	2026-07-28 12:02:03"
"	6A0C0938","	Ambient","	1","	B01??(?)","	22.9","	2026-07-28 12:02:03"
"	6A0C0938","	Ambient","	1","	B01??(%RH)","	78.2","	2026-07-28 12:02:01"
"	6A0C0938","	Ambient","	1","	B01??(?)","	22.9","	2026-07-28 12:02:01"
"	6A0C0938","	Ambient","	1","	B01??(%RH)","	78.2","	2026-07-28 12:01:59"
"	6A0C0938","	Ambient","	1","	B01??(?)","	22.9","	2026-07-28 12:01:59"
"	6A0C0938","	Ambient","	1","	B01??(%RH)","	78.3","	2026-07-28 12:01:57"
"	6A0C0938","	Ambient","	1","	B01??(?)","	22.9","	2026-07-28 12:01:57"
"	6A0C0938","	Ambient","	1","	B01??(%RH)","	78.3","	2026-07-28 12:01:55"
"	6A0C0938","	Ambient","	1","	B01??(?)","	22.9","	2026-07-28 12:01:55"
"	6A0C0938","	Ambient","	1","	B01??(%RH)","	78.3","	2026-07-28 12:01:53"
"	6A0C0938","	Ambient","	1","	B01??(?)","	22.9","	2026-07-28 12:01:53"
"	6A0C0938","	Ambient","	1","	B01??(%RH)","	78.3","	2026-07-28 12:01:51"
"	6A0C0938","	Ambient","	1","	B01??(?)","	22.9","	2026-07-28 12:01:51"
"	6A0C0938","	Ambient","	1","	B01??(%RH)","	78.3","	2026-07-28 12:01:49"
"	6A0C0938","	Ambient","	1","	B01??(?)","	22.9","	2026-07-28 12:01:49"
"	6A0C0938","	Ambient","	1","	B01??(%RH)","	78.4","	2026-07-28 12:01:47"
"	6A0C0938","	Ambient","	1","	B01??(?)","	22.9","	2026-07-28 12:01:47"
"	6A0C0938","	Ambient","	1","	B01??(%RH)","	78.4","	2026-07-28 12:01:45"
"	6A0C0938","	Ambient","	1","	B01??(?)","	22.9","	2026-07-28 12:01:45"
"	6A0C0938","	Ambient","	1","	B01??(%RH)","	78.4","	2026-07-28 12:01:42"
"	6A0C0938","	Ambient","	1","	B01??(?)","	22.9","	2026-07-28 12:01:42"
"	6A0C0938","	Ambient","	1","	B01??(%RH)","	78.4","	2026-07-28 12:01:40"
"	6A0C0938","	Ambient","	1","	B01??(?)","	22.9","	2026-07-28 12:01:40"
"	6A0C0938","	Ambient","	1","	B01??(%RH)","	78.4","	2026-07-28 12:01:38"
"	6A0C0938","	Ambient","	1","	B01??(?)","	22.9","	2026-07-28 12:01:38"
"	6A0C0938","	Ambient","	1","	B01??(%RH)","	78.4","	2026-07-28 12:01:36"
"	6A0C0938","	Ambient","	1","	B01??(?)","	22.9","	2026-07-28 12:01:36"
"	6A0C0938","	Ambient","	1","	B01??(%RH)","	78.3","	2026-07-28 12:01:34"
"	6A0C0938","	Ambient","	1","	B01??(?)","	22.9","	2026-07-28 12:01:34"
"	6A0C0938","	Ambient","	1","	B01??(%RH)","	78.3","	2026-07-28 12:01:32"
"	6A0C0938","	Ambient","	1","	B01??(?)","	22.9","	2026-07-28 12:01:32"
"	6A0C0938","	Ambient","	1","	B01??(%RH)","	78.3","	2026-07-28 12:01:30"
"	6A0C0938","	Ambient","	1","	B01??(?)","	22.9","	2026-07-28 12:01:30"
"	6A0C0938","	Ambient","	1","	B01??(%RH)","	78.3","	2026-07-28 12:01:28"
"	6A0C0938","	Ambient","	1","	B01??(?)","	22.9","	2026-07-28 12:01:28"
"	6A0C0938","	Ambient","	1","	B01??(%RH)","	78.4","	2026-07-28 12:01:26"
"	6A0C0938","	Ambient","	1","	B01??(?)","	22.9","	2026-07-28 12:01:26"
"	6A0C0938","	Ambient","	1","	B01??(%RH)","	78.4","	2026-07-28 12:01:24"
"	6A0C0938","	Ambient","	1","	B01??(?)","	22.9","	2026-07-28 12:01:24"
"	6A0C0938","	Ambient","	1","	B01??(%RH)","	78.3","	2026-07-28 12:01:22"
"	6A0C0938","	Ambient","	1","	B01??(?)","	22.9","	2026-07-28 12:01:22"
"	6A0C0938","	Ambient","	1","	B01??(%RH)","	78.3","	2026-07-28 12:01:20"
"	6A0C0938","	Ambient","	1","	B01??(?)","	22.9","	2026-07-28 12:01:20"
"	6A0C0938","	Ambient","	1","	B01??(%RH)","	78.3","	2026-07-28 12:01:18"
"	6A0C0938","	Ambient","	1","	B01??(?)","	22.9","	2026-07-28 12:01:18"
"	6A0C0938","	Ambient","	1","	B01??(%RH)","	78.2","	2026-07-28 12:01:16"
"	6A0C0938","	Ambient","	1","	B01??(?)","	22.9","	2026-07-28 12:01:16"
"	6A0C0938","	Ambient","	1","	B01??(%RH)","	78.2","	2026-07-28 12:01:14"
"	6A0C0938","	Ambient","	1","	B01??(?)","	22.9","	2026-07-28 12:01:14"
"	6A0C0938","	Ambient","	1","	B01??(%RH)","	78.2","	2026-07-28 12:01:12"
"	6A0C0938","	Ambient","	1","	B01??(?)","	22.9","	2026-07-28 12:01:12"
"	6A0C0938","	Ambient","	1","	B01??(%RH)","	78.2","	2026-07-28 12:01:10"
"	6A0C0938","	Ambient","	1","	B01??(?)","	22.9","	2026-07-28 12:01:10"
"	6A0C0938","	Ambient","	1","	B01??(%RH)","	78.2","	2026-07-28 12:01:08"
"	6A0C0938","	Ambient","	1","	B01??(?)","	22.9","	2026-07-28 12:01:08"
"	6A0C0938","	Ambient","	1","	B01??(%RH)","	78.2","	2026-07-28 12:01:06"
"	6A0C0938","	Ambient","	1","	B01??(?)","	22.9","	2026-07-28 12:01:06"
"	6A0C0938","	Ambient","	1","	B01??(%RH)","	78.2","	2026-07-28 12:01:04"
"	6A0C0938","	Ambient","	1","	B01??(?)","	22.9","	2026-07-28 12:01:04"
"	6A0C0938","	Ambient","	1","	B01??(%RH)","	78.2","	2026-07-28 12:01:02"
"	6A0C0938","	Ambient","	1","	B01??(?)","	22.9","	2026-07-28 12:01:02"
"	6A0C0938","	Ambient","	1","	B01??(%RH)","	78.2","	2026-07-28 12:00:59"
"	6A0C0938","	Ambient","	1","	B01??(?)","	22.9","	2026-07-28 12:00:59"
"	6A0C0938","	Ambient","	1","	B01??(%RH)","	78.2","	2026-07-28 12:00:57"
"	6A0C0938","	Ambient","	1","	B01??(?)","	22.9","	2026-07-28 12:00:57"
"	6A0C0938","	Ambient","	1","	B01??(%RH)","	78.2","	2026-07-28 12:00:55"
"	6A0C0938","	Ambient","	1","	B01??(?)","	22.9","	2026-07-28 12:00:55"
"	6A0C0938","	Ambient","	1","	B01??(%RH)","	78.2","	2026-07-28 12:00:53"
"	6A0C0938","	Ambient","	1","	B01??(?)","	22.9","	2026-07-28 12:00:53"
"	6A0C0938","	Ambient","	1","	B01??(%RH)","	78.2","	2026-07-28 12:00:51"
"	6A0C0938","	Ambient","	1","	B01??(?)","	22.9","	2026-07-28 12:00:51"
"	6A0C0938","	Ambient","	1","	B01??(%RH)","	78.2","	2026-07-28 12:00:49"
"	6A0C0938","	Ambient","	1","	B01??(?)","	22.9","	2026-07-28 12:00:49"
"	6A0C0938","	Ambient","	1","	B01??(%RH)","	78.2","	2026-07-28 12:00:47"
"	6A0C0938","	Ambient","	1","	B01??(?)","	22.9","	2026-07-28 12:00:47"
"	6A0C0938","	Ambient","	1","	B01??(%RH)","	78.2","	2026-07-28 12:00:45"
"	6A0C0938","	Ambient","	1","	B01??(?)","	22.9","	2026-07-28 12:00:45"
"	6A0C0938","	Ambient","	1","	B01??(%RH)","	78.2","	2026-07-28 12:00:43"
"	6A0C0938","	Ambient","	1","	B01??(?)","	22.9","	2026-07-28 12:00:43"
"	6A0C0938","	Ambient","	1","	B01??(%RH)","	78.2","	2026-07-28 12:00:41"
"	6A0C0938","	Ambient","	1","	B01??(?)","	22.9","	2026-07-28 12:00:41"
"	6A0C0938","	Ambient","	1","	B01??(%RH)","	78.2","	2026-07-28 12:00:39"
"	6A0C0938","	Ambient","	1","	B01??(?)","	22.9","	2026-07-28 12:00:39"
"	6A0C0938","	Ambient","	1","	B01??(%RH)","	78.2","	2026-07-28 12:00:37"
"	6A0C0938","	Ambient","	1","	B01??(?)","	22.9","	2026-07-28 12:00:37"
"	6A0C0938","	Ambient","	1","	B01??(%RH)","	78.2","	2026-07-28 12:00:35"
"	6A0C0938","	Ambient","	1","	B01??(?)","	22.9","	2026-07-28 12:00:35"
"	6A0C0938","	Ambient","	1","	B01??(%RH)","	78.3","	2026-07-28 12:00:33"
"	6A0C0938","	Ambient","	1","	B01??(?)","	22.9","	2026-07-28 12:00:33"
"	6A0C0938","	Ambient","	1","	B01??(%RH)","	78.3","	2026-07-28 12:00:31"
"	6A0C0938","	Ambient","	1","	B01??(?)","	22.9","	2026-07-28 12:00:31"
"	6A0C0938","	Ambient","	1","	B01??(%RH)","	78.3","	2026-07-28 12:00:29"
"	6A0C0938","	Ambient","	1","	B01??(?)","	22.9","	2026-07-28 12:00:29"
"	6A0C0938","	Ambient","	1","	B01??(%RH)","	78.2","	2026-07-28 12:00:27"
"	6A0C0938","	Ambient","	1","	B01??(?)","	22.9","	2026-07-28 12:00:27"
"	6A0C0938","	Ambient","	1","	B01??(%RH)","	78.3","	2026-07-28 12:00:25"
"	6A0C0938","	Ambient","	1","	B01??(?)","	22.9","	2026-07-28 12:00:25"
"	6A0C0938","	Ambient","	1","	B01??(%RH)","	78.3","	2026-07-28 12:00:23"
"	6A0C0938","	Ambient","	1","	B01??(?)","	22.9","	2026-07-28 12:00:23"
"	6A0C0938","	Ambient","	1","	B01??(%RH)","	78.3","	2026-07-28 12:00:21"
"	6A0C0938","	Ambient","	1","	B01??(?)","	22.9","	2026-07-28 12:00:21"
"	6A0C0938","	Ambient","	1","	B01??(%RH)","	78.3","	2026-07-28 12:00:18"
"	6A0C0938","	Ambient","	1","	B01??(?)","	22.9","	2026-07-28 12:00:18"
"	6A0C0938","	Ambient","	1","	B01??(%RH)","	78.2","	2026-07-28 12:00:16"
"	6A0C0938","	Ambient","	1","	B01??(?)","	22.9","	2026-07-28 12:00:16"
"	6A0C0938","	Ambient","	1","	B01??(%RH)","	78.2","	2026-07-28 12:00:14"
"	6A0C0938","	Ambient","	1","	B01??(?)","	22.9","	2026-07-28 12:00:14"
"	6A0C0938","	Ambient","	1","	B01??(%RH)","	78.2","	2026-07-28 12:00:12"
"	6A0C0938","	Ambient","	1","	B01??(?)","	22.9","	2026-07-28 12:00:12"
"	6A0C0938","	Ambient","	1","	B01??(%RH)","	78.2","	2026-07-28 12:00:10"
"	6A0C0938","	Ambient","	1","	B01??(?)","	22.9","	2026-07-28 12:00:10"
"	6A0C0938","	Ambient","	1","	B01??(%RH)","	78.2","	2026-07-28 12:00:08"
"	6A0C0938","	Ambient","	1","	B01??(?)","	22.9","	2026-07-28 12:00:08"
"	6A0C0938","	Ambient","	1","	B01??(%RH)","	78.2","	2026-07-28 12:00:06"
"	6A0C0938","	Ambient","	1","	B01??(?)","	22.9","	2026-07-28 12:00:06"
"	6A0C0938","	Ambient","	1","	B01??(%RH)","	78.2","	2026-07-28 12:00:04"
"	6A0C0938","	Ambient","	1","	B01??(?)","	22.9","	2026-07-28 12:00:04"
"	6A0C0938","	Ambient","	1","	B01??(%RH)","	78.2","	2026-07-28 12:00:02"
"	6A0C0938","	Ambient","	1","	B01??(?)","	22.9","	2026-07-28 12:00:02"
"	6A0C0938","	Ambient","	1","	B01??(%RH)","	78.2","	2026-07-28 12:00:00"
"	6A0C0938","	Ambient","	1","	B01??(?)","	22.9","	2026-07-28 12:00:00"
