??ID,????,????,????,????,??
"	69BA0CDE","	Chamber1","	1","	B01??(%RH)","	86.2","	2026-07-23 21:27:51"
"	69BA0CDE","	Chamber1","	1","	B01??(?)","	9.4","	2026-07-23 21:27:51"
"	69BA0CDE","	Chamber1","	1","	B01??(%RH)","	86.1","	2026-07-23 21:27:49"
"	69BA0CDE","	Chamber1","	1","	B01??(?)","	9.5","	2026-07-23 21:27:49"
"	69BA0CDE","	Chamber1","	1","	B01??(%RH)","	86.1","	2026-07-23 21:27:47"
"	69BA0CDE","	Chamber1","	1","	B01??(?)","	9.4","	2026-07-23 21:27:47"
"	69BA0CDE","	Chamber1","	1","	B01??(%RH)","	86.2","	2026-07-23 21:27:45"
"	69BA0CDE","	Chamber1","	1","	B01??(?)","	9.4","	2026-07-23 21:27:45"
"	69BA0CDE","	Chamber1","	1","	B01??(%RH)","	86.1","	2026-07-23 21:27:43"
"	69BA0CDE","	Chamber1","	1","	B01??(?)","	9.4","	2026-07-23 21:27:43"
"	69BA0CDE","	Chamber1","	1","	B01??(%RH)","	86.1","	2026-07-23 21:27:40"
"	69BA0CDE","	Chamber1","	1","	B01??(?)","	9.4","	2026-07-23 21:27:40"
"	69BA0CDE","	Chamber1","	1","	B01??(%RH)","	86.1","	2026-07-23 21:27:38"
"	69BA0CDE","	Chamber1","	1","	B01??(?)","	9.4","	2026-07-23 21:27:38"
"	69BA0CDE","	Chamber1","	1","	B01??(%RH)","	86.1","	2026-07-23 21:27:36"
"	69BA0CDE","	Chamber1","	1","	B01??(?)","	9.4","	2026-07-23 21:27:36"
"	69BA0CDE","	Chamber1","	1","	B01??(%RH)","	86.1","	2026-07-23 21:27:34"
"	69BA0CDE","	Chamber1","	1","	B01??(?)","	9.4","	2026-07-23 21:27:34"
"	69BA0CDE","	Chamber1","	1","	B01??(%RH)","	86.1","	2026-07-23 21:27:32"
"	69BA0CDE","	Chamber1","	1","	B01??(?)","	9.4","	2026-07-23 21:27:32"
"	69BA0CDE","	Chamber1","	1","	B01??(%RH)","	86.2","	2026-07-23 21:27:30"
"	69BA0CDE","	Chamber1","	1","	B01??(?)","	9.4","	2026-07-23 21:27:30"
"	69BA0CDE","	Chamber1","	1","	B01??(%RH)","	86.1","	2026-07-23 21:27:28"
"	69BA0CDE","	Chamber1","	1","	B01??(?)","	9.4","	2026-07-23 21:27:28"
"	69BA0CDE","	Chamber1","	1","	B01??(%RH)","	86.1","	2026-07-23 21:27:26"
"	69BA0CDE","	Chamber1","	1","	B01??(?)","	9.4","	2026-07-23 21:27:26"
"	69BA0CDE","	Chamber1","	1","	B01??(%RH)","	86.1","	2026-07-23 21:27:24"
"	69BA0CDE","	Chamber1","	1","	B01??(?)","	9.4","	2026-07-23 21:27:24"
"	69BA0CDE","	Chamber1","	1","	B01??(%RH)","	86.1","	2026-07-23 21:27:22"
"	69BA0CDE","	Chamber1","	1","	B01??(?)","	9.4","	2026-07-23 21:27:22"
"	69BA0CDE","	Chamber1","	1","	B01??(%RH)","	86.1","	2026-07-23 21:27:20"
"	69BA0CDE","	Chamber1","	1","	B01??(?)","	9.4","	2026-07-23 21:27:20"
"	69BA0CDE","	Chamber1","	1","	B01??(%RH)","	86.2","	2026-07-23 21:27:18"
"	69BA0CDE","	Chamber1","	1","	B01??(?)","	9.4","	2026-07-23 21:27:18"
"	69BA0CDE","	Chamber1","	1","	B01??(%RH)","	86.1","	2026-07-23 21:27:16"
"	69BA0CDE","	Chamber1","	1","	B01??(?)","	9.4","	2026-07-23 21:27:16"
"	69BA0CDE","	Chamber1","	1","	B01??(%RH)","	86.1","	2026-07-23 21:27:14"
"	69BA0CDE","	Chamber1","	1","	B01??(?)","	9.4","	2026-07-23 21:27:14"
"	69BA0CDE","	Chamber1","	1","	B01??(%RH)","	86.1","	2026-07-23 21:27:12"
"	69BA0CDE","	Chamber1","	1","	B01??(?)","	9.4","	2026-07-23 21:27:12"
"	69BA0CDE","	Chamber1","	1","	B01??(%RH)","	86.1","	2026-07-23 21:27:10"
"	69BA0CDE","	Chamber1","	1","	B01??(?)","	9.4","	2026-07-23 21:27:10"
"	69BA0CDE","	Chamber1","	1","	B01??(%RH)","	86.2","	2026-07-23 21:27:08"
"	69BA0CDE","	Chamber1","	1","	B01??(?)","	9.4","	2026-07-23 21:27:08"
"	69BA0CDE","	Chamber1","	1","	B01??(%RH)","	86.1","	2026-07-23 21:27:06"
"	69BA0CDE","	Chamber1","	1","	B01??(?)","	9.4","	2026-07-23 21:27:06"
"	69BA0CDE","	Chamber1","	1","	B01??(%RH)","	86.1","	2026-07-23 21:27:04"
"	69BA0CDE","	Chamber1","	1","	B01??(?)","	9.4","	2026-07-23 21:27:04"
"	69BA0CDE","	Chamber1","	1","	B01??(%RH)","	86.1","	2026-07-23 21:27:02"
"	69BA0CDE","	Chamber1","	1","	B01??(?)","	9.4","	2026-07-23 21:27:02"
"	69BA0CDE","	Chamber1","	1","	B01??(%RH)","	86.2","	2026-07-23 21:26:59"
"	69BA0CDE","	Chamber1","	1","	B01??(?)","	9.4","	2026-07-23 21:26:59"
"	69BA0CDE","	Chamber1","	1","	B01??(%RH)","	86.1","	2026-07-23 21:26:57"
"	69BA0CDE","	Chamber1","	1","	B01??(?)","	9.4","	2026-07-23 21:26:57"
"	69BA0CDE","	Chamber1","	1","	B01??(%RH)","	86.1","	2026-07-23 21:26:55"
"	69BA0CDE","	Chamber1","	1","	B01??(?)","	9.4","	2026-07-23 21:26:55"
"	69BA0CDE","	Chamber1","	1","	B01??(%RH)","	86.1","	2026-07-23 21:26:53"
"	69BA0CDE","	Chamber1","	1","	B01??(?)","	9.4","	2026-07-23 21:26:53"
"	69BA0CDE","	Chamber1","	1","	B01??(%RH)","	86.1","	2026-07-23 21:26:51"
"	69BA0CDE","	Chamber1","	1","	B01??(?)","	9.4","	2026-07-23 21:26:51"
"	69BA0CDE","	Chamber1","	1","	B01??(%RH)","	86.2","	2026-07-23 21:26:49"
"	69BA0CDE","	Chamber1","	1","	B01??(?)","	9.4","	2026-07-23 21:26:49"
"	69BA0CDE","	Chamber1","	1","	B01??(%RH)","	86.1","	2026-07-23 21:26:47"
"	69BA0CDE","	Chamber1","	1","	B01??(?)","	9.4","	2026-07-23 21:26:47"
"	69BA0CDE","	Chamber1","	1","	B01??(%RH)","	86.1","	2026-07-23 21:26:45"
"	69BA0CDE","	Chamber1","	1","	B01??(?)","	9.4","	2026-07-23 21:26:45"
"	69BA0CDE","	Chamber1","	1","	B01??(%RH)","	86.1","	2026-07-23 21:26:43"
"	69BA0CDE","	Chamber1","	1","	B01??(?)","	9.4","	2026-07-23 21:26:43"
"	69BA0CDE","	Chamber1","	1","	B01??(%RH)","	86.1","	2026-07-23 21:26:41"
"	69BA0CDE","	Chamber1","	1","	B01??(?)","	9.4","	2026-07-23 21:26:41"
"	69BA0CDE","	Chamber1","	1","	B01??(%RH)","	86.1","	2026-07-23 21:26:39"
"	69BA0CDE","	Chamber1","	1","	B01??(?)","	9.4","	2026-07-23 21:26:39"
"	69BA0CDE","	Chamber1","	1","	B01??(%RH)","	86.1","	2026-07-23 21:26:37"
"	69BA0CDE","	Chamber1","	1","	B01??(?)","	9.4","	2026-07-23 21:26:37"
"	69BA0CDE","	Chamber1","	1","	B01??(%RH)","	86.1","	2026-07-23 21:26:35"
"	69BA0CDE","	Chamber1","	1","	B01??(?)","	9.4","	2026-07-23 21:26:35"
"	69BA0CDE","	Chamber1","	1","	B01??(%RH)","	86.1","	2026-07-23 21:26:33"
"	69BA0CDE","	Chamber1","	1","	B01??(?)","	9.4","	2026-07-23 21:26:33"
"	69BA0CDE","	Chamber1","	1","	B01??(%RH)","	86.1","	2026-07-23 21:26:31"
"	69BA0CDE","	Chamber1","	1","	B01??(?)","	9.4","	2026-07-23 21:26:31"
"	69BA0CDE","	Chamber1","	1","	B01??(%RH)","	86.1","	2026-07-23 21:26:29"
"	69BA0CDE","	Chamber1","	1","	B01??(?)","	9.4","	2026-07-23 21:26:29"
"	69BA0CDE","	Chamber1","	1","	B01??(%RH)","	86.1","	2026-07-23 21:26:27"
"	69BA0CDE","	Chamber1","	1","	B01??(?)","	9.4","	2026-07-23 21:26:27"
"	69BA0CDE","	Chamber1","	1","	B01??(%RH)","	86.1","	2026-07-23 21:26:25"
"	69BA0CDE","	Chamber1","	1","	B01??(?)","	9.4","	2026-07-23 21:26:25"
"	69BA0CDE","	Chamber1","	1","	B01??(%RH)","	86.1","	2026-07-23 21:26:23"
"	69BA0CDE","	Chamber1","	1","	B01??(?)","	9.4","	2026-07-23 21:26:23"
"	69BA0CDE","	Chamber1","	1","	B01??(%RH)","	86.1","	2026-07-23 21:26:21"
"	69BA0CDE","	Chamber1","	1","	B01??(?)","	9.4","	2026-07-23 21:26:21"
"	69BA0CDE","	Chamber1","	1","	B01??(%RH)","	86.1","	2026-07-23 21:26:19"
"	69BA0CDE","	Chamber1","	1","	B01??(?)","	9.4","	2026-07-23 21:26:19"
"	69BA0CDE","	Chamber1","	1","	B01??(%RH)","	86.1","	2026-07-23 21:26:17"
"	69BA0CDE","	Chamber1","	1","	B01??(?)","	9.4","	2026-07-23 21:26:17"
"	69BA0CDE","	Chamber1","	1","	B01??(%RH)","	86.1","	2026-07-23 21:26:14"
"	69BA0CDE","	Chamber1","	1","	B01??(?)","	9.4","	2026-07-23 21:26:14"
"	69BA0CDE","	Chamber1","	1","	B01??(%RH)","	86.1","	2026-07-23 21:26:12"
"	69BA0CDE","	Chamber1","	1","	B01??(?)","	9.4","	2026-07-23 21:26:12"
"	69BA0CDE","	Chamber1","	1","	B01??(%RH)","	86.1","	2026-07-23 21:26:10"
"	69BA0CDE","	Chamber1","	1","	B01??(?)","	9.4","	2026-07-23 21:26:10"
"	69BA0CDE","	Chamber1","	1","	B01??(%RH)","	86.1","	2026-07-23 21:26:08"
"	69BA0CDE","	Chamber1","	1","	B01??(?)","	9.4","	2026-07-23 21:26:08"
"	69BA0CDE","	Chamber1","	1","	B01??(%RH)","	86.1","	2026-07-23 21:26:06"
"	69BA0CDE","	Chamber1","	1","	B01??(?)","	9.4","	2026-07-23 21:26:06"
"	69BA0CDE","	Chamber1","	1","	B01??(%RH)","	86.1","	2026-07-23 21:26:04"
"	69BA0CDE","	Chamber1","	1","	B01??(?)","	9.4","	2026-07-23 21:26:04"
"	69BA0CDE","	Chamber1","	1","	B01??(%RH)","	86.1","	2026-07-23 21:26:02"
"	69BA0CDE","	Chamber1","	1","	B01??(?)","	9.4","	2026-07-23 21:26:02"
"	69BA0CDE","	Chamber1","	1","	B01??(%RH)","	86.1","	2026-07-23 21:26:00"
"	69BA0CDE","	Chamber1","	1","	B01??(?)","	9.4","	2026-07-23 21:26:00"
"	69BA0CDE","	Chamber1","	1","	B01??(%RH)","	86.1","	2026-07-23 21:25:58"
"	69BA0CDE","	Chamber1","	1","	B01??(?)","	9.4","	2026-07-23 21:25:58"
"	69BA0CDE","	Chamber1","	1","	B01??(%RH)","	86.1","	2026-07-23 21:25:56"
"	69BA0CDE","	Chamber1","	1","	B01??(?)","	9.4","	2026-07-23 21:25:56"
"	69BA0CDE","	Chamber1","	1","	B01??(%RH)","	86.1","	2026-07-23 21:25:54"
"	69BA0CDE","	Chamber1","	1","	B01??(?)","	9.4","	2026-07-23 21:25:54"
"	69BA0CDE","	Chamber1","	1","	B01??(%RH)","	86.1","	2026-07-23 21:25:52"
"	69BA0CDE","	Chamber1","	1","	B01??(?)","	9.4","	2026-07-23 21:25:52"
"	69BA0CDE","	Chamber1","	1","	B01??(%RH)","	86.1","	2026-07-23 21:25:50"
"	69BA0CDE","	Chamber1","	1","	B01??(?)","	9.4","	2026-07-23 21:25:50"
"	69BA0CDE","	Chamber1","	1","	B01??(%RH)","	86.1","	2026-07-23 21:25:48"
"	69BA0CDE","	Chamber1","	1","	B01??(?)","	9.4","	2026-07-23 21:25:48"
"	69BA0CDE","	Chamber1","	1","	B01??(%RH)","	86.1","	2026-07-23 21:25:46"
"	69BA0CDE","	Chamber1","	1","	B01??(?)","	9.4","	2026-07-23 21:25:46"
"	69BA0CDE","	Chamber1","	1","	B01??(%RH)","	86.1","	2026-07-23 21:25:44"
"	69BA0CDE","	Chamber1","	1","	B01??(?)","	9.4","	2026-07-23 21:25:44"
"	69BA0CDE","	Chamber1","	1","	B01??(%RH)","	86.1","	2026-07-23 21:25:42"
"	69BA0CDE","	Chamber1","	1","	B01??(?)","	9.4","	2026-07-23 21:25:42"
"	69BA0CDE","	Chamber1","	1","	B01??(%RH)","	86.1","	2026-07-23 21:25:40"
"	69BA0CDE","	Chamber1","	1","	B01??(?)","	9.4","	2026-07-23 21:25:40"
"	69BA0CDE","	Chamber1","	1","	B01??(%RH)","	86.1","	2026-07-23 21:25:38"
"	69BA0CDE","	Chamber1","	1","	B01??(?)","	9.4","	2026-07-23 21:25:38"
"	69BA0CDE","	Chamber1","	1","	B01??(%RH)","	86.1","	2026-07-23 21:25:36"
"	69BA0CDE","	Chamber1","	1","	B01??(?)","	9.4","	2026-07-23 21:25:36"
"	69BA0CDE","	Chamber1","	1","	B01??(%RH)","	86.1","	2026-07-23 21:25:34"
"	69BA0CDE","	Chamber1","	1","	B01??(?)","	9.4","	2026-07-23 21:25:34"
"	69BA0CDE","	Chamber1","	1","	B01??(%RH)","	86","	2026-07-23 21:25:32"
"	69BA0CDE","	Chamber1","	1","	B01??(?)","	9.4","	2026-07-23 21:25:32"
"	69BA0CDE","	Chamber1","	1","	B01??(%RH)","	86.1","	2026-07-23 21:25:29"
"	69BA0CDE","	Chamber1","	1","	B01??(?)","	9.4","	2026-07-23 21:25:29"
"	69BA0CDE","	Chamber1","	1","	B01??(%RH)","	86.1","	2026-07-23 21:25:27"
"	69BA0CDE","	Chamber1","	1","	B01??(?)","	9.4","	2026-07-23 21:25:27"
"	69BA0CDE","	Chamber1","	1","	B01??(%RH)","	86.1","	2026-07-23 21:25:25"
"	69BA0CDE","	Chamber1","	1","	B01??(?)","	9.4","	2026-07-23 21:25:25"
"	69BA0CDE","	Chamber1","	1","	B01??(%RH)","	86.1","	2026-07-23 21:25:23"
"	69BA0CDE","	Chamber1","	1","	B01??(?)","	9.4","	2026-07-23 21:25:23"
"	69BA0CDE","	Chamber1","	1","	B01??(%RH)","	86","	2026-07-23 21:25:21"
"	69BA0CDE","	Chamber1","	1","	B01??(?)","	9.4","	2026-07-23 21:25:21"
"	69BA0CDE","	Chamber1","	1","	B01??(%RH)","	86","	2026-07-23 21:25:19"
"	69BA0CDE","	Chamber1","	1","	B01??(?)","	9.4","	2026-07-23 21:25:19"
"	69BA0CDE","	Chamber1","	1","	B01??(%RH)","	86","	2026-07-23 21:25:17"
"	69BA0CDE","	Chamber1","	1","	B01??(?)","	9.4","	2026-07-23 21:25:17"
"	69BA0CDE","	Chamber1","	1","	B01??(%RH)","	86.1","	2026-07-23 21:25:15"
"	69BA0CDE","	Chamber1","	1","	B01??(?)","	9.4","	2026-07-23 21:25:15"
"	69BA0CDE","	Chamber1","	1","	B01??(%RH)","	86.1","	2026-07-23 21:25:13"
"	69BA0CDE","	Chamber1","	1","	B01??(?)","	9.4","	2026-07-23 21:25:13"
"	69BA0CDE","	Chamber1","	1","	B01??(%RH)","	86.1","	2026-07-23 21:25:11"
"	69BA0CDE","	Chamber1","	1","	B01??(?)","	9.4","	2026-07-23 21:25:11"
"	69BA0CDE","	Chamber1","	1","	B01??(%RH)","	86.1","	2026-07-23 21:25:09"
"	69BA0CDE","	Chamber1","	1","	B01??(?)","	9.4","	2026-07-23 21:25:09"
"	69BA0CDE","	Chamber1","	1","	B01??(%RH)","	86.1","	2026-07-23 21:25:07"
"	69BA0CDE","	Chamber1","	1","	B01??(?)","	9.4","	2026-07-23 21:25:07"
"	69BA0CDE","	Chamber1","	1","	B01??(%RH)","	86","	2026-07-23 21:25:05"
"	69BA0CDE","	Chamber1","	1","	B01??(?)","	9.4","	2026-07-23 21:25:05"
"	69BA0CDE","	Chamber1","	1","	B01??(%RH)","	86.1","	2026-07-23 21:25:03"
"	69BA0CDE","	Chamber1","	1","	B01??(?)","	9.4","	2026-07-23 21:25:03"
"	69BA0CDE","	Chamber1","	1","	B01??(%RH)","	86","	2026-07-23 21:25:01"
"	69BA0CDE","	Chamber1","	1","	B01??(?)","	9.4","	2026-07-23 21:25:01"
"	69BA0CDE","	Chamber1","	1","	B01??(%RH)","	86","	2026-07-23 21:24:59"
"	69BA0CDE","	Chamber1","	1","	B01??(?)","	9.3","	2026-07-23 21:24:59"
"	69BA0CDE","	Chamber1","	1","	B01??(%RH)","	86","	2026-07-23 21:24:57"
"	69BA0CDE","	Chamber1","	1","	B01??(?)","	9.4","	2026-07-23 21:24:57"
"	69BA0CDE","	Chamber1","	1","	B01??(%RH)","	86","	2026-07-23 21:24:55"
"	69BA0CDE","	Chamber1","	1","	B01??(?)","	9.4","	2026-07-23 21:24:55"
"	69BA0CDE","	Chamber1","	1","	B01??(%RH)","	86","	2026-07-23 21:24:53"
"	69BA0CDE","	Chamber1","	1","	B01??(?)","	9.4","	2026-07-23 21:24:53"
"	69BA0CDE","	Chamber1","	1","	B01??(%RH)","	86.1","	2026-07-23 21:24:51"
"	69BA0CDE","	Chamber1","	1","	B01??(?)","	9.4","	2026-07-23 21:24:51"
"	69BA0CDE","	Chamber1","	1","	B01??(%RH)","	86","	2026-07-23 21:24:49"
"	69BA0CDE","	Chamber1","	1","	B01??(?)","	9.4","	2026-07-23 21:24:49"
"	69BA0CDE","	Chamber1","	1","	B01??(%RH)","	86","	2026-07-23 21:24:46"
"	69BA0CDE","	Chamber1","	1","	B01??(?)","	9.4","	2026-07-23 21:24:46"
"	69BA0CDE","	Chamber1","	1","	B01??(%RH)","	86","	2026-07-23 21:24:44"
"	69BA0CDE","	Chamber1","	1","	B01??(?)","	9.4","	2026-07-23 21:24:44"
"	69BA0CDE","	Chamber1","	1","	B01??(%RH)","	86","	2026-07-23 21:24:42"
"	69BA0CDE","	Chamber1","	1","	B01??(?)","	9.4","	2026-07-23 21:24:42"
"	69BA0CDE","	Chamber1","	1","	B01??(%RH)","	86","	2026-07-23 21:24:40"
"	69BA0CDE","	Chamber1","	1","	B01??(?)","	9.3","	2026-07-23 21:24:40"
"	69BA0CDE","	Chamber1","	1","	B01??(%RH)","	86","	2026-07-23 21:24:38"
"	69BA0CDE","	Chamber1","	1","	B01??(?)","	9.3","	2026-07-23 21:24:38"
"	69BA0CDE","	Chamber1","	1","	B01??(%RH)","	86","	2026-07-23 21:24:36"
"	69BA0CDE","	Chamber1","	1","	B01??(?)","	9.4","	2026-07-23 21:24:36"
"	69BA0CDE","	Chamber1","	1","	B01??(%RH)","	86","	2026-07-23 21:24:34"
"	69BA0CDE","	Chamber1","	1","	B01??(?)","	9.3","	2026-07-23 21:24:34"
"	69BA0CDE","	Chamber1","	1","	B01??(%RH)","	86","	2026-07-23 21:24:32"
"	69BA0CDE","	Chamber1","	1","	B01??(?)","	9.4","	2026-07-23 21:24:32"
"	69BA0CDE","	Chamber1","	1","	B01??(%RH)","	86","	2026-07-23 21:24:30"
"	69BA0CDE","	Chamber1","	1","	B01??(?)","	9.3","	2026-07-23 21:24:30"
"	69BA0CDE","	Chamber1","	1","	B01??(%RH)","	86.1","	2026-07-23 21:24:28"
"	69BA0CDE","	Chamber1","	1","	B01??(?)","	9.3","	2026-07-23 21:24:28"
"	69BA0CDE","	Chamber1","	1","	B01??(%RH)","	86","	2026-07-23 21:24:26"
"	69BA0CDE","	Chamber1","	1","	B01??(?)","	9.4","	2026-07-23 21:24:26"
"	69BA0CDE","	Chamber1","	1","	B01??(%RH)","	86","	2026-07-23 21:24:24"
"	69BA0CDE","	Chamber1","	1","	B01??(?)","	9.3","	2026-07-23 21:24:24"
"	69BA0CDE","	Chamber1","	1","	B01??(%RH)","	86","	2026-07-23 21:24:22"
"	69BA0CDE","	Chamber1","	1","	B01??(?)","	9.3","	2026-07-23 21:24:22"
"	69BA0CDE","	Chamber1","	1","	B01??(%RH)","	86","	2026-07-23 21:24:20"
"	69BA0CDE","	Chamber1","	1","	B01??(?)","	9.4","	2026-07-23 21:24:20"
"	69BA0CDE","	Chamber1","	1","	B01??(%RH)","	86","	2026-07-23 21:24:18"
"	69BA0CDE","	Chamber1","	1","	B01??(?)","	9.4","	2026-07-23 21:24:18"
"	69BA0CDE","	Chamber1","	1","	B01??(%RH)","	86","	2026-07-23 21:24:16"
"	69BA0CDE","	Chamber1","	1","	B01??(?)","	9.3","	2026-07-23 21:24:16"
"	69BA0CDE","	Chamber1","	1","	B01??(%RH)","	86","	2026-07-23 21:24:14"
"	69BA0CDE","	Chamber1","	1","	B01??(?)","	9.3","	2026-07-23 21:24:14"
"	69BA0CDE","	Chamber1","	1","	B01??(%RH)","	86","	2026-07-23 21:24:12"
"	69BA0CDE","	Chamber1","	1","	B01??(?)","	9.4","	2026-07-23 21:24:12"
"	69BA0CDE","	Chamber1","	1","	B01??(%RH)","	86","	2026-07-23 21:24:10"
"	69BA0CDE","	Chamber1","	1","	B01??(?)","	9.3","	2026-07-23 21:24:10"
"	69BA0CDE","	Chamber1","	1","	B01??(%RH)","	86","	2026-07-23 21:24:08"
"	69BA0CDE","	Chamber1","	1","	B01??(?)","	9.3","	2026-07-23 21:24:08"
"	69BA0CDE","	Chamber1","	1","	B01??(%RH)","	86","	2026-07-23 21:24:06"
"	69BA0CDE","	Chamber1","	1","	B01??(?)","	9.3","	2026-07-23 21:24:06"
"	69BA0CDE","	Chamber1","	1","	B01??(%RH)","	86","	2026-07-23 21:24:04"
"	69BA0CDE","	Chamber1","	1","	B01??(?)","	9.3","	2026-07-23 21:24:04"
"	69BA0CDE","	Chamber1","	1","	B01??(%RH)","	86","	2026-07-23 21:24:01"
"	69BA0CDE","	Chamber1","	1","	B01??(?)","	9.3","	2026-07-23 21:24:01"
"	69BA0CDE","	Chamber1","	1","	B01??(%RH)","	86","	2026-07-23 21:23:59"
"	69BA0CDE","	Chamber1","	1","	B01??(?)","	9.3","	2026-07-23 21:23:59"
"	69BA0CDE","	Chamber1","	1","	B01??(%RH)","	86","	2026-07-23 21:23:57"
"	69BA0CDE","	Chamber1","	1","	B01??(?)","	9.4","	2026-07-23 21:23:57"
"	69BA0CDE","	Chamber1","	1","	B01??(%RH)","	86","	2026-07-23 21:23:55"
"	69BA0CDE","	Chamber1","	1","	B01??(?)","	9.3","	2026-07-23 21:23:55"
"	69BA0CDE","	Chamber1","	1","	B01??(%RH)","	86","	2026-07-23 21:23:53"
"	69BA0CDE","	Chamber1","	1","	B01??(?)","	9.4","	2026-07-23 21:23:53"
"	69BA0CDE","	Chamber1","	1","	B01??(%RH)","	86","	2026-07-23 21:23:51"
"	69BA0CDE","	Chamber1","	1","	B01??(?)","	9.4","	2026-07-23 21:23:51"
"	69BA0CDE","	Chamber1","	1","	B01??(%RH)","	86","	2026-07-23 21:23:49"
"	69BA0CDE","	Chamber1","	1","	B01??(?)","	9.3","	2026-07-23 21:23:49"
"	69BA0CDE","	Chamber1","	1","	B01??(%RH)","	86","	2026-07-23 21:23:47"
"	69BA0CDE","	Chamber1","	1","	B01??(?)","	9.3","	2026-07-23 21:23:47"
"	69BA0CDE","	Chamber1","	1","	B01??(%RH)","	85.9","	2026-07-23 21:23:45"
"	69BA0CDE","	Chamber1","	1","	B01??(?)","	9.3","	2026-07-23 21:23:45"
"	69BA0CDE","	Chamber1","	1","	B01??(%RH)","	86","	2026-07-23 21:23:43"
"	69BA0CDE","	Chamber1","	1","	B01??(?)","	9.3","	2026-07-23 21:23:43"
"	69BA0CDE","	Chamber1","	1","	B01??(%RH)","	85.9","	2026-07-23 21:23:41"
"	69BA0CDE","	Chamber1","	1","	B01??(?)","	9.3","	2026-07-23 21:23:41"
"	69BA0CDE","	Chamber1","	1","	B01??(%RH)","	86","	2026-07-23 21:23:39"
"	69BA0CDE","	Chamber1","	1","	B01??(?)","	9.3","	2026-07-23 21:23:39"
"	69BA0CDE","	Chamber1","	1","	B01??(%RH)","	86","	2026-07-23 21:23:37"
"	69BA0CDE","	Chamber1","	1","	B01??(?)","	9.3","	2026-07-23 21:23:37"
"	69BA0CDE","	Chamber1","	1","	B01??(%RH)","	85.9","	2026-07-23 21:23:35"
"	69BA0CDE","	Chamber1","	1","	B01??(?)","	9.3","	2026-07-23 21:23:35"
"	69BA0CDE","	Chamber1","	1","	B01??(%RH)","	86","	2026-07-23 21:23:33"
"	69BA0CDE","	Chamber1","	1","	B01??(?)","	9.3","	2026-07-23 21:23:33"
"	69BA0CDE","	Chamber1","	1","	B01??(%RH)","	86","	2026-07-23 21:23:31"
"	69BA0CDE","	Chamber1","	1","	B01??(?)","	9.3","	2026-07-23 21:23:31"
"	69BA0CDE","	Chamber1","	1","	B01??(%RH)","	86","	2026-07-23 21:23:29"
"	69BA0CDE","	Chamber1","	1","	B01??(?)","	9.3","	2026-07-23 21:23:29"
"	69BA0CDE","	Chamber1","	1","	B01??(%RH)","	86","	2026-07-23 21:23:27"
"	69BA0CDE","	Chamber1","	1","	B01??(?)","	9.3","	2026-07-23 21:23:27"
"	69BA0CDE","	Chamber1","	1","	B01??(%RH)","	86","	2026-07-23 21:23:25"
"	69BA0CDE","	Chamber1","	1","	B01??(?)","	9.3","	2026-07-23 21:23:25"
"	69BA0CDE","	Chamber1","	1","	B01??(%RH)","	85.9","	2026-07-23 21:23:23"
"	69BA0CDE","	Chamber1","	1","	B01??(?)","	9.3","	2026-07-23 21:23:23"
"	69BA0CDE","	Chamber1","	1","	B01??(%RH)","	85.9","	2026-07-23 21:23:21"
"	69BA0CDE","	Chamber1","	1","	B01??(?)","	9.3","	2026-07-23 21:23:21"
"	69BA0CDE","	Chamber1","	1","	B01??(%RH)","	86","	2026-07-23 21:23:19"
"	69BA0CDE","	Chamber1","	1","	B01??(?)","	9.3","	2026-07-23 21:23:19"
"	69BA0CDE","	Chamber1","	1","	B01??(%RH)","	86","	2026-07-23 21:23:16"
"	69BA0CDE","	Chamber1","	1","	B01??(?)","	9.3","	2026-07-23 21:23:16"
"	69BA0CDE","	Chamber1","	1","	B01??(%RH)","	86","	2026-07-23 21:23:14"
"	69BA0CDE","	Chamber1","	1","	B01??(?)","	9.3","	2026-07-23 21:23:14"
"	69BA0CDE","	Chamber1","	1","	B01??(%RH)","	85.9","	2026-07-23 21:23:12"
"	69BA0CDE","	Chamber1","	1","	B01??(?)","	9.3","	2026-07-23 21:23:12"
"	69BA0CDE","	Chamber1","	1","	B01??(%RH)","	85.9","	2026-07-23 21:23:10"
"	69BA0CDE","	Chamber1","	1","	B01??(?)","	9.3","	2026-07-23 21:23:10"
"	69BA0CDE","	Chamber1","	1","	B01??(%RH)","	86","	2026-07-23 21:23:08"
"	69BA0CDE","	Chamber1","	1","	B01??(?)","	9.3","	2026-07-23 21:23:08"
"	69BA0CDE","	Chamber1","	1","	B01??(%RH)","	86","	2026-07-23 21:23:06"
"	69BA0CDE","	Chamber1","	1","	B01??(?)","	9.3","	2026-07-23 21:23:06"
"	69BA0CDE","	Chamber1","	1","	B01??(%RH)","	85.9","	2026-07-23 21:23:04"
"	69BA0CDE","	Chamber1","	1","	B01??(?)","	9.3","	2026-07-23 21:23:04"
"	69BA0CDE","	Chamber1","	1","	B01??(%RH)","	85.9","	2026-07-23 21:23:02"
"	69BA0CDE","	Chamber1","	1","	B01??(?)","	9.3","	2026-07-23 21:23:02"
"	69BA0CDE","	Chamber1","	1","	B01??(%RH)","	85.9","	2026-07-23 21:23:00"
"	69BA0CDE","	Chamber1","	1","	B01??(?)","	9.3","	2026-07-23 21:23:00"
"	69BA0CDE","	Chamber1","	1","	B01??(%RH)","	85.9","	2026-07-23 21:22:58"
"	69BA0CDE","	Chamber1","	1","	B01??(?)","	9.3","	2026-07-23 21:22:58"
"	69BA0CDE","	Chamber1","	1","	B01??(%RH)","	85.9","	2026-07-23 21:22:56"
"	69BA0CDE","	Chamber1","	1","	B01??(?)","	9.3","	2026-07-23 21:22:56"
"	69BA0CDE","	Chamber1","	1","	B01??(%RH)","	85.9","	2026-07-23 21:22:54"
"	69BA0CDE","	Chamber1","	1","	B01??(?)","	9.3","	2026-07-23 21:22:54"
"	69BA0CDE","	Chamber1","	1","	B01??(%RH)","	85.9","	2026-07-23 21:22:52"
"	69BA0CDE","	Chamber1","	1","	B01??(?)","	9.3","	2026-07-23 21:22:52"
"	69BA0CDE","	Chamber1","	1","	B01??(%RH)","	85.9","	2026-07-23 21:22:50"
"	69BA0CDE","	Chamber1","	1","	B01??(?)","	9.3","	2026-07-23 21:22:50"
"	69BA0CDE","	Chamber1","	1","	B01??(%RH)","	85.9","	2026-07-23 21:22:48"
"	69BA0CDE","	Chamber1","	1","	B01??(?)","	9.3","	2026-07-23 21:22:48"
"	69BA0CDE","	Chamber1","	1","	B01??(%RH)","	85.9","	2026-07-23 21:22:46"
"	69BA0CDE","	Chamber1","	1","	B01??(?)","	9.3","	2026-07-23 21:22:46"
"	69BA0CDE","	Chamber1","	1","	B01??(%RH)","	85.9","	2026-07-23 21:22:44"
"	69BA0CDE","	Chamber1","	1","	B01??(?)","	9.3","	2026-07-23 21:22:44"
"	69BA0CDE","	Chamber1","	1","	B01??(%RH)","	85.9","	2026-07-23 21:22:42"
"	69BA0CDE","	Chamber1","	1","	B01??(?)","	9.3","	2026-07-23 21:22:42"
"	69BA0CDE","	Chamber1","	1","	B01??(%RH)","	85.9","	2026-07-23 21:22:40"
"	69BA0CDE","	Chamber1","	1","	B01??(?)","	9.3","	2026-07-23 21:22:40"
"	69BA0CDE","	Chamber1","	1","	B01??(%RH)","	85.9","	2026-07-23 21:22:38"
"	69BA0CDE","	Chamber1","	1","	B01??(?)","	9.3","	2026-07-23 21:22:38"
"	69BA0CDE","	Chamber1","	1","	B01??(%RH)","	85.9","	2026-07-23 21:22:36"
"	69BA0CDE","	Chamber1","	1","	B01??(?)","	9.3","	2026-07-23 21:22:36"
"	69BA0CDE","	Chamber1","	1","	B01??(%RH)","	85.9","	2026-07-23 21:22:33"
"	69BA0CDE","	Chamber1","	1","	B01??(?)","	9.3","	2026-07-23 21:22:33"
"	69BA0CDE","	Chamber1","	1","	B01??(%RH)","	85.9","	2026-07-23 21:22:31"
"	69BA0CDE","	Chamber1","	1","	B01??(?)","	9.3","	2026-07-23 21:22:31"
"	69BA0CDE","	Chamber1","	1","	B01??(%RH)","	85.9","	2026-07-23 21:22:29"
"	69BA0CDE","	Chamber1","	1","	B01??(?)","	9.3","	2026-07-23 21:22:29"
"	69BA0CDE","	Chamber1","	1","	B01??(%RH)","	85.9","	2026-07-23 21:22:27"
"	69BA0CDE","	Chamber1","	1","	B01??(?)","	9.3","	2026-07-23 21:22:27"
"	69BA0CDE","	Chamber1","	1","	B01??(%RH)","	85.9","	2026-07-23 21:22:25"
"	69BA0CDE","	Chamber1","	1","	B01??(?)","	9.3","	2026-07-23 21:22:25"
"	69BA0CDE","	Chamber1","	1","	B01??(%RH)","	85.9","	2026-07-23 21:22:23"
"	69BA0CDE","	Chamber1","	1","	B01??(?)","	9.3","	2026-07-23 21:22:23"
"	69BA0CDE","	Chamber1","	1","	B01??(%RH)","	85.9","	2026-07-23 21:22:21"
"	69BA0CDE","	Chamber1","	1","	B01??(?)","	9.3","	2026-07-23 21:22:21"
"	69BA0CDE","	Chamber1","	1","	B01??(%RH)","	85.9","	2026-07-23 21:22:19"
"	69BA0CDE","	Chamber1","	1","	B01??(?)","	9.3","	2026-07-23 21:22:19"
"	69BA0CDE","	Chamber1","	1","	B01??(%RH)","	85.9","	2026-07-23 21:22:17"
"	69BA0CDE","	Chamber1","	1","	B01??(?)","	9.3","	2026-07-23 21:22:17"
"	69BA0CDE","	Chamber1","	1","	B01??(%RH)","	85.9","	2026-07-23 21:22:15"
"	69BA0CDE","	Chamber1","	1","	B01??(?)","	9.3","	2026-07-23 21:22:15"
"	69BA0CDE","	Chamber1","	1","	B01??(%RH)","	85.9","	2026-07-23 21:22:13"
"	69BA0CDE","	Chamber1","	1","	B01??(?)","	9.3","	2026-07-23 21:22:13"
"	69BA0CDE","	Chamber1","	1","	B01??(%RH)","	85.9","	2026-07-23 21:22:11"
"	69BA0CDE","	Chamber1","	1","	B01??(?)","	9.3","	2026-07-23 21:22:11"
"	69BA0CDE","	Chamber1","	1","	B01??(%RH)","	85.9","	2026-07-23 21:22:09"
"	69BA0CDE","	Chamber1","	1","	B01??(?)","	9.3","	2026-07-23 21:22:09"
"	69BA0CDE","	Chamber1","	1","	B01??(%RH)","	85.9","	2026-07-23 21:22:07"
"	69BA0CDE","	Chamber1","	1","	B01??(?)","	9.3","	2026-07-23 21:22:07"
"	69BA0CDE","	Chamber1","	1","	B01??(%RH)","	85.9","	2026-07-23 21:22:05"
"	69BA0CDE","	Chamber1","	1","	B01??(?)","	9.3","	2026-07-23 21:22:05"
"	69BA0CDE","	Chamber1","	1","	B01??(%RH)","	85.9","	2026-07-23 21:22:03"
"	69BA0CDE","	Chamber1","	1","	B01??(?)","	9.3","	2026-07-23 21:22:03"
"	69BA0CDE","	Chamber1","	1","	B01??(%RH)","	85.9","	2026-07-23 21:22:01"
"	69BA0CDE","	Chamber1","	1","	B01??(?)","	9.3","	2026-07-23 21:22:01"
"	69BA0CDE","	Chamber1","	1","	B01??(%RH)","	85.9","	2026-07-23 21:21:59"
"	69BA0CDE","	Chamber1","	1","	B01??(?)","	9.3","	2026-07-23 21:21:59"
"	69BA0CDE","	Chamber1","	1","	B01??(%RH)","	85.9","	2026-07-23 21:21:57"
"	69BA0CDE","	Chamber1","	1","	B01??(?)","	9.3","	2026-07-23 21:21:57"
"	69BA0CDE","	Chamber1","	1","	B01??(%RH)","	85.9","	2026-07-23 21:21:55"
"	69BA0CDE","	Chamber1","	1","	B01??(?)","	9.3","	2026-07-23 21:21:55"
"	69BA0CDE","	Chamber1","	1","	B01??(%RH)","	85.9","	2026-07-23 21:21:53"
"	69BA0CDE","	Chamber1","	1","	B01??(?)","	9.3","	2026-07-23 21:21:53"
"	69BA0CDE","	Chamber1","	1","	B01??(%RH)","	85.9","	2026-07-23 21:21:50"
"	69BA0CDE","	Chamber1","	1","	B01??(?)","	9.3","	2026-07-23 21:21:50"
"	69BA0CDE","	Chamber1","	1","	B01??(%RH)","	85.9","	2026-07-23 21:21:48"
"	69BA0CDE","	Chamber1","	1","	B01??(?)","	9.3","	2026-07-23 21:21:48"
"	69BA0CDE","	Chamber1","	1","	B01??(%RH)","	85.9","	2026-07-23 21:21:46"
"	69BA0CDE","	Chamber1","	1","	B01??(?)","	9.3","	2026-07-23 21:21:46"
"	69BA0CDE","	Chamber1","	1","	B01??(%RH)","	85.9","	2026-07-23 21:21:44"
"	69BA0CDE","	Chamber1","	1","	B01??(?)","	9.3","	2026-07-23 21:21:44"
"	69BA0CDE","	Chamber1","	1","	B01??(%RH)","	85.9","	2026-07-23 21:21:42"
"	69BA0CDE","	Chamber1","	1","	B01??(?)","	9.3","	2026-07-23 21:21:42"
"	69BA0CDE","	Chamber1","	1","	B01??(%RH)","	85.9","	2026-07-23 21:21:40"
"	69BA0CDE","	Chamber1","	1","	B01??(?)","	9.3","	2026-07-23 21:21:40"
"	69BA0CDE","	Chamber1","	1","	B01??(%RH)","	85.9","	2026-07-23 21:21:38"
"	69BA0CDE","	Chamber1","	1","	B01??(?)","	9.3","	2026-07-23 21:21:38"
"	69BA0CDE","	Chamber1","	1","	B01??(%RH)","	85.9","	2026-07-23 21:21:36"
"	69BA0CDE","	Chamber1","	1","	B01??(?)","	9.3","	2026-07-23 21:21:36"
"	69BA0CDE","	Chamber1","	1","	B01??(%RH)","	85.8","	2026-07-23 21:21:34"
"	69BA0CDE","	Chamber1","	1","	B01??(?)","	9.3","	2026-07-23 21:21:34"
"	69BA0CDE","	Chamber1","	1","	B01??(%RH)","	85.9","	2026-07-23 21:21:32"
"	69BA0CDE","	Chamber1","	1","	B01??(?)","	9.3","	2026-07-23 21:21:32"
"	69BA0CDE","	Chamber1","	1","	B01??(%RH)","	85.9","	2026-07-23 21:21:30"
"	69BA0CDE","	Chamber1","	1","	B01??(?)","	9.3","	2026-07-23 21:21:30"
"	69BA0CDE","	Chamber1","	1","	B01??(%RH)","	85.9","	2026-07-23 21:21:28"
"	69BA0CDE","	Chamber1","	1","	B01??(?)","	9.3","	2026-07-23 21:21:28"
"	69BA0CDE","	Chamber1","	1","	B01??(%RH)","	85.9","	2026-07-23 21:21:26"
"	69BA0CDE","	Chamber1","	1","	B01??(?)","	9.3","	2026-07-23 21:21:26"
"	69BA0CDE","	Chamber1","	1","	B01??(%RH)","	85.9","	2026-07-23 21:21:24"
"	69BA0CDE","	Chamber1","	1","	B01??(?)","	9.3","	2026-07-23 21:21:24"
"	69BA0CDE","	Chamber1","	1","	B01??(%RH)","	85.8","	2026-07-23 21:21:22"
"	69BA0CDE","	Chamber1","	1","	B01??(?)","	9.3","	2026-07-23 21:21:22"
"	69BA0CDE","	Chamber1","	1","	B01??(%RH)","	85.8","	2026-07-23 21:21:20"
"	69BA0CDE","	Chamber1","	1","	B01??(?)","	9.3","	2026-07-23 21:21:20"
"	69BA0CDE","	Chamber1","	1","	B01??(%RH)","	85.9","	2026-07-23 21:21:18"
"	69BA0CDE","	Chamber1","	1","	B01??(?)","	9.3","	2026-07-23 21:21:18"
"	69BA0CDE","	Chamber1","	1","	B01??(%RH)","	85.9","	2026-07-23 21:21:16"
"	69BA0CDE","	Chamber1","	1","	B01??(?)","	9.3","	2026-07-23 21:21:16"
"	69BA0CDE","	Chamber1","	1","	B01??(%RH)","	85.9","	2026-07-23 21:21:14"
"	69BA0CDE","	Chamber1","	1","	B01??(?)","	9.3","	2026-07-23 21:21:14"
"	69BA0CDE","	Chamber1","	1","	B01??(%RH)","	85.8","	2026-07-23 21:21:12"
"	69BA0CDE","	Chamber1","	1","	B01??(?)","	9.3","	2026-07-23 21:21:12"
"	69BA0CDE","	Chamber1","	1","	B01??(%RH)","	85.8","	2026-07-23 21:21:10"
"	69BA0CDE","	Chamber1","	1","	B01??(?)","	9.3","	2026-07-23 21:21:10"
"	69BA0CDE","	Chamber1","	1","	B01??(%RH)","	85.8","	2026-07-23 21:21:07"
"	69BA0CDE","	Chamber1","	1","	B01??(?)","	9.2","	2026-07-23 21:21:07"
"	69BA0CDE","	Chamber1","	1","	B01??(%RH)","	85.9","	2026-07-23 21:21:05"
"	69BA0CDE","	Chamber1","	1","	B01??(?)","	9.3","	2026-07-23 21:21:05"
"	69BA0CDE","	Chamber1","	1","	B01??(%RH)","	85.8","	2026-07-23 21:21:03"
"	69BA0CDE","	Chamber1","	1","	B01??(?)","	9.2","	2026-07-23 21:21:03"
"	69BA0CDE","	Chamber1","	1","	B01??(%RH)","	85.9","	2026-07-23 21:21:01"
"	69BA0CDE","	Chamber1","	1","	B01??(?)","	9.3","	2026-07-23 21:21:01"
"	69BA0CDE","	Chamber1","	1","	B01??(%RH)","	85.8","	2026-07-23 21:20:59"
"	69BA0CDE","	Chamber1","	1","	B01??(?)","	9.3","	2026-07-23 21:20:59"
"	69BA0CDE","	Chamber1","	1","	B01??(%RH)","	85.8","	2026-07-23 21:20:57"
"	69BA0CDE","	Chamber1","	1","	B01??(?)","	9.3","	2026-07-23 21:20:57"
"	69BA0CDE","	Chamber1","	1","	B01??(%RH)","	85.8","	2026-07-23 21:20:55"
"	69BA0CDE","	Chamber1","	1","	B01??(?)","	9.3","	2026-07-23 21:20:55"
"	69BA0CDE","	Chamber1","	1","	B01??(%RH)","	85.8","	2026-07-23 21:20:53"
"	69BA0CDE","	Chamber1","	1","	B01??(?)","	9.3","	2026-07-23 21:20:53"
"	69BA0CDE","	Chamber1","	1","	B01??(%RH)","	85.8","	2026-07-23 21:20:51"
"	69BA0CDE","	Chamber1","	1","	B01??(?)","	9.3","	2026-07-23 21:20:51"
"	69BA0CDE","	Chamber1","	1","	B01??(%RH)","	85.8","	2026-07-23 21:20:49"
"	69BA0CDE","	Chamber1","	1","	B01??(?)","	9.2","	2026-07-23 21:20:49"
"	69BA0CDE","	Chamber1","	1","	B01??(%RH)","	85.8","	2026-07-23 21:20:47"
"	69BA0CDE","	Chamber1","	1","	B01??(?)","	9.3","	2026-07-23 21:20:47"
"	69BA0CDE","	Chamber1","	1","	B01??(%RH)","	85.8","	2026-07-23 21:20:45"
"	69BA0CDE","	Chamber1","	1","	B01??(?)","	9.3","	2026-07-23 21:20:45"
"	69BA0CDE","	Chamber1","	1","	B01??(%RH)","	85.9","	2026-07-23 21:20:43"
"	69BA0CDE","	Chamber1","	1","	B01??(?)","	9.3","	2026-07-23 21:20:43"
"	69BA0CDE","	Chamber1","	1","	B01??(%RH)","	85.8","	2026-07-23 21:20:41"
"	69BA0CDE","	Chamber1","	1","	B01??(?)","	9.3","	2026-07-23 21:20:41"
"	69BA0CDE","	Chamber1","	1","	B01??(%RH)","	85.8","	2026-07-23 21:20:39"
"	69BA0CDE","	Chamber1","	1","	B01??(?)","	9.3","	2026-07-23 21:20:39"
"	69BA0CDE","	Chamber1","	1","	B01??(%RH)","	85.9","	2026-07-23 21:20:37"
"	69BA0CDE","	Chamber1","	1","	B01??(?)","	9.3","	2026-07-23 21:20:37"
"	69BA0CDE","	Chamber1","	1","	B01??(%RH)","	85.8","	2026-07-23 21:20:35"
"	69BA0CDE","	Chamber1","	1","	B01??(?)","	9.3","	2026-07-23 21:20:35"
"	69BA0CDE","	Chamber1","	1","	B01??(%RH)","	85.9","	2026-07-23 21:20:33"
"	69BA0CDE","	Chamber1","	1","	B01??(?)","	9.3","	2026-07-23 21:20:33"
"	69BA0CDE","	Chamber1","	1","	B01??(%RH)","	85.9","	2026-07-23 21:20:31"
"	69BA0CDE","	Chamber1","	1","	B01??(?)","	9.2","	2026-07-23 21:20:31"
"	69BA0CDE","	Chamber1","	1","	B01??(%RH)","	85.8","	2026-07-23 21:20:29"
"	69BA0CDE","	Chamber1","	1","	B01??(?)","	9.2","	2026-07-23 21:20:29"
"	69BA0CDE","	Chamber1","	1","	B01??(%RH)","	85.8","	2026-07-23 21:20:27"
"	69BA0CDE","	Chamber1","	1","	B01??(?)","	9.3","	2026-07-23 21:20:27"
"	69BA0CDE","	Chamber1","	1","	B01??(%RH)","	85.9","	2026-07-23 21:20:24"
"	69BA0CDE","	Chamber1","	1","	B01??(?)","	9.2","	2026-07-23 21:20:24"
"	69BA0CDE","	Chamber1","	1","	B01??(%RH)","	85.9","	2026-07-23 21:20:22"
"	69BA0CDE","	Chamber1","	1","	B01??(?)","	9.2","	2026-07-23 21:20:22"
"	69BA0CDE","	Chamber1","	1","	B01??(%RH)","	85.8","	2026-07-23 21:20:20"
"	69BA0CDE","	Chamber1","	1","	B01??(?)","	9.2","	2026-07-23 21:20:20"
"	69BA0CDE","	Chamber1","	1","	B01??(%RH)","	85.8","	2026-07-23 21:20:18"
"	69BA0CDE","	Chamber1","	1","	B01??(?)","	9.2","	2026-07-23 21:20:18"
"	69BA0CDE","	Chamber1","	1","	B01??(%RH)","	85.8","	2026-07-23 21:20:16"
"	69BA0CDE","	Chamber1","	1","	B01??(?)","	9.3","	2026-07-23 21:20:16"
"	69BA0CDE","	Chamber1","	1","	B01??(%RH)","	85.8","	2026-07-23 21:20:14"
"	69BA0CDE","	Chamber1","	1","	B01??(?)","	9.3","	2026-07-23 21:20:14"
"	69BA0CDE","	Chamber1","	1","	B01??(%RH)","	85.9","	2026-07-23 21:20:12"
"	69BA0CDE","	Chamber1","	1","	B01??(?)","	9.3","	2026-07-23 21:20:12"
"	69BA0CDE","	Chamber1","	1","	B01??(%RH)","	85.8","	2026-07-23 21:20:10"
"	69BA0CDE","	Chamber1","	1","	B01??(?)","	9.2","	2026-07-23 21:20:10"
"	69BA0CDE","	Chamber1","	1","	B01??(%RH)","	85.8","	2026-07-23 21:20:08"
"	69BA0CDE","	Chamber1","	1","	B01??(?)","	9.3","	2026-07-23 21:20:08"
"	69BA0CDE","	Chamber1","	1","	B01??(%RH)","	85.8","	2026-07-23 21:20:06"
"	69BA0CDE","	Chamber1","	1","	B01??(?)","	9.2","	2026-07-23 21:20:06"
"	69BA0CDE","	Chamber1","	1","	B01??(%RH)","	85.8","	2026-07-23 21:20:04"
"	69BA0CDE","	Chamber1","	1","	B01??(?)","	9.2","	2026-07-23 21:20:04"
"	69BA0CDE","	Chamber1","	1","	B01??(%RH)","	85.8","	2026-07-23 21:20:02"
"	69BA0CDE","	Chamber1","	1","	B01??(?)","	9.3","	2026-07-23 21:20:02"
"	69BA0CDE","	Chamber1","	1","	B01??(%RH)","	85.8","	2026-07-23 21:20:00"
"	69BA0CDE","	Chamber1","	1","	B01??(?)","	9.2","	2026-07-23 21:20:00"
"	69BA0CDE","	Chamber1","	1","	B01??(%RH)","	85.9","	2026-07-23 21:19:58"
"	69BA0CDE","	Chamber1","	1","	B01??(?)","	9.2","	2026-07-23 21:19:58"
"	69BA0CDE","	Chamber1","	1","	B01??(%RH)","	85.8","	2026-07-23 21:19:56"
"	69BA0CDE","	Chamber1","	1","	B01??(?)","	9.2","	2026-07-23 21:19:56"
"	69BA0CDE","	Chamber1","	1","	B01??(%RH)","	85.8","	2026-07-23 21:19:54"
"	69BA0CDE","	Chamber1","	1","	B01??(?)","	9.2","	2026-07-23 21:19:54"
"	69BA0CDE","	Chamber1","	1","	B01??(%RH)","	85.8","	2026-07-23 21:19:52"
"	69BA0CDE","	Chamber1","	1","	B01??(?)","	9.2","	2026-07-23 21:19:52"
"	69BA0CDE","	Chamber1","	1","	B01??(%RH)","	85.8","	2026-07-23 21:19:50"
"	69BA0CDE","	Chamber1","	1","	B01??(?)","	9.2","	2026-07-23 21:19:50"
"	69BA0CDE","	Chamber1","	1","	B01??(%RH)","	85.9","	2026-07-23 21:19:48"
"	69BA0CDE","	Chamber1","	1","	B01??(?)","	9.2","	2026-07-23 21:19:48"
"	69BA0CDE","	Chamber1","	1","	B01??(%RH)","	85.8","	2026-07-23 21:19:46"
"	69BA0CDE","	Chamber1","	1","	B01??(?)","	9.2","	2026-07-23 21:19:46"
"	69BA0CDE","	Chamber1","	1","	B01??(%RH)","	85.8","	2026-07-23 21:19:44"
"	69BA0CDE","	Chamber1","	1","	B01??(?)","	9.2","	2026-07-23 21:19:44"
"	69BA0CDE","	Chamber1","	1","	B01??(%RH)","	85.8","	2026-07-23 21:19:41"
"	69BA0CDE","	Chamber1","	1","	B01??(?)","	9.2","	2026-07-23 21:19:41"
"	69BA0CDE","	Chamber1","	1","	B01??(%RH)","	85.8","	2026-07-23 21:19:39"
"	69BA0CDE","	Chamber1","	1","	B01??(?)","	9.2","	2026-07-23 21:19:39"
"	69BA0CDE","	Chamber1","	1","	B01??(%RH)","	85.8","	2026-07-23 21:19:37"
"	69BA0CDE","	Chamber1","	1","	B01??(?)","	9.2","	2026-07-23 21:19:37"
"	69BA0CDE","	Chamber1","	1","	B01??(%RH)","	85.8","	2026-07-23 21:19:35"
"	69BA0CDE","	Chamber1","	1","	B01??(?)","	9.2","	2026-07-23 21:19:35"
"	69BA0CDE","	Chamber1","	1","	B01??(%RH)","	85.8","	2026-07-23 21:19:33"
"	69BA0CDE","	Chamber1","	1","	B01??(?)","	9.2","	2026-07-23 21:19:33"
"	69BA0CDE","	Chamber1","	1","	B01??(%RH)","	85.8","	2026-07-23 21:19:31"
"	69BA0CDE","	Chamber1","	1","	B01??(?)","	9.2","	2026-07-23 21:19:31"
"	69BA0CDE","	Chamber1","	1","	B01??(%RH)","	85.8","	2026-07-23 21:19:29"
"	69BA0CDE","	Chamber1","	1","	B01??(?)","	9.2","	2026-07-23 21:19:29"
"	69BA0CDE","	Chamber1","	1","	B01??(%RH)","	85.8","	2026-07-23 21:19:27"
"	69BA0CDE","	Chamber1","	1","	B01??(?)","	9.2","	2026-07-23 21:19:27"
"	69BA0CDE","	Chamber1","	1","	B01??(%RH)","	85.8","	2026-07-23 21:19:25"
"	69BA0CDE","	Chamber1","	1","	B01??(?)","	9.2","	2026-07-23 21:19:25"
"	69BA0CDE","	Chamber1","	1","	B01??(%RH)","	85.8","	2026-07-23 21:19:23"
"	69BA0CDE","	Chamber1","	1","	B01??(?)","	9.2","	2026-07-23 21:19:23"
"	69BA0CDE","	Chamber1","	1","	B01??(%RH)","	85.8","	2026-07-23 21:19:21"
"	69BA0CDE","	Chamber1","	1","	B01??(?)","	9.2","	2026-07-23 21:19:21"
"	69BA0CDE","	Chamber1","	1","	B01??(%RH)","	85.8","	2026-07-23 21:19:19"
"	69BA0CDE","	Chamber1","	1","	B01??(?)","	9.2","	2026-07-23 21:19:19"
"	69BA0CDE","	Chamber1","	1","	B01??(%RH)","	85.8","	2026-07-23 21:19:17"
"	69BA0CDE","	Chamber1","	1","	B01??(?)","	9.2","	2026-07-23 21:19:17"
"	69BA0CDE","	Chamber1","	1","	B01??(%RH)","	85.8","	2026-07-23 21:19:15"
"	69BA0CDE","	Chamber1","	1","	B01??(?)","	9.2","	2026-07-23 21:19:15"
"	69BA0CDE","	Chamber1","	1","	B01??(%RH)","	85.8","	2026-07-23 21:19:13"
"	69BA0CDE","	Chamber1","	1","	B01??(?)","	9.2","	2026-07-23 21:19:13"
"	69BA0CDE","	Chamber1","	1","	B01??(%RH)","	85.8","	2026-07-23 21:19:11"
"	69BA0CDE","	Chamber1","	1","	B01??(?)","	9.2","	2026-07-23 21:19:11"
"	69BA0CDE","	Chamber1","	1","	B01??(?)","	9.2","	2026-07-23 21:19:09"
"	69BA0CDE","	Chamber1","	1","	B01??(%RH)","	85.8","	2026-07-23 21:19:09"
"	69BA0CDE","	Chamber1","	1","	B01??(%RH)","	85.8","	2026-07-23 21:19:07"
"	69BA0CDE","	Chamber1","	1","	B01??(?)","	9.2","	2026-07-23 21:19:07"
"	69BA0CDE","	Chamber1","	1","	B01??(%RH)","	85.8","	2026-07-23 21:19:05"
"	69BA0CDE","	Chamber1","	1","	B01??(?)","	9.2","	2026-07-23 21:19:05"
"	69BA0CDE","	Chamber1","	1","	B01??(%RH)","	85.8","	2026-07-23 21:19:03"
"	69BA0CDE","	Chamber1","	1","	B01??(?)","	9.2","	2026-07-23 21:19:03"
"	69BA0CDE","	Chamber1","	1","	B01??(%RH)","	85.8","	2026-07-23 21:19:01"
"	69BA0CDE","	Chamber1","	1","	B01??(?)","	9.2","	2026-07-23 21:19:01"
"	69BA0CDE","	Chamber1","	1","	B01??(%RH)","	85.8","	2026-07-23 21:18:59"
"	69BA0CDE","	Chamber1","	1","	B01??(?)","	9.2","	2026-07-23 21:18:59"
"	69BA0CDE","	Chamber1","	1","	B01??(%RH)","	85.8","	2026-07-23 21:18:56"
"	69BA0CDE","	Chamber1","	1","	B01??(?)","	9.2","	2026-07-23 21:18:56"
"	69BA0CDE","	Chamber1","	1","	B01??(%RH)","	85.8","	2026-07-23 21:18:54"
"	69BA0CDE","	Chamber1","	1","	B01??(?)","	9.2","	2026-07-23 21:18:54"
"	69BA0CDE","	Chamber1","	1","	B01??(%RH)","	85.8","	2026-07-23 21:18:52"
"	69BA0CDE","	Chamber1","	1","	B01??(?)","	9.2","	2026-07-23 21:18:52"
"	69BA0CDE","	Chamber1","	1","	B01??(%RH)","	85.8","	2026-07-23 21:18:50"
"	69BA0CDE","	Chamber1","	1","	B01??(?)","	9.2","	2026-07-23 21:18:50"
"	69BA0CDE","	Chamber1","	1","	B01??(%RH)","	85.8","	2026-07-23 21:18:48"
"	69BA0CDE","	Chamber1","	1","	B01??(?)","	9.2","	2026-07-23 21:18:48"
"	69BA0CDE","	Chamber1","	1","	B01??(%RH)","	85.8","	2026-07-23 21:18:46"
"	69BA0CDE","	Chamber1","	1","	B01??(?)","	9.2","	2026-07-23 21:18:46"
"	69BA0CDE","	Chamber1","	1","	B01??(%RH)","	85.8","	2026-07-23 21:18:44"
"	69BA0CDE","	Chamber1","	1","	B01??(?)","	9.2","	2026-07-23 21:18:44"
"	69BA0CDE","	Chamber1","	1","	B01??(%RH)","	85.8","	2026-07-23 21:18:42"
"	69BA0CDE","	Chamber1","	1","	B01??(?)","	9.2","	2026-07-23 21:18:42"
"	69BA0CDE","	Chamber1","	1","	B01??(%RH)","	85.8","	2026-07-23 21:18:40"
"	69BA0CDE","	Chamber1","	1","	B01??(?)","	9.2","	2026-07-23 21:18:40"
"	69BA0CDE","	Chamber1","	1","	B01??(%RH)","	85.8","	2026-07-23 21:18:38"
"	69BA0CDE","	Chamber1","	1","	B01??(?)","	9.2","	2026-07-23 21:18:38"
"	69BA0CDE","	Chamber1","	1","	B01??(%RH)","	85.8","	2026-07-23 21:18:36"
"	69BA0CDE","	Chamber1","	1","	B01??(?)","	9.2","	2026-07-23 21:18:36"
"	69BA0CDE","	Chamber1","	1","	B01??(%RH)","	85.8","	2026-07-23 21:18:34"
"	69BA0CDE","	Chamber1","	1","	B01??(?)","	9.2","	2026-07-23 21:18:34"
"	69BA0CDE","	Chamber1","	1","	B01??(%RH)","	85.8","	2026-07-23 21:18:32"
"	69BA0CDE","	Chamber1","	1","	B01??(?)","	9.2","	2026-07-23 21:18:32"
"	69BA0CDE","	Chamber1","	1","	B01??(%RH)","	85.8","	2026-07-23 21:18:30"
"	69BA0CDE","	Chamber1","	1","	B01??(?)","	9.2","	2026-07-23 21:18:30"
"	69BA0CDE","	Chamber1","	1","	B01??(%RH)","	85.8","	2026-07-23 21:18:28"
"	69BA0CDE","	Chamber1","	1","	B01??(?)","	9.2","	2026-07-23 21:18:28"
"	69BA0CDE","	Chamber1","	1","	B01??(%RH)","	85.8","	2026-07-23 21:18:26"
"	69BA0CDE","	Chamber1","	1","	B01??(?)","	9.2","	2026-07-23 21:18:26"
"	69BA0CDE","	Chamber1","	1","	B01??(%RH)","	85.8","	2026-07-23 21:18:24"
"	69BA0CDE","	Chamber1","	1","	B01??(?)","	9.2","	2026-07-23 21:18:24"
"	69BA0CDE","	Chamber1","	1","	B01??(%RH)","	85.8","	2026-07-23 21:18:22"
"	69BA0CDE","	Chamber1","	1","	B01??(?)","	9.2","	2026-07-23 21:18:22"
"	69BA0CDE","	Chamber1","	1","	B01??(%RH)","	85.8","	2026-07-23 21:18:20"
"	69BA0CDE","	Chamber1","	1","	B01??(?)","	9.2","	2026-07-23 21:18:20"
"	69BA0CDE","	Chamber1","	1","	B01??(%RH)","	85.8","	2026-07-23 21:18:18"
"	69BA0CDE","	Chamber1","	1","	B01??(?)","	9.2","	2026-07-23 21:18:18"
"	69BA0CDE","	Chamber1","	1","	B01??(%RH)","	85.8","	2026-07-23 21:18:16"
"	69BA0CDE","	Chamber1","	1","	B01??(?)","	9.2","	2026-07-23 21:18:16"
"	69BA0CDE","	Chamber1","	1","	B01??(%RH)","	85.8","	2026-07-23 21:18:14"
"	69BA0CDE","	Chamber1","	1","	B01??(?)","	9.2","	2026-07-23 21:18:14"
"	69BA0CDE","	Chamber1","	1","	B01??(%RH)","	85.8","	2026-07-23 21:18:11"
"	69BA0CDE","	Chamber1","	1","	B01??(?)","	9.2","	2026-07-23 21:18:11"
"	69BA0CDE","	Chamber1","	1","	B01??(%RH)","	85.8","	2026-07-23 21:18:09"
"	69BA0CDE","	Chamber1","	1","	B01??(?)","	9.2","	2026-07-23 21:18:09"
"	69BA0CDE","	Chamber1","	1","	B01??(%RH)","	85.8","	2026-07-23 21:18:07"
"	69BA0CDE","	Chamber1","	1","	B01??(?)","	9.2","	2026-07-23 21:18:07"
"	69BA0CDE","	Chamber1","	1","	B01??(%RH)","	85.8","	2026-07-23 21:18:05"
"	69BA0CDE","	Chamber1","	1","	B01??(?)","	9.2","	2026-07-23 21:18:05"
"	69BA0CDE","	Chamber1","	1","	B01??(%RH)","	85.8","	2026-07-23 21:18:03"
"	69BA0CDE","	Chamber1","	1","	B01??(?)","	9.2","	2026-07-23 21:18:03"
"	69BA0CDE","	Chamber1","	1","	B01??(%RH)","	85.8","	2026-07-23 21:18:01"
"	69BA0CDE","	Chamber1","	1","	B01??(?)","	9.2","	2026-07-23 21:18:01"
"	69BA0CDE","	Chamber1","	1","	B01??(%RH)","	85.8","	2026-07-23 21:17:59"
"	69BA0CDE","	Chamber1","	1","	B01??(?)","	9.2","	2026-07-23 21:17:59"
"	69BA0CDE","	Chamber1","	1","	B01??(%RH)","	85.8","	2026-07-23 21:17:57"
"	69BA0CDE","	Chamber1","	1","	B01??(?)","	9.2","	2026-07-23 21:17:57"
"	69BA0CDE","	Chamber1","	1","	B01??(%RH)","	85.8","	2026-07-23 21:17:55"
"	69BA0CDE","	Chamber1","	1","	B01??(?)","	9.2","	2026-07-23 21:17:55"
"	69BA0CDE","	Chamber1","	1","	B01??(%RH)","	85.8","	2026-07-23 21:17:53"
"	69BA0CDE","	Chamber1","	1","	B01??(?)","	9.2","	2026-07-23 21:17:53"
"	69BA0CDE","	Chamber1","	1","	B01??(%RH)","	85.8","	2026-07-23 21:17:51"
"	69BA0CDE","	Chamber1","	1","	B01??(?)","	9.2","	2026-07-23 21:17:51"
"	69BA0CDE","	Chamber1","	1","	B01??(%RH)","	85.8","	2026-07-23 21:17:49"
"	69BA0CDE","	Chamber1","	1","	B01??(?)","	9.2","	2026-07-23 21:17:49"
"	69BA0CDE","	Chamber1","	1","	B01??(%RH)","	85.8","	2026-07-23 21:17:47"
"	69BA0CDE","	Chamber1","	1","	B01??(?)","	9.2","	2026-07-23 21:17:47"
"	69BA0CDE","	Chamber1","	1","	B01??(%RH)","	85.8","	2026-07-23 21:17:45"
"	69BA0CDE","	Chamber1","	1","	B01??(?)","	9.2","	2026-07-23 21:17:45"
"	69BA0CDE","	Chamber1","	1","	B01??(%RH)","	85.8","	2026-07-23 21:17:43"
"	69BA0CDE","	Chamber1","	1","	B01??(?)","	9.2","	2026-07-23 21:17:43"
"	69BA0CDE","	Chamber1","	1","	B01??(%RH)","	85.8","	2026-07-23 21:17:41"
"	69BA0CDE","	Chamber1","	1","	B01??(?)","	9.2","	2026-07-23 21:17:41"
"	69BA0CDE","	Chamber1","	1","	B01??(%RH)","	85.8","	2026-07-23 21:17:39"
"	69BA0CDE","	Chamber1","	1","	B01??(?)","	9.2","	2026-07-23 21:17:39"
"	69BA0CDE","	Chamber1","	1","	B01??(%RH)","	85.8","	2026-07-23 21:17:37"
"	69BA0CDE","	Chamber1","	1","	B01??(?)","	9.2","	2026-07-23 21:17:37"
"	69BA0CDE","	Chamber1","	1","	B01??(%RH)","	85.8","	2026-07-23 21:17:35"
"	69BA0CDE","	Chamber1","	1","	B01??(?)","	9.2","	2026-07-23 21:17:35"
"	69BA0CDE","	Chamber1","	1","	B01??(%RH)","	85.8","	2026-07-23 21:17:33"
"	69BA0CDE","	Chamber1","	1","	B01??(?)","	9.2","	2026-07-23 21:17:33"
"	69BA0CDE","	Chamber1","	1","	B01??(%RH)","	85.8","	2026-07-23 21:17:31"
"	69BA0CDE","	Chamber1","	1","	B01??(?)","	9.2","	2026-07-23 21:17:31"
"	69BA0CDE","	Chamber1","	1","	B01??(%RH)","	85.8","	2026-07-23 21:17:29"
"	69BA0CDE","	Chamber1","	1","	B01??(?)","	9.2","	2026-07-23 21:17:29"
"	69BA0CDE","	Chamber1","	1","	B01??(%RH)","	85.8","	2026-07-23 21:17:27"
"	69BA0CDE","	Chamber1","	1","	B01??(?)","	9.2","	2026-07-23 21:17:27"
"	69BA0CDE","	Chamber1","	1","	B01??(%RH)","	85.8","	2026-07-23 21:17:25"
"	69BA0CDE","	Chamber1","	1","	B01??(?)","	9.2","	2026-07-23 21:17:25"
"	69BA0CDE","	Chamber1","	1","	B01??(%RH)","	85.8","	2026-07-23 21:17:22"
"	69BA0CDE","	Chamber1","	1","	B01??(?)","	9.2","	2026-07-23 21:17:22"
"	69BA0CDE","	Chamber1","	1","	B01??(%RH)","	85.8","	2026-07-23 21:17:20"
"	69BA0CDE","	Chamber1","	1","	B01??(?)","	9.2","	2026-07-23 21:17:20"
"	69BA0CDE","	Chamber1","	1","	B01??(%RH)","	85.8","	2026-07-23 21:17:18"
"	69BA0CDE","	Chamber1","	1","	B01??(?)","	9.2","	2026-07-23 21:17:18"
"	69BA0CDE","	Chamber1","	1","	B01??(%RH)","	85.8","	2026-07-23 21:17:16"
"	69BA0CDE","	Chamber1","	1","	B01??(?)","	9.2","	2026-07-23 21:17:16"
"	69BA0CDE","	Chamber1","	1","	B01??(%RH)","	85.8","	2026-07-23 21:17:14"
"	69BA0CDE","	Chamber1","	1","	B01??(?)","	9.2","	2026-07-23 21:17:14"
"	69BA0CDE","	Chamber1","	1","	B01??(%RH)","	85.8","	2026-07-23 21:17:12"
"	69BA0CDE","	Chamber1","	1","	B01??(?)","	9.2","	2026-07-23 21:17:12"
"	69BA0CDE","	Chamber1","	1","	B01??(%RH)","	85.8","	2026-07-23 21:17:10"
"	69BA0CDE","	Chamber1","	1","	B01??(?)","	9.2","	2026-07-23 21:17:10"
"	69BA0CDE","	Chamber1","	1","	B01??(%RH)","	85.8","	2026-07-23 21:17:08"
"	69BA0CDE","	Chamber1","	1","	B01??(?)","	9.1","	2026-07-23 21:17:08"
"	69BA0CDE","	Chamber1","	1","	B01??(%RH)","	85.8","	2026-07-23 21:17:06"
"	69BA0CDE","	Chamber1","	1","	B01??(?)","	9.2","	2026-07-23 21:17:06"
"	69BA0CDE","	Chamber1","	1","	B01??(%RH)","	85.8","	2026-07-23 21:17:04"
"	69BA0CDE","	Chamber1","	1","	B01??(?)","	9.2","	2026-07-23 21:17:04"
"	69BA0CDE","	Chamber1","	1","	B01??(%RH)","	85.8","	2026-07-23 21:17:02"
"	69BA0CDE","	Chamber1","	1","	B01??(?)","	9.2","	2026-07-23 21:17:02"
"	69BA0CDE","	Chamber1","	1","	B01??(%RH)","	85.8","	2026-07-23 21:17:00"
"	69BA0CDE","	Chamber1","	1","	B01??(?)","	9.2","	2026-07-23 21:17:00"
"	69BA0CDE","	Chamber1","	1","	B01??(%RH)","	85.9","	2026-07-23 21:16:58"
"	69BA0CDE","	Chamber1","	1","	B01??(?)","	9.2","	2026-07-23 21:16:58"
"	69BA0CDE","	Chamber1","	1","	B01??(%RH)","	85.8","	2026-07-23 21:16:56"
"	69BA0CDE","	Chamber1","	1","	B01??(?)","	9.2","	2026-07-23 21:16:56"
"	69BA0CDE","	Chamber1","	1","	B01??(%RH)","	85.8","	2026-07-23 21:16:54"
"	69BA0CDE","	Chamber1","	1","	B01??(?)","	9.2","	2026-07-23 21:16:54"
"	69BA0CDE","	Chamber1","	1","	B01??(%RH)","	85.8","	2026-07-23 21:16:52"
"	69BA0CDE","	Chamber1","	1","	B01??(?)","	9.1","	2026-07-23 21:16:52"
"	69BA0CDE","	Chamber1","	1","	B01??(%RH)","	85.9","	2026-07-23 21:16:50"
"	69BA0CDE","	Chamber1","	1","	B01??(?)","	9.2","	2026-07-23 21:16:50"
"	69BA0CDE","	Chamber1","	1","	B01??(%RH)","	85.9","	2026-07-23 21:16:48"
"	69BA0CDE","	Chamber1","	1","	B01??(?)","	9.2","	2026-07-23 21:16:48"
"	69BA0CDE","	Chamber1","	1","	B01??(%RH)","	85.9","	2026-07-23 21:16:46"
"	69BA0CDE","	Chamber1","	1","	B01??(?)","	9.2","	2026-07-23 21:16:46"
"	69BA0CDE","	Chamber1","	1","	B01??(%RH)","	85.9","	2026-07-23 21:16:44"
"	69BA0CDE","	Chamber1","	1","	B01??(?)","	9.2","	2026-07-23 21:16:44"
"	69BA0CDE","	Chamber1","	1","	B01??(%RH)","	85.8","	2026-07-23 21:16:42"
"	69BA0CDE","	Chamber1","	1","	B01??(?)","	9.2","	2026-07-23 21:16:42"
"	69BA0CDE","	Chamber1","	1","	B01??(%RH)","	85.9","	2026-07-23 21:16:39"
"	69BA0CDE","	Chamber1","	1","	B01??(?)","	9.2","	2026-07-23 21:16:39"
"	69BA0CDE","	Chamber1","	1","	B01??(%RH)","	85.9","	2026-07-23 21:16:37"
"	69BA0CDE","	Chamber1","	1","	B01??(?)","	9.2","	2026-07-23 21:16:37"
"	69BA0CDE","	Chamber1","	1","	B01??(%RH)","	85.8","	2026-07-23 21:16:35"
"	69BA0CDE","	Chamber1","	1","	B01??(?)","	9.2","	2026-07-23 21:16:35"
"	69BA0CDE","	Chamber1","	1","	B01??(%RH)","	85.9","	2026-07-23 21:16:33"
"	69BA0CDE","	Chamber1","	1","	B01??(?)","	9.2","	2026-07-23 21:16:33"
"	69BA0CDE","	Chamber1","	1","	B01??(%RH)","	85.9","	2026-07-23 21:16:31"
"	69BA0CDE","	Chamber1","	1","	B01??(?)","	9.2","	2026-07-23 21:16:31"
"	69BA0CDE","	Chamber1","	1","	B01??(%RH)","	85.9","	2026-07-23 21:16:29"
"	69BA0CDE","	Chamber1","	1","	B01??(?)","	9.2","	2026-07-23 21:16:29"
"	69BA0CDE","	Chamber1","	1","	B01??(%RH)","	85.8","	2026-07-23 21:16:27"
"	69BA0CDE","	Chamber1","	1","	B01??(?)","	9.2","	2026-07-23 21:16:27"
"	69BA0CDE","	Chamber1","	1","	B01??(%RH)","	85.8","	2026-07-23 21:16:25"
"	69BA0CDE","	Chamber1","	1","	B01??(?)","	9.2","	2026-07-23 21:16:25"
"	69BA0CDE","	Chamber1","	1","	B01??(%RH)","	85.9","	2026-07-23 21:16:23"
"	69BA0CDE","	Chamber1","	1","	B01??(?)","	9.2","	2026-07-23 21:16:23"
"	69BA0CDE","	Chamber1","	1","	B01??(%RH)","	85.9","	2026-07-23 21:16:21"
"	69BA0CDE","	Chamber1","	1","	B01??(?)","	9.2","	2026-07-23 21:16:21"
"	69BA0CDE","	Chamber1","	1","	B01??(%RH)","	85.9","	2026-07-23 21:16:19"
"	69BA0CDE","	Chamber1","	1","	B01??(?)","	9.2","	2026-07-23 21:16:19"
"	69BA0CDE","	Chamber1","	1","	B01??(%RH)","	85.9","	2026-07-23 21:16:17"
"	69BA0CDE","	Chamber1","	1","	B01??(?)","	9.1","	2026-07-23 21:16:17"
"	69BA0CDE","	Chamber1","	1","	B01??(%RH)","	85.9","	2026-07-23 21:16:15"
"	69BA0CDE","	Chamber1","	1","	B01??(?)","	9.1","	2026-07-23 21:16:15"
"	69BA0CDE","	Chamber1","	1","	B01??(%RH)","	85.9","	2026-07-23 21:16:13"
"	69BA0CDE","	Chamber1","	1","	B01??(?)","	9.1","	2026-07-23 21:16:13"
"	69BA0CDE","	Chamber1","	1","	B01??(%RH)","	85.9","	2026-07-23 21:16:11"
"	69BA0CDE","	Chamber1","	1","	B01??(?)","	9.1","	2026-07-23 21:16:11"
"	69BA0CDE","	Chamber1","	1","	B01??(%RH)","	85.9","	2026-07-23 21:16:09"
"	69BA0CDE","	Chamber1","	1","	B01??(?)","	9.2","	2026-07-23 21:16:09"
"	69BA0CDE","	Chamber1","	1","	B01??(%RH)","	85.9","	2026-07-23 21:16:07"
"	69BA0CDE","	Chamber1","	1","	B01??(?)","	9.2","	2026-07-23 21:16:07"
"	69BA0CDE","	Chamber1","	1","	B01??(%RH)","	85.9","	2026-07-23 21:16:05"
"	69BA0CDE","	Chamber1","	1","	B01??(?)","	9.2","	2026-07-23 21:16:05"
"	69BA0CDE","	Chamber1","	1","	B01??(%RH)","	85.9","	2026-07-23 21:16:03"
"	69BA0CDE","	Chamber1","	1","	B01??(?)","	9.2","	2026-07-23 21:16:03"
"	69BA0CDE","	Chamber1","	1","	B01??(%RH)","	85.9","	2026-07-23 21:16:01"
"	69BA0CDE","	Chamber1","	1","	B01??(?)","	9.1","	2026-07-23 21:16:01"
"	69BA0CDE","	Chamber1","	1","	B01??(%RH)","	85.9","	2026-07-23 21:15:59"
"	69BA0CDE","	Chamber1","	1","	B01??(?)","	9.1","	2026-07-23 21:15:59"
"	69BA0CDE","	Chamber1","	1","	B01??(%RH)","	85.9","	2026-07-23 21:15:57"
"	69BA0CDE","	Chamber1","	1","	B01??(?)","	9.2","	2026-07-23 21:15:57"
"	69BA0CDE","	Chamber1","	1","	B01??(%RH)","	85.9","	2026-07-23 21:15:54"
"	69BA0CDE","	Chamber1","	1","	B01??(?)","	9.2","	2026-07-23 21:15:54"
"	69BA0CDE","	Chamber1","	1","	B01??(%RH)","	85.9","	2026-07-23 21:15:52"
"	69BA0CDE","	Chamber1","	1","	B01??(?)","	9.2","	2026-07-23 21:15:52"
"	69BA0CDE","	Chamber1","	1","	B01??(%RH)","	85.9","	2026-07-23 21:15:50"
"	69BA0CDE","	Chamber1","	1","	B01??(?)","	9.1","	2026-07-23 21:15:50"
"	69BA0CDE","	Chamber1","	1","	B01??(%RH)","	85.9","	2026-07-23 21:15:48"
"	69BA0CDE","	Chamber1","	1","	B01??(?)","	9.1","	2026-07-23 21:15:48"
"	69BA0CDE","	Chamber1","	1","	B01??(%RH)","	85.9","	2026-07-23 21:15:46"
"	69BA0CDE","	Chamber1","	1","	B01??(?)","	9.1","	2026-07-23 21:15:46"
"	69BA0CDE","	Chamber1","	1","	B01??(%RH)","	85.9","	2026-07-23 21:15:44"
"	69BA0CDE","	Chamber1","	1","	B01??(?)","	9.2","	2026-07-23 21:15:44"
"	69BA0CDE","	Chamber1","	1","	B01??(%RH)","	86","	2026-07-23 21:15:42"
"	69BA0CDE","	Chamber1","	1","	B01??(?)","	9.2","	2026-07-23 21:15:42"
"	69BA0CDE","	Chamber1","	1","	B01??(%RH)","	85.9","	2026-07-23 21:15:40"
"	69BA0CDE","	Chamber1","	1","	B01??(?)","	9.2","	2026-07-23 21:15:40"
"	69BA0CDE","	Chamber1","	1","	B01??(%RH)","	85.9","	2026-07-23 21:15:38"
"	69BA0CDE","	Chamber1","	1","	B01??(?)","	9.2","	2026-07-23 21:15:38"
"	69BA0CDE","	Chamber1","	1","	B01??(%RH)","	85.9","	2026-07-23 21:15:36"
"	69BA0CDE","	Chamber1","	1","	B01??(?)","	9.2","	2026-07-23 21:15:36"
"	69BA0CDE","	Chamber1","	1","	B01??(%RH)","	85.9","	2026-07-23 21:15:34"
"	69BA0CDE","	Chamber1","	1","	B01??(?)","	9.1","	2026-07-23 21:15:34"
"	69BA0CDE","	Chamber1","	1","	B01??(%RH)","	85.9","	2026-07-23 21:15:32"
"	69BA0CDE","	Chamber1","	1","	B01??(?)","	9.1","	2026-07-23 21:15:32"
"	69BA0CDE","	Chamber1","	1","	B01??(%RH)","	85.9","	2026-07-23 21:15:30"
"	69BA0CDE","	Chamber1","	1","	B01??(?)","	9.1","	2026-07-23 21:15:30"
"	69BA0CDE","	Chamber1","	1","	B01??(%RH)","	86","	2026-07-23 21:15:28"
"	69BA0CDE","	Chamber1","	1","	B01??(?)","	9.1","	2026-07-23 21:15:28"
"	69BA0CDE","	Chamber1","	1","	B01??(%RH)","	85.9","	2026-07-23 21:15:26"
"	69BA0CDE","	Chamber1","	1","	B01??(?)","	9.1","	2026-07-23 21:15:26"
"	69BA0CDE","	Chamber1","	1","	B01??(%RH)","	85.9","	2026-07-23 21:15:24"
"	69BA0CDE","	Chamber1","	1","	B01??(?)","	9.1","	2026-07-23 21:15:24"
"	69BA0CDE","	Chamber1","	1","	B01??(%RH)","	85.9","	2026-07-23 21:15:22"
"	69BA0CDE","	Chamber1","	1","	B01??(?)","	9.1","	2026-07-23 21:15:22"
"	69BA0CDE","	Chamber1","	1","	B01??(%RH)","	85.9","	2026-07-23 21:15:20"
"	69BA0CDE","	Chamber1","	1","	B01??(?)","	9.1","	2026-07-23 21:15:20"
"	69BA0CDE","	Chamber1","	1","	B01??(%RH)","	85.9","	2026-07-23 21:15:18"
"	69BA0CDE","	Chamber1","	1","	B01??(?)","	9.1","	2026-07-23 21:15:18"
"	69BA0CDE","	Chamber1","	1","	B01??(%RH)","	85.9","	2026-07-23 21:15:16"
"	69BA0CDE","	Chamber1","	1","	B01??(?)","	9.1","	2026-07-23 21:15:16"
"	69BA0CDE","	Chamber1","	1","	B01??(%RH)","	85.9","	2026-07-23 21:15:14"
"	69BA0CDE","	Chamber1","	1","	B01??(?)","	9.1","	2026-07-23 21:15:14"
"	69BA0CDE","	Chamber1","	1","	B01??(%RH)","	86","	2026-07-23 21:15:11"
"	69BA0CDE","	Chamber1","	1","	B01??(?)","	9.1","	2026-07-23 21:15:11"
"	69BA0CDE","	Chamber1","	1","	B01??(%RH)","	85.9","	2026-07-23 21:15:09"
"	69BA0CDE","	Chamber1","	1","	B01??(?)","	9.1","	2026-07-23 21:15:09"
"	69BA0CDE","	Chamber1","	1","	B01??(%RH)","	85.9","	2026-07-23 21:15:07"
"	69BA0CDE","	Chamber1","	1","	B01??(?)","	9.1","	2026-07-23 21:15:07"
"	69BA0CDE","	Chamber1","	1","	B01??(%RH)","	85.9","	2026-07-23 21:15:05"
"	69BA0CDE","	Chamber1","	1","	B01??(?)","	9.2","	2026-07-23 21:15:05"
"	69BA0CDE","	Chamber1","	1","	B01??(%RH)","	85.9","	2026-07-23 21:15:03"
"	69BA0CDE","	Chamber1","	1","	B01??(?)","	9.1","	2026-07-23 21:15:03"
"	69BA0CDE","	Chamber1","	1","	B01??(%RH)","	85.9","	2026-07-23 21:15:01"
"	69BA0CDE","	Chamber1","	1","	B01??(?)","	9.1","	2026-07-23 21:15:01"
"	69BA0CDE","	Chamber1","	1","	B01??(%RH)","	85.9","	2026-07-23 21:14:59"
"	69BA0CDE","	Chamber1","	1","	B01??(?)","	9.1","	2026-07-23 21:14:59"
"	69BA0CDE","	Chamber1","	1","	B01??(%RH)","	86","	2026-07-23 21:14:57"
"	69BA0CDE","	Chamber1","	1","	B01??(?)","	9.1","	2026-07-23 21:14:57"
"	69BA0CDE","	Chamber1","	1","	B01??(%RH)","	85.9","	2026-07-23 21:14:55"
"	69BA0CDE","	Chamber1","	1","	B01??(?)","	9.1","	2026-07-23 21:14:55"
"	69BA0CDE","	Chamber1","	1","	B01??(%RH)","	85.9","	2026-07-23 21:14:53"
"	69BA0CDE","	Chamber1","	1","	B01??(?)","	9.1","	2026-07-23 21:14:53"
"	69BA0CDE","	Chamber1","	1","	B01??(%RH)","	86","	2026-07-23 21:14:51"
"	69BA0CDE","	Chamber1","	1","	B01??(?)","	9.1","	2026-07-23 21:14:51"
"	69BA0CDE","	Chamber1","	1","	B01??(%RH)","	86","	2026-07-23 21:14:49"
"	69BA0CDE","	Chamber1","	1","	B01??(?)","	9.1","	2026-07-23 21:14:49"
"	69BA0CDE","	Chamber1","	1","	B01??(%RH)","	85.9","	2026-07-23 21:14:47"
"	69BA0CDE","	Chamber1","	1","	B01??(?)","	9.1","	2026-07-23 21:14:47"
"	69BA0CDE","	Chamber1","	1","	B01??(%RH)","	86","	2026-07-23 21:14:45"
"	69BA0CDE","	Chamber1","	1","	B01??(?)","	9.1","	2026-07-23 21:14:45"
"	69BA0CDE","	Chamber1","	1","	B01??(%RH)","	85.9","	2026-07-23 21:14:43"
"	69BA0CDE","	Chamber1","	1","	B01??(?)","	9.1","	2026-07-23 21:14:43"
"	69BA0CDE","	Chamber1","	1","	B01??(%RH)","	85.9","	2026-07-23 21:14:41"
"	69BA0CDE","	Chamber1","	1","	B01??(?)","	9.1","	2026-07-23 21:14:41"
"	69BA0CDE","	Chamber1","	1","	B01??(%RH)","	86","	2026-07-23 21:14:39"
"	69BA0CDE","	Chamber1","	1","	B01??(?)","	9.1","	2026-07-23 21:14:39"
"	69BA0CDE","	Chamber1","	1","	B01??(%RH)","	85.9","	2026-07-23 21:14:37"
"	69BA0CDE","	Chamber1","	1","	B01??(?)","	9.1","	2026-07-23 21:14:37"
"	69BA0CDE","	Chamber1","	1","	B01??(%RH)","	85.9","	2026-07-23 21:14:35"
"	69BA0CDE","	Chamber1","	1","	B01??(?)","	9.1","	2026-07-23 21:14:35"
"	69BA0CDE","	Chamber1","	1","	B01??(%RH)","	85.9","	2026-07-23 21:14:33"
"	69BA0CDE","	Chamber1","	1","	B01??(?)","	9.1","	2026-07-23 21:14:33"
"	69BA0CDE","	Chamber1","	1","	B01??(%RH)","	85.9","	2026-07-23 21:14:31"
"	69BA0CDE","	Chamber1","	1","	B01??(?)","	9.1","	2026-07-23 21:14:31"
"	69BA0CDE","	Chamber1","	1","	B01??(%RH)","	85.9","	2026-07-23 21:14:28"
"	69BA0CDE","	Chamber1","	1","	B01??(?)","	9.1","	2026-07-23 21:14:28"
"	69BA0CDE","	Chamber1","	1","	B01??(%RH)","	86","	2026-07-23 21:14:26"
"	69BA0CDE","	Chamber1","	1","	B01??(?)","	9.1","	2026-07-23 21:14:26"
"	69BA0CDE","	Chamber1","	1","	B01??(%RH)","	85.9","	2026-07-23 21:14:24"
"	69BA0CDE","	Chamber1","	1","	B01??(?)","	9.1","	2026-07-23 21:14:24"
"	69BA0CDE","	Chamber1","	1","	B01??(%RH)","	85.9","	2026-07-23 21:14:22"
"	69BA0CDE","	Chamber1","	1","	B01??(?)","	9.1","	2026-07-23 21:14:22"
"	69BA0CDE","	Chamber1","	1","	B01??(%RH)","	85.9","	2026-07-23 21:14:20"
"	69BA0CDE","	Chamber1","	1","	B01??(?)","	9.1","	2026-07-23 21:14:20"
"	69BA0CDE","	Chamber1","	1","	B01??(%RH)","	85.9","	2026-07-23 21:14:18"
"	69BA0CDE","	Chamber1","	1","	B01??(?)","	9.1","	2026-07-23 21:14:18"
"	69BA0CDE","	Chamber1","	1","	B01??(%RH)","	85.9","	2026-07-23 21:14:16"
"	69BA0CDE","	Chamber1","	1","	B01??(?)","	9.1","	2026-07-23 21:14:16"
"	69BA0CDE","	Chamber1","	1","	B01??(%RH)","	85.9","	2026-07-23 21:14:14"
"	69BA0CDE","	Chamber1","	1","	B01??(?)","	9.1","	2026-07-23 21:14:14"
"	69BA0CDE","	Chamber1","	1","	B01??(%RH)","	85.9","	2026-07-23 21:14:12"
"	69BA0CDE","	Chamber1","	1","	B01??(?)","	9.1","	2026-07-23 21:14:12"
"	69BA0CDE","	Chamber1","	1","	B01??(%RH)","	85.9","	2026-07-23 21:14:10"
"	69BA0CDE","	Chamber1","	1","	B01??(?)","	9.1","	2026-07-23 21:14:10"
"	69BA0CDE","	Chamber1","	1","	B01??(%RH)","	85.9","	2026-07-23 21:14:08"
"	69BA0CDE","	Chamber1","	1","	B01??(?)","	9.1","	2026-07-23 21:14:08"
"	69BA0CDE","	Chamber1","	1","	B01??(%RH)","	85.9","	2026-07-23 21:14:06"
"	69BA0CDE","	Chamber1","	1","	B01??(?)","	9.1","	2026-07-23 21:14:06"
"	69BA0CDE","	Chamber1","	1","	B01??(%RH)","	86","	2026-07-23 21:14:04"
"	69BA0CDE","	Chamber1","	1","	B01??(?)","	9.1","	2026-07-23 21:14:04"
"	69BA0CDE","	Chamber1","	1","	B01??(%RH)","	85.9","	2026-07-23 21:14:02"
"	69BA0CDE","	Chamber1","	1","	B01??(?)","	9.1","	2026-07-23 21:14:02"
"	69BA0CDE","	Chamber1","	1","	B01??(%RH)","	85.9","	2026-07-23 21:14:00"
"	69BA0CDE","	Chamber1","	1","	B01??(?)","	9.1","	2026-07-23 21:14:00"
"	69BA0CDE","	Chamber1","	1","	B01??(%RH)","	85.9","	2026-07-23 21:13:58"
"	69BA0CDE","	Chamber1","	1","	B01??(?)","	9.1","	2026-07-23 21:13:58"
"	69BA0CDE","	Chamber1","	1","	B01??(%RH)","	85.9","	2026-07-23 21:13:56"
"	69BA0CDE","	Chamber1","	1","	B01??(?)","	9.1","	2026-07-23 21:13:56"
"	69BA0CDE","	Chamber1","	1","	B01??(%RH)","	85.9","	2026-07-23 21:13:54"
"	69BA0CDE","	Chamber1","	1","	B01??(?)","	9.1","	2026-07-23 21:13:54"
"	69BA0CDE","	Chamber1","	1","	B01??(%RH)","	86","	2026-07-23 21:13:52"
"	69BA0CDE","	Chamber1","	1","	B01??(?)","	9.1","	2026-07-23 21:13:52"
"	69BA0CDE","	Chamber1","	1","	B01??(%RH)","	85.9","	2026-07-23 21:13:50"
"	69BA0CDE","	Chamber1","	1","	B01??(?)","	9.1","	2026-07-23 21:13:50"
"	69BA0CDE","	Chamber1","	1","	B01??(%RH)","	85.9","	2026-07-23 21:13:48"
"	69BA0CDE","	Chamber1","	1","	B01??(?)","	9.1","	2026-07-23 21:13:48"
"	69BA0CDE","	Chamber1","	1","	B01??(%RH)","	85.9","	2026-07-23 21:13:45"
"	69BA0CDE","	Chamber1","	1","	B01??(?)","	9.1","	2026-07-23 21:13:45"
"	69BA0CDE","	Chamber1","	1","	B01??(%RH)","	86","	2026-07-23 21:13:43"
"	69BA0CDE","	Chamber1","	1","	B01??(?)","	9.1","	2026-07-23 21:13:43"
"	69BA0CDE","	Chamber1","	1","	B01??(%RH)","	85.9","	2026-07-23 21:13:41"
"	69BA0CDE","	Chamber1","	1","	B01??(?)","	9.1","	2026-07-23 21:13:41"
"	69BA0CDE","	Chamber1","	1","	B01??(%RH)","	85.9","	2026-07-23 21:13:39"
"	69BA0CDE","	Chamber1","	1","	B01??(?)","	9.1","	2026-07-23 21:13:39"
"	69BA0CDE","	Chamber1","	1","	B01??(%RH)","	85.9","	2026-07-23 21:13:37"
"	69BA0CDE","	Chamber1","	1","	B01??(?)","	9.1","	2026-07-23 21:13:37"
"	69BA0CDE","	Chamber1","	1","	B01??(%RH)","	85.9","	2026-07-23 21:13:35"
"	69BA0CDE","	Chamber1","	1","	B01??(?)","	9.1","	2026-07-23 21:13:35"
"	69BA0CDE","	Chamber1","	1","	B01??(%RH)","	85.9","	2026-07-23 21:13:33"
"	69BA0CDE","	Chamber1","	1","	B01??(?)","	9.1","	2026-07-23 21:13:33"
"	69BA0CDE","	Chamber1","	1","	B01??(%RH)","	85.9","	2026-07-23 21:13:31"
"	69BA0CDE","	Chamber1","	1","	B01??(?)","	9.1","	2026-07-23 21:13:31"
"	69BA0CDE","	Chamber1","	1","	B01??(%RH)","	85.9","	2026-07-23 21:13:29"
"	69BA0CDE","	Chamber1","	1","	B01??(?)","	9.1","	2026-07-23 21:13:29"
"	69BA0CDE","	Chamber1","	1","	B01??(%RH)","	85.9","	2026-07-23 21:13:27"
"	69BA0CDE","	Chamber1","	1","	B01??(?)","	9.1","	2026-07-23 21:13:27"
"	69BA0CDE","	Chamber1","	1","	B01??(%RH)","	86","	2026-07-23 21:13:25"
"	69BA0CDE","	Chamber1","	1","	B01??(?)","	9.1","	2026-07-23 21:13:25"
"	69BA0CDE","	Chamber1","	1","	B01??(%RH)","	85.9","	2026-07-23 21:13:23"
"	69BA0CDE","	Chamber1","	1","	B01??(?)","	9.1","	2026-07-23 21:13:23"
"	69BA0CDE","	Chamber1","	1","	B01??(%RH)","	85.9","	2026-07-23 21:13:21"
"	69BA0CDE","	Chamber1","	1","	B01??(?)","	9.1","	2026-07-23 21:13:21"
"	69BA0CDE","	Chamber1","	1","	B01??(%RH)","	85.9","	2026-07-23 21:13:19"
"	69BA0CDE","	Chamber1","	1","	B01??(?)","	9.1","	2026-07-23 21:13:19"
"	69BA0CDE","	Chamber1","	1","	B01??(%RH)","	85.9","	2026-07-23 21:13:17"
"	69BA0CDE","	Chamber1","	1","	B01??(?)","	9.1","	2026-07-23 21:13:17"
"	69BA0CDE","	Chamber1","	1","	B01??(%RH)","	85.9","	2026-07-23 21:13:15"
"	69BA0CDE","	Chamber1","	1","	B01??(?)","	9.1","	2026-07-23 21:13:15"
"	69BA0CDE","	Chamber1","	1","	B01??(%RH)","	85.9","	2026-07-23 21:13:13"
"	69BA0CDE","	Chamber1","	1","	B01??(?)","	9.1","	2026-07-23 21:13:13"
"	69BA0CDE","	Chamber1","	1","	B01??(%RH)","	86","	2026-07-23 21:13:11"
"	69BA0CDE","	Chamber1","	1","	B01??(?)","	9.1","	2026-07-23 21:13:11"
"	69BA0CDE","	Chamber1","	1","	B01??(%RH)","	85.9","	2026-07-23 21:13:09"
"	69BA0CDE","	Chamber1","	1","	B01??(?)","	9.1","	2026-07-23 21:13:09"
"	69BA0CDE","	Chamber1","	1","	B01??(%RH)","	85.9","	2026-07-23 21:13:07"
"	69BA0CDE","	Chamber1","	1","	B01??(?)","	9.1","	2026-07-23 21:13:07"
"	69BA0CDE","	Chamber1","	1","	B01??(%RH)","	85.9","	2026-07-23 21:13:05"
"	69BA0CDE","	Chamber1","	1","	B01??(?)","	9.1","	2026-07-23 21:13:05"
"	69BA0CDE","	Chamber1","	1","	B01??(%RH)","	85.9","	2026-07-23 21:13:03"
"	69BA0CDE","	Chamber1","	1","	B01??(?)","	9.1","	2026-07-23 21:13:03"
"	69BA0CDE","	Chamber1","	1","	B01??(%RH)","	85.9","	2026-07-23 21:13:00"
"	69BA0CDE","	Chamber1","	1","	B01??(?)","	9.1","	2026-07-23 21:13:00"
"	69BA0CDE","	Chamber1","	1","	B01??(%RH)","	85.9","	2026-07-23 21:12:58"
"	69BA0CDE","	Chamber1","	1","	B01??(?)","	9.1","	2026-07-23 21:12:58"
"	69BA0CDE","	Chamber1","	1","	B01??(%RH)","	85.9","	2026-07-23 21:12:56"
"	69BA0CDE","	Chamber1","	1","	B01??(?)","	9.1","	2026-07-23 21:12:56"
"	69BA0CDE","	Chamber1","	1","	B01??(%RH)","	85.9","	2026-07-23 21:12:54"
"	69BA0CDE","	Chamber1","	1","	B01??(?)","	9.1","	2026-07-23 21:12:54"
"	69BA0CDE","	Chamber1","	1","	B01??(%RH)","	85.9","	2026-07-23 21:12:52"
"	69BA0CDE","	Chamber1","	1","	B01??(?)","	9","	2026-07-23 21:12:52"
"	69BA0CDE","	Chamber1","	1","	B01??(%RH)","	85.9","	2026-07-23 21:12:50"
"	69BA0CDE","	Chamber1","	1","	B01??(?)","	9.1","	2026-07-23 21:12:50"
"	69BA0CDE","	Chamber1","	1","	B01??(%RH)","	85.9","	2026-07-23 21:12:48"
"	69BA0CDE","	Chamber1","	1","	B01??(?)","	9.1","	2026-07-23 21:12:48"
"	69BA0CDE","	Chamber1","	1","	B01??(%RH)","	85.9","	2026-07-23 21:12:46"
"	69BA0CDE","	Chamber1","	1","	B01??(?)","	9.1","	2026-07-23 21:12:46"
"	69BA0CDE","	Chamber1","	1","	B01??(%RH)","	85.9","	2026-07-23 21:12:44"
"	69BA0CDE","	Chamber1","	1","	B01??(?)","	9.1","	2026-07-23 21:12:44"
"	69BA0CDE","	Chamber1","	1","	B01??(%RH)","	85.9","	2026-07-23 21:12:42"
"	69BA0CDE","	Chamber1","	1","	B01??(?)","	9.1","	2026-07-23 21:12:42"
"	69BA0CDE","	Chamber1","	1","	B01??(%RH)","	85.9","	2026-07-23 21:12:40"
"	69BA0CDE","	Chamber1","	1","	B01??(?)","	9.1","	2026-07-23 21:12:40"
"	69BA0CDE","	Chamber1","	1","	B01??(%RH)","	85.9","	2026-07-23 21:12:38"
"	69BA0CDE","	Chamber1","	1","	B01??(?)","	9.1","	2026-07-23 21:12:38"
"	69BA0CDE","	Chamber1","	1","	B01??(%RH)","	85.9","	2026-07-23 21:12:36"
"	69BA0CDE","	Chamber1","	1","	B01??(?)","	9","	2026-07-23 21:12:36"
"	69BA0CDE","	Chamber1","	1","	B01??(%RH)","	85.9","	2026-07-23 21:12:34"
"	69BA0CDE","	Chamber1","	1","	B01??(?)","	9.1","	2026-07-23 21:12:34"
"	69BA0CDE","	Chamber1","	1","	B01??(%RH)","	85.9","	2026-07-23 21:12:32"
"	69BA0CDE","	Chamber1","	1","	B01??(?)","	9.1","	2026-07-23 21:12:32"
"	69BA0CDE","	Chamber1","	1","	B01??(%RH)","	85.9","	2026-07-23 21:12:30"
"	69BA0CDE","	Chamber1","	1","	B01??(?)","	9.1","	2026-07-23 21:12:30"
"	69BA0CDE","	Chamber1","	1","	B01??(%RH)","	85.9","	2026-07-23 21:12:28"
"	69BA0CDE","	Chamber1","	1","	B01??(?)","	9","	2026-07-23 21:12:28"
"	69BA0CDE","	Chamber1","	1","	B01??(%RH)","	85.9","	2026-07-23 21:12:26"
"	69BA0CDE","	Chamber1","	1","	B01??(?)","	9.1","	2026-07-23 21:12:26"
"	69BA0CDE","	Chamber1","	1","	B01??(%RH)","	85.9","	2026-07-23 21:12:24"
"	69BA0CDE","	Chamber1","	1","	B01??(?)","	9.1","	2026-07-23 21:12:24"
"	69BA0CDE","	Chamber1","	1","	B01??(%RH)","	85.9","	2026-07-23 21:12:22"
"	69BA0CDE","	Chamber1","	1","	B01??(?)","	9","	2026-07-23 21:12:22"
"	69BA0CDE","	Chamber1","	1","	B01??(%RH)","	85.9","	2026-07-23 21:12:20"
"	69BA0CDE","	Chamber1","	1","	B01??(?)","	9.1","	2026-07-23 21:12:20"
"	69BA0CDE","	Chamber1","	1","	B01??(%RH)","	85.9","	2026-07-23 21:12:17"
"	69BA0CDE","	Chamber1","	1","	B01??(?)","	9.1","	2026-07-23 21:12:17"
"	69BA0CDE","	Chamber1","	1","	B01??(%RH)","	85.9","	2026-07-23 21:12:15"
"	69BA0CDE","	Chamber1","	1","	B01??(?)","	9.1","	2026-07-23 21:12:15"
"	69BA0CDE","	Chamber1","	1","	B01??(%RH)","	85.9","	2026-07-23 21:12:13"
"	69BA0CDE","	Chamber1","	1","	B01??(?)","	9","	2026-07-23 21:12:13"
"	69BA0CDE","	Chamber1","	1","	B01??(%RH)","	85.9","	2026-07-23 21:12:11"
"	69BA0CDE","	Chamber1","	1","	B01??(?)","	9.1","	2026-07-23 21:12:11"
"	69BA0CDE","	Chamber1","	1","	B01??(%RH)","	85.9","	2026-07-23 21:12:09"
"	69BA0CDE","	Chamber1","	1","	B01??(?)","	9.1","	2026-07-23 21:12:09"
"	69BA0CDE","	Chamber1","	1","	B01??(%RH)","	85.9","	2026-07-23 21:12:07"
"	69BA0CDE","	Chamber1","	1","	B01??(?)","	9.1","	2026-07-23 21:12:07"
"	69BA0CDE","	Chamber1","	1","	B01??(%RH)","	85.9","	2026-07-23 21:12:05"
"	69BA0CDE","	Chamber1","	1","	B01??(?)","	9.1","	2026-07-23 21:12:05"
"	69BA0CDE","	Chamber1","	1","	B01??(%RH)","	85.9","	2026-07-23 21:12:03"
"	69BA0CDE","	Chamber1","	1","	B01??(?)","	9","	2026-07-23 21:12:03"
"	69BA0CDE","	Chamber1","	1","	B01??(%RH)","	85.9","	2026-07-23 21:12:01"
"	69BA0CDE","	Chamber1","	1","	B01??(?)","	9","	2026-07-23 21:12:01"
"	69BA0CDE","	Chamber1","	1","	B01??(%RH)","	85.9","	2026-07-23 21:11:59"
"	69BA0CDE","	Chamber1","	1","	B01??(?)","	9","	2026-07-23 21:11:59"
"	69BA0CDE","	Chamber1","	1","	B01??(%RH)","	85.9","	2026-07-23 21:11:57"
"	69BA0CDE","	Chamber1","	1","	B01??(?)","	9","	2026-07-23 21:11:57"
"	69BA0CDE","	Chamber1","	1","	B01??(%RH)","	85.9","	2026-07-23 21:11:55"
"	69BA0CDE","	Chamber1","	1","	B01??(?)","	9.1","	2026-07-23 21:11:55"
"	69BA0CDE","	Chamber1","	1","	B01??(%RH)","	85.9","	2026-07-23 21:11:53"
"	69BA0CDE","	Chamber1","	1","	B01??(?)","	9","	2026-07-23 21:11:53"
"	69BA0CDE","	Chamber1","	1","	B01??(%RH)","	85.9","	2026-07-23 21:11:51"
"	69BA0CDE","	Chamber1","	1","	B01??(?)","	9","	2026-07-23 21:11:51"
"	69BA0CDE","	Chamber1","	1","	B01??(%RH)","	85.9","	2026-07-23 21:11:49"
"	69BA0CDE","	Chamber1","	1","	B01??(?)","	9.1","	2026-07-23 21:11:49"
"	69BA0CDE","	Chamber1","	1","	B01??(%RH)","	85.9","	2026-07-23 21:11:47"
"	69BA0CDE","	Chamber1","	1","	B01??(?)","	9","	2026-07-23 21:11:47"
"	69BA0CDE","	Chamber1","	1","	B01??(%RH)","	85.9","	2026-07-23 21:11:45"
"	69BA0CDE","	Chamber1","	1","	B01??(?)","	9","	2026-07-23 21:11:45"
"	69BA0CDE","	Chamber1","	1","	B01??(%RH)","	85.9","	2026-07-23 21:11:43"
"	69BA0CDE","	Chamber1","	1","	B01??(?)","	9","	2026-07-23 21:11:43"
"	69BA0CDE","	Chamber1","	1","	B01??(%RH)","	85.9","	2026-07-23 21:11:41"
"	69BA0CDE","	Chamber1","	1","	B01??(?)","	9","	2026-07-23 21:11:41"
"	69BA0CDE","	Chamber1","	1","	B01??(%RH)","	85.9","	2026-07-23 21:11:39"
"	69BA0CDE","	Chamber1","	1","	B01??(?)","	9","	2026-07-23 21:11:39"
"	69BA0CDE","	Chamber1","	1","	B01??(%RH)","	85.9","	2026-07-23 21:11:36"
"	69BA0CDE","	Chamber1","	1","	B01??(?)","	9","	2026-07-23 21:11:36"
"	69BA0CDE","	Chamber1","	1","	B01??(%RH)","	85.9","	2026-07-23 21:11:34"
"	69BA0CDE","	Chamber1","	1","	B01??(?)","	9","	2026-07-23 21:11:34"
"	69BA0CDE","	Chamber1","	1","	B01??(%RH)","	85.9","	2026-07-23 21:11:32"
"	69BA0CDE","	Chamber1","	1","	B01??(?)","	9","	2026-07-23 21:11:32"
"	69BA0CDE","	Chamber1","	1","	B01??(%RH)","	85.9","	2026-07-23 21:11:30"
"	69BA0CDE","	Chamber1","	1","	B01??(?)","	9","	2026-07-23 21:11:30"
"	69BA0CDE","	Chamber1","	1","	B01??(%RH)","	85.9","	2026-07-23 21:11:28"
"	69BA0CDE","	Chamber1","	1","	B01??(?)","	9","	2026-07-23 21:11:28"
"	69BA0CDE","	Chamber1","	1","	B01??(%RH)","	85.9","	2026-07-23 21:11:26"
"	69BA0CDE","	Chamber1","	1","	B01??(?)","	9","	2026-07-23 21:11:26"
"	69BA0CDE","	Chamber1","	1","	B01??(%RH)","	85.9","	2026-07-23 21:11:24"
"	69BA0CDE","	Chamber1","	1","	B01??(?)","	9","	2026-07-23 21:11:24"
"	69BA0CDE","	Chamber1","	1","	B01??(%RH)","	85.9","	2026-07-23 21:11:22"
"	69BA0CDE","	Chamber1","	1","	B01??(?)","	9","	2026-07-23 21:11:22"
"	69BA0CDE","	Chamber1","	1","	B01??(%RH)","	85.9","	2026-07-23 21:11:20"
"	69BA0CDE","	Chamber1","	1","	B01??(?)","	9","	2026-07-23 21:11:20"
"	69BA0CDE","	Chamber1","	1","	B01??(%RH)","	85.9","	2026-07-23 21:11:18"
"	69BA0CDE","	Chamber1","	1","	B01??(?)","	9","	2026-07-23 21:11:18"
"	69BA0CDE","	Chamber1","	1","	B01??(%RH)","	85.9","	2026-07-23 21:11:16"
"	69BA0CDE","	Chamber1","	1","	B01??(?)","	9","	2026-07-23 21:11:16"
"	69BA0CDE","	Chamber1","	1","	B01??(%RH)","	85.9","	2026-07-23 21:11:14"
"	69BA0CDE","	Chamber1","	1","	B01??(?)","	9","	2026-07-23 21:11:14"
"	69BA0CDE","	Chamber1","	1","	B01??(%RH)","	85.9","	2026-07-23 21:11:12"
"	69BA0CDE","	Chamber1","	1","	B01??(?)","	9","	2026-07-23 21:11:12"
"	69BA0CDE","	Chamber1","	1","	B01??(%RH)","	85.9","	2026-07-23 21:11:10"
"	69BA0CDE","	Chamber1","	1","	B01??(?)","	9","	2026-07-23 21:11:10"
"	69BA0CDE","	Chamber1","	1","	B01??(%RH)","	85.9","	2026-07-23 21:11:08"
"	69BA0CDE","	Chamber1","	1","	B01??(?)","	9","	2026-07-23 21:11:08"
"	69BA0CDE","	Chamber1","	1","	B01??(%RH)","	85.9","	2026-07-23 21:11:06"
"	69BA0CDE","	Chamber1","	1","	B01??(?)","	9","	2026-07-23 21:11:06"
"	69BA0CDE","	Chamber1","	1","	B01??(%RH)","	85.8","	2026-07-23 21:11:04"
"	69BA0CDE","	Chamber1","	1","	B01??(?)","	9","	2026-07-23 21:11:04"
"	69BA0CDE","	Chamber1","	1","	B01??(%RH)","	85.8","	2026-07-23 21:11:02"
"	69BA0CDE","	Chamber1","	1","	B01??(?)","	9","	2026-07-23 21:11:02"
"	69BA0CDE","	Chamber1","	1","	B01??(%RH)","	85.9","	2026-07-23 21:11:00"
"	69BA0CDE","	Chamber1","	1","	B01??(?)","	9","	2026-07-23 21:11:00"
"	69BA0CDE","	Chamber1","	1","	B01??(%RH)","	85.8","	2026-07-23 21:10:58"
"	69BA0CDE","	Chamber1","	1","	B01??(?)","	9","	2026-07-23 21:10:58"
"	69BA0CDE","	Chamber1","	1","	B01??(%RH)","	85.8","	2026-07-23 21:10:56"
"	69BA0CDE","	Chamber1","	1","	B01??(?)","	9","	2026-07-23 21:10:56"
"	69BA0CDE","	Chamber1","	1","	B01??(%RH)","	85.8","	2026-07-23 21:10:54"
"	69BA0CDE","	Chamber1","	1","	B01??(?)","	9","	2026-07-23 21:10:54"
"	69BA0CDE","	Chamber1","	1","	B01??(%RH)","	85.8","	2026-07-23 21:10:51"
"	69BA0CDE","	Chamber1","	1","	B01??(?)","	9","	2026-07-23 21:10:51"
"	69BA0CDE","	Chamber1","	1","	B01??(%RH)","	85.8","	2026-07-23 21:10:49"
"	69BA0CDE","	Chamber1","	1","	B01??(?)","	9","	2026-07-23 21:10:49"
"	69BA0CDE","	Chamber1","	1","	B01??(%RH)","	85.8","	2026-07-23 21:10:47"
"	69BA0CDE","	Chamber1","	1","	B01??(?)","	9","	2026-07-23 21:10:47"
"	69BA0CDE","	Chamber1","	1","	B01??(%RH)","	85.8","	2026-07-23 21:10:45"
"	69BA0CDE","	Chamber1","	1","	B01??(?)","	9","	2026-07-23 21:10:45"
"	69BA0CDE","	Chamber1","	1","	B01??(%RH)","	85.9","	2026-07-23 21:10:43"
"	69BA0CDE","	Chamber1","	1","	B01??(?)","	9","	2026-07-23 21:10:43"
"	69BA0CDE","	Chamber1","	1","	B01??(%RH)","	85.8","	2026-07-23 21:10:41"
"	69BA0CDE","	Chamber1","	1","	B01??(?)","	9","	2026-07-23 21:10:41"
"	69BA0CDE","	Chamber1","	1","	B01??(%RH)","	85.8","	2026-07-23 21:10:39"
"	69BA0CDE","	Chamber1","	1","	B01??(?)","	9","	2026-07-23 21:10:39"
"	69BA0CDE","	Chamber1","	1","	B01??(%RH)","	85.8","	2026-07-23 21:10:37"
"	69BA0CDE","	Chamber1","	1","	B01??(?)","	9","	2026-07-23 21:10:37"
"	69BA0CDE","	Chamber1","	1","	B01??(%RH)","	85.8","	2026-07-23 21:10:35"
"	69BA0CDE","	Chamber1","	1","	B01??(?)","	9","	2026-07-23 21:10:35"
"	69BA0CDE","	Chamber1","	1","	B01??(%RH)","	85.9","	2026-07-23 21:10:33"
"	69BA0CDE","	Chamber1","	1","	B01??(?)","	9","	2026-07-23 21:10:33"
"	69BA0CDE","	Chamber1","	1","	B01??(%RH)","	85.8","	2026-07-23 21:10:31"
"	69BA0CDE","	Chamber1","	1","	B01??(?)","	9","	2026-07-23 21:10:31"
"	69BA0CDE","	Chamber1","	1","	B01??(%RH)","	85.8","	2026-07-23 21:10:29"
"	69BA0CDE","	Chamber1","	1","	B01??(?)","	9","	2026-07-23 21:10:29"
"	69BA0CDE","	Chamber1","	1","	B01??(%RH)","	85.8","	2026-07-23 21:10:27"
"	69BA0CDE","	Chamber1","	1","	B01??(?)","	9","	2026-07-23 21:10:27"
"	69BA0CDE","	Chamber1","	1","	B01??(%RH)","	85.8","	2026-07-23 21:10:25"
"	69BA0CDE","	Chamber1","	1","	B01??(?)","	9","	2026-07-23 21:10:25"
"	69BA0CDE","	Chamber1","	1","	B01??(%RH)","	85.8","	2026-07-23 21:10:23"
"	69BA0CDE","	Chamber1","	1","	B01??(?)","	9","	2026-07-23 21:10:23"
"	69BA0CDE","	Chamber1","	1","	B01??(%RH)","	85.9","	2026-07-23 21:10:21"
"	69BA0CDE","	Chamber1","	1","	B01??(?)","	9","	2026-07-23 21:10:21"
"	69BA0CDE","	Chamber1","	1","	B01??(%RH)","	85.8","	2026-07-23 21:10:19"
"	69BA0CDE","	Chamber1","	1","	B01??(?)","	9","	2026-07-23 21:10:19"
"	69BA0CDE","	Chamber1","	1","	B01??(%RH)","	85.8","	2026-07-23 21:10:17"
"	69BA0CDE","	Chamber1","	1","	B01??(?)","	9","	2026-07-23 21:10:17"
"	69BA0CDE","	Chamber1","	1","	B01??(%RH)","	85.8","	2026-07-23 21:10:15"
"	69BA0CDE","	Chamber1","	1","	B01??(?)","	9","	2026-07-23 21:10:15"
"	69BA0CDE","	Chamber1","	1","	B01??(%RH)","	85.8","	2026-07-23 21:10:13"
"	69BA0CDE","	Chamber1","	1","	B01??(?)","	9","	2026-07-23 21:10:13"
"	69BA0CDE","	Chamber1","	1","	B01??(%RH)","	85.9","	2026-07-23 21:10:10"
"	69BA0CDE","	Chamber1","	1","	B01??(?)","	9","	2026-07-23 21:10:10"
"	69BA0CDE","	Chamber1","	1","	B01??(%RH)","	85.8","	2026-07-23 21:10:08"
"	69BA0CDE","	Chamber1","	1","	B01??(?)","	9","	2026-07-23 21:10:08"
"	69BA0CDE","	Chamber1","	1","	B01??(%RH)","	85.8","	2026-07-23 21:10:06"
"	69BA0CDE","	Chamber1","	1","	B01??(?)","	9","	2026-07-23 21:10:06"
"	69BA0CDE","	Chamber1","	1","	B01??(%RH)","	85.8","	2026-07-23 21:10:04"
"	69BA0CDE","	Chamber1","	1","	B01??(?)","	9","	2026-07-23 21:10:04"
"	69BA0CDE","	Chamber1","	1","	B01??(%RH)","	85.8","	2026-07-23 21:10:02"
"	69BA0CDE","	Chamber1","	1","	B01??(?)","	9","	2026-07-23 21:10:02"
"	69BA0CDE","	Chamber1","	1","	B01??(%RH)","	85.8","	2026-07-23 21:10:00"
"	69BA0CDE","	Chamber1","	1","	B01??(?)","	9","	2026-07-23 21:10:00"
"	69BA0CDE","	Chamber1","	1","	B01??(%RH)","	85.8","	2026-07-23 21:09:58"
"	69BA0CDE","	Chamber1","	1","	B01??(?)","	9","	2026-07-23 21:09:58"
"	69BA0CDE","	Chamber1","	1","	B01??(%RH)","	85.8","	2026-07-23 21:09:56"
"	69BA0CDE","	Chamber1","	1","	B01??(?)","	9","	2026-07-23 21:09:56"
"	69BA0CDE","	Chamber1","	1","	B01??(%RH)","	85.8","	2026-07-23 21:09:54"
"	69BA0CDE","	Chamber1","	1","	B01??(?)","	9","	2026-07-23 21:09:54"
"	69BA0CDE","	Chamber1","	1","	B01??(%RH)","	85.8","	2026-07-23 21:09:52"
"	69BA0CDE","	Chamber1","	1","	B01??(?)","	9","	2026-07-23 21:09:52"
"	69BA0CDE","	Chamber1","	1","	B01??(%RH)","	85.8","	2026-07-23 21:09:50"
"	69BA0CDE","	Chamber1","	1","	B01??(?)","	9","	2026-07-23 21:09:50"
"	69BA0CDE","	Chamber1","	1","	B01??(%RH)","	85.8","	2026-07-23 21:09:48"
"	69BA0CDE","	Chamber1","	1","	B01??(?)","	9","	2026-07-23 21:09:48"
"	69BA0CDE","	Chamber1","	1","	B01??(%RH)","	85.8","	2026-07-23 21:09:46"
"	69BA0CDE","	Chamber1","	1","	B01??(?)","	9","	2026-07-23 21:09:46"
"	69BA0CDE","	Chamber1","	1","	B01??(%RH)","	85.8","	2026-07-23 21:09:44"
"	69BA0CDE","	Chamber1","	1","	B01??(?)","	9","	2026-07-23 21:09:44"
"	69BA0CDE","	Chamber1","	1","	B01??(%RH)","	85.8","	2026-07-23 21:09:42"
"	69BA0CDE","	Chamber1","	1","	B01??(?)","	9","	2026-07-23 21:09:42"
"	69BA0CDE","	Chamber1","	1","	B01??(%RH)","	85.8","	2026-07-23 21:09:40"
"	69BA0CDE","	Chamber1","	1","	B01??(?)","	9","	2026-07-23 21:09:40"
"	69BA0CDE","	Chamber1","	1","	B01??(%RH)","	85.8","	2026-07-23 21:09:38"
"	69BA0CDE","	Chamber1","	1","	B01??(?)","	9","	2026-07-23 21:09:38"
"	69BA0CDE","	Chamber1","	1","	B01??(%RH)","	85.8","	2026-07-23 21:09:36"
"	69BA0CDE","	Chamber1","	1","	B01??(?)","	9","	2026-07-23 21:09:36"
"	69BA0CDE","	Chamber1","	1","	B01??(%RH)","	85.8","	2026-07-23 21:09:34"
"	69BA0CDE","	Chamber1","	1","	B01??(?)","	9","	2026-07-23 21:09:34"
"	69BA0CDE","	Chamber1","	1","	B01??(%RH)","	85.8","	2026-07-23 21:09:32"
"	69BA0CDE","	Chamber1","	1","	B01??(?)","	9","	2026-07-23 21:09:32"
"	69BA0CDE","	Chamber1","	1","	B01??(%RH)","	85.8","	2026-07-23 21:09:30"
"	69BA0CDE","	Chamber1","	1","	B01??(?)","	9","	2026-07-23 21:09:30"
"	69BA0CDE","	Chamber1","	1","	B01??(%RH)","	85.8","	2026-07-23 21:09:27"
"	69BA0CDE","	Chamber1","	1","	B01??(?)","	9","	2026-07-23 21:09:27"
"	69BA0CDE","	Chamber1","	1","	B01??(%RH)","	85.8","	2026-07-23 21:09:25"
"	69BA0CDE","	Chamber1","	1","	B01??(?)","	9","	2026-07-23 21:09:25"
"	69BA0CDE","	Chamber1","	1","	B01??(%RH)","	85.8","	2026-07-23 21:09:23"
"	69BA0CDE","	Chamber1","	1","	B01??(?)","	9","	2026-07-23 21:09:23"
"	69BA0CDE","	Chamber1","	1","	B01??(%RH)","	85.8","	2026-07-23 21:09:21"
"	69BA0CDE","	Chamber1","	1","	B01??(?)","	9","	2026-07-23 21:09:21"
"	69BA0CDE","	Chamber1","	1","	B01??(%RH)","	85.8","	2026-07-23 21:09:19"
"	69BA0CDE","	Chamber1","	1","	B01??(?)","	9","	2026-07-23 21:09:19"
"	69BA0CDE","	Chamber1","	1","	B01??(%RH)","	85.8","	2026-07-23 21:09:17"
"	69BA0CDE","	Chamber1","	1","	B01??(?)","	9","	2026-07-23 21:09:17"
"	69BA0CDE","	Chamber1","	1","	B01??(%RH)","	85.8","	2026-07-23 21:09:15"
"	69BA0CDE","	Chamber1","	1","	B01??(?)","	9","	2026-07-23 21:09:15"
"	69BA0CDE","	Chamber1","	1","	B01??(%RH)","	85.8","	2026-07-23 21:09:13"
"	69BA0CDE","	Chamber1","	1","	B01??(?)","	9","	2026-07-23 21:09:13"
"	69BA0CDE","	Chamber1","	1","	B01??(%RH)","	85.8","	2026-07-23 21:09:11"
"	69BA0CDE","	Chamber1","	1","	B01??(?)","	9","	2026-07-23 21:09:11"
"	69BA0CDE","	Chamber1","	1","	B01??(%RH)","	85.8","	2026-07-23 21:09:09"
"	69BA0CDE","	Chamber1","	1","	B01??(?)","	9","	2026-07-23 21:09:09"
"	69BA0CDE","	Chamber1","	1","	B01??(%RH)","	85.8","	2026-07-23 21:09:07"
"	69BA0CDE","	Chamber1","	1","	B01??(?)","	9","	2026-07-23 21:09:07"
"	69BA0CDE","	Chamber1","	1","	B01??(%RH)","	85.7","	2026-07-23 21:09:05"
"	69BA0CDE","	Chamber1","	1","	B01??(?)","	9","	2026-07-23 21:09:05"
"	69BA0CDE","	Chamber1","	1","	B01??(%RH)","	85.8","	2026-07-23 21:09:03"
"	69BA0CDE","	Chamber1","	1","	B01??(?)","	8.9","	2026-07-23 21:09:03"
"	69BA0CDE","	Chamber1","	1","	B01??(%RH)","	85.8","	2026-07-23 21:09:01"
"	69BA0CDE","	Chamber1","	1","	B01??(?)","	9","	2026-07-23 21:09:01"
"	69BA0CDE","	Chamber1","	1","	B01??(%RH)","	85.8","	2026-07-23 21:08:59"
"	69BA0CDE","	Chamber1","	1","	B01??(?)","	9","	2026-07-23 21:08:59"
"	69BA0CDE","	Chamber1","	1","	B01??(%RH)","	85.8","	2026-07-23 21:08:57"
"	69BA0CDE","	Chamber1","	1","	B01??(?)","	8.9","	2026-07-23 21:08:57"
"	69BA0CDE","	Chamber1","	1","	B01??(%RH)","	85.8","	2026-07-23 21:08:55"
"	69BA0CDE","	Chamber1","	1","	B01??(?)","	9","	2026-07-23 21:08:55"
"	69BA0CDE","	Chamber1","	1","	B01??(%RH)","	85.8","	2026-07-23 21:08:53"
"	69BA0CDE","	Chamber1","	1","	B01??(?)","	9","	2026-07-23 21:08:53"
"	69BA0CDE","	Chamber1","	1","	B01??(%RH)","	85.8","	2026-07-23 21:08:51"
"	69BA0CDE","	Chamber1","	1","	B01??(?)","	9","	2026-07-23 21:08:51"
"	69BA0CDE","	Chamber1","	1","	B01??(%RH)","	85.7","	2026-07-23 21:08:49"
"	69BA0CDE","	Chamber1","	1","	B01??(?)","	9","	2026-07-23 21:08:49"
"	69BA0CDE","	Chamber1","	1","	B01??(%RH)","	85.7","	2026-07-23 21:08:47"
"	69BA0CDE","	Chamber1","	1","	B01??(?)","	8.9","	2026-07-23 21:08:47"
"	69BA0CDE","	Chamber1","	1","	B01??(%RH)","	85.7","	2026-07-23 21:08:45"
"	69BA0CDE","	Chamber1","	1","	B01??(?)","	9","	2026-07-23 21:08:45"
"	69BA0CDE","	Chamber1","	1","	B01??(%RH)","	85.7","	2026-07-23 21:08:42"
"	69BA0CDE","	Chamber1","	1","	B01??(?)","	8.9","	2026-07-23 21:08:42"
"	69BA0CDE","	Chamber1","	1","	B01??(%RH)","	85.7","	2026-07-23 21:08:40"
"	69BA0CDE","	Chamber1","	1","	B01??(?)","	9","	2026-07-23 21:08:40"
"	69BA0CDE","	Chamber1","	1","	B01??(%RH)","	85.7","	2026-07-23 21:08:38"
"	69BA0CDE","	Chamber1","	1","	B01??(?)","	8.9","	2026-07-23 21:08:38"
"	69BA0CDE","	Chamber1","	1","	B01??(%RH)","	85.7","	2026-07-23 21:08:36"
"	69BA0CDE","	Chamber1","	1","	B01??(?)","	9","	2026-07-23 21:08:36"
"	69BA0CDE","	Chamber1","	1","	B01??(%RH)","	85.7","	2026-07-23 21:08:34"
"	69BA0CDE","	Chamber1","	1","	B01??(?)","	9","	2026-07-23 21:08:34"
"	69BA0CDE","	Chamber1","	1","	B01??(%RH)","	85.7","	2026-07-23 21:08:32"
"	69BA0CDE","	Chamber1","	1","	B01??(?)","	8.9","	2026-07-23 21:08:32"
"	69BA0CDE","	Chamber1","	1","	B01??(%RH)","	85.8","	2026-07-23 21:08:30"
"	69BA0CDE","	Chamber1","	1","	B01??(?)","	9","	2026-07-23 21:08:30"
"	69BA0CDE","	Chamber1","	1","	B01??(%RH)","	85.7","	2026-07-23 21:08:28"
"	69BA0CDE","	Chamber1","	1","	B01??(?)","	9","	2026-07-23 21:08:28"
"	69BA0CDE","	Chamber1","	1","	B01??(%RH)","	85.7","	2026-07-23 21:08:26"
"	69BA0CDE","	Chamber1","	1","	B01??(?)","	8.9","	2026-07-23 21:08:26"
"	69BA0CDE","	Chamber1","	1","	B01??(%RH)","	85.7","	2026-07-23 21:08:24"
"	69BA0CDE","	Chamber1","	1","	B01??(?)","	8.9","	2026-07-23 21:08:24"
"	69BA0CDE","	Chamber1","	1","	B01??(%RH)","	85.7","	2026-07-23 21:08:22"
"	69BA0CDE","	Chamber1","	1","	B01??(?)","	8.9","	2026-07-23 21:08:22"
"	69BA0CDE","	Chamber1","	1","	B01??(%RH)","	85.8","	2026-07-23 21:08:20"
"	69BA0CDE","	Chamber1","	1","	B01??(?)","	9","	2026-07-23 21:08:20"
"	69BA0CDE","	Chamber1","	1","	B01??(%RH)","	85.7","	2026-07-23 21:08:18"
"	69BA0CDE","	Chamber1","	1","	B01??(?)","	8.9","	2026-07-23 21:08:18"
"	69BA0CDE","	Chamber1","	1","	B01??(%RH)","	85.7","	2026-07-23 21:08:16"
"	69BA0CDE","	Chamber1","	1","	B01??(?)","	8.9","	2026-07-23 21:08:16"
"	69BA0CDE","	Chamber1","	1","	B01??(%RH)","	85.7","	2026-07-23 21:08:14"
"	69BA0CDE","	Chamber1","	1","	B01??(?)","	9","	2026-07-23 21:08:14"
"	69BA0CDE","	Chamber1","	1","	B01??(%RH)","	85.8","	2026-07-23 21:08:12"
"	69BA0CDE","	Chamber1","	1","	B01??(?)","	8.9","	2026-07-23 21:08:12"
"	69BA0CDE","	Chamber1","	1","	B01??(%RH)","	85.7","	2026-07-23 21:08:10"
"	69BA0CDE","	Chamber1","	1","	B01??(?)","	8.9","	2026-07-23 21:08:10"
"	69BA0CDE","	Chamber1","	1","	B01??(%RH)","	85.8","	2026-07-23 21:08:08"
"	69BA0CDE","	Chamber1","	1","	B01??(?)","	9","	2026-07-23 21:08:08"
"	69BA0CDE","	Chamber1","	1","	B01??(%RH)","	85.7","	2026-07-23 21:08:06"
"	69BA0CDE","	Chamber1","	1","	B01??(?)","	8.9","	2026-07-23 21:08:06"
"	69BA0CDE","	Chamber1","	1","	B01??(%RH)","	85.7","	2026-07-23 21:08:04"
"	69BA0CDE","	Chamber1","	1","	B01??(?)","	8.9","	2026-07-23 21:08:04"
"	69BA0CDE","	Chamber1","	1","	B01??(%RH)","	85.7","	2026-07-23 21:08:02"
"	69BA0CDE","	Chamber1","	1","	B01??(?)","	9","	2026-07-23 21:08:02"
"	69BA0CDE","	Chamber1","	1","	B01??(%RH)","	85.7","	2026-07-23 21:08:00"
"	69BA0CDE","	Chamber1","	1","	B01??(?)","	8.9","	2026-07-23 21:08:00"
"	69BA0CDE","	Chamber1","	1","	B01??(%RH)","	85.8","	2026-07-23 21:07:57"
"	69BA0CDE","	Chamber1","	1","	B01??(?)","	8.9","	2026-07-23 21:07:57"
"	69BA0CDE","	Chamber1","	1","	B01??(%RH)","	85.7","	2026-07-23 21:07:55"
"	69BA0CDE","	Chamber1","	1","	B01??(?)","	8.9","	2026-07-23 21:07:55"
"	69BA0CDE","	Chamber1","	1","	B01??(%RH)","	85.7","	2026-07-23 21:07:53"
"	69BA0CDE","	Chamber1","	1","	B01??(?)","	8.9","	2026-07-23 21:07:53"
"	69BA0CDE","	Chamber1","	1","	B01??(%RH)","	85.8","	2026-07-23 21:07:51"
"	69BA0CDE","	Chamber1","	1","	B01??(?)","	8.9","	2026-07-23 21:07:51"
"	69BA0CDE","	Chamber1","	1","	B01??(%RH)","	85.7","	2026-07-23 21:07:49"
"	69BA0CDE","	Chamber1","	1","	B01??(?)","	8.9","	2026-07-23 21:07:49"
"	69BA0CDE","	Chamber1","	1","	B01??(%RH)","	85.7","	2026-07-23 21:07:47"
"	69BA0CDE","	Chamber1","	1","	B01??(?)","	8.9","	2026-07-23 21:07:47"
"	69BA0CDE","	Chamber1","	1","	B01??(%RH)","	85.7","	2026-07-23 21:07:45"
"	69BA0CDE","	Chamber1","	1","	B01??(?)","	8.9","	2026-07-23 21:07:45"
"	69BA0CDE","	Chamber1","	1","	B01??(%RH)","	85.7","	2026-07-23 21:07:43"
"	69BA0CDE","	Chamber1","	1","	B01??(?)","	8.9","	2026-07-23 21:07:43"
"	69BA0CDE","	Chamber1","	1","	B01??(%RH)","	85.7","	2026-07-23 21:07:41"
"	69BA0CDE","	Chamber1","	1","	B01??(?)","	8.9","	2026-07-23 21:07:41"
"	69BA0CDE","	Chamber1","	1","	B01??(%RH)","	85.7","	2026-07-23 21:07:39"
"	69BA0CDE","	Chamber1","	1","	B01??(?)","	8.9","	2026-07-23 21:07:39"
"	69BA0CDE","	Chamber1","	1","	B01??(%RH)","	85.7","	2026-07-23 21:07:37"
"	69BA0CDE","	Chamber1","	1","	B01??(?)","	8.9","	2026-07-23 21:07:37"
"	69BA0CDE","	Chamber1","	1","	B01??(%RH)","	85.7","	2026-07-23 21:07:35"
"	69BA0CDE","	Chamber1","	1","	B01??(?)","	8.9","	2026-07-23 21:07:35"
"	69BA0CDE","	Chamber1","	1","	B01??(%RH)","	85.7","	2026-07-23 21:07:33"
"	69BA0CDE","	Chamber1","	1","	B01??(?)","	8.9","	2026-07-23 21:07:33"
"	69BA0CDE","	Chamber1","	1","	B01??(%RH)","	85.7","	2026-07-23 21:07:31"
"	69BA0CDE","	Chamber1","	1","	B01??(?)","	8.9","	2026-07-23 21:07:31"
"	69BA0CDE","	Chamber1","	1","	B01??(%RH)","	85.7","	2026-07-23 21:07:29"
"	69BA0CDE","	Chamber1","	1","	B01??(?)","	8.9","	2026-07-23 21:07:29"
"	69BA0CDE","	Chamber1","	1","	B01??(%RH)","	85.7","	2026-07-23 21:07:27"
"	69BA0CDE","	Chamber1","	1","	B01??(?)","	8.9","	2026-07-23 21:07:27"
"	69BA0CDE","	Chamber1","	1","	B01??(%RH)","	85.7","	2026-07-23 21:07:25"
"	69BA0CDE","	Chamber1","	1","	B01??(?)","	8.9","	2026-07-23 21:07:25"
"	69BA0CDE","	Chamber1","	1","	B01??(%RH)","	85.7","	2026-07-23 21:07:23"
"	69BA0CDE","	Chamber1","	1","	B01??(?)","	8.9","	2026-07-23 21:07:23"
"	69BA0CDE","	Chamber1","	1","	B01??(%RH)","	85.7","	2026-07-23 21:07:21"
"	69BA0CDE","	Chamber1","	1","	B01??(?)","	8.9","	2026-07-23 21:07:21"
"	69BA0CDE","	Chamber1","	1","	B01??(%RH)","	85.7","	2026-07-23 21:07:19"
"	69BA0CDE","	Chamber1","	1","	B01??(?)","	8.9","	2026-07-23 21:07:19"
"	69BA0CDE","	Chamber1","	1","	B01??(%RH)","	85.7","	2026-07-23 21:07:17"
"	69BA0CDE","	Chamber1","	1","	B01??(?)","	8.9","	2026-07-23 21:07:17"
"	69BA0CDE","	Chamber1","	1","	B01??(%RH)","	85.7","	2026-07-23 21:07:15"
"	69BA0CDE","	Chamber1","	1","	B01??(?)","	8.9","	2026-07-23 21:07:15"
"	69BA0CDE","	Chamber1","	1","	B01??(%RH)","	85.7","	2026-07-23 21:07:12"
"	69BA0CDE","	Chamber1","	1","	B01??(?)","	8.9","	2026-07-23 21:07:12"
"	69BA0CDE","	Chamber1","	1","	B01??(%RH)","	85.7","	2026-07-23 21:07:10"
"	69BA0CDE","	Chamber1","	1","	B01??(?)","	8.9","	2026-07-23 21:07:10"
"	69BA0CDE","	Chamber1","	1","	B01??(%RH)","	85.7","	2026-07-23 21:07:08"
"	69BA0CDE","	Chamber1","	1","	B01??(?)","	8.9","	2026-07-23 21:07:08"
"	69BA0CDE","	Chamber1","	1","	B01??(%RH)","	85.7","	2026-07-23 21:07:06"
"	69BA0CDE","	Chamber1","	1","	B01??(?)","	8.9","	2026-07-23 21:07:06"
"	69BA0CDE","	Chamber1","	1","	B01??(%RH)","	85.7","	2026-07-23 21:07:04"
"	69BA0CDE","	Chamber1","	1","	B01??(?)","	8.9","	2026-07-23 21:07:04"
"	69BA0CDE","	Chamber1","	1","	B01??(%RH)","	85.7","	2026-07-23 21:07:02"
"	69BA0CDE","	Chamber1","	1","	B01??(?)","	8.9","	2026-07-23 21:07:02"
"	69BA0CDE","	Chamber1","	1","	B01??(%RH)","	85.7","	2026-07-23 21:07:00"
"	69BA0CDE","	Chamber1","	1","	B01??(?)","	8.9","	2026-07-23 21:07:00"
"	69BA0CDE","	Chamber1","	1","	B01??(%RH)","	85.7","	2026-07-23 21:06:58"
"	69BA0CDE","	Chamber1","	1","	B01??(?)","	8.9","	2026-07-23 21:06:58"
"	69BA0CDE","	Chamber1","	1","	B01??(%RH)","	85.7","	2026-07-23 21:06:56"
"	69BA0CDE","	Chamber1","	1","	B01??(?)","	8.9","	2026-07-23 21:06:56"
"	69BA0CDE","	Chamber1","	1","	B01??(%RH)","	85.7","	2026-07-23 21:06:54"
"	69BA0CDE","	Chamber1","	1","	B01??(?)","	8.9","	2026-07-23 21:06:54"
"	69BA0CDE","	Chamber1","	1","	B01??(%RH)","	85.7","	2026-07-23 21:06:52"
"	69BA0CDE","	Chamber1","	1","	B01??(?)","	8.9","	2026-07-23 21:06:52"
"	69BA0CDE","	Chamber1","	1","	B01??(%RH)","	85.7","	2026-07-23 21:06:50"
"	69BA0CDE","	Chamber1","	1","	B01??(?)","	8.9","	2026-07-23 21:06:50"
"	69BA0CDE","	Chamber1","	1","	B01??(%RH)","	85.7","	2026-07-23 21:06:48"
"	69BA0CDE","	Chamber1","	1","	B01??(?)","	8.9","	2026-07-23 21:06:48"
"	69BA0CDE","	Chamber1","	1","	B01??(%RH)","	85.7","	2026-07-23 21:06:46"
"	69BA0CDE","	Chamber1","	1","	B01??(?)","	8.9","	2026-07-23 21:06:46"
"	69BA0CDE","	Chamber1","	1","	B01??(%RH)","	85.7","	2026-07-23 21:06:44"
"	69BA0CDE","	Chamber1","	1","	B01??(?)","	8.9","	2026-07-23 21:06:44"
"	69BA0CDE","	Chamber1","	1","	B01??(%RH)","	85.7","	2026-07-23 21:06:42"
"	69BA0CDE","	Chamber1","	1","	B01??(?)","	8.9","	2026-07-23 21:06:42"
"	69BA0CDE","	Chamber1","	1","	B01??(%RH)","	85.7","	2026-07-23 21:06:40"
"	69BA0CDE","	Chamber1","	1","	B01??(?)","	8.9","	2026-07-23 21:06:40"
"	69BA0CDE","	Chamber1","	1","	B01??(%RH)","	85.7","	2026-07-23 21:06:38"
"	69BA0CDE","	Chamber1","	1","	B01??(?)","	8.9","	2026-07-23 21:06:38"
"	69BA0CDE","	Chamber1","	1","	B01??(%RH)","	85.7","	2026-07-23 21:06:36"
"	69BA0CDE","	Chamber1","	1","	B01??(?)","	8.9","	2026-07-23 21:06:36"
"	69BA0CDE","	Chamber1","	1","	B01??(%RH)","	85.7","	2026-07-23 21:06:34"
"	69BA0CDE","	Chamber1","	1","	B01??(?)","	8.9","	2026-07-23 21:06:34"
"	69BA0CDE","	Chamber1","	1","	B01??(%RH)","	85.7","	2026-07-23 21:06:31"
"	69BA0CDE","	Chamber1","	1","	B01??(?)","	8.9","	2026-07-23 21:06:31"
"	69BA0CDE","	Chamber1","	1","	B01??(%RH)","	85.7","	2026-07-23 21:06:29"
"	69BA0CDE","	Chamber1","	1","	B01??(?)","	8.9","	2026-07-23 21:06:29"
"	69BA0CDE","	Chamber1","	1","	B01??(%RH)","	85.7","	2026-07-23 21:06:27"
"	69BA0CDE","	Chamber1","	1","	B01??(?)","	8.9","	2026-07-23 21:06:27"
"	69BA0CDE","	Chamber1","	1","	B01??(%RH)","	85.7","	2026-07-23 21:06:25"
"	69BA0CDE","	Chamber1","	1","	B01??(?)","	8.9","	2026-07-23 21:06:25"
"	69BA0CDE","	Chamber1","	1","	B01??(%RH)","	85.7","	2026-07-23 21:06:23"
"	69BA0CDE","	Chamber1","	1","	B01??(?)","	8.9","	2026-07-23 21:06:23"
"	69BA0CDE","	Chamber1","	1","	B01??(%RH)","	85.7","	2026-07-23 21:06:21"
"	69BA0CDE","	Chamber1","	1","	B01??(?)","	8.9","	2026-07-23 21:06:21"
"	69BA0CDE","	Chamber1","	1","	B01??(%RH)","	85.7","	2026-07-23 21:06:19"
"	69BA0CDE","	Chamber1","	1","	B01??(?)","	8.9","	2026-07-23 21:06:19"
"	69BA0CDE","	Chamber1","	1","	B01??(%RH)","	85.7","	2026-07-23 21:06:17"
"	69BA0CDE","	Chamber1","	1","	B01??(?)","	8.9","	2026-07-23 21:06:17"
"	69BA0CDE","	Chamber1","	1","	B01??(%RH)","	85.7","	2026-07-23 21:06:15"
"	69BA0CDE","	Chamber1","	1","	B01??(?)","	8.9","	2026-07-23 21:06:15"
"	69BA0CDE","	Chamber1","	1","	B01??(%RH)","	85.7","	2026-07-23 21:06:13"
"	69BA0CDE","	Chamber1","	1","	B01??(?)","	8.9","	2026-07-23 21:06:13"
"	69BA0CDE","	Chamber1","	1","	B01??(%RH)","	85.7","	2026-07-23 21:06:11"
"	69BA0CDE","	Chamber1","	1","	B01??(?)","	8.9","	2026-07-23 21:06:11"
"	69BA0CDE","	Chamber1","	1","	B01??(%RH)","	85.6","	2026-07-23 21:06:09"
"	69BA0CDE","	Chamber1","	1","	B01??(?)","	8.9","	2026-07-23 21:06:09"
"	69BA0CDE","	Chamber1","	1","	B01??(%RH)","	85.7","	2026-07-23 21:06:07"
"	69BA0CDE","	Chamber1","	1","	B01??(?)","	8.9","	2026-07-23 21:06:07"
"	69BA0CDE","	Chamber1","	1","	B01??(%RH)","	85.7","	2026-07-23 21:06:05"
"	69BA0CDE","	Chamber1","	1","	B01??(?)","	8.9","	2026-07-23 21:06:05"
"	69BA0CDE","	Chamber1","	1","	B01??(%RH)","	85.7","	2026-07-23 21:06:03"
"	69BA0CDE","	Chamber1","	1","	B01??(?)","	8.9","	2026-07-23 21:06:03"
"	69BA0CDE","	Chamber1","	1","	B01??(%RH)","	85.7","	2026-07-23 21:06:01"
"	69BA0CDE","	Chamber1","	1","	B01??(?)","	8.9","	2026-07-23 21:06:01"
"	69BA0CDE","	Chamber1","	1","	B01??(%RH)","	85.7","	2026-07-23 21:05:59"
"	69BA0CDE","	Chamber1","	1","	B01??(?)","	8.9","	2026-07-23 21:05:59"
"	69BA0CDE","	Chamber1","	1","	B01??(%RH)","	85.7","	2026-07-23 21:05:57"
"	69BA0CDE","	Chamber1","	1","	B01??(?)","	8.9","	2026-07-23 21:05:57"
"	69BA0CDE","	Chamber1","	1","	B01??(%RH)","	85.6","	2026-07-23 21:05:55"
"	69BA0CDE","	Chamber1","	1","	B01??(?)","	8.9","	2026-07-23 21:05:55"
"	69BA0CDE","	Chamber1","	1","	B01??(%RH)","	85.7","	2026-07-23 21:05:53"
"	69BA0CDE","	Chamber1","	1","	B01??(?)","	8.9","	2026-07-23 21:05:53"
"	69BA0CDE","	Chamber1","	1","	B01??(%RH)","	85.6","	2026-07-23 21:05:51"
"	69BA0CDE","	Chamber1","	1","	B01??(?)","	8.9","	2026-07-23 21:05:51"
"	69BA0CDE","	Chamber1","	1","	B01??(%RH)","	85.7","	2026-07-23 21:05:48"
"	69BA0CDE","	Chamber1","	1","	B01??(?)","	8.9","	2026-07-23 21:05:48"
"	69BA0CDE","	Chamber1","	1","	B01??(%RH)","	85.6","	2026-07-23 21:05:46"
"	69BA0CDE","	Chamber1","	1","	B01??(?)","	8.8","	2026-07-23 21:05:46"
"	69BA0CDE","	Chamber1","	1","	B01??(%RH)","	85.6","	2026-07-23 21:05:44"
"	69BA0CDE","	Chamber1","	1","	B01??(?)","	8.9","	2026-07-23 21:05:44"
"	69BA0CDE","	Chamber1","	1","	B01??(%RH)","	85.7","	2026-07-23 21:05:42"
"	69BA0CDE","	Chamber1","	1","	B01??(?)","	8.9","	2026-07-23 21:05:42"
"	69BA0CDE","	Chamber1","	1","	B01??(%RH)","	85.6","	2026-07-23 21:05:40"
"	69BA0CDE","	Chamber1","	1","	B01??(?)","	8.9","	2026-07-23 21:05:40"
"	69BA0CDE","	Chamber1","	1","	B01??(%RH)","	85.6","	2026-07-23 21:05:38"
"	69BA0CDE","	Chamber1","	1","	B01??(?)","	8.9","	2026-07-23 21:05:38"
"	69BA0CDE","	Chamber1","	1","	B01??(%RH)","	85.6","	2026-07-23 21:05:36"
"	69BA0CDE","	Chamber1","	1","	B01??(?)","	8.9","	2026-07-23 21:05:36"
"	69BA0CDE","	Chamber1","	1","	B01??(%RH)","	85.7","	2026-07-23 21:05:34"
"	69BA0CDE","	Chamber1","	1","	B01??(?)","	8.9","	2026-07-23 21:05:34"
"	69BA0CDE","	Chamber1","	1","	B01??(%RH)","	85.7","	2026-07-23 21:05:32"
"	69BA0CDE","	Chamber1","	1","	B01??(?)","	8.9","	2026-07-23 21:05:32"
"	69BA0CDE","	Chamber1","	1","	B01??(%RH)","	85.6","	2026-07-23 21:05:30"
"	69BA0CDE","	Chamber1","	1","	B01??(?)","	8.9","	2026-07-23 21:05:30"
"	69BA0CDE","	Chamber1","	1","	B01??(%RH)","	85.7","	2026-07-23 21:05:28"
"	69BA0CDE","	Chamber1","	1","	B01??(?)","	8.9","	2026-07-23 21:05:28"
"	69BA0CDE","	Chamber1","	1","	B01??(%RH)","	85.6","	2026-07-23 21:05:26"
"	69BA0CDE","	Chamber1","	1","	B01??(?)","	8.9","	2026-07-23 21:05:26"
"	69BA0CDE","	Chamber1","	1","	B01??(%RH)","	85.6","	2026-07-23 21:05:24"
"	69BA0CDE","	Chamber1","	1","	B01??(?)","	8.9","	2026-07-23 21:05:24"
"	69BA0CDE","	Chamber1","	1","	B01??(%RH)","	85.6","	2026-07-23 21:05:22"
"	69BA0CDE","	Chamber1","	1","	B01??(?)","	8.9","	2026-07-23 21:05:22"
"	69BA0CDE","	Chamber1","	1","	B01??(%RH)","	85.6","	2026-07-23 21:05:20"
"	69BA0CDE","	Chamber1","	1","	B01??(?)","	8.9","	2026-07-23 21:05:20"
"	69BA0CDE","	Chamber1","	1","	B01??(%RH)","	85.6","	2026-07-23 21:05:18"
"	69BA0CDE","	Chamber1","	1","	B01??(?)","	8.9","	2026-07-23 21:05:18"
"	69BA0CDE","	Chamber1","	1","	B01??(%RH)","	85.6","	2026-07-23 21:05:16"
"	69BA0CDE","	Chamber1","	1","	B01??(?)","	8.9","	2026-07-23 21:05:16"
"	69BA0CDE","	Chamber1","	1","	B01??(%RH)","	85.6","	2026-07-23 21:05:14"
"	69BA0CDE","	Chamber1","	1","	B01??(?)","	8.9","	2026-07-23 21:05:14"
"	69BA0CDE","	Chamber1","	1","	B01??(%RH)","	85.6","	2026-07-23 21:05:12"
"	69BA0CDE","	Chamber1","	1","	B01??(?)","	8.9","	2026-07-23 21:05:12"
"	69BA0CDE","	Chamber1","	1","	B01??(%RH)","	85.6","	2026-07-23 21:05:10"
"	69BA0CDE","	Chamber1","	1","	B01??(?)","	8.9","	2026-07-23 21:05:10"
"	69BA0CDE","	Chamber1","	1","	B01??(%RH)","	85.6","	2026-07-23 21:05:08"
"	69BA0CDE","	Chamber1","	1","	B01??(?)","	8.9","	2026-07-23 21:05:08"
"	69BA0CDE","	Chamber1","	1","	B01??(%RH)","	85.7","	2026-07-23 21:05:06"
"	69BA0CDE","	Chamber1","	1","	B01??(?)","	8.9","	2026-07-23 21:05:06"
"	69BA0CDE","	Chamber1","	1","	B01??(%RH)","	85.6","	2026-07-23 21:05:04"
"	69BA0CDE","	Chamber1","	1","	B01??(?)","	8.9","	2026-07-23 21:05:04"
"	69BA0CDE","	Chamber1","	1","	B01??(%RH)","	85.6","	2026-07-23 21:05:01"
"	69BA0CDE","	Chamber1","	1","	B01??(?)","	8.9","	2026-07-23 21:05:01"
"	69BA0CDE","	Chamber1","	1","	B01??(%RH)","	85.6","	2026-07-23 21:04:59"
"	69BA0CDE","	Chamber1","	1","	B01??(?)","	8.8","	2026-07-23 21:04:59"
"	69BA0CDE","	Chamber1","	1","	B01??(%RH)","	85.6","	2026-07-23 21:04:57"
"	69BA0CDE","	Chamber1","	1","	B01??(?)","	8.8","	2026-07-23 21:04:57"
"	69BA0CDE","	Chamber1","	1","	B01??(%RH)","	85.6","	2026-07-23 21:04:55"
"	69BA0CDE","	Chamber1","	1","	B01??(?)","	8.9","	2026-07-23 21:04:55"
"	69BA0CDE","	Chamber1","	1","	B01??(%RH)","	85.6","	2026-07-23 21:04:53"
"	69BA0CDE","	Chamber1","	1","	B01??(?)","	8.9","	2026-07-23 21:04:53"
"	69BA0CDE","	Chamber1","	1","	B01??(%RH)","	85.6","	2026-07-23 21:04:51"
"	69BA0CDE","	Chamber1","	1","	B01??(?)","	8.9","	2026-07-23 21:04:51"
"	69BA0CDE","	Chamber1","	1","	B01??(%RH)","	85.6","	2026-07-23 21:04:49"
"	69BA0CDE","	Chamber1","	1","	B01??(?)","	8.8","	2026-07-23 21:04:49"
"	69BA0CDE","	Chamber1","	1","	B01??(%RH)","	85.6","	2026-07-23 21:04:47"
"	69BA0CDE","	Chamber1","	1","	B01??(?)","	8.8","	2026-07-23 21:04:47"
"	69BA0CDE","	Chamber1","	1","	B01??(%RH)","	85.6","	2026-07-23 21:04:45"
"	69BA0CDE","	Chamber1","	1","	B01??(?)","	8.9","	2026-07-23 21:04:45"
"	69BA0CDE","	Chamber1","	1","	B01??(?)","	8.8","	2026-07-23 21:04:43"
"	69BA0CDE","	Chamber1","	1","	B01??(%RH)","	85.6","	2026-07-23 21:04:43"
"	69BA0CDE","	Chamber1","	1","	B01??(%RH)","	85.6","	2026-07-23 21:04:41"
"	69BA0CDE","	Chamber1","	1","	B01??(?)","	8.9","	2026-07-23 21:04:41"
"	69BA0CDE","	Chamber1","	1","	B01??(%RH)","	85.6","	2026-07-23 21:04:39"
"	69BA0CDE","	Chamber1","	1","	B01??(?)","	8.8","	2026-07-23 21:04:39"
"	69BA0CDE","	Chamber1","	1","	B01??(%RH)","	85.6","	2026-07-23 21:04:37"
"	69BA0CDE","	Chamber1","	1","	B01??(?)","	8.8","	2026-07-23 21:04:37"
"	69BA0CDE","	Chamber1","	1","	B01??(%RH)","	85.6","	2026-07-23 21:04:35"
"	69BA0CDE","	Chamber1","	1","	B01??(?)","	8.8","	2026-07-23 21:04:35"
"	69BA0CDE","	Chamber1","	1","	B01??(%RH)","	85.6","	2026-07-23 21:04:33"
"	69BA0CDE","	Chamber1","	1","	B01??(?)","	8.9","	2026-07-23 21:04:33"
"	69BA0CDE","	Chamber1","	1","	B01??(%RH)","	85.6","	2026-07-23 21:04:31"
"	69BA0CDE","	Chamber1","	1","	B01??(?)","	8.8","	2026-07-23 21:04:31"
"	69BA0CDE","	Chamber1","	1","	B01??(%RH)","	85.6","	2026-07-23 21:04:29"
"	69BA0CDE","	Chamber1","	1","	B01??(?)","	8.8","	2026-07-23 21:04:29"
"	69BA0CDE","	Chamber1","	1","	B01??(%RH)","	85.6","	2026-07-23 21:04:27"
"	69BA0CDE","	Chamber1","	1","	B01??(?)","	8.8","	2026-07-23 21:04:27"
"	69BA0CDE","	Chamber1","	1","	B01??(%RH)","	85.6","	2026-07-23 21:04:25"
"	69BA0CDE","	Chamber1","	1","	B01??(?)","	8.8","	2026-07-23 21:04:25"
"	69BA0CDE","	Chamber1","	1","	B01??(%RH)","	85.6","	2026-07-23 21:04:23"
"	69BA0CDE","	Chamber1","	1","	B01??(?)","	8.8","	2026-07-23 21:04:23"
"	69BA0CDE","	Chamber1","	1","	B01??(%RH)","	85.6","	2026-07-23 21:04:20"
"	69BA0CDE","	Chamber1","	1","	B01??(?)","	8.8","	2026-07-23 21:04:20"
"	69BA0CDE","	Chamber1","	1","	B01??(%RH)","	85.6","	2026-07-23 21:04:18"
"	69BA0CDE","	Chamber1","	1","	B01??(?)","	8.8","	2026-07-23 21:04:18"
"	69BA0CDE","	Chamber1","	1","	B01??(%RH)","	85.6","	2026-07-23 21:04:16"
"	69BA0CDE","	Chamber1","	1","	B01??(?)","	8.8","	2026-07-23 21:04:16"
"	69BA0CDE","	Chamber1","	1","	B01??(%RH)","	85.6","	2026-07-23 21:04:14"
"	69BA0CDE","	Chamber1","	1","	B01??(?)","	8.8","	2026-07-23 21:04:14"
"	69BA0CDE","	Chamber1","	1","	B01??(%RH)","	85.6","	2026-07-23 21:04:12"
"	69BA0CDE","	Chamber1","	1","	B01??(?)","	8.8","	2026-07-23 21:04:12"
"	69BA0CDE","	Chamber1","	1","	B01??(%RH)","	85.6","	2026-07-23 21:04:10"
"	69BA0CDE","	Chamber1","	1","	B01??(?)","	8.8","	2026-07-23 21:04:10"
"	69BA0CDE","	Chamber1","	1","	B01??(%RH)","	85.6","	2026-07-23 21:04:08"
"	69BA0CDE","	Chamber1","	1","	B01??(?)","	8.8","	2026-07-23 21:04:08"
"	69BA0CDE","	Chamber1","	1","	B01??(%RH)","	85.6","	2026-07-23 21:04:06"
"	69BA0CDE","	Chamber1","	1","	B01??(?)","	8.8","	2026-07-23 21:04:06"
"	69BA0CDE","	Chamber1","	1","	B01??(%RH)","	85.6","	2026-07-23 21:04:04"
"	69BA0CDE","	Chamber1","	1","	B01??(?)","	8.8","	2026-07-23 21:04:04"
"	69BA0CDE","	Chamber1","	1","	B01??(%RH)","	85.6","	2026-07-23 21:04:02"
"	69BA0CDE","	Chamber1","	1","	B01??(?)","	8.8","	2026-07-23 21:04:02"
"	69BA0CDE","	Chamber1","	1","	B01??(%RH)","	85.6","	2026-07-23 21:04:00"
"	69BA0CDE","	Chamber1","	1","	B01??(?)","	8.8","	2026-07-23 21:04:00"
"	69BA0CDE","	Chamber1","	1","	B01??(%RH)","	85.6","	2026-07-23 21:03:58"
"	69BA0CDE","	Chamber1","	1","	B01??(?)","	8.8","	2026-07-23 21:03:58"
"	69BA0CDE","	Chamber1","	1","	B01??(%RH)","	85.6","	2026-07-23 21:03:56"
"	69BA0CDE","	Chamber1","	1","	B01??(?)","	8.8","	2026-07-23 21:03:56"
"	69BA0CDE","	Chamber1","	1","	B01??(%RH)","	85.6","	2026-07-23 21:03:54"
"	69BA0CDE","	Chamber1","	1","	B01??(?)","	8.8","	2026-07-23 21:03:54"
"	69BA0CDE","	Chamber1","	1","	B01??(%RH)","	85.6","	2026-07-23 21:03:52"
"	69BA0CDE","	Chamber1","	1","	B01??(?)","	8.8","	2026-07-23 21:03:52"
"	69BA0CDE","	Chamber1","	1","	B01??(%RH)","	85.6","	2026-07-23 21:03:50"
"	69BA0CDE","	Chamber1","	1","	B01??(?)","	8.8","	2026-07-23 21:03:50"
"	69BA0CDE","	Chamber1","	1","	B01??(%RH)","	85.6","	2026-07-23 21:03:48"
"	69BA0CDE","	Chamber1","	1","	B01??(?)","	8.8","	2026-07-23 21:03:48"
"	69BA0CDE","	Chamber1","	1","	B01??(%RH)","	85.6","	2026-07-23 21:03:46"
"	69BA0CDE","	Chamber1","	1","	B01??(?)","	8.8","	2026-07-23 21:03:46"
"	69BA0CDE","	Chamber1","	1","	B01??(%RH)","	85.6","	2026-07-23 21:03:44"
"	69BA0CDE","	Chamber1","	1","	B01??(?)","	8.8","	2026-07-23 21:03:44"
"	69BA0CDE","	Chamber1","	1","	B01??(%RH)","	85.6","	2026-07-23 21:03:42"
"	69BA0CDE","	Chamber1","	1","	B01??(?)","	8.8","	2026-07-23 21:03:42"
"	69BA0CDE","	Chamber1","	1","	B01??(%RH)","	85.6","	2026-07-23 21:03:40"
"	69BA0CDE","	Chamber1","	1","	B01??(?)","	8.8","	2026-07-23 21:03:40"
"	69BA0CDE","	Chamber1","	1","	B01??(%RH)","	85.6","	2026-07-23 21:03:37"
"	69BA0CDE","	Chamber1","	1","	B01??(?)","	8.8","	2026-07-23 21:03:37"
"	69BA0CDE","	Chamber1","	1","	B01??(%RH)","	85.6","	2026-07-23 21:03:35"
"	69BA0CDE","	Chamber1","	1","	B01??(?)","	8.8","	2026-07-23 21:03:35"
"	69BA0CDE","	Chamber1","	1","	B01??(%RH)","	85.6","	2026-07-23 21:03:33"
"	69BA0CDE","	Chamber1","	1","	B01??(?)","	8.8","	2026-07-23 21:03:33"
"	69BA0CDE","	Chamber1","	1","	B01??(%RH)","	85.6","	2026-07-23 21:03:31"
"	69BA0CDE","	Chamber1","	1","	B01??(?)","	8.8","	2026-07-23 21:03:31"
"	69BA0CDE","	Chamber1","	1","	B01??(%RH)","	85.6","	2026-07-23 21:03:29"
"	69BA0CDE","	Chamber1","	1","	B01??(?)","	8.8","	2026-07-23 21:03:29"
"	69BA0CDE","	Chamber1","	1","	B01??(%RH)","	85.6","	2026-07-23 21:03:27"
"	69BA0CDE","	Chamber1","	1","	B01??(?)","	8.8","	2026-07-23 21:03:27"
"	69BA0CDE","	Chamber1","	1","	B01??(%RH)","	85.6","	2026-07-23 21:03:25"
"	69BA0CDE","	Chamber1","	1","	B01??(?)","	8.8","	2026-07-23 21:03:25"
"	69BA0CDE","	Chamber1","	1","	B01??(%RH)","	85.6","	2026-07-23 21:03:23"
"	69BA0CDE","	Chamber1","	1","	B01??(?)","	8.8","	2026-07-23 21:03:23"
"	69BA0CDE","	Chamber1","	1","	B01??(%RH)","	85.6","	2026-07-23 21:03:21"
"	69BA0CDE","	Chamber1","	1","	B01??(?)","	8.8","	2026-07-23 21:03:21"
"	69BA0CDE","	Chamber1","	1","	B01??(%RH)","	85.6","	2026-07-23 21:03:19"
"	69BA0CDE","	Chamber1","	1","	B01??(?)","	8.8","	2026-07-23 21:03:19"
"	69BA0CDE","	Chamber1","	1","	B01??(%RH)","	85.6","	2026-07-23 21:03:17"
"	69BA0CDE","	Chamber1","	1","	B01??(?)","	8.8","	2026-07-23 21:03:17"
"	69BA0CDE","	Chamber1","	1","	B01??(%RH)","	85.6","	2026-07-23 21:03:15"
"	69BA0CDE","	Chamber1","	1","	B01??(?)","	8.8","	2026-07-23 21:03:15"
"	69BA0CDE","	Chamber1","	1","	B01??(%RH)","	85.6","	2026-07-23 21:03:13"
"	69BA0CDE","	Chamber1","	1","	B01??(?)","	8.8","	2026-07-23 21:03:13"
"	69BA0CDE","	Chamber1","	1","	B01??(%RH)","	85.6","	2026-07-23 21:03:11"
"	69BA0CDE","	Chamber1","	1","	B01??(?)","	8.8","	2026-07-23 21:03:11"
"	69BA0CDE","	Chamber1","	1","	B01??(%RH)","	85.6","	2026-07-23 21:03:09"
"	69BA0CDE","	Chamber1","	1","	B01??(?)","	8.8","	2026-07-23 21:03:09"
"	69BA0CDE","	Chamber1","	1","	B01??(%RH)","	85.6","	2026-07-23 21:03:07"
"	69BA0CDE","	Chamber1","	1","	B01??(?)","	8.8","	2026-07-23 21:03:07"
"	69BA0CDE","	Chamber1","	1","	B01??(%RH)","	85.6","	2026-07-23 21:03:05"
"	69BA0CDE","	Chamber1","	1","	B01??(?)","	8.8","	2026-07-23 21:03:05"
"	69BA0CDE","	Chamber1","	1","	B01??(%RH)","	85.6","	2026-07-23 21:03:03"
"	69BA0CDE","	Chamber1","	1","	B01??(?)","	8.8","	2026-07-23 21:03:03"
"	69BA0CDE","	Chamber1","	1","	B01??(%RH)","	85.6","	2026-07-23 21:03:01"
"	69BA0CDE","	Chamber1","	1","	B01??(?)","	8.8","	2026-07-23 21:03:01"
"	69BA0CDE","	Chamber1","	1","	B01??(%RH)","	85.6","	2026-07-23 21:02:59"
"	69BA0CDE","	Chamber1","	1","	B01??(?)","	8.8","	2026-07-23 21:02:59"
"	69BA0CDE","	Chamber1","	1","	B01??(%RH)","	85.6","	2026-07-23 21:02:57"
"	69BA0CDE","	Chamber1","	1","	B01??(?)","	8.8","	2026-07-23 21:02:57"
"	69BA0CDE","	Chamber1","	1","	B01??(%RH)","	85.6","	2026-07-23 21:02:54"
"	69BA0CDE","	Chamber1","	1","	B01??(?)","	8.8","	2026-07-23 21:02:54"
"	69BA0CDE","	Chamber1","	1","	B01??(%RH)","	85.6","	2026-07-23 21:02:52"
"	69BA0CDE","	Chamber1","	1","	B01??(?)","	8.8","	2026-07-23 21:02:52"
"	69BA0CDE","	Chamber1","	1","	B01??(%RH)","	85.7","	2026-07-23 21:02:50"
"	69BA0CDE","	Chamber1","	1","	B01??(?)","	8.8","	2026-07-23 21:02:50"
"	69BA0CDE","	Chamber1","	1","	B01??(%RH)","	85.6","	2026-07-23 21:02:48"
"	69BA0CDE","	Chamber1","	1","	B01??(?)","	8.8","	2026-07-23 21:02:48"
"	69BA0CDE","	Chamber1","	1","	B01??(%RH)","	85.6","	2026-07-23 21:02:46"
"	69BA0CDE","	Chamber1","	1","	B01??(?)","	8.8","	2026-07-23 21:02:46"
"	69BA0CDE","	Chamber1","	1","	B01??(%RH)","	85.6","	2026-07-23 21:02:44"
"	69BA0CDE","	Chamber1","	1","	B01??(?)","	8.8","	2026-07-23 21:02:44"
"	69BA0CDE","	Chamber1","	1","	B01??(%RH)","	85.6","	2026-07-23 21:02:42"
"	69BA0CDE","	Chamber1","	1","	B01??(?)","	8.8","	2026-07-23 21:02:42"
"	69BA0CDE","	Chamber1","	1","	B01??(%RH)","	85.6","	2026-07-23 21:02:40"
"	69BA0CDE","	Chamber1","	1","	B01??(?)","	8.8","	2026-07-23 21:02:40"
"	69BA0CDE","	Chamber1","	1","	B01??(%RH)","	85.6","	2026-07-23 21:02:38"
"	69BA0CDE","	Chamber1","	1","	B01??(?)","	8.8","	2026-07-23 21:02:38"
"	69BA0CDE","	Chamber1","	1","	B01??(%RH)","	85.6","	2026-07-23 21:02:36"
"	69BA0CDE","	Chamber1","	1","	B01??(?)","	8.8","	2026-07-23 21:02:36"
"	69BA0CDE","	Chamber1","	1","	B01??(%RH)","	85.6","	2026-07-23 21:02:34"
"	69BA0CDE","	Chamber1","	1","	B01??(?)","	8.8","	2026-07-23 21:02:34"
"	69BA0CDE","	Chamber1","	1","	B01??(%RH)","	85.6","	2026-07-23 21:02:32"
"	69BA0CDE","	Chamber1","	1","	B01??(?)","	8.8","	2026-07-23 21:02:32"
"	69BA0CDE","	Chamber1","	1","	B01??(%RH)","	85.6","	2026-07-23 21:02:30"
"	69BA0CDE","	Chamber1","	1","	B01??(?)","	8.8","	2026-07-23 21:02:30"
"	69BA0CDE","	Chamber1","	1","	B01??(%RH)","	85.6","	2026-07-23 21:02:28"
"	69BA0CDE","	Chamber1","	1","	B01??(?)","	8.8","	2026-07-23 21:02:28"
"	69BA0CDE","	Chamber1","	1","	B01??(%RH)","	85.6","	2026-07-23 21:02:26"
"	69BA0CDE","	Chamber1","	1","	B01??(?)","	8.8","	2026-07-23 21:02:26"
"	69BA0CDE","	Chamber1","	1","	B01??(%RH)","	85.6","	2026-07-23 21:02:24"
"	69BA0CDE","	Chamber1","	1","	B01??(?)","	8.8","	2026-07-23 21:02:24"
"	69BA0CDE","	Chamber1","	1","	B01??(%RH)","	85.6","	2026-07-23 21:02:22"
"	69BA0CDE","	Chamber1","	1","	B01??(?)","	8.8","	2026-07-23 21:02:22"
"	69BA0CDE","	Chamber1","	1","	B01??(%RH)","	85.6","	2026-07-23 21:02:20"
"	69BA0CDE","	Chamber1","	1","	B01??(?)","	8.8","	2026-07-23 21:02:20"
"	69BA0CDE","	Chamber1","	1","	B01??(%RH)","	85.7","	2026-07-23 21:02:18"
"	69BA0CDE","	Chamber1","	1","	B01??(?)","	8.8","	2026-07-23 21:02:18"
"	69BA0CDE","	Chamber1","	1","	B01??(%RH)","	85.6","	2026-07-23 21:02:16"
"	69BA0CDE","	Chamber1","	1","	B01??(?)","	8.8","	2026-07-23 21:02:16"
"	69BA0CDE","	Chamber1","	1","	B01??(%RH)","	85.7","	2026-07-23 21:02:14"
"	69BA0CDE","	Chamber1","	1","	B01??(?)","	8.8","	2026-07-23 21:02:14"
"	69BA0CDE","	Chamber1","	1","	B01??(%RH)","	85.6","	2026-07-23 21:02:11"
"	69BA0CDE","	Chamber1","	1","	B01??(?)","	8.8","	2026-07-23 21:02:11"
"	69BA0CDE","	Chamber1","	1","	B01??(%RH)","	85.6","	2026-07-23 21:02:09"
"	69BA0CDE","	Chamber1","	1","	B01??(?)","	8.8","	2026-07-23 21:02:09"
"	69BA0CDE","	Chamber1","	1","	B01??(%RH)","	85.6","	2026-07-23 21:02:07"
"	69BA0CDE","	Chamber1","	1","	B01??(?)","	8.8","	2026-07-23 21:02:07"
"	69BA0CDE","	Chamber1","	1","	B01??(%RH)","	85.6","	2026-07-23 21:02:05"
"	69BA0CDE","	Chamber1","	1","	B01??(?)","	8.8","	2026-07-23 21:02:05"
"	69BA0CDE","	Chamber1","	1","	B01??(%RH)","	85.6","	2026-07-23 21:02:03"
"	69BA0CDE","	Chamber1","	1","	B01??(?)","	8.8","	2026-07-23 21:02:03"
"	69BA0CDE","	Chamber1","	1","	B01??(%RH)","	85.6","	2026-07-23 21:02:01"
"	69BA0CDE","	Chamber1","	1","	B01??(?)","	8.8","	2026-07-23 21:02:01"
"	69BA0CDE","	Chamber1","	1","	B01??(%RH)","	85.6","	2026-07-23 21:01:59"
"	69BA0CDE","	Chamber1","	1","	B01??(?)","	8.8","	2026-07-23 21:01:59"
"	69BA0CDE","	Chamber1","	1","	B01??(%RH)","	85.6","	2026-07-23 21:01:57"
"	69BA0CDE","	Chamber1","	1","	B01??(?)","	8.8","	2026-07-23 21:01:57"
"	69BA0CDE","	Chamber1","	1","	B01??(%RH)","	85.6","	2026-07-23 21:01:55"
"	69BA0CDE","	Chamber1","	1","	B01??(?)","	8.8","	2026-07-23 21:01:55"
"	69BA0CDE","	Chamber1","	1","	B01??(%RH)","	85.6","	2026-07-23 21:01:53"
"	69BA0CDE","	Chamber1","	1","	B01??(?)","	8.8","	2026-07-23 21:01:53"
"	69BA0CDE","	Chamber1","	1","	B01??(%RH)","	85.6","	2026-07-23 21:01:51"
"	69BA0CDE","	Chamber1","	1","	B01??(?)","	8.8","	2026-07-23 21:01:51"
"	69BA0CDE","	Chamber1","	1","	B01??(%RH)","	85.6","	2026-07-23 21:01:49"
"	69BA0CDE","	Chamber1","	1","	B01??(?)","	8.8","	2026-07-23 21:01:49"
"	69BA0CDE","	Chamber1","	1","	B01??(%RH)","	85.7","	2026-07-23 21:01:47"
"	69BA0CDE","	Chamber1","	1","	B01??(?)","	8.8","	2026-07-23 21:01:47"
"	69BA0CDE","	Chamber1","	1","	B01??(%RH)","	85.6","	2026-07-23 21:01:45"
"	69BA0CDE","	Chamber1","	1","	B01??(?)","	8.8","	2026-07-23 21:01:45"
"	69BA0CDE","	Chamber1","	1","	B01??(%RH)","	85.7","	2026-07-23 21:01:43"
"	69BA0CDE","	Chamber1","	1","	B01??(?)","	8.8","	2026-07-23 21:01:43"
"	69BA0CDE","	Chamber1","	1","	B01??(%RH)","	85.6","	2026-07-23 21:01:41"
"	69BA0CDE","	Chamber1","	1","	B01??(?)","	8.8","	2026-07-23 21:01:41"
"	69BA0CDE","	Chamber1","	1","	B01??(%RH)","	85.7","	2026-07-23 21:01:39"
"	69BA0CDE","	Chamber1","	1","	B01??(?)","	8.8","	2026-07-23 21:01:39"
"	69BA0CDE","	Chamber1","	1","	B01??(%RH)","	85.6","	2026-07-23 21:01:37"
"	69BA0CDE","	Chamber1","	1","	B01??(?)","	8.8","	2026-07-23 21:01:37"
"	69BA0CDE","	Chamber1","	1","	B01??(%RH)","	85.7","	2026-07-23 21:01:35"
"	69BA0CDE","	Chamber1","	1","	B01??(?)","	8.8","	2026-07-23 21:01:35"
"	69BA0CDE","	Chamber1","	1","	B01??(%RH)","	85.7","	2026-07-23 21:01:33"
"	69BA0CDE","	Chamber1","	1","	B01??(?)","	8.8","	2026-07-23 21:01:33"
"	69BA0CDE","	Chamber1","	1","	B01??(%RH)","	85.6","	2026-07-23 21:01:30"
"	69BA0CDE","	Chamber1","	1","	B01??(?)","	8.8","	2026-07-23 21:01:30"
"	69BA0CDE","	Chamber1","	1","	B01??(%RH)","	85.6","	2026-07-23 21:01:28"
"	69BA0CDE","	Chamber1","	1","	B01??(?)","	8.8","	2026-07-23 21:01:28"
"	69BA0CDE","	Chamber1","	1","	B01??(%RH)","	85.7","	2026-07-23 21:01:26"
"	69BA0CDE","	Chamber1","	1","	B01??(?)","	8.8","	2026-07-23 21:01:26"
"	69BA0CDE","	Chamber1","	1","	B01??(%RH)","	85.6","	2026-07-23 21:01:24"
"	69BA0CDE","	Chamber1","	1","	B01??(?)","	8.7","	2026-07-23 21:01:24"
"	69BA0CDE","	Chamber1","	1","	B01??(%RH)","	85.7","	2026-07-23 21:01:22"
"	69BA0CDE","	Chamber1","	1","	B01??(?)","	8.8","	2026-07-23 21:01:22"
"	69BA0CDE","	Chamber1","	1","	B01??(%RH)","	85.7","	2026-07-23 21:01:20"
"	69BA0CDE","	Chamber1","	1","	B01??(?)","	8.8","	2026-07-23 21:01:20"
"	69BA0CDE","	Chamber1","	1","	B01??(%RH)","	85.6","	2026-07-23 21:01:18"
"	69BA0CDE","	Chamber1","	1","	B01??(?)","	8.8","	2026-07-23 21:01:18"
"	69BA0CDE","	Chamber1","	1","	B01??(%RH)","	85.7","	2026-07-23 21:01:16"
"	69BA0CDE","	Chamber1","	1","	B01??(?)","	8.7","	2026-07-23 21:01:16"
"	69BA0CDE","	Chamber1","	1","	B01??(%RH)","	85.6","	2026-07-23 21:01:14"
"	69BA0CDE","	Chamber1","	1","	B01??(?)","	8.8","	2026-07-23 21:01:14"
"	69BA0CDE","	Chamber1","	1","	B01??(%RH)","	85.6","	2026-07-23 21:01:12"
"	69BA0CDE","	Chamber1","	1","	B01??(?)","	8.8","	2026-07-23 21:01:12"
"	69BA0CDE","	Chamber1","	1","	B01??(%RH)","	85.7","	2026-07-23 21:01:10"
"	69BA0CDE","	Chamber1","	1","	B01??(?)","	8.8","	2026-07-23 21:01:10"
"	69BA0CDE","	Chamber1","	1","	B01??(%RH)","	85.7","	2026-07-23 21:01:08"
"	69BA0CDE","	Chamber1","	1","	B01??(?)","	8.7","	2026-07-23 21:01:08"
"	69BA0CDE","	Chamber1","	1","	B01??(%RH)","	85.6","	2026-07-23 21:01:06"
"	69BA0CDE","	Chamber1","	1","	B01??(?)","	8.8","	2026-07-23 21:01:06"
"	69BA0CDE","	Chamber1","	1","	B01??(%RH)","	85.7","	2026-07-23 21:01:04"
"	69BA0CDE","	Chamber1","	1","	B01??(?)","	8.8","	2026-07-23 21:01:04"
"	69BA0CDE","	Chamber1","	1","	B01??(%RH)","	85.7","	2026-07-23 21:01:02"
"	69BA0CDE","	Chamber1","	1","	B01??(?)","	8.8","	2026-07-23 21:01:02"
"	69BA0CDE","	Chamber1","	1","	B01??(%RH)","	85.7","	2026-07-23 21:01:00"
"	69BA0CDE","	Chamber1","	1","	B01??(?)","	8.7","	2026-07-23 21:01:00"
"	69BA0CDE","	Chamber1","	1","	B01??(%RH)","	85.7","	2026-07-23 21:00:58"
"	69BA0CDE","	Chamber1","	1","	B01??(?)","	8.8","	2026-07-23 21:00:58"
"	69BA0CDE","	Chamber1","	1","	B01??(%RH)","	85.7","	2026-07-23 21:00:56"
"	69BA0CDE","	Chamber1","	1","	B01??(?)","	8.8","	2026-07-23 21:00:56"
"	69BA0CDE","	Chamber1","	1","	B01??(%RH)","	85.7","	2026-07-23 21:00:54"
"	69BA0CDE","	Chamber1","	1","	B01??(?)","	8.7","	2026-07-23 21:00:54"
"	69BA0CDE","	Chamber1","	1","	B01??(%RH)","	85.7","	2026-07-23 21:00:52"
"	69BA0CDE","	Chamber1","	1","	B01??(?)","	8.7","	2026-07-23 21:00:52"
"	69BA0CDE","	Chamber1","	1","	B01??(%RH)","	85.7","	2026-07-23 21:00:50"
"	69BA0CDE","	Chamber1","	1","	B01??(?)","	8.7","	2026-07-23 21:00:50"
"	69BA0CDE","	Chamber1","	1","	B01??(%RH)","	85.7","	2026-07-23 21:00:48"
"	69BA0CDE","	Chamber1","	1","	B01??(?)","	8.7","	2026-07-23 21:00:48"
"	69BA0CDE","	Chamber1","	1","	B01??(%RH)","	85.7","	2026-07-23 21:00:45"
"	69BA0CDE","	Chamber1","	1","	B01??(?)","	8.7","	2026-07-23 21:00:45"
"	69BA0CDE","	Chamber1","	1","	B01??(%RH)","	85.6","	2026-07-23 21:00:43"
"	69BA0CDE","	Chamber1","	1","	B01??(?)","	8.8","	2026-07-23 21:00:43"
"	69BA0CDE","	Chamber1","	1","	B01??(%RH)","	85.7","	2026-07-23 21:00:41"
"	69BA0CDE","	Chamber1","	1","	B01??(?)","	8.7","	2026-07-23 21:00:41"
"	69BA0CDE","	Chamber1","	1","	B01??(%RH)","	85.7","	2026-07-23 21:00:39"
"	69BA0CDE","	Chamber1","	1","	B01??(?)","	8.7","	2026-07-23 21:00:39"
"	69BA0CDE","	Chamber1","	1","	B01??(%RH)","	85.6","	2026-07-23 21:00:37"
"	69BA0CDE","	Chamber1","	1","	B01??(?)","	8.7","	2026-07-23 21:00:37"
"	69BA0CDE","	Chamber1","	1","	B01??(%RH)","	85.7","	2026-07-23 21:00:35"
"	69BA0CDE","	Chamber1","	1","	B01??(?)","	8.8","	2026-07-23 21:00:35"
"	69BA0CDE","	Chamber1","	1","	B01??(%RH)","	85.7","	2026-07-23 21:00:33"
"	69BA0CDE","	Chamber1","	1","	B01??(?)","	8.7","	2026-07-23 21:00:33"
"	69BA0CDE","	Chamber1","	1","	B01??(%RH)","	85.7","	2026-07-23 21:00:31"
"	69BA0CDE","	Chamber1","	1","	B01??(?)","	8.7","	2026-07-23 21:00:31"
"	69BA0CDE","	Chamber1","	1","	B01??(%RH)","	85.7","	2026-07-23 21:00:29"
"	69BA0CDE","	Chamber1","	1","	B01??(?)","	8.7","	2026-07-23 21:00:29"
"	69BA0CDE","	Chamber1","	1","	B01??(%RH)","	85.7","	2026-07-23 21:00:27"
"	69BA0CDE","	Chamber1","	1","	B01??(?)","	8.7","	2026-07-23 21:00:27"
"	69BA0CDE","	Chamber1","	1","	B01??(%RH)","	85.7","	2026-07-23 21:00:25"
"	69BA0CDE","	Chamber1","	1","	B01??(?)","	8.7","	2026-07-23 21:00:25"
"	69BA0CDE","	Chamber1","	1","	B01??(%RH)","	85.7","	2026-07-23 21:00:23"
"	69BA0CDE","	Chamber1","	1","	B01??(?)","	8.7","	2026-07-23 21:00:23"
"	69BA0CDE","	Chamber1","	1","	B01??(%RH)","	85.7","	2026-07-23 21:00:21"
"	69BA0CDE","	Chamber1","	1","	B01??(?)","	8.8","	2026-07-23 21:00:21"
"	69BA0CDE","	Chamber1","	1","	B01??(%RH)","	85.7","	2026-07-23 21:00:19"
"	69BA0CDE","	Chamber1","	1","	B01??(?)","	8.7","	2026-07-23 21:00:19"
"	69BA0CDE","	Chamber1","	1","	B01??(%RH)","	85.7","	2026-07-23 21:00:17"
"	69BA0CDE","	Chamber1","	1","	B01??(?)","	8.7","	2026-07-23 21:00:17"
"	69BA0CDE","	Chamber1","	1","	B01??(%RH)","	85.7","	2026-07-23 21:00:15"
"	69BA0CDE","	Chamber1","	1","	B01??(?)","	8.7","	2026-07-23 21:00:15"
"	69BA0CDE","	Chamber1","	1","	B01??(%RH)","	85.7","	2026-07-23 21:00:13"
"	69BA0CDE","	Chamber1","	1","	B01??(?)","	8.7","	2026-07-23 21:00:13"
"	69BA0CDE","	Chamber1","	1","	B01??(%RH)","	85.7","	2026-07-23 21:00:11"
"	69BA0CDE","	Chamber1","	1","	B01??(?)","	8.7","	2026-07-23 21:00:11"
"	69BA0CDE","	Chamber1","	1","	B01??(%RH)","	85.7","	2026-07-23 21:00:09"
"	69BA0CDE","	Chamber1","	1","	B01??(?)","	8.7","	2026-07-23 21:00:09"
"	69BA0CDE","	Chamber1","	1","	B01??(%RH)","	85.7","	2026-07-23 21:00:07"
"	69BA0CDE","	Chamber1","	1","	B01??(?)","	8.7","	2026-07-23 21:00:07"
"	69BA0CDE","	Chamber1","	1","	B01??(%RH)","	85.7","	2026-07-23 21:00:05"
"	69BA0CDE","	Chamber1","	1","	B01??(?)","	8.7","	2026-07-23 21:00:05"
"	69BA0CDE","	Chamber1","	1","	B01??(%RH)","	85.7","	2026-07-23 21:00:03"
"	69BA0CDE","	Chamber1","	1","	B01??(?)","	8.7","	2026-07-23 21:00:03"
"	69BA0CDE","	Chamber1","	1","	B01??(%RH)","	85.7","	2026-07-23 21:00:00"
"	69BA0CDE","	Chamber1","	1","	B01??(?)","	8.7","	2026-07-23 21:00:00"
"	69BA0CDE","	Chamber1","	1","	B01??(%RH)","	85.7","	2026-07-23 20:59:58"
"	69BA0CDE","	Chamber1","	1","	B01??(?)","	8.7","	2026-07-23 20:59:58"
"	69BA0CDE","	Chamber1","	1","	B01??(%RH)","	85.7","	2026-07-23 20:59:56"
"	69BA0CDE","	Chamber1","	1","	B01??(?)","	8.7","	2026-07-23 20:59:56"
"	69BA0CDE","	Chamber1","	1","	B01??(%RH)","	85.7","	2026-07-23 20:59:54"
"	69BA0CDE","	Chamber1","	1","	B01??(?)","	8.7","	2026-07-23 20:59:54"
"	69BA0CDE","	Chamber1","	1","	B01??(%RH)","	85.7","	2026-07-23 20:59:52"
"	69BA0CDE","	Chamber1","	1","	B01??(?)","	8.7","	2026-07-23 20:59:52"
"	69BA0CDE","	Chamber1","	1","	B01??(%RH)","	85.7","	2026-07-23 20:59:50"
"	69BA0CDE","	Chamber1","	1","	B01??(?)","	8.7","	2026-07-23 20:59:50"
"	69BA0CDE","	Chamber1","	1","	B01??(%RH)","	85.7","	2026-07-23 20:59:48"
"	69BA0CDE","	Chamber1","	1","	B01??(?)","	8.7","	2026-07-23 20:59:48"
"	69BA0CDE","	Chamber1","	1","	B01??(%RH)","	85.7","	2026-07-23 20:59:46"
"	69BA0CDE","	Chamber1","	1","	B01??(?)","	8.7","	2026-07-23 20:59:46"
"	69BA0CDE","	Chamber1","	1","	B01??(%RH)","	85.7","	2026-07-23 20:59:44"
"	69BA0CDE","	Chamber1","	1","	B01??(?)","	8.7","	2026-07-23 20:59:44"
"	69BA0CDE","	Chamber1","	1","	B01??(%RH)","	85.7","	2026-07-23 20:59:42"
"	69BA0CDE","	Chamber1","	1","	B01??(?)","	8.7","	2026-07-23 20:59:42"
"	69BA0CDE","	Chamber1","	1","	B01??(%RH)","	85.7","	2026-07-23 20:59:40"
"	69BA0CDE","	Chamber1","	1","	B01??(?)","	8.7","	2026-07-23 20:59:40"
"	69BA0CDE","	Chamber1","	1","	B01??(%RH)","	85.7","	2026-07-23 20:59:38"
"	69BA0CDE","	Chamber1","	1","	B01??(?)","	8.7","	2026-07-23 20:59:38"
"	69BA0CDE","	Chamber1","	1","	B01??(%RH)","	85.7","	2026-07-23 20:59:36"
"	69BA0CDE","	Chamber1","	1","	B01??(?)","	8.7","	2026-07-23 20:59:36"
"	69BA0CDE","	Chamber1","	1","	B01??(%RH)","	85.7","	2026-07-23 20:59:34"
"	69BA0CDE","	Chamber1","	1","	B01??(?)","	8.7","	2026-07-23 20:59:34"
"	69BA0CDE","	Chamber1","	1","	B01??(%RH)","	85.7","	2026-07-23 20:59:32"
"	69BA0CDE","	Chamber1","	1","	B01??(?)","	8.7","	2026-07-23 20:59:32"
"	69BA0CDE","	Chamber1","	1","	B01??(%RH)","	85.7","	2026-07-23 20:59:30"
"	69BA0CDE","	Chamber1","	1","	B01??(?)","	8.7","	2026-07-23 20:59:30"
"	69BA0CDE","	Chamber1","	1","	B01??(%RH)","	85.7","	2026-07-23 20:59:28"
"	69BA0CDE","	Chamber1","	1","	B01??(?)","	8.7","	2026-07-23 20:59:28"
"	69BA0CDE","	Chamber1","	1","	B01??(%RH)","	85.7","	2026-07-23 20:59:26"
"	69BA0CDE","	Chamber1","	1","	B01??(?)","	8.7","	2026-07-23 20:59:26"
"	69BA0CDE","	Chamber1","	1","	B01??(%RH)","	85.7","	2026-07-23 20:59:24"
"	69BA0CDE","	Chamber1","	1","	B01??(?)","	8.7","	2026-07-23 20:59:24"
"	69BA0CDE","	Chamber1","	1","	B01??(%RH)","	85.7","	2026-07-23 20:59:22"
"	69BA0CDE","	Chamber1","	1","	B01??(?)","	8.7","	2026-07-23 20:59:22"
"	69BA0CDE","	Chamber1","	1","	B01??(%RH)","	85.7","	2026-07-23 20:59:20"
"	69BA0CDE","	Chamber1","	1","	B01??(?)","	8.7","	2026-07-23 20:59:20"
"	69BA0CDE","	Chamber1","	1","	B01??(%RH)","	85.7","	2026-07-23 20:59:18"
"	69BA0CDE","	Chamber1","	1","	B01??(?)","	8.7","	2026-07-23 20:59:18"
"	69BA0CDE","	Chamber1","	1","	B01??(%RH)","	85.6","	2026-07-23 20:59:15"
"	69BA0CDE","	Chamber1","	1","	B01??(?)","	8.7","	2026-07-23 20:59:15"
"	69BA0CDE","	Chamber1","	1","	B01??(%RH)","	85.7","	2026-07-23 20:59:13"
"	69BA0CDE","	Chamber1","	1","	B01??(?)","	8.7","	2026-07-23 20:59:13"
"	69BA0CDE","	Chamber1","	1","	B01??(%RH)","	85.7","	2026-07-23 20:59:11"
"	69BA0CDE","	Chamber1","	1","	B01??(?)","	8.7","	2026-07-23 20:59:11"
"	69BA0CDE","	Chamber1","	1","	B01??(%RH)","	85.7","	2026-07-23 20:59:09"
"	69BA0CDE","	Chamber1","	1","	B01??(?)","	8.7","	2026-07-23 20:59:09"
"	69BA0CDE","	Chamber1","	1","	B01??(%RH)","	85.7","	2026-07-23 20:59:07"
"	69BA0CDE","	Chamber1","	1","	B01??(?)","	8.7","	2026-07-23 20:59:07"
"	69BA0CDE","	Chamber1","	1","	B01??(%RH)","	85.7","	2026-07-23 20:59:05"
"	69BA0CDE","	Chamber1","	1","	B01??(?)","	8.7","	2026-07-23 20:59:05"
"	69BA0CDE","	Chamber1","	1","	B01??(%RH)","	85.7","	2026-07-23 20:59:03"
"	69BA0CDE","	Chamber1","	1","	B01??(?)","	8.7","	2026-07-23 20:59:03"
"	69BA0CDE","	Chamber1","	1","	B01??(%RH)","	85.7","	2026-07-23 20:59:01"
"	69BA0CDE","	Chamber1","	1","	B01??(?)","	8.7","	2026-07-23 20:59:01"
"	69BA0CDE","	Chamber1","	1","	B01??(%RH)","	85.7","	2026-07-23 20:58:59"
"	69BA0CDE","	Chamber1","	1","	B01??(?)","	8.7","	2026-07-23 20:58:59"
"	69BA0CDE","	Chamber1","	1","	B01??(%RH)","	85.6","	2026-07-23 20:58:57"
"	69BA0CDE","	Chamber1","	1","	B01??(?)","	8.7","	2026-07-23 20:58:57"
"	69BA0CDE","	Chamber1","	1","	B01??(%RH)","	85.7","	2026-07-23 20:58:55"
"	69BA0CDE","	Chamber1","	1","	B01??(?)","	8.7","	2026-07-23 20:58:55"
"	69BA0CDE","	Chamber1","	1","	B01??(%RH)","	85.7","	2026-07-23 20:58:53"
"	69BA0CDE","	Chamber1","	1","	B01??(?)","	8.7","	2026-07-23 20:58:53"
"	69BA0CDE","	Chamber1","	1","	B01??(%RH)","	85.7","	2026-07-23 20:58:51"
"	69BA0CDE","	Chamber1","	1","	B01??(?)","	8.7","	2026-07-23 20:58:51"
"	69BA0CDE","	Chamber1","	1","	B01??(%RH)","	85.7","	2026-07-23 20:58:49"
"	69BA0CDE","	Chamber1","	1","	B01??(?)","	8.7","	2026-07-23 20:58:49"
"	69BA0CDE","	Chamber1","	1","	B01??(%RH)","	85.7","	2026-07-23 20:58:47"
"	69BA0CDE","	Chamber1","	1","	B01??(?)","	8.7","	2026-07-23 20:58:47"
"	69BA0CDE","	Chamber1","	1","	B01??(%RH)","	85.7","	2026-07-23 20:58:45"
"	69BA0CDE","	Chamber1","	1","	B01??(?)","	8.7","	2026-07-23 20:58:45"
"	69BA0CDE","	Chamber1","	1","	B01??(%RH)","	85.7","	2026-07-23 20:58:43"
"	69BA0CDE","	Chamber1","	1","	B01??(?)","	8.7","	2026-07-23 20:58:43"
"	69BA0CDE","	Chamber1","	1","	B01??(%RH)","	85.6","	2026-07-23 20:58:41"
"	69BA0CDE","	Chamber1","	1","	B01??(?)","	8.7","	2026-07-23 20:58:41"
"	69BA0CDE","	Chamber1","	1","	B01??(%RH)","	85.6","	2026-07-23 20:58:39"
"	69BA0CDE","	Chamber1","	1","	B01??(?)","	8.7","	2026-07-23 20:58:39"
"	69BA0CDE","	Chamber1","	1","	B01??(%RH)","	85.7","	2026-07-23 20:58:37"
"	69BA0CDE","	Chamber1","	1","	B01??(?)","	8.7","	2026-07-23 20:58:37"
"	69BA0CDE","	Chamber1","	1","	B01??(%RH)","	85.6","	2026-07-23 20:58:34"
"	69BA0CDE","	Chamber1","	1","	B01??(?)","	8.7","	2026-07-23 20:58:34"
"	69BA0CDE","	Chamber1","	1","	B01??(%RH)","	85.6","	2026-07-23 20:58:32"
"	69BA0CDE","	Chamber1","	1","	B01??(?)","	8.7","	2026-07-23 20:58:32"
"	69BA0CDE","	Chamber1","	1","	B01??(%RH)","	85.7","	2026-07-23 20:58:30"
"	69BA0CDE","	Chamber1","	1","	B01??(?)","	8.7","	2026-07-23 20:58:30"
"	69BA0CDE","	Chamber1","	1","	B01??(%RH)","	85.7","	2026-07-23 20:58:28"
"	69BA0CDE","	Chamber1","	1","	B01??(?)","	8.7","	2026-07-23 20:58:28"
"	69BA0CDE","	Chamber1","	1","	B01??(%RH)","	85.6","	2026-07-23 20:58:26"
"	69BA0CDE","	Chamber1","	1","	B01??(?)","	8.7","	2026-07-23 20:58:26"
"	69BA0CDE","	Chamber1","	1","	B01??(%RH)","	85.7","	2026-07-23 20:58:24"
"	69BA0CDE","	Chamber1","	1","	B01??(?)","	8.7","	2026-07-23 20:58:24"
"	69BA0CDE","	Chamber1","	1","	B01??(%RH)","	85.7","	2026-07-23 20:58:22"
"	69BA0CDE","	Chamber1","	1","	B01??(?)","	8.7","	2026-07-23 20:58:22"
"	69BA0CDE","	Chamber1","	1","	B01??(%RH)","	85.7","	2026-07-23 20:58:20"
"	69BA0CDE","	Chamber1","	1","	B01??(?)","	8.7","	2026-07-23 20:58:20"
"	69BA0CDE","	Chamber1","	1","	B01??(%RH)","	85.7","	2026-07-23 20:58:18"
"	69BA0CDE","	Chamber1","	1","	B01??(?)","	8.7","	2026-07-23 20:58:18"
"	69BA0CDE","	Chamber1","	1","	B01??(%RH)","	85.7","	2026-07-23 20:58:16"
"	69BA0CDE","	Chamber1","	1","	B01??(?)","	8.7","	2026-07-23 20:58:16"
"	69BA0CDE","	Chamber1","	1","	B01??(%RH)","	85.6","	2026-07-23 20:58:14"
"	69BA0CDE","	Chamber1","	1","	B01??(?)","	8.7","	2026-07-23 20:58:14"
"	69BA0CDE","	Chamber1","	1","	B01??(%RH)","	85.7","	2026-07-23 20:58:12"
"	69BA0CDE","	Chamber1","	1","	B01??(?)","	8.7","	2026-07-23 20:58:12"
"	69BA0CDE","	Chamber1","	1","	B01??(%RH)","	85.6","	2026-07-23 20:58:10"
"	69BA0CDE","	Chamber1","	1","	B01??(?)","	8.7","	2026-07-23 20:58:10"
"	69BA0CDE","	Chamber1","	1","	B01??(%RH)","	85.7","	2026-07-23 20:58:08"
"	69BA0CDE","	Chamber1","	1","	B01??(?)","	8.7","	2026-07-23 20:58:08"
"	69BA0CDE","	Chamber1","	1","	B01??(%RH)","	85.7","	2026-07-23 20:58:06"
"	69BA0CDE","	Chamber1","	1","	B01??(?)","	8.7","	2026-07-23 20:58:06"
"	69BA0CDE","	Chamber1","	1","	B01??(%RH)","	85.6","	2026-07-23 20:58:04"
"	69BA0CDE","	Chamber1","	1","	B01??(?)","	8.7","	2026-07-23 20:58:04"
"	69BA0CDE","	Chamber1","	1","	B01??(%RH)","	85.6","	2026-07-23 20:58:02"
"	69BA0CDE","	Chamber1","	1","	B01??(?)","	8.7","	2026-07-23 20:58:02"
"	69BA0CDE","	Chamber1","	1","	B01??(%RH)","	85.6","	2026-07-23 20:58:00"
"	69BA0CDE","	Chamber1","	1","	B01??(?)","	8.7","	2026-07-23 20:58:00"
"	69BA0CDE","	Chamber1","	1","	B01??(%RH)","	85.6","	2026-07-23 20:57:58"
"	69BA0CDE","	Chamber1","	1","	B01??(?)","	8.7","	2026-07-23 20:57:58"
"	69BA0CDE","	Chamber1","	1","	B01??(%RH)","	85.7","	2026-07-23 20:57:56"
"	69BA0CDE","	Chamber1","	1","	B01??(?)","	8.7","	2026-07-23 20:57:56"
"	69BA0CDE","	Chamber1","	1","	B01??(%RH)","	85.6","	2026-07-23 20:57:54"
"	69BA0CDE","	Chamber1","	1","	B01??(?)","	8.7","	2026-07-23 20:57:54"
"	69BA0CDE","	Chamber1","	1","	B01??(%RH)","	85.6","	2026-07-23 20:57:51"
"	69BA0CDE","	Chamber1","	1","	B01??(?)","	8.7","	2026-07-23 20:57:51"
"	69BA0CDE","	Chamber1","	1","	B01??(%RH)","	85.6","	2026-07-23 20:57:49"
"	69BA0CDE","	Chamber1","	1","	B01??(?)","	8.7","	2026-07-23 20:57:49"
"	69BA0CDE","	Chamber1","	1","	B01??(%RH)","	85.6","	2026-07-23 20:57:47"
"	69BA0CDE","	Chamber1","	1","	B01??(?)","	8.7","	2026-07-23 20:57:47"
"	69BA0CDE","	Chamber1","	1","	B01??(%RH)","	85.6","	2026-07-23 20:57:45"
"	69BA0CDE","	Chamber1","	1","	B01??(?)","	8.7","	2026-07-23 20:57:45"
"	69BA0CDE","	Chamber1","	1","	B01??(%RH)","	85.6","	2026-07-23 20:57:43"
"	69BA0CDE","	Chamber1","	1","	B01??(?)","	8.7","	2026-07-23 20:57:43"
"	69BA0CDE","	Chamber1","	1","	B01??(%RH)","	85.6","	2026-07-23 20:57:41"
"	69BA0CDE","	Chamber1","	1","	B01??(?)","	8.6","	2026-07-23 20:57:41"
"	69BA0CDE","	Chamber1","	1","	B01??(%RH)","	85.6","	2026-07-23 20:57:39"
"	69BA0CDE","	Chamber1","	1","	B01??(?)","	8.7","	2026-07-23 20:57:39"
"	69BA0CDE","	Chamber1","	1","	B01??(%RH)","	85.6","	2026-07-23 20:57:37"
"	69BA0CDE","	Chamber1","	1","	B01??(?)","	8.6","	2026-07-23 20:57:37"
"	69BA0CDE","	Chamber1","	1","	B01??(%RH)","	85.6","	2026-07-23 20:57:35"
"	69BA0CDE","	Chamber1","	1","	B01??(?)","	8.7","	2026-07-23 20:57:35"
"	69BA0CDE","	Chamber1","	1","	B01??(%RH)","	85.6","	2026-07-23 20:57:33"
"	69BA0CDE","	Chamber1","	1","	B01??(?)","	8.6","	2026-07-23 20:57:33"
"	69BA0CDE","	Chamber1","	1","	B01??(%RH)","	85.6","	2026-07-23 20:57:31"
"	69BA0CDE","	Chamber1","	1","	B01??(?)","	8.7","	2026-07-23 20:57:31"
"	69BA0CDE","	Chamber1","	1","	B01??(%RH)","	85.6","	2026-07-23 20:57:29"
"	69BA0CDE","	Chamber1","	1","	B01??(?)","	8.7","	2026-07-23 20:57:29"
"	69BA0CDE","	Chamber1","	1","	B01??(%RH)","	85.6","	2026-07-23 20:57:27"
"	69BA0CDE","	Chamber1","	1","	B01??(?)","	8.7","	2026-07-23 20:57:27"
"	69BA0CDE","	Chamber1","	1","	B01??(%RH)","	85.6","	2026-07-23 20:57:25"
"	69BA0CDE","	Chamber1","	1","	B01??(?)","	8.7","	2026-07-23 20:57:25"
"	69BA0CDE","	Chamber1","	1","	B01??(%RH)","	85.6","	2026-07-23 20:57:23"
"	69BA0CDE","	Chamber1","	1","	B01??(?)","	8.7","	2026-07-23 20:57:23"
"	69BA0CDE","	Chamber1","	1","	B01??(%RH)","	85.6","	2026-07-23 20:57:21"
"	69BA0CDE","	Chamber1","	1","	B01??(?)","	8.7","	2026-07-23 20:57:21"
"	69BA0CDE","	Chamber1","	1","	B01??(%RH)","	85.6","	2026-07-23 20:57:19"
"	69BA0CDE","	Chamber1","	1","	B01??(?)","	8.6","	2026-07-23 20:57:19"
"	69BA0CDE","	Chamber1","	1","	B01??(%RH)","	85.6","	2026-07-23 20:57:17"
"	69BA0CDE","	Chamber1","	1","	B01??(?)","	8.6","	2026-07-23 20:57:17"
"	69BA0CDE","	Chamber1","	1","	B01??(%RH)","	85.6","	2026-07-23 20:57:15"
"	69BA0CDE","	Chamber1","	1","	B01??(?)","	8.6","	2026-07-23 20:57:15"
"	69BA0CDE","	Chamber1","	1","	B01??(%RH)","	85.6","	2026-07-23 20:57:13"
"	69BA0CDE","	Chamber1","	1","	B01??(?)","	8.7","	2026-07-23 20:57:13"
"	69BA0CDE","	Chamber1","	1","	B01??(%RH)","	85.6","	2026-07-23 20:57:11"
"	69BA0CDE","	Chamber1","	1","	B01??(?)","	8.7","	2026-07-23 20:57:11"
"	69BA0CDE","	Chamber1","	1","	B01??(%RH)","	85.6","	2026-07-23 20:57:09"
"	69BA0CDE","	Chamber1","	1","	B01??(?)","	8.6","	2026-07-23 20:57:09"
"	69BA0CDE","	Chamber1","	1","	B01??(%RH)","	85.6","	2026-07-23 20:57:06"
"	69BA0CDE","	Chamber1","	1","	B01??(?)","	8.7","	2026-07-23 20:57:06"
"	69BA0CDE","	Chamber1","	1","	B01??(%RH)","	85.6","	2026-07-23 20:57:04"
"	69BA0CDE","	Chamber1","	1","	B01??(?)","	8.6","	2026-07-23 20:57:04"
"	69BA0CDE","	Chamber1","	1","	B01??(%RH)","	85.6","	2026-07-23 20:57:02"
"	69BA0CDE","	Chamber1","	1","	B01??(?)","	8.6","	2026-07-23 20:57:02"
"	69BA0CDE","	Chamber1","	1","	B01??(%RH)","	85.6","	2026-07-23 20:57:00"
"	69BA0CDE","	Chamber1","	1","	B01??(?)","	8.6","	2026-07-23 20:57:00"
"	69BA0CDE","	Chamber1","	1","	B01??(%RH)","	85.6","	2026-07-23 20:56:58"
"	69BA0CDE","	Chamber1","	1","	B01??(?)","	8.7","	2026-07-23 20:56:58"
"	69BA0CDE","	Chamber1","	1","	B01??(%RH)","	85.6","	2026-07-23 20:56:56"
"	69BA0CDE","	Chamber1","	1","	B01??(?)","	8.6","	2026-07-23 20:56:56"
"	69BA0CDE","	Chamber1","	1","	B01??(%RH)","	85.6","	2026-07-23 20:56:54"
"	69BA0CDE","	Chamber1","	1","	B01??(?)","	8.6","	2026-07-23 20:56:54"
"	69BA0CDE","	Chamber1","	1","	B01??(%RH)","	85.6","	2026-07-23 20:56:52"
"	69BA0CDE","	Chamber1","	1","	B01??(?)","	8.6","	2026-07-23 20:56:52"
"	69BA0CDE","	Chamber1","	1","	B01??(%RH)","	85.6","	2026-07-23 20:56:50"
"	69BA0CDE","	Chamber1","	1","	B01??(?)","	8.6","	2026-07-23 20:56:50"
"	69BA0CDE","	Chamber1","	1","	B01??(%RH)","	85.6","	2026-07-23 20:56:48"
"	69BA0CDE","	Chamber1","	1","	B01??(?)","	8.6","	2026-07-23 20:56:48"
"	69BA0CDE","	Chamber1","	1","	B01??(%RH)","	85.6","	2026-07-23 20:56:46"
"	69BA0CDE","	Chamber1","	1","	B01??(?)","	8.7","	2026-07-23 20:56:46"
"	69BA0CDE","	Chamber1","	1","	B01??(%RH)","	85.6","	2026-07-23 20:56:44"
"	69BA0CDE","	Chamber1","	1","	B01??(?)","	8.6","	2026-07-23 20:56:44"
"	69BA0CDE","	Chamber1","	1","	B01??(%RH)","	85.6","	2026-07-23 20:56:42"
"	69BA0CDE","	Chamber1","	1","	B01??(?)","	8.6","	2026-07-23 20:56:42"
"	69BA0CDE","	Chamber1","	1","	B01??(%RH)","	85.6","	2026-07-23 20:56:40"
"	69BA0CDE","	Chamber1","	1","	B01??(?)","	8.6","	2026-07-23 20:56:40"
"	69BA0CDE","	Chamber1","	1","	B01??(%RH)","	85.6","	2026-07-23 20:56:38"
"	69BA0CDE","	Chamber1","	1","	B01??(?)","	8.6","	2026-07-23 20:56:38"
"	69BA0CDE","	Chamber1","	1","	B01??(%RH)","	85.6","	2026-07-23 20:56:36"
"	69BA0CDE","	Chamber1","	1","	B01??(?)","	8.6","	2026-07-23 20:56:36"
"	69BA0CDE","	Chamber1","	1","	B01??(%RH)","	85.6","	2026-07-23 20:56:34"
"	69BA0CDE","	Chamber1","	1","	B01??(?)","	8.6","	2026-07-23 20:56:34"
"	69BA0CDE","	Chamber1","	1","	B01??(%RH)","	85.6","	2026-07-23 20:56:32"
"	69BA0CDE","	Chamber1","	1","	B01??(?)","	8.6","	2026-07-23 20:56:32"
"	69BA0CDE","	Chamber1","	1","	B01??(%RH)","	85.6","	2026-07-23 20:56:30"
"	69BA0CDE","	Chamber1","	1","	B01??(?)","	8.6","	2026-07-23 20:56:30"
"	69BA0CDE","	Chamber1","	1","	B01??(%RH)","	85.6","	2026-07-23 20:56:28"
"	69BA0CDE","	Chamber1","	1","	B01??(?)","	8.6","	2026-07-23 20:56:28"
"	69BA0CDE","	Chamber1","	1","	B01??(%RH)","	85.6","	2026-07-23 20:56:26"
"	69BA0CDE","	Chamber1","	1","	B01??(?)","	8.6","	2026-07-23 20:56:26"
"	69BA0CDE","	Chamber1","	1","	B01??(%RH)","	85.5","	2026-07-23 20:56:24"
"	69BA0CDE","	Chamber1","	1","	B01??(?)","	8.6","	2026-07-23 20:56:24"
"	69BA0CDE","	Chamber1","	1","	B01??(%RH)","	85.6","	2026-07-23 20:56:21"
"	69BA0CDE","	Chamber1","	1","	B01??(?)","	8.6","	2026-07-23 20:56:21"
"	69BA0CDE","	Chamber1","	1","	B01??(%RH)","	85.6","	2026-07-23 20:56:19"
"	69BA0CDE","	Chamber1","	1","	B01??(?)","	8.6","	2026-07-23 20:56:19"
"	69BA0CDE","	Chamber1","	1","	B01??(%RH)","	85.6","	2026-07-23 20:56:17"
"	69BA0CDE","	Chamber1","	1","	B01??(?)","	8.6","	2026-07-23 20:56:17"
"	69BA0CDE","	Chamber1","	1","	B01??(%RH)","	85.5","	2026-07-23 20:56:15"
"	69BA0CDE","	Chamber1","	1","	B01??(?)","	8.6","	2026-07-23 20:56:15"
"	69BA0CDE","	Chamber1","	1","	B01??(%RH)","	85.5","	2026-07-23 20:56:13"
"	69BA0CDE","	Chamber1","	1","	B01??(?)","	8.6","	2026-07-23 20:56:13"
"	69BA0CDE","	Chamber1","	1","	B01??(%RH)","	85.5","	2026-07-23 20:56:11"
"	69BA0CDE","	Chamber1","	1","	B01??(?)","	8.6","	2026-07-23 20:56:11"
"	69BA0CDE","	Chamber1","	1","	B01??(%RH)","	85.5","	2026-07-23 20:56:09"
"	69BA0CDE","	Chamber1","	1","	B01??(?)","	8.6","	2026-07-23 20:56:09"
"	69BA0CDE","	Chamber1","	1","	B01??(%RH)","	85.5","	2026-07-23 20:56:07"
"	69BA0CDE","	Chamber1","	1","	B01??(?)","	8.6","	2026-07-23 20:56:07"
"	69BA0CDE","	Chamber1","	1","	B01??(%RH)","	85.5","	2026-07-23 20:56:05"
"	69BA0CDE","	Chamber1","	1","	B01??(?)","	8.6","	2026-07-23 20:56:05"
"	69BA0CDE","	Chamber1","	1","	B01??(%RH)","	85.5","	2026-07-23 20:56:03"
"	69BA0CDE","	Chamber1","	1","	B01??(?)","	8.6","	2026-07-23 20:56:03"
"	69BA0CDE","	Chamber1","	1","	B01??(%RH)","	85.5","	2026-07-23 20:56:01"
"	69BA0CDE","	Chamber1","	1","	B01??(?)","	8.6","	2026-07-23 20:56:01"
"	69BA0CDE","	Chamber1","	1","	B01??(%RH)","	85.5","	2026-07-23 20:55:59"
"	69BA0CDE","	Chamber1","	1","	B01??(?)","	8.6","	2026-07-23 20:55:59"
"	69BA0CDE","	Chamber1","	1","	B01??(%RH)","	85.5","	2026-07-23 20:55:57"
"	69BA0CDE","	Chamber1","	1","	B01??(?)","	8.6","	2026-07-23 20:55:57"
"	69BA0CDE","	Chamber1","	1","	B01??(%RH)","	85.5","	2026-07-23 20:55:55"
"	69BA0CDE","	Chamber1","	1","	B01??(?)","	8.6","	2026-07-23 20:55:55"
"	69BA0CDE","	Chamber1","	1","	B01??(%RH)","	85.5","	2026-07-23 20:55:53"
"	69BA0CDE","	Chamber1","	1","	B01??(?)","	8.6","	2026-07-23 20:55:53"
"	69BA0CDE","	Chamber1","	1","	B01??(%RH)","	85.5","	2026-07-23 20:55:51"
"	69BA0CDE","	Chamber1","	1","	B01??(?)","	8.6","	2026-07-23 20:55:51"
"	69BA0CDE","	Chamber1","	1","	B01??(%RH)","	85.5","	2026-07-23 20:55:49"
"	69BA0CDE","	Chamber1","	1","	B01??(?)","	8.6","	2026-07-23 20:55:49"
"	69BA0CDE","	Chamber1","	1","	B01??(%RH)","	85.5","	2026-07-23 20:55:47"
"	69BA0CDE","	Chamber1","	1","	B01??(?)","	8.6","	2026-07-23 20:55:47"
"	69BA0CDE","	Chamber1","	1","	B01??(%RH)","	85.5","	2026-07-23 20:55:45"
"	69BA0CDE","	Chamber1","	1","	B01??(?)","	8.6","	2026-07-23 20:55:45"
"	69BA0CDE","	Chamber1","	1","	B01??(%RH)","	85.5","	2026-07-23 20:55:43"
"	69BA0CDE","	Chamber1","	1","	B01??(?)","	8.6","	2026-07-23 20:55:43"
"	69BA0CDE","	Chamber1","	1","	B01??(%RH)","	85.5","	2026-07-23 20:55:41"
"	69BA0CDE","	Chamber1","	1","	B01??(?)","	8.6","	2026-07-23 20:55:41"
"	69BA0CDE","	Chamber1","	1","	B01??(%RH)","	85.5","	2026-07-23 20:55:38"
"	69BA0CDE","	Chamber1","	1","	B01??(?)","	8.6","	2026-07-23 20:55:38"
"	69BA0CDE","	Chamber1","	1","	B01??(%RH)","	85.5","	2026-07-23 20:55:36"
"	69BA0CDE","	Chamber1","	1","	B01??(?)","	8.6","	2026-07-23 20:55:36"
"	69BA0CDE","	Chamber1","	1","	B01??(%RH)","	85.5","	2026-07-23 20:55:34"
"	69BA0CDE","	Chamber1","	1","	B01??(?)","	8.6","	2026-07-23 20:55:34"
"	69BA0CDE","	Chamber1","	1","	B01??(%RH)","	85.5","	2026-07-23 20:55:32"
"	69BA0CDE","	Chamber1","	1","	B01??(?)","	8.6","	2026-07-23 20:55:32"
"	69BA0CDE","	Chamber1","	1","	B01??(%RH)","	85.5","	2026-07-23 20:55:30"
"	69BA0CDE","	Chamber1","	1","	B01??(?)","	8.6","	2026-07-23 20:55:30"
"	69BA0CDE","	Chamber1","	1","	B01??(%RH)","	85.5","	2026-07-23 20:55:28"
"	69BA0CDE","	Chamber1","	1","	B01??(?)","	8.6","	2026-07-23 20:55:28"
"	69BA0CDE","	Chamber1","	1","	B01??(%RH)","	85.4","	2026-07-23 20:55:26"
"	69BA0CDE","	Chamber1","	1","	B01??(?)","	8.6","	2026-07-23 20:55:26"
"	69BA0CDE","	Chamber1","	1","	B01??(%RH)","	85.5","	2026-07-23 20:55:24"
"	69BA0CDE","	Chamber1","	1","	B01??(?)","	8.6","	2026-07-23 20:55:24"
"	69BA0CDE","	Chamber1","	1","	B01??(%RH)","	85.5","	2026-07-23 20:55:22"
"	69BA0CDE","	Chamber1","	1","	B01??(?)","	8.6","	2026-07-23 20:55:22"
"	69BA0CDE","	Chamber1","	1","	B01??(%RH)","	85.5","	2026-07-23 20:55:20"
"	69BA0CDE","	Chamber1","	1","	B01??(?)","	8.6","	2026-07-23 20:55:20"
"	69BA0CDE","	Chamber1","	1","	B01??(%RH)","	85.5","	2026-07-23 20:55:18"
"	69BA0CDE","	Chamber1","	1","	B01??(?)","	8.6","	2026-07-23 20:55:18"
"	69BA0CDE","	Chamber1","	1","	B01??(%RH)","	85.4","	2026-07-23 20:55:16"
"	69BA0CDE","	Chamber1","	1","	B01??(?)","	8.6","	2026-07-23 20:55:16"
"	69BA0CDE","	Chamber1","	1","	B01??(%RH)","	85.5","	2026-07-23 20:55:14"
"	69BA0CDE","	Chamber1","	1","	B01??(?)","	8.6","	2026-07-23 20:55:14"
"	69BA0CDE","	Chamber1","	1","	B01??(%RH)","	85.5","	2026-07-23 20:55:12"
"	69BA0CDE","	Chamber1","	1","	B01??(?)","	8.6","	2026-07-23 20:55:12"
"	69BA0CDE","	Chamber1","	1","	B01??(%RH)","	85.5","	2026-07-23 20:55:10"
"	69BA0CDE","	Chamber1","	1","	B01??(?)","	8.6","	2026-07-23 20:55:10"
"	69BA0CDE","	Chamber1","	1","	B01??(%RH)","	85.4","	2026-07-23 20:55:08"
"	69BA0CDE","	Chamber1","	1","	B01??(?)","	8.6","	2026-07-23 20:55:08"
"	69BA0CDE","	Chamber1","	1","	B01??(%RH)","	85.4","	2026-07-23 20:55:06"
"	69BA0CDE","	Chamber1","	1","	B01??(?)","	8.6","	2026-07-23 20:55:06"
"	69BA0CDE","	Chamber1","	1","	B01??(%RH)","	85.5","	2026-07-23 20:55:04"
"	69BA0CDE","	Chamber1","	1","	B01??(?)","	8.6","	2026-07-23 20:55:04"
"	69BA0CDE","	Chamber1","	1","	B01??(%RH)","	85.4","	2026-07-23 20:55:02"
"	69BA0CDE","	Chamber1","	1","	B01??(?)","	8.6","	2026-07-23 20:55:02"
"	69BA0CDE","	Chamber1","	1","	B01??(%RH)","	85.4","	2026-07-23 20:55:00"
"	69BA0CDE","	Chamber1","	1","	B01??(?)","	8.6","	2026-07-23 20:55:00"
"	69BA0CDE","	Chamber1","	1","	B01??(%RH)","	85.4","	2026-07-23 20:54:58"
"	69BA0CDE","	Chamber1","	1","	B01??(?)","	8.6","	2026-07-23 20:54:58"
"	69BA0CDE","	Chamber1","	1","	B01??(%RH)","	85.4","	2026-07-23 20:54:56"
"	69BA0CDE","	Chamber1","	1","	B01??(?)","	8.6","	2026-07-23 20:54:56"
"	69BA0CDE","	Chamber1","	1","	B01??(%RH)","	85.4","	2026-07-23 20:54:53"
"	69BA0CDE","	Chamber1","	1","	B01??(?)","	8.6","	2026-07-23 20:54:53"
"	69BA0CDE","	Chamber1","	1","	B01??(%RH)","	85.4","	2026-07-23 20:54:51"
"	69BA0CDE","	Chamber1","	1","	B01??(?)","	8.6","	2026-07-23 20:54:51"
"	69BA0CDE","	Chamber1","	1","	B01??(%RH)","	85.4","	2026-07-23 20:54:49"
"	69BA0CDE","	Chamber1","	1","	B01??(?)","	8.6","	2026-07-23 20:54:49"
"	69BA0CDE","	Chamber1","	1","	B01??(%RH)","	85.4","	2026-07-23 20:54:47"
"	69BA0CDE","	Chamber1","	1","	B01??(?)","	8.6","	2026-07-23 20:54:47"
"	69BA0CDE","	Chamber1","	1","	B01??(%RH)","	85.4","	2026-07-23 20:54:45"
"	69BA0CDE","	Chamber1","	1","	B01??(?)","	8.6","	2026-07-23 20:54:45"
"	69BA0CDE","	Chamber1","	1","	B01??(%RH)","	85.4","	2026-07-23 20:54:43"
"	69BA0CDE","	Chamber1","	1","	B01??(?)","	8.5","	2026-07-23 20:54:43"
"	69BA0CDE","	Chamber1","	1","	B01??(%RH)","	85.4","	2026-07-23 20:54:41"
"	69BA0CDE","	Chamber1","	1","	B01??(?)","	8.6","	2026-07-23 20:54:41"
"	69BA0CDE","	Chamber1","	1","	B01??(%RH)","	85.4","	2026-07-23 20:54:39"
"	69BA0CDE","	Chamber1","	1","	B01??(?)","	8.6","	2026-07-23 20:54:39"
"	69BA0CDE","	Chamber1","	1","	B01??(%RH)","	85.4","	2026-07-23 20:54:37"
"	69BA0CDE","	Chamber1","	1","	B01??(?)","	8.6","	2026-07-23 20:54:37"
"	69BA0CDE","	Chamber1","	1","	B01??(%RH)","	85.4","	2026-07-23 20:54:35"
"	69BA0CDE","	Chamber1","	1","	B01??(?)","	8.6","	2026-07-23 20:54:35"
"	69BA0CDE","	Chamber1","	1","	B01??(%RH)","	85.4","	2026-07-23 20:54:33"
"	69BA0CDE","	Chamber1","	1","	B01??(?)","	8.6","	2026-07-23 20:54:33"
"	69BA0CDE","	Chamber1","	1","	B01??(%RH)","	85.4","	2026-07-23 20:54:31"
"	69BA0CDE","	Chamber1","	1","	B01??(?)","	8.5","	2026-07-23 20:54:31"
"	69BA0CDE","	Chamber1","	1","	B01??(%RH)","	85.4","	2026-07-23 20:54:29"
"	69BA0CDE","	Chamber1","	1","	B01??(?)","	8.6","	2026-07-23 20:54:29"
"	69BA0CDE","	Chamber1","	1","	B01??(%RH)","	85.4","	2026-07-23 20:54:27"
"	69BA0CDE","	Chamber1","	1","	B01??(?)","	8.6","	2026-07-23 20:54:27"
"	69BA0CDE","	Chamber1","	1","	B01??(%RH)","	85.4","	2026-07-23 20:54:25"
"	69BA0CDE","	Chamber1","	1","	B01??(?)","	8.6","	2026-07-23 20:54:25"
"	69BA0CDE","	Chamber1","	1","	B01??(%RH)","	85.4","	2026-07-23 20:54:23"
"	69BA0CDE","	Chamber1","	1","	B01??(?)","	8.5","	2026-07-23 20:54:23"
"	69BA0CDE","	Chamber1","	1","	B01??(%RH)","	85.4","	2026-07-23 20:54:21"
"	69BA0CDE","	Chamber1","	1","	B01??(?)","	8.6","	2026-07-23 20:54:21"
"	69BA0CDE","	Chamber1","	1","	B01??(%RH)","	85.4","	2026-07-23 20:54:19"
"	69BA0CDE","	Chamber1","	1","	B01??(?)","	8.6","	2026-07-23 20:54:19"
"	69BA0CDE","	Chamber1","	1","	B01??(%RH)","	85.4","	2026-07-23 20:54:17"
"	69BA0CDE","	Chamber1","	1","	B01??(?)","	8.5","	2026-07-23 20:54:17"
"	69BA0CDE","	Chamber1","	1","	B01??(%RH)","	85.4","	2026-07-23 20:54:15"
"	69BA0CDE","	Chamber1","	1","	B01??(?)","	8.6","	2026-07-23 20:54:15"
"	69BA0CDE","	Chamber1","	1","	B01??(%RH)","	85.4","	2026-07-23 20:54:13"
"	69BA0CDE","	Chamber1","	1","	B01??(?)","	8.6","	2026-07-23 20:54:13"
"	69BA0CDE","	Chamber1","	1","	B01??(%RH)","	85.4","	2026-07-23 20:54:11"
"	69BA0CDE","	Chamber1","	1","	B01??(?)","	8.6","	2026-07-23 20:54:11"
"	69BA0CDE","	Chamber1","	1","	B01??(%RH)","	85.4","	2026-07-23 20:54:08"
"	69BA0CDE","	Chamber1","	1","	B01??(?)","	8.5","	2026-07-23 20:54:08"
"	69BA0CDE","	Chamber1","	1","	B01??(%RH)","	85.4","	2026-07-23 20:54:06"
"	69BA0CDE","	Chamber1","	1","	B01??(?)","	8.5","	2026-07-23 20:54:06"
"	69BA0CDE","	Chamber1","	1","	B01??(%RH)","	85.4","	2026-07-23 20:54:04"
"	69BA0CDE","	Chamber1","	1","	B01??(?)","	8.6","	2026-07-23 20:54:04"
"	69BA0CDE","	Chamber1","	1","	B01??(%RH)","	85.4","	2026-07-23 20:54:02"
"	69BA0CDE","	Chamber1","	1","	B01??(?)","	8.6","	2026-07-23 20:54:02"
"	69BA0CDE","	Chamber1","	1","	B01??(%RH)","	85.4","	2026-07-23 20:54:00"
"	69BA0CDE","	Chamber1","	1","	B01??(?)","	8.6","	2026-07-23 20:54:00"
"	69BA0CDE","	Chamber1","	1","	B01??(%RH)","	85.4","	2026-07-23 20:53:58"
"	69BA0CDE","	Chamber1","	1","	B01??(?)","	8.5","	2026-07-23 20:53:58"
"	69BA0CDE","	Chamber1","	1","	B01??(%RH)","	85.4","	2026-07-23 20:53:56"
"	69BA0CDE","	Chamber1","	1","	B01??(?)","	8.5","	2026-07-23 20:53:56"
"	69BA0CDE","	Chamber1","	1","	B01??(%RH)","	85.4","	2026-07-23 20:53:54"
"	69BA0CDE","	Chamber1","	1","	B01??(?)","	8.6","	2026-07-23 20:53:54"
"	69BA0CDE","	Chamber1","	1","	B01??(%RH)","	85.4","	2026-07-23 20:53:52"
"	69BA0CDE","	Chamber1","	1","	B01??(?)","	8.5","	2026-07-23 20:53:52"
"	69BA0CDE","	Chamber1","	1","	B01??(%RH)","	85.4","	2026-07-23 20:53:50"
"	69BA0CDE","	Chamber1","	1","	B01??(?)","	8.5","	2026-07-23 20:53:50"
"	69BA0CDE","	Chamber1","	1","	B01??(%RH)","	85.4","	2026-07-23 20:53:48"
"	69BA0CDE","	Chamber1","	1","	B01??(?)","	8.5","	2026-07-23 20:53:48"
"	69BA0CDE","	Chamber1","	1","	B01??(%RH)","	85.4","	2026-07-23 20:53:46"
"	69BA0CDE","	Chamber1","	1","	B01??(?)","	8.5","	2026-07-23 20:53:46"
"	69BA0CDE","	Chamber1","	1","	B01??(%RH)","	85.4","	2026-07-23 20:53:44"
"	69BA0CDE","	Chamber1","	1","	B01??(?)","	8.5","	2026-07-23 20:53:44"
"	69BA0CDE","	Chamber1","	1","	B01??(%RH)","	85.4","	2026-07-23 20:53:42"
"	69BA0CDE","	Chamber1","	1","	B01??(?)","	8.5","	2026-07-23 20:53:42"
"	69BA0CDE","	Chamber1","	1","	B01??(%RH)","	85.4","	2026-07-23 20:53:40"
"	69BA0CDE","	Chamber1","	1","	B01??(?)","	8.6","	2026-07-23 20:53:40"
"	69BA0CDE","	Chamber1","	1","	B01??(%RH)","	85.4","	2026-07-23 20:53:38"
"	69BA0CDE","	Chamber1","	1","	B01??(?)","	8.5","	2026-07-23 20:53:38"
"	69BA0CDE","	Chamber1","	1","	B01??(%RH)","	85.4","	2026-07-23 20:53:36"
"	69BA0CDE","	Chamber1","	1","	B01??(?)","	8.5","	2026-07-23 20:53:36"
"	69BA0CDE","	Chamber1","	1","	B01??(%RH)","	85.4","	2026-07-23 20:53:34"
"	69BA0CDE","	Chamber1","	1","	B01??(?)","	8.5","	2026-07-23 20:53:34"
"	69BA0CDE","	Chamber1","	1","	B01??(%RH)","	85.4","	2026-07-23 20:53:32"
"	69BA0CDE","	Chamber1","	1","	B01??(?)","	8.5","	2026-07-23 20:53:32"
"	69BA0CDE","	Chamber1","	1","	B01??(%RH)","	85.4","	2026-07-23 20:53:30"
"	69BA0CDE","	Chamber1","	1","	B01??(?)","	8.5","	2026-07-23 20:53:30"
"	69BA0CDE","	Chamber1","	1","	B01??(%RH)","	85.4","	2026-07-23 20:53:28"
"	69BA0CDE","	Chamber1","	1","	B01??(?)","	8.5","	2026-07-23 20:53:28"
"	69BA0CDE","	Chamber1","	1","	B01??(%RH)","	85.3","	2026-07-23 20:53:25"
"	69BA0CDE","	Chamber1","	1","	B01??(?)","	8.5","	2026-07-23 20:53:25"
"	69BA0CDE","	Chamber1","	1","	B01??(%RH)","	85.4","	2026-07-23 20:53:23"
"	69BA0CDE","	Chamber1","	1","	B01??(?)","	8.5","	2026-07-23 20:53:23"
"	69BA0CDE","	Chamber1","	1","	B01??(%RH)","	85.4","	2026-07-23 20:53:21"
"	69BA0CDE","	Chamber1","	1","	B01??(?)","	8.5","	2026-07-23 20:53:21"
"	69BA0CDE","	Chamber1","	1","	B01??(%RH)","	85.4","	2026-07-23 20:53:19"
"	69BA0CDE","	Chamber1","	1","	B01??(?)","	8.5","	2026-07-23 20:53:19"
"	69BA0CDE","	Chamber1","	1","	B01??(%RH)","	85.3","	2026-07-23 20:53:17"
"	69BA0CDE","	Chamber1","	1","	B01??(?)","	8.5","	2026-07-23 20:53:17"
"	69BA0CDE","	Chamber1","	1","	B01??(%RH)","	85.4","	2026-07-23 20:53:15"
"	69BA0CDE","	Chamber1","	1","	B01??(?)","	8.5","	2026-07-23 20:53:15"
"	69BA0CDE","	Chamber1","	1","	B01??(%RH)","	85.4","	2026-07-23 20:53:13"
"	69BA0CDE","	Chamber1","	1","	B01??(?)","	8.5","	2026-07-23 20:53:13"
"	69BA0CDE","	Chamber1","	1","	B01??(%RH)","	85.4","	2026-07-23 20:53:11"
"	69BA0CDE","	Chamber1","	1","	B01??(?)","	8.5","	2026-07-23 20:53:11"
"	69BA0CDE","	Chamber1","	1","	B01??(%RH)","	85.3","	2026-07-23 20:53:09"
"	69BA0CDE","	Chamber1","	1","	B01??(?)","	8.5","	2026-07-23 20:53:09"
"	69BA0CDE","	Chamber1","	1","	B01??(%RH)","	85.4","	2026-07-23 20:53:07"
"	69BA0CDE","	Chamber1","	1","	B01??(?)","	8.5","	2026-07-23 20:53:07"
"	69BA0CDE","	Chamber1","	1","	B01??(%RH)","	85.4","	2026-07-23 20:53:05"
"	69BA0CDE","	Chamber1","	1","	B01??(?)","	8.5","	2026-07-23 20:53:05"
"	69BA0CDE","	Chamber1","	1","	B01??(%RH)","	85.4","	2026-07-23 20:53:03"
"	69BA0CDE","	Chamber1","	1","	B01??(?)","	8.5","	2026-07-23 20:53:03"
"	69BA0CDE","	Chamber1","	1","	B01??(%RH)","	85.3","	2026-07-23 20:53:01"
"	69BA0CDE","	Chamber1","	1","	B01??(?)","	8.5","	2026-07-23 20:53:01"
"	69BA0CDE","	Chamber1","	1","	B01??(%RH)","	85.4","	2026-07-23 20:52:59"
"	69BA0CDE","	Chamber1","	1","	B01??(?)","	8.5","	2026-07-23 20:52:59"
"	69BA0CDE","	Chamber1","	1","	B01??(%RH)","	85.4","	2026-07-23 20:52:57"
"	69BA0CDE","	Chamber1","	1","	B01??(?)","	8.5","	2026-07-23 20:52:57"
"	69BA0CDE","	Chamber1","	1","	B01??(%RH)","	85.3","	2026-07-23 20:52:55"
"	69BA0CDE","	Chamber1","	1","	B01??(?)","	8.5","	2026-07-23 20:52:55"
"	69BA0CDE","	Chamber1","	1","	B01??(%RH)","	85.3","	2026-07-23 20:52:53"
"	69BA0CDE","	Chamber1","	1","	B01??(?)","	8.5","	2026-07-23 20:52:53"
"	69BA0CDE","	Chamber1","	1","	B01??(%RH)","	85.3","	2026-07-23 20:52:51"
"	69BA0CDE","	Chamber1","	1","	B01??(?)","	8.5","	2026-07-23 20:52:51"
"	69BA0CDE","	Chamber1","	1","	B01??(%RH)","	85.3","	2026-07-23 20:52:49"
"	69BA0CDE","	Chamber1","	1","	B01??(?)","	8.5","	2026-07-23 20:52:49"
"	69BA0CDE","	Chamber1","	1","	B01??(%RH)","	85.4","	2026-07-23 20:52:47"
"	69BA0CDE","	Chamber1","	1","	B01??(?)","	8.5","	2026-07-23 20:52:47"
"	69BA0CDE","	Chamber1","	1","	B01??(%RH)","	85.3","	2026-07-23 20:52:45"
"	69BA0CDE","	Chamber1","	1","	B01??(?)","	8.5","	2026-07-23 20:52:45"
"	69BA0CDE","	Chamber1","	1","	B01??(%RH)","	85.4","	2026-07-23 20:52:43"
"	69BA0CDE","	Chamber1","	1","	B01??(?)","	8.5","	2026-07-23 20:52:43"
"	69BA0CDE","	Chamber1","	1","	B01??(%RH)","	85.3","	2026-07-23 20:52:40"
"	69BA0CDE","	Chamber1","	1","	B01??(?)","	8.5","	2026-07-23 20:52:40"
"	69BA0CDE","	Chamber1","	1","	B01??(%RH)","	85.3","	2026-07-23 20:52:38"
"	69BA0CDE","	Chamber1","	1","	B01??(?)","	8.5","	2026-07-23 20:52:38"
"	69BA0CDE","	Chamber1","	1","	B01??(%RH)","	85.4","	2026-07-23 20:52:36"
"	69BA0CDE","	Chamber1","	1","	B01??(?)","	8.5","	2026-07-23 20:52:36"
"	69BA0CDE","	Chamber1","	1","	B01??(%RH)","	85.3","	2026-07-23 20:52:34"
"	69BA0CDE","	Chamber1","	1","	B01??(?)","	8.5","	2026-07-23 20:52:34"
"	69BA0CDE","	Chamber1","	1","	B01??(%RH)","	85.3","	2026-07-23 20:52:32"
"	69BA0CDE","	Chamber1","	1","	B01??(?)","	8.5","	2026-07-23 20:52:32"
"	69BA0CDE","	Chamber1","	1","	B01??(%RH)","	85.3","	2026-07-23 20:52:30"
"	69BA0CDE","	Chamber1","	1","	B01??(?)","	8.5","	2026-07-23 20:52:30"
"	69BA0CDE","	Chamber1","	1","	B01??(%RH)","	85.3","	2026-07-23 20:52:28"
"	69BA0CDE","	Chamber1","	1","	B01??(?)","	8.5","	2026-07-23 20:52:28"
"	69BA0CDE","	Chamber1","	1","	B01??(%RH)","	85.3","	2026-07-23 20:52:26"
"	69BA0CDE","	Chamber1","	1","	B01??(?)","	8.5","	2026-07-23 20:52:26"
"	69BA0CDE","	Chamber1","	1","	B01??(%RH)","	85.3","	2026-07-23 20:52:24"
"	69BA0CDE","	Chamber1","	1","	B01??(?)","	8.5","	2026-07-23 20:52:24"
"	69BA0CDE","	Chamber1","	1","	B01??(%RH)","	85.3","	2026-07-23 20:52:22"
"	69BA0CDE","	Chamber1","	1","	B01??(?)","	8.5","	2026-07-23 20:52:22"
"	69BA0CDE","	Chamber1","	1","	B01??(%RH)","	85.3","	2026-07-23 20:52:20"
"	69BA0CDE","	Chamber1","	1","	B01??(?)","	8.5","	2026-07-23 20:52:20"
"	69BA0CDE","	Chamber1","	1","	B01??(%RH)","	85.3","	2026-07-23 20:52:18"
"	69BA0CDE","	Chamber1","	1","	B01??(?)","	8.5","	2026-07-23 20:52:18"
"	69BA0CDE","	Chamber1","	1","	B01??(%RH)","	85.3","	2026-07-23 20:52:16"
"	69BA0CDE","	Chamber1","	1","	B01??(?)","	8.5","	2026-07-23 20:52:16"
"	69BA0CDE","	Chamber1","	1","	B01??(%RH)","	85.3","	2026-07-23 20:52:14"
"	69BA0CDE","	Chamber1","	1","	B01??(?)","	8.5","	2026-07-23 20:52:14"
"	69BA0CDE","	Chamber1","	1","	B01??(%RH)","	85.3","	2026-07-23 20:52:12"
"	69BA0CDE","	Chamber1","	1","	B01??(?)","	8.5","	2026-07-23 20:52:12"
"	69BA0CDE","	Chamber1","	1","	B01??(%RH)","	85.4","	2026-07-23 20:52:10"
"	69BA0CDE","	Chamber1","	1","	B01??(?)","	8.5","	2026-07-23 20:52:10"
"	69BA0CDE","	Chamber1","	1","	B01??(%RH)","	85.4","	2026-07-23 20:52:08"
"	69BA0CDE","	Chamber1","	1","	B01??(?)","	8.5","	2026-07-23 20:52:08"
"	69BA0CDE","	Chamber1","	1","	B01??(%RH)","	85.3","	2026-07-23 20:52:06"
"	69BA0CDE","	Chamber1","	1","	B01??(?)","	8.5","	2026-07-23 20:52:06"
"	69BA0CDE","	Chamber1","	1","	B01??(%RH)","	85.3","	2026-07-23 20:52:04"
"	69BA0CDE","	Chamber1","	1","	B01??(?)","	8.5","	2026-07-23 20:52:04"
"	69BA0CDE","	Chamber1","	1","	B01??(%RH)","	85.3","	2026-07-23 20:52:02"
"	69BA0CDE","	Chamber1","	1","	B01??(?)","	8.5","	2026-07-23 20:52:02"
"	69BA0CDE","	Chamber1","	1","	B01??(%RH)","	85.3","	2026-07-23 20:52:00"
"	69BA0CDE","	Chamber1","	1","	B01??(?)","	8.5","	2026-07-23 20:52:00"
"	69BA0CDE","	Chamber1","	1","	B01??(%RH)","	85.3","	2026-07-23 20:51:57"
"	69BA0CDE","	Chamber1","	1","	B01??(?)","	8.5","	2026-07-23 20:51:57"
"	69BA0CDE","	Chamber1","	1","	B01??(%RH)","	85.3","	2026-07-23 20:51:55"
"	69BA0CDE","	Chamber1","	1","	B01??(?)","	8.5","	2026-07-23 20:51:55"
"	69BA0CDE","	Chamber1","	1","	B01??(%RH)","	85.3","	2026-07-23 20:51:53"
"	69BA0CDE","	Chamber1","	1","	B01??(?)","	8.5","	2026-07-23 20:51:53"
"	69BA0CDE","	Chamber1","	1","	B01??(%RH)","	85.3","	2026-07-23 20:51:51"
"	69BA0CDE","	Chamber1","	1","	B01??(?)","	8.5","	2026-07-23 20:51:51"
"	69BA0CDE","	Chamber1","	1","	B01??(%RH)","	85.3","	2026-07-23 20:51:49"
"	69BA0CDE","	Chamber1","	1","	B01??(?)","	8.5","	2026-07-23 20:51:49"
"	69BA0CDE","	Chamber1","	1","	B01??(%RH)","	85.3","	2026-07-23 20:51:47"
"	69BA0CDE","	Chamber1","	1","	B01??(?)","	8.5","	2026-07-23 20:51:47"
"	69BA0CDE","	Chamber1","	1","	B01??(%RH)","	85.3","	2026-07-23 20:51:45"
"	69BA0CDE","	Chamber1","	1","	B01??(?)","	8.5","	2026-07-23 20:51:45"
"	69BA0CDE","	Chamber1","	1","	B01??(%RH)","	85.3","	2026-07-23 20:51:43"
"	69BA0CDE","	Chamber1","	1","	B01??(?)","	8.5","	2026-07-23 20:51:43"
"	69BA0CDE","	Chamber1","	1","	B01??(%RH)","	85.3","	2026-07-23 20:51:41"
"	69BA0CDE","	Chamber1","	1","	B01??(?)","	8.5","	2026-07-23 20:51:41"
"	69BA0CDE","	Chamber1","	1","	B01??(%RH)","	85.3","	2026-07-23 20:51:39"
"	69BA0CDE","	Chamber1","	1","	B01??(?)","	8.5","	2026-07-23 20:51:39"
"	69BA0CDE","	Chamber1","	1","	B01??(%RH)","	85.3","	2026-07-23 20:51:37"
"	69BA0CDE","	Chamber1","	1","	B01??(?)","	8.5","	2026-07-23 20:51:37"
"	69BA0CDE","	Chamber1","	1","	B01??(%RH)","	85.3","	2026-07-23 20:51:35"
"	69BA0CDE","	Chamber1","	1","	B01??(?)","	8.5","	2026-07-23 20:51:35"
"	69BA0CDE","	Chamber1","	1","	B01??(%RH)","	85.3","	2026-07-23 20:51:33"
"	69BA0CDE","	Chamber1","	1","	B01??(?)","	8.5","	2026-07-23 20:51:33"
"	69BA0CDE","	Chamber1","	1","	B01??(%RH)","	85.3","	2026-07-23 20:51:31"
"	69BA0CDE","	Chamber1","	1","	B01??(?)","	8.5","	2026-07-23 20:51:31"
"	69BA0CDE","	Chamber1","	1","	B01??(%RH)","	85.3","	2026-07-23 20:51:29"
"	69BA0CDE","	Chamber1","	1","	B01??(?)","	8.5","	2026-07-23 20:51:29"
"	69BA0CDE","	Chamber1","	1","	B01??(%RH)","	85.3","	2026-07-23 20:51:27"
"	69BA0CDE","	Chamber1","	1","	B01??(?)","	8.5","	2026-07-23 20:51:27"
"	69BA0CDE","	Chamber1","	1","	B01??(%RH)","	85.3","	2026-07-23 20:51:25"
"	69BA0CDE","	Chamber1","	1","	B01??(?)","	8.5","	2026-07-23 20:51:25"
"	69BA0CDE","	Chamber1","	1","	B01??(%RH)","	85.3","	2026-07-23 20:51:23"
"	69BA0CDE","	Chamber1","	1","	B01??(?)","	8.5","	2026-07-23 20:51:23"
"	69BA0CDE","	Chamber1","	1","	B01??(%RH)","	85.3","	2026-07-23 20:51:21"
"	69BA0CDE","	Chamber1","	1","	B01??(?)","	8.5","	2026-07-23 20:51:21"
"	69BA0CDE","	Chamber1","	1","	B01??(%RH)","	85.3","	2026-07-23 20:51:19"
"	69BA0CDE","	Chamber1","	1","	B01??(?)","	8.5","	2026-07-23 20:51:19"
"	69BA0CDE","	Chamber1","	1","	B01??(%RH)","	85.3","	2026-07-23 20:51:17"
"	69BA0CDE","	Chamber1","	1","	B01??(?)","	8.5","	2026-07-23 20:51:17"
"	69BA0CDE","	Chamber1","	1","	B01??(%RH)","	85.3","	2026-07-23 20:51:14"
"	69BA0CDE","	Chamber1","	1","	B01??(?)","	8.5","	2026-07-23 20:51:14"
"	69BA0CDE","	Chamber1","	1","	B01??(%RH)","	85.3","	2026-07-23 20:51:12"
"	69BA0CDE","	Chamber1","	1","	B01??(?)","	8.5","	2026-07-23 20:51:12"
"	69BA0CDE","	Chamber1","	1","	B01??(%RH)","	85.3","	2026-07-23 20:51:10"
"	69BA0CDE","	Chamber1","	1","	B01??(?)","	8.5","	2026-07-23 20:51:10"
"	69BA0CDE","	Chamber1","	1","	B01??(%RH)","	85.3","	2026-07-23 20:51:08"
"	69BA0CDE","	Chamber1","	1","	B01??(?)","	8.5","	2026-07-23 20:51:08"
"	69BA0CDE","	Chamber1","	1","	B01??(%RH)","	85.3","	2026-07-23 20:51:06"
"	69BA0CDE","	Chamber1","	1","	B01??(?)","	8.5","	2026-07-23 20:51:06"
"	69BA0CDE","	Chamber1","	1","	B01??(%RH)","	85.3","	2026-07-23 20:51:04"
"	69BA0CDE","	Chamber1","	1","	B01??(?)","	8.5","	2026-07-23 20:51:04"
"	69BA0CDE","	Chamber1","	1","	B01??(%RH)","	85.3","	2026-07-23 20:51:02"
"	69BA0CDE","	Chamber1","	1","	B01??(?)","	8.5","	2026-07-23 20:51:02"
"	69BA0CDE","	Chamber1","	1","	B01??(%RH)","	85.3","	2026-07-23 20:51:00"
"	69BA0CDE","	Chamber1","	1","	B01??(?)","	8.5","	2026-07-23 20:51:00"
"	69BA0CDE","	Chamber1","	1","	B01??(%RH)","	85.3","	2026-07-23 20:50:58"
"	69BA0CDE","	Chamber1","	1","	B01??(?)","	8.5","	2026-07-23 20:50:58"
"	69BA0CDE","	Chamber1","	1","	B01??(%RH)","	85.3","	2026-07-23 20:50:56"
"	69BA0CDE","	Chamber1","	1","	B01??(?)","	8.5","	2026-07-23 20:50:56"
"	69BA0CDE","	Chamber1","	1","	B01??(%RH)","	85.3","	2026-07-23 20:50:54"
"	69BA0CDE","	Chamber1","	1","	B01??(?)","	8.5","	2026-07-23 20:50:54"
"	69BA0CDE","	Chamber1","	1","	B01??(%RH)","	85.3","	2026-07-23 20:50:52"
"	69BA0CDE","	Chamber1","	1","	B01??(?)","	8.5","	2026-07-23 20:50:52"
"	69BA0CDE","	Chamber1","	1","	B01??(%RH)","	85.3","	2026-07-23 20:50:50"
"	69BA0CDE","	Chamber1","	1","	B01??(?)","	8.5","	2026-07-23 20:50:50"
"	69BA0CDE","	Chamber1","	1","	B01??(%RH)","	85.3","	2026-07-23 20:50:48"
"	69BA0CDE","	Chamber1","	1","	B01??(?)","	8.5","	2026-07-23 20:50:48"
"	69BA0CDE","	Chamber1","	1","	B01??(%RH)","	85.3","	2026-07-23 20:50:46"
"	69BA0CDE","	Chamber1","	1","	B01??(?)","	8.5","	2026-07-23 20:50:46"
"	69BA0CDE","	Chamber1","	1","	B01??(%RH)","	85.3","	2026-07-23 20:50:44"
"	69BA0CDE","	Chamber1","	1","	B01??(?)","	8.5","	2026-07-23 20:50:44"
"	69BA0CDE","	Chamber1","	1","	B01??(%RH)","	85.3","	2026-07-23 20:50:42"
"	69BA0CDE","	Chamber1","	1","	B01??(?)","	8.4","	2026-07-23 20:50:42"
"	69BA0CDE","	Chamber1","	1","	B01??(%RH)","	85.3","	2026-07-23 20:50:40"
"	69BA0CDE","	Chamber1","	1","	B01??(?)","	8.5","	2026-07-23 20:50:40"
"	69BA0CDE","	Chamber1","	1","	B01??(%RH)","	85.3","	2026-07-23 20:50:38"
"	69BA0CDE","	Chamber1","	1","	B01??(?)","	8.5","	2026-07-23 20:50:38"
"	69BA0CDE","	Chamber1","	1","	B01??(%RH)","	85.3","	2026-07-23 20:50:36"
"	69BA0CDE","	Chamber1","	1","	B01??(?)","	8.5","	2026-07-23 20:50:36"
"	69BA0CDE","	Chamber1","	1","	B01??(%RH)","	85.3","	2026-07-23 20:50:34"
"	69BA0CDE","	Chamber1","	1","	B01??(?)","	8.5","	2026-07-23 20:50:34"
"	69BA0CDE","	Chamber1","	1","	B01??(%RH)","	85.3","	2026-07-23 20:50:32"
"	69BA0CDE","	Chamber1","	1","	B01??(?)","	8.4","	2026-07-23 20:50:32"
"	69BA0CDE","	Chamber1","	1","	B01??(%RH)","	85.3","	2026-07-23 20:50:29"
"	69BA0CDE","	Chamber1","	1","	B01??(?)","	8.5","	2026-07-23 20:50:29"
"	69BA0CDE","	Chamber1","	1","	B01??(%RH)","	85.3","	2026-07-23 20:50:27"
"	69BA0CDE","	Chamber1","	1","	B01??(?)","	8.4","	2026-07-23 20:50:27"
"	69BA0CDE","	Chamber1","	1","	B01??(%RH)","	85.3","	2026-07-23 20:50:25"
"	69BA0CDE","	Chamber1","	1","	B01??(?)","	8.4","	2026-07-23 20:50:25"
"	69BA0CDE","	Chamber1","	1","	B01??(%RH)","	85.3","	2026-07-23 20:50:23"
"	69BA0CDE","	Chamber1","	1","	B01??(?)","	8.5","	2026-07-23 20:50:23"
"	69BA0CDE","	Chamber1","	1","	B01??(%RH)","	85.3","	2026-07-23 20:50:21"
"	69BA0CDE","	Chamber1","	1","	B01??(?)","	8.4","	2026-07-23 20:50:21"
"	69BA0CDE","	Chamber1","	1","	B01??(%RH)","	85.3","	2026-07-23 20:50:19"
"	69BA0CDE","	Chamber1","	1","	B01??(?)","	8.5","	2026-07-23 20:50:19"
"	69BA0CDE","	Chamber1","	1","	B01??(%RH)","	85.3","	2026-07-23 20:50:17"
"	69BA0CDE","	Chamber1","	1","	B01??(?)","	8.4","	2026-07-23 20:50:17"
"	69BA0CDE","	Chamber1","	1","	B01??(%RH)","	85.3","	2026-07-23 20:50:15"
"	69BA0CDE","	Chamber1","	1","	B01??(?)","	8.5","	2026-07-23 20:50:15"
"	69BA0CDE","	Chamber1","	1","	B01??(%RH)","	85.3","	2026-07-23 20:50:13"
"	69BA0CDE","	Chamber1","	1","	B01??(?)","	8.4","	2026-07-23 20:50:13"
"	69BA0CDE","	Chamber1","	1","	B01??(%RH)","	85.3","	2026-07-23 20:50:11"
"	69BA0CDE","	Chamber1","	1","	B01??(?)","	8.4","	2026-07-23 20:50:11"
"	69BA0CDE","	Chamber1","	1","	B01??(%RH)","	85.3","	2026-07-23 20:50:09"
"	69BA0CDE","	Chamber1","	1","	B01??(?)","	8.4","	2026-07-23 20:50:09"
"	69BA0CDE","	Chamber1","	1","	B01??(%RH)","	85.3","	2026-07-23 20:50:07"
"	69BA0CDE","	Chamber1","	1","	B01??(?)","	8.4","	2026-07-23 20:50:07"
"	69BA0CDE","	Chamber1","	1","	B01??(%RH)","	85.3","	2026-07-23 20:50:05"
"	69BA0CDE","	Chamber1","	1","	B01??(?)","	8.4","	2026-07-23 20:50:05"
"	69BA0CDE","	Chamber1","	1","	B01??(%RH)","	85.3","	2026-07-23 20:50:03"
"	69BA0CDE","	Chamber1","	1","	B01??(?)","	8.4","	2026-07-23 20:50:03"
"	69BA0CDE","	Chamber1","	1","	B01??(%RH)","	85.3","	2026-07-23 20:50:01"
"	69BA0CDE","	Chamber1","	1","	B01??(?)","	8.4","	2026-07-23 20:50:01"
"	69BA0CDE","	Chamber1","	1","	B01??(%RH)","	85.3","	2026-07-23 20:49:59"
"	69BA0CDE","	Chamber1","	1","	B01??(?)","	8.4","	2026-07-23 20:49:59"
"	69BA0CDE","	Chamber1","	1","	B01??(%RH)","	85.3","	2026-07-23 20:49:57"
"	69BA0CDE","	Chamber1","	1","	B01??(?)","	8.4","	2026-07-23 20:49:57"
"	69BA0CDE","	Chamber1","	1","	B01??(%RH)","	85.3","	2026-07-23 20:49:55"
"	69BA0CDE","	Chamber1","	1","	B01??(?)","	8.4","	2026-07-23 20:49:55"
"	69BA0CDE","	Chamber1","	1","	B01??(%RH)","	85.3","	2026-07-23 20:49:53"
"	69BA0CDE","	Chamber1","	1","	B01??(?)","	8.4","	2026-07-23 20:49:53"
"	69BA0CDE","	Chamber1","	1","	B01??(%RH)","	85.3","	2026-07-23 20:49:51"
"	69BA0CDE","	Chamber1","	1","	B01??(?)","	8.4","	2026-07-23 20:49:51"
"	69BA0CDE","	Chamber1","	1","	B01??(%RH)","	85.3","	2026-07-23 20:49:49"
"	69BA0CDE","	Chamber1","	1","	B01??(?)","	8.4","	2026-07-23 20:49:49"
"	69BA0CDE","	Chamber1","	1","	B01??(%RH)","	85.3","	2026-07-23 20:49:46"
"	69BA0CDE","	Chamber1","	1","	B01??(?)","	8.4","	2026-07-23 20:49:46"
"	69BA0CDE","	Chamber1","	1","	B01??(%RH)","	85.3","	2026-07-23 20:49:44"
"	69BA0CDE","	Chamber1","	1","	B01??(?)","	8.4","	2026-07-23 20:49:44"
"	69BA0CDE","	Chamber1","	1","	B01??(%RH)","	85.3","	2026-07-23 20:49:42"
"	69BA0CDE","	Chamber1","	1","	B01??(?)","	8.4","	2026-07-23 20:49:42"
"	69BA0CDE","	Chamber1","	1","	B01??(%RH)","	85.3","	2026-07-23 20:49:40"
"	69BA0CDE","	Chamber1","	1","	B01??(?)","	8.4","	2026-07-23 20:49:40"
"	69BA0CDE","	Chamber1","	1","	B01??(%RH)","	85.3","	2026-07-23 20:49:38"
"	69BA0CDE","	Chamber1","	1","	B01??(?)","	8.4","	2026-07-23 20:49:38"
"	69BA0CDE","	Chamber1","	1","	B01??(%RH)","	85.3","	2026-07-23 20:49:36"
"	69BA0CDE","	Chamber1","	1","	B01??(?)","	8.4","	2026-07-23 20:49:36"
"	69BA0CDE","	Chamber1","	1","	B01??(%RH)","	85.3","	2026-07-23 20:49:34"
"	69BA0CDE","	Chamber1","	1","	B01??(?)","	8.4","	2026-07-23 20:49:34"
"	69BA0CDE","	Chamber1","	1","	B01??(%RH)","	85.3","	2026-07-23 20:49:32"
"	69BA0CDE","	Chamber1","	1","	B01??(?)","	8.4","	2026-07-23 20:49:32"
"	69BA0CDE","	Chamber1","	1","	B01??(%RH)","	85.3","	2026-07-23 20:49:30"
"	69BA0CDE","	Chamber1","	1","	B01??(?)","	8.4","	2026-07-23 20:49:30"
"	69BA0CDE","	Chamber1","	1","	B01??(%RH)","	85.3","	2026-07-23 20:49:28"
"	69BA0CDE","	Chamber1","	1","	B01??(?)","	8.4","	2026-07-23 20:49:28"
"	69BA0CDE","	Chamber1","	1","	B01??(%RH)","	85.3","	2026-07-23 20:49:26"
"	69BA0CDE","	Chamber1","	1","	B01??(?)","	8.4","	2026-07-23 20:49:26"
"	69BA0CDE","	Chamber1","	1","	B01??(%RH)","	85.3","	2026-07-23 20:49:24"
"	69BA0CDE","	Chamber1","	1","	B01??(?)","	8.4","	2026-07-23 20:49:24"
"	69BA0CDE","	Chamber1","	1","	B01??(%RH)","	85.3","	2026-07-23 20:49:22"
"	69BA0CDE","	Chamber1","	1","	B01??(?)","	8.4","	2026-07-23 20:49:22"
"	69BA0CDE","	Chamber1","	1","	B01??(%RH)","	85.3","	2026-07-23 20:49:20"
"	69BA0CDE","	Chamber1","	1","	B01??(?)","	8.4","	2026-07-23 20:49:20"
"	69BA0CDE","	Chamber1","	1","	B01??(%RH)","	85.3","	2026-07-23 20:49:18"
"	69BA0CDE","	Chamber1","	1","	B01??(?)","	8.4","	2026-07-23 20:49:18"
"	69BA0CDE","	Chamber1","	1","	B01??(%RH)","	85.3","	2026-07-23 20:49:16"
"	69BA0CDE","	Chamber1","	1","	B01??(?)","	8.4","	2026-07-23 20:49:16"
"	69BA0CDE","	Chamber1","	1","	B01??(%RH)","	85.3","	2026-07-23 20:49:14"
"	69BA0CDE","	Chamber1","	1","	B01??(?)","	8.4","	2026-07-23 20:49:14"
"	69BA0CDE","	Chamber1","	1","	B01??(%RH)","	85.3","	2026-07-23 20:49:12"
"	69BA0CDE","	Chamber1","	1","	B01??(?)","	8.4","	2026-07-23 20:49:12"
"	69BA0CDE","	Chamber1","	1","	B01??(%RH)","	85.3","	2026-07-23 20:49:10"
"	69BA0CDE","	Chamber1","	1","	B01??(?)","	8.4","	2026-07-23 20:49:10"
"	69BA0CDE","	Chamber1","	1","	B01??(%RH)","	85.3","	2026-07-23 20:49:08"
"	69BA0CDE","	Chamber1","	1","	B01??(?)","	8.4","	2026-07-23 20:49:08"
"	69BA0CDE","	Chamber1","	1","	B01??(%RH)","	85.3","	2026-07-23 20:49:06"
"	69BA0CDE","	Chamber1","	1","	B01??(?)","	8.4","	2026-07-23 20:49:06"
"	69BA0CDE","	Chamber1","	1","	B01??(%RH)","	85.3","	2026-07-23 20:49:04"
"	69BA0CDE","	Chamber1","	1","	B01??(?)","	8.4","	2026-07-23 20:49:04"
"	69BA0CDE","	Chamber1","	1","	B01??(%RH)","	85.3","	2026-07-23 20:49:01"
"	69BA0CDE","	Chamber1","	1","	B01??(?)","	8.4","	2026-07-23 20:49:01"
"	69BA0CDE","	Chamber1","	1","	B01??(%RH)","	85.3","	2026-07-23 20:48:59"
"	69BA0CDE","	Chamber1","	1","	B01??(?)","	8.4","	2026-07-23 20:48:59"
"	69BA0CDE","	Chamber1","	1","	B01??(%RH)","	85.3","	2026-07-23 20:48:57"
"	69BA0CDE","	Chamber1","	1","	B01??(?)","	8.4","	2026-07-23 20:48:57"
"	69BA0CDE","	Chamber1","	1","	B01??(%RH)","	85.3","	2026-07-23 20:48:55"
"	69BA0CDE","	Chamber1","	1","	B01??(?)","	8.4","	2026-07-23 20:48:55"
"	69BA0CDE","	Chamber1","	1","	B01??(%RH)","	85.3","	2026-07-23 20:48:53"
"	69BA0CDE","	Chamber1","	1","	B01??(?)","	8.4","	2026-07-23 20:48:53"
"	69BA0CDE","	Chamber1","	1","	B01??(%RH)","	85.2","	2026-07-23 20:48:51"
"	69BA0CDE","	Chamber1","	1","	B01??(?)","	8.4","	2026-07-23 20:48:51"
"	69BA0CDE","	Chamber1","	1","	B01??(%RH)","	85.3","	2026-07-23 20:48:49"
"	69BA0CDE","	Chamber1","	1","	B01??(?)","	8.4","	2026-07-23 20:48:49"
"	69BA0CDE","	Chamber1","	1","	B01??(%RH)","	85.3","	2026-07-23 20:48:47"
"	69BA0CDE","	Chamber1","	1","	B01??(?)","	8.4","	2026-07-23 20:48:47"
"	69BA0CDE","	Chamber1","	1","	B01??(%RH)","	85.3","	2026-07-23 20:48:45"
"	69BA0CDE","	Chamber1","	1","	B01??(?)","	8.4","	2026-07-23 20:48:45"
"	69BA0CDE","	Chamber1","	1","	B01??(%RH)","	85.3","	2026-07-23 20:48:43"
"	69BA0CDE","	Chamber1","	1","	B01??(?)","	8.4","	2026-07-23 20:48:43"
"	69BA0CDE","	Chamber1","	1","	B01??(%RH)","	85.3","	2026-07-23 20:48:41"
"	69BA0CDE","	Chamber1","	1","	B01??(?)","	8.4","	2026-07-23 20:48:41"
"	69BA0CDE","	Chamber1","	1","	B01??(%RH)","	85.3","	2026-07-23 20:48:39"
"	69BA0CDE","	Chamber1","	1","	B01??(?)","	8.4","	2026-07-23 20:48:39"
"	69BA0CDE","	Chamber1","	1","	B01??(%RH)","	85.3","	2026-07-23 20:48:37"
"	69BA0CDE","	Chamber1","	1","	B01??(?)","	8.4","	2026-07-23 20:48:37"
"	69BA0CDE","	Chamber1","	1","	B01??(%RH)","	85.2","	2026-07-23 20:48:35"
"	69BA0CDE","	Chamber1","	1","	B01??(?)","	8.4","	2026-07-23 20:48:35"
"	69BA0CDE","	Chamber1","	1","	B01??(%RH)","	85.3","	2026-07-23 20:48:33"
"	69BA0CDE","	Chamber1","	1","	B01??(?)","	8.4","	2026-07-23 20:48:33"
"	69BA0CDE","	Chamber1","	1","	B01??(%RH)","	85.3","	2026-07-23 20:48:31"
"	69BA0CDE","	Chamber1","	1","	B01??(?)","	8.4","	2026-07-23 20:48:31"
"	69BA0CDE","	Chamber1","	1","	B01??(%RH)","	85.3","	2026-07-23 20:48:29"
"	69BA0CDE","	Chamber1","	1","	B01??(?)","	8.4","	2026-07-23 20:48:29"
"	69BA0CDE","	Chamber1","	1","	B01??(%RH)","	85.3","	2026-07-23 20:48:27"
"	69BA0CDE","	Chamber1","	1","	B01??(?)","	8.4","	2026-07-23 20:48:27"
"	69BA0CDE","	Chamber1","	1","	B01??(%RH)","	85.3","	2026-07-23 20:48:25"
"	69BA0CDE","	Chamber1","	1","	B01??(?)","	8.4","	2026-07-23 20:48:25"
"	69BA0CDE","	Chamber1","	1","	B01??(%RH)","	85.3","	2026-07-23 20:48:23"
"	69BA0CDE","	Chamber1","	1","	B01??(?)","	8.4","	2026-07-23 20:48:23"
"	69BA0CDE","	Chamber1","	1","	B01??(%RH)","	85.2","	2026-07-23 20:48:21"
"	69BA0CDE","	Chamber1","	1","	B01??(?)","	8.4","	2026-07-23 20:48:21"
"	69BA0CDE","	Chamber1","	1","	B01??(%RH)","	85.2","	2026-07-23 20:48:18"
"	69BA0CDE","	Chamber1","	1","	B01??(?)","	8.4","	2026-07-23 20:48:18"
"	69BA0CDE","	Chamber1","	1","	B01??(%RH)","	85.2","	2026-07-23 20:48:16"
"	69BA0CDE","	Chamber1","	1","	B01??(?)","	8.4","	2026-07-23 20:48:16"
"	69BA0CDE","	Chamber1","	1","	B01??(%RH)","	85.3","	2026-07-23 20:48:14"
"	69BA0CDE","	Chamber1","	1","	B01??(?)","	8.4","	2026-07-23 20:48:14"
"	69BA0CDE","	Chamber1","	1","	B01??(%RH)","	85.2","	2026-07-23 20:48:12"
"	69BA0CDE","	Chamber1","	1","	B01??(?)","	8.4","	2026-07-23 20:48:12"
"	69BA0CDE","	Chamber1","	1","	B01??(%RH)","	85.3","	2026-07-23 20:48:10"
"	69BA0CDE","	Chamber1","	1","	B01??(?)","	8.4","	2026-07-23 20:48:10"
"	69BA0CDE","	Chamber1","	1","	B01??(%RH)","	85.3","	2026-07-23 20:48:08"
"	69BA0CDE","	Chamber1","	1","	B01??(?)","	8.4","	2026-07-23 20:48:08"
"	69BA0CDE","	Chamber1","	1","	B01??(%RH)","	85.3","	2026-07-23 20:48:06"
"	69BA0CDE","	Chamber1","	1","	B01??(?)","	8.4","	2026-07-23 20:48:06"
"	69BA0CDE","	Chamber1","	1","	B01??(%RH)","	85.3","	2026-07-23 20:48:04"
"	69BA0CDE","	Chamber1","	1","	B01??(?)","	8.4","	2026-07-23 20:48:04"
"	69BA0CDE","	Chamber1","	1","	B01??(%RH)","	85.3","	2026-07-23 20:48:02"
"	69BA0CDE","	Chamber1","	1","	B01??(?)","	8.4","	2026-07-23 20:48:02"
"	69BA0CDE","	Chamber1","	1","	B01??(%RH)","	85.3","	2026-07-23 20:48:00"
"	69BA0CDE","	Chamber1","	1","	B01??(?)","	8.4","	2026-07-23 20:48:00"
"	69BA0CDE","	Chamber1","	1","	B01??(%RH)","	85.2","	2026-07-23 20:47:58"
"	69BA0CDE","	Chamber1","	1","	B01??(?)","	8.4","	2026-07-23 20:47:58"
"	69BA0CDE","	Chamber1","	1","	B01??(%RH)","	85.2","	2026-07-23 20:47:56"
"	69BA0CDE","	Chamber1","	1","	B01??(?)","	8.4","	2026-07-23 20:47:56"
"	69BA0CDE","	Chamber1","	1","	B01??(%RH)","	85.3","	2026-07-23 20:47:54"
"	69BA0CDE","	Chamber1","	1","	B01??(?)","	8.4","	2026-07-23 20:47:54"
"	69BA0CDE","	Chamber1","	1","	B01??(%RH)","	85.2","	2026-07-23 20:47:52"
"	69BA0CDE","	Chamber1","	1","	B01??(?)","	8.4","	2026-07-23 20:47:52"
"	69BA0CDE","	Chamber1","	1","	B01??(%RH)","	85.3","	2026-07-23 20:47:50"
"	69BA0CDE","	Chamber1","	1","	B01??(?)","	8.4","	2026-07-23 20:47:50"
"	69BA0CDE","	Chamber1","	1","	B01??(%RH)","	85.3","	2026-07-23 20:47:48"
"	69BA0CDE","	Chamber1","	1","	B01??(?)","	8.4","	2026-07-23 20:47:48"
"	69BA0CDE","	Chamber1","	1","	B01??(%RH)","	85.2","	2026-07-23 20:47:46"
"	69BA0CDE","	Chamber1","	1","	B01??(?)","	8.4","	2026-07-23 20:47:46"
"	69BA0CDE","	Chamber1","	1","	B01??(%RH)","	85.2","	2026-07-23 20:47:44"
"	69BA0CDE","	Chamber1","	1","	B01??(?)","	8.4","	2026-07-23 20:47:44"
"	69BA0CDE","	Chamber1","	1","	B01??(%RH)","	85.3","	2026-07-23 20:47:42"
"	69BA0CDE","	Chamber1","	1","	B01??(?)","	8.4","	2026-07-23 20:47:42"
"	69BA0CDE","	Chamber1","	1","	B01??(%RH)","	85.2","	2026-07-23 20:47:40"
"	69BA0CDE","	Chamber1","	1","	B01??(?)","	8.4","	2026-07-23 20:47:40"
"	69BA0CDE","	Chamber1","	1","	B01??(%RH)","	85.2","	2026-07-23 20:47:38"
"	69BA0CDE","	Chamber1","	1","	B01??(?)","	8.4","	2026-07-23 20:47:38"
"	69BA0CDE","	Chamber1","	1","	B01??(%RH)","	85.2","	2026-07-23 20:47:36"
"	69BA0CDE","	Chamber1","	1","	B01??(?)","	8.4","	2026-07-23 20:47:36"
"	69BA0CDE","	Chamber1","	1","	B01??(%RH)","	85.2","	2026-07-23 20:47:33"
"	69BA0CDE","	Chamber1","	1","	B01??(?)","	8.4","	2026-07-23 20:47:33"
"	69BA0CDE","	Chamber1","	1","	B01??(%RH)","	85.2","	2026-07-23 20:47:31"
"	69BA0CDE","	Chamber1","	1","	B01??(?)","	8.4","	2026-07-23 20:47:31"
"	69BA0CDE","	Chamber1","	1","	B01??(%RH)","	85.3","	2026-07-23 20:47:29"
"	69BA0CDE","	Chamber1","	1","	B01??(?)","	8.4","	2026-07-23 20:47:29"
"	69BA0CDE","	Chamber1","	1","	B01??(%RH)","	85.2","	2026-07-23 20:47:27"
"	69BA0CDE","	Chamber1","	1","	B01??(?)","	8.4","	2026-07-23 20:47:27"
"	69BA0CDE","	Chamber1","	1","	B01??(%RH)","	85.2","	2026-07-23 20:47:25"
"	69BA0CDE","	Chamber1","	1","	B01??(?)","	8.4","	2026-07-23 20:47:25"
"	69BA0CDE","	Chamber1","	1","	B01??(%RH)","	85.2","	2026-07-23 20:47:23"
"	69BA0CDE","	Chamber1","	1","	B01??(?)","	8.4","	2026-07-23 20:47:23"
"	69BA0CDE","	Chamber1","	1","	B01??(%RH)","	85.2","	2026-07-23 20:47:21"
"	69BA0CDE","	Chamber1","	1","	B01??(?)","	8.4","	2026-07-23 20:47:21"
"	69BA0CDE","	Chamber1","	1","	B01??(%RH)","	85.2","	2026-07-23 20:47:19"
"	69BA0CDE","	Chamber1","	1","	B01??(?)","	8.4","	2026-07-23 20:47:19"
"	69BA0CDE","	Chamber1","	1","	B01??(%RH)","	85.2","	2026-07-23 20:47:17"
"	69BA0CDE","	Chamber1","	1","	B01??(?)","	8.4","	2026-07-23 20:47:17"
"	69BA0CDE","	Chamber1","	1","	B01??(%RH)","	85.2","	2026-07-23 20:47:15"
"	69BA0CDE","	Chamber1","	1","	B01??(?)","	8.4","	2026-07-23 20:47:15"
"	69BA0CDE","	Chamber1","	1","	B01??(%RH)","	85.2","	2026-07-23 20:47:13"
"	69BA0CDE","	Chamber1","	1","	B01??(?)","	8.4","	2026-07-23 20:47:13"
"	69BA0CDE","	Chamber1","	1","	B01??(%RH)","	85.2","	2026-07-23 20:47:11"
"	69BA0CDE","	Chamber1","	1","	B01??(?)","	8.4","	2026-07-23 20:47:11"
"	69BA0CDE","	Chamber1","	1","	B01??(%RH)","	85.2","	2026-07-23 20:47:09"
"	69BA0CDE","	Chamber1","	1","	B01??(?)","	8.4","	2026-07-23 20:47:09"
"	69BA0CDE","	Chamber1","	1","	B01??(%RH)","	85.3","	2026-07-23 20:47:07"
"	69BA0CDE","	Chamber1","	1","	B01??(?)","	8.4","	2026-07-23 20:47:07"
"	69BA0CDE","	Chamber1","	1","	B01??(%RH)","	85.2","	2026-07-23 20:47:05"
"	69BA0CDE","	Chamber1","	1","	B01??(?)","	8.4","	2026-07-23 20:47:05"
"	69BA0CDE","	Chamber1","	1","	B01??(%RH)","	85.2","	2026-07-23 20:47:03"
"	69BA0CDE","	Chamber1","	1","	B01??(?)","	8.3","	2026-07-23 20:47:03"
"	69BA0CDE","	Chamber1","	1","	B01??(%RH)","	85.2","	2026-07-23 20:47:01"
"	69BA0CDE","	Chamber1","	1","	B01??(?)","	8.4","	2026-07-23 20:47:01"
"	69BA0CDE","	Chamber1","	1","	B01??(%RH)","	85.3","	2026-07-23 20:46:59"
"	69BA0CDE","	Chamber1","	1","	B01??(?)","	8.4","	2026-07-23 20:46:59"
"	69BA0CDE","	Chamber1","	1","	B01??(%RH)","	85.2","	2026-07-23 20:46:57"
"	69BA0CDE","	Chamber1","	1","	B01??(?)","	8.3","	2026-07-23 20:46:57"
"	69BA0CDE","	Chamber1","	1","	B01??(%RH)","	85.2","	2026-07-23 20:46:55"
"	69BA0CDE","	Chamber1","	1","	B01??(?)","	8.3","	2026-07-23 20:46:55"
"	69BA0CDE","	Chamber1","	1","	B01??(%RH)","	85.2","	2026-07-23 20:46:52"
"	69BA0CDE","	Chamber1","	1","	B01??(?)","	8.3","	2026-07-23 20:46:52"
"	69BA0CDE","	Chamber1","	1","	B01??(%RH)","	85.2","	2026-07-23 20:46:50"
"	69BA0CDE","	Chamber1","	1","	B01??(?)","	8.3","	2026-07-23 20:46:50"
"	69BA0CDE","	Chamber1","	1","	B01??(%RH)","	85.2","	2026-07-23 20:46:48"
"	69BA0CDE","	Chamber1","	1","	B01??(?)","	8.3","	2026-07-23 20:46:48"
"	69BA0CDE","	Chamber1","	1","	B01??(%RH)","	85.2","	2026-07-23 20:46:46"
"	69BA0CDE","	Chamber1","	1","	B01??(?)","	8.4","	2026-07-23 20:46:46"
"	69BA0CDE","	Chamber1","	1","	B01??(%RH)","	85.2","	2026-07-23 20:46:44"
"	69BA0CDE","	Chamber1","	1","	B01??(?)","	8.4","	2026-07-23 20:46:44"
"	69BA0CDE","	Chamber1","	1","	B01??(%RH)","	85.2","	2026-07-23 20:46:42"
"	69BA0CDE","	Chamber1","	1","	B01??(?)","	8.3","	2026-07-23 20:46:42"
"	69BA0CDE","	Chamber1","	1","	B01??(%RH)","	85.2","	2026-07-23 20:46:40"
"	69BA0CDE","	Chamber1","	1","	B01??(?)","	8.4","	2026-07-23 20:46:40"
"	69BA0CDE","	Chamber1","	1","	B01??(%RH)","	85.2","	2026-07-23 20:46:38"
"	69BA0CDE","	Chamber1","	1","	B01??(?)","	8.3","	2026-07-23 20:46:38"
"	69BA0CDE","	Chamber1","	1","	B01??(%RH)","	85.2","	2026-07-23 20:46:36"
"	69BA0CDE","	Chamber1","	1","	B01??(?)","	8.3","	2026-07-23 20:46:36"
"	69BA0CDE","	Chamber1","	1","	B01??(%RH)","	85.2","	2026-07-23 20:46:34"
"	69BA0CDE","	Chamber1","	1","	B01??(?)","	8.3","	2026-07-23 20:46:34"
"	69BA0CDE","	Chamber1","	1","	B01??(%RH)","	85.2","	2026-07-23 20:46:32"
"	69BA0CDE","	Chamber1","	1","	B01??(?)","	8.4","	2026-07-23 20:46:32"
"	69BA0CDE","	Chamber1","	1","	B01??(%RH)","	85.2","	2026-07-23 20:46:30"
"	69BA0CDE","	Chamber1","	1","	B01??(?)","	8.3","	2026-07-23 20:46:30"
"	69BA0CDE","	Chamber1","	1","	B01??(%RH)","	85.2","	2026-07-23 20:46:28"
"	69BA0CDE","	Chamber1","	1","	B01??(?)","	8.3","	2026-07-23 20:46:28"
"	69BA0CDE","	Chamber1","	1","	B01??(%RH)","	85.2","	2026-07-23 20:46:26"
"	69BA0CDE","	Chamber1","	1","	B01??(?)","	8.3","	2026-07-23 20:46:26"
"	69BA0CDE","	Chamber1","	1","	B01??(%RH)","	85.2","	2026-07-23 20:46:24"
"	69BA0CDE","	Chamber1","	1","	B01??(?)","	8.3","	2026-07-23 20:46:24"
"	69BA0CDE","	Chamber1","	1","	B01??(%RH)","	85.2","	2026-07-23 20:46:22"
"	69BA0CDE","	Chamber1","	1","	B01??(?)","	8.3","	2026-07-23 20:46:22"
"	69BA0CDE","	Chamber1","	1","	B01??(%RH)","	85.2","	2026-07-23 20:46:20"
"	69BA0CDE","	Chamber1","	1","	B01??(?)","	8.3","	2026-07-23 20:46:20"
"	69BA0CDE","	Chamber1","	1","	B01??(%RH)","	85.2","	2026-07-23 20:46:18"
"	69BA0CDE","	Chamber1","	1","	B01??(?)","	8.3","	2026-07-23 20:46:18"
"	69BA0CDE","	Chamber1","	1","	B01??(%RH)","	85.2","	2026-07-23 20:46:16"
"	69BA0CDE","	Chamber1","	1","	B01??(?)","	8.3","	2026-07-23 20:46:16"
"	69BA0CDE","	Chamber1","	1","	B01??(%RH)","	85.2","	2026-07-23 20:46:14"
"	69BA0CDE","	Chamber1","	1","	B01??(?)","	8.3","	2026-07-23 20:46:14"
"	69BA0CDE","	Chamber1","	1","	B01??(%RH)","	85.2","	2026-07-23 20:46:12"
"	69BA0CDE","	Chamber1","	1","	B01??(?)","	8.3","	2026-07-23 20:46:12"
"	69BA0CDE","	Chamber1","	1","	B01??(%RH)","	85.2","	2026-07-23 20:46:10"
"	69BA0CDE","	Chamber1","	1","	B01??(?)","	8.4","	2026-07-23 20:46:10"
"	69BA0CDE","	Chamber1","	1","	B01??(%RH)","	85.2","	2026-07-23 20:46:07"
"	69BA0CDE","	Chamber1","	1","	B01??(?)","	8.3","	2026-07-23 20:46:07"
"	69BA0CDE","	Chamber1","	1","	B01??(%RH)","	85.2","	2026-07-23 20:46:05"
"	69BA0CDE","	Chamber1","	1","	B01??(?)","	8.3","	2026-07-23 20:46:05"
"	69BA0CDE","	Chamber1","	1","	B01??(%RH)","	85.2","	2026-07-23 20:46:03"
"	69BA0CDE","	Chamber1","	1","	B01??(?)","	8.3","	2026-07-23 20:46:03"
"	69BA0CDE","	Chamber1","	1","	B01??(%RH)","	85.2","	2026-07-23 20:46:01"
"	69BA0CDE","	Chamber1","	1","	B01??(?)","	8.3","	2026-07-23 20:46:01"
"	69BA0CDE","	Chamber1","	1","	B01??(%RH)","	85.2","	2026-07-23 20:45:59"
"	69BA0CDE","	Chamber1","	1","	B01??(?)","	8.3","	2026-07-23 20:45:59"
"	69BA0CDE","	Chamber1","	1","	B01??(%RH)","	85.2","	2026-07-23 20:45:57"
"	69BA0CDE","	Chamber1","	1","	B01??(?)","	8.3","	2026-07-23 20:45:57"
"	69BA0CDE","	Chamber1","	1","	B01??(%RH)","	85.2","	2026-07-23 20:45:55"
"	69BA0CDE","	Chamber1","	1","	B01??(?)","	8.3","	2026-07-23 20:45:55"
"	69BA0CDE","	Chamber1","	1","	B01??(%RH)","	85.2","	2026-07-23 20:45:53"
"	69BA0CDE","	Chamber1","	1","	B01??(?)","	8.3","	2026-07-23 20:45:53"
"	69BA0CDE","	Chamber1","	1","	B01??(%RH)","	85.2","	2026-07-23 20:45:51"
"	69BA0CDE","	Chamber1","	1","	B01??(?)","	8.3","	2026-07-23 20:45:51"
"	69BA0CDE","	Chamber1","	1","	B01??(%RH)","	85.2","	2026-07-23 20:45:49"
"	69BA0CDE","	Chamber1","	1","	B01??(?)","	8.3","	2026-07-23 20:45:49"
"	69BA0CDE","	Chamber1","	1","	B01??(%RH)","	85.2","	2026-07-23 20:45:47"
"	69BA0CDE","	Chamber1","	1","	B01??(?)","	8.3","	2026-07-23 20:45:47"
"	69BA0CDE","	Chamber1","	1","	B01??(%RH)","	85.2","	2026-07-23 20:45:45"
"	69BA0CDE","	Chamber1","	1","	B01??(?)","	8.3","	2026-07-23 20:45:45"
"	69BA0CDE","	Chamber1","	1","	B01??(%RH)","	85.2","	2026-07-23 20:45:43"
"	69BA0CDE","	Chamber1","	1","	B01??(?)","	8.3","	2026-07-23 20:45:43"
"	69BA0CDE","	Chamber1","	1","	B01??(%RH)","	85.2","	2026-07-23 20:45:41"
"	69BA0CDE","	Chamber1","	1","	B01??(?)","	8.3","	2026-07-23 20:45:41"
"	69BA0CDE","	Chamber1","	1","	B01??(%RH)","	85.1","	2026-07-23 20:45:39"
"	69BA0CDE","	Chamber1","	1","	B01??(?)","	8.3","	2026-07-23 20:45:39"
"	69BA0CDE","	Chamber1","	1","	B01??(%RH)","	85.2","	2026-07-23 20:45:37"
"	69BA0CDE","	Chamber1","	1","	B01??(?)","	8.3","	2026-07-23 20:45:37"
"	69BA0CDE","	Chamber1","	1","	B01??(%RH)","	85.2","	2026-07-23 20:45:35"
"	69BA0CDE","	Chamber1","	1","	B01??(?)","	8.3","	2026-07-23 20:45:35"
"	69BA0CDE","	Chamber1","	1","	B01??(%RH)","	85.2","	2026-07-23 20:45:33"
"	69BA0CDE","	Chamber1","	1","	B01??(?)","	8.3","	2026-07-23 20:45:33"
"	69BA0CDE","	Chamber1","	1","	B01??(%RH)","	85.2","	2026-07-23 20:45:31"
"	69BA0CDE","	Chamber1","	1","	B01??(?)","	8.3","	2026-07-23 20:45:31"
"	69BA0CDE","	Chamber1","	1","	B01??(%RH)","	85.2","	2026-07-23 20:45:29"
"	69BA0CDE","	Chamber1","	1","	B01??(?)","	8.3","	2026-07-23 20:45:29"
"	69BA0CDE","	Chamber1","	1","	B01??(%RH)","	85.2","	2026-07-23 20:45:27"
"	69BA0CDE","	Chamber1","	1","	B01??(?)","	8.3","	2026-07-23 20:45:27"
"	69BA0CDE","	Chamber1","	1","	B01??(%RH)","	85.2","	2026-07-23 20:45:25"
"	69BA0CDE","	Chamber1","	1","	B01??(?)","	8.3","	2026-07-23 20:45:24"
"	69BA0CDE","	Chamber1","	1","	B01??(%RH)","	85.1","	2026-07-23 20:45:22"
"	69BA0CDE","	Chamber1","	1","	B01??(?)","	8.3","	2026-07-23 20:45:22"
"	69BA0CDE","	Chamber1","	1","	B01??(%RH)","	85.2","	2026-07-23 20:45:20"
"	69BA0CDE","	Chamber1","	1","	B01??(?)","	8.3","	2026-07-23 20:45:20"
"	69BA0CDE","	Chamber1","	1","	B01??(%RH)","	85.2","	2026-07-23 20:45:18"
"	69BA0CDE","	Chamber1","	1","	B01??(?)","	8.3","	2026-07-23 20:45:18"
"	69BA0CDE","	Chamber1","	1","	B01??(%RH)","	85.2","	2026-07-23 20:45:16"
"	69BA0CDE","	Chamber1","	1","	B01??(?)","	8.3","	2026-07-23 20:45:16"
"	69BA0CDE","	Chamber1","	1","	B01??(%RH)","	85.2","	2026-07-23 20:45:14"
"	69BA0CDE","	Chamber1","	1","	B01??(?)","	8.3","	2026-07-23 20:45:14"
"	69BA0CDE","	Chamber1","	1","	B01??(%RH)","	85.2","	2026-07-23 20:45:12"
"	69BA0CDE","	Chamber1","	1","	B01??(?)","	8.3","	2026-07-23 20:45:12"
"	69BA0CDE","	Chamber1","	1","	B01??(%RH)","	85.1","	2026-07-23 20:45:10"
"	69BA0CDE","	Chamber1","	1","	B01??(?)","	8.3","	2026-07-23 20:45:10"
"	69BA0CDE","	Chamber1","	1","	B01??(%RH)","	85.2","	2026-07-23 20:45:08"
"	69BA0CDE","	Chamber1","	1","	B01??(?)","	8.3","	2026-07-23 20:45:08"
"	69BA0CDE","	Chamber1","	1","	B01??(%RH)","	85.1","	2026-07-23 20:45:06"
"	69BA0CDE","	Chamber1","	1","	B01??(?)","	8.3","	2026-07-23 20:45:06"
"	69BA0CDE","	Chamber1","	1","	B01??(%RH)","	85.1","	2026-07-23 20:45:04"
"	69BA0CDE","	Chamber1","	1","	B01??(?)","	8.3","	2026-07-23 20:45:04"
"	69BA0CDE","	Chamber1","	1","	B01??(%RH)","	85.1","	2026-07-23 20:45:02"
"	69BA0CDE","	Chamber1","	1","	B01??(?)","	8.3","	2026-07-23 20:45:02"
"	69BA0CDE","	Chamber1","	1","	B01??(%RH)","	85.1","	2026-07-23 20:45:00"
"	69BA0CDE","	Chamber1","	1","	B01??(?)","	8.3","	2026-07-23 20:45:00"
"	69BA0CDE","	Chamber1","	1","	B01??(%RH)","	85.2","	2026-07-23 20:44:58"
"	69BA0CDE","	Chamber1","	1","	B01??(?)","	8.3","	2026-07-23 20:44:58"
"	69BA0CDE","	Chamber1","	1","	B01??(%RH)","	85.1","	2026-07-23 20:44:56"
"	69BA0CDE","	Chamber1","	1","	B01??(?)","	8.3","	2026-07-23 20:44:56"
"	69BA0CDE","	Chamber1","	1","	B01??(%RH)","	85.2","	2026-07-23 20:44:54"
"	69BA0CDE","	Chamber1","	1","	B01??(?)","	8.3","	2026-07-23 20:44:54"
"	69BA0CDE","	Chamber1","	1","	B01??(%RH)","	85.1","	2026-07-23 20:44:52"
"	69BA0CDE","	Chamber1","	1","	B01??(?)","	8.3","	2026-07-23 20:44:52"
"	69BA0CDE","	Chamber1","	1","	B01??(%RH)","	85.1","	2026-07-23 20:44:50"
"	69BA0CDE","	Chamber1","	1","	B01??(?)","	8.3","	2026-07-23 20:44:50"
"	69BA0CDE","	Chamber1","	1","	B01??(%RH)","	85.1","	2026-07-23 20:44:48"
"	69BA0CDE","	Chamber1","	1","	B01??(?)","	8.3","	2026-07-23 20:44:48"
"	69BA0CDE","	Chamber1","	1","	B01??(%RH)","	85.1","	2026-07-23 20:44:46"
"	69BA0CDE","	Chamber1","	1","	B01??(?)","	8.3","	2026-07-23 20:44:46"
"	69BA0CDE","	Chamber1","	1","	B01??(%RH)","	85.1","	2026-07-23 20:44:44"
"	69BA0CDE","	Chamber1","	1","	B01??(?)","	8.3","	2026-07-23 20:44:44"
"	69BA0CDE","	Chamber1","	1","	B01??(%RH)","	85.1","	2026-07-23 20:44:42"
"	69BA0CDE","	Chamber1","	1","	B01??(?)","	8.3","	2026-07-23 20:44:42"
"	69BA0CDE","	Chamber1","	1","	B01??(%RH)","	85.1","	2026-07-23 20:44:39"
"	69BA0CDE","	Chamber1","	1","	B01??(?)","	8.3","	2026-07-23 20:44:39"
"	69BA0CDE","	Chamber1","	1","	B01??(%RH)","	85.1","	2026-07-23 20:44:37"
"	69BA0CDE","	Chamber1","	1","	B01??(?)","	8.3","	2026-07-23 20:44:37"
"	69BA0CDE","	Chamber1","	1","	B01??(%RH)","	85.1","	2026-07-23 20:44:35"
"	69BA0CDE","	Chamber1","	1","	B01??(?)","	8.3","	2026-07-23 20:44:35"
"	69BA0CDE","	Chamber1","	1","	B01??(%RH)","	85.1","	2026-07-23 20:44:33"
"	69BA0CDE","	Chamber1","	1","	B01??(?)","	8.3","	2026-07-23 20:44:33"
"	69BA0CDE","	Chamber1","	1","	B01??(%RH)","	85.1","	2026-07-23 20:44:31"
"	69BA0CDE","	Chamber1","	1","	B01??(?)","	8.3","	2026-07-23 20:44:31"
"	69BA0CDE","	Chamber1","	1","	B01??(%RH)","	85.1","	2026-07-23 20:44:29"
"	69BA0CDE","	Chamber1","	1","	B01??(?)","	8.3","	2026-07-23 20:44:29"
"	69BA0CDE","	Chamber1","	1","	B01??(%RH)","	85.1","	2026-07-23 20:44:27"
"	69BA0CDE","	Chamber1","	1","	B01??(?)","	8.3","	2026-07-23 20:44:27"
"	69BA0CDE","	Chamber1","	1","	B01??(%RH)","	85.1","	2026-07-23 20:44:25"
"	69BA0CDE","	Chamber1","	1","	B01??(?)","	8.3","	2026-07-23 20:44:25"
"	69BA0CDE","	Chamber1","	1","	B01??(%RH)","	85.1","	2026-07-23 20:44:23"
"	69BA0CDE","	Chamber1","	1","	B01??(?)","	8.3","	2026-07-23 20:44:23"
"	69BA0CDE","	Chamber1","	1","	B01??(%RH)","	85.1","	2026-07-23 20:44:21"
"	69BA0CDE","	Chamber1","	1","	B01??(?)","	8.3","	2026-07-23 20:44:21"
"	69BA0CDE","	Chamber1","	1","	B01??(%RH)","	85.1","	2026-07-23 20:44:19"
"	69BA0CDE","	Chamber1","	1","	B01??(?)","	8.3","	2026-07-23 20:44:19"
"	69BA0CDE","	Chamber1","	1","	B01??(%RH)","	85.1","	2026-07-23 20:44:17"
"	69BA0CDE","	Chamber1","	1","	B01??(?)","	8.3","	2026-07-23 20:44:17"
"	69BA0CDE","	Chamber1","	1","	B01??(%RH)","	85.1","	2026-07-23 20:44:15"
"	69BA0CDE","	Chamber1","	1","	B01??(?)","	8.3","	2026-07-23 20:44:15"
"	69BA0CDE","	Chamber1","	1","	B01??(%RH)","	85.1","	2026-07-23 20:44:13"
"	69BA0CDE","	Chamber1","	1","	B01??(?)","	8.3","	2026-07-23 20:44:13"
"	69BA0CDE","	Chamber1","	1","	B01??(%RH)","	85.1","	2026-07-23 20:44:11"
"	69BA0CDE","	Chamber1","	1","	B01??(?)","	8.3","	2026-07-23 20:44:11"
"	69BA0CDE","	Chamber1","	1","	B01??(%RH)","	85.1","	2026-07-23 20:44:09"
"	69BA0CDE","	Chamber1","	1","	B01??(?)","	8.3","	2026-07-23 20:44:09"
"	69BA0CDE","	Chamber1","	1","	B01??(%RH)","	85.1","	2026-07-23 20:44:07"
"	69BA0CDE","	Chamber1","	1","	B01??(?)","	8.3","	2026-07-23 20:44:07"
"	69BA0CDE","	Chamber1","	1","	B01??(%RH)","	85.1","	2026-07-23 20:44:05"
"	69BA0CDE","	Chamber1","	1","	B01??(?)","	8.3","	2026-07-23 20:44:05"
"	69BA0CDE","	Chamber1","	1","	B01??(%RH)","	85.1","	2026-07-23 20:44:03"
"	69BA0CDE","	Chamber1","	1","	B01??(?)","	8.3","	2026-07-23 20:44:03"
"	69BA0CDE","	Chamber1","	1","	B01??(%RH)","	85.1","	2026-07-23 20:44:01"
"	69BA0CDE","	Chamber1","	1","	B01??(?)","	8.3","	2026-07-23 20:44:01"
"	69BA0CDE","	Chamber1","	1","	B01??(%RH)","	85.1","	2026-07-23 20:43:59"
"	69BA0CDE","	Chamber1","	1","	B01??(?)","	8.3","	2026-07-23 20:43:59"
"	69BA0CDE","	Chamber1","	1","	B01??(%RH)","	85.1","	2026-07-23 20:43:57"
"	69BA0CDE","	Chamber1","	1","	B01??(?)","	8.3","	2026-07-23 20:43:57"
"	69BA0CDE","	Chamber1","	1","	B01??(%RH)","	85.1","	2026-07-23 20:43:54"
"	69BA0CDE","	Chamber1","	1","	B01??(?)","	8.3","	2026-07-23 20:43:54"
"	69BA0CDE","	Chamber1","	1","	B01??(%RH)","	85.1","	2026-07-23 20:43:52"
"	69BA0CDE","	Chamber1","	1","	B01??(?)","	8.3","	2026-07-23 20:43:52"
"	69BA0CDE","	Chamber1","	1","	B01??(%RH)","	85","	2026-07-23 20:43:50"
"	69BA0CDE","	Chamber1","	1","	B01??(?)","	8.3","	2026-07-23 20:43:50"
"	69BA0CDE","	Chamber1","	1","	B01??(%RH)","	85.1","	2026-07-23 20:43:48"
"	69BA0CDE","	Chamber1","	1","	B01??(?)","	8.3","	2026-07-23 20:43:48"
"	69BA0CDE","	Chamber1","	1","	B01??(%RH)","	85.1","	2026-07-23 20:43:46"
"	69BA0CDE","	Chamber1","	1","	B01??(?)","	8.3","	2026-07-23 20:43:46"
"	69BA0CDE","	Chamber1","	1","	B01??(%RH)","	85","	2026-07-23 20:43:44"
"	69BA0CDE","	Chamber1","	1","	B01??(?)","	8.3","	2026-07-23 20:43:44"
"	69BA0CDE","	Chamber1","	1","	B01??(%RH)","	85","	2026-07-23 20:43:42"
"	69BA0CDE","	Chamber1","	1","	B01??(?)","	8.3","	2026-07-23 20:43:42"
"	69BA0CDE","	Chamber1","	1","	B01??(%RH)","	85","	2026-07-23 20:43:40"
"	69BA0CDE","	Chamber1","	1","	B01??(?)","	8.3","	2026-07-23 20:43:40"
"	69BA0CDE","	Chamber1","	1","	B01??(%RH)","	85.1","	2026-07-23 20:43:38"
"	69BA0CDE","	Chamber1","	1","	B01??(?)","	8.3","	2026-07-23 20:43:38"
"	69BA0CDE","	Chamber1","	1","	B01??(%RH)","	85.1","	2026-07-23 20:43:36"
"	69BA0CDE","	Chamber1","	1","	B01??(?)","	8.3","	2026-07-23 20:43:36"
"	69BA0CDE","	Chamber1","	1","	B01??(%RH)","	85","	2026-07-23 20:43:34"
"	69BA0CDE","	Chamber1","	1","	B01??(?)","	8.3","	2026-07-23 20:43:34"
"	69BA0CDE","	Chamber1","	1","	B01??(%RH)","	85","	2026-07-23 20:43:32"
"	69BA0CDE","	Chamber1","	1","	B01??(?)","	8.2","	2026-07-23 20:43:32"
"	69BA0CDE","	Chamber1","	1","	B01??(%RH)","	85.1","	2026-07-23 20:43:30"
"	69BA0CDE","	Chamber1","	1","	B01??(?)","	8.3","	2026-07-23 20:43:30"
"	69BA0CDE","	Chamber1","	1","	B01??(%RH)","	85.1","	2026-07-23 20:43:28"
"	69BA0CDE","	Chamber1","	1","	B01??(?)","	8.3","	2026-07-23 20:43:28"
"	69BA0CDE","	Chamber1","	1","	B01??(%RH)","	85","	2026-07-23 20:43:26"
"	69BA0CDE","	Chamber1","	1","	B01??(?)","	8.3","	2026-07-23 20:43:26"
"	69BA0CDE","	Chamber1","	1","	B01??(%RH)","	85.1","	2026-07-23 20:43:24"
"	69BA0CDE","	Chamber1","	1","	B01??(?)","	8.3","	2026-07-23 20:43:24"
"	69BA0CDE","	Chamber1","	1","	B01??(%RH)","	85.1","	2026-07-23 20:43:22"
"	69BA0CDE","	Chamber1","	1","	B01??(?)","	8.3","	2026-07-23 20:43:22"
"	69BA0CDE","	Chamber1","	1","	B01??(%RH)","	85","	2026-07-23 20:43:20"
"	69BA0CDE","	Chamber1","	1","	B01??(?)","	8.3","	2026-07-23 20:43:20"
"	69BA0CDE","	Chamber1","	1","	B01??(%RH)","	85.1","	2026-07-23 20:43:18"
"	69BA0CDE","	Chamber1","	1","	B01??(?)","	8.3","	2026-07-23 20:43:18"
"	69BA0CDE","	Chamber1","	1","	B01??(%RH)","	85","	2026-07-23 20:43:16"
"	69BA0CDE","	Chamber1","	1","	B01??(?)","	8.3","	2026-07-23 20:43:16"
"	69BA0CDE","	Chamber1","	1","	B01??(%RH)","	85","	2026-07-23 20:43:14"
"	69BA0CDE","	Chamber1","	1","	B01??(?)","	8.3","	2026-07-23 20:43:14"
"	69BA0CDE","	Chamber1","	1","	B01??(%RH)","	85","	2026-07-23 20:43:11"
"	69BA0CDE","	Chamber1","	1","	B01??(?)","	8.2","	2026-07-23 20:43:11"
"	69BA0CDE","	Chamber1","	1","	B01??(%RH)","	85.1","	2026-07-23 20:43:09"
"	69BA0CDE","	Chamber1","	1","	B01??(?)","	8.3","	2026-07-23 20:43:09"
"	69BA0CDE","	Chamber1","	1","	B01??(%RH)","	85","	2026-07-23 20:43:07"
"	69BA0CDE","	Chamber1","	1","	B01??(?)","	8.3","	2026-07-23 20:43:07"
"	69BA0CDE","	Chamber1","	1","	B01??(%RH)","	85.1","	2026-07-23 20:43:05"
"	69BA0CDE","	Chamber1","	1","	B01??(?)","	8.2","	2026-07-23 20:43:05"
"	69BA0CDE","	Chamber1","	1","	B01??(%RH)","	85","	2026-07-23 20:43:03"
"	69BA0CDE","	Chamber1","	1","	B01??(?)","	8.3","	2026-07-23 20:43:03"
"	69BA0CDE","	Chamber1","	1","	B01??(%RH)","	85","	2026-07-23 20:43:01"
"	69BA0CDE","	Chamber1","	1","	B01??(?)","	8.2","	2026-07-23 20:43:01"
"	69BA0CDE","	Chamber1","	1","	B01??(%RH)","	85","	2026-07-23 20:42:59"
"	69BA0CDE","	Chamber1","	1","	B01??(?)","	8.3","	2026-07-23 20:42:59"
"	69BA0CDE","	Chamber1","	1","	B01??(%RH)","	85","	2026-07-23 20:42:57"
"	69BA0CDE","	Chamber1","	1","	B01??(?)","	8.2","	2026-07-23 20:42:57"
"	69BA0CDE","	Chamber1","	1","	B01??(%RH)","	85.1","	2026-07-23 20:42:55"
"	69BA0CDE","	Chamber1","	1","	B01??(?)","	8.3","	2026-07-23 20:42:55"
"	69BA0CDE","	Chamber1","	1","	B01??(%RH)","	85","	2026-07-23 20:42:53"
"	69BA0CDE","	Chamber1","	1","	B01??(?)","	8.2","	2026-07-23 20:42:53"
"	69BA0CDE","	Chamber1","	1","	B01??(%RH)","	85","	2026-07-23 20:42:51"
"	69BA0CDE","	Chamber1","	1","	B01??(?)","	8.3","	2026-07-23 20:42:51"
"	69BA0CDE","	Chamber1","	1","	B01??(%RH)","	85","	2026-07-23 20:42:49"
"	69BA0CDE","	Chamber1","	1","	B01??(?)","	8.2","	2026-07-23 20:42:49"
"	69BA0CDE","	Chamber1","	1","	B01??(%RH)","	85","	2026-07-23 20:42:47"
"	69BA0CDE","	Chamber1","	1","	B01??(?)","	8.2","	2026-07-23 20:42:47"
"	69BA0CDE","	Chamber1","	1","	B01??(%RH)","	85","	2026-07-23 20:42:45"
"	69BA0CDE","	Chamber1","	1","	B01??(?)","	8.2","	2026-07-23 20:42:45"
"	69BA0CDE","	Chamber1","	1","	B01??(%RH)","	85","	2026-07-23 20:42:43"
"	69BA0CDE","	Chamber1","	1","	B01??(?)","	8.3","	2026-07-23 20:42:43"
"	69BA0CDE","	Chamber1","	1","	B01??(%RH)","	85","	2026-07-23 20:42:41"
"	69BA0CDE","	Chamber1","	1","	B01??(?)","	8.3","	2026-07-23 20:42:41"
"	69BA0CDE","	Chamber1","	1","	B01??(%RH)","	85","	2026-07-23 20:42:39"
"	69BA0CDE","	Chamber1","	1","	B01??(?)","	8.2","	2026-07-23 20:42:39"
"	69BA0CDE","	Chamber1","	1","	B01??(%RH)","	85","	2026-07-23 20:42:37"
"	69BA0CDE","	Chamber1","	1","	B01??(?)","	8.2","	2026-07-23 20:42:37"
"	69BA0CDE","	Chamber1","	1","	B01??(%RH)","	85","	2026-07-23 20:42:35"
"	69BA0CDE","	Chamber1","	1","	B01??(?)","	8.2","	2026-07-23 20:42:35"
"	69BA0CDE","	Chamber1","	1","	B01??(%RH)","	85","	2026-07-23 20:42:33"
"	69BA0CDE","	Chamber1","	1","	B01??(?)","	8.2","	2026-07-23 20:42:33"
"	69BA0CDE","	Chamber1","	1","	B01??(%RH)","	85","	2026-07-23 20:42:31"
"	69BA0CDE","	Chamber1","	1","	B01??(?)","	8.2","	2026-07-23 20:42:31"
"	69BA0CDE","	Chamber1","	1","	B01??(%RH)","	85","	2026-07-23 20:42:29"
"	69BA0CDE","	Chamber1","	1","	B01??(?)","	8.2","	2026-07-23 20:42:29"
"	69BA0CDE","	Chamber1","	1","	B01??(%RH)","	85","	2026-07-23 20:42:26"
"	69BA0CDE","	Chamber1","	1","	B01??(?)","	8.2","	2026-07-23 20:42:26"
"	69BA0CDE","	Chamber1","	1","	B01??(%RH)","	85","	2026-07-23 20:42:24"
"	69BA0CDE","	Chamber1","	1","	B01??(?)","	8.2","	2026-07-23 20:42:24"
"	69BA0CDE","	Chamber1","	1","	B01??(%RH)","	85","	2026-07-23 20:42:22"
"	69BA0CDE","	Chamber1","	1","	B01??(?)","	8.2","	2026-07-23 20:42:22"
"	69BA0CDE","	Chamber1","	1","	B01??(%RH)","	85","	2026-07-23 20:42:20"
"	69BA0CDE","	Chamber1","	1","	B01??(?)","	8.2","	2026-07-23 20:42:20"
"	69BA0CDE","	Chamber1","	1","	B01??(%RH)","	85","	2026-07-23 20:42:18"
"	69BA0CDE","	Chamber1","	1","	B01??(?)","	8.2","	2026-07-23 20:42:18"
"	69BA0CDE","	Chamber1","	1","	B01??(%RH)","	85","	2026-07-23 20:42:16"
"	69BA0CDE","	Chamber1","	1","	B01??(?)","	8.2","	2026-07-23 20:42:16"
"	69BA0CDE","	Chamber1","	1","	B01??(%RH)","	85","	2026-07-23 20:42:14"
"	69BA0CDE","	Chamber1","	1","	B01??(?)","	8.2","	2026-07-23 20:42:14"
"	69BA0CDE","	Chamber1","	1","	B01??(%RH)","	85","	2026-07-23 20:42:12"
"	69BA0CDE","	Chamber1","	1","	B01??(?)","	8.2","	2026-07-23 20:42:12"
"	69BA0CDE","	Chamber1","	1","	B01??(%RH)","	85","	2026-07-23 20:42:10"
"	69BA0CDE","	Chamber1","	1","	B01??(?)","	8.2","	2026-07-23 20:42:10"
"	69BA0CDE","	Chamber1","	1","	B01??(%RH)","	85","	2026-07-23 20:42:08"
"	69BA0CDE","	Chamber1","	1","	B01??(?)","	8.2","	2026-07-23 20:42:08"
"	69BA0CDE","	Chamber1","	1","	B01??(%RH)","	85","	2026-07-23 20:42:06"
"	69BA0CDE","	Chamber1","	1","	B01??(?)","	8.2","	2026-07-23 20:42:06"
"	69BA0CDE","	Chamber1","	1","	B01??(%RH)","	85","	2026-07-23 20:42:04"
"	69BA0CDE","	Chamber1","	1","	B01??(?)","	8.2","	2026-07-23 20:42:04"
"	69BA0CDE","	Chamber1","	1","	B01??(%RH)","	85","	2026-07-23 20:42:02"
"	69BA0CDE","	Chamber1","	1","	B01??(?)","	8.2","	2026-07-23 20:42:02"
"	69BA0CDE","	Chamber1","	1","	B01??(%RH)","	85","	2026-07-23 20:42:00"
"	69BA0CDE","	Chamber1","	1","	B01??(?)","	8.2","	2026-07-23 20:42:00"
"	69BA0CDE","	Chamber1","	1","	B01??(%RH)","	85","	2026-07-23 20:41:58"
"	69BA0CDE","	Chamber1","	1","	B01??(?)","	8.2","	2026-07-23 20:41:58"
"	69BA0CDE","	Chamber1","	1","	B01??(%RH)","	85","	2026-07-23 20:41:56"
"	69BA0CDE","	Chamber1","	1","	B01??(?)","	8.2","	2026-07-23 20:41:56"
"	69BA0CDE","	Chamber1","	1","	B01??(%RH)","	85","	2026-07-23 20:41:54"
"	69BA0CDE","	Chamber1","	1","	B01??(?)","	8.2","	2026-07-23 20:41:54"
"	69BA0CDE","	Chamber1","	1","	B01??(%RH)","	85","	2026-07-23 20:41:52"
"	69BA0CDE","	Chamber1","	1","	B01??(?)","	8.2","	2026-07-23 20:41:52"
"	69BA0CDE","	Chamber1","	1","	B01??(%RH)","	85","	2026-07-23 20:41:50"
"	69BA0CDE","	Chamber1","	1","	B01??(?)","	8.2","	2026-07-23 20:41:50"
"	69BA0CDE","	Chamber1","	1","	B01??(%RH)","	85","	2026-07-23 20:41:48"
"	69BA0CDE","	Chamber1","	1","	B01??(?)","	8.2","	2026-07-23 20:41:48"
"	69BA0CDE","	Chamber1","	1","	B01??(%RH)","	85","	2026-07-23 20:41:46"
"	69BA0CDE","	Chamber1","	1","	B01??(?)","	8.2","	2026-07-23 20:41:46"
"	69BA0CDE","	Chamber1","	1","	B01??(%RH)","	85","	2026-07-23 20:41:43"
"	69BA0CDE","	Chamber1","	1","	B01??(?)","	8.2","	2026-07-23 20:41:43"
"	69BA0CDE","	Chamber1","	1","	B01??(%RH)","	85","	2026-07-23 20:41:41"
"	69BA0CDE","	Chamber1","	1","	B01??(?)","	8.2","	2026-07-23 20:41:41"
"	69BA0CDE","	Chamber1","	1","	B01??(%RH)","	85","	2026-07-23 20:41:39"
"	69BA0CDE","	Chamber1","	1","	B01??(?)","	8.2","	2026-07-23 20:41:39"
"	69BA0CDE","	Chamber1","	1","	B01??(%RH)","	85","	2026-07-23 20:41:37"
"	69BA0CDE","	Chamber1","	1","	B01??(?)","	8.2","	2026-07-23 20:41:37"
"	69BA0CDE","	Chamber1","	1","	B01??(%RH)","	85","	2026-07-23 20:41:35"
"	69BA0CDE","	Chamber1","	1","	B01??(?)","	8.2","	2026-07-23 20:41:35"
"	69BA0CDE","	Chamber1","	1","	B01??(%RH)","	85","	2026-07-23 20:41:33"
"	69BA0CDE","	Chamber1","	1","	B01??(?)","	8.2","	2026-07-23 20:41:33"
"	69BA0CDE","	Chamber1","	1","	B01??(%RH)","	85","	2026-07-23 20:41:31"
"	69BA0CDE","	Chamber1","	1","	B01??(?)","	8.2","	2026-07-23 20:41:31"
"	69BA0CDE","	Chamber1","	1","	B01??(%RH)","	85","	2026-07-23 20:41:29"
"	69BA0CDE","	Chamber1","	1","	B01??(?)","	8.2","	2026-07-23 20:41:29"
"	69BA0CDE","	Chamber1","	1","	B01??(%RH)","	85","	2026-07-23 20:41:27"
"	69BA0CDE","	Chamber1","	1","	B01??(?)","	8.2","	2026-07-23 20:41:27"
"	69BA0CDE","	Chamber1","	1","	B01??(%RH)","	85","	2026-07-23 20:41:25"
"	69BA0CDE","	Chamber1","	1","	B01??(?)","	8.2","	2026-07-23 20:41:25"
"	69BA0CDE","	Chamber1","	1","	B01??(%RH)","	85","	2026-07-23 20:41:23"
"	69BA0CDE","	Chamber1","	1","	B01??(?)","	8.2","	2026-07-23 20:41:23"
"	69BA0CDE","	Chamber1","	1","	B01??(%RH)","	85","	2026-07-23 20:41:21"
"	69BA0CDE","	Chamber1","	1","	B01??(?)","	8.2","	2026-07-23 20:41:21"
"	69BA0CDE","	Chamber1","	1","	B01??(%RH)","	85","	2026-07-23 20:41:19"
"	69BA0CDE","	Chamber1","	1","	B01??(?)","	8.2","	2026-07-23 20:41:19"
"	69BA0CDE","	Chamber1","	1","	B01??(%RH)","	84.9","	2026-07-23 20:41:17"
"	69BA0CDE","	Chamber1","	1","	B01??(?)","	8.2","	2026-07-23 20:41:17"
"	69BA0CDE","	Chamber1","	1","	B01??(%RH)","	85","	2026-07-23 20:41:15"
"	69BA0CDE","	Chamber1","	1","	B01??(?)","	8.2","	2026-07-23 20:41:15"
"	69BA0CDE","	Chamber1","	1","	B01??(%RH)","	84.9","	2026-07-23 20:41:13"
"	69BA0CDE","	Chamber1","	1","	B01??(?)","	8.2","	2026-07-23 20:41:13"
"	69BA0CDE","	Chamber1","	1","	B01??(%RH)","	84.9","	2026-07-23 20:41:11"
"	69BA0CDE","	Chamber1","	1","	B01??(?)","	8.2","	2026-07-23 20:41:11"
"	69BA0CDE","	Chamber1","	1","	B01??(%RH)","	84.9","	2026-07-23 20:41:09"
"	69BA0CDE","	Chamber1","	1","	B01??(?)","	8.2","	2026-07-23 20:41:09"
"	69BA0CDE","	Chamber1","	1","	B01??(%RH)","	85","	2026-07-23 20:41:07"
"	69BA0CDE","	Chamber1","	1","	B01??(?)","	8.2","	2026-07-23 20:41:07"
"	69BA0CDE","	Chamber1","	1","	B01??(%RH)","	84.9","	2026-07-23 20:41:05"
"	69BA0CDE","	Chamber1","	1","	B01??(?)","	8.2","	2026-07-23 20:41:05"
"	69BA0CDE","	Chamber1","	1","	B01??(%RH)","	85","	2026-07-23 20:41:03"
"	69BA0CDE","	Chamber1","	1","	B01??(?)","	8.2","	2026-07-23 20:41:03"
"	69BA0CDE","	Chamber1","	1","	B01??(%RH)","	84.9","	2026-07-23 20:41:01"
"	69BA0CDE","	Chamber1","	1","	B01??(?)","	8.2","	2026-07-23 20:41:01"
"	69BA0CDE","	Chamber1","	1","	B01??(%RH)","	84.9","	2026-07-23 20:40:58"
"	69BA0CDE","	Chamber1","	1","	B01??(?)","	8.2","	2026-07-23 20:40:58"
"	69BA0CDE","	Chamber1","	1","	B01??(%RH)","	84.9","	2026-07-23 20:40:56"
"	69BA0CDE","	Chamber1","	1","	B01??(?)","	8.2","	2026-07-23 20:40:56"
"	69BA0CDE","	Chamber1","	1","	B01??(%RH)","	84.9","	2026-07-23 20:40:54"
"	69BA0CDE","	Chamber1","	1","	B01??(?)","	8.2","	2026-07-23 20:40:54"
"	69BA0CDE","	Chamber1","	1","	B01??(%RH)","	84.9","	2026-07-23 20:40:52"
"	69BA0CDE","	Chamber1","	1","	B01??(?)","	8.2","	2026-07-23 20:40:52"
"	69BA0CDE","	Chamber1","	1","	B01??(%RH)","	84.9","	2026-07-23 20:40:50"
"	69BA0CDE","	Chamber1","	1","	B01??(?)","	8.2","	2026-07-23 20:40:50"
"	69BA0CDE","	Chamber1","	1","	B01??(%RH)","	84.9","	2026-07-23 20:40:48"
"	69BA0CDE","	Chamber1","	1","	B01??(?)","	8.2","	2026-07-23 20:40:48"
"	69BA0CDE","	Chamber1","	1","	B01??(%RH)","	85","	2026-07-23 20:40:46"
"	69BA0CDE","	Chamber1","	1","	B01??(?)","	8.2","	2026-07-23 20:40:46"
"	69BA0CDE","	Chamber1","	1","	B01??(%RH)","	84.9","	2026-07-23 20:40:44"
"	69BA0CDE","	Chamber1","	1","	B01??(?)","	8.2","	2026-07-23 20:40:44"
"	69BA0CDE","	Chamber1","	1","	B01??(%RH)","	84.9","	2026-07-23 20:40:42"
"	69BA0CDE","	Chamber1","	1","	B01??(?)","	8.2","	2026-07-23 20:40:42"
"	69BA0CDE","	Chamber1","	1","	B01??(%RH)","	84.9","	2026-07-23 20:40:40"
"	69BA0CDE","	Chamber1","	1","	B01??(?)","	8.2","	2026-07-23 20:40:40"
"	69BA0CDE","	Chamber1","	1","	B01??(%RH)","	84.9","	2026-07-23 20:40:38"
"	69BA0CDE","	Chamber1","	1","	B01??(?)","	8.2","	2026-07-23 20:40:38"
"	69BA0CDE","	Chamber1","	1","	B01??(%RH)","	84.9","	2026-07-23 20:40:36"
"	69BA0CDE","	Chamber1","	1","	B01??(?)","	8.2","	2026-07-23 20:40:36"
"	69BA0CDE","	Chamber1","	1","	B01??(%RH)","	84.9","	2026-07-23 20:40:34"
"	69BA0CDE","	Chamber1","	1","	B01??(?)","	8.2","	2026-07-23 20:40:34"
"	69BA0CDE","	Chamber1","	1","	B01??(%RH)","	85","	2026-07-23 20:40:32"
"	69BA0CDE","	Chamber1","	1","	B01??(?)","	8.2","	2026-07-23 20:40:32"
"	69BA0CDE","	Chamber1","	1","	B01??(%RH)","	84.9","	2026-07-23 20:40:30"
"	69BA0CDE","	Chamber1","	1","	B01??(?)","	8.2","	2026-07-23 20:40:30"
"	69BA0CDE","	Chamber1","	1","	B01??(%RH)","	84.9","	2026-07-23 20:40:28"
"	69BA0CDE","	Chamber1","	1","	B01??(?)","	8.2","	2026-07-23 20:40:28"
"	69BA0CDE","	Chamber1","	1","	B01??(%RH)","	84.9","	2026-07-23 20:40:26"
"	69BA0CDE","	Chamber1","	1","	B01??(?)","	8.2","	2026-07-23 20:40:26"
"	69BA0CDE","	Chamber1","	1","	B01??(%RH)","	84.9","	2026-07-23 20:40:24"
"	69BA0CDE","	Chamber1","	1","	B01??(?)","	8.2","	2026-07-23 20:40:24"
"	69BA0CDE","	Chamber1","	1","	B01??(%RH)","	84.9","	2026-07-23 20:40:22"
"	69BA0CDE","	Chamber1","	1","	B01??(?)","	8.2","	2026-07-23 20:40:22"
"	69BA0CDE","	Chamber1","	1","	B01??(%RH)","	84.9","	2026-07-23 20:40:20"
"	69BA0CDE","	Chamber1","	1","	B01??(?)","	8.2","	2026-07-23 20:40:20"
"	69BA0CDE","	Chamber1","	1","	B01??(%RH)","	84.9","	2026-07-23 20:40:18"
"	69BA0CDE","	Chamber1","	1","	B01??(?)","	8.2","	2026-07-23 20:40:18"
"	69BA0CDE","	Chamber1","	1","	B01??(%RH)","	84.9","	2026-07-23 20:40:15"
"	69BA0CDE","	Chamber1","	1","	B01??(?)","	8.2","	2026-07-23 20:40:15"
"	69BA0CDE","	Chamber1","	1","	B01??(%RH)","	84.9","	2026-07-23 20:40:13"
"	69BA0CDE","	Chamber1","	1","	B01??(?)","	8.2","	2026-07-23 20:40:13"
"	69BA0CDE","	Chamber1","	1","	B01??(%RH)","	84.9","	2026-07-23 20:40:11"
"	69BA0CDE","	Chamber1","	1","	B01??(?)","	8.2","	2026-07-23 20:40:11"
"	69BA0CDE","	Chamber1","	1","	B01??(%RH)","	84.9","	2026-07-23 20:40:09"
"	69BA0CDE","	Chamber1","	1","	B01??(?)","	8.2","	2026-07-23 20:40:09"
"	69BA0CDE","	Chamber1","	1","	B01??(%RH)","	85","	2026-07-23 20:40:07"
"	69BA0CDE","	Chamber1","	1","	B01??(?)","	8.2","	2026-07-23 20:40:07"
"	69BA0CDE","	Chamber1","	1","	B01??(%RH)","	84.9","	2026-07-23 20:40:05"
"	69BA0CDE","	Chamber1","	1","	B01??(?)","	8.2","	2026-07-23 20:40:05"
"	69BA0CDE","	Chamber1","	1","	B01??(%RH)","	84.9","	2026-07-23 20:40:03"
"	69BA0CDE","	Chamber1","	1","	B01??(?)","	8.1","	2026-07-23 20:40:03"
"	69BA0CDE","	Chamber1","	1","	B01??(%RH)","	84.9","	2026-07-23 20:40:01"
"	69BA0CDE","	Chamber1","	1","	B01??(?)","	8.2","	2026-07-23 20:40:01"
"	69BA0CDE","	Chamber1","	1","	B01??(%RH)","	84.9","	2026-07-23 20:39:59"
"	69BA0CDE","	Chamber1","	1","	B01??(?)","	8.2","	2026-07-23 20:39:59"
"	69BA0CDE","	Chamber1","	1","	B01??(%RH)","	84.9","	2026-07-23 20:39:57"
"	69BA0CDE","	Chamber1","	1","	B01??(?)","	8.2","	2026-07-23 20:39:57"
"	69BA0CDE","	Chamber1","	1","	B01??(%RH)","	84.9","	2026-07-23 20:39:55"
"	69BA0CDE","	Chamber1","	1","	B01??(?)","	8.2","	2026-07-23 20:39:55"
"	69BA0CDE","	Chamber1","	1","	B01??(%RH)","	84.9","	2026-07-23 20:39:53"
"	69BA0CDE","	Chamber1","	1","	B01??(?)","	8.2","	2026-07-23 20:39:53"
"	69BA0CDE","	Chamber1","	1","	B01??(%RH)","	84.9","	2026-07-23 20:39:51"
"	69BA0CDE","	Chamber1","	1","	B01??(?)","	8.2","	2026-07-23 20:39:51"
"	69BA0CDE","	Chamber1","	1","	B01??(%RH)","	84.9","	2026-07-23 20:39:49"
"	69BA0CDE","	Chamber1","	1","	B01??(?)","	8.2","	2026-07-23 20:39:49"
"	69BA0CDE","	Chamber1","	1","	B01??(%RH)","	84.9","	2026-07-23 20:39:47"
"	69BA0CDE","	Chamber1","	1","	B01??(?)","	8.2","	2026-07-23 20:39:47"
"	69BA0CDE","	Chamber1","	1","	B01??(%RH)","	84.9","	2026-07-23 20:39:45"
"	69BA0CDE","	Chamber1","	1","	B01??(?)","	8.2","	2026-07-23 20:39:45"
"	69BA0CDE","	Chamber1","	1","	B01??(%RH)","	84.9","	2026-07-23 20:39:43"
"	69BA0CDE","	Chamber1","	1","	B01??(?)","	8.2","	2026-07-23 20:39:43"
"	69BA0CDE","	Chamber1","	1","	B01??(%RH)","	84.9","	2026-07-23 20:39:41"
"	69BA0CDE","	Chamber1","	1","	B01??(?)","	8.2","	2026-07-23 20:39:41"
"	69BA0CDE","	Chamber1","	1","	B01??(%RH)","	84.9","	2026-07-23 20:39:39"
"	69BA0CDE","	Chamber1","	1","	B01??(?)","	8.2","	2026-07-23 20:39:39"
"	69BA0CDE","	Chamber1","	1","	B01??(%RH)","	84.9","	2026-07-23 20:39:37"
"	69BA0CDE","	Chamber1","	1","	B01??(?)","	8.2","	2026-07-23 20:39:37"
"	69BA0CDE","	Chamber1","	1","	B01??(%RH)","	84.9","	2026-07-23 20:39:35"
"	69BA0CDE","	Chamber1","	1","	B01??(?)","	8.2","	2026-07-23 20:39:35"
"	69BA0CDE","	Chamber1","	1","	B01??(%RH)","	84.9","	2026-07-23 20:39:33"
"	69BA0CDE","	Chamber1","	1","	B01??(?)","	8.2","	2026-07-23 20:39:33"
"	69BA0CDE","	Chamber1","	1","	B01??(%RH)","	84.9","	2026-07-23 20:39:30"
"	69BA0CDE","	Chamber1","	1","	B01??(?)","	8.2","	2026-07-23 20:39:30"
"	69BA0CDE","	Chamber1","	1","	B01??(%RH)","	84.9","	2026-07-23 20:39:28"
"	69BA0CDE","	Chamber1","	1","	B01??(?)","	8.2","	2026-07-23 20:39:28"
"	69BA0CDE","	Chamber1","	1","	B01??(%RH)","	84.9","	2026-07-23 20:39:26"
"	69BA0CDE","	Chamber1","	1","	B01??(?)","	8.2","	2026-07-23 20:39:26"
"	69BA0CDE","	Chamber1","	1","	B01??(%RH)","	84.9","	2026-07-23 20:39:24"
"	69BA0CDE","	Chamber1","	1","	B01??(?)","	8.2","	2026-07-23 20:39:24"
"	69BA0CDE","	Chamber1","	1","	B01??(%RH)","	84.9","	2026-07-23 20:39:22"
"	69BA0CDE","	Chamber1","	1","	B01??(?)","	8.2","	2026-07-23 20:39:22"
"	69BA0CDE","	Chamber1","	1","	B01??(%RH)","	84.9","	2026-07-23 20:39:20"
"	69BA0CDE","	Chamber1","	1","	B01??(?)","	8.2","	2026-07-23 20:39:20"
"	69BA0CDE","	Chamber1","	1","	B01??(%RH)","	84.9","	2026-07-23 20:39:18"
"	69BA0CDE","	Chamber1","	1","	B01??(?)","	8.2","	2026-07-23 20:39:18"
"	69BA0CDE","	Chamber1","	1","	B01??(%RH)","	84.9","	2026-07-23 20:39:16"
"	69BA0CDE","	Chamber1","	1","	B01??(?)","	8.2","	2026-07-23 20:39:16"
"	69BA0CDE","	Chamber1","	1","	B01??(%RH)","	84.9","	2026-07-23 20:39:14"
"	69BA0CDE","	Chamber1","	1","	B01??(?)","	8.2","	2026-07-23 20:39:14"
"	69BA0CDE","	Chamber1","	1","	B01??(%RH)","	84.9","	2026-07-23 20:39:12"
"	69BA0CDE","	Chamber1","	1","	B01??(?)","	8.1","	2026-07-23 20:39:12"
"	69BA0CDE","	Chamber1","	1","	B01??(%RH)","	84.9","	2026-07-23 20:39:10"
"	69BA0CDE","	Chamber1","	1","	B01??(?)","	8.2","	2026-07-23 20:39:10"
"	69BA0CDE","	Chamber1","	1","	B01??(%RH)","	84.9","	2026-07-23 20:39:08"
"	69BA0CDE","	Chamber1","	1","	B01??(?)","	8.2","	2026-07-23 20:39:08"
"	69BA0CDE","	Chamber1","	1","	B01??(%RH)","	84.8","	2026-07-23 20:39:06"
"	69BA0CDE","	Chamber1","	1","	B01??(?)","	8.1","	2026-07-23 20:39:06"
"	69BA0CDE","	Chamber1","	1","	B01??(%RH)","	84.9","	2026-07-23 20:39:04"
"	69BA0CDE","	Chamber1","	1","	B01??(?)","	8.2","	2026-07-23 20:39:04"
"	69BA0CDE","	Chamber1","	1","	B01??(%RH)","	84.9","	2026-07-23 20:39:02"
"	69BA0CDE","	Chamber1","	1","	B01??(?)","	8.2","	2026-07-23 20:39:02"
"	69BA0CDE","	Chamber1","	1","	B01??(%RH)","	84.9","	2026-07-23 20:39:00"
"	69BA0CDE","	Chamber1","	1","	B01??(?)","	8.2","	2026-07-23 20:39:00"
"	69BA0CDE","	Chamber1","	1","	B01??(%RH)","	84.9","	2026-07-23 20:38:58"
"	69BA0CDE","	Chamber1","	1","	B01??(?)","	8.2","	2026-07-23 20:38:58"
"	69BA0CDE","	Chamber1","	1","	B01??(%RH)","	84.8","	2026-07-23 20:38:56"
"	69BA0CDE","	Chamber1","	1","	B01??(?)","	8.2","	2026-07-23 20:38:56"
"	69BA0CDE","	Chamber1","	1","	B01??(%RH)","	84.9","	2026-07-23 20:38:54"
"	69BA0CDE","	Chamber1","	1","	B01??(?)","	8.1","	2026-07-23 20:38:54"
"	69BA0CDE","	Chamber1","	1","	B01??(%RH)","	84.8","	2026-07-23 20:38:52"
"	69BA0CDE","	Chamber1","	1","	B01??(?)","	8.1","	2026-07-23 20:38:52"
"	69BA0CDE","	Chamber1","	1","	B01??(%RH)","	84.9","	2026-07-23 20:38:50"
"	69BA0CDE","	Chamber1","	1","	B01??(?)","	8.1","	2026-07-23 20:38:50"
"	69BA0CDE","	Chamber1","	1","	B01??(%RH)","	84.9","	2026-07-23 20:38:47"
"	69BA0CDE","	Chamber1","	1","	B01??(?)","	8.1","	2026-07-23 20:38:47"
"	69BA0CDE","	Chamber1","	1","	B01??(%RH)","	84.9","	2026-07-23 20:38:45"
"	69BA0CDE","	Chamber1","	1","	B01??(?)","	8.1","	2026-07-23 20:38:45"
"	69BA0CDE","	Chamber1","	1","	B01??(%RH)","	84.9","	2026-07-23 20:38:43"
"	69BA0CDE","	Chamber1","	1","	B01??(?)","	8.2","	2026-07-23 20:38:43"
"	69BA0CDE","	Chamber1","	1","	B01??(%RH)","	84.9","	2026-07-23 20:38:41"
"	69BA0CDE","	Chamber1","	1","	B01??(?)","	8.1","	2026-07-23 20:38:41"
"	69BA0CDE","	Chamber1","	1","	B01??(%RH)","	84.8","	2026-07-23 20:38:39"
"	69BA0CDE","	Chamber1","	1","	B01??(?)","	8.1","	2026-07-23 20:38:39"
"	69BA0CDE","	Chamber1","	1","	B01??(%RH)","	84.9","	2026-07-23 20:38:37"
"	69BA0CDE","	Chamber1","	1","	B01??(?)","	8.1","	2026-07-23 20:38:37"
"	69BA0CDE","	Chamber1","	1","	B01??(%RH)","	84.8","	2026-07-23 20:38:35"
"	69BA0CDE","	Chamber1","	1","	B01??(?)","	8.1","	2026-07-23 20:38:35"
"	69BA0CDE","	Chamber1","	1","	B01??(%RH)","	84.9","	2026-07-23 20:38:33"
"	69BA0CDE","	Chamber1","	1","	B01??(?)","	8.2","	2026-07-23 20:38:33"
"	69BA0CDE","	Chamber1","	1","	B01??(%RH)","	84.9","	2026-07-23 20:38:31"
"	69BA0CDE","	Chamber1","	1","	B01??(?)","	8.1","	2026-07-23 20:38:31"
"	69BA0CDE","	Chamber1","	1","	B01??(%RH)","	84.8","	2026-07-23 20:38:29"
"	69BA0CDE","	Chamber1","	1","	B01??(?)","	8.1","	2026-07-23 20:38:29"
"	69BA0CDE","	Chamber1","	1","	B01??(%RH)","	84.9","	2026-07-23 20:38:27"
"	69BA0CDE","	Chamber1","	1","	B01??(?)","	8.1","	2026-07-23 20:38:27"
"	69BA0CDE","	Chamber1","	1","	B01??(%RH)","	84.9","	2026-07-23 20:38:25"
"	69BA0CDE","	Chamber1","	1","	B01??(?)","	8.1","	2026-07-23 20:38:25"
"	69BA0CDE","	Chamber1","	1","	B01??(%RH)","	84.8","	2026-07-23 20:38:23"
"	69BA0CDE","	Chamber1","	1","	B01??(?)","	8.1","	2026-07-23 20:38:23"
"	69BA0CDE","	Chamber1","	1","	B01??(%RH)","	84.9","	2026-07-23 20:38:21"
"	69BA0CDE","	Chamber1","	1","	B01??(?)","	8.1","	2026-07-23 20:38:21"
"	69BA0CDE","	Chamber1","	1","	B01??(%RH)","	84.8","	2026-07-23 20:38:19"
"	69BA0CDE","	Chamber1","	1","	B01??(?)","	8.1","	2026-07-23 20:38:19"
"	69BA0CDE","	Chamber1","	1","	B01??(%RH)","	84.9","	2026-07-23 20:38:17"
"	69BA0CDE","	Chamber1","	1","	B01??(?)","	8.1","	2026-07-23 20:38:17"
"	69BA0CDE","	Chamber1","	1","	B01??(%RH)","	84.8","	2026-07-23 20:38:15"
"	69BA0CDE","	Chamber1","	1","	B01??(?)","	8.1","	2026-07-23 20:38:15"
"	69BA0CDE","	Chamber1","	1","	B01??(%RH)","	84.8","	2026-07-23 20:38:13"
"	69BA0CDE","	Chamber1","	1","	B01??(?)","	8.1","	2026-07-23 20:38:13"
"	69BA0CDE","	Chamber1","	1","	B01??(%RH)","	84.8","	2026-07-23 20:38:11"
"	69BA0CDE","	Chamber1","	1","	B01??(?)","	8.1","	2026-07-23 20:38:11"
"	69BA0CDE","	Chamber1","	1","	B01??(%RH)","	84.8","	2026-07-23 20:38:09"
"	69BA0CDE","	Chamber1","	1","	B01??(?)","	8.1","	2026-07-23 20:38:09"
"	69BA0CDE","	Chamber1","	1","	B01??(%RH)","	84.8","	2026-07-23 20:38:06"
"	69BA0CDE","	Chamber1","	1","	B01??(?)","	8.1","	2026-07-23 20:38:06"
"	69BA0CDE","	Chamber1","	1","	B01??(%RH)","	84.8","	2026-07-23 20:38:04"
"	69BA0CDE","	Chamber1","	1","	B01??(?)","	8.1","	2026-07-23 20:38:04"
"	69BA0CDE","	Chamber1","	1","	B01??(%RH)","	84.8","	2026-07-23 20:38:02"
"	69BA0CDE","	Chamber1","	1","	B01??(?)","	8.1","	2026-07-23 20:38:02"
"	69BA0CDE","	Chamber1","	1","	B01??(%RH)","	84.8","	2026-07-23 20:38:00"
"	69BA0CDE","	Chamber1","	1","	B01??(?)","	8.1","	2026-07-23 20:38:00"
"	69BA0CDE","	Chamber1","	1","	B01??(%RH)","	84.8","	2026-07-23 20:37:58"
"	69BA0CDE","	Chamber1","	1","	B01??(?)","	8.1","	2026-07-23 20:37:58"
"	69BA0CDE","	Chamber1","	1","	B01??(%RH)","	84.8","	2026-07-23 20:37:56"
"	69BA0CDE","	Chamber1","	1","	B01??(?)","	8.1","	2026-07-23 20:37:56"
"	69BA0CDE","	Chamber1","	1","	B01??(%RH)","	84.8","	2026-07-23 20:37:54"
"	69BA0CDE","	Chamber1","	1","	B01??(?)","	8.1","	2026-07-23 20:37:54"
"	69BA0CDE","	Chamber1","	1","	B01??(%RH)","	84.8","	2026-07-23 20:37:52"
"	69BA0CDE","	Chamber1","	1","	B01??(?)","	8.1","	2026-07-23 20:37:52"
"	69BA0CDE","	Chamber1","	1","	B01??(%RH)","	84.8","	2026-07-23 20:37:50"
"	69BA0CDE","	Chamber1","	1","	B01??(?)","	8.1","	2026-07-23 20:37:50"
"	69BA0CDE","	Chamber1","	1","	B01??(%RH)","	84.8","	2026-07-23 20:37:48"
"	69BA0CDE","	Chamber1","	1","	B01??(?)","	8.1","	2026-07-23 20:37:48"
"	69BA0CDE","	Chamber1","	1","	B01??(%RH)","	84.8","	2026-07-23 20:37:46"
"	69BA0CDE","	Chamber1","	1","	B01??(?)","	8.1","	2026-07-23 20:37:46"
"	69BA0CDE","	Chamber1","	1","	B01??(%RH)","	84.8","	2026-07-23 20:37:44"
"	69BA0CDE","	Chamber1","	1","	B01??(?)","	8.1","	2026-07-23 20:37:44"
"	69BA0CDE","	Chamber1","	1","	B01??(%RH)","	84.8","	2026-07-23 20:37:42"
"	69BA0CDE","	Chamber1","	1","	B01??(?)","	8.1","	2026-07-23 20:37:42"
"	69BA0CDE","	Chamber1","	1","	B01??(%RH)","	84.8","	2026-07-23 20:37:40"
"	69BA0CDE","	Chamber1","	1","	B01??(?)","	8.1","	2026-07-23 20:37:40"
"	69BA0CDE","	Chamber1","	1","	B01??(%RH)","	84.8","	2026-07-23 20:37:38"
"	69BA0CDE","	Chamber1","	1","	B01??(?)","	8.1","	2026-07-23 20:37:38"
"	69BA0CDE","	Chamber1","	1","	B01??(%RH)","	84.8","	2026-07-23 20:37:36"
"	69BA0CDE","	Chamber1","	1","	B01??(?)","	8.1","	2026-07-23 20:37:36"
"	69BA0CDE","	Chamber1","	1","	B01??(%RH)","	84.8","	2026-07-23 20:37:34"
"	69BA0CDE","	Chamber1","	1","	B01??(?)","	8.1","	2026-07-23 20:37:34"
"	69BA0CDE","	Chamber1","	1","	B01??(%RH)","	84.8","	2026-07-23 20:37:32"
"	69BA0CDE","	Chamber1","	1","	B01??(?)","	8.1","	2026-07-23 20:37:32"
"	69BA0CDE","	Chamber1","	1","	B01??(%RH)","	84.8","	2026-07-23 20:37:30"
"	69BA0CDE","	Chamber1","	1","	B01??(?)","	8.1","	2026-07-23 20:37:30"
"	69BA0CDE","	Chamber1","	1","	B01??(%RH)","	84.8","	2026-07-23 20:37:28"
"	69BA0CDE","	Chamber1","	1","	B01??(?)","	8.1","	2026-07-23 20:37:28"
"	69BA0CDE","	Chamber1","	1","	B01??(%RH)","	84.8","	2026-07-23 20:37:26"
"	69BA0CDE","	Chamber1","	1","	B01??(?)","	8.1","	2026-07-23 20:37:26"
"	69BA0CDE","	Chamber1","	1","	B01??(%RH)","	84.8","	2026-07-23 20:37:24"
"	69BA0CDE","	Chamber1","	1","	B01??(?)","	8.1","	2026-07-23 20:37:24"
"	69BA0CDE","	Chamber1","	1","	B01??(%RH)","	84.8","	2026-07-23 20:37:21"
"	69BA0CDE","	Chamber1","	1","	B01??(?)","	8.1","	2026-07-23 20:37:21"
"	69BA0CDE","	Chamber1","	1","	B01??(%RH)","	84.8","	2026-07-23 20:37:19"
"	69BA0CDE","	Chamber1","	1","	B01??(?)","	8.1","	2026-07-23 20:37:19"
"	69BA0CDE","	Chamber1","	1","	B01??(%RH)","	84.8","	2026-07-23 20:37:17"
"	69BA0CDE","	Chamber1","	1","	B01??(?)","	8.1","	2026-07-23 20:37:17"
"	69BA0CDE","	Chamber1","	1","	B01??(%RH)","	84.8","	2026-07-23 20:37:15"
"	69BA0CDE","	Chamber1","	1","	B01??(?)","	8.1","	2026-07-23 20:37:15"
"	69BA0CDE","	Chamber1","	1","	B01??(%RH)","	84.8","	2026-07-23 20:37:13"
"	69BA0CDE","	Chamber1","	1","	B01??(?)","	8.1","	2026-07-23 20:37:13"
"	69BA0CDE","	Chamber1","	1","	B01??(%RH)","	84.8","	2026-07-23 20:37:11"
"	69BA0CDE","	Chamber1","	1","	B01??(?)","	8.1","	2026-07-23 20:37:11"
"	69BA0CDE","	Chamber1","	1","	B01??(%RH)","	84.8","	2026-07-23 20:37:09"
"	69BA0CDE","	Chamber1","	1","	B01??(?)","	8.1","	2026-07-23 20:37:09"
"	69BA0CDE","	Chamber1","	1","	B01??(%RH)","	84.8","	2026-07-23 20:37:07"
"	69BA0CDE","	Chamber1","	1","	B01??(?)","	8.1","	2026-07-23 20:37:07"
"	69BA0CDE","	Chamber1","	1","	B01??(%RH)","	84.8","	2026-07-23 20:37:05"
"	69BA0CDE","	Chamber1","	1","	B01??(?)","	8.1","	2026-07-23 20:37:05"
"	69BA0CDE","	Chamber1","	1","	B01??(%RH)","	84.8","	2026-07-23 20:37:03"
"	69BA0CDE","	Chamber1","	1","	B01??(?)","	8.1","	2026-07-23 20:37:03"
"	69BA0CDE","	Chamber1","	1","	B01??(%RH)","	84.8","	2026-07-23 20:37:01"
"	69BA0CDE","	Chamber1","	1","	B01??(?)","	8.1","	2026-07-23 20:37:01"
"	69BA0CDE","	Chamber1","	1","	B01??(%RH)","	84.8","	2026-07-23 20:36:59"
"	69BA0CDE","	Chamber1","	1","	B01??(?)","	8.1","	2026-07-23 20:36:59"
"	69BA0CDE","	Chamber1","	1","	B01??(%RH)","	84.8","	2026-07-23 20:36:57"
"	69BA0CDE","	Chamber1","	1","	B01??(?)","	8.1","	2026-07-23 20:36:57"
"	69BA0CDE","	Chamber1","	1","	B01??(%RH)","	84.8","	2026-07-23 20:36:55"
"	69BA0CDE","	Chamber1","	1","	B01??(?)","	8.1","	2026-07-23 20:36:55"
"	69BA0CDE","	Chamber1","	1","	B01??(%RH)","	84.8","	2026-07-23 20:36:53"
"	69BA0CDE","	Chamber1","	1","	B01??(?)","	8.1","	2026-07-23 20:36:53"
"	69BA0CDE","	Chamber1","	1","	B01??(%RH)","	84.8","	2026-07-23 20:36:51"
"	69BA0CDE","	Chamber1","	1","	B01??(?)","	8.1","	2026-07-23 20:36:51"
"	69BA0CDE","	Chamber1","	1","	B01??(%RH)","	84.8","	2026-07-23 20:36:49"
"	69BA0CDE","	Chamber1","	1","	B01??(?)","	8.1","	2026-07-23 20:36:49"
"	69BA0CDE","	Chamber1","	1","	B01??(%RH)","	84.8","	2026-07-23 20:36:47"
"	69BA0CDE","	Chamber1","	1","	B01??(?)","	8.1","	2026-07-23 20:36:47"
"	69BA0CDE","	Chamber1","	1","	B01??(%RH)","	84.8","	2026-07-23 20:36:45"
"	69BA0CDE","	Chamber1","	1","	B01??(?)","	8.1","	2026-07-23 20:36:45"
"	69BA0CDE","	Chamber1","	1","	B01??(%RH)","	84.8","	2026-07-23 20:36:43"
"	69BA0CDE","	Chamber1","	1","	B01??(?)","	8.1","	2026-07-23 20:36:43"
"	69BA0CDE","	Chamber1","	1","	B01??(%RH)","	84.7","	2026-07-23 20:36:41"
"	69BA0CDE","	Chamber1","	1","	B01??(?)","	8.1","	2026-07-23 20:36:41"
"	69BA0CDE","	Chamber1","	1","	B01??(%RH)","	84.8","	2026-07-23 20:36:38"
"	69BA0CDE","	Chamber1","	1","	B01??(?)","	8.1","	2026-07-23 20:36:38"
"	69BA0CDE","	Chamber1","	1","	B01??(%RH)","	84.8","	2026-07-23 20:36:36"
"	69BA0CDE","	Chamber1","	1","	B01??(?)","	8.1","	2026-07-23 20:36:36"
"	69BA0CDE","	Chamber1","	1","	B01??(%RH)","	84.7","	2026-07-23 20:36:34"
"	69BA0CDE","	Chamber1","	1","	B01??(?)","	8.1","	2026-07-23 20:36:34"
"	69BA0CDE","	Chamber1","	1","	B01??(%RH)","	84.8","	2026-07-23 20:36:32"
"	69BA0CDE","	Chamber1","	1","	B01??(?)","	8.1","	2026-07-23 20:36:32"
"	69BA0CDE","	Chamber1","	1","	B01??(%RH)","	84.8","	2026-07-23 20:36:30"
"	69BA0CDE","	Chamber1","	1","	B01??(?)","	8.1","	2026-07-23 20:36:30"
"	69BA0CDE","	Chamber1","	1","	B01??(%RH)","	84.7","	2026-07-23 20:36:28"
"	69BA0CDE","	Chamber1","	1","	B01??(?)","	8.1","	2026-07-23 20:36:28"
"	69BA0CDE","	Chamber1","	1","	B01??(%RH)","	84.8","	2026-07-23 20:36:26"
"	69BA0CDE","	Chamber1","	1","	B01??(?)","	8.1","	2026-07-23 20:36:26"
"	69BA0CDE","	Chamber1","	1","	B01??(%RH)","	84.7","	2026-07-23 20:36:24"
"	69BA0CDE","	Chamber1","	1","	B01??(?)","	8.1","	2026-07-23 20:36:24"
"	69BA0CDE","	Chamber1","	1","	B01??(%RH)","	84.8","	2026-07-23 20:36:22"
"	69BA0CDE","	Chamber1","	1","	B01??(?)","	8.1","	2026-07-23 20:36:22"
"	69BA0CDE","	Chamber1","	1","	B01??(%RH)","	84.8","	2026-07-23 20:36:20"
"	69BA0CDE","	Chamber1","	1","	B01??(?)","	8.1","	2026-07-23 20:36:20"
"	69BA0CDE","	Chamber1","	1","	B01??(%RH)","	84.8","	2026-07-23 20:36:18"
"	69BA0CDE","	Chamber1","	1","	B01??(?)","	8.1","	2026-07-23 20:36:18"
"	69BA0CDE","	Chamber1","	1","	B01??(%RH)","	84.8","	2026-07-23 20:36:16"
"	69BA0CDE","	Chamber1","	1","	B01??(?)","	8.1","	2026-07-23 20:36:16"
"	69BA0CDE","	Chamber1","	1","	B01??(%RH)","	84.7","	2026-07-23 20:36:14"
"	69BA0CDE","	Chamber1","	1","	B01??(?)","	8.1","	2026-07-23 20:36:14"
"	69BA0CDE","	Chamber1","	1","	B01??(%RH)","	84.8","	2026-07-23 20:36:12"
"	69BA0CDE","	Chamber1","	1","	B01??(?)","	8.1","	2026-07-23 20:36:12"
"	69BA0CDE","	Chamber1","	1","	B01??(%RH)","	84.8","	2026-07-23 20:36:10"
"	69BA0CDE","	Chamber1","	1","	B01??(?)","	8.1","	2026-07-23 20:36:10"
"	69BA0CDE","	Chamber1","	1","	B01??(%RH)","	84.7","	2026-07-23 20:36:08"
"	69BA0CDE","	Chamber1","	1","	B01??(?)","	8.1","	2026-07-23 20:36:08"
"	69BA0CDE","	Chamber1","	1","	B01??(%RH)","	84.8","	2026-07-23 20:36:06"
"	69BA0CDE","	Chamber1","	1","	B01??(?)","	8.1","	2026-07-23 20:36:06"
"	69BA0CDE","	Chamber1","	1","	B01??(%RH)","	84.7","	2026-07-23 20:36:04"
"	69BA0CDE","	Chamber1","	1","	B01??(?)","	8.1","	2026-07-23 20:36:04"
"	69BA0CDE","	Chamber1","	1","	B01??(%RH)","	84.7","	2026-07-23 20:36:02"
"	69BA0CDE","	Chamber1","	1","	B01??(?)","	8.1","	2026-07-23 20:36:02"
"	69BA0CDE","	Chamber1","	1","	B01??(%RH)","	84.8","	2026-07-23 20:36:00"
"	69BA0CDE","	Chamber1","	1","	B01??(?)","	8.1","	2026-07-23 20:36:00"
"	69BA0CDE","	Chamber1","	1","	B01??(%RH)","	84.8","	2026-07-23 20:35:58"
"	69BA0CDE","	Chamber1","	1","	B01??(?)","	8.1","	2026-07-23 20:35:58"
"	69BA0CDE","	Chamber1","	1","	B01??(%RH)","	84.7","	2026-07-23 20:35:55"
"	69BA0CDE","	Chamber1","	1","	B01??(?)","	8.1","	2026-07-23 20:35:55"
"	69BA0CDE","	Chamber1","	1","	B01??(%RH)","	84.8","	2026-07-23 20:35:53"
"	69BA0CDE","	Chamber1","	1","	B01??(?)","	8.1","	2026-07-23 20:35:53"
"	69BA0CDE","	Chamber1","	1","	B01??(%RH)","	84.8","	2026-07-23 20:35:51"
"	69BA0CDE","	Chamber1","	1","	B01??(?)","	8.1","	2026-07-23 20:35:51"
"	69BA0CDE","	Chamber1","	1","	B01??(%RH)","	84.7","	2026-07-23 20:35:49"
"	69BA0CDE","	Chamber1","	1","	B01??(?)","	8.1","	2026-07-23 20:35:49"
"	69BA0CDE","	Chamber1","	1","	B01??(%RH)","	84.8","	2026-07-23 20:35:47"
"	69BA0CDE","	Chamber1","	1","	B01??(?)","	8.1","	2026-07-23 20:35:47"
"	69BA0CDE","	Chamber1","	1","	B01??(%RH)","	84.8","	2026-07-23 20:35:45"
"	69BA0CDE","	Chamber1","	1","	B01??(?)","	8.1","	2026-07-23 20:35:45"
"	69BA0CDE","	Chamber1","	1","	B01??(%RH)","	84.7","	2026-07-23 20:35:43"
"	69BA0CDE","	Chamber1","	1","	B01??(?)","	8.1","	2026-07-23 20:35:43"
"	69BA0CDE","	Chamber1","	1","	B01??(%RH)","	84.8","	2026-07-23 20:35:41"
"	69BA0CDE","	Chamber1","	1","	B01??(?)","	8.1","	2026-07-23 20:35:41"
"	69BA0CDE","	Chamber1","	1","	B01??(%RH)","	84.8","	2026-07-23 20:35:39"
"	69BA0CDE","	Chamber1","	1","	B01??(?)","	8.1","	2026-07-23 20:35:39"
"	69BA0CDE","	Chamber1","	1","	B01??(%RH)","	84.7","	2026-07-23 20:35:37"
"	69BA0CDE","	Chamber1","	1","	B01??(?)","	8.1","	2026-07-23 20:35:37"
"	69BA0CDE","	Chamber1","	1","	B01??(%RH)","	84.7","	2026-07-23 20:35:35"
"	69BA0CDE","	Chamber1","	1","	B01??(?)","	8.1","	2026-07-23 20:35:35"
"	69BA0CDE","	Chamber1","	1","	B01??(%RH)","	84.7","	2026-07-23 20:35:33"
"	69BA0CDE","	Chamber1","	1","	B01??(?)","	8.1","	2026-07-23 20:35:33"
"	69BA0CDE","	Chamber1","	1","	B01??(%RH)","	84.7","	2026-07-23 20:35:31"
"	69BA0CDE","	Chamber1","	1","	B01??(?)","	8.1","	2026-07-23 20:35:31"
"	69BA0CDE","	Chamber1","	1","	B01??(%RH)","	84.8","	2026-07-23 20:35:29"
"	69BA0CDE","	Chamber1","	1","	B01??(?)","	8.1","	2026-07-23 20:35:29"
"	69BA0CDE","	Chamber1","	1","	B01??(%RH)","	84.7","	2026-07-23 20:35:27"
"	69BA0CDE","	Chamber1","	1","	B01??(?)","	8.1","	2026-07-23 20:35:27"
"	69BA0CDE","	Chamber1","	1","	B01??(%RH)","	84.8","	2026-07-23 20:35:25"
"	69BA0CDE","	Chamber1","	1","	B01??(?)","	8.1","	2026-07-23 20:35:25"
"	69BA0CDE","	Chamber1","	1","	B01??(%RH)","	84.7","	2026-07-23 20:35:23"
"	69BA0CDE","	Chamber1","	1","	B01??(?)","	8.1","	2026-07-23 20:35:23"
"	69BA0CDE","	Chamber1","	1","	B01??(%RH)","	84.7","	2026-07-23 20:35:21"
"	69BA0CDE","	Chamber1","	1","	B01??(?)","	8","	2026-07-23 20:35:21"
"	69BA0CDE","	Chamber1","	1","	B01??(%RH)","	84.8","	2026-07-23 20:35:19"
"	69BA0CDE","	Chamber1","	1","	B01??(?)","	8.1","	2026-07-23 20:35:19"
"	69BA0CDE","	Chamber1","	1","	B01??(%RH)","	84.7","	2026-07-23 20:35:17"
"	69BA0CDE","	Chamber1","	1","	B01??(?)","	8.1","	2026-07-23 20:35:17"
"	69BA0CDE","	Chamber1","	1","	B01??(%RH)","	84.7","	2026-07-23 20:35:15"
"	69BA0CDE","	Chamber1","	1","	B01??(?)","	8.1","	2026-07-23 20:35:15"
"	69BA0CDE","	Chamber1","	1","	B01??(%RH)","	84.7","	2026-07-23 20:35:12"
"	69BA0CDE","	Chamber1","	1","	B01??(?)","	8.1","	2026-07-23 20:35:12"
"	69BA0CDE","	Chamber1","	1","	B01??(%RH)","	84.8","	2026-07-23 20:35:10"
"	69BA0CDE","	Chamber1","	1","	B01??(?)","	8.1","	2026-07-23 20:35:10"
"	69BA0CDE","	Chamber1","	1","	B01??(%RH)","	84.7","	2026-07-23 20:35:08"
"	69BA0CDE","	Chamber1","	1","	B01??(?)","	8","	2026-07-23 20:35:08"
"	69BA0CDE","	Chamber1","	1","	B01??(%RH)","	84.8","	2026-07-23 20:35:06"
"	69BA0CDE","	Chamber1","	1","	B01??(?)","	8.1","	2026-07-23 20:35:06"
"	69BA0CDE","	Chamber1","	1","	B01??(%RH)","	84.7","	2026-07-23 20:35:04"
"	69BA0CDE","	Chamber1","	1","	B01??(?)","	8.1","	2026-07-23 20:35:04"
"	69BA0CDE","	Chamber1","	1","	B01??(%RH)","	84.7","	2026-07-23 20:35:02"
"	69BA0CDE","	Chamber1","	1","	B01??(?)","	8.1","	2026-07-23 20:35:02"
"	69BA0CDE","	Chamber1","	1","	B01??(%RH)","	84.7","	2026-07-23 20:35:00"
"	69BA0CDE","	Chamber1","	1","	B01??(?)","	8","	2026-07-23 20:35:00"
"	69BA0CDE","	Chamber1","	1","	B01??(%RH)","	84.8","	2026-07-23 20:34:58"
"	69BA0CDE","	Chamber1","	1","	B01??(?)","	8.1","	2026-07-23 20:34:58"
"	69BA0CDE","	Chamber1","	1","	B01??(%RH)","	84.7","	2026-07-23 20:34:56"
"	69BA0CDE","	Chamber1","	1","	B01??(?)","	8.1","	2026-07-23 20:34:56"
"	69BA0CDE","	Chamber1","	1","	B01??(%RH)","	84.8","	2026-07-23 20:34:54"
"	69BA0CDE","	Chamber1","	1","	B01??(?)","	8","	2026-07-23 20:34:54"
"	69BA0CDE","	Chamber1","	1","	B01??(%RH)","	84.7","	2026-07-23 20:34:52"
"	69BA0CDE","	Chamber1","	1","	B01??(?)","	8.1","	2026-07-23 20:34:52"
"	69BA0CDE","	Chamber1","	1","	B01??(%RH)","	84.7","	2026-07-23 20:34:50"
"	69BA0CDE","	Chamber1","	1","	B01??(?)","	8.1","	2026-07-23 20:34:50"
"	69BA0CDE","	Chamber1","	1","	B01??(%RH)","	84.7","	2026-07-23 20:34:48"
"	69BA0CDE","	Chamber1","	1","	B01??(?)","	8.1","	2026-07-23 20:34:48"
"	69BA0CDE","	Chamber1","	1","	B01??(%RH)","	84.8","	2026-07-23 20:34:46"
"	69BA0CDE","	Chamber1","	1","	B01??(?)","	8","	2026-07-23 20:34:46"
"	69BA0CDE","	Chamber1","	1","	B01??(%RH)","	84.7","	2026-07-23 20:34:44"
"	69BA0CDE","	Chamber1","	1","	B01??(?)","	8","	2026-07-23 20:34:44"
"	69BA0CDE","	Chamber1","	1","	B01??(%RH)","	84.7","	2026-07-23 20:34:42"
"	69BA0CDE","	Chamber1","	1","	B01??(?)","	8.1","	2026-07-23 20:34:42"
"	69BA0CDE","	Chamber1","	1","	B01??(%RH)","	84.8","	2026-07-23 20:34:40"
"	69BA0CDE","	Chamber1","	1","	B01??(?)","	8","	2026-07-23 20:34:40"
"	69BA0CDE","	Chamber1","	1","	B01??(%RH)","	84.8","	2026-07-23 20:34:38"
"	69BA0CDE","	Chamber1","	1","	B01??(?)","	8.1","	2026-07-23 20:34:38"
"	69BA0CDE","	Chamber1","	1","	B01??(%RH)","	84.8","	2026-07-23 20:34:36"
"	69BA0CDE","	Chamber1","	1","	B01??(?)","	8","	2026-07-23 20:34:36"
"	69BA0CDE","	Chamber1","	1","	B01??(%RH)","	84.8","	2026-07-23 20:34:34"
"	69BA0CDE","	Chamber1","	1","	B01??(?)","	8","	2026-07-23 20:34:34"
"	69BA0CDE","	Chamber1","	1","	B01??(%RH)","	84.8","	2026-07-23 20:34:32"
"	69BA0CDE","	Chamber1","	1","	B01??(?)","	8.1","	2026-07-23 20:34:32"
"	69BA0CDE","	Chamber1","	1","	B01??(%RH)","	84.8","	2026-07-23 20:34:29"
"	69BA0CDE","	Chamber1","	1","	B01??(?)","	8.1","	2026-07-23 20:34:29"
"	69BA0CDE","	Chamber1","	1","	B01??(%RH)","	84.8","	2026-07-23 20:34:27"
"	69BA0CDE","	Chamber1","	1","	B01??(?)","	8.1","	2026-07-23 20:34:27"
"	69BA0CDE","	Chamber1","	1","	B01??(%RH)","	84.8","	2026-07-23 20:34:25"
"	69BA0CDE","	Chamber1","	1","	B01??(?)","	8","	2026-07-23 20:34:25"
"	69BA0CDE","	Chamber1","	1","	B01??(%RH)","	84.7","	2026-07-23 20:34:23"
"	69BA0CDE","	Chamber1","	1","	B01??(?)","	8.1","	2026-07-23 20:34:23"
"	69BA0CDE","	Chamber1","	1","	B01??(%RH)","	84.7","	2026-07-23 20:34:21"
"	69BA0CDE","	Chamber1","	1","	B01??(?)","	8","	2026-07-23 20:34:21"
"	69BA0CDE","	Chamber1","	1","	B01??(%RH)","	84.8","	2026-07-23 20:34:19"
"	69BA0CDE","	Chamber1","	1","	B01??(?)","	8.1","	2026-07-23 20:34:19"
"	69BA0CDE","	Chamber1","	1","	B01??(%RH)","	84.8","	2026-07-23 20:34:17"
"	69BA0CDE","	Chamber1","	1","	B01??(?)","	8.1","	2026-07-23 20:34:17"
"	69BA0CDE","	Chamber1","	1","	B01??(%RH)","	84.8","	2026-07-23 20:34:15"
"	69BA0CDE","	Chamber1","	1","	B01??(?)","	8.1","	2026-07-23 20:34:15"
"	69BA0CDE","	Chamber1","	1","	B01??(%RH)","	84.8","	2026-07-23 20:34:13"
"	69BA0CDE","	Chamber1","	1","	B01??(?)","	8","	2026-07-23 20:34:13"
"	69BA0CDE","	Chamber1","	1","	B01??(%RH)","	84.8","	2026-07-23 20:34:11"
"	69BA0CDE","	Chamber1","	1","	B01??(?)","	8","	2026-07-23 20:34:11"
"	69BA0CDE","	Chamber1","	1","	B01??(%RH)","	84.7","	2026-07-23 20:34:09"
"	69BA0CDE","	Chamber1","	1","	B01??(?)","	8.1","	2026-07-23 20:34:09"
"	69BA0CDE","	Chamber1","	1","	B01??(%RH)","	84.8","	2026-07-23 20:34:07"
"	69BA0CDE","	Chamber1","	1","	B01??(?)","	8.1","	2026-07-23 20:34:07"
"	69BA0CDE","	Chamber1","	1","	B01??(%RH)","	84.8","	2026-07-23 20:34:05"
"	69BA0CDE","	Chamber1","	1","	B01??(?)","	8.1","	2026-07-23 20:34:05"
"	69BA0CDE","	Chamber1","	1","	B01??(%RH)","	84.7","	2026-07-23 20:34:03"
"	69BA0CDE","	Chamber1","	1","	B01??(?)","	8","	2026-07-23 20:34:03"
"	69BA0CDE","	Chamber1","	1","	B01??(%RH)","	84.8","	2026-07-23 20:34:01"
"	69BA0CDE","	Chamber1","	1","	B01??(?)","	8.1","	2026-07-23 20:34:01"
"	69BA0CDE","	Chamber1","	1","	B01??(%RH)","	84.8","	2026-07-23 20:33:59"
"	69BA0CDE","	Chamber1","	1","	B01??(?)","	8","	2026-07-23 20:33:59"
"	69BA0CDE","	Chamber1","	1","	B01??(%RH)","	84.8","	2026-07-23 20:33:57"
"	69BA0CDE","	Chamber1","	1","	B01??(?)","	8.1","	2026-07-23 20:33:57"
"	69BA0CDE","	Chamber1","	1","	B01??(%RH)","	84.8","	2026-07-23 20:33:55"
"	69BA0CDE","	Chamber1","	1","	B01??(?)","	8","	2026-07-23 20:33:55"
"	69BA0CDE","	Chamber1","	1","	B01??(%RH)","	84.8","	2026-07-23 20:33:53"
"	69BA0CDE","	Chamber1","	1","	B01??(?)","	8.1","	2026-07-23 20:33:53"
"	69BA0CDE","	Chamber1","	1","	B01??(%RH)","	84.8","	2026-07-23 20:33:51"
"	69BA0CDE","	Chamber1","	1","	B01??(?)","	8","	2026-07-23 20:33:51"
"	69BA0CDE","	Chamber1","	1","	B01??(%RH)","	84.8","	2026-07-23 20:33:49"
"	69BA0CDE","	Chamber1","	1","	B01??(?)","	8.1","	2026-07-23 20:33:49"
"	69BA0CDE","	Chamber1","	1","	B01??(%RH)","	84.8","	2026-07-23 20:33:47"
"	69BA0CDE","	Chamber1","	1","	B01??(?)","	8","	2026-07-23 20:33:47"
"	69BA0CDE","	Chamber1","	1","	B01??(%RH)","	84.8","	2026-07-23 20:33:44"
"	69BA0CDE","	Chamber1","	1","	B01??(?)","	8.1","	2026-07-23 20:33:44"
"	69BA0CDE","	Chamber1","	1","	B01??(%RH)","	84.8","	2026-07-23 20:33:42"
"	69BA0CDE","	Chamber1","	1","	B01??(?)","	8","	2026-07-23 20:33:42"
"	69BA0CDE","	Chamber1","	1","	B01??(%RH)","	84.8","	2026-07-23 20:33:40"
"	69BA0CDE","	Chamber1","	1","	B01??(?)","	8.1","	2026-07-23 20:33:40"
"	69BA0CDE","	Chamber1","	1","	B01??(%RH)","	84.8","	2026-07-23 20:33:38"
"	69BA0CDE","	Chamber1","	1","	B01??(?)","	8","	2026-07-23 20:33:38"
"	69BA0CDE","	Chamber1","	1","	B01??(%RH)","	84.8","	2026-07-23 20:33:36"
"	69BA0CDE","	Chamber1","	1","	B01??(?)","	8","	2026-07-23 20:33:36"
"	69BA0CDE","	Chamber1","	1","	B01??(%RH)","	84.8","	2026-07-23 20:33:34"
"	69BA0CDE","	Chamber1","	1","	B01??(?)","	8","	2026-07-23 20:33:34"
"	69BA0CDE","	Chamber1","	1","	B01??(%RH)","	84.8","	2026-07-23 20:33:32"
"	69BA0CDE","	Chamber1","	1","	B01??(?)","	8","	2026-07-23 20:33:32"
"	69BA0CDE","	Chamber1","	1","	B01??(%RH)","	84.8","	2026-07-23 20:33:30"
"	69BA0CDE","	Chamber1","	1","	B01??(?)","	8","	2026-07-23 20:33:30"
"	69BA0CDE","	Chamber1","	1","	B01??(%RH)","	84.8","	2026-07-23 20:33:28"
"	69BA0CDE","	Chamber1","	1","	B01??(?)","	8","	2026-07-23 20:33:28"
"	69BA0CDE","	Chamber1","	1","	B01??(%RH)","	84.8","	2026-07-23 20:33:26"
"	69BA0CDE","	Chamber1","	1","	B01??(?)","	8","	2026-07-23 20:33:26"
"	69BA0CDE","	Chamber1","	1","	B01??(%RH)","	84.8","	2026-07-23 20:33:24"
"	69BA0CDE","	Chamber1","	1","	B01??(?)","	8","	2026-07-23 20:33:24"
"	69BA0CDE","	Chamber1","	1","	B01??(%RH)","	84.8","	2026-07-23 20:33:22"
"	69BA0CDE","	Chamber1","	1","	B01??(?)","	8.1","	2026-07-23 20:33:22"
"	69BA0CDE","	Chamber1","	1","	B01??(%RH)","	84.8","	2026-07-23 20:33:20"
"	69BA0CDE","	Chamber1","	1","	B01??(?)","	8","	2026-07-23 20:33:20"
"	69BA0CDE","	Chamber1","	1","	B01??(%RH)","	84.8","	2026-07-23 20:33:18"
"	69BA0CDE","	Chamber1","	1","	B01??(?)","	8","	2026-07-23 20:33:18"
"	69BA0CDE","	Chamber1","	1","	B01??(%RH)","	84.8","	2026-07-23 20:33:16"
"	69BA0CDE","	Chamber1","	1","	B01??(?)","	8","	2026-07-23 20:33:16"
"	69BA0CDE","	Chamber1","	1","	B01??(%RH)","	84.8","	2026-07-23 20:33:14"
"	69BA0CDE","	Chamber1","	1","	B01??(?)","	8","	2026-07-23 20:33:14"
"	69BA0CDE","	Chamber1","	1","	B01??(%RH)","	84.8","	2026-07-23 20:33:12"
"	69BA0CDE","	Chamber1","	1","	B01??(?)","	8","	2026-07-23 20:33:12"
"	69BA0CDE","	Chamber1","	1","	B01??(%RH)","	84.8","	2026-07-23 20:33:10"
"	69BA0CDE","	Chamber1","	1","	B01??(?)","	8","	2026-07-23 20:33:10"
"	69BA0CDE","	Chamber1","	1","	B01??(%RH)","	84.8","	2026-07-23 20:33:08"
"	69BA0CDE","	Chamber1","	1","	B01??(?)","	8","	2026-07-23 20:33:08"
"	69BA0CDE","	Chamber1","	1","	B01??(%RH)","	84.8","	2026-07-23 20:33:06"
"	69BA0CDE","	Chamber1","	1","	B01??(?)","	8","	2026-07-23 20:33:06"
"	69BA0CDE","	Chamber1","	1","	B01??(%RH)","	84.8","	2026-07-23 20:33:04"
"	69BA0CDE","	Chamber1","	1","	B01??(?)","	8","	2026-07-23 20:33:04"
"	69BA0CDE","	Chamber1","	1","	B01??(%RH)","	84.8","	2026-07-23 20:33:01"
"	69BA0CDE","	Chamber1","	1","	B01??(?)","	8","	2026-07-23 20:33:01"
"	69BA0CDE","	Chamber1","	1","	B01??(%RH)","	84.8","	2026-07-23 20:32:59"
"	69BA0CDE","	Chamber1","	1","	B01??(?)","	8","	2026-07-23 20:32:59"
"	69BA0CDE","	Chamber1","	1","	B01??(%RH)","	84.8","	2026-07-23 20:32:57"
"	69BA0CDE","	Chamber1","	1","	B01??(?)","	8","	2026-07-23 20:32:57"
"	69BA0CDE","	Chamber1","	1","	B01??(?)","	8","	2026-07-23 20:32:55"
"	69BA0CDE","	Chamber1","	1","	B01??(%RH)","	84.8","	2026-07-23 20:32:55"
"	69BA0CDE","	Chamber1","	1","	B01??(%RH)","	84.8","	2026-07-23 20:32:53"
"	69BA0CDE","	Chamber1","	1","	B01??(?)","	8","	2026-07-23 20:32:53"
"	69BA0CDE","	Chamber1","	1","	B01??(%RH)","	84.9","	2026-07-23 20:32:51"
"	69BA0CDE","	Chamber1","	1","	B01??(?)","	8","	2026-07-23 20:32:51"
"	69BA0CDE","	Chamber1","	1","	B01??(%RH)","	84.8","	2026-07-23 20:32:49"
"	69BA0CDE","	Chamber1","	1","	B01??(?)","	8","	2026-07-23 20:32:49"
"	69BA0CDE","	Chamber1","	1","	B01??(%RH)","	84.8","	2026-07-23 20:32:47"
"	69BA0CDE","	Chamber1","	1","	B01??(?)","	8","	2026-07-23 20:32:47"
"	69BA0CDE","	Chamber1","	1","	B01??(%RH)","	84.8","	2026-07-23 20:32:45"
"	69BA0CDE","	Chamber1","	1","	B01??(?)","	8","	2026-07-23 20:32:45"
"	69BA0CDE","	Chamber1","	1","	B01??(%RH)","	84.8","	2026-07-23 20:32:43"
"	69BA0CDE","	Chamber1","	1","	B01??(?)","	8","	2026-07-23 20:32:43"
"	69BA0CDE","	Chamber1","	1","	B01??(%RH)","	84.8","	2026-07-23 20:32:41"
"	69BA0CDE","	Chamber1","	1","	B01??(?)","	8","	2026-07-23 20:32:41"
"	69BA0CDE","	Chamber1","	1","	B01??(%RH)","	84.8","	2026-07-23 20:32:39"
"	69BA0CDE","	Chamber1","	1","	B01??(?)","	8","	2026-07-23 20:32:39"
"	69BA0CDE","	Chamber1","	1","	B01??(%RH)","	84.8","	2026-07-23 20:32:37"
"	69BA0CDE","	Chamber1","	1","	B01??(?)","	8","	2026-07-23 20:32:37"
"	69BA0CDE","	Chamber1","	1","	B01??(%RH)","	84.8","	2026-07-23 20:32:35"
"	69BA0CDE","	Chamber1","	1","	B01??(?)","	8","	2026-07-23 20:32:35"
"	69BA0CDE","	Chamber1","	1","	B01??(%RH)","	84.8","	2026-07-23 20:32:33"
"	69BA0CDE","	Chamber1","	1","	B01??(?)","	8","	2026-07-23 20:32:33"
"	69BA0CDE","	Chamber1","	1","	B01??(%RH)","	84.8","	2026-07-23 20:32:31"
"	69BA0CDE","	Chamber1","	1","	B01??(?)","	8","	2026-07-23 20:32:31"
"	69BA0CDE","	Chamber1","	1","	B01??(%RH)","	84.8","	2026-07-23 20:32:29"
"	69BA0CDE","	Chamber1","	1","	B01??(?)","	8","	2026-07-23 20:32:29"
"	69BA0CDE","	Chamber1","	1","	B01??(%RH)","	84.8","	2026-07-23 20:32:27"
"	69BA0CDE","	Chamber1","	1","	B01??(?)","	8","	2026-07-23 20:32:27"
"	69BA0CDE","	Chamber1","	1","	B01??(%RH)","	84.8","	2026-07-23 20:32:25"
"	69BA0CDE","	Chamber1","	1","	B01??(?)","	8","	2026-07-23 20:32:25"
"	69BA0CDE","	Chamber1","	1","	B01??(%RH)","	84.8","	2026-07-23 20:32:23"
"	69BA0CDE","	Chamber1","	1","	B01??(?)","	8","	2026-07-23 20:32:23"
"	69BA0CDE","	Chamber1","	1","	B01??(%RH)","	84.8","	2026-07-23 20:32:21"
"	69BA0CDE","	Chamber1","	1","	B01??(?)","	8","	2026-07-23 20:32:21"
"	69BA0CDE","	Chamber1","	1","	B01??(%RH)","	84.9","	2026-07-23 20:32:19"
"	69BA0CDE","	Chamber1","	1","	B01??(?)","	8","	2026-07-23 20:32:19"
"	69BA0CDE","	Chamber1","	1","	B01??(%RH)","	84.9","	2026-07-23 20:32:16"
"	69BA0CDE","	Chamber1","	1","	B01??(?)","	8","	2026-07-23 20:32:16"
"	69BA0CDE","	Chamber1","	1","	B01??(%RH)","	84.8","	2026-07-23 20:32:14"
"	69BA0CDE","	Chamber1","	1","	B01??(?)","	8","	2026-07-23 20:32:14"
"	69BA0CDE","	Chamber1","	1","	B01??(%RH)","	84.8","	2026-07-23 20:32:12"
"	69BA0CDE","	Chamber1","	1","	B01??(?)","	8","	2026-07-23 20:32:12"
"	69BA0CDE","	Chamber1","	1","	B01??(%RH)","	84.8","	2026-07-23 20:32:10"
"	69BA0CDE","	Chamber1","	1","	B01??(?)","	8","	2026-07-23 20:32:10"
"	69BA0CDE","	Chamber1","	1","	B01??(%RH)","	84.8","	2026-07-23 20:32:08"
"	69BA0CDE","	Chamber1","	1","	B01??(?)","	8","	2026-07-23 20:32:08"
"	69BA0CDE","	Chamber1","	1","	B01??(%RH)","	84.8","	2026-07-23 20:32:06"
"	69BA0CDE","	Chamber1","	1","	B01??(?)","	8","	2026-07-23 20:32:06"
"	69BA0CDE","	Chamber1","	1","	B01??(%RH)","	84.8","	2026-07-23 20:32:04"
"	69BA0CDE","	Chamber1","	1","	B01??(?)","	8","	2026-07-23 20:32:04"
"	69BA0CDE","	Chamber1","	1","	B01??(%RH)","	84.8","	2026-07-23 20:32:02"
"	69BA0CDE","	Chamber1","	1","	B01??(?)","	8","	2026-07-23 20:32:02"
"	69BA0CDE","	Chamber1","	1","	B01??(%RH)","	84.8","	2026-07-23 20:32:00"
"	69BA0CDE","	Chamber1","	1","	B01??(?)","	8","	2026-07-23 20:32:00"
"	69BA0CDE","	Chamber1","	1","	B01??(%RH)","	84.8","	2026-07-23 20:31:58"
"	69BA0CDE","	Chamber1","	1","	B01??(?)","	8","	2026-07-23 20:31:58"
"	69BA0CDE","	Chamber1","	1","	B01??(%RH)","	84.8","	2026-07-23 20:31:56"
"	69BA0CDE","	Chamber1","	1","	B01??(?)","	8","	2026-07-23 20:31:56"
"	69BA0CDE","	Chamber1","	1","	B01??(%RH)","	84.8","	2026-07-23 20:31:54"
"	69BA0CDE","	Chamber1","	1","	B01??(?)","	8","	2026-07-23 20:31:54"
"	69BA0CDE","	Chamber1","	1","	B01??(%RH)","	84.8","	2026-07-23 20:31:52"
"	69BA0CDE","	Chamber1","	1","	B01??(?)","	8","	2026-07-23 20:31:52"
"	69BA0CDE","	Chamber1","	1","	B01??(%RH)","	84.8","	2026-07-23 20:31:50"
"	69BA0CDE","	Chamber1","	1","	B01??(?)","	8","	2026-07-23 20:31:50"
"	69BA0CDE","	Chamber1","	1","	B01??(%RH)","	84.8","	2026-07-23 20:31:48"
"	69BA0CDE","	Chamber1","	1","	B01??(?)","	8","	2026-07-23 20:31:48"
"	69BA0CDE","	Chamber1","	1","	B01??(%RH)","	84.8","	2026-07-23 20:31:46"
"	69BA0CDE","	Chamber1","	1","	B01??(?)","	8","	2026-07-23 20:31:46"
"	69BA0CDE","	Chamber1","	1","	B01??(%RH)","	84.8","	2026-07-23 20:31:44"
"	69BA0CDE","	Chamber1","	1","	B01??(?)","	8","	2026-07-23 20:31:44"
"	69BA0CDE","	Chamber1","	1","	B01??(%RH)","	84.8","	2026-07-23 20:31:42"
"	69BA0CDE","	Chamber1","	1","	B01??(?)","	8","	2026-07-23 20:31:42"
"	69BA0CDE","	Chamber1","	1","	B01??(%RH)","	84.8","	2026-07-23 20:31:40"
"	69BA0CDE","	Chamber1","	1","	B01??(?)","	8","	2026-07-23 20:31:40"
"	69BA0CDE","	Chamber1","	1","	B01??(%RH)","	84.8","	2026-07-23 20:31:38"
"	69BA0CDE","	Chamber1","	1","	B01??(?)","	8","	2026-07-23 20:31:38"
"	69BA0CDE","	Chamber1","	1","	B01??(%RH)","	84.8","	2026-07-23 20:31:36"
"	69BA0CDE","	Chamber1","	1","	B01??(?)","	8","	2026-07-23 20:31:36"
"	69BA0CDE","	Chamber1","	1","	B01??(%RH)","	84.8","	2026-07-23 20:31:33"
"	69BA0CDE","	Chamber1","	1","	B01??(?)","	8","	2026-07-23 20:31:33"
"	69BA0CDE","	Chamber1","	1","	B01??(%RH)","	84.8","	2026-07-23 20:31:31"
"	69BA0CDE","	Chamber1","	1","	B01??(?)","	8","	2026-07-23 20:31:31"
"	69BA0CDE","	Chamber1","	1","	B01??(%RH)","	84.8","	2026-07-23 20:31:29"
"	69BA0CDE","	Chamber1","	1","	B01??(?)","	8","	2026-07-23 20:31:29"
"	69BA0CDE","	Chamber1","	1","	B01??(%RH)","	84.8","	2026-07-23 20:31:27"
"	69BA0CDE","	Chamber1","	1","	B01??(?)","	8","	2026-07-23 20:31:27"
"	69BA0CDE","	Chamber1","	1","	B01??(%RH)","	84.8","	2026-07-23 20:31:25"
"	69BA0CDE","	Chamber1","	1","	B01??(?)","	8","	2026-07-23 20:31:25"
"	69BA0CDE","	Chamber1","	1","	B01??(%RH)","	84.8","	2026-07-23 20:31:23"
"	69BA0CDE","	Chamber1","	1","	B01??(?)","	8","	2026-07-23 20:31:23"
"	69BA0CDE","	Chamber1","	1","	B01??(%RH)","	84.8","	2026-07-23 20:31:21"
"	69BA0CDE","	Chamber1","	1","	B01??(?)","	8","	2026-07-23 20:31:21"
"	69BA0CDE","	Chamber1","	1","	B01??(%RH)","	84.8","	2026-07-23 20:31:19"
"	69BA0CDE","	Chamber1","	1","	B01??(?)","	8","	2026-07-23 20:31:19"
"	69BA0CDE","	Chamber1","	1","	B01??(%RH)","	84.8","	2026-07-23 20:31:17"
"	69BA0CDE","	Chamber1","	1","	B01??(?)","	8","	2026-07-23 20:31:17"
"	69BA0CDE","	Chamber1","	1","	B01??(%RH)","	84.8","	2026-07-23 20:31:15"
"	69BA0CDE","	Chamber1","	1","	B01??(?)","	8","	2026-07-23 20:31:15"
"	69BA0CDE","	Chamber1","	1","	B01??(%RH)","	84.8","	2026-07-23 20:31:13"
"	69BA0CDE","	Chamber1","	1","	B01??(?)","	8","	2026-07-23 20:31:13"
"	69BA0CDE","	Chamber1","	1","	B01??(%RH)","	84.8","	2026-07-23 20:31:11"
"	69BA0CDE","	Chamber1","	1","	B01??(?)","	8","	2026-07-23 20:31:11"
"	69BA0CDE","	Chamber1","	1","	B01??(%RH)","	84.8","	2026-07-23 20:31:09"
"	69BA0CDE","	Chamber1","	1","	B01??(?)","	8","	2026-07-23 20:31:09"
"	69BA0CDE","	Chamber1","	1","	B01??(%RH)","	84.8","	2026-07-23 20:31:07"
"	69BA0CDE","	Chamber1","	1","	B01??(?)","	8","	2026-07-23 20:31:07"
"	69BA0CDE","	Chamber1","	1","	B01??(%RH)","	84.8","	2026-07-23 20:31:05"
"	69BA0CDE","	Chamber1","	1","	B01??(?)","	8","	2026-07-23 20:31:05"
"	69BA0CDE","	Chamber1","	1","	B01??(%RH)","	84.8","	2026-07-23 20:31:03"
"	69BA0CDE","	Chamber1","	1","	B01??(?)","	8","	2026-07-23 20:31:03"
"	69BA0CDE","	Chamber1","	1","	B01??(%RH)","	84.8","	2026-07-23 20:31:01"
"	69BA0CDE","	Chamber1","	1","	B01??(?)","	8","	2026-07-23 20:31:01"
"	69BA0CDE","	Chamber1","	1","	B01??(%RH)","	84.7","	2026-07-23 20:30:59"
"	69BA0CDE","	Chamber1","	1","	B01??(?)","	8","	2026-07-23 20:30:59"
"	69BA0CDE","	Chamber1","	1","	B01??(%RH)","	84.7","	2026-07-23 20:30:57"
"	69BA0CDE","	Chamber1","	1","	B01??(?)","	8","	2026-07-23 20:30:57"
"	69BA0CDE","	Chamber1","	1","	B01??(%RH)","	84.8","	2026-07-23 20:30:55"
"	69BA0CDE","	Chamber1","	1","	B01??(?)","	8","	2026-07-23 20:30:55"
"	69BA0CDE","	Chamber1","	1","	B01??(%RH)","	84.8","	2026-07-23 20:30:53"
"	69BA0CDE","	Chamber1","	1","	B01??(?)","	8","	2026-07-23 20:30:53"
"	69BA0CDE","	Chamber1","	1","	B01??(%RH)","	84.8","	2026-07-23 20:30:51"
"	69BA0CDE","	Chamber1","	1","	B01??(?)","	8","	2026-07-23 20:30:51"
"	69BA0CDE","	Chamber1","	1","	B01??(%RH)","	84.8","	2026-07-23 20:30:48"
"	69BA0CDE","	Chamber1","	1","	B01??(?)","	8","	2026-07-23 20:30:48"
"	69BA0CDE","	Chamber1","	1","	B01??(%RH)","	84.8","	2026-07-23 20:30:46"
"	69BA0CDE","	Chamber1","	1","	B01??(?)","	8","	2026-07-23 20:30:46"
"	69BA0CDE","	Chamber1","	1","	B01??(%RH)","	84.8","	2026-07-23 20:30:44"
"	69BA0CDE","	Chamber1","	1","	B01??(?)","	8","	2026-07-23 20:30:44"
"	69BA0CDE","	Chamber1","	1","	B01??(%RH)","	84.8","	2026-07-23 20:30:42"
"	69BA0CDE","	Chamber1","	1","	B01??(?)","	8","	2026-07-23 20:30:42"
"	69BA0CDE","	Chamber1","	1","	B01??(%RH)","	84.7","	2026-07-23 20:30:40"
"	69BA0CDE","	Chamber1","	1","	B01??(?)","	8","	2026-07-23 20:30:40"
"	69BA0CDE","	Chamber1","	1","	B01??(%RH)","	84.7","	2026-07-23 20:30:38"
"	69BA0CDE","	Chamber1","	1","	B01??(?)","	8","	2026-07-23 20:30:38"
"	69BA0CDE","	Chamber1","	1","	B01??(%RH)","	84.8","	2026-07-23 20:30:36"
"	69BA0CDE","	Chamber1","	1","	B01??(?)","	8","	2026-07-23 20:30:36"
"	69BA0CDE","	Chamber1","	1","	B01??(%RH)","	84.7","	2026-07-23 20:30:34"
"	69BA0CDE","	Chamber1","	1","	B01??(?)","	8","	2026-07-23 20:30:34"
"	69BA0CDE","	Chamber1","	1","	B01??(%RH)","	84.7","	2026-07-23 20:30:32"
"	69BA0CDE","	Chamber1","	1","	B01??(?)","	8","	2026-07-23 20:30:32"
"	69BA0CDE","	Chamber1","	1","	B01??(?)","	7.9","	2026-07-23 20:30:30"
"	69BA0CDE","	Chamber1","	1","	B01??(%RH)","	84.7","	2026-07-23 20:30:30"
"	69BA0CDE","	Chamber1","	1","	B01??(%RH)","	84.7","	2026-07-23 20:30:28"
"	69BA0CDE","	Chamber1","	1","	B01??(?)","	8","	2026-07-23 20:30:28"
"	69BA0CDE","	Chamber1","	1","	B01??(%RH)","	84.8","	2026-07-23 20:30:26"
"	69BA0CDE","	Chamber1","	1","	B01??(?)","	8","	2026-07-23 20:30:26"
"	69BA0CDE","	Chamber1","	1","	B01??(%RH)","	84.7","	2026-07-23 20:30:24"
"	69BA0CDE","	Chamber1","	1","	B01??(?)","	8","	2026-07-23 20:30:24"
"	69BA0CDE","	Chamber1","	1","	B01??(%RH)","	84.7","	2026-07-23 20:30:22"
"	69BA0CDE","	Chamber1","	1","	B01??(?)","	8","	2026-07-23 20:30:22"
"	69BA0CDE","	Chamber1","	1","	B01??(%RH)","	84.7","	2026-07-23 20:30:20"
"	69BA0CDE","	Chamber1","	1","	B01??(?)","	8","	2026-07-23 20:30:20"
"	69BA0CDE","	Chamber1","	1","	B01??(%RH)","	84.7","	2026-07-23 20:30:18"
"	69BA0CDE","	Chamber1","	1","	B01??(?)","	8","	2026-07-23 20:30:18"
"	69BA0CDE","	Chamber1","	1","	B01??(%RH)","	84.7","	2026-07-23 20:30:16"
"	69BA0CDE","	Chamber1","	1","	B01??(?)","	8","	2026-07-23 20:30:16"
"	69BA0CDE","	Chamber1","	1","	B01??(%RH)","	84.7","	2026-07-23 20:30:14"
"	69BA0CDE","	Chamber1","	1","	B01??(?)","	8","	2026-07-23 20:30:14"
"	69BA0CDE","	Chamber1","	1","	B01??(%RH)","	84.7","	2026-07-23 20:30:12"
"	69BA0CDE","	Chamber1","	1","	B01??(?)","	8","	2026-07-23 20:30:12"
"	69BA0CDE","	Chamber1","	1","	B01??(%RH)","	84.7","	2026-07-23 20:30:10"
"	69BA0CDE","	Chamber1","	1","	B01??(?)","	7.9","	2026-07-23 20:30:10"
"	69BA0CDE","	Chamber1","	1","	B01??(%RH)","	84.7","	2026-07-23 20:30:08"
"	69BA0CDE","	Chamber1","	1","	B01??(?)","	8","	2026-07-23 20:30:08"
"	69BA0CDE","	Chamber1","	1","	B01??(%RH)","	84.7","	2026-07-23 20:30:06"
"	69BA0CDE","	Chamber1","	1","	B01??(?)","	8","	2026-07-23 20:30:06"
"	69BA0CDE","	Chamber1","	1","	B01??(%RH)","	84.7","	2026-07-23 20:30:03"
"	69BA0CDE","	Chamber1","	1","	B01??(?)","	8","	2026-07-23 20:30:03"
"	69BA0CDE","	Chamber1","	1","	B01??(%RH)","	84.7","	2026-07-23 20:30:01"
"	69BA0CDE","	Chamber1","	1","	B01??(?)","	8","	2026-07-23 20:30:01"
"	69BA0CDE","	Chamber1","	1","	B01??(%RH)","	84.7","	2026-07-23 20:29:59"
"	69BA0CDE","	Chamber1","	1","	B01??(?)","	8","	2026-07-23 20:29:59"
"	69BA0CDE","	Chamber1","	1","	B01??(%RH)","	84.7","	2026-07-23 20:29:57"
"	69BA0CDE","	Chamber1","	1","	B01??(?)","	8","	2026-07-23 20:29:57"
"	69BA0CDE","	Chamber1","	1","	B01??(%RH)","	84.7","	2026-07-23 20:29:55"
"	69BA0CDE","	Chamber1","	1","	B01??(?)","	8","	2026-07-23 20:29:55"
"	69BA0CDE","	Chamber1","	1","	B01??(%RH)","	84.7","	2026-07-23 20:29:53"
"	69BA0CDE","	Chamber1","	1","	B01??(?)","	7.9","	2026-07-23 20:29:53"
"	69BA0CDE","	Chamber1","	1","	B01??(%RH)","	84.7","	2026-07-23 20:29:51"
"	69BA0CDE","	Chamber1","	1","	B01??(?)","	8","	2026-07-23 20:29:51"
"	69BA0CDE","	Chamber1","	1","	B01??(%RH)","	84.7","	2026-07-23 20:29:49"
"	69BA0CDE","	Chamber1","	1","	B01??(?)","	8","	2026-07-23 20:29:49"
"	69BA0CDE","	Chamber1","	1","	B01??(%RH)","	84.7","	2026-07-23 20:29:47"
"	69BA0CDE","	Chamber1","	1","	B01??(?)","	7.9","	2026-07-23 20:29:47"
"	69BA0CDE","	Chamber1","	1","	B01??(%RH)","	84.7","	2026-07-23 20:29:45"
"	69BA0CDE","	Chamber1","	1","	B01??(?)","	8","	2026-07-23 20:29:45"
"	69BA0CDE","	Chamber1","	1","	B01??(%RH)","	84.7","	2026-07-23 20:29:43"
"	69BA0CDE","	Chamber1","	1","	B01??(?)","	8","	2026-07-23 20:29:43"
"	69BA0CDE","	Chamber1","	1","	B01??(%RH)","	84.7","	2026-07-23 20:29:41"
"	69BA0CDE","	Chamber1","	1","	B01??(?)","	8","	2026-07-23 20:29:41"
"	69BA0CDE","	Chamber1","	1","	B01??(%RH)","	84.7","	2026-07-23 20:29:39"
"	69BA0CDE","	Chamber1","	1","	B01??(?)","	8","	2026-07-23 20:29:39"
"	69BA0CDE","	Chamber1","	1","	B01??(%RH)","	84.7","	2026-07-23 20:29:37"
"	69BA0CDE","	Chamber1","	1","	B01??(?)","	7.9","	2026-07-23 20:29:37"
"	69BA0CDE","	Chamber1","	1","	B01??(%RH)","	84.7","	2026-07-23 20:29:35"
"	69BA0CDE","	Chamber1","	1","	B01??(?)","	7.9","	2026-07-23 20:29:35"
"	69BA0CDE","	Chamber1","	1","	B01??(%RH)","	84.7","	2026-07-23 20:29:33"
"	69BA0CDE","	Chamber1","	1","	B01??(?)","	8","	2026-07-23 20:29:33"
"	69BA0CDE","	Chamber1","	1","	B01??(%RH)","	84.7","	2026-07-23 20:29:31"
"	69BA0CDE","	Chamber1","	1","	B01??(?)","	8","	2026-07-23 20:29:31"
"	69BA0CDE","	Chamber1","	1","	B01??(%RH)","	84.7","	2026-07-23 20:29:29"
"	69BA0CDE","	Chamber1","	1","	B01??(?)","	7.9","	2026-07-23 20:29:29"
"	69BA0CDE","	Chamber1","	1","	B01??(%RH)","	84.7","	2026-07-23 20:29:27"
"	69BA0CDE","	Chamber1","	1","	B01??(?)","	7.9","	2026-07-23 20:29:27"
"	69BA0CDE","	Chamber1","	1","	B01??(%RH)","	84.7","	2026-07-23 20:29:25"
"	69BA0CDE","	Chamber1","	1","	B01??(?)","	7.9","	2026-07-23 20:29:25"
"	69BA0CDE","	Chamber1","	1","	B01??(%RH)","	84.7","	2026-07-23 20:29:23"
"	69BA0CDE","	Chamber1","	1","	B01??(?)","	7.9","	2026-07-23 20:29:23"
"	69BA0CDE","	Chamber1","	1","	B01??(%RH)","	84.8","	2026-07-23 20:29:21"
"	69BA0CDE","	Chamber1","	1","	B01??(?)","	8","	2026-07-23 20:29:21"
"	69BA0CDE","	Chamber1","	1","	B01??(%RH)","	84.7","	2026-07-23 20:29:18"
"	69BA0CDE","	Chamber1","	1","	B01??(?)","	7.9","	2026-07-23 20:29:18"
"	69BA0CDE","	Chamber1","	1","	B01??(%RH)","	84.7","	2026-07-23 20:29:16"
"	69BA0CDE","	Chamber1","	1","	B01??(?)","	7.9","	2026-07-23 20:29:16"
"	69BA0CDE","	Chamber1","	1","	B01??(%RH)","	84.7","	2026-07-23 20:29:14"
"	69BA0CDE","	Chamber1","	1","	B01??(?)","	8","	2026-07-23 20:29:14"
"	69BA0CDE","	Chamber1","	1","	B01??(%RH)","	84.7","	2026-07-23 20:29:12"
"	69BA0CDE","	Chamber1","	1","	B01??(?)","	8","	2026-07-23 20:29:12"
"	69BA0CDE","	Chamber1","	1","	B01??(%RH)","	84.7","	2026-07-23 20:29:10"
"	69BA0CDE","	Chamber1","	1","	B01??(?)","	8","	2026-07-23 20:29:10"
"	69BA0CDE","	Chamber1","	1","	B01??(%RH)","	84.7","	2026-07-23 20:29:08"
"	69BA0CDE","	Chamber1","	1","	B01??(?)","	7.9","	2026-07-23 20:29:08"
"	69BA0CDE","	Chamber1","	1","	B01??(%RH)","	84.7","	2026-07-23 20:29:06"
"	69BA0CDE","	Chamber1","	1","	B01??(?)","	8","	2026-07-23 20:29:06"
"	69BA0CDE","	Chamber1","	1","	B01??(%RH)","	84.7","	2026-07-23 20:29:04"
"	69BA0CDE","	Chamber1","	1","	B01??(?)","	7.9","	2026-07-23 20:29:04"
"	69BA0CDE","	Chamber1","	1","	B01??(%RH)","	84.7","	2026-07-23 20:29:02"
"	69BA0CDE","	Chamber1","	1","	B01??(?)","	7.9","	2026-07-23 20:29:02"
"	69BA0CDE","	Chamber1","	1","	B01??(%RH)","	84.7","	2026-07-23 20:29:00"
"	69BA0CDE","	Chamber1","	1","	B01??(?)","	7.9","	2026-07-23 20:29:00"
"	69BA0CDE","	Chamber1","	1","	B01??(%RH)","	84.7","	2026-07-23 20:28:58"
"	69BA0CDE","	Chamber1","	1","	B01??(?)","	7.9","	2026-07-23 20:28:58"
"	69BA0CDE","	Chamber1","	1","	B01??(%RH)","	84.7","	2026-07-23 20:28:56"
"	69BA0CDE","	Chamber1","	1","	B01??(?)","	7.9","	2026-07-23 20:28:56"
"	69BA0CDE","	Chamber1","	1","	B01??(%RH)","	84.7","	2026-07-23 20:28:54"
"	69BA0CDE","	Chamber1","	1","	B01??(?)","	7.9","	2026-07-23 20:28:54"
"	69BA0CDE","	Chamber1","	1","	B01??(%RH)","	84.7","	2026-07-23 20:28:52"
"	69BA0CDE","	Chamber1","	1","	B01??(?)","	7.9","	2026-07-23 20:28:52"
"	69BA0CDE","	Chamber1","	1","	B01??(%RH)","	84.7","	2026-07-23 20:28:50"
"	69BA0CDE","	Chamber1","	1","	B01??(?)","	7.9","	2026-07-23 20:28:50"
"	69BA0CDE","	Chamber1","	1","	B01??(%RH)","	84.7","	2026-07-23 20:28:48"
"	69BA0CDE","	Chamber1","	1","	B01??(?)","	7.9","	2026-07-23 20:28:48"
"	69BA0CDE","	Chamber1","	1","	B01??(%RH)","	84.7","	2026-07-23 20:28:46"
"	69BA0CDE","	Chamber1","	1","	B01??(?)","	7.9","	2026-07-23 20:28:46"
"	69BA0CDE","	Chamber1","	1","	B01??(%RH)","	84.7","	2026-07-23 20:28:44"
"	69BA0CDE","	Chamber1","	1","	B01??(?)","	7.9","	2026-07-23 20:28:44"
"	69BA0CDE","	Chamber1","	1","	B01??(%RH)","	84.7","	2026-07-23 20:28:42"
"	69BA0CDE","	Chamber1","	1","	B01??(?)","	7.9","	2026-07-23 20:28:42"
"	69BA0CDE","	Chamber1","	1","	B01??(%RH)","	84.7","	2026-07-23 20:28:40"
"	69BA0CDE","	Chamber1","	1","	B01??(?)","	7.9","	2026-07-23 20:28:40"
"	69BA0CDE","	Chamber1","	1","	B01??(%RH)","	84.7","	2026-07-23 20:28:38"
"	69BA0CDE","	Chamber1","	1","	B01??(?)","	7.9","	2026-07-23 20:28:38"
"	69BA0CDE","	Chamber1","	1","	B01??(%RH)","	84.6","	2026-07-23 20:28:36"
"	69BA0CDE","	Chamber1","	1","	B01??(?)","	7.9","	2026-07-23 20:28:36"
"	69BA0CDE","	Chamber1","	1","	B01??(%RH)","	84.7","	2026-07-23 20:28:33"
"	69BA0CDE","	Chamber1","	1","	B01??(?)","	7.9","	2026-07-23 20:28:33"
"	69BA0CDE","	Chamber1","	1","	B01??(%RH)","	84.7","	2026-07-23 20:28:31"
"	69BA0CDE","	Chamber1","	1","	B01??(?)","	7.9","	2026-07-23 20:28:31"
"	69BA0CDE","	Chamber1","	1","	B01??(%RH)","	84.7","	2026-07-23 20:28:29"
"	69BA0CDE","	Chamber1","	1","	B01??(?)","	7.9","	2026-07-23 20:28:29"
"	69BA0CDE","	Chamber1","	1","	B01??(%RH)","	84.7","	2026-07-23 20:28:27"
"	69BA0CDE","	Chamber1","	1","	B01??(?)","	7.9","	2026-07-23 20:28:27"
"	69BA0CDE","	Chamber1","	1","	B01??(%RH)","	84.7","	2026-07-23 20:28:25"
"	69BA0CDE","	Chamber1","	1","	B01??(?)","	7.9","	2026-07-23 20:28:25"
"	69BA0CDE","	Chamber1","	1","	B01??(%RH)","	84.7","	2026-07-23 20:28:23"
"	69BA0CDE","	Chamber1","	1","	B01??(?)","	7.9","	2026-07-23 20:28:23"
"	69BA0CDE","	Chamber1","	1","	B01??(%RH)","	84.7","	2026-07-23 20:28:21"
"	69BA0CDE","	Chamber1","	1","	B01??(?)","	7.9","	2026-07-23 20:28:21"
"	69BA0CDE","	Chamber1","	1","	B01??(%RH)","	84.7","	2026-07-23 20:28:19"
"	69BA0CDE","	Chamber1","	1","	B01??(?)","	7.9","	2026-07-23 20:28:19"
"	69BA0CDE","	Chamber1","	1","	B01??(%RH)","	84.7","	2026-07-23 20:28:17"
"	69BA0CDE","	Chamber1","	1","	B01??(?)","	7.9","	2026-07-23 20:28:17"
"	69BA0CDE","	Chamber1","	1","	B01??(%RH)","	84.7","	2026-07-23 20:28:15"
"	69BA0CDE","	Chamber1","	1","	B01??(?)","	7.9","	2026-07-23 20:28:15"
"	69BA0CDE","	Chamber1","	1","	B01??(%RH)","	84.7","	2026-07-23 20:28:13"
"	69BA0CDE","	Chamber1","	1","	B01??(?)","	7.9","	2026-07-23 20:28:13"
"	69BA0CDE","	Chamber1","	1","	B01??(%RH)","	84.7","	2026-07-23 20:28:11"
"	69BA0CDE","	Chamber1","	1","	B01??(?)","	7.9","	2026-07-23 20:28:11"
"	69BA0CDE","	Chamber1","	1","	B01??(%RH)","	84.7","	2026-07-23 20:28:09"
"	69BA0CDE","	Chamber1","	1","	B01??(?)","	7.9","	2026-07-23 20:28:09"
"	69BA0CDE","	Chamber1","	1","	B01??(%RH)","	84.6","	2026-07-23 20:28:07"
"	69BA0CDE","	Chamber1","	1","	B01??(?)","	7.9","	2026-07-23 20:28:07"
"	69BA0CDE","	Chamber1","	1","	B01??(%RH)","	84.7","	2026-07-23 20:28:05"
"	69BA0CDE","	Chamber1","	1","	B01??(?)","	7.9","	2026-07-23 20:28:05"
"	69BA0CDE","	Chamber1","	1","	B01??(%RH)","	84.7","	2026-07-23 20:28:03"
"	69BA0CDE","	Chamber1","	1","	B01??(?)","	7.9","	2026-07-23 20:28:03"
"	69BA0CDE","	Chamber1","	1","	B01??(%RH)","	84.7","	2026-07-23 20:28:01"
"	69BA0CDE","	Chamber1","	1","	B01??(?)","	7.9","	2026-07-23 20:28:01"
"	69BA0CDE","	Chamber1","	1","	B01??(%RH)","	84.7","	2026-07-23 20:27:59"
"	69BA0CDE","	Chamber1","	1","	B01??(?)","	7.9","	2026-07-23 20:27:59"
"	69BA0CDE","	Chamber1","	1","	B01??(%RH)","	84.6","	2026-07-23 20:27:57"
"	69BA0CDE","	Chamber1","	1","	B01??(?)","	7.9","	2026-07-23 20:27:57"
"	69BA0CDE","	Chamber1","	1","	B01??(%RH)","	84.7","	2026-07-23 20:27:55"
"	69BA0CDE","	Chamber1","	1","	B01??(?)","	7.9","	2026-07-23 20:27:55"
"	69BA0CDE","	Chamber1","	1","	B01??(%RH)","	84.6","	2026-07-23 20:27:53"
"	69BA0CDE","	Chamber1","	1","	B01??(?)","	7.9","	2026-07-23 20:27:53"
"	69BA0CDE","	Chamber1","	1","	B01??(%RH)","	84.7","	2026-07-23 20:27:50"
"	69BA0CDE","	Chamber1","	1","	B01??(?)","	7.9","	2026-07-23 20:27:50"
"	69BA0CDE","	Chamber1","	1","	B01??(%RH)","	84.7","	2026-07-23 20:27:48"
"	69BA0CDE","	Chamber1","	1","	B01??(?)","	7.9","	2026-07-23 20:27:48"
"	69BA0CDE","	Chamber1","	1","	B01??(%RH)","	84.6","	2026-07-23 20:27:46"
"	69BA0CDE","	Chamber1","	1","	B01??(?)","	7.9","	2026-07-23 20:27:46"
"	69BA0CDE","	Chamber1","	1","	B01??(%RH)","	84.6","	2026-07-23 20:27:44"
"	69BA0CDE","	Chamber1","	1","	B01??(?)","	7.9","	2026-07-23 20:27:44"
"	69BA0CDE","	Chamber1","	1","	B01??(%RH)","	84.7","	2026-07-23 20:27:42"
"	69BA0CDE","	Chamber1","	1","	B01??(?)","	7.9","	2026-07-23 20:27:42"
"	69BA0CDE","	Chamber1","	1","	B01??(%RH)","	84.7","	2026-07-23 20:27:40"
"	69BA0CDE","	Chamber1","	1","	B01??(?)","	7.9","	2026-07-23 20:27:40"
"	69BA0CDE","	Chamber1","	1","	B01??(%RH)","	84.6","	2026-07-23 20:27:38"
"	69BA0CDE","	Chamber1","	1","	B01??(?)","	7.9","	2026-07-23 20:27:38"
"	69BA0CDE","	Chamber1","	1","	B01??(%RH)","	84.7","	2026-07-23 20:27:36"
"	69BA0CDE","	Chamber1","	1","	B01??(?)","	7.9","	2026-07-23 20:27:36"
"	69BA0CDE","	Chamber1","	1","	B01??(%RH)","	84.6","	2026-07-23 20:27:34"
"	69BA0CDE","	Chamber1","	1","	B01??(?)","	7.9","	2026-07-23 20:27:34"
"	69BA0CDE","	Chamber1","	1","	B01??(%RH)","	84.6","	2026-07-23 20:27:32"
"	69BA0CDE","	Chamber1","	1","	B01??(?)","	7.9","	2026-07-23 20:27:32"
"	69BA0CDE","	Chamber1","	1","	B01??(%RH)","	84.6","	2026-07-23 20:27:30"
"	69BA0CDE","	Chamber1","	1","	B01??(?)","	7.9","	2026-07-23 20:27:30"
"	69BA0CDE","	Chamber1","	1","	B01??(%RH)","	84.6","	2026-07-23 20:27:28"
"	69BA0CDE","	Chamber1","	1","	B01??(?)","	7.9","	2026-07-23 20:27:28"
"	69BA0CDE","	Chamber1","	1","	B01??(%RH)","	84.6","	2026-07-23 20:27:26"
"	69BA0CDE","	Chamber1","	1","	B01??(?)","	7.9","	2026-07-23 20:27:26"
"	69BA0CDE","	Chamber1","	1","	B01??(%RH)","	84.6","	2026-07-23 20:27:24"
"	69BA0CDE","	Chamber1","	1","	B01??(?)","	7.9","	2026-07-23 20:27:24"
"	69BA0CDE","	Chamber1","	1","	B01??(%RH)","	84.7","	2026-07-23 20:27:22"
"	69BA0CDE","	Chamber1","	1","	B01??(?)","	7.9","	2026-07-23 20:27:22"
"	69BA0CDE","	Chamber1","	1","	B01??(%RH)","	84.7","	2026-07-23 20:27:20"
"	69BA0CDE","	Chamber1","	1","	B01??(?)","	7.9","	2026-07-23 20:27:20"
"	69BA0CDE","	Chamber1","	1","	B01??(%RH)","	84.6","	2026-07-23 20:27:18"
"	69BA0CDE","	Chamber1","	1","	B01??(?)","	7.9","	2026-07-23 20:27:18"
"	69BA0CDE","	Chamber1","	1","	B01??(%RH)","	84.6","	2026-07-23 20:27:16"
"	69BA0CDE","	Chamber1","	1","	B01??(?)","	7.9","	2026-07-23 20:27:16"
"	69BA0CDE","	Chamber1","	1","	B01??(%RH)","	84.6","	2026-07-23 20:27:14"
"	69BA0CDE","	Chamber1","	1","	B01??(?)","	7.9","	2026-07-23 20:27:14"
"	69BA0CDE","	Chamber1","	1","	B01??(%RH)","	84.7","	2026-07-23 20:27:12"
"	69BA0CDE","	Chamber1","	1","	B01??(?)","	7.9","	2026-07-23 20:27:12"
"	69BA0CDE","	Chamber1","	1","	B01??(%RH)","	84.6","	2026-07-23 20:27:10"
"	69BA0CDE","	Chamber1","	1","	B01??(?)","	7.9","	2026-07-23 20:27:10"
"	69BA0CDE","	Chamber1","	1","	B01??(%RH)","	84.6","	2026-07-23 20:27:07"
"	69BA0CDE","	Chamber1","	1","	B01??(?)","	7.9","	2026-07-23 20:27:07"
"	69BA0CDE","	Chamber1","	1","	B01??(%RH)","	84.6","	2026-07-23 20:27:05"
"	69BA0CDE","	Chamber1","	1","	B01??(?)","	7.9","	2026-07-23 20:27:05"
"	69BA0CDE","	Chamber1","	1","	B01??(%RH)","	84.6","	2026-07-23 20:27:03"
"	69BA0CDE","	Chamber1","	1","	B01??(?)","	7.9","	2026-07-23 20:27:03"
"	69BA0CDE","	Chamber1","	1","	B01??(%RH)","	84.7","	2026-07-23 20:27:01"
"	69BA0CDE","	Chamber1","	1","	B01??(?)","	7.9","	2026-07-23 20:27:01"
"	69BA0CDE","	Chamber1","	1","	B01??(%RH)","	84.6","	2026-07-23 20:26:59"
"	69BA0CDE","	Chamber1","	1","	B01??(?)","	7.9","	2026-07-23 20:26:59"
"	69BA0CDE","	Chamber1","	1","	B01??(%RH)","	84.7","	2026-07-23 20:26:57"
"	69BA0CDE","	Chamber1","	1","	B01??(?)","	7.9","	2026-07-23 20:26:57"
"	69BA0CDE","	Chamber1","	1","	B01??(%RH)","	84.6","	2026-07-23 20:26:55"
"	69BA0CDE","	Chamber1","	1","	B01??(?)","	7.9","	2026-07-23 20:26:55"
"	69BA0CDE","	Chamber1","	1","	B01??(%RH)","	84.6","	2026-07-23 20:26:53"
"	69BA0CDE","	Chamber1","	1","	B01??(?)","	7.9","	2026-07-23 20:26:53"
"	69BA0CDE","	Chamber1","	1","	B01??(%RH)","	84.7","	2026-07-23 20:26:51"
"	69BA0CDE","	Chamber1","	1","	B01??(?)","	7.9","	2026-07-23 20:26:51"
"	69BA0CDE","	Chamber1","	1","	B01??(%RH)","	84.6","	2026-07-23 20:26:49"
"	69BA0CDE","	Chamber1","	1","	B01??(?)","	7.9","	2026-07-23 20:26:49"
"	69BA0CDE","	Chamber1","	1","	B01??(%RH)","	84.7","	2026-07-23 20:26:47"
"	69BA0CDE","	Chamber1","	1","	B01??(?)","	7.9","	2026-07-23 20:26:47"
"	69BA0CDE","	Chamber1","	1","	B01??(%RH)","	84.6","	2026-07-23 20:26:45"
"	69BA0CDE","	Chamber1","	1","	B01??(?)","	7.9","	2026-07-23 20:26:45"
"	69BA0CDE","	Chamber1","	1","	B01??(%RH)","	84.6","	2026-07-23 20:26:43"
"	69BA0CDE","	Chamber1","	1","	B01??(?)","	7.9","	2026-07-23 20:26:43"
"	69BA0CDE","	Chamber1","	1","	B01??(%RH)","	84.6","	2026-07-23 20:26:41"
"	69BA0CDE","	Chamber1","	1","	B01??(?)","	7.9","	2026-07-23 20:26:41"
"	69BA0CDE","	Chamber1","	1","	B01??(%RH)","	84.6","	2026-07-23 20:26:39"
"	69BA0CDE","	Chamber1","	1","	B01??(?)","	7.9","	2026-07-23 20:26:39"
"	69BA0CDE","	Chamber1","	1","	B01??(%RH)","	84.6","	2026-07-23 20:26:37"
"	69BA0CDE","	Chamber1","	1","	B01??(?)","	7.9","	2026-07-23 20:26:37"
"	69BA0CDE","	Chamber1","	1","	B01??(%RH)","	84.7","	2026-07-23 20:26:35"
"	69BA0CDE","	Chamber1","	1","	B01??(?)","	7.9","	2026-07-23 20:26:35"
"	69BA0CDE","	Chamber1","	1","	B01??(%RH)","	84.6","	2026-07-23 20:26:33"
"	69BA0CDE","	Chamber1","	1","	B01??(?)","	7.9","	2026-07-23 20:26:33"
"	69BA0CDE","	Chamber1","	1","	B01??(%RH)","	84.6","	2026-07-23 20:26:31"
"	69BA0CDE","	Chamber1","	1","	B01??(?)","	7.9","	2026-07-23 20:26:31"
"	69BA0CDE","	Chamber1","	1","	B01??(%RH)","	84.6","	2026-07-23 20:26:29"
"	69BA0CDE","	Chamber1","	1","	B01??(?)","	7.9","	2026-07-23 20:26:29"
"	69BA0CDE","	Chamber1","	1","	B01??(%RH)","	84.6","	2026-07-23 20:26:27"
"	69BA0CDE","	Chamber1","	1","	B01??(?)","	7.9","	2026-07-23 20:26:27"
"	69BA0CDE","	Chamber1","	1","	B01??(%RH)","	84.6","	2026-07-23 20:26:24"
"	69BA0CDE","	Chamber1","	1","	B01??(?)","	7.9","	2026-07-23 20:26:24"
"	69BA0CDE","	Chamber1","	1","	B01??(%RH)","	84.7","	2026-07-23 20:26:22"
"	69BA0CDE","	Chamber1","	1","	B01??(?)","	7.9","	2026-07-23 20:26:22"
"	69BA0CDE","	Chamber1","	1","	B01??(%RH)","	84.6","	2026-07-23 20:26:20"
"	69BA0CDE","	Chamber1","	1","	B01??(?)","	7.9","	2026-07-23 20:26:20"
"	69BA0CDE","	Chamber1","	1","	B01??(%RH)","	84.6","	2026-07-23 20:26:18"
"	69BA0CDE","	Chamber1","	1","	B01??(?)","	7.9","	2026-07-23 20:26:18"
"	69BA0CDE","	Chamber1","	1","	B01??(%RH)","	84.6","	2026-07-23 20:26:16"
"	69BA0CDE","	Chamber1","	1","	B01??(?)","	7.9","	2026-07-23 20:26:16"
"	69BA0CDE","	Chamber1","	1","	B01??(%RH)","	84.6","	2026-07-23 20:26:14"
"	69BA0CDE","	Chamber1","	1","	B01??(?)","	7.9","	2026-07-23 20:26:14"
"	69BA0CDE","	Chamber1","	1","	B01??(%RH)","	84.6","	2026-07-23 20:26:12"
"	69BA0CDE","	Chamber1","	1","	B01??(?)","	7.9","	2026-07-23 20:26:12"
"	69BA0CDE","	Chamber1","	1","	B01??(%RH)","	84.6","	2026-07-23 20:26:10"
"	69BA0CDE","	Chamber1","	1","	B01??(?)","	7.9","	2026-07-23 20:26:10"
"	69BA0CDE","	Chamber1","	1","	B01??(%RH)","	84.6","	2026-07-23 20:26:08"
"	69BA0CDE","	Chamber1","	1","	B01??(?)","	7.9","	2026-07-23 20:26:08"
"	69BA0CDE","	Chamber1","	1","	B01??(%RH)","	84.6","	2026-07-23 20:26:06"
"	69BA0CDE","	Chamber1","	1","	B01??(?)","	7.9","	2026-07-23 20:26:06"
"	69BA0CDE","	Chamber1","	1","	B01??(%RH)","	84.6","	2026-07-23 20:26:04"
"	69BA0CDE","	Chamber1","	1","	B01??(?)","	7.9","	2026-07-23 20:26:04"
"	69BA0CDE","	Chamber1","	1","	B01??(%RH)","	84.6","	2026-07-23 20:26:02"
"	69BA0CDE","	Chamber1","	1","	B01??(?)","	7.9","	2026-07-23 20:26:02"
"	69BA0CDE","	Chamber1","	1","	B01??(%RH)","	84.6","	2026-07-23 20:26:00"
"	69BA0CDE","	Chamber1","	1","	B01??(?)","	7.9","	2026-07-23 20:26:00"
"	69BA0CDE","	Chamber1","	1","	B01??(%RH)","	84.6","	2026-07-23 20:25:58"
"	69BA0CDE","	Chamber1","	1","	B01??(?)","	7.9","	2026-07-23 20:25:58"
"	69BA0CDE","	Chamber1","	1","	B01??(%RH)","	84.6","	2026-07-23 20:25:56"
"	69BA0CDE","	Chamber1","	1","	B01??(?)","	7.9","	2026-07-23 20:25:56"
"	69BA0CDE","	Chamber1","	1","	B01??(%RH)","	84.6","	2026-07-23 20:25:54"
"	69BA0CDE","	Chamber1","	1","	B01??(?)","	7.9","	2026-07-23 20:25:54"
"	69BA0CDE","	Chamber1","	1","	B01??(%RH)","	84.6","	2026-07-23 20:25:52"
"	69BA0CDE","	Chamber1","	1","	B01??(?)","	7.9","	2026-07-23 20:25:52"
"	69BA0CDE","	Chamber1","	1","	B01??(%RH)","	84.6","	2026-07-23 20:25:50"
"	69BA0CDE","	Chamber1","	1","	B01??(?)","	7.9","	2026-07-23 20:25:50"
"	69BA0CDE","	Chamber1","	1","	B01??(%RH)","	84.6","	2026-07-23 20:25:48"
"	69BA0CDE","	Chamber1","	1","	B01??(?)","	7.9","	2026-07-23 20:25:48"
"	69BA0CDE","	Chamber1","	1","	B01??(%RH)","	84.6","	2026-07-23 20:25:46"
"	69BA0CDE","	Chamber1","	1","	B01??(?)","	7.9","	2026-07-23 20:25:46"
"	69BA0CDE","	Chamber1","	1","	B01??(%RH)","	84.6","	2026-07-23 20:25:44"
"	69BA0CDE","	Chamber1","	1","	B01??(?)","	7.9","	2026-07-23 20:25:44"
"	69BA0CDE","	Chamber1","	1","	B01??(%RH)","	84.6","	2026-07-23 20:25:42"
"	69BA0CDE","	Chamber1","	1","	B01??(?)","	7.9","	2026-07-23 20:25:42"
"	69BA0CDE","	Chamber1","	1","	B01??(%RH)","	84.6","	2026-07-23 20:25:39"
"	69BA0CDE","	Chamber1","	1","	B01??(?)","	7.9","	2026-07-23 20:25:39"
"	69BA0CDE","	Chamber1","	1","	B01??(%RH)","	84.6","	2026-07-23 20:25:37"
"	69BA0CDE","	Chamber1","	1","	B01??(?)","	7.9","	2026-07-23 20:25:37"
"	69BA0CDE","	Chamber1","	1","	B01??(%RH)","	84.6","	2026-07-23 20:25:35"
"	69BA0CDE","	Chamber1","	1","	B01??(?)","	7.9","	2026-07-23 20:25:35"
"	69BA0CDE","	Chamber1","	1","	B01??(%RH)","	84.6","	2026-07-23 20:25:33"
"	69BA0CDE","	Chamber1","	1","	B01??(?)","	7.9","	2026-07-23 20:25:33"
"	69BA0CDE","	Chamber1","	1","	B01??(%RH)","	84.6","	2026-07-23 20:25:31"
"	69BA0CDE","	Chamber1","	1","	B01??(?)","	7.9","	2026-07-23 20:25:31"
"	69BA0CDE","	Chamber1","	1","	B01??(%RH)","	84.6","	2026-07-23 20:25:29"
"	69BA0CDE","	Chamber1","	1","	B01??(?)","	7.9","	2026-07-23 20:25:29"
"	69BA0CDE","	Chamber1","	1","	B01??(%RH)","	84.6","	2026-07-23 20:25:27"
"	69BA0CDE","	Chamber1","	1","	B01??(?)","	7.9","	2026-07-23 20:25:27"
"	69BA0CDE","	Chamber1","	1","	B01??(%RH)","	84.6","	2026-07-23 20:25:25"
"	69BA0CDE","	Chamber1","	1","	B01??(?)","	7.9","	2026-07-23 20:25:25"
"	69BA0CDE","	Chamber1","	1","	B01??(%RH)","	84.6","	2026-07-23 20:25:23"
"	69BA0CDE","	Chamber1","	1","	B01??(?)","	7.9","	2026-07-23 20:25:23"
"	69BA0CDE","	Chamber1","	1","	B01??(%RH)","	84.6","	2026-07-23 20:25:21"
"	69BA0CDE","	Chamber1","	1","	B01??(?)","	7.9","	2026-07-23 20:25:21"
"	69BA0CDE","	Chamber1","	1","	B01??(%RH)","	84.6","	2026-07-23 20:25:19"
"	69BA0CDE","	Chamber1","	1","	B01??(?)","	7.9","	2026-07-23 20:25:19"
"	69BA0CDE","	Chamber1","	1","	B01??(%RH)","	84.6","	2026-07-23 20:25:17"
"	69BA0CDE","	Chamber1","	1","	B01??(?)","	7.9","	2026-07-23 20:25:17"
"	69BA0CDE","	Chamber1","	1","	B01??(%RH)","	84.6","	2026-07-23 20:25:15"
"	69BA0CDE","	Chamber1","	1","	B01??(?)","	7.9","	2026-07-23 20:25:15"
"	69BA0CDE","	Chamber1","	1","	B01??(%RH)","	84.6","	2026-07-23 20:25:13"
"	69BA0CDE","	Chamber1","	1","	B01??(?)","	7.9","	2026-07-23 20:25:13"
"	69BA0CDE","	Chamber1","	1","	B01??(%RH)","	84.6","	2026-07-23 20:25:11"
"	69BA0CDE","	Chamber1","	1","	B01??(?)","	7.9","	2026-07-23 20:25:11"
"	69BA0CDE","	Chamber1","	1","	B01??(%RH)","	84.6","	2026-07-23 20:25:09"
"	69BA0CDE","	Chamber1","	1","	B01??(?)","	7.9","	2026-07-23 20:25:09"
"	69BA0CDE","	Chamber1","	1","	B01??(%RH)","	84.6","	2026-07-23 20:25:07"
"	69BA0CDE","	Chamber1","	1","	B01??(?)","	7.9","	2026-07-23 20:25:07"
"	69BA0CDE","	Chamber1","	1","	B01??(%RH)","	84.6","	2026-07-23 20:25:05"
"	69BA0CDE","	Chamber1","	1","	B01??(?)","	7.9","	2026-07-23 20:25:05"
"	69BA0CDE","	Chamber1","	1","	B01??(%RH)","	84.6","	2026-07-23 20:25:03"
"	69BA0CDE","	Chamber1","	1","	B01??(?)","	7.9","	2026-07-23 20:25:03"
"	69BA0CDE","	Chamber1","	1","	B01??(%RH)","	84.6","	2026-07-23 20:25:01"
"	69BA0CDE","	Chamber1","	1","	B01??(?)","	7.8","	2026-07-23 20:25:01"
"	69BA0CDE","	Chamber1","	1","	B01??(%RH)","	84.6","	2026-07-23 20:24:59"
"	69BA0CDE","	Chamber1","	1","	B01??(?)","	7.9","	2026-07-23 20:24:59"
"	69BA0CDE","	Chamber1","	1","	B01??(%RH)","	84.6","	2026-07-23 20:24:56"
"	69BA0CDE","	Chamber1","	1","	B01??(?)","	7.9","	2026-07-23 20:24:56"
"	69BA0CDE","	Chamber1","	1","	B01??(%RH)","	84.6","	2026-07-23 20:24:54"
"	69BA0CDE","	Chamber1","	1","	B01??(?)","	7.8","	2026-07-23 20:24:54"
"	69BA0CDE","	Chamber1","	1","	B01??(%RH)","	84.6","	2026-07-23 20:24:52"
"	69BA0CDE","	Chamber1","	1","	B01??(?)","	7.8","	2026-07-23 20:24:52"
"	69BA0CDE","	Chamber1","	1","	B01??(%RH)","	84.6","	2026-07-23 20:24:50"
"	69BA0CDE","	Chamber1","	1","	B01??(?)","	7.9","	2026-07-23 20:24:50"
"	69BA0CDE","	Chamber1","	1","	B01??(%RH)","	84.6","	2026-07-23 20:24:48"
"	69BA0CDE","	Chamber1","	1","	B01??(?)","	7.9","	2026-07-23 20:24:48"
"	69BA0CDE","	Chamber1","	1","	B01??(%RH)","	84.6","	2026-07-23 20:24:46"
"	69BA0CDE","	Chamber1","	1","	B01??(?)","	7.9","	2026-07-23 20:24:46"
"	69BA0CDE","	Chamber1","	1","	B01??(%RH)","	84.6","	2026-07-23 20:24:44"
"	69BA0CDE","	Chamber1","	1","	B01??(?)","	7.9","	2026-07-23 20:24:44"
"	69BA0CDE","	Chamber1","	1","	B01??(%RH)","	84.6","	2026-07-23 20:24:42"
"	69BA0CDE","	Chamber1","	1","	B01??(?)","	7.8","	2026-07-23 20:24:42"
"	69BA0CDE","	Chamber1","	1","	B01??(%RH)","	84.6","	2026-07-23 20:24:40"
"	69BA0CDE","	Chamber1","	1","	B01??(?)","	7.8","	2026-07-23 20:24:40"
"	69BA0CDE","	Chamber1","	1","	B01??(%RH)","	84.6","	2026-07-23 20:24:38"
"	69BA0CDE","	Chamber1","	1","	B01??(?)","	7.9","	2026-07-23 20:24:38"
"	69BA0CDE","	Chamber1","	1","	B01??(%RH)","	84.6","	2026-07-23 20:24:36"
"	69BA0CDE","	Chamber1","	1","	B01??(?)","	7.9","	2026-07-23 20:24:36"
"	69BA0CDE","	Chamber1","	1","	B01??(%RH)","	84.6","	2026-07-23 20:24:34"
"	69BA0CDE","	Chamber1","	1","	B01??(?)","	7.9","	2026-07-23 20:24:34"
"	69BA0CDE","	Chamber1","	1","	B01??(%RH)","	84.6","	2026-07-23 20:24:32"
"	69BA0CDE","	Chamber1","	1","	B01??(?)","	7.9","	2026-07-23 20:24:32"
"	69BA0CDE","	Chamber1","	1","	B01??(%RH)","	84.6","	2026-07-23 20:24:30"
"	69BA0CDE","	Chamber1","	1","	B01??(?)","	7.9","	2026-07-23 20:24:30"
"	69BA0CDE","	Chamber1","	1","	B01??(%RH)","	84.6","	2026-07-23 20:24:28"
"	69BA0CDE","	Chamber1","	1","	B01??(?)","	7.8","	2026-07-23 20:24:28"
"	69BA0CDE","	Chamber1","	1","	B01??(%RH)","	84.6","	2026-07-23 20:24:26"
"	69BA0CDE","	Chamber1","	1","	B01??(?)","	7.8","	2026-07-23 20:24:26"
"	69BA0CDE","	Chamber1","	1","	B01??(%RH)","	84.6","	2026-07-23 20:24:24"
"	69BA0CDE","	Chamber1","	1","	B01??(?)","	7.9","	2026-07-23 20:24:24"
"	69BA0CDE","	Chamber1","	1","	B01??(%RH)","	84.6","	2026-07-23 20:24:22"
"	69BA0CDE","	Chamber1","	1","	B01??(?)","	7.8","	2026-07-23 20:24:22"
"	69BA0CDE","	Chamber1","	1","	B01??(%RH)","	84.6","	2026-07-23 20:24:20"
"	69BA0CDE","	Chamber1","	1","	B01??(?)","	7.8","	2026-07-23 20:24:20"
"	69BA0CDE","	Chamber1","	1","	B01??(%RH)","	84.6","	2026-07-23 20:24:18"
"	69BA0CDE","	Chamber1","	1","	B01??(?)","	7.8","	2026-07-23 20:24:18"
"	69BA0CDE","	Chamber1","	1","	B01??(%RH)","	84.6","	2026-07-23 20:24:16"
"	69BA0CDE","	Chamber1","	1","	B01??(?)","	7.8","	2026-07-23 20:24:16"
"	69BA0CDE","	Chamber1","	1","	B01??(%RH)","	84.6","	2026-07-23 20:24:14"
"	69BA0CDE","	Chamber1","	1","	B01??(?)","	7.8","	2026-07-23 20:24:14"
"	69BA0CDE","	Chamber1","	1","	B01??(%RH)","	84.6","	2026-07-23 20:24:11"
"	69BA0CDE","	Chamber1","	1","	B01??(?)","	7.8","	2026-07-23 20:24:11"
"	69BA0CDE","	Chamber1","	1","	B01??(%RH)","	84.6","	2026-07-23 20:24:09"
"	69BA0CDE","	Chamber1","	1","	B01??(?)","	7.9","	2026-07-23 20:24:09"
"	69BA0CDE","	Chamber1","	1","	B01??(%RH)","	84.6","	2026-07-23 20:24:07"
"	69BA0CDE","	Chamber1","	1","	B01??(?)","	7.8","	2026-07-23 20:24:07"
"	69BA0CDE","	Chamber1","	1","	B01??(%RH)","	84.6","	2026-07-23 20:24:05"
"	69BA0CDE","	Chamber1","	1","	B01??(?)","	7.8","	2026-07-23 20:24:05"
"	69BA0CDE","	Chamber1","	1","	B01??(%RH)","	84.6","	2026-07-23 20:24:03"
"	69BA0CDE","	Chamber1","	1","	B01??(?)","	7.9","	2026-07-23 20:24:03"
"	69BA0CDE","	Chamber1","	1","	B01??(%RH)","	84.6","	2026-07-23 20:24:01"
"	69BA0CDE","	Chamber1","	1","	B01??(?)","	7.8","	2026-07-23 20:24:01"
"	69BA0CDE","	Chamber1","	1","	B01??(%RH)","	84.6","	2026-07-23 20:23:59"
"	69BA0CDE","	Chamber1","	1","	B01??(?)","	7.9","	2026-07-23 20:23:59"
"	69BA0CDE","	Chamber1","	1","	B01??(%RH)","	84.6","	2026-07-23 20:23:57"
"	69BA0CDE","	Chamber1","	1","	B01??(?)","	7.8","	2026-07-23 20:23:57"
"	69BA0CDE","	Chamber1","	1","	B01??(%RH)","	84.6","	2026-07-23 20:23:55"
"	69BA0CDE","	Chamber1","	1","	B01??(?)","	7.9","	2026-07-23 20:23:55"
"	69BA0CDE","	Chamber1","	1","	B01??(%RH)","	84.6","	2026-07-23 20:23:53"
"	69BA0CDE","	Chamber1","	1","	B01??(?)","	7.9","	2026-07-23 20:23:53"
"	69BA0CDE","	Chamber1","	1","	B01??(%RH)","	84.6","	2026-07-23 20:23:51"
"	69BA0CDE","	Chamber1","	1","	B01??(?)","	7.8","	2026-07-23 20:23:51"
"	69BA0CDE","	Chamber1","	1","	B01??(%RH)","	84.6","	2026-07-23 20:23:49"
"	69BA0CDE","	Chamber1","	1","	B01??(?)","	7.8","	2026-07-23 20:23:49"
"	69BA0CDE","	Chamber1","	1","	B01??(%RH)","	84.6","	2026-07-23 20:23:47"
"	69BA0CDE","	Chamber1","	1","	B01??(?)","	7.8","	2026-07-23 20:23:47"
"	69BA0CDE","	Chamber1","	1","	B01??(%RH)","	84.6","	2026-07-23 20:23:45"
"	69BA0CDE","	Chamber1","	1","	B01??(?)","	7.9","	2026-07-23 20:23:45"
"	69BA0CDE","	Chamber1","	1","	B01??(%RH)","	84.6","	2026-07-23 20:23:43"
"	69BA0CDE","	Chamber1","	1","	B01??(?)","	7.8","	2026-07-23 20:23:43"
"	69BA0CDE","	Chamber1","	1","	B01??(%RH)","	84.6","	2026-07-23 20:23:41"
"	69BA0CDE","	Chamber1","	1","	B01??(?)","	7.8","	2026-07-23 20:23:41"
"	69BA0CDE","	Chamber1","	1","	B01??(%RH)","	84.6","	2026-07-23 20:23:39"
"	69BA0CDE","	Chamber1","	1","	B01??(?)","	7.8","	2026-07-23 20:23:39"
"	69BA0CDE","	Chamber1","	1","	B01??(%RH)","	84.6","	2026-07-23 20:23:37"
"	69BA0CDE","	Chamber1","	1","	B01??(?)","	7.9","	2026-07-23 20:23:37"
"	69BA0CDE","	Chamber1","	1","	B01??(%RH)","	84.6","	2026-07-23 20:23:35"
"	69BA0CDE","	Chamber1","	1","	B01??(?)","	7.8","	2026-07-23 20:23:35"
"	69BA0CDE","	Chamber1","	1","	B01??(%RH)","	84.6","	2026-07-23 20:23:33"
"	69BA0CDE","	Chamber1","	1","	B01??(?)","	7.9","	2026-07-23 20:23:33"
"	69BA0CDE","	Chamber1","	1","	B01??(%RH)","	84.6","	2026-07-23 20:23:30"
"	69BA0CDE","	Chamber1","	1","	B01??(?)","	7.8","	2026-07-23 20:23:30"
"	69BA0CDE","	Chamber1","	1","	B01??(%RH)","	84.6","	2026-07-23 20:23:28"
"	69BA0CDE","	Chamber1","	1","	B01??(?)","	7.8","	2026-07-23 20:23:28"
"	69BA0CDE","	Chamber1","	1","	B01??(%RH)","	84.6","	2026-07-23 20:23:26"
"	69BA0CDE","	Chamber1","	1","	B01??(?)","	7.8","	2026-07-23 20:23:26"
"	69BA0CDE","	Chamber1","	1","	B01??(%RH)","	84.7","	2026-07-23 20:23:24"
"	69BA0CDE","	Chamber1","	1","	B01??(?)","	7.8","	2026-07-23 20:23:24"
"	69BA0CDE","	Chamber1","	1","	B01??(%RH)","	84.7","	2026-07-23 20:23:22"
"	69BA0CDE","	Chamber1","	1","	B01??(?)","	7.8","	2026-07-23 20:23:22"
"	69BA0CDE","	Chamber1","	1","	B01??(%RH)","	84.6","	2026-07-23 20:23:20"
"	69BA0CDE","	Chamber1","	1","	B01??(?)","	7.8","	2026-07-23 20:23:20"
"	69BA0CDE","	Chamber1","	1","	B01??(%RH)","	84.6","	2026-07-23 20:23:18"
"	69BA0CDE","	Chamber1","	1","	B01??(?)","	7.8","	2026-07-23 20:23:18"
"	69BA0CDE","	Chamber1","	1","	B01??(%RH)","	84.7","	2026-07-23 20:23:16"
"	69BA0CDE","	Chamber1","	1","	B01??(?)","	7.8","	2026-07-23 20:23:16"
"	69BA0CDE","	Chamber1","	1","	B01??(%RH)","	84.6","	2026-07-23 20:23:14"
"	69BA0CDE","	Chamber1","	1","	B01??(?)","	7.8","	2026-07-23 20:23:14"
"	69BA0CDE","	Chamber1","	1","	B01??(%RH)","	84.7","	2026-07-23 20:23:12"
"	69BA0CDE","	Chamber1","	1","	B01??(?)","	7.8","	2026-07-23 20:23:12"
"	69BA0CDE","	Chamber1","	1","	B01??(%RH)","	84.7","	2026-07-23 20:23:10"
"	69BA0CDE","	Chamber1","	1","	B01??(?)","	7.8","	2026-07-23 20:23:10"
"	69BA0CDE","	Chamber1","	1","	B01??(%RH)","	84.6","	2026-07-23 20:23:08"
"	69BA0CDE","	Chamber1","	1","	B01??(?)","	7.8","	2026-07-23 20:23:08"
"	69BA0CDE","	Chamber1","	1","	B01??(%RH)","	84.7","	2026-07-23 20:23:06"
"	69BA0CDE","	Chamber1","	1","	B01??(?)","	7.8","	2026-07-23 20:23:06"
"	69BA0CDE","	Chamber1","	1","	B01??(%RH)","	84.7","	2026-07-23 20:23:04"
"	69BA0CDE","	Chamber1","	1","	B01??(?)","	7.8","	2026-07-23 20:23:04"
"	69BA0CDE","	Chamber1","	1","	B01??(%RH)","	84.7","	2026-07-23 20:23:02"
"	69BA0CDE","	Chamber1","	1","	B01??(?)","	7.8","	2026-07-23 20:23:02"
"	69BA0CDE","	Chamber1","	1","	B01??(%RH)","	84.7","	2026-07-23 20:23:00"
"	69BA0CDE","	Chamber1","	1","	B01??(?)","	7.8","	2026-07-23 20:23:00"
"	69BA0CDE","	Chamber1","	1","	B01??(%RH)","	84.7","	2026-07-23 20:22:58"
"	69BA0CDE","	Chamber1","	1","	B01??(?)","	7.8","	2026-07-23 20:22:58"
"	69BA0CDE","	Chamber1","	1","	B01??(%RH)","	84.7","	2026-07-23 20:22:56"
"	69BA0CDE","	Chamber1","	1","	B01??(?)","	7.8","	2026-07-23 20:22:56"
"	69BA0CDE","	Chamber1","	1","	B01??(%RH)","	84.7","	2026-07-23 20:22:54"
"	69BA0CDE","	Chamber1","	1","	B01??(?)","	7.8","	2026-07-23 20:22:54"
"	69BA0CDE","	Chamber1","	1","	B01??(%RH)","	84.7","	2026-07-23 20:22:52"
"	69BA0CDE","	Chamber1","	1","	B01??(?)","	7.8","	2026-07-23 20:22:52"
"	69BA0CDE","	Chamber1","	1","	B01??(%RH)","	84.7","	2026-07-23 20:22:50"
"	69BA0CDE","	Chamber1","	1","	B01??(?)","	7.8","	2026-07-23 20:22:50"
"	69BA0CDE","	Chamber1","	1","	B01??(%RH)","	84.7","	2026-07-23 20:22:48"
"	69BA0CDE","	Chamber1","	1","	B01??(?)","	7.8","	2026-07-23 20:22:48"
"	69BA0CDE","	Chamber1","	1","	B01??(%RH)","	84.7","	2026-07-23 20:22:45"
"	69BA0CDE","	Chamber1","	1","	B01??(?)","	7.8","	2026-07-23 20:22:45"
"	69BA0CDE","	Chamber1","	1","	B01??(%RH)","	84.7","	2026-07-23 20:22:43"
"	69BA0CDE","	Chamber1","	1","	B01??(?)","	7.8","	2026-07-23 20:22:43"
"	69BA0CDE","	Chamber1","	1","	B01??(%RH)","	84.7","	2026-07-23 20:22:41"
"	69BA0CDE","	Chamber1","	1","	B01??(?)","	7.8","	2026-07-23 20:22:41"
"	69BA0CDE","	Chamber1","	1","	B01??(%RH)","	84.7","	2026-07-23 20:22:39"
"	69BA0CDE","	Chamber1","	1","	B01??(?)","	7.8","	2026-07-23 20:22:39"
"	69BA0CDE","	Chamber1","	1","	B01??(%RH)","	84.7","	2026-07-23 20:22:37"
"	69BA0CDE","	Chamber1","	1","	B01??(?)","	7.8","	2026-07-23 20:22:37"
"	69BA0CDE","	Chamber1","	1","	B01??(%RH)","	84.7","	2026-07-23 20:22:35"
"	69BA0CDE","	Chamber1","	1","	B01??(?)","	7.8","	2026-07-23 20:22:35"
"	69BA0CDE","	Chamber1","	1","	B01??(%RH)","	84.7","	2026-07-23 20:22:33"
"	69BA0CDE","	Chamber1","	1","	B01??(?)","	7.8","	2026-07-23 20:22:33"
"	69BA0CDE","	Chamber1","	1","	B01??(%RH)","	84.7","	2026-07-23 20:22:31"
"	69BA0CDE","	Chamber1","	1","	B01??(?)","	7.8","	2026-07-23 20:22:31"
"	69BA0CDE","	Chamber1","	1","	B01??(%RH)","	84.7","	2026-07-23 20:22:29"
"	69BA0CDE","	Chamber1","	1","	B01??(?)","	7.8","	2026-07-23 20:22:29"
"	69BA0CDE","	Chamber1","	1","	B01??(%RH)","	84.7","	2026-07-23 20:22:27"
"	69BA0CDE","	Chamber1","	1","	B01??(?)","	7.8","	2026-07-23 20:22:27"
"	69BA0CDE","	Chamber1","	1","	B01??(%RH)","	84.7","	2026-07-23 20:22:25"
"	69BA0CDE","	Chamber1","	1","	B01??(?)","	7.8","	2026-07-23 20:22:25"
"	69BA0CDE","	Chamber1","	1","	B01??(%RH)","	84.7","	2026-07-23 20:22:23"
"	69BA0CDE","	Chamber1","	1","	B01??(?)","	7.8","	2026-07-23 20:22:23"
"	69BA0CDE","	Chamber1","	1","	B01??(%RH)","	84.7","	2026-07-23 20:22:21"
"	69BA0CDE","	Chamber1","	1","	B01??(?)","	7.8","	2026-07-23 20:22:21"
"	69BA0CDE","	Chamber1","	1","	B01??(%RH)","	84.7","	2026-07-23 20:22:19"
"	69BA0CDE","	Chamber1","	1","	B01??(?)","	7.8","	2026-07-23 20:22:19"
"	69BA0CDE","	Chamber1","	1","	B01??(%RH)","	84.7","	2026-07-23 20:22:17"
"	69BA0CDE","	Chamber1","	1","	B01??(?)","	7.8","	2026-07-23 20:22:17"
"	69BA0CDE","	Chamber1","	1","	B01??(%RH)","	84.7","	2026-07-23 20:22:15"
"	69BA0CDE","	Chamber1","	1","	B01??(?)","	7.8","	2026-07-23 20:22:15"
"	69BA0CDE","	Chamber1","	1","	B01??(%RH)","	84.8","	2026-07-23 20:22:13"
"	69BA0CDE","	Chamber1","	1","	B01??(?)","	7.8","	2026-07-23 20:22:13"
"	69BA0CDE","	Chamber1","	1","	B01??(%RH)","	84.7","	2026-07-23 20:22:11"
"	69BA0CDE","	Chamber1","	1","	B01??(?)","	7.8","	2026-07-23 20:22:11"
"	69BA0CDE","	Chamber1","	1","	B01??(%RH)","	84.8","	2026-07-23 20:22:09"
"	69BA0CDE","	Chamber1","	1","	B01??(?)","	7.8","	2026-07-23 20:22:09"
"	69BA0CDE","	Chamber1","	1","	B01??(%RH)","	84.8","	2026-07-23 20:22:07"
"	69BA0CDE","	Chamber1","	1","	B01??(?)","	7.8","	2026-07-23 20:22:07"
"	69BA0CDE","	Chamber1","	1","	B01??(%RH)","	84.8","	2026-07-23 20:22:05"
"	69BA0CDE","	Chamber1","	1","	B01??(?)","	7.8","	2026-07-23 20:22:05"
"	69BA0CDE","	Chamber1","	1","	B01??(%RH)","	84.8","	2026-07-23 20:22:02"
"	69BA0CDE","	Chamber1","	1","	B01??(?)","	7.8","	2026-07-23 20:22:02"
"	69BA0CDE","	Chamber1","	1","	B01??(%RH)","	84.8","	2026-07-23 20:22:00"
"	69BA0CDE","	Chamber1","	1","	B01??(?)","	7.8","	2026-07-23 20:22:00"
"	69BA0CDE","	Chamber1","	1","	B01??(%RH)","	84.7","	2026-07-23 20:21:58"
"	69BA0CDE","	Chamber1","	1","	B01??(?)","	7.8","	2026-07-23 20:21:58"
"	69BA0CDE","	Chamber1","	1","	B01??(%RH)","	84.8","	2026-07-23 20:21:56"
"	69BA0CDE","	Chamber1","	1","	B01??(?)","	7.8","	2026-07-23 20:21:56"
"	69BA0CDE","	Chamber1","	1","	B01??(%RH)","	84.8","	2026-07-23 20:21:54"
"	69BA0CDE","	Chamber1","	1","	B01??(?)","	7.8","	2026-07-23 20:21:54"
"	69BA0CDE","	Chamber1","	1","	B01??(%RH)","	84.8","	2026-07-23 20:21:52"
"	69BA0CDE","	Chamber1","	1","	B01??(?)","	7.8","	2026-07-23 20:21:52"
"	69BA0CDE","	Chamber1","	1","	B01??(%RH)","	84.7","	2026-07-23 20:21:50"
"	69BA0CDE","	Chamber1","	1","	B01??(?)","	7.8","	2026-07-23 20:21:50"
"	69BA0CDE","	Chamber1","	1","	B01??(%RH)","	84.8","	2026-07-23 20:21:48"
"	69BA0CDE","	Chamber1","	1","	B01??(?)","	7.8","	2026-07-23 20:21:48"
"	69BA0CDE","	Chamber1","	1","	B01??(%RH)","	84.8","	2026-07-23 20:21:46"
"	69BA0CDE","	Chamber1","	1","	B01??(?)","	7.8","	2026-07-23 20:21:46"
"	69BA0CDE","	Chamber1","	1","	B01??(%RH)","	84.8","	2026-07-23 20:21:44"
"	69BA0CDE","	Chamber1","	1","	B01??(?)","	7.8","	2026-07-23 20:21:44"
"	69BA0CDE","	Chamber1","	1","	B01??(%RH)","	84.8","	2026-07-23 20:21:42"
"	69BA0CDE","	Chamber1","	1","	B01??(?)","	7.8","	2026-07-23 20:21:42"
"	69BA0CDE","	Chamber1","	1","	B01??(%RH)","	84.8","	2026-07-23 20:21:40"
"	69BA0CDE","	Chamber1","	1","	B01??(?)","	7.8","	2026-07-23 20:21:40"
"	69BA0CDE","	Chamber1","	1","	B01??(%RH)","	84.8","	2026-07-23 20:21:38"
"	69BA0CDE","	Chamber1","	1","	B01??(?)","	7.8","	2026-07-23 20:21:38"
"	69BA0CDE","	Chamber1","	1","	B01??(%RH)","	84.8","	2026-07-23 20:21:36"
"	69BA0CDE","	Chamber1","	1","	B01??(?)","	7.8","	2026-07-23 20:21:36"
"	69BA0CDE","	Chamber1","	1","	B01??(%RH)","	84.8","	2026-07-23 20:21:34"
"	69BA0CDE","	Chamber1","	1","	B01??(?)","	7.8","	2026-07-23 20:21:34"
"	69BA0CDE","	Chamber1","	1","	B01??(%RH)","	84.8","	2026-07-23 20:21:32"
"	69BA0CDE","	Chamber1","	1","	B01??(?)","	7.8","	2026-07-23 20:21:32"
"	69BA0CDE","	Chamber1","	1","	B01??(%RH)","	84.8","	2026-07-23 20:21:30"
"	69BA0CDE","	Chamber1","	1","	B01??(?)","	7.8","	2026-07-23 20:21:30"
"	69BA0CDE","	Chamber1","	1","	B01??(%RH)","	84.8","	2026-07-23 20:21:28"
"	69BA0CDE","	Chamber1","	1","	B01??(?)","	7.8","	2026-07-23 20:21:28"
"	69BA0CDE","	Chamber1","	1","	B01??(%RH)","	84.8","	2026-07-23 20:21:26"
"	69BA0CDE","	Chamber1","	1","	B01??(?)","	7.8","	2026-07-23 20:21:26"
"	69BA0CDE","	Chamber1","	1","	B01??(%RH)","	84.8","	2026-07-23 20:21:24"
"	69BA0CDE","	Chamber1","	1","	B01??(?)","	7.8","	2026-07-23 20:21:24"
"	69BA0CDE","	Chamber1","	1","	B01??(%RH)","	84.8","	2026-07-23 20:21:22"
"	69BA0CDE","	Chamber1","	1","	B01??(?)","	7.8","	2026-07-23 20:21:22"
"	69BA0CDE","	Chamber1","	1","	B01??(%RH)","	84.8","	2026-07-23 20:21:19"
"	69BA0CDE","	Chamber1","	1","	B01??(?)","	7.8","	2026-07-23 20:21:19"
"	69BA0CDE","	Chamber1","	1","	B01??(%RH)","	84.8","	2026-07-23 20:21:17"
"	69BA0CDE","	Chamber1","	1","	B01??(?)","	7.8","	2026-07-23 20:21:17"
"	69BA0CDE","	Chamber1","	1","	B01??(%RH)","	84.8","	2026-07-23 20:21:15"
"	69BA0CDE","	Chamber1","	1","	B01??(?)","	7.8","	2026-07-23 20:21:15"
"	69BA0CDE","	Chamber1","	1","	B01??(%RH)","	84.8","	2026-07-23 20:21:13"
"	69BA0CDE","	Chamber1","	1","	B01??(?)","	7.8","	2026-07-23 20:21:13"
"	69BA0CDE","	Chamber1","	1","	B01??(%RH)","	84.8","	2026-07-23 20:21:11"
"	69BA0CDE","	Chamber1","	1","	B01??(?)","	7.8","	2026-07-23 20:21:11"
"	69BA0CDE","	Chamber1","	1","	B01??(%RH)","	84.8","	2026-07-23 20:21:09"
"	69BA0CDE","	Chamber1","	1","	B01??(?)","	7.8","	2026-07-23 20:21:09"
"	69BA0CDE","	Chamber1","	1","	B01??(%RH)","	84.8","	2026-07-23 20:21:07"
"	69BA0CDE","	Chamber1","	1","	B01??(?)","	7.8","	2026-07-23 20:21:07"
"	69BA0CDE","	Chamber1","	1","	B01??(%RH)","	84.8","	2026-07-23 20:21:05"
"	69BA0CDE","	Chamber1","	1","	B01??(?)","	7.8","	2026-07-23 20:21:05"
"	69BA0CDE","	Chamber1","	1","	B01??(%RH)","	84.8","	2026-07-23 20:21:03"
"	69BA0CDE","	Chamber1","	1","	B01??(?)","	7.8","	2026-07-23 20:21:03"
"	69BA0CDE","	Chamber1","	1","	B01??(%RH)","	84.8","	2026-07-23 20:21:01"
"	69BA0CDE","	Chamber1","	1","	B01??(?)","	7.8","	2026-07-23 20:21:01"
"	69BA0CDE","	Chamber1","	1","	B01??(%RH)","	84.8","	2026-07-23 20:20:59"
"	69BA0CDE","	Chamber1","	1","	B01??(?)","	7.8","	2026-07-23 20:20:59"
"	69BA0CDE","	Chamber1","	1","	B01??(%RH)","	84.9","	2026-07-23 20:20:57"
"	69BA0CDE","	Chamber1","	1","	B01??(?)","	7.8","	2026-07-23 20:20:57"
"	69BA0CDE","	Chamber1","	1","	B01??(%RH)","	84.8","	2026-07-23 20:20:55"
"	69BA0CDE","	Chamber1","	1","	B01??(?)","	7.8","	2026-07-23 20:20:55"
"	69BA0CDE","	Chamber1","	1","	B01??(%RH)","	84.9","	2026-07-23 20:20:53"
"	69BA0CDE","	Chamber1","	1","	B01??(?)","	7.8","	2026-07-23 20:20:53"
"	69BA0CDE","	Chamber1","	1","	B01??(%RH)","	84.9","	2026-07-23 20:20:51"
"	69BA0CDE","	Chamber1","	1","	B01??(?)","	7.8","	2026-07-23 20:20:51"
"	69BA0CDE","	Chamber1","	1","	B01??(%RH)","	84.9","	2026-07-23 20:20:49"
"	69BA0CDE","	Chamber1","	1","	B01??(?)","	7.8","	2026-07-23 20:20:49"
"	69BA0CDE","	Chamber1","	1","	B01??(%RH)","	84.8","	2026-07-23 20:20:47"
"	69BA0CDE","	Chamber1","	1","	B01??(?)","	7.8","	2026-07-23 20:20:47"
"	69BA0CDE","	Chamber1","	1","	B01??(%RH)","	84.8","	2026-07-23 20:20:45"
"	69BA0CDE","	Chamber1","	1","	B01??(?)","	7.8","	2026-07-23 20:20:45"
"	69BA0CDE","	Chamber1","	1","	B01??(%RH)","	84.9","	2026-07-23 20:20:43"
"	69BA0CDE","	Chamber1","	1","	B01??(?)","	7.8","	2026-07-23 20:20:43"
"	69BA0CDE","	Chamber1","	1","	B01??(%RH)","	84.8","	2026-07-23 20:20:41"
"	69BA0CDE","	Chamber1","	1","	B01??(?)","	7.8","	2026-07-23 20:20:41"
"	69BA0CDE","	Chamber1","	1","	B01??(%RH)","	84.9","	2026-07-23 20:20:39"
"	69BA0CDE","	Chamber1","	1","	B01??(?)","	7.8","	2026-07-23 20:20:39"
"	69BA0CDE","	Chamber1","	1","	B01??(%RH)","	84.9","	2026-07-23 20:20:36"
"	69BA0CDE","	Chamber1","	1","	B01??(?)","	7.8","	2026-07-23 20:20:36"
"	69BA0CDE","	Chamber1","	1","	B01??(%RH)","	84.9","	2026-07-23 20:20:34"
"	69BA0CDE","	Chamber1","	1","	B01??(?)","	7.8","	2026-07-23 20:20:34"
"	69BA0CDE","	Chamber1","	1","	B01??(%RH)","	84.9","	2026-07-23 20:20:32"
"	69BA0CDE","	Chamber1","	1","	B01??(?)","	7.8","	2026-07-23 20:20:32"
"	69BA0CDE","	Chamber1","	1","	B01??(%RH)","	84.9","	2026-07-23 20:20:30"
"	69BA0CDE","	Chamber1","	1","	B01??(?)","	7.8","	2026-07-23 20:20:30"
"	69BA0CDE","	Chamber1","	1","	B01??(%RH)","	84.9","	2026-07-23 20:20:28"
"	69BA0CDE","	Chamber1","	1","	B01??(?)","	7.8","	2026-07-23 20:20:28"
"	69BA0CDE","	Chamber1","	1","	B01??(%RH)","	84.9","	2026-07-23 20:20:26"
"	69BA0CDE","	Chamber1","	1","	B01??(?)","	7.8","	2026-07-23 20:20:26"
"	69BA0CDE","	Chamber1","	1","	B01??(%RH)","	84.9","	2026-07-23 20:20:24"
"	69BA0CDE","	Chamber1","	1","	B01??(?)","	7.8","	2026-07-23 20:20:24"
"	69BA0CDE","	Chamber1","	1","	B01??(%RH)","	84.8","	2026-07-23 20:20:22"
"	69BA0CDE","	Chamber1","	1","	B01??(?)","	7.8","	2026-07-23 20:20:22"
"	69BA0CDE","	Chamber1","	1","	B01??(%RH)","	84.9","	2026-07-23 20:20:20"
"	69BA0CDE","	Chamber1","	1","	B01??(?)","	7.8","	2026-07-23 20:20:20"
"	69BA0CDE","	Chamber1","	1","	B01??(%RH)","	84.8","	2026-07-23 20:20:18"
"	69BA0CDE","	Chamber1","	1","	B01??(?)","	7.8","	2026-07-23 20:20:18"
"	69BA0CDE","	Chamber1","	1","	B01??(%RH)","	84.9","	2026-07-23 20:20:16"
"	69BA0CDE","	Chamber1","	1","	B01??(?)","	7.8","	2026-07-23 20:20:16"
"	69BA0CDE","	Chamber1","	1","	B01??(%RH)","	84.9","	2026-07-23 20:20:14"
"	69BA0CDE","	Chamber1","	1","	B01??(?)","	7.8","	2026-07-23 20:20:14"
"	69BA0CDE","	Chamber1","	1","	B01??(%RH)","	84.8","	2026-07-23 20:20:12"
"	69BA0CDE","	Chamber1","	1","	B01??(?)","	7.8","	2026-07-23 20:20:12"
"	69BA0CDE","	Chamber1","	1","	B01??(%RH)","	84.9","	2026-07-23 20:20:10"
"	69BA0CDE","	Chamber1","	1","	B01??(?)","	7.8","	2026-07-23 20:20:10"
"	69BA0CDE","	Chamber1","	1","	B01??(%RH)","	84.9","	2026-07-23 20:20:08"
"	69BA0CDE","	Chamber1","	1","	B01??(?)","	7.8","	2026-07-23 20:20:08"
"	69BA0CDE","	Chamber1","	1","	B01??(%RH)","	84.8","	2026-07-23 20:20:06"
"	69BA0CDE","	Chamber1","	1","	B01??(?)","	7.8","	2026-07-23 20:20:06"
"	69BA0CDE","	Chamber1","	1","	B01??(%RH)","	84.9","	2026-07-23 20:20:04"
"	69BA0CDE","	Chamber1","	1","	B01??(?)","	7.8","	2026-07-23 20:20:04"
"	69BA0CDE","	Chamber1","	1","	B01??(%RH)","	84.9","	2026-07-23 20:20:02"
"	69BA0CDE","	Chamber1","	1","	B01??(?)","	7.8","	2026-07-23 20:20:02"
"	69BA0CDE","	Chamber1","	1","	B01??(%RH)","	84.8","	2026-07-23 20:20:00"
"	69BA0CDE","	Chamber1","	1","	B01??(?)","	7.8","	2026-07-23 20:20:00"
"	69BA0CDE","	Chamber1","	1","	B01??(%RH)","	84.9","	2026-07-23 20:19:58"
"	69BA0CDE","	Chamber1","	1","	B01??(?)","	7.8","	2026-07-23 20:19:58"
"	69BA0CDE","	Chamber1","	1","	B01??(%RH)","	84.8","	2026-07-23 20:19:56"
"	69BA0CDE","	Chamber1","	1","	B01??(?)","	7.8","	2026-07-23 20:19:56"
"	69BA0CDE","	Chamber1","	1","	B01??(%RH)","	84.8","	2026-07-23 20:19:54"
"	69BA0CDE","	Chamber1","	1","	B01??(?)","	7.8","	2026-07-23 20:19:54"
"	69BA0CDE","	Chamber1","	1","	B01??(%RH)","	84.9","	2026-07-23 20:19:51"
"	69BA0CDE","	Chamber1","	1","	B01??(?)","	7.8","	2026-07-23 20:19:51"
"	69BA0CDE","	Chamber1","	1","	B01??(%RH)","	84.8","	2026-07-23 20:19:49"
"	69BA0CDE","	Chamber1","	1","	B01??(?)","	7.8","	2026-07-23 20:19:49"
"	69BA0CDE","	Chamber1","	1","	B01??(%RH)","	84.8","	2026-07-23 20:19:47"
"	69BA0CDE","	Chamber1","	1","	B01??(?)","	7.8","	2026-07-23 20:19:47"
"	69BA0CDE","	Chamber1","	1","	B01??(%RH)","	84.8","	2026-07-23 20:19:45"
"	69BA0CDE","	Chamber1","	1","	B01??(?)","	7.8","	2026-07-23 20:19:45"
"	69BA0CDE","	Chamber1","	1","	B01??(%RH)","	84.9","	2026-07-23 20:19:43"
"	69BA0CDE","	Chamber1","	1","	B01??(?)","	7.8","	2026-07-23 20:19:43"
"	69BA0CDE","	Chamber1","	1","	B01??(%RH)","	84.8","	2026-07-23 20:19:41"
"	69BA0CDE","	Chamber1","	1","	B01??(?)","	7.7","	2026-07-23 20:19:41"
"	69BA0CDE","	Chamber1","	1","	B01??(%RH)","	84.8","	2026-07-23 20:19:39"
"	69BA0CDE","	Chamber1","	1","	B01??(?)","	7.8","	2026-07-23 20:19:39"
"	69BA0CDE","	Chamber1","	1","	B01??(%RH)","	84.8","	2026-07-23 20:19:37"
"	69BA0CDE","	Chamber1","	1","	B01??(?)","	7.8","	2026-07-23 20:19:37"
"	69BA0CDE","	Chamber1","	1","	B01??(%RH)","	84.8","	2026-07-23 20:19:35"
"	69BA0CDE","	Chamber1","	1","	B01??(?)","	7.8","	2026-07-23 20:19:35"
"	69BA0CDE","	Chamber1","	1","	B01??(%RH)","	84.8","	2026-07-23 20:19:33"
"	69BA0CDE","	Chamber1","	1","	B01??(?)","	7.7","	2026-07-23 20:19:33"
"	69BA0CDE","	Chamber1","	1","	B01??(%RH)","	84.8","	2026-07-23 20:19:31"
"	69BA0CDE","	Chamber1","	1","	B01??(?)","	7.7","	2026-07-23 20:19:31"
"	69BA0CDE","	Chamber1","	1","	B01??(%RH)","	84.9","	2026-07-23 20:19:29"
"	69BA0CDE","	Chamber1","	1","	B01??(?)","	7.7","	2026-07-23 20:19:29"
"	69BA0CDE","	Chamber1","	1","	B01??(%RH)","	84.8","	2026-07-23 20:19:27"
"	69BA0CDE","	Chamber1","	1","	B01??(?)","	7.8","	2026-07-23 20:19:27"
"	69BA0CDE","	Chamber1","	1","	B01??(%RH)","	84.9","	2026-07-23 20:19:25"
"	69BA0CDE","	Chamber1","	1","	B01??(?)","	7.8","	2026-07-23 20:19:25"
"	69BA0CDE","	Chamber1","	1","	B01??(%RH)","	84.8","	2026-07-23 20:19:23"
"	69BA0CDE","	Chamber1","	1","	B01??(?)","	7.8","	2026-07-23 20:19:23"
"	69BA0CDE","	Chamber1","	1","	B01??(%RH)","	84.9","	2026-07-23 20:19:21"
"	69BA0CDE","	Chamber1","	1","	B01??(?)","	7.8","	2026-07-23 20:19:21"
"	69BA0CDE","	Chamber1","	1","	B01??(%RH)","	84.9","	2026-07-23 20:19:19"
"	69BA0CDE","	Chamber1","	1","	B01??(?)","	7.7","	2026-07-23 20:19:19"
"	69BA0CDE","	Chamber1","	1","	B01??(%RH)","	84.8","	2026-07-23 20:19:17"
"	69BA0CDE","	Chamber1","	1","	B01??(?)","	7.8","	2026-07-23 20:19:17"
"	69BA0CDE","	Chamber1","	1","	B01??(%RH)","	84.9","	2026-07-23 20:19:15"
"	69BA0CDE","	Chamber1","	1","	B01??(?)","	7.7","	2026-07-23 20:19:15"
"	69BA0CDE","	Chamber1","	1","	B01??(%RH)","	84.8","	2026-07-23 20:19:13"
"	69BA0CDE","	Chamber1","	1","	B01??(?)","	7.7","	2026-07-23 20:19:13"
"	69BA0CDE","	Chamber1","	1","	B01??(%RH)","	84.9","	2026-07-23 20:19:11"
"	69BA0CDE","	Chamber1","	1","	B01??(?)","	7.8","	2026-07-23 20:19:11"
"	69BA0CDE","	Chamber1","	1","	B01??(%RH)","	84.8","	2026-07-23 20:19:08"
"	69BA0CDE","	Chamber1","	1","	B01??(?)","	7.7","	2026-07-23 20:19:08"
"	69BA0CDE","	Chamber1","	1","	B01??(%RH)","	84.8","	2026-07-23 20:19:06"
"	69BA0CDE","	Chamber1","	1","	B01??(?)","	7.7","	2026-07-23 20:19:06"
"	69BA0CDE","	Chamber1","	1","	B01??(%RH)","	84.8","	2026-07-23 20:19:04"
"	69BA0CDE","	Chamber1","	1","	B01??(?)","	7.7","	2026-07-23 20:19:04"
"	69BA0CDE","	Chamber1","	1","	B01??(%RH)","	84.8","	2026-07-23 20:19:02"
"	69BA0CDE","	Chamber1","	1","	B01??(?)","	7.7","	2026-07-23 20:19:02"
"	69BA0CDE","	Chamber1","	1","	B01??(%RH)","	84.8","	2026-07-23 20:19:00"
"	69BA0CDE","	Chamber1","	1","	B01??(?)","	7.7","	2026-07-23 20:19:00"
"	69BA0CDE","	Chamber1","	1","	B01??(%RH)","	84.8","	2026-07-23 20:18:58"
"	69BA0CDE","	Chamber1","	1","	B01??(?)","	7.7","	2026-07-23 20:18:58"
"	69BA0CDE","	Chamber1","	1","	B01??(%RH)","	84.8","	2026-07-23 20:18:56"
"	69BA0CDE","	Chamber1","	1","	B01??(?)","	7.8","	2026-07-23 20:18:56"
"	69BA0CDE","	Chamber1","	1","	B01??(%RH)","	84.8","	2026-07-23 20:18:54"
"	69BA0CDE","	Chamber1","	1","	B01??(?)","	7.7","	2026-07-23 20:18:54"
"	69BA0CDE","	Chamber1","	1","	B01??(%RH)","	84.8","	2026-07-23 20:18:52"
"	69BA0CDE","	Chamber1","	1","	B01??(?)","	7.8","	2026-07-23 20:18:52"
"	69BA0CDE","	Chamber1","	1","	B01??(%RH)","	84.8","	2026-07-23 20:18:50"
"	69BA0CDE","	Chamber1","	1","	B01??(?)","	7.7","	2026-07-23 20:18:50"
"	69BA0CDE","	Chamber1","	1","	B01??(%RH)","	84.8","	2026-07-23 20:18:48"
"	69BA0CDE","	Chamber1","	1","	B01??(?)","	7.7","	2026-07-23 20:18:48"
"	69BA0CDE","	Chamber1","	1","	B01??(%RH)","	84.8","	2026-07-23 20:18:46"
"	69BA0CDE","	Chamber1","	1","	B01??(?)","	7.7","	2026-07-23 20:18:46"
"	69BA0CDE","	Chamber1","	1","	B01??(%RH)","	84.8","	2026-07-23 20:18:44"
"	69BA0CDE","	Chamber1","	1","	B01??(?)","	7.7","	2026-07-23 20:18:44"
"	69BA0CDE","	Chamber1","	1","	B01??(%RH)","	84.8","	2026-07-23 20:18:42"
"	69BA0CDE","	Chamber1","	1","	B01??(?)","	7.7","	2026-07-23 20:18:42"
"	69BA0CDE","	Chamber1","	1","	B01??(%RH)","	84.8","	2026-07-23 20:18:40"
"	69BA0CDE","	Chamber1","	1","	B01??(?)","	7.7","	2026-07-23 20:18:40"
"	69BA0CDE","	Chamber1","	1","	B01??(%RH)","	84.8","	2026-07-23 20:18:38"
"	69BA0CDE","	Chamber1","	1","	B01??(?)","	7.7","	2026-07-23 20:18:38"
"	69BA0CDE","	Chamber1","	1","	B01??(%RH)","	84.8","	2026-07-23 20:18:36"
"	69BA0CDE","	Chamber1","	1","	B01??(?)","	7.7","	2026-07-23 20:18:36"
"	69BA0CDE","	Chamber1","	1","	B01??(%RH)","	84.8","	2026-07-23 20:18:34"
"	69BA0CDE","	Chamber1","	1","	B01??(?)","	7.7","	2026-07-23 20:18:34"
"	69BA0CDE","	Chamber1","	1","	B01??(%RH)","	84.8","	2026-07-23 20:18:32"
"	69BA0CDE","	Chamber1","	1","	B01??(?)","	7.7","	2026-07-23 20:18:32"
"	69BA0CDE","	Chamber1","	1","	B01??(%RH)","	84.8","	2026-07-23 20:18:30"
"	69BA0CDE","	Chamber1","	1","	B01??(?)","	7.7","	2026-07-23 20:18:30"
"	69BA0CDE","	Chamber1","	1","	B01??(%RH)","	84.8","	2026-07-23 20:18:28"
"	69BA0CDE","	Chamber1","	1","	B01??(?)","	7.7","	2026-07-23 20:18:28"
"	69BA0CDE","	Chamber1","	1","	B01??(%RH)","	84.8","	2026-07-23 20:18:25"
"	69BA0CDE","	Chamber1","	1","	B01??(?)","	7.7","	2026-07-23 20:18:25"
"	69BA0CDE","	Chamber1","	1","	B01??(%RH)","	84.8","	2026-07-23 20:18:23"
"	69BA0CDE","	Chamber1","	1","	B01??(?)","	7.7","	2026-07-23 20:18:23"
"	69BA0CDE","	Chamber1","	1","	B01??(%RH)","	84.8","	2026-07-23 20:18:21"
"	69BA0CDE","	Chamber1","	1","	B01??(?)","	7.7","	2026-07-23 20:18:21"
"	69BA0CDE","	Chamber1","	1","	B01??(%RH)","	84.8","	2026-07-23 20:18:19"
"	69BA0CDE","	Chamber1","	1","	B01??(?)","	7.7","	2026-07-23 20:18:19"
"	69BA0CDE","	Chamber1","	1","	B01??(%RH)","	84.9","	2026-07-23 20:18:17"
"	69BA0CDE","	Chamber1","	1","	B01??(?)","	7.7","	2026-07-23 20:18:17"
"	69BA0CDE","	Chamber1","	1","	B01??(%RH)","	84.8","	2026-07-23 20:18:15"
"	69BA0CDE","	Chamber1","	1","	B01??(?)","	7.7","	2026-07-23 20:18:15"
"	69BA0CDE","	Chamber1","	1","	B01??(?)","	7.7","	2026-07-23 20:18:13"
"	69BA0CDE","	Chamber1","	1","	B01??(%RH)","	84.8","	2026-07-23 20:18:13"
"	69BA0CDE","	Chamber1","	1","	B01??(%RH)","	84.8","	2026-07-23 20:18:11"
"	69BA0CDE","	Chamber1","	1","	B01??(?)","	7.7","	2026-07-23 20:18:11"
"	69BA0CDE","	Chamber1","	1","	B01??(%RH)","	84.8","	2026-07-23 20:18:09"
"	69BA0CDE","	Chamber1","	1","	B01??(?)","	7.7","	2026-07-23 20:18:09"
"	69BA0CDE","	Chamber1","	1","	B01??(%RH)","	84.8","	2026-07-23 20:18:07"
"	69BA0CDE","	Chamber1","	1","	B01??(?)","	7.7","	2026-07-23 20:18:07"
"	69BA0CDE","	Chamber1","	1","	B01??(%RH)","	84.8","	2026-07-23 20:18:05"
"	69BA0CDE","	Chamber1","	1","	B01??(?)","	7.7","	2026-07-23 20:18:05"
"	69BA0CDE","	Chamber1","	1","	B01??(%RH)","	84.8","	2026-07-23 20:18:03"
"	69BA0CDE","	Chamber1","	1","	B01??(?)","	7.7","	2026-07-23 20:18:03"
"	69BA0CDE","	Chamber1","	1","	B01??(%RH)","	84.8","	2026-07-23 20:18:01"
"	69BA0CDE","	Chamber1","	1","	B01??(?)","	7.7","	2026-07-23 20:18:01"
"	69BA0CDE","	Chamber1","	1","	B01??(%RH)","	84.8","	2026-07-23 20:17:59"
"	69BA0CDE","	Chamber1","	1","	B01??(?)","	7.7","	2026-07-23 20:17:59"
"	69BA0CDE","	Chamber1","	1","	B01??(%RH)","	84.7","	2026-07-23 20:17:57"
"	69BA0CDE","	Chamber1","	1","	B01??(?)","	7.7","	2026-07-23 20:17:57"
"	69BA0CDE","	Chamber1","	1","	B01??(%RH)","	84.8","	2026-07-23 20:17:55"
"	69BA0CDE","	Chamber1","	1","	B01??(?)","	7.7","	2026-07-23 20:17:55"
"	69BA0CDE","	Chamber1","	1","	B01??(%RH)","	84.8","	2026-07-23 20:17:53"
"	69BA0CDE","	Chamber1","	1","	B01??(?)","	7.7","	2026-07-23 20:17:53"
"	69BA0CDE","	Chamber1","	1","	B01??(%RH)","	84.8","	2026-07-23 20:17:51"
"	69BA0CDE","	Chamber1","	1","	B01??(?)","	7.7","	2026-07-23 20:17:51"
"	69BA0CDE","	Chamber1","	1","	B01??(%RH)","	84.8","	2026-07-23 20:17:49"
"	69BA0CDE","	Chamber1","	1","	B01??(?)","	7.7","	2026-07-23 20:17:49"
"	69BA0CDE","	Chamber1","	1","	B01??(%RH)","	84.8","	2026-07-23 20:17:47"
"	69BA0CDE","	Chamber1","	1","	B01??(?)","	7.7","	2026-07-23 20:17:47"
"	69BA0CDE","	Chamber1","	1","	B01??(%RH)","	84.8","	2026-07-23 20:17:45"
"	69BA0CDE","	Chamber1","	1","	B01??(?)","	7.7","	2026-07-23 20:17:45"
"	69BA0CDE","	Chamber1","	1","	B01??(%RH)","	84.8","	2026-07-23 20:17:43"
"	69BA0CDE","	Chamber1","	1","	B01??(?)","	7.7","	2026-07-23 20:17:43"
"	69BA0CDE","	Chamber1","	1","	B01??(%RH)","	84.8","	2026-07-23 20:17:40"
"	69BA0CDE","	Chamber1","	1","	B01??(?)","	7.7","	2026-07-23 20:17:40"
"	69BA0CDE","	Chamber1","	1","	B01??(%RH)","	84.8","	2026-07-23 20:17:38"
"	69BA0CDE","	Chamber1","	1","	B01??(?)","	7.7","	2026-07-23 20:17:38"
"	69BA0CDE","	Chamber1","	1","	B01??(%RH)","	84.8","	2026-07-23 20:17:36"
"	69BA0CDE","	Chamber1","	1","	B01??(?)","	7.7","	2026-07-23 20:17:36"
"	69BA0CDE","	Chamber1","	1","	B01??(%RH)","	84.8","	2026-07-23 20:17:34"
"	69BA0CDE","	Chamber1","	1","	B01??(?)","	7.7","	2026-07-23 20:17:34"
"	69BA0CDE","	Chamber1","	1","	B01??(%RH)","	84.7","	2026-07-23 20:17:32"
"	69BA0CDE","	Chamber1","	1","	B01??(?)","	7.7","	2026-07-23 20:17:32"
"	69BA0CDE","	Chamber1","	1","	B01??(%RH)","	84.8","	2026-07-23 20:17:30"
"	69BA0CDE","	Chamber1","	1","	B01??(?)","	7.7","	2026-07-23 20:17:30"
"	69BA0CDE","	Chamber1","	1","	B01??(%RH)","	84.7","	2026-07-23 20:17:28"
"	69BA0CDE","	Chamber1","	1","	B01??(?)","	7.7","	2026-07-23 20:17:28"
"	69BA0CDE","	Chamber1","	1","	B01??(%RH)","	84.8","	2026-07-23 20:17:26"
"	69BA0CDE","	Chamber1","	1","	B01??(?)","	7.7","	2026-07-23 20:17:26"
"	69BA0CDE","	Chamber1","	1","	B01??(%RH)","	84.8","	2026-07-23 20:17:24"
"	69BA0CDE","	Chamber1","	1","	B01??(?)","	7.7","	2026-07-23 20:17:24"
"	69BA0CDE","	Chamber1","	1","	B01??(%RH)","	84.7","	2026-07-23 20:17:22"
"	69BA0CDE","	Chamber1","	1","	B01??(?)","	7.7","	2026-07-23 20:17:22"
"	69BA0CDE","	Chamber1","	1","	B01??(%RH)","	84.8","	2026-07-23 20:17:20"
"	69BA0CDE","	Chamber1","	1","	B01??(?)","	7.7","	2026-07-23 20:17:20"
"	69BA0CDE","	Chamber1","	1","	B01??(%RH)","	84.8","	2026-07-23 20:17:18"
"	69BA0CDE","	Chamber1","	1","	B01??(?)","	7.7","	2026-07-23 20:17:18"
"	69BA0CDE","	Chamber1","	1","	B01??(%RH)","	84.8","	2026-07-23 20:17:16"
"	69BA0CDE","	Chamber1","	1","	B01??(?)","	7.7","	2026-07-23 20:17:16"
"	69BA0CDE","	Chamber1","	1","	B01??(%RH)","	84.8","	2026-07-23 20:17:14"
"	69BA0CDE","	Chamber1","	1","	B01??(?)","	7.7","	2026-07-23 20:17:14"
"	69BA0CDE","	Chamber1","	1","	B01??(%RH)","	84.7","	2026-07-23 20:17:12"
"	69BA0CDE","	Chamber1","	1","	B01??(?)","	7.7","	2026-07-23 20:17:12"
"	69BA0CDE","	Chamber1","	1","	B01??(%RH)","	84.8","	2026-07-23 20:17:10"
"	69BA0CDE","	Chamber1","	1","	B01??(?)","	7.7","	2026-07-23 20:17:10"
"	69BA0CDE","	Chamber1","	1","	B01??(%RH)","	84.7","	2026-07-23 20:17:08"
"	69BA0CDE","	Chamber1","	1","	B01??(?)","	7.7","	2026-07-23 20:17:08"
"	69BA0CDE","	Chamber1","	1","	B01??(%RH)","	84.7","	2026-07-23 20:17:06"
"	69BA0CDE","	Chamber1","	1","	B01??(?)","	7.7","	2026-07-23 20:17:06"
"	69BA0CDE","	Chamber1","	1","	B01??(%RH)","	84.7","	2026-07-23 20:17:04"
"	69BA0CDE","	Chamber1","	1","	B01??(?)","	7.7","	2026-07-23 20:17:04"
"	69BA0CDE","	Chamber1","	1","	B01??(%RH)","	84.8","	2026-07-23 20:17:02"
"	69BA0CDE","	Chamber1","	1","	B01??(?)","	7.7","	2026-07-23 20:17:02"
"	69BA0CDE","	Chamber1","	1","	B01??(%RH)","	84.8","	2026-07-23 20:17:00"
"	69BA0CDE","	Chamber1","	1","	B01??(?)","	7.7","	2026-07-23 20:17:00"
"	69BA0CDE","	Chamber1","	1","	B01??(%RH)","	84.7","	2026-07-23 20:16:58"
"	69BA0CDE","	Chamber1","	1","	B01??(?)","	7.7","	2026-07-23 20:16:58"
"	69BA0CDE","	Chamber1","	1","	B01??(%RH)","	84.7","	2026-07-23 20:16:55"
"	69BA0CDE","	Chamber1","	1","	B01??(?)","	7.7","	2026-07-23 20:16:55"
"	69BA0CDE","	Chamber1","	1","	B01??(%RH)","	84.7","	2026-07-23 20:16:53"
"	69BA0CDE","	Chamber1","	1","	B01??(?)","	7.7","	2026-07-23 20:16:53"
"	69BA0CDE","	Chamber1","	1","	B01??(%RH)","	84.7","	2026-07-23 20:16:51"
"	69BA0CDE","	Chamber1","	1","	B01??(?)","	7.7","	2026-07-23 20:16:51"
"	69BA0CDE","	Chamber1","	1","	B01??(%RH)","	84.7","	2026-07-23 20:16:49"
"	69BA0CDE","	Chamber1","	1","	B01??(?)","	7.7","	2026-07-23 20:16:49"
"	69BA0CDE","	Chamber1","	1","	B01??(%RH)","	84.7","	2026-07-23 20:16:47"
"	69BA0CDE","	Chamber1","	1","	B01??(?)","	7.7","	2026-07-23 20:16:47"
"	69BA0CDE","	Chamber1","	1","	B01??(%RH)","	84.7","	2026-07-23 20:16:45"
"	69BA0CDE","	Chamber1","	1","	B01??(?)","	7.7","	2026-07-23 20:16:45"
"	69BA0CDE","	Chamber1","	1","	B01??(%RH)","	84.7","	2026-07-23 20:16:43"
"	69BA0CDE","	Chamber1","	1","	B01??(?)","	7.7","	2026-07-23 20:16:43"
"	69BA0CDE","	Chamber1","	1","	B01??(%RH)","	84.7","	2026-07-23 20:16:41"
"	69BA0CDE","	Chamber1","	1","	B01??(?)","	7.7","	2026-07-23 20:16:41"
"	69BA0CDE","	Chamber1","	1","	B01??(%RH)","	84.7","	2026-07-23 20:16:39"
"	69BA0CDE","	Chamber1","	1","	B01??(?)","	7.7","	2026-07-23 20:16:39"
"	69BA0CDE","	Chamber1","	1","	B01??(%RH)","	84.7","	2026-07-23 20:16:37"
"	69BA0CDE","	Chamber1","	1","	B01??(?)","	7.7","	2026-07-23 20:16:37"
"	69BA0CDE","	Chamber1","	1","	B01??(%RH)","	84.7","	2026-07-23 20:16:35"
"	69BA0CDE","	Chamber1","	1","	B01??(?)","	7.7","	2026-07-23 20:16:35"
"	69BA0CDE","	Chamber1","	1","	B01??(%RH)","	84.7","	2026-07-23 20:16:33"
"	69BA0CDE","	Chamber1","	1","	B01??(?)","	7.7","	2026-07-23 20:16:33"
"	69BA0CDE","	Chamber1","	1","	B01??(%RH)","	84.7","	2026-07-23 20:16:31"
"	69BA0CDE","	Chamber1","	1","	B01??(?)","	7.7","	2026-07-23 20:16:31"
"	69BA0CDE","	Chamber1","	1","	B01??(%RH)","	84.7","	2026-07-23 20:16:29"
"	69BA0CDE","	Chamber1","	1","	B01??(?)","	7.7","	2026-07-23 20:16:29"
"	69BA0CDE","	Chamber1","	1","	B01??(%RH)","	84.7","	2026-07-23 20:16:27"
"	69BA0CDE","	Chamber1","	1","	B01??(?)","	7.7","	2026-07-23 20:16:27"
"	69BA0CDE","	Chamber1","	1","	B01??(%RH)","	84.7","	2026-07-23 20:16:25"
"	69BA0CDE","	Chamber1","	1","	B01??(?)","	7.7","	2026-07-23 20:16:25"
"	69BA0CDE","	Chamber1","	1","	B01??(%RH)","	84.7","	2026-07-23 20:16:23"
"	69BA0CDE","	Chamber1","	1","	B01??(?)","	7.7","	2026-07-23 20:16:23"
"	69BA0CDE","	Chamber1","	1","	B01??(%RH)","	84.7","	2026-07-23 20:16:21"
"	69BA0CDE","	Chamber1","	1","	B01??(?)","	7.7","	2026-07-23 20:16:21"
"	69BA0CDE","	Chamber1","	1","	B01??(%RH)","	84.7","	2026-07-23 20:16:19"
"	69BA0CDE","	Chamber1","	1","	B01??(?)","	7.6","	2026-07-23 20:16:19"
"	69BA0CDE","	Chamber1","	1","	B01??(%RH)","	84.7","	2026-07-23 20:16:17"
"	69BA0CDE","	Chamber1","	1","	B01??(?)","	7.7","	2026-07-23 20:16:17"
"	69BA0CDE","	Chamber1","	1","	B01??(%RH)","	84.7","	2026-07-23 20:16:15"
"	69BA0CDE","	Chamber1","	1","	B01??(?)","	7.7","	2026-07-23 20:16:15"
"	69BA0CDE","	Chamber1","	1","	B01??(%RH)","	84.7","	2026-07-23 20:16:13"
"	69BA0CDE","	Chamber1","	1","	B01??(?)","	7.6","	2026-07-23 20:16:13"
"	69BA0CDE","	Chamber1","	1","	B01??(%RH)","	84.7","	2026-07-23 20:16:10"
"	69BA0CDE","	Chamber1","	1","	B01??(?)","	7.7","	2026-07-23 20:16:10"
"	69BA0CDE","	Chamber1","	1","	B01??(%RH)","	84.7","	2026-07-23 20:16:08"
"	69BA0CDE","	Chamber1","	1","	B01??(?)","	7.6","	2026-07-23 20:16:08"
"	69BA0CDE","	Chamber1","	1","	B01??(%RH)","	84.7","	2026-07-23 20:16:06"
"	69BA0CDE","	Chamber1","	1","	B01??(?)","	7.6","	2026-07-23 20:16:06"
"	69BA0CDE","	Chamber1","	1","	B01??(%RH)","	84.7","	2026-07-23 20:16:04"
"	69BA0CDE","	Chamber1","	1","	B01??(?)","	7.7","	2026-07-23 20:16:04"
"	69BA0CDE","	Chamber1","	1","	B01??(%RH)","	84.7","	2026-07-23 20:16:02"
"	69BA0CDE","	Chamber1","	1","	B01??(?)","	7.7","	2026-07-23 20:16:02"
"	69BA0CDE","	Chamber1","	1","	B01??(%RH)","	84.7","	2026-07-23 20:16:00"
"	69BA0CDE","	Chamber1","	1","	B01??(?)","	7.6","	2026-07-23 20:16:00"
"	69BA0CDE","	Chamber1","	1","	B01??(%RH)","	84.7","	2026-07-23 20:15:58"
"	69BA0CDE","	Chamber1","	1","	B01??(?)","	7.6","	2026-07-23 20:15:58"
"	69BA0CDE","	Chamber1","	1","	B01??(%RH)","	84.7","	2026-07-23 20:15:56"
"	69BA0CDE","	Chamber1","	1","	B01??(?)","	7.6","	2026-07-23 20:15:56"
"	69BA0CDE","	Chamber1","	1","	B01??(%RH)","	84.7","	2026-07-23 20:15:54"
"	69BA0CDE","	Chamber1","	1","	B01??(?)","	7.6","	2026-07-23 20:15:54"
"	69BA0CDE","	Chamber1","	1","	B01??(?)","	7.7","	2026-07-23 20:15:52"
"	69BA0CDE","	Chamber1","	1","	B01??(%RH)","	84.7","	2026-07-23 20:15:52"
"	69BA0CDE","	Chamber1","	1","	B01??(%RH)","	84.7","	2026-07-23 20:15:50"
"	69BA0CDE","	Chamber1","	1","	B01??(?)","	7.6","	2026-07-23 20:15:50"
"	69BA0CDE","	Chamber1","	1","	B01??(%RH)","	84.7","	2026-07-23 20:15:48"
"	69BA0CDE","	Chamber1","	1","	B01??(?)","	7.7","	2026-07-23 20:15:48"
"	69BA0CDE","	Chamber1","	1","	B01??(%RH)","	84.6","	2026-07-23 20:15:46"
"	69BA0CDE","	Chamber1","	1","	B01??(?)","	7.6","	2026-07-23 20:15:46"
"	69BA0CDE","	Chamber1","	1","	B01??(%RH)","	84.7","	2026-07-23 20:15:44"
"	69BA0CDE","	Chamber1","	1","	B01??(?)","	7.6","	2026-07-23 20:15:44"
"	69BA0CDE","	Chamber1","	1","	B01??(%RH)","	84.7","	2026-07-23 20:15:42"
"	69BA0CDE","	Chamber1","	1","	B01??(?)","	7.6","	2026-07-23 20:15:42"
"	69BA0CDE","	Chamber1","	1","	B01??(%RH)","	84.6","	2026-07-23 20:15:40"
"	69BA0CDE","	Chamber1","	1","	B01??(?)","	7.6","	2026-07-23 20:15:40"
"	69BA0CDE","	Chamber1","	1","	B01??(%RH)","	84.7","	2026-07-23 20:15:38"
"	69BA0CDE","	Chamber1","	1","	B01??(?)","	7.6","	2026-07-23 20:15:38"
"	69BA0CDE","	Chamber1","	1","	B01??(%RH)","	84.6","	2026-07-23 20:15:36"
"	69BA0CDE","	Chamber1","	1","	B01??(?)","	7.6","	2026-07-23 20:15:36"
"	69BA0CDE","	Chamber1","	1","	B01??(%RH)","	84.6","	2026-07-23 20:15:34"
"	69BA0CDE","	Chamber1","	1","	B01??(?)","	7.6","	2026-07-23 20:15:34"
"	69BA0CDE","	Chamber1","	1","	B01??(%RH)","	84.6","	2026-07-23 20:15:32"
"	69BA0CDE","	Chamber1","	1","	B01??(?)","	7.6","	2026-07-23 20:15:32"
"	69BA0CDE","	Chamber1","	1","	B01??(%RH)","	84.7","	2026-07-23 20:15:30"
"	69BA0CDE","	Chamber1","	1","	B01??(?)","	7.6","	2026-07-23 20:15:30"
"	69BA0CDE","	Chamber1","	1","	B01??(%RH)","	84.6","	2026-07-23 20:15:27"
"	69BA0CDE","	Chamber1","	1","	B01??(?)","	7.6","	2026-07-23 20:15:27"
"	69BA0CDE","	Chamber1","	1","	B01??(%RH)","	84.6","	2026-07-23 20:15:25"
"	69BA0CDE","	Chamber1","	1","	B01??(?)","	7.6","	2026-07-23 20:15:25"
"	69BA0CDE","	Chamber1","	1","	B01??(%RH)","	84.6","	2026-07-23 20:15:23"
"	69BA0CDE","	Chamber1","	1","	B01??(?)","	7.6","	2026-07-23 20:15:23"
"	69BA0CDE","	Chamber1","	1","	B01??(%RH)","	84.6","	2026-07-23 20:15:21"
"	69BA0CDE","	Chamber1","	1","	B01??(?)","	7.6","	2026-07-23 20:15:21"
"	69BA0CDE","	Chamber1","	1","	B01??(%RH)","	84.6","	2026-07-23 20:15:19"
"	69BA0CDE","	Chamber1","	1","	B01??(?)","	7.6","	2026-07-23 20:15:19"
"	69BA0CDE","	Chamber1","	1","	B01??(%RH)","	84.6","	2026-07-23 20:15:17"
"	69BA0CDE","	Chamber1","	1","	B01??(?)","	7.6","	2026-07-23 20:15:17"
"	69BA0CDE","	Chamber1","	1","	B01??(%RH)","	84.6","	2026-07-23 20:15:15"
"	69BA0CDE","	Chamber1","	1","	B01??(?)","	7.6","	2026-07-23 20:15:15"
"	69BA0CDE","	Chamber1","	1","	B01??(%RH)","	84.6","	2026-07-23 20:15:13"
"	69BA0CDE","	Chamber1","	1","	B01??(?)","	7.6","	2026-07-23 20:15:13"
"	69BA0CDE","	Chamber1","	1","	B01??(%RH)","	84.6","	2026-07-23 20:15:11"
"	69BA0CDE","	Chamber1","	1","	B01??(?)","	7.6","	2026-07-23 20:15:11"
"	69BA0CDE","	Chamber1","	1","	B01??(%RH)","	84.6","	2026-07-23 20:15:09"
"	69BA0CDE","	Chamber1","	1","	B01??(?)","	7.6","	2026-07-23 20:15:09"
"	69BA0CDE","	Chamber1","	1","	B01??(%RH)","	84.6","	2026-07-23 20:15:07"
"	69BA0CDE","	Chamber1","	1","	B01??(?)","	7.6","	2026-07-23 20:15:07"
"	69BA0CDE","	Chamber1","	1","	B01??(%RH)","	84.6","	2026-07-23 20:15:05"
"	69BA0CDE","	Chamber1","	1","	B01??(?)","	7.6","	2026-07-23 20:15:05"
"	69BA0CDE","	Chamber1","	1","	B01??(%RH)","	84.6","	2026-07-23 20:15:03"
"	69BA0CDE","	Chamber1","	1","	B01??(?)","	7.6","	2026-07-23 20:15:03"
"	69BA0CDE","	Chamber1","	1","	B01??(%RH)","	84.6","	2026-07-23 20:15:01"
"	69BA0CDE","	Chamber1","	1","	B01??(?)","	7.6","	2026-07-23 20:15:01"
"	69BA0CDE","	Chamber1","	1","	B01??(%RH)","	84.6","	2026-07-23 20:14:59"
"	69BA0CDE","	Chamber1","	1","	B01??(?)","	7.6","	2026-07-23 20:14:59"
"	69BA0CDE","	Chamber1","	1","	B01??(%RH)","	84.6","	2026-07-23 20:14:57"
"	69BA0CDE","	Chamber1","	1","	B01??(?)","	7.6","	2026-07-23 20:14:57"
"	69BA0CDE","	Chamber1","	1","	B01??(%RH)","	84.6","	2026-07-23 20:14:55"
"	69BA0CDE","	Chamber1","	1","	B01??(?)","	7.6","	2026-07-23 20:14:55"
"	69BA0CDE","	Chamber1","	1","	B01??(%RH)","	84.6","	2026-07-23 20:14:53"
"	69BA0CDE","	Chamber1","	1","	B01??(?)","	7.6","	2026-07-23 20:14:53"
"	69BA0CDE","	Chamber1","	1","	B01??(%RH)","	84.5","	2026-07-23 20:14:51"
"	69BA0CDE","	Chamber1","	1","	B01??(?)","	7.6","	2026-07-23 20:14:51"
"	69BA0CDE","	Chamber1","	1","	B01??(%RH)","	84.6","	2026-07-23 20:14:49"
"	69BA0CDE","	Chamber1","	1","	B01??(?)","	7.6","	2026-07-23 20:14:49"
"	69BA0CDE","	Chamber1","	1","	B01??(%RH)","	84.6","	2026-07-23 20:14:47"
"	69BA0CDE","	Chamber1","	1","	B01??(?)","	7.6","	2026-07-23 20:14:47"
"	69BA0CDE","	Chamber1","	1","	B01??(?)","	7.6","	2026-07-23 20:14:44"
"	69BA0CDE","	Chamber1","	1","	B01??(%RH)","	84.6","	2026-07-23 20:14:44"
"	69BA0CDE","	Chamber1","	1","	B01??(%RH)","	84.5","	2026-07-23 20:14:42"
"	69BA0CDE","	Chamber1","	1","	B01??(?)","	7.6","	2026-07-23 20:14:42"
"	69BA0CDE","	Chamber1","	1","	B01??(%RH)","	84.5","	2026-07-23 20:14:40"
"	69BA0CDE","	Chamber1","	1","	B01??(?)","	7.6","	2026-07-23 20:14:40"
"	69BA0CDE","	Chamber1","	1","	B01??(%RH)","	84.6","	2026-07-23 20:14:38"
"	69BA0CDE","	Chamber1","	1","	B01??(?)","	7.6","	2026-07-23 20:14:38"
"	69BA0CDE","	Chamber1","	1","	B01??(%RH)","	84.5","	2026-07-23 20:14:36"
"	69BA0CDE","	Chamber1","	1","	B01??(?)","	7.6","	2026-07-23 20:14:36"
"	69BA0CDE","	Chamber1","	1","	B01??(%RH)","	84.5","	2026-07-23 20:14:34"
"	69BA0CDE","	Chamber1","	1","	B01??(?)","	7.6","	2026-07-23 20:14:34"
"	69BA0CDE","	Chamber1","	1","	B01??(%RH)","	84.5","	2026-07-23 20:14:32"
"	69BA0CDE","	Chamber1","	1","	B01??(?)","	7.6","	2026-07-23 20:14:32"
"	69BA0CDE","	Chamber1","	1","	B01??(%RH)","	84.5","	2026-07-23 20:14:30"
"	69BA0CDE","	Chamber1","	1","	B01??(?)","	7.6","	2026-07-23 20:14:30"
"	69BA0CDE","	Chamber1","	1","	B01??(%RH)","	84.5","	2026-07-23 20:14:28"
"	69BA0CDE","	Chamber1","	1","	B01??(?)","	7.6","	2026-07-23 20:14:28"
"	69BA0CDE","	Chamber1","	1","	B01??(%RH)","	84.5","	2026-07-23 20:14:26"
"	69BA0CDE","	Chamber1","	1","	B01??(?)","	7.6","	2026-07-23 20:14:26"
"	69BA0CDE","	Chamber1","	1","	B01??(%RH)","	84.5","	2026-07-23 20:14:24"
"	69BA0CDE","	Chamber1","	1","	B01??(?)","	7.6","	2026-07-23 20:14:24"
"	69BA0CDE","	Chamber1","	1","	B01??(%RH)","	84.5","	2026-07-23 20:14:22"
"	69BA0CDE","	Chamber1","	1","	B01??(?)","	7.6","	2026-07-23 20:14:22"
"	69BA0CDE","	Chamber1","	1","	B01??(%RH)","	84.5","	2026-07-23 20:14:20"
"	69BA0CDE","	Chamber1","	1","	B01??(?)","	7.6","	2026-07-23 20:14:20"
"	69BA0CDE","	Chamber1","	1","	B01??(%RH)","	84.5","	2026-07-23 20:14:18"
"	69BA0CDE","	Chamber1","	1","	B01??(?)","	7.6","	2026-07-23 20:14:18"
"	69BA0CDE","	Chamber1","	1","	B01??(%RH)","	84.5","	2026-07-23 20:14:16"
"	69BA0CDE","	Chamber1","	1","	B01??(?)","	7.6","	2026-07-23 20:14:16"
"	69BA0CDE","	Chamber1","	1","	B01??(%RH)","	84.5","	2026-07-23 20:14:14"
"	69BA0CDE","	Chamber1","	1","	B01??(?)","	7.6","	2026-07-23 20:14:14"
"	69BA0CDE","	Chamber1","	1","	B01??(%RH)","	84.5","	2026-07-23 20:14:12"
"	69BA0CDE","	Chamber1","	1","	B01??(?)","	7.6","	2026-07-23 20:14:12"
"	69BA0CDE","	Chamber1","	1","	B01??(%RH)","	84.5","	2026-07-23 20:14:10"
"	69BA0CDE","	Chamber1","	1","	B01??(?)","	7.6","	2026-07-23 20:14:10"
"	69BA0CDE","	Chamber1","	1","	B01??(?)","	7.6","	2026-07-23 20:14:08"
"	69BA0CDE","	Chamber1","	1","	B01??(%RH)","	84.5","	2026-07-23 20:14:08"
"	69BA0CDE","	Chamber1","	1","	B01??(%RH)","	84.4","	2026-07-23 20:14:06"
"	69BA0CDE","	Chamber1","	1","	B01??(?)","	7.6","	2026-07-23 20:14:06"
"	69BA0CDE","	Chamber1","	1","	B01??(%RH)","	84.5","	2026-07-23 20:14:04"
"	69BA0CDE","	Chamber1","	1","	B01??(?)","	7.6","	2026-07-23 20:14:04"
"	69BA0CDE","	Chamber1","	1","	B01??(%RH)","	84.4","	2026-07-23 20:14:01"
"	69BA0CDE","	Chamber1","	1","	B01??(?)","	7.6","	2026-07-23 20:14:01"
"	69BA0CDE","	Chamber1","	1","	B01??(%RH)","	84.4","	2026-07-23 20:13:59"
"	69BA0CDE","	Chamber1","	1","	B01??(?)","	7.6","	2026-07-23 20:13:59"
"	69BA0CDE","	Chamber1","	1","	B01??(%RH)","	84.4","	2026-07-23 20:13:57"
"	69BA0CDE","	Chamber1","	1","	B01??(?)","	7.6","	2026-07-23 20:13:57"
"	69BA0CDE","	Chamber1","	1","	B01??(%RH)","	84.4","	2026-07-23 20:13:55"
"	69BA0CDE","	Chamber1","	1","	B01??(?)","	7.6","	2026-07-23 20:13:55"
"	69BA0CDE","	Chamber1","	1","	B01??(%RH)","	84.4","	2026-07-23 20:13:53"
"	69BA0CDE","	Chamber1","	1","	B01??(?)","	7.6","	2026-07-23 20:13:53"
"	69BA0CDE","	Chamber1","	1","	B01??(%RH)","	84.4","	2026-07-23 20:13:51"
"	69BA0CDE","	Chamber1","	1","	B01??(?)","	7.6","	2026-07-23 20:13:51"
"	69BA0CDE","	Chamber1","	1","	B01??(%RH)","	84.4","	2026-07-23 20:13:49"
"	69BA0CDE","	Chamber1","	1","	B01??(?)","	7.6","	2026-07-23 20:13:49"
"	69BA0CDE","	Chamber1","	1","	B01??(%RH)","	84.4","	2026-07-23 20:13:47"
"	69BA0CDE","	Chamber1","	1","	B01??(?)","	7.6","	2026-07-23 20:13:47"
"	69BA0CDE","	Chamber1","	1","	B01??(%RH)","	84.4","	2026-07-23 20:13:45"
"	69BA0CDE","	Chamber1","	1","	B01??(?)","	7.6","	2026-07-23 20:13:45"
"	69BA0CDE","	Chamber1","	1","	B01??(%RH)","	84.4","	2026-07-23 20:13:43"
"	69BA0CDE","	Chamber1","	1","	B01??(?)","	7.6","	2026-07-23 20:13:43"
"	69BA0CDE","	Chamber1","	1","	B01??(%RH)","	84.4","	2026-07-23 20:13:41"
"	69BA0CDE","	Chamber1","	1","	B01??(?)","	7.6","	2026-07-23 20:13:41"
"	69BA0CDE","	Chamber1","	1","	B01??(%RH)","	84.4","	2026-07-23 20:13:39"
"	69BA0CDE","	Chamber1","	1","	B01??(?)","	7.6","	2026-07-23 20:13:39"
"	69BA0CDE","	Chamber1","	1","	B01??(%RH)","	84.4","	2026-07-23 20:13:37"
"	69BA0CDE","	Chamber1","	1","	B01??(?)","	7.6","	2026-07-23 20:13:37"
"	69BA0CDE","	Chamber1","	1","	B01??(%RH)","	84.3","	2026-07-23 20:13:35"
"	69BA0CDE","	Chamber1","	1","	B01??(?)","	7.6","	2026-07-23 20:13:35"
"	69BA0CDE","	Chamber1","	1","	B01??(%RH)","	84.3","	2026-07-23 20:13:33"
"	69BA0CDE","	Chamber1","	1","	B01??(?)","	7.6","	2026-07-23 20:13:33"
"	69BA0CDE","	Chamber1","	1","	B01??(%RH)","	84.3","	2026-07-23 20:13:31"
"	69BA0CDE","	Chamber1","	1","	B01??(?)","	7.6","	2026-07-23 20:13:31"
"	69BA0CDE","	Chamber1","	1","	B01??(%RH)","	84.4","	2026-07-23 20:13:29"
"	69BA0CDE","	Chamber1","	1","	B01??(?)","	7.6","	2026-07-23 20:13:29"
"	69BA0CDE","	Chamber1","	1","	B01??(%RH)","	84.3","	2026-07-23 20:13:27"
"	69BA0CDE","	Chamber1","	1","	B01??(?)","	7.6","	2026-07-23 20:13:27"
"	69BA0CDE","	Chamber1","	1","	B01??(%RH)","	84.3","	2026-07-23 20:13:25"
"	69BA0CDE","	Chamber1","	1","	B01??(?)","	7.6","	2026-07-23 20:13:25"
"	69BA0CDE","	Chamber1","	1","	B01??(%RH)","	84.3","	2026-07-23 20:13:23"
"	69BA0CDE","	Chamber1","	1","	B01??(?)","	7.5","	2026-07-23 20:13:23"
"	69BA0CDE","	Chamber1","	1","	B01??(%RH)","	84.3","	2026-07-23 20:13:20"
"	69BA0CDE","	Chamber1","	1","	B01??(?)","	7.6","	2026-07-23 20:13:20"
"	69BA0CDE","	Chamber1","	1","	B01??(%RH)","	84.3","	2026-07-23 20:13:18"
"	69BA0CDE","	Chamber1","	1","	B01??(?)","	7.6","	2026-07-23 20:13:18"
"	69BA0CDE","	Chamber1","	1","	B01??(%RH)","	84.3","	2026-07-23 20:13:16"
"	69BA0CDE","	Chamber1","	1","	B01??(?)","	7.6","	2026-07-23 20:13:16"
"	69BA0CDE","	Chamber1","	1","	B01??(%RH)","	84.3","	2026-07-23 20:13:14"
"	69BA0CDE","	Chamber1","	1","	B01??(?)","	7.6","	2026-07-23 20:13:14"
"	69BA0CDE","	Chamber1","	1","	B01??(%RH)","	84.3","	2026-07-23 20:13:12"
"	69BA0CDE","	Chamber1","	1","	B01??(?)","	7.6","	2026-07-23 20:13:12"
"	69BA0CDE","	Chamber1","	1","	B01??(%RH)","	84.3","	2026-07-23 20:13:10"
"	69BA0CDE","	Chamber1","	1","	B01??(?)","	7.6","	2026-07-23 20:13:10"
"	69BA0CDE","	Chamber1","	1","	B01??(%RH)","	84.3","	2026-07-23 20:13:08"
"	69BA0CDE","	Chamber1","	1","	B01??(?)","	7.5","	2026-07-23 20:13:08"
"	69BA0CDE","	Chamber1","	1","	B01??(%RH)","	84.3","	2026-07-23 20:13:06"
"	69BA0CDE","	Chamber1","	1","	B01??(?)","	7.6","	2026-07-23 20:13:06"
"	69BA0CDE","	Chamber1","	1","	B01??(%RH)","	84.3","	2026-07-23 20:13:04"
"	69BA0CDE","	Chamber1","	1","	B01??(?)","	7.6","	2026-07-23 20:13:04"
"	69BA0CDE","	Chamber1","	1","	B01??(%RH)","	84.3","	2026-07-23 20:13:02"
"	69BA0CDE","	Chamber1","	1","	B01??(?)","	7.6","	2026-07-23 20:13:02"
"	69BA0CDE","	Chamber1","	1","	B01??(%RH)","	84.3","	2026-07-23 20:13:00"
"	69BA0CDE","	Chamber1","	1","	B01??(?)","	7.5","	2026-07-23 20:13:00"
"	69BA0CDE","	Chamber1","	1","	B01??(%RH)","	84.2","	2026-07-23 20:12:58"
"	69BA0CDE","	Chamber1","	1","	B01??(?)","	7.6","	2026-07-23 20:12:58"
"	69BA0CDE","	Chamber1","	1","	B01??(%RH)","	84.2","	2026-07-23 20:12:56"
"	69BA0CDE","	Chamber1","	1","	B01??(?)","	7.6","	2026-07-23 20:12:56"
"	69BA0CDE","	Chamber1","	1","	B01??(%RH)","	84.2","	2026-07-23 20:12:54"
"	69BA0CDE","	Chamber1","	1","	B01??(?)","	7.6","	2026-07-23 20:12:54"
"	69BA0CDE","	Chamber1","	1","	B01??(%RH)","	84.2","	2026-07-23 20:12:52"
"	69BA0CDE","	Chamber1","	1","	B01??(?)","	7.5","	2026-07-23 20:12:52"
"	69BA0CDE","	Chamber1","	1","	B01??(%RH)","	84.2","	2026-07-23 20:12:50"
"	69BA0CDE","	Chamber1","	1","	B01??(?)","	7.6","	2026-07-23 20:12:50"
"	69BA0CDE","	Chamber1","	1","	B01??(%RH)","	84.2","	2026-07-23 20:12:48"
"	69BA0CDE","	Chamber1","	1","	B01??(?)","	7.6","	2026-07-23 20:12:48"
"	69BA0CDE","	Chamber1","	1","	B01??(%RH)","	84.2","	2026-07-23 20:12:46"
"	69BA0CDE","	Chamber1","	1","	B01??(?)","	7.5","	2026-07-23 20:12:46"
"	69BA0CDE","	Chamber1","	1","	B01??(%RH)","	84.2","	2026-07-23 20:12:44"
"	69BA0CDE","	Chamber1","	1","	B01??(?)","	7.6","	2026-07-23 20:12:44"
"	69BA0CDE","	Chamber1","	1","	B01??(%RH)","	84.2","	2026-07-23 20:12:42"
"	69BA0CDE","	Chamber1","	1","	B01??(?)","	7.5","	2026-07-23 20:12:42"
"	69BA0CDE","	Chamber1","	1","	B01??(%RH)","	84.2","	2026-07-23 20:12:40"
"	69BA0CDE","	Chamber1","	1","	B01??(?)","	7.6","	2026-07-23 20:12:40"
"	69BA0CDE","	Chamber1","	1","	B01??(%RH)","	84.1","	2026-07-23 20:12:38"
"	69BA0CDE","	Chamber1","	1","	B01??(?)","	7.5","	2026-07-23 20:12:38"
"	69BA0CDE","	Chamber1","	1","	B01??(%RH)","	84.1","	2026-07-23 20:12:35"
"	69BA0CDE","	Chamber1","	1","	B01??(?)","	7.5","	2026-07-23 20:12:35"
"	69BA0CDE","	Chamber1","	1","	B01??(%RH)","	84.2","	2026-07-23 20:12:33"
"	69BA0CDE","	Chamber1","	1","	B01??(?)","	7.5","	2026-07-23 20:12:33"
"	69BA0CDE","	Chamber1","	1","	B01??(%RH)","	84.1","	2026-07-23 20:12:31"
"	69BA0CDE","	Chamber1","	1","	B01??(?)","	7.5","	2026-07-23 20:12:31"
"	69BA0CDE","	Chamber1","	1","	B01??(%RH)","	84.1","	2026-07-23 20:12:29"
"	69BA0CDE","	Chamber1","	1","	B01??(?)","	7.5","	2026-07-23 20:12:29"
"	69BA0CDE","	Chamber1","	1","	B01??(%RH)","	84.1","	2026-07-23 20:12:27"
"	69BA0CDE","	Chamber1","	1","	B01??(?)","	7.5","	2026-07-23 20:12:27"
"	69BA0CDE","	Chamber1","	1","	B01??(%RH)","	84.1","	2026-07-23 20:12:25"
"	69BA0CDE","	Chamber1","	1","	B01??(?)","	7.5","	2026-07-23 20:12:25"
"	69BA0CDE","	Chamber1","	1","	B01??(%RH)","	84.1","	2026-07-23 20:12:23"
"	69BA0CDE","	Chamber1","	1","	B01??(?)","	7.5","	2026-07-23 20:12:23"
"	69BA0CDE","	Chamber1","	1","	B01??(%RH)","	84.1","	2026-07-23 20:12:21"
"	69BA0CDE","	Chamber1","	1","	B01??(?)","	7.5","	2026-07-23 20:12:21"
"	69BA0CDE","	Chamber1","	1","	B01??(%RH)","	84.1","	2026-07-23 20:12:19"
"	69BA0CDE","	Chamber1","	1","	B01??(?)","	7.5","	2026-07-23 20:12:19"
"	69BA0CDE","	Chamber1","	1","	B01??(%RH)","	84.1","	2026-07-23 20:12:17"
"	69BA0CDE","	Chamber1","	1","	B01??(?)","	7.5","	2026-07-23 20:12:17"
"	69BA0CDE","	Chamber1","	1","	B01??(%RH)","	84.1","	2026-07-23 20:12:15"
"	69BA0CDE","	Chamber1","	1","	B01??(?)","	7.5","	2026-07-23 20:12:15"
"	69BA0CDE","	Chamber1","	1","	B01??(%RH)","	84","	2026-07-23 20:12:13"
"	69BA0CDE","	Chamber1","	1","	B01??(?)","	7.5","	2026-07-23 20:12:13"
"	69BA0CDE","	Chamber1","	1","	B01??(%RH)","	84","	2026-07-23 20:12:11"
"	69BA0CDE","	Chamber1","	1","	B01??(?)","	7.5","	2026-07-23 20:12:11"
"	69BA0CDE","	Chamber1","	1","	B01??(%RH)","	84","	2026-07-23 20:12:09"
"	69BA0CDE","	Chamber1","	1","	B01??(?)","	7.5","	2026-07-23 20:12:09"
"	69BA0CDE","	Chamber1","	1","	B01??(%RH)","	84","	2026-07-23 20:12:07"
"	69BA0CDE","	Chamber1","	1","	B01??(?)","	7.5","	2026-07-23 20:12:07"
"	69BA0CDE","	Chamber1","	1","	B01??(%RH)","	84","	2026-07-23 20:12:05"
"	69BA0CDE","	Chamber1","	1","	B01??(?)","	7.5","	2026-07-23 20:12:05"
"	69BA0CDE","	Chamber1","	1","	B01??(%RH)","	84","	2026-07-23 20:12:03"
"	69BA0CDE","	Chamber1","	1","	B01??(?)","	7.5","	2026-07-23 20:12:03"
"	69BA0CDE","	Chamber1","	1","	B01??(%RH)","	84","	2026-07-23 20:12:01"
"	69BA0CDE","	Chamber1","	1","	B01??(?)","	7.5","	2026-07-23 20:12:01"
"	69BA0CDE","	Chamber1","	1","	B01??(%RH)","	84","	2026-07-23 20:11:59"
"	69BA0CDE","	Chamber1","	1","	B01??(?)","	7.5","	2026-07-23 20:11:59"
"	69BA0CDE","	Chamber1","	1","	B01??(%RH)","	84","	2026-07-23 20:11:57"
"	69BA0CDE","	Chamber1","	1","	B01??(?)","	7.5","	2026-07-23 20:11:57"
"	69BA0CDE","	Chamber1","	1","	B01??(%RH)","	84","	2026-07-23 20:11:55"
"	69BA0CDE","	Chamber1","	1","	B01??(?)","	7.5","	2026-07-23 20:11:55"
"	69BA0CDE","	Chamber1","	1","	B01??(%RH)","	84","	2026-07-23 20:11:52"
"	69BA0CDE","	Chamber1","	1","	B01??(?)","	7.5","	2026-07-23 20:11:52"
"	69BA0CDE","	Chamber1","	1","	B01??(%RH)","	84","	2026-07-23 20:11:50"
"	69BA0CDE","	Chamber1","	1","	B01??(?)","	7.5","	2026-07-23 20:11:50"
"	69BA0CDE","	Chamber1","	1","	B01??(%RH)","	84","	2026-07-23 20:11:48"
"	69BA0CDE","	Chamber1","	1","	B01??(?)","	7.5","	2026-07-23 20:11:48"
"	69BA0CDE","	Chamber1","	1","	B01??(%RH)","	83.9","	2026-07-23 20:11:46"
"	69BA0CDE","	Chamber1","	1","	B01??(?)","	7.5","	2026-07-23 20:11:46"
"	69BA0CDE","	Chamber1","	1","	B01??(%RH)","	83.9","	2026-07-23 20:11:44"
"	69BA0CDE","	Chamber1","	1","	B01??(?)","	7.5","	2026-07-23 20:11:44"
"	69BA0CDE","	Chamber1","	1","	B01??(%RH)","	83.9","	2026-07-23 20:11:42"
"	69BA0CDE","	Chamber1","	1","	B01??(?)","	7.5","	2026-07-23 20:11:42"
"	69BA0CDE","	Chamber1","	1","	B01??(%RH)","	83.9","	2026-07-23 20:11:40"
"	69BA0CDE","	Chamber1","	1","	B01??(?)","	7.5","	2026-07-23 20:11:40"
"	69BA0CDE","	Chamber1","	1","	B01??(%RH)","	83.9","	2026-07-23 20:11:38"
"	69BA0CDE","	Chamber1","	1","	B01??(?)","	7.5","	2026-07-23 20:11:38"
"	69BA0CDE","	Chamber1","	1","	B01??(%RH)","	83.9","	2026-07-23 20:11:36"
"	69BA0CDE","	Chamber1","	1","	B01??(?)","	7.5","	2026-07-23 20:11:36"
"	69BA0CDE","	Chamber1","	1","	B01??(%RH)","	83.9","	2026-07-23 20:11:34"
"	69BA0CDE","	Chamber1","	1","	B01??(?)","	7.5","	2026-07-23 20:11:34"
"	69BA0CDE","	Chamber1","	1","	B01??(%RH)","	83.9","	2026-07-23 20:11:32"
"	69BA0CDE","	Chamber1","	1","	B01??(?)","	7.5","	2026-07-23 20:11:32"
"	69BA0CDE","	Chamber1","	1","	B01??(%RH)","	83.9","	2026-07-23 20:11:30"
"	69BA0CDE","	Chamber1","	1","	B01??(?)","	7.5","	2026-07-23 20:11:30"
"	69BA0CDE","	Chamber1","	1","	B01??(%RH)","	83.9","	2026-07-23 20:11:28"
"	69BA0CDE","	Chamber1","	1","	B01??(?)","	7.5","	2026-07-23 20:11:28"
"	69BA0CDE","	Chamber1","	1","	B01??(%RH)","	83.9","	2026-07-23 20:11:26"
"	69BA0CDE","	Chamber1","	1","	B01??(?)","	7.5","	2026-07-23 20:11:26"
"	69BA0CDE","	Chamber1","	1","	B01??(%RH)","	83.8","	2026-07-23 20:11:24"
"	69BA0CDE","	Chamber1","	1","	B01??(?)","	7.5","	2026-07-23 20:11:24"
"	69BA0CDE","	Chamber1","	1","	B01??(%RH)","	83.8","	2026-07-23 20:11:22"
"	69BA0CDE","	Chamber1","	1","	B01??(?)","	7.5","	2026-07-23 20:11:22"
"	69BA0CDE","	Chamber1","	1","	B01??(%RH)","	83.8","	2026-07-23 20:11:20"
"	69BA0CDE","	Chamber1","	1","	B01??(?)","	7.5","	2026-07-23 20:11:20"
"	69BA0CDE","	Chamber1","	1","	B01??(%RH)","	83.8","	2026-07-23 20:11:18"
"	69BA0CDE","	Chamber1","	1","	B01??(?)","	7.5","	2026-07-23 20:11:18"
"	69BA0CDE","	Chamber1","	1","	B01??(%RH)","	83.8","	2026-07-23 20:11:16"
"	69BA0CDE","	Chamber1","	1","	B01??(?)","	7.5","	2026-07-23 20:11:16"
"	69BA0CDE","	Chamber1","	1","	B01??(%RH)","	83.8","	2026-07-23 20:11:14"
"	69BA0CDE","	Chamber1","	1","	B01??(?)","	7.5","	2026-07-23 20:11:14"
"	69BA0CDE","	Chamber1","	1","	B01??(%RH)","	83.8","	2026-07-23 20:11:12"
"	69BA0CDE","	Chamber1","	1","	B01??(?)","	7.5","	2026-07-23 20:11:12"
"	69BA0CDE","	Chamber1","	1","	B01??(%RH)","	83.8","	2026-07-23 20:11:10"
"	69BA0CDE","	Chamber1","	1","	B01??(?)","	7.5","	2026-07-23 20:11:10"
"	69BA0CDE","	Chamber1","	1","	B01??(%RH)","	83.8","	2026-07-23 20:11:07"
"	69BA0CDE","	Chamber1","	1","	B01??(?)","	7.5","	2026-07-23 20:11:07"
"	69BA0CDE","	Chamber1","	1","	B01??(%RH)","	83.8","	2026-07-23 20:11:05"
"	69BA0CDE","	Chamber1","	1","	B01??(?)","	7.5","	2026-07-23 20:11:05"
"	69BA0CDE","	Chamber1","	1","	B01??(%RH)","	83.8","	2026-07-23 20:11:03"
"	69BA0CDE","	Chamber1","	1","	B01??(?)","	7.5","	2026-07-23 20:11:03"
"	69BA0CDE","	Chamber1","	1","	B01??(%RH)","	83.7","	2026-07-23 20:11:01"
"	69BA0CDE","	Chamber1","	1","	B01??(?)","	7.5","	2026-07-23 20:11:01"
"	69BA0CDE","	Chamber1","	1","	B01??(%RH)","	83.8","	2026-07-23 20:10:59"
"	69BA0CDE","	Chamber1","	1","	B01??(?)","	7.5","	2026-07-23 20:10:59"
"	69BA0CDE","	Chamber1","	1","	B01??(%RH)","	83.8","	2026-07-23 20:10:57"
"	69BA0CDE","	Chamber1","	1","	B01??(?)","	7.5","	2026-07-23 20:10:57"
"	69BA0CDE","	Chamber1","	1","	B01??(%RH)","	83.8","	2026-07-23 20:10:55"
"	69BA0CDE","	Chamber1","	1","	B01??(?)","	7.5","	2026-07-23 20:10:55"
"	69BA0CDE","	Chamber1","	1","	B01??(%RH)","	83.7","	2026-07-23 20:10:53"
"	69BA0CDE","	Chamber1","	1","	B01??(?)","	7.5","	2026-07-23 20:10:53"
"	69BA0CDE","	Chamber1","	1","	B01??(%RH)","	83.7","	2026-07-23 20:10:51"
"	69BA0CDE","	Chamber1","	1","	B01??(?)","	7.5","	2026-07-23 20:10:51"
"	69BA0CDE","	Chamber1","	1","	B01??(%RH)","	83.7","	2026-07-23 20:10:49"
"	69BA0CDE","	Chamber1","	1","	B01??(?)","	7.5","	2026-07-23 20:10:49"
"	69BA0CDE","	Chamber1","	1","	B01??(%RH)","	83.7","	2026-07-23 20:10:47"
"	69BA0CDE","	Chamber1","	1","	B01??(?)","	7.5","	2026-07-23 20:10:47"
"	69BA0CDE","	Chamber1","	1","	B01??(%RH)","	83.7","	2026-07-23 20:10:45"
"	69BA0CDE","	Chamber1","	1","	B01??(?)","	7.5","	2026-07-23 20:10:45"
"	69BA0CDE","	Chamber1","	1","	B01??(%RH)","	83.7","	2026-07-23 20:10:43"
"	69BA0CDE","	Chamber1","	1","	B01??(?)","	7.5","	2026-07-23 20:10:43"
"	69BA0CDE","	Chamber1","	1","	B01??(%RH)","	83.7","	2026-07-23 20:10:41"
"	69BA0CDE","	Chamber1","	1","	B01??(?)","	7.5","	2026-07-23 20:10:41"
"	69BA0CDE","	Chamber1","	1","	B01??(%RH)","	83.7","	2026-07-23 20:10:39"
"	69BA0CDE","	Chamber1","	1","	B01??(?)","	7.5","	2026-07-23 20:10:39"
"	69BA0CDE","	Chamber1","	1","	B01??(%RH)","	83.7","	2026-07-23 20:10:37"
"	69BA0CDE","	Chamber1","	1","	B01??(?)","	7.5","	2026-07-23 20:10:37"
"	69BA0CDE","	Chamber1","	1","	B01??(%RH)","	83.7","	2026-07-23 20:10:35"
"	69BA0CDE","	Chamber1","	1","	B01??(?)","	7.5","	2026-07-23 20:10:35"
"	69BA0CDE","	Chamber1","	1","	B01??(%RH)","	83.7","	2026-07-23 20:10:33"
"	69BA0CDE","	Chamber1","	1","	B01??(?)","	7.5","	2026-07-23 20:10:33"
"	69BA0CDE","	Chamber1","	1","	B01??(%RH)","	83.6","	2026-07-23 20:10:31"
"	69BA0CDE","	Chamber1","	1","	B01??(?)","	7.5","	2026-07-23 20:10:31"
"	69BA0CDE","	Chamber1","	1","	B01??(%RH)","	83.6","	2026-07-23 20:10:29"
"	69BA0CDE","	Chamber1","	1","	B01??(?)","	7.5","	2026-07-23 20:10:29"
"	69BA0CDE","	Chamber1","	1","	B01??(%RH)","	83.6","	2026-07-23 20:10:27"
"	69BA0CDE","	Chamber1","	1","	B01??(?)","	7.5","	2026-07-23 20:10:27"
"	69BA0CDE","	Chamber1","	1","	B01??(%RH)","	83.6","	2026-07-23 20:10:24"
"	69BA0CDE","	Chamber1","	1","	B01??(?)","	7.5","	2026-07-23 20:10:24"
"	69BA0CDE","	Chamber1","	1","	B01??(%RH)","	83.6","	2026-07-23 20:10:22"
"	69BA0CDE","	Chamber1","	1","	B01??(?)","	7.4","	2026-07-23 20:10:22"
"	69BA0CDE","	Chamber1","	1","	B01??(%RH)","	83.6","	2026-07-23 20:10:20"
"	69BA0CDE","	Chamber1","	1","	B01??(?)","	7.5","	2026-07-23 20:10:20"
"	69BA0CDE","	Chamber1","	1","	B01??(%RH)","	83.6","	2026-07-23 20:10:18"
"	69BA0CDE","	Chamber1","	1","	B01??(?)","	7.5","	2026-07-23 20:10:18"
"	69BA0CDE","	Chamber1","	1","	B01??(%RH)","	83.6","	2026-07-23 20:10:16"
"	69BA0CDE","	Chamber1","	1","	B01??(?)","	7.5","	2026-07-23 20:10:16"
"	69BA0CDE","	Chamber1","	1","	B01??(%RH)","	83.6","	2026-07-23 20:10:14"
"	69BA0CDE","	Chamber1","	1","	B01??(?)","	7.5","	2026-07-23 20:10:14"
"	69BA0CDE","	Chamber1","	1","	B01??(%RH)","	83.6","	2026-07-23 20:10:12"
"	69BA0CDE","	Chamber1","	1","	B01??(?)","	7.5","	2026-07-23 20:10:12"
"	69BA0CDE","	Chamber1","	1","	B01??(%RH)","	83.6","	2026-07-23 20:10:10"
"	69BA0CDE","	Chamber1","	1","	B01??(?)","	7.5","	2026-07-23 20:10:10"
"	69BA0CDE","	Chamber1","	1","	B01??(%RH)","	83.6","	2026-07-23 20:10:08"
"	69BA0CDE","	Chamber1","	1","	B01??(?)","	7.5","	2026-07-23 20:10:08"
"	69BA0CDE","	Chamber1","	1","	B01??(%RH)","	83.6","	2026-07-23 20:10:06"
"	69BA0CDE","	Chamber1","	1","	B01??(?)","	7.5","	2026-07-23 20:10:06"
"	69BA0CDE","	Chamber1","	1","	B01??(%RH)","	83.6","	2026-07-23 20:10:04"
"	69BA0CDE","	Chamber1","	1","	B01??(?)","	7.5","	2026-07-23 20:10:04"
"	69BA0CDE","	Chamber1","	1","	B01??(%RH)","	83.6","	2026-07-23 20:10:02"
"	69BA0CDE","	Chamber1","	1","	B01??(?)","	7.5","	2026-07-23 20:10:02"
"	69BA0CDE","	Chamber1","	1","	B01??(%RH)","	83.5","	2026-07-23 20:10:00"
"	69BA0CDE","	Chamber1","	1","	B01??(?)","	7.5","	2026-07-23 20:10:00"
"	69BA0CDE","	Chamber1","	1","	B01??(%RH)","	83.5","	2026-07-23 20:09:58"
"	69BA0CDE","	Chamber1","	1","	B01??(?)","	7.5","	2026-07-23 20:09:58"
"	69BA0CDE","	Chamber1","	1","	B01??(%RH)","	83.5","	2026-07-23 20:09:56"
"	69BA0CDE","	Chamber1","	1","	B01??(?)","	7.5","	2026-07-23 20:09:56"
"	69BA0CDE","	Chamber1","	1","	B01??(%RH)","	83.5","	2026-07-23 20:09:54"
"	69BA0CDE","	Chamber1","	1","	B01??(?)","	7.5","	2026-07-23 20:09:54"
"	69BA0CDE","	Chamber1","	1","	B01??(%RH)","	83.5","	2026-07-23 20:09:52"
"	69BA0CDE","	Chamber1","	1","	B01??(?)","	7.5","	2026-07-23 20:09:52"
"	69BA0CDE","	Chamber1","	1","	B01??(%RH)","	83.5","	2026-07-23 20:09:50"
"	69BA0CDE","	Chamber1","	1","	B01??(?)","	7.5","	2026-07-23 20:09:50"
"	69BA0CDE","	Chamber1","	1","	B01??(%RH)","	83.5","	2026-07-23 20:09:48"
"	69BA0CDE","	Chamber1","	1","	B01??(?)","	7.4","	2026-07-23 20:09:48"
"	69BA0CDE","	Chamber1","	1","	B01??(%RH)","	83.5","	2026-07-23 20:09:46"
"	69BA0CDE","	Chamber1","	1","	B01??(?)","	7.5","	2026-07-23 20:09:46"
"	69BA0CDE","	Chamber1","	1","	B01??(%RH)","	83.5","	2026-07-23 20:09:44"
"	69BA0CDE","	Chamber1","	1","	B01??(?)","	7.5","	2026-07-23 20:09:44"
"	69BA0CDE","	Chamber1","	1","	B01??(%RH)","	83.5","	2026-07-23 20:09:42"
"	69BA0CDE","	Chamber1","	1","	B01??(?)","	7.4","	2026-07-23 20:09:42"
"	69BA0CDE","	Chamber1","	1","	B01??(%RH)","	83.5","	2026-07-23 20:09:39"
"	69BA0CDE","	Chamber1","	1","	B01??(?)","	7.5","	2026-07-23 20:09:39"
"	69BA0CDE","	Chamber1","	1","	B01??(%RH)","	83.5","	2026-07-23 20:09:37"
"	69BA0CDE","	Chamber1","	1","	B01??(?)","	7.5","	2026-07-23 20:09:37"
"	69BA0CDE","	Chamber1","	1","	B01??(%RH)","	83.5","	2026-07-23 20:09:35"
"	69BA0CDE","	Chamber1","	1","	B01??(?)","	7.4","	2026-07-23 20:09:35"
"	69BA0CDE","	Chamber1","	1","	B01??(%RH)","	83.5","	2026-07-23 20:09:33"
"	69BA0CDE","	Chamber1","	1","	B01??(?)","	7.5","	2026-07-23 20:09:33"
"	69BA0CDE","	Chamber1","	1","	B01??(%RH)","	83.5","	2026-07-23 20:09:31"
"	69BA0CDE","	Chamber1","	1","	B01??(?)","	7.4","	2026-07-23 20:09:31"
"	69BA0CDE","	Chamber1","	1","	B01??(%RH)","	83.4","	2026-07-23 20:09:29"
"	69BA0CDE","	Chamber1","	1","	B01??(?)","	7.5","	2026-07-23 20:09:29"
"	69BA0CDE","	Chamber1","	1","	B01??(%RH)","	83.4","	2026-07-23 20:09:27"
"	69BA0CDE","	Chamber1","	1","	B01??(?)","	7.4","	2026-07-23 20:09:27"
"	69BA0CDE","	Chamber1","	1","	B01??(%RH)","	83.4","	2026-07-23 20:09:25"
"	69BA0CDE","	Chamber1","	1","	B01??(?)","	7.4","	2026-07-23 20:09:25"
"	69BA0CDE","	Chamber1","	1","	B01??(%RH)","	83.4","	2026-07-23 20:09:23"
"	69BA0CDE","	Chamber1","	1","	B01??(?)","	7.5","	2026-07-23 20:09:23"
"	69BA0CDE","	Chamber1","	1","	B01??(%RH)","	83.4","	2026-07-23 20:09:21"
"	69BA0CDE","	Chamber1","	1","	B01??(?)","	7.4","	2026-07-23 20:09:21"
"	69BA0CDE","	Chamber1","	1","	B01??(%RH)","	83.4","	2026-07-23 20:09:19"
"	69BA0CDE","	Chamber1","	1","	B01??(?)","	7.5","	2026-07-23 20:09:19"
"	69BA0CDE","	Chamber1","	1","	B01??(%RH)","	83.4","	2026-07-23 20:09:17"
"	69BA0CDE","	Chamber1","	1","	B01??(?)","	7.5","	2026-07-23 20:09:17"
"	69BA0CDE","	Chamber1","	1","	B01??(%RH)","	83.4","	2026-07-23 20:09:15"
"	69BA0CDE","	Chamber1","	1","	B01??(?)","	7.5","	2026-07-23 20:09:15"
"	69BA0CDE","	Chamber1","	1","	B01??(%RH)","	83.4","	2026-07-23 20:09:13"
"	69BA0CDE","	Chamber1","	1","	B01??(?)","	7.4","	2026-07-23 20:09:13"
"	69BA0CDE","	Chamber1","	1","	B01??(%RH)","	83.3","	2026-07-23 20:09:11"
"	69BA0CDE","	Chamber1","	1","	B01??(?)","	7.4","	2026-07-23 20:09:11"
"	69BA0CDE","	Chamber1","	1","	B01??(%RH)","	83.3","	2026-07-23 20:09:09"
"	69BA0CDE","	Chamber1","	1","	B01??(?)","	7.4","	2026-07-23 20:09:09"
"	69BA0CDE","	Chamber1","	1","	B01??(%RH)","	83.4","	2026-07-23 20:09:07"
"	69BA0CDE","	Chamber1","	1","	B01??(?)","	7.4","	2026-07-23 20:09:07"
"	69BA0CDE","	Chamber1","	1","	B01??(%RH)","	83.3","	2026-07-23 20:09:05"
"	69BA0CDE","	Chamber1","	1","	B01??(?)","	7.4","	2026-07-23 20:09:05"
"	69BA0CDE","	Chamber1","	1","	B01??(%RH)","	83.3","	2026-07-23 20:09:03"
"	69BA0CDE","	Chamber1","	1","	B01??(?)","	7.4","	2026-07-23 20:09:03"
"	69BA0CDE","	Chamber1","	1","	B01??(%RH)","	83.3","	2026-07-23 20:09:01"
"	69BA0CDE","	Chamber1","	1","	B01??(?)","	7.4","	2026-07-23 20:09:01"
"	69BA0CDE","	Chamber1","	1","	B01??(%RH)","	83.3","	2026-07-23 20:08:58"
"	69BA0CDE","	Chamber1","	1","	B01??(?)","	7.5","	2026-07-23 20:08:58"
"	69BA0CDE","	Chamber1","	1","	B01??(%RH)","	83.4","	2026-07-23 20:08:56"
"	69BA0CDE","	Chamber1","	1","	B01??(?)","	7.5","	2026-07-23 20:08:56"
"	69BA0CDE","	Chamber1","	1","	B01??(%RH)","	83.3","	2026-07-23 20:08:54"
"	69BA0CDE","	Chamber1","	1","	B01??(?)","	7.4","	2026-07-23 20:08:54"
"	69BA0CDE","	Chamber1","	1","	B01??(%RH)","	83.3","	2026-07-23 20:08:52"
"	69BA0CDE","	Chamber1","	1","	B01??(?)","	7.4","	2026-07-23 20:08:52"
"	69BA0CDE","	Chamber1","	1","	B01??(%RH)","	83.3","	2026-07-23 20:08:50"
"	69BA0CDE","	Chamber1","	1","	B01??(?)","	7.4","	2026-07-23 20:08:50"
"	69BA0CDE","	Chamber1","	1","	B01??(%RH)","	83.2","	2026-07-23 20:08:48"
"	69BA0CDE","	Chamber1","	1","	B01??(?)","	7.4","	2026-07-23 20:08:48"
"	69BA0CDE","	Chamber1","	1","	B01??(%RH)","	83.3","	2026-07-23 20:08:46"
"	69BA0CDE","	Chamber1","	1","	B01??(?)","	7.4","	2026-07-23 20:08:46"
"	69BA0CDE","	Chamber1","	1","	B01??(%RH)","	83.3","	2026-07-23 20:08:44"
"	69BA0CDE","	Chamber1","	1","	B01??(?)","	7.4","	2026-07-23 20:08:44"
"	69BA0CDE","	Chamber1","	1","	B01??(%RH)","	83.3","	2026-07-23 20:08:42"
"	69BA0CDE","	Chamber1","	1","	B01??(?)","	7.4","	2026-07-23 20:08:42"
"	69BA0CDE","	Chamber1","	1","	B01??(%RH)","	83.3","	2026-07-23 20:08:40"
"	69BA0CDE","	Chamber1","	1","	B01??(?)","	7.4","	2026-07-23 20:08:40"
"	69BA0CDE","	Chamber1","	1","	B01??(%RH)","	83.3","	2026-07-23 20:08:38"
"	69BA0CDE","	Chamber1","	1","	B01??(?)","	7.5","	2026-07-23 20:08:38"
"	69BA0CDE","	Chamber1","	1","	B01??(%RH)","	83.2","	2026-07-23 20:08:36"
"	69BA0CDE","	Chamber1","	1","	B01??(?)","	7.4","	2026-07-23 20:08:36"
"	69BA0CDE","	Chamber1","	1","	B01??(%RH)","	83.2","	2026-07-23 20:08:34"
"	69BA0CDE","	Chamber1","	1","	B01??(?)","	7.4","	2026-07-23 20:08:34"
"	69BA0CDE","	Chamber1","	1","	B01??(%RH)","	83.2","	2026-07-23 20:08:32"
"	69BA0CDE","	Chamber1","	1","	B01??(?)","	7.4","	2026-07-23 20:08:32"
"	69BA0CDE","	Chamber1","	1","	B01??(%RH)","	83.2","	2026-07-23 20:08:30"
"	69BA0CDE","	Chamber1","	1","	B01??(?)","	7.4","	2026-07-23 20:08:30"
"	69BA0CDE","	Chamber1","	1","	B01??(%RH)","	83.2","	2026-07-23 20:08:28"
"	69BA0CDE","	Chamber1","	1","	B01??(?)","	7.4","	2026-07-23 20:08:28"
"	69BA0CDE","	Chamber1","	1","	B01??(%RH)","	83.2","	2026-07-23 20:08:26"
"	69BA0CDE","	Chamber1","	1","	B01??(?)","	7.4","	2026-07-23 20:08:26"
"	69BA0CDE","	Chamber1","	1","	B01??(%RH)","	83.2","	2026-07-23 20:08:24"
"	69BA0CDE","	Chamber1","	1","	B01??(?)","	7.4","	2026-07-23 20:08:24"
"	69BA0CDE","	Chamber1","	1","	B01??(%RH)","	83.1","	2026-07-23 20:08:22"
"	69BA0CDE","	Chamber1","	1","	B01??(?)","	7.4","	2026-07-23 20:08:22"
"	69BA0CDE","	Chamber1","	1","	B01??(%RH)","	83.2","	2026-07-23 20:08:20"
"	69BA0CDE","	Chamber1","	1","	B01??(?)","	7.4","	2026-07-23 20:08:20"
"	69BA0CDE","	Chamber1","	1","	B01??(%RH)","	83.1","	2026-07-23 20:08:18"
"	69BA0CDE","	Chamber1","	1","	B01??(?)","	7.4","	2026-07-23 20:08:18"
"	69BA0CDE","	Chamber1","	1","	B01??(%RH)","	83.1","	2026-07-23 20:08:16"
"	69BA0CDE","	Chamber1","	1","	B01??(?)","	7.4","	2026-07-23 20:08:16"
"	69BA0CDE","	Chamber1","	1","	B01??(%RH)","	83.1","	2026-07-23 20:08:13"
"	69BA0CDE","	Chamber1","	1","	B01??(?)","	7.4","	2026-07-23 20:08:13"
"	69BA0CDE","	Chamber1","	1","	B01??(%RH)","	83.1","	2026-07-23 20:08:11"
"	69BA0CDE","	Chamber1","	1","	B01??(?)","	7.4","	2026-07-23 20:08:11"
"	69BA0CDE","	Chamber1","	1","	B01??(%RH)","	83.1","	2026-07-23 20:08:09"
"	69BA0CDE","	Chamber1","	1","	B01??(?)","	7.4","	2026-07-23 20:08:09"
"	69BA0CDE","	Chamber1","	1","	B01??(%RH)","	83.1","	2026-07-23 20:08:07"
"	69BA0CDE","	Chamber1","	1","	B01??(?)","	7.4","	2026-07-23 20:08:07"
"	69BA0CDE","	Chamber1","	1","	B01??(%RH)","	83.1","	2026-07-23 20:08:05"
"	69BA0CDE","	Chamber1","	1","	B01??(?)","	7.4","	2026-07-23 20:08:05"
"	69BA0CDE","	Chamber1","	1","	B01??(%RH)","	83.1","	2026-07-23 20:08:03"
"	69BA0CDE","	Chamber1","	1","	B01??(?)","	7.4","	2026-07-23 20:08:03"
"	69BA0CDE","	Chamber1","	1","	B01??(%RH)","	83.1","	2026-07-23 20:08:01"
"	69BA0CDE","	Chamber1","	1","	B01??(?)","	7.4","	2026-07-23 20:08:01"
"	69BA0CDE","	Chamber1","	1","	B01??(%RH)","	83","	2026-07-23 20:07:59"
"	69BA0CDE","	Chamber1","	1","	B01??(?)","	7.4","	2026-07-23 20:07:59"
"	69BA0CDE","	Chamber1","	1","	B01??(%RH)","	83.1","	2026-07-23 20:07:57"
"	69BA0CDE","	Chamber1","	1","	B01??(?)","	7.4","	2026-07-23 20:07:57"
"	69BA0CDE","	Chamber1","	1","	B01??(%RH)","	83","	2026-07-23 20:07:55"
"	69BA0CDE","	Chamber1","	1","	B01??(?)","	7.4","	2026-07-23 20:07:55"
"	69BA0CDE","	Chamber1","	1","	B01??(%RH)","	83","	2026-07-23 20:07:53"
"	69BA0CDE","	Chamber1","	1","	B01??(?)","	7.4","	2026-07-23 20:07:53"
"	69BA0CDE","	Chamber1","	1","	B01??(%RH)","	83","	2026-07-23 20:07:51"
"	69BA0CDE","	Chamber1","	1","	B01??(?)","	7.4","	2026-07-23 20:07:51"
"	69BA0CDE","	Chamber1","	1","	B01??(%RH)","	83","	2026-07-23 20:07:49"
"	69BA0CDE","	Chamber1","	1","	B01??(?)","	7.4","	2026-07-23 20:07:49"
"	69BA0CDE","	Chamber1","	1","	B01??(%RH)","	83","	2026-07-23 20:07:47"
"	69BA0CDE","	Chamber1","	1","	B01??(?)","	7.4","	2026-07-23 20:07:47"
"	69BA0CDE","	Chamber1","	1","	B01??(%RH)","	83","	2026-07-23 20:07:45"
"	69BA0CDE","	Chamber1","	1","	B01??(?)","	7.4","	2026-07-23 20:07:45"
"	69BA0CDE","	Chamber1","	1","	B01??(%RH)","	83","	2026-07-23 20:07:43"
"	69BA0CDE","	Chamber1","	1","	B01??(?)","	7.4","	2026-07-23 20:07:43"
"	69BA0CDE","	Chamber1","	1","	B01??(%RH)","	83","	2026-07-23 20:07:41"
"	69BA0CDE","	Chamber1","	1","	B01??(?)","	7.4","	2026-07-23 20:07:41"
"	69BA0CDE","	Chamber1","	1","	B01??(%RH)","	83","	2026-07-23 20:07:39"
"	69BA0CDE","	Chamber1","	1","	B01??(?)","	7.4","	2026-07-23 20:07:39"
"	69BA0CDE","	Chamber1","	1","	B01??(%RH)","	83","	2026-07-23 20:07:37"
"	69BA0CDE","	Chamber1","	1","	B01??(?)","	7.4","	2026-07-23 20:07:37"
"	69BA0CDE","	Chamber1","	1","	B01??(%RH)","	83","	2026-07-23 20:07:35"
"	69BA0CDE","	Chamber1","	1","	B01??(?)","	7.4","	2026-07-23 20:07:35"
"	69BA0CDE","	Chamber1","	1","	B01??(%RH)","	83","	2026-07-23 20:07:33"
"	69BA0CDE","	Chamber1","	1","	B01??(?)","	7.4","	2026-07-23 20:07:33"
"	69BA0CDE","	Chamber1","	1","	B01??(%RH)","	83","	2026-07-23 20:07:30"
"	69BA0CDE","	Chamber1","	1","	B01??(?)","	7.4","	2026-07-23 20:07:30"
"	69BA0CDE","	Chamber1","	1","	B01??(%RH)","	83","	2026-07-23 20:07:28"
"	69BA0CDE","	Chamber1","	1","	B01??(?)","	7.4","	2026-07-23 20:07:28"
"	69BA0CDE","	Chamber1","	1","	B01??(%RH)","	83","	2026-07-23 20:07:26"
"	69BA0CDE","	Chamber1","	1","	B01??(?)","	7.4","	2026-07-23 20:07:26"
"	69BA0CDE","	Chamber1","	1","	B01??(%RH)","	82.9","	2026-07-23 20:07:24"
"	69BA0CDE","	Chamber1","	1","	B01??(?)","	7.4","	2026-07-23 20:07:24"
"	69BA0CDE","	Chamber1","	1","	B01??(%RH)","	83","	2026-07-23 20:07:22"
"	69BA0CDE","	Chamber1","	1","	B01??(?)","	7.4","	2026-07-23 20:07:22"
"	69BA0CDE","	Chamber1","	1","	B01??(%RH)","	82.9","	2026-07-23 20:07:20"
"	69BA0CDE","	Chamber1","	1","	B01??(?)","	7.4","	2026-07-23 20:07:20"
"	69BA0CDE","	Chamber1","	1","	B01??(%RH)","	82.9","	2026-07-23 20:07:18"
"	69BA0CDE","	Chamber1","	1","	B01??(?)","	7.4","	2026-07-23 20:07:18"
"	69BA0CDE","	Chamber1","	1","	B01??(%RH)","	82.9","	2026-07-23 20:07:16"
"	69BA0CDE","	Chamber1","	1","	B01??(?)","	7.4","	2026-07-23 20:07:16"
"	69BA0CDE","	Chamber1","	1","	B01??(%RH)","	82.9","	2026-07-23 20:07:14"
"	69BA0CDE","	Chamber1","	1","	B01??(?)","	7.4","	2026-07-23 20:07:14"
"	69BA0CDE","	Chamber1","	1","	B01??(%RH)","	82.9","	2026-07-23 20:07:12"
"	69BA0CDE","	Chamber1","	1","	B01??(?)","	7.4","	2026-07-23 20:07:12"
"	69BA0CDE","	Chamber1","	1","	B01??(%RH)","	82.9","	2026-07-23 20:07:10"
"	69BA0CDE","	Chamber1","	1","	B01??(?)","	7.4","	2026-07-23 20:07:10"
"	69BA0CDE","	Chamber1","	1","	B01??(%RH)","	82.9","	2026-07-23 20:07:08"
"	69BA0CDE","	Chamber1","	1","	B01??(?)","	7.4","	2026-07-23 20:07:08"
"	69BA0CDE","	Chamber1","	1","	B01??(%RH)","	82.8","	2026-07-23 20:07:06"
"	69BA0CDE","	Chamber1","	1","	B01??(?)","	7.4","	2026-07-23 20:07:06"
"	69BA0CDE","	Chamber1","	1","	B01??(%RH)","	82.9","	2026-07-23 20:07:04"
"	69BA0CDE","	Chamber1","	1","	B01??(?)","	7.4","	2026-07-23 20:07:04"
"	69BA0CDE","	Chamber1","	1","	B01??(%RH)","	82.9","	2026-07-23 20:07:02"
"	69BA0CDE","	Chamber1","	1","	B01??(?)","	7.4","	2026-07-23 20:07:02"
"	69BA0CDE","	Chamber1","	1","	B01??(%RH)","	82.9","	2026-07-23 20:07:00"
"	69BA0CDE","	Chamber1","	1","	B01??(?)","	7.4","	2026-07-23 20:07:00"
"	69BA0CDE","	Chamber1","	1","	B01??(%RH)","	82.9","	2026-07-23 20:06:58"
"	69BA0CDE","	Chamber1","	1","	B01??(?)","	7.4","	2026-07-23 20:06:58"
"	69BA0CDE","	Chamber1","	1","	B01??(%RH)","	82.9","	2026-07-23 20:06:56"
"	69BA0CDE","	Chamber1","	1","	B01??(?)","	7.4","	2026-07-23 20:06:56"
"	69BA0CDE","	Chamber1","	1","	B01??(%RH)","	82.8","	2026-07-23 20:06:54"
"	69BA0CDE","	Chamber1","	1","	B01??(?)","	7.4","	2026-07-23 20:06:54"
"	69BA0CDE","	Chamber1","	1","	B01??(%RH)","	82.8","	2026-07-23 20:06:52"
"	69BA0CDE","	Chamber1","	1","	B01??(?)","	7.4","	2026-07-23 20:06:52"
"	69BA0CDE","	Chamber1","	1","	B01??(%RH)","	82.8","	2026-07-23 20:06:49"
"	69BA0CDE","	Chamber1","	1","	B01??(?)","	7.4","	2026-07-23 20:06:49"
"	69BA0CDE","	Chamber1","	1","	B01??(%RH)","	82.8","	2026-07-23 20:06:47"
"	69BA0CDE","	Chamber1","	1","	B01??(?)","	7.4","	2026-07-23 20:06:47"
"	69BA0CDE","	Chamber1","	1","	B01??(%RH)","	82.8","	2026-07-23 20:06:45"
"	69BA0CDE","	Chamber1","	1","	B01??(?)","	7.4","	2026-07-23 20:06:45"
"	69BA0CDE","	Chamber1","	1","	B01??(%RH)","	82.8","	2026-07-23 20:06:43"
"	69BA0CDE","	Chamber1","	1","	B01??(?)","	7.4","	2026-07-23 20:06:43"
"	69BA0CDE","	Chamber1","	1","	B01??(%RH)","	82.8","	2026-07-23 20:06:41"
"	69BA0CDE","	Chamber1","	1","	B01??(?)","	7.4","	2026-07-23 20:06:41"
"	69BA0CDE","	Chamber1","	1","	B01??(%RH)","	82.8","	2026-07-23 20:06:39"
"	69BA0CDE","	Chamber1","	1","	B01??(?)","	7.4","	2026-07-23 20:06:39"
"	69BA0CDE","	Chamber1","	1","	B01??(%RH)","	82.8","	2026-07-23 20:06:37"
"	69BA0CDE","	Chamber1","	1","	B01??(?)","	7.4","	2026-07-23 20:06:37"
"	69BA0CDE","	Chamber1","	1","	B01??(?)","	7.4","	2026-07-23 20:06:35"
"	69BA0CDE","	Chamber1","	1","	B01??(%RH)","	82.8","	2026-07-23 20:06:35"
"	69BA0CDE","	Chamber1","	1","	B01??(%RH)","	82.8","	2026-07-23 20:06:33"
"	69BA0CDE","	Chamber1","	1","	B01??(?)","	7.4","	2026-07-23 20:06:33"
"	69BA0CDE","	Chamber1","	1","	B01??(%RH)","	82.8","	2026-07-23 20:06:31"
"	69BA0CDE","	Chamber1","	1","	B01??(?)","	7.4","	2026-07-23 20:06:31"
"	69BA0CDE","	Chamber1","	1","	B01??(%RH)","	82.8","	2026-07-23 20:06:29"
"	69BA0CDE","	Chamber1","	1","	B01??(?)","	7.4","	2026-07-23 20:06:29"
"	69BA0CDE","	Chamber1","	1","	B01??(%RH)","	82.7","	2026-07-23 20:06:27"
"	69BA0CDE","	Chamber1","	1","	B01??(?)","	7.4","	2026-07-23 20:06:27"
"	69BA0CDE","	Chamber1","	1","	B01??(%RH)","	82.7","	2026-07-23 20:06:25"
"	69BA0CDE","	Chamber1","	1","	B01??(?)","	7.4","	2026-07-23 20:06:25"
"	69BA0CDE","	Chamber1","	1","	B01??(%RH)","	82.7","	2026-07-23 20:06:23"
"	69BA0CDE","	Chamber1","	1","	B01??(?)","	7.4","	2026-07-23 20:06:23"
"	69BA0CDE","	Chamber1","	1","	B01??(%RH)","	82.8","	2026-07-23 20:06:21"
"	69BA0CDE","	Chamber1","	1","	B01??(?)","	7.4","	2026-07-23 20:06:21"
"	69BA0CDE","	Chamber1","	1","	B01??(%RH)","	82.7","	2026-07-23 20:06:19"
"	69BA0CDE","	Chamber1","	1","	B01??(?)","	7.4","	2026-07-23 20:06:19"
"	69BA0CDE","	Chamber1","	1","	B01??(%RH)","	82.7","	2026-07-23 20:06:17"
"	69BA0CDE","	Chamber1","	1","	B01??(?)","	7.4","	2026-07-23 20:06:17"
"	69BA0CDE","	Chamber1","	1","	B01??(%RH)","	82.7","	2026-07-23 20:06:15"
"	69BA0CDE","	Chamber1","	1","	B01??(?)","	7.4","	2026-07-23 20:06:15"
"	69BA0CDE","	Chamber1","	1","	B01??(%RH)","	82.7","	2026-07-23 20:06:13"
"	69BA0CDE","	Chamber1","	1","	B01??(?)","	7.4","	2026-07-23 20:06:13"
"	69BA0CDE","	Chamber1","	1","	B01??(%RH)","	82.7","	2026-07-23 20:06:11"
"	69BA0CDE","	Chamber1","	1","	B01??(?)","	7.4","	2026-07-23 20:06:11"
"	69BA0CDE","	Chamber1","	1","	B01??(%RH)","	82.7","	2026-07-23 20:06:09"
"	69BA0CDE","	Chamber1","	1","	B01??(?)","	7.4","	2026-07-23 20:06:09"
"	69BA0CDE","	Chamber1","	1","	B01??(%RH)","	82.7","	2026-07-23 20:06:06"
"	69BA0CDE","	Chamber1","	1","	B01??(?)","	7.4","	2026-07-23 20:06:06"
"	69BA0CDE","	Chamber1","	1","	B01??(%RH)","	82.7","	2026-07-23 20:06:04"
"	69BA0CDE","	Chamber1","	1","	B01??(?)","	7.4","	2026-07-23 20:06:04"
"	69BA0CDE","	Chamber1","	1","	B01??(%RH)","	82.7","	2026-07-23 20:06:02"
"	69BA0CDE","	Chamber1","	1","	B01??(?)","	7.4","	2026-07-23 20:06:02"
"	69BA0CDE","	Chamber1","	1","	B01??(%RH)","	82.7","	2026-07-23 20:06:00"
"	69BA0CDE","	Chamber1","	1","	B01??(?)","	7.4","	2026-07-23 20:06:00"
"	69BA0CDE","	Chamber1","	1","	B01??(%RH)","	82.7","	2026-07-23 20:05:58"
"	69BA0CDE","	Chamber1","	1","	B01??(?)","	7.4","	2026-07-23 20:05:58"
"	69BA0CDE","	Chamber1","	1","	B01??(%RH)","	82.7","	2026-07-23 20:05:56"
"	69BA0CDE","	Chamber1","	1","	B01??(?)","	7.4","	2026-07-23 20:05:56"
"	69BA0CDE","	Chamber1","	1","	B01??(%RH)","	82.7","	2026-07-23 20:05:54"
"	69BA0CDE","	Chamber1","	1","	B01??(?)","	7.4","	2026-07-23 20:05:54"
"	69BA0CDE","	Chamber1","	1","	B01??(%RH)","	82.6","	2026-07-23 20:05:52"
"	69BA0CDE","	Chamber1","	1","	B01??(?)","	7.4","	2026-07-23 20:05:52"
"	69BA0CDE","	Chamber1","	1","	B01??(%RH)","	82.6","	2026-07-23 20:05:50"
"	69BA0CDE","	Chamber1","	1","	B01??(?)","	7.4","	2026-07-23 20:05:50"
"	69BA0CDE","	Chamber1","	1","	B01??(%RH)","	82.6","	2026-07-23 20:05:48"
"	69BA0CDE","	Chamber1","	1","	B01??(?)","	7.4","	2026-07-23 20:05:48"
"	69BA0CDE","	Chamber1","	1","	B01??(%RH)","	82.6","	2026-07-23 20:05:46"
"	69BA0CDE","	Chamber1","	1","	B01??(?)","	7.4","	2026-07-23 20:05:46"
"	69BA0CDE","	Chamber1","	1","	B01??(%RH)","	82.6","	2026-07-23 20:05:44"
"	69BA0CDE","	Chamber1","	1","	B01??(?)","	7.4","	2026-07-23 20:05:44"
"	69BA0CDE","	Chamber1","	1","	B01??(%RH)","	82.7","	2026-07-23 20:05:42"
"	69BA0CDE","	Chamber1","	1","	B01??(?)","	7.4","	2026-07-23 20:05:42"
"	69BA0CDE","	Chamber1","	1","	B01??(%RH)","	82.6","	2026-07-23 20:05:40"
"	69BA0CDE","	Chamber1","	1","	B01??(?)","	7.4","	2026-07-23 20:05:40"
"	69BA0CDE","	Chamber1","	1","	B01??(%RH)","	82.6","	2026-07-23 20:05:38"
"	69BA0CDE","	Chamber1","	1","	B01??(?)","	7.4","	2026-07-23 20:05:38"
"	69BA0CDE","	Chamber1","	1","	B01??(%RH)","	82.6","	2026-07-23 20:05:36"
"	69BA0CDE","	Chamber1","	1","	B01??(?)","	7.4","	2026-07-23 20:05:36"
"	69BA0CDE","	Chamber1","	1","	B01??(%RH)","	82.6","	2026-07-23 20:05:34"
"	69BA0CDE","	Chamber1","	1","	B01??(?)","	7.4","	2026-07-23 20:05:34"
"	69BA0CDE","	Chamber1","	1","	B01??(%RH)","	82.6","	2026-07-23 20:05:32"
"	69BA0CDE","	Chamber1","	1","	B01??(?)","	7.4","	2026-07-23 20:05:32"
"	69BA0CDE","	Chamber1","	1","	B01??(%RH)","	82.6","	2026-07-23 20:05:30"
"	69BA0CDE","	Chamber1","	1","	B01??(?)","	7.4","	2026-07-23 20:05:30"
"	69BA0CDE","	Chamber1","	1","	B01??(%RH)","	82.5","	2026-07-23 20:05:28"
"	69BA0CDE","	Chamber1","	1","	B01??(?)","	7.4","	2026-07-23 20:05:28"
"	69BA0CDE","	Chamber1","	1","	B01??(%RH)","	82.6","	2026-07-23 20:05:26"
"	69BA0CDE","	Chamber1","	1","	B01??(?)","	7.4","	2026-07-23 20:05:26"
"	69BA0CDE","	Chamber1","	1","	B01??(%RH)","	82.6","	2026-07-23 20:05:23"
"	69BA0CDE","	Chamber1","	1","	B01??(?)","	7.4","	2026-07-23 20:05:23"
"	69BA0CDE","	Chamber1","	1","	B01??(%RH)","	82.6","	2026-07-23 20:05:21"
"	69BA0CDE","	Chamber1","	1","	B01??(?)","	7.4","	2026-07-23 20:05:21"
"	69BA0CDE","	Chamber1","	1","	B01??(%RH)","	82.5","	2026-07-23 20:05:19"
"	69BA0CDE","	Chamber1","	1","	B01??(?)","	7.4","	2026-07-23 20:05:19"
"	69BA0CDE","	Chamber1","	1","	B01??(%RH)","	82.5","	2026-07-23 20:05:17"
"	69BA0CDE","	Chamber1","	1","	B01??(?)","	7.4","	2026-07-23 20:05:17"
"	69BA0CDE","	Chamber1","	1","	B01??(%RH)","	82.5","	2026-07-23 20:05:15"
"	69BA0CDE","	Chamber1","	1","	B01??(?)","	7.4","	2026-07-23 20:05:15"
"	69BA0CDE","	Chamber1","	1","	B01??(%RH)","	82.5","	2026-07-23 20:05:13"
"	69BA0CDE","	Chamber1","	1","	B01??(?)","	7.4","	2026-07-23 20:05:13"
"	69BA0CDE","	Chamber1","	1","	B01??(%RH)","	82.5","	2026-07-23 20:05:11"
"	69BA0CDE","	Chamber1","	1","	B01??(?)","	7.4","	2026-07-23 20:05:11"
"	69BA0CDE","	Chamber1","	1","	B01??(%RH)","	82.5","	2026-07-23 20:05:09"
"	69BA0CDE","	Chamber1","	1","	B01??(?)","	7.4","	2026-07-23 20:05:09"
"	69BA0CDE","	Chamber1","	1","	B01??(%RH)","	82.5","	2026-07-23 20:05:07"
"	69BA0CDE","	Chamber1","	1","	B01??(?)","	7.4","	2026-07-23 20:05:07"
"	69BA0CDE","	Chamber1","	1","	B01??(%RH)","	82.5","	2026-07-23 20:05:05"
"	69BA0CDE","	Chamber1","	1","	B01??(?)","	7.4","	2026-07-23 20:05:05"
"	69BA0CDE","	Chamber1","	1","	B01??(%RH)","	82.5","	2026-07-23 20:05:03"
"	69BA0CDE","	Chamber1","	1","	B01??(?)","	7.4","	2026-07-23 20:05:03"
"	69BA0CDE","	Chamber1","	1","	B01??(%RH)","	82.5","	2026-07-23 20:05:01"
"	69BA0CDE","	Chamber1","	1","	B01??(?)","	7.4","	2026-07-23 20:05:01"
"	69BA0CDE","	Chamber1","	1","	B01??(%RH)","	82.5","	2026-07-23 20:04:59"
"	69BA0CDE","	Chamber1","	1","	B01??(?)","	7.4","	2026-07-23 20:04:59"
"	69BA0CDE","	Chamber1","	1","	B01??(%RH)","	82.5","	2026-07-23 20:04:57"
"	69BA0CDE","	Chamber1","	1","	B01??(?)","	7.4","	2026-07-23 20:04:57"
"	69BA0CDE","	Chamber1","	1","	B01??(%RH)","	82.5","	2026-07-23 20:04:55"
"	69BA0CDE","	Chamber1","	1","	B01??(?)","	7.4","	2026-07-23 20:04:55"
"	69BA0CDE","	Chamber1","	1","	B01??(%RH)","	82.4","	2026-07-23 20:04:53"
"	69BA0CDE","	Chamber1","	1","	B01??(?)","	7.4","	2026-07-23 20:04:53"
"	69BA0CDE","	Chamber1","	1","	B01??(%RH)","	82.5","	2026-07-23 20:04:51"
"	69BA0CDE","	Chamber1","	1","	B01??(?)","	7.4","	2026-07-23 20:04:51"
"	69BA0CDE","	Chamber1","	1","	B01??(%RH)","	82.4","	2026-07-23 20:04:49"
"	69BA0CDE","	Chamber1","	1","	B01??(?)","	7.4","	2026-07-23 20:04:49"
"	69BA0CDE","	Chamber1","	1","	B01??(%RH)","	82.4","	2026-07-23 20:04:47"
"	69BA0CDE","	Chamber1","	1","	B01??(?)","	7.4","	2026-07-23 20:04:47"
"	69BA0CDE","	Chamber1","	1","	B01??(%RH)","	82.4","	2026-07-23 20:04:45"
"	69BA0CDE","	Chamber1","	1","	B01??(?)","	7.4","	2026-07-23 20:04:45"
"	69BA0CDE","	Chamber1","	1","	B01??(%RH)","	82.4","	2026-07-23 20:04:43"
"	69BA0CDE","	Chamber1","	1","	B01??(?)","	7.4","	2026-07-23 20:04:43"
"	69BA0CDE","	Chamber1","	1","	B01??(%RH)","	82.5","	2026-07-23 20:04:40"
"	69BA0CDE","	Chamber1","	1","	B01??(?)","	7.4","	2026-07-23 20:04:40"
"	69BA0CDE","	Chamber1","	1","	B01??(%RH)","	82.4","	2026-07-23 20:04:38"
"	69BA0CDE","	Chamber1","	1","	B01??(?)","	7.4","	2026-07-23 20:04:38"
"	69BA0CDE","	Chamber1","	1","	B01??(%RH)","	82.4","	2026-07-23 20:04:36"
"	69BA0CDE","	Chamber1","	1","	B01??(?)","	7.4","	2026-07-23 20:04:36"
"	69BA0CDE","	Chamber1","	1","	B01??(%RH)","	82.4","	2026-07-23 20:04:34"
"	69BA0CDE","	Chamber1","	1","	B01??(?)","	7.4","	2026-07-23 20:04:34"
"	69BA0CDE","	Chamber1","	1","	B01??(%RH)","	82.4","	2026-07-23 20:04:32"
"	69BA0CDE","	Chamber1","	1","	B01??(?)","	7.4","	2026-07-23 20:04:32"
"	69BA0CDE","	Chamber1","	1","	B01??(%RH)","	82.4","	2026-07-23 20:04:30"
"	69BA0CDE","	Chamber1","	1","	B01??(?)","	7.4","	2026-07-23 20:04:30"
"	69BA0CDE","	Chamber1","	1","	B01??(%RH)","	82.4","	2026-07-23 20:04:28"
"	69BA0CDE","	Chamber1","	1","	B01??(?)","	7.4","	2026-07-23 20:04:28"
"	69BA0CDE","	Chamber1","	1","	B01??(%RH)","	82.4","	2026-07-23 20:04:26"
"	69BA0CDE","	Chamber1","	1","	B01??(?)","	7.4","	2026-07-23 20:04:26"
"	69BA0CDE","	Chamber1","	1","	B01??(%RH)","	82.4","	2026-07-23 20:04:24"
"	69BA0CDE","	Chamber1","	1","	B01??(?)","	7.4","	2026-07-23 20:04:24"
"	69BA0CDE","	Chamber1","	1","	B01??(%RH)","	82.3","	2026-07-23 20:04:22"
"	69BA0CDE","	Chamber1","	1","	B01??(?)","	7.4","	2026-07-23 20:04:22"
"	69BA0CDE","	Chamber1","	1","	B01??(%RH)","	82.4","	2026-07-23 20:04:20"
"	69BA0CDE","	Chamber1","	1","	B01??(?)","	7.4","	2026-07-23 20:04:20"
"	69BA0CDE","	Chamber1","	1","	B01??(%RH)","	82.3","	2026-07-23 20:04:18"
"	69BA0CDE","	Chamber1","	1","	B01??(?)","	7.4","	2026-07-23 20:04:18"
"	69BA0CDE","	Chamber1","	1","	B01??(%RH)","	82.3","	2026-07-23 20:04:16"
"	69BA0CDE","	Chamber1","	1","	B01??(?)","	7.4","	2026-07-23 20:04:16"
"	69BA0CDE","	Chamber1","	1","	B01??(%RH)","	82.3","	2026-07-23 20:04:14"
"	69BA0CDE","	Chamber1","	1","	B01??(?)","	7.4","	2026-07-23 20:04:14"
"	69BA0CDE","	Chamber1","	1","	B01??(%RH)","	82.3","	2026-07-23 20:04:12"
"	69BA0CDE","	Chamber1","	1","	B01??(?)","	7.4","	2026-07-23 20:04:12"
"	69BA0CDE","	Chamber1","	1","	B01??(%RH)","	82.3","	2026-07-23 20:04:10"
"	69BA0CDE","	Chamber1","	1","	B01??(?)","	7.4","	2026-07-23 20:04:10"
"	69BA0CDE","	Chamber1","	1","	B01??(%RH)","	82.3","	2026-07-23 20:04:08"
"	69BA0CDE","	Chamber1","	1","	B01??(?)","	7.4","	2026-07-23 20:04:08"
"	69BA0CDE","	Chamber1","	1","	B01??(%RH)","	82.3","	2026-07-23 20:04:06"
"	69BA0CDE","	Chamber1","	1","	B01??(?)","	7.4","	2026-07-23 20:04:06"
"	69BA0CDE","	Chamber1","	1","	B01??(%RH)","	82.3","	2026-07-23 20:04:04"
"	69BA0CDE","	Chamber1","	1","	B01??(?)","	7.4","	2026-07-23 20:04:04"
"	69BA0CDE","	Chamber1","	1","	B01??(%RH)","	82.3","	2026-07-23 20:04:02"
"	69BA0CDE","	Chamber1","	1","	B01??(?)","	7.4","	2026-07-23 20:04:02"
"	69BA0CDE","	Chamber1","	1","	B01??(%RH)","	82.3","	2026-07-23 20:04:00"
"	69BA0CDE","	Chamber1","	1","	B01??(?)","	7.4","	2026-07-23 20:04:00"
"	69BA0CDE","	Chamber1","	1","	B01??(%RH)","	82.3","	2026-07-23 20:03:58"
"	69BA0CDE","	Chamber1","	1","	B01??(?)","	7.4","	2026-07-23 20:03:58"
"	69BA0CDE","	Chamber1","	1","	B01??(%RH)","	82.2","	2026-07-23 20:03:56"
"	69BA0CDE","	Chamber1","	1","	B01??(?)","	7.4","	2026-07-23 20:03:56"
"	69BA0CDE","	Chamber1","	1","	B01??(%RH)","	82.3","	2026-07-23 20:03:53"
"	69BA0CDE","	Chamber1","	1","	B01??(?)","	7.4","	2026-07-23 20:03:53"
"	69BA0CDE","	Chamber1","	1","	B01??(%RH)","	82.2","	2026-07-23 20:03:51"
"	69BA0CDE","	Chamber1","	1","	B01??(?)","	7.4","	2026-07-23 20:03:51"
"	69BA0CDE","	Chamber1","	1","	B01??(%RH)","	82.2","	2026-07-23 20:03:49"
"	69BA0CDE","	Chamber1","	1","	B01??(?)","	7.4","	2026-07-23 20:03:49"
"	69BA0CDE","	Chamber1","	1","	B01??(%RH)","	82.2","	2026-07-23 20:03:47"
"	69BA0CDE","	Chamber1","	1","	B01??(?)","	7.4","	2026-07-23 20:03:47"
"	69BA0CDE","	Chamber1","	1","	B01??(%RH)","	82.2","	2026-07-23 20:03:45"
"	69BA0CDE","	Chamber1","	1","	B01??(?)","	7.4","	2026-07-23 20:03:45"
"	69BA0CDE","	Chamber1","	1","	B01??(%RH)","	82.2","	2026-07-23 20:03:43"
"	69BA0CDE","	Chamber1","	1","	B01??(?)","	7.4","	2026-07-23 20:03:43"
"	69BA0CDE","	Chamber1","	1","	B01??(%RH)","	82.2","	2026-07-23 20:03:41"
"	69BA0CDE","	Chamber1","	1","	B01??(?)","	7.4","	2026-07-23 20:03:41"
"	69BA0CDE","	Chamber1","	1","	B01??(%RH)","	82.2","	2026-07-23 20:03:39"
"	69BA0CDE","	Chamber1","	1","	B01??(?)","	7.4","	2026-07-23 20:03:39"
"	69BA0CDE","	Chamber1","	1","	B01??(%RH)","	82.2","	2026-07-23 20:03:37"
"	69BA0CDE","	Chamber1","	1","	B01??(?)","	7.4","	2026-07-23 20:03:37"
"	69BA0CDE","	Chamber1","	1","	B01??(%RH)","	82.1","	2026-07-23 20:03:35"
"	69BA0CDE","	Chamber1","	1","	B01??(?)","	7.4","	2026-07-23 20:03:35"
"	69BA0CDE","	Chamber1","	1","	B01??(%RH)","	82.2","	2026-07-23 20:03:33"
"	69BA0CDE","	Chamber1","	1","	B01??(?)","	7.4","	2026-07-23 20:03:33"
"	69BA0CDE","	Chamber1","	1","	B01??(%RH)","	82.1","	2026-07-23 20:03:31"
"	69BA0CDE","	Chamber1","	1","	B01??(?)","	7.4","	2026-07-23 20:03:31"
"	69BA0CDE","	Chamber1","	1","	B01??(%RH)","	82.1","	2026-07-23 20:03:29"
"	69BA0CDE","	Chamber1","	1","	B01??(?)","	7.4","	2026-07-23 20:03:29"
"	69BA0CDE","	Chamber1","	1","	B01??(%RH)","	82.1","	2026-07-23 20:03:27"
"	69BA0CDE","	Chamber1","	1","	B01??(?)","	7.4","	2026-07-23 20:03:27"
"	69BA0CDE","	Chamber1","	1","	B01??(%RH)","	82.1","	2026-07-23 20:03:25"
"	69BA0CDE","	Chamber1","	1","	B01??(?)","	7.4","	2026-07-23 20:03:25"
"	69BA0CDE","	Chamber1","	1","	B01??(%RH)","	82.1","	2026-07-23 20:03:23"
"	69BA0CDE","	Chamber1","	1","	B01??(?)","	7.4","	2026-07-23 20:03:23"
"	69BA0CDE","	Chamber1","	1","	B01??(%RH)","	82.1","	2026-07-23 20:03:21"
"	69BA0CDE","	Chamber1","	1","	B01??(?)","	7.4","	2026-07-23 20:03:21"
"	69BA0CDE","	Chamber1","	1","	B01??(%RH)","	82.1","	2026-07-23 20:03:19"
"	69BA0CDE","	Chamber1","	1","	B01??(?)","	7.4","	2026-07-23 20:03:19"
"	69BA0CDE","	Chamber1","	1","	B01??(%RH)","	82.1","	2026-07-23 20:03:17"
"	69BA0CDE","	Chamber1","	1","	B01??(?)","	7.4","	2026-07-23 20:03:17"
"	69BA0CDE","	Chamber1","	1","	B01??(%RH)","	82.1","	2026-07-23 20:03:15"
"	69BA0CDE","	Chamber1","	1","	B01??(?)","	7.4","	2026-07-23 20:03:15"
"	69BA0CDE","	Chamber1","	1","	B01??(%RH)","	82.1","	2026-07-23 20:03:13"
"	69BA0CDE","	Chamber1","	1","	B01??(?)","	7.4","	2026-07-23 20:03:13"
"	69BA0CDE","	Chamber1","	1","	B01??(%RH)","	82.1","	2026-07-23 20:03:10"
"	69BA0CDE","	Chamber1","	1","	B01??(?)","	7.4","	2026-07-23 20:03:10"
"	69BA0CDE","	Chamber1","	1","	B01??(%RH)","	82","	2026-07-23 20:03:08"
"	69BA0CDE","	Chamber1","	1","	B01??(?)","	7.4","	2026-07-23 20:03:08"
"	69BA0CDE","	Chamber1","	1","	B01??(%RH)","	82.1","	2026-07-23 20:03:06"
"	69BA0CDE","	Chamber1","	1","	B01??(?)","	7.4","	2026-07-23 20:03:06"
"	69BA0CDE","	Chamber1","	1","	B01??(%RH)","	82","	2026-07-23 20:03:04"
"	69BA0CDE","	Chamber1","	1","	B01??(?)","	7.4","	2026-07-23 20:03:04"
"	69BA0CDE","	Chamber1","	1","	B01??(%RH)","	82","	2026-07-23 20:03:02"
"	69BA0CDE","	Chamber1","	1","	B01??(?)","	7.4","	2026-07-23 20:03:02"
"	69BA0CDE","	Chamber1","	1","	B01??(%RH)","	82","	2026-07-23 20:03:00"
"	69BA0CDE","	Chamber1","	1","	B01??(?)","	7.4","	2026-07-23 20:03:00"
"	69BA0CDE","	Chamber1","	1","	B01??(%RH)","	82.1","	2026-07-23 20:02:58"
"	69BA0CDE","	Chamber1","	1","	B01??(?)","	7.4","	2026-07-23 20:02:58"
"	69BA0CDE","	Chamber1","	1","	B01??(%RH)","	82","	2026-07-23 20:02:56"
"	69BA0CDE","	Chamber1","	1","	B01??(?)","	7.4","	2026-07-23 20:02:56"
"	69BA0CDE","	Chamber1","	1","	B01??(%RH)","	82","	2026-07-23 20:02:54"
"	69BA0CDE","	Chamber1","	1","	B01??(?)","	7.4","	2026-07-23 20:02:54"
"	69BA0CDE","	Chamber1","	1","	B01??(%RH)","	82","	2026-07-23 20:02:52"
"	69BA0CDE","	Chamber1","	1","	B01??(?)","	7.4","	2026-07-23 20:02:52"
"	69BA0CDE","	Chamber1","	1","	B01??(%RH)","	82","	2026-07-23 20:02:50"
"	69BA0CDE","	Chamber1","	1","	B01??(?)","	7.4","	2026-07-23 20:02:50"
"	69BA0CDE","	Chamber1","	1","	B01??(%RH)","	82","	2026-07-23 20:02:48"
"	69BA0CDE","	Chamber1","	1","	B01??(?)","	7.4","	2026-07-23 20:02:48"
"	69BA0CDE","	Chamber1","	1","	B01??(%RH)","	81.9","	2026-07-23 20:02:46"
"	69BA0CDE","	Chamber1","	1","	B01??(?)","	7.4","	2026-07-23 20:02:46"
"	69BA0CDE","	Chamber1","	1","	B01??(%RH)","	82","	2026-07-23 20:02:44"
"	69BA0CDE","	Chamber1","	1","	B01??(?)","	7.4","	2026-07-23 20:02:44"
"	69BA0CDE","	Chamber1","	1","	B01??(%RH)","	81.9","	2026-07-23 20:02:42"
"	69BA0CDE","	Chamber1","	1","	B01??(?)","	7.4","	2026-07-23 20:02:42"
"	69BA0CDE","	Chamber1","	1","	B01??(%RH)","	81.9","	2026-07-23 20:02:40"
"	69BA0CDE","	Chamber1","	1","	B01??(?)","	7.4","	2026-07-23 20:02:40"
"	69BA0CDE","	Chamber1","	1","	B01??(%RH)","	81.9","	2026-07-23 20:02:38"
"	69BA0CDE","	Chamber1","	1","	B01??(?)","	7.4","	2026-07-23 20:02:38"
"	69BA0CDE","	Chamber1","	1","	B01??(%RH)","	81.9","	2026-07-23 20:02:36"
"	69BA0CDE","	Chamber1","	1","	B01??(?)","	7.4","	2026-07-23 20:02:36"
"	69BA0CDE","	Chamber1","	1","	B01??(%RH)","	81.9","	2026-07-23 20:02:34"
"	69BA0CDE","	Chamber1","	1","	B01??(?)","	7.4","	2026-07-23 20:02:34"
"	69BA0CDE","	Chamber1","	1","	B01??(%RH)","	81.9","	2026-07-23 20:02:32"
"	69BA0CDE","	Chamber1","	1","	B01??(?)","	7.4","	2026-07-23 20:02:32"
"	69BA0CDE","	Chamber1","	1","	B01??(%RH)","	81.9","	2026-07-23 20:02:29"
"	69BA0CDE","	Chamber1","	1","	B01??(?)","	7.4","	2026-07-23 20:02:29"
"	69BA0CDE","	Chamber1","	1","	B01??(%RH)","	81.9","	2026-07-23 20:02:27"
"	69BA0CDE","	Chamber1","	1","	B01??(?)","	7.4","	2026-07-23 20:02:27"
"	69BA0CDE","	Chamber1","	1","	B01??(%RH)","	81.9","	2026-07-23 20:02:25"
"	69BA0CDE","	Chamber1","	1","	B01??(?)","	7.4","	2026-07-23 20:02:25"
"	69BA0CDE","	Chamber1","	1","	B01??(%RH)","	81.9","	2026-07-23 20:02:23"
"	69BA0CDE","	Chamber1","	1","	B01??(?)","	7.4","	2026-07-23 20:02:23"
"	69BA0CDE","	Chamber1","	1","	B01??(%RH)","	81.9","	2026-07-23 20:02:21"
"	69BA0CDE","	Chamber1","	1","	B01??(?)","	7.4","	2026-07-23 20:02:21"
"	69BA0CDE","	Chamber1","	1","	B01??(%RH)","	81.9","	2026-07-23 20:02:19"
"	69BA0CDE","	Chamber1","	1","	B01??(?)","	7.4","	2026-07-23 20:02:19"
"	69BA0CDE","	Chamber1","	1","	B01??(%RH)","	81.8","	2026-07-23 20:02:17"
"	69BA0CDE","	Chamber1","	1","	B01??(?)","	7.4","	2026-07-23 20:02:17"
"	69BA0CDE","	Chamber1","	1","	B01??(%RH)","	81.8","	2026-07-23 20:02:15"
"	69BA0CDE","	Chamber1","	1","	B01??(?)","	7.4","	2026-07-23 20:02:15"
"	69BA0CDE","	Chamber1","	1","	B01??(%RH)","	81.9","	2026-07-23 20:02:13"
"	69BA0CDE","	Chamber1","	1","	B01??(?)","	7.4","	2026-07-23 20:02:13"
"	69BA0CDE","	Chamber1","	1","	B01??(%RH)","	81.8","	2026-07-23 20:02:11"
"	69BA0CDE","	Chamber1","	1","	B01??(?)","	7.4","	2026-07-23 20:02:11"
"	69BA0CDE","	Chamber1","	1","	B01??(%RH)","	81.8","	2026-07-23 20:02:09"
"	69BA0CDE","	Chamber1","	1","	B01??(?)","	7.4","	2026-07-23 20:02:09"
"	69BA0CDE","	Chamber1","	1","	B01??(%RH)","	81.8","	2026-07-23 20:02:07"
"	69BA0CDE","	Chamber1","	1","	B01??(?)","	7.4","	2026-07-23 20:02:07"
"	69BA0CDE","	Chamber1","	1","	B01??(%RH)","	81.8","	2026-07-23 20:02:05"
"	69BA0CDE","	Chamber1","	1","	B01??(?)","	7.4","	2026-07-23 20:02:05"
"	69BA0CDE","	Chamber1","	1","	B01??(%RH)","	81.8","	2026-07-23 20:02:03"
"	69BA0CDE","	Chamber1","	1","	B01??(?)","	7.4","	2026-07-23 20:02:03"
"	69BA0CDE","	Chamber1","	1","	B01??(%RH)","	81.8","	2026-07-23 20:02:01"
"	69BA0CDE","	Chamber1","	1","	B01??(?)","	7.4","	2026-07-23 20:02:01"
"	69BA0CDE","	Chamber1","	1","	B01??(%RH)","	81.8","	2026-07-23 20:01:59"
"	69BA0CDE","	Chamber1","	1","	B01??(?)","	7.4","	2026-07-23 20:01:59"
"	69BA0CDE","	Chamber1","	1","	B01??(%RH)","	81.8","	2026-07-23 20:01:57"
"	69BA0CDE","	Chamber1","	1","	B01??(?)","	7.4","	2026-07-23 20:01:57"
"	69BA0CDE","	Chamber1","	1","	B01??(%RH)","	81.8","	2026-07-23 20:01:55"
"	69BA0CDE","	Chamber1","	1","	B01??(?)","	7.4","	2026-07-23 20:01:55"
"	69BA0CDE","	Chamber1","	1","	B01??(%RH)","	81.7","	2026-07-23 20:01:53"
"	69BA0CDE","	Chamber1","	1","	B01??(?)","	7.4","	2026-07-23 20:01:53"
"	69BA0CDE","	Chamber1","	1","	B01??(%RH)","	81.7","	2026-07-23 20:01:51"
"	69BA0CDE","	Chamber1","	1","	B01??(?)","	7.4","	2026-07-23 20:01:51"
"	69BA0CDE","	Chamber1","	1","	B01??(%RH)","	81.8","	2026-07-23 20:01:49"
"	69BA0CDE","	Chamber1","	1","	B01??(?)","	7.4","	2026-07-23 20:01:49"
"	69BA0CDE","	Chamber1","	1","	B01??(%RH)","	81.8","	2026-07-23 20:01:46"
"	69BA0CDE","	Chamber1","	1","	B01??(?)","	7.4","	2026-07-23 20:01:46"
"	69BA0CDE","	Chamber1","	1","	B01??(%RH)","	81.7","	2026-07-23 20:01:44"
"	69BA0CDE","	Chamber1","	1","	B01??(?)","	7.4","	2026-07-23 20:01:44"
"	69BA0CDE","	Chamber1","	1","	B01??(%RH)","	81.7","	2026-07-23 20:01:42"
"	69BA0CDE","	Chamber1","	1","	B01??(?)","	7.4","	2026-07-23 20:01:42"
"	69BA0CDE","	Chamber1","	1","	B01??(%RH)","	81.7","	2026-07-23 20:01:40"
"	69BA0CDE","	Chamber1","	1","	B01??(?)","	7.4","	2026-07-23 20:01:40"
"	69BA0CDE","	Chamber1","	1","	B01??(%RH)","	81.7","	2026-07-23 20:01:38"
"	69BA0CDE","	Chamber1","	1","	B01??(?)","	7.4","	2026-07-23 20:01:38"
"	69BA0CDE","	Chamber1","	1","	B01??(%RH)","	81.7","	2026-07-23 20:01:36"
"	69BA0CDE","	Chamber1","	1","	B01??(?)","	7.4","	2026-07-23 20:01:36"
"	69BA0CDE","	Chamber1","	1","	B01??(%RH)","	81.7","	2026-07-23 20:01:34"
"	69BA0CDE","	Chamber1","	1","	B01??(?)","	7.4","	2026-07-23 20:01:34"
"	69BA0CDE","	Chamber1","	1","	B01??(%RH)","	81.7","	2026-07-23 20:01:32"
"	69BA0CDE","	Chamber1","	1","	B01??(?)","	7.4","	2026-07-23 20:01:32"
"	69BA0CDE","	Chamber1","	1","	B01??(%RH)","	81.7","	2026-07-23 20:01:30"
"	69BA0CDE","	Chamber1","	1","	B01??(?)","	7.4","	2026-07-23 20:01:30"
"	69BA0CDE","	Chamber1","	1","	B01??(%RH)","	81.7","	2026-07-23 20:01:28"
"	69BA0CDE","	Chamber1","	1","	B01??(?)","	7.4","	2026-07-23 20:01:28"
"	69BA0CDE","	Chamber1","	1","	B01??(%RH)","	81.7","	2026-07-23 20:01:26"
"	69BA0CDE","	Chamber1","	1","	B01??(?)","	7.4","	2026-07-23 20:01:26"
"	69BA0CDE","	Chamber1","	1","	B01??(%RH)","	81.7","	2026-07-23 20:01:24"
"	69BA0CDE","	Chamber1","	1","	B01??(?)","	7.4","	2026-07-23 20:01:24"
"	69BA0CDE","	Chamber1","	1","	B01??(%RH)","	81.7","	2026-07-23 20:01:22"
"	69BA0CDE","	Chamber1","	1","	B01??(?)","	7.4","	2026-07-23 20:01:22"
"	69BA0CDE","	Chamber1","	1","	B01??(%RH)","	81.7","	2026-07-23 20:01:20"
"	69BA0CDE","	Chamber1","	1","	B01??(?)","	7.4","	2026-07-23 20:01:20"
"	69BA0CDE","	Chamber1","	1","	B01??(%RH)","	81.7","	2026-07-23 20:01:18"
"	69BA0CDE","	Chamber1","	1","	B01??(?)","	7.4","	2026-07-23 20:01:18"
"	69BA0CDE","	Chamber1","	1","	B01??(%RH)","	81.6","	2026-07-23 20:01:16"
"	69BA0CDE","	Chamber1","	1","	B01??(?)","	7.4","	2026-07-23 20:01:16"
"	69BA0CDE","	Chamber1","	1","	B01??(%RH)","	81.6","	2026-07-23 20:01:14"
"	69BA0CDE","	Chamber1","	1","	B01??(?)","	7.4","	2026-07-23 20:01:14"
"	69BA0CDE","	Chamber1","	1","	B01??(%RH)","	81.6","	2026-07-23 20:01:12"
"	69BA0CDE","	Chamber1","	1","	B01??(?)","	7.4","	2026-07-23 20:01:12"
"	69BA0CDE","	Chamber1","	1","	B01??(%RH)","	81.6","	2026-07-23 20:01:10"
"	69BA0CDE","	Chamber1","	1","	B01??(?)","	7.4","	2026-07-23 20:01:10"
"	69BA0CDE","	Chamber1","	1","	B01??(%RH)","	81.6","	2026-07-23 20:01:08"
"	69BA0CDE","	Chamber1","	1","	B01??(?)","	7.4","	2026-07-23 20:01:08"
"	69BA0CDE","	Chamber1","	1","	B01??(%RH)","	81.6","	2026-07-23 20:01:05"
"	69BA0CDE","	Chamber1","	1","	B01??(?)","	7.4","	2026-07-23 20:01:05"
"	69BA0CDE","	Chamber1","	1","	B01??(%RH)","	81.6","	2026-07-23 20:01:03"
"	69BA0CDE","	Chamber1","	1","	B01??(?)","	7.4","	2026-07-23 20:01:03"
"	69BA0CDE","	Chamber1","	1","	B01??(%RH)","	81.6","	2026-07-23 20:01:01"
"	69BA0CDE","	Chamber1","	1","	B01??(?)","	7.4","	2026-07-23 20:01:01"
"	69BA0CDE","	Chamber1","	1","	B01??(%RH)","	81.6","	2026-07-23 20:00:59"
"	69BA0CDE","	Chamber1","	1","	B01??(?)","	7.4","	2026-07-23 20:00:59"
"	69BA0CDE","	Chamber1","	1","	B01??(%RH)","	81.6","	2026-07-23 20:00:57"
"	69BA0CDE","	Chamber1","	1","	B01??(?)","	7.4","	2026-07-23 20:00:57"
"	69BA0CDE","	Chamber1","	1","	B01??(%RH)","	81.5","	2026-07-23 20:00:55"
"	69BA0CDE","	Chamber1","	1","	B01??(?)","	7.4","	2026-07-23 20:00:55"
"	69BA0CDE","	Chamber1","	1","	B01??(%RH)","	81.6","	2026-07-23 20:00:53"
"	69BA0CDE","	Chamber1","	1","	B01??(?)","	7.4","	2026-07-23 20:00:53"
"	69BA0CDE","	Chamber1","	1","	B01??(%RH)","	81.5","	2026-07-23 20:00:51"
"	69BA0CDE","	Chamber1","	1","	B01??(?)","	7.4","	2026-07-23 20:00:51"
"	69BA0CDE","	Chamber1","	1","	B01??(%RH)","	81.5","	2026-07-23 20:00:49"
"	69BA0CDE","	Chamber1","	1","	B01??(?)","	7.4","	2026-07-23 20:00:49"
"	69BA0CDE","	Chamber1","	1","	B01??(%RH)","	81.5","	2026-07-23 20:00:47"
"	69BA0CDE","	Chamber1","	1","	B01??(?)","	7.4","	2026-07-23 20:00:47"
"	69BA0CDE","	Chamber1","	1","	B01??(%RH)","	81.5","	2026-07-23 20:00:45"
"	69BA0CDE","	Chamber1","	1","	B01??(?)","	7.4","	2026-07-23 20:00:45"
"	69BA0CDE","	Chamber1","	1","	B01??(%RH)","	81.5","	2026-07-23 20:00:43"
"	69BA0CDE","	Chamber1","	1","	B01??(?)","	7.4","	2026-07-23 20:00:43"
"	69BA0CDE","	Chamber1","	1","	B01??(%RH)","	81.5","	2026-07-23 20:00:41"
"	69BA0CDE","	Chamber1","	1","	B01??(?)","	7.4","	2026-07-23 20:00:41"
"	69BA0CDE","	Chamber1","	1","	B01??(%RH)","	81.5","	2026-07-23 20:00:39"
"	69BA0CDE","	Chamber1","	1","	B01??(?)","	7.4","	2026-07-23 20:00:39"
"	69BA0CDE","	Chamber1","	1","	B01??(%RH)","	81.4","	2026-07-23 20:00:37"
"	69BA0CDE","	Chamber1","	1","	B01??(?)","	7.4","	2026-07-23 20:00:37"
"	69BA0CDE","	Chamber1","	1","	B01??(%RH)","	81.5","	2026-07-23 20:00:35"
"	69BA0CDE","	Chamber1","	1","	B01??(?)","	7.4","	2026-07-23 20:00:35"
"	69BA0CDE","	Chamber1","	1","	B01??(%RH)","	81.4","	2026-07-23 20:00:33"
"	69BA0CDE","	Chamber1","	1","	B01??(?)","	7.4","	2026-07-23 20:00:33"
"	69BA0CDE","	Chamber1","	1","	B01??(%RH)","	81.4","	2026-07-23 20:00:31"
"	69BA0CDE","	Chamber1","	1","	B01??(?)","	7.4","	2026-07-23 20:00:31"
"	69BA0CDE","	Chamber1","	1","	B01??(%RH)","	81.4","	2026-07-23 20:00:29"
"	69BA0CDE","	Chamber1","	1","	B01??(?)","	7.4","	2026-07-23 20:00:29"
"	69BA0CDE","	Chamber1","	1","	B01??(%RH)","	81.4","	2026-07-23 20:00:27"
"	69BA0CDE","	Chamber1","	1","	B01??(?)","	7.4","	2026-07-23 20:00:27"
"	69BA0CDE","	Chamber1","	1","	B01??(%RH)","	81.4","	2026-07-23 20:00:25"
"	69BA0CDE","	Chamber1","	1","	B01??(?)","	7.4","	2026-07-23 20:00:25"
"	69BA0CDE","	Chamber1","	1","	B01??(%RH)","	81.4","	2026-07-23 20:00:23"
"	69BA0CDE","	Chamber1","	1","	B01??(?)","	7.4","	2026-07-23 20:00:23"
"	69BA0CDE","	Chamber1","	1","	B01??(%RH)","	81.4","	2026-07-23 20:00:20"
"	69BA0CDE","	Chamber1","	1","	B01??(?)","	7.4","	2026-07-23 20:00:20"
"	69BA0CDE","	Chamber1","	1","	B01??(%RH)","	81.4","	2026-07-23 20:00:18"
"	69BA0CDE","	Chamber1","	1","	B01??(?)","	7.4","	2026-07-23 20:00:18"
"	69BA0CDE","	Chamber1","	1","	B01??(%RH)","	81.4","	2026-07-23 20:00:16"
"	69BA0CDE","	Chamber1","	1","	B01??(?)","	7.4","	2026-07-23 20:00:16"
"	69BA0CDE","	Chamber1","	1","	B01??(%RH)","	81.3","	2026-07-23 20:00:14"
"	69BA0CDE","	Chamber1","	1","	B01??(?)","	7.4","	2026-07-23 20:00:14"
"	69BA0CDE","	Chamber1","	1","	B01??(%RH)","	81.4","	2026-07-23 20:00:12"
"	69BA0CDE","	Chamber1","	1","	B01??(?)","	7.4","	2026-07-23 20:00:12"
"	69BA0CDE","	Chamber1","	1","	B01??(%RH)","	81.3","	2026-07-23 20:00:10"
"	69BA0CDE","	Chamber1","	1","	B01??(?)","	7.4","	2026-07-23 20:00:10"
"	69BA0CDE","	Chamber1","	1","	B01??(%RH)","	81.3","	2026-07-23 20:00:08"
"	69BA0CDE","	Chamber1","	1","	B01??(?)","	7.4","	2026-07-23 20:00:08"
"	69BA0CDE","	Chamber1","	1","	B01??(%RH)","	81.3","	2026-07-23 20:00:06"
"	69BA0CDE","	Chamber1","	1","	B01??(?)","	7.4","	2026-07-23 20:00:06"
"	69BA0CDE","	Chamber1","	1","	B01??(%RH)","	81.3","	2026-07-23 20:00:04"
"	69BA0CDE","	Chamber1","	1","	B01??(?)","	7.4","	2026-07-23 20:00:04"
"	69BA0CDE","	Chamber1","	1","	B01??(%RH)","	81.3","	2026-07-23 20:00:02"
"	69BA0CDE","	Chamber1","	1","	B01??(?)","	7.4","	2026-07-23 20:00:02"
"	69BA0CDE","	Chamber1","	1","	B01??(%RH)","	81.2","	2026-07-23 20:00:00"
"	69BA0CDE","	Chamber1","	1","	B01??(?)","	7.4","	2026-07-23 20:00:00"
"	69BA0CDE","	Chamber1","	1","	B01??(%RH)","	81.2","	2026-07-23 19:59:58"
"	69BA0CDE","	Chamber1","	1","	B01??(?)","	7.4","	2026-07-23 19:59:58"
"	69BA0CDE","	Chamber1","	1","	B01??(%RH)","	81.2","	2026-07-23 19:59:56"
"	69BA0CDE","	Chamber1","	1","	B01??(?)","	7.4","	2026-07-23 19:59:56"
"	69BA0CDE","	Chamber1","	1","	B01??(%RH)","	81.3","	2026-07-23 19:59:54"
"	69BA0CDE","	Chamber1","	1","	B01??(?)","	7.4","	2026-07-23 19:59:54"
"	69BA0CDE","	Chamber1","	1","	B01??(%RH)","	81.2","	2026-07-23 19:59:52"
"	69BA0CDE","	Chamber1","	1","	B01??(?)","	7.4","	2026-07-23 19:59:52"
"	69BA0CDE","	Chamber1","	1","	B01??(%RH)","	81.2","	2026-07-23 19:59:50"
"	69BA0CDE","	Chamber1","	1","	B01??(?)","	7.4","	2026-07-23 19:59:50"
"	69BA0CDE","	Chamber1","	1","	B01??(%RH)","	81.2","	2026-07-23 19:59:48"
"	69BA0CDE","	Chamber1","	1","	B01??(?)","	7.4","	2026-07-23 19:59:48"
"	69BA0CDE","	Chamber1","	1","	B01??(%RH)","	81.2","	2026-07-23 19:59:46"
"	69BA0CDE","	Chamber1","	1","	B01??(?)","	7.4","	2026-07-23 19:59:46"
"	69BA0CDE","	Chamber1","	1","	B01??(%RH)","	81.2","	2026-07-23 19:59:44"
"	69BA0CDE","	Chamber1","	1","	B01??(?)","	7.4","	2026-07-23 19:59:44"
"	69BA0CDE","	Chamber1","	1","	B01??(%RH)","	81.2","	2026-07-23 19:59:42"
"	69BA0CDE","	Chamber1","	1","	B01??(?)","	7.4","	2026-07-23 19:59:42"
"	69BA0CDE","	Chamber1","	1","	B01??(%RH)","	81.2","	2026-07-23 19:59:39"
"	69BA0CDE","	Chamber1","	1","	B01??(?)","	7.4","	2026-07-23 19:59:39"
"	69BA0CDE","	Chamber1","	1","	B01??(%RH)","	81.1","	2026-07-23 19:59:37"
"	69BA0CDE","	Chamber1","	1","	B01??(?)","	7.4","	2026-07-23 19:59:37"
"	69BA0CDE","	Chamber1","	1","	B01??(%RH)","	81.2","	2026-07-23 19:59:35"
"	69BA0CDE","	Chamber1","	1","	B01??(?)","	7.4","	2026-07-23 19:59:35"
"	69BA0CDE","	Chamber1","	1","	B01??(%RH)","	81.1","	2026-07-23 19:59:33"
"	69BA0CDE","	Chamber1","	1","	B01??(?)","	7.4","	2026-07-23 19:59:33"
"	69BA0CDE","	Chamber1","	1","	B01??(%RH)","	81.1","	2026-07-23 19:59:31"
"	69BA0CDE","	Chamber1","	1","	B01??(?)","	7.4","	2026-07-23 19:59:31"
"	69BA0CDE","	Chamber1","	1","	B01??(%RH)","	81.1","	2026-07-23 19:59:29"
"	69BA0CDE","	Chamber1","	1","	B01??(?)","	7.4","	2026-07-23 19:59:29"
"	69BA0CDE","	Chamber1","	1","	B01??(%RH)","	81.1","	2026-07-23 19:59:27"
"	69BA0CDE","	Chamber1","	1","	B01??(?)","	7.4","	2026-07-23 19:59:27"
"	69BA0CDE","	Chamber1","	1","	B01??(%RH)","	81.1","	2026-07-23 19:59:25"
"	69BA0CDE","	Chamber1","	1","	B01??(?)","	7.4","	2026-07-23 19:59:25"
"	69BA0CDE","	Chamber1","	1","	B01??(%RH)","	81.1","	2026-07-23 19:59:23"
"	69BA0CDE","	Chamber1","	1","	B01??(?)","	7.4","	2026-07-23 19:59:23"
"	69BA0CDE","	Chamber1","	1","	B01??(%RH)","	81.1","	2026-07-23 19:59:21"
"	69BA0CDE","	Chamber1","	1","	B01??(?)","	7.4","	2026-07-23 19:59:21"
"	69BA0CDE","	Chamber1","	1","	B01??(%RH)","	81","	2026-07-23 19:59:19"
"	69BA0CDE","	Chamber1","	1","	B01??(?)","	7.4","	2026-07-23 19:59:19"
"	69BA0CDE","	Chamber1","	1","	B01??(%RH)","	81.1","	2026-07-23 19:59:17"
"	69BA0CDE","	Chamber1","	1","	B01??(?)","	7.4","	2026-07-23 19:59:17"
"	69BA0CDE","	Chamber1","	1","	B01??(%RH)","	81","	2026-07-23 19:59:15"
"	69BA0CDE","	Chamber1","	1","	B01??(?)","	7.4","	2026-07-23 19:59:15"
"	69BA0CDE","	Chamber1","	1","	B01??(%RH)","	81.1","	2026-07-23 19:59:13"
"	69BA0CDE","	Chamber1","	1","	B01??(?)","	7.4","	2026-07-23 19:59:13"
"	69BA0CDE","	Chamber1","	1","	B01??(%RH)","	81","	2026-07-23 19:59:11"
"	69BA0CDE","	Chamber1","	1","	B01??(?)","	7.4","	2026-07-23 19:59:11"
"	69BA0CDE","	Chamber1","	1","	B01??(%RH)","	81","	2026-07-23 19:59:09"
"	69BA0CDE","	Chamber1","	1","	B01??(?)","	7.4","	2026-07-23 19:59:09"
"	69BA0CDE","	Chamber1","	1","	B01??(%RH)","	81","	2026-07-23 19:59:07"
"	69BA0CDE","	Chamber1","	1","	B01??(?)","	7.4","	2026-07-23 19:59:07"
"	69BA0CDE","	Chamber1","	1","	B01??(%RH)","	81","	2026-07-23 19:59:05"
"	69BA0CDE","	Chamber1","	1","	B01??(?)","	7.4","	2026-07-23 19:59:05"
"	69BA0CDE","	Chamber1","	1","	B01??(%RH)","	81","	2026-07-23 19:59:03"
"	69BA0CDE","	Chamber1","	1","	B01??(?)","	7.4","	2026-07-23 19:59:03"
"	69BA0CDE","	Chamber1","	1","	B01??(%RH)","	81","	2026-07-23 19:59:01"
"	69BA0CDE","	Chamber1","	1","	B01??(?)","	7.4","	2026-07-23 19:59:01"
"	69BA0CDE","	Chamber1","	1","	B01??(%RH)","	80.9","	2026-07-23 19:58:59"
"	69BA0CDE","	Chamber1","	1","	B01??(?)","	7.4","	2026-07-23 19:58:59"
"	69BA0CDE","	Chamber1","	1","	B01??(%RH)","	80.9","	2026-07-23 19:58:57"
"	69BA0CDE","	Chamber1","	1","	B01??(?)","	7.4","	2026-07-23 19:58:57"
"	69BA0CDE","	Chamber1","	1","	B01??(%RH)","	80.9","	2026-07-23 19:58:54"
"	69BA0CDE","	Chamber1","	1","	B01??(?)","	7.4","	2026-07-23 19:58:54"
"	69BA0CDE","	Chamber1","	1","	B01??(%RH)","	80.9","	2026-07-23 19:58:52"
"	69BA0CDE","	Chamber1","	1","	B01??(?)","	7.4","	2026-07-23 19:58:52"
"	69BA0CDE","	Chamber1","	1","	B01??(%RH)","	80.9","	2026-07-23 19:58:50"
"	69BA0CDE","	Chamber1","	1","	B01??(?)","	7.4","	2026-07-23 19:58:50"
"	69BA0CDE","	Chamber1","	1","	B01??(%RH)","	80.9","	2026-07-23 19:58:48"
"	69BA0CDE","	Chamber1","	1","	B01??(?)","	7.4","	2026-07-23 19:58:48"
"	69BA0CDE","	Chamber1","	1","	B01??(%RH)","	80.9","	2026-07-23 19:58:46"
"	69BA0CDE","	Chamber1","	1","	B01??(?)","	7.4","	2026-07-23 19:58:46"
"	69BA0CDE","	Chamber1","	1","	B01??(%RH)","	80.9","	2026-07-23 19:58:44"
"	69BA0CDE","	Chamber1","	1","	B01??(?)","	7.4","	2026-07-23 19:58:44"
"	69BA0CDE","	Chamber1","	1","	B01??(%RH)","	80.9","	2026-07-23 19:58:42"
"	69BA0CDE","	Chamber1","	1","	B01??(?)","	7.4","	2026-07-23 19:58:42"
"	69BA0CDE","	Chamber1","	1","	B01??(%RH)","	80.8","	2026-07-23 19:58:40"
"	69BA0CDE","	Chamber1","	1","	B01??(?)","	7.4","	2026-07-23 19:58:40"
"	69BA0CDE","	Chamber1","	1","	B01??(%RH)","	80.9","	2026-07-23 19:58:38"
"	69BA0CDE","	Chamber1","	1","	B01??(?)","	7.4","	2026-07-23 19:58:38"
"	69BA0CDE","	Chamber1","	1","	B01??(%RH)","	80.8","	2026-07-23 19:58:36"
"	69BA0CDE","	Chamber1","	1","	B01??(?)","	7.4","	2026-07-23 19:58:36"
"	69BA0CDE","	Chamber1","	1","	B01??(%RH)","	80.8","	2026-07-23 19:58:34"
"	69BA0CDE","	Chamber1","	1","	B01??(?)","	7.4","	2026-07-23 19:58:34"
"	69BA0CDE","	Chamber1","	1","	B01??(%RH)","	80.8","	2026-07-23 19:58:32"
"	69BA0CDE","	Chamber1","	1","	B01??(?)","	7.4","	2026-07-23 19:58:32"
"	69BA0CDE","	Chamber1","	1","	B01??(%RH)","	80.8","	2026-07-23 19:58:30"
"	69BA0CDE","	Chamber1","	1","	B01??(?)","	7.5","	2026-07-23 19:58:30"
"	69BA0CDE","	Chamber1","	1","	B01??(%RH)","	80.8","	2026-07-23 19:58:28"
"	69BA0CDE","	Chamber1","	1","	B01??(?)","	7.4","	2026-07-23 19:58:28"
"	69BA0CDE","	Chamber1","	1","	B01??(%RH)","	80.8","	2026-07-23 19:58:26"
"	69BA0CDE","	Chamber1","	1","	B01??(?)","	7.4","	2026-07-23 19:58:26"
"	69BA0CDE","	Chamber1","	1","	B01??(%RH)","	80.8","	2026-07-23 19:58:24"
"	69BA0CDE","	Chamber1","	1","	B01??(?)","	7.4","	2026-07-23 19:58:24"
"	69BA0CDE","	Chamber1","	1","	B01??(%RH)","	80.8","	2026-07-23 19:58:22"
"	69BA0CDE","	Chamber1","	1","	B01??(?)","	7.4","	2026-07-23 19:58:22"
"	69BA0CDE","	Chamber1","	1","	B01??(%RH)","	80.7","	2026-07-23 19:58:20"
"	69BA0CDE","	Chamber1","	1","	B01??(?)","	7.4","	2026-07-23 19:58:20"
"	69BA0CDE","	Chamber1","	1","	B01??(%RH)","	80.7","	2026-07-23 19:58:18"
"	69BA0CDE","	Chamber1","	1","	B01??(?)","	7.5","	2026-07-23 19:58:18"
"	69BA0CDE","	Chamber1","	1","	B01??(%RH)","	80.7","	2026-07-23 19:58:16"
"	69BA0CDE","	Chamber1","	1","	B01??(?)","	7.4","	2026-07-23 19:58:16"
"	69BA0CDE","	Chamber1","	1","	B01??(%RH)","	80.7","	2026-07-23 19:58:14"
"	69BA0CDE","	Chamber1","	1","	B01??(?)","	7.5","	2026-07-23 19:58:14"
"	69BA0CDE","	Chamber1","	1","	B01??(%RH)","	80.7","	2026-07-23 19:58:11"
"	69BA0CDE","	Chamber1","	1","	B01??(?)","	7.4","	2026-07-23 19:58:11"
"	69BA0CDE","	Chamber1","	1","	B01??(%RH)","	80.7","	2026-07-23 19:58:09"
"	69BA0CDE","	Chamber1","	1","	B01??(?)","	7.4","	2026-07-23 19:58:09"
"	69BA0CDE","	Chamber1","	1","	B01??(%RH)","	80.7","	2026-07-23 19:58:07"
"	69BA0CDE","	Chamber1","	1","	B01??(?)","	7.4","	2026-07-23 19:58:07"
"	69BA0CDE","	Chamber1","	1","	B01??(%RH)","	80.7","	2026-07-23 19:58:05"
"	69BA0CDE","	Chamber1","	1","	B01??(?)","	7.5","	2026-07-23 19:58:05"
"	69BA0CDE","	Chamber1","	1","	B01??(%RH)","	80.7","	2026-07-23 19:58:03"
"	69BA0CDE","	Chamber1","	1","	B01??(?)","	7.5","	2026-07-23 19:58:03"
"	69BA0CDE","	Chamber1","	1","	B01??(%RH)","	80.6","	2026-07-23 19:58:01"
"	69BA0CDE","	Chamber1","	1","	B01??(?)","	7.4","	2026-07-23 19:58:01"
"	69BA0CDE","	Chamber1","	1","	B01??(%RH)","	80.6","	2026-07-23 19:57:59"
"	69BA0CDE","	Chamber1","	1","	B01??(?)","	7.5","	2026-07-23 19:57:59"
"	69BA0CDE","	Chamber1","	1","	B01??(%RH)","	80.6","	2026-07-23 19:57:57"
"	69BA0CDE","	Chamber1","	1","	B01??(?)","	7.4","	2026-07-23 19:57:57"
"	69BA0CDE","	Chamber1","	1","	B01??(%RH)","	80.6","	2026-07-23 19:57:55"
"	69BA0CDE","	Chamber1","	1","	B01??(?)","	7.4","	2026-07-23 19:57:55"
"	69BA0CDE","	Chamber1","	1","	B01??(%RH)","	80.6","	2026-07-23 19:57:53"
"	69BA0CDE","	Chamber1","	1","	B01??(?)","	7.4","	2026-07-23 19:57:53"
"	69BA0CDE","	Chamber1","	1","	B01??(%RH)","	80.6","	2026-07-23 19:57:51"
"	69BA0CDE","	Chamber1","	1","	B01??(?)","	7.5","	2026-07-23 19:57:51"
"	69BA0CDE","	Chamber1","	1","	B01??(%RH)","	80.6","	2026-07-23 19:57:49"
"	69BA0CDE","	Chamber1","	1","	B01??(?)","	7.4","	2026-07-23 19:57:49"
"	69BA0CDE","	Chamber1","	1","	B01??(%RH)","	80.6","	2026-07-23 19:57:47"
"	69BA0CDE","	Chamber1","	1","	B01??(?)","	7.4","	2026-07-23 19:57:47"
"	69BA0CDE","	Chamber1","	1","	B01??(%RH)","	80.6","	2026-07-23 19:57:45"
"	69BA0CDE","	Chamber1","	1","	B01??(?)","	7.4","	2026-07-23 19:57:45"
"	69BA0CDE","	Chamber1","	1","	B01??(%RH)","	80.6","	2026-07-23 19:57:43"
"	69BA0CDE","	Chamber1","	1","	B01??(?)","	7.4","	2026-07-23 19:57:43"
"	69BA0CDE","	Chamber1","	1","	B01??(%RH)","	80.6","	2026-07-23 19:57:41"
"	69BA0CDE","	Chamber1","	1","	B01??(?)","	7.4","	2026-07-23 19:57:41"
"	69BA0CDE","	Chamber1","	1","	B01??(%RH)","	80.6","	2026-07-23 19:57:39"
"	69BA0CDE","	Chamber1","	1","	B01??(?)","	7.4","	2026-07-23 19:57:39"
"	69BA0CDE","	Chamber1","	1","	B01??(%RH)","	80.5","	2026-07-23 19:57:37"
"	69BA0CDE","	Chamber1","	1","	B01??(?)","	7.4","	2026-07-23 19:57:37"
"	69BA0CDE","	Chamber1","	1","	B01??(%RH)","	80.5","	2026-07-23 19:57:35"
"	69BA0CDE","	Chamber1","	1","	B01??(?)","	7.5","	2026-07-23 19:57:35"
"	69BA0CDE","	Chamber1","	1","	B01??(%RH)","	80.5","	2026-07-23 19:57:33"
"	69BA0CDE","	Chamber1","	1","	B01??(?)","	7.5","	2026-07-23 19:57:33"
"	69BA0CDE","	Chamber1","	1","	B01??(%RH)","	80.5","	2026-07-23 19:57:31"
"	69BA0CDE","	Chamber1","	1","	B01??(?)","	7.5","	2026-07-23 19:57:31"
"	69BA0CDE","	Chamber1","	1","	B01??(%RH)","	80.5","	2026-07-23 19:57:29"
"	69BA0CDE","	Chamber1","	1","	B01??(?)","	7.5","	2026-07-23 19:57:29"
"	69BA0CDE","	Chamber1","	1","	B01??(%RH)","	80.5","	2026-07-23 19:57:26"
"	69BA0CDE","	Chamber1","	1","	B01??(?)","	7.5","	2026-07-23 19:57:26"
"	69BA0CDE","	Chamber1","	1","	B01??(%RH)","	80.4","	2026-07-23 19:57:24"
"	69BA0CDE","	Chamber1","	1","	B01??(?)","	7.5","	2026-07-23 19:57:24"
"	69BA0CDE","	Chamber1","	1","	B01??(%RH)","	80.5","	2026-07-23 19:57:22"
"	69BA0CDE","	Chamber1","	1","	B01??(?)","	7.5","	2026-07-23 19:57:22"
"	69BA0CDE","	Chamber1","	1","	B01??(%RH)","	80.4","	2026-07-23 19:57:20"
"	69BA0CDE","	Chamber1","	1","	B01??(?)","	7.4","	2026-07-23 19:57:20"
"	69BA0CDE","	Chamber1","	1","	B01??(%RH)","	80.4","	2026-07-23 19:57:18"
"	69BA0CDE","	Chamber1","	1","	B01??(?)","	7.5","	2026-07-23 19:57:18"
"	69BA0CDE","	Chamber1","	1","	B01??(%RH)","	80.4","	2026-07-23 19:57:16"
"	69BA0CDE","	Chamber1","	1","	B01??(?)","	7.4","	2026-07-23 19:57:16"
"	69BA0CDE","	Chamber1","	1","	B01??(%RH)","	80.5","	2026-07-23 19:57:14"
"	69BA0CDE","	Chamber1","	1","	B01??(?)","	7.5","	2026-07-23 19:57:14"
"	69BA0CDE","	Chamber1","	1","	B01??(%RH)","	80.4","	2026-07-23 19:57:12"
"	69BA0CDE","	Chamber1","	1","	B01??(?)","	7.5","	2026-07-23 19:57:12"
"	69BA0CDE","	Chamber1","	1","	B01??(%RH)","	80.4","	2026-07-23 19:57:10"
"	69BA0CDE","	Chamber1","	1","	B01??(?)","	7.5","	2026-07-23 19:57:10"
"	69BA0CDE","	Chamber1","	1","	B01??(%RH)","	80.4","	2026-07-23 19:57:08"
"	69BA0CDE","	Chamber1","	1","	B01??(?)","	7.5","	2026-07-23 19:57:08"
"	69BA0CDE","	Chamber1","	1","	B01??(%RH)","	80.4","	2026-07-23 19:57:06"
"	69BA0CDE","	Chamber1","	1","	B01??(?)","	7.5","	2026-07-23 19:57:06"
"	69BA0CDE","	Chamber1","	1","	B01??(%RH)","	80.4","	2026-07-23 19:57:04"
"	69BA0CDE","	Chamber1","	1","	B01??(?)","	7.5","	2026-07-23 19:57:04"
"	69BA0CDE","	Chamber1","	1","	B01??(%RH)","	80.4","	2026-07-23 19:57:02"
"	69BA0CDE","	Chamber1","	1","	B01??(?)","	7.5","	2026-07-23 19:57:02"
"	69BA0CDE","	Chamber1","	1","	B01??(%RH)","	80.4","	2026-07-23 19:57:00"
"	69BA0CDE","	Chamber1","	1","	B01??(?)","	7.4","	2026-07-23 19:57:00"
"	69BA0CDE","	Chamber1","	1","	B01??(%RH)","	80.4","	2026-07-23 19:56:58"
"	69BA0CDE","	Chamber1","	1","	B01??(?)","	7.5","	2026-07-23 19:56:58"
"	69BA0CDE","	Chamber1","	1","	B01??(%RH)","	80.4","	2026-07-23 19:56:56"
"	69BA0CDE","	Chamber1","	1","	B01??(?)","	7.5","	2026-07-23 19:56:56"
"	69BA0CDE","	Chamber1","	1","	B01??(%RH)","	80.4","	2026-07-23 19:56:54"
"	69BA0CDE","	Chamber1","	1","	B01??(?)","	7.5","	2026-07-23 19:56:54"
"	69BA0CDE","	Chamber1","	1","	B01??(%RH)","	80.4","	2026-07-23 19:56:52"
"	69BA0CDE","	Chamber1","	1","	B01??(?)","	7.5","	2026-07-23 19:56:52"
"	69BA0CDE","	Chamber1","	1","	B01??(%RH)","	80.3","	2026-07-23 19:56:50"
"	69BA0CDE","	Chamber1","	1","	B01??(?)","	7.5","	2026-07-23 19:56:50"
"	69BA0CDE","	Chamber1","	1","	B01??(%RH)","	80.3","	2026-07-23 19:56:48"
"	69BA0CDE","	Chamber1","	1","	B01??(?)","	7.5","	2026-07-23 19:56:48"
"	69BA0CDE","	Chamber1","	1","	B01??(%RH)","	80.3","	2026-07-23 19:56:46"
"	69BA0CDE","	Chamber1","	1","	B01??(?)","	7.5","	2026-07-23 19:56:46"
"	69BA0CDE","	Chamber1","	1","	B01??(%RH)","	80.3","	2026-07-23 19:56:44"
"	69BA0CDE","	Chamber1","	1","	B01??(?)","	7.5","	2026-07-23 19:56:44"
"	69BA0CDE","	Chamber1","	1","	B01??(%RH)","	80.3","	2026-07-23 19:56:41"
"	69BA0CDE","	Chamber1","	1","	B01??(?)","	7.5","	2026-07-23 19:56:41"
"	69BA0CDE","	Chamber1","	1","	B01??(%RH)","	80.3","	2026-07-23 19:56:39"
"	69BA0CDE","	Chamber1","	1","	B01??(?)","	7.5","	2026-07-23 19:56:39"
"	69BA0CDE","	Chamber1","	1","	B01??(%RH)","	80.3","	2026-07-23 19:56:37"
"	69BA0CDE","	Chamber1","	1","	B01??(?)","	7.5","	2026-07-23 19:56:37"
"	69BA0CDE","	Chamber1","	1","	B01??(%RH)","	80.3","	2026-07-23 19:56:35"
"	69BA0CDE","	Chamber1","	1","	B01??(?)","	7.5","	2026-07-23 19:56:35"
"	69BA0CDE","	Chamber1","	1","	B01??(%RH)","	80.3","	2026-07-23 19:56:33"
"	69BA0CDE","	Chamber1","	1","	B01??(?)","	7.5","	2026-07-23 19:56:33"
"	69BA0CDE","	Chamber1","	1","	B01??(%RH)","	80.3","	2026-07-23 19:56:31"
"	69BA0CDE","	Chamber1","	1","	B01??(?)","	7.5","	2026-07-23 19:56:31"
"	69BA0CDE","	Chamber1","	1","	B01??(%RH)","	80.2","	2026-07-23 19:56:29"
"	69BA0CDE","	Chamber1","	1","	B01??(?)","	7.5","	2026-07-23 19:56:29"
"	69BA0CDE","	Chamber1","	1","	B01??(%RH)","	80.2","	2026-07-23 19:56:27"
"	69BA0CDE","	Chamber1","	1","	B01??(?)","	7.5","	2026-07-23 19:56:27"
"	69BA0CDE","	Chamber1","	1","	B01??(%RH)","	80.2","	2026-07-23 19:56:25"
"	69BA0CDE","	Chamber1","	1","	B01??(?)","	7.5","	2026-07-23 19:56:25"
"	69BA0CDE","	Chamber1","	1","	B01??(%RH)","	80.2","	2026-07-23 19:56:23"
"	69BA0CDE","	Chamber1","	1","	B01??(?)","	7.5","	2026-07-23 19:56:23"
"	69BA0CDE","	Chamber1","	1","	B01??(%RH)","	80.2","	2026-07-23 19:56:21"
"	69BA0CDE","	Chamber1","	1","	B01??(?)","	7.5","	2026-07-23 19:56:21"
"	69BA0CDE","	Chamber1","	1","	B01??(%RH)","	80.2","	2026-07-23 19:56:19"
"	69BA0CDE","	Chamber1","	1","	B01??(?)","	7.5","	2026-07-23 19:56:19"
"	69BA0CDE","	Chamber1","	1","	B01??(%RH)","	80.2","	2026-07-23 19:56:17"
"	69BA0CDE","	Chamber1","	1","	B01??(?)","	7.5","	2026-07-23 19:56:17"
"	69BA0CDE","	Chamber1","	1","	B01??(%RH)","	80.2","	2026-07-23 19:56:15"
"	69BA0CDE","	Chamber1","	1","	B01??(?)","	7.5","	2026-07-23 19:56:15"
"	69BA0CDE","	Chamber1","	1","	B01??(%RH)","	80.2","	2026-07-23 19:56:13"
"	69BA0CDE","	Chamber1","	1","	B01??(?)","	7.5","	2026-07-23 19:56:13"
"	69BA0CDE","	Chamber1","	1","	B01??(%RH)","	80.2","	2026-07-23 19:56:11"
"	69BA0CDE","	Chamber1","	1","	B01??(?)","	7.5","	2026-07-23 19:56:11"
"	69BA0CDE","	Chamber1","	1","	B01??(%RH)","	80.2","	2026-07-23 19:56:09"
"	69BA0CDE","	Chamber1","	1","	B01??(?)","	7.5","	2026-07-23 19:56:09"
"	69BA0CDE","	Chamber1","	1","	B01??(%RH)","	80.2","	2026-07-23 19:56:07"
"	69BA0CDE","	Chamber1","	1","	B01??(?)","	7.5","	2026-07-23 19:56:07"
"	69BA0CDE","	Chamber1","	1","	B01??(%RH)","	80.2","	2026-07-23 19:56:05"
"	69BA0CDE","	Chamber1","	1","	B01??(?)","	7.5","	2026-07-23 19:56:05"
"	69BA0CDE","	Chamber1","	1","	B01??(%RH)","	80.2","	2026-07-23 19:56:03"
"	69BA0CDE","	Chamber1","	1","	B01??(?)","	7.5","	2026-07-23 19:56:03"
"	69BA0CDE","	Chamber1","	1","	B01??(%RH)","	80.1","	2026-07-23 19:56:01"
"	69BA0CDE","	Chamber1","	1","	B01??(?)","	7.5","	2026-07-23 19:56:01"
"	69BA0CDE","	Chamber1","	1","	B01??(%RH)","	80.1","	2026-07-23 19:55:58"
"	69BA0CDE","	Chamber1","	1","	B01??(?)","	7.5","	2026-07-23 19:55:58"
"	69BA0CDE","	Chamber1","	1","	B01??(%RH)","	80.1","	2026-07-23 19:55:56"
"	69BA0CDE","	Chamber1","	1","	B01??(?)","	7.5","	2026-07-23 19:55:56"
"	69BA0CDE","	Chamber1","	1","	B01??(%RH)","	80.1","	2026-07-23 19:55:54"
"	69BA0CDE","	Chamber1","	1","	B01??(?)","	7.5","	2026-07-23 19:55:54"
"	69BA0CDE","	Chamber1","	1","	B01??(%RH)","	80.1","	2026-07-23 19:55:52"
"	69BA0CDE","	Chamber1","	1","	B01??(?)","	7.5","	2026-07-23 19:55:52"
"	69BA0CDE","	Chamber1","	1","	B01??(%RH)","	80.1","	2026-07-23 19:55:50"
"	69BA0CDE","	Chamber1","	1","	B01??(?)","	7.5","	2026-07-23 19:55:50"
"	69BA0CDE","	Chamber1","	1","	B01??(%RH)","	80.1","	2026-07-23 19:55:48"
"	69BA0CDE","	Chamber1","	1","	B01??(?)","	7.5","	2026-07-23 19:55:48"
"	69BA0CDE","	Chamber1","	1","	B01??(%RH)","	80","	2026-07-23 19:55:46"
"	69BA0CDE","	Chamber1","	1","	B01??(?)","	7.5","	2026-07-23 19:55:46"
"	69BA0CDE","	Chamber1","	1","	B01??(%RH)","	80.1","	2026-07-23 19:55:44"
"	69BA0CDE","	Chamber1","	1","	B01??(?)","	7.5","	2026-07-23 19:55:44"
"	69BA0CDE","	Chamber1","	1","	B01??(%RH)","	80","	2026-07-23 19:55:42"
"	69BA0CDE","	Chamber1","	1","	B01??(?)","	7.5","	2026-07-23 19:55:42"
"	69BA0CDE","	Chamber1","	1","	B01??(%RH)","	80","	2026-07-23 19:55:40"
"	69BA0CDE","	Chamber1","	1","	B01??(?)","	7.5","	2026-07-23 19:55:40"
"	69BA0CDE","	Chamber1","	1","	B01??(%RH)","	80","	2026-07-23 19:55:38"
"	69BA0CDE","	Chamber1","	1","	B01??(?)","	7.5","	2026-07-23 19:55:38"
"	69BA0CDE","	Chamber1","	1","	B01??(%RH)","	80","	2026-07-23 19:55:36"
"	69BA0CDE","	Chamber1","	1","	B01??(?)","	7.5","	2026-07-23 19:55:36"
"	69BA0CDE","	Chamber1","	1","	B01??(%RH)","	80","	2026-07-23 19:55:34"
"	69BA0CDE","	Chamber1","	1","	B01??(?)","	7.5","	2026-07-23 19:55:34"
"	69BA0CDE","	Chamber1","	1","	B01??(%RH)","	80","	2026-07-23 19:55:32"
"	69BA0CDE","	Chamber1","	1","	B01??(?)","	7.5","	2026-07-23 19:55:32"
"	69BA0CDE","	Chamber1","	1","	B01??(%RH)","	80","	2026-07-23 19:55:30"
"	69BA0CDE","	Chamber1","	1","	B01??(?)","	7.5","	2026-07-23 19:55:30"
"	69BA0CDE","	Chamber1","	1","	B01??(%RH)","	80","	2026-07-23 19:55:28"
"	69BA0CDE","	Chamber1","	1","	B01??(?)","	7.5","	2026-07-23 19:55:28"
"	69BA0CDE","	Chamber1","	1","	B01??(%RH)","	79.9","	2026-07-23 19:55:26"
"	69BA0CDE","	Chamber1","	1","	B01??(?)","	7.5","	2026-07-23 19:55:26"
"	69BA0CDE","	Chamber1","	1","	B01??(%RH)","	79.9","	2026-07-23 19:55:24"
"	69BA0CDE","	Chamber1","	1","	B01??(?)","	7.5","	2026-07-23 19:55:24"
"	69BA0CDE","	Chamber1","	1","	B01??(%RH)","	79.9","	2026-07-23 19:55:22"
"	69BA0CDE","	Chamber1","	1","	B01??(?)","	7.5","	2026-07-23 19:55:22"
"	69BA0CDE","	Chamber1","	1","	B01??(%RH)","	79.9","	2026-07-23 19:55:20"
"	69BA0CDE","	Chamber1","	1","	B01??(?)","	7.5","	2026-07-23 19:55:20"
"	69BA0CDE","	Chamber1","	1","	B01??(%RH)","	79.9","	2026-07-23 19:55:18"
"	69BA0CDE","	Chamber1","	1","	B01??(?)","	7.5","	2026-07-23 19:55:18"
"	69BA0CDE","	Chamber1","	1","	B01??(%RH)","	79.9","	2026-07-23 19:55:16"
"	69BA0CDE","	Chamber1","	1","	B01??(?)","	7.5","	2026-07-23 19:55:16"
"	69BA0CDE","	Chamber1","	1","	B01??(%RH)","	79.9","	2026-07-23 19:55:13"
"	69BA0CDE","	Chamber1","	1","	B01??(?)","	7.6","	2026-07-23 19:55:13"
"	69BA0CDE","	Chamber1","	1","	B01??(%RH)","	79.9","	2026-07-23 19:55:11"
"	69BA0CDE","	Chamber1","	1","	B01??(?)","	7.5","	2026-07-23 19:55:11"
"	69BA0CDE","	Chamber1","	1","	B01??(%RH)","	79.9","	2026-07-23 19:55:09"
"	69BA0CDE","	Chamber1","	1","	B01??(?)","	7.5","	2026-07-23 19:55:09"
"	69BA0CDE","	Chamber1","	1","	B01??(%RH)","	79.9","	2026-07-23 19:55:07"
"	69BA0CDE","	Chamber1","	1","	B01??(?)","	7.5","	2026-07-23 19:55:07"
"	69BA0CDE","	Chamber1","	1","	B01??(%RH)","	79.8","	2026-07-23 19:55:05"
"	69BA0CDE","	Chamber1","	1","	B01??(?)","	7.5","	2026-07-23 19:55:05"
"	69BA0CDE","	Chamber1","	1","	B01??(%RH)","	79.9","	2026-07-23 19:55:03"
"	69BA0CDE","	Chamber1","	1","	B01??(?)","	7.5","	2026-07-23 19:55:03"
"	69BA0CDE","	Chamber1","	1","	B01??(%RH)","	79.9","	2026-07-23 19:55:01"
"	69BA0CDE","	Chamber1","	1","	B01??(?)","	7.5","	2026-07-23 19:55:01"
"	69BA0CDE","	Chamber1","	1","	B01??(%RH)","	79.9","	2026-07-23 19:54:59"
"	69BA0CDE","	Chamber1","	1","	B01??(?)","	7.5","	2026-07-23 19:54:59"
"	69BA0CDE","	Chamber1","	1","	B01??(%RH)","	79.9","	2026-07-23 19:54:57"
"	69BA0CDE","	Chamber1","	1","	B01??(?)","	7.5","	2026-07-23 19:54:57"
"	69BA0CDE","	Chamber1","	1","	B01??(%RH)","	79.8","	2026-07-23 19:54:55"
"	69BA0CDE","	Chamber1","	1","	B01??(?)","	7.5","	2026-07-23 19:54:55"
"	69BA0CDE","	Chamber1","	1","	B01??(%RH)","	79.8","	2026-07-23 19:54:53"
"	69BA0CDE","	Chamber1","	1","	B01??(?)","	7.5","	2026-07-23 19:54:53"
"	69BA0CDE","	Chamber1","	1","	B01??(%RH)","	79.8","	2026-07-23 19:54:51"
"	69BA0CDE","	Chamber1","	1","	B01??(?)","	7.5","	2026-07-23 19:54:51"
"	69BA0CDE","	Chamber1","	1","	B01??(%RH)","	79.8","	2026-07-23 19:54:49"
"	69BA0CDE","	Chamber1","	1","	B01??(?)","	7.5","	2026-07-23 19:54:49"
"	69BA0CDE","	Chamber1","	1","	B01??(%RH)","	79.8","	2026-07-23 19:54:47"
"	69BA0CDE","	Chamber1","	1","	B01??(?)","	7.6","	2026-07-23 19:54:47"
"	69BA0CDE","	Chamber1","	1","	B01??(%RH)","	79.8","	2026-07-23 19:54:45"
"	69BA0CDE","	Chamber1","	1","	B01??(?)","	7.5","	2026-07-23 19:54:45"
"	69BA0CDE","	Chamber1","	1","	B01??(%RH)","	79.8","	2026-07-23 19:54:43"
"	69BA0CDE","	Chamber1","	1","	B01??(?)","	7.6","	2026-07-23 19:54:43"
"	69BA0CDE","	Chamber1","	1","	B01??(%RH)","	79.7","	2026-07-23 19:54:41"
"	69BA0CDE","	Chamber1","	1","	B01??(?)","	7.6","	2026-07-23 19:54:41"
"	69BA0CDE","	Chamber1","	1","	B01??(%RH)","	79.8","	2026-07-23 19:54:39"
"	69BA0CDE","	Chamber1","	1","	B01??(?)","	7.5","	2026-07-23 19:54:39"
"	69BA0CDE","	Chamber1","	1","	B01??(%RH)","	79.7","	2026-07-23 19:54:37"
"	69BA0CDE","	Chamber1","	1","	B01??(?)","	7.5","	2026-07-23 19:54:37"
"	69BA0CDE","	Chamber1","	1","	B01??(%RH)","	79.7","	2026-07-23 19:54:35"
"	69BA0CDE","	Chamber1","	1","	B01??(?)","	7.5","	2026-07-23 19:54:35"
"	69BA0CDE","	Chamber1","	1","	B01??(%RH)","	79.7","	2026-07-23 19:54:33"
"	69BA0CDE","	Chamber1","	1","	B01??(?)","	7.5","	2026-07-23 19:54:33"
"	69BA0CDE","	Chamber1","	1","	B01??(%RH)","	79.7","	2026-07-23 19:54:31"
"	69BA0CDE","	Chamber1","	1","	B01??(?)","	7.5","	2026-07-23 19:54:31"
"	69BA0CDE","	Chamber1","	1","	B01??(%RH)","	79.7","	2026-07-23 19:54:28"
"	69BA0CDE","	Chamber1","	1","	B01??(?)","	7.5","	2026-07-23 19:54:28"
"	69BA0CDE","	Chamber1","	1","	B01??(%RH)","	79.7","	2026-07-23 19:54:26"
"	69BA0CDE","	Chamber1","	1","	B01??(?)","	7.5","	2026-07-23 19:54:26"
"	69BA0CDE","	Chamber1","	1","	B01??(%RH)","	79.7","	2026-07-23 19:54:24"
"	69BA0CDE","	Chamber1","	1","	B01??(?)","	7.6","	2026-07-23 19:54:24"
"	69BA0CDE","	Chamber1","	1","	B01??(%RH)","	79.7","	2026-07-23 19:54:22"
"	69BA0CDE","	Chamber1","	1","	B01??(?)","	7.5","	2026-07-23 19:54:22"
"	69BA0CDE","	Chamber1","	1","	B01??(%RH)","	79.7","	2026-07-23 19:54:20"
"	69BA0CDE","	Chamber1","	1","	B01??(?)","	7.5","	2026-07-23 19:54:20"
"	69BA0CDE","	Chamber1","	1","	B01??(%RH)","	79.7","	2026-07-23 19:54:18"
"	69BA0CDE","	Chamber1","	1","	B01??(?)","	7.6","	2026-07-23 19:54:18"
"	69BA0CDE","	Chamber1","	1","	B01??(%RH)","	79.7","	2026-07-23 19:54:16"
"	69BA0CDE","	Chamber1","	1","	B01??(?)","	7.6","	2026-07-23 19:54:16"
"	69BA0CDE","	Chamber1","	1","	B01??(%RH)","	79.6","	2026-07-23 19:54:14"
"	69BA0CDE","	Chamber1","	1","	B01??(?)","	7.6","	2026-07-23 19:54:14"
"	69BA0CDE","	Chamber1","	1","	B01??(%RH)","	79.7","	2026-07-23 19:54:12"
"	69BA0CDE","	Chamber1","	1","	B01??(?)","	7.6","	2026-07-23 19:54:12"
"	69BA0CDE","	Chamber1","	1","	B01??(%RH)","	79.6","	2026-07-23 19:54:10"
"	69BA0CDE","	Chamber1","	1","	B01??(?)","	7.6","	2026-07-23 19:54:10"
"	69BA0CDE","	Chamber1","	1","	B01??(%RH)","	79.6","	2026-07-23 19:54:08"
"	69BA0CDE","	Chamber1","	1","	B01??(?)","	7.6","	2026-07-23 19:54:08"
"	69BA0CDE","	Chamber1","	1","	B01??(%RH)","	79.6","	2026-07-23 19:54:06"
"	69BA0CDE","	Chamber1","	1","	B01??(?)","	7.6","	2026-07-23 19:54:06"
"	69BA0CDE","	Chamber1","	1","	B01??(%RH)","	79.6","	2026-07-23 19:54:04"
"	69BA0CDE","	Chamber1","	1","	B01??(?)","	7.6","	2026-07-23 19:54:04"
"	69BA0CDE","	Chamber1","	1","	B01??(%RH)","	79.6","	2026-07-23 19:54:02"
"	69BA0CDE","	Chamber1","	1","	B01??(?)","	7.6","	2026-07-23 19:54:02"
"	69BA0CDE","	Chamber1","	1","	B01??(%RH)","	79.6","	2026-07-23 19:54:00"
"	69BA0CDE","	Chamber1","	1","	B01??(?)","	7.6","	2026-07-23 19:54:00"
"	69BA0CDE","	Chamber1","	1","	B01??(%RH)","	79.6","	2026-07-23 19:53:58"
"	69BA0CDE","	Chamber1","	1","	B01??(?)","	7.6","	2026-07-23 19:53:58"
"	69BA0CDE","	Chamber1","	1","	B01??(%RH)","	79.6","	2026-07-23 19:53:56"
"	69BA0CDE","	Chamber1","	1","	B01??(?)","	7.6","	2026-07-23 19:53:56"
"	69BA0CDE","	Chamber1","	1","	B01??(%RH)","	79.6","	2026-07-23 19:53:54"
"	69BA0CDE","	Chamber1","	1","	B01??(?)","	7.6","	2026-07-23 19:53:54"
"	69BA0CDE","	Chamber1","	1","	B01??(%RH)","	79.6","	2026-07-23 19:53:52"
"	69BA0CDE","	Chamber1","	1","	B01??(?)","	7.6","	2026-07-23 19:53:52"
"	69BA0CDE","	Chamber1","	1","	B01??(%RH)","	79.5","	2026-07-23 19:53:50"
"	69BA0CDE","	Chamber1","	1","	B01??(?)","	7.6","	2026-07-23 19:53:50"
"	69BA0CDE","	Chamber1","	1","	B01??(%RH)","	79.6","	2026-07-23 19:53:48"
"	69BA0CDE","	Chamber1","	1","	B01??(?)","	7.6","	2026-07-23 19:53:48"
"	69BA0CDE","	Chamber1","	1","	B01??(%RH)","	79.5","	2026-07-23 19:53:46"
"	69BA0CDE","	Chamber1","	1","	B01??(?)","	7.6","	2026-07-23 19:53:46"
"	69BA0CDE","	Chamber1","	1","	B01??(%RH)","	79.5","	2026-07-23 19:53:43"
"	69BA0CDE","	Chamber1","	1","	B01??(?)","	7.6","	2026-07-23 19:53:43"
"	69BA0CDE","	Chamber1","	1","	B01??(%RH)","	79.5","	2026-07-23 19:53:41"
"	69BA0CDE","	Chamber1","	1","	B01??(?)","	7.6","	2026-07-23 19:53:41"
"	69BA0CDE","	Chamber1","	1","	B01??(%RH)","	79.5","	2026-07-23 19:53:39"
"	69BA0CDE","	Chamber1","	1","	B01??(?)","	7.6","	2026-07-23 19:53:39"
"	69BA0CDE","	Chamber1","	1","	B01??(%RH)","	79.5","	2026-07-23 19:53:37"
"	69BA0CDE","	Chamber1","	1","	B01??(?)","	7.6","	2026-07-23 19:53:37"
"	69BA0CDE","	Chamber1","	1","	B01??(%RH)","	79.5","	2026-07-23 19:53:35"
"	69BA0CDE","	Chamber1","	1","	B01??(?)","	7.6","	2026-07-23 19:53:35"
"	69BA0CDE","	Chamber1","	1","	B01??(%RH)","	79.5","	2026-07-23 19:53:33"
"	69BA0CDE","	Chamber1","	1","	B01??(?)","	7.6","	2026-07-23 19:53:33"
"	69BA0CDE","	Chamber1","	1","	B01??(%RH)","	79.5","	2026-07-23 19:53:31"
"	69BA0CDE","	Chamber1","	1","	B01??(?)","	7.6","	2026-07-23 19:53:31"
"	69BA0CDE","	Chamber1","	1","	B01??(%RH)","	79.5","	2026-07-23 19:53:29"
"	69BA0CDE","	Chamber1","	1","	B01??(?)","	7.6","	2026-07-23 19:53:29"
"	69BA0CDE","	Chamber1","	1","	B01??(%RH)","	79.5","	2026-07-23 19:53:27"
"	69BA0CDE","	Chamber1","	1","	B01??(?)","	7.6","	2026-07-23 19:53:27"
"	69BA0CDE","	Chamber1","	1","	B01??(%RH)","	79.5","	2026-07-23 19:53:25"
"	69BA0CDE","	Chamber1","	1","	B01??(?)","	7.6","	2026-07-23 19:53:25"
"	69BA0CDE","	Chamber1","	1","	B01??(%RH)","	79.5","	2026-07-23 19:53:23"
"	69BA0CDE","	Chamber1","	1","	B01??(?)","	7.6","	2026-07-23 19:53:23"
"	69BA0CDE","	Chamber1","	1","	B01??(%RH)","	79.4","	2026-07-23 19:53:21"
"	69BA0CDE","	Chamber1","	1","	B01??(?)","	7.6","	2026-07-23 19:53:21"
"	69BA0CDE","	Chamber1","	1","	B01??(%RH)","	79.5","	2026-07-23 19:53:19"
"	69BA0CDE","	Chamber1","	1","	B01??(?)","	7.6","	2026-07-23 19:53:19"
"	69BA0CDE","	Chamber1","	1","	B01??(%RH)","	79.4","	2026-07-23 19:53:17"
"	69BA0CDE","	Chamber1","	1","	B01??(?)","	7.6","	2026-07-23 19:53:17"
"	69BA0CDE","	Chamber1","	1","	B01??(%RH)","	79.4","	2026-07-23 19:53:15"
"	69BA0CDE","	Chamber1","	1","	B01??(?)","	7.6","	2026-07-23 19:53:15"
"	69BA0CDE","	Chamber1","	1","	B01??(%RH)","	79.4","	2026-07-23 19:53:13"
"	69BA0CDE","	Chamber1","	1","	B01??(?)","	7.6","	2026-07-23 19:53:13"
"	69BA0CDE","	Chamber1","	1","	B01??(%RH)","	79.4","	2026-07-23 19:53:11"
"	69BA0CDE","	Chamber1","	1","	B01??(?)","	7.6","	2026-07-23 19:53:11"
"	69BA0CDE","	Chamber1","	1","	B01??(%RH)","	79.4","	2026-07-23 19:53:09"
"	69BA0CDE","	Chamber1","	1","	B01??(?)","	7.6","	2026-07-23 19:53:09"
"	69BA0CDE","	Chamber1","	1","	B01??(%RH)","	79.4","	2026-07-23 19:53:07"
"	69BA0CDE","	Chamber1","	1","	B01??(?)","	7.6","	2026-07-23 19:53:07"
"	69BA0CDE","	Chamber1","	1","	B01??(%RH)","	79.4","	2026-07-23 19:53:05"
"	69BA0CDE","	Chamber1","	1","	B01??(?)","	7.6","	2026-07-23 19:53:05"
"	69BA0CDE","	Chamber1","	1","	B01??(%RH)","	79.4","	2026-07-23 19:53:03"
"	69BA0CDE","	Chamber1","	1","	B01??(?)","	7.6","	2026-07-23 19:53:03"
"	69BA0CDE","	Chamber1","	1","	B01??(%RH)","	79.4","	2026-07-23 19:53:00"
"	69BA0CDE","	Chamber1","	1","	B01??(?)","	7.6","	2026-07-23 19:53:00"
"	69BA0CDE","	Chamber1","	1","	B01??(%RH)","	79.3","	2026-07-23 19:52:58"
"	69BA0CDE","	Chamber1","	1","	B01??(?)","	7.6","	2026-07-23 19:52:58"
"	69BA0CDE","	Chamber1","	1","	B01??(%RH)","	79.3","	2026-07-23 19:52:56"
"	69BA0CDE","	Chamber1","	1","	B01??(?)","	7.6","	2026-07-23 19:52:56"
"	69BA0CDE","	Chamber1","	1","	B01??(%RH)","	79.3","	2026-07-23 19:52:54"
"	69BA0CDE","	Chamber1","	1","	B01??(?)","	7.6","	2026-07-23 19:52:54"
"	69BA0CDE","	Chamber1","	1","	B01??(%RH)","	79.3","	2026-07-23 19:52:52"
"	69BA0CDE","	Chamber1","	1","	B01??(?)","	7.6","	2026-07-23 19:52:52"
"	69BA0CDE","	Chamber1","	1","	B01??(%RH)","	79.3","	2026-07-23 19:52:50"
"	69BA0CDE","	Chamber1","	1","	B01??(?)","	7.6","	2026-07-23 19:52:50"
"	69BA0CDE","	Chamber1","	1","	B01??(%RH)","	79.3","	2026-07-23 19:52:48"
"	69BA0CDE","	Chamber1","	1","	B01??(?)","	7.6","	2026-07-23 19:52:48"
"	69BA0CDE","	Chamber1","	1","	B01??(%RH)","	79.3","	2026-07-23 19:52:46"
"	69BA0CDE","	Chamber1","	1","	B01??(?)","	7.6","	2026-07-23 19:52:46"
"	69BA0CDE","	Chamber1","	1","	B01??(%RH)","	79.3","	2026-07-23 19:52:44"
"	69BA0CDE","	Chamber1","	1","	B01??(?)","	7.7","	2026-07-23 19:52:44"
"	69BA0CDE","	Chamber1","	1","	B01??(%RH)","	79.3","	2026-07-23 19:52:42"
"	69BA0CDE","	Chamber1","	1","	B01??(?)","	7.6","	2026-07-23 19:52:42"
"	69BA0CDE","	Chamber1","	1","	B01??(%RH)","	79.3","	2026-07-23 19:52:40"
"	69BA0CDE","	Chamber1","	1","	B01??(?)","	7.6","	2026-07-23 19:52:40"
"	69BA0CDE","	Chamber1","	1","	B01??(%RH)","	79.3","	2026-07-23 19:52:38"
"	69BA0CDE","	Chamber1","	1","	B01??(?)","	7.6","	2026-07-23 19:52:38"
"	69BA0CDE","	Chamber1","	1","	B01??(%RH)","	79.3","	2026-07-23 19:52:36"
"	69BA0CDE","	Chamber1","	1","	B01??(?)","	7.6","	2026-07-23 19:52:36"
"	69BA0CDE","	Chamber1","	1","	B01??(%RH)","	79.3","	2026-07-23 19:52:34"
"	69BA0CDE","	Chamber1","	1","	B01??(?)","	7.6","	2026-07-23 19:52:34"
"	69BA0CDE","	Chamber1","	1","	B01??(%RH)","	79.2","	2026-07-23 19:52:32"
"	69BA0CDE","	Chamber1","	1","	B01??(?)","	7.6","	2026-07-23 19:52:32"
"	69BA0CDE","	Chamber1","	1","	B01??(%RH)","	79.2","	2026-07-23 19:52:30"
"	69BA0CDE","	Chamber1","	1","	B01??(?)","	7.7","	2026-07-23 19:52:30"
"	69BA0CDE","	Chamber1","	1","	B01??(%RH)","	79.2","	2026-07-23 19:52:28"
"	69BA0CDE","	Chamber1","	1","	B01??(?)","	7.6","	2026-07-23 19:52:28"
"	69BA0CDE","	Chamber1","	1","	B01??(%RH)","	79.2","	2026-07-23 19:52:26"
"	69BA0CDE","	Chamber1","	1","	B01??(?)","	7.7","	2026-07-23 19:52:26"
"	69BA0CDE","	Chamber1","	1","	B01??(%RH)","	79.2","	2026-07-23 19:52:24"
"	69BA0CDE","	Chamber1","	1","	B01??(?)","	7.7","	2026-07-23 19:52:24"
"	69BA0CDE","	Chamber1","	1","	B01??(%RH)","	79.2","	2026-07-23 19:52:22"
"	69BA0CDE","	Chamber1","	1","	B01??(?)","	7.6","	2026-07-23 19:52:22"
"	69BA0CDE","	Chamber1","	1","	B01??(%RH)","	79.2","	2026-07-23 19:52:20"
"	69BA0CDE","	Chamber1","	1","	B01??(?)","	7.7","	2026-07-23 19:52:20"
"	69BA0CDE","	Chamber1","	1","	B01??(%RH)","	79.2","	2026-07-23 19:52:18"
"	69BA0CDE","	Chamber1","	1","	B01??(?)","	7.6","	2026-07-23 19:52:18"
"	69BA0CDE","	Chamber1","	1","	B01??(%RH)","	79.2","	2026-07-23 19:52:15"
"	69BA0CDE","	Chamber1","	1","	B01??(?)","	7.7","	2026-07-23 19:52:15"
"	69BA0CDE","	Chamber1","	1","	B01??(%RH)","	79.1","	2026-07-23 19:52:13"
"	69BA0CDE","	Chamber1","	1","	B01??(?)","	7.6","	2026-07-23 19:52:13"
"	69BA0CDE","	Chamber1","	1","	B01??(%RH)","	79.2","	2026-07-23 19:52:11"
"	69BA0CDE","	Chamber1","	1","	B01??(?)","	7.7","	2026-07-23 19:52:11"
"	69BA0CDE","	Chamber1","	1","	B01??(%RH)","	79.2","	2026-07-23 19:52:09"
"	69BA0CDE","	Chamber1","	1","	B01??(?)","	7.7","	2026-07-23 19:52:09"
"	69BA0CDE","	Chamber1","	1","	B01??(%RH)","	79.1","	2026-07-23 19:52:07"
"	69BA0CDE","	Chamber1","	1","	B01??(?)","	7.6","	2026-07-23 19:52:07"
"	69BA0CDE","	Chamber1","	1","	B01??(%RH)","	79.1","	2026-07-23 19:52:05"
"	69BA0CDE","	Chamber1","	1","	B01??(?)","	7.6","	2026-07-23 19:52:05"
"	69BA0CDE","	Chamber1","	1","	B01??(%RH)","	79.1","	2026-07-23 19:52:03"
"	69BA0CDE","	Chamber1","	1","	B01??(?)","	7.7","	2026-07-23 19:52:03"
"	69BA0CDE","	Chamber1","	1","	B01??(%RH)","	79.1","	2026-07-23 19:52:01"
"	69BA0CDE","	Chamber1","	1","	B01??(?)","	7.7","	2026-07-23 19:52:01"
"	69BA0CDE","	Chamber1","	1","	B01??(%RH)","	79.1","	2026-07-23 19:51:59"
"	69BA0CDE","	Chamber1","	1","	B01??(?)","	7.7","	2026-07-23 19:51:59"
"	69BA0CDE","	Chamber1","	1","	B01??(%RH)","	79.1","	2026-07-23 19:51:57"
"	69BA0CDE","	Chamber1","	1","	B01??(?)","	7.7","	2026-07-23 19:51:57"
"	69BA0CDE","	Chamber1","	1","	B01??(%RH)","	79.1","	2026-07-23 19:51:55"
"	69BA0CDE","	Chamber1","	1","	B01??(?)","	7.7","	2026-07-23 19:51:55"
"	69BA0CDE","	Chamber1","	1","	B01??(%RH)","	79.1","	2026-07-23 19:51:53"
"	69BA0CDE","	Chamber1","	1","	B01??(?)","	7.7","	2026-07-23 19:51:53"
"	69BA0CDE","	Chamber1","	1","	B01??(%RH)","	79","	2026-07-23 19:51:51"
"	69BA0CDE","	Chamber1","	1","	B01??(?)","	7.7","	2026-07-23 19:51:51"
"	69BA0CDE","	Chamber1","	1","	B01??(%RH)","	79.1","	2026-07-23 19:51:49"
"	69BA0CDE","	Chamber1","	1","	B01??(?)","	7.7","	2026-07-23 19:51:49"
"	69BA0CDE","	Chamber1","	1","	B01??(%RH)","	79","	2026-07-23 19:51:47"
"	69BA0CDE","	Chamber1","	1","	B01??(?)","	7.7","	2026-07-23 19:51:47"
"	69BA0CDE","	Chamber1","	1","	B01??(%RH)","	79","	2026-07-23 19:51:45"
"	69BA0CDE","	Chamber1","	1","	B01??(?)","	7.7","	2026-07-23 19:51:45"
"	69BA0CDE","	Chamber1","	1","	B01??(%RH)","	79.1","	2026-07-23 19:51:43"
"	69BA0CDE","	Chamber1","	1","	B01??(?)","	7.7","	2026-07-23 19:51:43"
"	69BA0CDE","	Chamber1","	1","	B01??(%RH)","	79","	2026-07-23 19:51:41"
"	69BA0CDE","	Chamber1","	1","	B01??(?)","	7.7","	2026-07-23 19:51:41"
"	69BA0CDE","	Chamber1","	1","	B01??(%RH)","	79","	2026-07-23 19:51:39"
"	69BA0CDE","	Chamber1","	1","	B01??(?)","	7.7","	2026-07-23 19:51:39"
"	69BA0CDE","	Chamber1","	1","	B01??(%RH)","	79","	2026-07-23 19:51:37"
"	69BA0CDE","	Chamber1","	1","	B01??(?)","	7.7","	2026-07-23 19:51:37"
"	69BA0CDE","	Chamber1","	1","	B01??(%RH)","	79","	2026-07-23 19:51:35"
"	69BA0CDE","	Chamber1","	1","	B01??(?)","	7.7","	2026-07-23 19:51:35"
"	69BA0CDE","	Chamber1","	1","	B01??(%RH)","	79","	2026-07-23 19:51:32"
"	69BA0CDE","	Chamber1","	1","	B01??(?)","	7.7","	2026-07-23 19:51:32"
"	69BA0CDE","	Chamber1","	1","	B01??(%RH)","	79","	2026-07-23 19:51:30"
"	69BA0CDE","	Chamber1","	1","	B01??(?)","	7.7","	2026-07-23 19:51:30"
"	69BA0CDE","	Chamber1","	1","	B01??(%RH)","	78.9","	2026-07-23 19:51:28"
"	69BA0CDE","	Chamber1","	1","	B01??(?)","	7.7","	2026-07-23 19:51:28"
"	69BA0CDE","	Chamber1","	1","	B01??(%RH)","	79","	2026-07-23 19:51:26"
"	69BA0CDE","	Chamber1","	1","	B01??(?)","	7.7","	2026-07-23 19:51:26"
"	69BA0CDE","	Chamber1","	1","	B01??(%RH)","	78.9","	2026-07-23 19:51:24"
"	69BA0CDE","	Chamber1","	1","	B01??(?)","	7.7","	2026-07-23 19:51:24"
"	69BA0CDE","	Chamber1","	1","	B01??(%RH)","	78.9","	2026-07-23 19:51:22"
"	69BA0CDE","	Chamber1","	1","	B01??(?)","	7.7","	2026-07-23 19:51:22"
"	69BA0CDE","	Chamber1","	1","	B01??(%RH)","	78.9","	2026-07-23 19:51:20"
"	69BA0CDE","	Chamber1","	1","	B01??(?)","	7.7","	2026-07-23 19:51:20"
"	69BA0CDE","	Chamber1","	1","	B01??(%RH)","	78.9","	2026-07-23 19:51:18"
"	69BA0CDE","	Chamber1","	1","	B01??(?)","	7.7","	2026-07-23 19:51:18"
"	69BA0CDE","	Chamber1","	1","	B01??(%RH)","	78.9","	2026-07-23 19:51:16"
"	69BA0CDE","	Chamber1","	1","	B01??(?)","	7.7","	2026-07-23 19:51:16"
"	69BA0CDE","	Chamber1","	1","	B01??(%RH)","	78.9","	2026-07-23 19:51:14"
"	69BA0CDE","	Chamber1","	1","	B01??(?)","	7.7","	2026-07-23 19:51:14"
"	69BA0CDE","	Chamber1","	1","	B01??(%RH)","	78.9","	2026-07-23 19:51:12"
"	69BA0CDE","	Chamber1","	1","	B01??(?)","	7.7","	2026-07-23 19:51:12"
"	69BA0CDE","	Chamber1","	1","	B01??(%RH)","	78.9","	2026-07-23 19:51:10"
"	69BA0CDE","	Chamber1","	1","	B01??(?)","	7.7","	2026-07-23 19:51:10"
"	69BA0CDE","	Chamber1","	1","	B01??(%RH)","	78.8","	2026-07-23 19:51:08"
"	69BA0CDE","	Chamber1","	1","	B01??(?)","	7.7","	2026-07-23 19:51:08"
"	69BA0CDE","	Chamber1","	1","	B01??(%RH)","	78.8","	2026-07-23 19:51:06"
"	69BA0CDE","	Chamber1","	1","	B01??(?)","	7.7","	2026-07-23 19:51:06"
"	69BA0CDE","	Chamber1","	1","	B01??(%RH)","	78.8","	2026-07-23 19:51:04"
"	69BA0CDE","	Chamber1","	1","	B01??(?)","	7.7","	2026-07-23 19:51:04"
"	69BA0CDE","	Chamber1","	1","	B01??(%RH)","	78.9","	2026-07-23 19:51:02"
"	69BA0CDE","	Chamber1","	1","	B01??(?)","	7.7","	2026-07-23 19:51:02"
"	69BA0CDE","	Chamber1","	1","	B01??(%RH)","	78.8","	2026-07-23 19:51:00"
"	69BA0CDE","	Chamber1","	1","	B01??(?)","	7.7","	2026-07-23 19:51:00"
"	69BA0CDE","	Chamber1","	1","	B01??(%RH)","	78.8","	2026-07-23 19:50:58"
"	69BA0CDE","	Chamber1","	1","	B01??(?)","	7.7","	2026-07-23 19:50:58"
"	69BA0CDE","	Chamber1","	1","	B01??(%RH)","	78.8","	2026-07-23 19:50:56"
"	69BA0CDE","	Chamber1","	1","	B01??(?)","	7.8","	2026-07-23 19:50:56"
"	69BA0CDE","	Chamber1","	1","	B01??(%RH)","	78.8","	2026-07-23 19:50:54"
"	69BA0CDE","	Chamber1","	1","	B01??(?)","	7.7","	2026-07-23 19:50:54"
"	69BA0CDE","	Chamber1","	1","	B01??(%RH)","	78.8","	2026-07-23 19:50:52"
"	69BA0CDE","	Chamber1","	1","	B01??(?)","	7.8","	2026-07-23 19:50:52"
"	69BA0CDE","	Chamber1","	1","	B01??(%RH)","	78.8","	2026-07-23 19:50:49"
"	69BA0CDE","	Chamber1","	1","	B01??(?)","	7.8","	2026-07-23 19:50:49"
"	69BA0CDE","	Chamber1","	1","	B01??(%RH)","	78.7","	2026-07-23 19:50:47"
"	69BA0CDE","	Chamber1","	1","	B01??(?)","	7.7","	2026-07-23 19:50:47"
"	69BA0CDE","	Chamber1","	1","	B01??(%RH)","	78.8","	2026-07-23 19:50:45"
"	69BA0CDE","	Chamber1","	1","	B01??(?)","	7.7","	2026-07-23 19:50:45"
"	69BA0CDE","	Chamber1","	1","	B01??(%RH)","	78.8","	2026-07-23 19:50:43"
"	69BA0CDE","	Chamber1","	1","	B01??(?)","	7.7","	2026-07-23 19:50:43"
"	69BA0CDE","	Chamber1","	1","	B01??(%RH)","	78.7","	2026-07-23 19:50:41"
"	69BA0CDE","	Chamber1","	1","	B01??(?)","	7.7","	2026-07-23 19:50:41"
"	69BA0CDE","	Chamber1","	1","	B01??(%RH)","	78.7","	2026-07-23 19:50:39"
"	69BA0CDE","	Chamber1","	1","	B01??(?)","	7.8","	2026-07-23 19:50:39"
"	69BA0CDE","	Chamber1","	1","	B01??(%RH)","	78.7","	2026-07-23 19:50:37"
"	69BA0CDE","	Chamber1","	1","	B01??(?)","	7.8","	2026-07-23 19:50:37"
"	69BA0CDE","	Chamber1","	1","	B01??(%RH)","	78.7","	2026-07-23 19:50:35"
"	69BA0CDE","	Chamber1","	1","	B01??(?)","	7.8","	2026-07-23 19:50:35"
"	69BA0CDE","	Chamber1","	1","	B01??(%RH)","	78.7","	2026-07-23 19:50:33"
"	69BA0CDE","	Chamber1","	1","	B01??(?)","	7.8","	2026-07-23 19:50:33"
"	69BA0CDE","	Chamber1","	1","	B01??(%RH)","	78.7","	2026-07-23 19:50:31"
"	69BA0CDE","	Chamber1","	1","	B01??(?)","	7.8","	2026-07-23 19:50:31"
"	69BA0CDE","	Chamber1","	1","	B01??(%RH)","	78.7","	2026-07-23 19:50:29"
"	69BA0CDE","	Chamber1","	1","	B01??(?)","	7.8","	2026-07-23 19:50:29"
"	69BA0CDE","	Chamber1","	1","	B01??(%RH)","	78.7","	2026-07-23 19:50:27"
"	69BA0CDE","	Chamber1","	1","	B01??(?)","	7.8","	2026-07-23 19:50:27"
"	69BA0CDE","	Chamber1","	1","	B01??(%RH)","	78.7","	2026-07-23 19:50:25"
"	69BA0CDE","	Chamber1","	1","	B01??(?)","	7.8","	2026-07-23 19:50:25"
"	69BA0CDE","	Chamber1","	1","	B01??(%RH)","	78.6","	2026-07-23 19:50:23"
"	69BA0CDE","	Chamber1","	1","	B01??(?)","	7.8","	2026-07-23 19:50:23"
"	69BA0CDE","	Chamber1","	1","	B01??(%RH)","	78.6","	2026-07-23 19:50:21"
"	69BA0CDE","	Chamber1","	1","	B01??(?)","	7.8","	2026-07-23 19:50:21"
"	69BA0CDE","	Chamber1","	1","	B01??(%RH)","	78.6","	2026-07-23 19:50:19"
"	69BA0CDE","	Chamber1","	1","	B01??(?)","	7.8","	2026-07-23 19:50:19"
"	69BA0CDE","	Chamber1","	1","	B01??(%RH)","	78.6","	2026-07-23 19:50:17"
"	69BA0CDE","	Chamber1","	1","	B01??(?)","	7.8","	2026-07-23 19:50:17"
"	69BA0CDE","	Chamber1","	1","	B01??(%RH)","	78.6","	2026-07-23 19:50:15"
"	69BA0CDE","	Chamber1","	1","	B01??(?)","	7.8","	2026-07-23 19:50:15"
"	69BA0CDE","	Chamber1","	1","	B01??(%RH)","	78.6","	2026-07-23 19:50:13"
"	69BA0CDE","	Chamber1","	1","	B01??(?)","	7.8","	2026-07-23 19:50:13"
"	69BA0CDE","	Chamber1","	1","	B01??(%RH)","	78.6","	2026-07-23 19:50:11"
"	69BA0CDE","	Chamber1","	1","	B01??(?)","	7.8","	2026-07-23 19:50:11"
"	69BA0CDE","	Chamber1","	1","	B01??(%RH)","	78.5","	2026-07-23 19:50:09"
"	69BA0CDE","	Chamber1","	1","	B01??(?)","	7.8","	2026-07-23 19:50:09"
"	69BA0CDE","	Chamber1","	1","	B01??(%RH)","	78.5","	2026-07-23 19:50:07"
"	69BA0CDE","	Chamber1","	1","	B01??(?)","	7.8","	2026-07-23 19:50:07"
"	69BA0CDE","	Chamber1","	1","	B01??(%RH)","	78.5","	2026-07-23 19:50:04"
"	69BA0CDE","	Chamber1","	1","	B01??(?)","	7.8","	2026-07-23 19:50:04"
"	69BA0CDE","	Chamber1","	1","	B01??(%RH)","	78.5","	2026-07-23 19:50:02"
"	69BA0CDE","	Chamber1","	1","	B01??(?)","	7.8","	2026-07-23 19:50:02"
"	69BA0CDE","	Chamber1","	1","	B01??(%RH)","	78.5","	2026-07-23 19:50:00"
"	69BA0CDE","	Chamber1","	1","	B01??(?)","	7.8","	2026-07-23 19:50:00"
"	69BA0CDE","	Chamber1","	1","	B01??(%RH)","	78.5","	2026-07-23 19:49:58"
"	69BA0CDE","	Chamber1","	1","	B01??(?)","	7.8","	2026-07-23 19:49:58"
"	69BA0CDE","	Chamber1","	1","	B01??(%RH)","	78.5","	2026-07-23 19:49:56"
"	69BA0CDE","	Chamber1","	1","	B01??(?)","	7.8","	2026-07-23 19:49:56"
"	69BA0CDE","	Chamber1","	1","	B01??(%RH)","	78.5","	2026-07-23 19:49:54"
"	69BA0CDE","	Chamber1","	1","	B01??(?)","	7.8","	2026-07-23 19:49:54"
"	69BA0CDE","	Chamber1","	1","	B01??(%RH)","	78.4","	2026-07-23 19:49:52"
"	69BA0CDE","	Chamber1","	1","	B01??(?)","	7.8","	2026-07-23 19:49:52"
"	69BA0CDE","	Chamber1","	1","	B01??(%RH)","	78.4","	2026-07-23 19:49:50"
"	69BA0CDE","	Chamber1","	1","	B01??(?)","	7.8","	2026-07-23 19:49:50"
"	69BA0CDE","	Chamber1","	1","	B01??(%RH)","	78.4","	2026-07-23 19:49:48"
"	69BA0CDE","	Chamber1","	1","	B01??(?)","	7.8","	2026-07-23 19:49:48"
"	69BA0CDE","	Chamber1","	1","	B01??(%RH)","	78.4","	2026-07-23 19:49:46"
"	69BA0CDE","	Chamber1","	1","	B01??(?)","	7.8","	2026-07-23 19:49:46"
"	69BA0CDE","	Chamber1","	1","	B01??(%RH)","	78.4","	2026-07-23 19:49:44"
"	69BA0CDE","	Chamber1","	1","	B01??(?)","	7.8","	2026-07-23 19:49:44"
"	69BA0CDE","	Chamber1","	1","	B01??(%RH)","	78.4","	2026-07-23 19:49:42"
"	69BA0CDE","	Chamber1","	1","	B01??(?)","	7.8","	2026-07-23 19:49:42"
"	69BA0CDE","	Chamber1","	1","	B01??(%RH)","	78.4","	2026-07-23 19:49:40"
"	69BA0CDE","	Chamber1","	1","	B01??(?)","	7.8","	2026-07-23 19:49:40"
"	69BA0CDE","	Chamber1","	1","	B01??(%RH)","	78.4","	2026-07-23 19:49:38"
"	69BA0CDE","	Chamber1","	1","	B01??(?)","	7.8","	2026-07-23 19:49:38"
"	69BA0CDE","	Chamber1","	1","	B01??(%RH)","	78.3","	2026-07-23 19:49:36"
"	69BA0CDE","	Chamber1","	1","	B01??(?)","	7.8","	2026-07-23 19:49:36"
"	69BA0CDE","	Chamber1","	1","	B01??(%RH)","	78.3","	2026-07-23 19:49:34"
"	69BA0CDE","	Chamber1","	1","	B01??(?)","	7.8","	2026-07-23 19:49:34"
"	69BA0CDE","	Chamber1","	1","	B01??(%RH)","	78.3","	2026-07-23 19:49:32"
"	69BA0CDE","	Chamber1","	1","	B01??(?)","	7.8","	2026-07-23 19:49:32"
"	69BA0CDE","	Chamber1","	1","	B01??(%RH)","	78.3","	2026-07-23 19:49:30"
"	69BA0CDE","	Chamber1","	1","	B01??(?)","	7.8","	2026-07-23 19:49:30"
"	69BA0CDE","	Chamber1","	1","	B01??(%RH)","	78.3","	2026-07-23 19:49:28"
"	69BA0CDE","	Chamber1","	1","	B01??(?)","	7.8","	2026-07-23 19:49:28"
"	69BA0CDE","	Chamber1","	1","	B01??(%RH)","	78.3","	2026-07-23 19:49:26"
"	69BA0CDE","	Chamber1","	1","	B01??(?)","	7.8","	2026-07-23 19:49:26"
"	69BA0CDE","	Chamber1","	1","	B01??(%RH)","	78.3","	2026-07-23 19:49:23"
"	69BA0CDE","	Chamber1","	1","	B01??(?)","	7.8","	2026-07-23 19:49:23"
"	69BA0CDE","	Chamber1","	1","	B01??(%RH)","	78.3","	2026-07-23 19:49:21"
"	69BA0CDE","	Chamber1","	1","	B01??(?)","	7.9","	2026-07-23 19:49:21"
"	69BA0CDE","	Chamber1","	1","	B01??(%RH)","	78.3","	2026-07-23 19:49:19"
"	69BA0CDE","	Chamber1","	1","	B01??(?)","	7.9","	2026-07-23 19:49:19"
"	69BA0CDE","	Chamber1","	1","	B01??(%RH)","	78.3","	2026-07-23 19:49:17"
"	69BA0CDE","	Chamber1","	1","	B01??(?)","	7.9","	2026-07-23 19:49:17"
"	69BA0CDE","	Chamber1","	1","	B01??(%RH)","	78.2","	2026-07-23 19:49:15"
"	69BA0CDE","	Chamber1","	1","	B01??(?)","	7.9","	2026-07-23 19:49:15"
"	69BA0CDE","	Chamber1","	1","	B01??(%RH)","	78.2","	2026-07-23 19:49:13"
"	69BA0CDE","	Chamber1","	1","	B01??(?)","	7.9","	2026-07-23 19:49:13"
"	69BA0CDE","	Chamber1","	1","	B01??(%RH)","	78.2","	2026-07-23 19:49:11"
"	69BA0CDE","	Chamber1","	1","	B01??(?)","	7.9","	2026-07-23 19:49:11"
"	69BA0CDE","	Chamber1","	1","	B01??(%RH)","	78.2","	2026-07-23 19:49:09"
"	69BA0CDE","	Chamber1","	1","	B01??(?)","	7.9","	2026-07-23 19:49:09"
"	69BA0CDE","	Chamber1","	1","	B01??(%RH)","	78.2","	2026-07-23 19:49:07"
"	69BA0CDE","	Chamber1","	1","	B01??(?)","	7.9","	2026-07-23 19:49:07"
"	69BA0CDE","	Chamber1","	1","	B01??(%RH)","	78.2","	2026-07-23 19:49:05"
"	69BA0CDE","	Chamber1","	1","	B01??(?)","	7.9","	2026-07-23 19:49:05"
"	69BA0CDE","	Chamber1","	1","	B01??(%RH)","	78.1","	2026-07-23 19:49:03"
"	69BA0CDE","	Chamber1","	1","	B01??(?)","	7.9","	2026-07-23 19:49:03"
"	69BA0CDE","	Chamber1","	1","	B01??(%RH)","	78.1","	2026-07-23 19:49:01"
"	69BA0CDE","	Chamber1","	1","	B01??(?)","	7.9","	2026-07-23 19:49:01"
"	69BA0CDE","	Chamber1","	1","	B01??(%RH)","	78.2","	2026-07-23 19:48:59"
"	69BA0CDE","	Chamber1","	1","	B01??(?)","	7.9","	2026-07-23 19:48:59"
"	69BA0CDE","	Chamber1","	1","	B01??(%RH)","	78.2","	2026-07-23 19:48:57"
"	69BA0CDE","	Chamber1","	1","	B01??(?)","	7.9","	2026-07-23 19:48:57"
"	69BA0CDE","	Chamber1","	1","	B01??(%RH)","	78.2","	2026-07-23 19:48:55"
"	69BA0CDE","	Chamber1","	1","	B01??(?)","	7.9","	2026-07-23 19:48:55"
"	69BA0CDE","	Chamber1","	1","	B01??(%RH)","	78.1","	2026-07-23 19:48:53"
"	69BA0CDE","	Chamber1","	1","	B01??(?)","	7.9","	2026-07-23 19:48:53"
"	69BA0CDE","	Chamber1","	1","	B01??(%RH)","	78.1","	2026-07-23 19:48:51"
"	69BA0CDE","	Chamber1","	1","	B01??(?)","	7.9","	2026-07-23 19:48:51"
"	69BA0CDE","	Chamber1","	1","	B01??(%RH)","	78.1","	2026-07-23 19:48:49"
"	69BA0CDE","	Chamber1","	1","	B01??(?)","	7.9","	2026-07-23 19:48:49"
"	69BA0CDE","	Chamber1","	1","	B01??(%RH)","	78.1","	2026-07-23 19:48:47"
"	69BA0CDE","	Chamber1","	1","	B01??(?)","	7.9","	2026-07-23 19:48:47"
"	69BA0CDE","	Chamber1","	1","	B01??(%RH)","	78.1","	2026-07-23 19:48:45"
"	69BA0CDE","	Chamber1","	1","	B01??(?)","	7.9","	2026-07-23 19:48:45"
"	69BA0CDE","	Chamber1","	1","	B01??(%RH)","	78","	2026-07-23 19:48:43"
"	69BA0CDE","	Chamber1","	1","	B01??(?)","	7.9","	2026-07-23 19:48:43"
"	69BA0CDE","	Chamber1","	1","	B01??(%RH)","	78","	2026-07-23 19:48:40"
"	69BA0CDE","	Chamber1","	1","	B01??(?)","	7.9","	2026-07-23 19:48:40"
"	69BA0CDE","	Chamber1","	1","	B01??(%RH)","	78","	2026-07-23 19:48:38"
"	69BA0CDE","	Chamber1","	1","	B01??(?)","	7.9","	2026-07-23 19:48:38"
"	69BA0CDE","	Chamber1","	1","	B01??(%RH)","	78","	2026-07-23 19:48:36"
"	69BA0CDE","	Chamber1","	1","	B01??(?)","	7.9","	2026-07-23 19:48:36"
"	69BA0CDE","	Chamber1","	1","	B01??(%RH)","	78","	2026-07-23 19:48:34"
"	69BA0CDE","	Chamber1","	1","	B01??(?)","	7.9","	2026-07-23 19:48:34"
"	69BA0CDE","	Chamber1","	1","	B01??(%RH)","	78","	2026-07-23 19:48:32"
"	69BA0CDE","	Chamber1","	1","	B01??(?)","	7.9","	2026-07-23 19:48:32"
"	69BA0CDE","	Chamber1","	1","	B01??(%RH)","	78","	2026-07-23 19:48:30"
"	69BA0CDE","	Chamber1","	1","	B01??(?)","	7.9","	2026-07-23 19:48:30"
"	69BA0CDE","	Chamber1","	1","	B01??(%RH)","	78","	2026-07-23 19:48:28"
"	69BA0CDE","	Chamber1","	1","	B01??(?)","	7.9","	2026-07-23 19:48:28"
"	69BA0CDE","	Chamber1","	1","	B01??(%RH)","	78","	2026-07-23 19:48:26"
"	69BA0CDE","	Chamber1","	1","	B01??(?)","	8","	2026-07-23 19:48:26"
"	69BA0CDE","	Chamber1","	1","	B01??(%RH)","	78","	2026-07-23 19:48:24"
"	69BA0CDE","	Chamber1","	1","	B01??(?)","	7.9","	2026-07-23 19:48:24"
"	69BA0CDE","	Chamber1","	1","	B01??(%RH)","	77.9","	2026-07-23 19:48:22"
"	69BA0CDE","	Chamber1","	1","	B01??(?)","	7.9","	2026-07-23 19:48:22"
"	69BA0CDE","	Chamber1","	1","	B01??(%RH)","	77.9","	2026-07-23 19:48:20"
"	69BA0CDE","	Chamber1","	1","	B01??(?)","	7.9","	2026-07-23 19:48:20"
"	69BA0CDE","	Chamber1","	1","	B01??(%RH)","	77.9","	2026-07-23 19:48:18"
"	69BA0CDE","	Chamber1","	1","	B01??(?)","	7.9","	2026-07-23 19:48:18"
"	69BA0CDE","	Chamber1","	1","	B01??(%RH)","	77.9","	2026-07-23 19:48:16"
"	69BA0CDE","	Chamber1","	1","	B01??(?)","	7.9","	2026-07-23 19:48:16"
"	69BA0CDE","	Chamber1","	1","	B01??(%RH)","	77.9","	2026-07-23 19:48:14"
"	69BA0CDE","	Chamber1","	1","	B01??(?)","	7.9","	2026-07-23 19:48:14"
"	69BA0CDE","	Chamber1","	1","	B01??(%RH)","	77.9","	2026-07-23 19:48:12"
"	69BA0CDE","	Chamber1","	1","	B01??(?)","	7.9","	2026-07-23 19:48:12"
"	69BA0CDE","	Chamber1","	1","	B01??(%RH)","	77.9","	2026-07-23 19:48:10"
"	69BA0CDE","	Chamber1","	1","	B01??(?)","	8","	2026-07-23 19:48:10"
"	69BA0CDE","	Chamber1","	1","	B01??(%RH)","	77.8","	2026-07-23 19:48:08"
"	69BA0CDE","	Chamber1","	1","	B01??(?)","	8","	2026-07-23 19:48:08"
"	69BA0CDE","	Chamber1","	1","	B01??(%RH)","	77.8","	2026-07-23 19:48:06"
"	69BA0CDE","	Chamber1","	1","	B01??(?)","	7.9","	2026-07-23 19:48:06"
"	69BA0CDE","	Chamber1","	1","	B01??(%RH)","	77.8","	2026-07-23 19:48:04"
"	69BA0CDE","	Chamber1","	1","	B01??(?)","	7.9","	2026-07-23 19:48:04"
"	69BA0CDE","	Chamber1","	1","	B01??(%RH)","	77.8","	2026-07-23 19:48:02"
"	69BA0CDE","	Chamber1","	1","	B01??(?)","	8","	2026-07-23 19:48:02"
"	69BA0CDE","	Chamber1","	1","	B01??(%RH)","	77.8","	2026-07-23 19:48:00"
"	69BA0CDE","	Chamber1","	1","	B01??(?)","	8","	2026-07-23 19:48:00"
"	69BA0CDE","	Chamber1","	1","	B01??(%RH)","	77.7","	2026-07-23 19:47:58"
"	69BA0CDE","	Chamber1","	1","	B01??(?)","	8","	2026-07-23 19:47:58"
"	69BA0CDE","	Chamber1","	1","	B01??(%RH)","	77.7","	2026-07-23 19:47:55"
"	69BA0CDE","	Chamber1","	1","	B01??(?)","	8","	2026-07-23 19:47:55"
"	69BA0CDE","	Chamber1","	1","	B01??(%RH)","	77.7","	2026-07-23 19:47:53"
"	69BA0CDE","	Chamber1","	1","	B01??(?)","	8","	2026-07-23 19:47:53"
"	69BA0CDE","	Chamber1","	1","	B01??(%RH)","	77.7","	2026-07-23 19:47:51"
"	69BA0CDE","	Chamber1","	1","	B01??(?)","	8","	2026-07-23 19:47:51"
"	69BA0CDE","	Chamber1","	1","	B01??(%RH)","	77.7","	2026-07-23 19:47:49"
"	69BA0CDE","	Chamber1","	1","	B01??(?)","	8","	2026-07-23 19:47:49"
"	69BA0CDE","	Chamber1","	1","	B01??(%RH)","	77.7","	2026-07-23 19:47:47"
"	69BA0CDE","	Chamber1","	1","	B01??(?)","	8","	2026-07-23 19:47:47"
"	69BA0CDE","	Chamber1","	1","	B01??(%RH)","	77.6","	2026-07-23 19:47:45"
"	69BA0CDE","	Chamber1","	1","	B01??(?)","	8","	2026-07-23 19:47:45"
"	69BA0CDE","	Chamber1","	1","	B01??(%RH)","	77.6","	2026-07-23 19:47:43"
"	69BA0CDE","	Chamber1","	1","	B01??(?)","	8","	2026-07-23 19:47:43"
"	69BA0CDE","	Chamber1","	1","	B01??(%RH)","	77.6","	2026-07-23 19:47:41"
"	69BA0CDE","	Chamber1","	1","	B01??(?)","	8","	2026-07-23 19:47:41"
"	69BA0CDE","	Chamber1","	1","	B01??(%RH)","	77.6","	2026-07-23 19:47:39"
"	69BA0CDE","	Chamber1","	1","	B01??(?)","	8","	2026-07-23 19:47:39"
"	69BA0CDE","	Chamber1","	1","	B01??(%RH)","	77.6","	2026-07-23 19:47:37"
"	69BA0CDE","	Chamber1","	1","	B01??(?)","	8","	2026-07-23 19:47:37"
"	69BA0CDE","	Chamber1","	1","	B01??(%RH)","	77.6","	2026-07-23 19:47:35"
"	69BA0CDE","	Chamber1","	1","	B01??(?)","	8","	2026-07-23 19:47:35"
"	69BA0CDE","	Chamber1","	1","	B01??(%RH)","	77.6","	2026-07-23 19:47:33"
"	69BA0CDE","	Chamber1","	1","	B01??(?)","	8","	2026-07-23 19:47:33"
"	69BA0CDE","	Chamber1","	1","	B01??(%RH)","	77.6","	2026-07-23 19:47:31"
"	69BA0CDE","	Chamber1","	1","	B01??(?)","	8","	2026-07-23 19:47:31"
"	69BA0CDE","	Chamber1","	1","	B01??(%RH)","	77.5","	2026-07-23 19:47:29"
"	69BA0CDE","	Chamber1","	1","	B01??(?)","	8","	2026-07-23 19:47:29"
"	69BA0CDE","	Chamber1","	1","	B01??(%RH)","	77.5","	2026-07-23 19:47:27"
"	69BA0CDE","	Chamber1","	1","	B01??(?)","	8","	2026-07-23 19:47:27"
"	69BA0CDE","	Chamber1","	1","	B01??(%RH)","	77.5","	2026-07-23 19:47:25"
"	69BA0CDE","	Chamber1","	1","	B01??(?)","	8","	2026-07-23 19:47:25"
"	69BA0CDE","	Chamber1","	1","	B01??(%RH)","	77.5","	2026-07-23 19:47:23"
"	69BA0CDE","	Chamber1","	1","	B01??(?)","	8","	2026-07-23 19:47:23"
"	69BA0CDE","	Chamber1","	1","	B01??(%RH)","	77.4","	2026-07-23 19:47:21"
"	69BA0CDE","	Chamber1","	1","	B01??(?)","	8","	2026-07-23 19:47:21"
"	69BA0CDE","	Chamber1","	1","	B01??(%RH)","	77.4","	2026-07-23 19:47:19"
"	69BA0CDE","	Chamber1","	1","	B01??(?)","	8","	2026-07-23 19:47:19"
"	69BA0CDE","	Chamber1","	1","	B01??(%RH)","	77.4","	2026-07-23 19:47:17"
"	69BA0CDE","	Chamber1","	1","	B01??(?)","	8","	2026-07-23 19:47:17"
"	69BA0CDE","	Chamber1","	1","	B01??(%RH)","	77.4","	2026-07-23 19:47:15"
"	69BA0CDE","	Chamber1","	1","	B01??(?)","	8.1","	2026-07-23 19:47:15"
"	69BA0CDE","	Chamber1","	1","	B01??(%RH)","	77.4","	2026-07-23 19:47:12"
"	69BA0CDE","	Chamber1","	1","	B01??(?)","	8.1","	2026-07-23 19:47:12"
"	69BA0CDE","	Chamber1","	1","	B01??(%RH)","	77.4","	2026-07-23 19:47:10"
"	69BA0CDE","	Chamber1","	1","	B01??(?)","	8.1","	2026-07-23 19:47:10"
"	69BA0CDE","	Chamber1","	1","	B01??(%RH)","	77.4","	2026-07-23 19:47:08"
"	69BA0CDE","	Chamber1","	1","	B01??(?)","	8.1","	2026-07-23 19:47:08"
"	69BA0CDE","	Chamber1","	1","	B01??(%RH)","	77.3","	2026-07-23 19:47:06"
"	69BA0CDE","	Chamber1","	1","	B01??(?)","	8","	2026-07-23 19:47:06"
"	69BA0CDE","	Chamber1","	1","	B01??(?)","	8.1","	2026-07-23 19:47:04"
"	69BA0CDE","	Chamber1","	1","	B01??(%RH)","	77.3","	2026-07-23 19:47:04"
"	69BA0CDE","	Chamber1","	1","	B01??(%RH)","	77.3","	2026-07-23 19:47:02"
"	69BA0CDE","	Chamber1","	1","	B01??(?)","	8","	2026-07-23 19:47:02"
"	69BA0CDE","	Chamber1","	1","	B01??(%RH)","	77.3","	2026-07-23 19:47:00"
"	69BA0CDE","	Chamber1","	1","	B01??(?)","	8.1","	2026-07-23 19:47:00"
"	69BA0CDE","	Chamber1","	1","	B01??(%RH)","	77.3","	2026-07-23 19:46:58"
"	69BA0CDE","	Chamber1","	1","	B01??(?)","	8.1","	2026-07-23 19:46:58"
"	69BA0CDE","	Chamber1","	1","	B01??(%RH)","	77.3","	2026-07-23 19:46:56"
"	69BA0CDE","	Chamber1","	1","	B01??(?)","	8.1","	2026-07-23 19:46:56"
"	69BA0CDE","	Chamber1","	1","	B01??(%RH)","	77.2","	2026-07-23 19:46:54"
"	69BA0CDE","	Chamber1","	1","	B01??(?)","	8.1","	2026-07-23 19:46:54"
"	69BA0CDE","	Chamber1","	1","	B01??(%RH)","	77.2","	2026-07-23 19:46:52"
"	69BA0CDE","	Chamber1","	1","	B01??(?)","	8.1","	2026-07-23 19:46:52"
"	69BA0CDE","	Chamber1","	1","	B01??(%RH)","	77.2","	2026-07-23 19:46:50"
"	69BA0CDE","	Chamber1","	1","	B01??(?)","	8.1","	2026-07-23 19:46:50"
"	69BA0CDE","	Chamber1","	1","	B01??(%RH)","	77.2","	2026-07-23 19:46:48"
"	69BA0CDE","	Chamber1","	1","	B01??(?)","	8.1","	2026-07-23 19:46:48"
"	69BA0CDE","	Chamber1","	1","	B01??(%RH)","	77.2","	2026-07-23 19:46:46"
"	69BA0CDE","	Chamber1","	1","	B01??(?)","	8.1","	2026-07-23 19:46:46"
"	69BA0CDE","	Chamber1","	1","	B01??(%RH)","	77.2","	2026-07-23 19:46:44"
"	69BA0CDE","	Chamber1","	1","	B01??(?)","	8.1","	2026-07-23 19:46:44"
"	69BA0CDE","	Chamber1","	1","	B01??(%RH)","	77.1","	2026-07-23 19:46:42"
"	69BA0CDE","	Chamber1","	1","	B01??(?)","	8.1","	2026-07-23 19:46:42"
"	69BA0CDE","	Chamber1","	1","	B01??(%RH)","	77.1","	2026-07-23 19:46:40"
"	69BA0CDE","	Chamber1","	1","	B01??(?)","	8.1","	2026-07-23 19:46:40"
"	69BA0CDE","	Chamber1","	1","	B01??(%RH)","	77.1","	2026-07-23 19:46:38"
"	69BA0CDE","	Chamber1","	1","	B01??(?)","	8.1","	2026-07-23 19:46:38"
"	69BA0CDE","	Chamber1","	1","	B01??(%RH)","	77.1","	2026-07-23 19:46:36"
"	69BA0CDE","	Chamber1","	1","	B01??(?)","	8.1","	2026-07-23 19:46:36"
"	69BA0CDE","	Chamber1","	1","	B01??(%RH)","	77.1","	2026-07-23 19:46:34"
"	69BA0CDE","	Chamber1","	1","	B01??(?)","	8.1","	2026-07-23 19:46:34"
"	69BA0CDE","	Chamber1","	1","	B01??(%RH)","	77.1","	2026-07-23 19:46:32"
"	69BA0CDE","	Chamber1","	1","	B01??(?)","	8.1","	2026-07-23 19:46:32"
"	69BA0CDE","	Chamber1","	1","	B01??(%RH)","	77.1","	2026-07-23 19:46:29"
"	69BA0CDE","	Chamber1","	1","	B01??(?)","	8.1","	2026-07-23 19:46:29"
"	69BA0CDE","	Chamber1","	1","	B01??(%RH)","	77.1","	2026-07-23 19:46:27"
"	69BA0CDE","	Chamber1","	1","	B01??(?)","	8.1","	2026-07-23 19:46:27"
"	69BA0CDE","	Chamber1","	1","	B01??(%RH)","	77","	2026-07-23 19:46:25"
"	69BA0CDE","	Chamber1","	1","	B01??(?)","	8.1","	2026-07-23 19:46:25"
"	69BA0CDE","	Chamber1","	1","	B01??(%RH)","	77","	2026-07-23 19:46:23"
"	69BA0CDE","	Chamber1","	1","	B01??(?)","	8.1","	2026-07-23 19:46:23"
"	69BA0CDE","	Chamber1","	1","	B01??(%RH)","	77","	2026-07-23 19:46:21"
"	69BA0CDE","	Chamber1","	1","	B01??(?)","	8.2","	2026-07-23 19:46:21"
"	69BA0CDE","	Chamber1","	1","	B01??(%RH)","	77","	2026-07-23 19:46:19"
"	69BA0CDE","	Chamber1","	1","	B01??(?)","	8.1","	2026-07-23 19:46:19"
"	69BA0CDE","	Chamber1","	1","	B01??(%RH)","	77","	2026-07-23 19:46:17"
"	69BA0CDE","	Chamber1","	1","	B01??(?)","	8.2","	2026-07-23 19:46:17"
"	69BA0CDE","	Chamber1","	1","	B01??(%RH)","	76.9","	2026-07-23 19:46:15"
"	69BA0CDE","	Chamber1","	1","	B01??(?)","	8.2","	2026-07-23 19:46:15"
"	69BA0CDE","	Chamber1","	1","	B01??(%RH)","	76.9","	2026-07-23 19:46:13"
"	69BA0CDE","	Chamber1","	1","	B01??(?)","	8.2","	2026-07-23 19:46:13"
"	69BA0CDE","	Chamber1","	1","	B01??(%RH)","	76.9","	2026-07-23 19:46:11"
"	69BA0CDE","	Chamber1","	1","	B01??(?)","	8.2","	2026-07-23 19:46:11"
"	69BA0CDE","	Chamber1","	1","	B01??(%RH)","	76.9","	2026-07-23 19:46:09"
"	69BA0CDE","	Chamber1","	1","	B01??(?)","	8.2","	2026-07-23 19:46:09"
"	69BA0CDE","	Chamber1","	1","	B01??(%RH)","	76.9","	2026-07-23 19:46:07"
"	69BA0CDE","	Chamber1","	1","	B01??(?)","	8.2","	2026-07-23 19:46:07"
"	69BA0CDE","	Chamber1","	1","	B01??(%RH)","	76.9","	2026-07-23 19:46:05"
"	69BA0CDE","	Chamber1","	1","	B01??(?)","	8.2","	2026-07-23 19:46:05"
"	69BA0CDE","	Chamber1","	1","	B01??(%RH)","	76.9","	2026-07-23 19:46:03"
"	69BA0CDE","	Chamber1","	1","	B01??(?)","	8.2","	2026-07-23 19:46:03"
"	69BA0CDE","	Chamber1","	1","	B01??(%RH)","	76.8","	2026-07-23 19:46:01"
"	69BA0CDE","	Chamber1","	1","	B01??(?)","	8.2","	2026-07-23 19:46:01"
"	69BA0CDE","	Chamber1","	1","	B01??(%RH)","	76.8","	2026-07-23 19:45:59"
"	69BA0CDE","	Chamber1","	1","	B01??(?)","	8.2","	2026-07-23 19:45:59"
"	69BA0CDE","	Chamber1","	1","	B01??(%RH)","	76.8","	2026-07-23 19:45:57"
"	69BA0CDE","	Chamber1","	1","	B01??(?)","	8.2","	2026-07-23 19:45:57"
"	69BA0CDE","	Chamber1","	1","	B01??(%RH)","	76.8","	2026-07-23 19:45:55"
"	69BA0CDE","	Chamber1","	1","	B01??(?)","	8.2","	2026-07-23 19:45:55"
"	69BA0CDE","	Chamber1","	1","	B01??(%RH)","	76.8","	2026-07-23 19:45:53"
"	69BA0CDE","	Chamber1","	1","	B01??(?)","	8.2","	2026-07-23 19:45:53"
"	69BA0CDE","	Chamber1","	1","	B01??(%RH)","	76.7","	2026-07-23 19:45:51"
"	69BA0CDE","	Chamber1","	1","	B01??(?)","	8.2","	2026-07-23 19:45:51"
"	69BA0CDE","	Chamber1","	1","	B01??(%RH)","	76.7","	2026-07-23 19:45:49"
"	69BA0CDE","	Chamber1","	1","	B01??(?)","	8.2","	2026-07-23 19:45:49"
"	69BA0CDE","	Chamber1","	1","	B01??(%RH)","	76.7","	2026-07-23 19:45:47"
"	69BA0CDE","	Chamber1","	1","	B01??(?)","	8.2","	2026-07-23 19:45:47"
"	69BA0CDE","	Chamber1","	1","	B01??(%RH)","	76.7","	2026-07-23 19:45:44"
"	69BA0CDE","	Chamber1","	1","	B01??(?)","	8.2","	2026-07-23 19:45:44"
"	69BA0CDE","	Chamber1","	1","	B01??(%RH)","	76.7","	2026-07-23 19:45:42"
"	69BA0CDE","	Chamber1","	1","	B01??(?)","	8.2","	2026-07-23 19:45:42"
"	69BA0CDE","	Chamber1","	1","	B01??(%RH)","	76.7","	2026-07-23 19:45:40"
"	69BA0CDE","	Chamber1","	1","	B01??(?)","	8.2","	2026-07-23 19:45:40"
"	69BA0CDE","	Chamber1","	1","	B01??(%RH)","	76.7","	2026-07-23 19:45:38"
"	69BA0CDE","	Chamber1","	1","	B01??(?)","	8.2","	2026-07-23 19:45:38"
"	69BA0CDE","	Chamber1","	1","	B01??(%RH)","	76.6","	2026-07-23 19:45:36"
"	69BA0CDE","	Chamber1","	1","	B01??(?)","	8.2","	2026-07-23 19:45:36"
"	69BA0CDE","	Chamber1","	1","	B01??(%RH)","	76.6","	2026-07-23 19:45:34"
"	69BA0CDE","	Chamber1","	1","	B01??(?)","	8.2","	2026-07-23 19:45:34"
"	69BA0CDE","	Chamber1","	1","	B01??(%RH)","	76.6","	2026-07-23 19:45:32"
"	69BA0CDE","	Chamber1","	1","	B01??(?)","	8.2","	2026-07-23 19:45:32"
"	69BA0CDE","	Chamber1","	1","	B01??(%RH)","	76.6","	2026-07-23 19:45:30"
"	69BA0CDE","	Chamber1","	1","	B01??(?)","	8.2","	2026-07-23 19:45:30"
"	69BA0CDE","	Chamber1","	1","	B01??(%RH)","	76.6","	2026-07-23 19:45:28"
"	69BA0CDE","	Chamber1","	1","	B01??(?)","	8.3","	2026-07-23 19:45:28"
"	69BA0CDE","	Chamber1","	1","	B01??(%RH)","	76.5","	2026-07-23 19:45:26"
"	69BA0CDE","	Chamber1","	1","	B01??(?)","	8.2","	2026-07-23 19:45:26"
"	69BA0CDE","	Chamber1","	1","	B01??(%RH)","	76.5","	2026-07-23 19:45:24"
"	69BA0CDE","	Chamber1","	1","	B01??(?)","	8.3","	2026-07-23 19:45:24"
"	69BA0CDE","	Chamber1","	1","	B01??(%RH)","	76.5","	2026-07-23 19:45:22"
"	69BA0CDE","	Chamber1","	1","	B01??(?)","	8.3","	2026-07-23 19:45:22"
"	69BA0CDE","	Chamber1","	1","	B01??(%RH)","	76.5","	2026-07-23 19:45:20"
"	69BA0CDE","	Chamber1","	1","	B01??(?)","	8.3","	2026-07-23 19:45:20"
"	69BA0CDE","	Chamber1","	1","	B01??(%RH)","	76.5","	2026-07-23 19:45:18"
"	69BA0CDE","	Chamber1","	1","	B01??(?)","	8.3","	2026-07-23 19:45:18"
"	69BA0CDE","	Chamber1","	1","	B01??(%RH)","	76.4","	2026-07-23 19:45:16"
"	69BA0CDE","	Chamber1","	1","	B01??(?)","	8.3","	2026-07-23 19:45:16"
"	69BA0CDE","	Chamber1","	1","	B01??(%RH)","	76.4","	2026-07-23 19:45:14"
"	69BA0CDE","	Chamber1","	1","	B01??(?)","	8.3","	2026-07-23 19:45:14"
"	69BA0CDE","	Chamber1","	1","	B01??(%RH)","	76.4","	2026-07-23 19:45:12"
"	69BA0CDE","	Chamber1","	1","	B01??(?)","	8.3","	2026-07-23 19:45:12"
"	69BA0CDE","	Chamber1","	1","	B01??(%RH)","	76.4","	2026-07-23 19:45:10"
"	69BA0CDE","	Chamber1","	1","	B01??(?)","	8.3","	2026-07-23 19:45:10"
"	69BA0CDE","	Chamber1","	1","	B01??(%RH)","	76.4","	2026-07-23 19:45:08"
"	69BA0CDE","	Chamber1","	1","	B01??(?)","	8.3","	2026-07-23 19:45:08"
"	69BA0CDE","	Chamber1","	1","	B01??(%RH)","	76.3","	2026-07-23 19:45:06"
"	69BA0CDE","	Chamber1","	1","	B01??(?)","	8.3","	2026-07-23 19:45:06"
"	69BA0CDE","	Chamber1","	1","	B01??(%RH)","	76.3","	2026-07-23 19:45:04"
"	69BA0CDE","	Chamber1","	1","	B01??(?)","	8.3","	2026-07-23 19:45:04"
"	69BA0CDE","	Chamber1","	1","	B01??(%RH)","	76.3","	2026-07-23 19:45:01"
"	69BA0CDE","	Chamber1","	1","	B01??(?)","	8.3","	2026-07-23 19:45:01"
"	69BA0CDE","	Chamber1","	1","	B01??(%RH)","	76.3","	2026-07-23 19:44:59"
"	69BA0CDE","	Chamber1","	1","	B01??(?)","	8.3","	2026-07-23 19:44:59"
"	69BA0CDE","	Chamber1","	1","	B01??(%RH)","	76.3","	2026-07-23 19:44:57"
"	69BA0CDE","	Chamber1","	1","	B01??(?)","	8.3","	2026-07-23 19:44:57"
"	69BA0CDE","	Chamber1","	1","	B01??(%RH)","	76.3","	2026-07-23 19:44:55"
"	69BA0CDE","	Chamber1","	1","	B01??(?)","	8.3","	2026-07-23 19:44:55"
"	69BA0CDE","	Chamber1","	1","	B01??(%RH)","	76.2","	2026-07-23 19:44:53"
"	69BA0CDE","	Chamber1","	1","	B01??(?)","	8.3","	2026-07-23 19:44:53"
"	69BA0CDE","	Chamber1","	1","	B01??(%RH)","	76.2","	2026-07-23 19:44:51"
"	69BA0CDE","	Chamber1","	1","	B01??(?)","	8.3","	2026-07-23 19:44:51"
"	69BA0CDE","	Chamber1","	1","	B01??(%RH)","	76.2","	2026-07-23 19:44:49"
"	69BA0CDE","	Chamber1","	1","	B01??(?)","	8.3","	2026-07-23 19:44:49"
"	69BA0CDE","	Chamber1","	1","	B01??(%RH)","	76.2","	2026-07-23 19:44:47"
"	69BA0CDE","	Chamber1","	1","	B01??(?)","	8.3","	2026-07-23 19:44:47"
"	69BA0CDE","	Chamber1","	1","	B01??(%RH)","	76.2","	2026-07-23 19:44:45"
"	69BA0CDE","	Chamber1","	1","	B01??(?)","	8.4","	2026-07-23 19:44:45"
"	69BA0CDE","	Chamber1","	1","	B01??(%RH)","	76.2","	2026-07-23 19:44:43"
"	69BA0CDE","	Chamber1","	1","	B01??(?)","	8.4","	2026-07-23 19:44:43"
"	69BA0CDE","	Chamber1","	1","	B01??(%RH)","	76.1","	2026-07-23 19:44:41"
"	69BA0CDE","	Chamber1","	1","	B01??(?)","	8.4","	2026-07-23 19:44:41"
"	69BA0CDE","	Chamber1","	1","	B01??(%RH)","	76.1","	2026-07-23 19:44:39"
"	69BA0CDE","	Chamber1","	1","	B01??(?)","	8.4","	2026-07-23 19:44:39"
"	69BA0CDE","	Chamber1","	1","	B01??(%RH)","	76.1","	2026-07-23 19:44:37"
"	69BA0CDE","	Chamber1","	1","	B01??(?)","	8.4","	2026-07-23 19:44:37"
"	69BA0CDE","	Chamber1","	1","	B01??(%RH)","	76.1","	2026-07-23 19:44:35"
"	69BA0CDE","	Chamber1","	1","	B01??(?)","	8.3","	2026-07-23 19:44:35"
"	69BA0CDE","	Chamber1","	1","	B01??(%RH)","	76.1","	2026-07-23 19:44:33"
"	69BA0CDE","	Chamber1","	1","	B01??(?)","	8.4","	2026-07-23 19:44:33"
"	69BA0CDE","	Chamber1","	1","	B01??(%RH)","	76","	2026-07-23 19:44:31"
"	69BA0CDE","	Chamber1","	1","	B01??(?)","	8.4","	2026-07-23 19:44:31"
"	69BA0CDE","	Chamber1","	1","	B01??(%RH)","	76","	2026-07-23 19:44:29"
"	69BA0CDE","	Chamber1","	1","	B01??(?)","	8.4","	2026-07-23 19:44:29"
"	69BA0CDE","	Chamber1","	1","	B01??(%RH)","	76","	2026-07-23 19:44:27"
"	69BA0CDE","	Chamber1","	1","	B01??(?)","	8.4","	2026-07-23 19:44:27"
"	69BA0CDE","	Chamber1","	1","	B01??(%RH)","	76","	2026-07-23 19:44:25"
"	69BA0CDE","	Chamber1","	1","	B01??(?)","	8.4","	2026-07-23 19:44:25"
"	69BA0CDE","	Chamber1","	1","	B01??(%RH)","	76","	2026-07-23 19:44:23"
"	69BA0CDE","	Chamber1","	1","	B01??(?)","	8.4","	2026-07-23 19:44:23"
"	69BA0CDE","	Chamber1","	1","	B01??(%RH)","	75.9","	2026-07-23 19:44:21"
"	69BA0CDE","	Chamber1","	1","	B01??(?)","	8.4","	2026-07-23 19:44:21"
"	69BA0CDE","	Chamber1","	1","	B01??(%RH)","	75.9","	2026-07-23 19:44:18"
"	69BA0CDE","	Chamber1","	1","	B01??(?)","	8.4","	2026-07-23 19:44:18"
"	69BA0CDE","	Chamber1","	1","	B01??(%RH)","	75.9","	2026-07-23 19:44:16"
"	69BA0CDE","	Chamber1","	1","	B01??(?)","	8.4","	2026-07-23 19:44:16"
"	69BA0CDE","	Chamber1","	1","	B01??(%RH)","	75.9","	2026-07-23 19:44:14"
"	69BA0CDE","	Chamber1","	1","	B01??(?)","	8.4","	2026-07-23 19:44:14"
"	69BA0CDE","	Chamber1","	1","	B01??(%RH)","	75.8","	2026-07-23 19:44:12"
"	69BA0CDE","	Chamber1","	1","	B01??(?)","	8.4","	2026-07-23 19:44:12"
"	69BA0CDE","	Chamber1","	1","	B01??(%RH)","	75.8","	2026-07-23 19:44:10"
"	69BA0CDE","	Chamber1","	1","	B01??(?)","	8.5","	2026-07-23 19:44:10"
"	69BA0CDE","	Chamber1","	1","	B01??(%RH)","	75.8","	2026-07-23 19:44:08"
"	69BA0CDE","	Chamber1","	1","	B01??(?)","	8.4","	2026-07-23 19:44:08"
"	69BA0CDE","	Chamber1","	1","	B01??(%RH)","	75.8","	2026-07-23 19:44:06"
"	69BA0CDE","	Chamber1","	1","	B01??(?)","	8.5","	2026-07-23 19:44:06"
"	69BA0CDE","	Chamber1","	1","	B01??(%RH)","	75.8","	2026-07-23 19:44:04"
"	69BA0CDE","	Chamber1","	1","	B01??(?)","	8.5","	2026-07-23 19:44:04"
"	69BA0CDE","	Chamber1","	1","	B01??(%RH)","	75.8","	2026-07-23 19:44:02"
"	69BA0CDE","	Chamber1","	1","	B01??(?)","	8.5","	2026-07-23 19:44:02"
"	69BA0CDE","	Chamber1","	1","	B01??(%RH)","	75.7","	2026-07-23 19:44:00"
"	69BA0CDE","	Chamber1","	1","	B01??(?)","	8.5","	2026-07-23 19:44:00"
"	69BA0CDE","	Chamber1","	1","	B01??(%RH)","	75.7","	2026-07-23 19:43:58"
"	69BA0CDE","	Chamber1","	1","	B01??(?)","	8.5","	2026-07-23 19:43:58"
"	69BA0CDE","	Chamber1","	1","	B01??(%RH)","	75.7","	2026-07-23 19:43:56"
"	69BA0CDE","	Chamber1","	1","	B01??(?)","	8.5","	2026-07-23 19:43:56"
"	69BA0CDE","	Chamber1","	1","	B01??(%RH)","	75.7","	2026-07-23 19:43:54"
"	69BA0CDE","	Chamber1","	1","	B01??(?)","	8.5","	2026-07-23 19:43:54"
"	69BA0CDE","	Chamber1","	1","	B01??(%RH)","	75.7","	2026-07-23 19:43:52"
"	69BA0CDE","	Chamber1","	1","	B01??(?)","	8.5","	2026-07-23 19:43:52"
"	69BA0CDE","	Chamber1","	1","	B01??(%RH)","	75.7","	2026-07-23 19:43:50"
"	69BA0CDE","	Chamber1","	1","	B01??(?)","	8.5","	2026-07-23 19:43:50"
"	69BA0CDE","	Chamber1","	1","	B01??(%RH)","	75.6","	2026-07-23 19:43:48"
"	69BA0CDE","	Chamber1","	1","	B01??(?)","	8.5","	2026-07-23 19:43:48"
"	69BA0CDE","	Chamber1","	1","	B01??(%RH)","	75.6","	2026-07-23 19:43:46"
"	69BA0CDE","	Chamber1","	1","	B01??(?)","	8.5","	2026-07-23 19:43:46"
"	69BA0CDE","	Chamber1","	1","	B01??(%RH)","	75.6","	2026-07-23 19:43:44"
"	69BA0CDE","	Chamber1","	1","	B01??(?)","	8.5","	2026-07-23 19:43:44"
"	69BA0CDE","	Chamber1","	1","	B01??(%RH)","	75.6","	2026-07-23 19:43:42"
"	69BA0CDE","	Chamber1","	1","	B01??(?)","	8.5","	2026-07-23 19:43:42"
"	69BA0CDE","	Chamber1","	1","	B01??(%RH)","	75.5","	2026-07-23 19:43:40"
"	69BA0CDE","	Chamber1","	1","	B01??(?)","	8.5","	2026-07-23 19:43:40"
"	69BA0CDE","	Chamber1","	1","	B01??(%RH)","	75.5","	2026-07-23 19:43:38"
"	69BA0CDE","	Chamber1","	1","	B01??(?)","	8.5","	2026-07-23 19:43:38"
"	69BA0CDE","	Chamber1","	1","	B01??(%RH)","	75.5","	2026-07-23 19:43:35"
"	69BA0CDE","	Chamber1","	1","	B01??(?)","	8.5","	2026-07-23 19:43:35"
"	69BA0CDE","	Chamber1","	1","	B01??(%RH)","	75.5","	2026-07-23 19:43:33"
"	69BA0CDE","	Chamber1","	1","	B01??(?)","	8.5","	2026-07-23 19:43:33"
"	69BA0CDE","	Chamber1","	1","	B01??(%RH)","	75.4","	2026-07-23 19:43:31"
"	69BA0CDE","	Chamber1","	1","	B01??(?)","	8.5","	2026-07-23 19:43:31"
"	69BA0CDE","	Chamber1","	1","	B01??(%RH)","	75.4","	2026-07-23 19:43:29"
"	69BA0CDE","	Chamber1","	1","	B01??(?)","	8.5","	2026-07-23 19:43:29"
"	69BA0CDE","	Chamber1","	1","	B01??(%RH)","	75.4","	2026-07-23 19:43:27"
"	69BA0CDE","	Chamber1","	1","	B01??(?)","	8.6","	2026-07-23 19:43:27"
"	69BA0CDE","	Chamber1","	1","	B01??(%RH)","	75.4","	2026-07-23 19:43:25"
"	69BA0CDE","	Chamber1","	1","	B01??(?)","	8.6","	2026-07-23 19:43:25"
"	69BA0CDE","	Chamber1","	1","	B01??(%RH)","	75.4","	2026-07-23 19:43:23"
"	69BA0CDE","	Chamber1","	1","	B01??(?)","	8.6","	2026-07-23 19:43:23"
"	69BA0CDE","	Chamber1","	1","	B01??(%RH)","	75.4","	2026-07-23 19:43:21"
"	69BA0CDE","	Chamber1","	1","	B01??(?)","	8.6","	2026-07-23 19:43:21"
"	69BA0CDE","	Chamber1","	1","	B01??(%RH)","	75.3","	2026-07-23 19:43:19"
"	69BA0CDE","	Chamber1","	1","	B01??(?)","	8.6","	2026-07-23 19:43:19"
"	69BA0CDE","	Chamber1","	1","	B01??(%RH)","	75.3","	2026-07-23 19:43:17"
"	69BA0CDE","	Chamber1","	1","	B01??(?)","	8.6","	2026-07-23 19:43:17"
"	69BA0CDE","	Chamber1","	1","	B01??(%RH)","	75.3","	2026-07-23 19:43:15"
"	69BA0CDE","	Chamber1","	1","	B01??(?)","	8.6","	2026-07-23 19:43:15"
"	69BA0CDE","	Chamber1","	1","	B01??(%RH)","	75.3","	2026-07-23 19:43:13"
"	69BA0CDE","	Chamber1","	1","	B01??(?)","	8.6","	2026-07-23 19:43:13"
"	69BA0CDE","	Chamber1","	1","	B01??(%RH)","	75.2","	2026-07-23 19:43:11"
"	69BA0CDE","	Chamber1","	1","	B01??(?)","	8.6","	2026-07-23 19:43:11"
"	69BA0CDE","	Chamber1","	1","	B01??(%RH)","	75.2","	2026-07-23 19:43:09"
"	69BA0CDE","	Chamber1","	1","	B01??(?)","	8.6","	2026-07-23 19:43:09"
"	69BA0CDE","	Chamber1","	1","	B01??(%RH)","	75.2","	2026-07-23 19:43:07"
"	69BA0CDE","	Chamber1","	1","	B01??(?)","	8.6","	2026-07-23 19:43:07"
"	69BA0CDE","	Chamber1","	1","	B01??(%RH)","	75.2","	2026-07-23 19:43:05"
"	69BA0CDE","	Chamber1","	1","	B01??(?)","	8.6","	2026-07-23 19:43:05"
"	69BA0CDE","	Chamber1","	1","	B01??(%RH)","	75.2","	2026-07-23 19:43:03"
"	69BA0CDE","	Chamber1","	1","	B01??(?)","	8.6","	2026-07-23 19:43:03"
"	69BA0CDE","	Chamber1","	1","	B01??(%RH)","	75.2","	2026-07-23 19:43:01"
"	69BA0CDE","	Chamber1","	1","	B01??(?)","	8.6","	2026-07-23 19:43:01"
"	69BA0CDE","	Chamber1","	1","	B01??(%RH)","	75.1","	2026-07-23 19:42:59"
"	69BA0CDE","	Chamber1","	1","	B01??(?)","	8.6","	2026-07-23 19:42:59"
"	69BA0CDE","	Chamber1","	1","	B01??(%RH)","	75.1","	2026-07-23 19:42:57"
"	69BA0CDE","	Chamber1","	1","	B01??(?)","	8.7","	2026-07-23 19:42:57"
"	69BA0CDE","	Chamber1","	1","	B01??(%RH)","	75.1","	2026-07-23 19:42:55"
"	69BA0CDE","	Chamber1","	1","	B01??(?)","	8.7","	2026-07-23 19:42:55"
"	69BA0CDE","	Chamber1","	1","	B01??(%RH)","	75.1","	2026-07-23 19:42:53"
"	69BA0CDE","	Chamber1","	1","	B01??(?)","	8.6","	2026-07-23 19:42:53"
"	69BA0CDE","	Chamber1","	1","	B01??(%RH)","	75","	2026-07-23 19:42:50"
"	69BA0CDE","	Chamber1","	1","	B01??(?)","	8.7","	2026-07-23 19:42:50"
"	69BA0CDE","	Chamber1","	1","	B01??(%RH)","	75","	2026-07-23 19:42:48"
"	69BA0CDE","	Chamber1","	1","	B01??(?)","	8.7","	2026-07-23 19:42:48"
"	69BA0CDE","	Chamber1","	1","	B01??(%RH)","	75","	2026-07-23 19:42:46"
"	69BA0CDE","	Chamber1","	1","	B01??(?)","	8.7","	2026-07-23 19:42:46"
"	69BA0CDE","	Chamber1","	1","	B01??(%RH)","	75","	2026-07-23 19:42:44"
"	69BA0CDE","	Chamber1","	1","	B01??(?)","	8.7","	2026-07-23 19:42:44"
"	69BA0CDE","	Chamber1","	1","	B01??(%RH)","	75","	2026-07-23 19:42:42"
"	69BA0CDE","	Chamber1","	1","	B01??(?)","	8.7","	2026-07-23 19:42:42"
"	69BA0CDE","	Chamber1","	1","	B01??(%RH)","	75","	2026-07-23 19:42:40"
"	69BA0CDE","	Chamber1","	1","	B01??(?)","	8.7","	2026-07-23 19:42:40"
"	69BA0CDE","	Chamber1","	1","	B01??(%RH)","	74.9","	2026-07-23 19:42:38"
"	69BA0CDE","	Chamber1","	1","	B01??(?)","	8.7","	2026-07-23 19:42:38"
"	69BA0CDE","	Chamber1","	1","	B01??(%RH)","	74.9","	2026-07-23 19:42:36"
"	69BA0CDE","	Chamber1","	1","	B01??(?)","	8.7","	2026-07-23 19:42:36"
"	69BA0CDE","	Chamber1","	1","	B01??(%RH)","	74.9","	2026-07-23 19:42:34"
"	69BA0CDE","	Chamber1","	1","	B01??(?)","	8.7","	2026-07-23 19:42:34"
"	69BA0CDE","	Chamber1","	1","	B01??(%RH)","	74.8","	2026-07-23 19:42:32"
"	69BA0CDE","	Chamber1","	1","	B01??(?)","	8.7","	2026-07-23 19:42:32"
"	69BA0CDE","	Chamber1","	1","	B01??(%RH)","	74.8","	2026-07-23 19:42:30"
"	69BA0CDE","	Chamber1","	1","	B01??(?)","	8.7","	2026-07-23 19:42:30"
"	69BA0CDE","	Chamber1","	1","	B01??(%RH)","	74.8","	2026-07-23 19:42:28"
"	69BA0CDE","	Chamber1","	1","	B01??(?)","	8.7","	2026-07-23 19:42:28"
"	69BA0CDE","	Chamber1","	1","	B01??(%RH)","	74.8","	2026-07-23 19:42:26"
"	69BA0CDE","	Chamber1","	1","	B01??(?)","	8.7","	2026-07-23 19:42:26"
"	69BA0CDE","	Chamber1","	1","	B01??(%RH)","	74.8","	2026-07-23 19:42:24"
"	69BA0CDE","	Chamber1","	1","	B01??(?)","	8.8","	2026-07-23 19:42:24"
"	69BA0CDE","	Chamber1","	1","	B01??(%RH)","	74.8","	2026-07-23 19:42:22"
"	69BA0CDE","	Chamber1","	1","	B01??(?)","	8.8","	2026-07-23 19:42:22"
"	69BA0CDE","	Chamber1","	1","	B01??(%RH)","	74.8","	2026-07-23 19:42:20"
"	69BA0CDE","	Chamber1","	1","	B01??(?)","	8.7","	2026-07-23 19:42:20"
"	69BA0CDE","	Chamber1","	1","	B01??(%RH)","	74.7","	2026-07-23 19:42:18"
"	69BA0CDE","	Chamber1","	1","	B01??(?)","	8.7","	2026-07-23 19:42:18"
"	69BA0CDE","	Chamber1","	1","	B01??(%RH)","	74.7","	2026-07-23 19:42:16"
"	69BA0CDE","	Chamber1","	1","	B01??(?)","	8.8","	2026-07-23 19:42:16"
"	69BA0CDE","	Chamber1","	1","	B01??(%RH)","	74.7","	2026-07-23 19:42:14"
"	69BA0CDE","	Chamber1","	1","	B01??(?)","	8.8","	2026-07-23 19:42:14"
"	69BA0CDE","	Chamber1","	1","	B01??(%RH)","	74.7","	2026-07-23 19:42:12"
"	69BA0CDE","	Chamber1","	1","	B01??(?)","	8.8","	2026-07-23 19:42:12"
"	69BA0CDE","	Chamber1","	1","	B01??(%RH)","	74.6","	2026-07-23 19:42:10"
"	69BA0CDE","	Chamber1","	1","	B01??(?)","	8.8","	2026-07-23 19:42:10"
"	69BA0CDE","	Chamber1","	1","	B01??(%RH)","	74.6","	2026-07-23 19:42:07"
"	69BA0CDE","	Chamber1","	1","	B01??(?)","	8.8","	2026-07-23 19:42:07"
"	69BA0CDE","	Chamber1","	1","	B01??(%RH)","	74.6","	2026-07-23 19:42:05"
"	69BA0CDE","	Chamber1","	1","	B01??(?)","	8.8","	2026-07-23 19:42:05"
"	69BA0CDE","	Chamber1","	1","	B01??(%RH)","	74.6","	2026-07-23 19:42:03"
"	69BA0CDE","	Chamber1","	1","	B01??(?)","	8.8","	2026-07-23 19:42:03"
"	69BA0CDE","	Chamber1","	1","	B01??(%RH)","	74.6","	2026-07-23 19:42:01"
"	69BA0CDE","	Chamber1","	1","	B01??(?)","	8.8","	2026-07-23 19:42:01"
"	69BA0CDE","	Chamber1","	1","	B01??(%RH)","	74.5","	2026-07-23 19:41:59"
"	69BA0CDE","	Chamber1","	1","	B01??(?)","	8.8","	2026-07-23 19:41:59"
"	69BA0CDE","	Chamber1","	1","	B01??(%RH)","	74.5","	2026-07-23 19:41:57"
"	69BA0CDE","	Chamber1","	1","	B01??(?)","	8.8","	2026-07-23 19:41:57"
"	69BA0CDE","	Chamber1","	1","	B01??(%RH)","	74.5","	2026-07-23 19:41:55"
"	69BA0CDE","	Chamber1","	1","	B01??(?)","	8.8","	2026-07-23 19:41:55"
"	69BA0CDE","	Chamber1","	1","	B01??(%RH)","	74.5","	2026-07-23 19:41:53"
"	69BA0CDE","	Chamber1","	1","	B01??(?)","	8.9","	2026-07-23 19:41:53"
"	69BA0CDE","	Chamber1","	1","	B01??(%RH)","	74.4","	2026-07-23 19:41:51"
"	69BA0CDE","	Chamber1","	1","	B01??(?)","	8.9","	2026-07-23 19:41:51"
"	69BA0CDE","	Chamber1","	1","	B01??(%RH)","	74.5","	2026-07-23 19:41:49"
"	69BA0CDE","	Chamber1","	1","	B01??(?)","	8.9","	2026-07-23 19:41:49"
"	69BA0CDE","	Chamber1","	1","	B01??(%RH)","	74.4","	2026-07-23 19:41:47"
"	69BA0CDE","	Chamber1","	1","	B01??(?)","	8.8","	2026-07-23 19:41:47"
"	69BA0CDE","	Chamber1","	1","	B01??(%RH)","	74.4","	2026-07-23 19:41:45"
"	69BA0CDE","	Chamber1","	1","	B01??(?)","	8.9","	2026-07-23 19:41:45"
"	69BA0CDE","	Chamber1","	1","	B01??(%RH)","	74.4","	2026-07-23 19:41:43"
"	69BA0CDE","	Chamber1","	1","	B01??(?)","	8.9","	2026-07-23 19:41:43"
"	69BA0CDE","	Chamber1","	1","	B01??(%RH)","	74.4","	2026-07-23 19:41:41"
"	69BA0CDE","	Chamber1","	1","	B01??(?)","	8.9","	2026-07-23 19:41:41"
"	69BA0CDE","	Chamber1","	1","	B01??(%RH)","	74.3","	2026-07-23 19:41:39"
"	69BA0CDE","	Chamber1","	1","	B01??(?)","	8.9","	2026-07-23 19:41:39"
"	69BA0CDE","	Chamber1","	1","	B01??(%RH)","	74.3","	2026-07-23 19:41:37"
"	69BA0CDE","	Chamber1","	1","	B01??(?)","	8.9","	2026-07-23 19:41:37"
"	69BA0CDE","	Chamber1","	1","	B01??(%RH)","	74.3","	2026-07-23 19:41:35"
"	69BA0CDE","	Chamber1","	1","	B01??(?)","	8.9","	2026-07-23 19:41:35"
"	69BA0CDE","	Chamber1","	1","	B01??(%RH)","	74.3","	2026-07-23 19:41:33"
"	69BA0CDE","	Chamber1","	1","	B01??(?)","	8.9","	2026-07-23 19:41:33"
"	69BA0CDE","	Chamber1","	1","	B01??(%RH)","	74.2","	2026-07-23 19:41:31"
"	69BA0CDE","	Chamber1","	1","	B01??(?)","	8.9","	2026-07-23 19:41:31"
"	69BA0CDE","	Chamber1","	1","	B01??(%RH)","	74.2","	2026-07-23 19:41:29"
"	69BA0CDE","	Chamber1","	1","	B01??(?)","	8.9","	2026-07-23 19:41:29"
"	69BA0CDE","	Chamber1","	1","	B01??(%RH)","	74.1","	2026-07-23 19:41:27"
"	69BA0CDE","	Chamber1","	1","	B01??(?)","	8.9","	2026-07-23 19:41:27"
"	69BA0CDE","	Chamber1","	1","	B01??(%RH)","	74.2","	2026-07-23 19:41:25"
"	69BA0CDE","	Chamber1","	1","	B01??(?)","	8.9","	2026-07-23 19:41:25"
"	69BA0CDE","	Chamber1","	1","	B01??(%RH)","	74.1","	2026-07-23 19:41:22"
"	69BA0CDE","	Chamber1","	1","	B01??(?)","	8.9","	2026-07-23 19:41:22"
"	69BA0CDE","	Chamber1","	1","	B01??(%RH)","	74.1","	2026-07-23 19:41:20"
"	69BA0CDE","	Chamber1","	1","	B01??(?)","	8.9","	2026-07-23 19:41:20"
"	69BA0CDE","	Chamber1","	1","	B01??(%RH)","	74.1","	2026-07-23 19:41:18"
"	69BA0CDE","	Chamber1","	1","	B01??(?)","	9","	2026-07-23 19:41:18"
"	69BA0CDE","	Chamber1","	1","	B01??(%RH)","	74.1","	2026-07-23 19:41:16"
"	69BA0CDE","	Chamber1","	1","	B01??(?)","	8.9","	2026-07-23 19:41:16"
"	69BA0CDE","	Chamber1","	1","	B01??(%RH)","	74.1","	2026-07-23 19:41:14"
"	69BA0CDE","	Chamber1","	1","	B01??(?)","	9","	2026-07-23 19:41:14"
"	69BA0CDE","	Chamber1","	1","	B01??(%RH)","	74","	2026-07-23 19:41:12"
"	69BA0CDE","	Chamber1","	1","	B01??(?)","	9","	2026-07-23 19:41:12"
"	69BA0CDE","	Chamber1","	1","	B01??(%RH)","	74","	2026-07-23 19:41:10"
"	69BA0CDE","	Chamber1","	1","	B01??(?)","	9","	2026-07-23 19:41:10"
"	69BA0CDE","	Chamber1","	1","	B01??(%RH)","	74","	2026-07-23 19:41:08"
"	69BA0CDE","	Chamber1","	1","	B01??(?)","	9","	2026-07-23 19:41:08"
"	69BA0CDE","	Chamber1","	1","	B01??(%RH)","	74","	2026-07-23 19:41:06"
"	69BA0CDE","	Chamber1","	1","	B01??(?)","	9","	2026-07-23 19:41:06"
"	69BA0CDE","	Chamber1","	1","	B01??(%RH)","	73.9","	2026-07-23 19:41:04"
"	69BA0CDE","	Chamber1","	1","	B01??(?)","	9","	2026-07-23 19:41:04"
"	69BA0CDE","	Chamber1","	1","	B01??(%RH)","	73.9","	2026-07-23 19:41:02"
"	69BA0CDE","	Chamber1","	1","	B01??(?)","	9","	2026-07-23 19:41:02"
"	69BA0CDE","	Chamber1","	1","	B01??(%RH)","	73.9","	2026-07-23 19:41:00"
"	69BA0CDE","	Chamber1","	1","	B01??(?)","	9","	2026-07-23 19:41:00"
"	69BA0CDE","	Chamber1","	1","	B01??(%RH)","	73.9","	2026-07-23 19:40:58"
"	69BA0CDE","	Chamber1","	1","	B01??(?)","	9","	2026-07-23 19:40:58"
"	69BA0CDE","	Chamber1","	1","	B01??(%RH)","	73.8","	2026-07-23 19:40:56"
"	69BA0CDE","	Chamber1","	1","	B01??(?)","	9","	2026-07-23 19:40:56"
"	69BA0CDE","	Chamber1","	1","	B01??(%RH)","	73.8","	2026-07-23 19:40:54"
"	69BA0CDE","	Chamber1","	1","	B01??(?)","	9.1","	2026-07-23 19:40:54"
"	69BA0CDE","	Chamber1","	1","	B01??(%RH)","	73.8","	2026-07-23 19:40:52"
"	69BA0CDE","	Chamber1","	1","	B01??(?)","	9.1","	2026-07-23 19:40:52"
"	69BA0CDE","	Chamber1","	1","	B01??(%RH)","	73.8","	2026-07-23 19:40:50"
"	69BA0CDE","	Chamber1","	1","	B01??(?)","	9.1","	2026-07-23 19:40:50"
"	69BA0CDE","	Chamber1","	1","	B01??(%RH)","	73.8","	2026-07-23 19:40:48"
"	69BA0CDE","	Chamber1","	1","	B01??(?)","	9.1","	2026-07-23 19:40:48"
"	69BA0CDE","	Chamber1","	1","	B01??(%RH)","	73.7","	2026-07-23 19:40:46"
"	69BA0CDE","	Chamber1","	1","	B01??(?)","	9.1","	2026-07-23 19:40:46"
"	69BA0CDE","	Chamber1","	1","	B01??(%RH)","	73.7","	2026-07-23 19:40:44"
"	69BA0CDE","	Chamber1","	1","	B01??(?)","	9.1","	2026-07-23 19:40:44"
"	69BA0CDE","	Chamber1","	1","	B01??(%RH)","	73.7","	2026-07-23 19:40:42"
"	69BA0CDE","	Chamber1","	1","	B01??(?)","	9.1","	2026-07-23 19:40:42"
"	69BA0CDE","	Chamber1","	1","	B01??(%RH)","	73.6","	2026-07-23 19:40:39"
"	69BA0CDE","	Chamber1","	1","	B01??(?)","	9.1","	2026-07-23 19:40:39"
"	69BA0CDE","	Chamber1","	1","	B01??(%RH)","	73.6","	2026-07-23 19:40:37"
"	69BA0CDE","	Chamber1","	1","	B01??(?)","	9.1","	2026-07-23 19:40:37"
"	69BA0CDE","	Chamber1","	1","	B01??(%RH)","	73.6","	2026-07-23 19:40:35"
"	69BA0CDE","	Chamber1","	1","	B01??(?)","	9.1","	2026-07-23 19:40:35"
"	69BA0CDE","	Chamber1","	1","	B01??(%RH)","	73.6","	2026-07-23 19:40:33"
"	69BA0CDE","	Chamber1","	1","	B01??(?)","	9.1","	2026-07-23 19:40:33"
"	69BA0CDE","	Chamber1","	1","	B01??(%RH)","	73.5","	2026-07-23 19:40:31"
"	69BA0CDE","	Chamber1","	1","	B01??(?)","	9.1","	2026-07-23 19:40:31"
"	69BA0CDE","	Chamber1","	1","	B01??(%RH)","	73.5","	2026-07-23 19:40:29"
"	69BA0CDE","	Chamber1","	1","	B01??(?)","	9.1","	2026-07-23 19:40:29"
"	69BA0CDE","	Chamber1","	1","	B01??(%RH)","	73.5","	2026-07-23 19:40:27"
"	69BA0CDE","	Chamber1","	1","	B01??(?)","	9.1","	2026-07-23 19:40:27"
"	69BA0CDE","	Chamber1","	1","	B01??(%RH)","	73.4","	2026-07-23 19:40:25"
"	69BA0CDE","	Chamber1","	1","	B01??(?)","	9.1","	2026-07-23 19:40:25"
"	69BA0CDE","	Chamber1","	1","	B01??(%RH)","	73.5","	2026-07-23 19:40:23"
"	69BA0CDE","	Chamber1","	1","	B01??(?)","	9.2","	2026-07-23 19:40:23"
"	69BA0CDE","	Chamber1","	1","	B01??(%RH)","	73.4","	2026-07-23 19:40:21"
"	69BA0CDE","	Chamber1","	1","	B01??(?)","	9.2","	2026-07-23 19:40:21"
"	69BA0CDE","	Chamber1","	1","	B01??(%RH)","	73.4","	2026-07-23 19:40:19"
"	69BA0CDE","	Chamber1","	1","	B01??(?)","	9.2","	2026-07-23 19:40:19"
"	69BA0CDE","	Chamber1","	1","	B01??(%RH)","	73.4","	2026-07-23 19:40:17"
"	69BA0CDE","	Chamber1","	1","	B01??(?)","	9.2","	2026-07-23 19:40:17"
"	69BA0CDE","	Chamber1","	1","	B01??(%RH)","	73.3","	2026-07-23 19:40:15"
"	69BA0CDE","	Chamber1","	1","	B01??(?)","	9.2","	2026-07-23 19:40:15"
"	69BA0CDE","	Chamber1","	1","	B01??(%RH)","	73.3","	2026-07-23 19:40:13"
"	69BA0CDE","	Chamber1","	1","	B01??(?)","	9.2","	2026-07-23 19:40:13"
"	69BA0CDE","	Chamber1","	1","	B01??(%RH)","	73.3","	2026-07-23 19:40:11"
"	69BA0CDE","	Chamber1","	1","	B01??(?)","	9.2","	2026-07-23 19:40:11"
"	69BA0CDE","	Chamber1","	1","	B01??(%RH)","	73.3","	2026-07-23 19:40:09"
"	69BA0CDE","	Chamber1","	1","	B01??(?)","	9.2","	2026-07-23 19:40:09"
"	69BA0CDE","	Chamber1","	1","	B01??(%RH)","	73.2","	2026-07-23 19:40:07"
"	69BA0CDE","	Chamber1","	1","	B01??(?)","	9.2","	2026-07-23 19:40:07"
"	69BA0CDE","	Chamber1","	1","	B01??(%RH)","	73.2","	2026-07-23 19:40:05"
"	69BA0CDE","	Chamber1","	1","	B01??(?)","	9.2","	2026-07-23 19:40:05"
"	69BA0CDE","	Chamber1","	1","	B01??(%RH)","	73.2","	2026-07-23 19:40:03"
"	69BA0CDE","	Chamber1","	1","	B01??(?)","	9.3","	2026-07-23 19:40:03"
"	69BA0CDE","	Chamber1","	1","	B01??(%RH)","	73.2","	2026-07-23 19:40:01"
"	69BA0CDE","	Chamber1","	1","	B01??(?)","	9.2","	2026-07-23 19:40:01"
"	69BA0CDE","	Chamber1","	1","	B01??(%RH)","	73.1","	2026-07-23 19:39:59"
"	69BA0CDE","	Chamber1","	1","	B01??(?)","	9.2","	2026-07-23 19:39:59"
"	69BA0CDE","	Chamber1","	1","	B01??(%RH)","	73.1","	2026-07-23 19:39:57"
"	69BA0CDE","	Chamber1","	1","	B01??(?)","	9.3","	2026-07-23 19:39:57"
"	69BA0CDE","	Chamber1","	1","	B01??(%RH)","	73.1","	2026-07-23 19:39:54"
"	69BA0CDE","	Chamber1","	1","	B01??(?)","	9.3","	2026-07-23 19:39:54"
"	69BA0CDE","	Chamber1","	1","	B01??(%RH)","	73.1","	2026-07-23 19:39:52"
"	69BA0CDE","	Chamber1","	1","	B01??(?)","	9.3","	2026-07-23 19:39:52"
"	69BA0CDE","	Chamber1","	1","	B01??(%RH)","	73","	2026-07-23 19:39:50"
"	69BA0CDE","	Chamber1","	1","	B01??(?)","	9.3","	2026-07-23 19:39:50"
"	69BA0CDE","	Chamber1","	1","	B01??(%RH)","	73","	2026-07-23 19:39:48"
"	69BA0CDE","	Chamber1","	1","	B01??(?)","	9.3","	2026-07-23 19:39:48"
"	69BA0CDE","	Chamber1","	1","	B01??(%RH)","	73","	2026-07-23 19:39:46"
"	69BA0CDE","	Chamber1","	1","	B01??(?)","	9.3","	2026-07-23 19:39:46"
"	69BA0CDE","	Chamber1","	1","	B01??(%RH)","	73","	2026-07-23 19:39:44"
"	69BA0CDE","	Chamber1","	1","	B01??(?)","	9.3","	2026-07-23 19:39:44"
"	69BA0CDE","	Chamber1","	1","	B01??(%RH)","	73","	2026-07-23 19:39:42"
"	69BA0CDE","	Chamber1","	1","	B01??(?)","	9.3","	2026-07-23 19:39:42"
"	69BA0CDE","	Chamber1","	1","	B01??(%RH)","	72.9","	2026-07-23 19:39:40"
"	69BA0CDE","	Chamber1","	1","	B01??(?)","	9.4","	2026-07-23 19:39:40"
"	69BA0CDE","	Chamber1","	1","	B01??(%RH)","	72.9","	2026-07-23 19:39:38"
"	69BA0CDE","	Chamber1","	1","	B01??(?)","	9.3","	2026-07-23 19:39:38"
"	69BA0CDE","	Chamber1","	1","	B01??(%RH)","	72.9","	2026-07-23 19:39:36"
"	69BA0CDE","	Chamber1","	1","	B01??(?)","	9.4","	2026-07-23 19:39:36"
"	69BA0CDE","	Chamber1","	1","	B01??(%RH)","	72.9","	2026-07-23 19:39:34"
"	69BA0CDE","	Chamber1","	1","	B01??(?)","	9.4","	2026-07-23 19:39:34"
"	69BA0CDE","	Chamber1","	1","	B01??(%RH)","	72.8","	2026-07-23 19:39:32"
"	69BA0CDE","	Chamber1","	1","	B01??(?)","	9.4","	2026-07-23 19:39:32"
"	69BA0CDE","	Chamber1","	1","	B01??(%RH)","	72.8","	2026-07-23 19:39:30"
"	69BA0CDE","	Chamber1","	1","	B01??(?)","	9.4","	2026-07-23 19:39:30"
"	69BA0CDE","	Chamber1","	1","	B01??(%RH)","	72.7","	2026-07-23 19:39:28"
"	69BA0CDE","	Chamber1","	1","	B01??(?)","	9.4","	2026-07-23 19:39:28"
"	69BA0CDE","	Chamber1","	1","	B01??(%RH)","	72.8","	2026-07-23 19:39:26"
"	69BA0CDE","	Chamber1","	1","	B01??(?)","	9.4","	2026-07-23 19:39:26"
"	69BA0CDE","	Chamber1","	1","	B01??(%RH)","	72.7","	2026-07-23 19:39:24"
"	69BA0CDE","	Chamber1","	1","	B01??(?)","	9.4","	2026-07-23 19:39:24"
"	69BA0CDE","	Chamber1","	1","	B01??(%RH)","	72.7","	2026-07-23 19:39:22"
"	69BA0CDE","	Chamber1","	1","	B01??(?)","	9.4","	2026-07-23 19:39:22"
"	69BA0CDE","	Chamber1","	1","	B01??(%RH)","	72.7","	2026-07-23 19:39:20"
"	69BA0CDE","	Chamber1","	1","	B01??(?)","	9.4","	2026-07-23 19:39:20"
"	69BA0CDE","	Chamber1","	1","	B01??(%RH)","	72.6","	2026-07-23 19:39:18"
"	69BA0CDE","	Chamber1","	1","	B01??(?)","	9.4","	2026-07-23 19:39:18"
"	69BA0CDE","	Chamber1","	1","	B01??(%RH)","	72.6","	2026-07-23 19:39:16"
"	69BA0CDE","	Chamber1","	1","	B01??(?)","	9.5","	2026-07-23 19:39:16"
"	69BA0CDE","	Chamber1","	1","	B01??(%RH)","	72.6","	2026-07-23 19:39:14"
"	69BA0CDE","	Chamber1","	1","	B01??(?)","	9.5","	2026-07-23 19:39:14"
"	69BA0CDE","	Chamber1","	1","	B01??(%RH)","	72.6","	2026-07-23 19:39:12"
"	69BA0CDE","	Chamber1","	1","	B01??(?)","	9.5","	2026-07-23 19:39:12"
"	69BA0CDE","	Chamber1","	1","	B01??(%RH)","	72.5","	2026-07-23 19:39:09"
"	69BA0CDE","	Chamber1","	1","	B01??(?)","	9.5","	2026-07-23 19:39:09"
"	69BA0CDE","	Chamber1","	1","	B01??(%RH)","	72.5","	2026-07-23 19:39:07"
"	69BA0CDE","	Chamber1","	1","	B01??(?)","	9.5","	2026-07-23 19:39:07"
"	69BA0CDE","	Chamber1","	1","	B01??(%RH)","	72.5","	2026-07-23 19:39:05"
"	69BA0CDE","	Chamber1","	1","	B01??(?)","	9.5","	2026-07-23 19:39:05"
"	69BA0CDE","	Chamber1","	1","	B01??(%RH)","	72.4","	2026-07-23 19:39:03"
"	69BA0CDE","	Chamber1","	1","	B01??(?)","	9.5","	2026-07-23 19:39:03"
"	69BA0CDE","	Chamber1","	1","	B01??(%RH)","	72.4","	2026-07-23 19:39:01"
"	69BA0CDE","	Chamber1","	1","	B01??(?)","	9.5","	2026-07-23 19:39:01"
"	69BA0CDE","	Chamber1","	1","	B01??(%RH)","	72.4","	2026-07-23 19:38:59"
"	69BA0CDE","	Chamber1","	1","	B01??(?)","	9.5","	2026-07-23 19:38:59"
"	69BA0CDE","	Chamber1","	1","	B01??(%RH)","	72.4","	2026-07-23 19:38:57"
"	69BA0CDE","	Chamber1","	1","	B01??(?)","	9.5","	2026-07-23 19:38:57"
"	69BA0CDE","	Chamber1","	1","	B01??(%RH)","	72.3","	2026-07-23 19:38:55"
"	69BA0CDE","	Chamber1","	1","	B01??(?)","	9.6","	2026-07-23 19:38:55"
"	69BA0CDE","	Chamber1","	1","	B01??(%RH)","	72.3","	2026-07-23 19:38:53"
"	69BA0CDE","	Chamber1","	1","	B01??(?)","	9.6","	2026-07-23 19:38:53"
"	69BA0CDE","	Chamber1","	1","	B01??(%RH)","	72.3","	2026-07-23 19:38:51"
"	69BA0CDE","	Chamber1","	1","	B01??(?)","	9.6","	2026-07-23 19:38:51"
"	69BA0CDE","	Chamber1","	1","	B01??(%RH)","	72.3","	2026-07-23 19:38:49"
"	69BA0CDE","	Chamber1","	1","	B01??(?)","	9.6","	2026-07-23 19:38:49"
"	69BA0CDE","	Chamber1","	1","	B01??(%RH)","	72.2","	2026-07-23 19:38:47"
"	69BA0CDE","	Chamber1","	1","	B01??(?)","	9.6","	2026-07-23 19:38:47"
"	69BA0CDE","	Chamber1","	1","	B01??(%RH)","	72.2","	2026-07-23 19:38:45"
"	69BA0CDE","	Chamber1","	1","	B01??(?)","	9.6","	2026-07-23 19:38:45"
"	69BA0CDE","	Chamber1","	1","	B01??(%RH)","	72.2","	2026-07-23 19:38:43"
"	69BA0CDE","	Chamber1","	1","	B01??(?)","	9.6","	2026-07-23 19:38:43"
"	69BA0CDE","	Chamber1","	1","	B01??(%RH)","	72.2","	2026-07-23 19:38:41"
"	69BA0CDE","	Chamber1","	1","	B01??(?)","	9.6","	2026-07-23 19:38:41"
"	69BA0CDE","	Chamber1","	1","	B01??(%RH)","	72.1","	2026-07-23 19:38:39"
"	69BA0CDE","	Chamber1","	1","	B01??(?)","	9.6","	2026-07-23 19:38:39"
"	69BA0CDE","	Chamber1","	1","	B01??(%RH)","	72.1","	2026-07-23 19:38:37"
"	69BA0CDE","	Chamber1","	1","	B01??(?)","	9.6","	2026-07-23 19:38:37"
"	69BA0CDE","	Chamber1","	1","	B01??(%RH)","	72.1","	2026-07-23 19:38:35"
"	69BA0CDE","	Chamber1","	1","	B01??(?)","	9.7","	2026-07-23 19:38:35"
"	69BA0CDE","	Chamber1","	1","	B01??(%RH)","	72.1","	2026-07-23 19:38:33"
"	69BA0CDE","	Chamber1","	1","	B01??(?)","	9.6","	2026-07-23 19:38:33"
"	69BA0CDE","	Chamber1","	1","	B01??(%RH)","	72","	2026-07-23 19:38:31"
"	69BA0CDE","	Chamber1","	1","	B01??(?)","	9.7","	2026-07-23 19:38:31"
"	69BA0CDE","	Chamber1","	1","	B01??(%RH)","	72","	2026-07-23 19:38:29"
"	69BA0CDE","	Chamber1","	1","	B01??(?)","	9.7","	2026-07-23 19:38:29"
"	69BA0CDE","	Chamber1","	1","	B01??(%RH)","	72","	2026-07-23 19:38:27"
"	69BA0CDE","	Chamber1","	1","	B01??(?)","	9.7","	2026-07-23 19:38:27"
"	69BA0CDE","	Chamber1","	1","	B01??(%RH)","	71.9","	2026-07-23 19:38:24"
"	69BA0CDE","	Chamber1","	1","	B01??(?)","	9.7","	2026-07-23 19:38:24"
"	69BA0CDE","	Chamber1","	1","	B01??(%RH)","	71.9","	2026-07-23 19:38:22"
"	69BA0CDE","	Chamber1","	1","	B01??(?)","	9.7","	2026-07-23 19:38:22"
"	69BA0CDE","	Chamber1","	1","	B01??(%RH)","	71.9","	2026-07-23 19:38:20"
"	69BA0CDE","	Chamber1","	1","	B01??(?)","	9.7","	2026-07-23 19:38:20"
"	69BA0CDE","	Chamber1","	1","	B01??(%RH)","	71.9","	2026-07-23 19:38:18"
"	69BA0CDE","	Chamber1","	1","	B01??(?)","	9.7","	2026-07-23 19:38:18"
"	69BA0CDE","	Chamber1","	1","	B01??(%RH)","	71.9","	2026-07-23 19:38:16"
"	69BA0CDE","	Chamber1","	1","	B01??(?)","	9.8","	2026-07-23 19:38:16"
"	69BA0CDE","	Chamber1","	1","	B01??(%RH)","	71.8","	2026-07-23 19:38:14"
"	69BA0CDE","	Chamber1","	1","	B01??(?)","	9.7","	2026-07-23 19:38:14"
"	69BA0CDE","	Chamber1","	1","	B01??(%RH)","	71.7","	2026-07-23 19:38:12"
"	69BA0CDE","	Chamber1","	1","	B01??(?)","	9.8","	2026-07-23 19:38:12"
"	69BA0CDE","	Chamber1","	1","	B01??(%RH)","	71.8","	2026-07-23 19:38:10"
"	69BA0CDE","	Chamber1","	1","	B01??(?)","	9.8","	2026-07-23 19:38:10"
"	69BA0CDE","	Chamber1","	1","	B01??(%RH)","	71.7","	2026-07-23 19:38:08"
"	69BA0CDE","	Chamber1","	1","	B01??(?)","	9.8","	2026-07-23 19:38:08"
"	69BA0CDE","	Chamber1","	1","	B01??(%RH)","	71.7","	2026-07-23 19:38:06"
"	69BA0CDE","	Chamber1","	1","	B01??(?)","	9.8","	2026-07-23 19:38:06"
"	69BA0CDE","	Chamber1","	1","	B01??(%RH)","	71.7","	2026-07-23 19:38:04"
"	69BA0CDE","	Chamber1","	1","	B01??(?)","	9.8","	2026-07-23 19:38:04"
"	69BA0CDE","	Chamber1","	1","	B01??(%RH)","	71.6","	2026-07-23 19:38:02"
"	69BA0CDE","	Chamber1","	1","	B01??(?)","	9.8","	2026-07-23 19:38:02"
"	69BA0CDE","	Chamber1","	1","	B01??(%RH)","	71.6","	2026-07-23 19:38:00"
"	69BA0CDE","	Chamber1","	1","	B01??(?)","	9.8","	2026-07-23 19:38:00"
"	69BA0CDE","	Chamber1","	1","	B01??(%RH)","	71.6","	2026-07-23 19:37:58"
"	69BA0CDE","	Chamber1","	1","	B01??(?)","	9.8","	2026-07-23 19:37:58"
"	69BA0CDE","	Chamber1","	1","	B01??(%RH)","	71.5","	2026-07-23 19:37:56"
"	69BA0CDE","	Chamber1","	1","	B01??(?)","	9.8","	2026-07-23 19:37:56"
"	69BA0CDE","	Chamber1","	1","	B01??(%RH)","	71.5","	2026-07-23 19:37:54"
"	69BA0CDE","	Chamber1","	1","	B01??(?)","	9.8","	2026-07-23 19:37:54"
"	69BA0CDE","	Chamber1","	1","	B01??(%RH)","	71.5","	2026-07-23 19:37:52"
"	69BA0CDE","	Chamber1","	1","	B01??(?)","	9.8","	2026-07-23 19:37:52"
"	69BA0CDE","	Chamber1","	1","	B01??(%RH)","	71.5","	2026-07-23 19:37:50"
"	69BA0CDE","	Chamber1","	1","	B01??(?)","	9.9","	2026-07-23 19:37:50"
"	69BA0CDE","	Chamber1","	1","	B01??(%RH)","	71.4","	2026-07-23 19:37:48"
"	69BA0CDE","	Chamber1","	1","	B01??(?)","	9.8","	2026-07-23 19:37:48"
"	69BA0CDE","	Chamber1","	1","	B01??(%RH)","	71.4","	2026-07-23 19:37:46"
"	69BA0CDE","	Chamber1","	1","	B01??(?)","	9.9","	2026-07-23 19:37:46"
"	69BA0CDE","	Chamber1","	1","	B01??(%RH)","	71.3","	2026-07-23 19:37:44"
"	69BA0CDE","	Chamber1","	1","	B01??(?)","	9.9","	2026-07-23 19:37:44"
"	69BA0CDE","	Chamber1","	1","	B01??(%RH)","	71.3","	2026-07-23 19:37:41"
"	69BA0CDE","	Chamber1","	1","	B01??(?)","	9.9","	2026-07-23 19:37:41"
"	69BA0CDE","	Chamber1","	1","	B01??(%RH)","	71.3","	2026-07-23 19:37:39"
"	69BA0CDE","	Chamber1","	1","	B01??(?)","	9.9","	2026-07-23 19:37:39"
"	69BA0CDE","	Chamber1","	1","	B01??(%RH)","	71.2","	2026-07-23 19:37:37"
"	69BA0CDE","	Chamber1","	1","	B01??(?)","	9.9","	2026-07-23 19:37:37"
"	69BA0CDE","	Chamber1","	1","	B01??(%RH)","	71.2","	2026-07-23 19:37:35"
"	69BA0CDE","	Chamber1","	1","	B01??(?)","	9.9","	2026-07-23 19:37:35"
"	69BA0CDE","	Chamber1","	1","	B01??(%RH)","	71.2","	2026-07-23 19:37:33"
"	69BA0CDE","	Chamber1","	1","	B01??(?)","	9.9","	2026-07-23 19:37:33"
"	69BA0CDE","	Chamber1","	1","	B01??(%RH)","	71.2","	2026-07-23 19:37:31"
"	69BA0CDE","	Chamber1","	1","	B01??(?)","	10","	2026-07-23 19:37:31"
"	69BA0CDE","	Chamber1","	1","	B01??(%RH)","	71.1","	2026-07-23 19:37:29"
"	69BA0CDE","	Chamber1","	1","	B01??(?)","	10","	2026-07-23 19:37:29"
"	69BA0CDE","	Chamber1","	1","	B01??(%RH)","	71.1","	2026-07-23 19:37:27"
"	69BA0CDE","	Chamber1","	1","	B01??(?)","	10","	2026-07-23 19:37:27"
"	69BA0CDE","	Chamber1","	1","	B01??(%RH)","	71","	2026-07-23 19:37:25"
"	69BA0CDE","	Chamber1","	1","	B01??(?)","	10","	2026-07-23 19:37:25"
"	69BA0CDE","	Chamber1","	1","	B01??(%RH)","	71","	2026-07-23 19:37:23"
"	69BA0CDE","	Chamber1","	1","	B01??(?)","	10","	2026-07-23 19:37:23"
"	69BA0CDE","	Chamber1","	1","	B01??(%RH)","	71","	2026-07-23 19:37:21"
"	69BA0CDE","	Chamber1","	1","	B01??(?)","	10","	2026-07-23 19:37:21"
"	69BA0CDE","	Chamber1","	1","	B01??(%RH)","	70.9","	2026-07-23 19:37:19"
"	69BA0CDE","	Chamber1","	1","	B01??(?)","	10","	2026-07-23 19:37:19"
"	69BA0CDE","	Chamber1","	1","	B01??(%RH)","	70.9","	2026-07-23 19:37:17"
"	69BA0CDE","	Chamber1","	1","	B01??(?)","	10","	2026-07-23 19:37:17"
"	69BA0CDE","	Chamber1","	1","	B01??(%RH)","	70.9","	2026-07-23 19:37:15"
"	69BA0CDE","	Chamber1","	1","	B01??(?)","	10.1","	2026-07-23 19:37:15"
"	69BA0CDE","	Chamber1","	1","	B01??(%RH)","	70.8","	2026-07-23 19:37:13"
"	69BA0CDE","	Chamber1","	1","	B01??(?)","	10","	2026-07-23 19:37:13"
"	69BA0CDE","	Chamber1","	1","	B01??(%RH)","	70.8","	2026-07-23 19:37:11"
"	69BA0CDE","	Chamber1","	1","	B01??(?)","	10.1","	2026-07-23 19:37:11"
"	69BA0CDE","	Chamber1","	1","	B01??(%RH)","	70.8","	2026-07-23 19:37:09"
"	69BA0CDE","	Chamber1","	1","	B01??(?)","	10.1","	2026-07-23 19:37:09"
"	69BA0CDE","	Chamber1","	1","	B01??(%RH)","	70.7","	2026-07-23 19:37:07"
"	69BA0CDE","	Chamber1","	1","	B01??(?)","	10.1","	2026-07-23 19:37:07"
"	69BA0CDE","	Chamber1","	1","	B01??(%RH)","	70.7","	2026-07-23 19:37:05"
"	69BA0CDE","	Chamber1","	1","	B01??(?)","	10.1","	2026-07-23 19:37:05"
"	69BA0CDE","	Chamber1","	1","	B01??(%RH)","	70.7","	2026-07-23 19:37:03"
"	69BA0CDE","	Chamber1","	1","	B01??(?)","	10.1","	2026-07-23 19:37:03"
"	69BA0CDE","	Chamber1","	1","	B01??(%RH)","	70.7","	2026-07-23 19:37:01"
"	69BA0CDE","	Chamber1","	1","	B01??(?)","	10.1","	2026-07-23 19:37:01"
"	69BA0CDE","	Chamber1","	1","	B01??(%RH)","	70.6","	2026-07-23 19:36:58"
"	69BA0CDE","	Chamber1","	1","	B01??(?)","	10.1","	2026-07-23 19:36:58"
"	69BA0CDE","	Chamber1","	1","	B01??(%RH)","	70.5","	2026-07-23 19:36:56"
"	69BA0CDE","	Chamber1","	1","	B01??(?)","	10.2","	2026-07-23 19:36:56"
"	69BA0CDE","	Chamber1","	1","	B01??(%RH)","	70.5","	2026-07-23 19:36:54"
"	69BA0CDE","	Chamber1","	1","	B01??(?)","	10.2","	2026-07-23 19:36:54"
"	69BA0CDE","	Chamber1","	1","	B01??(%RH)","	70.5","	2026-07-23 19:36:52"
"	69BA0CDE","	Chamber1","	1","	B01??(?)","	10.2","	2026-07-23 19:36:52"
"	69BA0CDE","	Chamber1","	1","	B01??(%RH)","	70.5","	2026-07-23 19:36:50"
"	69BA0CDE","	Chamber1","	1","	B01??(?)","	10.2","	2026-07-23 19:36:50"
"	69BA0CDE","	Chamber1","	1","	B01??(%RH)","	70.4","	2026-07-23 19:36:48"
"	69BA0CDE","	Chamber1","	1","	B01??(?)","	10.2","	2026-07-23 19:36:48"
"	69BA0CDE","	Chamber1","	1","	B01??(%RH)","	70.4","	2026-07-23 19:36:46"
"	69BA0CDE","	Chamber1","	1","	B01??(?)","	10.2","	2026-07-23 19:36:46"
"	69BA0CDE","	Chamber1","	1","	B01??(%RH)","	70.4","	2026-07-23 19:36:44"
"	69BA0CDE","	Chamber1","	1","	B01??(?)","	10.2","	2026-07-23 19:36:44"
"	69BA0CDE","	Chamber1","	1","	B01??(%RH)","	70.3","	2026-07-23 19:36:42"
"	69BA0CDE","	Chamber1","	1","	B01??(?)","	10.2","	2026-07-23 19:36:42"
"	69BA0CDE","	Chamber1","	1","	B01??(%RH)","	70.3","	2026-07-23 19:36:40"
"	69BA0CDE","	Chamber1","	1","	B01??(?)","	10.2","	2026-07-23 19:36:40"
"	69BA0CDE","	Chamber1","	1","	B01??(%RH)","	70.2","	2026-07-23 19:36:38"
"	69BA0CDE","	Chamber1","	1","	B01??(?)","	10.3","	2026-07-23 19:36:38"
"	69BA0CDE","	Chamber1","	1","	B01??(%RH)","	70.2","	2026-07-23 19:36:36"
"	69BA0CDE","	Chamber1","	1","	B01??(?)","	10.3","	2026-07-23 19:36:36"
"	69BA0CDE","	Chamber1","	1","	B01??(%RH)","	70.2","	2026-07-23 19:36:34"
"	69BA0CDE","	Chamber1","	1","	B01??(?)","	10.3","	2026-07-23 19:36:34"
"	69BA0CDE","	Chamber1","	1","	B01??(%RH)","	70.1","	2026-07-23 19:36:32"
"	69BA0CDE","	Chamber1","	1","	B01??(?)","	10.3","	2026-07-23 19:36:32"
"	69BA0CDE","	Chamber1","	1","	B01??(%RH)","	70.1","	2026-07-23 19:36:30"
"	69BA0CDE","	Chamber1","	1","	B01??(?)","	10.3","	2026-07-23 19:36:30"
"	69BA0CDE","	Chamber1","	1","	B01??(%RH)","	70","	2026-07-23 19:36:28"
"	69BA0CDE","	Chamber1","	1","	B01??(?)","	10.3","	2026-07-23 19:36:28"
"	69BA0CDE","	Chamber1","	1","	B01??(%RH)","	70","	2026-07-23 19:36:26"
"	69BA0CDE","	Chamber1","	1","	B01??(?)","	10.3","	2026-07-23 19:36:26"
"	69BA0CDE","	Chamber1","	1","	B01??(%RH)","	70","	2026-07-23 19:36:24"
"	69BA0CDE","	Chamber1","	1","	B01??(?)","	10.3","	2026-07-23 19:36:24"
"	69BA0CDE","	Chamber1","	1","	B01??(%RH)","	69.9","	2026-07-23 19:36:22"
"	69BA0CDE","	Chamber1","	1","	B01??(?)","	10.4","	2026-07-23 19:36:22"
"	69BA0CDE","	Chamber1","	1","	B01??(%RH)","	69.9","	2026-07-23 19:36:20"
"	69BA0CDE","	Chamber1","	1","	B01??(?)","	10.4","	2026-07-23 19:36:20"
"	69BA0CDE","	Chamber1","	1","	B01??(%RH)","	69.9","	2026-07-23 19:36:18"
"	69BA0CDE","	Chamber1","	1","	B01??(?)","	10.4","	2026-07-23 19:36:18"
"	69BA0CDE","	Chamber1","	1","	B01??(%RH)","	69.8","	2026-07-23 19:36:15"
"	69BA0CDE","	Chamber1","	1","	B01??(?)","	10.4","	2026-07-23 19:36:15"
"	69BA0CDE","	Chamber1","	1","	B01??(%RH)","	69.8","	2026-07-23 19:36:13"
"	69BA0CDE","	Chamber1","	1","	B01??(?)","	10.4","	2026-07-23 19:36:13"
"	69BA0CDE","	Chamber1","	1","	B01??(%RH)","	69.7","	2026-07-23 19:36:11"
"	69BA0CDE","	Chamber1","	1","	B01??(?)","	10.4","	2026-07-23 19:36:11"
"	69BA0CDE","	Chamber1","	1","	B01??(%RH)","	69.7","	2026-07-23 19:36:09"
"	69BA0CDE","	Chamber1","	1","	B01??(?)","	10.4","	2026-07-23 19:36:09"
"	69BA0CDE","	Chamber1","	1","	B01??(%RH)","	69.7","	2026-07-23 19:36:07"
"	69BA0CDE","	Chamber1","	1","	B01??(?)","	10.4","	2026-07-23 19:36:07"
"	69BA0CDE","	Chamber1","	1","	B01??(%RH)","	69.6","	2026-07-23 19:36:05"
"	69BA0CDE","	Chamber1","	1","	B01??(?)","	10.4","	2026-07-23 19:36:05"
"	69BA0CDE","	Chamber1","	1","	B01??(%RH)","	69.6","	2026-07-23 19:36:03"
"	69BA0CDE","	Chamber1","	1","	B01??(?)","	10.5","	2026-07-23 19:36:03"
"	69BA0CDE","	Chamber1","	1","	B01??(%RH)","	69.5","	2026-07-23 19:36:01"
"	69BA0CDE","	Chamber1","	1","	B01??(?)","	10.5","	2026-07-23 19:36:01"
"	69BA0CDE","	Chamber1","	1","	B01??(%RH)","	69.5","	2026-07-23 19:35:59"
"	69BA0CDE","	Chamber1","	1","	B01??(?)","	10.5","	2026-07-23 19:35:59"
"	69BA0CDE","	Chamber1","	1","	B01??(%RH)","	69.5","	2026-07-23 19:35:57"
"	69BA0CDE","	Chamber1","	1","	B01??(?)","	10.5","	2026-07-23 19:35:57"
"	69BA0CDE","	Chamber1","	1","	B01??(%RH)","	69.4","	2026-07-23 19:35:55"
"	69BA0CDE","	Chamber1","	1","	B01??(?)","	10.5","	2026-07-23 19:35:55"
"	69BA0CDE","	Chamber1","	1","	B01??(%RH)","	69.4","	2026-07-23 19:35:53"
"	69BA0CDE","	Chamber1","	1","	B01??(?)","	10.5","	2026-07-23 19:35:53"
"	69BA0CDE","	Chamber1","	1","	B01??(%RH)","	69.3","	2026-07-23 19:35:51"
"	69BA0CDE","	Chamber1","	1","	B01??(?)","	10.5","	2026-07-23 19:35:51"
"	69BA0CDE","	Chamber1","	1","	B01??(%RH)","	69.3","	2026-07-23 19:35:49"
"	69BA0CDE","	Chamber1","	1","	B01??(?)","	10.6","	2026-07-23 19:35:49"
"	69BA0CDE","	Chamber1","	1","	B01??(%RH)","	69.2","	2026-07-23 19:35:47"
"	69BA0CDE","	Chamber1","	1","	B01??(?)","	10.6","	2026-07-23 19:35:47"
"	69BA0CDE","	Chamber1","	1","	B01??(%RH)","	69.2","	2026-07-23 19:35:45"
"	69BA0CDE","	Chamber1","	1","	B01??(?)","	10.6","	2026-07-23 19:35:45"
"	69BA0CDE","	Chamber1","	1","	B01??(%RH)","	69.2","	2026-07-23 19:35:43"
"	69BA0CDE","	Chamber1","	1","	B01??(?)","	10.6","	2026-07-23 19:35:43"
"	69BA0CDE","	Chamber1","	1","	B01??(%RH)","	69.2","	2026-07-23 19:35:41"
"	69BA0CDE","	Chamber1","	1","	B01??(?)","	10.6","	2026-07-23 19:35:41"
"	69BA0CDE","	Chamber1","	1","	B01??(%RH)","	69.1","	2026-07-23 19:35:39"
"	69BA0CDE","	Chamber1","	1","	B01??(?)","	10.6","	2026-07-23 19:35:39"
"	69BA0CDE","	Chamber1","	1","	B01??(%RH)","	69.1","	2026-07-23 19:35:37"
"	69BA0CDE","	Chamber1","	1","	B01??(?)","	10.6","	2026-07-23 19:35:37"
"	69BA0CDE","	Chamber1","	1","	B01??(%RH)","	69","	2026-07-23 19:35:35"
"	69BA0CDE","	Chamber1","	1","	B01??(?)","	10.7","	2026-07-23 19:35:35"
"	69BA0CDE","	Chamber1","	1","	B01??(%RH)","	69","	2026-07-23 19:35:32"
"	69BA0CDE","	Chamber1","	1","	B01??(?)","	10.7","	2026-07-23 19:35:32"
"	69BA0CDE","	Chamber1","	1","	B01??(%RH)","	68.9","	2026-07-23 19:35:30"
"	69BA0CDE","	Chamber1","	1","	B01??(?)","	10.7","	2026-07-23 19:35:30"
"	69BA0CDE","	Chamber1","	1","	B01??(%RH)","	68.9","	2026-07-23 19:35:28"
"	69BA0CDE","	Chamber1","	1","	B01??(?)","	10.7","	2026-07-23 19:35:28"
"	69BA0CDE","	Chamber1","	1","	B01??(%RH)","	68.9","	2026-07-23 19:35:26"
"	69BA0CDE","	Chamber1","	1","	B01??(?)","	10.7","	2026-07-23 19:35:26"
"	69BA0CDE","	Chamber1","	1","	B01??(%RH)","	68.8","	2026-07-23 19:35:24"
"	69BA0CDE","	Chamber1","	1","	B01??(?)","	10.7","	2026-07-23 19:35:24"
"	69BA0CDE","	Chamber1","	1","	B01??(%RH)","	68.8","	2026-07-23 19:35:22"
"	69BA0CDE","	Chamber1","	1","	B01??(?)","	10.8","	2026-07-23 19:35:22"
"	69BA0CDE","	Chamber1","	1","	B01??(%RH)","	68.8","	2026-07-23 19:35:20"
"	69BA0CDE","	Chamber1","	1","	B01??(?)","	10.8","	2026-07-23 19:35:20"
"	69BA0CDE","	Chamber1","	1","	B01??(%RH)","	68.7","	2026-07-23 19:35:18"
"	69BA0CDE","	Chamber1","	1","	B01??(?)","	10.8","	2026-07-23 19:35:18"
"	69BA0CDE","	Chamber1","	1","	B01??(%RH)","	68.7","	2026-07-23 19:35:16"
"	69BA0CDE","	Chamber1","	1","	B01??(?)","	10.8","	2026-07-23 19:35:16"
"	69BA0CDE","	Chamber1","	1","	B01??(%RH)","	68.6","	2026-07-23 19:35:14"
"	69BA0CDE","	Chamber1","	1","	B01??(?)","	10.8","	2026-07-23 19:35:14"
"	69BA0CDE","	Chamber1","	1","	B01??(%RH)","	68.5","	2026-07-23 19:35:12"
"	69BA0CDE","	Chamber1","	1","	B01??(?)","	10.8","	2026-07-23 19:35:12"
"	69BA0CDE","	Chamber1","	1","	B01??(%RH)","	68.5","	2026-07-23 19:35:10"
"	69BA0CDE","	Chamber1","	1","	B01??(?)","	10.8","	2026-07-23 19:35:10"
"	69BA0CDE","	Chamber1","	1","	B01??(%RH)","	68.5","	2026-07-23 19:35:08"
"	69BA0CDE","	Chamber1","	1","	B01??(?)","	10.9","	2026-07-23 19:35:08"
"	69BA0CDE","	Chamber1","	1","	B01??(%RH)","	68.4","	2026-07-23 19:35:06"
"	69BA0CDE","	Chamber1","	1","	B01??(?)","	10.9","	2026-07-23 19:35:06"
"	69BA0CDE","	Chamber1","	1","	B01??(%RH)","	68.4","	2026-07-23 19:35:04"
"	69BA0CDE","	Chamber1","	1","	B01??(?)","	10.9","	2026-07-23 19:35:04"
"	69BA0CDE","	Chamber1","	1","	B01??(%RH)","	68.3","	2026-07-23 19:35:02"
"	69BA0CDE","	Chamber1","	1","	B01??(?)","	10.9","	2026-07-23 19:35:02"
"	69BA0CDE","	Chamber1","	1","	B01??(%RH)","	68.3","	2026-07-23 19:35:00"
"	69BA0CDE","	Chamber1","	1","	B01??(?)","	10.9","	2026-07-23 19:35:00"
"	69BA0CDE","	Chamber1","	1","	B01??(%RH)","	68.3","	2026-07-23 19:34:58"
"	69BA0CDE","	Chamber1","	1","	B01??(?)","	10.9","	2026-07-23 19:34:58"
"	69BA0CDE","	Chamber1","	1","	B01??(%RH)","	68.2","	2026-07-23 19:34:56"
"	69BA0CDE","	Chamber1","	1","	B01??(?)","	10.9","	2026-07-23 19:34:56"
"	69BA0CDE","	Chamber1","	1","	B01??(%RH)","	68.1","	2026-07-23 19:34:54"
"	69BA0CDE","	Chamber1","	1","	B01??(?)","	10.9","	2026-07-23 19:34:54"
"	69BA0CDE","	Chamber1","	1","	B01??(%RH)","	68.1","	2026-07-23 19:34:52"
"	69BA0CDE","	Chamber1","	1","	B01??(?)","	10.9","	2026-07-23 19:34:52"
"	69BA0CDE","	Chamber1","	1","	B01??(%RH)","	68","	2026-07-23 19:34:50"
"	69BA0CDE","	Chamber1","	1","	B01??(?)","	11","	2026-07-23 19:34:50"
"	69BA0CDE","	Chamber1","	1","	B01??(%RH)","	68","	2026-07-23 19:34:47"
"	69BA0CDE","	Chamber1","	1","	B01??(?)","	11","	2026-07-23 19:34:47"
"	69BA0CDE","	Chamber1","	1","	B01??(%RH)","	68","	2026-07-23 19:34:45"
"	69BA0CDE","	Chamber1","	1","	B01??(?)","	11","	2026-07-23 19:34:45"
"	69BA0CDE","	Chamber1","	1","	B01??(%RH)","	67.9","	2026-07-23 19:34:43"
"	69BA0CDE","	Chamber1","	1","	B01??(?)","	11","	2026-07-23 19:34:43"
"	69BA0CDE","	Chamber1","	1","	B01??(%RH)","	67.8","	2026-07-23 19:34:41"
"	69BA0CDE","	Chamber1","	1","	B01??(?)","	11","	2026-07-23 19:34:41"
"	69BA0CDE","	Chamber1","	1","	B01??(%RH)","	67.8","	2026-07-23 19:34:39"
"	69BA0CDE","	Chamber1","	1","	B01??(?)","	11","	2026-07-23 19:34:39"
"	69BA0CDE","	Chamber1","	1","	B01??(%RH)","	67.7","	2026-07-23 19:34:37"
"	69BA0CDE","	Chamber1","	1","	B01??(?)","	11.1","	2026-07-23 19:34:37"
"	69BA0CDE","	Chamber1","	1","	B01??(%RH)","	67.7","	2026-07-23 19:34:35"
"	69BA0CDE","	Chamber1","	1","	B01??(?)","	11.1","	2026-07-23 19:34:35"
"	69BA0CDE","	Chamber1","	1","	B01??(%RH)","	67.7","	2026-07-23 19:34:33"
"	69BA0CDE","	Chamber1","	1","	B01??(?)","	11.1","	2026-07-23 19:34:33"
"	69BA0CDE","	Chamber1","	1","	B01??(%RH)","	67.6","	2026-07-23 19:34:31"
"	69BA0CDE","	Chamber1","	1","	B01??(?)","	11.1","	2026-07-23 19:34:31"
"	69BA0CDE","	Chamber1","	1","	B01??(%RH)","	67.6","	2026-07-23 19:34:29"
"	69BA0CDE","	Chamber1","	1","	B01??(?)","	11.1","	2026-07-23 19:34:29"
"	69BA0CDE","	Chamber1","	1","	B01??(%RH)","	67.5","	2026-07-23 19:34:27"
"	69BA0CDE","	Chamber1","	1","	B01??(?)","	11.1","	2026-07-23 19:34:27"
"	69BA0CDE","	Chamber1","	1","	B01??(%RH)","	67.5","	2026-07-23 19:34:25"
"	69BA0CDE","	Chamber1","	1","	B01??(?)","	11.2","	2026-07-23 19:34:25"
"	69BA0CDE","	Chamber1","	1","	B01??(%RH)","	67.4","	2026-07-23 19:34:23"
"	69BA0CDE","	Chamber1","	1","	B01??(?)","	11.2","	2026-07-23 19:34:23"
"	69BA0CDE","	Chamber1","	1","	B01??(%RH)","	67.4","	2026-07-23 19:34:21"
"	69BA0CDE","	Chamber1","	1","	B01??(?)","	11.2","	2026-07-23 19:34:21"
"	69BA0CDE","	Chamber1","	1","	B01??(%RH)","	67.3","	2026-07-23 19:34:19"
"	69BA0CDE","	Chamber1","	1","	B01??(?)","	11.2","	2026-07-23 19:34:19"
"	69BA0CDE","	Chamber1","	1","	B01??(%RH)","	67.3","	2026-07-23 19:34:17"
"	69BA0CDE","	Chamber1","	1","	B01??(?)","	11.2","	2026-07-23 19:34:17"
"	69BA0CDE","	Chamber1","	1","	B01??(%RH)","	67.2","	2026-07-23 19:34:15"
"	69BA0CDE","	Chamber1","	1","	B01??(?)","	11.2","	2026-07-23 19:34:15"
"	69BA0CDE","	Chamber1","	1","	B01??(%RH)","	67.1","	2026-07-23 19:34:13"
"	69BA0CDE","	Chamber1","	1","	B01??(?)","	11.2","	2026-07-23 19:34:13"
"	69BA0CDE","	Chamber1","	1","	B01??(%RH)","	67.1","	2026-07-23 19:34:11"
"	69BA0CDE","	Chamber1","	1","	B01??(?)","	11.2","	2026-07-23 19:34:11"
"	69BA0CDE","	Chamber1","	1","	B01??(%RH)","	67.1","	2026-07-23 19:34:09"
"	69BA0CDE","	Chamber1","	1","	B01??(?)","	11.3","	2026-07-23 19:34:09"
"	69BA0CDE","	Chamber1","	1","	B01??(%RH)","	67","	2026-07-23 19:34:07"
"	69BA0CDE","	Chamber1","	1","	B01??(?)","	11.3","	2026-07-23 19:34:07"
"	69BA0CDE","	Chamber1","	1","	B01??(%RH)","	66.9","	2026-07-23 19:34:04"
"	69BA0CDE","	Chamber1","	1","	B01??(?)","	11.3","	2026-07-23 19:34:04"
"	69BA0CDE","	Chamber1","	1","	B01??(%RH)","	66.9","	2026-07-23 19:34:02"
"	69BA0CDE","	Chamber1","	1","	B01??(?)","	11.3","	2026-07-23 19:34:02"
"	69BA0CDE","	Chamber1","	1","	B01??(%RH)","	66.8","	2026-07-23 19:34:00"
"	69BA0CDE","	Chamber1","	1","	B01??(?)","	11.3","	2026-07-23 19:34:00"
"	69BA0CDE","	Chamber1","	1","	B01??(%RH)","	66.8","	2026-07-23 19:33:58"
"	69BA0CDE","	Chamber1","	1","	B01??(?)","	11.3","	2026-07-23 19:33:58"
"	69BA0CDE","	Chamber1","	1","	B01??(%RH)","	66.7","	2026-07-23 19:33:56"
"	69BA0CDE","	Chamber1","	1","	B01??(?)","	11.3","	2026-07-23 19:33:56"
"	69BA0CDE","	Chamber1","	1","	B01??(%RH)","	66.7","	2026-07-23 19:33:54"
"	69BA0CDE","	Chamber1","	1","	B01??(?)","	11.4","	2026-07-23 19:33:54"
"	69BA0CDE","	Chamber1","	1","	B01??(%RH)","	66.6","	2026-07-23 19:33:52"
"	69BA0CDE","	Chamber1","	1","	B01??(?)","	11.4","	2026-07-23 19:33:52"
"	69BA0CDE","	Chamber1","	1","	B01??(%RH)","	66.6","	2026-07-23 19:33:50"
"	69BA0CDE","	Chamber1","	1","	B01??(?)","	11.4","	2026-07-23 19:33:50"
"	69BA0CDE","	Chamber1","	1","	B01??(%RH)","	66.5","	2026-07-23 19:33:48"
"	69BA0CDE","	Chamber1","	1","	B01??(?)","	11.4","	2026-07-23 19:33:48"
"	69BA0CDE","	Chamber1","	1","	B01??(%RH)","	66.5","	2026-07-23 19:33:46"
"	69BA0CDE","	Chamber1","	1","	B01??(?)","	11.4","	2026-07-23 19:33:46"
"	69BA0CDE","	Chamber1","	1","	B01??(%RH)","	66.4","	2026-07-23 19:33:44"
"	69BA0CDE","	Chamber1","	1","	B01??(?)","	11.4","	2026-07-23 19:33:44"
"	69BA0CDE","	Chamber1","	1","	B01??(%RH)","	66.3","	2026-07-23 19:33:42"
"	69BA0CDE","	Chamber1","	1","	B01??(?)","	11.5","	2026-07-23 19:33:42"
"	69BA0CDE","	Chamber1","	1","	B01??(%RH)","	66.3","	2026-07-23 19:33:40"
"	69BA0CDE","	Chamber1","	1","	B01??(?)","	11.5","	2026-07-23 19:33:40"
"	69BA0CDE","	Chamber1","	1","	B01??(%RH)","	66.2","	2026-07-23 19:33:38"
"	69BA0CDE","	Chamber1","	1","	B01??(?)","	11.5","	2026-07-23 19:33:38"
"	69BA0CDE","	Chamber1","	1","	B01??(%RH)","	66.2","	2026-07-23 19:33:36"
"	69BA0CDE","	Chamber1","	1","	B01??(?)","	11.5","	2026-07-23 19:33:36"
"	69BA0CDE","	Chamber1","	1","	B01??(%RH)","	66.1","	2026-07-23 19:33:34"
"	69BA0CDE","	Chamber1","	1","	B01??(?)","	11.5","	2026-07-23 19:33:34"
"	69BA0CDE","	Chamber1","	1","	B01??(%RH)","	66.1","	2026-07-23 19:33:32"
"	69BA0CDE","	Chamber1","	1","	B01??(?)","	11.6","	2026-07-23 19:33:32"
"	69BA0CDE","	Chamber1","	1","	B01??(%RH)","	66","	2026-07-23 19:33:30"
"	69BA0CDE","	Chamber1","	1","	B01??(?)","	11.6","	2026-07-23 19:33:30"
"	69BA0CDE","	Chamber1","	1","	B01??(%RH)","	65.9","	2026-07-23 19:33:28"
"	69BA0CDE","	Chamber1","	1","	B01??(?)","	11.6","	2026-07-23 19:33:28"
"	69BA0CDE","	Chamber1","	1","	B01??(%RH)","	65.9","	2026-07-23 19:33:26"
"	69BA0CDE","	Chamber1","	1","	B01??(?)","	11.6","	2026-07-23 19:33:26"
"	69BA0CDE","	Chamber1","	1","	B01??(%RH)","	65.8","	2026-07-23 19:33:24"
"	69BA0CDE","	Chamber1","	1","	B01??(?)","	11.6","	2026-07-23 19:33:24"
"	69BA0CDE","	Chamber1","	1","	B01??(%RH)","	65.7","	2026-07-23 19:33:22"
"	69BA0CDE","	Chamber1","	1","	B01??(?)","	11.6","	2026-07-23 19:33:22"
"	69BA0CDE","	Chamber1","	1","	B01??(%RH)","	65.7","	2026-07-23 19:33:19"
"	69BA0CDE","	Chamber1","	1","	B01??(?)","	11.7","	2026-07-23 19:33:19"
"	69BA0CDE","	Chamber1","	1","	B01??(%RH)","	65.6","	2026-07-23 19:33:17"
"	69BA0CDE","	Chamber1","	1","	B01??(?)","	11.7","	2026-07-23 19:33:17"
"	69BA0CDE","	Chamber1","	1","	B01??(%RH)","	65.5","	2026-07-23 19:33:15"
"	69BA0CDE","	Chamber1","	1","	B01??(?)","	11.7","	2026-07-23 19:33:15"
"	69BA0CDE","	Chamber1","	1","	B01??(%RH)","	65.5","	2026-07-23 19:33:13"
"	69BA0CDE","	Chamber1","	1","	B01??(?)","	11.7","	2026-07-23 19:33:13"
"	69BA0CDE","	Chamber1","	1","	B01??(%RH)","	65.4","	2026-07-23 19:33:11"
"	69BA0CDE","	Chamber1","	1","	B01??(?)","	11.7","	2026-07-23 19:33:11"
"	69BA0CDE","	Chamber1","	1","	B01??(%RH)","	65.3","	2026-07-23 19:33:09"
"	69BA0CDE","	Chamber1","	1","	B01??(?)","	11.8","	2026-07-23 19:33:09"
"	69BA0CDE","	Chamber1","	1","	B01??(%RH)","	65.3","	2026-07-23 19:33:07"
"	69BA0CDE","	Chamber1","	1","	B01??(?)","	11.8","	2026-07-23 19:33:07"
"	69BA0CDE","	Chamber1","	1","	B01??(%RH)","	65.2","	2026-07-23 19:33:05"
"	69BA0CDE","	Chamber1","	1","	B01??(?)","	11.8","	2026-07-23 19:33:05"
"	69BA0CDE","	Chamber1","	1","	B01??(%RH)","	65.1","	2026-07-23 19:33:03"
"	69BA0CDE","	Chamber1","	1","	B01??(?)","	11.8","	2026-07-23 19:33:03"
"	69BA0CDE","	Chamber1","	1","	B01??(%RH)","	65","	2026-07-23 19:33:01"
"	69BA0CDE","	Chamber1","	1","	B01??(?)","	11.8","	2026-07-23 19:33:01"
"	69BA0CDE","	Chamber1","	1","	B01??(%RH)","	65","	2026-07-23 19:32:59"
"	69BA0CDE","	Chamber1","	1","	B01??(?)","	11.8","	2026-07-23 19:32:59"
"	69BA0CDE","	Chamber1","	1","	B01??(%RH)","	64.9","	2026-07-23 19:32:57"
"	69BA0CDE","	Chamber1","	1","	B01??(?)","	11.9","	2026-07-23 19:32:57"
"	69BA0CDE","	Chamber1","	1","	B01??(%RH)","	64.9","	2026-07-23 19:32:55"
"	69BA0CDE","	Chamber1","	1","	B01??(?)","	11.9","	2026-07-23 19:32:55"
"	69BA0CDE","	Chamber1","	1","	B01??(%RH)","	64.8","	2026-07-23 19:32:53"
"	69BA0CDE","	Chamber1","	1","	B01??(?)","	11.9","	2026-07-23 19:32:53"
"	69BA0CDE","	Chamber1","	1","	B01??(%RH)","	64.7","	2026-07-23 19:32:51"
"	69BA0CDE","	Chamber1","	1","	B01??(?)","	11.9","	2026-07-23 19:32:51"
"	69BA0CDE","	Chamber1","	1","	B01??(%RH)","	64.7","	2026-07-23 19:32:49"
"	69BA0CDE","	Chamber1","	1","	B01??(?)","	11.9","	2026-07-23 19:32:49"
"	69BA0CDE","	Chamber1","	1","	B01??(%RH)","	64.6","	2026-07-23 19:32:47"
"	69BA0CDE","	Chamber1","	1","	B01??(?)","	11.9","	2026-07-23 19:32:47"
"	69BA0CDE","	Chamber1","	1","	B01??(%RH)","	64.5","	2026-07-23 19:32:45"
"	69BA0CDE","	Chamber1","	1","	B01??(?)","	12","	2026-07-23 19:32:45"
"	69BA0CDE","	Chamber1","	1","	B01??(%RH)","	64.5","	2026-07-23 19:32:43"
"	69BA0CDE","	Chamber1","	1","	B01??(?)","	12","	2026-07-23 19:32:43"
"	69BA0CDE","	Chamber1","	1","	B01??(%RH)","	64.4","	2026-07-23 19:32:41"
"	69BA0CDE","	Chamber1","	1","	B01??(?)","	12","	2026-07-23 19:32:41"
"	69BA0CDE","	Chamber1","	1","	B01??(%RH)","	64.4","	2026-07-23 19:32:39"
"	69BA0CDE","	Chamber1","	1","	B01??(?)","	12","	2026-07-23 19:32:39"
"	69BA0CDE","	Chamber1","	1","	B01??(%RH)","	64.3","	2026-07-23 19:32:37"
"	69BA0CDE","	Chamber1","	1","	B01??(?)","	12","	2026-07-23 19:32:37"
"	69BA0CDE","	Chamber1","	1","	B01??(%RH)","	64.2","	2026-07-23 19:32:34"
"	69BA0CDE","	Chamber1","	1","	B01??(?)","	12.1","	2026-07-23 19:32:34"
"	69BA0CDE","	Chamber1","	1","	B01??(%RH)","	64.1","	2026-07-23 19:32:32"
"	69BA0CDE","	Chamber1","	1","	B01??(?)","	12.1","	2026-07-23 19:32:32"
"	69BA0CDE","	Chamber1","	1","	B01??(%RH)","	64.1","	2026-07-23 19:32:30"
"	69BA0CDE","	Chamber1","	1","	B01??(?)","	12.1","	2026-07-23 19:32:30"
"	69BA0CDE","	Chamber1","	1","	B01??(%RH)","	64","	2026-07-23 19:32:28"
"	69BA0CDE","	Chamber1","	1","	B01??(?)","	12.1","	2026-07-23 19:32:28"
"	69BA0CDE","	Chamber1","	1","	B01??(%RH)","	63.9","	2026-07-23 19:32:26"
"	69BA0CDE","	Chamber1","	1","	B01??(?)","	12.1","	2026-07-23 19:32:26"
"	69BA0CDE","	Chamber1","	1","	B01??(%RH)","	63.8","	2026-07-23 19:32:24"
"	69BA0CDE","	Chamber1","	1","	B01??(?)","	12.2","	2026-07-23 19:32:24"
"	69BA0CDE","	Chamber1","	1","	B01??(%RH)","	63.7","	2026-07-23 19:32:22"
"	69BA0CDE","	Chamber1","	1","	B01??(?)","	12.2","	2026-07-23 19:32:22"
"	69BA0CDE","	Chamber1","	1","	B01??(%RH)","	63.7","	2026-07-23 19:32:20"
"	69BA0CDE","	Chamber1","	1","	B01??(?)","	12.2","	2026-07-23 19:32:20"
"	69BA0CDE","	Chamber1","	1","	B01??(%RH)","	63.6","	2026-07-23 19:32:18"
"	69BA0CDE","	Chamber1","	1","	B01??(?)","	12.2","	2026-07-23 19:32:18"
"	69BA0CDE","	Chamber1","	1","	B01??(%RH)","	63.5","	2026-07-23 19:32:16"
"	69BA0CDE","	Chamber1","	1","	B01??(?)","	12.3","	2026-07-23 19:32:16"
"	69BA0CDE","	Chamber1","	1","	B01??(%RH)","	63.4","	2026-07-23 19:32:14"
"	69BA0CDE","	Chamber1","	1","	B01??(?)","	12.3","	2026-07-23 19:32:14"
"	69BA0CDE","	Chamber1","	1","	B01??(%RH)","	63.4","	2026-07-23 19:32:12"
"	69BA0CDE","	Chamber1","	1","	B01??(?)","	12.3","	2026-07-23 19:32:12"
"	69BA0CDE","	Chamber1","	1","	B01??(%RH)","	63.3","	2026-07-23 19:32:10"
"	69BA0CDE","	Chamber1","	1","	B01??(?)","	12.3","	2026-07-23 19:32:10"
"	69BA0CDE","	Chamber1","	1","	B01??(%RH)","	63.2","	2026-07-23 19:32:08"
"	69BA0CDE","	Chamber1","	1","	B01??(?)","	12.3","	2026-07-23 19:32:08"
"	69BA0CDE","	Chamber1","	1","	B01??(%RH)","	63.2","	2026-07-23 19:32:06"
"	69BA0CDE","	Chamber1","	1","	B01??(?)","	12.3","	2026-07-23 19:32:06"
"	69BA0CDE","	Chamber1","	1","	B01??(%RH)","	63.1","	2026-07-23 19:32:04"
"	69BA0CDE","	Chamber1","	1","	B01??(?)","	12.4","	2026-07-23 19:32:04"
"	69BA0CDE","	Chamber1","	1","	B01??(%RH)","	63","	2026-07-23 19:32:02"
"	69BA0CDE","	Chamber1","	1","	B01??(?)","	12.4","	2026-07-23 19:32:02"
"	69BA0CDE","	Chamber1","	1","	B01??(%RH)","	62.9","	2026-07-23 19:32:00"
"	69BA0CDE","	Chamber1","	1","	B01??(?)","	12.4","	2026-07-23 19:32:00"
"	69BA0CDE","	Chamber1","	1","	B01??(%RH)","	62.8","	2026-07-23 19:31:58"
"	69BA0CDE","	Chamber1","	1","	B01??(?)","	12.4","	2026-07-23 19:31:58"
"	69BA0CDE","	Chamber1","	1","	B01??(%RH)","	62.8","	2026-07-23 19:31:56"
"	69BA0CDE","	Chamber1","	1","	B01??(?)","	12.4","	2026-07-23 19:31:56"
"	69BA0CDE","	Chamber1","	1","	B01??(%RH)","	62.7","	2026-07-23 19:31:54"
"	69BA0CDE","	Chamber1","	1","	B01??(?)","	12.5","	2026-07-23 19:31:54"
"	69BA0CDE","	Chamber1","	1","	B01??(%RH)","	62.6","	2026-07-23 19:31:51"
"	69BA0CDE","	Chamber1","	1","	B01??(?)","	12.5","	2026-07-23 19:31:51"
"	69BA0CDE","	Chamber1","	1","	B01??(%RH)","	62.6","	2026-07-23 19:31:49"
"	69BA0CDE","	Chamber1","	1","	B01??(?)","	12.5","	2026-07-23 19:31:49"
"	69BA0CDE","	Chamber1","	1","	B01??(%RH)","	62.5","	2026-07-23 19:31:47"
"	69BA0CDE","	Chamber1","	1","	B01??(?)","	12.5","	2026-07-23 19:31:47"
"	69BA0CDE","	Chamber1","	1","	B01??(%RH)","	62.4","	2026-07-23 19:31:45"
"	69BA0CDE","	Chamber1","	1","	B01??(?)","	12.5","	2026-07-23 19:31:45"
"	69BA0CDE","	Chamber1","	1","	B01??(%RH)","	62.3","	2026-07-23 19:31:43"
"	69BA0CDE","	Chamber1","	1","	B01??(?)","	12.6","	2026-07-23 19:31:43"
"	69BA0CDE","	Chamber1","	1","	B01??(%RH)","	62.3","	2026-07-23 19:31:41"
"	69BA0CDE","	Chamber1","	1","	B01??(?)","	12.6","	2026-07-23 19:31:41"
"	69BA0CDE","	Chamber1","	1","	B01??(%RH)","	62.1","	2026-07-23 19:31:39"
"	69BA0CDE","	Chamber1","	1","	B01??(?)","	12.6","	2026-07-23 19:31:39"
"	69BA0CDE","	Chamber1","	1","	B01??(%RH)","	62.1","	2026-07-23 19:31:37"
"	69BA0CDE","	Chamber1","	1","	B01??(?)","	12.7","	2026-07-23 19:31:37"
"	69BA0CDE","	Chamber1","	1","	B01??(%RH)","	62","	2026-07-23 19:31:35"
"	69BA0CDE","	Chamber1","	1","	B01??(?)","	12.7","	2026-07-23 19:31:35"
"	69BA0CDE","	Chamber1","	1","	B01??(%RH)","	61.9","	2026-07-23 19:31:33"
"	69BA0CDE","	Chamber1","	1","	B01??(?)","	12.7","	2026-07-23 19:31:33"
"	69BA0CDE","	Chamber1","	1","	B01??(%RH)","	61.8","	2026-07-23 19:31:31"
"	69BA0CDE","	Chamber1","	1","	B01??(?)","	12.7","	2026-07-23 19:31:31"
"	69BA0CDE","	Chamber1","	1","	B01??(%RH)","	61.8","	2026-07-23 19:31:29"
"	69BA0CDE","	Chamber1","	1","	B01??(?)","	12.8","	2026-07-23 19:31:29"
"	69BA0CDE","	Chamber1","	1","	B01??(%RH)","	61.7","	2026-07-23 19:31:27"
"	69BA0CDE","	Chamber1","	1","	B01??(?)","	12.8","	2026-07-23 19:31:27"
"	69BA0CDE","	Chamber1","	1","	B01??(%RH)","	61.6","	2026-07-23 19:31:25"
"	69BA0CDE","	Chamber1","	1","	B01??(?)","	12.8","	2026-07-23 19:31:25"
"	69BA0CDE","	Chamber1","	1","	B01??(%RH)","	61.5","	2026-07-23 19:31:23"
"	69BA0CDE","	Chamber1","	1","	B01??(?)","	12.8","	2026-07-23 19:31:23"
"	69BA0CDE","	Chamber1","	1","	B01??(%RH)","	61.5","	2026-07-23 19:31:21"
"	69BA0CDE","	Chamber1","	1","	B01??(?)","	12.9","	2026-07-23 19:31:21"
"	69BA0CDE","	Chamber1","	1","	B01??(%RH)","	61.4","	2026-07-23 19:31:19"
"	69BA0CDE","	Chamber1","	1","	B01??(?)","	12.9","	2026-07-23 19:31:19"
"	69BA0CDE","	Chamber1","	1","	B01??(%RH)","	61.3","	2026-07-23 19:31:17"
"	69BA0CDE","	Chamber1","	1","	B01??(?)","	12.9","	2026-07-23 19:31:17"
"	69BA0CDE","	Chamber1","	1","	B01??(%RH)","	61.2","	2026-07-23 19:31:15"
"	69BA0CDE","	Chamber1","	1","	B01??(?)","	12.9","	2026-07-23 19:31:15"
"	69BA0CDE","	Chamber1","	1","	B01??(%RH)","	61.1","	2026-07-23 19:31:13"
"	69BA0CDE","	Chamber1","	1","	B01??(?)","	12.9","	2026-07-23 19:31:13"
"	69BA0CDE","	Chamber1","	1","	B01??(%RH)","	61.1","	2026-07-23 19:31:11"
"	69BA0CDE","	Chamber1","	1","	B01??(?)","	13","	2026-07-23 19:31:11"
"	69BA0CDE","	Chamber1","	1","	B01??(%RH)","	61","	2026-07-23 19:31:08"
"	69BA0CDE","	Chamber1","	1","	B01??(?)","	13","	2026-07-23 19:31:08"
"	69BA0CDE","	Chamber1","	1","	B01??(%RH)","	60.9","	2026-07-23 19:31:06"
"	69BA0CDE","	Chamber1","	1","	B01??(?)","	13","	2026-07-23 19:31:06"
"	69BA0CDE","	Chamber1","	1","	B01??(%RH)","	60.8","	2026-07-23 19:31:04"
"	69BA0CDE","	Chamber1","	1","	B01??(?)","	13","	2026-07-23 19:31:04"
"	69BA0CDE","	Chamber1","	1","	B01??(%RH)","	60.7","	2026-07-23 19:31:02"
"	69BA0CDE","	Chamber1","	1","	B01??(?)","	13.1","	2026-07-23 19:31:02"
"	69BA0CDE","	Chamber1","	1","	B01??(%RH)","	60.6","	2026-07-23 19:31:00"
"	69BA0CDE","	Chamber1","	1","	B01??(?)","	13.1","	2026-07-23 19:31:00"
"	69BA0CDE","	Chamber1","	1","	B01??(%RH)","	60.6","	2026-07-23 19:30:58"
"	69BA0CDE","	Chamber1","	1","	B01??(?)","	13.1","	2026-07-23 19:30:58"
"	69BA0CDE","	Chamber1","	1","	B01??(%RH)","	60.5","	2026-07-23 19:30:56"
"	69BA0CDE","	Chamber1","	1","	B01??(?)","	13.1","	2026-07-23 19:30:56"
"	69BA0CDE","	Chamber1","	1","	B01??(%RH)","	60.3","	2026-07-23 19:30:54"
"	69BA0CDE","	Chamber1","	1","	B01??(?)","	13.2","	2026-07-23 19:30:54"
"	69BA0CDE","	Chamber1","	1","	B01??(%RH)","	60.2","	2026-07-23 19:30:52"
"	69BA0CDE","	Chamber1","	1","	B01??(?)","	13.2","	2026-07-23 19:30:52"
"	69BA0CDE","	Chamber1","	1","	B01??(%RH)","	60.2","	2026-07-23 19:30:50"
"	69BA0CDE","	Chamber1","	1","	B01??(?)","	13.2","	2026-07-23 19:30:50"
"	69BA0CDE","	Chamber1","	1","	B01??(%RH)","	60.1","	2026-07-23 19:30:48"
"	69BA0CDE","	Chamber1","	1","	B01??(?)","	13.3","	2026-07-23 19:30:48"
"	69BA0CDE","	Chamber1","	1","	B01??(%RH)","	60","	2026-07-23 19:30:46"
"	69BA0CDE","	Chamber1","	1","	B01??(?)","	13.3","	2026-07-23 19:30:46"
"	69BA0CDE","	Chamber1","	1","	B01??(%RH)","	59.9","	2026-07-23 19:30:44"
"	69BA0CDE","	Chamber1","	1","	B01??(?)","	13.3","	2026-07-23 19:30:44"
"	69BA0CDE","	Chamber1","	1","	B01??(%RH)","	59.8","	2026-07-23 19:30:42"
"	69BA0CDE","	Chamber1","	1","	B01??(?)","	13.3","	2026-07-23 19:30:42"
"	69BA0CDE","	Chamber1","	1","	B01??(%RH)","	59.8","	2026-07-23 19:30:40"
"	69BA0CDE","	Chamber1","	1","	B01??(?)","	13.4","	2026-07-23 19:30:40"
"	69BA0CDE","	Chamber1","	1","	B01??(%RH)","	59.6","	2026-07-23 19:30:38"
"	69BA0CDE","	Chamber1","	1","	B01??(?)","	13.4","	2026-07-23 19:30:38"
"	69BA0CDE","	Chamber1","	1","	B01??(%RH)","	59.5","	2026-07-23 19:30:36"
"	69BA0CDE","	Chamber1","	1","	B01??(?)","	13.4","	2026-07-23 19:30:36"
"	69BA0CDE","	Chamber1","	1","	B01??(%RH)","	59.4","	2026-07-23 19:30:34"
"	69BA0CDE","	Chamber1","	1","	B01??(?)","	13.4","	2026-07-23 19:30:34"
"	69BA0CDE","	Chamber1","	1","	B01??(%RH)","	59.4","	2026-07-23 19:30:32"
"	69BA0CDE","	Chamber1","	1","	B01??(?)","	13.5","	2026-07-23 19:30:32"
"	69BA0CDE","	Chamber1","	1","	B01??(%RH)","	59.3","	2026-07-23 19:30:30"
"	69BA0CDE","	Chamber1","	1","	B01??(?)","	13.5","	2026-07-23 19:30:30"
"	69BA0CDE","	Chamber1","	1","	B01??(%RH)","	59.1","	2026-07-23 19:30:28"
"	69BA0CDE","	Chamber1","	1","	B01??(?)","	13.5","	2026-07-23 19:30:28"
"	69BA0CDE","	Chamber1","	1","	B01??(%RH)","	59","	2026-07-23 19:30:26"
"	69BA0CDE","	Chamber1","	1","	B01??(?)","	13.6","	2026-07-23 19:30:26"
"	69BA0CDE","	Chamber1","	1","	B01??(%RH)","	58.9","	2026-07-23 19:30:23"
"	69BA0CDE","	Chamber1","	1","	B01??(?)","	13.6","	2026-07-23 19:30:23"
"	69BA0CDE","	Chamber1","	1","	B01??(%RH)","	58.9","	2026-07-23 19:30:21"
"	69BA0CDE","	Chamber1","	1","	B01??(?)","	13.6","	2026-07-23 19:30:21"
"	69BA0CDE","	Chamber1","	1","	B01??(%RH)","	58.7","	2026-07-23 19:30:19"
"	69BA0CDE","	Chamber1","	1","	B01??(?)","	13.7","	2026-07-23 19:30:19"
"	69BA0CDE","	Chamber1","	1","	B01??(%RH)","	58.7","	2026-07-23 19:30:17"
"	69BA0CDE","	Chamber1","	1","	B01??(?)","	13.7","	2026-07-23 19:30:17"
"	69BA0CDE","	Chamber1","	1","	B01??(%RH)","	58.5","	2026-07-23 19:30:15"
"	69BA0CDE","	Chamber1","	1","	B01??(?)","	13.7","	2026-07-23 19:30:15"
"	69BA0CDE","	Chamber1","	1","	B01??(%RH)","	58.4","	2026-07-23 19:30:13"
"	69BA0CDE","	Chamber1","	1","	B01??(?)","	13.8","	2026-07-23 19:30:13"
"	69BA0CDE","	Chamber1","	1","	B01??(%RH)","	58.3","	2026-07-23 19:30:11"
"	69BA0CDE","	Chamber1","	1","	B01??(?)","	13.8","	2026-07-23 19:30:11"
"	69BA0CDE","	Chamber1","	1","	B01??(%RH)","	58.2","	2026-07-23 19:30:09"
"	69BA0CDE","	Chamber1","	1","	B01??(?)","	13.8","	2026-07-23 19:30:09"
"	69BA0CDE","	Chamber1","	1","	B01??(%RH)","	58","	2026-07-23 19:30:07"
"	69BA0CDE","	Chamber1","	1","	B01??(?)","	13.9","	2026-07-23 19:30:07"
"	69BA0CDE","	Chamber1","	1","	B01??(%RH)","	57.9","	2026-07-23 19:30:05"
"	69BA0CDE","	Chamber1","	1","	B01??(?)","	13.9","	2026-07-23 19:30:05"
"	69BA0CDE","	Chamber1","	1","	B01??(%RH)","	57.8","	2026-07-23 19:30:03"
"	69BA0CDE","	Chamber1","	1","	B01??(?)","	13.9","	2026-07-23 19:30:03"
"	69BA0CDE","	Chamber1","	1","	B01??(%RH)","	57.7","	2026-07-23 19:30:01"
"	69BA0CDE","	Chamber1","	1","	B01??(?)","	13.9","	2026-07-23 19:30:01"
"	69BA0CDE","	Chamber1","	1","	B01??(%RH)","	57.6","	2026-07-23 19:29:59"
"	69BA0CDE","	Chamber1","	1","	B01??(?)","	14","	2026-07-23 19:29:59"
"	69BA0CDE","	Chamber1","	1","	B01??(%RH)","	57.5","	2026-07-23 19:29:57"
"	69BA0CDE","	Chamber1","	1","	B01??(?)","	14","	2026-07-23 19:29:57"
"	69BA0CDE","	Chamber1","	1","	B01??(%RH)","	57.4","	2026-07-23 19:29:55"
"	69BA0CDE","	Chamber1","	1","	B01??(?)","	14","	2026-07-23 19:29:55"
"	69BA0CDE","	Chamber1","	1","	B01??(%RH)","	57.3","	2026-07-23 19:29:53"
"	69BA0CDE","	Chamber1","	1","	B01??(?)","	14.1","	2026-07-23 19:29:53"
"	69BA0CDE","	Chamber1","	1","	B01??(%RH)","	57.2","	2026-07-23 19:29:51"
"	69BA0CDE","	Chamber1","	1","	B01??(?)","	14.1","	2026-07-23 19:29:51"
"	69BA0CDE","	Chamber1","	1","	B01??(%RH)","	57","	2026-07-23 19:29:49"
"	69BA0CDE","	Chamber1","	1","	B01??(?)","	14.2","	2026-07-23 19:29:49"
"	69BA0CDE","	Chamber1","	1","	B01??(%RH)","	56.9","	2026-07-23 19:29:47"
"	69BA0CDE","	Chamber1","	1","	B01??(?)","	14.2","	2026-07-23 19:29:47"
"	69BA0CDE","	Chamber1","	1","	B01??(%RH)","	56.8","	2026-07-23 19:29:45"
"	69BA0CDE","	Chamber1","	1","	B01??(?)","	14.2","	2026-07-23 19:29:45"
"	69BA0CDE","	Chamber1","	1","	B01??(%RH)","	56.7","	2026-07-23 19:29:43"
"	69BA0CDE","	Chamber1","	1","	B01??(?)","	14.2","	2026-07-23 19:29:43"
"	69BA0CDE","	Chamber1","	1","	B01??(%RH)","	56.6","	2026-07-23 19:29:41"
"	69BA0CDE","	Chamber1","	1","	B01??(?)","	14.3","	2026-07-23 19:29:41"
"	69BA0CDE","	Chamber1","	1","	B01??(%RH)","	56.5","	2026-07-23 19:29:38"
"	69BA0CDE","	Chamber1","	1","	B01??(?)","	14.3","	2026-07-23 19:29:38"
"	69BA0CDE","	Chamber1","	1","	B01??(%RH)","	56.4","	2026-07-23 19:29:36"
"	69BA0CDE","	Chamber1","	1","	B01??(?)","	14.3","	2026-07-23 19:29:36"
"	69BA0CDE","	Chamber1","	1","	B01??(%RH)","	56.3","	2026-07-23 19:29:34"
"	69BA0CDE","	Chamber1","	1","	B01??(?)","	14.4","	2026-07-23 19:29:34"
"	69BA0CDE","	Chamber1","	1","	B01??(%RH)","	56.2","	2026-07-23 19:29:32"
"	69BA0CDE","	Chamber1","	1","	B01??(?)","	14.4","	2026-07-23 19:29:32"
"	69BA0CDE","	Chamber1","	1","	B01??(%RH)","	56.1","	2026-07-23 19:29:30"
"	69BA0CDE","	Chamber1","	1","	B01??(?)","	14.5","	2026-07-23 19:29:30"
"	69BA0CDE","	Chamber1","	1","	B01??(%RH)","	55.9","	2026-07-23 19:29:28"
"	69BA0CDE","	Chamber1","	1","	B01??(?)","	14.5","	2026-07-23 19:29:28"
"	69BA0CDE","	Chamber1","	1","	B01??(%RH)","	55.8","	2026-07-23 19:29:26"
"	69BA0CDE","	Chamber1","	1","	B01??(?)","	14.5","	2026-07-23 19:29:26"
"	69BA0CDE","	Chamber1","	1","	B01??(%RH)","	55.6","	2026-07-23 19:29:24"
"	69BA0CDE","	Chamber1","	1","	B01??(?)","	14.6","	2026-07-23 19:29:24"
"	69BA0CDE","	Chamber1","	1","	B01??(%RH)","	55.5","	2026-07-23 19:29:22"
"	69BA0CDE","	Chamber1","	1","	B01??(?)","	14.6","	2026-07-23 19:29:22"
"	69BA0CDE","	Chamber1","	1","	B01??(%RH)","	55.4","	2026-07-23 19:29:20"
"	69BA0CDE","	Chamber1","	1","	B01??(?)","	14.7","	2026-07-23 19:29:20"
"	69BA0CDE","	Chamber1","	1","	B01??(%RH)","	55.3","	2026-07-23 19:29:18"
"	69BA0CDE","	Chamber1","	1","	B01??(?)","	14.7","	2026-07-23 19:29:18"
"	69BA0CDE","	Chamber1","	1","	B01??(%RH)","	55.2","	2026-07-23 19:29:16"
"	69BA0CDE","	Chamber1","	1","	B01??(?)","	14.7","	2026-07-23 19:29:16"
"	69BA0CDE","	Chamber1","	1","	B01??(%RH)","	55.1","	2026-07-23 19:29:14"
"	69BA0CDE","	Chamber1","	1","	B01??(?)","	14.8","	2026-07-23 19:29:14"
"	69BA0CDE","	Chamber1","	1","	B01??(%RH)","	54.9","	2026-07-23 19:29:12"
"	69BA0CDE","	Chamber1","	1","	B01??(?)","	14.8","	2026-07-23 19:29:12"
"	69BA0CDE","	Chamber1","	1","	B01??(%RH)","	54.9","	2026-07-23 19:29:10"
"	69BA0CDE","	Chamber1","	1","	B01??(?)","	14.9","	2026-07-23 19:29:10"
"	69BA0CDE","	Chamber1","	1","	B01??(%RH)","	54.7","	2026-07-23 19:29:08"
"	69BA0CDE","	Chamber1","	1","	B01??(?)","	14.9","	2026-07-23 19:29:08"
"	69BA0CDE","	Chamber1","	1","	B01??(%RH)","	54.6","	2026-07-23 19:29:06"
"	69BA0CDE","	Chamber1","	1","	B01??(?)","	15","	2026-07-23 19:29:06"
"	69BA0CDE","	Chamber1","	1","	B01??(%RH)","	54.5","	2026-07-23 19:29:04"
"	69BA0CDE","	Chamber1","	1","	B01??(?)","	15","	2026-07-23 19:29:04"
"	69BA0CDE","	Chamber1","	1","	B01??(%RH)","	54.4","	2026-07-23 19:29:02"
"	69BA0CDE","	Chamber1","	1","	B01??(?)","	15","	2026-07-23 19:29:02"
"	69BA0CDE","	Chamber1","	1","	B01??(%RH)","	54.3","	2026-07-23 19:29:00"
"	69BA0CDE","	Chamber1","	1","	B01??(?)","	15.1","	2026-07-23 19:29:00"
"	69BA0CDE","	Chamber1","	1","	B01??(%RH)","	54.1","	2026-07-23 19:28:58"
"	69BA0CDE","	Chamber1","	1","	B01??(?)","	15.1","	2026-07-23 19:28:58"
"	69BA0CDE","	Chamber1","	1","	B01??(%RH)","	54","	2026-07-23 19:28:55"
"	69BA0CDE","	Chamber1","	1","	B01??(?)","	15.2","	2026-07-23 19:28:55"
"	69BA0CDE","	Chamber1","	1","	B01??(%RH)","	53.9","	2026-07-23 19:28:53"
"	69BA0CDE","	Chamber1","	1","	B01??(?)","	15.2","	2026-07-23 19:28:53"
"	69BA0CDE","	Chamber1","	1","	B01??(%RH)","	53.8","	2026-07-23 19:28:51"
"	69BA0CDE","	Chamber1","	1","	B01??(?)","	15.3","	2026-07-23 19:28:51"
"	69BA0CDE","	Chamber1","	1","	B01??(%RH)","	53.6","	2026-07-23 19:28:49"
"	69BA0CDE","	Chamber1","	1","	B01??(?)","	15.3","	2026-07-23 19:28:49"
"	69BA0CDE","	Chamber1","	1","	B01??(%RH)","	53.5","	2026-07-23 19:28:47"
"	69BA0CDE","	Chamber1","	1","	B01??(?)","	15.3","	2026-07-23 19:28:47"
"	69BA0CDE","	Chamber1","	1","	B01??(%RH)","	53.3","	2026-07-23 19:28:45"
"	69BA0CDE","	Chamber1","	1","	B01??(?)","	15.4","	2026-07-23 19:28:45"
"	69BA0CDE","	Chamber1","	1","	B01??(%RH)","	53.2","	2026-07-23 19:28:43"
"	69BA0CDE","	Chamber1","	1","	B01??(?)","	15.4","	2026-07-23 19:28:43"
"	69BA0CDE","	Chamber1","	1","	B01??(%RH)","	53.1","	2026-07-23 19:28:41"
"	69BA0CDE","	Chamber1","	1","	B01??(?)","	15.5","	2026-07-23 19:28:41"
"	69BA0CDE","	Chamber1","	1","	B01??(%RH)","	53","	2026-07-23 19:28:39"
"	69BA0CDE","	Chamber1","	1","	B01??(?)","	15.5","	2026-07-23 19:28:39"
"	69BA0CDE","	Chamber1","	1","	B01??(%RH)","	52.8","	2026-07-23 19:28:37"
"	69BA0CDE","	Chamber1","	1","	B01??(?)","	15.6","	2026-07-23 19:28:37"
"	69BA0CDE","	Chamber1","	1","	B01??(%RH)","	52.6","	2026-07-23 19:28:35"
"	69BA0CDE","	Chamber1","	1","	B01??(?)","	15.6","	2026-07-23 19:28:35"
"	69BA0CDE","	Chamber1","	1","	B01??(%RH)","	52.5","	2026-07-23 19:28:33"
"	69BA0CDE","	Chamber1","	1","	B01??(?)","	15.7","	2026-07-23 19:28:33"
"	69BA0CDE","	Chamber1","	1","	B01??(%RH)","	52.3","	2026-07-23 19:28:31"
"	69BA0CDE","	Chamber1","	1","	B01??(?)","	15.7","	2026-07-23 19:28:31"
"	69BA0CDE","	Chamber1","	1","	B01??(%RH)","	52.2","	2026-07-23 19:28:29"
"	69BA0CDE","	Chamber1","	1","	B01??(?)","	15.8","	2026-07-23 19:28:29"
"	69BA0CDE","	Chamber1","	1","	B01??(%RH)","	52","	2026-07-23 19:28:27"
"	69BA0CDE","	Chamber1","	1","	B01??(?)","	15.8","	2026-07-23 19:28:27"
"	69BA0CDE","	Chamber1","	1","	B01??(%RH)","	51.9","	2026-07-23 19:28:25"
"	69BA0CDE","	Chamber1","	1","	B01??(?)","	15.9","	2026-07-23 19:28:25"
"	69BA0CDE","	Chamber1","	1","	B01??(%RH)","	51.8","	2026-07-23 19:28:23"
"	69BA0CDE","	Chamber1","	1","	B01??(?)","	15.9","	2026-07-23 19:28:23"
"	69BA0CDE","	Chamber1","	1","	B01??(%RH)","	51.6","	2026-07-23 19:28:21"
"	69BA0CDE","	Chamber1","	1","	B01??(?)","	16","	2026-07-23 19:28:21"
"	69BA0CDE","	Chamber1","	1","	B01??(%RH)","	51.5","	2026-07-23 19:28:19"
"	69BA0CDE","	Chamber1","	1","	B01??(?)","	16.1","	2026-07-23 19:28:19"
"	69BA0CDE","	Chamber1","	1","	B01??(%RH)","	51.3","	2026-07-23 19:28:17"
"	69BA0CDE","	Chamber1","	1","	B01??(?)","	16.1","	2026-07-23 19:28:17"
"	69BA0CDE","	Chamber1","	1","	B01??(%RH)","	51.1","	2026-07-23 19:28:15"
"	69BA0CDE","	Chamber1","	1","	B01??(?)","	16.2","	2026-07-23 19:28:15"
"	69BA0CDE","	Chamber1","	1","	B01??(%RH)","	51","	2026-07-23 19:28:13"
"	69BA0CDE","	Chamber1","	1","	B01??(?)","	16.2","	2026-07-23 19:28:13"
"	69BA0CDE","	Chamber1","	1","	B01??(%RH)","	50.9","	2026-07-23 19:28:10"
"	69BA0CDE","	Chamber1","	1","	B01??(?)","	16.3","	2026-07-23 19:28:10"
"	69BA0CDE","	Chamber1","	1","	B01??(%RH)","	50.7","	2026-07-23 19:28:08"
"	69BA0CDE","	Chamber1","	1","	B01??(?)","	16.3","	2026-07-23 19:28:08"
"	69BA0CDE","	Chamber1","	1","	B01??(%RH)","	50.6","	2026-07-23 19:28:06"
"	69BA0CDE","	Chamber1","	1","	B01??(?)","	16.4","	2026-07-23 19:28:06"
"	69BA0CDE","	Chamber1","	1","	B01??(%RH)","	50.4","	2026-07-23 19:28:04"
"	69BA0CDE","	Chamber1","	1","	B01??(?)","	16.4","	2026-07-23 19:28:04"
"	69BA0CDE","	Chamber1","	1","	B01??(%RH)","	50.3","	2026-07-23 19:28:02"
"	69BA0CDE","	Chamber1","	1","	B01??(?)","	16.5","	2026-07-23 19:28:02"
"	69BA0CDE","	Chamber1","	1","	B01??(%RH)","	50.1","	2026-07-23 19:28:00"
"	69BA0CDE","	Chamber1","	1","	B01??(?)","	16.6","	2026-07-23 19:28:00"
"	69BA0CDE","	Chamber1","	1","	B01??(%RH)","	49.9","	2026-07-23 19:27:58"
"	69BA0CDE","	Chamber1","	1","	B01??(?)","	16.6","	2026-07-23 19:27:58"
"	69BA0CDE","	Chamber1","	1","	B01??(%RH)","	49.8","	2026-07-23 19:27:56"
"	69BA0CDE","	Chamber1","	1","	B01??(?)","	16.7","	2026-07-23 19:27:56"
"	69BA0CDE","	Chamber1","	1","	B01??(%RH)","	49.6","	2026-07-23 19:27:54"
"	69BA0CDE","	Chamber1","	1","	B01??(?)","	16.7","	2026-07-23 19:27:54"
"	69BA0CDE","	Chamber1","	1","	B01??(%RH)","	49.4","	2026-07-23 19:27:52"
"	69BA0CDE","	Chamber1","	1","	B01??(?)","	16.8","	2026-07-23 19:27:52"
"	69BA0CDE","	Chamber1","	1","	B01??(%RH)","	49.2","	2026-07-23 19:27:50"
"	69BA0CDE","	Chamber1","	1","	B01??(?)","	16.9","	2026-07-23 19:27:50"
"	69BA0CDE","	Chamber1","	1","	B01??(%RH)","	49.1","	2026-07-23 19:27:48"
"	69BA0CDE","	Chamber1","	1","	B01??(?)","	16.9","	2026-07-23 19:27:48"
"	69BA0CDE","	Chamber1","	1","	B01??(%RH)","	48.9","	2026-07-23 19:27:46"
"	69BA0CDE","	Chamber1","	1","	B01??(?)","	17","	2026-07-23 19:27:46"
"	69BA0CDE","	Chamber1","	1","	B01??(%RH)","	48.8","	2026-07-23 19:27:44"
"	69BA0CDE","	Chamber1","	1","	B01??(?)","	17","	2026-07-23 19:27:44"
"	69BA0CDE","	Chamber1","	1","	B01??(%RH)","	48.6","	2026-07-23 19:27:42"
"	69BA0CDE","	Chamber1","	1","	B01??(?)","	17.1","	2026-07-23 19:27:42"
"	69BA0CDE","	Chamber1","	1","	B01??(%RH)","	48.4","	2026-07-23 19:27:40"
"	69BA0CDE","	Chamber1","	1","	B01??(?)","	17.2","	2026-07-23 19:27:40"
"	69BA0CDE","	Chamber1","	1","	B01??(%RH)","	48.3","	2026-07-23 19:27:38"
"	69BA0CDE","	Chamber1","	1","	B01??(?)","	17.2","	2026-07-23 19:27:38"
"	69BA0CDE","	Chamber1","	1","	B01??(%RH)","	48.1","	2026-07-23 19:27:36"
"	69BA0CDE","	Chamber1","	1","	B01??(?)","	17.3","	2026-07-23 19:27:36"
"	69BA0CDE","	Chamber1","	1","	B01??(%RH)","	47.9","	2026-07-23 19:27:34"
"	69BA0CDE","	Chamber1","	1","	B01??(?)","	17.4","	2026-07-23 19:27:34"
"	69BA0CDE","	Chamber1","	1","	B01??(%RH)","	47.8","	2026-07-23 19:27:32"
"	69BA0CDE","	Chamber1","	1","	B01??(?)","	17.5","	2026-07-23 19:27:32"
"	69BA0CDE","	Chamber1","	1","	B01??(%RH)","	47.6","	2026-07-23 19:27:30"
"	69BA0CDE","	Chamber1","	1","	B01??(?)","	17.5","	2026-07-23 19:27:30"
"	69BA0CDE","	Chamber1","	1","	B01??(%RH)","	47.5","	2026-07-23 19:27:28"
"	69BA0CDE","	Chamber1","	1","	B01??(?)","	17.6","	2026-07-23 19:27:28"
"	69BA0CDE","	Chamber1","	1","	B01??(%RH)","	47.3","	2026-07-23 19:27:25"
"	69BA0CDE","	Chamber1","	1","	B01??(?)","	17.7","	2026-07-23 19:27:25"
"	69BA0CDE","	Chamber1","	1","	B01??(%RH)","	47.1","	2026-07-23 19:27:23"
"	69BA0CDE","	Chamber1","	1","	B01??(?)","	17.7","	2026-07-23 19:27:23"
"	69BA0CDE","	Chamber1","	1","	B01??(%RH)","	47","	2026-07-23 19:27:21"
"	69BA0CDE","	Chamber1","	1","	B01??(?)","	17.8","	2026-07-23 19:27:21"
"	69BA0CDE","	Chamber1","	1","	B01??(%RH)","	46.8","	2026-07-23 19:27:19"
"	69BA0CDE","	Chamber1","	1","	B01??(?)","	17.9","	2026-07-23 19:27:19"
"	69BA0CDE","	Chamber1","	1","	B01??(%RH)","	46.7","	2026-07-23 19:27:17"
"	69BA0CDE","	Chamber1","	1","	B01??(?)","	18","	2026-07-23 19:27:17"
"	69BA0CDE","	Chamber1","	1","	B01??(%RH)","	46.5","	2026-07-23 19:27:15"
"	69BA0CDE","	Chamber1","	1","	B01??(?)","	18","	2026-07-23 19:27:15"
"	69BA0CDE","	Chamber1","	1","	B01??(%RH)","	46.4","	2026-07-23 19:27:13"
"	69BA0CDE","	Chamber1","	1","	B01??(?)","	18.1","	2026-07-23 19:27:13"
"	69BA0CDE","	Chamber1","	1","	B01??(%RH)","	46.2","	2026-07-23 19:27:11"
"	69BA0CDE","	Chamber1","	1","	B01??(?)","	18.2","	2026-07-23 19:27:11"
"	69BA0CDE","	Chamber1","	1","	B01??(%RH)","	46","	2026-07-23 19:27:09"
"	69BA0CDE","	Chamber1","	1","	B01??(?)","	18.3","	2026-07-23 19:27:09"
"	69BA0CDE","	Chamber1","	1","	B01??(%RH)","	45.7","	2026-07-23 19:27:07"
"	69BA0CDE","	Chamber1","	1","	B01??(?)","	18.3","	2026-07-23 19:27:07"
"	69BA0CDE","	Chamber1","	1","	B01??(%RH)","	45.5","	2026-07-23 19:27:05"
"	69BA0CDE","	Chamber1","	1","	B01??(?)","	18.4","	2026-07-23 19:27:05"
"	69BA0CDE","	Chamber1","	1","	B01??(%RH)","	45.3","	2026-07-23 19:27:03"
"	69BA0CDE","	Chamber1","	1","	B01??(?)","	18.5","	2026-07-23 19:27:03"
"	69BA0CDE","	Chamber1","	1","	B01??(%RH)","	45.2","	2026-07-23 19:27:01"
"	69BA0CDE","	Chamber1","	1","	B01??(?)","	18.6","	2026-07-23 19:27:01"
"	69BA0CDE","	Chamber1","	1","	B01??(%RH)","	45","	2026-07-23 19:26:59"
"	69BA0CDE","	Chamber1","	1","	B01??(?)","	18.7","	2026-07-23 19:26:59"
"	69BA0CDE","	Chamber1","	1","	B01??(%RH)","	44.8","	2026-07-23 19:26:57"
"	69BA0CDE","	Chamber1","	1","	B01??(?)","	18.7","	2026-07-23 19:26:57"
"	69BA0CDE","	Chamber1","	1","	B01??(%RH)","	44.7","	2026-07-23 19:26:55"
"	69BA0CDE","	Chamber1","	1","	B01??(?)","	18.8","	2026-07-23 19:26:55"
"	69BA0CDE","	Chamber1","	1","	B01??(%RH)","	44.5","	2026-07-23 19:26:53"
"	69BA0CDE","	Chamber1","	1","	B01??(?)","	18.9","	2026-07-23 19:26:53"
"	69BA0CDE","	Chamber1","	1","	B01??(%RH)","	44.3","	2026-07-23 19:26:51"
"	69BA0CDE","	Chamber1","	1","	B01??(?)","	19","	2026-07-23 19:26:51"
"	69BA0CDE","	Chamber1","	1","	B01??(%RH)","	44.2","	2026-07-23 19:26:49"
"	69BA0CDE","	Chamber1","	1","	B01??(?)","	19.1","	2026-07-23 19:26:49"
"	69BA0CDE","	Chamber1","	1","	B01??(%RH)","	44","	2026-07-23 19:26:47"
"	69BA0CDE","	Chamber1","	1","	B01??(?)","	19.2","	2026-07-23 19:26:47"
"	69BA0CDE","	Chamber1","	1","	B01??(%RH)","	43.8","	2026-07-23 19:26:45"
"	69BA0CDE","	Chamber1","	1","	B01??(?)","	19.2","	2026-07-23 19:26:45"
"	69BA0CDE","	Chamber1","	1","	B01??(%RH)","	43.7","	2026-07-23 19:26:42"
"	69BA0CDE","	Chamber1","	1","	B01??(?)","	19.3","	2026-07-23 19:26:42"
"	69BA0CDE","	Chamber1","	1","	B01??(%RH)","	43.6","	2026-07-23 19:26:40"
"	69BA0CDE","	Chamber1","	1","	B01??(?)","	19.4","	2026-07-23 19:26:40"
"	69BA0CDE","	Chamber1","	1","	B01??(%RH)","	43.4","	2026-07-23 19:26:38"
"	69BA0CDE","	Chamber1","	1","	B01??(?)","	19.5","	2026-07-23 19:26:38"
"	69BA0CDE","	Chamber1","	1","	B01??(%RH)","	43.2","	2026-07-23 19:26:36"
"	69BA0CDE","	Chamber1","	1","	B01??(?)","	19.6","	2026-07-23 19:26:36"
"	69BA0CDE","	Chamber1","	1","	B01??(%RH)","	43.1","	2026-07-23 19:26:34"
"	69BA0CDE","	Chamber1","	1","	B01??(?)","	19.7","	2026-07-23 19:26:34"
"	69BA0CDE","	Chamber1","	1","	B01??(%RH)","	43","	2026-07-23 19:26:32"
"	69BA0CDE","	Chamber1","	1","	B01??(?)","	19.8","	2026-07-23 19:26:32"
"	69BA0CDE","	Chamber1","	1","	B01??(%RH)","	42.8","	2026-07-23 19:26:30"
"	69BA0CDE","	Chamber1","	1","	B01??(?)","	19.8","	2026-07-23 19:26:30"
"	69BA0CDE","	Chamber1","	1","	B01??(%RH)","	42.7","	2026-07-23 19:26:28"
"	69BA0CDE","	Chamber1","	1","	B01??(?)","	19.9","	2026-07-23 19:26:28"
"	69BA0CDE","	Chamber1","	1","	B01??(%RH)","	42.5","	2026-07-23 19:26:26"
"	69BA0CDE","	Chamber1","	1","	B01??(?)","	20","	2026-07-23 19:26:26"
"	69BA0CDE","	Chamber1","	1","	B01??(%RH)","	42.4","	2026-07-23 19:26:24"
"	69BA0CDE","	Chamber1","	1","	B01??(?)","	20.1","	2026-07-23 19:26:24"
"	69BA0CDE","	Chamber1","	1","	B01??(%RH)","	42.3","	2026-07-23 19:26:22"
"	69BA0CDE","	Chamber1","	1","	B01??(?)","	20.2","	2026-07-23 19:26:22"
"	69BA0CDE","	Chamber1","	1","	B01??(%RH)","	42.1","	2026-07-23 19:26:20"
"	69BA0CDE","	Chamber1","	1","	B01??(?)","	20.3","	2026-07-23 19:26:20"
"	69BA0CDE","	Chamber1","	1","	B01??(%RH)","	42","	2026-07-23 19:26:18"
"	69BA0CDE","	Chamber1","	1","	B01??(?)","	20.4","	2026-07-23 19:26:18"
"	69BA0CDE","	Chamber1","	1","	B01??(%RH)","	41.9","	2026-07-23 19:26:16"
"	69BA0CDE","	Chamber1","	1","	B01??(?)","	20.5","	2026-07-23 19:26:16"
"	69BA0CDE","	Chamber1","	1","	B01??(%RH)","	41.8","	2026-07-23 19:26:14"
"	69BA0CDE","	Chamber1","	1","	B01??(?)","	20.6","	2026-07-23 19:26:14"
"	69BA0CDE","	Chamber1","	1","	B01??(%RH)","	41.8","	2026-07-23 19:26:12"
"	69BA0CDE","	Chamber1","	1","	B01??(?)","	20.6","	2026-07-23 19:26:12"
"	69BA0CDE","	Chamber1","	1","	B01??(%RH)","	41.7","	2026-07-23 19:26:10"
"	69BA0CDE","	Chamber1","	1","	B01??(?)","	20.7","	2026-07-23 19:26:10"
"	69BA0CDE","	Chamber1","	1","	B01??(%RH)","	41.7","	2026-07-23 19:26:08"
"	69BA0CDE","	Chamber1","	1","	B01??(?)","	20.8","	2026-07-23 19:26:08"
"	69BA0CDE","	Chamber1","	1","	B01??(%RH)","	41.7","	2026-07-23 19:26:06"
"	69BA0CDE","	Chamber1","	1","	B01??(?)","	20.9","	2026-07-23 19:26:06"
"	69BA0CDE","	Chamber1","	1","	B01??(%RH)","	41.7","	2026-07-23 19:26:04"
"	69BA0CDE","	Chamber1","	1","	B01??(?)","	21","	2026-07-23 19:26:04"
"	69BA0CDE","	Chamber1","	1","	B01??(%RH)","	41.7","	2026-07-23 19:26:02"
"	69BA0CDE","	Chamber1","	1","	B01??(?)","	21","	2026-07-23 19:26:02"
"	69BA0CDE","	Chamber1","	1","	B01??(%RH)","	41.8","	2026-07-23 19:26:00"
"	69BA0CDE","	Chamber1","	1","	B01??(?)","	21.1","	2026-07-23 19:26:00"
"	69BA0CDE","	Chamber1","	1","	B01??(%RH)","	41.9","	2026-07-23 19:25:57"
"	69BA0CDE","	Chamber1","	1","	B01??(?)","	21.2","	2026-07-23 19:25:57"
"	69BA0CDE","	Chamber1","	1","	B01??(%RH)","	42.1","	2026-07-23 19:25:55"
"	69BA0CDE","	Chamber1","	1","	B01??(?)","	21.2","	2026-07-23 19:25:55"
"	69BA0CDE","	Chamber1","	1","	B01??(%RH)","	42.3","	2026-07-23 19:25:53"
"	69BA0CDE","	Chamber1","	1","	B01??(?)","	21.3","	2026-07-23 19:25:53"
"	69BA0CDE","	Chamber1","	1","	B01??(%RH)","	42.7","	2026-07-23 19:25:51"
"	69BA0CDE","	Chamber1","	1","	B01??(?)","	21.3","	2026-07-23 19:25:51"
"	69BA0CDE","	Chamber1","	1","	B01??(%RH)","	43.3","	2026-07-23 19:25:49"
"	69BA0CDE","	Chamber1","	1","	B01??(?)","	21.4","	2026-07-23 19:25:49"
"	69BA0CDE","	Chamber1","	1","	B01??(%RH)","	44","	2026-07-23 19:25:47"
"	69BA0CDE","	Chamber1","	1","	B01??(?)","	21.5","	2026-07-23 19:25:47"
"	69BA0CDE","	Chamber1","	1","	B01??(%RH)","	44.9","	2026-07-23 19:25:45"
"	69BA0CDE","	Chamber1","	1","	B01??(?)","	21.5","	2026-07-23 19:25:45"
"	69BA0CDE","	Chamber1","	1","	B01??(%RH)","	46.2","	2026-07-23 19:25:43"
"	69BA0CDE","	Chamber1","	1","	B01??(?)","	21.6","	2026-07-23 19:25:43"
"	69BA0CDE","	Chamber1","	1","	B01??(%RH)","	47.8","	2026-07-23 19:25:41"
"	69BA0CDE","	Chamber1","	1","	B01??(?)","	21.6","	2026-07-23 19:25:41"
"	69BA0CDE","	Chamber1","	1","	B01??(%RH)","	50.2","	2026-07-23 19:25:39"
"	69BA0CDE","	Chamber1","	1","	B01??(?)","	21.6","	2026-07-23 19:25:39"
"	69BA0CDE","	Chamber1","	1","	B01??(%RH)","	53.6","	2026-07-23 19:25:37"
"	69BA0CDE","	Chamber1","	1","	B01??(?)","	21.6","	2026-07-23 19:25:37"
"	69BA0CDE","	Chamber1","	1","	B01??(%RH)","	60.5","	2026-07-23 19:25:35"
"	69BA0CDE","	Chamber1","	1","	B01??(?)","	21.7","	2026-07-23 19:25:35"
"	69BA0CDE","	Chamber1","	1","	B01??(%RH)","	65.9","	2026-07-23 19:25:33"
"	69BA0CDE","	Chamber1","	1","	B01??(?)","	21.7","	2026-07-23 19:25:33"
"	69BA0CDE","	Chamber1","	1","	B01??(%RH)","	71.6","	2026-07-23 19:25:31"
"	69BA0CDE","	Chamber1","	1","	B01??(?)","	21.7","	2026-07-23 19:25:31"
"	69BA0CDE","	Chamber1","	1","	B01??(%RH)","	76.6","	2026-07-23 19:25:29"
"	69BA0CDE","	Chamber1","	1","	B01??(?)","	21.7","	2026-07-23 19:25:29"
"	69BA0CDE","	Chamber1","	1","	B01??(%RH)","	79.6","	2026-07-23 19:25:27"
"	69BA0CDE","	Chamber1","	1","	B01??(?)","	21.7","	2026-07-23 19:25:27"
"	69BA0CDE","	Chamber1","	1","	B01??(%RH)","	81.1","	2026-07-23 19:25:25"
"	69BA0CDE","	Chamber1","	1","	B01??(?)","	21.7","	2026-07-23 19:25:25"
"	69BA0CDE","	Chamber1","	1","	B01??(%RH)","	81.5","	2026-07-23 19:25:23"
"	69BA0CDE","	Chamber1","	1","	B01??(?)","	21.7","	2026-07-23 19:25:23"
"	69BA0CDE","	Chamber1","	1","	B01??(%RH)","	81.5","	2026-07-23 19:25:21"
"	69BA0CDE","	Chamber1","	1","	B01??(?)","	21.7","	2026-07-23 19:25:21"
"	69BA0CDE","	Chamber1","	1","	B01??(%RH)","	81.5","	2026-07-23 19:25:19"
"	69BA0CDE","	Chamber1","	1","	B01??(?)","	21.7","	2026-07-23 19:25:19"
"	69BA0CDE","	Chamber1","	1","	B01??(%RH)","	81.5","	2026-07-23 19:25:17"
"	69BA0CDE","	Chamber1","	1","	B01??(?)","	21.7","	2026-07-23 19:25:17"
"	69BA0CDE","	Chamber1","	1","	B01??(%RH)","	81.4","	2026-07-23 19:25:14"
"	69BA0CDE","	Chamber1","	1","	B01??(?)","	21.7","	2026-07-23 19:25:14"
"	69BA0CDE","	Chamber1","	1","	B01??(%RH)","	81.1","	2026-07-23 19:25:12"
"	69BA0CDE","	Chamber1","	1","	B01??(?)","	21.7","	2026-07-23 19:25:12"
"	69BA0CDE","	Chamber1","	1","	B01??(%RH)","	80.9","	2026-07-23 19:25:10"
"	69BA0CDE","	Chamber1","	1","	B01??(?)","	21.7","	2026-07-23 19:25:10"
"	69BA0CDE","	Chamber1","	1","	B01??(%RH)","	80.7","	2026-07-23 19:25:08"
"	69BA0CDE","	Chamber1","	1","	B01??(?)","	21.7","	2026-07-23 19:25:08"
"	69BA0CDE","	Chamber1","	1","	B01??(%RH)","	80.4","	2026-07-23 19:25:06"
"	69BA0CDE","	Chamber1","	1","	B01??(?)","	21.7","	2026-07-23 19:25:06"
"	69BA0CDE","	Chamber1","	1","	B01??(%RH)","	80.2","	2026-07-23 19:25:04"
"	69BA0CDE","	Chamber1","	1","	B01??(?)","	21.7","	2026-07-23 19:25:04"
"	69BA0CDE","	Chamber1","	1","	B01??(%RH)","	79.8","	2026-07-23 19:25:02"
"	69BA0CDE","	Chamber1","	1","	B01??(?)","	21.7","	2026-07-23 19:25:02"
"	69BA0CDE","	Chamber1","	1","	B01??(%RH)","	79.3","	2026-07-23 19:25:00"
"	69BA0CDE","	Chamber1","	1","	B01??(?)","	21.7","	2026-07-23 19:25:00"
"	69BA0CDE","	Chamber1","	1","	B01??(%RH)","	78.7","	2026-07-23 19:24:58"
"	69BA0CDE","	Chamber1","	1","	B01??(?)","	21.7","	2026-07-23 19:24:58"
"	69BA0CDE","	Chamber1","	1","	B01??(%RH)","	78.5","	2026-07-23 19:24:56"
"	69BA0CDE","	Chamber1","	1","	B01??(?)","	21.6","	2026-07-23 19:24:56"
"	69BA0CDE","	Chamber1","	1","	B01??(%RH)","	78.9","	2026-07-23 19:24:54"
"	69BA0CDE","	Chamber1","	1","	B01??(?)","	21.7","	2026-07-23 19:24:54"
"	69BA0CDE","	Chamber1","	1","	B01??(%RH)","	79.2","	2026-07-23 19:24:52"
"	69BA0CDE","	Chamber1","	1","	B01??(?)","	21.7","	2026-07-23 19:24:52"
"	69BA0CDE","	Chamber1","	1","	B01??(%RH)","	79.3","	2026-07-23 19:24:50"
"	69BA0CDE","	Chamber1","	1","	B01??(?)","	21.7","	2026-07-23 19:24:50"
"	69BA0CDE","	Chamber1","	1","	B01??(%RH)","	79.3","	2026-07-23 19:24:48"
"	69BA0CDE","	Chamber1","	1","	B01??(?)","	21.7","	2026-07-23 19:24:48"
"	69BA0CDE","	Chamber1","	1","	B01??(%RH)","	79.2","	2026-07-23 19:24:46"
"	69BA0CDE","	Chamber1","	1","	B01??(?)","	21.7","	2026-07-23 19:24:46"
"	69BA0CDE","	Chamber1","	1","	B01??(%RH)","	79.1","	2026-07-23 19:24:44"
"	69BA0CDE","	Chamber1","	1","	B01??(?)","	21.7","	2026-07-23 19:24:44"
"	69BA0CDE","	Chamber1","	1","	B01??(%RH)","	78.9","	2026-07-23 19:24:42"
"	69BA0CDE","	Chamber1","	1","	B01??(?)","	21.7","	2026-07-23 19:24:42"
"	69BA0CDE","	Chamber1","	1","	B01??(%RH)","	78.7","	2026-07-23 19:24:40"
"	69BA0CDE","	Chamber1","	1","	B01??(?)","	21.7","	2026-07-23 19:24:40"
"	69BA0CDE","	Chamber1","	1","	B01??(%RH)","	78.8","	2026-07-23 19:24:38"
"	69BA0CDE","	Chamber1","	1","	B01??(?)","	21.6","	2026-07-23 19:24:38"
"	69BA0CDE","	Chamber1","	1","	B01??(%RH)","	78.8","	2026-07-23 19:24:36"
"	69BA0CDE","	Chamber1","	1","	B01??(?)","	21.7","	2026-07-23 19:24:36"
"	69BA0CDE","	Chamber1","	1","	B01??(%RH)","	78.8","	2026-07-23 19:24:34"
"	69BA0CDE","	Chamber1","	1","	B01??(?)","	21.6","	2026-07-23 19:24:34"
"	69BA0CDE","	Chamber1","	1","	B01??(%RH)","	78.9","	2026-07-23 19:24:32"
"	69BA0CDE","	Chamber1","	1","	B01??(?)","	21.7","	2026-07-23 19:24:32"
"	69BA0CDE","	Chamber1","	1","	B01??(%RH)","	78.9","	2026-07-23 19:24:29"
"	69BA0CDE","	Chamber1","	1","	B01??(?)","	21.7","	2026-07-23 19:24:29"
"	69BA0CDE","	Chamber1","	1","	B01??(%RH)","	78.7","	2026-07-23 19:24:27"
"	69BA0CDE","	Chamber1","	1","	B01??(?)","	21.7","	2026-07-23 19:24:27"
"	69BA0CDE","	Chamber1","	1","	B01??(%RH)","	78.7","	2026-07-23 19:24:25"
"	69BA0CDE","	Chamber1","	1","	B01??(?)","	21.7","	2026-07-23 19:24:25"
"	69BA0CDE","	Chamber1","	1","	B01??(%RH)","	78.9","	2026-07-23 19:24:23"
"	69BA0CDE","	Chamber1","	1","	B01??(?)","	21.7","	2026-07-23 19:24:23"
"	69BA0CDE","	Chamber1","	1","	B01??(%RH)","	79","	2026-07-23 19:24:21"
"	69BA0CDE","	Chamber1","	1","	B01??(?)","	21.7","	2026-07-23 19:24:21"
"	69BA0CDE","	Chamber1","	1","	B01??(%RH)","	78.8","	2026-07-23 19:24:19"
"	69BA0CDE","	Chamber1","	1","	B01??(?)","	21.7","	2026-07-23 19:24:19"
"	69BA0CDE","	Chamber1","	1","	B01??(%RH)","	78.6","	2026-07-23 19:24:17"
"	69BA0CDE","	Chamber1","	1","	B01??(?)","	21.7","	2026-07-23 19:24:17"
"	69BA0CDE","	Chamber1","	1","	B01??(%RH)","	78.6","	2026-07-23 19:24:15"
"	69BA0CDE","	Chamber1","	1","	B01??(?)","	21.7","	2026-07-23 19:24:15"
"	69BA0CDE","	Chamber1","	1","	B01??(%RH)","	78.7","	2026-07-23 19:24:13"
"	69BA0CDE","	Chamber1","	1","	B01??(?)","	21.7","	2026-07-23 19:24:13"
"	69BA0CDE","	Chamber1","	1","	B01??(%RH)","	78.7","	2026-07-23 19:24:11"
"	69BA0CDE","	Chamber1","	1","	B01??(?)","	21.7","	2026-07-23 19:24:11"
"	69BA0CDE","	Chamber1","	1","	B01??(%RH)","	78.6","	2026-07-23 19:24:09"
"	69BA0CDE","	Chamber1","	1","	B01??(?)","	21.7","	2026-07-23 19:24:09"
"	69BA0CDE","	Chamber1","	1","	B01??(%RH)","	78.7","	2026-07-23 19:24:07"
"	69BA0CDE","	Chamber1","	1","	B01??(?)","	21.7","	2026-07-23 19:24:07"
"	69BA0CDE","	Chamber1","	1","	B01??(%RH)","	78.8","	2026-07-23 19:24:05"
"	69BA0CDE","	Chamber1","	1","	B01??(?)","	21.7","	2026-07-23 19:24:05"
"	69BA0CDE","	Chamber1","	1","	B01??(%RH)","	78.8","	2026-07-23 19:24:03"
"	69BA0CDE","	Chamber1","	1","	B01??(?)","	21.7","	2026-07-23 19:24:03"
"	69BA0CDE","	Chamber1","	1","	B01??(%RH)","	78.8","	2026-07-23 19:24:01"
"	69BA0CDE","	Chamber1","	1","	B01??(?)","	21.7","	2026-07-23 19:24:01"
"	69BA0CDE","	Chamber1","	1","	B01??(%RH)","	78.8","	2026-07-23 19:23:59"
"	69BA0CDE","	Chamber1","	1","	B01??(?)","	21.6","	2026-07-23 19:23:59"
"	69BA0CDE","	Chamber1","	1","	B01??(%RH)","	78.8","	2026-07-23 19:23:57"
"	69BA0CDE","	Chamber1","	1","	B01??(?)","	21.7","	2026-07-23 19:23:57"
"	69BA0CDE","	Chamber1","	1","	B01??(%RH)","	78.7","	2026-07-23 19:23:55"
"	69BA0CDE","	Chamber1","	1","	B01??(?)","	21.6","	2026-07-23 19:23:55"
"	69BA0CDE","	Chamber1","	1","	B01??(%RH)","	78.5","	2026-07-23 19:23:53"
"	69BA0CDE","	Chamber1","	1","	B01??(?)","	21.6","	2026-07-23 19:23:53"
"	69BA0CDE","	Chamber1","	1","	B01??(%RH)","	78.6","	2026-07-23 19:23:51"
"	69BA0CDE","	Chamber1","	1","	B01??(?)","	21.6","	2026-07-23 19:23:51"
"	69BA0CDE","	Chamber1","	1","	B01??(%RH)","	78.8","	2026-07-23 19:23:49"
"	69BA0CDE","	Chamber1","	1","	B01??(?)","	21.6","	2026-07-23 19:23:49"
"	69BA0CDE","	Chamber1","	1","	B01??(%RH)","	78.9","	2026-07-23 19:23:46"
"	69BA0CDE","	Chamber1","	1","	B01??(?)","	21.6","	2026-07-23 19:23:46"
"	69BA0CDE","	Chamber1","	1","	B01??(%RH)","	79","	2026-07-23 19:23:44"
"	69BA0CDE","	Chamber1","	1","	B01??(?)","	21.7","	2026-07-23 19:23:44"
"	69BA0CDE","	Chamber1","	1","	B01??(%RH)","	78.8","	2026-07-23 19:23:42"
"	69BA0CDE","	Chamber1","	1","	B01??(?)","	21.6","	2026-07-23 19:23:42"
"	69BA0CDE","	Chamber1","	1","	B01??(%RH)","	78.5","	2026-07-23 19:23:40"
"	69BA0CDE","	Chamber1","	1","	B01??(?)","	21.6","	2026-07-23 19:23:40"
"	69BA0CDE","	Chamber1","	1","	B01??(%RH)","	78.5","	2026-07-23 19:23:38"
"	69BA0CDE","	Chamber1","	1","	B01??(?)","	21.6","	2026-07-23 19:23:38"
"	69BA0CDE","	Chamber1","	1","	B01??(%RH)","	78.7","	2026-07-23 19:23:36"
"	69BA0CDE","	Chamber1","	1","	B01??(?)","	21.6","	2026-07-23 19:23:36"
"	69BA0CDE","	Chamber1","	1","	B01??(%RH)","	79","	2026-07-23 19:23:34"
"	69BA0CDE","	Chamber1","	1","	B01??(?)","	21.6","	2026-07-23 19:23:34"
"	69BA0CDE","	Chamber1","	1","	B01??(%RH)","	79.2","	2026-07-23 19:23:32"
"	69BA0CDE","	Chamber1","	1","	B01??(?)","	21.6","	2026-07-23 19:23:32"
"	69BA0CDE","	Chamber1","	1","	B01??(%RH)","	79.3","	2026-07-23 19:23:30"
"	69BA0CDE","	Chamber1","	1","	B01??(?)","	21.7","	2026-07-23 19:23:30"
"	69BA0CDE","	Chamber1","	1","	B01??(%RH)","	79.4","	2026-07-23 19:23:28"
"	69BA0CDE","	Chamber1","	1","	B01??(?)","	21.7","	2026-07-23 19:23:28"
"	69BA0CDE","	Chamber1","	1","	B01??(%RH)","	79.5","	2026-07-23 19:23:26"
"	69BA0CDE","	Chamber1","	1","	B01??(?)","	21.6","	2026-07-23 19:23:26"
"	69BA0CDE","	Chamber1","	1","	B01??(%RH)","	79.6","	2026-07-23 19:23:24"
"	69BA0CDE","	Chamber1","	1","	B01??(?)","	21.6","	2026-07-23 19:23:24"
"	69BA0CDE","	Chamber1","	1","	B01??(%RH)","	79.6","	2026-07-23 19:23:22"
"	69BA0CDE","	Chamber1","	1","	B01??(?)","	21.6","	2026-07-23 19:23:22"
"	69BA0CDE","	Chamber1","	1","	B01??(%RH)","	79.5","	2026-07-23 19:23:20"
"	69BA0CDE","	Chamber1","	1","	B01??(?)","	21.6","	2026-07-23 19:23:20"
"	69BA0CDE","	Chamber1","	1","	B01??(%RH)","	79.4","	2026-07-23 19:23:18"
"	69BA0CDE","	Chamber1","	1","	B01??(?)","	21.6","	2026-07-23 19:23:18"
"	69BA0CDE","	Chamber1","	1","	B01??(%RH)","	79.5","	2026-07-23 19:23:16"
"	69BA0CDE","	Chamber1","	1","	B01??(?)","	21.6","	2026-07-23 19:23:16"
"	69BA0CDE","	Chamber1","	1","	B01??(%RH)","	79.6","	2026-07-23 19:23:14"
"	69BA0CDE","	Chamber1","	1","	B01??(?)","	21.6","	2026-07-23 19:23:14"
"	69BA0CDE","	Chamber1","	1","	B01??(%RH)","	79.7","	2026-07-23 19:23:12"
"	69BA0CDE","	Chamber1","	1","	B01??(?)","	21.6","	2026-07-23 19:23:12"
"	69BA0CDE","	Chamber1","	1","	B01??(%RH)","	79.7","	2026-07-23 19:23:10"
"	69BA0CDE","	Chamber1","	1","	B01??(?)","	21.6","	2026-07-23 19:23:10"
"	69BA0CDE","	Chamber1","	1","	B01??(%RH)","	79.7","	2026-07-23 19:23:08"
"	69BA0CDE","	Chamber1","	1","	B01??(?)","	21.6","	2026-07-23 19:23:08"
"	69BA0CDE","	Chamber1","	1","	B01??(%RH)","	79.4","	2026-07-23 19:23:06"
"	69BA0CDE","	Chamber1","	1","	B01??(?)","	21.6","	2026-07-23 19:23:06"
"	69BA0CDE","	Chamber1","	1","	B01??(%RH)","	79","	2026-07-23 19:23:04"
"	69BA0CDE","	Chamber1","	1","	B01??(?)","	21.6","	2026-07-23 19:23:04"
"	69BA0CDE","	Chamber1","	1","	B01??(%RH)","	78.7","	2026-07-23 19:23:01"
"	69BA0CDE","	Chamber1","	1","	B01??(?)","	21.6","	2026-07-23 19:23:01"
"	69BA0CDE","	Chamber1","	1","	B01??(%RH)","	78.5","	2026-07-23 19:22:59"
"	69BA0CDE","	Chamber1","	1","	B01??(?)","	21.6","	2026-07-23 19:22:59"
"	69BA0CDE","	Chamber1","	1","	B01??(%RH)","	78.3","	2026-07-23 19:22:57"
"	69BA0CDE","	Chamber1","	1","	B01??(?)","	21.6","	2026-07-23 19:22:57"
"	69BA0CDE","	Chamber1","	1","	B01??(%RH)","	78.5","	2026-07-23 19:22:55"
"	69BA0CDE","	Chamber1","	1","	B01??(?)","	21.6","	2026-07-23 19:22:55"
"	69BA0CDE","	Chamber1","	1","	B01??(%RH)","	78.5","	2026-07-23 19:22:53"
"	69BA0CDE","	Chamber1","	1","	B01??(?)","	21.6","	2026-07-23 19:22:53"
"	69BA0CDE","	Chamber1","	1","	B01??(%RH)","	78.7","	2026-07-23 19:22:51"
"	69BA0CDE","	Chamber1","	1","	B01??(?)","	21.6","	2026-07-23 19:22:51"
"	69BA0CDE","	Chamber1","	1","	B01??(%RH)","	79","	2026-07-23 19:22:49"
"	69BA0CDE","	Chamber1","	1","	B01??(?)","	21.6","	2026-07-23 19:22:49"
"	69BA0CDE","	Chamber1","	1","	B01??(%RH)","	79.1","	2026-07-23 19:22:47"
"	69BA0CDE","	Chamber1","	1","	B01??(?)","	21.6","	2026-07-23 19:22:47"
"	69BA0CDE","	Chamber1","	1","	B01??(%RH)","	79.1","	2026-07-23 19:22:45"
"	69BA0CDE","	Chamber1","	1","	B01??(?)","	21.6","	2026-07-23 19:22:45"
"	69BA0CDE","	Chamber1","	1","	B01??(%RH)","	79","	2026-07-23 19:22:43"
"	69BA0CDE","	Chamber1","	1","	B01??(?)","	21.6","	2026-07-23 19:22:43"
"	69BA0CDE","	Chamber1","	1","	B01??(%RH)","	78.9","	2026-07-23 19:22:41"
"	69BA0CDE","	Chamber1","	1","	B01??(?)","	21.6","	2026-07-23 19:22:41"
"	69BA0CDE","	Chamber1","	1","	B01??(%RH)","	78.7","	2026-07-23 19:22:39"
"	69BA0CDE","	Chamber1","	1","	B01??(?)","	21.6","	2026-07-23 19:22:39"
"	69BA0CDE","	Chamber1","	1","	B01??(%RH)","	78.4","	2026-07-23 19:22:37"
"	69BA0CDE","	Chamber1","	1","	B01??(?)","	21.6","	2026-07-23 19:22:37"
"	69BA0CDE","	Chamber1","	1","	B01??(%RH)","	78.3","	2026-07-23 19:22:35"
"	69BA0CDE","	Chamber1","	1","	B01??(?)","	21.7","	2026-07-23 19:22:35"
"	69BA0CDE","	Chamber1","	1","	B01??(%RH)","	78.4","	2026-07-23 19:22:33"
"	69BA0CDE","	Chamber1","	1","	B01??(?)","	21.6","	2026-07-23 19:22:33"
"	69BA0CDE","	Chamber1","	1","	B01??(%RH)","	78.6","	2026-07-23 19:22:31"
"	69BA0CDE","	Chamber1","	1","	B01??(?)","	21.6","	2026-07-23 19:22:31"
"	69BA0CDE","	Chamber1","	1","	B01??(%RH)","	78.9","	2026-07-23 19:22:29"
"	69BA0CDE","	Chamber1","	1","	B01??(?)","	21.7","	2026-07-23 19:22:29"
"	69BA0CDE","	Chamber1","	1","	B01??(%RH)","	79","	2026-07-23 19:22:27"
"	69BA0CDE","	Chamber1","	1","	B01??(?)","	21.6","	2026-07-23 19:22:27"
"	69BA0CDE","	Chamber1","	1","	B01??(%RH)","	79","	2026-07-23 19:22:25"
"	69BA0CDE","	Chamber1","	1","	B01??(?)","	21.6","	2026-07-23 19:22:25"
"	69BA0CDE","	Chamber1","	1","	B01??(%RH)","	78.9","	2026-07-23 19:22:23"
"	69BA0CDE","	Chamber1","	1","	B01??(?)","	21.6","	2026-07-23 19:22:23"
"	69BA0CDE","	Chamber1","	1","	B01??(%RH)","	78.8","	2026-07-23 19:22:20"
"	69BA0CDE","	Chamber1","	1","	B01??(?)","	21.6","	2026-07-23 19:22:20"
"	69BA0CDE","	Chamber1","	1","	B01??(%RH)","	78.7","	2026-07-23 19:22:18"
"	69BA0CDE","	Chamber1","	1","	B01??(?)","	21.6","	2026-07-23 19:22:18"
"	69BA0CDE","	Chamber1","	1","	B01??(%RH)","	78.7","	2026-07-23 19:22:16"
"	69BA0CDE","	Chamber1","	1","	B01??(?)","	21.6","	2026-07-23 19:22:16"
"	69BA0CDE","	Chamber1","	1","	B01??(%RH)","	78.7","	2026-07-23 19:22:14"
"	69BA0CDE","	Chamber1","	1","	B01??(?)","	21.6","	2026-07-23 19:22:14"
"	69BA0CDE","	Chamber1","	1","	B01??(%RH)","	78.6","	2026-07-23 19:22:12"
"	69BA0CDE","	Chamber1","	1","	B01??(?)","	21.7","	2026-07-23 19:22:12"
"	69BA0CDE","	Chamber1","	1","	B01??(%RH)","	78.6","	2026-07-23 19:22:10"
"	69BA0CDE","	Chamber1","	1","	B01??(?)","	21.6","	2026-07-23 19:22:10"
"	69BA0CDE","	Chamber1","	1","	B01??(%RH)","	78.8","	2026-07-23 19:22:08"
"	69BA0CDE","	Chamber1","	1","	B01??(?)","	21.6","	2026-07-23 19:22:08"
"	69BA0CDE","	Chamber1","	1","	B01??(%RH)","	79","	2026-07-23 19:22:06"
"	69BA0CDE","	Chamber1","	1","	B01??(?)","	21.6","	2026-07-23 19:22:06"
"	69BA0CDE","	Chamber1","	1","	B01??(%RH)","	78.9","	2026-07-23 19:22:04"
"	69BA0CDE","	Chamber1","	1","	B01??(?)","	21.6","	2026-07-23 19:22:04"
"	69BA0CDE","	Chamber1","	1","	B01??(%RH)","	78.7","	2026-07-23 19:22:02"
"	69BA0CDE","	Chamber1","	1","	B01??(?)","	21.6","	2026-07-23 19:22:02"
"	69BA0CDE","	Chamber1","	1","	B01??(%RH)","	78.6","	2026-07-23 19:22:00"
"	69BA0CDE","	Chamber1","	1","	B01??(?)","	21.6","	2026-07-23 19:22:00"
"	69BA0CDE","	Chamber1","	1","	B01??(%RH)","	78.7","	2026-07-23 19:21:58"
"	69BA0CDE","	Chamber1","	1","	B01??(?)","	21.6","	2026-07-23 19:21:58"
"	69BA0CDE","	Chamber1","	1","	B01??(%RH)","	78.9","	2026-07-23 19:21:56"
"	69BA0CDE","	Chamber1","	1","	B01??(?)","	21.6","	2026-07-23 19:21:56"
"	69BA0CDE","	Chamber1","	1","	B01??(%RH)","	79","	2026-07-23 19:21:54"
"	69BA0CDE","	Chamber1","	1","	B01??(?)","	21.7","	2026-07-23 19:21:54"
"	69BA0CDE","	Chamber1","	1","	B01??(%RH)","	79","	2026-07-23 19:21:52"
"	69BA0CDE","	Chamber1","	1","	B01??(?)","	21.6","	2026-07-23 19:21:52"
"	69BA0CDE","	Chamber1","	1","	B01??(%RH)","	79","	2026-07-23 19:21:50"
"	69BA0CDE","	Chamber1","	1","	B01??(?)","	21.6","	2026-07-23 19:21:50"
"	69BA0CDE","	Chamber1","	1","	B01??(%RH)","	78.9","	2026-07-23 19:21:48"
"	69BA0CDE","	Chamber1","	1","	B01??(?)","	21.6","	2026-07-23 19:21:48"
"	69BA0CDE","	Chamber1","	1","	B01??(?)","	21.6","	2026-07-23 19:21:46"
"	69BA0CDE","	Chamber1","	1","	B01??(%RH)","	78.6","	2026-07-23 19:21:46"
"	69BA0CDE","	Chamber1","	1","	B01??(%RH)","	78.5","	2026-07-23 19:21:44"
"	69BA0CDE","	Chamber1","	1","	B01??(?)","	21.6","	2026-07-23 19:21:44"
"	69BA0CDE","	Chamber1","	1","	B01??(%RH)","	78.6","	2026-07-23 19:21:42"
"	69BA0CDE","	Chamber1","	1","	B01??(?)","	21.6","	2026-07-23 19:21:42"
"	69BA0CDE","	Chamber1","	1","	B01??(%RH)","	78.8","	2026-07-23 19:21:40"
"	69BA0CDE","	Chamber1","	1","	B01??(?)","	21.6","	2026-07-23 19:21:40"
"	69BA0CDE","	Chamber1","	1","	B01??(%RH)","	78.9","	2026-07-23 19:21:38"
"	69BA0CDE","	Chamber1","	1","	B01??(?)","	21.6","	2026-07-23 19:21:38"
"	69BA0CDE","	Chamber1","	1","	B01??(%RH)","	78.8","	2026-07-23 19:21:35"
"	69BA0CDE","	Chamber1","	1","	B01??(?)","	21.6","	2026-07-23 19:21:35"
"	69BA0CDE","	Chamber1","	1","	B01??(%RH)","	78.7","	2026-07-23 19:21:33"
"	69BA0CDE","	Chamber1","	1","	B01??(?)","	21.6","	2026-07-23 19:21:33"
"	69BA0CDE","	Chamber1","	1","	B01??(%RH)","	78.8","	2026-07-23 19:21:31"
"	69BA0CDE","	Chamber1","	1","	B01??(?)","	21.6","	2026-07-23 19:21:31"
"	69BA0CDE","	Chamber1","	1","	B01??(%RH)","	78.9","	2026-07-23 19:21:29"
"	69BA0CDE","	Chamber1","	1","	B01??(?)","	21.6","	2026-07-23 19:21:29"
"	69BA0CDE","	Chamber1","	1","	B01??(%RH)","	79.1","	2026-07-23 19:21:27"
"	69BA0CDE","	Chamber1","	1","	B01??(?)","	21.6","	2026-07-23 19:21:27"
"	69BA0CDE","	Chamber1","	1","	B01??(%RH)","	79.1","	2026-07-23 19:21:25"
"	69BA0CDE","	Chamber1","	1","	B01??(?)","	21.6","	2026-07-23 19:21:25"
"	69BA0CDE","	Chamber1","	1","	B01??(%RH)","	79.1","	2026-07-23 19:21:23"
"	69BA0CDE","	Chamber1","	1","	B01??(?)","	21.6","	2026-07-23 19:21:23"
"	69BA0CDE","	Chamber1","	1","	B01??(%RH)","	79","	2026-07-23 19:21:21"
"	69BA0CDE","	Chamber1","	1","	B01??(?)","	21.6","	2026-07-23 19:21:21"
"	69BA0CDE","	Chamber1","	1","	B01??(%RH)","	78.7","	2026-07-23 19:21:19"
"	69BA0CDE","	Chamber1","	1","	B01??(?)","	21.6","	2026-07-23 19:21:19"
"	69BA0CDE","	Chamber1","	1","	B01??(%RH)","	78.6","	2026-07-23 19:21:17"
"	69BA0CDE","	Chamber1","	1","	B01??(?)","	21.6","	2026-07-23 19:21:17"
"	69BA0CDE","	Chamber1","	1","	B01??(%RH)","	78.6","	2026-07-23 19:21:15"
"	69BA0CDE","	Chamber1","	1","	B01??(?)","	21.6","	2026-07-23 19:21:15"
"	69BA0CDE","	Chamber1","	1","	B01??(%RH)","	78.7","	2026-07-23 19:21:13"
"	69BA0CDE","	Chamber1","	1","	B01??(?)","	21.6","	2026-07-23 19:21:13"
"	69BA0CDE","	Chamber1","	1","	B01??(%RH)","	78.8","	2026-07-23 19:21:11"
"	69BA0CDE","	Chamber1","	1","	B01??(?)","	21.6","	2026-07-23 19:21:11"
"	69BA0CDE","	Chamber1","	1","	B01??(%RH)","	78.9","	2026-07-23 19:21:09"
"	69BA0CDE","	Chamber1","	1","	B01??(?)","	21.6","	2026-07-23 19:21:09"
"	69BA0CDE","	Chamber1","	1","	B01??(%RH)","	78.9","	2026-07-23 19:21:07"
"	69BA0CDE","	Chamber1","	1","	B01??(?)","	21.6","	2026-07-23 19:21:07"
"	69BA0CDE","	Chamber1","	1","	B01??(%RH)","	78.7","	2026-07-23 19:21:05"
"	69BA0CDE","	Chamber1","	1","	B01??(?)","	21.6","	2026-07-23 19:21:05"
"	69BA0CDE","	Chamber1","	1","	B01??(%RH)","	78.6","	2026-07-23 19:21:03"
"	69BA0CDE","	Chamber1","	1","	B01??(?)","	21.6","	2026-07-23 19:21:03"
"	69BA0CDE","	Chamber1","	1","	B01??(%RH)","	78.4","	2026-07-23 19:21:01"
"	69BA0CDE","	Chamber1","	1","	B01??(?)","	21.7","	2026-07-23 19:21:01"
"	69BA0CDE","	Chamber1","	1","	B01??(%RH)","	78.3","	2026-07-23 19:20:59"
"	69BA0CDE","	Chamber1","	1","	B01??(?)","	21.6","	2026-07-23 19:20:59"
"	69BA0CDE","	Chamber1","	1","	B01??(%RH)","	78.4","	2026-07-23 19:20:57"
"	69BA0CDE","	Chamber1","	1","	B01??(?)","	21.6","	2026-07-23 19:20:57"
"	69BA0CDE","	Chamber1","	1","	B01??(%RH)","	78.6","	2026-07-23 19:20:55"
"	69BA0CDE","	Chamber1","	1","	B01??(?)","	21.7","	2026-07-23 19:20:55"
"	69BA0CDE","	Chamber1","	1","	B01??(%RH)","	78.8","	2026-07-23 19:20:53"
"	69BA0CDE","	Chamber1","	1","	B01??(?)","	21.6","	2026-07-23 19:20:52"
"	69BA0CDE","	Chamber1","	1","	B01??(%RH)","	78.7","	2026-07-23 19:20:50"
"	69BA0CDE","	Chamber1","	1","	B01??(?)","	21.6","	2026-07-23 19:20:50"
"	69BA0CDE","	Chamber1","	1","	B01??(%RH)","	78.4","	2026-07-23 19:20:48"
"	69BA0CDE","	Chamber1","	1","	B01??(?)","	21.6","	2026-07-23 19:20:48"
"	69BA0CDE","	Chamber1","	1","	B01??(%RH)","	78.2","	2026-07-23 19:20:46"
"	69BA0CDE","	Chamber1","	1","	B01??(?)","	21.6","	2026-07-23 19:20:46"
"	69BA0CDE","	Chamber1","	1","	B01??(%RH)","	78","	2026-07-23 19:20:44"
"	69BA0CDE","	Chamber1","	1","	B01??(?)","	21.7","	2026-07-23 19:20:44"
"	69BA0CDE","	Chamber1","	1","	B01??(%RH)","	78","	2026-07-23 19:20:42"
"	69BA0CDE","	Chamber1","	1","	B01??(?)","	21.6","	2026-07-23 19:20:42"
"	69BA0CDE","	Chamber1","	1","	B01??(%RH)","	78.1","	2026-07-23 19:20:40"
"	69BA0CDE","	Chamber1","	1","	B01??(?)","	21.6","	2026-07-23 19:20:40"
"	69BA0CDE","	Chamber1","	1","	B01??(%RH)","	78.3","	2026-07-23 19:20:38"
"	69BA0CDE","	Chamber1","	1","	B01??(?)","	21.6","	2026-07-23 19:20:38"
"	69BA0CDE","	Chamber1","	1","	B01??(%RH)","	78.4","	2026-07-23 19:20:36"
"	69BA0CDE","	Chamber1","	1","	B01??(?)","	21.6","	2026-07-23 19:20:36"
"	69BA0CDE","	Chamber1","	1","	B01??(%RH)","	78.6","	2026-07-23 19:20:34"
"	69BA0CDE","	Chamber1","	1","	B01??(?)","	21.6","	2026-07-23 19:20:34"
"	69BA0CDE","	Chamber1","	1","	B01??(%RH)","	78.5","	2026-07-23 19:20:32"
"	69BA0CDE","	Chamber1","	1","	B01??(?)","	21.7","	2026-07-23 19:20:32"
"	69BA0CDE","	Chamber1","	1","	B01??(%RH)","	78.1","	2026-07-23 19:20:30"
"	69BA0CDE","	Chamber1","	1","	B01??(?)","	21.7","	2026-07-23 19:20:30"
"	69BA0CDE","	Chamber1","	1","	B01??(%RH)","	77.8","	2026-07-23 19:20:28"
"	69BA0CDE","	Chamber1","	1","	B01??(?)","	21.7","	2026-07-23 19:20:28"
"	69BA0CDE","	Chamber1","	1","	B01??(%RH)","	77.7","	2026-07-23 19:20:26"
"	69BA0CDE","	Chamber1","	1","	B01??(?)","	21.6","	2026-07-23 19:20:26"
"	69BA0CDE","	Chamber1","	1","	B01??(%RH)","	77.8","	2026-07-23 19:20:24"
"	69BA0CDE","	Chamber1","	1","	B01??(?)","	21.6","	2026-07-23 19:20:24"
"	69BA0CDE","	Chamber1","	1","	B01??(%RH)","	77.9","	2026-07-23 19:20:22"
"	69BA0CDE","	Chamber1","	1","	B01??(?)","	21.7","	2026-07-23 19:20:22"
"	69BA0CDE","	Chamber1","	1","	B01??(%RH)","	78.1","	2026-07-23 19:20:20"
"	69BA0CDE","	Chamber1","	1","	B01??(?)","	21.6","	2026-07-23 19:20:20"
"	69BA0CDE","	Chamber1","	1","	B01??(%RH)","	78.2","	2026-07-23 19:20:18"
"	69BA0CDE","	Chamber1","	1","	B01??(?)","	21.6","	2026-07-23 19:20:18"
"	69BA0CDE","	Chamber1","	1","	B01??(%RH)","	78.5","	2026-07-23 19:20:16"
"	69BA0CDE","	Chamber1","	1","	B01??(?)","	21.6","	2026-07-23 19:20:16"
"	69BA0CDE","	Chamber1","	1","	B01??(%RH)","	78.6","	2026-07-23 19:20:14"
"	69BA0CDE","	Chamber1","	1","	B01??(?)","	21.6","	2026-07-23 19:20:14"
"	69BA0CDE","	Chamber1","	1","	B01??(%RH)","	78.7","	2026-07-23 19:20:12"
"	69BA0CDE","	Chamber1","	1","	B01??(?)","	21.6","	2026-07-23 19:20:12"
"	69BA0CDE","	Chamber1","	1","	B01??(%RH)","	78.9","	2026-07-23 19:20:09"
"	69BA0CDE","	Chamber1","	1","	B01??(?)","	21.6","	2026-07-23 19:20:09"
"	69BA0CDE","	Chamber1","	1","	B01??(%RH)","	79.1","	2026-07-23 19:20:07"
"	69BA0CDE","	Chamber1","	1","	B01??(?)","	21.6","	2026-07-23 19:20:07"
"	69BA0CDE","	Chamber1","	1","	B01??(%RH)","	79.1","	2026-07-23 19:20:05"
"	69BA0CDE","	Chamber1","	1","	B01??(?)","	21.6","	2026-07-23 19:20:05"
"	69BA0CDE","	Chamber1","	1","	B01??(%RH)","	78.8","	2026-07-23 19:20:03"
"	69BA0CDE","	Chamber1","	1","	B01??(?)","	21.6","	2026-07-23 19:20:03"
"	69BA0CDE","	Chamber1","	1","	B01??(%RH)","	78.6","	2026-07-23 19:20:01"
"	69BA0CDE","	Chamber1","	1","	B01??(?)","	21.6","	2026-07-23 19:20:01"
"	69BA0CDE","	Chamber1","	1","	B01??(%RH)","	78.4","	2026-07-23 19:19:59"
"	69BA0CDE","	Chamber1","	1","	B01??(?)","	21.6","	2026-07-23 19:19:59"
"	69BA0CDE","	Chamber1","	1","	B01??(%RH)","	78.5","	2026-07-23 19:19:57"
"	69BA0CDE","	Chamber1","	1","	B01??(?)","	21.6","	2026-07-23 19:19:57"
"	69BA0CDE","	Chamber1","	1","	B01??(%RH)","	78.7","	2026-07-23 19:19:55"
"	69BA0CDE","	Chamber1","	1","	B01??(?)","	21.6","	2026-07-23 19:19:55"
"	69BA0CDE","	Chamber1","	1","	B01??(%RH)","	78.8","	2026-07-23 19:19:53"
"	69BA0CDE","	Chamber1","	1","	B01??(?)","	21.6","	2026-07-23 19:19:53"
"	69BA0CDE","	Chamber1","	1","	B01??(%RH)","	79","	2026-07-23 19:19:51"
"	69BA0CDE","	Chamber1","	1","	B01??(?)","	21.6","	2026-07-23 19:19:51"
"	69BA0CDE","	Chamber1","	1","	B01??(%RH)","	79.1","	2026-07-23 19:19:49"
"	69BA0CDE","	Chamber1","	1","	B01??(?)","	21.6","	2026-07-23 19:19:49"
"	69BA0CDE","	Chamber1","	1","	B01??(%RH)","	78.9","	2026-07-23 19:19:47"
"	69BA0CDE","	Chamber1","	1","	B01??(?)","	21.6","	2026-07-23 19:19:47"
"	69BA0CDE","	Chamber1","	1","	B01??(%RH)","	78.6","	2026-07-23 19:19:45"
"	69BA0CDE","	Chamber1","	1","	B01??(?)","	21.6","	2026-07-23 19:19:45"
"	69BA0CDE","	Chamber1","	1","	B01??(%RH)","	78.4","	2026-07-23 19:19:43"
"	69BA0CDE","	Chamber1","	1","	B01??(?)","	21.6","	2026-07-23 19:19:43"
"	69BA0CDE","	Chamber1","	1","	B01??(%RH)","	78.4","	2026-07-23 19:19:41"
"	69BA0CDE","	Chamber1","	1","	B01??(?)","	21.6","	2026-07-23 19:19:41"
"	69BA0CDE","	Chamber1","	1","	B01??(%RH)","	78.6","	2026-07-23 19:19:39"
"	69BA0CDE","	Chamber1","	1","	B01??(?)","	21.6","	2026-07-23 19:19:39"
"	69BA0CDE","	Chamber1","	1","	B01??(%RH)","	79","	2026-07-23 19:19:37"
"	69BA0CDE","	Chamber1","	1","	B01??(?)","	21.6","	2026-07-23 19:19:37"
"	69BA0CDE","	Chamber1","	1","	B01??(%RH)","	79.3","	2026-07-23 19:19:35"
"	69BA0CDE","	Chamber1","	1","	B01??(?)","	21.6","	2026-07-23 19:19:35"
"	69BA0CDE","	Chamber1","	1","	B01??(%RH)","	79.7","	2026-07-23 19:19:33"
"	69BA0CDE","	Chamber1","	1","	B01??(?)","	21.7","	2026-07-23 19:19:33"
"	69BA0CDE","	Chamber1","	1","	B01??(%RH)","	79.7","	2026-07-23 19:19:31"
"	69BA0CDE","	Chamber1","	1","	B01??(?)","	21.6","	2026-07-23 19:19:31"
"	69BA0CDE","	Chamber1","	1","	B01??(%RH)","	79.6","	2026-07-23 19:19:28"
"	69BA0CDE","	Chamber1","	1","	B01??(?)","	21.6","	2026-07-23 19:19:28"
"	69BA0CDE","	Chamber1","	1","	B01??(%RH)","	79.4","	2026-07-23 19:19:26"
"	69BA0CDE","	Chamber1","	1","	B01??(?)","	21.6","	2026-07-23 19:19:26"
"	69BA0CDE","	Chamber1","	1","	B01??(%RH)","	79.3","	2026-07-23 19:19:24"
"	69BA0CDE","	Chamber1","	1","	B01??(?)","	21.6","	2026-07-23 19:19:24"
"	69BA0CDE","	Chamber1","	1","	B01??(%RH)","	79.2","	2026-07-23 19:19:22"
"	69BA0CDE","	Chamber1","	1","	B01??(?)","	21.6","	2026-07-23 19:19:22"
"	69BA0CDE","	Chamber1","	1","	B01??(%RH)","	79.4","	2026-07-23 19:19:20"
"	69BA0CDE","	Chamber1","	1","	B01??(?)","	21.6","	2026-07-23 19:19:20"
"	69BA0CDE","	Chamber1","	1","	B01??(%RH)","	79.5","	2026-07-23 19:19:18"
"	69BA0CDE","	Chamber1","	1","	B01??(?)","	21.6","	2026-07-23 19:19:18"
"	69BA0CDE","	Chamber1","	1","	B01??(%RH)","	79.7","	2026-07-23 19:19:16"
"	69BA0CDE","	Chamber1","	1","	B01??(?)","	21.6","	2026-07-23 19:19:16"
"	69BA0CDE","	Chamber1","	1","	B01??(%RH)","	79.7","	2026-07-23 19:19:14"
"	69BA0CDE","	Chamber1","	1","	B01??(?)","	21.6","	2026-07-23 19:19:14"
"	69BA0CDE","	Chamber1","	1","	B01??(%RH)","	79.8","	2026-07-23 19:19:12"
"	69BA0CDE","	Chamber1","	1","	B01??(?)","	21.6","	2026-07-23 19:19:12"
"	69BA0CDE","	Chamber1","	1","	B01??(%RH)","	79.6","	2026-07-23 19:19:10"
"	69BA0CDE","	Chamber1","	1","	B01??(?)","	21.6","	2026-07-23 19:19:10"
"	69BA0CDE","	Chamber1","	1","	B01??(%RH)","	79.3","	2026-07-23 19:19:08"
"	69BA0CDE","	Chamber1","	1","	B01??(?)","	21.6","	2026-07-23 19:19:08"
"	69BA0CDE","	Chamber1","	1","	B01??(%RH)","	78.9","	2026-07-23 19:19:06"
"	69BA0CDE","	Chamber1","	1","	B01??(?)","	21.6","	2026-07-23 19:19:06"
"	69BA0CDE","	Chamber1","	1","	B01??(%RH)","	78.6","	2026-07-23 19:19:04"
"	69BA0CDE","	Chamber1","	1","	B01??(?)","	21.6","	2026-07-23 19:19:04"
"	69BA0CDE","	Chamber1","	1","	B01??(%RH)","	78.5","	2026-07-23 19:19:02"
"	69BA0CDE","	Chamber1","	1","	B01??(?)","	21.6","	2026-07-23 19:19:02"
"	69BA0CDE","	Chamber1","	1","	B01??(%RH)","	78.4","	2026-07-23 19:19:00"
"	69BA0CDE","	Chamber1","	1","	B01??(?)","	21.6","	2026-07-23 19:19:00"
"	69BA0CDE","	Chamber1","	1","	B01??(%RH)","	78.4","	2026-07-23 19:18:58"
"	69BA0CDE","	Chamber1","	1","	B01??(?)","	21.6","	2026-07-23 19:18:58"
"	69BA0CDE","	Chamber1","	1","	B01??(%RH)","	78.6","	2026-07-23 19:18:56"
"	69BA0CDE","	Chamber1","	1","	B01??(?)","	21.6","	2026-07-23 19:18:56"
"	69BA0CDE","	Chamber1","	1","	B01??(%RH)","	78.7","	2026-07-23 19:18:54"
"	69BA0CDE","	Chamber1","	1","	B01??(?)","	21.6","	2026-07-23 19:18:54"
"	69BA0CDE","	Chamber1","	1","	B01??(%RH)","	78.8","	2026-07-23 19:18:52"
"	69BA0CDE","	Chamber1","	1","	B01??(?)","	21.6","	2026-07-23 19:18:52"
"	69BA0CDE","	Chamber1","	1","	B01??(%RH)","	79","	2026-07-23 19:18:50"
"	69BA0CDE","	Chamber1","	1","	B01??(?)","	21.6","	2026-07-23 19:18:50"
"	69BA0CDE","	Chamber1","	1","	B01??(%RH)","	79.2","	2026-07-23 19:18:48"
"	69BA0CDE","	Chamber1","	1","	B01??(?)","	21.6","	2026-07-23 19:18:48"
"	69BA0CDE","	Chamber1","	1","	B01??(%RH)","	79.4","	2026-07-23 19:18:45"
"	69BA0CDE","	Chamber1","	1","	B01??(?)","	21.6","	2026-07-23 19:18:45"
"	69BA0CDE","	Chamber1","	1","	B01??(%RH)","	79.3","	2026-07-23 19:18:43"
"	69BA0CDE","	Chamber1","	1","	B01??(?)","	21.6","	2026-07-23 19:18:43"
"	69BA0CDE","	Chamber1","	1","	B01??(%RH)","	79","	2026-07-23 19:18:41"
"	69BA0CDE","	Chamber1","	1","	B01??(?)","	21.6","	2026-07-23 19:18:41"
"	69BA0CDE","	Chamber1","	1","	B01??(%RH)","	78.9","	2026-07-23 19:18:39"
"	69BA0CDE","	Chamber1","	1","	B01??(?)","	21.6","	2026-07-23 19:18:39"
"	69BA0CDE","	Chamber1","	1","	B01??(%RH)","	78.6","	2026-07-23 19:18:37"
"	69BA0CDE","	Chamber1","	1","	B01??(?)","	21.6","	2026-07-23 19:18:37"
"	69BA0CDE","	Chamber1","	1","	B01??(%RH)","	78.3","	2026-07-23 19:18:35"
"	69BA0CDE","	Chamber1","	1","	B01??(?)","	21.6","	2026-07-23 19:18:35"
"	69BA0CDE","	Chamber1","	1","	B01??(%RH)","	78.1","	2026-07-23 19:18:33"
"	69BA0CDE","	Chamber1","	1","	B01??(?)","	21.6","	2026-07-23 19:18:33"
"	69BA0CDE","	Chamber1","	1","	B01??(%RH)","	78.1","	2026-07-23 19:18:31"
"	69BA0CDE","	Chamber1","	1","	B01??(?)","	21.6","	2026-07-23 19:18:31"
"	69BA0CDE","	Chamber1","	1","	B01??(%RH)","	78.2","	2026-07-23 19:18:29"
"	69BA0CDE","	Chamber1","	1","	B01??(?)","	21.6","	2026-07-23 19:18:29"
"	69BA0CDE","	Chamber1","	1","	B01??(%RH)","	78.2","	2026-07-23 19:18:27"
"	69BA0CDE","	Chamber1","	1","	B01??(?)","	21.6","	2026-07-23 19:18:27"
"	69BA0CDE","	Chamber1","	1","	B01??(%RH)","	78.2","	2026-07-23 19:18:25"
"	69BA0CDE","	Chamber1","	1","	B01??(?)","	21.6","	2026-07-23 19:18:25"
"	69BA0CDE","	Chamber1","	1","	B01??(%RH)","	78.2","	2026-07-23 19:18:23"
"	69BA0CDE","	Chamber1","	1","	B01??(?)","	21.6","	2026-07-23 19:18:23"
"	69BA0CDE","	Chamber1","	1","	B01??(%RH)","	78.2","	2026-07-23 19:18:21"
"	69BA0CDE","	Chamber1","	1","	B01??(?)","	21.6","	2026-07-23 19:18:21"
"	69BA0CDE","	Chamber1","	1","	B01??(%RH)","	78.3","	2026-07-23 19:18:19"
"	69BA0CDE","	Chamber1","	1","	B01??(?)","	21.6","	2026-07-23 19:18:19"
"	69BA0CDE","	Chamber1","	1","	B01??(%RH)","	78.2","	2026-07-23 19:18:17"
"	69BA0CDE","	Chamber1","	1","	B01??(?)","	21.6","	2026-07-23 19:18:17"
"	69BA0CDE","	Chamber1","	1","	B01??(%RH)","	77.9","	2026-07-23 19:18:15"
"	69BA0CDE","	Chamber1","	1","	B01??(?)","	21.6","	2026-07-23 19:18:15"
"	69BA0CDE","	Chamber1","	1","	B01??(%RH)","	77.6","	2026-07-23 19:18:13"
"	69BA0CDE","	Chamber1","	1","	B01??(?)","	21.6","	2026-07-23 19:18:13"
"	69BA0CDE","	Chamber1","	1","	B01??(%RH)","	77.6","	2026-07-23 19:18:11"
"	69BA0CDE","	Chamber1","	1","	B01??(?)","	21.6","	2026-07-23 19:18:11"
"	69BA0CDE","	Chamber1","	1","	B01??(%RH)","	77.4","	2026-07-23 19:18:09"
"	69BA0CDE","	Chamber1","	1","	B01??(?)","	21.6","	2026-07-23 19:18:09"
"	69BA0CDE","	Chamber1","	1","	B01??(%RH)","	77.3","	2026-07-23 19:18:07"
"	69BA0CDE","	Chamber1","	1","	B01??(?)","	21.6","	2026-07-23 19:18:07"
"	69BA0CDE","	Chamber1","	1","	B01??(%RH)","	76.8","	2026-07-23 19:18:05"
"	69BA0CDE","	Chamber1","	1","	B01??(?)","	21.6","	2026-07-23 19:18:05"
"	69BA0CDE","	Chamber1","	1","	B01??(%RH)","	76.4","	2026-07-23 19:18:03"
"	69BA0CDE","	Chamber1","	1","	B01??(?)","	21.6","	2026-07-23 19:18:03"
"	69BA0CDE","	Chamber1","	1","	B01??(%RH)","	76.3","	2026-07-23 19:18:00"
"	69BA0CDE","	Chamber1","	1","	B01??(?)","	21.6","	2026-07-23 19:18:00"
"	69BA0CDE","	Chamber1","	1","	B01??(%RH)","	76.4","	2026-07-23 19:17:58"
"	69BA0CDE","	Chamber1","	1","	B01??(?)","	21.6","	2026-07-23 19:17:58"
"	69BA0CDE","	Chamber1","	1","	B01??(%RH)","	76.4","	2026-07-23 19:17:56"
"	69BA0CDE","	Chamber1","	1","	B01??(?)","	21.6","	2026-07-23 19:17:56"
"	69BA0CDE","	Chamber1","	1","	B01??(%RH)","	76.5","	2026-07-23 19:17:54"
"	69BA0CDE","	Chamber1","	1","	B01??(?)","	21.6","	2026-07-23 19:17:54"
"	69BA0CDE","	Chamber1","	1","	B01??(%RH)","	76.5","	2026-07-23 19:17:52"
"	69BA0CDE","	Chamber1","	1","	B01??(?)","	21.6","	2026-07-23 19:17:52"
"	69BA0CDE","	Chamber1","	1","	B01??(%RH)","	76.8","	2026-07-23 19:17:50"
"	69BA0CDE","	Chamber1","	1","	B01??(?)","	21.6","	2026-07-23 19:17:50"
"	69BA0CDE","	Chamber1","	1","	B01??(%RH)","	77.1","	2026-07-23 19:17:48"
"	69BA0CDE","	Chamber1","	1","	B01??(?)","	21.6","	2026-07-23 19:17:48"
"	69BA0CDE","	Chamber1","	1","	B01??(%RH)","	77.3","	2026-07-23 19:17:46"
"	69BA0CDE","	Chamber1","	1","	B01??(?)","	21.6","	2026-07-23 19:17:46"
"	69BA0CDE","	Chamber1","	1","	B01??(%RH)","	77.5","	2026-07-23 19:17:44"
"	69BA0CDE","	Chamber1","	1","	B01??(?)","	21.6","	2026-07-23 19:17:44"
"	69BA0CDE","	Chamber1","	1","	B01??(%RH)","	77.6","	2026-07-23 19:17:42"
"	69BA0CDE","	Chamber1","	1","	B01??(?)","	21.6","	2026-07-23 19:17:42"
"	69BA0CDE","	Chamber1","	1","	B01??(%RH)","	77.3","	2026-07-23 19:17:40"
"	69BA0CDE","	Chamber1","	1","	B01??(?)","	21.6","	2026-07-23 19:17:40"
"	69BA0CDE","	Chamber1","	1","	B01??(%RH)","	77","	2026-07-23 19:17:38"
"	69BA0CDE","	Chamber1","	1","	B01??(?)","	21.6","	2026-07-23 19:17:38"
"	69BA0CDE","	Chamber1","	1","	B01??(%RH)","	76.9","	2026-07-23 19:17:36"
"	69BA0CDE","	Chamber1","	1","	B01??(?)","	21.6","	2026-07-23 19:17:36"
"	69BA0CDE","	Chamber1","	1","	B01??(%RH)","	77.1","	2026-07-23 19:17:34"
"	69BA0CDE","	Chamber1","	1","	B01??(?)","	21.6","	2026-07-23 19:17:34"
"	69BA0CDE","	Chamber1","	1","	B01??(%RH)","	77.3","	2026-07-23 19:17:32"
"	69BA0CDE","	Chamber1","	1","	B01??(?)","	21.6","	2026-07-23 19:17:32"
"	69BA0CDE","	Chamber1","	1","	B01??(%RH)","	77.6","	2026-07-23 19:17:30"
"	69BA0CDE","	Chamber1","	1","	B01??(?)","	21.6","	2026-07-23 19:17:30"
"	69BA0CDE","	Chamber1","	1","	B01??(%RH)","	78.4","	2026-07-23 19:17:28"
"	69BA0CDE","	Chamber1","	1","	B01??(?)","	21.6","	2026-07-23 19:17:28"
"	69BA0CDE","	Chamber1","	1","	B01??(%RH)","	79","	2026-07-23 19:17:26"
"	69BA0CDE","	Chamber1","	1","	B01??(?)","	21.6","	2026-07-23 19:17:26"
"	69BA0CDE","	Chamber1","	1","	B01??(%RH)","	79.1","	2026-07-23 19:17:24"
"	69BA0CDE","	Chamber1","	1","	B01??(?)","	21.6","	2026-07-23 19:17:24"
"	69BA0CDE","	Chamber1","	1","	B01??(%RH)","	79.1","	2026-07-23 19:17:22"
"	69BA0CDE","	Chamber1","	1","	B01??(?)","	21.6","	2026-07-23 19:17:22"
"	69BA0CDE","	Chamber1","	1","	B01??(%RH)","	78.8","	2026-07-23 19:17:20"
"	69BA0CDE","	Chamber1","	1","	B01??(?)","	21.6","	2026-07-23 19:17:20"
"	69BA0CDE","	Chamber1","	1","	B01??(%RH)","	78.8","	2026-07-23 19:17:17"
"	69BA0CDE","	Chamber1","	1","	B01??(?)","	21.6","	2026-07-23 19:17:17"
"	69BA0CDE","	Chamber1","	1","	B01??(%RH)","	79","	2026-07-23 19:17:15"
"	69BA0CDE","	Chamber1","	1","	B01??(?)","	21.6","	2026-07-23 19:17:15"
"	69BA0CDE","	Chamber1","	1","	B01??(%RH)","	79.1","	2026-07-23 19:17:13"
"	69BA0CDE","	Chamber1","	1","	B01??(?)","	21.6","	2026-07-23 19:17:13"
"	69BA0CDE","	Chamber1","	1","	B01??(%RH)","	78.9","	2026-07-23 19:17:11"
"	69BA0CDE","	Chamber1","	1","	B01??(?)","	21.6","	2026-07-23 19:17:11"
"	69BA0CDE","	Chamber1","	1","	B01??(%RH)","	78.6","	2026-07-23 19:17:09"
"	69BA0CDE","	Chamber1","	1","	B01??(?)","	21.6","	2026-07-23 19:17:09"
"	69BA0CDE","	Chamber1","	1","	B01??(%RH)","	78.5","	2026-07-23 19:17:07"
"	69BA0CDE","	Chamber1","	1","	B01??(?)","	21.6","	2026-07-23 19:17:07"
"	69BA0CDE","	Chamber1","	1","	B01??(%RH)","	78.4","	2026-07-23 19:17:05"
"	69BA0CDE","	Chamber1","	1","	B01??(?)","	21.6","	2026-07-23 19:17:05"
"	69BA0CDE","	Chamber1","	1","	B01??(%RH)","	78.4","	2026-07-23 19:17:03"
"	69BA0CDE","	Chamber1","	1","	B01??(?)","	21.6","	2026-07-23 19:17:03"
"	69BA0CDE","	Chamber1","	1","	B01??(%RH)","	78.5","	2026-07-23 19:17:01"
"	69BA0CDE","	Chamber1","	1","	B01??(?)","	21.6","	2026-07-23 19:17:01"
"	69BA0CDE","	Chamber1","	1","	B01??(%RH)","	78.7","	2026-07-23 19:16:59"
"	69BA0CDE","	Chamber1","	1","	B01??(?)","	21.6","	2026-07-23 19:16:59"
"	69BA0CDE","	Chamber1","	1","	B01??(%RH)","	78.8","	2026-07-23 19:16:57"
"	69BA0CDE","	Chamber1","	1","	B01??(?)","	21.6","	2026-07-23 19:16:57"
"	69BA0CDE","	Chamber1","	1","	B01??(%RH)","	78.8","	2026-07-23 19:16:55"
"	69BA0CDE","	Chamber1","	1","	B01??(?)","	21.6","	2026-07-23 19:16:55"
"	69BA0CDE","	Chamber1","	1","	B01??(%RH)","	78.9","	2026-07-23 19:16:53"
"	69BA0CDE","	Chamber1","	1","	B01??(?)","	21.6","	2026-07-23 19:16:53"
"	69BA0CDE","	Chamber1","	1","	B01??(%RH)","	78.9","	2026-07-23 19:16:51"
"	69BA0CDE","	Chamber1","	1","	B01??(?)","	21.6","	2026-07-23 19:16:51"
"	69BA0CDE","	Chamber1","	1","	B01??(%RH)","	78.9","	2026-07-23 19:16:49"
"	69BA0CDE","	Chamber1","	1","	B01??(?)","	21.6","	2026-07-23 19:16:49"
"	69BA0CDE","	Chamber1","	1","	B01??(%RH)","	79","	2026-07-23 19:16:47"
"	69BA0CDE","	Chamber1","	1","	B01??(?)","	21.6","	2026-07-23 19:16:47"
"	69BA0CDE","	Chamber1","	1","	B01??(%RH)","	79.1","	2026-07-23 19:16:45"
"	69BA0CDE","	Chamber1","	1","	B01??(?)","	21.6","	2026-07-23 19:16:45"
"	69BA0CDE","	Chamber1","	1","	B01??(%RH)","	79.3","	2026-07-23 19:16:43"
"	69BA0CDE","	Chamber1","	1","	B01??(?)","	21.6","	2026-07-23 19:16:43"
"	69BA0CDE","	Chamber1","	1","	B01??(%RH)","	79.5","	2026-07-23 19:16:41"
"	69BA0CDE","	Chamber1","	1","	B01??(?)","	21.6","	2026-07-23 19:16:41"
"	69BA0CDE","	Chamber1","	1","	B01??(%RH)","	79.5","	2026-07-23 19:16:39"
"	69BA0CDE","	Chamber1","	1","	B01??(?)","	21.6","	2026-07-23 19:16:39"
"	69BA0CDE","	Chamber1","	1","	B01??(%RH)","	79.3","	2026-07-23 19:16:36"
"	69BA0CDE","	Chamber1","	1","	B01??(?)","	21.6","	2026-07-23 19:16:36"
"	69BA0CDE","	Chamber1","	1","	B01??(%RH)","	79","	2026-07-23 19:16:34"
"	69BA0CDE","	Chamber1","	1","	B01??(?)","	21.6","	2026-07-23 19:16:34"
"	69BA0CDE","	Chamber1","	1","	B01??(%RH)","	78.7","	2026-07-23 19:16:32"
"	69BA0CDE","	Chamber1","	1","	B01??(?)","	21.6","	2026-07-23 19:16:32"
"	69BA0CDE","	Chamber1","	1","	B01??(%RH)","	78.4","	2026-07-23 19:16:30"
"	69BA0CDE","	Chamber1","	1","	B01??(?)","	21.6","	2026-07-23 19:16:30"
"	69BA0CDE","	Chamber1","	1","	B01??(%RH)","	78.1","	2026-07-23 19:16:28"
"	69BA0CDE","	Chamber1","	1","	B01??(?)","	21.6","	2026-07-23 19:16:28"
"	69BA0CDE","	Chamber1","	1","	B01??(%RH)","	78","	2026-07-23 19:16:26"
"	69BA0CDE","	Chamber1","	1","	B01??(?)","	21.6","	2026-07-23 19:16:26"
"	69BA0CDE","	Chamber1","	1","	B01??(%RH)","	78","	2026-07-23 19:16:24"
"	69BA0CDE","	Chamber1","	1","	B01??(?)","	21.6","	2026-07-23 19:16:24"
"	69BA0CDE","	Chamber1","	1","	B01??(%RH)","	77.9","	2026-07-23 19:16:22"
"	69BA0CDE","	Chamber1","	1","	B01??(?)","	21.6","	2026-07-23 19:16:22"
"	69BA0CDE","	Chamber1","	1","	B01??(%RH)","	77.6","	2026-07-23 19:16:20"
"	69BA0CDE","	Chamber1","	1","	B01??(?)","	21.6","	2026-07-23 19:16:20"
"	69BA0CDE","	Chamber1","	1","	B01??(%RH)","	77.5","	2026-07-23 19:16:18"
"	69BA0CDE","	Chamber1","	1","	B01??(?)","	21.6","	2026-07-23 19:16:18"
"	69BA0CDE","	Chamber1","	1","	B01??(%RH)","	77.2","	2026-07-23 19:16:16"
"	69BA0CDE","	Chamber1","	1","	B01??(?)","	21.6","	2026-07-23 19:16:16"
"	69BA0CDE","	Chamber1","	1","	B01??(%RH)","	77.2","	2026-07-23 19:16:14"
"	69BA0CDE","	Chamber1","	1","	B01??(?)","	21.6","	2026-07-23 19:16:14"
"	69BA0CDE","	Chamber1","	1","	B01??(%RH)","	77.2","	2026-07-23 19:16:12"
"	69BA0CDE","	Chamber1","	1","	B01??(?)","	21.6","	2026-07-23 19:16:12"
"	69BA0CDE","	Chamber1","	1","	B01??(%RH)","	77.1","	2026-07-23 19:16:10"
"	69BA0CDE","	Chamber1","	1","	B01??(?)","	21.6","	2026-07-23 19:16:10"
"	69BA0CDE","	Chamber1","	1","	B01??(%RH)","	77.1","	2026-07-23 19:16:08"
"	69BA0CDE","	Chamber1","	1","	B01??(?)","	21.6","	2026-07-23 19:16:08"
"	69BA0CDE","	Chamber1","	1","	B01??(%RH)","	77.1","	2026-07-23 19:16:06"
"	69BA0CDE","	Chamber1","	1","	B01??(?)","	21.6","	2026-07-23 19:16:06"
"	69BA0CDE","	Chamber1","	1","	B01??(%RH)","	77.2","	2026-07-23 19:16:04"
"	69BA0CDE","	Chamber1","	1","	B01??(?)","	21.6","	2026-07-23 19:16:04"
"	69BA0CDE","	Chamber1","	1","	B01??(?)","	21.6","	2026-07-23 19:16:02"
"	69BA0CDE","	Chamber1","	1","	B01??(%RH)","	77.4","	2026-07-23 19:16:02"
"	69BA0CDE","	Chamber1","	1","	B01??(%RH)","	77.2","	2026-07-23 19:16:00"
"	69BA0CDE","	Chamber1","	1","	B01??(?)","	21.6","	2026-07-23 19:16:00"
"	69BA0CDE","	Chamber1","	1","	B01??(%RH)","	77.2","	2026-07-23 19:15:58"
"	69BA0CDE","	Chamber1","	1","	B01??(?)","	21.6","	2026-07-23 19:15:58"
"	69BA0CDE","	Chamber1","	1","	B01??(%RH)","	77.2","	2026-07-23 19:15:56"
"	69BA0CDE","	Chamber1","	1","	B01??(?)","	21.6","	2026-07-23 19:15:56"
"	69BA0CDE","	Chamber1","	1","	B01??(%RH)","	77.1","	2026-07-23 19:15:54"
"	69BA0CDE","	Chamber1","	1","	B01??(?)","	21.6","	2026-07-23 19:15:54"
"	69BA0CDE","	Chamber1","	1","	B01??(%RH)","	77.2","	2026-07-23 19:15:51"
"	69BA0CDE","	Chamber1","	1","	B01??(?)","	21.6","	2026-07-23 19:15:51"
"	69BA0CDE","	Chamber1","	1","	B01??(%RH)","	77.4","	2026-07-23 19:15:49"
"	69BA0CDE","	Chamber1","	1","	B01??(?)","	21.6","	2026-07-23 19:15:49"
"	69BA0CDE","	Chamber1","	1","	B01??(%RH)","	77.6","	2026-07-23 19:15:47"
"	69BA0CDE","	Chamber1","	1","	B01??(?)","	21.6","	2026-07-23 19:15:47"
"	69BA0CDE","	Chamber1","	1","	B01??(%RH)","	77.8","	2026-07-23 19:15:45"
"	69BA0CDE","	Chamber1","	1","	B01??(?)","	21.6","	2026-07-23 19:15:45"
"	69BA0CDE","	Chamber1","	1","	B01??(%RH)","	78.1","	2026-07-23 19:15:43"
"	69BA0CDE","	Chamber1","	1","	B01??(?)","	21.6","	2026-07-23 19:15:43"
"	69BA0CDE","	Chamber1","	1","	B01??(%RH)","	78.3","	2026-07-23 19:15:41"
"	69BA0CDE","	Chamber1","	1","	B01??(?)","	21.6","	2026-07-23 19:15:41"
"	69BA0CDE","	Chamber1","	1","	B01??(%RH)","	78.2","	2026-07-23 19:15:39"
"	69BA0CDE","	Chamber1","	1","	B01??(?)","	21.6","	2026-07-23 19:15:39"
"	69BA0CDE","	Chamber1","	1","	B01??(%RH)","	78.2","	2026-07-23 19:15:37"
"	69BA0CDE","	Chamber1","	1","	B01??(?)","	21.6","	2026-07-23 19:15:37"
"	69BA0CDE","	Chamber1","	1","	B01??(%RH)","	78","	2026-07-23 19:15:35"
"	69BA0CDE","	Chamber1","	1","	B01??(?)","	21.6","	2026-07-23 19:15:35"
"	69BA0CDE","	Chamber1","	1","	B01??(%RH)","	77.8","	2026-07-23 19:15:33"
"	69BA0CDE","	Chamber1","	1","	B01??(?)","	21.6","	2026-07-23 19:15:33"
"	69BA0CDE","	Chamber1","	1","	B01??(%RH)","	77.6","	2026-07-23 19:15:31"
"	69BA0CDE","	Chamber1","	1","	B01??(?)","	21.7","	2026-07-23 19:15:31"
"	69BA0CDE","	Chamber1","	1","	B01??(%RH)","	77.4","	2026-07-23 19:15:29"
"	69BA0CDE","	Chamber1","	1","	B01??(?)","	21.6","	2026-07-23 19:15:29"
"	69BA0CDE","	Chamber1","	1","	B01??(%RH)","	77.3","	2026-07-23 19:15:27"
"	69BA0CDE","	Chamber1","	1","	B01??(?)","	21.6","	2026-07-23 19:15:27"
"	69BA0CDE","	Chamber1","	1","	B01??(%RH)","	77.4","	2026-07-23 19:15:25"
"	69BA0CDE","	Chamber1","	1","	B01??(?)","	21.6","	2026-07-23 19:15:25"
"	69BA0CDE","	Chamber1","	1","	B01??(%RH)","	77.7","	2026-07-23 19:15:23"
"	69BA0CDE","	Chamber1","	1","	B01??(?)","	21.6","	2026-07-23 19:15:23"
"	69BA0CDE","	Chamber1","	1","	B01??(%RH)","	77.8","	2026-07-23 19:15:21"
"	69BA0CDE","	Chamber1","	1","	B01??(?)","	21.6","	2026-07-23 19:15:21"
"	69BA0CDE","	Chamber1","	1","	B01??(%RH)","	77.5","	2026-07-23 19:15:19"
"	69BA0CDE","	Chamber1","	1","	B01??(?)","	21.6","	2026-07-23 19:15:19"
"	69BA0CDE","	Chamber1","	1","	B01??(%RH)","	77.2","	2026-07-23 19:15:17"
"	69BA0CDE","	Chamber1","	1","	B01??(?)","	21.6","	2026-07-23 19:15:17"
"	69BA0CDE","	Chamber1","	1","	B01??(%RH)","	77","	2026-07-23 19:15:15"
"	69BA0CDE","	Chamber1","	1","	B01??(?)","	21.6","	2026-07-23 19:15:15"
"	69BA0CDE","	Chamber1","	1","	B01??(%RH)","	77.1","	2026-07-23 19:15:13"
"	69BA0CDE","	Chamber1","	1","	B01??(?)","	21.6","	2026-07-23 19:15:13"
"	69BA0CDE","	Chamber1","	1","	B01??(%RH)","	77.5","	2026-07-23 19:15:11"
"	69BA0CDE","	Chamber1","	1","	B01??(?)","	21.6","	2026-07-23 19:15:11"
"	69BA0CDE","	Chamber1","	1","	B01??(%RH)","	77.7","	2026-07-23 19:15:08"
"	69BA0CDE","	Chamber1","	1","	B01??(?)","	21.6","	2026-07-23 19:15:08"
"	69BA0CDE","	Chamber1","	1","	B01??(%RH)","	77.8","	2026-07-23 19:15:06"
"	69BA0CDE","	Chamber1","	1","	B01??(?)","	21.7","	2026-07-23 19:15:06"
"	69BA0CDE","	Chamber1","	1","	B01??(%RH)","	77.8","	2026-07-23 19:15:04"
"	69BA0CDE","	Chamber1","	1","	B01??(?)","	21.6","	2026-07-23 19:15:04"
"	69BA0CDE","	Chamber1","	1","	B01??(%RH)","	77.7","	2026-07-23 19:15:02"
"	69BA0CDE","	Chamber1","	1","	B01??(?)","	21.6","	2026-07-23 19:15:02"
"	69BA0CDE","	Chamber1","	1","	B01??(%RH)","	77.8","	2026-07-23 19:15:00"
"	69BA0CDE","	Chamber1","	1","	B01??(?)","	21.6","	2026-07-23 19:15:00"
"	69BA0CDE","	Chamber1","	1","	B01??(%RH)","	78","	2026-07-23 19:14:58"
"	69BA0CDE","	Chamber1","	1","	B01??(?)","	21.6","	2026-07-23 19:14:58"
"	69BA0CDE","	Chamber1","	1","	B01??(%RH)","	78.2","	2026-07-23 19:14:56"
"	69BA0CDE","	Chamber1","	1","	B01??(?)","	21.6","	2026-07-23 19:14:56"
"	69BA0CDE","	Chamber1","	1","	B01??(%RH)","	78.2","	2026-07-23 19:14:54"
"	69BA0CDE","	Chamber1","	1","	B01??(?)","	21.6","	2026-07-23 19:14:54"
"	69BA0CDE","	Chamber1","	1","	B01??(%RH)","	78","	2026-07-23 19:14:52"
"	69BA0CDE","	Chamber1","	1","	B01??(?)","	21.7","	2026-07-23 19:14:52"
"	69BA0CDE","	Chamber1","	1","	B01??(%RH)","	77.9","	2026-07-23 19:14:50"
"	69BA0CDE","	Chamber1","	1","	B01??(?)","	21.6","	2026-07-23 19:14:50"
"	69BA0CDE","	Chamber1","	1","	B01??(%RH)","	78","	2026-07-23 19:14:48"
"	69BA0CDE","	Chamber1","	1","	B01??(?)","	21.6","	2026-07-23 19:14:48"
"	69BA0CDE","	Chamber1","	1","	B01??(%RH)","	78.1","	2026-07-23 19:14:46"
"	69BA0CDE","	Chamber1","	1","	B01??(?)","	21.6","	2026-07-23 19:14:46"
"	69BA0CDE","	Chamber1","	1","	B01??(%RH)","	78.5","	2026-07-23 19:14:44"
"	69BA0CDE","	Chamber1","	1","	B01??(?)","	21.6","	2026-07-23 19:14:44"
"	69BA0CDE","	Chamber1","	1","	B01??(%RH)","	78.9","	2026-07-23 19:14:42"
"	69BA0CDE","	Chamber1","	1","	B01??(?)","	21.6","	2026-07-23 19:14:42"
"	69BA0CDE","	Chamber1","	1","	B01??(%RH)","	79.1","	2026-07-23 19:14:40"
"	69BA0CDE","	Chamber1","	1","	B01??(?)","	21.6","	2026-07-23 19:14:40"
"	69BA0CDE","	Chamber1","	1","	B01??(%RH)","	79","	2026-07-23 19:14:38"
"	69BA0CDE","	Chamber1","	1","	B01??(?)","	21.6","	2026-07-23 19:14:38"
"	69BA0CDE","	Chamber1","	1","	B01??(%RH)","	78.8","	2026-07-23 19:14:36"
"	69BA0CDE","	Chamber1","	1","	B01??(?)","	21.7","	2026-07-23 19:14:36"
"	69BA0CDE","	Chamber1","	1","	B01??(%RH)","	78.5","	2026-07-23 19:14:34"
"	69BA0CDE","	Chamber1","	1","	B01??(?)","	21.7","	2026-07-23 19:14:34"
"	69BA0CDE","	Chamber1","	1","	B01??(%RH)","	78.1","	2026-07-23 19:14:32"
"	69BA0CDE","	Chamber1","	1","	B01??(?)","	21.6","	2026-07-23 19:14:32"
"	69BA0CDE","	Chamber1","	1","	B01??(%RH)","	77.5","	2026-07-23 19:14:30"
"	69BA0CDE","	Chamber1","	1","	B01??(?)","	21.6","	2026-07-23 19:14:30"
"	69BA0CDE","	Chamber1","	1","	B01??(%RH)","	77.3","	2026-07-23 19:14:28"
"	69BA0CDE","	Chamber1","	1","	B01??(?)","	21.6","	2026-07-23 19:14:28"
"	69BA0CDE","	Chamber1","	1","	B01??(%RH)","	77","	2026-07-23 19:14:25"
"	69BA0CDE","	Chamber1","	1","	B01??(?)","	21.6","	2026-07-23 19:14:25"
"	69BA0CDE","	Chamber1","	1","	B01??(%RH)","	76.6","	2026-07-23 19:14:23"
"	69BA0CDE","	Chamber1","	1","	B01??(?)","	21.6","	2026-07-23 19:14:23"
"	69BA0CDE","	Chamber1","	1","	B01??(%RH)","	76.4","	2026-07-23 19:14:21"
"	69BA0CDE","	Chamber1","	1","	B01??(?)","	21.6","	2026-07-23 19:14:21"
"	69BA0CDE","	Chamber1","	1","	B01??(%RH)","	76.5","	2026-07-23 19:14:19"
"	69BA0CDE","	Chamber1","	1","	B01??(?)","	21.6","	2026-07-23 19:14:19"
"	69BA0CDE","	Chamber1","	1","	B01??(%RH)","	76.4","	2026-07-23 19:14:17"
"	69BA0CDE","	Chamber1","	1","	B01??(?)","	21.6","	2026-07-23 19:14:17"
"	69BA0CDE","	Chamber1","	1","	B01??(%RH)","	76.3","	2026-07-23 19:14:15"
"	69BA0CDE","	Chamber1","	1","	B01??(?)","	21.6","	2026-07-23 19:14:15"
"	69BA0CDE","	Chamber1","	1","	B01??(%RH)","	76.2","	2026-07-23 19:14:13"
"	69BA0CDE","	Chamber1","	1","	B01??(?)","	21.6","	2026-07-23 19:14:13"
"	69BA0CDE","	Chamber1","	1","	B01??(%RH)","	76.1","	2026-07-23 19:14:11"
"	69BA0CDE","	Chamber1","	1","	B01??(?)","	21.6","	2026-07-23 19:14:11"
"	69BA0CDE","	Chamber1","	1","	B01??(%RH)","	76.2","	2026-07-23 19:14:09"
"	69BA0CDE","	Chamber1","	1","	B01??(?)","	21.6","	2026-07-23 19:14:09"
"	69BA0CDE","	Chamber1","	1","	B01??(%RH)","	76.3","	2026-07-23 19:14:07"
"	69BA0CDE","	Chamber1","	1","	B01??(?)","	21.7","	2026-07-23 19:14:07"
"	69BA0CDE","	Chamber1","	1","	B01??(%RH)","	76.6","	2026-07-23 19:14:05"
"	69BA0CDE","	Chamber1","	1","	B01??(?)","	21.6","	2026-07-23 19:14:05"
"	69BA0CDE","	Chamber1","	1","	B01??(%RH)","	77.1","	2026-07-23 19:14:03"
"	69BA0CDE","	Chamber1","	1","	B01??(?)","	21.7","	2026-07-23 19:14:03"
"	69BA0CDE","	Chamber1","	1","	B01??(%RH)","	77.5","	2026-07-23 19:14:01"
"	69BA0CDE","	Chamber1","	1","	B01??(?)","	21.6","	2026-07-23 19:14:01"
"	69BA0CDE","	Chamber1","	1","	B01??(%RH)","	77.7","	2026-07-23 19:13:59"
"	69BA0CDE","	Chamber1","	1","	B01??(?)","	21.6","	2026-07-23 19:13:59"
"	69BA0CDE","	Chamber1","	1","	B01??(%RH)","	77.8","	2026-07-23 19:13:57"
"	69BA0CDE","	Chamber1","	1","	B01??(?)","	21.7","	2026-07-23 19:13:57"
"	69BA0CDE","	Chamber1","	1","	B01??(%RH)","	77.4","	2026-07-23 19:13:55"
"	69BA0CDE","	Chamber1","	1","	B01??(?)","	21.6","	2026-07-23 19:13:55"
"	69BA0CDE","	Chamber1","	1","	B01??(%RH)","	76.9","	2026-07-23 19:13:53"
"	69BA0CDE","	Chamber1","	1","	B01??(?)","	21.6","	2026-07-23 19:13:53"
"	69BA0CDE","	Chamber1","	1","	B01??(%RH)","	76.5","	2026-07-23 19:13:51"
"	69BA0CDE","	Chamber1","	1","	B01??(?)","	21.7","	2026-07-23 19:13:51"
"	69BA0CDE","	Chamber1","	1","	B01??(%RH)","	76.2","	2026-07-23 19:13:49"
"	69BA0CDE","	Chamber1","	1","	B01??(?)","	21.6","	2026-07-23 19:13:49"
"	69BA0CDE","	Chamber1","	1","	B01??(%RH)","	76.2","	2026-07-23 19:13:47"
"	69BA0CDE","	Chamber1","	1","	B01??(?)","	21.6","	2026-07-23 19:13:47"
"	69BA0CDE","	Chamber1","	1","	B01??(%RH)","	76.4","	2026-07-23 19:13:45"
"	69BA0CDE","	Chamber1","	1","	B01??(?)","	21.6","	2026-07-23 19:13:44"
"	69BA0CDE","	Chamber1","	1","	B01??(%RH)","	76.8","	2026-07-23 19:13:42"
"	69BA0CDE","	Chamber1","	1","	B01??(?)","	21.6","	2026-07-23 19:13:42"
"	69BA0CDE","	Chamber1","	1","	B01??(%RH)","	77","	2026-07-23 19:13:40"
"	69BA0CDE","	Chamber1","	1","	B01??(?)","	21.6","	2026-07-23 19:13:40"
"	69BA0CDE","	Chamber1","	1","	B01??(%RH)","	76.9","	2026-07-23 19:13:38"
"	69BA0CDE","	Chamber1","	1","	B01??(?)","	21.6","	2026-07-23 19:13:38"
"	69BA0CDE","	Chamber1","	1","	B01??(%RH)","	76.5","	2026-07-23 19:13:36"
"	69BA0CDE","	Chamber1","	1","	B01??(?)","	21.7","	2026-07-23 19:13:36"
"	69BA0CDE","	Chamber1","	1","	B01??(%RH)","	76.4","	2026-07-23 19:13:34"
"	69BA0CDE","	Chamber1","	1","	B01??(?)","	21.6","	2026-07-23 19:13:34"
"	69BA0CDE","	Chamber1","	1","	B01??(%RH)","	76.6","	2026-07-23 19:13:32"
"	69BA0CDE","	Chamber1","	1","	B01??(?)","	21.7","	2026-07-23 19:13:32"
"	69BA0CDE","	Chamber1","	1","	B01??(%RH)","	77","	2026-07-23 19:13:30"
"	69BA0CDE","	Chamber1","	1","	B01??(?)","	21.6","	2026-07-23 19:13:30"
"	69BA0CDE","	Chamber1","	1","	B01??(%RH)","	77.3","	2026-07-23 19:13:28"
"	69BA0CDE","	Chamber1","	1","	B01??(?)","	21.7","	2026-07-23 19:13:28"
"	69BA0CDE","	Chamber1","	1","	B01??(%RH)","	77.6","	2026-07-23 19:13:26"
"	69BA0CDE","	Chamber1","	1","	B01??(?)","	21.6","	2026-07-23 19:13:26"
"	69BA0CDE","	Chamber1","	1","	B01??(%RH)","	77.8","	2026-07-23 19:13:24"
"	69BA0CDE","	Chamber1","	1","	B01??(?)","	21.6","	2026-07-23 19:13:24"
"	69BA0CDE","	Chamber1","	1","	B01??(%RH)","	77.9","	2026-07-23 19:13:22"
"	69BA0CDE","	Chamber1","	1","	B01??(?)","	21.7","	2026-07-23 19:13:22"
"	69BA0CDE","	Chamber1","	1","	B01??(%RH)","	77.8","	2026-07-23 19:13:20"
"	69BA0CDE","	Chamber1","	1","	B01??(?)","	21.6","	2026-07-23 19:13:20"
"	69BA0CDE","	Chamber1","	1","	B01??(%RH)","	77.8","	2026-07-23 19:13:18"
"	69BA0CDE","	Chamber1","	1","	B01??(?)","	21.7","	2026-07-23 19:13:18"
"	69BA0CDE","	Chamber1","	1","	B01??(%RH)","	77.9","	2026-07-23 19:13:16"
"	69BA0CDE","	Chamber1","	1","	B01??(?)","	21.7","	2026-07-23 19:13:16"
"	69BA0CDE","	Chamber1","	1","	B01??(%RH)","	77.7","	2026-07-23 19:13:14"
"	69BA0CDE","	Chamber1","	1","	B01??(?)","	21.6","	2026-07-23 19:13:14"
"	69BA0CDE","	Chamber1","	1","	B01??(%RH)","	77.6","	2026-07-23 19:13:12"
"	69BA0CDE","	Chamber1","	1","	B01??(?)","	21.6","	2026-07-23 19:13:12"
"	69BA0CDE","	Chamber1","	1","	B01??(%RH)","	77.5","	2026-07-23 19:13:10"
"	69BA0CDE","	Chamber1","	1","	B01??(?)","	21.7","	2026-07-23 19:13:10"
"	69BA0CDE","	Chamber1","	1","	B01??(%RH)","	77.5","	2026-07-23 19:13:08"
"	69BA0CDE","	Chamber1","	1","	B01??(?)","	21.7","	2026-07-23 19:13:08"
"	69BA0CDE","	Chamber1","	1","	B01??(%RH)","	77.4","	2026-07-23 19:13:06"
"	69BA0CDE","	Chamber1","	1","	B01??(?)","	21.6","	2026-07-23 19:13:06"
"	69BA0CDE","	Chamber1","	1","	B01??(%RH)","	77.5","	2026-07-23 19:13:04"
"	69BA0CDE","	Chamber1","	1","	B01??(?)","	21.6","	2026-07-23 19:13:04"
"	69BA0CDE","	Chamber1","	1","	B01??(%RH)","	77.7","	2026-07-23 19:13:01"
"	69BA0CDE","	Chamber1","	1","	B01??(?)","	21.7","	2026-07-23 19:13:01"
"	69BA0CDE","	Chamber1","	1","	B01??(%RH)","	78","	2026-07-23 19:12:59"
"	69BA0CDE","	Chamber1","	1","	B01??(?)","	21.7","	2026-07-23 19:12:59"
"	69BA0CDE","	Chamber1","	1","	B01??(%RH)","	78.2","	2026-07-23 19:12:57"
"	69BA0CDE","	Chamber1","	1","	B01??(?)","	21.6","	2026-07-23 19:12:57"
"	69BA0CDE","	Chamber1","	1","	B01??(%RH)","	78.2","	2026-07-23 19:12:55"
"	69BA0CDE","	Chamber1","	1","	B01??(?)","	21.7","	2026-07-23 19:12:55"
"	69BA0CDE","	Chamber1","	1","	B01??(%RH)","	78.1","	2026-07-23 19:12:53"
"	69BA0CDE","	Chamber1","	1","	B01??(?)","	21.6","	2026-07-23 19:12:53"
"	69BA0CDE","	Chamber1","	1","	B01??(%RH)","	78","	2026-07-23 19:12:51"
"	69BA0CDE","	Chamber1","	1","	B01??(?)","	21.7","	2026-07-23 19:12:51"
"	69BA0CDE","	Chamber1","	1","	B01??(%RH)","	77.8","	2026-07-23 19:12:49"
"	69BA0CDE","	Chamber1","	1","	B01??(?)","	21.7","	2026-07-23 19:12:49"
"	69BA0CDE","	Chamber1","	1","	B01??(%RH)","	77.9","	2026-07-23 19:12:47"
"	69BA0CDE","	Chamber1","	1","	B01??(?)","	21.6","	2026-07-23 19:12:47"
"	69BA0CDE","	Chamber1","	1","	B01??(%RH)","	78","	2026-07-23 19:12:45"
"	69BA0CDE","	Chamber1","	1","	B01??(?)","	21.6","	2026-07-23 19:12:45"
"	69BA0CDE","	Chamber1","	1","	B01??(%RH)","	78","	2026-07-23 19:12:43"
"	69BA0CDE","	Chamber1","	1","	B01??(?)","	21.6","	2026-07-23 19:12:43"
"	69BA0CDE","	Chamber1","	1","	B01??(%RH)","	78.1","	2026-07-23 19:12:41"
"	69BA0CDE","	Chamber1","	1","	B01??(?)","	21.7","	2026-07-23 19:12:41"
"	69BA0CDE","	Chamber1","	1","	B01??(%RH)","	78.1","	2026-07-23 19:12:39"
"	69BA0CDE","	Chamber1","	1","	B01??(?)","	21.7","	2026-07-23 19:12:39"
"	69BA0CDE","	Chamber1","	1","	B01??(%RH)","	78","	2026-07-23 19:12:37"
"	69BA0CDE","	Chamber1","	1","	B01??(?)","	21.7","	2026-07-23 19:12:37"
"	69BA0CDE","	Chamber1","	1","	B01??(%RH)","	77.9","	2026-07-23 19:12:35"
"	69BA0CDE","	Chamber1","	1","	B01??(?)","	21.6","	2026-07-23 19:12:35"
"	69BA0CDE","	Chamber1","	1","	B01??(%RH)","	78","	2026-07-23 19:12:33"
"	69BA0CDE","	Chamber1","	1","	B01??(?)","	21.7","	2026-07-23 19:12:33"
"	69BA0CDE","	Chamber1","	1","	B01??(%RH)","	77.8","	2026-07-23 19:12:31"
"	69BA0CDE","	Chamber1","	1","	B01??(?)","	21.6","	2026-07-23 19:12:31"
"	69BA0CDE","	Chamber1","	1","	B01??(%RH)","	77.7","	2026-07-23 19:12:29"
"	69BA0CDE","	Chamber1","	1","	B01??(?)","	21.6","	2026-07-23 19:12:29"
"	69BA0CDE","	Chamber1","	1","	B01??(%RH)","	78","	2026-07-23 19:12:27"
"	69BA0CDE","	Chamber1","	1","	B01??(?)","	21.7","	2026-07-23 19:12:27"
"	69BA0CDE","	Chamber1","	1","	B01??(%RH)","	78.1","	2026-07-23 19:12:25"
"	69BA0CDE","	Chamber1","	1","	B01??(?)","	21.6","	2026-07-23 19:12:25"
"	69BA0CDE","	Chamber1","	1","	B01??(%RH)","	77.9","	2026-07-23 19:12:23"
"	69BA0CDE","	Chamber1","	1","	B01??(?)","	21.7","	2026-07-23 19:12:23"
"	69BA0CDE","	Chamber1","	1","	B01??(%RH)","	77.8","	2026-07-23 19:12:21"
"	69BA0CDE","	Chamber1","	1","	B01??(?)","	21.6","	2026-07-23 19:12:21"
"	69BA0CDE","	Chamber1","	1","	B01??(%RH)","	78","	2026-07-23 19:12:18"
"	69BA0CDE","	Chamber1","	1","	B01??(?)","	21.6","	2026-07-23 19:12:18"
"	69BA0CDE","	Chamber1","	1","	B01??(%RH)","	78.1","	2026-07-23 19:12:16"
"	69BA0CDE","	Chamber1","	1","	B01??(?)","	21.7","	2026-07-23 19:12:16"
"	69BA0CDE","	Chamber1","	1","	B01??(%RH)","	78","	2026-07-23 19:12:14"
"	69BA0CDE","	Chamber1","	1","	B01??(?)","	21.7","	2026-07-23 19:12:14"
"	69BA0CDE","	Chamber1","	1","	B01??(%RH)","	78.1","	2026-07-23 19:12:12"
"	69BA0CDE","	Chamber1","	1","	B01??(?)","	21.7","	2026-07-23 19:12:12"
"	69BA0CDE","	Chamber1","	1","	B01??(%RH)","	78.2","	2026-07-23 19:12:10"
"	69BA0CDE","	Chamber1","	1","	B01??(?)","	21.7","	2026-07-23 19:12:10"
"	69BA0CDE","	Chamber1","	1","	B01??(%RH)","	78.3","	2026-07-23 19:12:08"
"	69BA0CDE","	Chamber1","	1","	B01??(?)","	21.7","	2026-07-23 19:12:08"
"	69BA0CDE","	Chamber1","	1","	B01??(%RH)","	78.2","	2026-07-23 19:12:06"
"	69BA0CDE","	Chamber1","	1","	B01??(?)","	21.6","	2026-07-23 19:12:06"
"	69BA0CDE","	Chamber1","	1","	B01??(%RH)","	78.2","	2026-07-23 19:12:04"
"	69BA0CDE","	Chamber1","	1","	B01??(?)","	21.6","	2026-07-23 19:12:04"
"	69BA0CDE","	Chamber1","	1","	B01??(%RH)","	78","	2026-07-23 19:12:02"
"	69BA0CDE","	Chamber1","	1","	B01??(?)","	21.6","	2026-07-23 19:12:02"
"	69BA0CDE","	Chamber1","	1","	B01??(%RH)","	78.1","	2026-07-23 19:12:00"
"	69BA0CDE","	Chamber1","	1","	B01??(?)","	21.6","	2026-07-23 19:12:00"
"	69BA0CDE","	Chamber1","	1","	B01??(%RH)","	77.8","	2026-07-23 19:11:58"
"	69BA0CDE","	Chamber1","	1","	B01??(?)","	21.6","	2026-07-23 19:11:58"
"	69BA0CDE","	Chamber1","	1","	B01??(%RH)","	77.5","	2026-07-23 19:11:56"
"	69BA0CDE","	Chamber1","	1","	B01??(?)","	21.6","	2026-07-23 19:11:56"
"	69BA0CDE","	Chamber1","	1","	B01??(%RH)","	77.2","	2026-07-23 19:11:54"
"	69BA0CDE","	Chamber1","	1","	B01??(?)","	21.6","	2026-07-23 19:11:54"
"	69BA0CDE","	Chamber1","	1","	B01??(%RH)","	76.9","	2026-07-23 19:11:52"
"	69BA0CDE","	Chamber1","	1","	B01??(?)","	21.7","	2026-07-23 19:11:52"
"	69BA0CDE","	Chamber1","	1","	B01??(%RH)","	76.8","	2026-07-23 19:11:50"
"	69BA0CDE","	Chamber1","	1","	B01??(?)","	21.7","	2026-07-23 19:11:50"
"	69BA0CDE","	Chamber1","	1","	B01??(%RH)","	77.1","	2026-07-23 19:11:48"
"	69BA0CDE","	Chamber1","	1","	B01??(?)","	21.7","	2026-07-23 19:11:48"
"	69BA0CDE","	Chamber1","	1","	B01??(%RH)","	77.5","	2026-07-23 19:11:46"
"	69BA0CDE","	Chamber1","	1","	B01??(?)","	21.6","	2026-07-23 19:11:46"
"	69BA0CDE","	Chamber1","	1","	B01??(%RH)","	77.9","	2026-07-23 19:11:44"
"	69BA0CDE","	Chamber1","	1","	B01??(?)","	21.7","	2026-07-23 19:11:44"
"	69BA0CDE","	Chamber1","	1","	B01??(%RH)","	77.9","	2026-07-23 19:11:42"
"	69BA0CDE","	Chamber1","	1","	B01??(?)","	21.7","	2026-07-23 19:11:42"
"	69BA0CDE","	Chamber1","	1","	B01??(%RH)","	77.8","	2026-07-23 19:11:40"
"	69BA0CDE","	Chamber1","	1","	B01??(?)","	21.6","	2026-07-23 19:11:40"
"	69BA0CDE","	Chamber1","	1","	B01??(%RH)","	77.7","	2026-07-23 19:11:38"
"	69BA0CDE","	Chamber1","	1","	B01??(?)","	21.6","	2026-07-23 19:11:38"
"	69BA0CDE","	Chamber1","	1","	B01??(%RH)","	77.5","	2026-07-23 19:11:35"
"	69BA0CDE","	Chamber1","	1","	B01??(?)","	21.6","	2026-07-23 19:11:35"
"	69BA0CDE","	Chamber1","	1","	B01??(%RH)","	77.3","	2026-07-23 19:11:33"
"	69BA0CDE","	Chamber1","	1","	B01??(?)","	21.6","	2026-07-23 19:11:33"
"	69BA0CDE","	Chamber1","	1","	B01??(%RH)","	77.1","	2026-07-23 19:11:31"
"	69BA0CDE","	Chamber1","	1","	B01??(?)","	21.6","	2026-07-23 19:11:31"
"	69BA0CDE","	Chamber1","	1","	B01??(%RH)","	77","	2026-07-23 19:11:29"
"	69BA0CDE","	Chamber1","	1","	B01??(?)","	21.6","	2026-07-23 19:11:29"
"	69BA0CDE","	Chamber1","	1","	B01??(%RH)","	77","	2026-07-23 19:11:27"
"	69BA0CDE","	Chamber1","	1","	B01??(?)","	21.6","	2026-07-23 19:11:27"
"	69BA0CDE","	Chamber1","	1","	B01??(%RH)","	77.2","	2026-07-23 19:11:25"
"	69BA0CDE","	Chamber1","	1","	B01??(?)","	21.6","	2026-07-23 19:11:25"
"	69BA0CDE","	Chamber1","	1","	B01??(%RH)","	77.2","	2026-07-23 19:11:23"
"	69BA0CDE","	Chamber1","	1","	B01??(?)","	21.6","	2026-07-23 19:11:23"
"	69BA0CDE","	Chamber1","	1","	B01??(%RH)","	77.3","	2026-07-23 19:11:21"
"	69BA0CDE","	Chamber1","	1","	B01??(?)","	21.7","	2026-07-23 19:11:21"
"	69BA0CDE","	Chamber1","	1","	B01??(%RH)","	77.2","	2026-07-23 19:11:19"
"	69BA0CDE","	Chamber1","	1","	B01??(?)","	21.6","	2026-07-23 19:11:19"
"	69BA0CDE","	Chamber1","	1","	B01??(%RH)","	77.1","	2026-07-23 19:11:17"
"	69BA0CDE","	Chamber1","	1","	B01??(?)","	21.6","	2026-07-23 19:11:17"
"	69BA0CDE","	Chamber1","	1","	B01??(%RH)","	77","	2026-07-23 19:11:15"
"	69BA0CDE","	Chamber1","	1","	B01??(?)","	21.6","	2026-07-23 19:11:15"
"	69BA0CDE","	Chamber1","	1","	B01??(%RH)","	76.9","	2026-07-23 19:11:13"
"	69BA0CDE","	Chamber1","	1","	B01??(?)","	21.6","	2026-07-23 19:11:13"
"	69BA0CDE","	Chamber1","	1","	B01??(%RH)","	76.8","	2026-07-23 19:11:11"
"	69BA0CDE","	Chamber1","	1","	B01??(?)","	21.6","	2026-07-23 19:11:11"
"	69BA0CDE","	Chamber1","	1","	B01??(%RH)","	76.9","	2026-07-23 19:11:09"
"	69BA0CDE","	Chamber1","	1","	B01??(?)","	21.6","	2026-07-23 19:11:09"
"	69BA0CDE","	Chamber1","	1","	B01??(?)","	21.6","	2026-07-23 19:11:07"
"	69BA0CDE","	Chamber1","	1","	B01??(%RH)","	76.9","	2026-07-23 19:11:07"
"	69BA0CDE","	Chamber1","	1","	B01??(%RH)","	77","	2026-07-23 19:11:05"
"	69BA0CDE","	Chamber1","	1","	B01??(?)","	21.7","	2026-07-23 19:11:05"
"	69BA0CDE","	Chamber1","	1","	B01??(%RH)","	77","	2026-07-23 19:11:03"
"	69BA0CDE","	Chamber1","	1","	B01??(?)","	21.6","	2026-07-23 19:11:03"
"	69BA0CDE","	Chamber1","	1","	B01??(%RH)","	77","	2026-07-23 19:11:01"
"	69BA0CDE","	Chamber1","	1","	B01??(?)","	21.6","	2026-07-23 19:11:01"
"	69BA0CDE","	Chamber1","	1","	B01??(%RH)","	77","	2026-07-23 19:10:59"
"	69BA0CDE","	Chamber1","	1","	B01??(?)","	21.6","	2026-07-23 19:10:59"
"	69BA0CDE","	Chamber1","	1","	B01??(%RH)","	76.9","	2026-07-23 19:10:57"
"	69BA0CDE","	Chamber1","	1","	B01??(?)","	21.6","	2026-07-23 19:10:57"
"	69BA0CDE","	Chamber1","	1","	B01??(%RH)","	76.6","	2026-07-23 19:10:55"
"	69BA0CDE","	Chamber1","	1","	B01??(?)","	21.6","	2026-07-23 19:10:55"
"	69BA0CDE","	Chamber1","	1","	B01??(%RH)","	76.3","	2026-07-23 19:10:53"
"	69BA0CDE","	Chamber1","	1","	B01??(?)","	21.6","	2026-07-23 19:10:53"
"	69BA0CDE","	Chamber1","	1","	B01??(%RH)","	76","	2026-07-23 19:10:50"
"	69BA0CDE","	Chamber1","	1","	B01??(?)","	21.7","	2026-07-23 19:10:50"
"	69BA0CDE","	Chamber1","	1","	B01??(%RH)","	76.1","	2026-07-23 19:10:48"
"	69BA0CDE","	Chamber1","	1","	B01??(?)","	21.6","	2026-07-23 19:10:48"
"	69BA0CDE","	Chamber1","	1","	B01??(%RH)","	76.1","	2026-07-23 19:10:46"
"	69BA0CDE","	Chamber1","	1","	B01??(?)","	21.6","	2026-07-23 19:10:46"
"	69BA0CDE","	Chamber1","	1","	B01??(%RH)","	76.1","	2026-07-23 19:10:44"
"	69BA0CDE","	Chamber1","	1","	B01??(?)","	21.6","	2026-07-23 19:10:44"
"	69BA0CDE","	Chamber1","	1","	B01??(%RH)","	76","	2026-07-23 19:10:42"
"	69BA0CDE","	Chamber1","	1","	B01??(?)","	21.7","	2026-07-23 19:10:42"
"	69BA0CDE","	Chamber1","	1","	B01??(%RH)","	75.7","	2026-07-23 19:10:40"
"	69BA0CDE","	Chamber1","	1","	B01??(?)","	21.7","	2026-07-23 19:10:40"
"	69BA0CDE","	Chamber1","	1","	B01??(%RH)","	75.4","	2026-07-23 19:10:38"
"	69BA0CDE","	Chamber1","	1","	B01??(?)","	21.7","	2026-07-23 19:10:38"
"	69BA0CDE","	Chamber1","	1","	B01??(%RH)","	75.1","	2026-07-23 19:10:36"
"	69BA0CDE","	Chamber1","	1","	B01??(?)","	21.6","	2026-07-23 19:10:36"
"	69BA0CDE","	Chamber1","	1","	B01??(%RH)","	75.4","	2026-07-23 19:10:34"
"	69BA0CDE","	Chamber1","	1","	B01??(?)","	21.6","	2026-07-23 19:10:34"
"	69BA0CDE","	Chamber1","	1","	B01??(%RH)","	75.9","	2026-07-23 19:10:32"
"	69BA0CDE","	Chamber1","	1","	B01??(?)","	21.7","	2026-07-23 19:10:32"
"	69BA0CDE","	Chamber1","	1","	B01??(%RH)","	76.5","	2026-07-23 19:10:30"
"	69BA0CDE","	Chamber1","	1","	B01??(?)","	21.7","	2026-07-23 19:10:30"
"	69BA0CDE","	Chamber1","	1","	B01??(%RH)","	76.8","	2026-07-23 19:10:28"
"	69BA0CDE","	Chamber1","	1","	B01??(?)","	21.7","	2026-07-23 19:10:28"
"	69BA0CDE","	Chamber1","	1","	B01??(%RH)","	77.1","	2026-07-23 19:10:26"
"	69BA0CDE","	Chamber1","	1","	B01??(?)","	21.6","	2026-07-23 19:10:26"
"	69BA0CDE","	Chamber1","	1","	B01??(%RH)","	77.2","	2026-07-23 19:10:24"
"	69BA0CDE","	Chamber1","	1","	B01??(?)","	21.7","	2026-07-23 19:10:24"
"	69BA0CDE","	Chamber1","	1","	B01??(%RH)","	77.3","	2026-07-23 19:10:22"
"	69BA0CDE","	Chamber1","	1","	B01??(?)","	21.6","	2026-07-23 19:10:22"
"	69BA0CDE","	Chamber1","	1","	B01??(%RH)","	77.3","	2026-07-23 19:10:20"
"	69BA0CDE","	Chamber1","	1","	B01??(?)","	21.7","	2026-07-23 19:10:20"
"	69BA0CDE","	Chamber1","	1","	B01??(%RH)","	77.3","	2026-07-23 19:10:18"
"	69BA0CDE","	Chamber1","	1","	B01??(?)","	21.7","	2026-07-23 19:10:18"
"	69BA0CDE","	Chamber1","	1","	B01??(%RH)","	77.3","	2026-07-23 19:10:16"
"	69BA0CDE","	Chamber1","	1","	B01??(?)","	21.7","	2026-07-23 19:10:16"
"	69BA0CDE","	Chamber1","	1","	B01??(%RH)","	77.4","	2026-07-23 19:10:14"
"	69BA0CDE","	Chamber1","	1","	B01??(?)","	21.6","	2026-07-23 19:10:14"
"	69BA0CDE","	Chamber1","	1","	B01??(%RH)","	77.5","	2026-07-23 19:10:12"
"	69BA0CDE","	Chamber1","	1","	B01??(?)","	21.7","	2026-07-23 19:10:12"
"	69BA0CDE","	Chamber1","	1","	B01??(%RH)","	77.6","	2026-07-23 19:10:10"
"	69BA0CDE","	Chamber1","	1","	B01??(?)","	21.7","	2026-07-23 19:10:10"
"	69BA0CDE","	Chamber1","	1","	B01??(%RH)","	77.7","	2026-07-23 19:10:07"
"	69BA0CDE","	Chamber1","	1","	B01??(?)","	21.7","	2026-07-23 19:10:07"
"	69BA0CDE","	Chamber1","	1","	B01??(%RH)","	77.7","	2026-07-23 19:10:05"
"	69BA0CDE","	Chamber1","	1","	B01??(?)","	21.7","	2026-07-23 19:10:05"
"	69BA0CDE","	Chamber1","	1","	B01??(%RH)","	77.7","	2026-07-23 19:10:03"
"	69BA0CDE","	Chamber1","	1","	B01??(?)","	21.7","	2026-07-23 19:10:03"
"	69BA0CDE","	Chamber1","	1","	B01??(%RH)","	77.7","	2026-07-23 19:10:01"
"	69BA0CDE","	Chamber1","	1","	B01??(?)","	21.7","	2026-07-23 19:10:01"
"	69BA0CDE","	Chamber1","	1","	B01??(%RH)","	77.9","	2026-07-23 19:09:59"
"	69BA0CDE","	Chamber1","	1","	B01??(?)","	21.7","	2026-07-23 19:09:59"
"	69BA0CDE","	Chamber1","	1","	B01??(%RH)","	78","	2026-07-23 19:09:57"
"	69BA0CDE","	Chamber1","	1","	B01??(?)","	21.7","	2026-07-23 19:09:57"
"	69BA0CDE","	Chamber1","	1","	B01??(%RH)","	77.9","	2026-07-23 19:09:55"
"	69BA0CDE","	Chamber1","	1","	B01??(?)","	21.7","	2026-07-23 19:09:55"
"	69BA0CDE","	Chamber1","	1","	B01??(%RH)","	77.7","	2026-07-23 19:09:53"
"	69BA0CDE","	Chamber1","	1","	B01??(?)","	21.7","	2026-07-23 19:09:53"
"	69BA0CDE","	Chamber1","	1","	B01??(%RH)","	77.6","	2026-07-23 19:09:51"
"	69BA0CDE","	Chamber1","	1","	B01??(?)","	21.7","	2026-07-23 19:09:51"
"	69BA0CDE","	Chamber1","	1","	B01??(%RH)","	77.5","	2026-07-23 19:09:49"
"	69BA0CDE","	Chamber1","	1","	B01??(?)","	21.7","	2026-07-23 19:09:49"
"	69BA0CDE","	Chamber1","	1","	B01??(%RH)","	77.4","	2026-07-23 19:09:47"
"	69BA0CDE","	Chamber1","	1","	B01??(?)","	21.7","	2026-07-23 19:09:47"
"	69BA0CDE","	Chamber1","	1","	B01??(%RH)","	77.2","	2026-07-23 19:09:45"
"	69BA0CDE","	Chamber1","	1","	B01??(?)","	21.7","	2026-07-23 19:09:45"
"	69BA0CDE","	Chamber1","	1","	B01??(%RH)","	76.9","	2026-07-23 19:09:43"
"	69BA0CDE","	Chamber1","	1","	B01??(?)","	21.7","	2026-07-23 19:09:43"
"	69BA0CDE","	Chamber1","	1","	B01??(%RH)","	76.7","	2026-07-23 19:09:41"
"	69BA0CDE","	Chamber1","	1","	B01??(?)","	21.7","	2026-07-23 19:09:41"
"	69BA0CDE","	Chamber1","	1","	B01??(%RH)","	76.6","	2026-07-23 19:09:39"
"	69BA0CDE","	Chamber1","	1","	B01??(?)","	21.7","	2026-07-23 19:09:39"
"	69BA0CDE","	Chamber1","	1","	B01??(%RH)","	76.6","	2026-07-23 19:09:37"
"	69BA0CDE","	Chamber1","	1","	B01??(?)","	21.7","	2026-07-23 19:09:37"
"	69BA0CDE","	Chamber1","	1","	B01??(%RH)","	76.5","	2026-07-23 19:09:35"
"	69BA0CDE","	Chamber1","	1","	B01??(?)","	21.7","	2026-07-23 19:09:35"
"	69BA0CDE","	Chamber1","	1","	B01??(%RH)","	76.5","	2026-07-23 19:09:33"
"	69BA0CDE","	Chamber1","	1","	B01??(?)","	21.7","	2026-07-23 19:09:33"
"	69BA0CDE","	Chamber1","	1","	B01??(%RH)","	76.7","	2026-07-23 19:09:31"
"	69BA0CDE","	Chamber1","	1","	B01??(?)","	21.7","	2026-07-23 19:09:31"
"	69BA0CDE","	Chamber1","	1","	B01??(%RH)","	76.9","	2026-07-23 19:09:29"
"	69BA0CDE","	Chamber1","	1","	B01??(?)","	21.7","	2026-07-23 19:09:29"
"	69BA0CDE","	Chamber1","	1","	B01??(%RH)","	77.1","	2026-07-23 19:09:26"
"	69BA0CDE","	Chamber1","	1","	B01??(?)","	21.7","	2026-07-23 19:09:26"
"	69BA0CDE","	Chamber1","	1","	B01??(?)","	21.7","	2026-07-23 19:09:24"
"	69BA0CDE","	Chamber1","	1","	B01??(%RH)","	77","	2026-07-23 19:09:24"
"	69BA0CDE","	Chamber1","	1","	B01??(%RH)","	76.8","	2026-07-23 19:09:22"
"	69BA0CDE","	Chamber1","	1","	B01??(?)","	21.7","	2026-07-23 19:09:22"
"	69BA0CDE","	Chamber1","	1","	B01??(%RH)","	76.5","	2026-07-23 19:09:20"
"	69BA0CDE","	Chamber1","	1","	B01??(?)","	21.7","	2026-07-23 19:09:20"
"	69BA0CDE","	Chamber1","	1","	B01??(%RH)","	76.2","	2026-07-23 19:09:18"
"	69BA0CDE","	Chamber1","	1","	B01??(?)","	21.7","	2026-07-23 19:09:18"
"	69BA0CDE","	Chamber1","	1","	B01??(%RH)","	75.6","	2026-07-23 19:09:16"
"	69BA0CDE","	Chamber1","	1","	B01??(?)","	21.7","	2026-07-23 19:09:16"
"	69BA0CDE","	Chamber1","	1","	B01??(%RH)","	75.3","	2026-07-23 19:09:14"
"	69BA0CDE","	Chamber1","	1","	B01??(?)","	21.7","	2026-07-23 19:09:14"
"	69BA0CDE","	Chamber1","	1","	B01??(%RH)","	75.3","	2026-07-23 19:09:12"
"	69BA0CDE","	Chamber1","	1","	B01??(?)","	21.7","	2026-07-23 19:09:12"
"	69BA0CDE","	Chamber1","	1","	B01??(%RH)","	75.7","	2026-07-23 19:09:10"
"	69BA0CDE","	Chamber1","	1","	B01??(?)","	21.7","	2026-07-23 19:09:10"
"	69BA0CDE","	Chamber1","	1","	B01??(%RH)","	76.1","	2026-07-23 19:09:08"
"	69BA0CDE","	Chamber1","	1","	B01??(?)","	21.7","	2026-07-23 19:09:08"
"	69BA0CDE","	Chamber1","	1","	B01??(%RH)","	76.4","	2026-07-23 19:09:06"
"	69BA0CDE","	Chamber1","	1","	B01??(?)","	21.7","	2026-07-23 19:09:06"
"	69BA0CDE","	Chamber1","	1","	B01??(%RH)","	76.8","	2026-07-23 19:09:04"
"	69BA0CDE","	Chamber1","	1","	B01??(?)","	21.7","	2026-07-23 19:09:04"
"	69BA0CDE","	Chamber1","	1","	B01??(%RH)","	76.9","	2026-07-23 19:09:02"
"	69BA0CDE","	Chamber1","	1","	B01??(?)","	21.7","	2026-07-23 19:09:02"
"	69BA0CDE","	Chamber1","	1","	B01??(%RH)","	77.1","	2026-07-23 19:09:00"
"	69BA0CDE","	Chamber1","	1","	B01??(?)","	21.7","	2026-07-23 19:09:00"
"	69BA0CDE","	Chamber1","	1","	B01??(%RH)","	76.9","	2026-07-23 19:08:58"
"	69BA0CDE","	Chamber1","	1","	B01??(?)","	21.7","	2026-07-23 19:08:58"
"	69BA0CDE","	Chamber1","	1","	B01??(%RH)","	76.6","	2026-07-23 19:08:56"
"	69BA0CDE","	Chamber1","	1","	B01??(?)","	21.7","	2026-07-23 19:08:56"
"	69BA0CDE","	Chamber1","	1","	B01??(%RH)","	76.6","	2026-07-23 19:08:54"
"	69BA0CDE","	Chamber1","	1","	B01??(?)","	21.7","	2026-07-23 19:08:54"
"	69BA0CDE","	Chamber1","	1","	B01??(%RH)","	76.9","	2026-07-23 19:08:52"
"	69BA0CDE","	Chamber1","	1","	B01??(?)","	21.7","	2026-07-23 19:08:52"
"	69BA0CDE","	Chamber1","	1","	B01??(%RH)","	77.3","	2026-07-23 19:08:50"
"	69BA0CDE","	Chamber1","	1","	B01??(?)","	21.7","	2026-07-23 19:08:50"
"	69BA0CDE","	Chamber1","	1","	B01??(%RH)","	77.6","	2026-07-23 19:08:48"
"	69BA0CDE","	Chamber1","	1","	B01??(?)","	21.7","	2026-07-23 19:08:48"
"	69BA0CDE","	Chamber1","	1","	B01??(%RH)","	77.6","	2026-07-23 19:08:46"
"	69BA0CDE","	Chamber1","	1","	B01??(?)","	21.7","	2026-07-23 19:08:46"
"	69BA0CDE","	Chamber1","	1","	B01??(%RH)","	77.2","	2026-07-23 19:08:43"
"	69BA0CDE","	Chamber1","	1","	B01??(?)","	21.7","	2026-07-23 19:08:43"
"	69BA0CDE","	Chamber1","	1","	B01??(%RH)","	76.7","	2026-07-23 19:08:41"
"	69BA0CDE","	Chamber1","	1","	B01??(?)","	21.7","	2026-07-23 19:08:41"
"	69BA0CDE","	Chamber1","	1","	B01??(%RH)","	76.3","	2026-07-23 19:08:39"
"	69BA0CDE","	Chamber1","	1","	B01??(?)","	21.7","	2026-07-23 19:08:39"
"	69BA0CDE","	Chamber1","	1","	B01??(%RH)","	75.9","	2026-07-23 19:08:37"
"	69BA0CDE","	Chamber1","	1","	B01??(?)","	21.7","	2026-07-23 19:08:37"
"	69BA0CDE","	Chamber1","	1","	B01??(%RH)","	75.9","	2026-07-23 19:08:35"
"	69BA0CDE","	Chamber1","	1","	B01??(?)","	21.7","	2026-07-23 19:08:35"
"	69BA0CDE","	Chamber1","	1","	B01??(%RH)","	76.3","	2026-07-23 19:08:33"
"	69BA0CDE","	Chamber1","	1","	B01??(?)","	21.7","	2026-07-23 19:08:33"
"	69BA0CDE","	Chamber1","	1","	B01??(%RH)","	76.8","	2026-07-23 19:08:31"
"	69BA0CDE","	Chamber1","	1","	B01??(?)","	21.7","	2026-07-23 19:08:31"
"	69BA0CDE","	Chamber1","	1","	B01??(%RH)","	77.3","	2026-07-23 19:08:29"
"	69BA0CDE","	Chamber1","	1","	B01??(?)","	21.7","	2026-07-23 19:08:29"
"	69BA0CDE","	Chamber1","	1","	B01??(%RH)","	77.7","	2026-07-23 19:08:27"
"	69BA0CDE","	Chamber1","	1","	B01??(?)","	21.7","	2026-07-23 19:08:27"
"	69BA0CDE","	Chamber1","	1","	B01??(%RH)","	78","	2026-07-23 19:08:25"
"	69BA0CDE","	Chamber1","	1","	B01??(?)","	21.7","	2026-07-23 19:08:25"
"	69BA0CDE","	Chamber1","	1","	B01??(%RH)","	78.2","	2026-07-23 19:08:23"
"	69BA0CDE","	Chamber1","	1","	B01??(?)","	21.7","	2026-07-23 19:08:23"
"	69BA0CDE","	Chamber1","	1","	B01??(?)","	21.7","	2026-07-23 19:08:21"
"	69BA0CDE","	Chamber1","	1","	B01??(%RH)","	78.5","	2026-07-23 19:08:21"
"	69BA0CDE","	Chamber1","	1","	B01??(%RH)","	78.7","	2026-07-23 19:08:19"
"	69BA0CDE","	Chamber1","	1","	B01??(?)","	21.7","	2026-07-23 19:08:19"
"	69BA0CDE","	Chamber1","	1","	B01??(%RH)","	78.7","	2026-07-23 19:08:17"
"	69BA0CDE","	Chamber1","	1","	B01??(?)","	21.7","	2026-07-23 19:08:17"
"	69BA0CDE","	Chamber1","	1","	B01??(%RH)","	78.5","	2026-07-23 19:08:15"
"	69BA0CDE","	Chamber1","	1","	B01??(?)","	21.7","	2026-07-23 19:08:15"
"	69BA0CDE","	Chamber1","	1","	B01??(%RH)","	78.3","	2026-07-23 19:08:13"
"	69BA0CDE","	Chamber1","	1","	B01??(?)","	21.7","	2026-07-23 19:08:13"
"	69BA0CDE","	Chamber1","	1","	B01??(%RH)","	78.3","	2026-07-23 19:08:11"
"	69BA0CDE","	Chamber1","	1","	B01??(?)","	21.7","	2026-07-23 19:08:11"
"	69BA0CDE","	Chamber1","	1","	B01??(%RH)","	78.1","	2026-07-23 19:08:09"
"	69BA0CDE","	Chamber1","	1","	B01??(?)","	21.8","	2026-07-23 19:08:09"
"	69BA0CDE","	Chamber1","	1","	B01??(%RH)","	77.9","	2026-07-23 19:08:07"
"	69BA0CDE","	Chamber1","	1","	B01??(?)","	21.7","	2026-07-23 19:08:07"
"	69BA0CDE","	Chamber1","	1","	B01??(%RH)","	77.7","	2026-07-23 19:08:05"
"	69BA0CDE","	Chamber1","	1","	B01??(?)","	21.7","	2026-07-23 19:08:05"
"	69BA0CDE","	Chamber1","	1","	B01??(%RH)","	77.6","	2026-07-23 19:08:03"
"	69BA0CDE","	Chamber1","	1","	B01??(?)","	21.7","	2026-07-23 19:08:03"
"	69BA0CDE","	Chamber1","	1","	B01??(%RH)","	77.5","	2026-07-23 19:08:00"
"	69BA0CDE","	Chamber1","	1","	B01??(?)","	21.7","	2026-07-23 19:08:00"
"	69BA0CDE","	Chamber1","	1","	B01??(%RH)","	77.5","	2026-07-23 19:07:58"
"	69BA0CDE","	Chamber1","	1","	B01??(?)","	21.7","	2026-07-23 19:07:58"
"	69BA0CDE","	Chamber1","	1","	B01??(%RH)","	77","	2026-07-23 19:07:56"
"	69BA0CDE","	Chamber1","	1","	B01??(?)","	21.7","	2026-07-23 19:07:56"
"	69BA0CDE","	Chamber1","	1","	B01??(%RH)","	76.6","	2026-07-23 19:07:54"
"	69BA0CDE","	Chamber1","	1","	B01??(?)","	21.7","	2026-07-23 19:07:54"
"	69BA0CDE","	Chamber1","	1","	B01??(%RH)","	76.4","	2026-07-23 19:07:52"
"	69BA0CDE","	Chamber1","	1","	B01??(?)","	21.7","	2026-07-23 19:07:52"
"	69BA0CDE","	Chamber1","	1","	B01??(%RH)","	76.4","	2026-07-23 19:07:50"
"	69BA0CDE","	Chamber1","	1","	B01??(?)","	21.7","	2026-07-23 19:07:50"
"	69BA0CDE","	Chamber1","	1","	B01??(%RH)","	76.4","	2026-07-23 19:07:48"
"	69BA0CDE","	Chamber1","	1","	B01??(?)","	21.7","	2026-07-23 19:07:48"
"	69BA0CDE","	Chamber1","	1","	B01??(%RH)","	76.2","	2026-07-23 19:07:46"
"	69BA0CDE","	Chamber1","	1","	B01??(?)","	21.7","	2026-07-23 19:07:46"
"	69BA0CDE","	Chamber1","	1","	B01??(%RH)","	75.9","	2026-07-23 19:07:44"
"	69BA0CDE","	Chamber1","	1","	B01??(?)","	21.7","	2026-07-23 19:07:44"
"	69BA0CDE","	Chamber1","	1","	B01??(%RH)","	75.8","	2026-07-23 19:07:42"
"	69BA0CDE","	Chamber1","	1","	B01??(?)","	21.7","	2026-07-23 19:07:42"
"	69BA0CDE","	Chamber1","	1","	B01??(%RH)","	75.7","	2026-07-23 19:07:40"
"	69BA0CDE","	Chamber1","	1","	B01??(?)","	21.7","	2026-07-23 19:07:40"
"	69BA0CDE","	Chamber1","	1","	B01??(%RH)","	75.6","	2026-07-23 19:07:38"
"	69BA0CDE","	Chamber1","	1","	B01??(?)","	21.7","	2026-07-23 19:07:38"
"	69BA0CDE","	Chamber1","	1","	B01??(%RH)","	75.5","	2026-07-23 19:07:36"
"	69BA0CDE","	Chamber1","	1","	B01??(?)","	21.7","	2026-07-23 19:07:36"
"	69BA0CDE","	Chamber1","	1","	B01??(%RH)","	75.3","	2026-07-23 19:07:34"
"	69BA0CDE","	Chamber1","	1","	B01??(?)","	21.7","	2026-07-23 19:07:34"
"	69BA0CDE","	Chamber1","	1","	B01??(%RH)","	74.8","	2026-07-23 19:07:32"
"	69BA0CDE","	Chamber1","	1","	B01??(?)","	21.7","	2026-07-23 19:07:32"
"	69BA0CDE","	Chamber1","	1","	B01??(%RH)","	74.4","	2026-07-23 19:07:30"
"	69BA0CDE","	Chamber1","	1","	B01??(?)","	21.7","	2026-07-23 19:07:30"
"	69BA0CDE","	Chamber1","	1","	B01??(%RH)","	74.4","	2026-07-23 19:07:28"
"	69BA0CDE","	Chamber1","	1","	B01??(?)","	21.7","	2026-07-23 19:07:28"
"	69BA0CDE","	Chamber1","	1","	B01??(%RH)","	74.5","	2026-07-23 19:07:26"
"	69BA0CDE","	Chamber1","	1","	B01??(?)","	21.7","	2026-07-23 19:07:26"
"	69BA0CDE","	Chamber1","	1","	B01??(%RH)","	74.5","	2026-07-23 19:07:24"
"	69BA0CDE","	Chamber1","	1","	B01??(?)","	21.7","	2026-07-23 19:07:24"
"	69BA0CDE","	Chamber1","	1","	B01??(%RH)","	74.4","	2026-07-23 19:07:22"
"	69BA0CDE","	Chamber1","	1","	B01??(?)","	21.7","	2026-07-23 19:07:22"
"	69BA0CDE","	Chamber1","	1","	B01??(%RH)","	74.2","	2026-07-23 19:07:20"
"	69BA0CDE","	Chamber1","	1","	B01??(?)","	21.7","	2026-07-23 19:07:20"
"	69BA0CDE","	Chamber1","	1","	B01??(%RH)","	74.1","	2026-07-23 19:07:17"
"	69BA0CDE","	Chamber1","	1","	B01??(?)","	21.7","	2026-07-23 19:07:17"
"	69BA0CDE","	Chamber1","	1","	B01??(%RH)","	74","	2026-07-23 19:07:15"
"	69BA0CDE","	Chamber1","	1","	B01??(?)","	21.7","	2026-07-23 19:07:15"
"	69BA0CDE","	Chamber1","	1","	B01??(%RH)","	74.2","	2026-07-23 19:07:13"
"	69BA0CDE","	Chamber1","	1","	B01??(?)","	21.7","	2026-07-23 19:07:13"
"	69BA0CDE","	Chamber1","	1","	B01??(%RH)","	74.7","	2026-07-23 19:07:11"
"	69BA0CDE","	Chamber1","	1","	B01??(?)","	21.7","	2026-07-23 19:07:11"
"	69BA0CDE","	Chamber1","	1","	B01??(%RH)","	75.2","	2026-07-23 19:07:09"
"	69BA0CDE","	Chamber1","	1","	B01??(?)","	21.7","	2026-07-23 19:07:09"
"	69BA0CDE","	Chamber1","	1","	B01??(%RH)","	75.8","	2026-07-23 19:07:07"
"	69BA0CDE","	Chamber1","	1","	B01??(?)","	21.8","	2026-07-23 19:07:07"
"	69BA0CDE","	Chamber1","	1","	B01??(%RH)","	76","	2026-07-23 19:07:05"
"	69BA0CDE","	Chamber1","	1","	B01??(?)","	21.7","	2026-07-23 19:07:05"
"	69BA0CDE","	Chamber1","	1","	B01??(%RH)","	76","	2026-07-23 19:07:03"
"	69BA0CDE","	Chamber1","	1","	B01??(?)","	21.7","	2026-07-23 19:07:03"
"	69BA0CDE","	Chamber1","	1","	B01??(%RH)","	76.2","	2026-07-23 19:07:01"
"	69BA0CDE","	Chamber1","	1","	B01??(?)","	21.7","	2026-07-23 19:07:01"
"	69BA0CDE","	Chamber1","	1","	B01??(%RH)","	76.3","	2026-07-23 19:06:59"
"	69BA0CDE","	Chamber1","	1","	B01??(?)","	21.7","	2026-07-23 19:06:59"
"	69BA0CDE","	Chamber1","	1","	B01??(%RH)","	76.3","	2026-07-23 19:06:57"
"	69BA0CDE","	Chamber1","	1","	B01??(?)","	21.7","	2026-07-23 19:06:57"
"	69BA0CDE","	Chamber1","	1","	B01??(%RH)","	76.4","	2026-07-23 19:06:55"
"	69BA0CDE","	Chamber1","	1","	B01??(?)","	21.7","	2026-07-23 19:06:55"
"	69BA0CDE","	Chamber1","	1","	B01??(%RH)","	76.1","	2026-07-23 19:06:53"
"	69BA0CDE","	Chamber1","	1","	B01??(?)","	21.8","	2026-07-23 19:06:53"
"	69BA0CDE","	Chamber1","	1","	B01??(%RH)","	76.1","	2026-07-23 19:06:51"
"	69BA0CDE","	Chamber1","	1","	B01??(?)","	21.7","	2026-07-23 19:06:51"
"	69BA0CDE","	Chamber1","	1","	B01??(%RH)","	75.8","	2026-07-23 19:06:49"
"	69BA0CDE","	Chamber1","	1","	B01??(?)","	21.7","	2026-07-23 19:06:49"
"	69BA0CDE","	Chamber1","	1","	B01??(%RH)","	75.5","	2026-07-23 19:06:47"
"	69BA0CDE","	Chamber1","	1","	B01??(?)","	21.7","	2026-07-23 19:06:47"
"	69BA0CDE","	Chamber1","	1","	B01??(%RH)","	75.2","	2026-07-23 19:06:45"
"	69BA0CDE","	Chamber1","	1","	B01??(?)","	21.7","	2026-07-23 19:06:45"
"	69BA0CDE","	Chamber1","	1","	B01??(%RH)","	74.7","	2026-07-23 19:06:43"
"	69BA0CDE","	Chamber1","	1","	B01??(?)","	21.7","	2026-07-23 19:06:43"
"	69BA0CDE","	Chamber1","	1","	B01??(%RH)","	74.3","	2026-07-23 19:06:41"
"	69BA0CDE","	Chamber1","	1","	B01??(?)","	21.7","	2026-07-23 19:06:41"
"	69BA0CDE","	Chamber1","	1","	B01??(%RH)","	74.1","	2026-07-23 19:06:39"
"	69BA0CDE","	Chamber1","	1","	B01??(?)","	21.7","	2026-07-23 19:06:39"
"	69BA0CDE","	Chamber1","	1","	B01??(%RH)","	74.1","	2026-07-23 19:06:37"
"	69BA0CDE","	Chamber1","	1","	B01??(?)","	21.8","	2026-07-23 19:06:37"
"	69BA0CDE","	Chamber1","	1","	B01??(%RH)","	74.1","	2026-07-23 19:06:34"
"	69BA0CDE","	Chamber1","	1","	B01??(?)","	21.7","	2026-07-23 19:06:34"
"	69BA0CDE","	Chamber1","	1","	B01??(%RH)","	74.1","	2026-07-23 19:06:32"
"	69BA0CDE","	Chamber1","	1","	B01??(?)","	21.7","	2026-07-23 19:06:32"
"	69BA0CDE","	Chamber1","	1","	B01??(%RH)","	74.3","	2026-07-23 19:06:30"
"	69BA0CDE","	Chamber1","	1","	B01??(?)","	21.7","	2026-07-23 19:06:30"
"	69BA0CDE","	Chamber1","	1","	B01??(%RH)","	74.7","	2026-07-23 19:06:28"
"	69BA0CDE","	Chamber1","	1","	B01??(?)","	21.7","	2026-07-23 19:06:28"
"	69BA0CDE","	Chamber1","	1","	B01??(%RH)","	75","	2026-07-23 19:06:26"
"	69BA0CDE","	Chamber1","	1","	B01??(?)","	21.7","	2026-07-23 19:06:26"
"	69BA0CDE","	Chamber1","	1","	B01??(%RH)","	75.3","	2026-07-23 19:06:24"
"	69BA0CDE","	Chamber1","	1","	B01??(?)","	21.7","	2026-07-23 19:06:24"
"	69BA0CDE","	Chamber1","	1","	B01??(%RH)","	75.5","	2026-07-23 19:06:22"
"	69BA0CDE","	Chamber1","	1","	B01??(?)","	21.7","	2026-07-23 19:06:22"
"	69BA0CDE","	Chamber1","	1","	B01??(%RH)","	75.6","	2026-07-23 19:06:20"
"	69BA0CDE","	Chamber1","	1","	B01??(?)","	21.8","	2026-07-23 19:06:20"
"	69BA0CDE","	Chamber1","	1","	B01??(%RH)","	75.7","	2026-07-23 19:06:18"
"	69BA0CDE","	Chamber1","	1","	B01??(?)","	21.8","	2026-07-23 19:06:18"
"	69BA0CDE","	Chamber1","	1","	B01??(%RH)","	75.6","	2026-07-23 19:06:16"
"	69BA0CDE","	Chamber1","	1","	B01??(?)","	21.7","	2026-07-23 19:06:16"
"	69BA0CDE","	Chamber1","	1","	B01??(%RH)","	75.3","	2026-07-23 19:06:14"
"	69BA0CDE","	Chamber1","	1","	B01??(?)","	21.7","	2026-07-23 19:06:14"
"	69BA0CDE","	Chamber1","	1","	B01??(%RH)","	75","	2026-07-23 19:06:12"
"	69BA0CDE","	Chamber1","	1","	B01??(?)","	21.7","	2026-07-23 19:06:12"
"	69BA0CDE","	Chamber1","	1","	B01??(%RH)","	74.9","	2026-07-23 19:06:10"
"	69BA0CDE","	Chamber1","	1","	B01??(?)","	21.7","	2026-07-23 19:06:10"
"	69BA0CDE","	Chamber1","	1","	B01??(%RH)","	75.1","	2026-07-23 19:06:08"
"	69BA0CDE","	Chamber1","	1","	B01??(?)","	21.8","	2026-07-23 19:06:08"
"	69BA0CDE","	Chamber1","	1","	B01??(%RH)","	75.3","	2026-07-23 19:06:06"
"	69BA0CDE","	Chamber1","	1","	B01??(?)","	21.8","	2026-07-23 19:06:06"
"	69BA0CDE","	Chamber1","	1","	B01??(%RH)","	75.5","	2026-07-23 19:06:04"
"	69BA0CDE","	Chamber1","	1","	B01??(?)","	21.8","	2026-07-23 19:06:04"
"	69BA0CDE","	Chamber1","	1","	B01??(%RH)","	75.4","	2026-07-23 19:06:02"
"	69BA0CDE","	Chamber1","	1","	B01??(?)","	21.8","	2026-07-23 19:06:02"
"	69BA0CDE","	Chamber1","	1","	B01??(%RH)","	75.3","	2026-07-23 19:06:00"
"	69BA0CDE","	Chamber1","	1","	B01??(?)","	21.8","	2026-07-23 19:06:00"
"	69BA0CDE","	Chamber1","	1","	B01??(%RH)","	75.1","	2026-07-23 19:05:58"
"	69BA0CDE","	Chamber1","	1","	B01??(?)","	21.8","	2026-07-23 19:05:58"
"	69BA0CDE","	Chamber1","	1","	B01??(%RH)","	75.1","	2026-07-23 19:05:56"
"	69BA0CDE","	Chamber1","	1","	B01??(?)","	21.7","	2026-07-23 19:05:56"
"	69BA0CDE","	Chamber1","	1","	B01??(%RH)","	75.3","	2026-07-23 19:05:54"
"	69BA0CDE","	Chamber1","	1","	B01??(?)","	21.8","	2026-07-23 19:05:54"
"	69BA0CDE","	Chamber1","	1","	B01??(%RH)","	75.6","	2026-07-23 19:05:51"
"	69BA0CDE","	Chamber1","	1","	B01??(?)","	21.8","	2026-07-23 19:05:51"
"	69BA0CDE","	Chamber1","	1","	B01??(%RH)","	75.9","	2026-07-23 19:05:49"
"	69BA0CDE","	Chamber1","	1","	B01??(?)","	21.8","	2026-07-23 19:05:49"
"	69BA0CDE","	Chamber1","	1","	B01??(%RH)","	76.1","	2026-07-23 19:05:47"
"	69BA0CDE","	Chamber1","	1","	B01??(?)","	21.8","	2026-07-23 19:05:47"
"	69BA0CDE","	Chamber1","	1","	B01??(%RH)","	76.2","	2026-07-23 19:05:45"
"	69BA0CDE","	Chamber1","	1","	B01??(?)","	21.7","	2026-07-23 19:05:45"
"	69BA0CDE","	Chamber1","	1","	B01??(%RH)","	75.8","	2026-07-23 19:05:43"
"	69BA0CDE","	Chamber1","	1","	B01??(?)","	21.8","	2026-07-23 19:05:43"
"	69BA0CDE","	Chamber1","	1","	B01??(%RH)","	75.4","	2026-07-23 19:05:41"
"	69BA0CDE","	Chamber1","	1","	B01??(?)","	21.8","	2026-07-23 19:05:41"
"	69BA0CDE","	Chamber1","	1","	B01??(%RH)","	75.1","	2026-07-23 19:05:39"
"	69BA0CDE","	Chamber1","	1","	B01??(?)","	21.8","	2026-07-23 19:05:39"
"	69BA0CDE","	Chamber1","	1","	B01??(%RH)","	74.9","	2026-07-23 19:05:37"
"	69BA0CDE","	Chamber1","	1","	B01??(?)","	21.8","	2026-07-23 19:05:37"
"	69BA0CDE","	Chamber1","	1","	B01??(%RH)","	74.9","	2026-07-23 19:05:35"
"	69BA0CDE","	Chamber1","	1","	B01??(?)","	21.8","	2026-07-23 19:05:35"
"	69BA0CDE","	Chamber1","	1","	B01??(%RH)","	74.9","	2026-07-23 19:05:33"
"	69BA0CDE","	Chamber1","	1","	B01??(?)","	21.8","	2026-07-23 19:05:33"
"	69BA0CDE","	Chamber1","	1","	B01??(%RH)","	74.7","	2026-07-23 19:05:31"
"	69BA0CDE","	Chamber1","	1","	B01??(?)","	21.8","	2026-07-23 19:05:31"
"	69BA0CDE","	Chamber1","	1","	B01??(%RH)","	74.6","	2026-07-23 19:05:29"
"	69BA0CDE","	Chamber1","	1","	B01??(?)","	21.8","	2026-07-23 19:05:29"
"	69BA0CDE","	Chamber1","	1","	B01??(%RH)","	74.4","	2026-07-23 19:05:27"
"	69BA0CDE","	Chamber1","	1","	B01??(?)","	21.8","	2026-07-23 19:05:27"
"	69BA0CDE","	Chamber1","	1","	B01??(%RH)","	74.2","	2026-07-23 19:05:25"
"	69BA0CDE","	Chamber1","	1","	B01??(?)","	21.8","	2026-07-23 19:05:25"
"	69BA0CDE","	Chamber1","	1","	B01??(%RH)","	74.1","	2026-07-23 19:05:23"
"	69BA0CDE","	Chamber1","	1","	B01??(?)","	21.8","	2026-07-23 19:05:23"
"	69BA0CDE","	Chamber1","	1","	B01??(%RH)","	74","	2026-07-23 19:05:21"
"	69BA0CDE","	Chamber1","	1","	B01??(?)","	21.8","	2026-07-23 19:05:21"
"	69BA0CDE","	Chamber1","	1","	B01??(%RH)","	74","	2026-07-23 19:05:19"
"	69BA0CDE","	Chamber1","	1","	B01??(?)","	21.8","	2026-07-23 19:05:19"
"	69BA0CDE","	Chamber1","	1","	B01??(%RH)","	74","	2026-07-23 19:05:17"
"	69BA0CDE","	Chamber1","	1","	B01??(?)","	21.8","	2026-07-23 19:05:17"
"	69BA0CDE","	Chamber1","	1","	B01??(%RH)","	73.9","	2026-07-23 19:05:15"
"	69BA0CDE","	Chamber1","	1","	B01??(?)","	21.8","	2026-07-23 19:05:15"
"	69BA0CDE","	Chamber1","	1","	B01??(%RH)","	74","	2026-07-23 19:05:13"
"	69BA0CDE","	Chamber1","	1","	B01??(?)","	21.8","	2026-07-23 19:05:13"
"	69BA0CDE","	Chamber1","	1","	B01??(%RH)","	74.1","	2026-07-23 19:05:11"
"	69BA0CDE","	Chamber1","	1","	B01??(?)","	21.8","	2026-07-23 19:05:11"
"	69BA0CDE","	Chamber1","	1","	B01??(%RH)","	74.3","	2026-07-23 19:05:08"
"	69BA0CDE","	Chamber1","	1","	B01??(?)","	21.8","	2026-07-23 19:05:08"
"	69BA0CDE","	Chamber1","	1","	B01??(%RH)","	74.5","	2026-07-23 19:05:06"
"	69BA0CDE","	Chamber1","	1","	B01??(?)","	21.8","	2026-07-23 19:05:06"
"	69BA0CDE","	Chamber1","	1","	B01??(%RH)","	74.7","	2026-07-23 19:05:04"
"	69BA0CDE","	Chamber1","	1","	B01??(?)","	21.8","	2026-07-23 19:05:04"
"	69BA0CDE","	Chamber1","	1","	B01??(%RH)","	75","	2026-07-23 19:05:02"
"	69BA0CDE","	Chamber1","	1","	B01??(?)","	21.8","	2026-07-23 19:05:02"
"	69BA0CDE","	Chamber1","	1","	B01??(%RH)","	75.3","	2026-07-23 19:05:00"
"	69BA0CDE","	Chamber1","	1","	B01??(?)","	21.8","	2026-07-23 19:05:00"
"	69BA0CDE","	Chamber1","	1","	B01??(%RH)","	75.4","	2026-07-23 19:04:58"
"	69BA0CDE","	Chamber1","	1","	B01??(?)","	21.8","	2026-07-23 19:04:58"
"	69BA0CDE","	Chamber1","	1","	B01??(%RH)","	75.3","	2026-07-23 19:04:56"
"	69BA0CDE","	Chamber1","	1","	B01??(?)","	21.8","	2026-07-23 19:04:56"
"	69BA0CDE","	Chamber1","	1","	B01??(%RH)","	74.9","	2026-07-23 19:04:54"
"	69BA0CDE","	Chamber1","	1","	B01??(?)","	21.8","	2026-07-23 19:04:54"
"	69BA0CDE","	Chamber1","	1","	B01??(%RH)","	74.8","	2026-07-23 19:04:52"
"	69BA0CDE","	Chamber1","	1","	B01??(?)","	21.8","	2026-07-23 19:04:52"
"	69BA0CDE","	Chamber1","	1","	B01??(%RH)","	74.8","	2026-07-23 19:04:50"
"	69BA0CDE","	Chamber1","	1","	B01??(?)","	21.8","	2026-07-23 19:04:50"
"	69BA0CDE","	Chamber1","	1","	B01??(%RH)","	74.7","	2026-07-23 19:04:48"
"	69BA0CDE","	Chamber1","	1","	B01??(?)","	21.8","	2026-07-23 19:04:48"
"	69BA0CDE","	Chamber1","	1","	B01??(%RH)","	74.8","	2026-07-23 19:04:46"
"	69BA0CDE","	Chamber1","	1","	B01??(?)","	21.8","	2026-07-23 19:04:46"
"	69BA0CDE","	Chamber1","	1","	B01??(%RH)","	74.8","	2026-07-23 19:04:44"
"	69BA0CDE","	Chamber1","	1","	B01??(?)","	21.8","	2026-07-23 19:04:44"
"	69BA0CDE","	Chamber1","	1","	B01??(%RH)","	74.8","	2026-07-23 19:04:42"
"	69BA0CDE","	Chamber1","	1","	B01??(?)","	21.8","	2026-07-23 19:04:42"
"	69BA0CDE","	Chamber1","	1","	B01??(%RH)","	74.5","	2026-07-23 19:04:40"
"	69BA0CDE","	Chamber1","	1","	B01??(?)","	21.8","	2026-07-23 19:04:40"
"	69BA0CDE","	Chamber1","	1","	B01??(%RH)","	74.3","	2026-07-23 19:04:38"
"	69BA0CDE","	Chamber1","	1","	B01??(?)","	21.8","	2026-07-23 19:04:38"
"	69BA0CDE","	Chamber1","	1","	B01??(%RH)","	74","	2026-07-23 19:04:36"
"	69BA0CDE","	Chamber1","	1","	B01??(?)","	21.8","	2026-07-23 19:04:36"
"	69BA0CDE","	Chamber1","	1","	B01??(%RH)","	74.2","	2026-07-23 19:04:34"
"	69BA0CDE","	Chamber1","	1","	B01??(?)","	21.8","	2026-07-23 19:04:34"
"	69BA0CDE","	Chamber1","	1","	B01??(%RH)","	74.2","	2026-07-23 19:04:32"
"	69BA0CDE","	Chamber1","	1","	B01??(?)","	21.8","	2026-07-23 19:04:32"
"	69BA0CDE","	Chamber1","	1","	B01??(%RH)","	74.2","	2026-07-23 19:04:30"
"	69BA0CDE","	Chamber1","	1","	B01??(?)","	21.8","	2026-07-23 19:04:30"
"	69BA0CDE","	Chamber1","	1","	B01??(%RH)","	74.5","	2026-07-23 19:04:28"
"	69BA0CDE","	Chamber1","	1","	B01??(?)","	21.8","	2026-07-23 19:04:28"
"	69BA0CDE","	Chamber1","	1","	B01??(%RH)","	74.8","	2026-07-23 19:04:26"
"	69BA0CDE","	Chamber1","	1","	B01??(?)","	21.8","	2026-07-23 19:04:26"
"	69BA0CDE","	Chamber1","	1","	B01??(%RH)","	74.8","	2026-07-23 19:04:23"
"	69BA0CDE","	Chamber1","	1","	B01??(?)","	21.8","	2026-07-23 19:04:23"
"	69BA0CDE","	Chamber1","	1","	B01??(%RH)","	74.7","	2026-07-23 19:04:21"
"	69BA0CDE","	Chamber1","	1","	B01??(?)","	21.8","	2026-07-23 19:04:21"
"	69BA0CDE","	Chamber1","	1","	B01??(%RH)","	74.5","	2026-07-23 19:04:19"
"	69BA0CDE","	Chamber1","	1","	B01??(?)","	21.8","	2026-07-23 19:04:19"
"	69BA0CDE","	Chamber1","	1","	B01??(%RH)","	74.5","	2026-07-23 19:04:17"
"	69BA0CDE","	Chamber1","	1","	B01??(?)","	21.8","	2026-07-23 19:04:17"
"	69BA0CDE","	Chamber1","	1","	B01??(%RH)","	74.6","	2026-07-23 19:04:15"
"	69BA0CDE","	Chamber1","	1","	B01??(?)","	21.8","	2026-07-23 19:04:15"
"	69BA0CDE","	Chamber1","	1","	B01??(%RH)","	74.3","	2026-07-23 19:04:13"
"	69BA0CDE","	Chamber1","	1","	B01??(?)","	21.8","	2026-07-23 19:04:13"
"	69BA0CDE","	Chamber1","	1","	B01??(%RH)","	74.2","	2026-07-23 19:04:11"
"	69BA0CDE","	Chamber1","	1","	B01??(?)","	21.8","	2026-07-23 19:04:11"
"	69BA0CDE","	Chamber1","	1","	B01??(%RH)","	74.2","	2026-07-23 19:04:09"
"	69BA0CDE","	Chamber1","	1","	B01??(?)","	21.8","	2026-07-23 19:04:09"
"	69BA0CDE","	Chamber1","	1","	B01??(%RH)","	74.3","	2026-07-23 19:04:07"
"	69BA0CDE","	Chamber1","	1","	B01??(?)","	21.8","	2026-07-23 19:04:07"
"	69BA0CDE","	Chamber1","	1","	B01??(%RH)","	74.5","	2026-07-23 19:04:05"
"	69BA0CDE","	Chamber1","	1","	B01??(?)","	21.8","	2026-07-23 19:04:05"
"	69BA0CDE","	Chamber1","	1","	B01??(%RH)","	74.5","	2026-07-23 19:04:03"
"	69BA0CDE","	Chamber1","	1","	B01??(?)","	21.8","	2026-07-23 19:04:03"
"	69BA0CDE","	Chamber1","	1","	B01??(%RH)","	74.5","	2026-07-23 19:04:01"
"	69BA0CDE","	Chamber1","	1","	B01??(?)","	21.8","	2026-07-23 19:04:01"
"	69BA0CDE","	Chamber1","	1","	B01??(%RH)","	74.6","	2026-07-23 19:03:59"
"	69BA0CDE","	Chamber1","	1","	B01??(?)","	21.8","	2026-07-23 19:03:59"
"	69BA0CDE","	Chamber1","	1","	B01??(%RH)","	74.7","	2026-07-23 19:03:57"
"	69BA0CDE","	Chamber1","	1","	B01??(?)","	21.8","	2026-07-23 19:03:57"
"	69BA0CDE","	Chamber1","	1","	B01??(%RH)","	74.7","	2026-07-23 19:03:55"
"	69BA0CDE","	Chamber1","	1","	B01??(?)","	21.8","	2026-07-23 19:03:55"
"	69BA0CDE","	Chamber1","	1","	B01??(%RH)","	74.5","	2026-07-23 19:03:53"
"	69BA0CDE","	Chamber1","	1","	B01??(?)","	21.8","	2026-07-23 19:03:53"
"	69BA0CDE","	Chamber1","	1","	B01??(%RH)","	74.6","	2026-07-23 19:03:51"
"	69BA0CDE","	Chamber1","	1","	B01??(?)","	21.8","	2026-07-23 19:03:51"
"	69BA0CDE","	Chamber1","	1","	B01??(%RH)","	74.5","	2026-07-23 19:03:49"
"	69BA0CDE","	Chamber1","	1","	B01??(?)","	21.8","	2026-07-23 19:03:49"
"	69BA0CDE","	Chamber1","	1","	B01??(%RH)","	74.4","	2026-07-23 19:03:47"
"	69BA0CDE","	Chamber1","	1","	B01??(?)","	21.8","	2026-07-23 19:03:47"
"	69BA0CDE","	Chamber1","	1","	B01??(%RH)","	74.5","	2026-07-23 19:03:45"
"	69BA0CDE","	Chamber1","	1","	B01??(?)","	21.8","	2026-07-23 19:03:45"
"	69BA0CDE","	Chamber1","	1","	B01??(%RH)","	74.5","	2026-07-23 19:03:43"
"	69BA0CDE","	Chamber1","	1","	B01??(?)","	21.8","	2026-07-23 19:03:43"
"	69BA0CDE","	Chamber1","	1","	B01??(%RH)","	74.5","	2026-07-23 19:03:41"
"	69BA0CDE","	Chamber1","	1","	B01??(?)","	21.8","	2026-07-23 19:03:41"
"	69BA0CDE","	Chamber1","	1","	B01??(%RH)","	74.2","	2026-07-23 19:03:38"
"	69BA0CDE","	Chamber1","	1","	B01??(?)","	21.8","	2026-07-23 19:03:38"
"	69BA0CDE","	Chamber1","	1","	B01??(%RH)","	73.8","	2026-07-23 19:03:36"
"	69BA0CDE","	Chamber1","	1","	B01??(?)","	21.8","	2026-07-23 19:03:36"
"	69BA0CDE","	Chamber1","	1","	B01??(%RH)","	73.4","	2026-07-23 19:03:34"
"	69BA0CDE","	Chamber1","	1","	B01??(?)","	21.8","	2026-07-23 19:03:34"
"	69BA0CDE","	Chamber1","	1","	B01??(%RH)","	73.1","	2026-07-23 19:03:32"
"	69BA0CDE","	Chamber1","	1","	B01??(?)","	21.8","	2026-07-23 19:03:32"
"	69BA0CDE","	Chamber1","	1","	B01??(%RH)","	73","	2026-07-23 19:03:30"
"	69BA0CDE","	Chamber1","	1","	B01??(?)","	21.8","	2026-07-23 19:03:30"
"	69BA0CDE","	Chamber1","	1","	B01??(%RH)","	73","	2026-07-23 19:03:28"
"	69BA0CDE","	Chamber1","	1","	B01??(?)","	21.8","	2026-07-23 19:03:28"
"	69BA0CDE","	Chamber1","	1","	B01??(%RH)","	73.1","	2026-07-23 19:03:26"
"	69BA0CDE","	Chamber1","	1","	B01??(?)","	21.8","	2026-07-23 19:03:26"
"	69BA0CDE","	Chamber1","	1","	B01??(%RH)","	73","	2026-07-23 19:03:24"
"	69BA0CDE","	Chamber1","	1","	B01??(?)","	21.8","	2026-07-23 19:03:24"
"	69BA0CDE","	Chamber1","	1","	B01??(%RH)","	73","	2026-07-23 19:03:22"
"	69BA0CDE","	Chamber1","	1","	B01??(?)","	21.8","	2026-07-23 19:03:22"
"	69BA0CDE","	Chamber1","	1","	B01??(%RH)","	73.1","	2026-07-23 19:03:20"
"	69BA0CDE","	Chamber1","	1","	B01??(?)","	21.8","	2026-07-23 19:03:20"
"	69BA0CDE","	Chamber1","	1","	B01??(%RH)","	73.4","	2026-07-23 19:03:18"
"	69BA0CDE","	Chamber1","	1","	B01??(?)","	21.8","	2026-07-23 19:03:18"
"	69BA0CDE","	Chamber1","	1","	B01??(%RH)","	73.7","	2026-07-23 19:03:16"
"	69BA0CDE","	Chamber1","	1","	B01??(?)","	21.8","	2026-07-23 19:03:16"
"	69BA0CDE","	Chamber1","	1","	B01??(%RH)","	73.8","	2026-07-23 19:03:14"
"	69BA0CDE","	Chamber1","	1","	B01??(?)","	21.8","	2026-07-23 19:03:14"
"	69BA0CDE","	Chamber1","	1","	B01??(%RH)","	73.8","	2026-07-23 19:03:12"
"	69BA0CDE","	Chamber1","	1","	B01??(?)","	21.8","	2026-07-23 19:03:12"
"	69BA0CDE","	Chamber1","	1","	B01??(%RH)","	73.7","	2026-07-23 19:03:10"
"	69BA0CDE","	Chamber1","	1","	B01??(?)","	21.8","	2026-07-23 19:03:10"
"	69BA0CDE","	Chamber1","	1","	B01??(%RH)","	73.6","	2026-07-23 19:03:08"
"	69BA0CDE","	Chamber1","	1","	B01??(?)","	21.8","	2026-07-23 19:03:08"
"	69BA0CDE","	Chamber1","	1","	B01??(%RH)","	73.6","	2026-07-23 19:03:06"
"	69BA0CDE","	Chamber1","	1","	B01??(?)","	21.9","	2026-07-23 19:03:06"
"	69BA0CDE","	Chamber1","	1","	B01??(%RH)","	73.7","	2026-07-23 19:03:04"
"	69BA0CDE","	Chamber1","	1","	B01??(?)","	21.8","	2026-07-23 19:03:04"
"	69BA0CDE","	Chamber1","	1","	B01??(%RH)","	73.8","	2026-07-23 19:03:02"
"	69BA0CDE","	Chamber1","	1","	B01??(?)","	21.8","	2026-07-23 19:03:02"
"	69BA0CDE","	Chamber1","	1","	B01??(%RH)","	73.9","	2026-07-23 19:03:00"
"	69BA0CDE","	Chamber1","	1","	B01??(?)","	21.8","	2026-07-23 19:03:00"
"	69BA0CDE","	Chamber1","	1","	B01??(%RH)","	74.2","	2026-07-23 19:02:58"
"	69BA0CDE","	Chamber1","	1","	B01??(?)","	21.8","	2026-07-23 19:02:58"
"	69BA0CDE","	Chamber1","	1","	B01??(%RH)","	74.5","	2026-07-23 19:02:55"
"	69BA0CDE","	Chamber1","	1","	B01??(?)","	21.8","	2026-07-23 19:02:55"
"	69BA0CDE","	Chamber1","	1","	B01??(%RH)","	74.8","	2026-07-23 19:02:53"
"	69BA0CDE","	Chamber1","	1","	B01??(?)","	21.8","	2026-07-23 19:02:53"
"	69BA0CDE","	Chamber1","	1","	B01??(%RH)","	75.1","	2026-07-23 19:02:51"
"	69BA0CDE","	Chamber1","	1","	B01??(?)","	21.9","	2026-07-23 19:02:51"
"	69BA0CDE","	Chamber1","	1","	B01??(%RH)","	75.2","	2026-07-23 19:02:49"
"	69BA0CDE","	Chamber1","	1","	B01??(?)","	21.8","	2026-07-23 19:02:49"
"	69BA0CDE","	Chamber1","	1","	B01??(%RH)","	75.1","	2026-07-23 19:02:47"
"	69BA0CDE","	Chamber1","	1","	B01??(?)","	21.9","	2026-07-23 19:02:47"
"	69BA0CDE","	Chamber1","	1","	B01??(%RH)","	74.9","	2026-07-23 19:02:45"
"	69BA0CDE","	Chamber1","	1","	B01??(?)","	21.8","	2026-07-23 19:02:45"
"	69BA0CDE","	Chamber1","	1","	B01??(%RH)","	74.3","	2026-07-23 19:02:43"
"	69BA0CDE","	Chamber1","	1","	B01??(?)","	21.9","	2026-07-23 19:02:43"
"	69BA0CDE","	Chamber1","	1","	B01??(%RH)","	73.9","	2026-07-23 19:02:41"
"	69BA0CDE","	Chamber1","	1","	B01??(?)","	21.8","	2026-07-23 19:02:41"
"	69BA0CDE","	Chamber1","	1","	B01??(%RH)","	73.7","	2026-07-23 19:02:39"
"	69BA0CDE","	Chamber1","	1","	B01??(?)","	21.8","	2026-07-23 19:02:39"
"	69BA0CDE","	Chamber1","	1","	B01??(%RH)","	73.9","	2026-07-23 19:02:37"
"	69BA0CDE","	Chamber1","	1","	B01??(?)","	21.8","	2026-07-23 19:02:37"
"	69BA0CDE","	Chamber1","	1","	B01??(%RH)","	74.1","	2026-07-23 19:02:35"
"	69BA0CDE","	Chamber1","	1","	B01??(?)","	21.9","	2026-07-23 19:02:35"
"	69BA0CDE","	Chamber1","	1","	B01??(%RH)","	74.6","	2026-07-23 19:02:33"
"	69BA0CDE","	Chamber1","	1","	B01??(?)","	21.8","	2026-07-23 19:02:33"
"	69BA0CDE","	Chamber1","	1","	B01??(%RH)","	74.8","	2026-07-23 19:02:31"
"	69BA0CDE","	Chamber1","	1","	B01??(?)","	21.8","	2026-07-23 19:02:31"
"	69BA0CDE","	Chamber1","	1","	B01??(%RH)","	74.8","	2026-07-23 19:02:29"
"	69BA0CDE","	Chamber1","	1","	B01??(?)","	21.8","	2026-07-23 19:02:29"
"	69BA0CDE","	Chamber1","	1","	B01??(%RH)","	74.8","	2026-07-23 19:02:27"
"	69BA0CDE","	Chamber1","	1","	B01??(?)","	21.9","	2026-07-23 19:02:27"
"	69BA0CDE","	Chamber1","	1","	B01??(%RH)","	74.9","	2026-07-23 19:02:25"
"	69BA0CDE","	Chamber1","	1","	B01??(?)","	21.8","	2026-07-23 19:02:25"
"	69BA0CDE","	Chamber1","	1","	B01??(%RH)","	74.9","	2026-07-23 19:02:23"
"	69BA0CDE","	Chamber1","	1","	B01??(?)","	21.9","	2026-07-23 19:02:23"
"	69BA0CDE","	Chamber1","	1","	B01??(%RH)","	74.6","	2026-07-23 19:02:21"
"	69BA0CDE","	Chamber1","	1","	B01??(?)","	21.9","	2026-07-23 19:02:21"
"	69BA0CDE","	Chamber1","	1","	B01??(%RH)","	74.7","	2026-07-23 19:02:19"
"	69BA0CDE","	Chamber1","	1","	B01??(?)","	21.8","	2026-07-23 19:02:19"
"	69BA0CDE","	Chamber1","	1","	B01??(%RH)","	74.9","	2026-07-23 19:02:17"
"	69BA0CDE","	Chamber1","	1","	B01??(?)","	21.8","	2026-07-23 19:02:17"
"	69BA0CDE","	Chamber1","	1","	B01??(%RH)","	75.2","	2026-07-23 19:02:15"
"	69BA0CDE","	Chamber1","	1","	B01??(?)","	21.9","	2026-07-23 19:02:15"
"	69BA0CDE","	Chamber1","	1","	B01??(%RH)","	75.4","	2026-07-23 19:02:12"
"	69BA0CDE","	Chamber1","	1","	B01??(?)","	21.8","	2026-07-23 19:02:12"
"	69BA0CDE","	Chamber1","	1","	B01??(%RH)","	75.5","	2026-07-23 19:02:10"
"	69BA0CDE","	Chamber1","	1","	B01??(?)","	21.9","	2026-07-23 19:02:10"
"	69BA0CDE","	Chamber1","	1","	B01??(%RH)","	75.7","	2026-07-23 19:02:08"
"	69BA0CDE","	Chamber1","	1","	B01??(?)","	21.9","	2026-07-23 19:02:08"
"	69BA0CDE","	Chamber1","	1","	B01??(%RH)","	76.1","	2026-07-23 19:02:06"
"	69BA0CDE","	Chamber1","	1","	B01??(?)","	21.9","	2026-07-23 19:02:06"
"	69BA0CDE","	Chamber1","	1","	B01??(%RH)","	76.4","	2026-07-23 19:02:04"
"	69BA0CDE","	Chamber1","	1","	B01??(?)","	21.9","	2026-07-23 19:02:04"
"	69BA0CDE","	Chamber1","	1","	B01??(%RH)","	76.5","	2026-07-23 19:02:02"
"	69BA0CDE","	Chamber1","	1","	B01??(?)","	21.9","	2026-07-23 19:02:02"
"	69BA0CDE","	Chamber1","	1","	B01??(%RH)","	76.7","	2026-07-23 19:02:00"
"	69BA0CDE","	Chamber1","	1","	B01??(?)","	21.9","	2026-07-23 19:02:00"
"	69BA0CDE","	Chamber1","	1","	B01??(%RH)","	76.9","	2026-07-23 19:01:58"
"	69BA0CDE","	Chamber1","	1","	B01??(?)","	21.9","	2026-07-23 19:01:58"
"	69BA0CDE","	Chamber1","	1","	B01??(%RH)","	77.1","	2026-07-23 19:01:56"
"	69BA0CDE","	Chamber1","	1","	B01??(?)","	21.9","	2026-07-23 19:01:56"
"	69BA0CDE","	Chamber1","	1","	B01??(%RH)","	77.3","	2026-07-23 19:01:54"
"	69BA0CDE","	Chamber1","	1","	B01??(?)","	21.9","	2026-07-23 19:01:54"
"	69BA0CDE","	Chamber1","	1","	B01??(%RH)","	77.4","	2026-07-23 19:01:52"
"	69BA0CDE","	Chamber1","	1","	B01??(?)","	21.9","	2026-07-23 19:01:52"
"	69BA0CDE","	Chamber1","	1","	B01??(%RH)","	77.3","	2026-07-23 19:01:50"
"	69BA0CDE","	Chamber1","	1","	B01??(?)","	21.9","	2026-07-23 19:01:50"
"	69BA0CDE","	Chamber1","	1","	B01??(%RH)","	77.3","	2026-07-23 19:01:48"
"	69BA0CDE","	Chamber1","	1","	B01??(?)","	21.9","	2026-07-23 19:01:48"
"	69BA0CDE","	Chamber1","	1","	B01??(%RH)","	77.5","	2026-07-23 19:01:46"
"	69BA0CDE","	Chamber1","	1","	B01??(?)","	21.9","	2026-07-23 19:01:46"
"	69BA0CDE","	Chamber1","	1","	B01??(%RH)","	77.5","	2026-07-23 19:01:44"
"	69BA0CDE","	Chamber1","	1","	B01??(?)","	21.9","	2026-07-23 19:01:44"
"	69BA0CDE","	Chamber1","	1","	B01??(%RH)","	77.4","	2026-07-23 19:01:42"
"	69BA0CDE","	Chamber1","	1","	B01??(?)","	21.9","	2026-07-23 19:01:42"
"	69BA0CDE","	Chamber1","	1","	B01??(%RH)","	77.3","	2026-07-23 19:01:40"
"	69BA0CDE","	Chamber1","	1","	B01??(?)","	21.9","	2026-07-23 19:01:40"
"	69BA0CDE","	Chamber1","	1","	B01??(%RH)","	77.3","	2026-07-23 19:01:38"
"	69BA0CDE","	Chamber1","	1","	B01??(?)","	21.9","	2026-07-23 19:01:38"
"	69BA0CDE","	Chamber1","	1","	B01??(%RH)","	77.4","	2026-07-23 19:01:36"
"	69BA0CDE","	Chamber1","	1","	B01??(?)","	21.9","	2026-07-23 19:01:36"
"	69BA0CDE","	Chamber1","	1","	B01??(%RH)","	77.4","	2026-07-23 19:01:34"
"	69BA0CDE","	Chamber1","	1","	B01??(?)","	21.9","	2026-07-23 19:01:34"
"	69BA0CDE","	Chamber1","	1","	B01??(%RH)","	77.3","	2026-07-23 19:01:32"
"	69BA0CDE","	Chamber1","	1","	B01??(?)","	21.9","	2026-07-23 19:01:32"
"	69BA0CDE","	Chamber1","	1","	B01??(%RH)","	77.4","	2026-07-23 19:01:30"
"	69BA0CDE","	Chamber1","	1","	B01??(?)","	21.9","	2026-07-23 19:01:30"
"	69BA0CDE","	Chamber1","	1","	B01??(%RH)","	77.5","	2026-07-23 19:01:27"
"	69BA0CDE","	Chamber1","	1","	B01??(?)","	21.9","	2026-07-23 19:01:27"
"	69BA0CDE","	Chamber1","	1","	B01??(%RH)","	77.3","	2026-07-23 19:01:25"
"	69BA0CDE","	Chamber1","	1","	B01??(?)","	21.9","	2026-07-23 19:01:25"
"	69BA0CDE","	Chamber1","	1","	B01??(%RH)","	77","	2026-07-23 19:01:23"
"	69BA0CDE","	Chamber1","	1","	B01??(?)","	21.9","	2026-07-23 19:01:23"
"	69BA0CDE","	Chamber1","	1","	B01??(%RH)","	76.6","	2026-07-23 19:01:21"
"	69BA0CDE","	Chamber1","	1","	B01??(?)","	21.9","	2026-07-23 19:01:21"
"	69BA0CDE","	Chamber1","	1","	B01??(%RH)","	76.1","	2026-07-23 19:01:19"
"	69BA0CDE","	Chamber1","	1","	B01??(?)","	21.9","	2026-07-23 19:01:19"
"	69BA0CDE","	Chamber1","	1","	B01??(%RH)","	75.7","	2026-07-23 19:01:17"
"	69BA0CDE","	Chamber1","	1","	B01??(?)","	21.9","	2026-07-23 19:01:17"
"	69BA0CDE","	Chamber1","	1","	B01??(%RH)","	75.2","	2026-07-23 19:01:15"
"	69BA0CDE","	Chamber1","	1","	B01??(?)","	21.9","	2026-07-23 19:01:15"
"	69BA0CDE","	Chamber1","	1","	B01??(%RH)","	74.7","	2026-07-23 19:01:13"
"	69BA0CDE","	Chamber1","	1","	B01??(?)","	21.9","	2026-07-23 19:01:13"
"	69BA0CDE","	Chamber1","	1","	B01??(%RH)","	74.8","	2026-07-23 19:01:11"
"	69BA0CDE","	Chamber1","	1","	B01??(?)","	21.9","	2026-07-23 19:01:11"
"	69BA0CDE","	Chamber1","	1","	B01??(%RH)","	75.2","	2026-07-23 19:01:09"
"	69BA0CDE","	Chamber1","	1","	B01??(?)","	21.9","	2026-07-23 19:01:09"
"	69BA0CDE","	Chamber1","	1","	B01??(%RH)","	75.4","	2026-07-23 19:01:07"
"	69BA0CDE","	Chamber1","	1","	B01??(?)","	21.9","	2026-07-23 19:01:07"
"	69BA0CDE","	Chamber1","	1","	B01??(%RH)","	75.8","	2026-07-23 19:01:05"
"	69BA0CDE","	Chamber1","	1","	B01??(?)","	21.9","	2026-07-23 19:01:05"
"	69BA0CDE","	Chamber1","	1","	B01??(%RH)","	76","	2026-07-23 19:01:03"
"	69BA0CDE","	Chamber1","	1","	B01??(?)","	21.9","	2026-07-23 19:01:03"
"	69BA0CDE","	Chamber1","	1","	B01??(?)","	21.9","	2026-07-23 19:01:01"
"	69BA0CDE","	Chamber1","	1","	B01??(%RH)","	75.7","	2026-07-23 19:01:01"
"	69BA0CDE","	Chamber1","	1","	B01??(%RH)","	75.1","	2026-07-23 19:00:59"
"	69BA0CDE","	Chamber1","	1","	B01??(?)","	21.9","	2026-07-23 19:00:59"
"	69BA0CDE","	Chamber1","	1","	B01??(%RH)","	74.8","	2026-07-23 19:00:57"
"	69BA0CDE","	Chamber1","	1","	B01??(?)","	21.9","	2026-07-23 19:00:57"
"	69BA0CDE","	Chamber1","	1","	B01??(%RH)","	74.7","	2026-07-23 19:00:55"
"	69BA0CDE","	Chamber1","	1","	B01??(?)","	21.9","	2026-07-23 19:00:55"
"	69BA0CDE","	Chamber1","	1","	B01??(%RH)","	74.6","	2026-07-23 19:00:53"
"	69BA0CDE","	Chamber1","	1","	B01??(?)","	21.9","	2026-07-23 19:00:53"
"	69BA0CDE","	Chamber1","	1","	B01??(%RH)","	74.5","	2026-07-23 19:00:51"
"	69BA0CDE","	Chamber1","	1","	B01??(?)","	21.9","	2026-07-23 19:00:51"
"	69BA0CDE","	Chamber1","	1","	B01??(%RH)","	74.7","	2026-07-23 19:00:49"
"	69BA0CDE","	Chamber1","	1","	B01??(?)","	21.9","	2026-07-23 19:00:49"
"	69BA0CDE","	Chamber1","	1","	B01??(%RH)","	75.1","	2026-07-23 19:00:47"
"	69BA0CDE","	Chamber1","	1","	B01??(?)","	22","	2026-07-23 19:00:47"
"	69BA0CDE","	Chamber1","	1","	B01??(%RH)","	75.5","	2026-07-23 19:00:45"
"	69BA0CDE","	Chamber1","	1","	B01??(?)","	21.9","	2026-07-23 19:00:45"
"	69BA0CDE","	Chamber1","	1","	B01??(%RH)","	75.6","	2026-07-23 19:00:43"
"	69BA0CDE","	Chamber1","	1","	B01??(?)","	21.9","	2026-07-23 19:00:43"
"	69BA0CDE","	Chamber1","	1","	B01??(%RH)","	75.6","	2026-07-23 19:00:40"
"	69BA0CDE","	Chamber1","	1","	B01??(?)","	21.9","	2026-07-23 19:00:40"
"	69BA0CDE","	Chamber1","	1","	B01??(%RH)","	75.5","	2026-07-23 19:00:38"
"	69BA0CDE","	Chamber1","	1","	B01??(?)","	21.9","	2026-07-23 19:00:38"
"	69BA0CDE","	Chamber1","	1","	B01??(%RH)","	75.4","	2026-07-23 19:00:36"
"	69BA0CDE","	Chamber1","	1","	B01??(?)","	21.9","	2026-07-23 19:00:36"
"	69BA0CDE","	Chamber1","	1","	B01??(%RH)","	75.2","	2026-07-23 19:00:34"
"	69BA0CDE","	Chamber1","	1","	B01??(?)","	21.9","	2026-07-23 19:00:34"
"	69BA0CDE","	Chamber1","	1","	B01??(%RH)","	75","	2026-07-23 19:00:32"
"	69BA0CDE","	Chamber1","	1","	B01??(?)","	21.9","	2026-07-23 19:00:32"
"	69BA0CDE","	Chamber1","	1","	B01??(%RH)","	74.8","	2026-07-23 19:00:30"
"	69BA0CDE","	Chamber1","	1","	B01??(?)","	21.9","	2026-07-23 19:00:30"
"	69BA0CDE","	Chamber1","	1","	B01??(%RH)","	74.6","	2026-07-23 19:00:28"
"	69BA0CDE","	Chamber1","	1","	B01??(?)","	21.9","	2026-07-23 19:00:28"
"	69BA0CDE","	Chamber1","	1","	B01??(%RH)","	74.2","	2026-07-23 19:00:26"
"	69BA0CDE","	Chamber1","	1","	B01??(?)","	21.9","	2026-07-23 19:00:26"
"	69BA0CDE","	Chamber1","	1","	B01??(%RH)","	73.9","	2026-07-23 19:00:24"
"	69BA0CDE","	Chamber1","	1","	B01??(?)","	21.9","	2026-07-23 19:00:24"
"	69BA0CDE","	Chamber1","	1","	B01??(%RH)","	73.7","	2026-07-23 19:00:22"
"	69BA0CDE","	Chamber1","	1","	B01??(?)","	21.9","	2026-07-23 19:00:22"
"	69BA0CDE","	Chamber1","	1","	B01??(%RH)","	73.5","	2026-07-23 19:00:20"
"	69BA0CDE","	Chamber1","	1","	B01??(?)","	22","	2026-07-23 19:00:20"
"	69BA0CDE","	Chamber1","	1","	B01??(%RH)","	73.4","	2026-07-23 19:00:18"
"	69BA0CDE","	Chamber1","	1","	B01??(?)","	22","	2026-07-23 19:00:18"
"	69BA0CDE","	Chamber1","	1","	B01??(%RH)","	73.4","	2026-07-23 19:00:16"
"	69BA0CDE","	Chamber1","	1","	B01??(?)","	21.9","	2026-07-23 19:00:16"
"	69BA0CDE","	Chamber1","	1","	B01??(%RH)","	73.4","	2026-07-23 19:00:14"
"	69BA0CDE","	Chamber1","	1","	B01??(?)","	22","	2026-07-23 19:00:14"
"	69BA0CDE","	Chamber1","	1","	B01??(%RH)","	73.3","	2026-07-23 19:00:12"
"	69BA0CDE","	Chamber1","	1","	B01??(?)","	22","	2026-07-23 19:00:12"
"	69BA0CDE","	Chamber1","	1","	B01??(%RH)","	73.3","	2026-07-23 19:00:10"
"	69BA0CDE","	Chamber1","	1","	B01??(?)","	22","	2026-07-23 19:00:10"
"	69BA0CDE","	Chamber1","	1","	B01??(%RH)","	73.3","	2026-07-23 19:00:08"
"	69BA0CDE","	Chamber1","	1","	B01??(?)","	22","	2026-07-23 19:00:08"
"	69BA0CDE","	Chamber1","	1","	B01??(%RH)","	73.4","	2026-07-23 19:00:06"
"	69BA0CDE","	Chamber1","	1","	B01??(?)","	21.9","	2026-07-23 19:00:06"
"	69BA0CDE","	Chamber1","	1","	B01??(%RH)","	73.4","	2026-07-23 19:00:04"
"	69BA0CDE","	Chamber1","	1","	B01??(?)","	21.9","	2026-07-23 19:00:04"
"	69BA0CDE","	Chamber1","	1","	B01??(%RH)","	73.5","	2026-07-23 19:00:02"
"	69BA0CDE","	Chamber1","	1","	B01??(?)","	22","	2026-07-23 19:00:02"
