??ID,????,????,????,????,??
"	69BA0CDE","	Chamber1","	1","	B01??(?)","	5","	2026-07-28 17:32:59"
"	69BA0CDE","	Chamber1","	1","	B01??(%RH)","	82.9","	2026-07-28 17:32:59"
"	69BA0CDE","	Chamber1","	1","	B01??(%RH)","	82.9","	2026-07-28 17:32:57"
"	69BA0CDE","	Chamber1","	1","	B01??(?)","	5","	2026-07-28 17:32:56"
"	69BA0CDE","	Chamber1","	1","	B01??(?)","	5.1","	2026-07-28 17:32:54"
"	69BA0CDE","	Chamber1","	1","	B01??(%RH)","	82.9","	2026-07-28 17:32:54"
"	69BA0CDE","	Chamber1","	1","	B01??(?)","	5","	2026-07-28 17:32:52"
"	69BA0CDE","	Chamber1","	1","	B01??(%RH)","	82.9","	2026-07-28 17:32:52"
"	69BA0CDE","	Chamber1","	1","	B01??(%RH)","	82.9","	2026-07-28 17:32:50"
"	69BA0CDE","	Chamber1","	1","	B01??(?)","	5","	2026-07-28 17:32:49"
"	69BA0CDE","	Chamber1","	1","	B01??(?)","	5.1","	2026-07-28 17:32:47"
"	69BA0CDE","	Chamber1","	1","	B01??(%RH)","	82.9","	2026-07-28 17:32:47"
"	69BA0CDE","	Chamber1","	1","	B01??(?)","	5","	2026-07-28 17:32:45"
"	69BA0CDE","	Chamber1","	1","	B01??(%RH)","	82.9","	2026-07-28 17:32:45"
"	69BA0CDE","	Chamber1","	1","	B01??(?)","	5","	2026-07-28 17:32:43"
"	69BA0CDE","	Chamber1","	1","	B01??(%RH)","	82.9","	2026-07-28 17:32:43"
"	69BA0CDE","	Chamber1","	1","	B01??(%RH)","	82.9","	2026-07-28 17:32:41"
"	69BA0CDE","	Chamber1","	1","	B01??(?)","	5","	2026-07-28 17:32:40"
"	69BA0CDE","	Chamber1","	1","	B01??(?)","	5","	2026-07-28 17:32:38"
"	69BA0CDE","	Chamber1","	1","	B01??(%RH)","	82.9","	2026-07-28 17:32:38"
"	69BA0CDE","	Chamber1","	1","	B01??(?)","	5","	2026-07-28 17:32:36"
"	69BA0CDE","	Chamber1","	1","	B01??(%RH)","	82.9","	2026-07-28 17:32:36"
"	69BA0CDE","	Chamber1","	1","	B01??(%RH)","	82.9","	2026-07-28 17:32:34"
"	69BA0CDE","	Chamber1","	1","	B01??(?)","	5","	2026-07-28 17:32:33"
"	69BA0CDE","	Chamber1","	1","	B01??(?)","	5.1","	2026-07-28 17:32:31"
"	69BA0CDE","	Chamber1","	1","	B01??(%RH)","	82.9","	2026-07-28 17:32:31"
"	69BA0CDE","	Chamber1","	1","	B01??(?)","	5.1","	2026-07-28 17:32:29"
"	69BA0CDE","	Chamber1","	1","	B01??(%RH)","	82.9","	2026-07-28 17:32:29"
"	69BA0CDE","	Chamber1","	1","	B01??(%RH)","	82.9","	2026-07-28 17:32:27"
"	69BA0CDE","	Chamber1","	1","	B01??(?)","	5","	2026-07-28 17:32:26"
"	69BA0CDE","	Chamber1","	1","	B01??(?)","	5.1","	2026-07-28 17:32:24"
"	69BA0CDE","	Chamber1","	1","	B01??(%RH)","	82.9","	2026-07-28 17:32:24"
"	69BA0CDE","	Chamber1","	1","	B01??(?)","	5","	2026-07-28 17:32:22"
"	69BA0CDE","	Chamber1","	1","	B01??(%RH)","	82.9","	2026-07-28 17:32:22"
"	69BA0CDE","	Chamber1","	1","	B01??(%RH)","	82.9","	2026-07-28 17:32:20"
"	69BA0CDE","	Chamber1","	1","	B01??(?)","	5","	2026-07-28 17:32:19"
"	69BA0CDE","	Chamber1","	1","	B01??(?)","	5","	2026-07-28 17:32:17"
"	69BA0CDE","	Chamber1","	1","	B01??(%RH)","	82.9","	2026-07-28 17:32:17"
"	69BA0CDE","	Chamber1","	1","	B01??(?)","	5","	2026-07-28 17:32:15"
"	69BA0CDE","	Chamber1","	1","	B01??(%RH)","	82.9","	2026-07-28 17:32:15"
"	69BA0CDE","	Chamber1","	1","	B01??(?)","	5.1","	2026-07-28 17:32:13"
"	69BA0CDE","	Chamber1","	1","	B01??(%RH)","	82.9","	2026-07-28 17:32:13"
"	69BA0CDE","	Chamber1","	1","	B01??(%RH)","	82.9","	2026-07-28 17:32:11"
"	69BA0CDE","	Chamber1","	1","	B01??(?)","	5","	2026-07-28 17:32:10"
"	69BA0CDE","	Chamber1","	1","	B01??(?)","	5","	2026-07-28 17:32:08"
"	69BA0CDE","	Chamber1","	1","	B01??(%RH)","	82.9","	2026-07-28 17:32:08"
"	69BA0CDE","	Chamber1","	1","	B01??(?)","	5","	2026-07-28 17:32:06"
"	69BA0CDE","	Chamber1","	1","	B01??(%RH)","	82.9","	2026-07-28 17:32:06"
"	69BA0CDE","	Chamber1","	1","	B01??(%RH)","	82.9","	2026-07-28 17:32:04"
"	69BA0CDE","	Chamber1","	1","	B01??(?)","	5","	2026-07-28 17:32:03"
"	69BA0CDE","	Chamber1","	1","	B01??(?)","	5","	2026-07-28 17:32:01"
"	69BA0CDE","	Chamber1","	1","	B01??(%RH)","	82.9","	2026-07-28 17:32:01"
"	69BA0CDE","	Chamber1","	1","	B01??(?)","	5","	2026-07-28 17:31:59"
"	69BA0CDE","	Chamber1","	1","	B01??(%RH)","	82.9","	2026-07-28 17:31:59"
"	69BA0CDE","	Chamber1","	1","	B01??(%RH)","	82.8","	2026-07-28 17:31:57"
"	69BA0CDE","	Chamber1","	1","	B01??(?)","	5","	2026-07-28 17:31:56"
"	69BA0CDE","	Chamber1","	1","	B01??(?)","	5","	2026-07-28 17:31:54"
"	69BA0CDE","	Chamber1","	1","	B01??(%RH)","	82.9","	2026-07-28 17:31:54"
"	69BA0CDE","	Chamber1","	1","	B01??(?)","	5","	2026-07-28 17:31:52"
"	69BA0CDE","	Chamber1","	1","	B01??(%RH)","	82.9","	2026-07-28 17:31:52"
"	69BA0CDE","	Chamber1","	1","	B01??(%RH)","	82.9","	2026-07-28 17:31:50"
"	69BA0CDE","	Chamber1","	1","	B01??(?)","	5","	2026-07-28 17:31:49"
"	69BA0CDE","	Chamber1","	1","	B01??(?)","	5","	2026-07-28 17:31:47"
"	69BA0CDE","	Chamber1","	1","	B01??(%RH)","	82.9","	2026-07-28 17:31:47"
"	69BA0CDE","	Chamber1","	1","	B01??(?)","	5","	2026-07-28 17:31:45"
"	69BA0CDE","	Chamber1","	1","	B01??(%RH)","	82.9","	2026-07-28 17:31:45"
"	69BA0CDE","	Chamber1","	1","	B01??(%RH)","	82.9","	2026-07-28 17:31:43"
"	69BA0CDE","	Chamber1","	1","	B01??(?)","	5","	2026-07-28 17:31:42"
"	69BA0CDE","	Chamber1","	1","	B01??(?)","	5","	2026-07-28 17:31:40"
"	69BA0CDE","	Chamber1","	1","	B01??(%RH)","	82.9","	2026-07-28 17:31:40"
"	69BA0CDE","	Chamber1","	1","	B01??(?)","	5","	2026-07-28 17:31:38"
"	69BA0CDE","	Chamber1","	1","	B01??(%RH)","	82.9","	2026-07-28 17:31:38"
"	69BA0CDE","	Chamber1","	1","	B01??(?)","	5","	2026-07-28 17:31:36"
"	69BA0CDE","	Chamber1","	1","	B01??(%RH)","	82.9","	2026-07-28 17:31:36"
"	69BA0CDE","	Chamber1","	1","	B01??(%RH)","	82.9","	2026-07-28 17:31:34"
"	69BA0CDE","	Chamber1","	1","	B01??(?)","	5","	2026-07-28 17:31:33"
"	69BA0CDE","	Chamber1","	1","	B01??(?)","	5","	2026-07-28 17:31:31"
"	69BA0CDE","	Chamber1","	1","	B01??(%RH)","	82.9","	2026-07-28 17:31:31"
"	69BA0CDE","	Chamber1","	1","	B01??(?)","	5","	2026-07-28 17:31:29"
"	69BA0CDE","	Chamber1","	1","	B01??(%RH)","	82.9","	2026-07-28 17:31:29"
"	69BA0CDE","	Chamber1","	1","	B01??(%RH)","	82.9","	2026-07-28 17:31:27"
"	69BA0CDE","	Chamber1","	1","	B01??(?)","	5","	2026-07-28 17:31:26"
"	69BA0CDE","	Chamber1","	1","	B01??(?)","	5","	2026-07-28 17:31:24"
"	69BA0CDE","	Chamber1","	1","	B01??(%RH)","	82.9","	2026-07-28 17:31:24"
"	69BA0CDE","	Chamber1","	1","	B01??(?)","	5","	2026-07-28 17:31:22"
"	69BA0CDE","	Chamber1","	1","	B01??(%RH)","	82.9","	2026-07-28 17:31:22"
"	69BA0CDE","	Chamber1","	1","	B01??(%RH)","	82.9","	2026-07-28 17:31:20"
"	69BA0CDE","	Chamber1","	1","	B01??(?)","	5","	2026-07-28 17:31:19"
"	69BA0CDE","	Chamber1","	1","	B01??(?)","	5","	2026-07-28 17:31:17"
"	69BA0CDE","	Chamber1","	1","	B01??(%RH)","	82.9","	2026-07-28 17:31:17"
"	69BA0CDE","	Chamber1","	1","	B01??(?)","	5","	2026-07-28 17:31:15"
"	69BA0CDE","	Chamber1","	1","	B01??(%RH)","	82.9","	2026-07-28 17:31:15"
"	69BA0CDE","	Chamber1","	1","	B01??(?)","	5","	2026-07-28 17:31:13"
"	69BA0CDE","	Chamber1","	1","	B01??(%RH)","	82.9","	2026-07-28 17:31:13"
"	69BA0CDE","	Chamber1","	1","	B01??(%RH)","	82.9","	2026-07-28 17:31:11"
"	69BA0CDE","	Chamber1","	1","	B01??(?)","	5","	2026-07-28 17:31:10"
"	69BA0CDE","	Chamber1","	1","	B01??(?)","	5","	2026-07-28 17:31:08"
"	69BA0CDE","	Chamber1","	1","	B01??(%RH)","	82.9","	2026-07-28 17:31:08"
"	69BA0CDE","	Chamber1","	1","	B01??(?)","	5","	2026-07-28 17:31:06"
"	69BA0CDE","	Chamber1","	1","	B01??(%RH)","	82.9","	2026-07-28 17:31:06"
"	69BA0CDE","	Chamber1","	1","	B01??(%RH)","	82.9","	2026-07-28 17:31:04"
"	69BA0CDE","	Chamber1","	1","	B01??(?)","	5","	2026-07-28 17:31:03"
"	69BA0CDE","	Chamber1","	1","	B01??(?)","	5","	2026-07-28 17:31:01"
"	69BA0CDE","	Chamber1","	1","	B01??(%RH)","	82.9","	2026-07-28 17:31:01"
"	69BA0CDE","	Chamber1","	1","	B01??(?)","	5","	2026-07-28 17:30:59"
"	69BA0CDE","	Chamber1","	1","	B01??(%RH)","	82.9","	2026-07-28 17:30:59"
"	69BA0CDE","	Chamber1","	1","	B01??(%RH)","	82.9","	2026-07-28 17:30:57"
"	69BA0CDE","	Chamber1","	1","	B01??(?)","	5","	2026-07-28 17:30:56"
"	69BA0CDE","	Chamber1","	1","	B01??(?)","	5","	2026-07-28 17:30:54"
"	69BA0CDE","	Chamber1","	1","	B01??(%RH)","	82.9","	2026-07-28 17:30:54"
"	69BA0CDE","	Chamber1","	1","	B01??(?)","	5","	2026-07-28 17:30:52"
"	69BA0CDE","	Chamber1","	1","	B01??(%RH)","	82.9","	2026-07-28 17:30:52"
"	69BA0CDE","	Chamber1","	1","	B01??(?)","	5","	2026-07-28 17:30:50"
"	69BA0CDE","	Chamber1","	1","	B01??(%RH)","	82.9","	2026-07-28 17:30:50"
"	69BA0CDE","	Chamber1","	1","	B01??(%RH)","	82.9","	2026-07-28 17:30:48"
"	69BA0CDE","	Chamber1","	1","	B01??(?)","	5","	2026-07-28 17:30:47"
"	69BA0CDE","	Chamber1","	1","	B01??(?)","	5","	2026-07-28 17:30:45"
"	69BA0CDE","	Chamber1","	1","	B01??(%RH)","	82.9","	2026-07-28 17:30:45"
"	69BA0CDE","	Chamber1","	1","	B01??(?)","	5","	2026-07-28 17:30:43"
"	69BA0CDE","	Chamber1","	1","	B01??(%RH)","	82.9","	2026-07-28 17:30:43"
"	69BA0CDE","	Chamber1","	1","	B01??(%RH)","	82.9","	2026-07-28 17:30:41"
"	69BA0CDE","	Chamber1","	1","	B01??(?)","	5","	2026-07-28 17:30:40"
"	69BA0CDE","	Chamber1","	1","	B01??(?)","	5","	2026-07-28 17:30:38"
"	69BA0CDE","	Chamber1","	1","	B01??(%RH)","	82.9","	2026-07-28 17:30:38"
"	69BA0CDE","	Chamber1","	1","	B01??(?)","	5","	2026-07-28 17:30:36"
"	69BA0CDE","	Chamber1","	1","	B01??(%RH)","	82.9","	2026-07-28 17:30:36"
"	69BA0CDE","	Chamber1","	1","	B01??(%RH)","	82.9","	2026-07-28 17:30:34"
"	69BA0CDE","	Chamber1","	1","	B01??(?)","	5","	2026-07-28 17:30:33"
"	69BA0CDE","	Chamber1","	1","	B01??(%RH)","	82.9","	2026-07-28 17:30:31"
"	69BA0CDE","	Chamber1","	1","	B01??(?)","	5","	2026-07-28 17:30:31"
"	69BA0CDE","	Chamber1","	1","	B01??(?)","	5","	2026-07-28 17:30:29"
"	69BA0CDE","	Chamber1","	1","	B01??(%RH)","	82.9","	2026-07-28 17:30:29"
"	69BA0CDE","	Chamber1","	1","	B01??(%RH)","	82.9","	2026-07-28 17:30:27"
"	69BA0CDE","	Chamber1","	1","	B01??(?)","	5","	2026-07-28 17:30:26"
"	69BA0CDE","	Chamber1","	1","	B01??(?)","	5","	2026-07-28 17:30:24"
"	69BA0CDE","	Chamber1","	1","	B01??(%RH)","	82.9","	2026-07-28 17:30:24"
"	69BA0CDE","	Chamber1","	1","	B01??(?)","	5","	2026-07-28 17:30:22"
"	69BA0CDE","	Chamber1","	1","	B01??(%RH)","	82.9","	2026-07-28 17:30:22"
"	69BA0CDE","	Chamber1","	1","	B01??(?)","	5","	2026-07-28 17:30:20"
"	69BA0CDE","	Chamber1","	1","	B01??(%RH)","	82.9","	2026-07-28 17:30:20"
"	69BA0CDE","	Chamber1","	1","	B01??(?)","	5","	2026-07-28 17:30:17"
"	69BA0CDE","	Chamber1","	1","	B01??(%RH)","	82.9","	2026-07-28 17:30:17"
"	69BA0CDE","	Chamber1","	1","	B01??(?)","	5","	2026-07-28 17:30:15"
"	69BA0CDE","	Chamber1","	1","	B01??(%RH)","	82.9","	2026-07-28 17:30:15"
"	69BA0CDE","	Chamber1","	1","	B01??(?)","	5","	2026-07-28 17:30:13"
"	69BA0CDE","	Chamber1","	1","	B01??(%RH)","	82.9","	2026-07-28 17:30:13"
"	69BA0CDE","	Chamber1","	1","	B01??(%RH)","	82.9","	2026-07-28 17:30:11"
"	69BA0CDE","	Chamber1","	1","	B01??(?)","	5","	2026-07-28 17:30:10"
"	69BA0CDE","	Chamber1","	1","	B01??(?)","	5","	2026-07-28 17:30:08"
"	69BA0CDE","	Chamber1","	1","	B01??(%RH)","	82.9","	2026-07-28 17:30:08"
"	69BA0CDE","	Chamber1","	1","	B01??(?)","	5","	2026-07-28 17:30:06"
"	69BA0CDE","	Chamber1","	1","	B01??(%RH)","	82.9","	2026-07-28 17:30:06"
"	69BA0CDE","	Chamber1","	1","	B01??(?)","	5","	2026-07-28 17:30:04"
"	69BA0CDE","	Chamber1","	1","	B01??(%RH)","	82.9","	2026-07-28 17:30:04"
"	69BA0CDE","	Chamber1","	1","	B01??(%RH)","	82.9","	2026-07-28 17:30:02"
"	69BA0CDE","	Chamber1","	1","	B01??(?)","	5","	2026-07-28 17:30:01"
"	69BA0CDE","	Chamber1","	1","	B01??(?)","	5","	2026-07-28 17:29:59"
"	69BA0CDE","	Chamber1","	1","	B01??(%RH)","	82.9","	2026-07-28 17:29:59"
"	69BA0CDE","	Chamber1","	1","	B01??(?)","	5","	2026-07-28 17:29:57"
"	69BA0CDE","	Chamber1","	1","	B01??(%RH)","	82.9","	2026-07-28 17:29:57"
"	69BA0CDE","	Chamber1","	1","	B01??(%RH)","	82.9","	2026-07-28 17:29:55"
"	69BA0CDE","	Chamber1","	1","	B01??(?)","	5","	2026-07-28 17:29:54"
"	69BA0CDE","	Chamber1","	1","	B01??(?)","	5","	2026-07-28 17:29:52"
"	69BA0CDE","	Chamber1","	1","	B01??(%RH)","	82.9","	2026-07-28 17:29:52"
"	69BA0CDE","	Chamber1","	1","	B01??(?)","	5","	2026-07-28 17:29:50"
"	69BA0CDE","	Chamber1","	1","	B01??(%RH)","	82.9","	2026-07-28 17:29:50"
"	69BA0CDE","	Chamber1","	1","	B01??(?)","	5","	2026-07-28 17:29:48"
"	69BA0CDE","	Chamber1","	1","	B01??(%RH)","	82.9","	2026-07-28 17:29:48"
"	69BA0CDE","	Chamber1","	1","	B01??(%RH)","	82.9","	2026-07-28 17:29:46"
"	69BA0CDE","	Chamber1","	1","	B01??(?)","	5","	2026-07-28 17:29:45"
"	69BA0CDE","	Chamber1","	1","	B01??(?)","	5","	2026-07-28 17:29:43"
"	69BA0CDE","	Chamber1","	1","	B01??(%RH)","	82.9","	2026-07-28 17:29:43"
"	69BA0CDE","	Chamber1","	1","	B01??(?)","	5","	2026-07-28 17:29:41"
"	69BA0CDE","	Chamber1","	1","	B01??(%RH)","	82.9","	2026-07-28 17:29:41"
"	69BA0CDE","	Chamber1","	1","	B01??(%RH)","	82.9","	2026-07-28 17:29:39"
"	69BA0CDE","	Chamber1","	1","	B01??(?)","	5","	2026-07-28 17:29:38"
"	69BA0CDE","	Chamber1","	1","	B01??(?)","	5","	2026-07-28 17:29:36"
"	69BA0CDE","	Chamber1","	1","	B01??(%RH)","	82.9","	2026-07-28 17:29:36"
"	69BA0CDE","	Chamber1","	1","	B01??(?)","	5","	2026-07-28 17:29:34"
"	69BA0CDE","	Chamber1","	1","	B01??(%RH)","	82.9","	2026-07-28 17:29:34"
"	69BA0CDE","	Chamber1","	1","	B01??(?)","	5","	2026-07-28 17:29:32"
"	69BA0CDE","	Chamber1","	1","	B01??(%RH)","	82.9","	2026-07-28 17:29:32"
"	69BA0CDE","	Chamber1","	1","	B01??(%RH)","	82.9","	2026-07-28 17:29:30"
"	69BA0CDE","	Chamber1","	1","	B01??(?)","	5","	2026-07-28 17:29:29"
"	69BA0CDE","	Chamber1","	1","	B01??(?)","	5","	2026-07-28 17:29:27"
"	69BA0CDE","	Chamber1","	1","	B01??(%RH)","	82.9","	2026-07-28 17:29:27"
"	69BA0CDE","	Chamber1","	1","	B01??(?)","	5","	2026-07-28 17:29:25"
"	69BA0CDE","	Chamber1","	1","	B01??(%RH)","	82.9","	2026-07-28 17:29:25"
"	69BA0CDE","	Chamber1","	1","	B01??(%RH)","	82.9","	2026-07-28 17:29:23"
"	69BA0CDE","	Chamber1","	1","	B01??(?)","	5","	2026-07-28 17:29:22"
"	69BA0CDE","	Chamber1","	1","	B01??(?)","	5","	2026-07-28 17:29:20"
"	69BA0CDE","	Chamber1","	1","	B01??(%RH)","	82.9","	2026-07-28 17:29:20"
"	69BA0CDE","	Chamber1","	1","	B01??(?)","	5","	2026-07-28 17:29:18"
"	69BA0CDE","	Chamber1","	1","	B01??(%RH)","	82.9","	2026-07-28 17:29:18"
"	69BA0CDE","	Chamber1","	1","	B01??(%RH)","	82.9","	2026-07-28 17:29:16"
"	69BA0CDE","	Chamber1","	1","	B01??(?)","	5","	2026-07-28 17:29:15"
"	69BA0CDE","	Chamber1","	1","	B01??(?)","	5","	2026-07-28 17:29:13"
"	69BA0CDE","	Chamber1","	1","	B01??(%RH)","	82.9","	2026-07-28 17:29:13"
"	69BA0CDE","	Chamber1","	1","	B01??(?)","	5","	2026-07-28 17:29:11"
"	69BA0CDE","	Chamber1","	1","	B01??(%RH)","	82.9","	2026-07-28 17:29:11"
"	69BA0CDE","	Chamber1","	1","	B01??(?)","	5","	2026-07-28 17:29:09"
"	69BA0CDE","	Chamber1","	1","	B01??(%RH)","	82.9","	2026-07-28 17:29:09"
"	69BA0CDE","	Chamber1","	1","	B01??(%RH)","	82.8","	2026-07-28 17:29:07"
"	69BA0CDE","	Chamber1","	1","	B01??(?)","	5","	2026-07-28 17:29:06"
"	69BA0CDE","	Chamber1","	1","	B01??(?)","	5","	2026-07-28 17:29:04"
"	69BA0CDE","	Chamber1","	1","	B01??(%RH)","	82.9","	2026-07-28 17:29:04"
"	69BA0CDE","	Chamber1","	1","	B01??(?)","	5","	2026-07-28 17:29:02"
"	69BA0CDE","	Chamber1","	1","	B01??(%RH)","	82.9","	2026-07-28 17:29:02"
"	69BA0CDE","	Chamber1","	1","	B01??(%RH)","	82.9","	2026-07-28 17:29:00"
"	69BA0CDE","	Chamber1","	1","	B01??(?)","	5","	2026-07-28 17:28:59"
"	69BA0CDE","	Chamber1","	1","	B01??(?)","	5","	2026-07-28 17:28:57"
"	69BA0CDE","	Chamber1","	1","	B01??(%RH)","	82.9","	2026-07-28 17:28:57"
"	69BA0CDE","	Chamber1","	1","	B01??(?)","	5","	2026-07-28 17:28:55"
"	69BA0CDE","	Chamber1","	1","	B01??(%RH)","	82.9","	2026-07-28 17:28:55"
"	69BA0CDE","	Chamber1","	1","	B01??(?)","	5","	2026-07-28 17:28:53"
"	69BA0CDE","	Chamber1","	1","	B01??(%RH)","	82.9","	2026-07-28 17:28:53"
"	69BA0CDE","	Chamber1","	1","	B01??(%RH)","	82.9","	2026-07-28 17:28:51"
"	69BA0CDE","	Chamber1","	1","	B01??(?)","	5","	2026-07-28 17:28:50"
"	69BA0CDE","	Chamber1","	1","	B01??(?)","	5","	2026-07-28 17:28:48"
"	69BA0CDE","	Chamber1","	1","	B01??(%RH)","	82.9","	2026-07-28 17:28:48"
"	69BA0CDE","	Chamber1","	1","	B01??(?)","	5","	2026-07-28 17:28:46"
"	69BA0CDE","	Chamber1","	1","	B01??(%RH)","	82.9","	2026-07-28 17:28:46"
"	69BA0CDE","	Chamber1","	1","	B01??(%RH)","	82.9","	2026-07-28 17:28:44"
"	69BA0CDE","	Chamber1","	1","	B01??(?)","	5","	2026-07-28 17:28:43"
"	69BA0CDE","	Chamber1","	1","	B01??(?)","	5","	2026-07-28 17:28:41"
"	69BA0CDE","	Chamber1","	1","	B01??(%RH)","	82.9","	2026-07-28 17:28:41"
"	69BA0CDE","	Chamber1","	1","	B01??(?)","	5","	2026-07-28 17:28:39"
"	69BA0CDE","	Chamber1","	1","	B01??(%RH)","	82.9","	2026-07-28 17:28:39"
"	69BA0CDE","	Chamber1","	1","	B01??(?)","	5","	2026-07-28 17:28:37"
"	69BA0CDE","	Chamber1","	1","	B01??(%RH)","	82.9","	2026-07-28 17:28:37"
"	69BA0CDE","	Chamber1","	1","	B01??(%RH)","	82.9","	2026-07-28 17:28:35"
"	69BA0CDE","	Chamber1","	1","	B01??(?)","	5","	2026-07-28 17:28:34"
"	69BA0CDE","	Chamber1","	1","	B01??(?)","	5","	2026-07-28 17:28:32"
"	69BA0CDE","	Chamber1","	1","	B01??(%RH)","	82.9","	2026-07-28 17:28:32"
"	69BA0CDE","	Chamber1","	1","	B01??(?)","	5","	2026-07-28 17:28:30"
"	69BA0CDE","	Chamber1","	1","	B01??(%RH)","	82.9","	2026-07-28 17:28:30"
"	69BA0CDE","	Chamber1","	1","	B01??(%RH)","	82.9","	2026-07-28 17:28:28"
"	69BA0CDE","	Chamber1","	1","	B01??(?)","	5","	2026-07-28 17:28:27"
"	69BA0CDE","	Chamber1","	1","	B01??(?)","	5","	2026-07-28 17:28:25"
"	69BA0CDE","	Chamber1","	1","	B01??(%RH)","	82.9","	2026-07-28 17:28:25"
"	69BA0CDE","	Chamber1","	1","	B01??(?)","	5","	2026-07-28 17:28:23"
"	69BA0CDE","	Chamber1","	1","	B01??(%RH)","	82.9","	2026-07-28 17:28:23"
"	69BA0CDE","	Chamber1","	1","	B01??(?)","	5","	2026-07-28 17:28:21"
"	69BA0CDE","	Chamber1","	1","	B01??(%RH)","	82.9","	2026-07-28 17:28:21"
"	69BA0CDE","	Chamber1","	1","	B01??(%RH)","	82.9","	2026-07-28 17:28:19"
"	69BA0CDE","	Chamber1","	1","	B01??(?)","	5","	2026-07-28 17:28:18"
"	69BA0CDE","	Chamber1","	1","	B01??(?)","	5","	2026-07-28 17:28:16"
"	69BA0CDE","	Chamber1","	1","	B01??(%RH)","	82.9","	2026-07-28 17:28:16"
"	69BA0CDE","	Chamber1","	1","	B01??(?)","	5","	2026-07-28 17:28:14"
"	69BA0CDE","	Chamber1","	1","	B01??(%RH)","	82.9","	2026-07-28 17:28:14"
"	69BA0CDE","	Chamber1","	1","	B01??(?)","	5","	2026-07-28 17:28:12"
"	69BA0CDE","	Chamber1","	1","	B01??(%RH)","	82.9","	2026-07-28 17:28:12"
"	69BA0CDE","	Chamber1","	1","	B01??(?)","	5","	2026-07-28 17:28:09"
"	69BA0CDE","	Chamber1","	1","	B01??(%RH)","	82.9","	2026-07-28 17:28:09"
"	69BA0CDE","	Chamber1","	1","	B01??(?)","	5","	2026-07-28 17:28:07"
"	69BA0CDE","	Chamber1","	1","	B01??(%RH)","	82.9","	2026-07-28 17:28:07"
"	69BA0CDE","	Chamber1","	1","	B01??(?)","	5","	2026-07-28 17:28:05"
"	69BA0CDE","	Chamber1","	1","	B01??(%RH)","	82.9","	2026-07-28 17:28:05"
"	69BA0CDE","	Chamber1","	1","	B01??(%RH)","	82.9","	2026-07-28 17:28:03"
"	69BA0CDE","	Chamber1","	1","	B01??(?)","	5","	2026-07-28 17:28:02"
"	69BA0CDE","	Chamber1","	1","	B01??(?)","	5","	2026-07-28 17:28:00"
"	69BA0CDE","	Chamber1","	1","	B01??(%RH)","	82.9","	2026-07-28 17:28:00"
"	69BA0CDE","	Chamber1","	1","	B01??(?)","	5","	2026-07-28 17:27:58"
"	69BA0CDE","	Chamber1","	1","	B01??(%RH)","	82.9","	2026-07-28 17:27:58"
"	69BA0CDE","	Chamber1","	1","	B01??(%RH)","	82.9","	2026-07-28 17:27:56"
"	69BA0CDE","	Chamber1","	1","	B01??(?)","	5","	2026-07-28 17:27:55"
"	69BA0CDE","	Chamber1","	1","	B01??(?)","	5","	2026-07-28 17:27:53"
"	69BA0CDE","	Chamber1","	1","	B01??(%RH)","	82.9","	2026-07-28 17:27:53"
"	69BA0CDE","	Chamber1","	1","	B01??(?)","	5","	2026-07-28 17:27:51"
"	69BA0CDE","	Chamber1","	1","	B01??(%RH)","	82.9","	2026-07-28 17:27:51"
"	69BA0CDE","	Chamber1","	1","	B01??(?)","	5","	2026-07-28 17:27:49"
"	69BA0CDE","	Chamber1","	1","	B01??(%RH)","	82.9","	2026-07-28 17:27:49"
"	69BA0CDE","	Chamber1","	1","	B01??(%RH)","	82.9","	2026-07-28 17:27:47"
"	69BA0CDE","	Chamber1","	1","	B01??(?)","	5","	2026-07-28 17:27:46"
"	69BA0CDE","	Chamber1","	1","	B01??(?)","	5","	2026-07-28 17:27:44"
"	69BA0CDE","	Chamber1","	1","	B01??(%RH)","	82.9","	2026-07-28 17:27:44"
"	69BA0CDE","	Chamber1","	1","	B01??(?)","	5","	2026-07-28 17:27:42"
"	69BA0CDE","	Chamber1","	1","	B01??(%RH)","	82.9","	2026-07-28 17:27:42"
"	69BA0CDE","	Chamber1","	1","	B01??(%RH)","	82.9","	2026-07-28 17:27:40"
"	69BA0CDE","	Chamber1","	1","	B01??(?)","	5","	2026-07-28 17:27:39"
"	69BA0CDE","	Chamber1","	1","	B01??(?)","	5","	2026-07-28 17:27:37"
"	69BA0CDE","	Chamber1","	1","	B01??(%RH)","	82.9","	2026-07-28 17:27:37"
"	69BA0CDE","	Chamber1","	1","	B01??(?)","	5","	2026-07-28 17:27:35"
"	69BA0CDE","	Chamber1","	1","	B01??(%RH)","	82.9","	2026-07-28 17:27:35"
"	69BA0CDE","	Chamber1","	1","	B01??(?)","	5","	2026-07-28 17:27:33"
"	69BA0CDE","	Chamber1","	1","	B01??(%RH)","	82.9","	2026-07-28 17:27:33"
"	69BA0CDE","	Chamber1","	1","	B01??(%RH)","	82.9","	2026-07-28 17:27:31"
"	69BA0CDE","	Chamber1","	1","	B01??(?)","	5","	2026-07-28 17:27:30"
"	69BA0CDE","	Chamber1","	1","	B01??(?)","	5","	2026-07-28 17:27:28"
"	69BA0CDE","	Chamber1","	1","	B01??(%RH)","	82.9","	2026-07-28 17:27:28"
"	69BA0CDE","	Chamber1","	1","	B01??(?)","	5","	2026-07-28 17:27:26"
"	69BA0CDE","	Chamber1","	1","	B01??(%RH)","	82.9","	2026-07-28 17:27:26"
"	69BA0CDE","	Chamber1","	1","	B01??(?)","	5","	2026-07-28 17:27:24"
"	69BA0CDE","	Chamber1","	1","	B01??(%RH)","	82.9","	2026-07-28 17:27:24"
"	69BA0CDE","	Chamber1","	1","	B01??(?)","	5","	2026-07-28 17:27:21"
"	69BA0CDE","	Chamber1","	1","	B01??(%RH)","	83","	2026-07-28 17:27:21"
"	69BA0CDE","	Chamber1","	1","	B01??(?)","	5","	2026-07-28 17:27:19"
"	69BA0CDE","	Chamber1","	1","	B01??(%RH)","	82.9","	2026-07-28 17:27:19"
"	69BA0CDE","	Chamber1","	1","	B01??(?)","	5","	2026-07-28 17:27:17"
"	69BA0CDE","	Chamber1","	1","	B01??(%RH)","	82.9","	2026-07-28 17:27:17"
"	69BA0CDE","	Chamber1","	1","	B01??(%RH)","	82.9","	2026-07-28 17:27:15"
"	69BA0CDE","	Chamber1","	1","	B01??(?)","	5","	2026-07-28 17:27:14"
"	69BA0CDE","	Chamber1","	1","	B01??(?)","	5","	2026-07-28 17:27:12"
"	69BA0CDE","	Chamber1","	1","	B01??(%RH)","	82.9","	2026-07-28 17:27:12"
"	69BA0CDE","	Chamber1","	1","	B01??(?)","	5","	2026-07-28 17:27:10"
"	69BA0CDE","	Chamber1","	1","	B01??(%RH)","	82.9","	2026-07-28 17:27:10"
"	69BA0CDE","	Chamber1","	1","	B01??(%RH)","	82.9","	2026-07-28 17:27:08"
"	69BA0CDE","	Chamber1","	1","	B01??(?)","	5","	2026-07-28 17:27:07"
"	69BA0CDE","	Chamber1","	1","	B01??(?)","	5","	2026-07-28 17:27:05"
"	69BA0CDE","	Chamber1","	1","	B01??(%RH)","	82.9","	2026-07-28 17:27:05"
"	69BA0CDE","	Chamber1","	1","	B01??(?)","	5","	2026-07-28 17:27:03"
"	69BA0CDE","	Chamber1","	1","	B01??(%RH)","	82.9","	2026-07-28 17:27:03"
"	69BA0CDE","	Chamber1","	1","	B01??(%RH)","	82.9","	2026-07-28 17:27:01"
"	69BA0CDE","	Chamber1","	1","	B01??(?)","	5","	2026-07-28 17:27:00"
"	69BA0CDE","	Chamber1","	1","	B01??(?)","	5","	2026-07-28 17:26:58"
"	69BA0CDE","	Chamber1","	1","	B01??(%RH)","	82.9","	2026-07-28 17:26:58"
"	69BA0CDE","	Chamber1","	1","	B01??(?)","	5","	2026-07-28 17:26:56"
"	69BA0CDE","	Chamber1","	1","	B01??(%RH)","	82.9","	2026-07-28 17:26:56"
"	69BA0CDE","	Chamber1","	1","	B01??(?)","	5","	2026-07-28 17:26:54"
"	69BA0CDE","	Chamber1","	1","	B01??(%RH)","	82.9","	2026-07-28 17:26:54"
"	69BA0CDE","	Chamber1","	1","	B01??(%RH)","	82.9","	2026-07-28 17:26:52"
"	69BA0CDE","	Chamber1","	1","	B01??(?)","	5","	2026-07-28 17:26:51"
"	69BA0CDE","	Chamber1","	1","	B01??(?)","	5","	2026-07-28 17:26:49"
"	69BA0CDE","	Chamber1","	1","	B01??(%RH)","	82.9","	2026-07-28 17:26:49"
"	69BA0CDE","	Chamber1","	1","	B01??(?)","	5","	2026-07-28 17:26:47"
"	69BA0CDE","	Chamber1","	1","	B01??(%RH)","	82.9","	2026-07-28 17:26:47"
"	69BA0CDE","	Chamber1","	1","	B01??(%RH)","	82.9","	2026-07-28 17:26:45"
"	69BA0CDE","	Chamber1","	1","	B01??(?)","	5","	2026-07-28 17:26:44"
"	69BA0CDE","	Chamber1","	1","	B01??(?)","	5","	2026-07-28 17:26:42"
"	69BA0CDE","	Chamber1","	1","	B01??(%RH)","	82.9","	2026-07-28 17:26:42"
"	69BA0CDE","	Chamber1","	1","	B01??(?)","	5","	2026-07-28 17:26:40"
"	69BA0CDE","	Chamber1","	1","	B01??(%RH)","	82.9","	2026-07-28 17:26:40"
"	69BA0CDE","	Chamber1","	1","	B01??(?)","	5","	2026-07-28 17:26:38"
"	69BA0CDE","	Chamber1","	1","	B01??(%RH)","	82.9","	2026-07-28 17:26:38"
"	69BA0CDE","	Chamber1","	1","	B01??(%RH)","	82.9","	2026-07-28 17:26:36"
"	69BA0CDE","	Chamber1","	1","	B01??(?)","	5","	2026-07-28 17:26:35"
"	69BA0CDE","	Chamber1","	1","	B01??(?)","	5","	2026-07-28 17:26:33"
"	69BA0CDE","	Chamber1","	1","	B01??(%RH)","	82.9","	2026-07-28 17:26:33"
"	69BA0CDE","	Chamber1","	1","	B01??(?)","	5","	2026-07-28 17:26:31"
"	69BA0CDE","	Chamber1","	1","	B01??(%RH)","	82.9","	2026-07-28 17:26:31"
"	69BA0CDE","	Chamber1","	1","	B01??(%RH)","	82.9","	2026-07-28 17:26:29"
"	69BA0CDE","	Chamber1","	1","	B01??(?)","	5","	2026-07-28 17:26:28"
"	69BA0CDE","	Chamber1","	1","	B01??(?)","	5","	2026-07-28 17:26:26"
"	69BA0CDE","	Chamber1","	1","	B01??(%RH)","	82.9","	2026-07-28 17:26:26"
"	69BA0CDE","	Chamber1","	1","	B01??(?)","	5","	2026-07-28 17:26:24"
"	69BA0CDE","	Chamber1","	1","	B01??(%RH)","	82.9","	2026-07-28 17:26:24"
"	69BA0CDE","	Chamber1","	1","	B01??(%RH)","	82.9","	2026-07-28 17:26:22"
"	69BA0CDE","	Chamber1","	1","	B01??(?)","	5","	2026-07-28 17:26:21"
"	69BA0CDE","	Chamber1","	1","	B01??(?)","	5","	2026-07-28 17:26:19"
"	69BA0CDE","	Chamber1","	1","	B01??(%RH)","	82.9","	2026-07-28 17:26:19"
"	69BA0CDE","	Chamber1","	1","	B01??(?)","	5","	2026-07-28 17:26:17"
"	69BA0CDE","	Chamber1","	1","	B01??(%RH)","	82.9","	2026-07-28 17:26:17"
"	69BA0CDE","	Chamber1","	1","	B01??(?)","	5","	2026-07-28 17:26:15"
"	69BA0CDE","	Chamber1","	1","	B01??(%RH)","	82.9","	2026-07-28 17:26:15"
"	69BA0CDE","	Chamber1","	1","	B01??(%RH)","	82.9","	2026-07-28 17:26:13"
"	69BA0CDE","	Chamber1","	1","	B01??(?)","	5","	2026-07-28 17:26:12"
"	69BA0CDE","	Chamber1","	1","	B01??(?)","	5","	2026-07-28 17:26:10"
"	69BA0CDE","	Chamber1","	1","	B01??(%RH)","	82.9","	2026-07-28 17:26:10"
"	69BA0CDE","	Chamber1","	1","	B01??(?)","	5","	2026-07-28 17:26:08"
"	69BA0CDE","	Chamber1","	1","	B01??(%RH)","	82.9","	2026-07-28 17:26:08"
"	69BA0CDE","	Chamber1","	1","	B01??(%RH)","	82.9","	2026-07-28 17:26:06"
"	69BA0CDE","	Chamber1","	1","	B01??(?)","	5","	2026-07-28 17:26:05"
"	69BA0CDE","	Chamber1","	1","	B01??(%RH)","	82.9","	2026-07-28 17:26:03"
"	69BA0CDE","	Chamber1","	1","	B01??(?)","	5","	2026-07-28 17:26:03"
"	69BA0CDE","	Chamber1","	1","	B01??(?)","	5","	2026-07-28 17:26:01"
"	69BA0CDE","	Chamber1","	1","	B01??(%RH)","	82.9","	2026-07-28 17:26:01"
"	69BA0CDE","	Chamber1","	1","	B01??(%RH)","	82.9","	2026-07-28 17:25:59"
"	69BA0CDE","	Chamber1","	1","	B01??(?)","	5","	2026-07-28 17:25:58"
"	69BA0CDE","	Chamber1","	1","	B01??(?)","	5","	2026-07-28 17:25:56"
"	69BA0CDE","	Chamber1","	1","	B01??(%RH)","	82.9","	2026-07-28 17:25:56"
"	69BA0CDE","	Chamber1","	1","	B01??(?)","	5","	2026-07-28 17:25:54"
"	69BA0CDE","	Chamber1","	1","	B01??(%RH)","	82.9","	2026-07-28 17:25:54"
"	69BA0CDE","	Chamber1","	1","	B01??(?)","	5","	2026-07-28 17:25:52"
"	69BA0CDE","	Chamber1","	1","	B01??(%RH)","	82.9","	2026-07-28 17:25:52"
"	69BA0CDE","	Chamber1","	1","	B01??(%RH)","	82.9","	2026-07-28 17:25:50"
"	69BA0CDE","	Chamber1","	1","	B01??(?)","	5","	2026-07-28 17:25:49"
"	69BA0CDE","	Chamber1","	1","	B01??(?)","	5","	2026-07-28 17:25:47"
"	69BA0CDE","	Chamber1","	1","	B01??(%RH)","	82.9","	2026-07-28 17:25:47"
"	69BA0CDE","	Chamber1","	1","	B01??(?)","	5","	2026-07-28 17:25:45"
"	69BA0CDE","	Chamber1","	1","	B01??(%RH)","	82.9","	2026-07-28 17:25:45"
"	69BA0CDE","	Chamber1","	1","	B01??(%RH)","	82.9","	2026-07-28 17:25:43"
"	69BA0CDE","	Chamber1","	1","	B01??(?)","	5","	2026-07-28 17:25:42"
"	69BA0CDE","	Chamber1","	1","	B01??(?)","	5","	2026-07-28 17:25:40"
"	69BA0CDE","	Chamber1","	1","	B01??(%RH)","	82.9","	2026-07-28 17:25:40"
"	69BA0CDE","	Chamber1","	1","	B01??(?)","	5","	2026-07-28 17:25:38"
"	69BA0CDE","	Chamber1","	1","	B01??(%RH)","	82.9","	2026-07-28 17:25:38"
"	69BA0CDE","	Chamber1","	1","	B01??(?)","	5","	2026-07-28 17:25:36"
"	69BA0CDE","	Chamber1","	1","	B01??(%RH)","	82.8","	2026-07-28 17:25:36"
"	69BA0CDE","	Chamber1","	1","	B01??(%RH)","	82.9","	2026-07-28 17:25:34"
"	69BA0CDE","	Chamber1","	1","	B01??(?)","	5","	2026-07-28 17:25:33"
"	69BA0CDE","	Chamber1","	1","	B01??(?)","	5","	2026-07-28 17:25:31"
"	69BA0CDE","	Chamber1","	1","	B01??(%RH)","	82.9","	2026-07-28 17:25:31"
"	69BA0CDE","	Chamber1","	1","	B01??(?)","	5","	2026-07-28 17:25:29"
"	69BA0CDE","	Chamber1","	1","	B01??(%RH)","	82.9","	2026-07-28 17:25:29"
"	69BA0CDE","	Chamber1","	1","	B01??(%RH)","	82.9","	2026-07-28 17:25:27"
"	69BA0CDE","	Chamber1","	1","	B01??(?)","	5","	2026-07-28 17:25:26"
"	69BA0CDE","	Chamber1","	1","	B01??(?)","	5","	2026-07-28 17:25:24"
"	69BA0CDE","	Chamber1","	1","	B01??(%RH)","	82.9","	2026-07-28 17:25:24"
"	69BA0CDE","	Chamber1","	1","	B01??(?)","	5","	2026-07-28 17:25:22"
"	69BA0CDE","	Chamber1","	1","	B01??(%RH)","	82.9","	2026-07-28 17:25:22"
"	69BA0CDE","	Chamber1","	1","	B01??(?)","	5","	2026-07-28 17:25:20"
"	69BA0CDE","	Chamber1","	1","	B01??(%RH)","	82.9","	2026-07-28 17:25:20"
"	69BA0CDE","	Chamber1","	1","	B01??(%RH)","	82.9","	2026-07-28 17:25:18"
"	69BA0CDE","	Chamber1","	1","	B01??(?)","	5","	2026-07-28 17:25:17"
"	69BA0CDE","	Chamber1","	1","	B01??(?)","	5","	2026-07-28 17:25:15"
"	69BA0CDE","	Chamber1","	1","	B01??(%RH)","	82.9","	2026-07-28 17:25:15"
"	69BA0CDE","	Chamber1","	1","	B01??(?)","	5","	2026-07-28 17:25:13"
"	69BA0CDE","	Chamber1","	1","	B01??(%RH)","	82.9","	2026-07-28 17:25:13"
"	69BA0CDE","	Chamber1","	1","	B01??(%RH)","	82.9","	2026-07-28 17:25:11"
"	69BA0CDE","	Chamber1","	1","	B01??(?)","	5","	2026-07-28 17:25:10"
"	69BA0CDE","	Chamber1","	1","	B01??(?)","	5","	2026-07-28 17:25:08"
"	69BA0CDE","	Chamber1","	1","	B01??(%RH)","	82.9","	2026-07-28 17:25:08"
"	69BA0CDE","	Chamber1","	1","	B01??(?)","	5","	2026-07-28 17:25:06"
"	69BA0CDE","	Chamber1","	1","	B01??(%RH)","	82.9","	2026-07-28 17:25:06"
"	69BA0CDE","	Chamber1","	1","	B01??(?)","	5","	2026-07-28 17:25:04"
"	69BA0CDE","	Chamber1","	1","	B01??(%RH)","	82.9","	2026-07-28 17:25:04"
"	69BA0CDE","	Chamber1","	1","	B01??(%RH)","	82.9","	2026-07-28 17:25:02"
"	69BA0CDE","	Chamber1","	1","	B01??(?)","	5","	2026-07-28 17:25:01"
"	69BA0CDE","	Chamber1","	1","	B01??(?)","	5","	2026-07-28 17:24:59"
"	69BA0CDE","	Chamber1","	1","	B01??(%RH)","	82.9","	2026-07-28 17:24:59"
"	69BA0CDE","	Chamber1","	1","	B01??(?)","	5","	2026-07-28 17:24:57"
"	69BA0CDE","	Chamber1","	1","	B01??(%RH)","	82.9","	2026-07-28 17:24:57"
"	69BA0CDE","	Chamber1","	1","	B01??(%RH)","	82.9","	2026-07-28 17:24:55"
"	69BA0CDE","	Chamber1","	1","	B01??(?)","	5","	2026-07-28 17:24:54"
"	69BA0CDE","	Chamber1","	1","	B01??(?)","	5","	2026-07-28 17:24:52"
"	69BA0CDE","	Chamber1","	1","	B01??(%RH)","	82.9","	2026-07-28 17:24:52"
"	69BA0CDE","	Chamber1","	1","	B01??(?)","	5","	2026-07-28 17:24:50"
"	69BA0CDE","	Chamber1","	1","	B01??(%RH)","	82.9","	2026-07-28 17:24:50"
"	69BA0CDE","	Chamber1","	1","	B01??(%RH)","	82.9","	2026-07-28 17:24:48"
"	69BA0CDE","	Chamber1","	1","	B01??(?)","	5","	2026-07-28 17:24:47"
"	69BA0CDE","	Chamber1","	1","	B01??(?)","	5","	2026-07-28 17:24:45"
"	69BA0CDE","	Chamber1","	1","	B01??(%RH)","	82.9","	2026-07-28 17:24:45"
"	69BA0CDE","	Chamber1","	1","	B01??(?)","	5","	2026-07-28 17:24:43"
"	69BA0CDE","	Chamber1","	1","	B01??(%RH)","	82.9","	2026-07-28 17:24:43"
"	69BA0CDE","	Chamber1","	1","	B01??(?)","	5","	2026-07-28 17:24:41"
"	69BA0CDE","	Chamber1","	1","	B01??(%RH)","	82.9","	2026-07-28 17:24:41"
"	69BA0CDE","	Chamber1","	1","	B01??(%RH)","	82.9","	2026-07-28 17:24:39"
"	69BA0CDE","	Chamber1","	1","	B01??(?)","	5","	2026-07-28 17:24:38"
"	69BA0CDE","	Chamber1","	1","	B01??(?)","	5","	2026-07-28 17:24:36"
"	69BA0CDE","	Chamber1","	1","	B01??(%RH)","	82.9","	2026-07-28 17:24:36"
"	69BA0CDE","	Chamber1","	1","	B01??(?)","	5","	2026-07-28 17:24:34"
"	69BA0CDE","	Chamber1","	1","	B01??(%RH)","	82.9","	2026-07-28 17:24:34"
"	69BA0CDE","	Chamber1","	1","	B01??(%RH)","	82.8","	2026-07-28 17:24:32"
"	69BA0CDE","	Chamber1","	1","	B01??(?)","	5","	2026-07-28 17:24:31"
"	69BA0CDE","	Chamber1","	1","	B01??(?)","	5","	2026-07-28 17:24:29"
"	69BA0CDE","	Chamber1","	1","	B01??(%RH)","	82.9","	2026-07-28 17:24:29"
"	69BA0CDE","	Chamber1","	1","	B01??(?)","	5","	2026-07-28 17:24:27"
"	69BA0CDE","	Chamber1","	1","	B01??(%RH)","	82.9","	2026-07-28 17:24:27"
"	69BA0CDE","	Chamber1","	1","	B01??(?)","	5","	2026-07-28 17:24:25"
"	69BA0CDE","	Chamber1","	1","	B01??(%RH)","	82.9","	2026-07-28 17:24:25"
"	69BA0CDE","	Chamber1","	1","	B01??(%RH)","	82.9","	2026-07-28 17:24:23"
"	69BA0CDE","	Chamber1","	1","	B01??(?)","	5","	2026-07-28 17:24:22"
"	69BA0CDE","	Chamber1","	1","	B01??(?)","	5","	2026-07-28 17:24:20"
"	69BA0CDE","	Chamber1","	1","	B01??(%RH)","	82.8","	2026-07-28 17:24:20"
"	69BA0CDE","	Chamber1","	1","	B01??(?)","	5","	2026-07-28 17:24:18"
"	69BA0CDE","	Chamber1","	1","	B01??(%RH)","	82.8","	2026-07-28 17:24:18"
"	69BA0CDE","	Chamber1","	1","	B01??(%RH)","	82.9","	2026-07-28 17:24:16"
"	69BA0CDE","	Chamber1","	1","	B01??(?)","	5","	2026-07-28 17:24:15"
"	69BA0CDE","	Chamber1","	1","	B01??(?)","	5","	2026-07-28 17:24:13"
"	69BA0CDE","	Chamber1","	1","	B01??(%RH)","	82.9","	2026-07-28 17:24:13"
"	69BA0CDE","	Chamber1","	1","	B01??(?)","	5","	2026-07-28 17:24:11"
"	69BA0CDE","	Chamber1","	1","	B01??(%RH)","	82.8","	2026-07-28 17:24:11"
"	69BA0CDE","	Chamber1","	1","	B01??(?)","	5","	2026-07-28 17:24:09"
"	69BA0CDE","	Chamber1","	1","	B01??(%RH)","	82.8","	2026-07-28 17:24:09"
"	69BA0CDE","	Chamber1","	1","	B01??(%RH)","	82.8","	2026-07-28 17:24:07"
"	69BA0CDE","	Chamber1","	1","	B01??(?)","	5","	2026-07-28 17:24:06"
"	69BA0CDE","	Chamber1","	1","	B01??(?)","	5","	2026-07-28 17:24:04"
"	69BA0CDE","	Chamber1","	1","	B01??(%RH)","	82.8","	2026-07-28 17:24:04"
"	69BA0CDE","	Chamber1","	1","	B01??(?)","	5","	2026-07-28 17:24:02"
"	69BA0CDE","	Chamber1","	1","	B01??(%RH)","	82.8","	2026-07-28 17:24:02"
"	69BA0CDE","	Chamber1","	1","	B01??(%RH)","	82.8","	2026-07-28 17:24:00"
"	69BA0CDE","	Chamber1","	1","	B01??(?)","	5","	2026-07-28 17:23:59"
"	69BA0CDE","	Chamber1","	1","	B01??(?)","	5","	2026-07-28 17:23:57"
"	69BA0CDE","	Chamber1","	1","	B01??(%RH)","	82.8","	2026-07-28 17:23:57"
"	69BA0CDE","	Chamber1","	1","	B01??(?)","	5","	2026-07-28 17:23:55"
"	69BA0CDE","	Chamber1","	1","	B01??(%RH)","	82.8","	2026-07-28 17:23:55"
"	69BA0CDE","	Chamber1","	1","	B01??(?)","	5","	2026-07-28 17:23:53"
"	69BA0CDE","	Chamber1","	1","	B01??(%RH)","	82.8","	2026-07-28 17:23:53"
"	69BA0CDE","	Chamber1","	1","	B01??(%RH)","	82.8","	2026-07-28 17:23:51"
"	69BA0CDE","	Chamber1","	1","	B01??(?)","	5","	2026-07-28 17:23:50"
"	69BA0CDE","	Chamber1","	1","	B01??(?)","	5","	2026-07-28 17:23:48"
"	69BA0CDE","	Chamber1","	1","	B01??(%RH)","	82.8","	2026-07-28 17:23:48"
"	69BA0CDE","	Chamber1","	1","	B01??(?)","	5","	2026-07-28 17:23:46"
"	69BA0CDE","	Chamber1","	1","	B01??(%RH)","	82.8","	2026-07-28 17:23:46"
"	69BA0CDE","	Chamber1","	1","	B01??(%RH)","	82.8","	2026-07-28 17:23:44"
"	69BA0CDE","	Chamber1","	1","	B01??(?)","	5","	2026-07-28 17:23:43"
"	69BA0CDE","	Chamber1","	1","	B01??(?)","	5","	2026-07-28 17:23:41"
"	69BA0CDE","	Chamber1","	1","	B01??(%RH)","	82.8","	2026-07-28 17:23:41"
"	69BA0CDE","	Chamber1","	1","	B01??(?)","	5","	2026-07-28 17:23:39"
"	69BA0CDE","	Chamber1","	1","	B01??(%RH)","	82.8","	2026-07-28 17:23:39"
"	69BA0CDE","	Chamber1","	1","	B01??(?)","	5","	2026-07-28 17:23:37"
"	69BA0CDE","	Chamber1","	1","	B01??(%RH)","	82.8","	2026-07-28 17:23:37"
"	69BA0CDE","	Chamber1","	1","	B01??(%RH)","	82.8","	2026-07-28 17:23:35"
"	69BA0CDE","	Chamber1","	1","	B01??(?)","	5","	2026-07-28 17:23:34"
"	69BA0CDE","	Chamber1","	1","	B01??(?)","	5","	2026-07-28 17:23:32"
"	69BA0CDE","	Chamber1","	1","	B01??(%RH)","	82.8","	2026-07-28 17:23:32"
"	69BA0CDE","	Chamber1","	1","	B01??(?)","	5","	2026-07-28 17:23:30"
"	69BA0CDE","	Chamber1","	1","	B01??(%RH)","	82.8","	2026-07-28 17:23:30"
"	69BA0CDE","	Chamber1","	1","	B01??(%RH)","	82.8","	2026-07-28 17:23:28"
"	69BA0CDE","	Chamber1","	1","	B01??(?)","	5","	2026-07-28 17:23:27"
"	69BA0CDE","	Chamber1","	1","	B01??(?)","	5","	2026-07-28 17:23:25"
"	69BA0CDE","	Chamber1","	1","	B01??(%RH)","	82.8","	2026-07-28 17:23:25"
"	69BA0CDE","	Chamber1","	1","	B01??(?)","	5","	2026-07-28 17:23:23"
"	69BA0CDE","	Chamber1","	1","	B01??(%RH)","	82.7","	2026-07-28 17:23:23"
"	69BA0CDE","	Chamber1","	1","	B01??(%RH)","	82.7","	2026-07-28 17:23:21"
"	69BA0CDE","	Chamber1","	1","	B01??(?)","	5","	2026-07-28 17:23:20"
"	69BA0CDE","	Chamber1","	1","	B01??(?)","	5","	2026-07-28 17:23:18"
"	69BA0CDE","	Chamber1","	1","	B01??(%RH)","	82.7","	2026-07-28 17:23:18"
"	69BA0CDE","	Chamber1","	1","	B01??(?)","	5","	2026-07-28 17:23:16"
"	69BA0CDE","	Chamber1","	1","	B01??(%RH)","	82.7","	2026-07-28 17:23:16"
"	69BA0CDE","	Chamber1","	1","	B01??(?)","	5","	2026-07-28 17:23:14"
"	69BA0CDE","	Chamber1","	1","	B01??(%RH)","	82.8","	2026-07-28 17:23:14"
"	69BA0CDE","	Chamber1","	1","	B01??(%RH)","	82.7","	2026-07-28 17:23:12"
"	69BA0CDE","	Chamber1","	1","	B01??(?)","	5","	2026-07-28 17:23:11"
"	69BA0CDE","	Chamber1","	1","	B01??(?)","	5","	2026-07-28 17:23:09"
"	69BA0CDE","	Chamber1","	1","	B01??(%RH)","	82.7","	2026-07-28 17:23:09"
"	69BA0CDE","	Chamber1","	1","	B01??(?)","	5","	2026-07-28 17:23:07"
"	69BA0CDE","	Chamber1","	1","	B01??(%RH)","	82.7","	2026-07-28 17:23:07"
"	69BA0CDE","	Chamber1","	1","	B01??(%RH)","	82.7","	2026-07-28 17:23:05"
"	69BA0CDE","	Chamber1","	1","	B01??(?)","	5","	2026-07-28 17:23:04"
"	69BA0CDE","	Chamber1","	1","	B01??(?)","	5","	2026-07-28 17:23:02"
"	69BA0CDE","	Chamber1","	1","	B01??(%RH)","	82.7","	2026-07-28 17:23:02"
"	69BA0CDE","	Chamber1","	1","	B01??(?)","	5","	2026-07-28 17:23:00"
"	69BA0CDE","	Chamber1","	1","	B01??(%RH)","	82.7","	2026-07-28 17:23:00"
"	69BA0CDE","	Chamber1","	1","	B01??(%RH)","	82.6","	2026-07-28 17:22:58"
"	69BA0CDE","	Chamber1","	1","	B01??(?)","	5","	2026-07-28 17:22:58"
"	69BA0CDE","	Chamber1","	1","	B01??(%RH)","	82.6","	2026-07-28 17:22:56"
"	69BA0CDE","	Chamber1","	1","	B01??(?)","	5","	2026-07-28 17:22:55"
"	69BA0CDE","	Chamber1","	1","	B01??(?)","	5","	2026-07-28 17:22:53"
"	69BA0CDE","	Chamber1","	1","	B01??(%RH)","	82.6","	2026-07-28 17:22:53"
"	69BA0CDE","	Chamber1","	1","	B01??(?)","	5","	2026-07-28 17:22:51"
"	69BA0CDE","	Chamber1","	1","	B01??(%RH)","	82.5","	2026-07-28 17:22:51"
"	69BA0CDE","	Chamber1","	1","	B01??(%RH)","	82.6","	2026-07-28 17:22:49"
"	69BA0CDE","	Chamber1","	1","	B01??(?)","	5","	2026-07-28 17:22:48"
"	69BA0CDE","	Chamber1","	1","	B01??(?)","	5","	2026-07-28 17:22:46"
"	69BA0CDE","	Chamber1","	1","	B01??(%RH)","	82.6","	2026-07-28 17:22:46"
"	69BA0CDE","	Chamber1","	1","	B01??(?)","	5","	2026-07-28 17:22:44"
"	69BA0CDE","	Chamber1","	1","	B01??(%RH)","	82.5","	2026-07-28 17:22:44"
"	69BA0CDE","	Chamber1","	1","	B01??(%RH)","	82.5","	2026-07-28 17:22:42"
"	69BA0CDE","	Chamber1","	1","	B01??(?)","	5","	2026-07-28 17:22:41"
"	69BA0CDE","	Chamber1","	1","	B01??(?)","	5","	2026-07-28 17:22:39"
"	69BA0CDE","	Chamber1","	1","	B01??(%RH)","	82.4","	2026-07-28 17:22:39"
"	69BA0CDE","	Chamber1","	1","	B01??(?)","	5","	2026-07-28 17:22:37"
"	69BA0CDE","	Chamber1","	1","	B01??(%RH)","	82.4","	2026-07-28 17:22:37"
"	69BA0CDE","	Chamber1","	1","	B01??(?)","	5","	2026-07-28 17:22:35"
"	69BA0CDE","	Chamber1","	1","	B01??(%RH)","	82.4","	2026-07-28 17:22:35"
"	69BA0CDE","	Chamber1","	1","	B01??(%RH)","	82.3","	2026-07-28 17:22:33"
"	69BA0CDE","	Chamber1","	1","	B01??(?)","	5","	2026-07-28 17:22:32"
"	69BA0CDE","	Chamber1","	1","	B01??(?)","	5","	2026-07-28 17:22:30"
"	69BA0CDE","	Chamber1","	1","	B01??(%RH)","	82.3","	2026-07-28 17:22:30"
"	69BA0CDE","	Chamber1","	1","	B01??(?)","	5","	2026-07-28 17:22:28"
"	69BA0CDE","	Chamber1","	1","	B01??(%RH)","	82.3","	2026-07-28 17:22:28"
"	69BA0CDE","	Chamber1","	1","	B01??(%RH)","	82.2","	2026-07-28 17:22:26"
"	69BA0CDE","	Chamber1","	1","	B01??(?)","	5","	2026-07-28 17:22:25"
"	69BA0CDE","	Chamber1","	1","	B01??(?)","	5","	2026-07-28 17:22:23"
"	69BA0CDE","	Chamber1","	1","	B01??(%RH)","	82.2","	2026-07-28 17:22:23"
"	69BA0CDE","	Chamber1","	1","	B01??(?)","	5","	2026-07-28 17:22:21"
"	69BA0CDE","	Chamber1","	1","	B01??(%RH)","	82.2","	2026-07-28 17:22:21"
"	69BA0CDE","	Chamber1","	1","	B01??(?)","	5","	2026-07-28 17:22:19"
"	69BA0CDE","	Chamber1","	1","	B01??(%RH)","	82.1","	2026-07-28 17:22:19"
"	69BA0CDE","	Chamber1","	1","	B01??(%RH)","	82.1","	2026-07-28 17:22:17"
"	69BA0CDE","	Chamber1","	1","	B01??(?)","	5","	2026-07-28 17:22:16"
"	69BA0CDE","	Chamber1","	1","	B01??(?)","	5","	2026-07-28 17:22:14"
"	69BA0CDE","	Chamber1","	1","	B01??(%RH)","	82.2","	2026-07-28 17:22:14"
"	69BA0CDE","	Chamber1","	1","	B01??(?)","	5","	2026-07-28 17:22:12"
"	69BA0CDE","	Chamber1","	1","	B01??(%RH)","	82.2","	2026-07-28 17:22:12"
"	69BA0CDE","	Chamber1","	1","	B01??(%RH)","	82.2","	2026-07-28 17:22:10"
"	69BA0CDE","	Chamber1","	1","	B01??(?)","	5","	2026-07-28 17:22:09"
"	69BA0CDE","	Chamber1","	1","	B01??(?)","	5","	2026-07-28 17:22:07"
"	69BA0CDE","	Chamber1","	1","	B01??(%RH)","	82.2","	2026-07-28 17:22:07"
"	69BA0CDE","	Chamber1","	1","	B01??(?)","	5","	2026-07-28 17:22:05"
"	69BA0CDE","	Chamber1","	1","	B01??(%RH)","	82.2","	2026-07-28 17:22:05"
"	69BA0CDE","	Chamber1","	1","	B01??(?)","	5","	2026-07-28 17:22:03"
"	69BA0CDE","	Chamber1","	1","	B01??(%RH)","	82.2","	2026-07-28 17:22:03"
"	69BA0CDE","	Chamber1","	1","	B01??(%RH)","	82.2","	2026-07-28 17:22:01"
"	69BA0CDE","	Chamber1","	1","	B01??(?)","	5","	2026-07-28 17:22:00"
"	69BA0CDE","	Chamber1","	1","	B01??(?)","	5","	2026-07-28 17:21:58"
"	69BA0CDE","	Chamber1","	1","	B01??(%RH)","	82.2","	2026-07-28 17:21:58"
"	69BA0CDE","	Chamber1","	1","	B01??(?)","	5","	2026-07-28 17:21:56"
"	69BA0CDE","	Chamber1","	1","	B01??(%RH)","	82.2","	2026-07-28 17:21:56"
"	69BA0CDE","	Chamber1","	1","	B01??(?)","	5","	2026-07-28 17:21:54"
"	69BA0CDE","	Chamber1","	1","	B01??(%RH)","	82.2","	2026-07-28 17:21:54"
"	69BA0CDE","	Chamber1","	1","	B01??(%RH)","	82.2","	2026-07-28 17:21:52"
"	69BA0CDE","	Chamber1","	1","	B01??(?)","	5","	2026-07-28 17:21:51"
"	69BA0CDE","	Chamber1","	1","	B01??(?)","	5","	2026-07-28 17:21:49"
"	69BA0CDE","	Chamber1","	1","	B01??(%RH)","	82.2","	2026-07-28 17:21:49"
"	69BA0CDE","	Chamber1","	1","	B01??(?)","	5","	2026-07-28 17:21:47"
"	69BA0CDE","	Chamber1","	1","	B01??(%RH)","	82.2","	2026-07-28 17:21:47"
"	69BA0CDE","	Chamber1","	1","	B01??(%RH)","	82.2","	2026-07-28 17:21:45"
"	69BA0CDE","	Chamber1","	1","	B01??(?)","	5","	2026-07-28 17:21:44"
"	69BA0CDE","	Chamber1","	1","	B01??(?)","	5","	2026-07-28 17:21:42"
"	69BA0CDE","	Chamber1","	1","	B01??(%RH)","	82.2","	2026-07-28 17:21:42"
"	69BA0CDE","	Chamber1","	1","	B01??(?)","	5","	2026-07-28 17:21:40"
"	69BA0CDE","	Chamber1","	1","	B01??(%RH)","	82.2","	2026-07-28 17:21:40"
"	69BA0CDE","	Chamber1","	1","	B01??(?)","	5","	2026-07-28 17:21:38"
"	69BA0CDE","	Chamber1","	1","	B01??(%RH)","	82.2","	2026-07-28 17:21:38"
"	69BA0CDE","	Chamber1","	1","	B01??(%RH)","	82.2","	2026-07-28 17:21:36"
"	69BA0CDE","	Chamber1","	1","	B01??(?)","	5","	2026-07-28 17:21:35"
"	69BA0CDE","	Chamber1","	1","	B01??(?)","	5","	2026-07-28 17:21:33"
"	69BA0CDE","	Chamber1","	1","	B01??(%RH)","	82.2","	2026-07-28 17:21:33"
"	69BA0CDE","	Chamber1","	1","	B01??(?)","	5","	2026-07-28 17:21:31"
"	69BA0CDE","	Chamber1","	1","	B01??(%RH)","	82.2","	2026-07-28 17:21:31"
"	69BA0CDE","	Chamber1","	1","	B01??(%RH)","	82.2","	2026-07-28 17:21:29"
"	69BA0CDE","	Chamber1","	1","	B01??(?)","	5","	2026-07-28 17:21:28"
"	69BA0CDE","	Chamber1","	1","	B01??(?)","	5","	2026-07-28 17:21:26"
"	69BA0CDE","	Chamber1","	1","	B01??(%RH)","	82.2","	2026-07-28 17:21:26"
"	69BA0CDE","	Chamber1","	1","	B01??(?)","	5","	2026-07-28 17:21:24"
"	69BA0CDE","	Chamber1","	1","	B01??(%RH)","	82.2","	2026-07-28 17:21:24"
"	69BA0CDE","	Chamber1","	1","	B01??(%RH)","	82.2","	2026-07-28 17:21:22"
"	69BA0CDE","	Chamber1","	1","	B01??(?)","	5","	2026-07-28 17:21:21"
"	69BA0CDE","	Chamber1","	1","	B01??(?)","	5","	2026-07-28 17:21:19"
"	69BA0CDE","	Chamber1","	1","	B01??(%RH)","	82.2","	2026-07-28 17:21:19"
"	69BA0CDE","	Chamber1","	1","	B01??(?)","	5","	2026-07-28 17:21:17"
"	69BA0CDE","	Chamber1","	1","	B01??(%RH)","	82.2","	2026-07-28 17:21:17"
"	69BA0CDE","	Chamber1","	1","	B01??(?)","	5","	2026-07-28 17:21:15"
"	69BA0CDE","	Chamber1","	1","	B01??(%RH)","	82.2","	2026-07-28 17:21:15"
"	69BA0CDE","	Chamber1","	1","	B01??(%RH)","	82.2","	2026-07-28 17:21:13"
"	69BA0CDE","	Chamber1","	1","	B01??(?)","	5","	2026-07-28 17:21:12"
"	69BA0CDE","	Chamber1","	1","	B01??(?)","	5","	2026-07-28 17:21:10"
"	69BA0CDE","	Chamber1","	1","	B01??(%RH)","	82.2","	2026-07-28 17:21:10"
"	69BA0CDE","	Chamber1","	1","	B01??(?)","	5","	2026-07-28 17:21:08"
"	69BA0CDE","	Chamber1","	1","	B01??(%RH)","	82.2","	2026-07-28 17:21:08"
"	69BA0CDE","	Chamber1","	1","	B01??(?)","	5","	2026-07-28 17:21:06"
"	69BA0CDE","	Chamber1","	1","	B01??(%RH)","	82.2","	2026-07-28 17:21:06"
"	69BA0CDE","	Chamber1","	1","	B01??(%RH)","	82.2","	2026-07-28 17:21:04"
"	69BA0CDE","	Chamber1","	1","	B01??(?)","	5","	2026-07-28 17:21:03"
"	69BA0CDE","	Chamber1","	1","	B01??(?)","	5","	2026-07-28 17:21:01"
"	69BA0CDE","	Chamber1","	1","	B01??(%RH)","	82.2","	2026-07-28 17:21:01"
"	69BA0CDE","	Chamber1","	1","	B01??(?)","	5","	2026-07-28 17:20:59"
"	69BA0CDE","	Chamber1","	1","	B01??(%RH)","	82.2","	2026-07-28 17:20:59"
"	69BA0CDE","	Chamber1","	1","	B01??(%RH)","	82.2","	2026-07-28 17:20:57"
"	69BA0CDE","	Chamber1","	1","	B01??(?)","	5","	2026-07-28 17:20:56"
"	69BA0CDE","	Chamber1","	1","	B01??(?)","	5","	2026-07-28 17:20:54"
"	69BA0CDE","	Chamber1","	1","	B01??(%RH)","	82.2","	2026-07-28 17:20:54"
"	69BA0CDE","	Chamber1","	1","	B01??(?)","	5","	2026-07-28 17:20:52"
"	69BA0CDE","	Chamber1","	1","	B01??(%RH)","	82.2","	2026-07-28 17:20:52"
"	69BA0CDE","	Chamber1","	1","	B01??(?)","	5","	2026-07-28 17:20:50"
"	69BA0CDE","	Chamber1","	1","	B01??(%RH)","	82.2","	2026-07-28 17:20:50"
"	69BA0CDE","	Chamber1","	1","	B01??(%RH)","	82.2","	2026-07-28 17:20:48"
"	69BA0CDE","	Chamber1","	1","	B01??(?)","	5","	2026-07-28 17:20:47"
"	69BA0CDE","	Chamber1","	1","	B01??(?)","	5","	2026-07-28 17:20:45"
"	69BA0CDE","	Chamber1","	1","	B01??(%RH)","	82.2","	2026-07-28 17:20:45"
"	69BA0CDE","	Chamber1","	1","	B01??(?)","	5","	2026-07-28 17:20:43"
"	69BA0CDE","	Chamber1","	1","	B01??(%RH)","	82.2","	2026-07-28 17:20:43"
"	69BA0CDE","	Chamber1","	1","	B01??(%RH)","	82.2","	2026-07-28 17:20:41"
"	69BA0CDE","	Chamber1","	1","	B01??(?)","	5","	2026-07-28 17:20:40"
"	69BA0CDE","	Chamber1","	1","	B01??(?)","	5","	2026-07-28 17:20:38"
"	69BA0CDE","	Chamber1","	1","	B01??(%RH)","	82.2","	2026-07-28 17:20:38"
"	69BA0CDE","	Chamber1","	1","	B01??(?)","	5","	2026-07-28 17:20:36"
"	69BA0CDE","	Chamber1","	1","	B01??(%RH)","	82.2","	2026-07-28 17:20:36"
"	69BA0CDE","	Chamber1","	1","	B01??(?)","	5","	2026-07-28 17:20:34"
"	69BA0CDE","	Chamber1","	1","	B01??(%RH)","	82.2","	2026-07-28 17:20:34"
"	69BA0CDE","	Chamber1","	1","	B01??(%RH)","	82.2","	2026-07-28 17:20:32"
"	69BA0CDE","	Chamber1","	1","	B01??(?)","	5","	2026-07-28 17:20:31"
"	69BA0CDE","	Chamber1","	1","	B01??(?)","	5","	2026-07-28 17:20:29"
"	69BA0CDE","	Chamber1","	1","	B01??(%RH)","	82.2","	2026-07-28 17:20:29"
"	69BA0CDE","	Chamber1","	1","	B01??(?)","	5","	2026-07-28 17:20:27"
"	69BA0CDE","	Chamber1","	1","	B01??(%RH)","	82.1","	2026-07-28 17:20:27"
"	69BA0CDE","	Chamber1","	1","	B01??(?)","	5","	2026-07-28 17:20:25"
"	69BA0CDE","	Chamber1","	1","	B01??(%RH)","	82.2","	2026-07-28 17:20:25"
"	69BA0CDE","	Chamber1","	1","	B01??(?)","	5","	2026-07-28 17:20:22"
"	69BA0CDE","	Chamber1","	1","	B01??(%RH)","	82.2","	2026-07-28 17:20:22"
"	69BA0CDE","	Chamber1","	1","	B01??(?)","	5","	2026-07-28 17:20:20"
"	69BA0CDE","	Chamber1","	1","	B01??(%RH)","	82.2","	2026-07-28 17:20:20"
"	69BA0CDE","	Chamber1","	1","	B01??(?)","	5","	2026-07-28 17:20:18"
"	69BA0CDE","	Chamber1","	1","	B01??(%RH)","	82.1","	2026-07-28 17:20:18"
"	69BA0CDE","	Chamber1","	1","	B01??(%RH)","	82.1","	2026-07-28 17:20:16"
"	69BA0CDE","	Chamber1","	1","	B01??(?)","	4.9","	2026-07-28 17:20:15"
"	69BA0CDE","	Chamber1","	1","	B01??(?)","	5","	2026-07-28 17:20:13"
"	69BA0CDE","	Chamber1","	1","	B01??(%RH)","	82.1","	2026-07-28 17:20:13"
"	69BA0CDE","	Chamber1","	1","	B01??(?)","	5","	2026-07-28 17:20:11"
"	69BA0CDE","	Chamber1","	1","	B01??(%RH)","	82.2","	2026-07-28 17:20:11"
"	69BA0CDE","	Chamber1","	1","	B01??(%RH)","	82.2","	2026-07-28 17:20:09"
"	69BA0CDE","	Chamber1","	1","	B01??(?)","	5","	2026-07-28 17:20:08"
"	69BA0CDE","	Chamber1","	1","	B01??(?)","	5","	2026-07-28 17:20:06"
"	69BA0CDE","	Chamber1","	1","	B01??(%RH)","	82.2","	2026-07-28 17:20:06"
"	69BA0CDE","	Chamber1","	1","	B01??(?)","	5","	2026-07-28 17:20:04"
"	69BA0CDE","	Chamber1","	1","	B01??(%RH)","	82.2","	2026-07-28 17:20:04"
"	69BA0CDE","	Chamber1","	1","	B01??(?)","	5","	2026-07-28 17:20:02"
"	69BA0CDE","	Chamber1","	1","	B01??(%RH)","	82.2","	2026-07-28 17:20:02"
"	69BA0CDE","	Chamber1","	1","	B01??(%RH)","	82.1","	2026-07-28 17:20:00"
"	69BA0CDE","	Chamber1","	1","	B01??(?)","	5","	2026-07-28 17:19:59"
"	69BA0CDE","	Chamber1","	1","	B01??(?)","	5","	2026-07-28 17:19:57"
"	69BA0CDE","	Chamber1","	1","	B01??(%RH)","	82.2","	2026-07-28 17:19:57"
"	69BA0CDE","	Chamber1","	1","	B01??(?)","	5","	2026-07-28 17:19:55"
"	69BA0CDE","	Chamber1","	1","	B01??(%RH)","	82.2","	2026-07-28 17:19:55"
"	69BA0CDE","	Chamber1","	1","	B01??(%RH)","	82.2","	2026-07-28 17:19:53"
"	69BA0CDE","	Chamber1","	1","	B01??(?)","	5","	2026-07-28 17:19:52"
"	69BA0CDE","	Chamber1","	1","	B01??(?)","	5","	2026-07-28 17:19:50"
"	69BA0CDE","	Chamber1","	1","	B01??(%RH)","	82.1","	2026-07-28 17:19:50"
"	69BA0CDE","	Chamber1","	1","	B01??(?)","	5","	2026-07-28 17:19:48"
"	69BA0CDE","	Chamber1","	1","	B01??(%RH)","	82.1","	2026-07-28 17:19:48"
"	69BA0CDE","	Chamber1","	1","	B01??(%RH)","	82.1","	2026-07-28 17:19:46"
"	69BA0CDE","	Chamber1","	1","	B01??(?)","	5","	2026-07-28 17:19:45"
"	69BA0CDE","	Chamber1","	1","	B01??(?)","	5","	2026-07-28 17:19:43"
"	69BA0CDE","	Chamber1","	1","	B01??(%RH)","	82.1","	2026-07-28 17:19:43"
"	69BA0CDE","	Chamber1","	1","	B01??(?)","	5","	2026-07-28 17:19:41"
"	69BA0CDE","	Chamber1","	1","	B01??(%RH)","	82.1","	2026-07-28 17:19:41"
"	69BA0CDE","	Chamber1","	1","	B01??(?)","	5","	2026-07-28 17:19:39"
"	69BA0CDE","	Chamber1","	1","	B01??(%RH)","	82.1","	2026-07-28 17:19:39"
"	69BA0CDE","	Chamber1","	1","	B01??(%RH)","	82.2","	2026-07-28 17:19:37"
"	69BA0CDE","	Chamber1","	1","	B01??(?)","	5","	2026-07-28 17:19:36"
"	69BA0CDE","	Chamber1","	1","	B01??(?)","	5","	2026-07-28 17:19:34"
"	69BA0CDE","	Chamber1","	1","	B01??(%RH)","	82.1","	2026-07-28 17:19:34"
"	69BA0CDE","	Chamber1","	1","	B01??(?)","	5","	2026-07-28 17:19:32"
"	69BA0CDE","	Chamber1","	1","	B01??(%RH)","	82.1","	2026-07-28 17:19:32"
"	69BA0CDE","	Chamber1","	1","	B01??(%RH)","	82.1","	2026-07-28 17:19:30"
"	69BA0CDE","	Chamber1","	1","	B01??(?)","	4.9","	2026-07-28 17:19:29"
"	69BA0CDE","	Chamber1","	1","	B01??(?)","	5","	2026-07-28 17:19:27"
"	69BA0CDE","	Chamber1","	1","	B01??(%RH)","	82.1","	2026-07-28 17:19:27"
"	69BA0CDE","	Chamber1","	1","	B01??(?)","	5","	2026-07-28 17:19:25"
"	69BA0CDE","	Chamber1","	1","	B01??(%RH)","	82.1","	2026-07-28 17:19:25"
"	69BA0CDE","	Chamber1","	1","	B01??(%RH)","	82.1","	2026-07-28 17:19:23"
"	69BA0CDE","	Chamber1","	1","	B01??(?)","	4.9","	2026-07-28 17:19:22"
"	69BA0CDE","	Chamber1","	1","	B01??(?)","	4.9","	2026-07-28 17:19:20"
"	69BA0CDE","	Chamber1","	1","	B01??(%RH)","	82.1","	2026-07-28 17:19:20"
"	69BA0CDE","	Chamber1","	1","	B01??(?)","	5","	2026-07-28 17:19:18"
"	69BA0CDE","	Chamber1","	1","	B01??(%RH)","	82.1","	2026-07-28 17:19:18"
"	69BA0CDE","	Chamber1","	1","	B01??(?)","	4.9","	2026-07-28 17:19:16"
"	69BA0CDE","	Chamber1","	1","	B01??(%RH)","	82.1","	2026-07-28 17:19:16"
"	69BA0CDE","	Chamber1","	1","	B01??(%RH)","	82.1","	2026-07-28 17:19:14"
"	69BA0CDE","	Chamber1","	1","	B01??(?)","	5","	2026-07-28 17:19:13"
"	69BA0CDE","	Chamber1","	1","	B01??(?)","	5","	2026-07-28 17:19:11"
"	69BA0CDE","	Chamber1","	1","	B01??(%RH)","	82.1","	2026-07-28 17:19:11"
"	69BA0CDE","	Chamber1","	1","	B01??(?)","	5","	2026-07-28 17:19:09"
"	69BA0CDE","	Chamber1","	1","	B01??(%RH)","	82.1","	2026-07-28 17:19:09"
"	69BA0CDE","	Chamber1","	1","	B01??(%RH)","	82.1","	2026-07-28 17:19:07"
"	69BA0CDE","	Chamber1","	1","	B01??(?)","	5","	2026-07-28 17:19:06"
"	69BA0CDE","	Chamber1","	1","	B01??(?)","	5","	2026-07-28 17:19:04"
"	69BA0CDE","	Chamber1","	1","	B01??(%RH)","	82.1","	2026-07-28 17:19:04"
"	69BA0CDE","	Chamber1","	1","	B01??(?)","	5","	2026-07-28 17:19:02"
"	69BA0CDE","	Chamber1","	1","	B01??(%RH)","	82.1","	2026-07-28 17:19:02"
"	69BA0CDE","	Chamber1","	1","	B01??(?)","	4.9","	2026-07-28 17:19:00"
"	69BA0CDE","	Chamber1","	1","	B01??(%RH)","	82.1","	2026-07-28 17:19:00"
"	69BA0CDE","	Chamber1","	1","	B01??(%RH)","	82.1","	2026-07-28 17:18:58"
"	69BA0CDE","	Chamber1","	1","	B01??(?)","	4.9","	2026-07-28 17:18:57"
"	69BA0CDE","	Chamber1","	1","	B01??(?)","	4.9","	2026-07-28 17:18:55"
"	69BA0CDE","	Chamber1","	1","	B01??(%RH)","	82.1","	2026-07-28 17:18:55"
"	69BA0CDE","	Chamber1","	1","	B01??(?)","	5","	2026-07-28 17:18:53"
"	69BA0CDE","	Chamber1","	1","	B01??(%RH)","	82.1","	2026-07-28 17:18:53"
"	69BA0CDE","	Chamber1","	1","	B01??(%RH)","	82.1","	2026-07-28 17:18:51"
"	69BA0CDE","	Chamber1","	1","	B01??(?)","	5","	2026-07-28 17:18:50"
"	69BA0CDE","	Chamber1","	1","	B01??(?)","	5","	2026-07-28 17:18:48"
"	69BA0CDE","	Chamber1","	1","	B01??(%RH)","	82.1","	2026-07-28 17:18:48"
"	69BA0CDE","	Chamber1","	1","	B01??(?)","	5","	2026-07-28 17:18:46"
"	69BA0CDE","	Chamber1","	1","	B01??(%RH)","	82.1","	2026-07-28 17:18:46"
"	69BA0CDE","	Chamber1","	1","	B01??(?)","	5","	2026-07-28 17:18:44"
"	69BA0CDE","	Chamber1","	1","	B01??(%RH)","	82.1","	2026-07-28 17:18:44"
"	69BA0CDE","	Chamber1","	1","	B01??(%RH)","	82.1","	2026-07-28 17:18:42"
"	69BA0CDE","	Chamber1","	1","	B01??(?)","	5","	2026-07-28 17:18:41"
"	69BA0CDE","	Chamber1","	1","	B01??(?)","	4.9","	2026-07-28 17:18:39"
"	69BA0CDE","	Chamber1","	1","	B01??(%RH)","	82.1","	2026-07-28 17:18:39"
"	69BA0CDE","	Chamber1","	1","	B01??(?)","	5","	2026-07-28 17:18:37"
"	69BA0CDE","	Chamber1","	1","	B01??(%RH)","	82.1","	2026-07-28 17:18:37"
"	69BA0CDE","	Chamber1","	1","	B01??(?)","	5","	2026-07-28 17:18:35"
"	69BA0CDE","	Chamber1","	1","	B01??(%RH)","	82.1","	2026-07-28 17:18:35"
"	69BA0CDE","	Chamber1","	1","	B01??(%RH)","	82.1","	2026-07-28 17:18:33"
"	69BA0CDE","	Chamber1","	1","	B01??(?)","	4.9","	2026-07-28 17:18:32"
"	69BA0CDE","	Chamber1","	1","	B01??(?)","	4.9","	2026-07-28 17:18:30"
"	69BA0CDE","	Chamber1","	1","	B01??(%RH)","	82.1","	2026-07-28 17:18:30"
"	69BA0CDE","	Chamber1","	1","	B01??(?)","	5","	2026-07-28 17:18:28"
"	69BA0CDE","	Chamber1","	1","	B01??(%RH)","	82.1","	2026-07-28 17:18:28"
"	69BA0CDE","	Chamber1","	1","	B01??(%RH)","	82.1","	2026-07-28 17:18:26"
"	69BA0CDE","	Chamber1","	1","	B01??(?)","	4.9","	2026-07-28 17:18:25"
"	69BA0CDE","	Chamber1","	1","	B01??(?)","	4.9","	2026-07-28 17:18:23"
"	69BA0CDE","	Chamber1","	1","	B01??(%RH)","	82.1","	2026-07-28 17:18:23"
"	69BA0CDE","	Chamber1","	1","	B01??(?)","	4.9","	2026-07-28 17:18:21"
"	69BA0CDE","	Chamber1","	1","	B01??(%RH)","	82","	2026-07-28 17:18:21"
"	69BA0CDE","	Chamber1","	1","	B01??(%RH)","	82.1","	2026-07-28 17:18:19"
"	69BA0CDE","	Chamber1","	1","	B01??(?)","	4.9","	2026-07-28 17:18:18"
"	69BA0CDE","	Chamber1","	1","	B01??(?)","	5","	2026-07-28 17:18:16"
"	69BA0CDE","	Chamber1","	1","	B01??(%RH)","	82.1","	2026-07-28 17:18:16"
"	69BA0CDE","	Chamber1","	1","	B01??(?)","	4.9","	2026-07-28 17:18:14"
"	69BA0CDE","	Chamber1","	1","	B01??(%RH)","	82.1","	2026-07-28 17:18:14"
"	69BA0CDE","	Chamber1","	1","	B01??(?)","	5","	2026-07-28 17:18:12"
"	69BA0CDE","	Chamber1","	1","	B01??(%RH)","	82.1","	2026-07-28 17:18:12"
"	69BA0CDE","	Chamber1","	1","	B01??(%RH)","	82.1","	2026-07-28 17:18:10"
"	69BA0CDE","	Chamber1","	1","	B01??(?)","	4.9","	2026-07-28 17:18:09"
"	69BA0CDE","	Chamber1","	1","	B01??(?)","	5","	2026-07-28 17:18:07"
"	69BA0CDE","	Chamber1","	1","	B01??(%RH)","	82.1","	2026-07-28 17:18:07"
"	69BA0CDE","	Chamber1","	1","	B01??(?)","	4.9","	2026-07-28 17:18:05"
"	69BA0CDE","	Chamber1","	1","	B01??(%RH)","	82","	2026-07-28 17:18:05"
"	69BA0CDE","	Chamber1","	1","	B01??(?)","	4.9","	2026-07-28 17:18:03"
"	69BA0CDE","	Chamber1","	1","	B01??(%RH)","	82","	2026-07-28 17:18:03"
"	69BA0CDE","	Chamber1","	1","	B01??(%RH)","	82","	2026-07-28 17:18:01"
"	69BA0CDE","	Chamber1","	1","	B01??(?)","	5","	2026-07-28 17:18:00"
"	69BA0CDE","	Chamber1","	1","	B01??(?)","	5","	2026-07-28 17:17:58"
"	69BA0CDE","	Chamber1","	1","	B01??(%RH)","	82","	2026-07-28 17:17:58"
"	69BA0CDE","	Chamber1","	1","	B01??(?)","	4.9","	2026-07-28 17:17:56"
"	69BA0CDE","	Chamber1","	1","	B01??(%RH)","	82","	2026-07-28 17:17:56"
"	69BA0CDE","	Chamber1","	1","	B01??(?)","	4.9","	2026-07-28 17:17:54"
"	69BA0CDE","	Chamber1","	1","	B01??(%RH)","	82","	2026-07-28 17:17:54"
"	69BA0CDE","	Chamber1","	1","	B01??(%RH)","	82","	2026-07-28 17:17:52"
"	69BA0CDE","	Chamber1","	1","	B01??(?)","	4.9","	2026-07-28 17:17:51"
"	69BA0CDE","	Chamber1","	1","	B01??(?)","	4.9","	2026-07-28 17:17:49"
"	69BA0CDE","	Chamber1","	1","	B01??(%RH)","	82","	2026-07-28 17:17:49"
"	69BA0CDE","	Chamber1","	1","	B01??(?)","	5","	2026-07-28 17:17:47"
"	69BA0CDE","	Chamber1","	1","	B01??(%RH)","	82","	2026-07-28 17:17:47"
"	69BA0CDE","	Chamber1","	1","	B01??(%RH)","	82","	2026-07-28 17:17:45"
"	69BA0CDE","	Chamber1","	1","	B01??(?)","	4.9","	2026-07-28 17:17:44"
"	69BA0CDE","	Chamber1","	1","	B01??(?)","	4.9","	2026-07-28 17:17:42"
"	69BA0CDE","	Chamber1","	1","	B01??(%RH)","	82","	2026-07-28 17:17:42"
"	69BA0CDE","	Chamber1","	1","	B01??(?)","	4.9","	2026-07-28 17:17:40"
"	69BA0CDE","	Chamber1","	1","	B01??(%RH)","	82","	2026-07-28 17:17:40"
"	69BA0CDE","	Chamber1","	1","	B01??(?)","	4.9","	2026-07-28 17:17:38"
"	69BA0CDE","	Chamber1","	1","	B01??(%RH)","	82","	2026-07-28 17:17:38"
"	69BA0CDE","	Chamber1","	1","	B01??(%RH)","	82","	2026-07-28 17:17:36"
"	69BA0CDE","	Chamber1","	1","	B01??(?)","	4.9","	2026-07-28 17:17:35"
"	69BA0CDE","	Chamber1","	1","	B01??(?)","	5","	2026-07-28 17:17:33"
"	69BA0CDE","	Chamber1","	1","	B01??(%RH)","	82","	2026-07-28 17:17:33"
"	69BA0CDE","	Chamber1","	1","	B01??(?)","	5","	2026-07-28 17:17:31"
"	69BA0CDE","	Chamber1","	1","	B01??(%RH)","	82","	2026-07-28 17:17:31"
"	69BA0CDE","	Chamber1","	1","	B01??(%RH)","	82","	2026-07-28 17:17:29"
"	69BA0CDE","	Chamber1","	1","	B01??(?)","	4.9","	2026-07-28 17:17:28"
"	69BA0CDE","	Chamber1","	1","	B01??(?)","	4.9","	2026-07-28 17:17:26"
"	69BA0CDE","	Chamber1","	1","	B01??(%RH)","	82","	2026-07-28 17:17:26"
"	69BA0CDE","	Chamber1","	1","	B01??(?)","	4.9","	2026-07-28 17:17:24"
"	69BA0CDE","	Chamber1","	1","	B01??(%RH)","	82","	2026-07-28 17:17:24"
"	69BA0CDE","	Chamber1","	1","	B01??(%RH)","	82","	2026-07-28 17:17:22"
"	69BA0CDE","	Chamber1","	1","	B01??(?)","	4.9","	2026-07-28 17:17:22"
"	69BA0CDE","	Chamber1","	1","	B01??(%RH)","	82","	2026-07-28 17:17:20"
"	69BA0CDE","	Chamber1","	1","	B01??(?)","	4.9","	2026-07-28 17:17:19"
"	69BA0CDE","	Chamber1","	1","	B01??(?)","	4.9","	2026-07-28 17:17:17"
"	69BA0CDE","	Chamber1","	1","	B01??(%RH)","	82","	2026-07-28 17:17:17"
"	69BA0CDE","	Chamber1","	1","	B01??(?)","	4.9","	2026-07-28 17:17:15"
"	69BA0CDE","	Chamber1","	1","	B01??(%RH)","	82","	2026-07-28 17:17:15"
"	69BA0CDE","	Chamber1","	1","	B01??(%RH)","	82","	2026-07-28 17:17:13"
"	69BA0CDE","	Chamber1","	1","	B01??(?)","	4.9","	2026-07-28 17:17:12"
"	69BA0CDE","	Chamber1","	1","	B01??(?)","	4.9","	2026-07-28 17:17:10"
"	69BA0CDE","	Chamber1","	1","	B01??(%RH)","	82","	2026-07-28 17:17:10"
"	69BA0CDE","	Chamber1","	1","	B01??(?)","	4.9","	2026-07-28 17:17:08"
"	69BA0CDE","	Chamber1","	1","	B01??(%RH)","	82","	2026-07-28 17:17:08"
"	69BA0CDE","	Chamber1","	1","	B01??(%RH)","	82","	2026-07-28 17:17:06"
"	69BA0CDE","	Chamber1","	1","	B01??(?)","	4.9","	2026-07-28 17:17:05"
"	69BA0CDE","	Chamber1","	1","	B01??(?)","	4.9","	2026-07-28 17:17:03"
"	69BA0CDE","	Chamber1","	1","	B01??(%RH)","	82","	2026-07-28 17:17:03"
"	69BA0CDE","	Chamber1","	1","	B01??(?)","	4.9","	2026-07-28 17:17:01"
"	69BA0CDE","	Chamber1","	1","	B01??(%RH)","	82","	2026-07-28 17:17:01"
"	69BA0CDE","	Chamber1","	1","	B01??(?)","	4.9","	2026-07-28 17:16:59"
"	69BA0CDE","	Chamber1","	1","	B01??(%RH)","	82","	2026-07-28 17:16:59"
"	69BA0CDE","	Chamber1","	1","	B01??(%RH)","	82","	2026-07-28 17:16:57"
"	69BA0CDE","	Chamber1","	1","	B01??(?)","	5","	2026-07-28 17:16:56"
"	69BA0CDE","	Chamber1","	1","	B01??(?)","	4.9","	2026-07-28 17:16:54"
"	69BA0CDE","	Chamber1","	1","	B01??(%RH)","	82","	2026-07-28 17:16:54"
"	69BA0CDE","	Chamber1","	1","	B01??(?)","	4.9","	2026-07-28 17:16:52"
"	69BA0CDE","	Chamber1","	1","	B01??(%RH)","	82","	2026-07-28 17:16:52"
"	69BA0CDE","	Chamber1","	1","	B01??(?)","	4.9","	2026-07-28 17:16:50"
"	69BA0CDE","	Chamber1","	1","	B01??(%RH)","	82","	2026-07-28 17:16:50"
"	69BA0CDE","	Chamber1","	1","	B01??(%RH)","	82","	2026-07-28 17:16:48"
"	69BA0CDE","	Chamber1","	1","	B01??(?)","	4.9","	2026-07-28 17:16:47"
"	69BA0CDE","	Chamber1","	1","	B01??(?)","	4.9","	2026-07-28 17:16:45"
"	69BA0CDE","	Chamber1","	1","	B01??(%RH)","	82","	2026-07-28 17:16:45"
"	69BA0CDE","	Chamber1","	1","	B01??(?)","	4.9","	2026-07-28 17:16:43"
"	69BA0CDE","	Chamber1","	1","	B01??(%RH)","	82","	2026-07-28 17:16:43"
"	69BA0CDE","	Chamber1","	1","	B01??(?)","	4.9","	2026-07-28 17:16:41"
"	69BA0CDE","	Chamber1","	1","	B01??(%RH)","	82","	2026-07-28 17:16:41"
"	69BA0CDE","	Chamber1","	1","	B01??(?)","	4.9","	2026-07-28 17:16:38"
"	69BA0CDE","	Chamber1","	1","	B01??(%RH)","	82","	2026-07-28 17:16:38"
"	69BA0CDE","	Chamber1","	1","	B01??(?)","	4.9","	2026-07-28 17:16:36"
"	69BA0CDE","	Chamber1","	1","	B01??(%RH)","	82","	2026-07-28 17:16:36"
"	69BA0CDE","	Chamber1","	1","	B01??(?)","	4.9","	2026-07-28 17:16:34"
"	69BA0CDE","	Chamber1","	1","	B01??(%RH)","	82","	2026-07-28 17:16:34"
"	69BA0CDE","	Chamber1","	1","	B01??(%RH)","	82","	2026-07-28 17:16:32"
"	69BA0CDE","	Chamber1","	1","	B01??(?)","	4.9","	2026-07-28 17:16:31"
"	69BA0CDE","	Chamber1","	1","	B01??(?)","	4.9","	2026-07-28 17:16:29"
"	69BA0CDE","	Chamber1","	1","	B01??(%RH)","	82","	2026-07-28 17:16:29"
"	69BA0CDE","	Chamber1","	1","	B01??(?)","	4.9","	2026-07-28 17:16:27"
"	69BA0CDE","	Chamber1","	1","	B01??(%RH)","	82","	2026-07-28 17:16:27"
"	69BA0CDE","	Chamber1","	1","	B01??(%RH)","	82","	2026-07-28 17:16:25"
"	69BA0CDE","	Chamber1","	1","	B01??(?)","	4.9","	2026-07-28 17:16:24"
"	69BA0CDE","	Chamber1","	1","	B01??(?)","	4.9","	2026-07-28 17:16:22"
"	69BA0CDE","	Chamber1","	1","	B01??(%RH)","	82","	2026-07-28 17:16:22"
"	69BA0CDE","	Chamber1","	1","	B01??(?)","	4.9","	2026-07-28 17:16:20"
"	69BA0CDE","	Chamber1","	1","	B01??(%RH)","	82","	2026-07-28 17:16:20"
"	69BA0CDE","	Chamber1","	1","	B01??(?)","	4.9","	2026-07-28 17:16:18"
"	69BA0CDE","	Chamber1","	1","	B01??(%RH)","	82","	2026-07-28 17:16:18"
"	69BA0CDE","	Chamber1","	1","	B01??(%RH)","	82","	2026-07-28 17:16:16"
"	69BA0CDE","	Chamber1","	1","	B01??(?)","	4.9","	2026-07-28 17:16:15"
"	69BA0CDE","	Chamber1","	1","	B01??(?)","	4.9","	2026-07-28 17:16:13"
"	69BA0CDE","	Chamber1","	1","	B01??(%RH)","	82","	2026-07-28 17:16:13"
"	69BA0CDE","	Chamber1","	1","	B01??(?)","	4.9","	2026-07-28 17:16:11"
"	69BA0CDE","	Chamber1","	1","	B01??(%RH)","	82","	2026-07-28 17:16:11"
"	69BA0CDE","	Chamber1","	1","	B01??(%RH)","	82","	2026-07-28 17:16:09"
"	69BA0CDE","	Chamber1","	1","	B01??(?)","	4.9","	2026-07-28 17:16:08"
"	69BA0CDE","	Chamber1","	1","	B01??(?)","	4.9","	2026-07-28 17:16:06"
"	69BA0CDE","	Chamber1","	1","	B01??(%RH)","	82","	2026-07-28 17:16:06"
"	69BA0CDE","	Chamber1","	1","	B01??(?)","	4.9","	2026-07-28 17:16:04"
"	69BA0CDE","	Chamber1","	1","	B01??(%RH)","	82","	2026-07-28 17:16:04"
"	69BA0CDE","	Chamber1","	1","	B01??(?)","	4.9","	2026-07-28 17:16:02"
"	69BA0CDE","	Chamber1","	1","	B01??(%RH)","	82","	2026-07-28 17:16:02"
"	69BA0CDE","	Chamber1","	1","	B01??(%RH)","	82","	2026-07-28 17:16:00"
"	69BA0CDE","	Chamber1","	1","	B01??(?)","	4.9","	2026-07-28 17:15:59"
"	69BA0CDE","	Chamber1","	1","	B01??(?)","	4.9","	2026-07-28 17:15:57"
"	69BA0CDE","	Chamber1","	1","	B01??(%RH)","	82","	2026-07-28 17:15:57"
"	69BA0CDE","	Chamber1","	1","	B01??(?)","	4.9","	2026-07-28 17:15:55"
"	69BA0CDE","	Chamber1","	1","	B01??(%RH)","	82","	2026-07-28 17:15:55"
"	69BA0CDE","	Chamber1","	1","	B01??(%RH)","	82","	2026-07-28 17:15:53"
"	69BA0CDE","	Chamber1","	1","	B01??(?)","	4.9","	2026-07-28 17:15:52"
"	69BA0CDE","	Chamber1","	1","	B01??(?)","	4.9","	2026-07-28 17:15:50"
"	69BA0CDE","	Chamber1","	1","	B01??(%RH)","	82","	2026-07-28 17:15:50"
"	69BA0CDE","	Chamber1","	1","	B01??(?)","	4.9","	2026-07-28 17:15:48"
"	69BA0CDE","	Chamber1","	1","	B01??(%RH)","	82","	2026-07-28 17:15:48"
"	69BA0CDE","	Chamber1","	1","	B01??(?)","	4.9","	2026-07-28 17:15:46"
"	69BA0CDE","	Chamber1","	1","	B01??(%RH)","	82","	2026-07-28 17:15:46"
"	69BA0CDE","	Chamber1","	1","	B01??(%RH)","	82","	2026-07-28 17:15:44"
"	69BA0CDE","	Chamber1","	1","	B01??(?)","	4.9","	2026-07-28 17:15:43"
"	69BA0CDE","	Chamber1","	1","	B01??(?)","	4.9","	2026-07-28 17:15:41"
"	69BA0CDE","	Chamber1","	1","	B01??(%RH)","	82","	2026-07-28 17:15:41"
"	69BA0CDE","	Chamber1","	1","	B01??(?)","	4.9","	2026-07-28 17:15:39"
"	69BA0CDE","	Chamber1","	1","	B01??(%RH)","	82","	2026-07-28 17:15:39"
"	69BA0CDE","	Chamber1","	1","	B01??(%RH)","	82","	2026-07-28 17:15:37"
"	69BA0CDE","	Chamber1","	1","	B01??(?)","	4.9","	2026-07-28 17:15:36"
"	69BA0CDE","	Chamber1","	1","	B01??(?)","	4.9","	2026-07-28 17:15:34"
"	69BA0CDE","	Chamber1","	1","	B01??(%RH)","	82","	2026-07-28 17:15:34"
"	69BA0CDE","	Chamber1","	1","	B01??(?)","	4.9","	2026-07-28 17:15:32"
"	69BA0CDE","	Chamber1","	1","	B01??(%RH)","	82","	2026-07-28 17:15:32"
"	69BA0CDE","	Chamber1","	1","	B01??(?)","	4.9","	2026-07-28 17:15:30"
"	69BA0CDE","	Chamber1","	1","	B01??(%RH)","	82","	2026-07-28 17:15:30"
"	69BA0CDE","	Chamber1","	1","	B01??(%RH)","	82","	2026-07-28 17:15:28"
"	69BA0CDE","	Chamber1","	1","	B01??(?)","	4.9","	2026-07-28 17:15:27"
"	69BA0CDE","	Chamber1","	1","	B01??(?)","	4.9","	2026-07-28 17:15:25"
"	69BA0CDE","	Chamber1","	1","	B01??(%RH)","	82","	2026-07-28 17:15:25"
"	69BA0CDE","	Chamber1","	1","	B01??(?)","	4.9","	2026-07-28 17:15:23"
"	69BA0CDE","	Chamber1","	1","	B01??(%RH)","	82","	2026-07-28 17:15:23"
"	69BA0CDE","	Chamber1","	1","	B01??(?)","	4.9","	2026-07-28 17:15:21"
"	69BA0CDE","	Chamber1","	1","	B01??(%RH)","	82","	2026-07-28 17:15:21"
"	69BA0CDE","	Chamber1","	1","	B01??(%RH)","	82","	2026-07-28 17:15:19"
"	69BA0CDE","	Chamber1","	1","	B01??(?)","	4.9","	2026-07-28 17:15:18"
"	69BA0CDE","	Chamber1","	1","	B01??(?)","	4.9","	2026-07-28 17:15:16"
"	69BA0CDE","	Chamber1","	1","	B01??(%RH)","	82","	2026-07-28 17:15:16"
"	69BA0CDE","	Chamber1","	1","	B01??(?)","	4.9","	2026-07-28 17:15:14"
"	69BA0CDE","	Chamber1","	1","	B01??(%RH)","	82","	2026-07-28 17:15:14"
"	69BA0CDE","	Chamber1","	1","	B01??(%RH)","	82","	2026-07-28 17:15:12"
"	69BA0CDE","	Chamber1","	1","	B01??(?)","	4.9","	2026-07-28 17:15:11"
"	69BA0CDE","	Chamber1","	1","	B01??(?)","	4.9","	2026-07-28 17:15:09"
"	69BA0CDE","	Chamber1","	1","	B01??(%RH)","	82","	2026-07-28 17:15:09"
"	69BA0CDE","	Chamber1","	1","	B01??(?)","	4.9","	2026-07-28 17:15:07"
"	69BA0CDE","	Chamber1","	1","	B01??(%RH)","	82","	2026-07-28 17:15:07"
"	69BA0CDE","	Chamber1","	1","	B01??(?)","	4.9","	2026-07-28 17:15:05"
"	69BA0CDE","	Chamber1","	1","	B01??(%RH)","	82","	2026-07-28 17:15:05"
"	69BA0CDE","	Chamber1","	1","	B01??(?)","	4.9","	2026-07-28 17:15:02"
"	69BA0CDE","	Chamber1","	1","	B01??(%RH)","	82","	2026-07-28 17:15:02"
"	69BA0CDE","	Chamber1","	1","	B01??(?)","	4.9","	2026-07-28 17:15:00"
"	69BA0CDE","	Chamber1","	1","	B01??(%RH)","	82","	2026-07-28 17:15:00"
"	69BA0CDE","	Chamber1","	1","	B01??(?)","	4.9","	2026-07-28 17:14:58"
"	69BA0CDE","	Chamber1","	1","	B01??(%RH)","	82","	2026-07-28 17:14:58"
"	69BA0CDE","	Chamber1","	1","	B01??(%RH)","	82","	2026-07-28 17:14:56"
"	69BA0CDE","	Chamber1","	1","	B01??(?)","	4.9","	2026-07-28 17:14:55"
"	69BA0CDE","	Chamber1","	1","	B01??(?)","	4.9","	2026-07-28 17:14:53"
"	69BA0CDE","	Chamber1","	1","	B01??(%RH)","	82","	2026-07-28 17:14:53"
"	69BA0CDE","	Chamber1","	1","	B01??(?)","	4.9","	2026-07-28 17:14:51"
"	69BA0CDE","	Chamber1","	1","	B01??(%RH)","	82","	2026-07-28 17:14:51"
"	69BA0CDE","	Chamber1","	1","	B01??(?)","	4.9","	2026-07-28 17:14:49"
"	69BA0CDE","	Chamber1","	1","	B01??(%RH)","	82","	2026-07-28 17:14:49"
"	69BA0CDE","	Chamber1","	1","	B01??(%RH)","	82","	2026-07-28 17:14:47"
"	69BA0CDE","	Chamber1","	1","	B01??(?)","	4.9","	2026-07-28 17:14:46"
"	69BA0CDE","	Chamber1","	1","	B01??(?)","	4.9","	2026-07-28 17:14:44"
"	69BA0CDE","	Chamber1","	1","	B01??(%RH)","	82","	2026-07-28 17:14:44"
"	69BA0CDE","	Chamber1","	1","	B01??(?)","	4.9","	2026-07-28 17:14:42"
"	69BA0CDE","	Chamber1","	1","	B01??(%RH)","	82","	2026-07-28 17:14:42"
"	69BA0CDE","	Chamber1","	1","	B01??(%RH)","	82","	2026-07-28 17:14:40"
"	69BA0CDE","	Chamber1","	1","	B01??(?)","	4.9","	2026-07-28 17:14:39"
"	69BA0CDE","	Chamber1","	1","	B01??(?)","	4.9","	2026-07-28 17:14:37"
"	69BA0CDE","	Chamber1","	1","	B01??(%RH)","	82","	2026-07-28 17:14:37"
"	69BA0CDE","	Chamber1","	1","	B01??(?)","	4.9","	2026-07-28 17:14:35"
"	69BA0CDE","	Chamber1","	1","	B01??(%RH)","	82","	2026-07-28 17:14:35"
"	69BA0CDE","	Chamber1","	1","	B01??(?)","	4.9","	2026-07-28 17:14:33"
"	69BA0CDE","	Chamber1","	1","	B01??(%RH)","	82","	2026-07-28 17:14:33"
"	69BA0CDE","	Chamber1","	1","	B01??(%RH)","	82","	2026-07-28 17:14:31"
"	69BA0CDE","	Chamber1","	1","	B01??(?)","	4.9","	2026-07-28 17:14:30"
"	69BA0CDE","	Chamber1","	1","	B01??(?)","	4.9","	2026-07-28 17:14:28"
"	69BA0CDE","	Chamber1","	1","	B01??(%RH)","	82","	2026-07-28 17:14:28"
"	69BA0CDE","	Chamber1","	1","	B01??(?)","	4.9","	2026-07-28 17:14:26"
"	69BA0CDE","	Chamber1","	1","	B01??(%RH)","	82","	2026-07-28 17:14:26"
"	69BA0CDE","	Chamber1","	1","	B01??(%RH)","	82.1","	2026-07-28 17:14:24"
"	69BA0CDE","	Chamber1","	1","	B01??(?)","	4.9","	2026-07-28 17:14:23"
"	69BA0CDE","	Chamber1","	1","	B01??(?)","	4.9","	2026-07-28 17:14:21"
"	69BA0CDE","	Chamber1","	1","	B01??(%RH)","	82","	2026-07-28 17:14:21"
"	69BA0CDE","	Chamber1","	1","	B01??(?)","	4.9","	2026-07-28 17:14:19"
"	69BA0CDE","	Chamber1","	1","	B01??(%RH)","	82","	2026-07-28 17:14:19"
"	69BA0CDE","	Chamber1","	1","	B01??(?)","	4.9","	2026-07-28 17:14:17"
"	69BA0CDE","	Chamber1","	1","	B01??(%RH)","	82.1","	2026-07-28 17:14:17"
"	69BA0CDE","	Chamber1","	1","	B01??(%RH)","	82","	2026-07-28 17:14:15"
"	69BA0CDE","	Chamber1","	1","	B01??(?)","	4.9","	2026-07-28 17:14:14"
"	69BA0CDE","	Chamber1","	1","	B01??(?)","	4.9","	2026-07-28 17:14:12"
"	69BA0CDE","	Chamber1","	1","	B01??(%RH)","	82","	2026-07-28 17:14:12"
"	69BA0CDE","	Chamber1","	1","	B01??(?)","	4.9","	2026-07-28 17:14:10"
"	69BA0CDE","	Chamber1","	1","	B01??(%RH)","	82","	2026-07-28 17:14:10"
"	69BA0CDE","	Chamber1","	1","	B01??(?)","	4.9","	2026-07-28 17:14:08"
"	69BA0CDE","	Chamber1","	1","	B01??(%RH)","	82","	2026-07-28 17:14:08"
"	69BA0CDE","	Chamber1","	1","	B01??(%RH)","	82","	2026-07-28 17:14:06"
"	69BA0CDE","	Chamber1","	1","	B01??(?)","	4.9","	2026-07-28 17:14:05"
"	69BA0CDE","	Chamber1","	1","	B01??(?)","	4.9","	2026-07-28 17:14:03"
"	69BA0CDE","	Chamber1","	1","	B01??(%RH)","	82","	2026-07-28 17:14:03"
"	69BA0CDE","	Chamber1","	1","	B01??(?)","	4.9","	2026-07-28 17:14:01"
"	69BA0CDE","	Chamber1","	1","	B01??(%RH)","	82","	2026-07-28 17:14:01"
"	69BA0CDE","	Chamber1","	1","	B01??(%RH)","	82","	2026-07-28 17:13:59"
"	69BA0CDE","	Chamber1","	1","	B01??(?)","	4.9","	2026-07-28 17:13:58"
"	69BA0CDE","	Chamber1","	1","	B01??(?)","	4.9","	2026-07-28 17:13:56"
"	69BA0CDE","	Chamber1","	1","	B01??(%RH)","	82","	2026-07-28 17:13:56"
"	69BA0CDE","	Chamber1","	1","	B01??(?)","	4.9","	2026-07-28 17:13:54"
"	69BA0CDE","	Chamber1","	1","	B01??(%RH)","	82","	2026-07-28 17:13:54"
"	69BA0CDE","	Chamber1","	1","	B01??(?)","	4.9","	2026-07-28 17:13:52"
"	69BA0CDE","	Chamber1","	1","	B01??(%RH)","	82","	2026-07-28 17:13:52"
"	69BA0CDE","	Chamber1","	1","	B01??(%RH)","	82","	2026-07-28 17:13:50"
"	69BA0CDE","	Chamber1","	1","	B01??(?)","	4.9","	2026-07-28 17:13:49"
"	69BA0CDE","	Chamber1","	1","	B01??(?)","	4.9","	2026-07-28 17:13:47"
"	69BA0CDE","	Chamber1","	1","	B01??(%RH)","	82","	2026-07-28 17:13:47"
"	69BA0CDE","	Chamber1","	1","	B01??(?)","	4.9","	2026-07-28 17:13:45"
"	69BA0CDE","	Chamber1","	1","	B01??(%RH)","	82.1","	2026-07-28 17:13:45"
"	69BA0CDE","	Chamber1","	1","	B01??(%RH)","	82","	2026-07-28 17:13:43"
"	69BA0CDE","	Chamber1","	1","	B01??(?)","	4.9","	2026-07-28 17:13:42"
"	69BA0CDE","	Chamber1","	1","	B01??(?)","	4.9","	2026-07-28 17:13:40"
"	69BA0CDE","	Chamber1","	1","	B01??(%RH)","	82","	2026-07-28 17:13:40"
"	69BA0CDE","	Chamber1","	1","	B01??(?)","	4.9","	2026-07-28 17:13:38"
"	69BA0CDE","	Chamber1","	1","	B01??(%RH)","	82.1","	2026-07-28 17:13:38"
"	69BA0CDE","	Chamber1","	1","	B01??(?)","	4.9","	2026-07-28 17:13:36"
"	69BA0CDE","	Chamber1","	1","	B01??(%RH)","	82","	2026-07-28 17:13:36"
"	69BA0CDE","	Chamber1","	1","	B01??(%RH)","	82","	2026-07-28 17:13:34"
"	69BA0CDE","	Chamber1","	1","	B01??(?)","	4.9","	2026-07-28 17:13:33"
"	69BA0CDE","	Chamber1","	1","	B01??(?)","	4.9","	2026-07-28 17:13:31"
"	69BA0CDE","	Chamber1","	1","	B01??(%RH)","	82","	2026-07-28 17:13:31"
"	69BA0CDE","	Chamber1","	1","	B01??(?)","	4.9","	2026-07-28 17:13:29"
"	69BA0CDE","	Chamber1","	1","	B01??(%RH)","	82","	2026-07-28 17:13:29"
"	69BA0CDE","	Chamber1","	1","	B01??(%RH)","	82","	2026-07-28 17:13:27"
"	69BA0CDE","	Chamber1","	1","	B01??(?)","	4.9","	2026-07-28 17:13:26"
"	69BA0CDE","	Chamber1","	1","	B01??(?)","	4.9","	2026-07-28 17:13:24"
"	69BA0CDE","	Chamber1","	1","	B01??(%RH)","	82","	2026-07-28 17:13:24"
"	69BA0CDE","	Chamber1","	1","	B01??(?)","	4.9","	2026-07-28 17:13:22"
"	69BA0CDE","	Chamber1","	1","	B01??(%RH)","	82","	2026-07-28 17:13:22"
"	69BA0CDE","	Chamber1","	1","	B01??(?)","	4.9","	2026-07-28 17:13:20"
"	69BA0CDE","	Chamber1","	1","	B01??(%RH)","	82","	2026-07-28 17:13:20"
"	69BA0CDE","	Chamber1","	1","	B01??(%RH)","	82","	2026-07-28 17:13:18"
"	69BA0CDE","	Chamber1","	1","	B01??(?)","	4.9","	2026-07-28 17:13:17"
"	69BA0CDE","	Chamber1","	1","	B01??(?)","	4.9","	2026-07-28 17:13:15"
"	69BA0CDE","	Chamber1","	1","	B01??(%RH)","	82","	2026-07-28 17:13:15"
"	69BA0CDE","	Chamber1","	1","	B01??(?)","	4.9","	2026-07-28 17:13:13"
"	69BA0CDE","	Chamber1","	1","	B01??(%RH)","	82.1","	2026-07-28 17:13:13"
"	69BA0CDE","	Chamber1","	1","	B01??(?)","	4.9","	2026-07-28 17:13:11"
"	69BA0CDE","	Chamber1","	1","	B01??(%RH)","	82","	2026-07-28 17:13:11"
"	69BA0CDE","	Chamber1","	1","	B01??(%RH)","	82","	2026-07-28 17:13:09"
"	69BA0CDE","	Chamber1","	1","	B01??(?)","	4.9","	2026-07-28 17:13:08"
"	69BA0CDE","	Chamber1","	1","	B01??(?)","	4.9","	2026-07-28 17:13:06"
"	69BA0CDE","	Chamber1","	1","	B01??(%RH)","	82","	2026-07-28 17:13:06"
"	69BA0CDE","	Chamber1","	1","	B01??(?)","	4.9","	2026-07-28 17:13:04"
"	69BA0CDE","	Chamber1","	1","	B01??(%RH)","	82","	2026-07-28 17:13:04"
"	69BA0CDE","	Chamber1","	1","	B01??(%RH)","	82","	2026-07-28 17:13:02"
"	69BA0CDE","	Chamber1","	1","	B01??(?)","	4.9","	2026-07-28 17:13:01"
"	69BA0CDE","	Chamber1","	1","	B01??(?)","	4.9","	2026-07-28 17:12:59"
"	69BA0CDE","	Chamber1","	1","	B01??(%RH)","	82","	2026-07-28 17:12:59"
"	69BA0CDE","	Chamber1","	1","	B01??(?)","	4.9","	2026-07-28 17:12:57"
"	69BA0CDE","	Chamber1","	1","	B01??(%RH)","	82.1","	2026-07-28 17:12:57"
"	69BA0CDE","	Chamber1","	1","	B01??(?)","	4.9","	2026-07-28 17:12:55"
"	69BA0CDE","	Chamber1","	1","	B01??(%RH)","	82","	2026-07-28 17:12:55"
"	69BA0CDE","	Chamber1","	1","	B01??(%RH)","	82","	2026-07-28 17:12:53"
"	69BA0CDE","	Chamber1","	1","	B01??(?)","	4.9","	2026-07-28 17:12:52"
"	69BA0CDE","	Chamber1","	1","	B01??(?)","	4.9","	2026-07-28 17:12:50"
"	69BA0CDE","	Chamber1","	1","	B01??(%RH)","	82","	2026-07-28 17:12:50"
"	69BA0CDE","	Chamber1","	1","	B01??(?)","	4.9","	2026-07-28 17:12:48"
"	69BA0CDE","	Chamber1","	1","	B01??(%RH)","	82","	2026-07-28 17:12:48"
"	69BA0CDE","	Chamber1","	1","	B01??(%RH)","	82","	2026-07-28 17:12:46"
"	69BA0CDE","	Chamber1","	1","	B01??(?)","	4.9","	2026-07-28 17:12:45"
"	69BA0CDE","	Chamber1","	1","	B01??(?)","	4.9","	2026-07-28 17:12:43"
"	69BA0CDE","	Chamber1","	1","	B01??(%RH)","	82","	2026-07-28 17:12:43"
"	69BA0CDE","	Chamber1","	1","	B01??(?)","	4.9","	2026-07-28 17:12:41"
"	69BA0CDE","	Chamber1","	1","	B01??(%RH)","	82","	2026-07-28 17:12:41"
"	69BA0CDE","	Chamber1","	1","	B01??(?)","	4.9","	2026-07-28 17:12:39"
"	69BA0CDE","	Chamber1","	1","	B01??(%RH)","	82","	2026-07-28 17:12:39"
"	69BA0CDE","	Chamber1","	1","	B01??(%RH)","	82","	2026-07-28 17:12:37"
"	69BA0CDE","	Chamber1","	1","	B01??(?)","	4.9","	2026-07-28 17:12:36"
"	69BA0CDE","	Chamber1","	1","	B01??(?)","	4.9","	2026-07-28 17:12:34"
"	69BA0CDE","	Chamber1","	1","	B01??(%RH)","	82","	2026-07-28 17:12:34"
"	69BA0CDE","	Chamber1","	1","	B01??(?)","	4.9","	2026-07-28 17:12:32"
"	69BA0CDE","	Chamber1","	1","	B01??(%RH)","	82","	2026-07-28 17:12:32"
"	69BA0CDE","	Chamber1","	1","	B01??(?)","	4.9","	2026-07-28 17:12:30"
"	69BA0CDE","	Chamber1","	1","	B01??(%RH)","	82","	2026-07-28 17:12:30"
"	69BA0CDE","	Chamber1","	1","	B01??(%RH)","	82","	2026-07-28 17:12:28"
"	69BA0CDE","	Chamber1","	1","	B01??(?)","	4.9","	2026-07-28 17:12:27"
"	69BA0CDE","	Chamber1","	1","	B01??(?)","	4.9","	2026-07-28 17:12:25"
"	69BA0CDE","	Chamber1","	1","	B01??(%RH)","	82.1","	2026-07-28 17:12:25"
"	69BA0CDE","	Chamber1","	1","	B01??(?)","	4.9","	2026-07-28 17:12:23"
"	69BA0CDE","	Chamber1","	1","	B01??(%RH)","	82","	2026-07-28 17:12:23"
"	69BA0CDE","	Chamber1","	1","	B01??(%RH)","	82","	2026-07-28 17:12:21"
"	69BA0CDE","	Chamber1","	1","	B01??(?)","	4.9","	2026-07-28 17:12:20"
"	69BA0CDE","	Chamber1","	1","	B01??(?)","	4.9","	2026-07-28 17:12:18"
"	69BA0CDE","	Chamber1","	1","	B01??(%RH)","	82","	2026-07-28 17:12:18"
"	69BA0CDE","	Chamber1","	1","	B01??(?)","	4.9","	2026-07-28 17:12:16"
"	69BA0CDE","	Chamber1","	1","	B01??(%RH)","	82","	2026-07-28 17:12:16"
"	69BA0CDE","	Chamber1","	1","	B01??(?)","	4.9","	2026-07-28 17:12:14"
"	69BA0CDE","	Chamber1","	1","	B01??(%RH)","	82","	2026-07-28 17:12:14"
"	69BA0CDE","	Chamber1","	1","	B01??(%RH)","	82","	2026-07-28 17:12:12"
"	69BA0CDE","	Chamber1","	1","	B01??(?)","	4.9","	2026-07-28 17:12:11"
"	69BA0CDE","	Chamber1","	1","	B01??(?)","	4.9","	2026-07-28 17:12:09"
"	69BA0CDE","	Chamber1","	1","	B01??(%RH)","	82","	2026-07-28 17:12:09"
"	69BA0CDE","	Chamber1","	1","	B01??(?)","	4.9","	2026-07-28 17:12:07"
"	69BA0CDE","	Chamber1","	1","	B01??(%RH)","	82","	2026-07-28 17:12:07"
"	69BA0CDE","	Chamber1","	1","	B01??(%RH)","	82.1","	2026-07-28 17:12:05"
"	69BA0CDE","	Chamber1","	1","	B01??(?)","	4.9","	2026-07-28 17:12:04"
"	69BA0CDE","	Chamber1","	1","	B01??(?)","	4.8","	2026-07-28 17:12:02"
"	69BA0CDE","	Chamber1","	1","	B01??(%RH)","	82","	2026-07-28 17:12:02"
"	69BA0CDE","	Chamber1","	1","	B01??(?)","	4.9","	2026-07-28 17:12:00"
"	69BA0CDE","	Chamber1","	1","	B01??(%RH)","	82","	2026-07-28 17:12:00"
"	69BA0CDE","	Chamber1","	1","	B01??(?)","	4.9","	2026-07-28 17:11:58"
"	69BA0CDE","	Chamber1","	1","	B01??(%RH)","	82.1","	2026-07-28 17:11:58"
"	69BA0CDE","	Chamber1","	1","	B01??(%RH)","	82","	2026-07-28 17:11:56"
"	69BA0CDE","	Chamber1","	1","	B01??(?)","	4.9","	2026-07-28 17:11:55"
"	69BA0CDE","	Chamber1","	1","	B01??(?)","	4.9","	2026-07-28 17:11:53"
"	69BA0CDE","	Chamber1","	1","	B01??(%RH)","	82","	2026-07-28 17:11:53"
"	69BA0CDE","	Chamber1","	1","	B01??(?)","	4.9","	2026-07-28 17:11:51"
"	69BA0CDE","	Chamber1","	1","	B01??(%RH)","	82","	2026-07-28 17:11:51"
"	69BA0CDE","	Chamber1","	1","	B01??(%RH)","	82","	2026-07-28 17:11:49"
"	69BA0CDE","	Chamber1","	1","	B01??(?)","	4.9","	2026-07-28 17:11:48"
"	69BA0CDE","	Chamber1","	1","	B01??(?)","	4.9","	2026-07-28 17:11:46"
"	69BA0CDE","	Chamber1","	1","	B01??(%RH)","	82","	2026-07-28 17:11:46"
"	69BA0CDE","	Chamber1","	1","	B01??(?)","	4.9","	2026-07-28 17:11:44"
"	69BA0CDE","	Chamber1","	1","	B01??(%RH)","	82","	2026-07-28 17:11:44"
"	69BA0CDE","	Chamber1","	1","	B01??(?)","	4.9","	2026-07-28 17:11:42"
"	69BA0CDE","	Chamber1","	1","	B01??(%RH)","	82","	2026-07-28 17:11:42"
"	69BA0CDE","	Chamber1","	1","	B01??(%RH)","	82","	2026-07-28 17:11:40"
"	69BA0CDE","	Chamber1","	1","	B01??(?)","	4.9","	2026-07-28 17:11:39"
"	69BA0CDE","	Chamber1","	1","	B01??(?)","	4.9","	2026-07-28 17:11:37"
"	69BA0CDE","	Chamber1","	1","	B01??(%RH)","	82.1","	2026-07-28 17:11:37"
"	69BA0CDE","	Chamber1","	1","	B01??(?)","	4.9","	2026-07-28 17:11:35"
"	69BA0CDE","	Chamber1","	1","	B01??(%RH)","	82","	2026-07-28 17:11:35"
"	69BA0CDE","	Chamber1","	1","	B01??(%RH)","	82.1","	2026-07-28 17:11:33"
"	69BA0CDE","	Chamber1","	1","	B01??(?)","	4.9","	2026-07-28 17:11:32"
"	69BA0CDE","	Chamber1","	1","	B01??(?)","	4.9","	2026-07-28 17:11:30"
"	69BA0CDE","	Chamber1","	1","	B01??(%RH)","	82","	2026-07-28 17:11:30"
"	69BA0CDE","	Chamber1","	1","	B01??(?)","	4.9","	2026-07-28 17:11:28"
"	69BA0CDE","	Chamber1","	1","	B01??(%RH)","	82.1","	2026-07-28 17:11:28"
"	69BA0CDE","	Chamber1","	1","	B01??(?)","	4.9","	2026-07-28 17:11:26"
"	69BA0CDE","	Chamber1","	1","	B01??(%RH)","	82","	2026-07-28 17:11:26"
"	69BA0CDE","	Chamber1","	1","	B01??(%RH)","	82.1","	2026-07-28 17:11:24"
"	69BA0CDE","	Chamber1","	1","	B01??(?)","	4.9","	2026-07-28 17:11:23"
"	69BA0CDE","	Chamber1","	1","	B01??(?)","	4.9","	2026-07-28 17:11:21"
"	69BA0CDE","	Chamber1","	1","	B01??(%RH)","	82","	2026-07-28 17:11:21"
"	69BA0CDE","	Chamber1","	1","	B01??(?)","	4.8","	2026-07-28 17:11:19"
"	69BA0CDE","	Chamber1","	1","	B01??(%RH)","	82","	2026-07-28 17:11:19"
"	69BA0CDE","	Chamber1","	1","	B01??(%RH)","	82","	2026-07-28 17:11:17"
"	69BA0CDE","	Chamber1","	1","	B01??(?)","	4.9","	2026-07-28 17:11:16"
"	69BA0CDE","	Chamber1","	1","	B01??(?)","	4.9","	2026-07-28 17:11:14"
"	69BA0CDE","	Chamber1","	1","	B01??(%RH)","	82","	2026-07-28 17:11:14"
"	69BA0CDE","	Chamber1","	1","	B01??(?)","	4.9","	2026-07-28 17:11:12"
"	69BA0CDE","	Chamber1","	1","	B01??(%RH)","	82","	2026-07-28 17:11:12"
"	69BA0CDE","	Chamber1","	1","	B01??(?)","	4.9","	2026-07-28 17:11:10"
"	69BA0CDE","	Chamber1","	1","	B01??(%RH)","	82","	2026-07-28 17:11:10"
"	69BA0CDE","	Chamber1","	1","	B01??(%RH)","	82","	2026-07-28 17:11:08"
"	69BA0CDE","	Chamber1","	1","	B01??(?)","	4.9","	2026-07-28 17:11:07"
"	69BA0CDE","	Chamber1","	1","	B01??(?)","	4.8","	2026-07-28 17:11:05"
"	69BA0CDE","	Chamber1","	1","	B01??(%RH)","	82.1","	2026-07-28 17:11:05"
"	69BA0CDE","	Chamber1","	1","	B01??(?)","	4.9","	2026-07-28 17:11:03"
"	69BA0CDE","	Chamber1","	1","	B01??(%RH)","	82","	2026-07-28 17:11:03"
"	69BA0CDE","	Chamber1","	1","	B01??(?)","	4.9","	2026-07-28 17:11:01"
"	69BA0CDE","	Chamber1","	1","	B01??(%RH)","	82","	2026-07-28 17:11:01"
"	69BA0CDE","	Chamber1","	1","	B01??(%RH)","	82","	2026-07-28 17:10:59"
"	69BA0CDE","	Chamber1","	1","	B01??(?)","	4.8","	2026-07-28 17:10:58"
"	69BA0CDE","	Chamber1","	1","	B01??(?)","	4.9","	2026-07-28 17:10:56"
"	69BA0CDE","	Chamber1","	1","	B01??(%RH)","	82.1","	2026-07-28 17:10:56"
"	69BA0CDE","	Chamber1","	1","	B01??(?)","	4.9","	2026-07-28 17:10:54"
"	69BA0CDE","	Chamber1","	1","	B01??(%RH)","	82.1","	2026-07-28 17:10:54"
"	69BA0CDE","	Chamber1","	1","	B01??(%RH)","	82","	2026-07-28 17:10:52"
"	69BA0CDE","	Chamber1","	1","	B01??(?)","	4.9","	2026-07-28 17:10:51"
"	69BA0CDE","	Chamber1","	1","	B01??(?)","	4.9","	2026-07-28 17:10:49"
"	69BA0CDE","	Chamber1","	1","	B01??(%RH)","	82","	2026-07-28 17:10:49"
"	69BA0CDE","	Chamber1","	1","	B01??(?)","	4.9","	2026-07-28 17:10:47"
"	69BA0CDE","	Chamber1","	1","	B01??(%RH)","	82","	2026-07-28 17:10:47"
"	69BA0CDE","	Chamber1","	1","	B01??(?)","	4.9","	2026-07-28 17:10:45"
"	69BA0CDE","	Chamber1","	1","	B01??(%RH)","	82","	2026-07-28 17:10:45"
"	69BA0CDE","	Chamber1","	1","	B01??(%RH)","	82","	2026-07-28 17:10:43"
"	69BA0CDE","	Chamber1","	1","	B01??(?)","	4.8","	2026-07-28 17:10:42"
"	69BA0CDE","	Chamber1","	1","	B01??(?)","	4.8","	2026-07-28 17:10:40"
"	69BA0CDE","	Chamber1","	1","	B01??(%RH)","	82","	2026-07-28 17:10:40"
"	69BA0CDE","	Chamber1","	1","	B01??(?)","	4.9","	2026-07-28 17:10:38"
"	69BA0CDE","	Chamber1","	1","	B01??(%RH)","	82","	2026-07-28 17:10:38"
"	69BA0CDE","	Chamber1","	1","	B01??(%RH)","	82","	2026-07-28 17:10:36"
"	69BA0CDE","	Chamber1","	1","	B01??(?)","	4.9","	2026-07-28 17:10:35"
"	69BA0CDE","	Chamber1","	1","	B01??(?)","	4.9","	2026-07-28 17:10:33"
"	69BA0CDE","	Chamber1","	1","	B01??(%RH)","	82","	2026-07-28 17:10:33"
"	69BA0CDE","	Chamber1","	1","	B01??(?)","	4.8","	2026-07-28 17:10:31"
"	69BA0CDE","	Chamber1","	1","	B01??(%RH)","	82","	2026-07-28 17:10:31"
"	69BA0CDE","	Chamber1","	1","	B01??(?)","	4.8","	2026-07-28 17:10:29"
"	69BA0CDE","	Chamber1","	1","	B01??(%RH)","	82","	2026-07-28 17:10:29"
"	69BA0CDE","	Chamber1","	1","	B01??(%RH)","	82.1","	2026-07-28 17:10:27"
"	69BA0CDE","	Chamber1","	1","	B01??(?)","	4.9","	2026-07-28 17:10:26"
"	69BA0CDE","	Chamber1","	1","	B01??(?)","	4.9","	2026-07-28 17:10:24"
"	69BA0CDE","	Chamber1","	1","	B01??(%RH)","	82","	2026-07-28 17:10:24"
"	69BA0CDE","	Chamber1","	1","	B01??(?)","	4.8","	2026-07-28 17:10:22"
"	69BA0CDE","	Chamber1","	1","	B01??(%RH)","	82.1","	2026-07-28 17:10:22"
"	69BA0CDE","	Chamber1","	1","	B01??(%RH)","	82","	2026-07-28 17:10:20"
"	69BA0CDE","	Chamber1","	1","	B01??(?)","	4.8","	2026-07-28 17:10:19"
"	69BA0CDE","	Chamber1","	1","	B01??(?)","	4.8","	2026-07-28 17:10:17"
"	69BA0CDE","	Chamber1","	1","	B01??(%RH)","	82","	2026-07-28 17:10:17"
"	69BA0CDE","	Chamber1","	1","	B01??(?)","	4.8","	2026-07-28 17:10:15"
"	69BA0CDE","	Chamber1","	1","	B01??(%RH)","	82","	2026-07-28 17:10:15"
"	69BA0CDE","	Chamber1","	1","	B01??(?)","	4.8","	2026-07-28 17:10:13"
"	69BA0CDE","	Chamber1","	1","	B01??(%RH)","	82","	2026-07-28 17:10:13"
"	69BA0CDE","	Chamber1","	1","	B01??(%RH)","	82","	2026-07-28 17:10:11"
"	69BA0CDE","	Chamber1","	1","	B01??(?)","	4.8","	2026-07-28 17:10:10"
"	69BA0CDE","	Chamber1","	1","	B01??(?)","	4.9","	2026-07-28 17:10:08"
"	69BA0CDE","	Chamber1","	1","	B01??(%RH)","	82","	2026-07-28 17:10:08"
"	69BA0CDE","	Chamber1","	1","	B01??(?)","	4.9","	2026-07-28 17:10:06"
"	69BA0CDE","	Chamber1","	1","	B01??(%RH)","	82.1","	2026-07-28 17:10:06"
"	69BA0CDE","	Chamber1","	1","	B01??(?)","	4.9","	2026-07-28 17:10:04"
"	69BA0CDE","	Chamber1","	1","	B01??(%RH)","	82","	2026-07-28 17:10:04"
"	69BA0CDE","	Chamber1","	1","	B01??(%RH)","	82","	2026-07-28 17:10:02"
"	69BA0CDE","	Chamber1","	1","	B01??(?)","	4.8","	2026-07-28 17:10:01"
"	69BA0CDE","	Chamber1","	1","	B01??(?)","	4.8","	2026-07-28 17:09:59"
"	69BA0CDE","	Chamber1","	1","	B01??(%RH)","	82","	2026-07-28 17:09:59"
"	69BA0CDE","	Chamber1","	1","	B01??(?)","	4.8","	2026-07-28 17:09:57"
"	69BA0CDE","	Chamber1","	1","	B01??(%RH)","	82.1","	2026-07-28 17:09:57"
"	69BA0CDE","	Chamber1","	1","	B01??(%RH)","	82.1","	2026-07-28 17:09:55"
"	69BA0CDE","	Chamber1","	1","	B01??(?)","	4.8","	2026-07-28 17:09:54"
"	69BA0CDE","	Chamber1","	1","	B01??(%RH)","	82","	2026-07-28 17:09:52"
"	69BA0CDE","	Chamber1","	1","	B01??(?)","	4.9","	2026-07-28 17:09:52"
"	69BA0CDE","	Chamber1","	1","	B01??(?)","	4.9","	2026-07-28 17:09:50"
"	69BA0CDE","	Chamber1","	1","	B01??(%RH)","	82","	2026-07-28 17:09:50"
"	69BA0CDE","	Chamber1","	1","	B01??(?)","	4.8","	2026-07-28 17:09:48"
"	69BA0CDE","	Chamber1","	1","	B01??(%RH)","	82","	2026-07-28 17:09:48"
"	69BA0CDE","	Chamber1","	1","	B01??(%RH)","	82","	2026-07-28 17:09:46"
"	69BA0CDE","	Chamber1","	1","	B01??(?)","	4.8","	2026-07-28 17:09:45"
"	69BA0CDE","	Chamber1","	1","	B01??(?)","	4.8","	2026-07-28 17:09:43"
"	69BA0CDE","	Chamber1","	1","	B01??(%RH)","	82","	2026-07-28 17:09:43"
"	69BA0CDE","	Chamber1","	1","	B01??(?)","	4.8","	2026-07-28 17:09:41"
"	69BA0CDE","	Chamber1","	1","	B01??(%RH)","	82","	2026-07-28 17:09:41"
"	69BA0CDE","	Chamber1","	1","	B01??(%RH)","	82","	2026-07-28 17:09:39"
"	69BA0CDE","	Chamber1","	1","	B01??(?)","	4.9","	2026-07-28 17:09:38"
"	69BA0CDE","	Chamber1","	1","	B01??(?)","	4.9","	2026-07-28 17:09:36"
"	69BA0CDE","	Chamber1","	1","	B01??(%RH)","	82","	2026-07-28 17:09:36"
"	69BA0CDE","	Chamber1","	1","	B01??(?)","	4.8","	2026-07-28 17:09:34"
"	69BA0CDE","	Chamber1","	1","	B01??(%RH)","	82","	2026-07-28 17:09:34"
"	69BA0CDE","	Chamber1","	1","	B01??(?)","	4.9","	2026-07-28 17:09:32"
"	69BA0CDE","	Chamber1","	1","	B01??(%RH)","	82","	2026-07-28 17:09:32"
"	69BA0CDE","	Chamber1","	1","	B01??(%RH)","	82","	2026-07-28 17:09:30"
"	69BA0CDE","	Chamber1","	1","	B01??(?)","	4.9","	2026-07-28 17:09:29"
"	69BA0CDE","	Chamber1","	1","	B01??(?)","	4.8","	2026-07-28 17:09:27"
"	69BA0CDE","	Chamber1","	1","	B01??(%RH)","	82","	2026-07-28 17:09:27"
"	69BA0CDE","	Chamber1","	1","	B01??(?)","	4.8","	2026-07-28 17:09:25"
"	69BA0CDE","	Chamber1","	1","	B01??(%RH)","	82.1","	2026-07-28 17:09:25"
"	69BA0CDE","	Chamber1","	1","	B01??(?)","	4.8","	2026-07-28 17:09:23"
"	69BA0CDE","	Chamber1","	1","	B01??(%RH)","	82","	2026-07-28 17:09:23"
"	69BA0CDE","	Chamber1","	1","	B01??(?)","	4.8","	2026-07-28 17:09:20"
"	69BA0CDE","	Chamber1","	1","	B01??(%RH)","	82","	2026-07-28 17:09:20"
"	69BA0CDE","	Chamber1","	1","	B01??(?)","	4.8","	2026-07-28 17:09:18"
"	69BA0CDE","	Chamber1","	1","	B01??(%RH)","	82","	2026-07-28 17:09:18"
"	69BA0CDE","	Chamber1","	1","	B01??(?)","	4.8","	2026-07-28 17:09:16"
"	69BA0CDE","	Chamber1","	1","	B01??(%RH)","	82","	2026-07-28 17:09:16"
"	69BA0CDE","	Chamber1","	1","	B01??(%RH)","	82","	2026-07-28 17:09:14"
"	69BA0CDE","	Chamber1","	1","	B01??(?)","	4.8","	2026-07-28 17:09:13"
"	69BA0CDE","	Chamber1","	1","	B01??(?)","	4.8","	2026-07-28 17:09:11"
"	69BA0CDE","	Chamber1","	1","	B01??(%RH)","	82","	2026-07-28 17:09:11"
"	69BA0CDE","	Chamber1","	1","	B01??(?)","	4.8","	2026-07-28 17:09:09"
"	69BA0CDE","	Chamber1","	1","	B01??(%RH)","	82","	2026-07-28 17:09:09"
"	69BA0CDE","	Chamber1","	1","	B01??(?)","	4.9","	2026-07-28 17:09:07"
"	69BA0CDE","	Chamber1","	1","	B01??(%RH)","	82","	2026-07-28 17:09:07"
"	69BA0CDE","	Chamber1","	1","	B01??(%RH)","	82","	2026-07-28 17:09:05"
"	69BA0CDE","	Chamber1","	1","	B01??(?)","	4.8","	2026-07-28 17:09:04"
"	69BA0CDE","	Chamber1","	1","	B01??(?)","	4.8","	2026-07-28 17:09:02"
"	69BA0CDE","	Chamber1","	1","	B01??(%RH)","	82","	2026-07-28 17:09:02"
"	69BA0CDE","	Chamber1","	1","	B01??(?)","	4.8","	2026-07-28 17:09:00"
"	69BA0CDE","	Chamber1","	1","	B01??(%RH)","	82","	2026-07-28 17:09:00"
"	69BA0CDE","	Chamber1","	1","	B01??(%RH)","	82","	2026-07-28 17:08:58"
"	69BA0CDE","	Chamber1","	1","	B01??(?)","	4.8","	2026-07-28 17:08:57"
"	69BA0CDE","	Chamber1","	1","	B01??(?)","	4.8","	2026-07-28 17:08:55"
"	69BA0CDE","	Chamber1","	1","	B01??(%RH)","	82","	2026-07-28 17:08:55"
"	69BA0CDE","	Chamber1","	1","	B01??(?)","	4.8","	2026-07-28 17:08:53"
"	69BA0CDE","	Chamber1","	1","	B01??(%RH)","	82","	2026-07-28 17:08:53"
"	69BA0CDE","	Chamber1","	1","	B01??(?)","	4.8","	2026-07-28 17:08:51"
"	69BA0CDE","	Chamber1","	1","	B01??(%RH)","	82","	2026-07-28 17:08:51"
"	69BA0CDE","	Chamber1","	1","	B01??(?)","	4.8","	2026-07-28 17:08:48"
"	69BA0CDE","	Chamber1","	1","	B01??(%RH)","	82","	2026-07-28 17:08:48"
"	69BA0CDE","	Chamber1","	1","	B01??(?)","	4.8","	2026-07-28 17:08:46"
"	69BA0CDE","	Chamber1","	1","	B01??(%RH)","	82","	2026-07-28 17:08:46"
"	69BA0CDE","	Chamber1","	1","	B01??(?)","	4.8","	2026-07-28 17:08:44"
"	69BA0CDE","	Chamber1","	1","	B01??(%RH)","	82","	2026-07-28 17:08:44"
"	69BA0CDE","	Chamber1","	1","	B01??(%RH)","	82","	2026-07-28 17:08:42"
"	69BA0CDE","	Chamber1","	1","	B01??(?)","	4.8","	2026-07-28 17:08:41"
"	69BA0CDE","	Chamber1","	1","	B01??(?)","	4.8","	2026-07-28 17:08:39"
"	69BA0CDE","	Chamber1","	1","	B01??(%RH)","	82","	2026-07-28 17:08:39"
"	69BA0CDE","	Chamber1","	1","	B01??(?)","	4.8","	2026-07-28 17:08:37"
"	69BA0CDE","	Chamber1","	1","	B01??(%RH)","	82","	2026-07-28 17:08:37"
"	69BA0CDE","	Chamber1","	1","	B01??(%RH)","	82","	2026-07-28 17:08:35"
"	69BA0CDE","	Chamber1","	1","	B01??(?)","	4.8","	2026-07-28 17:08:34"
"	69BA0CDE","	Chamber1","	1","	B01??(?)","	4.8","	2026-07-28 17:08:32"
"	69BA0CDE","	Chamber1","	1","	B01??(%RH)","	82","	2026-07-28 17:08:32"
"	69BA0CDE","	Chamber1","	1","	B01??(?)","	4.8","	2026-07-28 17:08:30"
"	69BA0CDE","	Chamber1","	1","	B01??(%RH)","	82","	2026-07-28 17:08:30"
"	69BA0CDE","	Chamber1","	1","	B01??(%RH)","	82","	2026-07-28 17:08:28"
"	69BA0CDE","	Chamber1","	1","	B01??(?)","	4.8","	2026-07-28 17:08:27"
"	69BA0CDE","	Chamber1","	1","	B01??(?)","	4.8","	2026-07-28 17:08:25"
"	69BA0CDE","	Chamber1","	1","	B01??(%RH)","	82","	2026-07-28 17:08:25"
"	69BA0CDE","	Chamber1","	1","	B01??(?)","	4.8","	2026-07-28 17:08:23"
"	69BA0CDE","	Chamber1","	1","	B01??(%RH)","	82","	2026-07-28 17:08:23"
"	69BA0CDE","	Chamber1","	1","	B01??(?)","	4.8","	2026-07-28 17:08:21"
"	69BA0CDE","	Chamber1","	1","	B01??(%RH)","	82","	2026-07-28 17:08:21"
"	69BA0CDE","	Chamber1","	1","	B01??(%RH)","	82","	2026-07-28 17:08:19"
"	69BA0CDE","	Chamber1","	1","	B01??(?)","	4.8","	2026-07-28 17:08:18"
"	69BA0CDE","	Chamber1","	1","	B01??(?)","	4.8","	2026-07-28 17:08:16"
"	69BA0CDE","	Chamber1","	1","	B01??(%RH)","	82","	2026-07-28 17:08:16"
"	69BA0CDE","	Chamber1","	1","	B01??(?)","	4.8","	2026-07-28 17:08:14"
"	69BA0CDE","	Chamber1","	1","	B01??(%RH)","	82","	2026-07-28 17:08:14"
"	69BA0CDE","	Chamber1","	1","	B01??(?)","	4.8","	2026-07-28 17:08:12"
"	69BA0CDE","	Chamber1","	1","	B01??(%RH)","	82","	2026-07-28 17:08:12"
"	69BA0CDE","	Chamber1","	1","	B01??(%RH)","	82","	2026-07-28 17:08:10"
"	69BA0CDE","	Chamber1","	1","	B01??(?)","	4.8","	2026-07-28 17:08:09"
"	69BA0CDE","	Chamber1","	1","	B01??(?)","	4.8","	2026-07-28 17:08:07"
"	69BA0CDE","	Chamber1","	1","	B01??(%RH)","	82","	2026-07-28 17:08:07"
"	69BA0CDE","	Chamber1","	1","	B01??(?)","	4.8","	2026-07-28 17:08:05"
"	69BA0CDE","	Chamber1","	1","	B01??(%RH)","	82","	2026-07-28 17:08:05"
"	69BA0CDE","	Chamber1","	1","	B01??(%RH)","	82","	2026-07-28 17:08:03"
"	69BA0CDE","	Chamber1","	1","	B01??(?)","	4.8","	2026-07-28 17:08:02"
"	69BA0CDE","	Chamber1","	1","	B01??(?)","	4.8","	2026-07-28 17:08:00"
"	69BA0CDE","	Chamber1","	1","	B01??(%RH)","	82","	2026-07-28 17:08:00"
"	69BA0CDE","	Chamber1","	1","	B01??(?)","	4.8","	2026-07-28 17:07:58"
"	69BA0CDE","	Chamber1","	1","	B01??(%RH)","	82","	2026-07-28 17:07:58"
"	69BA0CDE","	Chamber1","	1","	B01??(?)","	4.8","	2026-07-28 17:07:56"
"	69BA0CDE","	Chamber1","	1","	B01??(%RH)","	82","	2026-07-28 17:07:56"
"	69BA0CDE","	Chamber1","	1","	B01??(%RH)","	82","	2026-07-28 17:07:54"
"	69BA0CDE","	Chamber1","	1","	B01??(?)","	4.8","	2026-07-28 17:07:53"
"	69BA0CDE","	Chamber1","	1","	B01??(?)","	4.8","	2026-07-28 17:07:51"
"	69BA0CDE","	Chamber1","	1","	B01??(%RH)","	82","	2026-07-28 17:07:51"
"	69BA0CDE","	Chamber1","	1","	B01??(?)","	4.8","	2026-07-28 17:07:49"
"	69BA0CDE","	Chamber1","	1","	B01??(%RH)","	82","	2026-07-28 17:07:49"
"	69BA0CDE","	Chamber1","	1","	B01??(%RH)","	82","	2026-07-28 17:07:47"
"	69BA0CDE","	Chamber1","	1","	B01??(?)","	4.8","	2026-07-28 17:07:46"
"	69BA0CDE","	Chamber1","	1","	B01??(?)","	4.8","	2026-07-28 17:07:44"
"	69BA0CDE","	Chamber1","	1","	B01??(%RH)","	82","	2026-07-28 17:07:44"
"	69BA0CDE","	Chamber1","	1","	B01??(?)","	4.8","	2026-07-28 17:07:42"
"	69BA0CDE","	Chamber1","	1","	B01??(%RH)","	82","	2026-07-28 17:07:42"
"	69BA0CDE","	Chamber1","	1","	B01??(?)","	4.8","	2026-07-28 17:07:40"
"	69BA0CDE","	Chamber1","	1","	B01??(%RH)","	82","	2026-07-28 17:07:40"
"	69BA0CDE","	Chamber1","	1","	B01??(%RH)","	82","	2026-07-28 17:07:38"
"	69BA0CDE","	Chamber1","	1","	B01??(?)","	4.8","	2026-07-28 17:07:37"
"	69BA0CDE","	Chamber1","	1","	B01??(?)","	4.8","	2026-07-28 17:07:35"
"	69BA0CDE","	Chamber1","	1","	B01??(%RH)","	82","	2026-07-28 17:07:35"
"	69BA0CDE","	Chamber1","	1","	B01??(?)","	4.8","	2026-07-28 17:07:33"
"	69BA0CDE","	Chamber1","	1","	B01??(%RH)","	82","	2026-07-28 17:07:33"
"	69BA0CDE","	Chamber1","	1","	B01??(%RH)","	82","	2026-07-28 17:07:31"
"	69BA0CDE","	Chamber1","	1","	B01??(?)","	4.8","	2026-07-28 17:07:30"
"	69BA0CDE","	Chamber1","	1","	B01??(?)","	4.8","	2026-07-28 17:07:28"
"	69BA0CDE","	Chamber1","	1","	B01??(%RH)","	82","	2026-07-28 17:07:28"
"	69BA0CDE","	Chamber1","	1","	B01??(?)","	4.8","	2026-07-28 17:07:26"
"	69BA0CDE","	Chamber1","	1","	B01??(%RH)","	82","	2026-07-28 17:07:26"
"	69BA0CDE","	Chamber1","	1","	B01??(?)","	4.8","	2026-07-28 17:07:24"
"	69BA0CDE","	Chamber1","	1","	B01??(%RH)","	82","	2026-07-28 17:07:24"
"	69BA0CDE","	Chamber1","	1","	B01??(%RH)","	82","	2026-07-28 17:07:22"
"	69BA0CDE","	Chamber1","	1","	B01??(?)","	4.8","	2026-07-28 17:07:21"
"	69BA0CDE","	Chamber1","	1","	B01??(?)","	4.8","	2026-07-28 17:07:19"
"	69BA0CDE","	Chamber1","	1","	B01??(%RH)","	82","	2026-07-28 17:07:19"
"	69BA0CDE","	Chamber1","	1","	B01??(?)","	4.8","	2026-07-28 17:07:17"
"	69BA0CDE","	Chamber1","	1","	B01??(%RH)","	82","	2026-07-28 17:07:17"
"	69BA0CDE","	Chamber1","	1","	B01??(%RH)","	82","	2026-07-28 17:07:15"
"	69BA0CDE","	Chamber1","	1","	B01??(?)","	4.8","	2026-07-28 17:07:14"
"	69BA0CDE","	Chamber1","	1","	B01??(?)","	4.8","	2026-07-28 17:07:12"
"	69BA0CDE","	Chamber1","	1","	B01??(%RH)","	82","	2026-07-28 17:07:12"
"	69BA0CDE","	Chamber1","	1","	B01??(?)","	4.8","	2026-07-28 17:07:10"
"	69BA0CDE","	Chamber1","	1","	B01??(%RH)","	82","	2026-07-28 17:07:10"
"	69BA0CDE","	Chamber1","	1","	B01??(%RH)","	82","	2026-07-28 17:07:08"
"	69BA0CDE","	Chamber1","	1","	B01??(?)","	4.8","	2026-07-28 17:07:07"
"	69BA0CDE","	Chamber1","	1","	B01??(?)","	4.8","	2026-07-28 17:07:05"
"	69BA0CDE","	Chamber1","	1","	B01??(%RH)","	81.9","	2026-07-28 17:07:05"
"	69BA0CDE","	Chamber1","	1","	B01??(?)","	4.8","	2026-07-28 17:07:03"
"	69BA0CDE","	Chamber1","	1","	B01??(%RH)","	82","	2026-07-28 17:07:03"
"	69BA0CDE","	Chamber1","	1","	B01??(?)","	4.8","	2026-07-28 17:07:01"
"	69BA0CDE","	Chamber1","	1","	B01??(%RH)","	82","	2026-07-28 17:07:01"
"	69BA0CDE","	Chamber1","	1","	B01??(%RH)","	82","	2026-07-28 17:06:59"
"	69BA0CDE","	Chamber1","	1","	B01??(?)","	4.8","	2026-07-28 17:06:58"
"	69BA0CDE","	Chamber1","	1","	B01??(?)","	4.8","	2026-07-28 17:06:56"
"	69BA0CDE","	Chamber1","	1","	B01??(%RH)","	82","	2026-07-28 17:06:56"
"	69BA0CDE","	Chamber1","	1","	B01??(?)","	4.8","	2026-07-28 17:06:54"
"	69BA0CDE","	Chamber1","	1","	B01??(%RH)","	82","	2026-07-28 17:06:54"
"	69BA0CDE","	Chamber1","	1","	B01??(%RH)","	82","	2026-07-28 17:06:52"
"	69BA0CDE","	Chamber1","	1","	B01??(?)","	4.8","	2026-07-28 17:06:51"
"	69BA0CDE","	Chamber1","	1","	B01??(?)","	4.8","	2026-07-28 17:06:49"
"	69BA0CDE","	Chamber1","	1","	B01??(%RH)","	82","	2026-07-28 17:06:49"
"	69BA0CDE","	Chamber1","	1","	B01??(?)","	4.8","	2026-07-28 17:06:47"
"	69BA0CDE","	Chamber1","	1","	B01??(%RH)","	82","	2026-07-28 17:06:47"
"	69BA0CDE","	Chamber1","	1","	B01??(?)","	4.8","	2026-07-28 17:06:45"
"	69BA0CDE","	Chamber1","	1","	B01??(%RH)","	82","	2026-07-28 17:06:45"
"	69BA0CDE","	Chamber1","	1","	B01??(%RH)","	82","	2026-07-28 17:06:43"
"	69BA0CDE","	Chamber1","	1","	B01??(?)","	4.8","	2026-07-28 17:06:42"
"	69BA0CDE","	Chamber1","	1","	B01??(?)","	4.8","	2026-07-28 17:06:40"
"	69BA0CDE","	Chamber1","	1","	B01??(%RH)","	82","	2026-07-28 17:06:40"
"	69BA0CDE","	Chamber1","	1","	B01??(?)","	4.8","	2026-07-28 17:06:38"
"	69BA0CDE","	Chamber1","	1","	B01??(%RH)","	81.9","	2026-07-28 17:06:38"
"	69BA0CDE","	Chamber1","	1","	B01??(%RH)","	81.9","	2026-07-28 17:06:36"
"	69BA0CDE","	Chamber1","	1","	B01??(?)","	4.8","	2026-07-28 17:06:35"
"	69BA0CDE","	Chamber1","	1","	B01??(?)","	4.8","	2026-07-28 17:06:33"
"	69BA0CDE","	Chamber1","	1","	B01??(%RH)","	82","	2026-07-28 17:06:33"
"	69BA0CDE","	Chamber1","	1","	B01??(?)","	4.8","	2026-07-28 17:06:31"
"	69BA0CDE","	Chamber1","	1","	B01??(%RH)","	82","	2026-07-28 17:06:31"
"	69BA0CDE","	Chamber1","	1","	B01??(?)","	4.8","	2026-07-28 17:06:29"
"	69BA0CDE","	Chamber1","	1","	B01??(%RH)","	82","	2026-07-28 17:06:29"
"	69BA0CDE","	Chamber1","	1","	B01??(%RH)","	82","	2026-07-28 17:06:27"
"	69BA0CDE","	Chamber1","	1","	B01??(?)","	4.8","	2026-07-28 17:06:26"
"	69BA0CDE","	Chamber1","	1","	B01??(?)","	4.8","	2026-07-28 17:06:24"
"	69BA0CDE","	Chamber1","	1","	B01??(%RH)","	81.9","	2026-07-28 17:06:24"
"	69BA0CDE","	Chamber1","	1","	B01??(?)","	4.8","	2026-07-28 17:06:22"
"	69BA0CDE","	Chamber1","	1","	B01??(%RH)","	82","	2026-07-28 17:06:22"
"	69BA0CDE","	Chamber1","	1","	B01??(?)","	4.8","	2026-07-28 17:06:20"
"	69BA0CDE","	Chamber1","	1","	B01??(%RH)","	82","	2026-07-28 17:06:20"
"	69BA0CDE","	Chamber1","	1","	B01??(%RH)","	82","	2026-07-28 17:06:18"
"	69BA0CDE","	Chamber1","	1","	B01??(?)","	4.8","	2026-07-28 17:06:17"
"	69BA0CDE","	Chamber1","	1","	B01??(?)","	4.8","	2026-07-28 17:06:15"
"	69BA0CDE","	Chamber1","	1","	B01??(%RH)","	81.9","	2026-07-28 17:06:15"
"	69BA0CDE","	Chamber1","	1","	B01??(?)","	4.8","	2026-07-28 17:06:13"
"	69BA0CDE","	Chamber1","	1","	B01??(%RH)","	81.9","	2026-07-28 17:06:13"
"	69BA0CDE","	Chamber1","	1","	B01??(%RH)","	81.9","	2026-07-28 17:06:11"
"	69BA0CDE","	Chamber1","	1","	B01??(?)","	4.8","	2026-07-28 17:06:10"
"	69BA0CDE","	Chamber1","	1","	B01??(?)","	4.8","	2026-07-28 17:06:08"
"	69BA0CDE","	Chamber1","	1","	B01??(%RH)","	82","	2026-07-28 17:06:08"
"	69BA0CDE","	Chamber1","	1","	B01??(?)","	4.8","	2026-07-28 17:06:06"
"	69BA0CDE","	Chamber1","	1","	B01??(%RH)","	81.9","	2026-07-28 17:06:06"
"	69BA0CDE","	Chamber1","	1","	B01??(?)","	4.8","	2026-07-28 17:06:04"
"	69BA0CDE","	Chamber1","	1","	B01??(%RH)","	81.9","	2026-07-28 17:06:04"
"	69BA0CDE","	Chamber1","	1","	B01??(%RH)","	81.9","	2026-07-28 17:06:02"
"	69BA0CDE","	Chamber1","	1","	B01??(?)","	4.8","	2026-07-28 17:06:01"
"	69BA0CDE","	Chamber1","	1","	B01??(?)","	4.8","	2026-07-28 17:05:59"
"	69BA0CDE","	Chamber1","	1","	B01??(%RH)","	82","	2026-07-28 17:05:59"
"	69BA0CDE","	Chamber1","	1","	B01??(?)","	4.8","	2026-07-28 17:05:57"
"	69BA0CDE","	Chamber1","	1","	B01??(%RH)","	81.9","	2026-07-28 17:05:57"
"	69BA0CDE","	Chamber1","	1","	B01??(%RH)","	81.9","	2026-07-28 17:05:55"
"	69BA0CDE","	Chamber1","	1","	B01??(?)","	4.8","	2026-07-28 17:05:54"
"	69BA0CDE","	Chamber1","	1","	B01??(?)","	4.8","	2026-07-28 17:05:52"
"	69BA0CDE","	Chamber1","	1","	B01??(%RH)","	81.9","	2026-07-28 17:05:52"
"	69BA0CDE","	Chamber1","	1","	B01??(?)","	4.8","	2026-07-28 17:05:50"
"	69BA0CDE","	Chamber1","	1","	B01??(%RH)","	81.9","	2026-07-28 17:05:50"
"	69BA0CDE","	Chamber1","	1","	B01??(?)","	4.8","	2026-07-28 17:05:48"
"	69BA0CDE","	Chamber1","	1","	B01??(%RH)","	81.9","	2026-07-28 17:05:48"
"	69BA0CDE","	Chamber1","	1","	B01??(%RH)","	81.9","	2026-07-28 17:05:46"
"	69BA0CDE","	Chamber1","	1","	B01??(?)","	4.8","	2026-07-28 17:05:45"
"	69BA0CDE","	Chamber1","	1","	B01??(?)","	4.8","	2026-07-28 17:05:43"
"	69BA0CDE","	Chamber1","	1","	B01??(%RH)","	81.9","	2026-07-28 17:05:43"
"	69BA0CDE","	Chamber1","	1","	B01??(?)","	4.8","	2026-07-28 17:05:41"
"	69BA0CDE","	Chamber1","	1","	B01??(%RH)","	81.9","	2026-07-28 17:05:41"
"	69BA0CDE","	Chamber1","	1","	B01??(?)","	4.8","	2026-07-28 17:05:39"
"	69BA0CDE","	Chamber1","	1","	B01??(%RH)","	81.9","	2026-07-28 17:05:39"
"	69BA0CDE","	Chamber1","	1","	B01??(%RH)","	81.9","	2026-07-28 17:05:37"
"	69BA0CDE","	Chamber1","	1","	B01??(?)","	4.8","	2026-07-28 17:05:36"
"	69BA0CDE","	Chamber1","	1","	B01??(?)","	4.8","	2026-07-28 17:05:34"
"	69BA0CDE","	Chamber1","	1","	B01??(%RH)","	81.9","	2026-07-28 17:05:34"
"	69BA0CDE","	Chamber1","	1","	B01??(?)","	4.8","	2026-07-28 17:05:32"
"	69BA0CDE","	Chamber1","	1","	B01??(%RH)","	81.9","	2026-07-28 17:05:32"
"	69BA0CDE","	Chamber1","	1","	B01??(?)","	4.8","	2026-07-28 17:05:30"
"	69BA0CDE","	Chamber1","	1","	B01??(%RH)","	81.9","	2026-07-28 17:05:30"
"	69BA0CDE","	Chamber1","	1","	B01??(%RH)","	81.9","	2026-07-28 17:05:28"
"	69BA0CDE","	Chamber1","	1","	B01??(?)","	4.8","	2026-07-28 17:05:27"
"	69BA0CDE","	Chamber1","	1","	B01??(?)","	4.8","	2026-07-28 17:05:25"
"	69BA0CDE","	Chamber1","	1","	B01??(%RH)","	81.9","	2026-07-28 17:05:25"
"	69BA0CDE","	Chamber1","	1","	B01??(?)","	4.8","	2026-07-28 17:05:23"
"	69BA0CDE","	Chamber1","	1","	B01??(%RH)","	81.9","	2026-07-28 17:05:23"
"	69BA0CDE","	Chamber1","	1","	B01??(%RH)","	81.9","	2026-07-28 17:05:21"
"	69BA0CDE","	Chamber1","	1","	B01??(?)","	4.8","	2026-07-28 17:05:20"
"	69BA0CDE","	Chamber1","	1","	B01??(?)","	4.8","	2026-07-28 17:05:18"
"	69BA0CDE","	Chamber1","	1","	B01??(%RH)","	81.9","	2026-07-28 17:05:18"
"	69BA0CDE","	Chamber1","	1","	B01??(?)","	4.8","	2026-07-28 17:05:16"
"	69BA0CDE","	Chamber1","	1","	B01??(%RH)","	81.9","	2026-07-28 17:05:16"
"	69BA0CDE","	Chamber1","	1","	B01??(?)","	4.8","	2026-07-28 17:05:14"
"	69BA0CDE","	Chamber1","	1","	B01??(%RH)","	81.9","	2026-07-28 17:05:14"
"	69BA0CDE","	Chamber1","	1","	B01??(%RH)","	81.9","	2026-07-28 17:05:12"
"	69BA0CDE","	Chamber1","	1","	B01??(?)","	4.8","	2026-07-28 17:05:11"
"	69BA0CDE","	Chamber1","	1","	B01??(?)","	4.8","	2026-07-28 17:05:09"
"	69BA0CDE","	Chamber1","	1","	B01??(%RH)","	81.9","	2026-07-28 17:05:09"
"	69BA0CDE","	Chamber1","	1","	B01??(?)","	4.8","	2026-07-28 17:05:07"
"	69BA0CDE","	Chamber1","	1","	B01??(%RH)","	81.9","	2026-07-28 17:05:07"
"	69BA0CDE","	Chamber1","	1","	B01??(%RH)","	81.9","	2026-07-28 17:05:05"
"	69BA0CDE","	Chamber1","	1","	B01??(?)","	4.8","	2026-07-28 17:05:04"
"	69BA0CDE","	Chamber1","	1","	B01??(?)","	4.8","	2026-07-28 17:05:02"
"	69BA0CDE","	Chamber1","	1","	B01??(%RH)","	81.9","	2026-07-28 17:05:02"
"	69BA0CDE","	Chamber1","	1","	B01??(?)","	4.8","	2026-07-28 17:05:00"
"	69BA0CDE","	Chamber1","	1","	B01??(%RH)","	81.9","	2026-07-28 17:05:00"
"	69BA0CDE","	Chamber1","	1","	B01??(?)","	4.8","	2026-07-28 17:04:58"
"	69BA0CDE","	Chamber1","	1","	B01??(%RH)","	81.8","	2026-07-28 17:04:58"
"	69BA0CDE","	Chamber1","	1","	B01??(%RH)","	81.8","	2026-07-28 17:04:56"
"	69BA0CDE","	Chamber1","	1","	B01??(?)","	4.7","	2026-07-28 17:04:55"
"	69BA0CDE","	Chamber1","	1","	B01??(?)","	4.8","	2026-07-28 17:04:53"
"	69BA0CDE","	Chamber1","	1","	B01??(%RH)","	81.8","	2026-07-28 17:04:53"
"	69BA0CDE","	Chamber1","	1","	B01??(?)","	4.8","	2026-07-28 17:04:51"
"	69BA0CDE","	Chamber1","	1","	B01??(%RH)","	81.9","	2026-07-28 17:04:51"
"	69BA0CDE","	Chamber1","	1","	B01??(?)","	4.8","	2026-07-28 17:04:49"
"	69BA0CDE","	Chamber1","	1","	B01??(%RH)","	81.8","	2026-07-28 17:04:49"
"	69BA0CDE","	Chamber1","	1","	B01??(?)","	4.8","	2026-07-28 17:04:46"
"	69BA0CDE","	Chamber1","	1","	B01??(%RH)","	81.8","	2026-07-28 17:04:46"
"	69BA0CDE","	Chamber1","	1","	B01??(?)","	4.8","	2026-07-28 17:04:44"
"	69BA0CDE","	Chamber1","	1","	B01??(%RH)","	81.8","	2026-07-28 17:04:44"
"	69BA0CDE","	Chamber1","	1","	B01??(?)","	4.8","	2026-07-28 17:04:42"
"	69BA0CDE","	Chamber1","	1","	B01??(%RH)","	81.8","	2026-07-28 17:04:42"
"	69BA0CDE","	Chamber1","	1","	B01??(%RH)","	81.8","	2026-07-28 17:04:40"
"	69BA0CDE","	Chamber1","	1","	B01??(?)","	4.7","	2026-07-28 17:04:39"
"	69BA0CDE","	Chamber1","	1","	B01??(?)","	4.8","	2026-07-28 17:04:37"
"	69BA0CDE","	Chamber1","	1","	B01??(%RH)","	81.8","	2026-07-28 17:04:37"
"	69BA0CDE","	Chamber1","	1","	B01??(?)","	4.8","	2026-07-28 17:04:35"
"	69BA0CDE","	Chamber1","	1","	B01??(%RH)","	81.8","	2026-07-28 17:04:35"
"	69BA0CDE","	Chamber1","	1","	B01??(?)","	4.8","	2026-07-28 17:04:33"
"	69BA0CDE","	Chamber1","	1","	B01??(%RH)","	81.8","	2026-07-28 17:04:33"
"	69BA0CDE","	Chamber1","	1","	B01??(%RH)","	81.8","	2026-07-28 17:04:31"
"	69BA0CDE","	Chamber1","	1","	B01??(?)","	4.7","	2026-07-28 17:04:30"
"	69BA0CDE","	Chamber1","	1","	B01??(?)","	4.8","	2026-07-28 17:04:28"
"	69BA0CDE","	Chamber1","	1","	B01??(%RH)","	81.7","	2026-07-28 17:04:28"
"	69BA0CDE","	Chamber1","	1","	B01??(?)","	4.7","	2026-07-28 17:04:26"
"	69BA0CDE","	Chamber1","	1","	B01??(%RH)","	81.8","	2026-07-28 17:04:26"
"	69BA0CDE","	Chamber1","	1","	B01??(%RH)","	81.8","	2026-07-28 17:04:24"
"	69BA0CDE","	Chamber1","	1","	B01??(?)","	4.7","	2026-07-28 17:04:23"
"	69BA0CDE","	Chamber1","	1","	B01??(?)","	4.8","	2026-07-28 17:04:21"
"	69BA0CDE","	Chamber1","	1","	B01??(%RH)","	81.8","	2026-07-28 17:04:21"
"	69BA0CDE","	Chamber1","	1","	B01??(?)","	4.8","	2026-07-28 17:04:19"
"	69BA0CDE","	Chamber1","	1","	B01??(%RH)","	81.8","	2026-07-28 17:04:19"
"	69BA0CDE","	Chamber1","	1","	B01??(?)","	4.7","	2026-07-28 17:04:17"
"	69BA0CDE","	Chamber1","	1","	B01??(%RH)","	81.8","	2026-07-28 17:04:17"
"	69BA0CDE","	Chamber1","	1","	B01??(%RH)","	81.7","	2026-07-28 17:04:15"
"	69BA0CDE","	Chamber1","	1","	B01??(?)","	4.8","	2026-07-28 17:04:14"
"	69BA0CDE","	Chamber1","	1","	B01??(?)","	4.7","	2026-07-28 17:04:12"
"	69BA0CDE","	Chamber1","	1","	B01??(%RH)","	81.7","	2026-07-28 17:04:12"
"	69BA0CDE","	Chamber1","	1","	B01??(?)","	4.8","	2026-07-28 17:04:10"
"	69BA0CDE","	Chamber1","	1","	B01??(%RH)","	81.8","	2026-07-28 17:04:10"
"	69BA0CDE","	Chamber1","	1","	B01??(%RH)","	81.7","	2026-07-28 17:04:08"
"	69BA0CDE","	Chamber1","	1","	B01??(?)","	4.7","	2026-07-28 17:04:07"
"	69BA0CDE","	Chamber1","	1","	B01??(?)","	4.8","	2026-07-28 17:04:05"
"	69BA0CDE","	Chamber1","	1","	B01??(%RH)","	81.7","	2026-07-28 17:04:05"
"	69BA0CDE","	Chamber1","	1","	B01??(?)","	4.7","	2026-07-28 17:04:03"
"	69BA0CDE","	Chamber1","	1","	B01??(%RH)","	81.7","	2026-07-28 17:04:03"
"	69BA0CDE","	Chamber1","	1","	B01??(?)","	4.7","	2026-07-28 17:04:01"
"	69BA0CDE","	Chamber1","	1","	B01??(%RH)","	81.7","	2026-07-28 17:04:01"
"	69BA0CDE","	Chamber1","	1","	B01??(%RH)","	81.7","	2026-07-28 17:03:59"
"	69BA0CDE","	Chamber1","	1","	B01??(?)","	4.7","	2026-07-28 17:03:58"
"	69BA0CDE","	Chamber1","	1","	B01??(?)","	4.8","	2026-07-28 17:03:56"
"	69BA0CDE","	Chamber1","	1","	B01??(%RH)","	81.7","	2026-07-28 17:03:56"
"	69BA0CDE","	Chamber1","	1","	B01??(?)","	4.8","	2026-07-28 17:03:54"
"	69BA0CDE","	Chamber1","	1","	B01??(%RH)","	81.7","	2026-07-28 17:03:54"
"	69BA0CDE","	Chamber1","	1","	B01??(?)","	4.7","	2026-07-28 17:03:52"
"	69BA0CDE","	Chamber1","	1","	B01??(%RH)","	81.7","	2026-07-28 17:03:52"
"	69BA0CDE","	Chamber1","	1","	B01??(%RH)","	81.7","	2026-07-28 17:03:50"
"	69BA0CDE","	Chamber1","	1","	B01??(?)","	4.8","	2026-07-28 17:03:49"
"	69BA0CDE","	Chamber1","	1","	B01??(?)","	4.7","	2026-07-28 17:03:47"
"	69BA0CDE","	Chamber1","	1","	B01??(%RH)","	81.7","	2026-07-28 17:03:47"
"	69BA0CDE","	Chamber1","	1","	B01??(?)","	4.7","	2026-07-28 17:03:45"
"	69BA0CDE","	Chamber1","	1","	B01??(%RH)","	81.7","	2026-07-28 17:03:45"
"	69BA0CDE","	Chamber1","	1","	B01??(%RH)","	81.8","	2026-07-28 17:03:43"
"	69BA0CDE","	Chamber1","	1","	B01??(?)","	4.8","	2026-07-28 17:03:42"
"	69BA0CDE","	Chamber1","	1","	B01??(?)","	4.8","	2026-07-28 17:03:40"
"	69BA0CDE","	Chamber1","	1","	B01??(%RH)","	81.7","	2026-07-28 17:03:40"
"	69BA0CDE","	Chamber1","	1","	B01??(?)","	4.8","	2026-07-28 17:03:38"
"	69BA0CDE","	Chamber1","	1","	B01??(%RH)","	81.7","	2026-07-28 17:03:38"
"	69BA0CDE","	Chamber1","	1","	B01??(?)","	4.8","	2026-07-28 17:03:36"
"	69BA0CDE","	Chamber1","	1","	B01??(%RH)","	81.7","	2026-07-28 17:03:36"
"	69BA0CDE","	Chamber1","	1","	B01??(%RH)","	81.7","	2026-07-28 17:03:34"
"	69BA0CDE","	Chamber1","	1","	B01??(?)","	4.8","	2026-07-28 17:03:33"
"	69BA0CDE","	Chamber1","	1","	B01??(?)","	4.8","	2026-07-28 17:03:31"
"	69BA0CDE","	Chamber1","	1","	B01??(%RH)","	81.7","	2026-07-28 17:03:31"
"	69BA0CDE","	Chamber1","	1","	B01??(?)","	4.7","	2026-07-28 17:03:29"
"	69BA0CDE","	Chamber1","	1","	B01??(%RH)","	81.7","	2026-07-28 17:03:29"
"	69BA0CDE","	Chamber1","	1","	B01??(?)","	4.7","	2026-07-28 17:03:27"
"	69BA0CDE","	Chamber1","	1","	B01??(%RH)","	81.7","	2026-07-28 17:03:27"
"	69BA0CDE","	Chamber1","	1","	B01??(%RH)","	81.7","	2026-07-28 17:03:25"
"	69BA0CDE","	Chamber1","	1","	B01??(?)","	4.8","	2026-07-28 17:03:24"
"	69BA0CDE","	Chamber1","	1","	B01??(?)","	4.8","	2026-07-28 17:03:22"
"	69BA0CDE","	Chamber1","	1","	B01??(%RH)","	81.7","	2026-07-28 17:03:22"
"	69BA0CDE","	Chamber1","	1","	B01??(?)","	4.7","	2026-07-28 17:03:20"
"	69BA0CDE","	Chamber1","	1","	B01??(%RH)","	81.7","	2026-07-28 17:03:20"
"	69BA0CDE","	Chamber1","	1","	B01??(%RH)","	81.7","	2026-07-28 17:03:18"
"	69BA0CDE","	Chamber1","	1","	B01??(?)","	4.8","	2026-07-28 17:03:17"
"	69BA0CDE","	Chamber1","	1","	B01??(?)","	4.8","	2026-07-28 17:03:15"
"	69BA0CDE","	Chamber1","	1","	B01??(%RH)","	81.7","	2026-07-28 17:03:15"
"	69BA0CDE","	Chamber1","	1","	B01??(?)","	4.8","	2026-07-28 17:03:13"
"	69BA0CDE","	Chamber1","	1","	B01??(%RH)","	81.7","	2026-07-28 17:03:13"
"	69BA0CDE","	Chamber1","	1","	B01??(?)","	4.7","	2026-07-28 17:03:11"
"	69BA0CDE","	Chamber1","	1","	B01??(%RH)","	81.7","	2026-07-28 17:03:11"
"	69BA0CDE","	Chamber1","	1","	B01??(%RH)","	81.7","	2026-07-28 17:03:09"
"	69BA0CDE","	Chamber1","	1","	B01??(?)","	4.7","	2026-07-28 17:03:08"
"	69BA0CDE","	Chamber1","	1","	B01??(?)","	4.8","	2026-07-28 17:03:06"
"	69BA0CDE","	Chamber1","	1","	B01??(%RH)","	81.7","	2026-07-28 17:03:06"
"	69BA0CDE","	Chamber1","	1","	B01??(?)","	4.7","	2026-07-28 17:03:04"
"	69BA0CDE","	Chamber1","	1","	B01??(%RH)","	81.7","	2026-07-28 17:03:04"
"	69BA0CDE","	Chamber1","	1","	B01??(%RH)","	81.7","	2026-07-28 17:03:02"
"	69BA0CDE","	Chamber1","	1","	B01??(?)","	4.7","	2026-07-28 17:03:01"
"	69BA0CDE","	Chamber1","	1","	B01??(?)","	4.7","	2026-07-28 17:02:59"
"	69BA0CDE","	Chamber1","	1","	B01??(%RH)","	81.7","	2026-07-28 17:02:59"
"	69BA0CDE","	Chamber1","	1","	B01??(?)","	4.8","	2026-07-28 17:02:57"
"	69BA0CDE","	Chamber1","	1","	B01??(%RH)","	81.7","	2026-07-28 17:02:57"
"	69BA0CDE","	Chamber1","	1","	B01??(?)","	4.8","	2026-07-28 17:02:55"
"	69BA0CDE","	Chamber1","	1","	B01??(%RH)","	81.7","	2026-07-28 17:02:55"
"	69BA0CDE","	Chamber1","	1","	B01??(%RH)","	81.7","	2026-07-28 17:02:53"
"	69BA0CDE","	Chamber1","	1","	B01??(?)","	4.7","	2026-07-28 17:02:52"
"	69BA0CDE","	Chamber1","	1","	B01??(?)","	4.7","	2026-07-28 17:02:50"
"	69BA0CDE","	Chamber1","	1","	B01??(%RH)","	81.7","	2026-07-28 17:02:50"
"	69BA0CDE","	Chamber1","	1","	B01??(?)","	4.8","	2026-07-28 17:02:48"
"	69BA0CDE","	Chamber1","	1","	B01??(%RH)","	81.7","	2026-07-28 17:02:48"
"	69BA0CDE","	Chamber1","	1","	B01??(?)","	4.7","	2026-07-28 17:02:46"
"	69BA0CDE","	Chamber1","	1","	B01??(%RH)","	81.7","	2026-07-28 17:02:46"
"	69BA0CDE","	Chamber1","	1","	B01??(%RH)","	81.7","	2026-07-28 17:02:44"
"	69BA0CDE","	Chamber1","	1","	B01??(?)","	4.8","	2026-07-28 17:02:43"
"	69BA0CDE","	Chamber1","	1","	B01??(?)","	4.7","	2026-07-28 17:02:41"
"	69BA0CDE","	Chamber1","	1","	B01??(%RH)","	81.7","	2026-07-28 17:02:41"
"	69BA0CDE","	Chamber1","	1","	B01??(?)","	4.8","	2026-07-28 17:02:39"
"	69BA0CDE","	Chamber1","	1","	B01??(%RH)","	81.7","	2026-07-28 17:02:39"
"	69BA0CDE","	Chamber1","	1","	B01??(?)","	4.7","	2026-07-28 17:02:37"
"	69BA0CDE","	Chamber1","	1","	B01??(%RH)","	81.7","	2026-07-28 17:02:37"
"	69BA0CDE","	Chamber1","	1","	B01??(%RH)","	81.7","	2026-07-28 17:02:35"
"	69BA0CDE","	Chamber1","	1","	B01??(?)","	4.7","	2026-07-28 17:02:34"
"	69BA0CDE","	Chamber1","	1","	B01??(?)","	4.8","	2026-07-28 17:02:32"
"	69BA0CDE","	Chamber1","	1","	B01??(%RH)","	81.7","	2026-07-28 17:02:32"
"	69BA0CDE","	Chamber1","	1","	B01??(?)","	4.7","	2026-07-28 17:02:30"
"	69BA0CDE","	Chamber1","	1","	B01??(%RH)","	81.7","	2026-07-28 17:02:30"
"	69BA0CDE","	Chamber1","	1","	B01??(%RH)","	81.7","	2026-07-28 17:02:28"
"	69BA0CDE","	Chamber1","	1","	B01??(?)","	4.7","	2026-07-28 17:02:27"
"	69BA0CDE","	Chamber1","	1","	B01??(?)","	4.8","	2026-07-28 17:02:25"
"	69BA0CDE","	Chamber1","	1","	B01??(%RH)","	81.7","	2026-07-28 17:02:25"
"	69BA0CDE","	Chamber1","	1","	B01??(?)","	4.7","	2026-07-28 17:02:23"
"	69BA0CDE","	Chamber1","	1","	B01??(%RH)","	81.7","	2026-07-28 17:02:23"
"	69BA0CDE","	Chamber1","	1","	B01??(?)","	4.7","	2026-07-28 17:02:21"
"	69BA0CDE","	Chamber1","	1","	B01??(%RH)","	81.7","	2026-07-28 17:02:21"
"	69BA0CDE","	Chamber1","	1","	B01??(%RH)","	81.7","	2026-07-28 17:02:19"
"	69BA0CDE","	Chamber1","	1","	B01??(?)","	4.7","	2026-07-28 17:02:18"
"	69BA0CDE","	Chamber1","	1","	B01??(?)","	4.7","	2026-07-28 17:02:16"
"	69BA0CDE","	Chamber1","	1","	B01??(%RH)","	81.7","	2026-07-28 17:02:16"
"	69BA0CDE","	Chamber1","	1","	B01??(?)","	4.7","	2026-07-28 17:02:14"
"	69BA0CDE","	Chamber1","	1","	B01??(%RH)","	81.7","	2026-07-28 17:02:14"
"	69BA0CDE","	Chamber1","	1","	B01??(?)","	4.8","	2026-07-28 17:02:12"
"	69BA0CDE","	Chamber1","	1","	B01??(%RH)","	81.7","	2026-07-28 17:02:12"
"	69BA0CDE","	Chamber1","	1","	B01??(%RH)","	81.7","	2026-07-28 17:02:10"
"	69BA0CDE","	Chamber1","	1","	B01??(?)","	4.7","	2026-07-28 17:02:09"
"	69BA0CDE","	Chamber1","	1","	B01??(?)","	4.7","	2026-07-28 17:02:07"
"	69BA0CDE","	Chamber1","	1","	B01??(%RH)","	81.7","	2026-07-28 17:02:07"
"	69BA0CDE","	Chamber1","	1","	B01??(?)","	4.7","	2026-07-28 17:02:05"
"	69BA0CDE","	Chamber1","	1","	B01??(%RH)","	81.7","	2026-07-28 17:02:05"
"	69BA0CDE","	Chamber1","	1","	B01??(%RH)","	81.7","	2026-07-28 17:02:03"
"	69BA0CDE","	Chamber1","	1","	B01??(?)","	4.7","	2026-07-28 17:02:02"
"	69BA0CDE","	Chamber1","	1","	B01??(?)","	4.7","	2026-07-28 17:02:00"
"	69BA0CDE","	Chamber1","	1","	B01??(%RH)","	81.7","	2026-07-28 17:02:00"
"	69BA0CDE","	Chamber1","	1","	B01??(?)","	4.7","	2026-07-28 17:01:58"
"	69BA0CDE","	Chamber1","	1","	B01??(%RH)","	81.7","	2026-07-28 17:01:58"
"	69BA0CDE","	Chamber1","	1","	B01??(?)","	4.7","	2026-07-28 17:01:56"
"	69BA0CDE","	Chamber1","	1","	B01??(%RH)","	81.7","	2026-07-28 17:01:56"
"	69BA0CDE","	Chamber1","	1","	B01??(%RH)","	81.7","	2026-07-28 17:01:54"
"	69BA0CDE","	Chamber1","	1","	B01??(?)","	4.7","	2026-07-28 17:01:53"
"	69BA0CDE","	Chamber1","	1","	B01??(?)","	4.7","	2026-07-28 17:01:51"
"	69BA0CDE","	Chamber1","	1","	B01??(%RH)","	81.7","	2026-07-28 17:01:51"
"	69BA0CDE","	Chamber1","	1","	B01??(?)","	4.7","	2026-07-28 17:01:49"
"	69BA0CDE","	Chamber1","	1","	B01??(%RH)","	81.7","	2026-07-28 17:01:49"
"	69BA0CDE","	Chamber1","	1","	B01??(?)","	4.8","	2026-07-28 17:01:47"
"	69BA0CDE","	Chamber1","	1","	B01??(%RH)","	81.7","	2026-07-28 17:01:47"
"	69BA0CDE","	Chamber1","	1","	B01??(%RH)","	81.7","	2026-07-28 17:01:45"
"	69BA0CDE","	Chamber1","	1","	B01??(?)","	4.7","	2026-07-28 17:01:44"
"	69BA0CDE","	Chamber1","	1","	B01??(?)","	4.7","	2026-07-28 17:01:42"
"	69BA0CDE","	Chamber1","	1","	B01??(%RH)","	81.7","	2026-07-28 17:01:42"
"	69BA0CDE","	Chamber1","	1","	B01??(?)","	4.7","	2026-07-28 17:01:40"
"	69BA0CDE","	Chamber1","	1","	B01??(%RH)","	81.7","	2026-07-28 17:01:40"
"	69BA0CDE","	Chamber1","	1","	B01??(%RH)","	81.7","	2026-07-28 17:01:38"
"	69BA0CDE","	Chamber1","	1","	B01??(?)","	4.7","	2026-07-28 17:01:37"
"	69BA0CDE","	Chamber1","	1","	B01??(?)","	4.7","	2026-07-28 17:01:35"
"	69BA0CDE","	Chamber1","	1","	B01??(%RH)","	81.7","	2026-07-28 17:01:35"
"	69BA0CDE","	Chamber1","	1","	B01??(?)","	4.7","	2026-07-28 17:01:33"
"	69BA0CDE","	Chamber1","	1","	B01??(%RH)","	81.7","	2026-07-28 17:01:33"
"	69BA0CDE","	Chamber1","	1","	B01??(?)","	4.7","	2026-07-28 17:01:31"
"	69BA0CDE","	Chamber1","	1","	B01??(%RH)","	81.7","	2026-07-28 17:01:31"
"	69BA0CDE","	Chamber1","	1","	B01??(%RH)","	81.7","	2026-07-28 17:01:29"
"	69BA0CDE","	Chamber1","	1","	B01??(?)","	4.7","	2026-07-28 17:01:28"
"	69BA0CDE","	Chamber1","	1","	B01??(?)","	4.7","	2026-07-28 17:01:26"
"	69BA0CDE","	Chamber1","	1","	B01??(%RH)","	81.7","	2026-07-28 17:01:26"
"	69BA0CDE","	Chamber1","	1","	B01??(?)","	4.7","	2026-07-28 17:01:24"
"	69BA0CDE","	Chamber1","	1","	B01??(%RH)","	81.7","	2026-07-28 17:01:24"
"	69BA0CDE","	Chamber1","	1","	B01??(?)","	4.7","	2026-07-28 17:01:22"
"	69BA0CDE","	Chamber1","	1","	B01??(%RH)","	81.7","	2026-07-28 17:01:22"
"	69BA0CDE","	Chamber1","	1","	B01??(%RH)","	81.7","	2026-07-28 17:01:20"
"	69BA0CDE","	Chamber1","	1","	B01??(?)","	4.7","	2026-07-28 17:01:19"
"	69BA0CDE","	Chamber1","	1","	B01??(?)","	4.7","	2026-07-28 17:01:17"
"	69BA0CDE","	Chamber1","	1","	B01??(%RH)","	81.7","	2026-07-28 17:01:17"
"	69BA0CDE","	Chamber1","	1","	B01??(?)","	4.7","	2026-07-28 17:01:15"
"	69BA0CDE","	Chamber1","	1","	B01??(%RH)","	81.7","	2026-07-28 17:01:15"
"	69BA0CDE","	Chamber1","	1","	B01??(%RH)","	81.7","	2026-07-28 17:01:13"
"	69BA0CDE","	Chamber1","	1","	B01??(?)","	4.7","	2026-07-28 17:01:12"
"	69BA0CDE","	Chamber1","	1","	B01??(?)","	4.7","	2026-07-28 17:01:10"
"	69BA0CDE","	Chamber1","	1","	B01??(%RH)","	81.7","	2026-07-28 17:01:10"
"	69BA0CDE","	Chamber1","	1","	B01??(?)","	4.7","	2026-07-28 17:01:08"
"	69BA0CDE","	Chamber1","	1","	B01??(%RH)","	81.7","	2026-07-28 17:01:08"
"	69BA0CDE","	Chamber1","	1","	B01??(?)","	4.7","	2026-07-28 17:01:06"
"	69BA0CDE","	Chamber1","	1","	B01??(%RH)","	81.7","	2026-07-28 17:01:06"
"	69BA0CDE","	Chamber1","	1","	B01??(%RH)","	81.7","	2026-07-28 17:01:04"
"	69BA0CDE","	Chamber1","	1","	B01??(?)","	4.7","	2026-07-28 17:01:03"
"	69BA0CDE","	Chamber1","	1","	B01??(?)","	4.7","	2026-07-28 17:01:01"
"	69BA0CDE","	Chamber1","	1","	B01??(%RH)","	81.7","	2026-07-28 17:01:01"
"	69BA0CDE","	Chamber1","	1","	B01??(?)","	4.7","	2026-07-28 17:00:59"
"	69BA0CDE","	Chamber1","	1","	B01??(%RH)","	81.7","	2026-07-28 17:00:59"
"	69BA0CDE","	Chamber1","	1","	B01??(%RH)","	81.7","	2026-07-28 17:00:57"
"	69BA0CDE","	Chamber1","	1","	B01??(?)","	4.7","	2026-07-28 17:00:56"
"	69BA0CDE","	Chamber1","	1","	B01??(?)","	4.7","	2026-07-28 17:00:54"
"	69BA0CDE","	Chamber1","	1","	B01??(%RH)","	81.7","	2026-07-28 17:00:54"
"	69BA0CDE","	Chamber1","	1","	B01??(?)","	4.7","	2026-07-28 17:00:52"
"	69BA0CDE","	Chamber1","	1","	B01??(%RH)","	81.7","	2026-07-28 17:00:52"
"	69BA0CDE","	Chamber1","	1","	B01??(?)","	4.7","	2026-07-28 17:00:50"
"	69BA0CDE","	Chamber1","	1","	B01??(%RH)","	81.7","	2026-07-28 17:00:50"
"	69BA0CDE","	Chamber1","	1","	B01??(%RH)","	81.7","	2026-07-28 17:00:48"
"	69BA0CDE","	Chamber1","	1","	B01??(?)","	4.7","	2026-07-28 17:00:47"
"	69BA0CDE","	Chamber1","	1","	B01??(?)","	4.7","	2026-07-28 17:00:45"
"	69BA0CDE","	Chamber1","	1","	B01??(%RH)","	81.7","	2026-07-28 17:00:45"
"	69BA0CDE","	Chamber1","	1","	B01??(?)","	4.7","	2026-07-28 17:00:43"
"	69BA0CDE","	Chamber1","	1","	B01??(%RH)","	81.7","	2026-07-28 17:00:43"
"	69BA0CDE","	Chamber1","	1","	B01??(?)","	4.7","	2026-07-28 17:00:41"
"	69BA0CDE","	Chamber1","	1","	B01??(%RH)","	81.7","	2026-07-28 17:00:41"
"	69BA0CDE","	Chamber1","	1","	B01??(%RH)","	81.7","	2026-07-28 17:00:39"
"	69BA0CDE","	Chamber1","	1","	B01??(?)","	4.7","	2026-07-28 17:00:38"
"	69BA0CDE","	Chamber1","	1","	B01??(?)","	4.8","	2026-07-28 17:00:36"
"	69BA0CDE","	Chamber1","	1","	B01??(%RH)","	81.7","	2026-07-28 17:00:36"
"	69BA0CDE","	Chamber1","	1","	B01??(?)","	4.7","	2026-07-28 17:00:34"
"	69BA0CDE","	Chamber1","	1","	B01??(%RH)","	81.7","	2026-07-28 17:00:34"
"	69BA0CDE","	Chamber1","	1","	B01??(%RH)","	81.7","	2026-07-28 17:00:32"
"	69BA0CDE","	Chamber1","	1","	B01??(?)","	4.7","	2026-07-28 17:00:31"
"	69BA0CDE","	Chamber1","	1","	B01??(?)","	4.7","	2026-07-28 17:00:29"
"	69BA0CDE","	Chamber1","	1","	B01??(%RH)","	81.7","	2026-07-28 17:00:29"
"	69BA0CDE","	Chamber1","	1","	B01??(?)","	4.7","	2026-07-28 17:00:27"
"	69BA0CDE","	Chamber1","	1","	B01??(%RH)","	81.7","	2026-07-28 17:00:27"
"	69BA0CDE","	Chamber1","	1","	B01??(?)","	4.7","	2026-07-28 17:00:25"
"	69BA0CDE","	Chamber1","	1","	B01??(%RH)","	81.7","	2026-07-28 17:00:25"
"	69BA0CDE","	Chamber1","	1","	B01??(%RH)","	81.7","	2026-07-28 17:00:23"
"	69BA0CDE","	Chamber1","	1","	B01??(?)","	4.7","	2026-07-28 17:00:22"
"	69BA0CDE","	Chamber1","	1","	B01??(?)","	4.7","	2026-07-28 17:00:20"
"	69BA0CDE","	Chamber1","	1","	B01??(%RH)","	81.7","	2026-07-28 17:00:20"
"	69BA0CDE","	Chamber1","	1","	B01??(?)","	4.7","	2026-07-28 17:00:18"
"	69BA0CDE","	Chamber1","	1","	B01??(%RH)","	81.7","	2026-07-28 17:00:18"
"	69BA0CDE","	Chamber1","	1","	B01??(?)","	4.7","	2026-07-28 17:00:16"
"	69BA0CDE","	Chamber1","	1","	B01??(%RH)","	81.7","	2026-07-28 17:00:16"
"	69BA0CDE","	Chamber1","	1","	B01??(%RH)","	81.7","	2026-07-28 17:00:14"
"	69BA0CDE","	Chamber1","	1","	B01??(?)","	4.7","	2026-07-28 17:00:13"
"	69BA0CDE","	Chamber1","	1","	B01??(?)","	4.7","	2026-07-28 17:00:11"
"	69BA0CDE","	Chamber1","	1","	B01??(%RH)","	81.7","	2026-07-28 17:00:11"
"	69BA0CDE","	Chamber1","	1","	B01??(?)","	4.8","	2026-07-28 17:00:09"
"	69BA0CDE","	Chamber1","	1","	B01??(%RH)","	81.7","	2026-07-28 17:00:09"
"	69BA0CDE","	Chamber1","	1","	B01??(?)","	4.7","	2026-07-28 17:00:07"
"	69BA0CDE","	Chamber1","	1","	B01??(%RH)","	81.7","	2026-07-28 17:00:07"
"	69BA0CDE","	Chamber1","	1","	B01??(%RH)","	81.7","	2026-07-28 17:00:05"
"	69BA0CDE","	Chamber1","	1","	B01??(?)","	4.7","	2026-07-28 17:00:04"
"	69BA0CDE","	Chamber1","	1","	B01??(?)","	4.7","	2026-07-28 17:00:02"
"	69BA0CDE","	Chamber1","	1","	B01??(%RH)","	81.7","	2026-07-28 17:00:02"
"	69BA0CDE","	Chamber1","	1","	B01??(?)","	4.7","	2026-07-28 17:00:00"
"	69BA0CDE","	Chamber1","	1","	B01??(%RH)","	81.7","	2026-07-28 17:00:00"
"	69BA0CDE","	Chamber1","	1","	B01??(%RH)","	81.7","	2026-07-28 16:59:58"
"	69BA0CDE","	Chamber1","	1","	B01??(?)","	4.7","	2026-07-28 16:59:57"
"	69BA0CDE","	Chamber1","	1","	B01??(?)","	4.7","	2026-07-28 16:59:55"
"	69BA0CDE","	Chamber1","	1","	B01??(%RH)","	81.7","	2026-07-28 16:59:55"
"	69BA0CDE","	Chamber1","	1","	B01??(?)","	4.7","	2026-07-28 16:59:53"
"	69BA0CDE","	Chamber1","	1","	B01??(%RH)","	81.7","	2026-07-28 16:59:53"
"	69BA0CDE","	Chamber1","	1","	B01??(?)","	4.7","	2026-07-28 16:59:51"
"	69BA0CDE","	Chamber1","	1","	B01??(%RH)","	81.7","	2026-07-28 16:59:51"
"	69BA0CDE","	Chamber1","	1","	B01??(%RH)","	81.6","	2026-07-28 16:59:49"
"	69BA0CDE","	Chamber1","	1","	B01??(?)","	4.8","	2026-07-28 16:59:48"
"	69BA0CDE","	Chamber1","	1","	B01??(?)","	4.7","	2026-07-28 16:59:46"
"	69BA0CDE","	Chamber1","	1","	B01??(%RH)","	81.6","	2026-07-28 16:59:46"
"	69BA0CDE","	Chamber1","	1","	B01??(?)","	4.7","	2026-07-28 16:59:44"
"	69BA0CDE","	Chamber1","	1","	B01??(%RH)","	81.6","	2026-07-28 16:59:44"
"	69BA0CDE","	Chamber1","	1","	B01??(%RH)","	81.6","	2026-07-28 16:59:42"
"	69BA0CDE","	Chamber1","	1","	B01??(?)","	4.7","	2026-07-28 16:59:41"
"	69BA0CDE","	Chamber1","	1","	B01??(?)","	4.7","	2026-07-28 16:59:39"
"	69BA0CDE","	Chamber1","	1","	B01??(%RH)","	81.6","	2026-07-28 16:59:39"
"	69BA0CDE","	Chamber1","	1","	B01??(?)","	4.7","	2026-07-28 16:59:37"
"	69BA0CDE","	Chamber1","	1","	B01??(%RH)","	81.6","	2026-07-28 16:59:37"
"	69BA0CDE","	Chamber1","	1","	B01??(?)","	4.7","	2026-07-28 16:59:35"
"	69BA0CDE","	Chamber1","	1","	B01??(%RH)","	81.7","	2026-07-28 16:59:35"
"	69BA0CDE","	Chamber1","	1","	B01??(%RH)","	81.6","	2026-07-28 16:59:33"
"	69BA0CDE","	Chamber1","	1","	B01??(?)","	4.7","	2026-07-28 16:59:32"
"	69BA0CDE","	Chamber1","	1","	B01??(?)","	4.7","	2026-07-28 16:59:30"
"	69BA0CDE","	Chamber1","	1","	B01??(%RH)","	81.6","	2026-07-28 16:59:30"
"	69BA0CDE","	Chamber1","	1","	B01??(?)","	4.7","	2026-07-28 16:59:28"
"	69BA0CDE","	Chamber1","	1","	B01??(%RH)","	81.6","	2026-07-28 16:59:28"
"	69BA0CDE","	Chamber1","	1","	B01??(%RH)","	81.6","	2026-07-28 16:59:26"
"	69BA0CDE","	Chamber1","	1","	B01??(?)","	4.7","	2026-07-28 16:59:25"
"	69BA0CDE","	Chamber1","	1","	B01??(?)","	4.7","	2026-07-28 16:59:23"
"	69BA0CDE","	Chamber1","	1","	B01??(%RH)","	81.6","	2026-07-28 16:59:23"
"	69BA0CDE","	Chamber1","	1","	B01??(?)","	4.7","	2026-07-28 16:59:21"
"	69BA0CDE","	Chamber1","	1","	B01??(%RH)","	81.6","	2026-07-28 16:59:21"
"	69BA0CDE","	Chamber1","	1","	B01??(?)","	4.7","	2026-07-28 16:59:19"
"	69BA0CDE","	Chamber1","	1","	B01??(%RH)","	81.6","	2026-07-28 16:59:19"
"	69BA0CDE","	Chamber1","	1","	B01??(%RH)","	81.6","	2026-07-28 16:59:17"
"	69BA0CDE","	Chamber1","	1","	B01??(?)","	4.7","	2026-07-28 16:59:16"
"	69BA0CDE","	Chamber1","	1","	B01??(?)","	4.7","	2026-07-28 16:59:14"
"	69BA0CDE","	Chamber1","	1","	B01??(%RH)","	81.6","	2026-07-28 16:59:14"
"	69BA0CDE","	Chamber1","	1","	B01??(?)","	4.7","	2026-07-28 16:59:12"
"	69BA0CDE","	Chamber1","	1","	B01??(%RH)","	81.5","	2026-07-28 16:59:12"
"	69BA0CDE","	Chamber1","	1","	B01??(?)","	4.7","	2026-07-28 16:59:10"
"	69BA0CDE","	Chamber1","	1","	B01??(%RH)","	81.6","	2026-07-28 16:59:10"
"	69BA0CDE","	Chamber1","	1","	B01??(%RH)","	81.6","	2026-07-28 16:59:08"
"	69BA0CDE","	Chamber1","	1","	B01??(?)","	4.7","	2026-07-28 16:59:07"
"	69BA0CDE","	Chamber1","	1","	B01??(?)","	4.7","	2026-07-28 16:59:05"
"	69BA0CDE","	Chamber1","	1","	B01??(%RH)","	81.6","	2026-07-28 16:59:05"
"	69BA0CDE","	Chamber1","	1","	B01??(?)","	4.7","	2026-07-28 16:59:03"
"	69BA0CDE","	Chamber1","	1","	B01??(%RH)","	81.6","	2026-07-28 16:59:03"
"	69BA0CDE","	Chamber1","	1","	B01??(?)","	4.7","	2026-07-28 16:59:01"
"	69BA0CDE","	Chamber1","	1","	B01??(%RH)","	81.6","	2026-07-28 16:59:01"
"	69BA0CDE","	Chamber1","	1","	B01??(?)","	4.7","	2026-07-28 16:58:58"
"	69BA0CDE","	Chamber1","	1","	B01??(%RH)","	81.5","	2026-07-28 16:58:58"
"	69BA0CDE","	Chamber1","	1","	B01??(?)","	4.7","	2026-07-28 16:58:56"
"	69BA0CDE","	Chamber1","	1","	B01??(%RH)","	81.6","	2026-07-28 16:58:56"
"	69BA0CDE","	Chamber1","	1","	B01??(?)","	4.7","	2026-07-28 16:58:54"
"	69BA0CDE","	Chamber1","	1","	B01??(%RH)","	81.5","	2026-07-28 16:58:54"
"	69BA0CDE","	Chamber1","	1","	B01??(%RH)","	81.5","	2026-07-28 16:58:52"
"	69BA0CDE","	Chamber1","	1","	B01??(?)","	4.7","	2026-07-28 16:58:51"
"	69BA0CDE","	Chamber1","	1","	B01??(?)","	4.7","	2026-07-28 16:58:49"
"	69BA0CDE","	Chamber1","	1","	B01??(%RH)","	81.5","	2026-07-28 16:58:49"
"	69BA0CDE","	Chamber1","	1","	B01??(?)","	4.7","	2026-07-28 16:58:47"
"	69BA0CDE","	Chamber1","	1","	B01??(%RH)","	81.5","	2026-07-28 16:58:47"
"	69BA0CDE","	Chamber1","	1","	B01??(?)","	4.7","	2026-07-28 16:58:45"
"	69BA0CDE","	Chamber1","	1","	B01??(%RH)","	81.5","	2026-07-28 16:58:45"
"	69BA0CDE","	Chamber1","	1","	B01??(%RH)","	81.5","	2026-07-28 16:58:43"
"	69BA0CDE","	Chamber1","	1","	B01??(?)","	4.7","	2026-07-28 16:58:42"
"	69BA0CDE","	Chamber1","	1","	B01??(?)","	4.7","	2026-07-28 16:58:40"
"	69BA0CDE","	Chamber1","	1","	B01??(%RH)","	81.5","	2026-07-28 16:58:40"
"	69BA0CDE","	Chamber1","	1","	B01??(?)","	4.7","	2026-07-28 16:58:38"
"	69BA0CDE","	Chamber1","	1","	B01??(%RH)","	81.5","	2026-07-28 16:58:38"
"	69BA0CDE","	Chamber1","	1","	B01??(?)","	4.7","	2026-07-28 16:58:36"
"	69BA0CDE","	Chamber1","	1","	B01??(%RH)","	81.5","	2026-07-28 16:58:36"
"	69BA0CDE","	Chamber1","	1","	B01??(%RH)","	81.5","	2026-07-28 16:58:34"
"	69BA0CDE","	Chamber1","	1","	B01??(?)","	4.7","	2026-07-28 16:58:33"
"	69BA0CDE","	Chamber1","	1","	B01??(?)","	4.7","	2026-07-28 16:58:31"
"	69BA0CDE","	Chamber1","	1","	B01??(%RH)","	81.5","	2026-07-28 16:58:31"
"	69BA0CDE","	Chamber1","	1","	B01??(?)","	4.7","	2026-07-28 16:58:29"
"	69BA0CDE","	Chamber1","	1","	B01??(%RH)","	81.4","	2026-07-28 16:58:29"
"	69BA0CDE","	Chamber1","	1","	B01??(?)","	4.7","	2026-07-28 16:58:27"
"	69BA0CDE","	Chamber1","	1","	B01??(%RH)","	81.5","	2026-07-28 16:58:27"
"	69BA0CDE","	Chamber1","	1","	B01??(%RH)","	81.5","	2026-07-28 16:58:25"
"	69BA0CDE","	Chamber1","	1","	B01??(?)","	4.7","	2026-07-28 16:58:24"
"	69BA0CDE","	Chamber1","	1","	B01??(?)","	4.7","	2026-07-28 16:58:22"
"	69BA0CDE","	Chamber1","	1","	B01??(%RH)","	81.5","	2026-07-28 16:58:22"
"	69BA0CDE","	Chamber1","	1","	B01??(?)","	4.7","	2026-07-28 16:58:20"
"	69BA0CDE","	Chamber1","	1","	B01??(%RH)","	81.5","	2026-07-28 16:58:20"
"	69BA0CDE","	Chamber1","	1","	B01??(%RH)","	81.5","	2026-07-28 16:58:18"
"	69BA0CDE","	Chamber1","	1","	B01??(?)","	4.7","	2026-07-28 16:58:17"
"	69BA0CDE","	Chamber1","	1","	B01??(?)","	4.7","	2026-07-28 16:58:15"
"	69BA0CDE","	Chamber1","	1","	B01??(%RH)","	81.5","	2026-07-28 16:58:15"
"	69BA0CDE","	Chamber1","	1","	B01??(?)","	4.7","	2026-07-28 16:58:13"
"	69BA0CDE","	Chamber1","	1","	B01??(%RH)","	81.4","	2026-07-28 16:58:13"
"	69BA0CDE","	Chamber1","	1","	B01??(?)","	4.7","	2026-07-28 16:58:11"
"	69BA0CDE","	Chamber1","	1","	B01??(%RH)","	81.5","	2026-07-28 16:58:11"
"	69BA0CDE","	Chamber1","	1","	B01??(%RH)","	81.4","	2026-07-28 16:58:09"
"	69BA0CDE","	Chamber1","	1","	B01??(?)","	4.7","	2026-07-28 16:58:08"
"	69BA0CDE","	Chamber1","	1","	B01??(?)","	4.7","	2026-07-28 16:58:06"
"	69BA0CDE","	Chamber1","	1","	B01??(%RH)","	81.4","	2026-07-28 16:58:06"
"	69BA0CDE","	Chamber1","	1","	B01??(?)","	4.7","	2026-07-28 16:58:04"
"	69BA0CDE","	Chamber1","	1","	B01??(%RH)","	81.4","	2026-07-28 16:58:04"
"	69BA0CDE","	Chamber1","	1","	B01??(?)","	4.7","	2026-07-28 16:58:02"
"	69BA0CDE","	Chamber1","	1","	B01??(%RH)","	81.5","	2026-07-28 16:58:02"
"	69BA0CDE","	Chamber1","	1","	B01??(%RH)","	81.5","	2026-07-28 16:58:00"
"	69BA0CDE","	Chamber1","	1","	B01??(?)","	4.7","	2026-07-28 16:57:59"
"	69BA0CDE","	Chamber1","	1","	B01??(?)","	4.7","	2026-07-28 16:57:57"
"	69BA0CDE","	Chamber1","	1","	B01??(%RH)","	81.4","	2026-07-28 16:57:57"
"	69BA0CDE","	Chamber1","	1","	B01??(?)","	4.7","	2026-07-28 16:57:55"
"	69BA0CDE","	Chamber1","	1","	B01??(%RH)","	81.4","	2026-07-28 16:57:55"
"	69BA0CDE","	Chamber1","	1","	B01??(%RH)","	81.4","	2026-07-28 16:57:53"
"	69BA0CDE","	Chamber1","	1","	B01??(?)","	4.7","	2026-07-28 16:57:52"
"	69BA0CDE","	Chamber1","	1","	B01??(?)","	4.7","	2026-07-28 16:57:50"
"	69BA0CDE","	Chamber1","	1","	B01??(%RH)","	81.5","	2026-07-28 16:57:50"
"	69BA0CDE","	Chamber1","	1","	B01??(?)","	4.7","	2026-07-28 16:57:48"
"	69BA0CDE","	Chamber1","	1","	B01??(%RH)","	81.5","	2026-07-28 16:57:48"
"	69BA0CDE","	Chamber1","	1","	B01??(?)","	4.7","	2026-07-28 16:57:46"
"	69BA0CDE","	Chamber1","	1","	B01??(%RH)","	81.5","	2026-07-28 16:57:46"
"	69BA0CDE","	Chamber1","	1","	B01??(%RH)","	81.5","	2026-07-28 16:57:44"
"	69BA0CDE","	Chamber1","	1","	B01??(?)","	4.7","	2026-07-28 16:57:43"
"	69BA0CDE","	Chamber1","	1","	B01??(?)","	4.7","	2026-07-28 16:57:41"
"	69BA0CDE","	Chamber1","	1","	B01??(%RH)","	81.5","	2026-07-28 16:57:41"
"	69BA0CDE","	Chamber1","	1","	B01??(?)","	4.7","	2026-07-28 16:57:39"
"	69BA0CDE","	Chamber1","	1","	B01??(%RH)","	81.5","	2026-07-28 16:57:39"
"	69BA0CDE","	Chamber1","	1","	B01??(?)","	4.7","	2026-07-28 16:57:37"
"	69BA0CDE","	Chamber1","	1","	B01??(%RH)","	81.5","	2026-07-28 16:57:37"
"	69BA0CDE","	Chamber1","	1","	B01??(%RH)","	81.5","	2026-07-28 16:57:35"
"	69BA0CDE","	Chamber1","	1","	B01??(?)","	4.7","	2026-07-28 16:57:34"
"	69BA0CDE","	Chamber1","	1","	B01??(?)","	4.7","	2026-07-28 16:57:32"
"	69BA0CDE","	Chamber1","	1","	B01??(%RH)","	81.5","	2026-07-28 16:57:32"
"	69BA0CDE","	Chamber1","	1","	B01??(?)","	4.7","	2026-07-28 16:57:30"
"	69BA0CDE","	Chamber1","	1","	B01??(%RH)","	81.5","	2026-07-28 16:57:30"
"	69BA0CDE","	Chamber1","	1","	B01??(%RH)","	81.5","	2026-07-28 16:57:28"
"	69BA0CDE","	Chamber1","	1","	B01??(?)","	4.7","	2026-07-28 16:57:27"
"	69BA0CDE","	Chamber1","	1","	B01??(?)","	4.7","	2026-07-28 16:57:25"
"	69BA0CDE","	Chamber1","	1","	B01??(%RH)","	81.5","	2026-07-28 16:57:25"
"	69BA0CDE","	Chamber1","	1","	B01??(?)","	4.7","	2026-07-28 16:57:23"
"	69BA0CDE","	Chamber1","	1","	B01??(%RH)","	81.5","	2026-07-28 16:57:23"
"	69BA0CDE","	Chamber1","	1","	B01??(?)","	4.7","	2026-07-28 16:57:21"
"	69BA0CDE","	Chamber1","	1","	B01??(%RH)","	81.5","	2026-07-28 16:57:21"
"	69BA0CDE","	Chamber1","	1","	B01??(%RH)","	81.5","	2026-07-28 16:57:19"
"	69BA0CDE","	Chamber1","	1","	B01??(?)","	4.7","	2026-07-28 16:57:18"
"	69BA0CDE","	Chamber1","	1","	B01??(?)","	4.7","	2026-07-28 16:57:16"
"	69BA0CDE","	Chamber1","	1","	B01??(%RH)","	81.4","	2026-07-28 16:57:16"
"	69BA0CDE","	Chamber1","	1","	B01??(?)","	4.7","	2026-07-28 16:57:14"
"	69BA0CDE","	Chamber1","	1","	B01??(%RH)","	81.4","	2026-07-28 16:57:14"
"	69BA0CDE","	Chamber1","	1","	B01??(?)","	4.7","	2026-07-28 16:57:12"
"	69BA0CDE","	Chamber1","	1","	B01??(%RH)","	81.4","	2026-07-28 16:57:12"
"	69BA0CDE","	Chamber1","	1","	B01??(%RH)","	81.4","	2026-07-28 16:57:10"
"	69BA0CDE","	Chamber1","	1","	B01??(?)","	4.7","	2026-07-28 16:57:09"
"	69BA0CDE","	Chamber1","	1","	B01??(?)","	4.7","	2026-07-28 16:57:07"
"	69BA0CDE","	Chamber1","	1","	B01??(%RH)","	81.5","	2026-07-28 16:57:07"
"	69BA0CDE","	Chamber1","	1","	B01??(?)","	4.7","	2026-07-28 16:57:05"
"	69BA0CDE","	Chamber1","	1","	B01??(%RH)","	81.5","	2026-07-28 16:57:05"
"	69BA0CDE","	Chamber1","	1","	B01??(%RH)","	81.5","	2026-07-28 16:57:03"
"	69BA0CDE","	Chamber1","	1","	B01??(?)","	4.7","	2026-07-28 16:57:02"
"	69BA0CDE","	Chamber1","	1","	B01??(?)","	4.7","	2026-07-28 16:57:00"
"	69BA0CDE","	Chamber1","	1","	B01??(%RH)","	81.4","	2026-07-28 16:57:00"
"	69BA0CDE","	Chamber1","	1","	B01??(?)","	4.7","	2026-07-28 16:56:58"
"	69BA0CDE","	Chamber1","	1","	B01??(%RH)","	81.4","	2026-07-28 16:56:58"
"	69BA0CDE","	Chamber1","	1","	B01??(?)","	4.7","	2026-07-28 16:56:56"
"	69BA0CDE","	Chamber1","	1","	B01??(%RH)","	81.4","	2026-07-28 16:56:56"
"	69BA0CDE","	Chamber1","	1","	B01??(%RH)","	81.5","	2026-07-28 16:56:54"
"	69BA0CDE","	Chamber1","	1","	B01??(?)","	4.7","	2026-07-28 16:56:53"
"	69BA0CDE","	Chamber1","	1","	B01??(?)","	4.7","	2026-07-28 16:56:51"
"	69BA0CDE","	Chamber1","	1","	B01??(%RH)","	81.4","	2026-07-28 16:56:51"
"	69BA0CDE","	Chamber1","	1","	B01??(?)","	4.7","	2026-07-28 16:56:49"
"	69BA0CDE","	Chamber1","	1","	B01??(%RH)","	81.5","	2026-07-28 16:56:49"
"	69BA0CDE","	Chamber1","	1","	B01??(%RH)","	81.4","	2026-07-28 16:56:47"
"	69BA0CDE","	Chamber1","	1","	B01??(?)","	4.7","	2026-07-28 16:56:46"
"	69BA0CDE","	Chamber1","	1","	B01??(?)","	4.7","	2026-07-28 16:56:44"
"	69BA0CDE","	Chamber1","	1","	B01??(%RH)","	81.5","	2026-07-28 16:56:44"
"	69BA0CDE","	Chamber1","	1","	B01??(?)","	4.7","	2026-07-28 16:56:42"
"	69BA0CDE","	Chamber1","	1","	B01??(%RH)","	81.5","	2026-07-28 16:56:42"
"	69BA0CDE","	Chamber1","	1","	B01??(?)","	4.7","	2026-07-28 16:56:40"
"	69BA0CDE","	Chamber1","	1","	B01??(%RH)","	81.4","	2026-07-28 16:56:40"
"	69BA0CDE","	Chamber1","	1","	B01??(%RH)","	81.5","	2026-07-28 16:56:38"
"	69BA0CDE","	Chamber1","	1","	B01??(?)","	4.7","	2026-07-28 16:56:37"
"	69BA0CDE","	Chamber1","	1","	B01??(?)","	4.7","	2026-07-28 16:56:35"
"	69BA0CDE","	Chamber1","	1","	B01??(%RH)","	81.4","	2026-07-28 16:56:35"
"	69BA0CDE","	Chamber1","	1","	B01??(?)","	4.7","	2026-07-28 16:56:33"
"	69BA0CDE","	Chamber1","	1","	B01??(%RH)","	81.4","	2026-07-28 16:56:33"
"	69BA0CDE","	Chamber1","	1","	B01??(?)","	4.7","	2026-07-28 16:56:31"
"	69BA0CDE","	Chamber1","	1","	B01??(%RH)","	81.4","	2026-07-28 16:56:31"
"	69BA0CDE","	Chamber1","	1","	B01??(%RH)","	81.4","	2026-07-28 16:56:29"
"	69BA0CDE","	Chamber1","	1","	B01??(?)","	4.7","	2026-07-28 16:56:28"
"	69BA0CDE","	Chamber1","	1","	B01??(?)","	4.7","	2026-07-28 16:56:26"
"	69BA0CDE","	Chamber1","	1","	B01??(%RH)","	81.4","	2026-07-28 16:56:26"
"	69BA0CDE","	Chamber1","	1","	B01??(?)","	4.7","	2026-07-28 16:56:24"
"	69BA0CDE","	Chamber1","	1","	B01??(%RH)","	81.4","	2026-07-28 16:56:24"
"	69BA0CDE","	Chamber1","	1","	B01??(%RH)","	81.4","	2026-07-28 16:56:22"
"	69BA0CDE","	Chamber1","	1","	B01??(?)","	4.7","	2026-07-28 16:56:21"
"	69BA0CDE","	Chamber1","	1","	B01??(?)","	4.7","	2026-07-28 16:56:19"
"	69BA0CDE","	Chamber1","	1","	B01??(%RH)","	81.4","	2026-07-28 16:56:19"
"	69BA0CDE","	Chamber1","	1","	B01??(?)","	4.7","	2026-07-28 16:56:17"
"	69BA0CDE","	Chamber1","	1","	B01??(%RH)","	81.4","	2026-07-28 16:56:17"
"	69BA0CDE","	Chamber1","	1","	B01??(?)","	4.7","	2026-07-28 16:56:15"
"	69BA0CDE","	Chamber1","	1","	B01??(%RH)","	81.4","	2026-07-28 16:56:15"
"	69BA0CDE","	Chamber1","	1","	B01??(%RH)","	81.4","	2026-07-28 16:56:13"
"	69BA0CDE","	Chamber1","	1","	B01??(?)","	4.7","	2026-07-28 16:56:12"
"	69BA0CDE","	Chamber1","	1","	B01??(?)","	4.7","	2026-07-28 16:56:10"
"	69BA0CDE","	Chamber1","	1","	B01??(%RH)","	81.5","	2026-07-28 16:56:10"
"	69BA0CDE","	Chamber1","	1","	B01??(?)","	4.7","	2026-07-28 16:56:08"
"	69BA0CDE","	Chamber1","	1","	B01??(%RH)","	81.4","	2026-07-28 16:56:08"
"	69BA0CDE","	Chamber1","	1","	B01??(?)","	4.7","	2026-07-28 16:56:06"
"	69BA0CDE","	Chamber1","	1","	B01??(%RH)","	81.4","	2026-07-28 16:56:06"
"	69BA0CDE","	Chamber1","	1","	B01??(%RH)","	81.4","	2026-07-28 16:56:04"
"	69BA0CDE","	Chamber1","	1","	B01??(?)","	4.7","	2026-07-28 16:56:03"
"	69BA0CDE","	Chamber1","	1","	B01??(?)","	4.7","	2026-07-28 16:56:01"
"	69BA0CDE","	Chamber1","	1","	B01??(%RH)","	81.4","	2026-07-28 16:56:01"
"	69BA0CDE","	Chamber1","	1","	B01??(?)","	4.7","	2026-07-28 16:55:59"
"	69BA0CDE","	Chamber1","	1","	B01??(%RH)","	81.4","	2026-07-28 16:55:59"
"	69BA0CDE","	Chamber1","	1","	B01??(%RH)","	81.4","	2026-07-28 16:55:57"
"	69BA0CDE","	Chamber1","	1","	B01??(?)","	4.7","	2026-07-28 16:55:56"
"	69BA0CDE","	Chamber1","	1","	B01??(?)","	4.7","	2026-07-28 16:55:54"
"	69BA0CDE","	Chamber1","	1","	B01??(%RH)","	81.4","	2026-07-28 16:55:54"
"	69BA0CDE","	Chamber1","	1","	B01??(?)","	4.7","	2026-07-28 16:55:52"
"	69BA0CDE","	Chamber1","	1","	B01??(%RH)","	81.4","	2026-07-28 16:55:52"
"	69BA0CDE","	Chamber1","	1","	B01??(?)","	4.7","	2026-07-28 16:55:50"
"	69BA0CDE","	Chamber1","	1","	B01??(%RH)","	81.4","	2026-07-28 16:55:50"
"	69BA0CDE","	Chamber1","	1","	B01??(%RH)","	81.4","	2026-07-28 16:55:48"
"	69BA0CDE","	Chamber1","	1","	B01??(?)","	4.7","	2026-07-28 16:55:47"
"	69BA0CDE","	Chamber1","	1","	B01??(?)","	4.7","	2026-07-28 16:55:45"
"	69BA0CDE","	Chamber1","	1","	B01??(%RH)","	81.4","	2026-07-28 16:55:45"
"	69BA0CDE","	Chamber1","	1","	B01??(?)","	4.7","	2026-07-28 16:55:43"
"	69BA0CDE","	Chamber1","	1","	B01??(%RH)","	81.4","	2026-07-28 16:55:43"
"	69BA0CDE","	Chamber1","	1","	B01??(?)","	4.7","	2026-07-28 16:55:41"
"	69BA0CDE","	Chamber1","	1","	B01??(%RH)","	81.4","	2026-07-28 16:55:41"
"	69BA0CDE","	Chamber1","	1","	B01??(%RH)","	81.4","	2026-07-28 16:55:39"
"	69BA0CDE","	Chamber1","	1","	B01??(?)","	4.7","	2026-07-28 16:55:38"
"	69BA0CDE","	Chamber1","	1","	B01??(?)","	4.7","	2026-07-28 16:55:36"
"	69BA0CDE","	Chamber1","	1","	B01??(%RH)","	81.3","	2026-07-28 16:55:36"
"	69BA0CDE","	Chamber1","	1","	B01??(?)","	4.7","	2026-07-28 16:55:34"
"	69BA0CDE","	Chamber1","	1","	B01??(%RH)","	81.4","	2026-07-28 16:55:34"
"	69BA0CDE","	Chamber1","	1","	B01??(%RH)","	81.4","	2026-07-28 16:55:32"
"	69BA0CDE","	Chamber1","	1","	B01??(?)","	4.7","	2026-07-28 16:55:31"
"	69BA0CDE","	Chamber1","	1","	B01??(?)","	4.7","	2026-07-28 16:55:29"
"	69BA0CDE","	Chamber1","	1","	B01??(%RH)","	81.4","	2026-07-28 16:55:29"
"	69BA0CDE","	Chamber1","	1","	B01??(?)","	4.7","	2026-07-28 16:55:27"
"	69BA0CDE","	Chamber1","	1","	B01??(%RH)","	81.4","	2026-07-28 16:55:27"
"	69BA0CDE","	Chamber1","	1","	B01??(?)","	4.7","	2026-07-28 16:55:25"
"	69BA0CDE","	Chamber1","	1","	B01??(%RH)","	81.4","	2026-07-28 16:55:25"
"	69BA0CDE","	Chamber1","	1","	B01??(%RH)","	81.4","	2026-07-28 16:55:23"
"	69BA0CDE","	Chamber1","	1","	B01??(?)","	4.7","	2026-07-28 16:55:22"
"	69BA0CDE","	Chamber1","	1","	B01??(?)","	4.7","	2026-07-28 16:55:20"
"	69BA0CDE","	Chamber1","	1","	B01??(%RH)","	81.4","	2026-07-28 16:55:20"
"	69BA0CDE","	Chamber1","	1","	B01??(?)","	4.7","	2026-07-28 16:55:18"
"	69BA0CDE","	Chamber1","	1","	B01??(%RH)","	81.4","	2026-07-28 16:55:18"
"	69BA0CDE","	Chamber1","	1","	B01??(?)","	4.7","	2026-07-28 16:55:16"
"	69BA0CDE","	Chamber1","	1","	B01??(%RH)","	81.4","	2026-07-28 16:55:16"
"	69BA0CDE","	Chamber1","	1","	B01??(%RH)","	81.4","	2026-07-28 16:55:14"
"	69BA0CDE","	Chamber1","	1","	B01??(?)","	4.7","	2026-07-28 16:55:13"
"	69BA0CDE","	Chamber1","	1","	B01??(?)","	4.7","	2026-07-28 16:55:11"
"	69BA0CDE","	Chamber1","	1","	B01??(%RH)","	81.3","	2026-07-28 16:55:11"
"	69BA0CDE","	Chamber1","	1","	B01??(?)","	4.7","	2026-07-28 16:55:09"
"	69BA0CDE","	Chamber1","	1","	B01??(%RH)","	81.4","	2026-07-28 16:55:09"
"	69BA0CDE","	Chamber1","	1","	B01??(%RH)","	81.4","	2026-07-28 16:55:07"
"	69BA0CDE","	Chamber1","	1","	B01??(?)","	4.7","	2026-07-28 16:55:06"
"	69BA0CDE","	Chamber1","	1","	B01??(?)","	4.7","	2026-07-28 16:55:04"
"	69BA0CDE","	Chamber1","	1","	B01??(%RH)","	81.3","	2026-07-28 16:55:04"
"	69BA0CDE","	Chamber1","	1","	B01??(?)","	4.7","	2026-07-28 16:55:02"
"	69BA0CDE","	Chamber1","	1","	B01??(%RH)","	81.3","	2026-07-28 16:55:02"
"	69BA0CDE","	Chamber1","	1","	B01??(?)","	4.7","	2026-07-28 16:55:00"
"	69BA0CDE","	Chamber1","	1","	B01??(%RH)","	81.3","	2026-07-28 16:55:00"
"	69BA0CDE","	Chamber1","	1","	B01??(%RH)","	81.3","	2026-07-28 16:54:58"
"	69BA0CDE","	Chamber1","	1","	B01??(?)","	4.7","	2026-07-28 16:54:57"
"	69BA0CDE","	Chamber1","	1","	B01??(?)","	4.7","	2026-07-28 16:54:55"
"	69BA0CDE","	Chamber1","	1","	B01??(%RH)","	81.4","	2026-07-28 16:54:55"
"	69BA0CDE","	Chamber1","	1","	B01??(?)","	4.7","	2026-07-28 16:54:53"
"	69BA0CDE","	Chamber1","	1","	B01??(%RH)","	81.3","	2026-07-28 16:54:53"
"	69BA0CDE","	Chamber1","	1","	B01??(?)","	4.7","	2026-07-28 16:54:51"
"	69BA0CDE","	Chamber1","	1","	B01??(%RH)","	81.3","	2026-07-28 16:54:51"
"	69BA0CDE","	Chamber1","	1","	B01??(%RH)","	81.3","	2026-07-28 16:54:49"
"	69BA0CDE","	Chamber1","	1","	B01??(?)","	4.7","	2026-07-28 16:54:48"
"	69BA0CDE","	Chamber1","	1","	B01??(?)","	4.7","	2026-07-28 16:54:46"
"	69BA0CDE","	Chamber1","	1","	B01??(%RH)","	81.3","	2026-07-28 16:54:46"
"	69BA0CDE","	Chamber1","	1","	B01??(?)","	4.7","	2026-07-28 16:54:44"
"	69BA0CDE","	Chamber1","	1","	B01??(%RH)","	81.3","	2026-07-28 16:54:44"
"	69BA0CDE","	Chamber1","	1","	B01??(%RH)","	81.4","	2026-07-28 16:54:42"
"	69BA0CDE","	Chamber1","	1","	B01??(?)","	4.7","	2026-07-28 16:54:41"
"	69BA0CDE","	Chamber1","	1","	B01??(?)","	4.7","	2026-07-28 16:54:39"
"	69BA0CDE","	Chamber1","	1","	B01??(%RH)","	81.3","	2026-07-28 16:54:39"
"	69BA0CDE","	Chamber1","	1","	B01??(?)","	4.7","	2026-07-28 16:54:37"
"	69BA0CDE","	Chamber1","	1","	B01??(%RH)","	81.3","	2026-07-28 16:54:37"
"	69BA0CDE","	Chamber1","	1","	B01??(?)","	4.7","	2026-07-28 16:54:35"
"	69BA0CDE","	Chamber1","	1","	B01??(%RH)","	81.4","	2026-07-28 16:54:35"
"	69BA0CDE","	Chamber1","	1","	B01??(%RH)","	81.3","	2026-07-28 16:54:33"
"	69BA0CDE","	Chamber1","	1","	B01??(?)","	4.7","	2026-07-28 16:54:32"
"	69BA0CDE","	Chamber1","	1","	B01??(?)","	4.7","	2026-07-28 16:54:30"
"	69BA0CDE","	Chamber1","	1","	B01??(%RH)","	81.3","	2026-07-28 16:54:30"
"	69BA0CDE","	Chamber1","	1","	B01??(?)","	4.7","	2026-07-28 16:54:28"
"	69BA0CDE","	Chamber1","	1","	B01??(%RH)","	81.3","	2026-07-28 16:54:28"
"	69BA0CDE","	Chamber1","	1","	B01??(?)","	4.7","	2026-07-28 16:54:26"
"	69BA0CDE","	Chamber1","	1","	B01??(%RH)","	81.3","	2026-07-28 16:54:26"
"	69BA0CDE","	Chamber1","	1","	B01??(%RH)","	81.3","	2026-07-28 16:54:24"
"	69BA0CDE","	Chamber1","	1","	B01??(?)","	4.7","	2026-07-28 16:54:23"
"	69BA0CDE","	Chamber1","	1","	B01??(?)","	4.7","	2026-07-28 16:54:21"
"	69BA0CDE","	Chamber1","	1","	B01??(%RH)","	81.3","	2026-07-28 16:54:21"
"	69BA0CDE","	Chamber1","	1","	B01??(?)","	4.7","	2026-07-28 16:54:19"
"	69BA0CDE","	Chamber1","	1","	B01??(%RH)","	81.3","	2026-07-28 16:54:19"
"	69BA0CDE","	Chamber1","	1","	B01??(%RH)","	81.3","	2026-07-28 16:54:17"
"	69BA0CDE","	Chamber1","	1","	B01??(?)","	4.7","	2026-07-28 16:54:16"
"	69BA0CDE","	Chamber1","	1","	B01??(?)","	4.7","	2026-07-28 16:54:14"
"	69BA0CDE","	Chamber1","	1","	B01??(%RH)","	81.3","	2026-07-28 16:54:14"
"	69BA0CDE","	Chamber1","	1","	B01??(?)","	4.7","	2026-07-28 16:54:12"
"	69BA0CDE","	Chamber1","	1","	B01??(%RH)","	81.3","	2026-07-28 16:54:12"
"	69BA0CDE","	Chamber1","	1","	B01??(?)","	4.7","	2026-07-28 16:54:10"
"	69BA0CDE","	Chamber1","	1","	B01??(%RH)","	81.3","	2026-07-28 16:54:10"
"	69BA0CDE","	Chamber1","	1","	B01??(%RH)","	81.3","	2026-07-28 16:54:08"
"	69BA0CDE","	Chamber1","	1","	B01??(?)","	4.7","	2026-07-28 16:54:07"
"	69BA0CDE","	Chamber1","	1","	B01??(?)","	4.7","	2026-07-28 16:54:05"
"	69BA0CDE","	Chamber1","	1","	B01??(%RH)","	81.3","	2026-07-28 16:54:05"
"	69BA0CDE","	Chamber1","	1","	B01??(?)","	4.7","	2026-07-28 16:54:03"
"	69BA0CDE","	Chamber1","	1","	B01??(%RH)","	81.3","	2026-07-28 16:54:03"
"	69BA0CDE","	Chamber1","	1","	B01??(?)","	4.7","	2026-07-28 16:54:01"
"	69BA0CDE","	Chamber1","	1","	B01??(%RH)","	81.3","	2026-07-28 16:54:01"
"	69BA0CDE","	Chamber1","	1","	B01??(%RH)","	81.3","	2026-07-28 16:53:59"
"	69BA0CDE","	Chamber1","	1","	B01??(?)","	4.7","	2026-07-28 16:53:58"
"	69BA0CDE","	Chamber1","	1","	B01??(?)","	4.7","	2026-07-28 16:53:56"
"	69BA0CDE","	Chamber1","	1","	B01??(%RH)","	81.3","	2026-07-28 16:53:56"
"	69BA0CDE","	Chamber1","	1","	B01??(?)","	4.7","	2026-07-28 16:53:54"
"	69BA0CDE","	Chamber1","	1","	B01??(%RH)","	81.3","	2026-07-28 16:53:54"
"	69BA0CDE","	Chamber1","	1","	B01??(%RH)","	81.3","	2026-07-28 16:53:52"
"	69BA0CDE","	Chamber1","	1","	B01??(?)","	4.7","	2026-07-28 16:53:51"
"	69BA0CDE","	Chamber1","	1","	B01??(?)","	4.7","	2026-07-28 16:53:49"
"	69BA0CDE","	Chamber1","	1","	B01??(%RH)","	81.3","	2026-07-28 16:53:49"
"	69BA0CDE","	Chamber1","	1","	B01??(?)","	4.7","	2026-07-28 16:53:47"
"	69BA0CDE","	Chamber1","	1","	B01??(%RH)","	81.3","	2026-07-28 16:53:47"
"	69BA0CDE","	Chamber1","	1","	B01??(?)","	4.7","	2026-07-28 16:53:45"
"	69BA0CDE","	Chamber1","	1","	B01??(%RH)","	81.3","	2026-07-28 16:53:45"
"	69BA0CDE","	Chamber1","	1","	B01??(%RH)","	81.3","	2026-07-28 16:53:43"
"	69BA0CDE","	Chamber1","	1","	B01??(?)","	4.7","	2026-07-28 16:53:42"
"	69BA0CDE","	Chamber1","	1","	B01??(?)","	4.7","	2026-07-28 16:53:40"
"	69BA0CDE","	Chamber1","	1","	B01??(%RH)","	81.3","	2026-07-28 16:53:40"
"	69BA0CDE","	Chamber1","	1","	B01??(?)","	4.7","	2026-07-28 16:53:38"
"	69BA0CDE","	Chamber1","	1","	B01??(%RH)","	81.3","	2026-07-28 16:53:38"
"	69BA0CDE","	Chamber1","	1","	B01??(?)","	4.7","	2026-07-28 16:53:36"
"	69BA0CDE","	Chamber1","	1","	B01??(%RH)","	81.3","	2026-07-28 16:53:36"
"	69BA0CDE","	Chamber1","	1","	B01??(%RH)","	81.3","	2026-07-28 16:53:34"
"	69BA0CDE","	Chamber1","	1","	B01??(?)","	4.7","	2026-07-28 16:53:33"
"	69BA0CDE","	Chamber1","	1","	B01??(?)","	4.7","	2026-07-28 16:53:31"
"	69BA0CDE","	Chamber1","	1","	B01??(%RH)","	81.3","	2026-07-28 16:53:31"
"	69BA0CDE","	Chamber1","	1","	B01??(?)","	4.7","	2026-07-28 16:53:29"
"	69BA0CDE","	Chamber1","	1","	B01??(%RH)","	81.3","	2026-07-28 16:53:29"
"	69BA0CDE","	Chamber1","	1","	B01??(%RH)","	81.3","	2026-07-28 16:53:27"
"	69BA0CDE","	Chamber1","	1","	B01??(?)","	4.7","	2026-07-28 16:53:26"
"	69BA0CDE","	Chamber1","	1","	B01??(?)","	4.7","	2026-07-28 16:53:24"
"	69BA0CDE","	Chamber1","	1","	B01??(%RH)","	81.3","	2026-07-28 16:53:24"
"	69BA0CDE","	Chamber1","	1","	B01??(?)","	4.7","	2026-07-28 16:53:22"
"	69BA0CDE","	Chamber1","	1","	B01??(%RH)","	81.3","	2026-07-28 16:53:22"
"	69BA0CDE","	Chamber1","	1","	B01??(?)","	4.7","	2026-07-28 16:53:20"
"	69BA0CDE","	Chamber1","	1","	B01??(%RH)","	81.3","	2026-07-28 16:53:20"
"	69BA0CDE","	Chamber1","	1","	B01??(%RH)","	81.3","	2026-07-28 16:53:18"
"	69BA0CDE","	Chamber1","	1","	B01??(?)","	4.7","	2026-07-28 16:53:17"
"	69BA0CDE","	Chamber1","	1","	B01??(?)","	4.7","	2026-07-28 16:53:15"
"	69BA0CDE","	Chamber1","	1","	B01??(%RH)","	81.3","	2026-07-28 16:53:15"
"	69BA0CDE","	Chamber1","	1","	B01??(?)","	4.7","	2026-07-28 16:53:13"
"	69BA0CDE","	Chamber1","	1","	B01??(%RH)","	81.3","	2026-07-28 16:53:13"
"	69BA0CDE","	Chamber1","	1","	B01??(?)","	4.7","	2026-07-28 16:53:11"
"	69BA0CDE","	Chamber1","	1","	B01??(%RH)","	81.3","	2026-07-28 16:53:11"
"	69BA0CDE","	Chamber1","	1","	B01??(%RH)","	81.3","	2026-07-28 16:53:09"
"	69BA0CDE","	Chamber1","	1","	B01??(?)","	4.7","	2026-07-28 16:53:08"
"	69BA0CDE","	Chamber1","	1","	B01??(?)","	4.7","	2026-07-28 16:53:06"
"	69BA0CDE","	Chamber1","	1","	B01??(%RH)","	81.3","	2026-07-28 16:53:06"
"	69BA0CDE","	Chamber1","	1","	B01??(?)","	4.7","	2026-07-28 16:53:04"
"	69BA0CDE","	Chamber1","	1","	B01??(%RH)","	81.3","	2026-07-28 16:53:04"
"	69BA0CDE","	Chamber1","	1","	B01??(%RH)","	81.3","	2026-07-28 16:53:02"
"	69BA0CDE","	Chamber1","	1","	B01??(?)","	4.7","	2026-07-28 16:53:01"
"	69BA0CDE","	Chamber1","	1","	B01??(?)","	4.7","	2026-07-28 16:52:59"
"	69BA0CDE","	Chamber1","	1","	B01??(%RH)","	81.3","	2026-07-28 16:52:59"
"	69BA0CDE","	Chamber1","	1","	B01??(?)","	4.7","	2026-07-28 16:52:57"
"	69BA0CDE","	Chamber1","	1","	B01??(%RH)","	81.2","	2026-07-28 16:52:57"
"	69BA0CDE","	Chamber1","	1","	B01??(?)","	4.7","	2026-07-28 16:52:55"
"	69BA0CDE","	Chamber1","	1","	B01??(%RH)","	81.3","	2026-07-28 16:52:55"
"	69BA0CDE","	Chamber1","	1","	B01??(%RH)","	81.3","	2026-07-28 16:52:53"
"	69BA0CDE","	Chamber1","	1","	B01??(?)","	4.7","	2026-07-28 16:52:52"
"	69BA0CDE","	Chamber1","	1","	B01??(?)","	4.7","	2026-07-28 16:52:50"
"	69BA0CDE","	Chamber1","	1","	B01??(%RH)","	81.3","	2026-07-28 16:52:50"
"	69BA0CDE","	Chamber1","	1","	B01??(?)","	4.7","	2026-07-28 16:52:48"
"	69BA0CDE","	Chamber1","	1","	B01??(%RH)","	81.3","	2026-07-28 16:52:48"
"	69BA0CDE","	Chamber1","	1","	B01??(?)","	4.7","	2026-07-28 16:52:46"
"	69BA0CDE","	Chamber1","	1","	B01??(%RH)","	81.3","	2026-07-28 16:52:46"
"	69BA0CDE","	Chamber1","	1","	B01??(%RH)","	81.3","	2026-07-28 16:52:44"
"	69BA0CDE","	Chamber1","	1","	B01??(?)","	4.7","	2026-07-28 16:52:43"
"	69BA0CDE","	Chamber1","	1","	B01??(?)","	4.7","	2026-07-28 16:52:41"
"	69BA0CDE","	Chamber1","	1","	B01??(%RH)","	81.3","	2026-07-28 16:52:41"
"	69BA0CDE","	Chamber1","	1","	B01??(?)","	4.7","	2026-07-28 16:52:39"
"	69BA0CDE","	Chamber1","	1","	B01??(%RH)","	81.2","	2026-07-28 16:52:39"
"	69BA0CDE","	Chamber1","	1","	B01??(%RH)","	81.3","	2026-07-28 16:52:37"
"	69BA0CDE","	Chamber1","	1","	B01??(?)","	4.7","	2026-07-28 16:52:36"
"	69BA0CDE","	Chamber1","	1","	B01??(?)","	4.7","	2026-07-28 16:52:34"
"	69BA0CDE","	Chamber1","	1","	B01??(%RH)","	81.3","	2026-07-28 16:52:34"
"	69BA0CDE","	Chamber1","	1","	B01??(?)","	4.7","	2026-07-28 16:52:32"
"	69BA0CDE","	Chamber1","	1","	B01??(%RH)","	81.3","	2026-07-28 16:52:32"
"	69BA0CDE","	Chamber1","	1","	B01??(?)","	4.7","	2026-07-28 16:52:30"
"	69BA0CDE","	Chamber1","	1","	B01??(%RH)","	81.3","	2026-07-28 16:52:30"
"	69BA0CDE","	Chamber1","	1","	B01??(%RH)","	81.3","	2026-07-28 16:52:28"
"	69BA0CDE","	Chamber1","	1","	B01??(?)","	4.7","	2026-07-28 16:52:27"
"	69BA0CDE","	Chamber1","	1","	B01??(?)","	4.7","	2026-07-28 16:52:25"
"	69BA0CDE","	Chamber1","	1","	B01??(%RH)","	81.2","	2026-07-28 16:52:25"
"	69BA0CDE","	Chamber1","	1","	B01??(?)","	4.7","	2026-07-28 16:52:23"
"	69BA0CDE","	Chamber1","	1","	B01??(%RH)","	81.3","	2026-07-28 16:52:23"
"	69BA0CDE","	Chamber1","	1","	B01??(?)","	4.7","	2026-07-28 16:52:21"
"	69BA0CDE","	Chamber1","	1","	B01??(%RH)","	81.2","	2026-07-28 16:52:21"
"	69BA0CDE","	Chamber1","	1","	B01??(%RH)","	81.2","	2026-07-28 16:52:19"
"	69BA0CDE","	Chamber1","	1","	B01??(?)","	4.7","	2026-07-28 16:52:18"
"	69BA0CDE","	Chamber1","	1","	B01??(?)","	4.7","	2026-07-28 16:52:16"
"	69BA0CDE","	Chamber1","	1","	B01??(%RH)","	81.2","	2026-07-28 16:52:16"
"	69BA0CDE","	Chamber1","	1","	B01??(?)","	4.7","	2026-07-28 16:52:14"
"	69BA0CDE","	Chamber1","	1","	B01??(%RH)","	81.3","	2026-07-28 16:52:14"
"	69BA0CDE","	Chamber1","	1","	B01??(%RH)","	81.2","	2026-07-28 16:52:12"
"	69BA0CDE","	Chamber1","	1","	B01??(?)","	4.7","	2026-07-28 16:52:11"
"	69BA0CDE","	Chamber1","	1","	B01??(?)","	4.7","	2026-07-28 16:52:09"
"	69BA0CDE","	Chamber1","	1","	B01??(%RH)","	81.2","	2026-07-28 16:52:09"
"	69BA0CDE","	Chamber1","	1","	B01??(?)","	4.7","	2026-07-28 16:52:07"
"	69BA0CDE","	Chamber1","	1","	B01??(%RH)","	81.3","	2026-07-28 16:52:07"
"	69BA0CDE","	Chamber1","	1","	B01??(?)","	4.7","	2026-07-28 16:52:05"
"	69BA0CDE","	Chamber1","	1","	B01??(%RH)","	81.2","	2026-07-28 16:52:05"
"	69BA0CDE","	Chamber1","	1","	B01??(%RH)","	81.3","	2026-07-28 16:52:03"
"	69BA0CDE","	Chamber1","	1","	B01??(?)","	4.7","	2026-07-28 16:52:02"
"	69BA0CDE","	Chamber1","	1","	B01??(?)","	4.7","	2026-07-28 16:52:00"
"	69BA0CDE","	Chamber1","	1","	B01??(%RH)","	81.3","	2026-07-28 16:52:00"
"	69BA0CDE","	Chamber1","	1","	B01??(?)","	4.7","	2026-07-28 16:51:58"
"	69BA0CDE","	Chamber1","	1","	B01??(%RH)","	81.2","	2026-07-28 16:51:58"
"	69BA0CDE","	Chamber1","	1","	B01??(%RH)","	81.2","	2026-07-28 16:51:56"
"	69BA0CDE","	Chamber1","	1","	B01??(?)","	4.7","	2026-07-28 16:51:55"
"	69BA0CDE","	Chamber1","	1","	B01??(?)","	4.7","	2026-07-28 16:51:53"
"	69BA0CDE","	Chamber1","	1","	B01??(%RH)","	81.2","	2026-07-28 16:51:53"
"	69BA0CDE","	Chamber1","	1","	B01??(?)","	4.7","	2026-07-28 16:51:51"
"	69BA0CDE","	Chamber1","	1","	B01??(%RH)","	81.3","	2026-07-28 16:51:51"
"	69BA0CDE","	Chamber1","	1","	B01??(?)","	4.7","	2026-07-28 16:51:49"
"	69BA0CDE","	Chamber1","	1","	B01??(%RH)","	81.2","	2026-07-28 16:51:49"
"	69BA0CDE","	Chamber1","	1","	B01??(%RH)","	81.2","	2026-07-28 16:51:47"
"	69BA0CDE","	Chamber1","	1","	B01??(?)","	4.7","	2026-07-28 16:51:46"
"	69BA0CDE","	Chamber1","	1","	B01??(?)","	4.7","	2026-07-28 16:51:44"
"	69BA0CDE","	Chamber1","	1","	B01??(%RH)","	81.2","	2026-07-28 16:51:44"
"	69BA0CDE","	Chamber1","	1","	B01??(?)","	4.7","	2026-07-28 16:51:42"
"	69BA0CDE","	Chamber1","	1","	B01??(%RH)","	81.2","	2026-07-28 16:51:42"
"	69BA0CDE","	Chamber1","	1","	B01??(%RH)","	81.2","	2026-07-28 16:51:40"
"	69BA0CDE","	Chamber1","	1","	B01??(?)","	4.7","	2026-07-28 16:51:39"
"	69BA0CDE","	Chamber1","	1","	B01??(?)","	4.7","	2026-07-28 16:51:37"
"	69BA0CDE","	Chamber1","	1","	B01??(%RH)","	81.3","	2026-07-28 16:51:37"
"	69BA0CDE","	Chamber1","	1","	B01??(?)","	4.7","	2026-07-28 16:51:35"
"	69BA0CDE","	Chamber1","	1","	B01??(%RH)","	81.2","	2026-07-28 16:51:35"
"	69BA0CDE","	Chamber1","	1","	B01??(?)","	4.7","	2026-07-28 16:51:33"
"	69BA0CDE","	Chamber1","	1","	B01??(%RH)","	81.2","	2026-07-28 16:51:33"
"	69BA0CDE","	Chamber1","	1","	B01??(%RH)","	81.2","	2026-07-28 16:51:31"
"	69BA0CDE","	Chamber1","	1","	B01??(?)","	4.7","	2026-07-28 16:51:30"
"	69BA0CDE","	Chamber1","	1","	B01??(?)","	4.7","	2026-07-28 16:51:28"
"	69BA0CDE","	Chamber1","	1","	B01??(%RH)","	81.2","	2026-07-28 16:51:28"
"	69BA0CDE","	Chamber1","	1","	B01??(?)","	4.7","	2026-07-28 16:51:26"
"	69BA0CDE","	Chamber1","	1","	B01??(%RH)","	81.2","	2026-07-28 16:51:26"
"	69BA0CDE","	Chamber1","	1","	B01??(%RH)","	81.2","	2026-07-28 16:51:24"
"	69BA0CDE","	Chamber1","	1","	B01??(?)","	4.7","	2026-07-28 16:51:23"
"	69BA0CDE","	Chamber1","	1","	B01??(?)","	4.7","	2026-07-28 16:51:21"
"	69BA0CDE","	Chamber1","	1","	B01??(%RH)","	81.2","	2026-07-28 16:51:21"
"	69BA0CDE","	Chamber1","	1","	B01??(?)","	4.7","	2026-07-28 16:51:19"
"	69BA0CDE","	Chamber1","	1","	B01??(%RH)","	81.2","	2026-07-28 16:51:19"
"	69BA0CDE","	Chamber1","	1","	B01??(?)","	4.7","	2026-07-28 16:51:17"
"	69BA0CDE","	Chamber1","	1","	B01??(%RH)","	81.2","	2026-07-28 16:51:17"
"	69BA0CDE","	Chamber1","	1","	B01??(%RH)","	81.2","	2026-07-28 16:51:15"
"	69BA0CDE","	Chamber1","	1","	B01??(?)","	4.7","	2026-07-28 16:51:14"
"	69BA0CDE","	Chamber1","	1","	B01??(?)","	4.7","	2026-07-28 16:51:12"
"	69BA0CDE","	Chamber1","	1","	B01??(%RH)","	81.2","	2026-07-28 16:51:12"
"	69BA0CDE","	Chamber1","	1","	B01??(?)","	4.7","	2026-07-28 16:51:10"
"	69BA0CDE","	Chamber1","	1","	B01??(%RH)","	81.2","	2026-07-28 16:51:10"
"	69BA0CDE","	Chamber1","	1","	B01??(?)","	4.7","	2026-07-28 16:51:08"
"	69BA0CDE","	Chamber1","	1","	B01??(%RH)","	81.2","	2026-07-28 16:51:08"
"	69BA0CDE","	Chamber1","	1","	B01??(%RH)","	81.2","	2026-07-28 16:51:06"
"	69BA0CDE","	Chamber1","	1","	B01??(?)","	4.7","	2026-07-28 16:51:05"
"	69BA0CDE","	Chamber1","	1","	B01??(?)","	4.7","	2026-07-28 16:51:03"
"	69BA0CDE","	Chamber1","	1","	B01??(%RH)","	81.2","	2026-07-28 16:51:03"
"	69BA0CDE","	Chamber1","	1","	B01??(?)","	4.7","	2026-07-28 16:51:01"
"	69BA0CDE","	Chamber1","	1","	B01??(%RH)","	81.2","	2026-07-28 16:51:01"
"	69BA0CDE","	Chamber1","	1","	B01??(%RH)","	81.2","	2026-07-28 16:50:59"
"	69BA0CDE","	Chamber1","	1","	B01??(?)","	4.7","	2026-07-28 16:50:58"
"	69BA0CDE","	Chamber1","	1","	B01??(?)","	4.7","	2026-07-28 16:50:56"
"	69BA0CDE","	Chamber1","	1","	B01??(%RH)","	81.2","	2026-07-28 16:50:56"
"	69BA0CDE","	Chamber1","	1","	B01??(?)","	4.7","	2026-07-28 16:50:54"
"	69BA0CDE","	Chamber1","	1","	B01??(%RH)","	81.2","	2026-07-28 16:50:54"
"	69BA0CDE","	Chamber1","	1","	B01??(?)","	4.7","	2026-07-28 16:50:52"
"	69BA0CDE","	Chamber1","	1","	B01??(%RH)","	81.2","	2026-07-28 16:50:52"
"	69BA0CDE","	Chamber1","	1","	B01??(%RH)","	81.2","	2026-07-28 16:50:50"
"	69BA0CDE","	Chamber1","	1","	B01??(?)","	4.7","	2026-07-28 16:50:49"
"	69BA0CDE","	Chamber1","	1","	B01??(%RH)","	81.2","	2026-07-28 16:50:47"
"	69BA0CDE","	Chamber1","	1","	B01??(?)","	4.7","	2026-07-28 16:50:47"
"	69BA0CDE","	Chamber1","	1","	B01??(?)","	4.7","	2026-07-28 16:50:45"
"	69BA0CDE","	Chamber1","	1","	B01??(%RH)","	81.2","	2026-07-28 16:50:45"
"	69BA0CDE","	Chamber1","	1","	B01??(%RH)","	81.2","	2026-07-28 16:50:43"
"	69BA0CDE","	Chamber1","	1","	B01??(?)","	4.7","	2026-07-28 16:50:42"
"	69BA0CDE","	Chamber1","	1","	B01??(?)","	4.7","	2026-07-28 16:50:40"
"	69BA0CDE","	Chamber1","	1","	B01??(%RH)","	81.2","	2026-07-28 16:50:40"
"	69BA0CDE","	Chamber1","	1","	B01??(?)","	4.7","	2026-07-28 16:50:38"
"	69BA0CDE","	Chamber1","	1","	B01??(%RH)","	81.2","	2026-07-28 16:50:38"
"	69BA0CDE","	Chamber1","	1","	B01??(?)","	4.7","	2026-07-28 16:50:36"
"	69BA0CDE","	Chamber1","	1","	B01??(%RH)","	81.2","	2026-07-28 16:50:36"
"	69BA0CDE","	Chamber1","	1","	B01??(%RH)","	81.2","	2026-07-28 16:50:34"
"	69BA0CDE","	Chamber1","	1","	B01??(?)","	4.7","	2026-07-28 16:50:33"
"	69BA0CDE","	Chamber1","	1","	B01??(?)","	4.7","	2026-07-28 16:50:31"
"	69BA0CDE","	Chamber1","	1","	B01??(%RH)","	81.2","	2026-07-28 16:50:31"
"	69BA0CDE","	Chamber1","	1","	B01??(?)","	4.7","	2026-07-28 16:50:29"
"	69BA0CDE","	Chamber1","	1","	B01??(%RH)","	81.2","	2026-07-28 16:50:29"
"	69BA0CDE","	Chamber1","	1","	B01??(?)","	4.7","	2026-07-28 16:50:27"
"	69BA0CDE","	Chamber1","	1","	B01??(%RH)","	81.2","	2026-07-28 16:50:27"
"	69BA0CDE","	Chamber1","	1","	B01??(%RH)","	81.2","	2026-07-28 16:50:25"
"	69BA0CDE","	Chamber1","	1","	B01??(?)","	4.7","	2026-07-28 16:50:24"
"	69BA0CDE","	Chamber1","	1","	B01??(?)","	4.7","	2026-07-28 16:50:22"
"	69BA0CDE","	Chamber1","	1","	B01??(%RH)","	81.2","	2026-07-28 16:50:22"
"	69BA0CDE","	Chamber1","	1","	B01??(?)","	4.7","	2026-07-28 16:50:20"
"	69BA0CDE","	Chamber1","	1","	B01??(%RH)","	81.2","	2026-07-28 16:50:20"
"	69BA0CDE","	Chamber1","	1","	B01??(%RH)","	81.2","	2026-07-28 16:50:18"
"	69BA0CDE","	Chamber1","	1","	B01??(?)","	4.7","	2026-07-28 16:50:17"
"	69BA0CDE","	Chamber1","	1","	B01??(?)","	4.7","	2026-07-28 16:50:15"
"	69BA0CDE","	Chamber1","	1","	B01??(%RH)","	81.2","	2026-07-28 16:50:15"
"	69BA0CDE","	Chamber1","	1","	B01??(?)","	4.7","	2026-07-28 16:50:13"
"	69BA0CDE","	Chamber1","	1","	B01??(%RH)","	81.2","	2026-07-28 16:50:13"
"	69BA0CDE","	Chamber1","	1","	B01??(?)","	4.7","	2026-07-28 16:50:11"
"	69BA0CDE","	Chamber1","	1","	B01??(%RH)","	81.2","	2026-07-28 16:50:11"
"	69BA0CDE","	Chamber1","	1","	B01??(%RH)","	81.2","	2026-07-28 16:50:09"
"	69BA0CDE","	Chamber1","	1","	B01??(?)","	4.7","	2026-07-28 16:50:08"
"	69BA0CDE","	Chamber1","	1","	B01??(?)","	4.7","	2026-07-28 16:50:06"
"	69BA0CDE","	Chamber1","	1","	B01??(%RH)","	81.2","	2026-07-28 16:50:06"
"	69BA0CDE","	Chamber1","	1","	B01??(?)","	4.7","	2026-07-28 16:50:04"
"	69BA0CDE","	Chamber1","	1","	B01??(%RH)","	81.2","	2026-07-28 16:50:04"
"	69BA0CDE","	Chamber1","	1","	B01??(%RH)","	81.1","	2026-07-28 16:50:02"
"	69BA0CDE","	Chamber1","	1","	B01??(?)","	4.7","	2026-07-28 16:50:01"
"	69BA0CDE","	Chamber1","	1","	B01??(?)","	4.7","	2026-07-28 16:49:59"
"	69BA0CDE","	Chamber1","	1","	B01??(%RH)","	81.2","	2026-07-28 16:49:59"
"	69BA0CDE","	Chamber1","	1","	B01??(?)","	4.7","	2026-07-28 16:49:57"
"	69BA0CDE","	Chamber1","	1","	B01??(%RH)","	81.2","	2026-07-28 16:49:57"
"	69BA0CDE","	Chamber1","	1","	B01??(%RH)","	81.2","	2026-07-28 16:49:55"
"	69BA0CDE","	Chamber1","	1","	B01??(?)","	4.7","	2026-07-28 16:49:54"
"	69BA0CDE","	Chamber1","	1","	B01??(?)","	4.7","	2026-07-28 16:49:52"
"	69BA0CDE","	Chamber1","	1","	B01??(%RH)","	81.2","	2026-07-28 16:49:52"
"	69BA0CDE","	Chamber1","	1","	B01??(?)","	4.7","	2026-07-28 16:49:50"
"	69BA0CDE","	Chamber1","	1","	B01??(%RH)","	81.2","	2026-07-28 16:49:50"
"	69BA0CDE","	Chamber1","	1","	B01??(?)","	4.7","	2026-07-28 16:49:48"
"	69BA0CDE","	Chamber1","	1","	B01??(%RH)","	81.2","	2026-07-28 16:49:48"
"	69BA0CDE","	Chamber1","	1","	B01??(%RH)","	81.2","	2026-07-28 16:49:46"
"	69BA0CDE","	Chamber1","	1","	B01??(?)","	4.7","	2026-07-28 16:49:45"
"	69BA0CDE","	Chamber1","	1","	B01??(?)","	4.7","	2026-07-28 16:49:43"
"	69BA0CDE","	Chamber1","	1","	B01??(%RH)","	81.2","	2026-07-28 16:49:43"
"	69BA0CDE","	Chamber1","	1","	B01??(?)","	4.7","	2026-07-28 16:49:41"
"	69BA0CDE","	Chamber1","	1","	B01??(%RH)","	81.2","	2026-07-28 16:49:41"
"	69BA0CDE","	Chamber1","	1","	B01??(?)","	4.7","	2026-07-28 16:49:39"
"	69BA0CDE","	Chamber1","	1","	B01??(%RH)","	81.2","	2026-07-28 16:49:39"
"	69BA0CDE","	Chamber1","	1","	B01??(%RH)","	81.2","	2026-07-28 16:49:37"
"	69BA0CDE","	Chamber1","	1","	B01??(?)","	4.8","	2026-07-28 16:49:36"
"	69BA0CDE","	Chamber1","	1","	B01??(?)","	4.7","	2026-07-28 16:49:34"
"	69BA0CDE","	Chamber1","	1","	B01??(%RH)","	81.1","	2026-07-28 16:49:34"
"	69BA0CDE","	Chamber1","	1","	B01??(?)","	4.7","	2026-07-28 16:49:32"
"	69BA0CDE","	Chamber1","	1","	B01??(%RH)","	81.2","	2026-07-28 16:49:32"
"	69BA0CDE","	Chamber1","	1","	B01??(%RH)","	81.2","	2026-07-28 16:49:30"
"	69BA0CDE","	Chamber1","	1","	B01??(?)","	4.7","	2026-07-28 16:49:29"
"	69BA0CDE","	Chamber1","	1","	B01??(?)","	4.7","	2026-07-28 16:49:27"
"	69BA0CDE","	Chamber1","	1","	B01??(%RH)","	81.1","	2026-07-28 16:49:27"
"	69BA0CDE","	Chamber1","	1","	B01??(?)","	4.7","	2026-07-28 16:49:25"
"	69BA0CDE","	Chamber1","	1","	B01??(%RH)","	81.2","	2026-07-28 16:49:25"
"	69BA0CDE","	Chamber1","	1","	B01??(?)","	4.7","	2026-07-28 16:49:23"
"	69BA0CDE","	Chamber1","	1","	B01??(%RH)","	81.1","	2026-07-28 16:49:23"
"	69BA0CDE","	Chamber1","	1","	B01??(%RH)","	81.1","	2026-07-28 16:49:21"
"	69BA0CDE","	Chamber1","	1","	B01??(?)","	4.7","	2026-07-28 16:49:20"
"	69BA0CDE","	Chamber1","	1","	B01??(?)","	4.7","	2026-07-28 16:49:18"
"	69BA0CDE","	Chamber1","	1","	B01??(%RH)","	81.2","	2026-07-28 16:49:18"
"	69BA0CDE","	Chamber1","	1","	B01??(?)","	4.7","	2026-07-28 16:49:16"
"	69BA0CDE","	Chamber1","	1","	B01??(%RH)","	81.1","	2026-07-28 16:49:16"
"	69BA0CDE","	Chamber1","	1","	B01??(?)","	4.7","	2026-07-28 16:49:14"
"	69BA0CDE","	Chamber1","	1","	B01??(%RH)","	81.1","	2026-07-28 16:49:14"
"	69BA0CDE","	Chamber1","	1","	B01??(%RH)","	81.1","	2026-07-28 16:49:12"
"	69BA0CDE","	Chamber1","	1","	B01??(?)","	4.7","	2026-07-28 16:49:11"
"	69BA0CDE","	Chamber1","	1","	B01??(?)","	4.7","	2026-07-28 16:49:09"
"	69BA0CDE","	Chamber1","	1","	B01??(%RH)","	81.1","	2026-07-28 16:49:09"
"	69BA0CDE","	Chamber1","	1","	B01??(?)","	4.7","	2026-07-28 16:49:07"
"	69BA0CDE","	Chamber1","	1","	B01??(%RH)","	81.1","	2026-07-28 16:49:07"
"	69BA0CDE","	Chamber1","	1","	B01??(%RH)","	81.1","	2026-07-28 16:49:05"
"	69BA0CDE","	Chamber1","	1","	B01??(?)","	4.7","	2026-07-28 16:49:04"
"	69BA0CDE","	Chamber1","	1","	B01??(?)","	4.7","	2026-07-28 16:49:02"
"	69BA0CDE","	Chamber1","	1","	B01??(%RH)","	81.1","	2026-07-28 16:49:02"
"	69BA0CDE","	Chamber1","	1","	B01??(?)","	4.7","	2026-07-28 16:49:00"
"	69BA0CDE","	Chamber1","	1","	B01??(%RH)","	81.1","	2026-07-28 16:49:00"
"	69BA0CDE","	Chamber1","	1","	B01??(%RH)","	81.1","	2026-07-28 16:48:58"
"	69BA0CDE","	Chamber1","	1","	B01??(?)","	4.7","	2026-07-28 16:48:57"
"	69BA0CDE","	Chamber1","	1","	B01??(?)","	4.7","	2026-07-28 16:48:55"
"	69BA0CDE","	Chamber1","	1","	B01??(%RH)","	81.1","	2026-07-28 16:48:55"
"	69BA0CDE","	Chamber1","	1","	B01??(?)","	4.7","	2026-07-28 16:48:53"
"	69BA0CDE","	Chamber1","	1","	B01??(%RH)","	81.2","	2026-07-28 16:48:53"
"	69BA0CDE","	Chamber1","	1","	B01??(?)","	4.7","	2026-07-28 16:48:51"
"	69BA0CDE","	Chamber1","	1","	B01??(%RH)","	81.1","	2026-07-28 16:48:51"
"	69BA0CDE","	Chamber1","	1","	B01??(%RH)","	81.1","	2026-07-28 16:48:49"
"	69BA0CDE","	Chamber1","	1","	B01??(?)","	4.7","	2026-07-28 16:48:48"
"	69BA0CDE","	Chamber1","	1","	B01??(?)","	4.7","	2026-07-28 16:48:46"
"	69BA0CDE","	Chamber1","	1","	B01??(%RH)","	81.1","	2026-07-28 16:48:46"
"	69BA0CDE","	Chamber1","	1","	B01??(?)","	4.7","	2026-07-28 16:48:44"
"	69BA0CDE","	Chamber1","	1","	B01??(%RH)","	81.1","	2026-07-28 16:48:44"
"	69BA0CDE","	Chamber1","	1","	B01??(%RH)","	81.1","	2026-07-28 16:48:42"
"	69BA0CDE","	Chamber1","	1","	B01??(?)","	4.7","	2026-07-28 16:48:41"
"	69BA0CDE","	Chamber1","	1","	B01??(?)","	4.8","	2026-07-28 16:48:39"
"	69BA0CDE","	Chamber1","	1","	B01??(%RH)","	81.1","	2026-07-28 16:48:39"
"	69BA0CDE","	Chamber1","	1","	B01??(?)","	4.8","	2026-07-28 16:48:37"
"	69BA0CDE","	Chamber1","	1","	B01??(%RH)","	81.1","	2026-07-28 16:48:37"
"	69BA0CDE","	Chamber1","	1","	B01??(%RH)","	81.1","	2026-07-28 16:48:35"
"	69BA0CDE","	Chamber1","	1","	B01??(?)","	4.7","	2026-07-28 16:48:34"
"	69BA0CDE","	Chamber1","	1","	B01??(?)","	4.7","	2026-07-28 16:48:32"
"	69BA0CDE","	Chamber1","	1","	B01??(%RH)","	81.1","	2026-07-28 16:48:32"
"	69BA0CDE","	Chamber1","	1","	B01??(?)","	4.7","	2026-07-28 16:48:30"
"	69BA0CDE","	Chamber1","	1","	B01??(%RH)","	81.1","	2026-07-28 16:48:30"
"	69BA0CDE","	Chamber1","	1","	B01??(?)","	4.7","	2026-07-28 16:48:28"
"	69BA0CDE","	Chamber1","	1","	B01??(%RH)","	81.1","	2026-07-28 16:48:28"
"	69BA0CDE","	Chamber1","	1","	B01??(%RH)","	81.1","	2026-07-28 16:48:26"
"	69BA0CDE","	Chamber1","	1","	B01??(?)","	4.7","	2026-07-28 16:48:25"
"	69BA0CDE","	Chamber1","	1","	B01??(?)","	4.7","	2026-07-28 16:48:23"
"	69BA0CDE","	Chamber1","	1","	B01??(%RH)","	81.1","	2026-07-28 16:48:23"
"	69BA0CDE","	Chamber1","	1","	B01??(?)","	4.7","	2026-07-28 16:48:21"
"	69BA0CDE","	Chamber1","	1","	B01??(%RH)","	81.1","	2026-07-28 16:48:21"
"	69BA0CDE","	Chamber1","	1","	B01??(%RH)","	81.1","	2026-07-28 16:48:19"
"	69BA0CDE","	Chamber1","	1","	B01??(?)","	4.7","	2026-07-28 16:48:18"
"	69BA0CDE","	Chamber1","	1","	B01??(?)","	4.7","	2026-07-28 16:48:16"
"	69BA0CDE","	Chamber1","	1","	B01??(%RH)","	81.1","	2026-07-28 16:48:16"
"	69BA0CDE","	Chamber1","	1","	B01??(?)","	4.7","	2026-07-28 16:48:14"
"	69BA0CDE","	Chamber1","	1","	B01??(%RH)","	81.1","	2026-07-28 16:48:14"
"	69BA0CDE","	Chamber1","	1","	B01??(%RH)","	81.1","	2026-07-28 16:48:12"
"	69BA0CDE","	Chamber1","	1","	B01??(?)","	4.7","	2026-07-28 16:48:11"
"	69BA0CDE","	Chamber1","	1","	B01??(?)","	4.7","	2026-07-28 16:48:09"
"	69BA0CDE","	Chamber1","	1","	B01??(%RH)","	81.1","	2026-07-28 16:48:09"
"	69BA0CDE","	Chamber1","	1","	B01??(?)","	4.7","	2026-07-28 16:48:07"
"	69BA0CDE","	Chamber1","	1","	B01??(%RH)","	81.1","	2026-07-28 16:48:07"
"	69BA0CDE","	Chamber1","	1","	B01??(?)","	4.7","	2026-07-28 16:48:05"
"	69BA0CDE","	Chamber1","	1","	B01??(%RH)","	81.1","	2026-07-28 16:48:05"
"	69BA0CDE","	Chamber1","	1","	B01??(%RH)","	81.1","	2026-07-28 16:48:03"
"	69BA0CDE","	Chamber1","	1","	B01??(?)","	4.7","	2026-07-28 16:48:02"
"	69BA0CDE","	Chamber1","	1","	B01??(?)","	4.7","	2026-07-28 16:48:00"
"	69BA0CDE","	Chamber1","	1","	B01??(%RH)","	81.1","	2026-07-28 16:48:00"
"	69BA0CDE","	Chamber1","	1","	B01??(?)","	4.7","	2026-07-28 16:47:58"
"	69BA0CDE","	Chamber1","	1","	B01??(%RH)","	81.1","	2026-07-28 16:47:58"
"	69BA0CDE","	Chamber1","	1","	B01??(%RH)","	81.1","	2026-07-28 16:47:56"
"	69BA0CDE","	Chamber1","	1","	B01??(?)","	4.7","	2026-07-28 16:47:55"
"	69BA0CDE","	Chamber1","	1","	B01??(?)","	4.7","	2026-07-28 16:47:53"
"	69BA0CDE","	Chamber1","	1","	B01??(%RH)","	81.1","	2026-07-28 16:47:53"
"	69BA0CDE","	Chamber1","	1","	B01??(?)","	4.7","	2026-07-28 16:47:51"
"	69BA0CDE","	Chamber1","	1","	B01??(%RH)","	81.1","	2026-07-28 16:47:51"
"	69BA0CDE","	Chamber1","	1","	B01??(?)","	4.8","	2026-07-28 16:47:49"
"	69BA0CDE","	Chamber1","	1","	B01??(%RH)","	81.1","	2026-07-28 16:47:49"
"	69BA0CDE","	Chamber1","	1","	B01??(%RH)","	81.1","	2026-07-28 16:47:47"
"	69BA0CDE","	Chamber1","	1","	B01??(?)","	4.7","	2026-07-28 16:47:46"
"	69BA0CDE","	Chamber1","	1","	B01??(?)","	4.7","	2026-07-28 16:47:44"
"	69BA0CDE","	Chamber1","	1","	B01??(%RH)","	81.1","	2026-07-28 16:47:44"
"	69BA0CDE","	Chamber1","	1","	B01??(?)","	4.7","	2026-07-28 16:47:42"
"	69BA0CDE","	Chamber1","	1","	B01??(%RH)","	81.1","	2026-07-28 16:47:42"
"	69BA0CDE","	Chamber1","	1","	B01??(%RH)","	81.1","	2026-07-28 16:47:40"
"	69BA0CDE","	Chamber1","	1","	B01??(?)","	4.8","	2026-07-28 16:47:39"
"	69BA0CDE","	Chamber1","	1","	B01??(?)","	4.8","	2026-07-28 16:47:37"
"	69BA0CDE","	Chamber1","	1","	B01??(%RH)","	81.1","	2026-07-28 16:47:37"
"	69BA0CDE","	Chamber1","	1","	B01??(?)","	4.7","	2026-07-28 16:47:35"
"	69BA0CDE","	Chamber1","	1","	B01??(%RH)","	81.1","	2026-07-28 16:47:35"
"	69BA0CDE","	Chamber1","	1","	B01??(?)","	4.8","	2026-07-28 16:47:33"
"	69BA0CDE","	Chamber1","	1","	B01??(%RH)","	81.1","	2026-07-28 16:47:33"
"	69BA0CDE","	Chamber1","	1","	B01??(%RH)","	81.1","	2026-07-28 16:47:31"
"	69BA0CDE","	Chamber1","	1","	B01??(?)","	4.8","	2026-07-28 16:47:30"
"	69BA0CDE","	Chamber1","	1","	B01??(?)","	4.8","	2026-07-28 16:47:28"
"	69BA0CDE","	Chamber1","	1","	B01??(%RH)","	81.1","	2026-07-28 16:47:28"
"	69BA0CDE","	Chamber1","	1","	B01??(?)","	4.7","	2026-07-28 16:47:26"
"	69BA0CDE","	Chamber1","	1","	B01??(%RH)","	81.1","	2026-07-28 16:47:26"
"	69BA0CDE","	Chamber1","	1","	B01??(?)","	4.8","	2026-07-28 16:47:24"
"	69BA0CDE","	Chamber1","	1","	B01??(%RH)","	81.1","	2026-07-28 16:47:24"
"	69BA0CDE","	Chamber1","	1","	B01??(?)","	4.7","	2026-07-28 16:47:21"
"	69BA0CDE","	Chamber1","	1","	B01??(%RH)","	81.1","	2026-07-28 16:47:21"
"	69BA0CDE","	Chamber1","	1","	B01??(?)","	4.7","	2026-07-28 16:47:19"
"	69BA0CDE","	Chamber1","	1","	B01??(%RH)","	81.1","	2026-07-28 16:47:19"
"	69BA0CDE","	Chamber1","	1","	B01??(?)","	4.8","	2026-07-28 16:47:17"
"	69BA0CDE","	Chamber1","	1","	B01??(%RH)","	81.1","	2026-07-28 16:47:17"
"	69BA0CDE","	Chamber1","	1","	B01??(%RH)","	81.1","	2026-07-28 16:47:15"
"	69BA0CDE","	Chamber1","	1","	B01??(?)","	4.8","	2026-07-28 16:47:14"
"	69BA0CDE","	Chamber1","	1","	B01??(?)","	4.8","	2026-07-28 16:47:12"
"	69BA0CDE","	Chamber1","	1","	B01??(%RH)","	81.1","	2026-07-28 16:47:12"
"	69BA0CDE","	Chamber1","	1","	B01??(?)","	4.7","	2026-07-28 16:47:10"
"	69BA0CDE","	Chamber1","	1","	B01??(%RH)","	81","	2026-07-28 16:47:10"
"	69BA0CDE","	Chamber1","	1","	B01??(%RH)","	81.1","	2026-07-28 16:47:08"
"	69BA0CDE","	Chamber1","	1","	B01??(?)","	4.7","	2026-07-28 16:47:07"
"	69BA0CDE","	Chamber1","	1","	B01??(?)","	4.8","	2026-07-28 16:47:05"
"	69BA0CDE","	Chamber1","	1","	B01??(%RH)","	81.1","	2026-07-28 16:47:05"
"	69BA0CDE","	Chamber1","	1","	B01??(?)","	4.7","	2026-07-28 16:47:03"
"	69BA0CDE","	Chamber1","	1","	B01??(%RH)","	81.1","	2026-07-28 16:47:03"
"	69BA0CDE","	Chamber1","	1","	B01??(?)","	4.8","	2026-07-28 16:47:01"
"	69BA0CDE","	Chamber1","	1","	B01??(%RH)","	81.1","	2026-07-28 16:47:01"
"	69BA0CDE","	Chamber1","	1","	B01??(%RH)","	81.1","	2026-07-28 16:46:59"
"	69BA0CDE","	Chamber1","	1","	B01??(?)","	4.7","	2026-07-28 16:46:58"
"	69BA0CDE","	Chamber1","	1","	B01??(?)","	4.8","	2026-07-28 16:46:56"
"	69BA0CDE","	Chamber1","	1","	B01??(%RH)","	81.1","	2026-07-28 16:46:56"
"	69BA0CDE","	Chamber1","	1","	B01??(?)","	4.8","	2026-07-28 16:46:54"
"	69BA0CDE","	Chamber1","	1","	B01??(%RH)","	81.1","	2026-07-28 16:46:54"
"	69BA0CDE","	Chamber1","	1","	B01??(?)","	4.7","	2026-07-28 16:46:52"
"	69BA0CDE","	Chamber1","	1","	B01??(%RH)","	81.1","	2026-07-28 16:46:52"
"	69BA0CDE","	Chamber1","	1","	B01??(%RH)","	81.1","	2026-07-28 16:46:50"
"	69BA0CDE","	Chamber1","	1","	B01??(?)","	4.7","	2026-07-28 16:46:49"
"	69BA0CDE","	Chamber1","	1","	B01??(?)","	4.7","	2026-07-28 16:46:47"
"	69BA0CDE","	Chamber1","	1","	B01??(%RH)","	81.1","	2026-07-28 16:46:47"
"	69BA0CDE","	Chamber1","	1","	B01??(?)","	4.8","	2026-07-28 16:46:45"
"	69BA0CDE","	Chamber1","	1","	B01??(%RH)","	81.1","	2026-07-28 16:46:45"
"	69BA0CDE","	Chamber1","	1","	B01??(%RH)","	81.1","	2026-07-28 16:46:43"
"	69BA0CDE","	Chamber1","	1","	B01??(?)","	4.8","	2026-07-28 16:46:42"
"	69BA0CDE","	Chamber1","	1","	B01??(?)","	4.8","	2026-07-28 16:46:40"
"	69BA0CDE","	Chamber1","	1","	B01??(%RH)","	81.1","	2026-07-28 16:46:40"
"	69BA0CDE","	Chamber1","	1","	B01??(?)","	4.7","	2026-07-28 16:46:38"
"	69BA0CDE","	Chamber1","	1","	B01??(%RH)","	81.1","	2026-07-28 16:46:38"
"	69BA0CDE","	Chamber1","	1","	B01??(?)","	4.7","	2026-07-28 16:46:36"
"	69BA0CDE","	Chamber1","	1","	B01??(%RH)","	81.1","	2026-07-28 16:46:36"
"	69BA0CDE","	Chamber1","	1","	B01??(%RH)","	81.1","	2026-07-28 16:46:34"
"	69BA0CDE","	Chamber1","	1","	B01??(?)","	4.8","	2026-07-28 16:46:33"
"	69BA0CDE","	Chamber1","	1","	B01??(?)","	4.8","	2026-07-28 16:46:31"
"	69BA0CDE","	Chamber1","	1","	B01??(%RH)","	81.1","	2026-07-28 16:46:31"
"	69BA0CDE","	Chamber1","	1","	B01??(?)","	4.8","	2026-07-28 16:46:29"
"	69BA0CDE","	Chamber1","	1","	B01??(%RH)","	81.1","	2026-07-28 16:46:29"
"	69BA0CDE","	Chamber1","	1","	B01??(%RH)","	81.1","	2026-07-28 16:46:27"
"	69BA0CDE","	Chamber1","	1","	B01??(?)","	4.8","	2026-07-28 16:46:26"
"	69BA0CDE","	Chamber1","	1","	B01??(?)","	4.8","	2026-07-28 16:46:24"
"	69BA0CDE","	Chamber1","	1","	B01??(%RH)","	81.1","	2026-07-28 16:46:24"
"	69BA0CDE","	Chamber1","	1","	B01??(?)","	4.8","	2026-07-28 16:46:22"
"	69BA0CDE","	Chamber1","	1","	B01??(%RH)","	81.1","	2026-07-28 16:46:22"
"	69BA0CDE","	Chamber1","	1","	B01??(?)","	4.7","	2026-07-28 16:46:20"
"	69BA0CDE","	Chamber1","	1","	B01??(%RH)","	81.1","	2026-07-28 16:46:20"
"	69BA0CDE","	Chamber1","	1","	B01??(%RH)","	81.1","	2026-07-28 16:46:18"
"	69BA0CDE","	Chamber1","	1","	B01??(?)","	4.8","	2026-07-28 16:46:17"
"	69BA0CDE","	Chamber1","	1","	B01??(?)","	4.7","	2026-07-28 16:46:15"
"	69BA0CDE","	Chamber1","	1","	B01??(%RH)","	81.1","	2026-07-28 16:46:15"
"	69BA0CDE","	Chamber1","	1","	B01??(?)","	4.7","	2026-07-28 16:46:13"
"	69BA0CDE","	Chamber1","	1","	B01??(%RH)","	81.1","	2026-07-28 16:46:13"
"	69BA0CDE","	Chamber1","	1","	B01??(?)","	4.8","	2026-07-28 16:46:11"
"	69BA0CDE","	Chamber1","	1","	B01??(%RH)","	81.1","	2026-07-28 16:46:11"
"	69BA0CDE","	Chamber1","	1","	B01??(?)","	4.8","	2026-07-28 16:46:08"
"	69BA0CDE","	Chamber1","	1","	B01??(%RH)","	81.1","	2026-07-28 16:46:08"
"	69BA0CDE","	Chamber1","	1","	B01??(?)","	4.7","	2026-07-28 16:46:06"
"	69BA0CDE","	Chamber1","	1","	B01??(%RH)","	81","	2026-07-28 16:46:06"
"	69BA0CDE","	Chamber1","	1","	B01??(?)","	4.8","	2026-07-28 16:46:04"
"	69BA0CDE","	Chamber1","	1","	B01??(%RH)","	81.1","	2026-07-28 16:46:04"
"	69BA0CDE","	Chamber1","	1","	B01??(%RH)","	81.1","	2026-07-28 16:46:02"
"	69BA0CDE","	Chamber1","	1","	B01??(?)","	4.8","	2026-07-28 16:46:01"
"	69BA0CDE","	Chamber1","	1","	B01??(?)","	4.8","	2026-07-28 16:45:59"
"	69BA0CDE","	Chamber1","	1","	B01??(%RH)","	81.1","	2026-07-28 16:45:59"
"	69BA0CDE","	Chamber1","	1","	B01??(?)","	4.8","	2026-07-28 16:45:57"
"	69BA0CDE","	Chamber1","	1","	B01??(%RH)","	81.1","	2026-07-28 16:45:57"
"	69BA0CDE","	Chamber1","	1","	B01??(?)","	4.8","	2026-07-28 16:45:55"
"	69BA0CDE","	Chamber1","	1","	B01??(%RH)","	81.1","	2026-07-28 16:45:55"
"	69BA0CDE","	Chamber1","	1","	B01??(%RH)","	81.1","	2026-07-28 16:45:53"
"	69BA0CDE","	Chamber1","	1","	B01??(?)","	4.8","	2026-07-28 16:45:52"
"	69BA0CDE","	Chamber1","	1","	B01??(?)","	4.8","	2026-07-28 16:45:50"
"	69BA0CDE","	Chamber1","	1","	B01??(%RH)","	81.1","	2026-07-28 16:45:50"
"	69BA0CDE","	Chamber1","	1","	B01??(?)","	4.8","	2026-07-28 16:45:48"
"	69BA0CDE","	Chamber1","	1","	B01??(%RH)","	81.1","	2026-07-28 16:45:48"
"	69BA0CDE","	Chamber1","	1","	B01??(%RH)","	81.1","	2026-07-28 16:45:46"
"	69BA0CDE","	Chamber1","	1","	B01??(?)","	4.8","	2026-07-28 16:45:45"
"	69BA0CDE","	Chamber1","	1","	B01??(?)","	4.8","	2026-07-28 16:45:43"
"	69BA0CDE","	Chamber1","	1","	B01??(%RH)","	81.1","	2026-07-28 16:45:43"
"	69BA0CDE","	Chamber1","	1","	B01??(?)","	4.8","	2026-07-28 16:45:41"
"	69BA0CDE","	Chamber1","	1","	B01??(%RH)","	81.1","	2026-07-28 16:45:41"
"	69BA0CDE","	Chamber1","	1","	B01??(?)","	4.8","	2026-07-28 16:45:39"
"	69BA0CDE","	Chamber1","	1","	B01??(%RH)","	81.1","	2026-07-28 16:45:39"
"	69BA0CDE","	Chamber1","	1","	B01??(%RH)","	81.1","	2026-07-28 16:45:37"
"	69BA0CDE","	Chamber1","	1","	B01??(?)","	4.8","	2026-07-28 16:45:36"
"	69BA0CDE","	Chamber1","	1","	B01??(?)","	4.8","	2026-07-28 16:45:34"
"	69BA0CDE","	Chamber1","	1","	B01??(%RH)","	81.1","	2026-07-28 16:45:34"
"	69BA0CDE","	Chamber1","	1","	B01??(?)","	4.8","	2026-07-28 16:45:32"
"	69BA0CDE","	Chamber1","	1","	B01??(%RH)","	81.1","	2026-07-28 16:45:32"
"	69BA0CDE","	Chamber1","	1","	B01??(?)","	4.7","	2026-07-28 16:45:30"
"	69BA0CDE","	Chamber1","	1","	B01??(%RH)","	81.1","	2026-07-28 16:45:30"
"	69BA0CDE","	Chamber1","	1","	B01??(?)","	4.8","	2026-07-28 16:45:27"
"	69BA0CDE","	Chamber1","	1","	B01??(%RH)","	81.1","	2026-07-28 16:45:27"
"	69BA0CDE","	Chamber1","	1","	B01??(?)","	4.8","	2026-07-28 16:45:25"
"	69BA0CDE","	Chamber1","	1","	B01??(%RH)","	81.1","	2026-07-28 16:45:25"
"	69BA0CDE","	Chamber1","	1","	B01??(?)","	4.8","	2026-07-28 16:45:23"
"	69BA0CDE","	Chamber1","	1","	B01??(%RH)","	81.1","	2026-07-28 16:45:23"
"	69BA0CDE","	Chamber1","	1","	B01??(%RH)","	81.1","	2026-07-28 16:45:21"
"	69BA0CDE","	Chamber1","	1","	B01??(?)","	4.8","	2026-07-28 16:45:20"
"	69BA0CDE","	Chamber1","	1","	B01??(?)","	4.8","	2026-07-28 16:45:18"
"	69BA0CDE","	Chamber1","	1","	B01??(%RH)","	81.1","	2026-07-28 16:45:18"
"	69BA0CDE","	Chamber1","	1","	B01??(?)","	4.8","	2026-07-28 16:45:16"
"	69BA0CDE","	Chamber1","	1","	B01??(%RH)","	81.1","	2026-07-28 16:45:16"
"	69BA0CDE","	Chamber1","	1","	B01??(?)","	4.8","	2026-07-28 16:45:14"
"	69BA0CDE","	Chamber1","	1","	B01??(%RH)","	81.2","	2026-07-28 16:45:14"
"	69BA0CDE","	Chamber1","	1","	B01??(%RH)","	81.1","	2026-07-28 16:45:12"
"	69BA0CDE","	Chamber1","	1","	B01??(?)","	4.8","	2026-07-28 16:45:11"
"	69BA0CDE","	Chamber1","	1","	B01??(?)","	4.8","	2026-07-28 16:45:09"
"	69BA0CDE","	Chamber1","	1","	B01??(%RH)","	81.1","	2026-07-28 16:45:09"
"	69BA0CDE","	Chamber1","	1","	B01??(?)","	4.8","	2026-07-28 16:45:07"
"	69BA0CDE","	Chamber1","	1","	B01??(%RH)","	81.1","	2026-07-28 16:45:07"
"	69BA0CDE","	Chamber1","	1","	B01??(%RH)","	81.1","	2026-07-28 16:45:05"
"	69BA0CDE","	Chamber1","	1","	B01??(?)","	4.8","	2026-07-28 16:45:04"
"	69BA0CDE","	Chamber1","	1","	B01??(?)","	4.8","	2026-07-28 16:45:02"
"	69BA0CDE","	Chamber1","	1","	B01??(%RH)","	81.1","	2026-07-28 16:45:02"
"	69BA0CDE","	Chamber1","	1","	B01??(?)","	4.8","	2026-07-28 16:45:00"
"	69BA0CDE","	Chamber1","	1","	B01??(%RH)","	81.1","	2026-07-28 16:45:00"
"	69BA0CDE","	Chamber1","	1","	B01??(?)","	4.8","	2026-07-28 16:44:58"
"	69BA0CDE","	Chamber1","	1","	B01??(%RH)","	81.1","	2026-07-28 16:44:58"
"	69BA0CDE","	Chamber1","	1","	B01??(%RH)","	81.2","	2026-07-28 16:44:56"
"	69BA0CDE","	Chamber1","	1","	B01??(?)","	4.8","	2026-07-28 16:44:55"
"	69BA0CDE","	Chamber1","	1","	B01??(?)","	4.8","	2026-07-28 16:44:53"
"	69BA0CDE","	Chamber1","	1","	B01??(%RH)","	81.1","	2026-07-28 16:44:53"
"	69BA0CDE","	Chamber1","	1","	B01??(?)","	4.8","	2026-07-28 16:44:51"
"	69BA0CDE","	Chamber1","	1","	B01??(%RH)","	81.1","	2026-07-28 16:44:51"
"	69BA0CDE","	Chamber1","	1","	B01??(%RH)","	81.1","	2026-07-28 16:44:49"
"	69BA0CDE","	Chamber1","	1","	B01??(?)","	4.8","	2026-07-28 16:44:48"
"	69BA0CDE","	Chamber1","	1","	B01??(?)","	4.8","	2026-07-28 16:44:46"
"	69BA0CDE","	Chamber1","	1","	B01??(%RH)","	81.1","	2026-07-28 16:44:46"
"	69BA0CDE","	Chamber1","	1","	B01??(?)","	4.8","	2026-07-28 16:44:44"
"	69BA0CDE","	Chamber1","	1","	B01??(%RH)","	81.1","	2026-07-28 16:44:44"
"	69BA0CDE","	Chamber1","	1","	B01??(?)","	4.8","	2026-07-28 16:44:42"
"	69BA0CDE","	Chamber1","	1","	B01??(%RH)","	81.1","	2026-07-28 16:44:42"
"	69BA0CDE","	Chamber1","	1","	B01??(%RH)","	81.1","	2026-07-28 16:44:40"
"	69BA0CDE","	Chamber1","	1","	B01??(?)","	4.8","	2026-07-28 16:44:39"
"	69BA0CDE","	Chamber1","	1","	B01??(?)","	4.8","	2026-07-28 16:44:37"
"	69BA0CDE","	Chamber1","	1","	B01??(%RH)","	81.1","	2026-07-28 16:44:37"
"	69BA0CDE","	Chamber1","	1","	B01??(?)","	4.8","	2026-07-28 16:44:35"
"	69BA0CDE","	Chamber1","	1","	B01??(%RH)","	81.1","	2026-07-28 16:44:35"
"	69BA0CDE","	Chamber1","	1","	B01??(?)","	4.8","	2026-07-28 16:44:33"
"	69BA0CDE","	Chamber1","	1","	B01??(%RH)","	81.1","	2026-07-28 16:44:33"
"	69BA0CDE","	Chamber1","	1","	B01??(%RH)","	81.1","	2026-07-28 16:44:31"
"	69BA0CDE","	Chamber1","	1","	B01??(?)","	4.8","	2026-07-28 16:44:30"
"	69BA0CDE","	Chamber1","	1","	B01??(?)","	4.7","	2026-07-28 16:44:28"
"	69BA0CDE","	Chamber1","	1","	B01??(%RH)","	81.1","	2026-07-28 16:44:28"
"	69BA0CDE","	Chamber1","	1","	B01??(?)","	4.8","	2026-07-28 16:44:26"
"	69BA0CDE","	Chamber1","	1","	B01??(%RH)","	81.1","	2026-07-28 16:44:26"
"	69BA0CDE","	Chamber1","	1","	B01??(?)","	4.8","	2026-07-28 16:44:24"
"	69BA0CDE","	Chamber1","	1","	B01??(%RH)","	81.1","	2026-07-28 16:44:24"
"	69BA0CDE","	Chamber1","	1","	B01??(%RH)","	81.1","	2026-07-28 16:44:22"
"	69BA0CDE","	Chamber1","	1","	B01??(?)","	4.8","	2026-07-28 16:44:21"
"	69BA0CDE","	Chamber1","	1","	B01??(?)","	4.8","	2026-07-28 16:44:19"
"	69BA0CDE","	Chamber1","	1","	B01??(%RH)","	81.2","	2026-07-28 16:44:19"
"	69BA0CDE","	Chamber1","	1","	B01??(?)","	4.8","	2026-07-28 16:44:17"
"	69BA0CDE","	Chamber1","	1","	B01??(%RH)","	81.2","	2026-07-28 16:44:17"
"	69BA0CDE","	Chamber1","	1","	B01??(?)","	4.8","	2026-07-28 16:44:15"
"	69BA0CDE","	Chamber1","	1","	B01??(%RH)","	81.1","	2026-07-28 16:44:15"
"	69BA0CDE","	Chamber1","	1","	B01??(%RH)","	81.1","	2026-07-28 16:44:13"
"	69BA0CDE","	Chamber1","	1","	B01??(?)","	4.8","	2026-07-28 16:44:12"
"	69BA0CDE","	Chamber1","	1","	B01??(?)","	4.8","	2026-07-28 16:44:10"
"	69BA0CDE","	Chamber1","	1","	B01??(%RH)","	81.1","	2026-07-28 16:44:10"
"	69BA0CDE","	Chamber1","	1","	B01??(?)","	4.8","	2026-07-28 16:44:08"
"	69BA0CDE","	Chamber1","	1","	B01??(%RH)","	81.1","	2026-07-28 16:44:08"
"	69BA0CDE","	Chamber1","	1","	B01??(%RH)","	81.1","	2026-07-28 16:44:06"
"	69BA0CDE","	Chamber1","	1","	B01??(?)","	4.8","	2026-07-28 16:44:05"
"	69BA0CDE","	Chamber1","	1","	B01??(?)","	4.8","	2026-07-28 16:44:03"
"	69BA0CDE","	Chamber1","	1","	B01??(%RH)","	81.1","	2026-07-28 16:44:03"
"	69BA0CDE","	Chamber1","	1","	B01??(?)","	4.8","	2026-07-28 16:44:01"
"	69BA0CDE","	Chamber1","	1","	B01??(%RH)","	81.1","	2026-07-28 16:44:01"
"	69BA0CDE","	Chamber1","	1","	B01??(?)","	4.8","	2026-07-28 16:43:59"
"	69BA0CDE","	Chamber1","	1","	B01??(%RH)","	81.1","	2026-07-28 16:43:59"
"	69BA0CDE","	Chamber1","	1","	B01??(%RH)","	81.1","	2026-07-28 16:43:57"
"	69BA0CDE","	Chamber1","	1","	B01??(?)","	4.8","	2026-07-28 16:43:56"
"	69BA0CDE","	Chamber1","	1","	B01??(?)","	4.8","	2026-07-28 16:43:54"
"	69BA0CDE","	Chamber1","	1","	B01??(%RH)","	81.1","	2026-07-28 16:43:54"
"	69BA0CDE","	Chamber1","	1","	B01??(?)","	4.8","	2026-07-28 16:43:52"
"	69BA0CDE","	Chamber1","	1","	B01??(%RH)","	81.1","	2026-07-28 16:43:52"
"	69BA0CDE","	Chamber1","	1","	B01??(?)","	4.8","	2026-07-28 16:43:50"
"	69BA0CDE","	Chamber1","	1","	B01??(%RH)","	81.1","	2026-07-28 16:43:50"
"	69BA0CDE","	Chamber1","	1","	B01??(%RH)","	81.1","	2026-07-28 16:43:48"
"	69BA0CDE","	Chamber1","	1","	B01??(?)","	4.8","	2026-07-28 16:43:47"
"	69BA0CDE","	Chamber1","	1","	B01??(?)","	4.8","	2026-07-28 16:43:45"
"	69BA0CDE","	Chamber1","	1","	B01??(%RH)","	81.1","	2026-07-28 16:43:45"
"	69BA0CDE","	Chamber1","	1","	B01??(?)","	4.8","	2026-07-28 16:43:43"
"	69BA0CDE","	Chamber1","	1","	B01??(%RH)","	81.1","	2026-07-28 16:43:43"
"	69BA0CDE","	Chamber1","	1","	B01??(?)","	4.8","	2026-07-28 16:43:41"
"	69BA0CDE","	Chamber1","	1","	B01??(%RH)","	81.1","	2026-07-28 16:43:41"
"	69BA0CDE","	Chamber1","	1","	B01??(%RH)","	81.1","	2026-07-28 16:43:39"
"	69BA0CDE","	Chamber1","	1","	B01??(?)","	4.8","	2026-07-28 16:43:38"
"	69BA0CDE","	Chamber1","	1","	B01??(?)","	4.8","	2026-07-28 16:43:36"
"	69BA0CDE","	Chamber1","	1","	B01??(%RH)","	81.1","	2026-07-28 16:43:36"
"	69BA0CDE","	Chamber1","	1","	B01??(?)","	4.8","	2026-07-28 16:43:34"
"	69BA0CDE","	Chamber1","	1","	B01??(%RH)","	81.1","	2026-07-28 16:43:34"
"	69BA0CDE","	Chamber1","	1","	B01??(?)","	4.8","	2026-07-28 16:43:32"
"	69BA0CDE","	Chamber1","	1","	B01??(%RH)","	81.1","	2026-07-28 16:43:32"
"	69BA0CDE","	Chamber1","	1","	B01??(%RH)","	81.1","	2026-07-28 16:43:30"
"	69BA0CDE","	Chamber1","	1","	B01??(?)","	4.8","	2026-07-28 16:43:29"
"	69BA0CDE","	Chamber1","	1","	B01??(?)","	4.8","	2026-07-28 16:43:27"
"	69BA0CDE","	Chamber1","	1","	B01??(%RH)","	81.2","	2026-07-28 16:43:27"
"	69BA0CDE","	Chamber1","	1","	B01??(?)","	4.8","	2026-07-28 16:43:25"
"	69BA0CDE","	Chamber1","	1","	B01??(%RH)","	81.2","	2026-07-28 16:43:25"
"	69BA0CDE","	Chamber1","	1","	B01??(?)","	4.8","	2026-07-28 16:43:23"
"	69BA0CDE","	Chamber1","	1","	B01??(%RH)","	81.2","	2026-07-28 16:43:23"
"	69BA0CDE","	Chamber1","	1","	B01??(%RH)","	81.1","	2026-07-28 16:43:21"
"	69BA0CDE","	Chamber1","	1","	B01??(?)","	4.8","	2026-07-28 16:43:20"
"	69BA0CDE","	Chamber1","	1","	B01??(?)","	4.8","	2026-07-28 16:43:18"
"	69BA0CDE","	Chamber1","	1","	B01??(%RH)","	81.2","	2026-07-28 16:43:18"
"	69BA0CDE","	Chamber1","	1","	B01??(?)","	4.8","	2026-07-28 16:43:16"
"	69BA0CDE","	Chamber1","	1","	B01??(%RH)","	81.2","	2026-07-28 16:43:16"
"	69BA0CDE","	Chamber1","	1","	B01??(%RH)","	81.2","	2026-07-28 16:43:14"
"	69BA0CDE","	Chamber1","	1","	B01??(?)","	4.8","	2026-07-28 16:43:13"
"	69BA0CDE","	Chamber1","	1","	B01??(?)","	4.8","	2026-07-28 16:43:11"
"	69BA0CDE","	Chamber1","	1","	B01??(%RH)","	81.1","	2026-07-28 16:43:11"
"	69BA0CDE","	Chamber1","	1","	B01??(?)","	4.8","	2026-07-28 16:43:09"
"	69BA0CDE","	Chamber1","	1","	B01??(%RH)","	81.2","	2026-07-28 16:43:09"
"	69BA0CDE","	Chamber1","	1","	B01??(?)","	4.8","	2026-07-28 16:43:07"
"	69BA0CDE","	Chamber1","	1","	B01??(%RH)","	81.2","	2026-07-28 16:43:07"
"	69BA0CDE","	Chamber1","	1","	B01??(%RH)","	81.2","	2026-07-28 16:43:05"
"	69BA0CDE","	Chamber1","	1","	B01??(?)","	4.8","	2026-07-28 16:43:04"
"	69BA0CDE","	Chamber1","	1","	B01??(?)","	4.8","	2026-07-28 16:43:02"
"	69BA0CDE","	Chamber1","	1","	B01??(%RH)","	81.2","	2026-07-28 16:43:02"
"	69BA0CDE","	Chamber1","	1","	B01??(?)","	4.8","	2026-07-28 16:43:00"
"	69BA0CDE","	Chamber1","	1","	B01??(%RH)","	81.2","	2026-07-28 16:43:00"
"	69BA0CDE","	Chamber1","	1","	B01??(?)","	4.7","	2026-07-28 16:42:58"
"	69BA0CDE","	Chamber1","	1","	B01??(%RH)","	81.2","	2026-07-28 16:42:58"
"	69BA0CDE","	Chamber1","	1","	B01??(%RH)","	81.2","	2026-07-28 16:42:56"
"	69BA0CDE","	Chamber1","	1","	B01??(?)","	4.8","	2026-07-28 16:42:55"
"	69BA0CDE","	Chamber1","	1","	B01??(?)","	4.8","	2026-07-28 16:42:53"
"	69BA0CDE","	Chamber1","	1","	B01??(%RH)","	81.2","	2026-07-28 16:42:53"
"	69BA0CDE","	Chamber1","	1","	B01??(?)","	4.8","	2026-07-28 16:42:51"
"	69BA0CDE","	Chamber1","	1","	B01??(%RH)","	81.2","	2026-07-28 16:42:51"
"	69BA0CDE","	Chamber1","	1","	B01??(?)","	4.8","	2026-07-28 16:42:49"
"	69BA0CDE","	Chamber1","	1","	B01??(%RH)","	81.2","	2026-07-28 16:42:49"
"	69BA0CDE","	Chamber1","	1","	B01??(%RH)","	81.2","	2026-07-28 16:42:47"
"	69BA0CDE","	Chamber1","	1","	B01??(?)","	4.8","	2026-07-28 16:42:46"
"	69BA0CDE","	Chamber1","	1","	B01??(?)","	4.7","	2026-07-28 16:42:44"
"	69BA0CDE","	Chamber1","	1","	B01??(%RH)","	81.2","	2026-07-28 16:42:44"
"	69BA0CDE","	Chamber1","	1","	B01??(?)","	4.8","	2026-07-28 16:42:42"
"	69BA0CDE","	Chamber1","	1","	B01??(%RH)","	81.2","	2026-07-28 16:42:42"
"	69BA0CDE","	Chamber1","	1","	B01??(?)","	4.7","	2026-07-28 16:42:40"
"	69BA0CDE","	Chamber1","	1","	B01??(%RH)","	81.2","	2026-07-28 16:42:40"
"	69BA0CDE","	Chamber1","	1","	B01??(%RH)","	81.2","	2026-07-28 16:42:38"
"	69BA0CDE","	Chamber1","	1","	B01??(?)","	4.8","	2026-07-28 16:42:37"
"	69BA0CDE","	Chamber1","	1","	B01??(?)","	4.8","	2026-07-28 16:42:35"
"	69BA0CDE","	Chamber1","	1","	B01??(%RH)","	81.2","	2026-07-28 16:42:35"
"	69BA0CDE","	Chamber1","	1","	B01??(?)","	4.8","	2026-07-28 16:42:33"
"	69BA0CDE","	Chamber1","	1","	B01??(%RH)","	81.2","	2026-07-28 16:42:33"
"	69BA0CDE","	Chamber1","	1","	B01??(%RH)","	81.2","	2026-07-28 16:42:31"
"	69BA0CDE","	Chamber1","	1","	B01??(?)","	4.8","	2026-07-28 16:42:30"
"	69BA0CDE","	Chamber1","	1","	B01??(?)","	4.8","	2026-07-28 16:42:28"
"	69BA0CDE","	Chamber1","	1","	B01??(%RH)","	81.2","	2026-07-28 16:42:28"
"	69BA0CDE","	Chamber1","	1","	B01??(?)","	4.7","	2026-07-28 16:42:26"
"	69BA0CDE","	Chamber1","	1","	B01??(%RH)","	81.2","	2026-07-28 16:42:26"
"	69BA0CDE","	Chamber1","	1","	B01??(?)","	4.8","	2026-07-28 16:42:24"
"	69BA0CDE","	Chamber1","	1","	B01??(%RH)","	81.2","	2026-07-28 16:42:24"
"	69BA0CDE","	Chamber1","	1","	B01??(%RH)","	81.2","	2026-07-28 16:42:22"
"	69BA0CDE","	Chamber1","	1","	B01??(?)","	4.8","	2026-07-28 16:42:21"
"	69BA0CDE","	Chamber1","	1","	B01??(?)","	4.8","	2026-07-28 16:42:19"
"	69BA0CDE","	Chamber1","	1","	B01??(%RH)","	81.2","	2026-07-28 16:42:19"
"	69BA0CDE","	Chamber1","	1","	B01??(?)","	4.8","	2026-07-28 16:42:17"
"	69BA0CDE","	Chamber1","	1","	B01??(%RH)","	81.2","	2026-07-28 16:42:17"
"	69BA0CDE","	Chamber1","	1","	B01??(?)","	4.8","	2026-07-28 16:42:15"
"	69BA0CDE","	Chamber1","	1","	B01??(%RH)","	81.2","	2026-07-28 16:42:15"
"	69BA0CDE","	Chamber1","	1","	B01??(%RH)","	81.2","	2026-07-28 16:42:13"
"	69BA0CDE","	Chamber1","	1","	B01??(?)","	4.8","	2026-07-28 16:42:12"
"	69BA0CDE","	Chamber1","	1","	B01??(?)","	4.8","	2026-07-28 16:42:10"
"	69BA0CDE","	Chamber1","	1","	B01??(%RH)","	81.2","	2026-07-28 16:42:10"
"	69BA0CDE","	Chamber1","	1","	B01??(?)","	4.8","	2026-07-28 16:42:08"
"	69BA0CDE","	Chamber1","	1","	B01??(%RH)","	81.2","	2026-07-28 16:42:08"
"	69BA0CDE","	Chamber1","	1","	B01??(?)","	4.8","	2026-07-28 16:42:06"
"	69BA0CDE","	Chamber1","	1","	B01??(%RH)","	81.2","	2026-07-28 16:42:06"
"	69BA0CDE","	Chamber1","	1","	B01??(%RH)","	81.2","	2026-07-28 16:42:04"
"	69BA0CDE","	Chamber1","	1","	B01??(?)","	4.8","	2026-07-28 16:42:03"
"	69BA0CDE","	Chamber1","	1","	B01??(?)","	4.8","	2026-07-28 16:42:01"
"	69BA0CDE","	Chamber1","	1","	B01??(%RH)","	81.2","	2026-07-28 16:42:01"
"	69BA0CDE","	Chamber1","	1","	B01??(?)","	4.8","	2026-07-28 16:41:59"
"	69BA0CDE","	Chamber1","	1","	B01??(%RH)","	81.2","	2026-07-28 16:41:59"
"	69BA0CDE","	Chamber1","	1","	B01??(?)","	4.7","	2026-07-28 16:41:57"
"	69BA0CDE","	Chamber1","	1","	B01??(%RH)","	81.2","	2026-07-28 16:41:57"
"	69BA0CDE","	Chamber1","	1","	B01??(%RH)","	81.2","	2026-07-28 16:41:55"
"	69BA0CDE","	Chamber1","	1","	B01??(?)","	4.8","	2026-07-28 16:41:54"
"	69BA0CDE","	Chamber1","	1","	B01??(?)","	4.8","	2026-07-28 16:41:52"
"	69BA0CDE","	Chamber1","	1","	B01??(%RH)","	81.2","	2026-07-28 16:41:52"
"	69BA0CDE","	Chamber1","	1","	B01??(?)","	4.8","	2026-07-28 16:41:50"
"	69BA0CDE","	Chamber1","	1","	B01??(%RH)","	81.2","	2026-07-28 16:41:50"
"	69BA0CDE","	Chamber1","	1","	B01??(?)","	4.8","	2026-07-28 16:41:48"
"	69BA0CDE","	Chamber1","	1","	B01??(%RH)","	81.2","	2026-07-28 16:41:48"
"	69BA0CDE","	Chamber1","	1","	B01??(%RH)","	81.2","	2026-07-28 16:41:46"
"	69BA0CDE","	Chamber1","	1","	B01??(?)","	4.7","	2026-07-28 16:41:45"
"	69BA0CDE","	Chamber1","	1","	B01??(?)","	4.8","	2026-07-28 16:41:43"
"	69BA0CDE","	Chamber1","	1","	B01??(%RH)","	81.2","	2026-07-28 16:41:43"
"	69BA0CDE","	Chamber1","	1","	B01??(?)","	4.7","	2026-07-28 16:41:41"
"	69BA0CDE","	Chamber1","	1","	B01??(%RH)","	81.2","	2026-07-28 16:41:41"
"	69BA0CDE","	Chamber1","	1","	B01??(?)","	4.7","	2026-07-28 16:41:39"
"	69BA0CDE","	Chamber1","	1","	B01??(%RH)","	81.2","	2026-07-28 16:41:39"
"	69BA0CDE","	Chamber1","	1","	B01??(%RH)","	81.2","	2026-07-28 16:41:37"
"	69BA0CDE","	Chamber1","	1","	B01??(?)","	4.8","	2026-07-28 16:41:36"
"	69BA0CDE","	Chamber1","	1","	B01??(?)","	4.8","	2026-07-28 16:41:34"
"	69BA0CDE","	Chamber1","	1","	B01??(%RH)","	81.2","	2026-07-28 16:41:34"
"	69BA0CDE","	Chamber1","	1","	B01??(?)","	4.8","	2026-07-28 16:41:32"
"	69BA0CDE","	Chamber1","	1","	B01??(%RH)","	81.2","	2026-07-28 16:41:32"
"	69BA0CDE","	Chamber1","	1","	B01??(?)","	4.8","	2026-07-28 16:41:30"
"	69BA0CDE","	Chamber1","	1","	B01??(%RH)","	81.2","	2026-07-28 16:41:30"
"	69BA0CDE","	Chamber1","	1","	B01??(%RH)","	81.2","	2026-07-28 16:41:28"
"	69BA0CDE","	Chamber1","	1","	B01??(?)","	4.8","	2026-07-28 16:41:27"
"	69BA0CDE","	Chamber1","	1","	B01??(?)","	4.7","	2026-07-28 16:41:25"
"	69BA0CDE","	Chamber1","	1","	B01??(%RH)","	81.2","	2026-07-28 16:41:25"
"	69BA0CDE","	Chamber1","	1","	B01??(?)","	4.7","	2026-07-28 16:41:23"
"	69BA0CDE","	Chamber1","	1","	B01??(%RH)","	81.2","	2026-07-28 16:41:23"
"	69BA0CDE","	Chamber1","	1","	B01??(?)","	4.8","	2026-07-28 16:41:21"
"	69BA0CDE","	Chamber1","	1","	B01??(%RH)","	81.2","	2026-07-28 16:41:21"
"	69BA0CDE","	Chamber1","	1","	B01??(%RH)","	81.2","	2026-07-28 16:41:19"
"	69BA0CDE","	Chamber1","	1","	B01??(?)","	4.8","	2026-07-28 16:41:18"
"	69BA0CDE","	Chamber1","	1","	B01??(?)","	4.7","	2026-07-28 16:41:16"
"	69BA0CDE","	Chamber1","	1","	B01??(%RH)","	81.2","	2026-07-28 16:41:16"
"	69BA0CDE","	Chamber1","	1","	B01??(?)","	4.7","	2026-07-28 16:41:14"
"	69BA0CDE","	Chamber1","	1","	B01??(%RH)","	81.2","	2026-07-28 16:41:14"
"	69BA0CDE","	Chamber1","	1","	B01??(?)","	4.8","	2026-07-28 16:41:12"
"	69BA0CDE","	Chamber1","	1","	B01??(%RH)","	81.2","	2026-07-28 16:41:12"
"	69BA0CDE","	Chamber1","	1","	B01??(%RH)","	81.2","	2026-07-28 16:41:10"
"	69BA0CDE","	Chamber1","	1","	B01??(?)","	4.7","	2026-07-28 16:41:09"
"	69BA0CDE","	Chamber1","	1","	B01??(?)","	4.8","	2026-07-28 16:41:07"
"	69BA0CDE","	Chamber1","	1","	B01??(%RH)","	81.2","	2026-07-28 16:41:07"
"	69BA0CDE","	Chamber1","	1","	B01??(?)","	4.7","	2026-07-28 16:41:05"
"	69BA0CDE","	Chamber1","	1","	B01??(%RH)","	81.2","	2026-07-28 16:41:05"
"	69BA0CDE","	Chamber1","	1","	B01??(%RH)","	81.2","	2026-07-28 16:41:03"
"	69BA0CDE","	Chamber1","	1","	B01??(?)","	4.7","	2026-07-28 16:41:02"
"	69BA0CDE","	Chamber1","	1","	B01??(?)","	4.8","	2026-07-28 16:41:00"
"	69BA0CDE","	Chamber1","	1","	B01??(%RH)","	81.2","	2026-07-28 16:41:00"
"	69BA0CDE","	Chamber1","	1","	B01??(?)","	4.7","	2026-07-28 16:40:58"
"	69BA0CDE","	Chamber1","	1","	B01??(%RH)","	81.2","	2026-07-28 16:40:58"
"	69BA0CDE","	Chamber1","	1","	B01??(?)","	4.8","	2026-07-28 16:40:56"
"	69BA0CDE","	Chamber1","	1","	B01??(%RH)","	81.2","	2026-07-28 16:40:56"
"	69BA0CDE","	Chamber1","	1","	B01??(%RH)","	81.2","	2026-07-28 16:40:54"
"	69BA0CDE","	Chamber1","	1","	B01??(?)","	4.7","	2026-07-28 16:40:53"
"	69BA0CDE","	Chamber1","	1","	B01??(?)","	4.7","	2026-07-28 16:40:51"
"	69BA0CDE","	Chamber1","	1","	B01??(%RH)","	81.2","	2026-07-28 16:40:51"
"	69BA0CDE","	Chamber1","	1","	B01??(?)","	4.8","	2026-07-28 16:40:49"
"	69BA0CDE","	Chamber1","	1","	B01??(%RH)","	81.2","	2026-07-28 16:40:49"
"	69BA0CDE","	Chamber1","	1","	B01??(?)","	4.7","	2026-07-28 16:40:47"
"	69BA0CDE","	Chamber1","	1","	B01??(%RH)","	81.2","	2026-07-28 16:40:47"
"	69BA0CDE","	Chamber1","	1","	B01??(%RH)","	81.2","	2026-07-28 16:40:45"
"	69BA0CDE","	Chamber1","	1","	B01??(?)","	4.8","	2026-07-28 16:40:44"
"	69BA0CDE","	Chamber1","	1","	B01??(?)","	4.7","	2026-07-28 16:40:42"
"	69BA0CDE","	Chamber1","	1","	B01??(%RH)","	81.2","	2026-07-28 16:40:42"
"	69BA0CDE","	Chamber1","	1","	B01??(?)","	4.7","	2026-07-28 16:40:40"
"	69BA0CDE","	Chamber1","	1","	B01??(%RH)","	81.2","	2026-07-28 16:40:40"
"	69BA0CDE","	Chamber1","	1","	B01??(?)","	4.8","	2026-07-28 16:40:38"
"	69BA0CDE","	Chamber1","	1","	B01??(%RH)","	81.2","	2026-07-28 16:40:38"
"	69BA0CDE","	Chamber1","	1","	B01??(%RH)","	81.2","	2026-07-28 16:40:36"
"	69BA0CDE","	Chamber1","	1","	B01??(?)","	4.8","	2026-07-28 16:40:35"
"	69BA0CDE","	Chamber1","	1","	B01??(?)","	4.7","	2026-07-28 16:40:33"
"	69BA0CDE","	Chamber1","	1","	B01??(%RH)","	81.2","	2026-07-28 16:40:33"
"	69BA0CDE","	Chamber1","	1","	B01??(?)","	4.8","	2026-07-28 16:40:31"
"	69BA0CDE","	Chamber1","	1","	B01??(%RH)","	81.2","	2026-07-28 16:40:31"
"	69BA0CDE","	Chamber1","	1","	B01??(?)","	4.7","	2026-07-28 16:40:29"
"	69BA0CDE","	Chamber1","	1","	B01??(%RH)","	81.2","	2026-07-28 16:40:29"
"	69BA0CDE","	Chamber1","	1","	B01??(%RH)","	81.2","	2026-07-28 16:40:27"
"	69BA0CDE","	Chamber1","	1","	B01??(?)","	4.7","	2026-07-28 16:40:26"
"	69BA0CDE","	Chamber1","	1","	B01??(?)","	4.7","	2026-07-28 16:40:24"
"	69BA0CDE","	Chamber1","	1","	B01??(%RH)","	81.2","	2026-07-28 16:40:24"
"	69BA0CDE","	Chamber1","	1","	B01??(?)","	4.8","	2026-07-28 16:40:22"
"	69BA0CDE","	Chamber1","	1","	B01??(%RH)","	81.2","	2026-07-28 16:40:22"
"	69BA0CDE","	Chamber1","	1","	B01??(?)","	4.7","	2026-07-28 16:40:20"
"	69BA0CDE","	Chamber1","	1","	B01??(%RH)","	81.2","	2026-07-28 16:40:20"
"	69BA0CDE","	Chamber1","	1","	B01??(%RH)","	81.2","	2026-07-28 16:40:18"
"	69BA0CDE","	Chamber1","	1","	B01??(?)","	4.7","	2026-07-28 16:40:17"
"	69BA0CDE","	Chamber1","	1","	B01??(?)","	4.7","	2026-07-28 16:40:15"
"	69BA0CDE","	Chamber1","	1","	B01??(%RH)","	81.2","	2026-07-28 16:40:15"
"	69BA0CDE","	Chamber1","	1","	B01??(?)","	4.8","	2026-07-28 16:40:13"
"	69BA0CDE","	Chamber1","	1","	B01??(%RH)","	81.2","	2026-07-28 16:40:13"
"	69BA0CDE","	Chamber1","	1","	B01??(?)","	4.7","	2026-07-28 16:40:11"
"	69BA0CDE","	Chamber1","	1","	B01??(%RH)","	81.2","	2026-07-28 16:40:11"
"	69BA0CDE","	Chamber1","	1","	B01??(%RH)","	81.2","	2026-07-28 16:40:09"
"	69BA0CDE","	Chamber1","	1","	B01??(?)","	4.7","	2026-07-28 16:40:08"
"	69BA0CDE","	Chamber1","	1","	B01??(?)","	4.8","	2026-07-28 16:40:06"
"	69BA0CDE","	Chamber1","	1","	B01??(%RH)","	81.2","	2026-07-28 16:40:06"
"	69BA0CDE","	Chamber1","	1","	B01??(?)","	4.7","	2026-07-28 16:40:04"
"	69BA0CDE","	Chamber1","	1","	B01??(%RH)","	81.2","	2026-07-28 16:40:04"
"	69BA0CDE","	Chamber1","	1","	B01??(?)","	4.8","	2026-07-28 16:40:02"
"	69BA0CDE","	Chamber1","	1","	B01??(%RH)","	81.2","	2026-07-28 16:40:02"
"	69BA0CDE","	Chamber1","	1","	B01??(%RH)","	81.2","	2026-07-28 16:40:00"
"	69BA0CDE","	Chamber1","	1","	B01??(?)","	4.7","	2026-07-28 16:39:59"
"	69BA0CDE","	Chamber1","	1","	B01??(?)","	4.7","	2026-07-28 16:39:57"
"	69BA0CDE","	Chamber1","	1","	B01??(%RH)","	81.2","	2026-07-28 16:39:57"
"	69BA0CDE","	Chamber1","	1","	B01??(%RH)","	81.2","	2026-07-28 16:39:55"
"	69BA0CDE","	Chamber1","	1","	B01??(?)","	4.7","	2026-07-28 16:39:55"
"	69BA0CDE","	Chamber1","	1","	B01??(%RH)","	81.2","	2026-07-28 16:39:53"
"	69BA0CDE","	Chamber1","	1","	B01??(?)","	4.7","	2026-07-28 16:39:52"
"	69BA0CDE","	Chamber1","	1","	B01??(?)","	4.8","	2026-07-28 16:39:50"
"	69BA0CDE","	Chamber1","	1","	B01??(%RH)","	81.2","	2026-07-28 16:39:50"
"	69BA0CDE","	Chamber1","	1","	B01??(?)","	4.8","	2026-07-28 16:39:48"
"	69BA0CDE","	Chamber1","	1","	B01??(%RH)","	81.2","	2026-07-28 16:39:48"
"	69BA0CDE","	Chamber1","	1","	B01??(?)","	4.7","	2026-07-28 16:39:46"
"	69BA0CDE","	Chamber1","	1","	B01??(%RH)","	81.2","	2026-07-28 16:39:46"
"	69BA0CDE","	Chamber1","	1","	B01??(%RH)","	81.1","	2026-07-28 16:39:44"
"	69BA0CDE","	Chamber1","	1","	B01??(?)","	4.7","	2026-07-28 16:39:43"
"	69BA0CDE","	Chamber1","	1","	B01??(?)","	4.7","	2026-07-28 16:39:41"
"	69BA0CDE","	Chamber1","	1","	B01??(%RH)","	81.2","	2026-07-28 16:39:41"
"	69BA0CDE","	Chamber1","	1","	B01??(?)","	4.7","	2026-07-28 16:39:39"
"	69BA0CDE","	Chamber1","	1","	B01??(%RH)","	81.2","	2026-07-28 16:39:39"
"	69BA0CDE","	Chamber1","	1","	B01??(%RH)","	81.2","	2026-07-28 16:39:37"
"	69BA0CDE","	Chamber1","	1","	B01??(?)","	4.7","	2026-07-28 16:39:36"
"	69BA0CDE","	Chamber1","	1","	B01??(?)","	4.7","	2026-07-28 16:39:34"
"	69BA0CDE","	Chamber1","	1","	B01??(%RH)","	81.2","	2026-07-28 16:39:34"
"	69BA0CDE","	Chamber1","	1","	B01??(?)","	4.7","	2026-07-28 16:39:32"
"	69BA0CDE","	Chamber1","	1","	B01??(%RH)","	81.2","	2026-07-28 16:39:32"
"	69BA0CDE","	Chamber1","	1","	B01??(?)","	4.7","	2026-07-28 16:39:30"
"	69BA0CDE","	Chamber1","	1","	B01??(%RH)","	81.2","	2026-07-28 16:39:30"
"	69BA0CDE","	Chamber1","	1","	B01??(%RH)","	81.2","	2026-07-28 16:39:28"
"	69BA0CDE","	Chamber1","	1","	B01??(?)","	4.7","	2026-07-28 16:39:27"
"	69BA0CDE","	Chamber1","	1","	B01??(?)","	4.8","	2026-07-28 16:39:25"
"	69BA0CDE","	Chamber1","	1","	B01??(%RH)","	81.1","	2026-07-28 16:39:25"
"	69BA0CDE","	Chamber1","	1","	B01??(?)","	4.7","	2026-07-28 16:39:23"
"	69BA0CDE","	Chamber1","	1","	B01??(%RH)","	81.1","	2026-07-28 16:39:23"
"	69BA0CDE","	Chamber1","	1","	B01??(?)","	4.7","	2026-07-28 16:39:21"
"	69BA0CDE","	Chamber1","	1","	B01??(%RH)","	81.1","	2026-07-28 16:39:21"
"	69BA0CDE","	Chamber1","	1","	B01??(%RH)","	81.2","	2026-07-28 16:39:19"
"	69BA0CDE","	Chamber1","	1","	B01??(?)","	4.7","	2026-07-28 16:39:18"
"	69BA0CDE","	Chamber1","	1","	B01??(?)","	4.7","	2026-07-28 16:39:16"
"	69BA0CDE","	Chamber1","	1","	B01??(%RH)","	81.2","	2026-07-28 16:39:16"
"	69BA0CDE","	Chamber1","	1","	B01??(?)","	4.7","	2026-07-28 16:39:14"
"	69BA0CDE","	Chamber1","	1","	B01??(%RH)","	81.1","	2026-07-28 16:39:14"
"	69BA0CDE","	Chamber1","	1","	B01??(%RH)","	81.1","	2026-07-28 16:39:12"
"	69BA0CDE","	Chamber1","	1","	B01??(?)","	4.7","	2026-07-28 16:39:11"
"	69BA0CDE","	Chamber1","	1","	B01??(?)","	4.7","	2026-07-28 16:39:09"
"	69BA0CDE","	Chamber1","	1","	B01??(%RH)","	81.2","	2026-07-28 16:39:09"
"	69BA0CDE","	Chamber1","	1","	B01??(?)","	4.7","	2026-07-28 16:39:07"
"	69BA0CDE","	Chamber1","	1","	B01??(%RH)","	81.1","	2026-07-28 16:39:07"
"	69BA0CDE","	Chamber1","	1","	B01??(?)","	4.7","	2026-07-28 16:39:05"
"	69BA0CDE","	Chamber1","	1","	B01??(%RH)","	81.2","	2026-07-28 16:39:05"
"	69BA0CDE","	Chamber1","	1","	B01??(%RH)","	81.2","	2026-07-28 16:39:03"
"	69BA0CDE","	Chamber1","	1","	B01??(?)","	4.7","	2026-07-28 16:39:02"
"	69BA0CDE","	Chamber1","	1","	B01??(?)","	4.7","	2026-07-28 16:39:00"
"	69BA0CDE","	Chamber1","	1","	B01??(%RH)","	81.2","	2026-07-28 16:39:00"
"	69BA0CDE","	Chamber1","	1","	B01??(?)","	4.7","	2026-07-28 16:38:58"
"	69BA0CDE","	Chamber1","	1","	B01??(%RH)","	81.2","	2026-07-28 16:38:58"
"	69BA0CDE","	Chamber1","	1","	B01??(?)","	4.7","	2026-07-28 16:38:56"
"	69BA0CDE","	Chamber1","	1","	B01??(%RH)","	81.2","	2026-07-28 16:38:56"
"	69BA0CDE","	Chamber1","	1","	B01??(%RH)","	81.2","	2026-07-28 16:38:54"
"	69BA0CDE","	Chamber1","	1","	B01??(?)","	4.7","	2026-07-28 16:38:53"
"	69BA0CDE","	Chamber1","	1","	B01??(?)","	4.7","	2026-07-28 16:38:51"
"	69BA0CDE","	Chamber1","	1","	B01??(%RH)","	81.2","	2026-07-28 16:38:51"
"	69BA0CDE","	Chamber1","	1","	B01??(?)","	4.7","	2026-07-28 16:38:49"
"	69BA0CDE","	Chamber1","	1","	B01??(%RH)","	81.1","	2026-07-28 16:38:49"
"	69BA0CDE","	Chamber1","	1","	B01??(?)","	4.7","	2026-07-28 16:38:47"
"	69BA0CDE","	Chamber1","	1","	B01??(%RH)","	81.1","	2026-07-28 16:38:47"
"	69BA0CDE","	Chamber1","	1","	B01??(%RH)","	81.1","	2026-07-28 16:38:45"
"	69BA0CDE","	Chamber1","	1","	B01??(?)","	4.7","	2026-07-28 16:38:44"
"	69BA0CDE","	Chamber1","	1","	B01??(?)","	4.7","	2026-07-28 16:38:42"
"	69BA0CDE","	Chamber1","	1","	B01??(%RH)","	81.1","	2026-07-28 16:38:42"
"	69BA0CDE","	Chamber1","	1","	B01??(?)","	4.7","	2026-07-28 16:38:40"
"	69BA0CDE","	Chamber1","	1","	B01??(%RH)","	81.1","	2026-07-28 16:38:40"
"	69BA0CDE","	Chamber1","	1","	B01??(%RH)","	81.1","	2026-07-28 16:38:38"
"	69BA0CDE","	Chamber1","	1","	B01??(?)","	4.7","	2026-07-28 16:38:37"
"	69BA0CDE","	Chamber1","	1","	B01??(?)","	4.7","	2026-07-28 16:38:35"
"	69BA0CDE","	Chamber1","	1","	B01??(%RH)","	81.2","	2026-07-28 16:38:35"
"	69BA0CDE","	Chamber1","	1","	B01??(?)","	4.7","	2026-07-28 16:38:33"
"	69BA0CDE","	Chamber1","	1","	B01??(%RH)","	81.2","	2026-07-28 16:38:33"
"	69BA0CDE","	Chamber1","	1","	B01??(?)","	4.7","	2026-07-28 16:38:31"
"	69BA0CDE","	Chamber1","	1","	B01??(%RH)","	81.2","	2026-07-28 16:38:31"
"	69BA0CDE","	Chamber1","	1","	B01??(%RH)","	81.1","	2026-07-28 16:38:29"
"	69BA0CDE","	Chamber1","	1","	B01??(?)","	4.7","	2026-07-28 16:38:28"
"	69BA0CDE","	Chamber1","	1","	B01??(?)","	4.7","	2026-07-28 16:38:26"
"	69BA0CDE","	Chamber1","	1","	B01??(%RH)","	81.2","	2026-07-28 16:38:26"
"	69BA0CDE","	Chamber1","	1","	B01??(?)","	4.7","	2026-07-28 16:38:24"
"	69BA0CDE","	Chamber1","	1","	B01??(%RH)","	81.1","	2026-07-28 16:38:24"
"	69BA0CDE","	Chamber1","	1","	B01??(?)","	4.7","	2026-07-28 16:38:22"
"	69BA0CDE","	Chamber1","	1","	B01??(%RH)","	81.2","	2026-07-28 16:38:22"
"	69BA0CDE","	Chamber1","	1","	B01??(%RH)","	81.2","	2026-07-28 16:38:20"
"	69BA0CDE","	Chamber1","	1","	B01??(?)","	4.7","	2026-07-28 16:38:19"
"	69BA0CDE","	Chamber1","	1","	B01??(?)","	4.7","	2026-07-28 16:38:17"
"	69BA0CDE","	Chamber1","	1","	B01??(%RH)","	81.1","	2026-07-28 16:38:17"
"	69BA0CDE","	Chamber1","	1","	B01??(?)","	4.7","	2026-07-28 16:38:15"
"	69BA0CDE","	Chamber1","	1","	B01??(%RH)","	81.2","	2026-07-28 16:38:15"
"	69BA0CDE","	Chamber1","	1","	B01??(?)","	4.7","	2026-07-28 16:38:13"
"	69BA0CDE","	Chamber1","	1","	B01??(%RH)","	81.1","	2026-07-28 16:38:13"
"	69BA0CDE","	Chamber1","	1","	B01??(?)","	4.7","	2026-07-28 16:38:10"
"	69BA0CDE","	Chamber1","	1","	B01??(%RH)","	81.1","	2026-07-28 16:38:10"
"	69BA0CDE","	Chamber1","	1","	B01??(?)","	4.7","	2026-07-28 16:38:08"
"	69BA0CDE","	Chamber1","	1","	B01??(%RH)","	81.2","	2026-07-28 16:38:08"
"	69BA0CDE","	Chamber1","	1","	B01??(?)","	4.7","	2026-07-28 16:38:06"
"	69BA0CDE","	Chamber1","	1","	B01??(%RH)","	81.1","	2026-07-28 16:38:06"
"	69BA0CDE","	Chamber1","	1","	B01??(%RH)","	81.1","	2026-07-28 16:38:04"
"	69BA0CDE","	Chamber1","	1","	B01??(?)","	4.7","	2026-07-28 16:38:03"
"	69BA0CDE","	Chamber1","	1","	B01??(?)","	4.7","	2026-07-28 16:38:01"
"	69BA0CDE","	Chamber1","	1","	B01??(%RH)","	81.1","	2026-07-28 16:38:01"
"	69BA0CDE","	Chamber1","	1","	B01??(?)","	4.7","	2026-07-28 16:37:59"
"	69BA0CDE","	Chamber1","	1","	B01??(%RH)","	81.2","	2026-07-28 16:37:59"
"	69BA0CDE","	Chamber1","	1","	B01??(?)","	4.7","	2026-07-28 16:37:57"
"	69BA0CDE","	Chamber1","	1","	B01??(%RH)","	81.1","	2026-07-28 16:37:57"
"	69BA0CDE","	Chamber1","	1","	B01??(?)","	4.7","	2026-07-28 16:37:54"
"	69BA0CDE","	Chamber1","	1","	B01??(%RH)","	81.1","	2026-07-28 16:37:54"
"	69BA0CDE","	Chamber1","	1","	B01??(?)","	4.7","	2026-07-28 16:37:52"
"	69BA0CDE","	Chamber1","	1","	B01??(%RH)","	81.1","	2026-07-28 16:37:52"
"	69BA0CDE","	Chamber1","	1","	B01??(?)","	4.7","	2026-07-28 16:37:50"
"	69BA0CDE","	Chamber1","	1","	B01??(%RH)","	81.1","	2026-07-28 16:37:50"
"	69BA0CDE","	Chamber1","	1","	B01??(%RH)","	81.2","	2026-07-28 16:37:48"
"	69BA0CDE","	Chamber1","	1","	B01??(?)","	4.7","	2026-07-28 16:37:47"
"	69BA0CDE","	Chamber1","	1","	B01??(?)","	4.7","	2026-07-28 16:37:45"
"	69BA0CDE","	Chamber1","	1","	B01??(%RH)","	81.1","	2026-07-28 16:37:45"
"	69BA0CDE","	Chamber1","	1","	B01??(?)","	4.7","	2026-07-28 16:37:43"
"	69BA0CDE","	Chamber1","	1","	B01??(%RH)","	81.1","	2026-07-28 16:37:43"
"	69BA0CDE","	Chamber1","	1","	B01??(?)","	4.7","	2026-07-28 16:37:41"
"	69BA0CDE","	Chamber1","	1","	B01??(%RH)","	81.1","	2026-07-28 16:37:41"
"	69BA0CDE","	Chamber1","	1","	B01??(%RH)","	81.1","	2026-07-28 16:37:39"
"	69BA0CDE","	Chamber1","	1","	B01??(?)","	4.7","	2026-07-28 16:37:38"
"	69BA0CDE","	Chamber1","	1","	B01??(?)","	4.7","	2026-07-28 16:37:36"
"	69BA0CDE","	Chamber1","	1","	B01??(%RH)","	81.1","	2026-07-28 16:37:36"
"	69BA0CDE","	Chamber1","	1","	B01??(?)","	4.7","	2026-07-28 16:37:34"
"	69BA0CDE","	Chamber1","	1","	B01??(%RH)","	81.1","	2026-07-28 16:37:34"
"	69BA0CDE","	Chamber1","	1","	B01??(?)","	4.7","	2026-07-28 16:37:32"
"	69BA0CDE","	Chamber1","	1","	B01??(%RH)","	81.2","	2026-07-28 16:37:32"
"	69BA0CDE","	Chamber1","	1","	B01??(%RH)","	81.1","	2026-07-28 16:37:30"
"	69BA0CDE","	Chamber1","	1","	B01??(?)","	4.7","	2026-07-28 16:37:29"
"	69BA0CDE","	Chamber1","	1","	B01??(?)","	4.7","	2026-07-28 16:37:27"
"	69BA0CDE","	Chamber1","	1","	B01??(%RH)","	81.1","	2026-07-28 16:37:27"
"	69BA0CDE","	Chamber1","	1","	B01??(?)","	4.7","	2026-07-28 16:37:25"
"	69BA0CDE","	Chamber1","	1","	B01??(%RH)","	81.1","	2026-07-28 16:37:25"
"	69BA0CDE","	Chamber1","	1","	B01??(?)","	4.7","	2026-07-28 16:37:23"
"	69BA0CDE","	Chamber1","	1","	B01??(%RH)","	81.1","	2026-07-28 16:37:23"
"	69BA0CDE","	Chamber1","	1","	B01??(%RH)","	81.2","	2026-07-28 16:37:21"
"	69BA0CDE","	Chamber1","	1","	B01??(?)","	4.7","	2026-07-28 16:37:20"
"	69BA0CDE","	Chamber1","	1","	B01??(?)","	4.7","	2026-07-28 16:37:18"
"	69BA0CDE","	Chamber1","	1","	B01??(%RH)","	81.1","	2026-07-28 16:37:18"
"	69BA0CDE","	Chamber1","	1","	B01??(?)","	4.7","	2026-07-28 16:37:16"
"	69BA0CDE","	Chamber1","	1","	B01??(%RH)","	81.1","	2026-07-28 16:37:16"
"	69BA0CDE","	Chamber1","	1","	B01??(%RH)","	81.1","	2026-07-28 16:37:14"
"	69BA0CDE","	Chamber1","	1","	B01??(?)","	4.7","	2026-07-28 16:37:13"
"	69BA0CDE","	Chamber1","	1","	B01??(?)","	4.7","	2026-07-28 16:37:11"
"	69BA0CDE","	Chamber1","	1","	B01??(%RH)","	81.1","	2026-07-28 16:37:11"
"	69BA0CDE","	Chamber1","	1","	B01??(?)","	4.7","	2026-07-28 16:37:09"
"	69BA0CDE","	Chamber1","	1","	B01??(%RH)","	81.1","	2026-07-28 16:37:09"
"	69BA0CDE","	Chamber1","	1","	B01??(?)","	4.7","	2026-07-28 16:37:07"
"	69BA0CDE","	Chamber1","	1","	B01??(%RH)","	81.1","	2026-07-28 16:37:07"
"	69BA0CDE","	Chamber1","	1","	B01??(%RH)","	81.1","	2026-07-28 16:37:05"
"	69BA0CDE","	Chamber1","	1","	B01??(?)","	4.7","	2026-07-28 16:37:04"
"	69BA0CDE","	Chamber1","	1","	B01??(?)","	4.7","	2026-07-28 16:37:02"
"	69BA0CDE","	Chamber1","	1","	B01??(%RH)","	81.1","	2026-07-28 16:37:02"
"	69BA0CDE","	Chamber1","	1","	B01??(?)","	4.7","	2026-07-28 16:37:00"
"	69BA0CDE","	Chamber1","	1","	B01??(%RH)","	81.1","	2026-07-28 16:37:00"
"	69BA0CDE","	Chamber1","	1","	B01??(?)","	4.7","	2026-07-28 16:36:58"
"	69BA0CDE","	Chamber1","	1","	B01??(%RH)","	81.1","	2026-07-28 16:36:58"
"	69BA0CDE","	Chamber1","	1","	B01??(%RH)","	81.1","	2026-07-28 16:36:56"
"	69BA0CDE","	Chamber1","	1","	B01??(?)","	4.7","	2026-07-28 16:36:55"
"	69BA0CDE","	Chamber1","	1","	B01??(?)","	4.7","	2026-07-28 16:36:53"
"	69BA0CDE","	Chamber1","	1","	B01??(%RH)","	81.1","	2026-07-28 16:36:53"
"	69BA0CDE","	Chamber1","	1","	B01??(?)","	4.7","	2026-07-28 16:36:51"
"	69BA0CDE","	Chamber1","	1","	B01??(%RH)","	81.1","	2026-07-28 16:36:51"
"	69BA0CDE","	Chamber1","	1","	B01??(?)","	4.7","	2026-07-28 16:36:49"
"	69BA0CDE","	Chamber1","	1","	B01??(%RH)","	81.1","	2026-07-28 16:36:49"
"	69BA0CDE","	Chamber1","	1","	B01??(%RH)","	81.1","	2026-07-28 16:36:47"
"	69BA0CDE","	Chamber1","	1","	B01??(?)","	4.7","	2026-07-28 16:36:46"
"	69BA0CDE","	Chamber1","	1","	B01??(?)","	4.7","	2026-07-28 16:36:44"
"	69BA0CDE","	Chamber1","	1","	B01??(%RH)","	81.1","	2026-07-28 16:36:44"
"	69BA0CDE","	Chamber1","	1","	B01??(?)","	4.7","	2026-07-28 16:36:42"
"	69BA0CDE","	Chamber1","	1","	B01??(%RH)","	81.1","	2026-07-28 16:36:42"
"	69BA0CDE","	Chamber1","	1","	B01??(?)","	4.7","	2026-07-28 16:36:40"
"	69BA0CDE","	Chamber1","	1","	B01??(%RH)","	81.1","	2026-07-28 16:36:40"
"	69BA0CDE","	Chamber1","	1","	B01??(%RH)","	81.1","	2026-07-28 16:36:38"
"	69BA0CDE","	Chamber1","	1","	B01??(?)","	4.7","	2026-07-28 16:36:37"
"	69BA0CDE","	Chamber1","	1","	B01??(?)","	4.7","	2026-07-28 16:36:35"
"	69BA0CDE","	Chamber1","	1","	B01??(%RH)","	81.1","	2026-07-28 16:36:35"
"	69BA0CDE","	Chamber1","	1","	B01??(?)","	4.7","	2026-07-28 16:36:33"
"	69BA0CDE","	Chamber1","	1","	B01??(%RH)","	81.1","	2026-07-28 16:36:33"
"	69BA0CDE","	Chamber1","	1","	B01??(?)","	4.7","	2026-07-28 16:36:31"
"	69BA0CDE","	Chamber1","	1","	B01??(%RH)","	81.1","	2026-07-28 16:36:31"
"	69BA0CDE","	Chamber1","	1","	B01??(%RH)","	81.1","	2026-07-28 16:36:29"
"	69BA0CDE","	Chamber1","	1","	B01??(?)","	4.7","	2026-07-28 16:36:28"
"	69BA0CDE","	Chamber1","	1","	B01??(?)","	4.7","	2026-07-28 16:36:26"
"	69BA0CDE","	Chamber1","	1","	B01??(%RH)","	81.1","	2026-07-28 16:36:26"
"	69BA0CDE","	Chamber1","	1","	B01??(?)","	4.7","	2026-07-28 16:36:24"
"	69BA0CDE","	Chamber1","	1","	B01??(%RH)","	81.1","	2026-07-28 16:36:24"
"	69BA0CDE","	Chamber1","	1","	B01??(?)","	4.7","	2026-07-28 16:36:22"
"	69BA0CDE","	Chamber1","	1","	B01??(%RH)","	81.1","	2026-07-28 16:36:22"
"	69BA0CDE","	Chamber1","	1","	B01??(?)","	4.7","	2026-07-28 16:36:20"
"	69BA0CDE","	Chamber1","	1","	B01??(%RH)","	81.1","	2026-07-28 16:36:20"
"	69BA0CDE","	Chamber1","	1","	B01??(%RH)","	81.1","	2026-07-28 16:36:18"
"	69BA0CDE","	Chamber1","	1","	B01??(?)","	4.7","	2026-07-28 16:36:17"
"	69BA0CDE","	Chamber1","	1","	B01??(?)","	4.7","	2026-07-28 16:36:15"
"	69BA0CDE","	Chamber1","	1","	B01??(%RH)","	81.1","	2026-07-28 16:36:15"
"	69BA0CDE","	Chamber1","	1","	B01??(%RH)","	81.1","	2026-07-28 16:36:13"
"	69BA0CDE","	Chamber1","	1","	B01??(?)","	4.7","	2026-07-28 16:36:12"
"	69BA0CDE","	Chamber1","	1","	B01??(?)","	4.7","	2026-07-28 16:36:10"
"	69BA0CDE","	Chamber1","	1","	B01??(%RH)","	81.2","	2026-07-28 16:36:10"
"	69BA0CDE","	Chamber1","	1","	B01??(?)","	4.7","	2026-07-28 16:36:08"
"	69BA0CDE","	Chamber1","	1","	B01??(%RH)","	81.1","	2026-07-28 16:36:08"
"	69BA0CDE","	Chamber1","	1","	B01??(%RH)","	81.2","	2026-07-28 16:36:06"
"	69BA0CDE","	Chamber1","	1","	B01??(?)","	4.7","	2026-07-28 16:36:05"
"	69BA0CDE","	Chamber1","	1","	B01??(?)","	4.7","	2026-07-28 16:36:03"
"	69BA0CDE","	Chamber1","	1","	B01??(%RH)","	81.1","	2026-07-28 16:36:03"
"	69BA0CDE","	Chamber1","	1","	B01??(?)","	4.7","	2026-07-28 16:36:01"
"	69BA0CDE","	Chamber1","	1","	B01??(%RH)","	81.1","	2026-07-28 16:36:01"
"	69BA0CDE","	Chamber1","	1","	B01??(%RH)","	81.1","	2026-07-28 16:35:59"
"	69BA0CDE","	Chamber1","	1","	B01??(?)","	4.7","	2026-07-28 16:35:58"
"	69BA0CDE","	Chamber1","	1","	B01??(?)","	4.7","	2026-07-28 16:35:56"
"	69BA0CDE","	Chamber1","	1","	B01??(%RH)","	81.1","	2026-07-28 16:35:56"
"	69BA0CDE","	Chamber1","	1","	B01??(?)","	4.7","	2026-07-28 16:35:54"
"	69BA0CDE","	Chamber1","	1","	B01??(%RH)","	81.1","	2026-07-28 16:35:54"
"	69BA0CDE","	Chamber1","	1","	B01??(%RH)","	81.1","	2026-07-28 16:35:52"
"	69BA0CDE","	Chamber1","	1","	B01??(?)","	4.7","	2026-07-28 16:35:51"
"	69BA0CDE","	Chamber1","	1","	B01??(?)","	4.7","	2026-07-28 16:35:49"
"	69BA0CDE","	Chamber1","	1","	B01??(%RH)","	81.1","	2026-07-28 16:35:49"
"	69BA0CDE","	Chamber1","	1","	B01??(%RH)","	81.1","	2026-07-28 16:35:47"
"	69BA0CDE","	Chamber1","	1","	B01??(?)","	4.7","	2026-07-28 16:35:46"
"	69BA0CDE","	Chamber1","	1","	B01??(?)","	4.7","	2026-07-28 16:35:44"
"	69BA0CDE","	Chamber1","	1","	B01??(%RH)","	81.1","	2026-07-28 16:35:44"
"	69BA0CDE","	Chamber1","	1","	B01??(?)","	4.7","	2026-07-28 16:35:42"
"	69BA0CDE","	Chamber1","	1","	B01??(%RH)","	81.1","	2026-07-28 16:35:42"
"	69BA0CDE","	Chamber1","	1","	B01??(%RH)","	81.2","	2026-07-28 16:35:40"
"	69BA0CDE","	Chamber1","	1","	B01??(?)","	4.7","	2026-07-28 16:35:39"
"	69BA0CDE","	Chamber1","	1","	B01??(?)","	4.7","	2026-07-28 16:35:37"
"	69BA0CDE","	Chamber1","	1","	B01??(%RH)","	81.1","	2026-07-28 16:35:37"
"	69BA0CDE","	Chamber1","	1","	B01??(?)","	4.7","	2026-07-28 16:35:35"
"	69BA0CDE","	Chamber1","	1","	B01??(%RH)","	81.1","	2026-07-28 16:35:35"
"	69BA0CDE","	Chamber1","	1","	B01??(%RH)","	81.1","	2026-07-28 16:35:33"
"	69BA0CDE","	Chamber1","	1","	B01??(?)","	4.7","	2026-07-28 16:35:32"
"	69BA0CDE","	Chamber1","	1","	B01??(?)","	4.7","	2026-07-28 16:35:30"
"	69BA0CDE","	Chamber1","	1","	B01??(%RH)","	81.1","	2026-07-28 16:35:30"
"	69BA0CDE","	Chamber1","	1","	B01??(?)","	4.7","	2026-07-28 16:35:28"
"	69BA0CDE","	Chamber1","	1","	B01??(%RH)","	81.1","	2026-07-28 16:35:28"
"	69BA0CDE","	Chamber1","	1","	B01??(%RH)","	81.1","	2026-07-28 16:35:26"
"	69BA0CDE","	Chamber1","	1","	B01??(?)","	4.7","	2026-07-28 16:35:25"
"	69BA0CDE","	Chamber1","	1","	B01??(?)","	4.7","	2026-07-28 16:35:23"
"	69BA0CDE","	Chamber1","	1","	B01??(%RH)","	81.1","	2026-07-28 16:35:23"
"	69BA0CDE","	Chamber1","	1","	B01??(%RH)","	81.1","	2026-07-28 16:35:21"
"	69BA0CDE","	Chamber1","	1","	B01??(?)","	4.7","	2026-07-28 16:35:20"
"	69BA0CDE","	Chamber1","	1","	B01??(?)","	4.7","	2026-07-28 16:35:18"
"	69BA0CDE","	Chamber1","	1","	B01??(%RH)","	81.1","	2026-07-28 16:35:18"
"	69BA0CDE","	Chamber1","	1","	B01??(?)","	4.7","	2026-07-28 16:35:16"
"	69BA0CDE","	Chamber1","	1","	B01??(%RH)","	81.1","	2026-07-28 16:35:16"
"	69BA0CDE","	Chamber1","	1","	B01??(%RH)","	81.1","	2026-07-28 16:35:14"
"	69BA0CDE","	Chamber1","	1","	B01??(?)","	4.7","	2026-07-28 16:35:13"
"	69BA0CDE","	Chamber1","	1","	B01??(?)","	4.7","	2026-07-28 16:35:11"
"	69BA0CDE","	Chamber1","	1","	B01??(%RH)","	81.1","	2026-07-28 16:35:11"
"	69BA0CDE","	Chamber1","	1","	B01??(?)","	4.7","	2026-07-28 16:35:09"
"	69BA0CDE","	Chamber1","	1","	B01??(%RH)","	81.1","	2026-07-28 16:35:09"
"	69BA0CDE","	Chamber1","	1","	B01??(?)","	4.7","	2026-07-28 16:35:06"
"	69BA0CDE","	Chamber1","	1","	B01??(%RH)","	81.1","	2026-07-28 16:35:06"
"	69BA0CDE","	Chamber1","	1","	B01??(%RH)","	81.1","	2026-07-28 16:35:04"
"	69BA0CDE","	Chamber1","	1","	B01??(?)","	4.7","	2026-07-28 16:35:04"
"	69BA0CDE","	Chamber1","	1","	B01??(%RH)","	81.1","	2026-07-28 16:35:02"
"	69BA0CDE","	Chamber1","	1","	B01??(?)","	4.7","	2026-07-28 16:35:01"
"	69BA0CDE","	Chamber1","	1","	B01??(?)","	4.7","	2026-07-28 16:34:59"
"	69BA0CDE","	Chamber1","	1","	B01??(%RH)","	81.1","	2026-07-28 16:34:59"
"	69BA0CDE","	Chamber1","	1","	B01??(?)","	4.7","	2026-07-28 16:34:57"
"	69BA0CDE","	Chamber1","	1","	B01??(%RH)","	81.1","	2026-07-28 16:34:57"
"	69BA0CDE","	Chamber1","	1","	B01??(%RH)","	81.1","	2026-07-28 16:34:55"
"	69BA0CDE","	Chamber1","	1","	B01??(?)","	4.7","	2026-07-28 16:34:54"
"	69BA0CDE","	Chamber1","	1","	B01??(?)","	4.7","	2026-07-28 16:34:52"
"	69BA0CDE","	Chamber1","	1","	B01??(%RH)","	81.1","	2026-07-28 16:34:52"
"	69BA0CDE","	Chamber1","	1","	B01??(%RH)","	81.1","	2026-07-28 16:34:50"
"	69BA0CDE","	Chamber1","	1","	B01??(?)","	4.7","	2026-07-28 16:34:49"
"	69BA0CDE","	Chamber1","	1","	B01??(%RH)","	81.1","	2026-07-28 16:34:47"
"	69BA0CDE","	Chamber1","	1","	B01??(?)","	4.7","	2026-07-28 16:34:47"
"	69BA0CDE","	Chamber1","	1","	B01??(?)","	4.7","	2026-07-28 16:34:45"
"	69BA0CDE","	Chamber1","	1","	B01??(%RH)","	81.1","	2026-07-28 16:34:45"
"	69BA0CDE","	Chamber1","	1","	B01??(%RH)","	81.1","	2026-07-28 16:34:43"
"	69BA0CDE","	Chamber1","	1","	B01??(?)","	4.7","	2026-07-28 16:34:42"
"	69BA0CDE","	Chamber1","	1","	B01??(%RH)","	81.1","	2026-07-28 16:34:40"
"	69BA0CDE","	Chamber1","	1","	B01??(?)","	4.7","	2026-07-28 16:34:40"
"	69BA0CDE","	Chamber1","	1","	B01??(%RH)","	81.1","	2026-07-28 16:34:38"
"	69BA0CDE","	Chamber1","	1","	B01??(?)","	4.7","	2026-07-28 16:34:37"
"	69BA0CDE","	Chamber1","	1","	B01??(%RH)","	81.1","	2026-07-28 16:34:35"
"	69BA0CDE","	Chamber1","	1","	B01??(?)","	4.7","	2026-07-28 16:34:35"
"	69BA0CDE","	Chamber1","	1","	B01??(?)","	4.7","	2026-07-28 16:34:33"
"	69BA0CDE","	Chamber1","	1","	B01??(%RH)","	81.1","	2026-07-28 16:34:33"
"	69BA0CDE","	Chamber1","	1","	B01??(%RH)","	81.1","	2026-07-28 16:34:30"
"	69BA0CDE","	Chamber1","	1","	B01??(?)","	4.7","	2026-07-28 16:34:30"
"	69BA0CDE","	Chamber1","	1","	B01??(?)","	4.7","	2026-07-28 16:34:28"
"	69BA0CDE","	Chamber1","	1","	B01??(%RH)","	81.1","	2026-07-28 16:34:28"
"	69BA0CDE","	Chamber1","	1","	B01??(%RH)","	81.1","	2026-07-28 16:34:26"
"	69BA0CDE","	Chamber1","	1","	B01??(?)","	4.7","	2026-07-28 16:34:25"
"	69BA0CDE","	Chamber1","	1","	B01??(?)","	4.7","	2026-07-28 16:34:23"
"	69BA0CDE","	Chamber1","	1","	B01??(%RH)","	81.1","	2026-07-28 16:34:23"
"	69BA0CDE","	Chamber1","	1","	B01??(?)","	4.7","	2026-07-28 16:34:21"
"	69BA0CDE","	Chamber1","	1","	B01??(%RH)","	81.1","	2026-07-28 16:34:21"
"	69BA0CDE","	Chamber1","	1","	B01??(%RH)","	81.1","	2026-07-28 16:34:19"
"	69BA0CDE","	Chamber1","	1","	B01??(?)","	4.7","	2026-07-28 16:34:18"
"	69BA0CDE","	Chamber1","	1","	B01??(?)","	4.7","	2026-07-28 16:34:16"
"	69BA0CDE","	Chamber1","	1","	B01??(%RH)","	81.1","	2026-07-28 16:34:16"
"	69BA0CDE","	Chamber1","	1","	B01??(?)","	4.7","	2026-07-28 16:34:14"
"	69BA0CDE","	Chamber1","	1","	B01??(%RH)","	81.1","	2026-07-28 16:34:14"
"	69BA0CDE","	Chamber1","	1","	B01??(%RH)","	81.1","	2026-07-28 16:34:12"
"	69BA0CDE","	Chamber1","	1","	B01??(?)","	4.7","	2026-07-28 16:34:11"
"	69BA0CDE","	Chamber1","	1","	B01??(?)","	4.7","	2026-07-28 16:34:09"
"	69BA0CDE","	Chamber1","	1","	B01??(%RH)","	81.1","	2026-07-28 16:34:09"
"	69BA0CDE","	Chamber1","	1","	B01??(%RH)","	81.1","	2026-07-28 16:34:07"
"	69BA0CDE","	Chamber1","	1","	B01??(?)","	4.7","	2026-07-28 16:34:06"
"	69BA0CDE","	Chamber1","	1","	B01??(%RH)","	81.1","	2026-07-28 16:34:04"
"	69BA0CDE","	Chamber1","	1","	B01??(?)","	4.7","	2026-07-28 16:34:04"
"	69BA0CDE","	Chamber1","	1","	B01??(%RH)","	81.1","	2026-07-28 16:34:02"
"	69BA0CDE","	Chamber1","	1","	B01??(?)","	4.7","	2026-07-28 16:34:01"
"	69BA0CDE","	Chamber1","	1","	B01??(%RH)","	81.1","	2026-07-28 16:33:59"
"	69BA0CDE","	Chamber1","	1","	B01??(?)","	4.7","	2026-07-28 16:33:59"
"	69BA0CDE","	Chamber1","	1","	B01??(?)","	4.7","	2026-07-28 16:33:57"
"	69BA0CDE","	Chamber1","	1","	B01??(%RH)","	81.1","	2026-07-28 16:33:57"
"	69BA0CDE","	Chamber1","	1","	B01??(%RH)","	81.1","	2026-07-28 16:33:55"
"	69BA0CDE","	Chamber1","	1","	B01??(?)","	4.7","	2026-07-28 16:33:54"
"	69BA0CDE","	Chamber1","	1","	B01??(?)","	4.7","	2026-07-28 16:33:52"
"	69BA0CDE","	Chamber1","	1","	B01??(%RH)","	81.1","	2026-07-28 16:33:52"
"	69BA0CDE","	Chamber1","	1","	B01??(%RH)","	81.1","	2026-07-28 16:33:50"
"	69BA0CDE","	Chamber1","	1","	B01??(?)","	4.7","	2026-07-28 16:33:49"
"	69BA0CDE","	Chamber1","	1","	B01??(%RH)","	81.1","	2026-07-28 16:33:47"
"	69BA0CDE","	Chamber1","	1","	B01??(?)","	4.7","	2026-07-28 16:33:47"
"	69BA0CDE","	Chamber1","	1","	B01??(?)","	4.7","	2026-07-28 16:33:45"
"	69BA0CDE","	Chamber1","	1","	B01??(%RH)","	81.1","	2026-07-28 16:33:45"
"	69BA0CDE","	Chamber1","	1","	B01??(?)","	4.7","	2026-07-28 16:33:42"
"	69BA0CDE","	Chamber1","	1","	B01??(%RH)","	81.1","	2026-07-28 16:33:42"
"	69BA0CDE","	Chamber1","	1","	B01??(?)","	4.7","	2026-07-28 16:33:40"
"	69BA0CDE","	Chamber1","	1","	B01??(%RH)","	81.1","	2026-07-28 16:33:40"
"	69BA0CDE","	Chamber1","	1","	B01??(%RH)","	81.1","	2026-07-28 16:33:38"
"	69BA0CDE","	Chamber1","	1","	B01??(?)","	4.7","	2026-07-28 16:33:37"
"	69BA0CDE","	Chamber1","	1","	B01??(?)","	4.7","	2026-07-28 16:33:35"
"	69BA0CDE","	Chamber1","	1","	B01??(%RH)","	81.1","	2026-07-28 16:33:35"
"	69BA0CDE","	Chamber1","	1","	B01??(?)","	4.7","	2026-07-28 16:33:33"
"	69BA0CDE","	Chamber1","	1","	B01??(%RH)","	81.1","	2026-07-28 16:33:33"
"	69BA0CDE","	Chamber1","	1","	B01??(?)","	4.7","	2026-07-28 16:33:31"
"	69BA0CDE","	Chamber1","	1","	B01??(%RH)","	81.1","	2026-07-28 16:33:31"
"	69BA0CDE","	Chamber1","	1","	B01??(%RH)","	81.1","	2026-07-28 16:33:29"
"	69BA0CDE","	Chamber1","	1","	B01??(?)","	4.7","	2026-07-28 16:33:28"
"	69BA0CDE","	Chamber1","	1","	B01??(?)","	4.7","	2026-07-28 16:33:26"
"	69BA0CDE","	Chamber1","	1","	B01??(%RH)","	81.1","	2026-07-28 16:33:26"
"	69BA0CDE","	Chamber1","	1","	B01??(?)","	4.7","	2026-07-28 16:33:24"
"	69BA0CDE","	Chamber1","	1","	B01??(%RH)","	81.1","	2026-07-28 16:33:24"
"	69BA0CDE","	Chamber1","	1","	B01??(%RH)","	81.1","	2026-07-28 16:33:22"
"	69BA0CDE","	Chamber1","	1","	B01??(?)","	4.7","	2026-07-28 16:33:21"
"	69BA0CDE","	Chamber1","	1","	B01??(?)","	4.7","	2026-07-28 16:33:19"
"	69BA0CDE","	Chamber1","	1","	B01??(%RH)","	81.1","	2026-07-28 16:33:19"
"	69BA0CDE","	Chamber1","	1","	B01??(?)","	4.7","	2026-07-28 16:33:17"
"	69BA0CDE","	Chamber1","	1","	B01??(%RH)","	81.1","	2026-07-28 16:33:17"
"	69BA0CDE","	Chamber1","	1","	B01??(%RH)","	81.1","	2026-07-28 16:33:15"
"	69BA0CDE","	Chamber1","	1","	B01??(?)","	4.7","	2026-07-28 16:33:14"
"	69BA0CDE","	Chamber1","	1","	B01??(?)","	4.7","	2026-07-28 16:33:12"
"	69BA0CDE","	Chamber1","	1","	B01??(%RH)","	81.1","	2026-07-28 16:33:12"
"	69BA0CDE","	Chamber1","	1","	B01??(?)","	4.7","	2026-07-28 16:33:10"
"	69BA0CDE","	Chamber1","	1","	B01??(%RH)","	81.1","	2026-07-28 16:33:10"
"	69BA0CDE","	Chamber1","	1","	B01??(?)","	4.7","	2026-07-28 16:33:08"
"	69BA0CDE","	Chamber1","	1","	B01??(%RH)","	81.1","	2026-07-28 16:33:08"
"	69BA0CDE","	Chamber1","	1","	B01??(%RH)","	81.1","	2026-07-28 16:33:06"
"	69BA0CDE","	Chamber1","	1","	B01??(?)","	4.7","	2026-07-28 16:33:05"
"	69BA0CDE","	Chamber1","	1","	B01??(?)","	4.7","	2026-07-28 16:33:03"
"	69BA0CDE","	Chamber1","	1","	B01??(%RH)","	81.1","	2026-07-28 16:33:03"
"	69BA0CDE","	Chamber1","	1","	B01??(?)","	4.7","	2026-07-28 16:33:01"
"	69BA0CDE","	Chamber1","	1","	B01??(%RH)","	81.1","	2026-07-28 16:33:01"
"	69BA0CDE","	Chamber1","	1","	B01??(%RH)","	81.1","	2026-07-28 16:32:59"
"	69BA0CDE","	Chamber1","	1","	B01??(?)","	4.7","	2026-07-28 16:32:58"
"	69BA0CDE","	Chamber1","	1","	B01??(?)","	4.7","	2026-07-28 16:32:56"
"	69BA0CDE","	Chamber1","	1","	B01??(%RH)","	81.1","	2026-07-28 16:32:56"
"	69BA0CDE","	Chamber1","	1","	B01??(?)","	4.7","	2026-07-28 16:32:54"
"	69BA0CDE","	Chamber1","	1","	B01??(%RH)","	81.1","	2026-07-28 16:32:54"
"	69BA0CDE","	Chamber1","	1","	B01??(?)","	4.7","	2026-07-28 16:32:52"
"	69BA0CDE","	Chamber1","	1","	B01??(%RH)","	81.1","	2026-07-28 16:32:52"
"	69BA0CDE","	Chamber1","	1","	B01??(%RH)","	81.1","	2026-07-28 16:32:50"
"	69BA0CDE","	Chamber1","	1","	B01??(?)","	4.7","	2026-07-28 16:32:49"
"	69BA0CDE","	Chamber1","	1","	B01??(?)","	4.7","	2026-07-28 16:32:47"
"	69BA0CDE","	Chamber1","	1","	B01??(%RH)","	81.1","	2026-07-28 16:32:47"
"	69BA0CDE","	Chamber1","	1","	B01??(?)","	4.7","	2026-07-28 16:32:45"
"	69BA0CDE","	Chamber1","	1","	B01??(%RH)","	81.1","	2026-07-28 16:32:45"
"	69BA0CDE","	Chamber1","	1","	B01??(%RH)","	81.1","	2026-07-28 16:32:43"
"	69BA0CDE","	Chamber1","	1","	B01??(?)","	4.7","	2026-07-28 16:32:42"
"	69BA0CDE","	Chamber1","	1","	B01??(?)","	4.7","	2026-07-28 16:32:40"
"	69BA0CDE","	Chamber1","	1","	B01??(%RH)","	81.1","	2026-07-28 16:32:40"
"	69BA0CDE","	Chamber1","	1","	B01??(?)","	4.7","	2026-07-28 16:32:38"
"	69BA0CDE","	Chamber1","	1","	B01??(%RH)","	81.1","	2026-07-28 16:32:38"
"	69BA0CDE","	Chamber1","	1","	B01??(?)","	4.7","	2026-07-28 16:32:36"
"	69BA0CDE","	Chamber1","	1","	B01??(%RH)","	81.2","	2026-07-28 16:32:36"
"	69BA0CDE","	Chamber1","	1","	B01??(%RH)","	81.1","	2026-07-28 16:32:34"
"	69BA0CDE","	Chamber1","	1","	B01??(?)","	4.7","	2026-07-28 16:32:33"
"	69BA0CDE","	Chamber1","	1","	B01??(?)","	4.7","	2026-07-28 16:32:31"
"	69BA0CDE","	Chamber1","	1","	B01??(%RH)","	81.1","	2026-07-28 16:32:31"
"	69BA0CDE","	Chamber1","	1","	B01??(?)","	4.7","	2026-07-28 16:32:29"
"	69BA0CDE","	Chamber1","	1","	B01??(%RH)","	81.1","	2026-07-28 16:32:29"
"	69BA0CDE","	Chamber1","	1","	B01??(%RH)","	81.1","	2026-07-28 16:32:27"
"	69BA0CDE","	Chamber1","	1","	B01??(?)","	4.7","	2026-07-28 16:32:26"
"	69BA0CDE","	Chamber1","	1","	B01??(?)","	4.7","	2026-07-28 16:32:24"
"	69BA0CDE","	Chamber1","	1","	B01??(%RH)","	81.1","	2026-07-28 16:32:24"
"	69BA0CDE","	Chamber1","	1","	B01??(?)","	4.7","	2026-07-28 16:32:22"
"	69BA0CDE","	Chamber1","	1","	B01??(%RH)","	81.1","	2026-07-28 16:32:22"
"	69BA0CDE","	Chamber1","	1","	B01??(?)","	4.7","	2026-07-28 16:32:20"
"	69BA0CDE","	Chamber1","	1","	B01??(%RH)","	81.1","	2026-07-28 16:32:20"
"	69BA0CDE","	Chamber1","	1","	B01??(%RH)","	81.1","	2026-07-28 16:32:18"
"	69BA0CDE","	Chamber1","	1","	B01??(?)","	4.7","	2026-07-28 16:32:17"
"	69BA0CDE","	Chamber1","	1","	B01??(?)","	4.7","	2026-07-28 16:32:15"
"	69BA0CDE","	Chamber1","	1","	B01??(%RH)","	81.1","	2026-07-28 16:32:15"
"	69BA0CDE","	Chamber1","	1","	B01??(?)","	4.7","	2026-07-28 16:32:13"
"	69BA0CDE","	Chamber1","	1","	B01??(%RH)","	81.1","	2026-07-28 16:32:13"
"	69BA0CDE","	Chamber1","	1","	B01??(?)","	4.7","	2026-07-28 16:32:11"
"	69BA0CDE","	Chamber1","	1","	B01??(%RH)","	81.1","	2026-07-28 16:32:11"
"	69BA0CDE","	Chamber1","	1","	B01??(?)","	4.7","	2026-07-28 16:32:08"
"	69BA0CDE","	Chamber1","	1","	B01??(%RH)","	81.1","	2026-07-28 16:32:08"
"	69BA0CDE","	Chamber1","	1","	B01??(?)","	4.7","	2026-07-28 16:32:06"
"	69BA0CDE","	Chamber1","	1","	B01??(%RH)","	81.1","	2026-07-28 16:32:06"
"	69BA0CDE","	Chamber1","	1","	B01??(?)","	4.7","	2026-07-28 16:32:04"
"	69BA0CDE","	Chamber1","	1","	B01??(%RH)","	81.1","	2026-07-28 16:32:04"
"	69BA0CDE","	Chamber1","	1","	B01??(%RH)","	81.1","	2026-07-28 16:32:02"
"	69BA0CDE","	Chamber1","	1","	B01??(?)","	4.7","	2026-07-28 16:32:01"
"	69BA0CDE","	Chamber1","	1","	B01??(?)","	4.7","	2026-07-28 16:31:59"
"	69BA0CDE","	Chamber1","	1","	B01??(%RH)","	81.1","	2026-07-28 16:31:59"
"	69BA0CDE","	Chamber1","	1","	B01??(?)","	4.7","	2026-07-28 16:31:57"
"	69BA0CDE","	Chamber1","	1","	B01??(%RH)","	81.1","	2026-07-28 16:31:57"
"	69BA0CDE","	Chamber1","	1","	B01??(?)","	4.7","	2026-07-28 16:31:55"
"	69BA0CDE","	Chamber1","	1","	B01??(%RH)","	81.1","	2026-07-28 16:31:55"
"	69BA0CDE","	Chamber1","	1","	B01??(%RH)","	81.1","	2026-07-28 16:31:53"
"	69BA0CDE","	Chamber1","	1","	B01??(?)","	4.6","	2026-07-28 16:31:52"
"	69BA0CDE","	Chamber1","	1","	B01??(?)","	4.7","	2026-07-28 16:31:50"
"	69BA0CDE","	Chamber1","	1","	B01??(%RH)","	81.1","	2026-07-28 16:31:50"
"	69BA0CDE","	Chamber1","	1","	B01??(?)","	4.6","	2026-07-28 16:31:48"
"	69BA0CDE","	Chamber1","	1","	B01??(%RH)","	81.1","	2026-07-28 16:31:48"
"	69BA0CDE","	Chamber1","	1","	B01??(%RH)","	81.1","	2026-07-28 16:31:46"
"	69BA0CDE","	Chamber1","	1","	B01??(?)","	4.7","	2026-07-28 16:31:45"
"	69BA0CDE","	Chamber1","	1","	B01??(?)","	4.7","	2026-07-28 16:31:43"
"	69BA0CDE","	Chamber1","	1","	B01??(%RH)","	81.1","	2026-07-28 16:31:43"
"	69BA0CDE","	Chamber1","	1","	B01??(?)","	4.7","	2026-07-28 16:31:41"
"	69BA0CDE","	Chamber1","	1","	B01??(%RH)","	81.1","	2026-07-28 16:31:41"
"	69BA0CDE","	Chamber1","	1","	B01??(?)","	4.7","	2026-07-28 16:31:39"
"	69BA0CDE","	Chamber1","	1","	B01??(%RH)","	81.1","	2026-07-28 16:31:39"
"	69BA0CDE","	Chamber1","	1","	B01??(%RH)","	81.1","	2026-07-28 16:31:37"
"	69BA0CDE","	Chamber1","	1","	B01??(?)","	4.7","	2026-07-28 16:31:36"
"	69BA0CDE","	Chamber1","	1","	B01??(?)","	4.6","	2026-07-28 16:31:34"
"	69BA0CDE","	Chamber1","	1","	B01??(%RH)","	81.1","	2026-07-28 16:31:34"
"	69BA0CDE","	Chamber1","	1","	B01??(?)","	4.7","	2026-07-28 16:31:32"
"	69BA0CDE","	Chamber1","	1","	B01??(%RH)","	81.1","	2026-07-28 16:31:32"
"	69BA0CDE","	Chamber1","	1","	B01??(%RH)","	81.1","	2026-07-28 16:31:30"
"	69BA0CDE","	Chamber1","	1","	B01??(?)","	4.7","	2026-07-28 16:31:29"
"	69BA0CDE","	Chamber1","	1","	B01??(?)","	4.7","	2026-07-28 16:31:27"
"	69BA0CDE","	Chamber1","	1","	B01??(%RH)","	81.1","	2026-07-28 16:31:27"
"	69BA0CDE","	Chamber1","	1","	B01??(?)","	4.6","	2026-07-28 16:31:25"
"	69BA0CDE","	Chamber1","	1","	B01??(%RH)","	81.1","	2026-07-28 16:31:25"
"	69BA0CDE","	Chamber1","	1","	B01??(?)","	4.7","	2026-07-28 16:31:23"
"	69BA0CDE","	Chamber1","	1","	B01??(%RH)","	81.1","	2026-07-28 16:31:23"
"	69BA0CDE","	Chamber1","	1","	B01??(%RH)","	81.1","	2026-07-28 16:31:21"
"	69BA0CDE","	Chamber1","	1","	B01??(?)","	4.7","	2026-07-28 16:31:20"
"	69BA0CDE","	Chamber1","	1","	B01??(?)","	4.7","	2026-07-28 16:31:18"
"	69BA0CDE","	Chamber1","	1","	B01??(%RH)","	81.1","	2026-07-28 16:31:18"
"	69BA0CDE","	Chamber1","	1","	B01??(?)","	4.7","	2026-07-28 16:31:16"
"	69BA0CDE","	Chamber1","	1","	B01??(%RH)","	81.1","	2026-07-28 16:31:16"
"	69BA0CDE","	Chamber1","	1","	B01??(%RH)","	81.2","	2026-07-28 16:31:14"
"	69BA0CDE","	Chamber1","	1","	B01??(?)","	4.7","	2026-07-28 16:31:13"
"	69BA0CDE","	Chamber1","	1","	B01??(?)","	4.7","	2026-07-28 16:31:11"
"	69BA0CDE","	Chamber1","	1","	B01??(%RH)","	81.1","	2026-07-28 16:31:11"
"	69BA0CDE","	Chamber1","	1","	B01??(?)","	4.7","	2026-07-28 16:31:09"
"	69BA0CDE","	Chamber1","	1","	B01??(%RH)","	81.1","	2026-07-28 16:31:09"
"	69BA0CDE","	Chamber1","	1","	B01??(?)","	4.6","	2026-07-28 16:31:07"
"	69BA0CDE","	Chamber1","	1","	B01??(%RH)","	81.1","	2026-07-28 16:31:07"
"	69BA0CDE","	Chamber1","	1","	B01??(%RH)","	81.1","	2026-07-28 16:31:05"
"	69BA0CDE","	Chamber1","	1","	B01??(?)","	4.7","	2026-07-28 16:31:04"
"	69BA0CDE","	Chamber1","	1","	B01??(?)","	4.7","	2026-07-28 16:31:02"
"	69BA0CDE","	Chamber1","	1","	B01??(%RH)","	81.1","	2026-07-28 16:31:02"
"	69BA0CDE","	Chamber1","	1","	B01??(?)","	4.7","	2026-07-28 16:31:00"
"	69BA0CDE","	Chamber1","	1","	B01??(%RH)","	81.1","	2026-07-28 16:31:00"
"	69BA0CDE","	Chamber1","	1","	B01??(%RH)","	81.1","	2026-07-28 16:30:58"
"	69BA0CDE","	Chamber1","	1","	B01??(?)","	4.7","	2026-07-28 16:30:57"
"	69BA0CDE","	Chamber1","	1","	B01??(?)","	4.6","	2026-07-28 16:30:55"
"	69BA0CDE","	Chamber1","	1","	B01??(%RH)","	81.1","	2026-07-28 16:30:55"
"	69BA0CDE","	Chamber1","	1","	B01??(?)","	4.7","	2026-07-28 16:30:53"
"	69BA0CDE","	Chamber1","	1","	B01??(%RH)","	81.1","	2026-07-28 16:30:53"
"	69BA0CDE","	Chamber1","	1","	B01??(?)","	4.6","	2026-07-28 16:30:51"
"	69BA0CDE","	Chamber1","	1","	B01??(%RH)","	81.1","	2026-07-28 16:30:51"
"	69BA0CDE","	Chamber1","	1","	B01??(%RH)","	81.1","	2026-07-28 16:30:49"
"	69BA0CDE","	Chamber1","	1","	B01??(?)","	4.7","	2026-07-28 16:30:48"
"	69BA0CDE","	Chamber1","	1","	B01??(?)","	4.6","	2026-07-28 16:30:46"
"	69BA0CDE","	Chamber1","	1","	B01??(%RH)","	81.1","	2026-07-28 16:30:46"
"	69BA0CDE","	Chamber1","	1","	B01??(?)","	4.7","	2026-07-28 16:30:44"
"	69BA0CDE","	Chamber1","	1","	B01??(%RH)","	81.1","	2026-07-28 16:30:44"
"	69BA0CDE","	Chamber1","	1","	B01??(%RH)","	81.1","	2026-07-28 16:30:42"
"	69BA0CDE","	Chamber1","	1","	B01??(?)","	4.6","	2026-07-28 16:30:41"
"	69BA0CDE","	Chamber1","	1","	B01??(?)","	4.6","	2026-07-28 16:30:39"
"	69BA0CDE","	Chamber1","	1","	B01??(%RH)","	81.1","	2026-07-28 16:30:39"
"	69BA0CDE","	Chamber1","	1","	B01??(?)","	4.6","	2026-07-28 16:30:37"
"	69BA0CDE","	Chamber1","	1","	B01??(%RH)","	81.1","	2026-07-28 16:30:37"
"	69BA0CDE","	Chamber1","	1","	B01??(?)","	4.7","	2026-07-28 16:30:35"
"	69BA0CDE","	Chamber1","	1","	B01??(%RH)","	81.1","	2026-07-28 16:30:35"
"	69BA0CDE","	Chamber1","	1","	B01??(%RH)","	81.2","	2026-07-28 16:30:33"
"	69BA0CDE","	Chamber1","	1","	B01??(?)","	4.7","	2026-07-28 16:30:32"
"	69BA0CDE","	Chamber1","	1","	B01??(?)","	4.7","	2026-07-28 16:30:30"
"	69BA0CDE","	Chamber1","	1","	B01??(%RH)","	81.1","	2026-07-28 16:30:30"
"	69BA0CDE","	Chamber1","	1","	B01??(?)","	4.6","	2026-07-28 16:30:28"
"	69BA0CDE","	Chamber1","	1","	B01??(%RH)","	81.1","	2026-07-28 16:30:28"
"	69BA0CDE","	Chamber1","	1","	B01??(?)","	4.6","	2026-07-28 16:30:26"
"	69BA0CDE","	Chamber1","	1","	B01??(%RH)","	81.1","	2026-07-28 16:30:26"
"	69BA0CDE","	Chamber1","	1","	B01??(%RH)","	81.1","	2026-07-28 16:30:24"
"	69BA0CDE","	Chamber1","	1","	B01??(?)","	4.6","	2026-07-28 16:30:23"
"	69BA0CDE","	Chamber1","	1","	B01??(?)","	4.6","	2026-07-28 16:30:21"
"	69BA0CDE","	Chamber1","	1","	B01??(%RH)","	81.1","	2026-07-28 16:30:21"
"	69BA0CDE","	Chamber1","	1","	B01??(?)","	4.7","	2026-07-28 16:30:19"
"	69BA0CDE","	Chamber1","	1","	B01??(%RH)","	81.1","	2026-07-28 16:30:19"
"	69BA0CDE","	Chamber1","	1","	B01??(%RH)","	81.2","	2026-07-28 16:30:17"
"	69BA0CDE","	Chamber1","	1","	B01??(?)","	4.7","	2026-07-28 16:30:16"
"	69BA0CDE","	Chamber1","	1","	B01??(?)","	4.7","	2026-07-28 16:30:14"
"	69BA0CDE","	Chamber1","	1","	B01??(%RH)","	81.1","	2026-07-28 16:30:14"
"	69BA0CDE","	Chamber1","	1","	B01??(?)","	4.6","	2026-07-28 16:30:12"
"	69BA0CDE","	Chamber1","	1","	B01??(%RH)","	81.1","	2026-07-28 16:30:12"
"	69BA0CDE","	Chamber1","	1","	B01??(?)","	4.6","	2026-07-28 16:30:10"
"	69BA0CDE","	Chamber1","	1","	B01??(%RH)","	81.1","	2026-07-28 16:30:10"
"	69BA0CDE","	Chamber1","	1","	B01??(%RH)","	81.1","	2026-07-28 16:30:08"
"	69BA0CDE","	Chamber1","	1","	B01??(?)","	4.6","	2026-07-28 16:30:07"
"	69BA0CDE","	Chamber1","	1","	B01??(?)","	4.6","	2026-07-28 16:30:05"
"	69BA0CDE","	Chamber1","	1","	B01??(%RH)","	81.1","	2026-07-28 16:30:05"
"	69BA0CDE","	Chamber1","	1","	B01??(?)","	4.7","	2026-07-28 16:30:03"
"	69BA0CDE","	Chamber1","	1","	B01??(%RH)","	81.1","	2026-07-28 16:30:03"
"	69BA0CDE","	Chamber1","	1","	B01??(?)","	4.7","	2026-07-28 16:30:01"
"	69BA0CDE","	Chamber1","	1","	B01??(%RH)","	81.1","	2026-07-28 16:30:01"
"	69BA0CDE","	Chamber1","	1","	B01??(%RH)","	81.1","	2026-07-28 16:29:59"
"	69BA0CDE","	Chamber1","	1","	B01??(?)","	4.7","	2026-07-28 16:29:58"
"	69BA0CDE","	Chamber1","	1","	B01??(?)","	4.6","	2026-07-28 16:29:56"
"	69BA0CDE","	Chamber1","	1","	B01??(%RH)","	81.1","	2026-07-28 16:29:56"
"	69BA0CDE","	Chamber1","	1","	B01??(?)","	4.6","	2026-07-28 16:29:54"
"	69BA0CDE","	Chamber1","	1","	B01??(%RH)","	81.1","	2026-07-28 16:29:54"
"	69BA0CDE","	Chamber1","	1","	B01??(?)","	4.7","	2026-07-28 16:29:52"
"	69BA0CDE","	Chamber1","	1","	B01??(%RH)","	81.1","	2026-07-28 16:29:52"
"	69BA0CDE","	Chamber1","	1","	B01??(%RH)","	81.1","	2026-07-28 16:29:50"
"	69BA0CDE","	Chamber1","	1","	B01??(?)","	4.6","	2026-07-28 16:29:49"
"	69BA0CDE","	Chamber1","	1","	B01??(?)","	4.6","	2026-07-28 16:29:47"
"	69BA0CDE","	Chamber1","	1","	B01??(%RH)","	81.1","	2026-07-28 16:29:47"
"	69BA0CDE","	Chamber1","	1","	B01??(?)","	4.6","	2026-07-28 16:29:45"
"	69BA0CDE","	Chamber1","	1","	B01??(%RH)","	81.1","	2026-07-28 16:29:45"
"	69BA0CDE","	Chamber1","	1","	B01??(?)","	4.7","	2026-07-28 16:29:43"
"	69BA0CDE","	Chamber1","	1","	B01??(%RH)","	81.1","	2026-07-28 16:29:43"
"	69BA0CDE","	Chamber1","	1","	B01??(?)","	4.6","	2026-07-28 16:29:40"
"	69BA0CDE","	Chamber1","	1","	B01??(%RH)","	81.1","	2026-07-28 16:29:40"
"	69BA0CDE","	Chamber1","	1","	B01??(?)","	4.7","	2026-07-28 16:29:38"
"	69BA0CDE","	Chamber1","	1","	B01??(%RH)","	81.2","	2026-07-28 16:29:38"
"	69BA0CDE","	Chamber1","	1","	B01??(?)","	4.6","	2026-07-28 16:29:36"
"	69BA0CDE","	Chamber1","	1","	B01??(%RH)","	81.1","	2026-07-28 16:29:36"
"	69BA0CDE","	Chamber1","	1","	B01??(%RH)","	81.1","	2026-07-28 16:29:34"
"	69BA0CDE","	Chamber1","	1","	B01??(?)","	4.6","	2026-07-28 16:29:33"
"	69BA0CDE","	Chamber1","	1","	B01??(?)","	4.6","	2026-07-28 16:29:31"
"	69BA0CDE","	Chamber1","	1","	B01??(%RH)","	81.2","	2026-07-28 16:29:31"
"	69BA0CDE","	Chamber1","	1","	B01??(?)","	4.6","	2026-07-28 16:29:29"
"	69BA0CDE","	Chamber1","	1","	B01??(%RH)","	81.1","	2026-07-28 16:29:29"
"	69BA0CDE","	Chamber1","	1","	B01??(?)","	4.6","	2026-07-28 16:29:27"
"	69BA0CDE","	Chamber1","	1","	B01??(%RH)","	81.2","	2026-07-28 16:29:27"
"	69BA0CDE","	Chamber1","	1","	B01??(%RH)","	81.1","	2026-07-28 16:29:25"
"	69BA0CDE","	Chamber1","	1","	B01??(?)","	4.6","	2026-07-28 16:29:24"
"	69BA0CDE","	Chamber1","	1","	B01??(?)","	4.6","	2026-07-28 16:29:22"
"	69BA0CDE","	Chamber1","	1","	B01??(%RH)","	81.1","	2026-07-28 16:29:22"
"	69BA0CDE","	Chamber1","	1","	B01??(?)","	4.6","	2026-07-28 16:29:20"
"	69BA0CDE","	Chamber1","	1","	B01??(%RH)","	81.1","	2026-07-28 16:29:20"
"	69BA0CDE","	Chamber1","	1","	B01??(?)","	4.6","	2026-07-28 16:29:18"
"	69BA0CDE","	Chamber1","	1","	B01??(%RH)","	81.1","	2026-07-28 16:29:18"
"	69BA0CDE","	Chamber1","	1","	B01??(%RH)","	81.1","	2026-07-28 16:29:16"
"	69BA0CDE","	Chamber1","	1","	B01??(?)","	4.6","	2026-07-28 16:29:15"
"	69BA0CDE","	Chamber1","	1","	B01??(?)","	4.6","	2026-07-28 16:29:13"
"	69BA0CDE","	Chamber1","	1","	B01??(%RH)","	81.1","	2026-07-28 16:29:13"
"	69BA0CDE","	Chamber1","	1","	B01??(?)","	4.6","	2026-07-28 16:29:11"
"	69BA0CDE","	Chamber1","	1","	B01??(%RH)","	81.1","	2026-07-28 16:29:11"
"	69BA0CDE","	Chamber1","	1","	B01??(?)","	4.7","	2026-07-28 16:29:09"
"	69BA0CDE","	Chamber1","	1","	B01??(%RH)","	81.1","	2026-07-28 16:29:09"
"	69BA0CDE","	Chamber1","	1","	B01??(%RH)","	81.1","	2026-07-28 16:29:07"
"	69BA0CDE","	Chamber1","	1","	B01??(?)","	4.6","	2026-07-28 16:29:06"
"	69BA0CDE","	Chamber1","	1","	B01??(?)","	4.6","	2026-07-28 16:29:04"
"	69BA0CDE","	Chamber1","	1","	B01??(%RH)","	81.2","	2026-07-28 16:29:04"
"	69BA0CDE","	Chamber1","	1","	B01??(?)","	4.6","	2026-07-28 16:29:02"
"	69BA0CDE","	Chamber1","	1","	B01??(%RH)","	81.1","	2026-07-28 16:29:02"
"	69BA0CDE","	Chamber1","	1","	B01??(%RH)","	81.2","	2026-07-28 16:29:00"
"	69BA0CDE","	Chamber1","	1","	B01??(?)","	4.6","	2026-07-28 16:28:59"
"	69BA0CDE","	Chamber1","	1","	B01??(?)","	4.6","	2026-07-28 16:28:57"
"	69BA0CDE","	Chamber1","	1","	B01??(%RH)","	81.1","	2026-07-28 16:28:57"
"	69BA0CDE","	Chamber1","	1","	B01??(?)","	4.6","	2026-07-28 16:28:55"
"	69BA0CDE","	Chamber1","	1","	B01??(%RH)","	81.1","	2026-07-28 16:28:55"
"	69BA0CDE","	Chamber1","	1","	B01??(?)","	4.6","	2026-07-28 16:28:53"
"	69BA0CDE","	Chamber1","	1","	B01??(%RH)","	81.1","	2026-07-28 16:28:53"
"	69BA0CDE","	Chamber1","	1","	B01??(%RH)","	81.1","	2026-07-28 16:28:51"
"	69BA0CDE","	Chamber1","	1","	B01??(?)","	4.6","	2026-07-28 16:28:50"
"	69BA0CDE","	Chamber1","	1","	B01??(?)","	4.6","	2026-07-28 16:28:48"
"	69BA0CDE","	Chamber1","	1","	B01??(%RH)","	81.1","	2026-07-28 16:28:48"
"	69BA0CDE","	Chamber1","	1","	B01??(?)","	4.6","	2026-07-28 16:28:46"
"	69BA0CDE","	Chamber1","	1","	B01??(%RH)","	81.1","	2026-07-28 16:28:46"
"	69BA0CDE","	Chamber1","	1","	B01??(?)","	4.6","	2026-07-28 16:28:44"
"	69BA0CDE","	Chamber1","	1","	B01??(%RH)","	81.1","	2026-07-28 16:28:44"
"	69BA0CDE","	Chamber1","	1","	B01??(%RH)","	81.1","	2026-07-28 16:28:42"
"	69BA0CDE","	Chamber1","	1","	B01??(?)","	4.6","	2026-07-28 16:28:41"
"	69BA0CDE","	Chamber1","	1","	B01??(?)","	4.6","	2026-07-28 16:28:39"
"	69BA0CDE","	Chamber1","	1","	B01??(%RH)","	81.1","	2026-07-28 16:28:39"
"	69BA0CDE","	Chamber1","	1","	B01??(?)","	4.6","	2026-07-28 16:28:37"
"	69BA0CDE","	Chamber1","	1","	B01??(%RH)","	81.1","	2026-07-28 16:28:37"
"	69BA0CDE","	Chamber1","	1","	B01??(?)","	4.6","	2026-07-28 16:28:35"
"	69BA0CDE","	Chamber1","	1","	B01??(%RH)","	81.2","	2026-07-28 16:28:35"
"	69BA0CDE","	Chamber1","	1","	B01??(%RH)","	81.1","	2026-07-28 16:28:33"
"	69BA0CDE","	Chamber1","	1","	B01??(?)","	4.6","	2026-07-28 16:28:32"
"	69BA0CDE","	Chamber1","	1","	B01??(?)","	4.6","	2026-07-28 16:28:30"
"	69BA0CDE","	Chamber1","	1","	B01??(%RH)","	81.1","	2026-07-28 16:28:30"
"	69BA0CDE","	Chamber1","	1","	B01??(?)","	4.6","	2026-07-28 16:28:28"
"	69BA0CDE","	Chamber1","	1","	B01??(%RH)","	81.1","	2026-07-28 16:28:28"
"	69BA0CDE","	Chamber1","	1","	B01??(%RH)","	81.2","	2026-07-28 16:28:26"
"	69BA0CDE","	Chamber1","	1","	B01??(?)","	4.6","	2026-07-28 16:28:25"
"	69BA0CDE","	Chamber1","	1","	B01??(?)","	4.6","	2026-07-28 16:28:23"
"	69BA0CDE","	Chamber1","	1","	B01??(%RH)","	81.1","	2026-07-28 16:28:23"
"	69BA0CDE","	Chamber1","	1","	B01??(?)","	4.6","	2026-07-28 16:28:21"
"	69BA0CDE","	Chamber1","	1","	B01??(%RH)","	81.1","	2026-07-28 16:28:21"
"	69BA0CDE","	Chamber1","	1","	B01??(?)","	4.6","	2026-07-28 16:28:19"
"	69BA0CDE","	Chamber1","	1","	B01??(%RH)","	81.1","	2026-07-28 16:28:19"
"	69BA0CDE","	Chamber1","	1","	B01??(%RH)","	81.1","	2026-07-28 16:28:17"
"	69BA0CDE","	Chamber1","	1","	B01??(?)","	4.7","	2026-07-28 16:28:16"
"	69BA0CDE","	Chamber1","	1","	B01??(?)","	4.6","	2026-07-28 16:28:14"
"	69BA0CDE","	Chamber1","	1","	B01??(%RH)","	81.2","	2026-07-28 16:28:14"
"	69BA0CDE","	Chamber1","	1","	B01??(?)","	4.6","	2026-07-28 16:28:12"
"	69BA0CDE","	Chamber1","	1","	B01??(%RH)","	81.1","	2026-07-28 16:28:12"
"	69BA0CDE","	Chamber1","	1","	B01??(?)","	4.6","	2026-07-28 16:28:10"
"	69BA0CDE","	Chamber1","	1","	B01??(%RH)","	81.1","	2026-07-28 16:28:10"
"	69BA0CDE","	Chamber1","	1","	B01??(%RH)","	81.2","	2026-07-28 16:28:08"
"	69BA0CDE","	Chamber1","	1","	B01??(?)","	4.6","	2026-07-28 16:28:07"
"	69BA0CDE","	Chamber1","	1","	B01??(?)","	4.6","	2026-07-28 16:28:05"
"	69BA0CDE","	Chamber1","	1","	B01??(%RH)","	81.1","	2026-07-28 16:28:05"
"	69BA0CDE","	Chamber1","	1","	B01??(?)","	4.6","	2026-07-28 16:28:03"
"	69BA0CDE","	Chamber1","	1","	B01??(%RH)","	81.1","	2026-07-28 16:28:03"
"	69BA0CDE","	Chamber1","	1","	B01??(?)","	4.6","	2026-07-28 16:28:01"
"	69BA0CDE","	Chamber1","	1","	B01??(%RH)","	81.1","	2026-07-28 16:28:01"
"	69BA0CDE","	Chamber1","	1","	B01??(%RH)","	81.1","	2026-07-28 16:27:59"
"	69BA0CDE","	Chamber1","	1","	B01??(?)","	4.6","	2026-07-28 16:27:58"
"	69BA0CDE","	Chamber1","	1","	B01??(?)","	4.6","	2026-07-28 16:27:56"
"	69BA0CDE","	Chamber1","	1","	B01??(%RH)","	81.2","	2026-07-28 16:27:56"
"	69BA0CDE","	Chamber1","	1","	B01??(?)","	4.6","	2026-07-28 16:27:54"
"	69BA0CDE","	Chamber1","	1","	B01??(%RH)","	81.2","	2026-07-28 16:27:54"
"	69BA0CDE","	Chamber1","	1","	B01??(?)","	4.6","	2026-07-28 16:27:52"
"	69BA0CDE","	Chamber1","	1","	B01??(%RH)","	81.1","	2026-07-28 16:27:52"
"	69BA0CDE","	Chamber1","	1","	B01??(%RH)","	81.1","	2026-07-28 16:27:50"
"	69BA0CDE","	Chamber1","	1","	B01??(?)","	4.6","	2026-07-28 16:27:49"
"	69BA0CDE","	Chamber1","	1","	B01??(?)","	4.6","	2026-07-28 16:27:47"
"	69BA0CDE","	Chamber1","	1","	B01??(%RH)","	81.1","	2026-07-28 16:27:47"
"	69BA0CDE","	Chamber1","	1","	B01??(?)","	4.6","	2026-07-28 16:27:45"
"	69BA0CDE","	Chamber1","	1","	B01??(%RH)","	81.1","	2026-07-28 16:27:45"
"	69BA0CDE","	Chamber1","	1","	B01??(?)","	4.6","	2026-07-28 16:27:43"
"	69BA0CDE","	Chamber1","	1","	B01??(%RH)","	81.2","	2026-07-28 16:27:43"
"	69BA0CDE","	Chamber1","	1","	B01??(%RH)","	81.2","	2026-07-28 16:27:41"
"	69BA0CDE","	Chamber1","	1","	B01??(?)","	4.6","	2026-07-28 16:27:40"
"	69BA0CDE","	Chamber1","	1","	B01??(?)","	4.6","	2026-07-28 16:27:38"
"	69BA0CDE","	Chamber1","	1","	B01??(%RH)","	81.1","	2026-07-28 16:27:38"
"	69BA0CDE","	Chamber1","	1","	B01??(?)","	4.6","	2026-07-28 16:27:36"
"	69BA0CDE","	Chamber1","	1","	B01??(%RH)","	81.1","	2026-07-28 16:27:36"
"	69BA0CDE","	Chamber1","	1","	B01??(?)","	4.6","	2026-07-28 16:27:34"
"	69BA0CDE","	Chamber1","	1","	B01??(%RH)","	81.1","	2026-07-28 16:27:34"
"	69BA0CDE","	Chamber1","	1","	B01??(%RH)","	81.1","	2026-07-28 16:27:32"
"	69BA0CDE","	Chamber1","	1","	B01??(?)","	4.6","	2026-07-28 16:27:31"
"	69BA0CDE","	Chamber1","	1","	B01??(?)","	4.6","	2026-07-28 16:27:29"
"	69BA0CDE","	Chamber1","	1","	B01??(%RH)","	81.1","	2026-07-28 16:27:29"
"	69BA0CDE","	Chamber1","	1","	B01??(?)","	4.6","	2026-07-28 16:27:27"
"	69BA0CDE","	Chamber1","	1","	B01??(%RH)","	81.1","	2026-07-28 16:27:27"
"	69BA0CDE","	Chamber1","	1","	B01??(?)","	4.6","	2026-07-28 16:27:25"
"	69BA0CDE","	Chamber1","	1","	B01??(%RH)","	81.1","	2026-07-28 16:27:25"
"	69BA0CDE","	Chamber1","	1","	B01??(?)","	4.6","	2026-07-28 16:27:22"
"	69BA0CDE","	Chamber1","	1","	B01??(%RH)","	81.1","	2026-07-28 16:27:22"
"	69BA0CDE","	Chamber1","	1","	B01??(?)","	4.6","	2026-07-28 16:27:20"
"	69BA0CDE","	Chamber1","	1","	B01??(%RH)","	81.1","	2026-07-28 16:27:20"
"	69BA0CDE","	Chamber1","	1","	B01??(?)","	4.6","	2026-07-28 16:27:18"
"	69BA0CDE","	Chamber1","	1","	B01??(%RH)","	81.1","	2026-07-28 16:27:18"
"	69BA0CDE","	Chamber1","	1","	B01??(%RH)","	81.1","	2026-07-28 16:27:16"
"	69BA0CDE","	Chamber1","	1","	B01??(?)","	4.6","	2026-07-28 16:27:15"
"	69BA0CDE","	Chamber1","	1","	B01??(?)","	4.6","	2026-07-28 16:27:13"
"	69BA0CDE","	Chamber1","	1","	B01??(%RH)","	81.2","	2026-07-28 16:27:13"
"	69BA0CDE","	Chamber1","	1","	B01??(?)","	4.6","	2026-07-28 16:27:11"
"	69BA0CDE","	Chamber1","	1","	B01??(%RH)","	81.1","	2026-07-28 16:27:11"
"	69BA0CDE","	Chamber1","	1","	B01??(?)","	4.6","	2026-07-28 16:27:09"
"	69BA0CDE","	Chamber1","	1","	B01??(%RH)","	81.1","	2026-07-28 16:27:09"
"	69BA0CDE","	Chamber1","	1","	B01??(%RH)","	81.1","	2026-07-28 16:27:07"
"	69BA0CDE","	Chamber1","	1","	B01??(?)","	4.6","	2026-07-28 16:27:06"
"	69BA0CDE","	Chamber1","	1","	B01??(?)","	4.6","	2026-07-28 16:27:04"
"	69BA0CDE","	Chamber1","	1","	B01??(%RH)","	81.1","	2026-07-28 16:27:04"
"	69BA0CDE","	Chamber1","	1","	B01??(?)","	4.6","	2026-07-28 16:27:02"
"	69BA0CDE","	Chamber1","	1","	B01??(%RH)","	81.1","	2026-07-28 16:27:02"
"	69BA0CDE","	Chamber1","	1","	B01??(?)","	4.6","	2026-07-28 16:27:00"
"	69BA0CDE","	Chamber1","	1","	B01??(%RH)","	81.1","	2026-07-28 16:27:00"
"	69BA0CDE","	Chamber1","	1","	B01??(%RH)","	81.1","	2026-07-28 16:26:58"
"	69BA0CDE","	Chamber1","	1","	B01??(?)","	4.6","	2026-07-28 16:26:57"
"	69BA0CDE","	Chamber1","	1","	B01??(?)","	4.6","	2026-07-28 16:26:55"
"	69BA0CDE","	Chamber1","	1","	B01??(%RH)","	81.1","	2026-07-28 16:26:55"
"	69BA0CDE","	Chamber1","	1","	B01??(?)","	4.6","	2026-07-28 16:26:53"
"	69BA0CDE","	Chamber1","	1","	B01??(%RH)","	81.1","	2026-07-28 16:26:53"
"	69BA0CDE","	Chamber1","	1","	B01??(?)","	4.6","	2026-07-28 16:26:51"
"	69BA0CDE","	Chamber1","	1","	B01??(%RH)","	81.1","	2026-07-28 16:26:51"
"	69BA0CDE","	Chamber1","	1","	B01??(%RH)","	81.1","	2026-07-28 16:26:49"
"	69BA0CDE","	Chamber1","	1","	B01??(?)","	4.6","	2026-07-28 16:26:48"
"	69BA0CDE","	Chamber1","	1","	B01??(?)","	4.6","	2026-07-28 16:26:46"
"	69BA0CDE","	Chamber1","	1","	B01??(%RH)","	81.1","	2026-07-28 16:26:46"
"	69BA0CDE","	Chamber1","	1","	B01??(?)","	4.6","	2026-07-28 16:26:44"
"	69BA0CDE","	Chamber1","	1","	B01??(%RH)","	81.1","	2026-07-28 16:26:44"
"	69BA0CDE","	Chamber1","	1","	B01??(?)","	4.6","	2026-07-28 16:26:42"
"	69BA0CDE","	Chamber1","	1","	B01??(%RH)","	81.1","	2026-07-28 16:26:42"
"	69BA0CDE","	Chamber1","	1","	B01??(%RH)","	81.1","	2026-07-28 16:26:40"
"	69BA0CDE","	Chamber1","	1","	B01??(?)","	4.6","	2026-07-28 16:26:39"
"	69BA0CDE","	Chamber1","	1","	B01??(?)","	4.6","	2026-07-28 16:26:37"
"	69BA0CDE","	Chamber1","	1","	B01??(%RH)","	81.1","	2026-07-28 16:26:37"
"	69BA0CDE","	Chamber1","	1","	B01??(%RH)","	81.1","	2026-07-28 16:26:35"
"	69BA0CDE","	Chamber1","	1","	B01??(?)","	4.6","	2026-07-28 16:26:35"
"	69BA0CDE","	Chamber1","	1","	B01??(?)","	4.6","	2026-07-28 16:26:33"
"	69BA0CDE","	Chamber1","	1","	B01??(%RH)","	81.1","	2026-07-28 16:26:33"
"	69BA0CDE","	Chamber1","	1","	B01??(%RH)","	81.2","	2026-07-28 16:26:31"
"	69BA0CDE","	Chamber1","	1","	B01??(?)","	4.6","	2026-07-28 16:26:30"
"	69BA0CDE","	Chamber1","	1","	B01??(?)","	4.6","	2026-07-28 16:26:28"
"	69BA0CDE","	Chamber1","	1","	B01??(%RH)","	81.1","	2026-07-28 16:26:28"
"	69BA0CDE","	Chamber1","	1","	B01??(?)","	4.6","	2026-07-28 16:26:26"
"	69BA0CDE","	Chamber1","	1","	B01??(%RH)","	81.1","	2026-07-28 16:26:26"
"	69BA0CDE","	Chamber1","	1","	B01??(?)","	4.6","	2026-07-28 16:26:24"
"	69BA0CDE","	Chamber1","	1","	B01??(%RH)","	81.1","	2026-07-28 16:26:24"
"	69BA0CDE","	Chamber1","	1","	B01??(%RH)","	81.1","	2026-07-28 16:26:22"
"	69BA0CDE","	Chamber1","	1","	B01??(?)","	4.6","	2026-07-28 16:26:21"
"	69BA0CDE","	Chamber1","	1","	B01??(?)","	4.6","	2026-07-28 16:26:19"
"	69BA0CDE","	Chamber1","	1","	B01??(%RH)","	81.1","	2026-07-28 16:26:19"
"	69BA0CDE","	Chamber1","	1","	B01??(?)","	4.6","	2026-07-28 16:26:17"
"	69BA0CDE","	Chamber1","	1","	B01??(%RH)","	81.1","	2026-07-28 16:26:17"
"	69BA0CDE","	Chamber1","	1","	B01??(?)","	4.6","	2026-07-28 16:26:15"
"	69BA0CDE","	Chamber1","	1","	B01??(%RH)","	81.1","	2026-07-28 16:26:15"
"	69BA0CDE","	Chamber1","	1","	B01??(%RH)","	81.1","	2026-07-28 16:26:13"
"	69BA0CDE","	Chamber1","	1","	B01??(?)","	4.6","	2026-07-28 16:26:12"
"	69BA0CDE","	Chamber1","	1","	B01??(?)","	4.6","	2026-07-28 16:26:10"
"	69BA0CDE","	Chamber1","	1","	B01??(%RH)","	81.2","	2026-07-28 16:26:10"
"	69BA0CDE","	Chamber1","	1","	B01??(?)","	4.6","	2026-07-28 16:26:08"
"	69BA0CDE","	Chamber1","	1","	B01??(%RH)","	81.1","	2026-07-28 16:26:08"
"	69BA0CDE","	Chamber1","	1","	B01??(?)","	4.6","	2026-07-28 16:26:06"
"	69BA0CDE","	Chamber1","	1","	B01??(%RH)","	81.1","	2026-07-28 16:26:06"
"	69BA0CDE","	Chamber1","	1","	B01??(%RH)","	81.1","	2026-07-28 16:26:04"
"	69BA0CDE","	Chamber1","	1","	B01??(?)","	4.6","	2026-07-28 16:26:03"
"	69BA0CDE","	Chamber1","	1","	B01??(?)","	4.6","	2026-07-28 16:26:01"
"	69BA0CDE","	Chamber1","	1","	B01??(%RH)","	81.1","	2026-07-28 16:26:01"
"	69BA0CDE","	Chamber1","	1","	B01??(?)","	4.6","	2026-07-28 16:25:59"
"	69BA0CDE","	Chamber1","	1","	B01??(%RH)","	81.1","	2026-07-28 16:25:59"
"	69BA0CDE","	Chamber1","	1","	B01??(?)","	4.6","	2026-07-28 16:25:57"
"	69BA0CDE","	Chamber1","	1","	B01??(%RH)","	81.2","	2026-07-28 16:25:57"
"	69BA0CDE","	Chamber1","	1","	B01??(%RH)","	81.1","	2026-07-28 16:25:55"
"	69BA0CDE","	Chamber1","	1","	B01??(?)","	4.6","	2026-07-28 16:25:54"
"	69BA0CDE","	Chamber1","	1","	B01??(?)","	4.6","	2026-07-28 16:25:52"
"	69BA0CDE","	Chamber1","	1","	B01??(%RH)","	81.1","	2026-07-28 16:25:52"
"	69BA0CDE","	Chamber1","	1","	B01??(?)","	4.6","	2026-07-28 16:25:50"
"	69BA0CDE","	Chamber1","	1","	B01??(%RH)","	81.1","	2026-07-28 16:25:50"
"	69BA0CDE","	Chamber1","	1","	B01??(?)","	4.6","	2026-07-28 16:25:48"
"	69BA0CDE","	Chamber1","	1","	B01??(%RH)","	81.1","	2026-07-28 16:25:48"
"	69BA0CDE","	Chamber1","	1","	B01??(%RH)","	81.1","	2026-07-28 16:25:46"
"	69BA0CDE","	Chamber1","	1","	B01??(?)","	4.6","	2026-07-28 16:25:45"
"	69BA0CDE","	Chamber1","	1","	B01??(?)","	4.6","	2026-07-28 16:25:43"
"	69BA0CDE","	Chamber1","	1","	B01??(%RH)","	81.1","	2026-07-28 16:25:43"
"	69BA0CDE","	Chamber1","	1","	B01??(%RH)","	81.1","	2026-07-28 16:25:41"
"	69BA0CDE","	Chamber1","	1","	B01??(?)","	4.6","	2026-07-28 16:25:41"
"	69BA0CDE","	Chamber1","	1","	B01??(?)","	4.6","	2026-07-28 16:25:39"
"	69BA0CDE","	Chamber1","	1","	B01??(%RH)","	81.2","	2026-07-28 16:25:39"
"	69BA0CDE","	Chamber1","	1","	B01??(%RH)","	81.1","	2026-07-28 16:25:37"
"	69BA0CDE","	Chamber1","	1","	B01??(?)","	4.6","	2026-07-28 16:25:36"
"	69BA0CDE","	Chamber1","	1","	B01??(?)","	4.6","	2026-07-28 16:25:34"
"	69BA0CDE","	Chamber1","	1","	B01??(%RH)","	81.1","	2026-07-28 16:25:34"
"	69BA0CDE","	Chamber1","	1","	B01??(?)","	4.6","	2026-07-28 16:25:32"
"	69BA0CDE","	Chamber1","	1","	B01??(%RH)","	81.1","	2026-07-28 16:25:32"
"	69BA0CDE","	Chamber1","	1","	B01??(?)","	4.6","	2026-07-28 16:25:30"
"	69BA0CDE","	Chamber1","	1","	B01??(%RH)","	81.1","	2026-07-28 16:25:30"
"	69BA0CDE","	Chamber1","	1","	B01??(%RH)","	81.1","	2026-07-28 16:25:28"
"	69BA0CDE","	Chamber1","	1","	B01??(?)","	4.6","	2026-07-28 16:25:27"
"	69BA0CDE","	Chamber1","	1","	B01??(?)","	4.6","	2026-07-28 16:25:25"
"	69BA0CDE","	Chamber1","	1","	B01??(%RH)","	81.1","	2026-07-28 16:25:25"
"	69BA0CDE","	Chamber1","	1","	B01??(?)","	4.6","	2026-07-28 16:25:23"
"	69BA0CDE","	Chamber1","	1","	B01??(%RH)","	81.1","	2026-07-28 16:25:23"
"	69BA0CDE","	Chamber1","	1","	B01??(?)","	4.6","	2026-07-28 16:25:21"
"	69BA0CDE","	Chamber1","	1","	B01??(%RH)","	81.2","	2026-07-28 16:25:21"
"	69BA0CDE","	Chamber1","	1","	B01??(%RH)","	81.1","	2026-07-28 16:25:19"
"	69BA0CDE","	Chamber1","	1","	B01??(?)","	4.6","	2026-07-28 16:25:18"
"	69BA0CDE","	Chamber1","	1","	B01??(?)","	4.6","	2026-07-28 16:25:16"
"	69BA0CDE","	Chamber1","	1","	B01??(%RH)","	81.1","	2026-07-28 16:25:16"
"	69BA0CDE","	Chamber1","	1","	B01??(?)","	4.6","	2026-07-28 16:25:14"
"	69BA0CDE","	Chamber1","	1","	B01??(%RH)","	81.1","	2026-07-28 16:25:14"
"	69BA0CDE","	Chamber1","	1","	B01??(?)","	4.6","	2026-07-28 16:25:12"
"	69BA0CDE","	Chamber1","	1","	B01??(%RH)","	81.1","	2026-07-28 16:25:12"
"	69BA0CDE","	Chamber1","	1","	B01??(%RH)","	81.1","	2026-07-28 16:25:10"
"	69BA0CDE","	Chamber1","	1","	B01??(?)","	4.6","	2026-07-28 16:25:09"
"	69BA0CDE","	Chamber1","	1","	B01??(?)","	4.6","	2026-07-28 16:25:07"
"	69BA0CDE","	Chamber1","	1","	B01??(%RH)","	81.1","	2026-07-28 16:25:07"
"	69BA0CDE","	Chamber1","	1","	B01??(?)","	4.6","	2026-07-28 16:25:05"
"	69BA0CDE","	Chamber1","	1","	B01??(%RH)","	81.1","	2026-07-28 16:25:05"
"	69BA0CDE","	Chamber1","	1","	B01??(?)","	4.6","	2026-07-28 16:25:03"
"	69BA0CDE","	Chamber1","	1","	B01??(%RH)","	81.1","	2026-07-28 16:25:03"
"	69BA0CDE","	Chamber1","	1","	B01??(%RH)","	81.1","	2026-07-28 16:25:01"
"	69BA0CDE","	Chamber1","	1","	B01??(?)","	4.6","	2026-07-28 16:25:00"
"	69BA0CDE","	Chamber1","	1","	B01??(?)","	4.6","	2026-07-28 16:24:58"
"	69BA0CDE","	Chamber1","	1","	B01??(%RH)","	81.1","	2026-07-28 16:24:58"
"	69BA0CDE","	Chamber1","	1","	B01??(?)","	4.6","	2026-07-28 16:24:56"
"	69BA0CDE","	Chamber1","	1","	B01??(%RH)","	81.1","	2026-07-28 16:24:56"
"	69BA0CDE","	Chamber1","	1","	B01??(?)","	4.6","	2026-07-28 16:24:54"
"	69BA0CDE","	Chamber1","	1","	B01??(%RH)","	81.1","	2026-07-28 16:24:54"
"	69BA0CDE","	Chamber1","	1","	B01??(%RH)","	81.1","	2026-07-28 16:24:52"
"	69BA0CDE","	Chamber1","	1","	B01??(?)","	4.6","	2026-07-28 16:24:51"
"	69BA0CDE","	Chamber1","	1","	B01??(?)","	4.6","	2026-07-28 16:24:49"
"	69BA0CDE","	Chamber1","	1","	B01??(%RH)","	81.1","	2026-07-28 16:24:49"
"	69BA0CDE","	Chamber1","	1","	B01??(?)","	4.6","	2026-07-28 16:24:47"
"	69BA0CDE","	Chamber1","	1","	B01??(%RH)","	81.1","	2026-07-28 16:24:47"
"	69BA0CDE","	Chamber1","	1","	B01??(?)","	4.6","	2026-07-28 16:24:45"
"	69BA0CDE","	Chamber1","	1","	B01??(%RH)","	81.1","	2026-07-28 16:24:45"
"	69BA0CDE","	Chamber1","	1","	B01??(%RH)","	81.1","	2026-07-28 16:24:43"
"	69BA0CDE","	Chamber1","	1","	B01??(?)","	4.6","	2026-07-28 16:24:42"
"	69BA0CDE","	Chamber1","	1","	B01??(?)","	4.6","	2026-07-28 16:24:40"
"	69BA0CDE","	Chamber1","	1","	B01??(%RH)","	81.1","	2026-07-28 16:24:40"
"	69BA0CDE","	Chamber1","	1","	B01??(?)","	4.6","	2026-07-28 16:24:38"
"	69BA0CDE","	Chamber1","	1","	B01??(%RH)","	81.1","	2026-07-28 16:24:38"
"	69BA0CDE","	Chamber1","	1","	B01??(?)","	4.6","	2026-07-28 16:24:36"
"	69BA0CDE","	Chamber1","	1","	B01??(%RH)","	81.1","	2026-07-28 16:24:36"
"	69BA0CDE","	Chamber1","	1","	B01??(%RH)","	81.1","	2026-07-28 16:24:34"
"	69BA0CDE","	Chamber1","	1","	B01??(?)","	4.6","	2026-07-28 16:24:33"
"	69BA0CDE","	Chamber1","	1","	B01??(?)","	4.6","	2026-07-28 16:24:31"
"	69BA0CDE","	Chamber1","	1","	B01??(%RH)","	81.1","	2026-07-28 16:24:31"
"	69BA0CDE","	Chamber1","	1","	B01??(?)","	4.6","	2026-07-28 16:24:29"
"	69BA0CDE","	Chamber1","	1","	B01??(%RH)","	81.1","	2026-07-28 16:24:29"
"	69BA0CDE","	Chamber1","	1","	B01??(%RH)","	81.2","	2026-07-28 16:24:27"
"	69BA0CDE","	Chamber1","	1","	B01??(?)","	4.6","	2026-07-28 16:24:26"
"	69BA0CDE","	Chamber1","	1","	B01??(?)","	4.6","	2026-07-28 16:24:24"
"	69BA0CDE","	Chamber1","	1","	B01??(%RH)","	81.1","	2026-07-28 16:24:24"
"	69BA0CDE","	Chamber1","	1","	B01??(?)","	4.6","	2026-07-28 16:24:22"
"	69BA0CDE","	Chamber1","	1","	B01??(%RH)","	81.1","	2026-07-28 16:24:22"
"	69BA0CDE","	Chamber1","	1","	B01??(?)","	4.6","	2026-07-28 16:24:20"
"	69BA0CDE","	Chamber1","	1","	B01??(%RH)","	81.1","	2026-07-28 16:24:20"
"	69BA0CDE","	Chamber1","	1","	B01??(%RH)","	81.1","	2026-07-28 16:24:18"
"	69BA0CDE","	Chamber1","	1","	B01??(?)","	4.6","	2026-07-28 16:24:17"
"	69BA0CDE","	Chamber1","	1","	B01??(?)","	4.6","	2026-07-28 16:24:15"
"	69BA0CDE","	Chamber1","	1","	B01??(%RH)","	81.1","	2026-07-28 16:24:15"
"	69BA0CDE","	Chamber1","	1","	B01??(?)","	4.6","	2026-07-28 16:24:13"
"	69BA0CDE","	Chamber1","	1","	B01??(%RH)","	81.1","	2026-07-28 16:24:13"
"	69BA0CDE","	Chamber1","	1","	B01??(?)","	4.6","	2026-07-28 16:24:11"
"	69BA0CDE","	Chamber1","	1","	B01??(%RH)","	81.1","	2026-07-28 16:24:11"
"	69BA0CDE","	Chamber1","	1","	B01??(%RH)","	81.1","	2026-07-28 16:24:09"
"	69BA0CDE","	Chamber1","	1","	B01??(?)","	4.6","	2026-07-28 16:24:08"
"	69BA0CDE","	Chamber1","	1","	B01??(?)","	4.6","	2026-07-28 16:24:06"
"	69BA0CDE","	Chamber1","	1","	B01??(%RH)","	81.2","	2026-07-28 16:24:06"
"	69BA0CDE","	Chamber1","	1","	B01??(?)","	4.6","	2026-07-28 16:24:04"
"	69BA0CDE","	Chamber1","	1","	B01??(%RH)","	81.1","	2026-07-28 16:24:04"
"	69BA0CDE","	Chamber1","	1","	B01??(?)","	4.6","	2026-07-28 16:24:02"
"	69BA0CDE","	Chamber1","	1","	B01??(%RH)","	81.2","	2026-07-28 16:24:02"
"	69BA0CDE","	Chamber1","	1","	B01??(%RH)","	81.1","	2026-07-28 16:24:00"
"	69BA0CDE","	Chamber1","	1","	B01??(?)","	4.6","	2026-07-28 16:23:59"
"	69BA0CDE","	Chamber1","	1","	B01??(?)","	4.6","	2026-07-28 16:23:57"
"	69BA0CDE","	Chamber1","	1","	B01??(%RH)","	81.1","	2026-07-28 16:23:57"
"	69BA0CDE","	Chamber1","	1","	B01??(?)","	4.6","	2026-07-28 16:23:55"
"	69BA0CDE","	Chamber1","	1","	B01??(%RH)","	81.1","	2026-07-28 16:23:55"
"	69BA0CDE","	Chamber1","	1","	B01??(?)","	4.6","	2026-07-28 16:23:53"
"	69BA0CDE","	Chamber1","	1","	B01??(%RH)","	81.1","	2026-07-28 16:23:53"
"	69BA0CDE","	Chamber1","	1","	B01??(%RH)","	81.1","	2026-07-28 16:23:51"
"	69BA0CDE","	Chamber1","	1","	B01??(?)","	4.6","	2026-07-28 16:23:50"
"	69BA0CDE","	Chamber1","	1","	B01??(?)","	4.6","	2026-07-28 16:23:48"
"	69BA0CDE","	Chamber1","	1","	B01??(%RH)","	81.1","	2026-07-28 16:23:48"
"	69BA0CDE","	Chamber1","	1","	B01??(?)","	4.6","	2026-07-28 16:23:46"
"	69BA0CDE","	Chamber1","	1","	B01??(%RH)","	81.1","	2026-07-28 16:23:46"
"	69BA0CDE","	Chamber1","	1","	B01??(?)","	4.6","	2026-07-28 16:23:44"
"	69BA0CDE","	Chamber1","	1","	B01??(%RH)","	81.1","	2026-07-28 16:23:44"
"	69BA0CDE","	Chamber1","	1","	B01??(%RH)","	81.1","	2026-07-28 16:23:42"
"	69BA0CDE","	Chamber1","	1","	B01??(?)","	4.6","	2026-07-28 16:23:41"
"	69BA0CDE","	Chamber1","	1","	B01??(?)","	4.6","	2026-07-28 16:23:39"
"	69BA0CDE","	Chamber1","	1","	B01??(%RH)","	81.1","	2026-07-28 16:23:39"
"	69BA0CDE","	Chamber1","	1","	B01??(?)","	4.6","	2026-07-28 16:23:37"
"	69BA0CDE","	Chamber1","	1","	B01??(%RH)","	81.1","	2026-07-28 16:23:37"
"	69BA0CDE","	Chamber1","	1","	B01??(?)","	4.5","	2026-07-28 16:23:35"
"	69BA0CDE","	Chamber1","	1","	B01??(%RH)","	81.1","	2026-07-28 16:23:35"
"	69BA0CDE","	Chamber1","	1","	B01??(%RH)","	81.1","	2026-07-28 16:23:33"
"	69BA0CDE","	Chamber1","	1","	B01??(?)","	4.6","	2026-07-28 16:23:32"
"	69BA0CDE","	Chamber1","	1","	B01??(?)","	4.6","	2026-07-28 16:23:30"
"	69BA0CDE","	Chamber1","	1","	B01??(%RH)","	81.1","	2026-07-28 16:23:30"
"	69BA0CDE","	Chamber1","	1","	B01??(?)","	4.6","	2026-07-28 16:23:28"
"	69BA0CDE","	Chamber1","	1","	B01??(%RH)","	81.1","	2026-07-28 16:23:28"
"	69BA0CDE","	Chamber1","	1","	B01??(?)","	4.6","	2026-07-28 16:23:26"
"	69BA0CDE","	Chamber1","	1","	B01??(%RH)","	81.1","	2026-07-28 16:23:26"
"	69BA0CDE","	Chamber1","	1","	B01??(%RH)","	81.1","	2026-07-28 16:23:24"
"	69BA0CDE","	Chamber1","	1","	B01??(?)","	4.6","	2026-07-28 16:23:23"
"	69BA0CDE","	Chamber1","	1","	B01??(?)","	4.5","	2026-07-28 16:23:21"
"	69BA0CDE","	Chamber1","	1","	B01??(%RH)","	81.1","	2026-07-28 16:23:21"
"	69BA0CDE","	Chamber1","	1","	B01??(?)","	4.6","	2026-07-28 16:23:19"
"	69BA0CDE","	Chamber1","	1","	B01??(%RH)","	81.1","	2026-07-28 16:23:19"
"	69BA0CDE","	Chamber1","	1","	B01??(?)","	4.6","	2026-07-28 16:23:17"
"	69BA0CDE","	Chamber1","	1","	B01??(%RH)","	81.1","	2026-07-28 16:23:17"
"	69BA0CDE","	Chamber1","	1","	B01??(%RH)","	81.1","	2026-07-28 16:23:15"
"	69BA0CDE","	Chamber1","	1","	B01??(?)","	4.6","	2026-07-28 16:23:14"
"	69BA0CDE","	Chamber1","	1","	B01??(?)","	4.6","	2026-07-28 16:23:12"
"	69BA0CDE","	Chamber1","	1","	B01??(%RH)","	81.1","	2026-07-28 16:23:12"
"	69BA0CDE","	Chamber1","	1","	B01??(?)","	4.6","	2026-07-28 16:23:10"
"	69BA0CDE","	Chamber1","	1","	B01??(%RH)","	81.1","	2026-07-28 16:23:10"
"	69BA0CDE","	Chamber1","	1","	B01??(?)","	4.6","	2026-07-28 16:23:08"
"	69BA0CDE","	Chamber1","	1","	B01??(%RH)","	81.1","	2026-07-28 16:23:08"
"	69BA0CDE","	Chamber1","	1","	B01??(%RH)","	81.1","	2026-07-28 16:23:06"
"	69BA0CDE","	Chamber1","	1","	B01??(?)","	4.6","	2026-07-28 16:23:05"
"	69BA0CDE","	Chamber1","	1","	B01??(?)","	4.6","	2026-07-28 16:23:03"
"	69BA0CDE","	Chamber1","	1","	B01??(%RH)","	81.2","	2026-07-28 16:23:03"
"	69BA0CDE","	Chamber1","	1","	B01??(?)","	4.6","	2026-07-28 16:23:01"
"	69BA0CDE","	Chamber1","	1","	B01??(%RH)","	81.2","	2026-07-28 16:23:01"
"	69BA0CDE","	Chamber1","	1","	B01??(?)","	4.6","	2026-07-28 16:22:59"
"	69BA0CDE","	Chamber1","	1","	B01??(%RH)","	81.1","	2026-07-28 16:22:59"
"	69BA0CDE","	Chamber1","	1","	B01??(%RH)","	81.1","	2026-07-28 16:22:57"
"	69BA0CDE","	Chamber1","	1","	B01??(?)","	4.6","	2026-07-28 16:22:56"
"	69BA0CDE","	Chamber1","	1","	B01??(?)","	4.6","	2026-07-28 16:22:54"
"	69BA0CDE","	Chamber1","	1","	B01??(%RH)","	81.1","	2026-07-28 16:22:54"
"	69BA0CDE","	Chamber1","	1","	B01??(?)","	4.6","	2026-07-28 16:22:52"
"	69BA0CDE","	Chamber1","	1","	B01??(%RH)","	81.1","	2026-07-28 16:22:52"
"	69BA0CDE","	Chamber1","	1","	B01??(?)","	4.6","	2026-07-28 16:22:50"
"	69BA0CDE","	Chamber1","	1","	B01??(%RH)","	81.1","	2026-07-28 16:22:50"
"	69BA0CDE","	Chamber1","	1","	B01??(%RH)","	81.1","	2026-07-28 16:22:48"
"	69BA0CDE","	Chamber1","	1","	B01??(?)","	4.6","	2026-07-28 16:22:47"
"	69BA0CDE","	Chamber1","	1","	B01??(?)","	4.5","	2026-07-28 16:22:45"
"	69BA0CDE","	Chamber1","	1","	B01??(%RH)","	81.1","	2026-07-28 16:22:45"
"	69BA0CDE","	Chamber1","	1","	B01??(?)","	4.6","	2026-07-28 16:22:43"
"	69BA0CDE","	Chamber1","	1","	B01??(%RH)","	81.1","	2026-07-28 16:22:43"
"	69BA0CDE","	Chamber1","	1","	B01??(?)","	4.6","	2026-07-28 16:22:41"
"	69BA0CDE","	Chamber1","	1","	B01??(%RH)","	81.1","	2026-07-28 16:22:41"
"	69BA0CDE","	Chamber1","	1","	B01??(%RH)","	81.1","	2026-07-28 16:22:39"
"	69BA0CDE","	Chamber1","	1","	B01??(?)","	4.6","	2026-07-28 16:22:38"
"	69BA0CDE","	Chamber1","	1","	B01??(?)","	4.6","	2026-07-28 16:22:36"
"	69BA0CDE","	Chamber1","	1","	B01??(%RH)","	81.1","	2026-07-28 16:22:36"
"	69BA0CDE","	Chamber1","	1","	B01??(?)","	4.6","	2026-07-28 16:22:34"
"	69BA0CDE","	Chamber1","	1","	B01??(%RH)","	81.1","	2026-07-28 16:22:34"
"	69BA0CDE","	Chamber1","	1","	B01??(?)","	4.6","	2026-07-28 16:22:32"
"	69BA0CDE","	Chamber1","	1","	B01??(%RH)","	81.1","	2026-07-28 16:22:32"
"	69BA0CDE","	Chamber1","	1","	B01??(%RH)","	81.1","	2026-07-28 16:22:30"
"	69BA0CDE","	Chamber1","	1","	B01??(?)","	4.6","	2026-07-28 16:22:29"
"	69BA0CDE","	Chamber1","	1","	B01??(?)","	4.6","	2026-07-28 16:22:27"
"	69BA0CDE","	Chamber1","	1","	B01??(%RH)","	81.1","	2026-07-28 16:22:27"
"	69BA0CDE","	Chamber1","	1","	B01??(?)","	4.6","	2026-07-28 16:22:25"
"	69BA0CDE","	Chamber1","	1","	B01??(%RH)","	81.2","	2026-07-28 16:22:25"
"	69BA0CDE","	Chamber1","	1","	B01??(%RH)","	81.1","	2026-07-28 16:22:23"
"	69BA0CDE","	Chamber1","	1","	B01??(?)","	4.6","	2026-07-28 16:22:22"
"	69BA0CDE","	Chamber1","	1","	B01??(?)","	4.6","	2026-07-28 16:22:20"
"	69BA0CDE","	Chamber1","	1","	B01??(%RH)","	81.1","	2026-07-28 16:22:20"
"	69BA0CDE","	Chamber1","	1","	B01??(?)","	4.6","	2026-07-28 16:22:18"
"	69BA0CDE","	Chamber1","	1","	B01??(%RH)","	81.1","	2026-07-28 16:22:18"
"	69BA0CDE","	Chamber1","	1","	B01??(?)","	4.6","	2026-07-28 16:22:16"
"	69BA0CDE","	Chamber1","	1","	B01??(%RH)","	81.1","	2026-07-28 16:22:16"
"	69BA0CDE","	Chamber1","	1","	B01??(%RH)","	81.1","	2026-07-28 16:22:14"
"	69BA0CDE","	Chamber1","	1","	B01??(?)","	4.6","	2026-07-28 16:22:13"
"	69BA0CDE","	Chamber1","	1","	B01??(?)","	4.6","	2026-07-28 16:22:11"
"	69BA0CDE","	Chamber1","	1","	B01??(%RH)","	81.1","	2026-07-28 16:22:11"
"	69BA0CDE","	Chamber1","	1","	B01??(?)","	4.6","	2026-07-28 16:22:09"
"	69BA0CDE","	Chamber1","	1","	B01??(%RH)","	81.1","	2026-07-28 16:22:09"
"	69BA0CDE","	Chamber1","	1","	B01??(?)","	4.5","	2026-07-28 16:22:07"
"	69BA0CDE","	Chamber1","	1","	B01??(%RH)","	81.1","	2026-07-28 16:22:07"
"	69BA0CDE","	Chamber1","	1","	B01??(%RH)","	81.1","	2026-07-28 16:22:05"
"	69BA0CDE","	Chamber1","	1","	B01??(?)","	4.6","	2026-07-28 16:22:04"
"	69BA0CDE","	Chamber1","	1","	B01??(?)","	4.6","	2026-07-28 16:22:02"
"	69BA0CDE","	Chamber1","	1","	B01??(%RH)","	81.1","	2026-07-28 16:22:02"
"	69BA0CDE","	Chamber1","	1","	B01??(?)","	4.6","	2026-07-28 16:22:00"
"	69BA0CDE","	Chamber1","	1","	B01??(%RH)","	81.1","	2026-07-28 16:22:00"
"	69BA0CDE","	Chamber1","	1","	B01??(?)","	4.5","	2026-07-28 16:21:58"
"	69BA0CDE","	Chamber1","	1","	B01??(%RH)","	81.1","	2026-07-28 16:21:58"
"	69BA0CDE","	Chamber1","	1","	B01??(%RH)","	81.1","	2026-07-28 16:21:56"
"	69BA0CDE","	Chamber1","	1","	B01??(?)","	4.5","	2026-07-28 16:21:55"
"	69BA0CDE","	Chamber1","	1","	B01??(?)","	4.6","	2026-07-28 16:21:53"
"	69BA0CDE","	Chamber1","	1","	B01??(%RH)","	81.1","	2026-07-28 16:21:53"
"	69BA0CDE","	Chamber1","	1","	B01??(?)","	4.5","	2026-07-28 16:21:51"
"	69BA0CDE","	Chamber1","	1","	B01??(%RH)","	81.1","	2026-07-28 16:21:51"
"	69BA0CDE","	Chamber1","	1","	B01??(%RH)","	81.1","	2026-07-28 16:21:49"
"	69BA0CDE","	Chamber1","	1","	B01??(?)","	4.5","	2026-07-28 16:21:48"
"	69BA0CDE","	Chamber1","	1","	B01??(?)","	4.6","	2026-07-28 16:21:46"
"	69BA0CDE","	Chamber1","	1","	B01??(%RH)","	81.1","	2026-07-28 16:21:46"
"	69BA0CDE","	Chamber1","	1","	B01??(?)","	4.5","	2026-07-28 16:21:44"
"	69BA0CDE","	Chamber1","	1","	B01??(%RH)","	81.1","	2026-07-28 16:21:44"
"	69BA0CDE","	Chamber1","	1","	B01??(?)","	4.6","	2026-07-28 16:21:42"
"	69BA0CDE","	Chamber1","	1","	B01??(%RH)","	81.1","	2026-07-28 16:21:42"
"	69BA0CDE","	Chamber1","	1","	B01??(%RH)","	81.1","	2026-07-28 16:21:40"
"	69BA0CDE","	Chamber1","	1","	B01??(?)","	4.5","	2026-07-28 16:21:39"
"	69BA0CDE","	Chamber1","	1","	B01??(?)","	4.5","	2026-07-28 16:21:37"
"	69BA0CDE","	Chamber1","	1","	B01??(%RH)","	81.1","	2026-07-28 16:21:37"
"	69BA0CDE","	Chamber1","	1","	B01??(?)","	4.6","	2026-07-28 16:21:35"
"	69BA0CDE","	Chamber1","	1","	B01??(%RH)","	81.1","	2026-07-28 16:21:35"
"	69BA0CDE","	Chamber1","	1","	B01??(%RH)","	81.1","	2026-07-28 16:21:33"
"	69BA0CDE","	Chamber1","	1","	B01??(?)","	4.6","	2026-07-28 16:21:33"
"	69BA0CDE","	Chamber1","	1","	B01??(%RH)","	81.1","	2026-07-28 16:21:31"
"	69BA0CDE","	Chamber1","	1","	B01??(?)","	4.5","	2026-07-28 16:21:30"
"	69BA0CDE","	Chamber1","	1","	B01??(%RH)","	81.1","	2026-07-28 16:21:28"
"	69BA0CDE","	Chamber1","	1","	B01??(?)","	4.6","	2026-07-28 16:21:28"
"	69BA0CDE","	Chamber1","	1","	B01??(?)","	4.6","	2026-07-28 16:21:26"
"	69BA0CDE","	Chamber1","	1","	B01??(%RH)","	81.1","	2026-07-28 16:21:26"
"	69BA0CDE","	Chamber1","	1","	B01??(%RH)","	81.1","	2026-07-28 16:21:24"
"	69BA0CDE","	Chamber1","	1","	B01??(?)","	4.5","	2026-07-28 16:21:23"
"	69BA0CDE","	Chamber1","	1","	B01??(?)","	4.5","	2026-07-28 16:21:21"
"	69BA0CDE","	Chamber1","	1","	B01??(%RH)","	81.1","	2026-07-28 16:21:21"
"	69BA0CDE","	Chamber1","	1","	B01??(?)","	4.5","	2026-07-28 16:21:19"
"	69BA0CDE","	Chamber1","	1","	B01??(%RH)","	81.1","	2026-07-28 16:21:19"
"	69BA0CDE","	Chamber1","	1","	B01??(?)","	4.5","	2026-07-28 16:21:17"
"	69BA0CDE","	Chamber1","	1","	B01??(%RH)","	81.1","	2026-07-28 16:21:17"
"	69BA0CDE","	Chamber1","	1","	B01??(%RH)","	81.1","	2026-07-28 16:21:15"
"	69BA0CDE","	Chamber1","	1","	B01??(?)","	4.5","	2026-07-28 16:21:14"
"	69BA0CDE","	Chamber1","	1","	B01??(?)","	4.5","	2026-07-28 16:21:12"
"	69BA0CDE","	Chamber1","	1","	B01??(%RH)","	81.1","	2026-07-28 16:21:12"
"	69BA0CDE","	Chamber1","	1","	B01??(?)","	4.6","	2026-07-28 16:21:10"
"	69BA0CDE","	Chamber1","	1","	B01??(%RH)","	81.1","	2026-07-28 16:21:10"
"	69BA0CDE","	Chamber1","	1","	B01??(?)","	4.5","	2026-07-28 16:21:08"
"	69BA0CDE","	Chamber1","	1","	B01??(%RH)","	81.1","	2026-07-28 16:21:08"
"	69BA0CDE","	Chamber1","	1","	B01??(%RH)","	81.1","	2026-07-28 16:21:06"
"	69BA0CDE","	Chamber1","	1","	B01??(?)","	4.6","	2026-07-28 16:21:05"
"	69BA0CDE","	Chamber1","	1","	B01??(?)","	4.5","	2026-07-28 16:21:03"
"	69BA0CDE","	Chamber1","	1","	B01??(%RH)","	81.1","	2026-07-28 16:21:03"
"	69BA0CDE","	Chamber1","	1","	B01??(?)","	4.5","	2026-07-28 16:21:01"
"	69BA0CDE","	Chamber1","	1","	B01??(%RH)","	81.1","	2026-07-28 16:21:01"
"	69BA0CDE","	Chamber1","	1","	B01??(?)","	4.5","	2026-07-28 16:20:59"
"	69BA0CDE","	Chamber1","	1","	B01??(%RH)","	81.1","	2026-07-28 16:20:59"
"	69BA0CDE","	Chamber1","	1","	B01??(%RH)","	81.1","	2026-07-28 16:20:57"
"	69BA0CDE","	Chamber1","	1","	B01??(?)","	4.5","	2026-07-28 16:20:56"
"	69BA0CDE","	Chamber1","	1","	B01??(?)","	4.6","	2026-07-28 16:20:54"
"	69BA0CDE","	Chamber1","	1","	B01??(%RH)","	81.1","	2026-07-28 16:20:54"
"	69BA0CDE","	Chamber1","	1","	B01??(?)","	4.5","	2026-07-28 16:20:52"
"	69BA0CDE","	Chamber1","	1","	B01??(%RH)","	81.1","	2026-07-28 16:20:52"
"	69BA0CDE","	Chamber1","	1","	B01??(?)","	4.5","	2026-07-28 16:20:50"
"	69BA0CDE","	Chamber1","	1","	B01??(%RH)","	81.1","	2026-07-28 16:20:50"
"	69BA0CDE","	Chamber1","	1","	B01??(%RH)","	81.1","	2026-07-28 16:20:48"
"	69BA0CDE","	Chamber1","	1","	B01??(?)","	4.5","	2026-07-28 16:20:47"
"	69BA0CDE","	Chamber1","	1","	B01??(?)","	4.5","	2026-07-28 16:20:45"
"	69BA0CDE","	Chamber1","	1","	B01??(%RH)","	81.1","	2026-07-28 16:20:45"
"	69BA0CDE","	Chamber1","	1","	B01??(?)","	4.6","	2026-07-28 16:20:43"
"	69BA0CDE","	Chamber1","	1","	B01??(%RH)","	81.1","	2026-07-28 16:20:43"
"	69BA0CDE","	Chamber1","	1","	B01??(?)","	4.6","	2026-07-28 16:20:41"
"	69BA0CDE","	Chamber1","	1","	B01??(%RH)","	81.1","	2026-07-28 16:20:41"
"	69BA0CDE","	Chamber1","	1","	B01??(%RH)","	81.1","	2026-07-28 16:20:39"
"	69BA0CDE","	Chamber1","	1","	B01??(?)","	4.5","	2026-07-28 16:20:38"
"	69BA0CDE","	Chamber1","	1","	B01??(?)","	4.5","	2026-07-28 16:20:36"
"	69BA0CDE","	Chamber1","	1","	B01??(%RH)","	81.1","	2026-07-28 16:20:36"
"	69BA0CDE","	Chamber1","	1","	B01??(?)","	4.5","	2026-07-28 16:20:34"
"	69BA0CDE","	Chamber1","	1","	B01??(%RH)","	81.1","	2026-07-28 16:20:34"
"	69BA0CDE","	Chamber1","	1","	B01??(?)","	4.5","	2026-07-28 16:20:32"
"	69BA0CDE","	Chamber1","	1","	B01??(%RH)","	81.1","	2026-07-28 16:20:32"
"	69BA0CDE","	Chamber1","	1","	B01??(%RH)","	81.1","	2026-07-28 16:20:30"
"	69BA0CDE","	Chamber1","	1","	B01??(?)","	4.5","	2026-07-28 16:20:29"
"	69BA0CDE","	Chamber1","	1","	B01??(%RH)","	81.1","	2026-07-28 16:20:27"
"	69BA0CDE","	Chamber1","	1","	B01??(?)","	4.5","	2026-07-28 16:20:27"
"	69BA0CDE","	Chamber1","	1","	B01??(?)","	4.5","	2026-07-28 16:20:25"
"	69BA0CDE","	Chamber1","	1","	B01??(%RH)","	81.1","	2026-07-28 16:20:25"
"	69BA0CDE","	Chamber1","	1","	B01??(%RH)","	81.1","	2026-07-28 16:20:23"
"	69BA0CDE","	Chamber1","	1","	B01??(?)","	4.5","	2026-07-28 16:20:22"
"	69BA0CDE","	Chamber1","	1","	B01??(?)","	4.5","	2026-07-28 16:20:20"
"	69BA0CDE","	Chamber1","	1","	B01??(%RH)","	81.1","	2026-07-28 16:20:20"
"	69BA0CDE","	Chamber1","	1","	B01??(?)","	4.5","	2026-07-28 16:20:18"
"	69BA0CDE","	Chamber1","	1","	B01??(%RH)","	81.1","	2026-07-28 16:20:18"
"	69BA0CDE","	Chamber1","	1","	B01??(%RH)","	81.1","	2026-07-28 16:20:16"
"	69BA0CDE","	Chamber1","	1","	B01??(?)","	4.5","	2026-07-28 16:20:15"
"	69BA0CDE","	Chamber1","	1","	B01??(?)","	4.5","	2026-07-28 16:20:13"
"	69BA0CDE","	Chamber1","	1","	B01??(%RH)","	81.1","	2026-07-28 16:20:13"
"	69BA0CDE","	Chamber1","	1","	B01??(?)","	4.5","	2026-07-28 16:20:11"
"	69BA0CDE","	Chamber1","	1","	B01??(%RH)","	81.1","	2026-07-28 16:20:11"
"	69BA0CDE","	Chamber1","	1","	B01??(%RH)","	81.1","	2026-07-28 16:20:09"
"	69BA0CDE","	Chamber1","	1","	B01??(?)","	4.5","	2026-07-28 16:20:08"
"	69BA0CDE","	Chamber1","	1","	B01??(?)","	4.5","	2026-07-28 16:20:06"
"	69BA0CDE","	Chamber1","	1","	B01??(%RH)","	81.1","	2026-07-28 16:20:06"
"	69BA0CDE","	Chamber1","	1","	B01??(%RH)","	81.1","	2026-07-28 16:20:04"
"	69BA0CDE","	Chamber1","	1","	B01??(?)","	4.5","	2026-07-28 16:20:04"
"	69BA0CDE","	Chamber1","	1","	B01??(%RH)","	81.1","	2026-07-28 16:20:02"
"	69BA0CDE","	Chamber1","	1","	B01??(?)","	4.5","	2026-07-28 16:20:01"
"	69BA0CDE","	Chamber1","	1","	B01??(?)","	4.5","	2026-07-28 16:19:59"
"	69BA0CDE","	Chamber1","	1","	B01??(%RH)","	81.1","	2026-07-28 16:19:59"
"	69BA0CDE","	Chamber1","	1","	B01??(%RH)","	81.1","	2026-07-28 16:19:57"
"	69BA0CDE","	Chamber1","	1","	B01??(?)","	4.5","	2026-07-28 16:19:56"
"	69BA0CDE","	Chamber1","	1","	B01??(?)","	4.5","	2026-07-28 16:19:54"
"	69BA0CDE","	Chamber1","	1","	B01??(%RH)","	81.1","	2026-07-28 16:19:54"
"	69BA0CDE","	Chamber1","	1","	B01??(%RH)","	81.1","	2026-07-28 16:19:52"
"	69BA0CDE","	Chamber1","	1","	B01??(?)","	4.5","	2026-07-28 16:19:52"
"	69BA0CDE","	Chamber1","	1","	B01??(%RH)","	81.1","	2026-07-28 16:19:50"
"	69BA0CDE","	Chamber1","	1","	B01??(?)","	4.5","	2026-07-28 16:19:49"
"	69BA0CDE","	Chamber1","	1","	B01??(?)","	4.5","	2026-07-28 16:19:47"
"	69BA0CDE","	Chamber1","	1","	B01??(%RH)","	81.1","	2026-07-28 16:19:47"
"	69BA0CDE","	Chamber1","	1","	B01??(?)","	4.5","	2026-07-28 16:19:45"
"	69BA0CDE","	Chamber1","	1","	B01??(%RH)","	81.1","	2026-07-28 16:19:45"
"	69BA0CDE","	Chamber1","	1","	B01??(%RH)","	81.1","	2026-07-28 16:19:43"
"	69BA0CDE","	Chamber1","	1","	B01??(?)","	4.5","	2026-07-28 16:19:42"
"	69BA0CDE","	Chamber1","	1","	B01??(?)","	4.5","	2026-07-28 16:19:40"
"	69BA0CDE","	Chamber1","	1","	B01??(%RH)","	81.1","	2026-07-28 16:19:40"
"	69BA0CDE","	Chamber1","	1","	B01??(?)","	4.5","	2026-07-28 16:19:38"
"	69BA0CDE","	Chamber1","	1","	B01??(%RH)","	81.1","	2026-07-28 16:19:38"
"	69BA0CDE","	Chamber1","	1","	B01??(%RH)","	81.1","	2026-07-28 16:19:36"
"	69BA0CDE","	Chamber1","	1","	B01??(?)","	4.6","	2026-07-28 16:19:35"
"	69BA0CDE","	Chamber1","	1","	B01??(?)","	4.5","	2026-07-28 16:19:33"
"	69BA0CDE","	Chamber1","	1","	B01??(%RH)","	81.1","	2026-07-28 16:19:33"
"	69BA0CDE","	Chamber1","	1","	B01??(%RH)","	81.1","	2026-07-28 16:19:31"
"	69BA0CDE","	Chamber1","	1","	B01??(?)","	4.5","	2026-07-28 16:19:30"
"	69BA0CDE","	Chamber1","	1","	B01??(%RH)","	81.1","	2026-07-28 16:19:28"
"	69BA0CDE","	Chamber1","	1","	B01??(?)","	4.5","	2026-07-28 16:19:28"
"	69BA0CDE","	Chamber1","	1","	B01??(%RH)","	81.1","	2026-07-28 16:19:26"
"	69BA0CDE","	Chamber1","	1","	B01??(?)","	4.5","	2026-07-28 16:19:25"
"	69BA0CDE","	Chamber1","	1","	B01??(%RH)","	81.1","	2026-07-28 16:19:23"
"	69BA0CDE","	Chamber1","	1","	B01??(?)","	4.5","	2026-07-28 16:19:23"
"	69BA0CDE","	Chamber1","	1","	B01??(?)","	4.5","	2026-07-28 16:19:21"
"	69BA0CDE","	Chamber1","	1","	B01??(%RH)","	81.1","	2026-07-28 16:19:21"
"	69BA0CDE","	Chamber1","	1","	B01??(%RH)","	81.1","	2026-07-28 16:19:19"
"	69BA0CDE","	Chamber1","	1","	B01??(?)","	4.5","	2026-07-28 16:19:18"
"	69BA0CDE","	Chamber1","	1","	B01??(?)","	4.5","	2026-07-28 16:19:16"
"	69BA0CDE","	Chamber1","	1","	B01??(%RH)","	81.1","	2026-07-28 16:19:16"
"	69BA0CDE","	Chamber1","	1","	B01??(%RH)","	81","	2026-07-28 16:19:14"
"	69BA0CDE","	Chamber1","	1","	B01??(?)","	4.5","	2026-07-28 16:19:13"
"	69BA0CDE","	Chamber1","	1","	B01??(?)","	4.5","	2026-07-28 16:19:11"
"	69BA0CDE","	Chamber1","	1","	B01??(%RH)","	81","	2026-07-28 16:19:11"
"	69BA0CDE","	Chamber1","	1","	B01??(%RH)","	81.1","	2026-07-28 16:19:09"
"	69BA0CDE","	Chamber1","	1","	B01??(?)","	4.5","	2026-07-28 16:19:09"
"	69BA0CDE","	Chamber1","	1","	B01??(%RH)","	81.1","	2026-07-28 16:19:07"
"	69BA0CDE","	Chamber1","	1","	B01??(?)","	4.5","	2026-07-28 16:19:06"
"	69BA0CDE","	Chamber1","	1","	B01??(%RH)","	81.1","	2026-07-28 16:19:04"
"	69BA0CDE","	Chamber1","	1","	B01??(?)","	4.5","	2026-07-28 16:19:04"
"	69BA0CDE","	Chamber1","	1","	B01??(%RH)","	81.1","	2026-07-28 16:19:02"
"	69BA0CDE","	Chamber1","	1","	B01??(?)","	4.5","	2026-07-28 16:19:01"
"	69BA0CDE","	Chamber1","	1","	B01??(%RH)","	81","	2026-07-28 16:18:59"
"	69BA0CDE","	Chamber1","	1","	B01??(?)","	4.6","	2026-07-28 16:18:59"
"	69BA0CDE","	Chamber1","	1","	B01??(%RH)","	81.1","	2026-07-28 16:18:57"
"	69BA0CDE","	Chamber1","	1","	B01??(?)","	4.5","	2026-07-28 16:18:56"
"	69BA0CDE","	Chamber1","	1","	B01??(?)","	4.5","	2026-07-28 16:18:54"
"	69BA0CDE","	Chamber1","	1","	B01??(%RH)","	81.1","	2026-07-28 16:18:54"
"	69BA0CDE","	Chamber1","	1","	B01??(?)","	4.5","	2026-07-28 16:18:52"
"	69BA0CDE","	Chamber1","	1","	B01??(%RH)","	81","	2026-07-28 16:18:52"
"	69BA0CDE","	Chamber1","	1","	B01??(%RH)","	81","	2026-07-28 16:18:50"
"	69BA0CDE","	Chamber1","	1","	B01??(?)","	4.5","	2026-07-28 16:18:49"
"	69BA0CDE","	Chamber1","	1","	B01??(%RH)","	81","	2026-07-28 16:18:47"
"	69BA0CDE","	Chamber1","	1","	B01??(?)","	4.5","	2026-07-28 16:18:47"
"	69BA0CDE","	Chamber1","	1","	B01??(?)","	4.5","	2026-07-28 16:18:45"
"	69BA0CDE","	Chamber1","	1","	B01??(%RH)","	81","	2026-07-28 16:18:45"
"	69BA0CDE","	Chamber1","	1","	B01??(%RH)","	81","	2026-07-28 16:18:43"
"	69BA0CDE","	Chamber1","	1","	B01??(?)","	4.5","	2026-07-28 16:18:42"
"	69BA0CDE","	Chamber1","	1","	B01??(?)","	4.5","	2026-07-28 16:18:40"
"	69BA0CDE","	Chamber1","	1","	B01??(%RH)","	81.1","	2026-07-28 16:18:40"
"	69BA0CDE","	Chamber1","	1","	B01??(%RH)","	81.1","	2026-07-28 16:18:38"
"	69BA0CDE","	Chamber1","	1","	B01??(?)","	4.5","	2026-07-28 16:18:37"
"	69BA0CDE","	Chamber1","	1","	B01??(?)","	4.5","	2026-07-28 16:18:35"
"	69BA0CDE","	Chamber1","	1","	B01??(%RH)","	81","	2026-07-28 16:18:35"
"	69BA0CDE","	Chamber1","	1","	B01??(%RH)","	81","	2026-07-28 16:18:33"
"	69BA0CDE","	Chamber1","	1","	B01??(?)","	4.5","	2026-07-28 16:18:33"
"	69BA0CDE","	Chamber1","	1","	B01??(%RH)","	81.1","	2026-07-28 16:18:31"
"	69BA0CDE","	Chamber1","	1","	B01??(?)","	4.5","	2026-07-28 16:18:30"
"	69BA0CDE","	Chamber1","	1","	B01??(?)","	4.5","	2026-07-28 16:18:28"
"	69BA0CDE","	Chamber1","	1","	B01??(%RH)","	81.1","	2026-07-28 16:18:28"
"	69BA0CDE","	Chamber1","	1","	B01??(%RH)","	81","	2026-07-28 16:18:26"
"	69BA0CDE","	Chamber1","	1","	B01??(?)","	4.5","	2026-07-28 16:18:25"
"	69BA0CDE","	Chamber1","	1","	B01??(%RH)","	81","	2026-07-28 16:18:23"
"	69BA0CDE","	Chamber1","	1","	B01??(?)","	4.5","	2026-07-28 16:18:23"
"	69BA0CDE","	Chamber1","	1","	B01??(?)","	4.5","	2026-07-28 16:18:21"
"	69BA0CDE","	Chamber1","	1","	B01??(%RH)","	81","	2026-07-28 16:18:21"
"	69BA0CDE","	Chamber1","	1","	B01??(%RH)","	81","	2026-07-28 16:18:19"
"	69BA0CDE","	Chamber1","	1","	B01??(?)","	4.5","	2026-07-28 16:18:18"
"	69BA0CDE","	Chamber1","	1","	B01??(?)","	4.5","	2026-07-28 16:18:16"
"	69BA0CDE","	Chamber1","	1","	B01??(%RH)","	81","	2026-07-28 16:18:16"
"	69BA0CDE","	Chamber1","	1","	B01??(?)","	4.5","	2026-07-28 16:18:14"
"	69BA0CDE","	Chamber1","	1","	B01??(%RH)","	81.1","	2026-07-28 16:18:14"
"	69BA0CDE","	Chamber1","	1","	B01??(%RH)","	81","	2026-07-28 16:18:11"
"	69BA0CDE","	Chamber1","	1","	B01??(?)","	4.5","	2026-07-28 16:18:11"
"	69BA0CDE","	Chamber1","	1","	B01??(?)","	4.5","	2026-07-28 16:18:09"
"	69BA0CDE","	Chamber1","	1","	B01??(%RH)","	81","	2026-07-28 16:18:09"
"	69BA0CDE","	Chamber1","	1","	B01??(%RH)","	81","	2026-07-28 16:18:07"
"	69BA0CDE","	Chamber1","	1","	B01??(?)","	4.5","	2026-07-28 16:18:06"
"	69BA0CDE","	Chamber1","	1","	B01??(?)","	4.5","	2026-07-28 16:18:04"
"	69BA0CDE","	Chamber1","	1","	B01??(%RH)","	81","	2026-07-28 16:18:04"
"	69BA0CDE","	Chamber1","	1","	B01??(?)","	4.5","	2026-07-28 16:18:02"
"	69BA0CDE","	Chamber1","	1","	B01??(%RH)","	81","	2026-07-28 16:18:02"
"	69BA0CDE","	Chamber1","	1","	B01??(%RH)","	81","	2026-07-28 16:18:00"
"	69BA0CDE","	Chamber1","	1","	B01??(?)","	4.5","	2026-07-28 16:17:59"
"	69BA0CDE","	Chamber1","	1","	B01??(?)","	4.5","	2026-07-28 16:17:57"
"	69BA0CDE","	Chamber1","	1","	B01??(%RH)","	81.1","	2026-07-28 16:17:57"
"	69BA0CDE","	Chamber1","	1","	B01??(%RH)","	81","	2026-07-28 16:17:55"
"	69BA0CDE","	Chamber1","	1","	B01??(?)","	4.5","	2026-07-28 16:17:54"
"	69BA0CDE","	Chamber1","	1","	B01??(%RH)","	81.1","	2026-07-28 16:17:52"
"	69BA0CDE","	Chamber1","	1","	B01??(?)","	4.5","	2026-07-28 16:17:52"
"	69BA0CDE","	Chamber1","	1","	B01??(?)","	4.5","	2026-07-28 16:17:50"
"	69BA0CDE","	Chamber1","	1","	B01??(%RH)","	81","	2026-07-28 16:17:50"
"	69BA0CDE","	Chamber1","	1","	B01??(?)","	4.5","	2026-07-28 16:17:48"
"	69BA0CDE","	Chamber1","	1","	B01??(%RH)","	81","	2026-07-28 16:17:48"
"	69BA0CDE","	Chamber1","	1","	B01??(?)","	4.5","	2026-07-28 16:17:45"
"	69BA0CDE","	Chamber1","	1","	B01??(%RH)","	81","	2026-07-28 16:17:45"
"	69BA0CDE","	Chamber1","	1","	B01??(?)","	4.5","	2026-07-28 16:17:43"
"	69BA0CDE","	Chamber1","	1","	B01??(%RH)","	81","	2026-07-28 16:17:43"
"	69BA0CDE","	Chamber1","	1","	B01??(?)","	4.5","	2026-07-28 16:17:41"
"	69BA0CDE","	Chamber1","	1","	B01??(%RH)","	81","	2026-07-28 16:17:41"
"	69BA0CDE","	Chamber1","	1","	B01??(%RH)","	81.1","	2026-07-28 16:17:39"
"	69BA0CDE","	Chamber1","	1","	B01??(?)","	4.5","	2026-07-28 16:17:38"
"	69BA0CDE","	Chamber1","	1","	B01??(?)","	4.5","	2026-07-28 16:17:36"
"	69BA0CDE","	Chamber1","	1","	B01??(%RH)","	81","	2026-07-28 16:17:36"
"	69BA0CDE","	Chamber1","	1","	B01??(?)","	4.5","	2026-07-28 16:17:34"
"	69BA0CDE","	Chamber1","	1","	B01??(%RH)","	81","	2026-07-28 16:17:34"
"	69BA0CDE","	Chamber1","	1","	B01??(?)","	4.5","	2026-07-28 16:17:32"
"	69BA0CDE","	Chamber1","	1","	B01??(%RH)","	81","	2026-07-28 16:17:32"
"	69BA0CDE","	Chamber1","	1","	B01??(%RH)","	81","	2026-07-28 16:17:30"
"	69BA0CDE","	Chamber1","	1","	B01??(?)","	4.5","	2026-07-28 16:17:29"
"	69BA0CDE","	Chamber1","	1","	B01??(?)","	4.5","	2026-07-28 16:17:27"
"	69BA0CDE","	Chamber1","	1","	B01??(%RH)","	81","	2026-07-28 16:17:27"
"	69BA0CDE","	Chamber1","	1","	B01??(?)","	4.5","	2026-07-28 16:17:25"
"	69BA0CDE","	Chamber1","	1","	B01??(%RH)","	81","	2026-07-28 16:17:25"
"	69BA0CDE","	Chamber1","	1","	B01??(?)","	4.5","	2026-07-28 16:17:23"
"	69BA0CDE","	Chamber1","	1","	B01??(%RH)","	81","	2026-07-28 16:17:23"
"	69BA0CDE","	Chamber1","	1","	B01??(%RH)","	81","	2026-07-28 16:17:21"
"	69BA0CDE","	Chamber1","	1","	B01??(?)","	4.5","	2026-07-28 16:17:20"
"	69BA0CDE","	Chamber1","	1","	B01??(?)","	4.5","	2026-07-28 16:17:18"
"	69BA0CDE","	Chamber1","	1","	B01??(%RH)","	81","	2026-07-28 16:17:18"
"	69BA0CDE","	Chamber1","	1","	B01??(?)","	4.5","	2026-07-28 16:17:16"
"	69BA0CDE","	Chamber1","	1","	B01??(%RH)","	81","	2026-07-28 16:17:16"
"	69BA0CDE","	Chamber1","	1","	B01??(%RH)","	81","	2026-07-28 16:17:14"
"	69BA0CDE","	Chamber1","	1","	B01??(?)","	4.5","	2026-07-28 16:17:14"
"	69BA0CDE","	Chamber1","	1","	B01??(%RH)","	81","	2026-07-28 16:17:12"
"	69BA0CDE","	Chamber1","	1","	B01??(?)","	4.5","	2026-07-28 16:17:11"
"	69BA0CDE","	Chamber1","	1","	B01??(?)","	4.5","	2026-07-28 16:17:09"
"	69BA0CDE","	Chamber1","	1","	B01??(%RH)","	81","	2026-07-28 16:17:09"
"	69BA0CDE","	Chamber1","	1","	B01??(?)","	4.5","	2026-07-28 16:17:07"
"	69BA0CDE","	Chamber1","	1","	B01??(%RH)","	81.1","	2026-07-28 16:17:07"
"	69BA0CDE","	Chamber1","	1","	B01??(%RH)","	81","	2026-07-28 16:17:05"
"	69BA0CDE","	Chamber1","	1","	B01??(?)","	4.5","	2026-07-28 16:17:04"
"	69BA0CDE","	Chamber1","	1","	B01??(%RH)","	81","	2026-07-28 16:17:02"
"	69BA0CDE","	Chamber1","	1","	B01??(?)","	4.5","	2026-07-28 16:17:02"
"	69BA0CDE","	Chamber1","	1","	B01??(?)","	4.5","	2026-07-28 16:17:00"
"	69BA0CDE","	Chamber1","	1","	B01??(%RH)","	81","	2026-07-28 16:17:00"
"	69BA0CDE","	Chamber1","	1","	B01??(?)","	4.5","	2026-07-28 16:16:58"
"	69BA0CDE","	Chamber1","	1","	B01??(%RH)","	81","	2026-07-28 16:16:58"
"	69BA0CDE","	Chamber1","	1","	B01??(%RH)","	81","	2026-07-28 16:16:56"
"	69BA0CDE","	Chamber1","	1","	B01??(?)","	4.5","	2026-07-28 16:16:55"
"	69BA0CDE","	Chamber1","	1","	B01??(?)","	4.5","	2026-07-28 16:16:53"
"	69BA0CDE","	Chamber1","	1","	B01??(%RH)","	81","	2026-07-28 16:16:53"
"	69BA0CDE","	Chamber1","	1","	B01??(?)","	4.5","	2026-07-28 16:16:51"
"	69BA0CDE","	Chamber1","	1","	B01??(%RH)","	81","	2026-07-28 16:16:51"
"	69BA0CDE","	Chamber1","	1","	B01??(%RH)","	81","	2026-07-28 16:16:49"
"	69BA0CDE","	Chamber1","	1","	B01??(?)","	4.5","	2026-07-28 16:16:48"
"	69BA0CDE","	Chamber1","	1","	B01??(%RH)","	81","	2026-07-28 16:16:46"
"	69BA0CDE","	Chamber1","	1","	B01??(?)","	4.5","	2026-07-28 16:16:46"
"	69BA0CDE","	Chamber1","	1","	B01??(?)","	4.5","	2026-07-28 16:16:44"
"	69BA0CDE","	Chamber1","	1","	B01??(%RH)","	81","	2026-07-28 16:16:44"
"	69BA0CDE","	Chamber1","	1","	B01??(%RH)","	81","	2026-07-28 16:16:42"
"	69BA0CDE","	Chamber1","	1","	B01??(?)","	4.5","	2026-07-28 16:16:41"
"	69BA0CDE","	Chamber1","	1","	B01??(?)","	4.5","	2026-07-28 16:16:39"
"	69BA0CDE","	Chamber1","	1","	B01??(%RH)","	81","	2026-07-28 16:16:39"
"	69BA0CDE","	Chamber1","	1","	B01??(?)","	4.5","	2026-07-28 16:16:37"
"	69BA0CDE","	Chamber1","	1","	B01??(%RH)","	81","	2026-07-28 16:16:37"
"	69BA0CDE","	Chamber1","	1","	B01??(%RH)","	81","	2026-07-28 16:16:35"
"	69BA0CDE","	Chamber1","	1","	B01??(?)","	4.5","	2026-07-28 16:16:34"
"	69BA0CDE","	Chamber1","	1","	B01??(?)","	4.5","	2026-07-28 16:16:32"
"	69BA0CDE","	Chamber1","	1","	B01??(%RH)","	81","	2026-07-28 16:16:32"
"	69BA0CDE","	Chamber1","	1","	B01??(?)","	4.5","	2026-07-28 16:16:30"
"	69BA0CDE","	Chamber1","	1","	B01??(%RH)","	81","	2026-07-28 16:16:30"
"	69BA0CDE","	Chamber1","	1","	B01??(?)","	4.5","	2026-07-28 16:16:28"
"	69BA0CDE","	Chamber1","	1","	B01??(%RH)","	81","	2026-07-28 16:16:28"
"	69BA0CDE","	Chamber1","	1","	B01??(%RH)","	81","	2026-07-28 16:16:26"
"	69BA0CDE","	Chamber1","	1","	B01??(?)","	4.5","	2026-07-28 16:16:25"
"	69BA0CDE","	Chamber1","	1","	B01??(?)","	4.5","	2026-07-28 16:16:23"
"	69BA0CDE","	Chamber1","	1","	B01??(%RH)","	81","	2026-07-28 16:16:23"
"	69BA0CDE","	Chamber1","	1","	B01??(?)","	4.5","	2026-07-28 16:16:21"
"	69BA0CDE","	Chamber1","	1","	B01??(%RH)","	81","	2026-07-28 16:16:21"
"	69BA0CDE","	Chamber1","	1","	B01??(%RH)","	81","	2026-07-28 16:16:19"
"	69BA0CDE","	Chamber1","	1","	B01??(?)","	4.5","	2026-07-28 16:16:18"
"	69BA0CDE","	Chamber1","	1","	B01??(?)","	4.5","	2026-07-28 16:16:16"
"	69BA0CDE","	Chamber1","	1","	B01??(%RH)","	81","	2026-07-28 16:16:16"
"	69BA0CDE","	Chamber1","	1","	B01??(?)","	4.5","	2026-07-28 16:16:14"
"	69BA0CDE","	Chamber1","	1","	B01??(%RH)","	81","	2026-07-28 16:16:14"
"	69BA0CDE","	Chamber1","	1","	B01??(?)","	4.5","	2026-07-28 16:16:12"
"	69BA0CDE","	Chamber1","	1","	B01??(%RH)","	81","	2026-07-28 16:16:12"
"	69BA0CDE","	Chamber1","	1","	B01??(%RH)","	81","	2026-07-28 16:16:10"
"	69BA0CDE","	Chamber1","	1","	B01??(?)","	4.5","	2026-07-28 16:16:09"
"	69BA0CDE","	Chamber1","	1","	B01??(%RH)","	81","	2026-07-28 16:16:07"
"	69BA0CDE","	Chamber1","	1","	B01??(?)","	4.5","	2026-07-28 16:16:07"
"	69BA0CDE","	Chamber1","	1","	B01??(?)","	4.5","	2026-07-28 16:16:05"
"	69BA0CDE","	Chamber1","	1","	B01??(%RH)","	81","	2026-07-28 16:16:05"
"	69BA0CDE","	Chamber1","	1","	B01??(%RH)","	81","	2026-07-28 16:16:02"
"	69BA0CDE","	Chamber1","	1","	B01??(?)","	4.5","	2026-07-28 16:16:02"
"	69BA0CDE","	Chamber1","	1","	B01??(?)","	4.5","	2026-07-28 16:16:00"
"	69BA0CDE","	Chamber1","	1","	B01??(%RH)","	81","	2026-07-28 16:16:00"
"	69BA0CDE","	Chamber1","	1","	B01??(%RH)","	81","	2026-07-28 16:15:57"
"	69BA0CDE","	Chamber1","	1","	B01??(?)","	4.5","	2026-07-28 16:15:57"
"	69BA0CDE","	Chamber1","	1","	B01??(?)","	4.5","	2026-07-28 16:15:55"
"	69BA0CDE","	Chamber1","	1","	B01??(%RH)","	81","	2026-07-28 16:15:55"
"	69BA0CDE","	Chamber1","	1","	B01??(?)","	4.5","	2026-07-28 16:15:53"
"	69BA0CDE","	Chamber1","	1","	B01??(%RH)","	81","	2026-07-28 16:15:53"
"	69BA0CDE","	Chamber1","	1","	B01??(%RH)","	81","	2026-07-28 16:15:51"
"	69BA0CDE","	Chamber1","	1","	B01??(?)","	4.5","	2026-07-28 16:15:50"
"	69BA0CDE","	Chamber1","	1","	B01??(?)","	4.5","	2026-07-28 16:15:48"
"	69BA0CDE","	Chamber1","	1","	B01??(%RH)","	81","	2026-07-28 16:15:48"
"	69BA0CDE","	Chamber1","	1","	B01??(?)","	4.5","	2026-07-28 16:15:46"
"	69BA0CDE","	Chamber1","	1","	B01??(%RH)","	81","	2026-07-28 16:15:46"
"	69BA0CDE","	Chamber1","	1","	B01??(%RH)","	80.9","	2026-07-28 16:15:44"
"	69BA0CDE","	Chamber1","	1","	B01??(?)","	4.5","	2026-07-28 16:15:43"
"	69BA0CDE","	Chamber1","	1","	B01??(?)","	4.5","	2026-07-28 16:15:41"
"	69BA0CDE","	Chamber1","	1","	B01??(%RH)","	81","	2026-07-28 16:15:41"
"	69BA0CDE","	Chamber1","	1","	B01??(?)","	4.5","	2026-07-28 16:15:39"
"	69BA0CDE","	Chamber1","	1","	B01??(%RH)","	81","	2026-07-28 16:15:39"
"	69BA0CDE","	Chamber1","	1","	B01??(?)","	4.5","	2026-07-28 16:15:37"
"	69BA0CDE","	Chamber1","	1","	B01??(%RH)","	81","	2026-07-28 16:15:37"
"	69BA0CDE","	Chamber1","	1","	B01??(%RH)","	81","	2026-07-28 16:15:35"
"	69BA0CDE","	Chamber1","	1","	B01??(?)","	4.5","	2026-07-28 16:15:34"
"	69BA0CDE","	Chamber1","	1","	B01??(?)","	4.5","	2026-07-28 16:15:32"
"	69BA0CDE","	Chamber1","	1","	B01??(%RH)","	80.9","	2026-07-28 16:15:32"
"	69BA0CDE","	Chamber1","	1","	B01??(?)","	4.5","	2026-07-28 16:15:30"
"	69BA0CDE","	Chamber1","	1","	B01??(%RH)","	81","	2026-07-28 16:15:30"
"	69BA0CDE","	Chamber1","	1","	B01??(%RH)","	81","	2026-07-28 16:15:28"
"	69BA0CDE","	Chamber1","	1","	B01??(?)","	4.5","	2026-07-28 16:15:27"
"	69BA0CDE","	Chamber1","	1","	B01??(?)","	4.5","	2026-07-28 16:15:25"
"	69BA0CDE","	Chamber1","	1","	B01??(%RH)","	81","	2026-07-28 16:15:25"
"	69BA0CDE","	Chamber1","	1","	B01??(?)","	4.5","	2026-07-28 16:15:23"
"	69BA0CDE","	Chamber1","	1","	B01??(%RH)","	81","	2026-07-28 16:15:23"
"	69BA0CDE","	Chamber1","	1","	B01??(?)","	4.5","	2026-07-28 16:15:21"
"	69BA0CDE","	Chamber1","	1","	B01??(%RH)","	81","	2026-07-28 16:15:21"
"	69BA0CDE","	Chamber1","	1","	B01??(%RH)","	81","	2026-07-28 16:15:19"
"	69BA0CDE","	Chamber1","	1","	B01??(?)","	4.5","	2026-07-28 16:15:18"
"	69BA0CDE","	Chamber1","	1","	B01??(?)","	4.5","	2026-07-28 16:15:16"
"	69BA0CDE","	Chamber1","	1","	B01??(%RH)","	80.9","	2026-07-28 16:15:16"
"	69BA0CDE","	Chamber1","	1","	B01??(%RH)","	80.9","	2026-07-28 16:15:14"
"	69BA0CDE","	Chamber1","	1","	B01??(?)","	4.5","	2026-07-28 16:15:14"
"	69BA0CDE","	Chamber1","	1","	B01??(?)","	4.5","	2026-07-28 16:15:12"
"	69BA0CDE","	Chamber1","	1","	B01??(%RH)","	80.9","	2026-07-28 16:15:12"
"	69BA0CDE","	Chamber1","	1","	B01??(%RH)","	80.9","	2026-07-28 16:15:10"
"	69BA0CDE","	Chamber1","	1","	B01??(?)","	4.5","	2026-07-28 16:15:09"
"	69BA0CDE","	Chamber1","	1","	B01??(%RH)","	80.9","	2026-07-28 16:15:07"
"	69BA0CDE","	Chamber1","	1","	B01??(?)","	4.5","	2026-07-28 16:15:07"
"	69BA0CDE","	Chamber1","	1","	B01??(?)","	4.5","	2026-07-28 16:15:05"
"	69BA0CDE","	Chamber1","	1","	B01??(%RH)","	80.9","	2026-07-28 16:15:05"
"	69BA0CDE","	Chamber1","	1","	B01??(%RH)","	80.9","	2026-07-28 16:15:03"
"	69BA0CDE","	Chamber1","	1","	B01??(?)","	4.5","	2026-07-28 16:15:02"
"	69BA0CDE","	Chamber1","	1","	B01??(?)","	4.5","	2026-07-28 16:15:00"
"	69BA0CDE","	Chamber1","	1","	B01??(%RH)","	80.9","	2026-07-28 16:15:00"
"	69BA0CDE","	Chamber1","	1","	B01??(?)","	4.5","	2026-07-28 16:14:58"
"	69BA0CDE","	Chamber1","	1","	B01??(%RH)","	80.9","	2026-07-28 16:14:58"
"	69BA0CDE","	Chamber1","	1","	B01??(%RH)","	80.9","	2026-07-28 16:14:56"
"	69BA0CDE","	Chamber1","	1","	B01??(?)","	4.5","	2026-07-28 16:14:55"
"	69BA0CDE","	Chamber1","	1","	B01??(?)","	4.5","	2026-07-28 16:14:53"
"	69BA0CDE","	Chamber1","	1","	B01??(%RH)","	80.9","	2026-07-28 16:14:53"
"	69BA0CDE","	Chamber1","	1","	B01??(%RH)","	80.9","	2026-07-28 16:14:51"
"	69BA0CDE","	Chamber1","	1","	B01??(?)","	4.5","	2026-07-28 16:14:51"
"	69BA0CDE","	Chamber1","	1","	B01??(?)","	4.5","	2026-07-28 16:14:49"
"	69BA0CDE","	Chamber1","	1","	B01??(%RH)","	80.9","	2026-07-28 16:14:49"
"	69BA0CDE","	Chamber1","	1","	B01??(%RH)","	80.9","	2026-07-28 16:14:47"
"	69BA0CDE","	Chamber1","	1","	B01??(?)","	4.5","	2026-07-28 16:14:46"
"	69BA0CDE","	Chamber1","	1","	B01??(?)","	4.5","	2026-07-28 16:14:44"
"	69BA0CDE","	Chamber1","	1","	B01??(%RH)","	80.9","	2026-07-28 16:14:44"
"	69BA0CDE","	Chamber1","	1","	B01??(%RH)","	80.9","	2026-07-28 16:14:42"
"	69BA0CDE","	Chamber1","	1","	B01??(?)","	4.5","	2026-07-28 16:14:42"
"	69BA0CDE","	Chamber1","	1","	B01??(%RH)","	80.9","	2026-07-28 16:14:40"
"	69BA0CDE","	Chamber1","	1","	B01??(?)","	4.5","	2026-07-28 16:14:39"
"	69BA0CDE","	Chamber1","	1","	B01??(%RH)","	80.9","	2026-07-28 16:14:37"
"	69BA0CDE","	Chamber1","	1","	B01??(?)","	4.5","	2026-07-28 16:14:37"
"	69BA0CDE","	Chamber1","	1","	B01??(?)","	4.5","	2026-07-28 16:14:35"
"	69BA0CDE","	Chamber1","	1","	B01??(%RH)","	80.9","	2026-07-28 16:14:35"
"	69BA0CDE","	Chamber1","	1","	B01??(?)","	4.5","	2026-07-28 16:14:33"
"	69BA0CDE","	Chamber1","	1","	B01??(%RH)","	80.9","	2026-07-28 16:14:33"
"	69BA0CDE","	Chamber1","	1","	B01??(%RH)","	80.9","	2026-07-28 16:14:31"
"	69BA0CDE","	Chamber1","	1","	B01??(?)","	4.5","	2026-07-28 16:14:30"
"	69BA0CDE","	Chamber1","	1","	B01??(?)","	4.5","	2026-07-28 16:14:28"
"	69BA0CDE","	Chamber1","	1","	B01??(%RH)","	80.9","	2026-07-28 16:14:28"
"	69BA0CDE","	Chamber1","	1","	B01??(?)","	4.5","	2026-07-28 16:14:26"
"	69BA0CDE","	Chamber1","	1","	B01??(%RH)","	80.9","	2026-07-28 16:14:26"
"	69BA0CDE","	Chamber1","	1","	B01??(%RH)","	80.9","	2026-07-28 16:14:24"
"	69BA0CDE","	Chamber1","	1","	B01??(?)","	4.5","	2026-07-28 16:14:23"
"	69BA0CDE","	Chamber1","	1","	B01??(?)","	4.5","	2026-07-28 16:14:21"
"	69BA0CDE","	Chamber1","	1","	B01??(%RH)","	80.9","	2026-07-28 16:14:21"
"	69BA0CDE","	Chamber1","	1","	B01??(?)","	4.5","	2026-07-28 16:14:19"
"	69BA0CDE","	Chamber1","	1","	B01??(%RH)","	80.8","	2026-07-28 16:14:19"
"	69BA0CDE","	Chamber1","	1","	B01??(?)","	4.5","	2026-07-28 16:14:17"
"	69BA0CDE","	Chamber1","	1","	B01??(%RH)","	80.9","	2026-07-28 16:14:17"
"	69BA0CDE","	Chamber1","	1","	B01??(%RH)","	80.9","	2026-07-28 16:14:15"
"	69BA0CDE","	Chamber1","	1","	B01??(?)","	4.5","	2026-07-28 16:14:14"
"	69BA0CDE","	Chamber1","	1","	B01??(?)","	4.5","	2026-07-28 16:14:12"
"	69BA0CDE","	Chamber1","	1","	B01??(%RH)","	80.9","	2026-07-28 16:14:12"
"	69BA0CDE","	Chamber1","	1","	B01??(?)","	4.5","	2026-07-28 16:14:10"
"	69BA0CDE","	Chamber1","	1","	B01??(%RH)","	80.8","	2026-07-28 16:14:10"
"	69BA0CDE","	Chamber1","	1","	B01??(%RH)","	80.9","	2026-07-28 16:14:08"
"	69BA0CDE","	Chamber1","	1","	B01??(?)","	4.5","	2026-07-28 16:14:07"
"	69BA0CDE","	Chamber1","	1","	B01??(?)","	4.5","	2026-07-28 16:14:05"
"	69BA0CDE","	Chamber1","	1","	B01??(%RH)","	80.8","	2026-07-28 16:14:05"
"	69BA0CDE","	Chamber1","	1","	B01??(%RH)","	80.8","	2026-07-28 16:14:03"
"	69BA0CDE","	Chamber1","	1","	B01??(?)","	4.5","	2026-07-28 16:14:03"
"	69BA0CDE","	Chamber1","	1","	B01??(?)","	4.5","	2026-07-28 16:14:01"
"	69BA0CDE","	Chamber1","	1","	B01??(%RH)","	80.8","	2026-07-28 16:14:01"
"	69BA0CDE","	Chamber1","	1","	B01??(%RH)","	80.8","	2026-07-28 16:13:59"
"	69BA0CDE","	Chamber1","	1","	B01??(?)","	4.5","	2026-07-28 16:13:58"
"	69BA0CDE","	Chamber1","	1","	B01??(?)","	4.5","	2026-07-28 16:13:56"
"	69BA0CDE","	Chamber1","	1","	B01??(%RH)","	80.8","	2026-07-28 16:13:56"
"	69BA0CDE","	Chamber1","	1","	B01??(?)","	4.5","	2026-07-28 16:13:54"
"	69BA0CDE","	Chamber1","	1","	B01??(%RH)","	80.8","	2026-07-28 16:13:54"
"	69BA0CDE","	Chamber1","	1","	B01??(?)","	4.5","	2026-07-28 16:13:52"
"	69BA0CDE","	Chamber1","	1","	B01??(%RH)","	80.8","	2026-07-28 16:13:52"
"	69BA0CDE","	Chamber1","	1","	B01??(%RH)","	80.8","	2026-07-28 16:13:50"
"	69BA0CDE","	Chamber1","	1","	B01??(?)","	4.5","	2026-07-28 16:13:49"
"	69BA0CDE","	Chamber1","	1","	B01??(?)","	4.5","	2026-07-28 16:13:47"
"	69BA0CDE","	Chamber1","	1","	B01??(%RH)","	80.8","	2026-07-28 16:13:47"
"	69BA0CDE","	Chamber1","	1","	B01??(%RH)","	80.8","	2026-07-28 16:13:45"
"	69BA0CDE","	Chamber1","	1","	B01??(?)","	4.5","	2026-07-28 16:13:45"
"	69BA0CDE","	Chamber1","	1","	B01??(?)","	4.5","	2026-07-28 16:13:43"
"	69BA0CDE","	Chamber1","	1","	B01??(%RH)","	80.8","	2026-07-28 16:13:43"
"	69BA0CDE","	Chamber1","	1","	B01??(%RH)","	80.8","	2026-07-28 16:13:41"
"	69BA0CDE","	Chamber1","	1","	B01??(?)","	4.5","	2026-07-28 16:13:40"
"	69BA0CDE","	Chamber1","	1","	B01??(?)","	4.5","	2026-07-28 16:13:38"
"	69BA0CDE","	Chamber1","	1","	B01??(%RH)","	80.8","	2026-07-28 16:13:38"
"	69BA0CDE","	Chamber1","	1","	B01??(?)","	4.5","	2026-07-28 16:13:36"
"	69BA0CDE","	Chamber1","	1","	B01??(%RH)","	80.8","	2026-07-28 16:13:36"
"	69BA0CDE","	Chamber1","	1","	B01??(%RH)","	80.8","	2026-07-28 16:13:34"
"	69BA0CDE","	Chamber1","	1","	B01??(?)","	4.5","	2026-07-28 16:13:33"
"	69BA0CDE","	Chamber1","	1","	B01??(%RH)","	80.8","	2026-07-28 16:13:31"
"	69BA0CDE","	Chamber1","	1","	B01??(?)","	4.5","	2026-07-28 16:13:31"
"	69BA0CDE","	Chamber1","	1","	B01??(?)","	4.5","	2026-07-28 16:13:29"
"	69BA0CDE","	Chamber1","	1","	B01??(%RH)","	80.8","	2026-07-28 16:13:29"
"	69BA0CDE","	Chamber1","	1","	B01??(?)","	4.5","	2026-07-28 16:13:27"
"	69BA0CDE","	Chamber1","	1","	B01??(%RH)","	80.8","	2026-07-28 16:13:27"
"	69BA0CDE","	Chamber1","	1","	B01??(%RH)","	80.8","	2026-07-28 16:13:25"
"	69BA0CDE","	Chamber1","	1","	B01??(?)","	4.5","	2026-07-28 16:13:24"
"	69BA0CDE","	Chamber1","	1","	B01??(?)","	4.5","	2026-07-28 16:13:22"
"	69BA0CDE","	Chamber1","	1","	B01??(%RH)","	80.8","	2026-07-28 16:13:22"
"	69BA0CDE","	Chamber1","	1","	B01??(?)","	4.5","	2026-07-28 16:13:20"
"	69BA0CDE","	Chamber1","	1","	B01??(%RH)","	80.8","	2026-07-28 16:13:20"
"	69BA0CDE","	Chamber1","	1","	B01??(%RH)","	80.8","	2026-07-28 16:13:18"
"	69BA0CDE","	Chamber1","	1","	B01??(?)","	4.5","	2026-07-28 16:13:17"
"	69BA0CDE","	Chamber1","	1","	B01??(?)","	4.5","	2026-07-28 16:13:15"
"	69BA0CDE","	Chamber1","	1","	B01??(%RH)","	80.8","	2026-07-28 16:13:15"
"	69BA0CDE","	Chamber1","	1","	B01??(%RH)","	80.7","	2026-07-28 16:13:13"
"	69BA0CDE","	Chamber1","	1","	B01??(?)","	4.5","	2026-07-28 16:13:13"
"	69BA0CDE","	Chamber1","	1","	B01??(?)","	4.5","	2026-07-28 16:13:11"
"	69BA0CDE","	Chamber1","	1","	B01??(%RH)","	80.7","	2026-07-28 16:13:11"
"	69BA0CDE","	Chamber1","	1","	B01??(%RH)","	80.8","	2026-07-28 16:13:09"
"	69BA0CDE","	Chamber1","	1","	B01??(?)","	4.5","	2026-07-28 16:13:08"
"	69BA0CDE","	Chamber1","	1","	B01??(?)","	4.5","	2026-07-28 16:13:06"
"	69BA0CDE","	Chamber1","	1","	B01??(%RH)","	80.7","	2026-07-28 16:13:06"
"	69BA0CDE","	Chamber1","	1","	B01??(?)","	4.5","	2026-07-28 16:13:04"
"	69BA0CDE","	Chamber1","	1","	B01??(%RH)","	80.8","	2026-07-28 16:13:04"
"	69BA0CDE","	Chamber1","	1","	B01??(%RH)","	80.7","	2026-07-28 16:13:02"
"	69BA0CDE","	Chamber1","	1","	B01??(?)","	4.5","	2026-07-28 16:13:01"
"	69BA0CDE","	Chamber1","	1","	B01??(?)","	4.5","	2026-07-28 16:12:59"
"	69BA0CDE","	Chamber1","	1","	B01??(%RH)","	80.7","	2026-07-28 16:12:59"
"	69BA0CDE","	Chamber1","	1","	B01??(?)","	4.5","	2026-07-28 16:12:57"
"	69BA0CDE","	Chamber1","	1","	B01??(%RH)","	80.8","	2026-07-28 16:12:57"
"	69BA0CDE","	Chamber1","	1","	B01??(?)","	4.5","	2026-07-28 16:12:55"
"	69BA0CDE","	Chamber1","	1","	B01??(%RH)","	80.7","	2026-07-28 16:12:55"
"	69BA0CDE","	Chamber1","	1","	B01??(%RH)","	80.7","	2026-07-28 16:12:53"
"	69BA0CDE","	Chamber1","	1","	B01??(?)","	4.5","	2026-07-28 16:12:52"
"	69BA0CDE","	Chamber1","	1","	B01??(%RH)","	80.8","	2026-07-28 16:12:50"
"	69BA0CDE","	Chamber1","	1","	B01??(?)","	4.5","	2026-07-28 16:12:50"
"	69BA0CDE","	Chamber1","	1","	B01??(?)","	4.5","	2026-07-28 16:12:48"
"	69BA0CDE","	Chamber1","	1","	B01??(%RH)","	80.7","	2026-07-28 16:12:48"
"	69BA0CDE","	Chamber1","	1","	B01??(?)","	4.5","	2026-07-28 16:12:46"
"	69BA0CDE","	Chamber1","	1","	B01??(%RH)","	80.7","	2026-07-28 16:12:46"
"	69BA0CDE","	Chamber1","	1","	B01??(%RH)","	80.7","	2026-07-28 16:12:44"
"	69BA0CDE","	Chamber1","	1","	B01??(?)","	4.5","	2026-07-28 16:12:43"
"	69BA0CDE","	Chamber1","	1","	B01??(?)","	4.5","	2026-07-28 16:12:41"
"	69BA0CDE","	Chamber1","	1","	B01??(%RH)","	80.7","	2026-07-28 16:12:41"
"	69BA0CDE","	Chamber1","	1","	B01??(?)","	4.5","	2026-07-28 16:12:39"
"	69BA0CDE","	Chamber1","	1","	B01??(%RH)","	80.7","	2026-07-28 16:12:39"
"	69BA0CDE","	Chamber1","	1","	B01??(?)","	4.5","	2026-07-28 16:12:37"
"	69BA0CDE","	Chamber1","	1","	B01??(%RH)","	80.7","	2026-07-28 16:12:37"
"	69BA0CDE","	Chamber1","	1","	B01??(%RH)","	80.7","	2026-07-28 16:12:35"
"	69BA0CDE","	Chamber1","	1","	B01??(?)","	4.5","	2026-07-28 16:12:34"
"	69BA0CDE","	Chamber1","	1","	B01??(?)","	4.5","	2026-07-28 16:12:32"
"	69BA0CDE","	Chamber1","	1","	B01??(%RH)","	80.7","	2026-07-28 16:12:32"
"	69BA0CDE","	Chamber1","	1","	B01??(%RH)","	80.7","	2026-07-28 16:12:30"
"	69BA0CDE","	Chamber1","	1","	B01??(?)","	4.5","	2026-07-28 16:12:30"
"	69BA0CDE","	Chamber1","	1","	B01??(%RH)","	80.7","	2026-07-28 16:12:28"
"	69BA0CDE","	Chamber1","	1","	B01??(?)","	4.5","	2026-07-28 16:12:27"
"	69BA0CDE","	Chamber1","	1","	B01??(?)","	4.5","	2026-07-28 16:12:25"
"	69BA0CDE","	Chamber1","	1","	B01??(%RH)","	80.7","	2026-07-28 16:12:25"
"	69BA0CDE","	Chamber1","	1","	B01??(?)","	4.5","	2026-07-28 16:12:23"
"	69BA0CDE","	Chamber1","	1","	B01??(%RH)","	80.7","	2026-07-28 16:12:23"
"	69BA0CDE","	Chamber1","	1","	B01??(?)","	4.5","	2026-07-28 16:12:21"
"	69BA0CDE","	Chamber1","	1","	B01??(%RH)","	80.7","	2026-07-28 16:12:21"
"	69BA0CDE","	Chamber1","	1","	B01??(%RH)","	80.7","	2026-07-28 16:12:19"
"	69BA0CDE","	Chamber1","	1","	B01??(?)","	4.5","	2026-07-28 16:12:18"
"	69BA0CDE","	Chamber1","	1","	B01??(?)","	4.5","	2026-07-28 16:12:16"
"	69BA0CDE","	Chamber1","	1","	B01??(%RH)","	80.7","	2026-07-28 16:12:16"
"	69BA0CDE","	Chamber1","	1","	B01??(?)","	4.5","	2026-07-28 16:12:14"
"	69BA0CDE","	Chamber1","	1","	B01??(%RH)","	80.7","	2026-07-28 16:12:14"
"	69BA0CDE","	Chamber1","	1","	B01??(?)","	4.5","	2026-07-28 16:12:12"
"	69BA0CDE","	Chamber1","	1","	B01??(%RH)","	80.7","	2026-07-28 16:12:12"
"	69BA0CDE","	Chamber1","	1","	B01??(%RH)","	80.7","	2026-07-28 16:12:10"
"	69BA0CDE","	Chamber1","	1","	B01??(?)","	4.5","	2026-07-28 16:12:09"
"	69BA0CDE","	Chamber1","	1","	B01??(?)","	4.5","	2026-07-28 16:12:07"
"	69BA0CDE","	Chamber1","	1","	B01??(%RH)","	80.7","	2026-07-28 16:12:07"
"	69BA0CDE","	Chamber1","	1","	B01??(?)","	4.5","	2026-07-28 16:12:05"
"	69BA0CDE","	Chamber1","	1","	B01??(%RH)","	80.7","	2026-07-28 16:12:05"
"	69BA0CDE","	Chamber1","	1","	B01??(?)","	4.5","	2026-07-28 16:12:03"
"	69BA0CDE","	Chamber1","	1","	B01??(%RH)","	80.7","	2026-07-28 16:12:03"
"	69BA0CDE","	Chamber1","	1","	B01??(%RH)","	80.7","	2026-07-28 16:12:01"
"	69BA0CDE","	Chamber1","	1","	B01??(?)","	4.5","	2026-07-28 16:12:00"
"	69BA0CDE","	Chamber1","	1","	B01??(?)","	4.5","	2026-07-28 16:11:58"
"	69BA0CDE","	Chamber1","	1","	B01??(%RH)","	80.7","	2026-07-28 16:11:58"
"	69BA0CDE","	Chamber1","	1","	B01??(%RH)","	80.7","	2026-07-28 16:11:56"
"	69BA0CDE","	Chamber1","	1","	B01??(?)","	4.5","	2026-07-28 16:11:56"
"	69BA0CDE","	Chamber1","	1","	B01??(%RH)","	80.7","	2026-07-28 16:11:54"
"	69BA0CDE","	Chamber1","	1","	B01??(?)","	4.5","	2026-07-28 16:11:53"
"	69BA0CDE","	Chamber1","	1","	B01??(?)","	4.5","	2026-07-28 16:11:51"
"	69BA0CDE","	Chamber1","	1","	B01??(%RH)","	80.7","	2026-07-28 16:11:51"
"	69BA0CDE","	Chamber1","	1","	B01??(?)","	4.5","	2026-07-28 16:11:49"
"	69BA0CDE","	Chamber1","	1","	B01??(%RH)","	80.7","	2026-07-28 16:11:49"
"	69BA0CDE","	Chamber1","	1","	B01??(?)","	4.5","	2026-07-28 16:11:47"
"	69BA0CDE","	Chamber1","	1","	B01??(%RH)","	80.7","	2026-07-28 16:11:47"
"	69BA0CDE","	Chamber1","	1","	B01??(%RH)","	80.7","	2026-07-28 16:11:45"
"	69BA0CDE","	Chamber1","	1","	B01??(?)","	4.5","	2026-07-28 16:11:44"
"	69BA0CDE","	Chamber1","	1","	B01??(?)","	4.5","	2026-07-28 16:11:42"
"	69BA0CDE","	Chamber1","	1","	B01??(%RH)","	80.6","	2026-07-28 16:11:42"
"	69BA0CDE","	Chamber1","	1","	B01??(?)","	4.5","	2026-07-28 16:11:40"
"	69BA0CDE","	Chamber1","	1","	B01??(%RH)","	80.7","	2026-07-28 16:11:40"
"	69BA0CDE","	Chamber1","	1","	B01??(?)","	4.5","	2026-07-28 16:11:38"
"	69BA0CDE","	Chamber1","	1","	B01??(%RH)","	80.7","	2026-07-28 16:11:38"
"	69BA0CDE","	Chamber1","	1","	B01??(%RH)","	80.7","	2026-07-28 16:11:36"
"	69BA0CDE","	Chamber1","	1","	B01??(?)","	4.5","	2026-07-28 16:11:35"
"	69BA0CDE","	Chamber1","	1","	B01??(?)","	4.5","	2026-07-28 16:11:33"
"	69BA0CDE","	Chamber1","	1","	B01??(%RH)","	80.7","	2026-07-28 16:11:33"
"	69BA0CDE","	Chamber1","	1","	B01??(?)","	4.5","	2026-07-28 16:11:31"
"	69BA0CDE","	Chamber1","	1","	B01??(%RH)","	80.6","	2026-07-28 16:11:31"
"	69BA0CDE","	Chamber1","	1","	B01??(?)","	4.5","	2026-07-28 16:11:29"
"	69BA0CDE","	Chamber1","	1","	B01??(%RH)","	80.7","	2026-07-28 16:11:29"
"	69BA0CDE","	Chamber1","	1","	B01??(%RH)","	80.7","	2026-07-28 16:11:27"
"	69BA0CDE","	Chamber1","	1","	B01??(?)","	4.5","	2026-07-28 16:11:26"
"	69BA0CDE","	Chamber1","	1","	B01??(?)","	4.5","	2026-07-28 16:11:24"
"	69BA0CDE","	Chamber1","	1","	B01??(%RH)","	80.7","	2026-07-28 16:11:24"
"	69BA0CDE","	Chamber1","	1","	B01??(?)","	4.5","	2026-07-28 16:11:22"
"	69BA0CDE","	Chamber1","	1","	B01??(%RH)","	80.6","	2026-07-28 16:11:22"
"	69BA0CDE","	Chamber1","	1","	B01??(?)","	4.5","	2026-07-28 16:11:20"
"	69BA0CDE","	Chamber1","	1","	B01??(%RH)","	80.6","	2026-07-28 16:11:20"
"	69BA0CDE","	Chamber1","	1","	B01??(%RH)","	80.6","	2026-07-28 16:11:18"
"	69BA0CDE","	Chamber1","	1","	B01??(?)","	4.5","	2026-07-28 16:11:17"
"	69BA0CDE","	Chamber1","	1","	B01??(?)","	4.5","	2026-07-28 16:11:15"
"	69BA0CDE","	Chamber1","	1","	B01??(%RH)","	80.6","	2026-07-28 16:11:15"
"	69BA0CDE","	Chamber1","	1","	B01??(?)","	4.5","	2026-07-28 16:11:13"
"	69BA0CDE","	Chamber1","	1","	B01??(%RH)","	80.6","	2026-07-28 16:11:13"
"	69BA0CDE","	Chamber1","	1","	B01??(?)","	4.5","	2026-07-28 16:11:11"
"	69BA0CDE","	Chamber1","	1","	B01??(%RH)","	80.6","	2026-07-28 16:11:11"
"	69BA0CDE","	Chamber1","	1","	B01??(%RH)","	80.6","	2026-07-28 16:11:09"
"	69BA0CDE","	Chamber1","	1","	B01??(?)","	4.5","	2026-07-28 16:11:08"
"	69BA0CDE","	Chamber1","	1","	B01??(%RH)","	80.6","	2026-07-28 16:11:06"
"	69BA0CDE","	Chamber1","	1","	B01??(?)","	4.5","	2026-07-28 16:11:06"
"	69BA0CDE","	Chamber1","	1","	B01??(?)","	4.5","	2026-07-28 16:11:04"
"	69BA0CDE","	Chamber1","	1","	B01??(%RH)","	80.6","	2026-07-28 16:11:04"
"	69BA0CDE","	Chamber1","	1","	B01??(%RH)","	80.6","	2026-07-28 16:11:02"
"	69BA0CDE","	Chamber1","	1","	B01??(?)","	4.5","	2026-07-28 16:11:01"
"	69BA0CDE","	Chamber1","	1","	B01??(?)","	4.5","	2026-07-28 16:10:59"
"	69BA0CDE","	Chamber1","	1","	B01??(%RH)","	80.6","	2026-07-28 16:10:59"
"	69BA0CDE","	Chamber1","	1","	B01??(?)","	4.5","	2026-07-28 16:10:57"
"	69BA0CDE","	Chamber1","	1","	B01??(%RH)","	80.6","	2026-07-28 16:10:57"
"	69BA0CDE","	Chamber1","	1","	B01??(?)","	4.5","	2026-07-28 16:10:55"
"	69BA0CDE","	Chamber1","	1","	B01??(%RH)","	80.6","	2026-07-28 16:10:55"
"	69BA0CDE","	Chamber1","	1","	B01??(%RH)","	80.6","	2026-07-28 16:10:53"
"	69BA0CDE","	Chamber1","	1","	B01??(?)","	4.5","	2026-07-28 16:10:52"
"	69BA0CDE","	Chamber1","	1","	B01??(?)","	4.5","	2026-07-28 16:10:50"
"	69BA0CDE","	Chamber1","	1","	B01??(%RH)","	80.6","	2026-07-28 16:10:50"
"	69BA0CDE","	Chamber1","	1","	B01??(?)","	4.5","	2026-07-28 16:10:48"
"	69BA0CDE","	Chamber1","	1","	B01??(%RH)","	80.6","	2026-07-28 16:10:48"
"	69BA0CDE","	Chamber1","	1","	B01??(?)","	4.5","	2026-07-28 16:10:46"
"	69BA0CDE","	Chamber1","	1","	B01??(%RH)","	80.6","	2026-07-28 16:10:46"
"	69BA0CDE","	Chamber1","	1","	B01??(%RH)","	80.6","	2026-07-28 16:10:44"
"	69BA0CDE","	Chamber1","	1","	B01??(?)","	4.5","	2026-07-28 16:10:43"
"	69BA0CDE","	Chamber1","	1","	B01??(?)","	4.5","	2026-07-28 16:10:41"
"	69BA0CDE","	Chamber1","	1","	B01??(%RH)","	80.6","	2026-07-28 16:10:41"
"	69BA0CDE","	Chamber1","	1","	B01??(?)","	4.5","	2026-07-28 16:10:39"
"	69BA0CDE","	Chamber1","	1","	B01??(%RH)","	80.6","	2026-07-28 16:10:39"
"	69BA0CDE","	Chamber1","	1","	B01??(?)","	4.5","	2026-07-28 16:10:37"
"	69BA0CDE","	Chamber1","	1","	B01??(%RH)","	80.6","	2026-07-28 16:10:37"
"	69BA0CDE","	Chamber1","	1","	B01??(%RH)","	80.6","	2026-07-28 16:10:35"
"	69BA0CDE","	Chamber1","	1","	B01??(?)","	4.5","	2026-07-28 16:10:34"
"	69BA0CDE","	Chamber1","	1","	B01??(?)","	4.5","	2026-07-28 16:10:32"
"	69BA0CDE","	Chamber1","	1","	B01??(%RH)","	80.6","	2026-07-28 16:10:32"
"	69BA0CDE","	Chamber1","	1","	B01??(?)","	4.5","	2026-07-28 16:10:30"
"	69BA0CDE","	Chamber1","	1","	B01??(%RH)","	80.6","	2026-07-28 16:10:30"
"	69BA0CDE","	Chamber1","	1","	B01??(?)","	4.5","	2026-07-28 16:10:28"
"	69BA0CDE","	Chamber1","	1","	B01??(%RH)","	80.6","	2026-07-28 16:10:28"
"	69BA0CDE","	Chamber1","	1","	B01??(%RH)","	80.6","	2026-07-28 16:10:26"
"	69BA0CDE","	Chamber1","	1","	B01??(?)","	4.5","	2026-07-28 16:10:25"
"	69BA0CDE","	Chamber1","	1","	B01??(?)","	4.5","	2026-07-28 16:10:23"
"	69BA0CDE","	Chamber1","	1","	B01??(%RH)","	80.6","	2026-07-28 16:10:23"
"	69BA0CDE","	Chamber1","	1","	B01??(?)","	4.5","	2026-07-28 16:10:21"
"	69BA0CDE","	Chamber1","	1","	B01??(%RH)","	80.6","	2026-07-28 16:10:21"
"	69BA0CDE","	Chamber1","	1","	B01??(?)","	4.5","	2026-07-28 16:10:19"
"	69BA0CDE","	Chamber1","	1","	B01??(%RH)","	80.6","	2026-07-28 16:10:19"
"	69BA0CDE","	Chamber1","	1","	B01??(%RH)","	80.6","	2026-07-28 16:10:17"
"	69BA0CDE","	Chamber1","	1","	B01??(?)","	4.5","	2026-07-28 16:10:16"
"	69BA0CDE","	Chamber1","	1","	B01??(?)","	4.5","	2026-07-28 16:10:14"
"	69BA0CDE","	Chamber1","	1","	B01??(%RH)","	80.6","	2026-07-28 16:10:14"
"	69BA0CDE","	Chamber1","	1","	B01??(?)","	4.5","	2026-07-28 16:10:12"
"	69BA0CDE","	Chamber1","	1","	B01??(%RH)","	80.6","	2026-07-28 16:10:12"
"	69BA0CDE","	Chamber1","	1","	B01??(?)","	4.5","	2026-07-28 16:10:10"
"	69BA0CDE","	Chamber1","	1","	B01??(%RH)","	80.6","	2026-07-28 16:10:10"
"	69BA0CDE","	Chamber1","	1","	B01??(?)","	4.5","	2026-07-28 16:10:07"
"	69BA0CDE","	Chamber1","	1","	B01??(%RH)","	80.6","	2026-07-28 16:10:07"
"	69BA0CDE","	Chamber1","	1","	B01??(?)","	4.5","	2026-07-28 16:10:05"
"	69BA0CDE","	Chamber1","	1","	B01??(%RH)","	80.6","	2026-07-28 16:10:05"
"	69BA0CDE","	Chamber1","	1","	B01??(?)","	4.5","	2026-07-28 16:10:03"
"	69BA0CDE","	Chamber1","	1","	B01??(%RH)","	80.6","	2026-07-28 16:10:03"
"	69BA0CDE","	Chamber1","	1","	B01??(%RH)","	80.6","	2026-07-28 16:10:01"
"	69BA0CDE","	Chamber1","	1","	B01??(?)","	4.5","	2026-07-28 16:10:00"
"	69BA0CDE","	Chamber1","	1","	B01??(?)","	4.5","	2026-07-28 16:09:58"
"	69BA0CDE","	Chamber1","	1","	B01??(%RH)","	80.6","	2026-07-28 16:09:58"
"	69BA0CDE","	Chamber1","	1","	B01??(?)","	4.5","	2026-07-28 16:09:56"
"	69BA0CDE","	Chamber1","	1","	B01??(%RH)","	80.5","	2026-07-28 16:09:56"
"	69BA0CDE","	Chamber1","	1","	B01??(?)","	4.5","	2026-07-28 16:09:54"
"	69BA0CDE","	Chamber1","	1","	B01??(%RH)","	80.5","	2026-07-28 16:09:54"
"	69BA0CDE","	Chamber1","	1","	B01??(%RH)","	80.6","	2026-07-28 16:09:52"
"	69BA0CDE","	Chamber1","	1","	B01??(?)","	4.5","	2026-07-28 16:09:51"
"	69BA0CDE","	Chamber1","	1","	B01??(?)","	4.5","	2026-07-28 16:09:49"
"	69BA0CDE","	Chamber1","	1","	B01??(%RH)","	80.6","	2026-07-28 16:09:49"
"	69BA0CDE","	Chamber1","	1","	B01??(?)","	4.5","	2026-07-28 16:09:47"
"	69BA0CDE","	Chamber1","	1","	B01??(%RH)","	80.6","	2026-07-28 16:09:47"
"	69BA0CDE","	Chamber1","	1","	B01??(?)","	4.5","	2026-07-28 16:09:45"
"	69BA0CDE","	Chamber1","	1","	B01??(%RH)","	80.5","	2026-07-28 16:09:45"
"	69BA0CDE","	Chamber1","	1","	B01??(%RH)","	80.6","	2026-07-28 16:09:43"
"	69BA0CDE","	Chamber1","	1","	B01??(?)","	4.5","	2026-07-28 16:09:42"
"	69BA0CDE","	Chamber1","	1","	B01??(?)","	4.5","	2026-07-28 16:09:40"
"	69BA0CDE","	Chamber1","	1","	B01??(%RH)","	80.6","	2026-07-28 16:09:40"
"	69BA0CDE","	Chamber1","	1","	B01??(?)","	4.5","	2026-07-28 16:09:38"
"	69BA0CDE","	Chamber1","	1","	B01??(%RH)","	80.5","	2026-07-28 16:09:38"
"	69BA0CDE","	Chamber1","	1","	B01??(?)","	4.5","	2026-07-28 16:09:36"
"	69BA0CDE","	Chamber1","	1","	B01??(%RH)","	80.5","	2026-07-28 16:09:36"
"	69BA0CDE","	Chamber1","	1","	B01??(%RH)","	80.5","	2026-07-28 16:09:34"
"	69BA0CDE","	Chamber1","	1","	B01??(?)","	4.5","	2026-07-28 16:09:33"
"	69BA0CDE","	Chamber1","	1","	B01??(?)","	4.5","	2026-07-28 16:09:31"
"	69BA0CDE","	Chamber1","	1","	B01??(%RH)","	80.5","	2026-07-28 16:09:31"
"	69BA0CDE","	Chamber1","	1","	B01??(?)","	4.5","	2026-07-28 16:09:29"
"	69BA0CDE","	Chamber1","	1","	B01??(%RH)","	80.5","	2026-07-28 16:09:29"
"	69BA0CDE","	Chamber1","	1","	B01??(?)","	4.5","	2026-07-28 16:09:27"
"	69BA0CDE","	Chamber1","	1","	B01??(%RH)","	80.5","	2026-07-28 16:09:27"
"	69BA0CDE","	Chamber1","	1","	B01??(%RH)","	80.5","	2026-07-28 16:09:25"
"	69BA0CDE","	Chamber1","	1","	B01??(?)","	4.5","	2026-07-28 16:09:24"
"	69BA0CDE","	Chamber1","	1","	B01??(?)","	4.5","	2026-07-28 16:09:22"
"	69BA0CDE","	Chamber1","	1","	B01??(%RH)","	80.5","	2026-07-28 16:09:22"
"	69BA0CDE","	Chamber1","	1","	B01??(?)","	4.5","	2026-07-28 16:09:20"
"	69BA0CDE","	Chamber1","	1","	B01??(%RH)","	80.5","	2026-07-28 16:09:20"
"	69BA0CDE","	Chamber1","	1","	B01??(?)","	4.5","	2026-07-28 16:09:18"
"	69BA0CDE","	Chamber1","	1","	B01??(%RH)","	80.5","	2026-07-28 16:09:18"
"	69BA0CDE","	Chamber1","	1","	B01??(?)","	4.5","	2026-07-28 16:09:15"
"	69BA0CDE","	Chamber1","	1","	B01??(%RH)","	80.5","	2026-07-28 16:09:15"
"	69BA0CDE","	Chamber1","	1","	B01??(?)","	4.5","	2026-07-28 16:09:13"
"	69BA0CDE","	Chamber1","	1","	B01??(%RH)","	80.5","	2026-07-28 16:09:13"
"	69BA0CDE","	Chamber1","	1","	B01??(?)","	4.5","	2026-07-28 16:09:11"
"	69BA0CDE","	Chamber1","	1","	B01??(%RH)","	80.5","	2026-07-28 16:09:11"
"	69BA0CDE","	Chamber1","	1","	B01??(%RH)","	80.5","	2026-07-28 16:09:09"
"	69BA0CDE","	Chamber1","	1","	B01??(?)","	4.5","	2026-07-28 16:09:08"
"	69BA0CDE","	Chamber1","	1","	B01??(?)","	4.5","	2026-07-28 16:09:06"
"	69BA0CDE","	Chamber1","	1","	B01??(%RH)","	80.5","	2026-07-28 16:09:06"
"	69BA0CDE","	Chamber1","	1","	B01??(?)","	4.5","	2026-07-28 16:09:04"
"	69BA0CDE","	Chamber1","	1","	B01??(%RH)","	80.5","	2026-07-28 16:09:04"
"	69BA0CDE","	Chamber1","	1","	B01??(%RH)","	80.5","	2026-07-28 16:09:02"
"	69BA0CDE","	Chamber1","	1","	B01??(?)","	4.5","	2026-07-28 16:09:01"
"	69BA0CDE","	Chamber1","	1","	B01??(?)","	4.5","	2026-07-28 16:08:59"
"	69BA0CDE","	Chamber1","	1","	B01??(%RH)","	80.5","	2026-07-28 16:08:59"
"	69BA0CDE","	Chamber1","	1","	B01??(?)","	4.5","	2026-07-28 16:08:57"
"	69BA0CDE","	Chamber1","	1","	B01??(%RH)","	80.5","	2026-07-28 16:08:57"
"	69BA0CDE","	Chamber1","	1","	B01??(?)","	4.5","	2026-07-28 16:08:55"
"	69BA0CDE","	Chamber1","	1","	B01??(%RH)","	80.5","	2026-07-28 16:08:55"
"	69BA0CDE","	Chamber1","	1","	B01??(%RH)","	80.5","	2026-07-28 16:08:53"
"	69BA0CDE","	Chamber1","	1","	B01??(?)","	4.5","	2026-07-28 16:08:52"
"	69BA0CDE","	Chamber1","	1","	B01??(?)","	4.5","	2026-07-28 16:08:50"
"	69BA0CDE","	Chamber1","	1","	B01??(%RH)","	80.5","	2026-07-28 16:08:50"
"	69BA0CDE","	Chamber1","	1","	B01??(?)","	4.6","	2026-07-28 16:08:48"
"	69BA0CDE","	Chamber1","	1","	B01??(%RH)","	80.5","	2026-07-28 16:08:48"
"	69BA0CDE","	Chamber1","	1","	B01??(?)","	4.5","	2026-07-28 16:08:46"
"	69BA0CDE","	Chamber1","	1","	B01??(%RH)","	80.4","	2026-07-28 16:08:46"
"	69BA0CDE","	Chamber1","	1","	B01??(%RH)","	80.5","	2026-07-28 16:08:44"
"	69BA0CDE","	Chamber1","	1","	B01??(?)","	4.5","	2026-07-28 16:08:43"
"	69BA0CDE","	Chamber1","	1","	B01??(?)","	4.5","	2026-07-28 16:08:41"
"	69BA0CDE","	Chamber1","	1","	B01??(%RH)","	80.4","	2026-07-28 16:08:41"
"	69BA0CDE","	Chamber1","	1","	B01??(?)","	4.5","	2026-07-28 16:08:39"
"	69BA0CDE","	Chamber1","	1","	B01??(%RH)","	80.4","	2026-07-28 16:08:39"
"	69BA0CDE","	Chamber1","	1","	B01??(?)","	4.5","	2026-07-28 16:08:37"
"	69BA0CDE","	Chamber1","	1","	B01??(%RH)","	80.5","	2026-07-28 16:08:37"
"	69BA0CDE","	Chamber1","	1","	B01??(%RH)","	80.4","	2026-07-28 16:08:35"
"	69BA0CDE","	Chamber1","	1","	B01??(?)","	4.5","	2026-07-28 16:08:34"
"	69BA0CDE","	Chamber1","	1","	B01??(?)","	4.6","	2026-07-28 16:08:32"
"	69BA0CDE","	Chamber1","	1","	B01??(%RH)","	80.5","	2026-07-28 16:08:32"
"	69BA0CDE","	Chamber1","	1","	B01??(?)","	4.5","	2026-07-28 16:08:30"
"	69BA0CDE","	Chamber1","	1","	B01??(%RH)","	80.4","	2026-07-28 16:08:30"
"	69BA0CDE","	Chamber1","	1","	B01??(?)","	4.5","	2026-07-28 16:08:28"
"	69BA0CDE","	Chamber1","	1","	B01??(%RH)","	80.4","	2026-07-28 16:08:28"
"	69BA0CDE","	Chamber1","	1","	B01??(%RH)","	80.4","	2026-07-28 16:08:26"
"	69BA0CDE","	Chamber1","	1","	B01??(?)","	4.6","	2026-07-28 16:08:25"
"	69BA0CDE","	Chamber1","	1","	B01??(?)","	4.5","	2026-07-28 16:08:23"
"	69BA0CDE","	Chamber1","	1","	B01??(%RH)","	80.4","	2026-07-28 16:08:23"
"	69BA0CDE","	Chamber1","	1","	B01??(?)","	4.5","	2026-07-28 16:08:21"
"	69BA0CDE","	Chamber1","	1","	B01??(%RH)","	80.4","	2026-07-28 16:08:21"
"	69BA0CDE","	Chamber1","	1","	B01??(?)","	4.6","	2026-07-28 16:08:19"
"	69BA0CDE","	Chamber1","	1","	B01??(%RH)","	80.4","	2026-07-28 16:08:19"
"	69BA0CDE","	Chamber1","	1","	B01??(%RH)","	80.4","	2026-07-28 16:08:17"
"	69BA0CDE","	Chamber1","	1","	B01??(?)","	4.5","	2026-07-28 16:08:16"
"	69BA0CDE","	Chamber1","	1","	B01??(?)","	4.5","	2026-07-28 16:08:14"
"	69BA0CDE","	Chamber1","	1","	B01??(%RH)","	80.4","	2026-07-28 16:08:14"
"	69BA0CDE","	Chamber1","	1","	B01??(?)","	4.5","	2026-07-28 16:08:12"
"	69BA0CDE","	Chamber1","	1","	B01??(%RH)","	80.4","	2026-07-28 16:08:12"
"	69BA0CDE","	Chamber1","	1","	B01??(?)","	4.5","	2026-07-28 16:08:10"
"	69BA0CDE","	Chamber1","	1","	B01??(%RH)","	80.4","	2026-07-28 16:08:10"
"	69BA0CDE","	Chamber1","	1","	B01??(%RH)","	80.4","	2026-07-28 16:08:08"
"	69BA0CDE","	Chamber1","	1","	B01??(?)","	4.6","	2026-07-28 16:08:07"
"	69BA0CDE","	Chamber1","	1","	B01??(?)","	4.6","	2026-07-28 16:08:05"
"	69BA0CDE","	Chamber1","	1","	B01??(%RH)","	80.4","	2026-07-28 16:08:05"
"	69BA0CDE","	Chamber1","	1","	B01??(?)","	4.5","	2026-07-28 16:08:03"
"	69BA0CDE","	Chamber1","	1","	B01??(%RH)","	80.4","	2026-07-28 16:08:03"
"	69BA0CDE","	Chamber1","	1","	B01??(?)","	4.5","	2026-07-28 16:08:01"
"	69BA0CDE","	Chamber1","	1","	B01??(%RH)","	80.4","	2026-07-28 16:08:01"
"	69BA0CDE","	Chamber1","	1","	B01??(%RH)","	80.4","	2026-07-28 16:07:59"
"	69BA0CDE","	Chamber1","	1","	B01??(?)","	4.6","	2026-07-28 16:07:58"
"	69BA0CDE","	Chamber1","	1","	B01??(?)","	4.6","	2026-07-28 16:07:56"
"	69BA0CDE","	Chamber1","	1","	B01??(%RH)","	80.4","	2026-07-28 16:07:56"
"	69BA0CDE","	Chamber1","	1","	B01??(?)","	4.6","	2026-07-28 16:07:54"
"	69BA0CDE","	Chamber1","	1","	B01??(%RH)","	80.4","	2026-07-28 16:07:54"
"	69BA0CDE","	Chamber1","	1","	B01??(?)","	4.6","	2026-07-28 16:07:52"
"	69BA0CDE","	Chamber1","	1","	B01??(%RH)","	80.4","	2026-07-28 16:07:52"
"	69BA0CDE","	Chamber1","	1","	B01??(%RH)","	80.4","	2026-07-28 16:07:50"
"	69BA0CDE","	Chamber1","	1","	B01??(?)","	4.6","	2026-07-28 16:07:49"
"	69BA0CDE","	Chamber1","	1","	B01??(?)","	4.5","	2026-07-28 16:07:47"
"	69BA0CDE","	Chamber1","	1","	B01??(%RH)","	80.4","	2026-07-28 16:07:47"
"	69BA0CDE","	Chamber1","	1","	B01??(?)","	4.6","	2026-07-28 16:07:45"
"	69BA0CDE","	Chamber1","	1","	B01??(%RH)","	80.4","	2026-07-28 16:07:45"
"	69BA0CDE","	Chamber1","	1","	B01??(?)","	4.5","	2026-07-28 16:07:43"
"	69BA0CDE","	Chamber1","	1","	B01??(%RH)","	80.4","	2026-07-28 16:07:43"
"	69BA0CDE","	Chamber1","	1","	B01??(%RH)","	80.4","	2026-07-28 16:07:41"
"	69BA0CDE","	Chamber1","	1","	B01??(?)","	4.5","	2026-07-28 16:07:40"
"	69BA0CDE","	Chamber1","	1","	B01??(?)","	4.5","	2026-07-28 16:07:38"
"	69BA0CDE","	Chamber1","	1","	B01??(%RH)","	80.4","	2026-07-28 16:07:38"
"	69BA0CDE","	Chamber1","	1","	B01??(?)","	4.5","	2026-07-28 16:07:36"
"	69BA0CDE","	Chamber1","	1","	B01??(%RH)","	80.4","	2026-07-28 16:07:36"
"	69BA0CDE","	Chamber1","	1","	B01??(?)","	4.5","	2026-07-28 16:07:34"
"	69BA0CDE","	Chamber1","	1","	B01??(%RH)","	80.4","	2026-07-28 16:07:34"
"	69BA0CDE","	Chamber1","	1","	B01??(%RH)","	80.4","	2026-07-28 16:07:32"
"	69BA0CDE","	Chamber1","	1","	B01??(?)","	4.6","	2026-07-28 16:07:31"
"	69BA0CDE","	Chamber1","	1","	B01??(?)","	4.5","	2026-07-28 16:07:29"
"	69BA0CDE","	Chamber1","	1","	B01??(%RH)","	80.4","	2026-07-28 16:07:29"
"	69BA0CDE","	Chamber1","	1","	B01??(?)","	4.6","	2026-07-28 16:07:27"
"	69BA0CDE","	Chamber1","	1","	B01??(%RH)","	80.4","	2026-07-28 16:07:27"
"	69BA0CDE","	Chamber1","	1","	B01??(?)","	4.6","	2026-07-28 16:07:25"
"	69BA0CDE","	Chamber1","	1","	B01??(%RH)","	80.4","	2026-07-28 16:07:25"
"	69BA0CDE","	Chamber1","	1","	B01??(%RH)","	80.3","	2026-07-28 16:07:23"
"	69BA0CDE","	Chamber1","	1","	B01??(?)","	4.5","	2026-07-28 16:07:22"
"	69BA0CDE","	Chamber1","	1","	B01??(?)","	4.6","	2026-07-28 16:07:20"
"	69BA0CDE","	Chamber1","	1","	B01??(%RH)","	80.4","	2026-07-28 16:07:20"
"	69BA0CDE","	Chamber1","	1","	B01??(?)","	4.6","	2026-07-28 16:07:18"
"	69BA0CDE","	Chamber1","	1","	B01??(%RH)","	80.4","	2026-07-28 16:07:18"
"	69BA0CDE","	Chamber1","	1","	B01??(?)","	4.6","	2026-07-28 16:07:16"
"	69BA0CDE","	Chamber1","	1","	B01??(%RH)","	80.3","	2026-07-28 16:07:16"
"	69BA0CDE","	Chamber1","	1","	B01??(%RH)","	80.3","	2026-07-28 16:07:14"
"	69BA0CDE","	Chamber1","	1","	B01??(?)","	4.6","	2026-07-28 16:07:13"
"	69BA0CDE","	Chamber1","	1","	B01??(?)","	4.6","	2026-07-28 16:07:11"
"	69BA0CDE","	Chamber1","	1","	B01??(%RH)","	80.3","	2026-07-28 16:07:11"
"	69BA0CDE","	Chamber1","	1","	B01??(?)","	4.6","	2026-07-28 16:07:09"
"	69BA0CDE","	Chamber1","	1","	B01??(%RH)","	80.3","	2026-07-28 16:07:09"
"	69BA0CDE","	Chamber1","	1","	B01??(?)","	4.6","	2026-07-28 16:07:07"
"	69BA0CDE","	Chamber1","	1","	B01??(%RH)","	80.3","	2026-07-28 16:07:07"
"	69BA0CDE","	Chamber1","	1","	B01??(%RH)","	80.3","	2026-07-28 16:07:05"
"	69BA0CDE","	Chamber1","	1","	B01??(?)","	4.6","	2026-07-28 16:07:04"
"	69BA0CDE","	Chamber1","	1","	B01??(?)","	4.6","	2026-07-28 16:07:02"
"	69BA0CDE","	Chamber1","	1","	B01??(%RH)","	80.3","	2026-07-28 16:07:02"
"	69BA0CDE","	Chamber1","	1","	B01??(?)","	4.5","	2026-07-28 16:07:00"
"	69BA0CDE","	Chamber1","	1","	B01??(%RH)","	80.3","	2026-07-28 16:07:00"
"	69BA0CDE","	Chamber1","	1","	B01??(?)","	4.5","	2026-07-28 16:06:58"
"	69BA0CDE","	Chamber1","	1","	B01??(%RH)","	80.3","	2026-07-28 16:06:58"
"	69BA0CDE","	Chamber1","	1","	B01??(%RH)","	80.3","	2026-07-28 16:06:56"
"	69BA0CDE","	Chamber1","	1","	B01??(?)","	4.5","	2026-07-28 16:06:55"
"	69BA0CDE","	Chamber1","	1","	B01??(?)","	4.6","	2026-07-28 16:06:53"
"	69BA0CDE","	Chamber1","	1","	B01??(%RH)","	80.3","	2026-07-28 16:06:53"
"	69BA0CDE","	Chamber1","	1","	B01??(?)","	4.6","	2026-07-28 16:06:51"
"	69BA0CDE","	Chamber1","	1","	B01??(%RH)","	80.3","	2026-07-28 16:06:51"
"	69BA0CDE","	Chamber1","	1","	B01??(?)","	4.6","	2026-07-28 16:06:49"
"	69BA0CDE","	Chamber1","	1","	B01??(%RH)","	80.3","	2026-07-28 16:06:49"
"	69BA0CDE","	Chamber1","	1","	B01??(%RH)","	80.3","	2026-07-28 16:06:47"
"	69BA0CDE","	Chamber1","	1","	B01??(?)","	4.6","	2026-07-28 16:06:46"
"	69BA0CDE","	Chamber1","	1","	B01??(?)","	4.6","	2026-07-28 16:06:44"
"	69BA0CDE","	Chamber1","	1","	B01??(%RH)","	80.3","	2026-07-28 16:06:44"
"	69BA0CDE","	Chamber1","	1","	B01??(?)","	4.6","	2026-07-28 16:06:42"
"	69BA0CDE","	Chamber1","	1","	B01??(%RH)","	80.3","	2026-07-28 16:06:42"
"	69BA0CDE","	Chamber1","	1","	B01??(?)","	4.5","	2026-07-28 16:06:40"
"	69BA0CDE","	Chamber1","	1","	B01??(%RH)","	80.3","	2026-07-28 16:06:40"
"	69BA0CDE","	Chamber1","	1","	B01??(%RH)","	80.3","	2026-07-28 16:06:38"
"	69BA0CDE","	Chamber1","	1","	B01??(?)","	4.5","	2026-07-28 16:06:37"
"	69BA0CDE","	Chamber1","	1","	B01??(?)","	4.6","	2026-07-28 16:06:35"
"	69BA0CDE","	Chamber1","	1","	B01??(%RH)","	80.3","	2026-07-28 16:06:35"
"	69BA0CDE","	Chamber1","	1","	B01??(?)","	4.6","	2026-07-28 16:06:33"
"	69BA0CDE","	Chamber1","	1","	B01??(%RH)","	80.3","	2026-07-28 16:06:33"
"	69BA0CDE","	Chamber1","	1","	B01??(?)","	4.6","	2026-07-28 16:06:31"
"	69BA0CDE","	Chamber1","	1","	B01??(%RH)","	80.3","	2026-07-28 16:06:31"
"	69BA0CDE","	Chamber1","	1","	B01??(?)","	4.6","	2026-07-28 16:06:29"
"	69BA0CDE","	Chamber1","	1","	B01??(%RH)","	80.3","	2026-07-28 16:06:29"
"	69BA0CDE","	Chamber1","	1","	B01??(%RH)","	80.3","	2026-07-28 16:06:27"
"	69BA0CDE","	Chamber1","	1","	B01??(?)","	4.6","	2026-07-28 16:06:26"
"	69BA0CDE","	Chamber1","	1","	B01??(?)","	4.6","	2026-07-28 16:06:24"
"	69BA0CDE","	Chamber1","	1","	B01??(%RH)","	80.3","	2026-07-28 16:06:24"
"	69BA0CDE","	Chamber1","	1","	B01??(?)","	4.6","	2026-07-28 16:06:22"
"	69BA0CDE","	Chamber1","	1","	B01??(%RH)","	80.3","	2026-07-28 16:06:22"
"	69BA0CDE","	Chamber1","	1","	B01??(?)","	4.6","	2026-07-28 16:06:20"
"	69BA0CDE","	Chamber1","	1","	B01??(%RH)","	80.3","	2026-07-28 16:06:20"
"	69BA0CDE","	Chamber1","	1","	B01??(%RH)","	80.3","	2026-07-28 16:06:18"
"	69BA0CDE","	Chamber1","	1","	B01??(?)","	4.6","	2026-07-28 16:06:17"
"	69BA0CDE","	Chamber1","	1","	B01??(?)","	4.6","	2026-07-28 16:06:15"
"	69BA0CDE","	Chamber1","	1","	B01??(%RH)","	80.2","	2026-07-28 16:06:15"
"	69BA0CDE","	Chamber1","	1","	B01??(?)","	4.6","	2026-07-28 16:06:13"
"	69BA0CDE","	Chamber1","	1","	B01??(%RH)","	80.3","	2026-07-28 16:06:13"
"	69BA0CDE","	Chamber1","	1","	B01??(?)","	4.6","	2026-07-28 16:06:11"
"	69BA0CDE","	Chamber1","	1","	B01??(%RH)","	80.3","	2026-07-28 16:06:11"
"	69BA0CDE","	Chamber1","	1","	B01??(%RH)","	80.3","	2026-07-28 16:06:09"
"	69BA0CDE","	Chamber1","	1","	B01??(?)","	4.6","	2026-07-28 16:06:08"
"	69BA0CDE","	Chamber1","	1","	B01??(?)","	4.6","	2026-07-28 16:06:06"
"	69BA0CDE","	Chamber1","	1","	B01??(%RH)","	80.3","	2026-07-28 16:06:06"
"	69BA0CDE","	Chamber1","	1","	B01??(?)","	4.6","	2026-07-28 16:06:04"
"	69BA0CDE","	Chamber1","	1","	B01??(%RH)","	80.2","	2026-07-28 16:06:04"
"	69BA0CDE","	Chamber1","	1","	B01??(?)","	4.6","	2026-07-28 16:06:02"
"	69BA0CDE","	Chamber1","	1","	B01??(%RH)","	80.3","	2026-07-28 16:06:02"
"	69BA0CDE","	Chamber1","	1","	B01??(%RH)","	80.2","	2026-07-28 16:06:00"
"	69BA0CDE","	Chamber1","	1","	B01??(?)","	4.6","	2026-07-28 16:05:59"
"	69BA0CDE","	Chamber1","	1","	B01??(?)","	4.6","	2026-07-28 16:05:57"
"	69BA0CDE","	Chamber1","	1","	B01??(%RH)","	80.2","	2026-07-28 16:05:57"
"	69BA0CDE","	Chamber1","	1","	B01??(?)","	4.6","	2026-07-28 16:05:55"
"	69BA0CDE","	Chamber1","	1","	B01??(%RH)","	80.2","	2026-07-28 16:05:55"
"	69BA0CDE","	Chamber1","	1","	B01??(?)","	4.6","	2026-07-28 16:05:53"
"	69BA0CDE","	Chamber1","	1","	B01??(%RH)","	80.2","	2026-07-28 16:05:53"
"	69BA0CDE","	Chamber1","	1","	B01??(%RH)","	80.2","	2026-07-28 16:05:51"
"	69BA0CDE","	Chamber1","	1","	B01??(?)","	4.6","	2026-07-28 16:05:50"
"	69BA0CDE","	Chamber1","	1","	B01??(?)","	4.6","	2026-07-28 16:05:48"
"	69BA0CDE","	Chamber1","	1","	B01??(%RH)","	80.2","	2026-07-28 16:05:48"
"	69BA0CDE","	Chamber1","	1","	B01??(?)","	4.6","	2026-07-28 16:05:46"
"	69BA0CDE","	Chamber1","	1","	B01??(%RH)","	80.2","	2026-07-28 16:05:46"
"	69BA0CDE","	Chamber1","	1","	B01??(?)","	4.6","	2026-07-28 16:05:44"
"	69BA0CDE","	Chamber1","	1","	B01??(%RH)","	80.2","	2026-07-28 16:05:44"
"	69BA0CDE","	Chamber1","	1","	B01??(%RH)","	80.2","	2026-07-28 16:05:42"
"	69BA0CDE","	Chamber1","	1","	B01??(?)","	4.6","	2026-07-28 16:05:41"
"	69BA0CDE","	Chamber1","	1","	B01??(?)","	4.6","	2026-07-28 16:05:39"
"	69BA0CDE","	Chamber1","	1","	B01??(%RH)","	80.2","	2026-07-28 16:05:39"
"	69BA0CDE","	Chamber1","	1","	B01??(?)","	4.6","	2026-07-28 16:05:37"
"	69BA0CDE","	Chamber1","	1","	B01??(%RH)","	80.2","	2026-07-28 16:05:37"
"	69BA0CDE","	Chamber1","	1","	B01??(?)","	4.6","	2026-07-28 16:05:35"
"	69BA0CDE","	Chamber1","	1","	B01??(%RH)","	80.2","	2026-07-28 16:05:35"
"	69BA0CDE","	Chamber1","	1","	B01??(%RH)","	80.2","	2026-07-28 16:05:33"
"	69BA0CDE","	Chamber1","	1","	B01??(?)","	4.6","	2026-07-28 16:05:32"
"	69BA0CDE","	Chamber1","	1","	B01??(?)","	4.6","	2026-07-28 16:05:30"
"	69BA0CDE","	Chamber1","	1","	B01??(%RH)","	80.2","	2026-07-28 16:05:30"
"	69BA0CDE","	Chamber1","	1","	B01??(?)","	4.6","	2026-07-28 16:05:28"
"	69BA0CDE","	Chamber1","	1","	B01??(%RH)","	80.2","	2026-07-28 16:05:28"
"	69BA0CDE","	Chamber1","	1","	B01??(?)","	4.6","	2026-07-28 16:05:26"
"	69BA0CDE","	Chamber1","	1","	B01??(%RH)","	80.2","	2026-07-28 16:05:26"
"	69BA0CDE","	Chamber1","	1","	B01??(%RH)","	80.2","	2026-07-28 16:05:24"
"	69BA0CDE","	Chamber1","	1","	B01??(?)","	4.6","	2026-07-28 16:05:23"
"	69BA0CDE","	Chamber1","	1","	B01??(?)","	4.6","	2026-07-28 16:05:21"
"	69BA0CDE","	Chamber1","	1","	B01??(%RH)","	80.1","	2026-07-28 16:05:21"
"	69BA0CDE","	Chamber1","	1","	B01??(?)","	4.6","	2026-07-28 16:05:19"
"	69BA0CDE","	Chamber1","	1","	B01??(%RH)","	80.1","	2026-07-28 16:05:19"
"	69BA0CDE","	Chamber1","	1","	B01??(?)","	4.6","	2026-07-28 16:05:17"
"	69BA0CDE","	Chamber1","	1","	B01??(%RH)","	80.1","	2026-07-28 16:05:17"
"	69BA0CDE","	Chamber1","	1","	B01??(%RH)","	80.2","	2026-07-28 16:05:15"
"	69BA0CDE","	Chamber1","	1","	B01??(?)","	4.6","	2026-07-28 16:05:14"
"	69BA0CDE","	Chamber1","	1","	B01??(?)","	4.6","	2026-07-28 16:05:12"
"	69BA0CDE","	Chamber1","	1","	B01??(%RH)","	80.2","	2026-07-28 16:05:12"
"	69BA0CDE","	Chamber1","	1","	B01??(?)","	4.6","	2026-07-28 16:05:10"
"	69BA0CDE","	Chamber1","	1","	B01??(%RH)","	80.1","	2026-07-28 16:05:10"
"	69BA0CDE","	Chamber1","	1","	B01??(?)","	4.6","	2026-07-28 16:05:08"
"	69BA0CDE","	Chamber1","	1","	B01??(%RH)","	80.1","	2026-07-28 16:05:08"
"	69BA0CDE","	Chamber1","	1","	B01??(%RH)","	80.1","	2026-07-28 16:05:06"
"	69BA0CDE","	Chamber1","	1","	B01??(?)","	4.6","	2026-07-28 16:05:05"
"	69BA0CDE","	Chamber1","	1","	B01??(?)","	4.6","	2026-07-28 16:05:03"
"	69BA0CDE","	Chamber1","	1","	B01??(%RH)","	80.1","	2026-07-28 16:05:03"
"	69BA0CDE","	Chamber1","	1","	B01??(?)","	4.6","	2026-07-28 16:05:01"
"	69BA0CDE","	Chamber1","	1","	B01??(%RH)","	80.1","	2026-07-28 16:05:01"
"	69BA0CDE","	Chamber1","	1","	B01??(?)","	4.6","	2026-07-28 16:04:59"
"	69BA0CDE","	Chamber1","	1","	B01??(%RH)","	80.1","	2026-07-28 16:04:59"
"	69BA0CDE","	Chamber1","	1","	B01??(%RH)","	80.1","	2026-07-28 16:04:57"
"	69BA0CDE","	Chamber1","	1","	B01??(?)","	4.6","	2026-07-28 16:04:56"
"	69BA0CDE","	Chamber1","	1","	B01??(?)","	4.6","	2026-07-28 16:04:54"
"	69BA0CDE","	Chamber1","	1","	B01??(%RH)","	80.1","	2026-07-28 16:04:54"
"	69BA0CDE","	Chamber1","	1","	B01??(?)","	4.6","	2026-07-28 16:04:52"
"	69BA0CDE","	Chamber1","	1","	B01??(%RH)","	80.1","	2026-07-28 16:04:52"
"	69BA0CDE","	Chamber1","	1","	B01??(%RH)","	80.1","	2026-07-28 16:04:50"
"	69BA0CDE","	Chamber1","	1","	B01??(?)","	4.6","	2026-07-28 16:04:49"
"	69BA0CDE","	Chamber1","	1","	B01??(?)","	4.6","	2026-07-28 16:04:47"
"	69BA0CDE","	Chamber1","	1","	B01??(%RH)","	80.1","	2026-07-28 16:04:47"
"	69BA0CDE","	Chamber1","	1","	B01??(?)","	4.6","	2026-07-28 16:04:45"
"	69BA0CDE","	Chamber1","	1","	B01??(%RH)","	80.1","	2026-07-28 16:04:45"
"	69BA0CDE","	Chamber1","	1","	B01??(?)","	4.6","	2026-07-28 16:04:43"
"	69BA0CDE","	Chamber1","	1","	B01??(%RH)","	80.1","	2026-07-28 16:04:43"
"	69BA0CDE","	Chamber1","	1","	B01??(%RH)","	80.1","	2026-07-28 16:04:41"
"	69BA0CDE","	Chamber1","	1","	B01??(?)","	4.6","	2026-07-28 16:04:40"
"	69BA0CDE","	Chamber1","	1","	B01??(?)","	4.6","	2026-07-28 16:04:38"
"	69BA0CDE","	Chamber1","	1","	B01??(%RH)","	80.1","	2026-07-28 16:04:38"
"	69BA0CDE","	Chamber1","	1","	B01??(?)","	4.6","	2026-07-28 16:04:36"
"	69BA0CDE","	Chamber1","	1","	B01??(%RH)","	80.1","	2026-07-28 16:04:36"
"	69BA0CDE","	Chamber1","	1","	B01??(%RH)","	80.1","	2026-07-28 16:04:34"
"	69BA0CDE","	Chamber1","	1","	B01??(?)","	4.6","	2026-07-28 16:04:33"
"	69BA0CDE","	Chamber1","	1","	B01??(?)","	4.6","	2026-07-28 16:04:31"
"	69BA0CDE","	Chamber1","	1","	B01??(%RH)","	80.1","	2026-07-28 16:04:31"
"	69BA0CDE","	Chamber1","	1","	B01??(?)","	4.6","	2026-07-28 16:04:29"
"	69BA0CDE","	Chamber1","	1","	B01??(%RH)","	80.1","	2026-07-28 16:04:29"
"	69BA0CDE","	Chamber1","	1","	B01??(?)","	4.6","	2026-07-28 16:04:27"
"	69BA0CDE","	Chamber1","	1","	B01??(%RH)","	80","	2026-07-28 16:04:27"
"	69BA0CDE","	Chamber1","	1","	B01??(%RH)","	80.1","	2026-07-28 16:04:25"
"	69BA0CDE","	Chamber1","	1","	B01??(?)","	4.6","	2026-07-28 16:04:24"
"	69BA0CDE","	Chamber1","	1","	B01??(?)","	4.6","	2026-07-28 16:04:22"
"	69BA0CDE","	Chamber1","	1","	B01??(%RH)","	80.1","	2026-07-28 16:04:22"
"	69BA0CDE","	Chamber1","	1","	B01??(?)","	4.6","	2026-07-28 16:04:20"
"	69BA0CDE","	Chamber1","	1","	B01??(%RH)","	80.1","	2026-07-28 16:04:20"
"	69BA0CDE","	Chamber1","	1","	B01??(?)","	4.6","	2026-07-28 16:04:18"
"	69BA0CDE","	Chamber1","	1","	B01??(%RH)","	80","	2026-07-28 16:04:18"
"	69BA0CDE","	Chamber1","	1","	B01??(%RH)","	80","	2026-07-28 16:04:16"
"	69BA0CDE","	Chamber1","	1","	B01??(?)","	4.6","	2026-07-28 16:04:15"
"	69BA0CDE","	Chamber1","	1","	B01??(?)","	4.6","	2026-07-28 16:04:13"
"	69BA0CDE","	Chamber1","	1","	B01??(%RH)","	80","	2026-07-28 16:04:13"
"	69BA0CDE","	Chamber1","	1","	B01??(?)","	4.6","	2026-07-28 16:04:11"
"	69BA0CDE","	Chamber1","	1","	B01??(%RH)","	80","	2026-07-28 16:04:11"
"	69BA0CDE","	Chamber1","	1","	B01??(%RH)","	80","	2026-07-28 16:04:09"
"	69BA0CDE","	Chamber1","	1","	B01??(?)","	4.7","	2026-07-28 16:04:08"
"	69BA0CDE","	Chamber1","	1","	B01??(?)","	4.6","	2026-07-28 16:04:06"
"	69BA0CDE","	Chamber1","	1","	B01??(%RH)","	80","	2026-07-28 16:04:06"
"	69BA0CDE","	Chamber1","	1","	B01??(?)","	4.6","	2026-07-28 16:04:04"
"	69BA0CDE","	Chamber1","	1","	B01??(%RH)","	80","	2026-07-28 16:04:04"
"	69BA0CDE","	Chamber1","	1","	B01??(?)","	4.6","	2026-07-28 16:04:02"
"	69BA0CDE","	Chamber1","	1","	B01??(%RH)","	80","	2026-07-28 16:04:02"
"	69BA0CDE","	Chamber1","	1","	B01??(%RH)","	80","	2026-07-28 16:04:00"
"	69BA0CDE","	Chamber1","	1","	B01??(?)","	4.6","	2026-07-28 16:03:59"
"	69BA0CDE","	Chamber1","	1","	B01??(?)","	4.6","	2026-07-28 16:03:57"
"	69BA0CDE","	Chamber1","	1","	B01??(%RH)","	80","	2026-07-28 16:03:57"
"	69BA0CDE","	Chamber1","	1","	B01??(?)","	4.6","	2026-07-28 16:03:55"
"	69BA0CDE","	Chamber1","	1","	B01??(%RH)","	80","	2026-07-28 16:03:55"
"	69BA0CDE","	Chamber1","	1","	B01??(?)","	4.6","	2026-07-28 16:03:53"
"	69BA0CDE","	Chamber1","	1","	B01??(%RH)","	80","	2026-07-28 16:03:53"
"	69BA0CDE","	Chamber1","	1","	B01??(%RH)","	80","	2026-07-28 16:03:51"
"	69BA0CDE","	Chamber1","	1","	B01??(?)","	4.6","	2026-07-28 16:03:50"
"	69BA0CDE","	Chamber1","	1","	B01??(?)","	4.6","	2026-07-28 16:03:48"
"	69BA0CDE","	Chamber1","	1","	B01??(%RH)","	80","	2026-07-28 16:03:48"
"	69BA0CDE","	Chamber1","	1","	B01??(?)","	4.6","	2026-07-28 16:03:46"
"	69BA0CDE","	Chamber1","	1","	B01??(%RH)","	80","	2026-07-28 16:03:46"
"	69BA0CDE","	Chamber1","	1","	B01??(%RH)","	80","	2026-07-28 16:03:44"
"	69BA0CDE","	Chamber1","	1","	B01??(?)","	4.6","	2026-07-28 16:03:43"
"	69BA0CDE","	Chamber1","	1","	B01??(?)","	4.7","	2026-07-28 16:03:41"
"	69BA0CDE","	Chamber1","	1","	B01??(%RH)","	80","	2026-07-28 16:03:41"
"	69BA0CDE","	Chamber1","	1","	B01??(?)","	4.6","	2026-07-28 16:03:39"
"	69BA0CDE","	Chamber1","	1","	B01??(%RH)","	80","	2026-07-28 16:03:39"
"	69BA0CDE","	Chamber1","	1","	B01??(?)","	4.6","	2026-07-28 16:03:37"
"	69BA0CDE","	Chamber1","	1","	B01??(%RH)","	80","	2026-07-28 16:03:37"
"	69BA0CDE","	Chamber1","	1","	B01??(%RH)","	80","	2026-07-28 16:03:35"
"	69BA0CDE","	Chamber1","	1","	B01??(?)","	4.6","	2026-07-28 16:03:34"
"	69BA0CDE","	Chamber1","	1","	B01??(?)","	4.6","	2026-07-28 16:03:32"
"	69BA0CDE","	Chamber1","	1","	B01??(%RH)","	79.9","	2026-07-28 16:03:32"
"	69BA0CDE","	Chamber1","	1","	B01??(?)","	4.7","	2026-07-28 16:03:30"
"	69BA0CDE","	Chamber1","	1","	B01??(%RH)","	79.9","	2026-07-28 16:03:30"
"	69BA0CDE","	Chamber1","	1","	B01??(?)","	4.7","	2026-07-28 16:03:28"
"	69BA0CDE","	Chamber1","	1","	B01??(%RH)","	79.9","	2026-07-28 16:03:28"
"	69BA0CDE","	Chamber1","	1","	B01??(%RH)","	79.9","	2026-07-28 16:03:26"
"	69BA0CDE","	Chamber1","	1","	B01??(?)","	4.7","	2026-07-28 16:03:25"
"	69BA0CDE","	Chamber1","	1","	B01??(?)","	4.6","	2026-07-28 16:03:23"
"	69BA0CDE","	Chamber1","	1","	B01??(%RH)","	79.9","	2026-07-28 16:03:23"
"	69BA0CDE","	Chamber1","	1","	B01??(?)","	4.7","	2026-07-28 16:03:21"
"	69BA0CDE","	Chamber1","	1","	B01??(%RH)","	79.9","	2026-07-28 16:03:21"
"	69BA0CDE","	Chamber1","	1","	B01??(%RH)","	79.9","	2026-07-28 16:03:19"
"	69BA0CDE","	Chamber1","	1","	B01??(?)","	4.6","	2026-07-28 16:03:18"
"	69BA0CDE","	Chamber1","	1","	B01??(?)","	4.7","	2026-07-28 16:03:16"
"	69BA0CDE","	Chamber1","	1","	B01??(%RH)","	79.9","	2026-07-28 16:03:16"
"	69BA0CDE","	Chamber1","	1","	B01??(?)","	4.7","	2026-07-28 16:03:14"
"	69BA0CDE","	Chamber1","	1","	B01??(%RH)","	79.9","	2026-07-28 16:03:14"
"	69BA0CDE","	Chamber1","	1","	B01??(?)","	4.7","	2026-07-28 16:03:12"
"	69BA0CDE","	Chamber1","	1","	B01??(%RH)","	79.9","	2026-07-28 16:03:12"
"	69BA0CDE","	Chamber1","	1","	B01??(%RH)","	79.9","	2026-07-28 16:03:10"
"	69BA0CDE","	Chamber1","	1","	B01??(?)","	4.7","	2026-07-28 16:03:09"
"	69BA0CDE","	Chamber1","	1","	B01??(?)","	4.7","	2026-07-28 16:03:07"
"	69BA0CDE","	Chamber1","	1","	B01??(%RH)","	79.9","	2026-07-28 16:03:07"
"	69BA0CDE","	Chamber1","	1","	B01??(?)","	4.7","	2026-07-28 16:03:05"
"	69BA0CDE","	Chamber1","	1","	B01??(%RH)","	79.9","	2026-07-28 16:03:05"
"	69BA0CDE","	Chamber1","	1","	B01??(?)","	4.7","	2026-07-28 16:03:03"
"	69BA0CDE","	Chamber1","	1","	B01??(%RH)","	79.9","	2026-07-28 16:03:03"
"	69BA0CDE","	Chamber1","	1","	B01??(%RH)","	79.9","	2026-07-28 16:03:01"
"	69BA0CDE","	Chamber1","	1","	B01??(?)","	4.7","	2026-07-28 16:03:00"
"	69BA0CDE","	Chamber1","	1","	B01??(?)","	4.6","	2026-07-28 16:02:58"
"	69BA0CDE","	Chamber1","	1","	B01??(%RH)","	79.9","	2026-07-28 16:02:58"
"	69BA0CDE","	Chamber1","	1","	B01??(?)","	4.6","	2026-07-28 16:02:56"
"	69BA0CDE","	Chamber1","	1","	B01??(%RH)","	79.8","	2026-07-28 16:02:56"
"	69BA0CDE","	Chamber1","	1","	B01??(%RH)","	79.9","	2026-07-28 16:02:54"
"	69BA0CDE","	Chamber1","	1","	B01??(?)","	4.7","	2026-07-28 16:02:53"
"	69BA0CDE","	Chamber1","	1","	B01??(?)","	4.7","	2026-07-28 16:02:51"
"	69BA0CDE","	Chamber1","	1","	B01??(%RH)","	79.8","	2026-07-28 16:02:51"
"	69BA0CDE","	Chamber1","	1","	B01??(?)","	4.7","	2026-07-28 16:02:49"
"	69BA0CDE","	Chamber1","	1","	B01??(%RH)","	79.8","	2026-07-28 16:02:49"
"	69BA0CDE","	Chamber1","	1","	B01??(?)","	4.7","	2026-07-28 16:02:47"
"	69BA0CDE","	Chamber1","	1","	B01??(%RH)","	79.9","	2026-07-28 16:02:47"
"	69BA0CDE","	Chamber1","	1","	B01??(%RH)","	79.8","	2026-07-28 16:02:45"
"	69BA0CDE","	Chamber1","	1","	B01??(?)","	4.7","	2026-07-28 16:02:44"
"	69BA0CDE","	Chamber1","	1","	B01??(?)","	4.7","	2026-07-28 16:02:42"
"	69BA0CDE","	Chamber1","	1","	B01??(%RH)","	79.8","	2026-07-28 16:02:42"
"	69BA0CDE","	Chamber1","	1","	B01??(?)","	4.7","	2026-07-28 16:02:40"
"	69BA0CDE","	Chamber1","	1","	B01??(%RH)","	79.8","	2026-07-28 16:02:40"
"	69BA0CDE","	Chamber1","	1","	B01??(?)","	4.7","	2026-07-28 16:02:38"
"	69BA0CDE","	Chamber1","	1","	B01??(%RH)","	79.8","	2026-07-28 16:02:38"
"	69BA0CDE","	Chamber1","	1","	B01??(%RH)","	79.8","	2026-07-28 16:02:36"
"	69BA0CDE","	Chamber1","	1","	B01??(?)","	4.7","	2026-07-28 16:02:35"
"	69BA0CDE","	Chamber1","	1","	B01??(?)","	4.7","	2026-07-28 16:02:33"
"	69BA0CDE","	Chamber1","	1","	B01??(%RH)","	79.8","	2026-07-28 16:02:33"
"	69BA0CDE","	Chamber1","	1","	B01??(%RH)","	79.8","	2026-07-28 16:02:31"
"	69BA0CDE","	Chamber1","	1","	B01??(?)","	4.7","	2026-07-28 16:02:31"
"	69BA0CDE","	Chamber1","	1","	B01??(%RH)","	79.8","	2026-07-28 16:02:29"
"	69BA0CDE","	Chamber1","	1","	B01??(?)","	4.7","	2026-07-28 16:02:28"
"	69BA0CDE","	Chamber1","	1","	B01??(?)","	4.7","	2026-07-28 16:02:26"
"	69BA0CDE","	Chamber1","	1","	B01??(%RH)","	79.8","	2026-07-28 16:02:26"
"	69BA0CDE","	Chamber1","	1","	B01??(?)","	4.7","	2026-07-28 16:02:24"
"	69BA0CDE","	Chamber1","	1","	B01??(%RH)","	79.8","	2026-07-28 16:02:24"
"	69BA0CDE","	Chamber1","	1","	B01??(?)","	4.7","	2026-07-28 16:02:22"
"	69BA0CDE","	Chamber1","	1","	B01??(%RH)","	79.7","	2026-07-28 16:02:22"
"	69BA0CDE","	Chamber1","	1","	B01??(%RH)","	79.7","	2026-07-28 16:02:20"
"	69BA0CDE","	Chamber1","	1","	B01??(?)","	4.7","	2026-07-28 16:02:19"
"	69BA0CDE","	Chamber1","	1","	B01??(?)","	4.7","	2026-07-28 16:02:17"
"	69BA0CDE","	Chamber1","	1","	B01??(%RH)","	79.7","	2026-07-28 16:02:17"
"	69BA0CDE","	Chamber1","	1","	B01??(?)","	4.7","	2026-07-28 16:02:15"
"	69BA0CDE","	Chamber1","	1","	B01??(%RH)","	79.7","	2026-07-28 16:02:15"
"	69BA0CDE","	Chamber1","	1","	B01??(?)","	4.7","	2026-07-28 16:02:13"
"	69BA0CDE","	Chamber1","	1","	B01??(%RH)","	79.7","	2026-07-28 16:02:13"
"	69BA0CDE","	Chamber1","	1","	B01??(%RH)","	79.7","	2026-07-28 16:02:11"
"	69BA0CDE","	Chamber1","	1","	B01??(?)","	4.7","	2026-07-28 16:02:10"
"	69BA0CDE","	Chamber1","	1","	B01??(?)","	4.7","	2026-07-28 16:02:08"
"	69BA0CDE","	Chamber1","	1","	B01??(%RH)","	79.7","	2026-07-28 16:02:08"
"	69BA0CDE","	Chamber1","	1","	B01??(?)","	4.7","	2026-07-28 16:02:06"
"	69BA0CDE","	Chamber1","	1","	B01??(%RH)","	79.7","	2026-07-28 16:02:06"
"	69BA0CDE","	Chamber1","	1","	B01??(%RH)","	79.7","	2026-07-28 16:02:04"
"	69BA0CDE","	Chamber1","	1","	B01??(?)","	4.7","	2026-07-28 16:02:03"
"	69BA0CDE","	Chamber1","	1","	B01??(?)","	4.7","	2026-07-28 16:02:01"
"	69BA0CDE","	Chamber1","	1","	B01??(%RH)","	79.7","	2026-07-28 16:02:01"
"	69BA0CDE","	Chamber1","	1","	B01??(?)","	4.7","	2026-07-28 16:01:59"
"	69BA0CDE","	Chamber1","	1","	B01??(%RH)","	79.7","	2026-07-28 16:01:59"
"	69BA0CDE","	Chamber1","	1","	B01??(?)","	4.7","	2026-07-28 16:01:57"
"	69BA0CDE","	Chamber1","	1","	B01??(%RH)","	79.7","	2026-07-28 16:01:57"
"	69BA0CDE","	Chamber1","	1","	B01??(%RH)","	79.6","	2026-07-28 16:01:55"
"	69BA0CDE","	Chamber1","	1","	B01??(?)","	4.7","	2026-07-28 16:01:54"
"	69BA0CDE","	Chamber1","	1","	B01??(?)","	4.7","	2026-07-28 16:01:52"
"	69BA0CDE","	Chamber1","	1","	B01??(%RH)","	79.7","	2026-07-28 16:01:52"
"	69BA0CDE","	Chamber1","	1","	B01??(?)","	4.7","	2026-07-28 16:01:50"
"	69BA0CDE","	Chamber1","	1","	B01??(%RH)","	79.7","	2026-07-28 16:01:50"
"	69BA0CDE","	Chamber1","	1","	B01??(?)","	4.7","	2026-07-28 16:01:48"
"	69BA0CDE","	Chamber1","	1","	B01??(%RH)","	79.7","	2026-07-28 16:01:48"
"	69BA0CDE","	Chamber1","	1","	B01??(%RH)","	79.7","	2026-07-28 16:01:46"
"	69BA0CDE","	Chamber1","	1","	B01??(?)","	4.7","	2026-07-28 16:01:45"
"	69BA0CDE","	Chamber1","	1","	B01??(?)","	4.7","	2026-07-28 16:01:43"
"	69BA0CDE","	Chamber1","	1","	B01??(%RH)","	79.6","	2026-07-28 16:01:43"
"	69BA0CDE","	Chamber1","	1","	B01??(?)","	4.7","	2026-07-28 16:01:41"
"	69BA0CDE","	Chamber1","	1","	B01??(%RH)","	79.6","	2026-07-28 16:01:41"
"	69BA0CDE","	Chamber1","	1","	B01??(?)","	4.7","	2026-07-28 16:01:39"
"	69BA0CDE","	Chamber1","	1","	B01??(%RH)","	79.6","	2026-07-28 16:01:39"
"	69BA0CDE","	Chamber1","	1","	B01??(%RH)","	79.6","	2026-07-28 16:01:37"
"	69BA0CDE","	Chamber1","	1","	B01??(?)","	4.7","	2026-07-28 16:01:36"
"	69BA0CDE","	Chamber1","	1","	B01??(?)","	4.7","	2026-07-28 16:01:34"
"	69BA0CDE","	Chamber1","	1","	B01??(%RH)","	79.6","	2026-07-28 16:01:34"
"	69BA0CDE","	Chamber1","	1","	B01??(?)","	4.7","	2026-07-28 16:01:32"
"	69BA0CDE","	Chamber1","	1","	B01??(%RH)","	79.6","	2026-07-28 16:01:32"
"	69BA0CDE","	Chamber1","	1","	B01??(?)","	4.7","	2026-07-28 16:01:30"
"	69BA0CDE","	Chamber1","	1","	B01??(%RH)","	79.6","	2026-07-28 16:01:30"
"	69BA0CDE","	Chamber1","	1","	B01??(%RH)","	79.6","	2026-07-28 16:01:28"
"	69BA0CDE","	Chamber1","	1","	B01??(?)","	4.7","	2026-07-28 16:01:27"
"	69BA0CDE","	Chamber1","	1","	B01??(?)","	4.7","	2026-07-28 16:01:25"
"	69BA0CDE","	Chamber1","	1","	B01??(%RH)","	79.6","	2026-07-28 16:01:25"
"	69BA0CDE","	Chamber1","	1","	B01??(?)","	4.7","	2026-07-28 16:01:23"
"	69BA0CDE","	Chamber1","	1","	B01??(%RH)","	79.6","	2026-07-28 16:01:23"
"	69BA0CDE","	Chamber1","	1","	B01??(%RH)","	79.5","	2026-07-28 16:01:21"
"	69BA0CDE","	Chamber1","	1","	B01??(?)","	4.7","	2026-07-28 16:01:20"
"	69BA0CDE","	Chamber1","	1","	B01??(?)","	4.7","	2026-07-28 16:01:18"
"	69BA0CDE","	Chamber1","	1","	B01??(%RH)","	79.5","	2026-07-28 16:01:18"
"	69BA0CDE","	Chamber1","	1","	B01??(?)","	4.7","	2026-07-28 16:01:16"
"	69BA0CDE","	Chamber1","	1","	B01??(%RH)","	79.5","	2026-07-28 16:01:16"
"	69BA0CDE","	Chamber1","	1","	B01??(?)","	4.7","	2026-07-28 16:01:14"
"	69BA0CDE","	Chamber1","	1","	B01??(%RH)","	79.5","	2026-07-28 16:01:14"
"	69BA0CDE","	Chamber1","	1","	B01??(%RH)","	79.5","	2026-07-28 16:01:12"
"	69BA0CDE","	Chamber1","	1","	B01??(?)","	4.7","	2026-07-28 16:01:11"
"	69BA0CDE","	Chamber1","	1","	B01??(%RH)","	79.5","	2026-07-28 16:01:09"
"	69BA0CDE","	Chamber1","	1","	B01??(?)","	4.7","	2026-07-28 16:01:09"
"	69BA0CDE","	Chamber1","	1","	B01??(?)","	4.7","	2026-07-28 16:01:07"
"	69BA0CDE","	Chamber1","	1","	B01??(%RH)","	79.5","	2026-07-28 16:01:07"
"	69BA0CDE","	Chamber1","	1","	B01??(?)","	4.7","	2026-07-28 16:01:05"
"	69BA0CDE","	Chamber1","	1","	B01??(%RH)","	79.5","	2026-07-28 16:01:05"
"	69BA0CDE","	Chamber1","	1","	B01??(?)","	4.7","	2026-07-28 16:01:02"
"	69BA0CDE","	Chamber1","	1","	B01??(%RH)","	79.5","	2026-07-28 16:01:02"
"	69BA0CDE","	Chamber1","	1","	B01??(?)","	4.7","	2026-07-28 16:01:00"
"	69BA0CDE","	Chamber1","	1","	B01??(%RH)","	79.4","	2026-07-28 16:01:00"
"	69BA0CDE","	Chamber1","	1","	B01??(?)","	4.8","	2026-07-28 16:00:58"
"	69BA0CDE","	Chamber1","	1","	B01??(%RH)","	79.5","	2026-07-28 16:00:58"
"	69BA0CDE","	Chamber1","	1","	B01??(%RH)","	79.4","	2026-07-28 16:00:56"
"	69BA0CDE","	Chamber1","	1","	B01??(?)","	4.7","	2026-07-28 16:00:55"
"	69BA0CDE","	Chamber1","	1","	B01??(?)","	4.7","	2026-07-28 16:00:53"
"	69BA0CDE","	Chamber1","	1","	B01??(%RH)","	79.5","	2026-07-28 16:00:53"
"	69BA0CDE","	Chamber1","	1","	B01??(?)","	4.7","	2026-07-28 16:00:51"
"	69BA0CDE","	Chamber1","	1","	B01??(%RH)","	79.5","	2026-07-28 16:00:51"
"	69BA0CDE","	Chamber1","	1","	B01??(?)","	4.8","	2026-07-28 16:00:49"
"	69BA0CDE","	Chamber1","	1","	B01??(%RH)","	79.4","	2026-07-28 16:00:49"
"	69BA0CDE","	Chamber1","	1","	B01??(%RH)","	79.4","	2026-07-28 16:00:47"
"	69BA0CDE","	Chamber1","	1","	B01??(?)","	4.7","	2026-07-28 16:00:46"
"	69BA0CDE","	Chamber1","	1","	B01??(?)","	4.8","	2026-07-28 16:00:44"
"	69BA0CDE","	Chamber1","	1","	B01??(%RH)","	79.4","	2026-07-28 16:00:44"
"	69BA0CDE","	Chamber1","	1","	B01??(?)","	4.8","	2026-07-28 16:00:42"
"	69BA0CDE","	Chamber1","	1","	B01??(%RH)","	79.4","	2026-07-28 16:00:42"
"	69BA0CDE","	Chamber1","	1","	B01??(?)","	4.7","	2026-07-28 16:00:40"
"	69BA0CDE","	Chamber1","	1","	B01??(%RH)","	79.4","	2026-07-28 16:00:40"
"	69BA0CDE","	Chamber1","	1","	B01??(%RH)","	79.4","	2026-07-28 16:00:38"
"	69BA0CDE","	Chamber1","	1","	B01??(?)","	4.8","	2026-07-28 16:00:37"
"	69BA0CDE","	Chamber1","	1","	B01??(?)","	4.8","	2026-07-28 16:00:35"
"	69BA0CDE","	Chamber1","	1","	B01??(%RH)","	79.4","	2026-07-28 16:00:35"
"	69BA0CDE","	Chamber1","	1","	B01??(?)","	4.8","	2026-07-28 16:00:33"
"	69BA0CDE","	Chamber1","	1","	B01??(%RH)","	79.4","	2026-07-28 16:00:33"
"	69BA0CDE","	Chamber1","	1","	B01??(%RH)","	79.4","	2026-07-28 16:00:31"
"	69BA0CDE","	Chamber1","	1","	B01??(?)","	4.8","	2026-07-28 16:00:30"
"	69BA0CDE","	Chamber1","	1","	B01??(?)","	4.8","	2026-07-28 16:00:28"
"	69BA0CDE","	Chamber1","	1","	B01??(%RH)","	79.4","	2026-07-28 16:00:28"
"	69BA0CDE","	Chamber1","	1","	B01??(?)","	4.8","	2026-07-28 16:00:26"
"	69BA0CDE","	Chamber1","	1","	B01??(%RH)","	79.3","	2026-07-28 16:00:26"
"	69BA0CDE","	Chamber1","	1","	B01??(?)","	4.7","	2026-07-28 16:00:24"
"	69BA0CDE","	Chamber1","	1","	B01??(%RH)","	79.3","	2026-07-28 16:00:24"
"	69BA0CDE","	Chamber1","	1","	B01??(%RH)","	79.3","	2026-07-28 16:00:22"
"	69BA0CDE","	Chamber1","	1","	B01??(?)","	4.8","	2026-07-28 16:00:21"
"	69BA0CDE","	Chamber1","	1","	B01??(?)","	4.8","	2026-07-28 16:00:19"
"	69BA0CDE","	Chamber1","	1","	B01??(%RH)","	79.3","	2026-07-28 16:00:19"
"	69BA0CDE","	Chamber1","	1","	B01??(?)","	4.8","	2026-07-28 16:00:17"
"	69BA0CDE","	Chamber1","	1","	B01??(%RH)","	79.3","	2026-07-28 16:00:17"
"	69BA0CDE","	Chamber1","	1","	B01??(?)","	4.8","	2026-07-28 16:00:15"
"	69BA0CDE","	Chamber1","	1","	B01??(%RH)","	79.3","	2026-07-28 16:00:15"
"	69BA0CDE","	Chamber1","	1","	B01??(%RH)","	79.3","	2026-07-28 16:00:13"
"	69BA0CDE","	Chamber1","	1","	B01??(?)","	4.8","	2026-07-28 16:00:12"
"	69BA0CDE","	Chamber1","	1","	B01??(?)","	4.8","	2026-07-28 16:00:10"
"	69BA0CDE","	Chamber1","	1","	B01??(%RH)","	79.3","	2026-07-28 16:00:10"
"	69BA0CDE","	Chamber1","	1","	B01??(?)","	4.8","	2026-07-28 16:00:08"
"	69BA0CDE","	Chamber1","	1","	B01??(%RH)","	79.3","	2026-07-28 16:00:08"
"	69BA0CDE","	Chamber1","	1","	B01??(%RH)","	79.3","	2026-07-28 16:00:06"
"	69BA0CDE","	Chamber1","	1","	B01??(?)","	4.8","	2026-07-28 16:00:05"
"	69BA0CDE","	Chamber1","	1","	B01??(?)","	4.8","	2026-07-28 16:00:03"
"	69BA0CDE","	Chamber1","	1","	B01??(%RH)","	79.3","	2026-07-28 16:00:03"
"	69BA0CDE","	Chamber1","	1","	B01??(?)","	4.8","	2026-07-28 16:00:01"
"	69BA0CDE","	Chamber1","	1","	B01??(%RH)","	79.3","	2026-07-28 16:00:01"
"	69BA0CDE","	Chamber1","	1","	B01??(?)","	4.8","	2026-07-28 15:59:59"
"	69BA0CDE","	Chamber1","	1","	B01??(%RH)","	79.3","	2026-07-28 15:59:59"
"	69BA0CDE","	Chamber1","	1","	B01??(%RH)","	79.2","	2026-07-28 15:59:57"
"	69BA0CDE","	Chamber1","	1","	B01??(?)","	4.8","	2026-07-28 15:59:56"
"	69BA0CDE","	Chamber1","	1","	B01??(?)","	4.8","	2026-07-28 15:59:54"
"	69BA0CDE","	Chamber1","	1","	B01??(%RH)","	79.2","	2026-07-28 15:59:54"
"	69BA0CDE","	Chamber1","	1","	B01??(%RH)","	79.2","	2026-07-28 15:59:52"
"	69BA0CDE","	Chamber1","	1","	B01??(?)","	4.8","	2026-07-28 15:59:52"
"	69BA0CDE","	Chamber1","	1","	B01??(?)","	4.8","	2026-07-28 15:59:50"
"	69BA0CDE","	Chamber1","	1","	B01??(%RH)","	79.2","	2026-07-28 15:59:50"
"	69BA0CDE","	Chamber1","	1","	B01??(%RH)","	79.2","	2026-07-28 15:59:48"
"	69BA0CDE","	Chamber1","	1","	B01??(?)","	4.8","	2026-07-28 15:59:47"
"	69BA0CDE","	Chamber1","	1","	B01??(?)","	4.8","	2026-07-28 15:59:45"
"	69BA0CDE","	Chamber1","	1","	B01??(%RH)","	79.2","	2026-07-28 15:59:45"
"	69BA0CDE","	Chamber1","	1","	B01??(?)","	4.8","	2026-07-28 15:59:43"
"	69BA0CDE","	Chamber1","	1","	B01??(%RH)","	79.2","	2026-07-28 15:59:43"
"	69BA0CDE","	Chamber1","	1","	B01??(?)","	4.8","	2026-07-28 15:59:41"
"	69BA0CDE","	Chamber1","	1","	B01??(%RH)","	79.2","	2026-07-28 15:59:41"
"	69BA0CDE","	Chamber1","	1","	B01??(%RH)","	79.2","	2026-07-28 15:59:39"
"	69BA0CDE","	Chamber1","	1","	B01??(?)","	4.8","	2026-07-28 15:59:38"
"	69BA0CDE","	Chamber1","	1","	B01??(?)","	4.8","	2026-07-28 15:59:36"
"	69BA0CDE","	Chamber1","	1","	B01??(%RH)","	79.2","	2026-07-28 15:59:36"
"	69BA0CDE","	Chamber1","	1","	B01??(?)","	4.8","	2026-07-28 15:59:34"
"	69BA0CDE","	Chamber1","	1","	B01??(%RH)","	79.2","	2026-07-28 15:59:34"
"	69BA0CDE","	Chamber1","	1","	B01??(?)","	4.8","	2026-07-28 15:59:32"
"	69BA0CDE","	Chamber1","	1","	B01??(%RH)","	79.1","	2026-07-28 15:59:32"
"	69BA0CDE","	Chamber1","	1","	B01??(%RH)","	79.1","	2026-07-28 15:59:30"
"	69BA0CDE","	Chamber1","	1","	B01??(?)","	4.8","	2026-07-28 15:59:29"
"	69BA0CDE","	Chamber1","	1","	B01??(?)","	4.8","	2026-07-28 15:59:27"
"	69BA0CDE","	Chamber1","	1","	B01??(%RH)","	79.1","	2026-07-28 15:59:27"
"	69BA0CDE","	Chamber1","	1","	B01??(?)","	4.8","	2026-07-28 15:59:25"
"	69BA0CDE","	Chamber1","	1","	B01??(%RH)","	79.1","	2026-07-28 15:59:25"
"	69BA0CDE","	Chamber1","	1","	B01??(?)","	4.8","	2026-07-28 15:59:23"
"	69BA0CDE","	Chamber1","	1","	B01??(%RH)","	79.1","	2026-07-28 15:59:23"
"	69BA0CDE","	Chamber1","	1","	B01??(%RH)","	79.1","	2026-07-28 15:59:21"
"	69BA0CDE","	Chamber1","	1","	B01??(?)","	4.8","	2026-07-28 15:59:20"
"	69BA0CDE","	Chamber1","	1","	B01??(?)","	4.8","	2026-07-28 15:59:18"
"	69BA0CDE","	Chamber1","	1","	B01??(%RH)","	79.1","	2026-07-28 15:59:18"
"	69BA0CDE","	Chamber1","	1","	B01??(?)","	4.8","	2026-07-28 15:59:16"
"	69BA0CDE","	Chamber1","	1","	B01??(%RH)","	79.1","	2026-07-28 15:59:16"
"	69BA0CDE","	Chamber1","	1","	B01??(?)","	4.8","	2026-07-28 15:59:14"
"	69BA0CDE","	Chamber1","	1","	B01??(%RH)","	79.1","	2026-07-28 15:59:14"
"	69BA0CDE","	Chamber1","	1","	B01??(%RH)","	79.1","	2026-07-28 15:59:12"
"	69BA0CDE","	Chamber1","	1","	B01??(?)","	4.8","	2026-07-28 15:59:11"
"	69BA0CDE","	Chamber1","	1","	B01??(?)","	4.8","	2026-07-28 15:59:09"
"	69BA0CDE","	Chamber1","	1","	B01??(%RH)","	79.1","	2026-07-28 15:59:09"
"	69BA0CDE","	Chamber1","	1","	B01??(?)","	4.8","	2026-07-28 15:59:07"
"	69BA0CDE","	Chamber1","	1","	B01??(%RH)","	79","	2026-07-28 15:59:07"
"	69BA0CDE","	Chamber1","	1","	B01??(?)","	4.8","	2026-07-28 15:59:05"
"	69BA0CDE","	Chamber1","	1","	B01??(%RH)","	79","	2026-07-28 15:59:05"
"	69BA0CDE","	Chamber1","	1","	B01??(%RH)","	79","	2026-07-28 15:59:03"
"	69BA0CDE","	Chamber1","	1","	B01??(?)","	4.9","	2026-07-28 15:59:02"
"	69BA0CDE","	Chamber1","	1","	B01??(?)","	4.8","	2026-07-28 15:59:00"
"	69BA0CDE","	Chamber1","	1","	B01??(%RH)","	79","	2026-07-28 15:59:00"
"	69BA0CDE","	Chamber1","	1","	B01??(?)","	4.9","	2026-07-28 15:58:58"
"	69BA0CDE","	Chamber1","	1","	B01??(%RH)","	79","	2026-07-28 15:58:58"
"	69BA0CDE","	Chamber1","	1","	B01??(?)","	4.8","	2026-07-28 15:58:56"
"	69BA0CDE","	Chamber1","	1","	B01??(%RH)","	79","	2026-07-28 15:58:56"
"	69BA0CDE","	Chamber1","	1","	B01??(%RH)","	79","	2026-07-28 15:58:54"
"	69BA0CDE","	Chamber1","	1","	B01??(?)","	4.9","	2026-07-28 15:58:53"
"	69BA0CDE","	Chamber1","	1","	B01??(?)","	4.9","	2026-07-28 15:58:51"
"	69BA0CDE","	Chamber1","	1","	B01??(%RH)","	79","	2026-07-28 15:58:51"
"	69BA0CDE","	Chamber1","	1","	B01??(?)","	4.9","	2026-07-28 15:58:49"
"	69BA0CDE","	Chamber1","	1","	B01??(%RH)","	79","	2026-07-28 15:58:49"
"	69BA0CDE","	Chamber1","	1","	B01??(?)","	4.9","	2026-07-28 15:58:47"
"	69BA0CDE","	Chamber1","	1","	B01??(%RH)","	79","	2026-07-28 15:58:47"
"	69BA0CDE","	Chamber1","	1","	B01??(%RH)","	78.9","	2026-07-28 15:58:45"
"	69BA0CDE","	Chamber1","	1","	B01??(?)","	4.9","	2026-07-28 15:58:44"
"	69BA0CDE","	Chamber1","	1","	B01??(?)","	4.8","	2026-07-28 15:58:42"
"	69BA0CDE","	Chamber1","	1","	B01??(%RH)","	78.9","	2026-07-28 15:58:42"
"	69BA0CDE","	Chamber1","	1","	B01??(?)","	4.8","	2026-07-28 15:58:40"
"	69BA0CDE","	Chamber1","	1","	B01??(%RH)","	78.9","	2026-07-28 15:58:40"
"	69BA0CDE","	Chamber1","	1","	B01??(?)","	4.9","	2026-07-28 15:58:38"
"	69BA0CDE","	Chamber1","	1","	B01??(%RH)","	78.9","	2026-07-28 15:58:38"
"	69BA0CDE","	Chamber1","	1","	B01??(%RH)","	78.9","	2026-07-28 15:58:36"
"	69BA0CDE","	Chamber1","	1","	B01??(?)","	4.8","	2026-07-28 15:58:35"
"	69BA0CDE","	Chamber1","	1","	B01??(?)","	4.9","	2026-07-28 15:58:33"
"	69BA0CDE","	Chamber1","	1","	B01??(%RH)","	78.9","	2026-07-28 15:58:33"
"	69BA0CDE","	Chamber1","	1","	B01??(?)","	4.9","	2026-07-28 15:58:31"
"	69BA0CDE","	Chamber1","	1","	B01??(%RH)","	78.9","	2026-07-28 15:58:31"
"	69BA0CDE","	Chamber1","	1","	B01??(?)","	4.9","	2026-07-28 15:58:29"
"	69BA0CDE","	Chamber1","	1","	B01??(%RH)","	78.9","	2026-07-28 15:58:29"
"	69BA0CDE","	Chamber1","	1","	B01??(%RH)","	78.9","	2026-07-28 15:58:27"
"	69BA0CDE","	Chamber1","	1","	B01??(?)","	4.9","	2026-07-28 15:58:26"
"	69BA0CDE","	Chamber1","	1","	B01??(?)","	4.9","	2026-07-28 15:58:24"
"	69BA0CDE","	Chamber1","	1","	B01??(%RH)","	78.8","	2026-07-28 15:58:24"
"	69BA0CDE","	Chamber1","	1","	B01??(?)","	4.9","	2026-07-28 15:58:22"
"	69BA0CDE","	Chamber1","	1","	B01??(%RH)","	78.8","	2026-07-28 15:58:22"
"	69BA0CDE","	Chamber1","	1","	B01??(?)","	4.9","	2026-07-28 15:58:20"
"	69BA0CDE","	Chamber1","	1","	B01??(%RH)","	78.8","	2026-07-28 15:58:20"
"	69BA0CDE","	Chamber1","	1","	B01??(%RH)","	78.8","	2026-07-28 15:58:18"
"	69BA0CDE","	Chamber1","	1","	B01??(?)","	4.9","	2026-07-28 15:58:17"
"	69BA0CDE","	Chamber1","	1","	B01??(?)","	4.9","	2026-07-28 15:58:15"
"	69BA0CDE","	Chamber1","	1","	B01??(%RH)","	78.8","	2026-07-28 15:58:15"
"	69BA0CDE","	Chamber1","	1","	B01??(?)","	4.9","	2026-07-28 15:58:13"
"	69BA0CDE","	Chamber1","	1","	B01??(%RH)","	78.8","	2026-07-28 15:58:13"
"	69BA0CDE","	Chamber1","	1","	B01??(?)","	4.9","	2026-07-28 15:58:11"
"	69BA0CDE","	Chamber1","	1","	B01??(%RH)","	78.8","	2026-07-28 15:58:11"
"	69BA0CDE","	Chamber1","	1","	B01??(%RH)","	78.8","	2026-07-28 15:58:09"
"	69BA0CDE","	Chamber1","	1","	B01??(?)","	4.9","	2026-07-28 15:58:08"
"	69BA0CDE","	Chamber1","	1","	B01??(?)","	4.9","	2026-07-28 15:58:06"
"	69BA0CDE","	Chamber1","	1","	B01??(%RH)","	78.8","	2026-07-28 15:58:06"
"	69BA0CDE","	Chamber1","	1","	B01??(?)","	4.9","	2026-07-28 15:58:04"
"	69BA0CDE","	Chamber1","	1","	B01??(%RH)","	78.8","	2026-07-28 15:58:04"
"	69BA0CDE","	Chamber1","	1","	B01??(?)","	4.9","	2026-07-28 15:58:02"
"	69BA0CDE","	Chamber1","	1","	B01??(%RH)","	78.8","	2026-07-28 15:58:02"
"	69BA0CDE","	Chamber1","	1","	B01??(%RH)","	78.7","	2026-07-28 15:58:00"
"	69BA0CDE","	Chamber1","	1","	B01??(?)","	4.9","	2026-07-28 15:57:59"
"	69BA0CDE","	Chamber1","	1","	B01??(?)","	4.9","	2026-07-28 15:57:57"
"	69BA0CDE","	Chamber1","	1","	B01??(%RH)","	78.7","	2026-07-28 15:57:57"
"	69BA0CDE","	Chamber1","	1","	B01??(?)","	4.9","	2026-07-28 15:57:55"
"	69BA0CDE","	Chamber1","	1","	B01??(%RH)","	78.7","	2026-07-28 15:57:55"
"	69BA0CDE","	Chamber1","	1","	B01??(?)","	4.9","	2026-07-28 15:57:53"
"	69BA0CDE","	Chamber1","	1","	B01??(%RH)","	78.7","	2026-07-28 15:57:53"
"	69BA0CDE","	Chamber1","	1","	B01??(%RH)","	78.7","	2026-07-28 15:57:51"
"	69BA0CDE","	Chamber1","	1","	B01??(?)","	4.9","	2026-07-28 15:57:50"
"	69BA0CDE","	Chamber1","	1","	B01??(?)","	4.9","	2026-07-28 15:57:48"
"	69BA0CDE","	Chamber1","	1","	B01??(%RH)","	78.7","	2026-07-28 15:57:48"
"	69BA0CDE","	Chamber1","	1","	B01??(?)","	4.9","	2026-07-28 15:57:46"
"	69BA0CDE","	Chamber1","	1","	B01??(%RH)","	78.7","	2026-07-28 15:57:46"
"	69BA0CDE","	Chamber1","	1","	B01??(?)","	4.9","	2026-07-28 15:57:44"
"	69BA0CDE","	Chamber1","	1","	B01??(%RH)","	78.7","	2026-07-28 15:57:44"
"	69BA0CDE","	Chamber1","	1","	B01??(%RH)","	78.7","	2026-07-28 15:57:42"
"	69BA0CDE","	Chamber1","	1","	B01??(?)","	4.9","	2026-07-28 15:57:41"
"	69BA0CDE","	Chamber1","	1","	B01??(?)","	4.9","	2026-07-28 15:57:39"
"	69BA0CDE","	Chamber1","	1","	B01??(%RH)","	78.6","	2026-07-28 15:57:39"
"	69BA0CDE","	Chamber1","	1","	B01??(?)","	4.9","	2026-07-28 15:57:37"
"	69BA0CDE","	Chamber1","	1","	B01??(%RH)","	78.6","	2026-07-28 15:57:37"
"	69BA0CDE","	Chamber1","	1","	B01??(?)","	4.9","	2026-07-28 15:57:35"
"	69BA0CDE","	Chamber1","	1","	B01??(%RH)","	78.6","	2026-07-28 15:57:35"
"	69BA0CDE","	Chamber1","	1","	B01??(%RH)","	78.6","	2026-07-28 15:57:33"
"	69BA0CDE","	Chamber1","	1","	B01??(?)","	4.9","	2026-07-28 15:57:32"
"	69BA0CDE","	Chamber1","	1","	B01??(?)","	4.9","	2026-07-28 15:57:30"
"	69BA0CDE","	Chamber1","	1","	B01??(%RH)","	78.6","	2026-07-28 15:57:30"
"	69BA0CDE","	Chamber1","	1","	B01??(?)","	4.9","	2026-07-28 15:57:28"
"	69BA0CDE","	Chamber1","	1","	B01??(%RH)","	78.6","	2026-07-28 15:57:28"
"	69BA0CDE","	Chamber1","	1","	B01??(?)","	5","	2026-07-28 15:57:26"
"	69BA0CDE","	Chamber1","	1","	B01??(%RH)","	78.6","	2026-07-28 15:57:26"
"	69BA0CDE","	Chamber1","	1","	B01??(%RH)","	78.6","	2026-07-28 15:57:24"
"	69BA0CDE","	Chamber1","	1","	B01??(?)","	5","	2026-07-28 15:57:23"
"	69BA0CDE","	Chamber1","	1","	B01??(?)","	4.9","	2026-07-28 15:57:21"
"	69BA0CDE","	Chamber1","	1","	B01??(%RH)","	78.5","	2026-07-28 15:57:21"
"	69BA0CDE","	Chamber1","	1","	B01??(?)","	4.9","	2026-07-28 15:57:19"
"	69BA0CDE","	Chamber1","	1","	B01??(%RH)","	78.5","	2026-07-28 15:57:19"
"	69BA0CDE","	Chamber1","	1","	B01??(?)","	5","	2026-07-28 15:57:17"
"	69BA0CDE","	Chamber1","	1","	B01??(%RH)","	78.5","	2026-07-28 15:57:17"
"	69BA0CDE","	Chamber1","	1","	B01??(%RH)","	78.5","	2026-07-28 15:57:15"
"	69BA0CDE","	Chamber1","	1","	B01??(?)","	4.9","	2026-07-28 15:57:14"
"	69BA0CDE","	Chamber1","	1","	B01??(?)","	5","	2026-07-28 15:57:12"
"	69BA0CDE","	Chamber1","	1","	B01??(%RH)","	78.5","	2026-07-28 15:57:12"
"	69BA0CDE","	Chamber1","	1","	B01??(?)","	5","	2026-07-28 15:57:10"
"	69BA0CDE","	Chamber1","	1","	B01??(%RH)","	78.5","	2026-07-28 15:57:10"
"	69BA0CDE","	Chamber1","	1","	B01??(?)","	5","	2026-07-28 15:57:08"
"	69BA0CDE","	Chamber1","	1","	B01??(%RH)","	78.5","	2026-07-28 15:57:08"
"	69BA0CDE","	Chamber1","	1","	B01??(%RH)","	78.4","	2026-07-28 15:57:06"
"	69BA0CDE","	Chamber1","	1","	B01??(?)","	5","	2026-07-28 15:57:05"
"	69BA0CDE","	Chamber1","	1","	B01??(?)","	4.9","	2026-07-28 15:57:03"
"	69BA0CDE","	Chamber1","	1","	B01??(%RH)","	78.5","	2026-07-28 15:57:03"
"	69BA0CDE","	Chamber1","	1","	B01??(?)","	5","	2026-07-28 15:57:01"
"	69BA0CDE","	Chamber1","	1","	B01??(%RH)","	78.4","	2026-07-28 15:57:01"
"	69BA0CDE","	Chamber1","	1","	B01??(?)","	5","	2026-07-28 15:56:59"
"	69BA0CDE","	Chamber1","	1","	B01??(%RH)","	78.5","	2026-07-28 15:56:59"
"	69BA0CDE","	Chamber1","	1","	B01??(%RH)","	78.4","	2026-07-28 15:56:57"
"	69BA0CDE","	Chamber1","	1","	B01??(?)","	5","	2026-07-28 15:56:56"
"	69BA0CDE","	Chamber1","	1","	B01??(?)","	5","	2026-07-28 15:56:54"
"	69BA0CDE","	Chamber1","	1","	B01??(%RH)","	78.4","	2026-07-28 15:56:54"
"	69BA0CDE","	Chamber1","	1","	B01??(?)","	5","	2026-07-28 15:56:52"
"	69BA0CDE","	Chamber1","	1","	B01??(%RH)","	78.4","	2026-07-28 15:56:52"
"	69BA0CDE","	Chamber1","	1","	B01??(?)","	5","	2026-07-28 15:56:50"
"	69BA0CDE","	Chamber1","	1","	B01??(%RH)","	78.4","	2026-07-28 15:56:50"
"	69BA0CDE","	Chamber1","	1","	B01??(%RH)","	78.4","	2026-07-28 15:56:48"
"	69BA0CDE","	Chamber1","	1","	B01??(?)","	5","	2026-07-28 15:56:47"
"	69BA0CDE","	Chamber1","	1","	B01??(?)","	5","	2026-07-28 15:56:45"
"	69BA0CDE","	Chamber1","	1","	B01??(%RH)","	78.4","	2026-07-28 15:56:45"
"	69BA0CDE","	Chamber1","	1","	B01??(?)","	5","	2026-07-28 15:56:43"
"	69BA0CDE","	Chamber1","	1","	B01??(%RH)","	78.4","	2026-07-28 15:56:43"
"	69BA0CDE","	Chamber1","	1","	B01??(?)","	5","	2026-07-28 15:56:41"
"	69BA0CDE","	Chamber1","	1","	B01??(%RH)","	78.3","	2026-07-28 15:56:41"
"	69BA0CDE","	Chamber1","	1","	B01??(%RH)","	78.3","	2026-07-28 15:56:39"
"	69BA0CDE","	Chamber1","	1","	B01??(?)","	5","	2026-07-28 15:56:38"
"	69BA0CDE","	Chamber1","	1","	B01??(?)","	5","	2026-07-28 15:56:36"
"	69BA0CDE","	Chamber1","	1","	B01??(%RH)","	78.3","	2026-07-28 15:56:36"
"	69BA0CDE","	Chamber1","	1","	B01??(?)","	5","	2026-07-28 15:56:34"
"	69BA0CDE","	Chamber1","	1","	B01??(%RH)","	78.3","	2026-07-28 15:56:34"
"	69BA0CDE","	Chamber1","	1","	B01??(?)","	5","	2026-07-28 15:56:32"
"	69BA0CDE","	Chamber1","	1","	B01??(%RH)","	78.3","	2026-07-28 15:56:32"
"	69BA0CDE","	Chamber1","	1","	B01??(%RH)","	78.3","	2026-07-28 15:56:30"
"	69BA0CDE","	Chamber1","	1","	B01??(?)","	5","	2026-07-28 15:56:29"
"	69BA0CDE","	Chamber1","	1","	B01??(?)","	5","	2026-07-28 15:56:27"
"	69BA0CDE","	Chamber1","	1","	B01??(%RH)","	78.2","	2026-07-28 15:56:27"
"	69BA0CDE","	Chamber1","	1","	B01??(?)","	5","	2026-07-28 15:56:25"
"	69BA0CDE","	Chamber1","	1","	B01??(%RH)","	78.3","	2026-07-28 15:56:25"
"	69BA0CDE","	Chamber1","	1","	B01??(?)","	5","	2026-07-28 15:56:23"
"	69BA0CDE","	Chamber1","	1","	B01??(%RH)","	78.2","	2026-07-28 15:56:23"
"	69BA0CDE","	Chamber1","	1","	B01??(%RH)","	78.2","	2026-07-28 15:56:21"
"	69BA0CDE","	Chamber1","	1","	B01??(?)","	5","	2026-07-28 15:56:20"
"	69BA0CDE","	Chamber1","	1","	B01??(?)","	5","	2026-07-28 15:56:18"
"	69BA0CDE","	Chamber1","	1","	B01??(%RH)","	78.2","	2026-07-28 15:56:18"
"	69BA0CDE","	Chamber1","	1","	B01??(?)","	5","	2026-07-28 15:56:16"
"	69BA0CDE","	Chamber1","	1","	B01??(%RH)","	78.2","	2026-07-28 15:56:16"
"	69BA0CDE","	Chamber1","	1","	B01??(?)","	5","	2026-07-28 15:56:14"
"	69BA0CDE","	Chamber1","	1","	B01??(%RH)","	78.2","	2026-07-28 15:56:14"
"	69BA0CDE","	Chamber1","	1","	B01??(%RH)","	78.2","	2026-07-28 15:56:12"
"	69BA0CDE","	Chamber1","	1","	B01??(?)","	5","	2026-07-28 15:56:11"
"	69BA0CDE","	Chamber1","	1","	B01??(?)","	5","	2026-07-28 15:56:09"
"	69BA0CDE","	Chamber1","	1","	B01??(%RH)","	78.2","	2026-07-28 15:56:09"
"	69BA0CDE","	Chamber1","	1","	B01??(?)","	5","	2026-07-28 15:56:07"
"	69BA0CDE","	Chamber1","	1","	B01??(%RH)","	78.2","	2026-07-28 15:56:07"
"	69BA0CDE","	Chamber1","	1","	B01??(?)","	5.1","	2026-07-28 15:56:05"
"	69BA0CDE","	Chamber1","	1","	B01??(%RH)","	78.2","	2026-07-28 15:56:05"
"	69BA0CDE","	Chamber1","	1","	B01??(%RH)","	78.1","	2026-07-28 15:56:03"
"	69BA0CDE","	Chamber1","	1","	B01??(?)","	5","	2026-07-28 15:56:02"
"	69BA0CDE","	Chamber1","	1","	B01??(?)","	5","	2026-07-28 15:56:00"
"	69BA0CDE","	Chamber1","	1","	B01??(%RH)","	78.1","	2026-07-28 15:56:00"
