??ID,????,????,????,????,??
"	69BA0CDE","	Chamber1","	1","	B01??(%RH)","	93.5","	2026-07-23 16:58:01"
"	69BA0CDE","	Chamber1","	1","	B01??(?)","	17.5","	2026-07-23 16:58:01"
"	69BA0CDE","	Chamber1","	1","	B01??(%RH)","	93.5","	2026-07-23 16:57:59"
"	69BA0CDE","	Chamber1","	1","	B01??(?)","	17.6","	2026-07-23 16:57:59"
"	69BA0CDE","	Chamber1","	1","	B01??(%RH)","	93.5","	2026-07-23 16:57:57"
"	69BA0CDE","	Chamber1","	1","	B01??(?)","	17.6","	2026-07-23 16:57:57"
"	69BA0CDE","	Chamber1","	1","	B01??(%RH)","	93.5","	2026-07-23 16:57:55"
"	69BA0CDE","	Chamber1","	1","	B01??(?)","	17.6","	2026-07-23 16:57:55"
"	69BA0CDE","	Chamber1","	1","	B01??(%RH)","	93.5","	2026-07-23 16:57:53"
"	69BA0CDE","	Chamber1","	1","	B01??(?)","	17.6","	2026-07-23 16:57:53"
"	69BA0CDE","	Chamber1","	1","	B01??(%RH)","	93.6","	2026-07-23 16:57:50"
"	69BA0CDE","	Chamber1","	1","	B01??(?)","	17.6","	2026-07-23 16:57:50"
"	69BA0CDE","	Chamber1","	1","	B01??(%RH)","	93.6","	2026-07-23 16:57:48"
"	69BA0CDE","	Chamber1","	1","	B01??(?)","	17.6","	2026-07-23 16:57:48"
"	69BA0CDE","	Chamber1","	1","	B01??(%RH)","	93.5","	2026-07-23 16:57:46"
"	69BA0CDE","	Chamber1","	1","	B01??(?)","	17.6","	2026-07-23 16:57:46"
"	69BA0CDE","	Chamber1","	1","	B01??(%RH)","	93.5","	2026-07-23 16:57:44"
"	69BA0CDE","	Chamber1","	1","	B01??(?)","	17.5","	2026-07-23 16:57:44"
"	69BA0CDE","	Chamber1","	1","	B01??(%RH)","	93.5","	2026-07-23 16:57:42"
"	69BA0CDE","	Chamber1","	1","	B01??(?)","	17.6","	2026-07-23 16:57:42"
"	69BA0CDE","	Chamber1","	1","	B01??(%RH)","	93.5","	2026-07-23 16:57:40"
"	69BA0CDE","	Chamber1","	1","	B01??(?)","	17.6","	2026-07-23 16:57:40"
"	69BA0CDE","	Chamber1","	1","	B01??(%RH)","	93.5","	2026-07-23 16:57:38"
"	69BA0CDE","	Chamber1","	1","	B01??(?)","	17.6","	2026-07-23 16:57:38"
"	69BA0CDE","	Chamber1","	1","	B01??(%RH)","	93.5","	2026-07-23 16:57:36"
"	69BA0CDE","	Chamber1","	1","	B01??(?)","	17.6","	2026-07-23 16:57:36"
"	69BA0CDE","	Chamber1","	1","	B01??(%RH)","	93.5","	2026-07-23 16:57:34"
"	69BA0CDE","	Chamber1","	1","	B01??(?)","	17.6","	2026-07-23 16:57:34"
"	69BA0CDE","	Chamber1","	1","	B01??(%RH)","	93.5","	2026-07-23 16:57:32"
"	69BA0CDE","	Chamber1","	1","	B01??(?)","	17.5","	2026-07-23 16:57:32"
"	69BA0CDE","	Chamber1","	1","	B01??(%RH)","	93.5","	2026-07-23 16:57:30"
"	69BA0CDE","	Chamber1","	1","	B01??(?)","	17.5","	2026-07-23 16:57:30"
"	69BA0CDE","	Chamber1","	1","	B01??(%RH)","	93.5","	2026-07-23 16:57:28"
"	69BA0CDE","	Chamber1","	1","	B01??(?)","	17.5","	2026-07-23 16:57:28"
"	69BA0CDE","	Chamber1","	1","	B01??(%RH)","	93.5","	2026-07-23 16:57:26"
"	69BA0CDE","	Chamber1","	1","	B01??(?)","	17.6","	2026-07-23 16:57:26"
"	69BA0CDE","	Chamber1","	1","	B01??(%RH)","	93.5","	2026-07-23 16:57:24"
"	69BA0CDE","	Chamber1","	1","	B01??(?)","	17.5","	2026-07-23 16:57:24"
"	69BA0CDE","	Chamber1","	1","	B01??(%RH)","	93.5","	2026-07-23 16:57:22"
"	69BA0CDE","	Chamber1","	1","	B01??(?)","	17.6","	2026-07-23 16:57:22"
"	69BA0CDE","	Chamber1","	1","	B01??(%RH)","	93.6","	2026-07-23 16:57:20"
"	69BA0CDE","	Chamber1","	1","	B01??(?)","	17.6","	2026-07-23 16:57:20"
"	69BA0CDE","	Chamber1","	1","	B01??(%RH)","	93.5","	2026-07-23 16:57:18"
"	69BA0CDE","	Chamber1","	1","	B01??(?)","	17.6","	2026-07-23 16:57:18"
"	69BA0CDE","	Chamber1","	1","	B01??(%RH)","	93.5","	2026-07-23 16:57:16"
"	69BA0CDE","	Chamber1","	1","	B01??(?)","	17.6","	2026-07-23 16:57:16"
"	69BA0CDE","	Chamber1","	1","	B01??(%RH)","	93.5","	2026-07-23 16:57:14"
"	69BA0CDE","	Chamber1","	1","	B01??(?)","	17.6","	2026-07-23 16:57:14"
"	69BA0CDE","	Chamber1","	1","	B01??(%RH)","	93.5","	2026-07-23 16:57:12"
"	69BA0CDE","	Chamber1","	1","	B01??(?)","	17.6","	2026-07-23 16:57:12"
"	69BA0CDE","	Chamber1","	1","	B01??(%RH)","	93.5","	2026-07-23 16:57:09"
"	69BA0CDE","	Chamber1","	1","	B01??(?)","	17.6","	2026-07-23 16:57:09"
"	69BA0CDE","	Chamber1","	1","	B01??(%RH)","	93.5","	2026-07-23 16:57:07"
"	69BA0CDE","	Chamber1","	1","	B01??(?)","	17.6","	2026-07-23 16:57:07"
"	69BA0CDE","	Chamber1","	1","	B01??(%RH)","	93.5","	2026-07-23 16:57:05"
"	69BA0CDE","	Chamber1","	1","	B01??(?)","	17.5","	2026-07-23 16:57:05"
"	69BA0CDE","	Chamber1","	1","	B01??(%RH)","	93.6","	2026-07-23 16:57:03"
"	69BA0CDE","	Chamber1","	1","	B01??(?)","	17.6","	2026-07-23 16:57:03"
"	69BA0CDE","	Chamber1","	1","	B01??(%RH)","	93.5","	2026-07-23 16:57:01"
"	69BA0CDE","	Chamber1","	1","	B01??(?)","	17.6","	2026-07-23 16:57:01"
"	69BA0CDE","	Chamber1","	1","	B01??(%RH)","	93.5","	2026-07-23 16:56:59"
"	69BA0CDE","	Chamber1","	1","	B01??(?)","	17.5","	2026-07-23 16:56:59"
"	69BA0CDE","	Chamber1","	1","	B01??(%RH)","	93.5","	2026-07-23 16:56:57"
"	69BA0CDE","	Chamber1","	1","	B01??(?)","	17.5","	2026-07-23 16:56:57"
"	69BA0CDE","	Chamber1","	1","	B01??(%RH)","	93.5","	2026-07-23 16:56:55"
"	69BA0CDE","	Chamber1","	1","	B01??(?)","	17.5","	2026-07-23 16:56:55"
"	69BA0CDE","	Chamber1","	1","	B01??(%RH)","	93.5","	2026-07-23 16:56:53"
"	69BA0CDE","	Chamber1","	1","	B01??(?)","	17.5","	2026-07-23 16:56:53"
"	69BA0CDE","	Chamber1","	1","	B01??(%RH)","	93.5","	2026-07-23 16:56:51"
"	69BA0CDE","	Chamber1","	1","	B01??(?)","	17.6","	2026-07-23 16:56:51"
"	69BA0CDE","	Chamber1","	1","	B01??(%RH)","	93.5","	2026-07-23 16:56:49"
"	69BA0CDE","	Chamber1","	1","	B01??(?)","	17.6","	2026-07-23 16:56:49"
"	69BA0CDE","	Chamber1","	1","	B01??(%RH)","	93.5","	2026-07-23 16:56:47"
"	69BA0CDE","	Chamber1","	1","	B01??(?)","	17.6","	2026-07-23 16:56:47"
"	69BA0CDE","	Chamber1","	1","	B01??(%RH)","	93.5","	2026-07-23 16:56:45"
"	69BA0CDE","	Chamber1","	1","	B01??(?)","	17.5","	2026-07-23 16:56:45"
"	69BA0CDE","	Chamber1","	1","	B01??(%RH)","	93.5","	2026-07-23 16:56:43"
"	69BA0CDE","	Chamber1","	1","	B01??(?)","	17.6","	2026-07-23 16:56:43"
"	69BA0CDE","	Chamber1","	1","	B01??(%RH)","	93.6","	2026-07-23 16:56:41"
"	69BA0CDE","	Chamber1","	1","	B01??(?)","	17.6","	2026-07-23 16:56:41"
"	69BA0CDE","	Chamber1","	1","	B01??(%RH)","	93.5","	2026-07-23 16:56:39"
"	69BA0CDE","	Chamber1","	1","	B01??(?)","	17.5","	2026-07-23 16:56:39"
"	69BA0CDE","	Chamber1","	1","	B01??(%RH)","	93.5","	2026-07-23 16:56:37"
"	69BA0CDE","	Chamber1","	1","	B01??(?)","	17.6","	2026-07-23 16:56:37"
"	69BA0CDE","	Chamber1","	1","	B01??(%RH)","	93.5","	2026-07-23 16:56:35"
"	69BA0CDE","	Chamber1","	1","	B01??(?)","	17.5","	2026-07-23 16:56:35"
"	69BA0CDE","	Chamber1","	1","	B01??(%RH)","	93.5","	2026-07-23 16:56:33"
"	69BA0CDE","	Chamber1","	1","	B01??(?)","	17.5","	2026-07-23 16:56:33"
"	69BA0CDE","	Chamber1","	1","	B01??(%RH)","	93.5","	2026-07-23 16:56:31"
"	69BA0CDE","	Chamber1","	1","	B01??(?)","	17.6","	2026-07-23 16:56:31"
"	69BA0CDE","	Chamber1","	1","	B01??(%RH)","	93.5","	2026-07-23 16:56:29"
"	69BA0CDE","	Chamber1","	1","	B01??(?)","	17.5","	2026-07-23 16:56:29"
"	69BA0CDE","	Chamber1","	1","	B01??(%RH)","	93.5","	2026-07-23 16:56:26"
"	69BA0CDE","	Chamber1","	1","	B01??(?)","	17.6","	2026-07-23 16:56:26"
"	69BA0CDE","	Chamber1","	1","	B01??(%RH)","	93.5","	2026-07-23 16:56:24"
"	69BA0CDE","	Chamber1","	1","	B01??(?)","	17.5","	2026-07-23 16:56:24"
"	69BA0CDE","	Chamber1","	1","	B01??(%RH)","	93.5","	2026-07-23 16:56:22"
"	69BA0CDE","	Chamber1","	1","	B01??(?)","	17.6","	2026-07-23 16:56:22"
"	69BA0CDE","	Chamber1","	1","	B01??(%RH)","	93.5","	2026-07-23 16:56:20"
"	69BA0CDE","	Chamber1","	1","	B01??(?)","	17.5","	2026-07-23 16:56:20"
"	69BA0CDE","	Chamber1","	1","	B01??(%RH)","	93.5","	2026-07-23 16:56:18"
"	69BA0CDE","	Chamber1","	1","	B01??(?)","	17.5","	2026-07-23 16:56:18"
"	69BA0CDE","	Chamber1","	1","	B01??(%RH)","	93.5","	2026-07-23 16:56:16"
"	69BA0CDE","	Chamber1","	1","	B01??(?)","	17.6","	2026-07-23 16:56:16"
"	69BA0CDE","	Chamber1","	1","	B01??(%RH)","	93.5","	2026-07-23 16:56:14"
"	69BA0CDE","	Chamber1","	1","	B01??(?)","	17.5","	2026-07-23 16:56:14"
"	69BA0CDE","	Chamber1","	1","	B01??(%RH)","	93.5","	2026-07-23 16:56:12"
"	69BA0CDE","	Chamber1","	1","	B01??(?)","	17.6","	2026-07-23 16:56:12"
"	69BA0CDE","	Chamber1","	1","	B01??(%RH)","	93.5","	2026-07-23 16:56:10"
"	69BA0CDE","	Chamber1","	1","	B01??(?)","	17.5","	2026-07-23 16:56:10"
"	69BA0CDE","	Chamber1","	1","	B01??(%RH)","	93.5","	2026-07-23 16:56:08"
"	69BA0CDE","	Chamber1","	1","	B01??(?)","	17.5","	2026-07-23 16:56:08"
"	69BA0CDE","	Chamber1","	1","	B01??(%RH)","	93.5","	2026-07-23 16:56:06"
"	69BA0CDE","	Chamber1","	1","	B01??(?)","	17.6","	2026-07-23 16:56:06"
"	69BA0CDE","	Chamber1","	1","	B01??(%RH)","	93.5","	2026-07-23 16:56:04"
"	69BA0CDE","	Chamber1","	1","	B01??(?)","	17.5","	2026-07-23 16:56:04"
"	69BA0CDE","	Chamber1","	1","	B01??(%RH)","	93.5","	2026-07-23 16:56:02"
"	69BA0CDE","	Chamber1","	1","	B01??(?)","	17.6","	2026-07-23 16:56:02"
"	69BA0CDE","	Chamber1","	1","	B01??(%RH)","	93.5","	2026-07-23 16:56:00"
"	69BA0CDE","	Chamber1","	1","	B01??(?)","	17.5","	2026-07-23 16:56:00"
"	69BA0CDE","	Chamber1","	1","	B01??(%RH)","	93.5","	2026-07-23 16:55:58"
"	69BA0CDE","	Chamber1","	1","	B01??(?)","	17.6","	2026-07-23 16:55:58"
"	69BA0CDE","	Chamber1","	1","	B01??(%RH)","	93.5","	2026-07-23 16:55:56"
"	69BA0CDE","	Chamber1","	1","	B01??(?)","	17.6","	2026-07-23 16:55:56"
"	69BA0CDE","	Chamber1","	1","	B01??(%RH)","	93.5","	2026-07-23 16:55:54"
"	69BA0CDE","	Chamber1","	1","	B01??(?)","	17.6","	2026-07-23 16:55:54"
"	69BA0CDE","	Chamber1","	1","	B01??(%RH)","	93.5","	2026-07-23 16:55:52"
"	69BA0CDE","	Chamber1","	1","	B01??(?)","	17.5","	2026-07-23 16:55:52"
"	69BA0CDE","	Chamber1","	1","	B01??(%RH)","	93.5","	2026-07-23 16:55:50"
"	69BA0CDE","	Chamber1","	1","	B01??(?)","	17.6","	2026-07-23 16:55:50"
"	69BA0CDE","	Chamber1","	1","	B01??(%RH)","	93.5","	2026-07-23 16:55:48"
"	69BA0CDE","	Chamber1","	1","	B01??(?)","	17.5","	2026-07-23 16:55:48"
"	69BA0CDE","	Chamber1","	1","	B01??(%RH)","	93.5","	2026-07-23 16:55:46"
"	69BA0CDE","	Chamber1","	1","	B01??(?)","	17.6","	2026-07-23 16:55:46"
"	69BA0CDE","	Chamber1","	1","	B01??(%RH)","	93.5","	2026-07-23 16:55:43"
"	69BA0CDE","	Chamber1","	1","	B01??(?)","	17.5","	2026-07-23 16:55:43"
"	69BA0CDE","	Chamber1","	1","	B01??(%RH)","	93.5","	2026-07-23 16:55:41"
"	69BA0CDE","	Chamber1","	1","	B01??(?)","	17.5","	2026-07-23 16:55:41"
"	69BA0CDE","	Chamber1","	1","	B01??(%RH)","	93.5","	2026-07-23 16:55:39"
"	69BA0CDE","	Chamber1","	1","	B01??(?)","	17.5","	2026-07-23 16:55:39"
"	69BA0CDE","	Chamber1","	1","	B01??(%RH)","	93.5","	2026-07-23 16:55:37"
"	69BA0CDE","	Chamber1","	1","	B01??(?)","	17.5","	2026-07-23 16:55:37"
"	69BA0CDE","	Chamber1","	1","	B01??(%RH)","	93.5","	2026-07-23 16:55:35"
"	69BA0CDE","	Chamber1","	1","	B01??(?)","	17.5","	2026-07-23 16:55:35"
"	69BA0CDE","	Chamber1","	1","	B01??(%RH)","	93.5","	2026-07-23 16:55:33"
"	69BA0CDE","	Chamber1","	1","	B01??(?)","	17.5","	2026-07-23 16:55:33"
"	69BA0CDE","	Chamber1","	1","	B01??(%RH)","	93.5","	2026-07-23 16:55:31"
"	69BA0CDE","	Chamber1","	1","	B01??(?)","	17.5","	2026-07-23 16:55:31"
"	69BA0CDE","	Chamber1","	1","	B01??(%RH)","	93.5","	2026-07-23 16:55:29"
"	69BA0CDE","	Chamber1","	1","	B01??(?)","	17.6","	2026-07-23 16:55:29"
"	69BA0CDE","	Chamber1","	1","	B01??(%RH)","	93.5","	2026-07-23 16:55:27"
"	69BA0CDE","	Chamber1","	1","	B01??(?)","	17.5","	2026-07-23 16:55:27"
"	69BA0CDE","	Chamber1","	1","	B01??(%RH)","	93.5","	2026-07-23 16:55:25"
"	69BA0CDE","	Chamber1","	1","	B01??(?)","	17.5","	2026-07-23 16:55:25"
"	69BA0CDE","	Chamber1","	1","	B01??(%RH)","	93.5","	2026-07-23 16:55:23"
"	69BA0CDE","	Chamber1","	1","	B01??(?)","	17.5","	2026-07-23 16:55:23"
"	69BA0CDE","	Chamber1","	1","	B01??(%RH)","	93.5","	2026-07-23 16:55:21"
"	69BA0CDE","	Chamber1","	1","	B01??(?)","	17.5","	2026-07-23 16:55:21"
"	69BA0CDE","	Chamber1","	1","	B01??(%RH)","	93.5","	2026-07-23 16:55:19"
"	69BA0CDE","	Chamber1","	1","	B01??(?)","	17.5","	2026-07-23 16:55:19"
"	69BA0CDE","	Chamber1","	1","	B01??(?)","	17.5","	2026-07-23 16:55:17"
"	69BA0CDE","	Chamber1","	1","	B01??(%RH)","	93.5","	2026-07-23 16:55:17"
"	69BA0CDE","	Chamber1","	1","	B01??(%RH)","	93.5","	2026-07-23 16:55:15"
"	69BA0CDE","	Chamber1","	1","	B01??(?)","	17.5","	2026-07-23 16:55:15"
"	69BA0CDE","	Chamber1","	1","	B01??(%RH)","	93.5","	2026-07-23 16:55:13"
"	69BA0CDE","	Chamber1","	1","	B01??(?)","	17.5","	2026-07-23 16:55:13"
"	69BA0CDE","	Chamber1","	1","	B01??(%RH)","	93.5","	2026-07-23 16:55:11"
"	69BA0CDE","	Chamber1","	1","	B01??(?)","	17.5","	2026-07-23 16:55:11"
"	69BA0CDE","	Chamber1","	1","	B01??(%RH)","	93.5","	2026-07-23 16:55:09"
"	69BA0CDE","	Chamber1","	1","	B01??(?)","	17.6","	2026-07-23 16:55:09"
"	69BA0CDE","	Chamber1","	1","	B01??(%RH)","	93.5","	2026-07-23 16:55:07"
"	69BA0CDE","	Chamber1","	1","	B01??(?)","	17.5","	2026-07-23 16:55:07"
"	69BA0CDE","	Chamber1","	1","	B01??(%RH)","	93.5","	2026-07-23 16:55:05"
"	69BA0CDE","	Chamber1","	1","	B01??(?)","	17.6","	2026-07-23 16:55:05"
"	69BA0CDE","	Chamber1","	1","	B01??(%RH)","	93.5","	2026-07-23 16:55:03"
"	69BA0CDE","	Chamber1","	1","	B01??(?)","	17.5","	2026-07-23 16:55:03"
"	69BA0CDE","	Chamber1","	1","	B01??(%RH)","	93.5","	2026-07-23 16:55:00"
"	69BA0CDE","	Chamber1","	1","	B01??(?)","	17.5","	2026-07-23 16:55:00"
"	69BA0CDE","	Chamber1","	1","	B01??(%RH)","	93.5","	2026-07-23 16:54:58"
"	69BA0CDE","	Chamber1","	1","	B01??(?)","	17.5","	2026-07-23 16:54:58"
"	69BA0CDE","	Chamber1","	1","	B01??(%RH)","	93.5","	2026-07-23 16:54:56"
"	69BA0CDE","	Chamber1","	1","	B01??(?)","	17.5","	2026-07-23 16:54:56"
"	69BA0CDE","	Chamber1","	1","	B01??(%RH)","	93.5","	2026-07-23 16:54:54"
"	69BA0CDE","	Chamber1","	1","	B01??(?)","	17.5","	2026-07-23 16:54:54"
"	69BA0CDE","	Chamber1","	1","	B01??(%RH)","	93.5","	2026-07-23 16:54:52"
"	69BA0CDE","	Chamber1","	1","	B01??(?)","	17.5","	2026-07-23 16:54:52"
"	69BA0CDE","	Chamber1","	1","	B01??(%RH)","	93.5","	2026-07-23 16:54:50"
"	69BA0CDE","	Chamber1","	1","	B01??(?)","	17.5","	2026-07-23 16:54:50"
"	69BA0CDE","	Chamber1","	1","	B01??(%RH)","	93.5","	2026-07-23 16:54:48"
"	69BA0CDE","	Chamber1","	1","	B01??(?)","	17.5","	2026-07-23 16:54:48"
"	69BA0CDE","	Chamber1","	1","	B01??(%RH)","	93.5","	2026-07-23 16:54:46"
"	69BA0CDE","	Chamber1","	1","	B01??(?)","	17.6","	2026-07-23 16:54:46"
"	69BA0CDE","	Chamber1","	1","	B01??(%RH)","	93.5","	2026-07-23 16:54:44"
"	69BA0CDE","	Chamber1","	1","	B01??(?)","	17.5","	2026-07-23 16:54:44"
"	69BA0CDE","	Chamber1","	1","	B01??(%RH)","	93.5","	2026-07-23 16:54:42"
"	69BA0CDE","	Chamber1","	1","	B01??(?)","	17.5","	2026-07-23 16:54:42"
"	69BA0CDE","	Chamber1","	1","	B01??(%RH)","	93.5","	2026-07-23 16:54:40"
"	69BA0CDE","	Chamber1","	1","	B01??(?)","	17.5","	2026-07-23 16:54:40"
"	69BA0CDE","	Chamber1","	1","	B01??(%RH)","	93.5","	2026-07-23 16:54:38"
"	69BA0CDE","	Chamber1","	1","	B01??(?)","	17.5","	2026-07-23 16:54:38"
"	69BA0CDE","	Chamber1","	1","	B01??(%RH)","	93.5","	2026-07-23 16:54:36"
"	69BA0CDE","	Chamber1","	1","	B01??(?)","	17.5","	2026-07-23 16:54:36"
"	69BA0CDE","	Chamber1","	1","	B01??(%RH)","	93.5","	2026-07-23 16:54:34"
"	69BA0CDE","	Chamber1","	1","	B01??(?)","	17.5","	2026-07-23 16:54:34"
"	69BA0CDE","	Chamber1","	1","	B01??(%RH)","	93.5","	2026-07-23 16:54:32"
"	69BA0CDE","	Chamber1","	1","	B01??(?)","	17.5","	2026-07-23 16:54:32"
"	69BA0CDE","	Chamber1","	1","	B01??(%RH)","	93.5","	2026-07-23 16:54:30"
"	69BA0CDE","	Chamber1","	1","	B01??(?)","	17.5","	2026-07-23 16:54:30"
"	69BA0CDE","	Chamber1","	1","	B01??(%RH)","	93.5","	2026-07-23 16:54:28"
"	69BA0CDE","	Chamber1","	1","	B01??(?)","	17.6","	2026-07-23 16:54:28"
"	69BA0CDE","	Chamber1","	1","	B01??(%RH)","	93.5","	2026-07-23 16:54:26"
"	69BA0CDE","	Chamber1","	1","	B01??(?)","	17.5","	2026-07-23 16:54:26"
"	69BA0CDE","	Chamber1","	1","	B01??(%RH)","	93.5","	2026-07-23 16:54:24"
"	69BA0CDE","	Chamber1","	1","	B01??(?)","	17.5","	2026-07-23 16:54:24"
"	69BA0CDE","	Chamber1","	1","	B01??(%RH)","	93.5","	2026-07-23 16:54:22"
"	69BA0CDE","	Chamber1","	1","	B01??(?)","	17.5","	2026-07-23 16:54:22"
"	69BA0CDE","	Chamber1","	1","	B01??(%RH)","	93.4","	2026-07-23 16:54:20"
"	69BA0CDE","	Chamber1","	1","	B01??(?)","	17.5","	2026-07-23 16:54:20"
"	69BA0CDE","	Chamber1","	1","	B01??(%RH)","	93.5","	2026-07-23 16:54:17"
"	69BA0CDE","	Chamber1","	1","	B01??(?)","	17.5","	2026-07-23 16:54:17"
"	69BA0CDE","	Chamber1","	1","	B01??(%RH)","	93.5","	2026-07-23 16:54:15"
"	69BA0CDE","	Chamber1","	1","	B01??(?)","	17.5","	2026-07-23 16:54:15"
"	69BA0CDE","	Chamber1","	1","	B01??(%RH)","	93.5","	2026-07-23 16:54:13"
"	69BA0CDE","	Chamber1","	1","	B01??(?)","	17.5","	2026-07-23 16:54:13"
"	69BA0CDE","	Chamber1","	1","	B01??(%RH)","	93.5","	2026-07-23 16:54:11"
"	69BA0CDE","	Chamber1","	1","	B01??(?)","	17.5","	2026-07-23 16:54:11"
"	69BA0CDE","	Chamber1","	1","	B01??(%RH)","	93.5","	2026-07-23 16:54:09"
"	69BA0CDE","	Chamber1","	1","	B01??(?)","	17.5","	2026-07-23 16:54:09"
"	69BA0CDE","	Chamber1","	1","	B01??(%RH)","	93.5","	2026-07-23 16:54:07"
"	69BA0CDE","	Chamber1","	1","	B01??(?)","	17.5","	2026-07-23 16:54:07"
"	69BA0CDE","	Chamber1","	1","	B01??(%RH)","	93.5","	2026-07-23 16:54:05"
"	69BA0CDE","	Chamber1","	1","	B01??(?)","	17.5","	2026-07-23 16:54:05"
"	69BA0CDE","	Chamber1","	1","	B01??(%RH)","	93.5","	2026-07-23 16:54:03"
"	69BA0CDE","	Chamber1","	1","	B01??(?)","	17.5","	2026-07-23 16:54:03"
"	69BA0CDE","	Chamber1","	1","	B01??(%RH)","	93.5","	2026-07-23 16:54:01"
"	69BA0CDE","	Chamber1","	1","	B01??(?)","	17.5","	2026-07-23 16:54:01"
"	69BA0CDE","	Chamber1","	1","	B01??(%RH)","	93.5","	2026-07-23 16:53:59"
"	69BA0CDE","	Chamber1","	1","	B01??(?)","	17.5","	2026-07-23 16:53:59"
"	69BA0CDE","	Chamber1","	1","	B01??(%RH)","	93.5","	2026-07-23 16:53:57"
"	69BA0CDE","	Chamber1","	1","	B01??(?)","	17.5","	2026-07-23 16:53:57"
"	69BA0CDE","	Chamber1","	1","	B01??(%RH)","	93.5","	2026-07-23 16:53:55"
"	69BA0CDE","	Chamber1","	1","	B01??(?)","	17.5","	2026-07-23 16:53:55"
"	69BA0CDE","	Chamber1","	1","	B01??(%RH)","	93.5","	2026-07-23 16:53:53"
"	69BA0CDE","	Chamber1","	1","	B01??(?)","	17.5","	2026-07-23 16:53:53"
"	69BA0CDE","	Chamber1","	1","	B01??(%RH)","	93.5","	2026-07-23 16:53:51"
"	69BA0CDE","	Chamber1","	1","	B01??(?)","	17.5","	2026-07-23 16:53:51"
"	69BA0CDE","	Chamber1","	1","	B01??(%RH)","	93.5","	2026-07-23 16:53:49"
"	69BA0CDE","	Chamber1","	1","	B01??(?)","	17.5","	2026-07-23 16:53:49"
"	69BA0CDE","	Chamber1","	1","	B01??(%RH)","	93.5","	2026-07-23 16:53:47"
"	69BA0CDE","	Chamber1","	1","	B01??(?)","	17.5","	2026-07-23 16:53:47"
"	69BA0CDE","	Chamber1","	1","	B01??(%RH)","	93.4","	2026-07-23 16:53:45"
"	69BA0CDE","	Chamber1","	1","	B01??(?)","	17.5","	2026-07-23 16:53:45"
"	69BA0CDE","	Chamber1","	1","	B01??(%RH)","	93.5","	2026-07-23 16:53:43"
"	69BA0CDE","	Chamber1","	1","	B01??(?)","	17.5","	2026-07-23 16:53:43"
"	69BA0CDE","	Chamber1","	1","	B01??(%RH)","	93.5","	2026-07-23 16:53:41"
"	69BA0CDE","	Chamber1","	1","	B01??(?)","	17.5","	2026-07-23 16:53:41"
"	69BA0CDE","	Chamber1","	1","	B01??(%RH)","	93.5","	2026-07-23 16:53:39"
"	69BA0CDE","	Chamber1","	1","	B01??(?)","	17.5","	2026-07-23 16:53:39"
"	69BA0CDE","	Chamber1","	1","	B01??(%RH)","	93.5","	2026-07-23 16:53:37"
"	69BA0CDE","	Chamber1","	1","	B01??(?)","	17.5","	2026-07-23 16:53:37"
"	69BA0CDE","	Chamber1","	1","	B01??(%RH)","	93.5","	2026-07-23 16:53:34"
"	69BA0CDE","	Chamber1","	1","	B01??(?)","	17.5","	2026-07-23 16:53:34"
"	69BA0CDE","	Chamber1","	1","	B01??(%RH)","	93.5","	2026-07-23 16:53:32"
"	69BA0CDE","	Chamber1","	1","	B01??(?)","	17.5","	2026-07-23 16:53:32"
"	69BA0CDE","	Chamber1","	1","	B01??(%RH)","	93.5","	2026-07-23 16:53:30"
"	69BA0CDE","	Chamber1","	1","	B01??(?)","	17.5","	2026-07-23 16:53:30"
"	69BA0CDE","	Chamber1","	1","	B01??(%RH)","	93.5","	2026-07-23 16:53:28"
"	69BA0CDE","	Chamber1","	1","	B01??(?)","	17.5","	2026-07-23 16:53:28"
"	69BA0CDE","	Chamber1","	1","	B01??(%RH)","	93.5","	2026-07-23 16:53:26"
"	69BA0CDE","	Chamber1","	1","	B01??(?)","	17.5","	2026-07-23 16:53:26"
"	69BA0CDE","	Chamber1","	1","	B01??(%RH)","	93.5","	2026-07-23 16:53:24"
"	69BA0CDE","	Chamber1","	1","	B01??(?)","	17.5","	2026-07-23 16:53:24"
"	69BA0CDE","	Chamber1","	1","	B01??(%RH)","	93.5","	2026-07-23 16:53:22"
"	69BA0CDE","	Chamber1","	1","	B01??(?)","	17.5","	2026-07-23 16:53:22"
"	69BA0CDE","	Chamber1","	1","	B01??(%RH)","	93.5","	2026-07-23 16:53:20"
"	69BA0CDE","	Chamber1","	1","	B01??(?)","	17.5","	2026-07-23 16:53:20"
"	69BA0CDE","	Chamber1","	1","	B01??(%RH)","	93.5","	2026-07-23 16:53:18"
"	69BA0CDE","	Chamber1","	1","	B01??(?)","	17.5","	2026-07-23 16:53:18"
"	69BA0CDE","	Chamber1","	1","	B01??(%RH)","	93.5","	2026-07-23 16:53:16"
"	69BA0CDE","	Chamber1","	1","	B01??(?)","	17.5","	2026-07-23 16:53:16"
"	69BA0CDE","	Chamber1","	1","	B01??(%RH)","	93.5","	2026-07-23 16:53:14"
"	69BA0CDE","	Chamber1","	1","	B01??(?)","	17.5","	2026-07-23 16:53:14"
"	69BA0CDE","	Chamber1","	1","	B01??(%RH)","	93.5","	2026-07-23 16:53:12"
"	69BA0CDE","	Chamber1","	1","	B01??(?)","	17.5","	2026-07-23 16:53:12"
"	69BA0CDE","	Chamber1","	1","	B01??(%RH)","	93.5","	2026-07-23 16:53:10"
"	69BA0CDE","	Chamber1","	1","	B01??(?)","	17.5","	2026-07-23 16:53:10"
"	69BA0CDE","	Chamber1","	1","	B01??(%RH)","	93.5","	2026-07-23 16:53:08"
"	69BA0CDE","	Chamber1","	1","	B01??(?)","	17.5","	2026-07-23 16:53:08"
"	69BA0CDE","	Chamber1","	1","	B01??(%RH)","	93.5","	2026-07-23 16:53:06"
"	69BA0CDE","	Chamber1","	1","	B01??(?)","	17.5","	2026-07-23 16:53:06"
"	69BA0CDE","	Chamber1","	1","	B01??(%RH)","	93.5","	2026-07-23 16:53:04"
"	69BA0CDE","	Chamber1","	1","	B01??(?)","	17.5","	2026-07-23 16:53:04"
"	69BA0CDE","	Chamber1","	1","	B01??(%RH)","	93.5","	2026-07-23 16:53:02"
"	69BA0CDE","	Chamber1","	1","	B01??(?)","	17.5","	2026-07-23 16:53:02"
"	69BA0CDE","	Chamber1","	1","	B01??(%RH)","	93.5","	2026-07-23 16:53:00"
"	69BA0CDE","	Chamber1","	1","	B01??(?)","	17.5","	2026-07-23 16:53:00"
"	69BA0CDE","	Chamber1","	1","	B01??(%RH)","	93.5","	2026-07-23 16:52:58"
"	69BA0CDE","	Chamber1","	1","	B01??(?)","	17.5","	2026-07-23 16:52:58"
"	69BA0CDE","	Chamber1","	1","	B01??(%RH)","	93.5","	2026-07-23 16:52:56"
"	69BA0CDE","	Chamber1","	1","	B01??(?)","	17.5","	2026-07-23 16:52:56"
"	69BA0CDE","	Chamber1","	1","	B01??(%RH)","	93.5","	2026-07-23 16:52:54"
"	69BA0CDE","	Chamber1","	1","	B01??(?)","	17.5","	2026-07-23 16:52:54"
"	69BA0CDE","	Chamber1","	1","	B01??(%RH)","	93.5","	2026-07-23 16:52:51"
"	69BA0CDE","	Chamber1","	1","	B01??(?)","	17.5","	2026-07-23 16:52:51"
"	69BA0CDE","	Chamber1","	1","	B01??(%RH)","	93.5","	2026-07-23 16:52:49"
"	69BA0CDE","	Chamber1","	1","	B01??(?)","	17.5","	2026-07-23 16:52:49"
"	69BA0CDE","	Chamber1","	1","	B01??(%RH)","	93.5","	2026-07-23 16:52:47"
"	69BA0CDE","	Chamber1","	1","	B01??(?)","	17.5","	2026-07-23 16:52:47"
"	69BA0CDE","	Chamber1","	1","	B01??(%RH)","	93.5","	2026-07-23 16:52:45"
"	69BA0CDE","	Chamber1","	1","	B01??(?)","	17.5","	2026-07-23 16:52:45"
"	69BA0CDE","	Chamber1","	1","	B01??(%RH)","	93.5","	2026-07-23 16:52:43"
"	69BA0CDE","	Chamber1","	1","	B01??(?)","	17.5","	2026-07-23 16:52:43"
"	69BA0CDE","	Chamber1","	1","	B01??(%RH)","	93.5","	2026-07-23 16:52:41"
"	69BA0CDE","	Chamber1","	1","	B01??(?)","	17.5","	2026-07-23 16:52:41"
"	69BA0CDE","	Chamber1","	1","	B01??(%RH)","	93.5","	2026-07-23 16:52:39"
"	69BA0CDE","	Chamber1","	1","	B01??(?)","	17.5","	2026-07-23 16:52:39"
"	69BA0CDE","	Chamber1","	1","	B01??(%RH)","	93.5","	2026-07-23 16:52:37"
"	69BA0CDE","	Chamber1","	1","	B01??(?)","	17.5","	2026-07-23 16:52:37"
"	69BA0CDE","	Chamber1","	1","	B01??(%RH)","	93.5","	2026-07-23 16:52:35"
"	69BA0CDE","	Chamber1","	1","	B01??(?)","	17.5","	2026-07-23 16:52:35"
"	69BA0CDE","	Chamber1","	1","	B01??(%RH)","	93.5","	2026-07-23 16:52:33"
"	69BA0CDE","	Chamber1","	1","	B01??(?)","	17.5","	2026-07-23 16:52:33"
"	69BA0CDE","	Chamber1","	1","	B01??(%RH)","	93.5","	2026-07-23 16:52:31"
"	69BA0CDE","	Chamber1","	1","	B01??(?)","	17.5","	2026-07-23 16:52:31"
"	69BA0CDE","	Chamber1","	1","	B01??(%RH)","	93.5","	2026-07-23 16:52:29"
"	69BA0CDE","	Chamber1","	1","	B01??(?)","	17.5","	2026-07-23 16:52:29"
"	69BA0CDE","	Chamber1","	1","	B01??(%RH)","	93.5","	2026-07-23 16:52:27"
"	69BA0CDE","	Chamber1","	1","	B01??(?)","	17.5","	2026-07-23 16:52:27"
"	69BA0CDE","	Chamber1","	1","	B01??(%RH)","	93.5","	2026-07-23 16:52:25"
"	69BA0CDE","	Chamber1","	1","	B01??(?)","	17.5","	2026-07-23 16:52:25"
"	69BA0CDE","	Chamber1","	1","	B01??(%RH)","	93.4","	2026-07-23 16:52:23"
"	69BA0CDE","	Chamber1","	1","	B01??(?)","	17.5","	2026-07-23 16:52:23"
"	69BA0CDE","	Chamber1","	1","	B01??(%RH)","	93.5","	2026-07-23 16:52:21"
"	69BA0CDE","	Chamber1","	1","	B01??(?)","	17.5","	2026-07-23 16:52:21"
"	69BA0CDE","	Chamber1","	1","	B01??(%RH)","	93.4","	2026-07-23 16:52:19"
"	69BA0CDE","	Chamber1","	1","	B01??(?)","	17.5","	2026-07-23 16:52:19"
"	69BA0CDE","	Chamber1","	1","	B01??(%RH)","	93.5","	2026-07-23 16:52:17"
"	69BA0CDE","	Chamber1","	1","	B01??(?)","	17.5","	2026-07-23 16:52:17"
"	69BA0CDE","	Chamber1","	1","	B01??(%RH)","	93.5","	2026-07-23 16:52:15"
"	69BA0CDE","	Chamber1","	1","	B01??(?)","	17.5","	2026-07-23 16:52:15"
"	69BA0CDE","	Chamber1","	1","	B01??(%RH)","	93.5","	2026-07-23 16:52:13"
"	69BA0CDE","	Chamber1","	1","	B01??(?)","	17.5","	2026-07-23 16:52:13"
"	69BA0CDE","	Chamber1","	1","	B01??(%RH)","	93.5","	2026-07-23 16:52:11"
"	69BA0CDE","	Chamber1","	1","	B01??(?)","	17.5","	2026-07-23 16:52:11"
"	69BA0CDE","	Chamber1","	1","	B01??(%RH)","	93.5","	2026-07-23 16:52:09"
"	69BA0CDE","	Chamber1","	1","	B01??(?)","	17.5","	2026-07-23 16:52:08"
"	69BA0CDE","	Chamber1","	1","	B01??(%RH)","	93.5","	2026-07-23 16:52:06"
"	69BA0CDE","	Chamber1","	1","	B01??(?)","	17.5","	2026-07-23 16:52:06"
"	69BA0CDE","	Chamber1","	1","	B01??(%RH)","	93.5","	2026-07-23 16:52:04"
"	69BA0CDE","	Chamber1","	1","	B01??(?)","	17.5","	2026-07-23 16:52:04"
"	69BA0CDE","	Chamber1","	1","	B01??(%RH)","	93.5","	2026-07-23 16:52:02"
"	69BA0CDE","	Chamber1","	1","	B01??(?)","	17.5","	2026-07-23 16:52:02"
"	69BA0CDE","	Chamber1","	1","	B01??(%RH)","	93.5","	2026-07-23 16:52:00"
"	69BA0CDE","	Chamber1","	1","	B01??(?)","	17.5","	2026-07-23 16:52:00"
"	69BA0CDE","	Chamber1","	1","	B01??(%RH)","	93.5","	2026-07-23 16:51:58"
"	69BA0CDE","	Chamber1","	1","	B01??(?)","	17.5","	2026-07-23 16:51:58"
"	69BA0CDE","	Chamber1","	1","	B01??(%RH)","	93.5","	2026-07-23 16:51:56"
"	69BA0CDE","	Chamber1","	1","	B01??(?)","	17.5","	2026-07-23 16:51:56"
"	69BA0CDE","	Chamber1","	1","	B01??(%RH)","	93.5","	2026-07-23 16:51:54"
"	69BA0CDE","	Chamber1","	1","	B01??(?)","	17.5","	2026-07-23 16:51:54"
"	69BA0CDE","	Chamber1","	1","	B01??(%RH)","	93.4","	2026-07-23 16:51:52"
"	69BA0CDE","	Chamber1","	1","	B01??(?)","	17.5","	2026-07-23 16:51:52"
"	69BA0CDE","	Chamber1","	1","	B01??(%RH)","	93.4","	2026-07-23 16:51:50"
"	69BA0CDE","	Chamber1","	1","	B01??(?)","	17.5","	2026-07-23 16:51:50"
"	69BA0CDE","	Chamber1","	1","	B01??(%RH)","	93.5","	2026-07-23 16:51:48"
"	69BA0CDE","	Chamber1","	1","	B01??(?)","	17.5","	2026-07-23 16:51:48"
"	69BA0CDE","	Chamber1","	1","	B01??(%RH)","	93.5","	2026-07-23 16:51:46"
"	69BA0CDE","	Chamber1","	1","	B01??(?)","	17.5","	2026-07-23 16:51:46"
"	69BA0CDE","	Chamber1","	1","	B01??(%RH)","	93.5","	2026-07-23 16:51:44"
"	69BA0CDE","	Chamber1","	1","	B01??(?)","	17.5","	2026-07-23 16:51:44"
"	69BA0CDE","	Chamber1","	1","	B01??(%RH)","	93.5","	2026-07-23 16:51:42"
"	69BA0CDE","	Chamber1","	1","	B01??(?)","	17.5","	2026-07-23 16:51:42"
"	69BA0CDE","	Chamber1","	1","	B01??(%RH)","	93.5","	2026-07-23 16:51:40"
"	69BA0CDE","	Chamber1","	1","	B01??(?)","	17.5","	2026-07-23 16:51:40"
"	69BA0CDE","	Chamber1","	1","	B01??(%RH)","	93.5","	2026-07-23 16:51:38"
"	69BA0CDE","	Chamber1","	1","	B01??(?)","	17.5","	2026-07-23 16:51:38"
"	69BA0CDE","	Chamber1","	1","	B01??(%RH)","	93.5","	2026-07-23 16:51:36"
"	69BA0CDE","	Chamber1","	1","	B01??(?)","	17.5","	2026-07-23 16:51:36"
"	69BA0CDE","	Chamber1","	1","	B01??(%RH)","	93.5","	2026-07-23 16:51:34"
"	69BA0CDE","	Chamber1","	1","	B01??(?)","	17.5","	2026-07-23 16:51:34"
"	69BA0CDE","	Chamber1","	1","	B01??(%RH)","	93.5","	2026-07-23 16:51:32"
"	69BA0CDE","	Chamber1","	1","	B01??(?)","	17.5","	2026-07-23 16:51:32"
"	69BA0CDE","	Chamber1","	1","	B01??(%RH)","	93.5","	2026-07-23 16:51:30"
"	69BA0CDE","	Chamber1","	1","	B01??(?)","	17.5","	2026-07-23 16:51:30"
"	69BA0CDE","	Chamber1","	1","	B01??(%RH)","	93.5","	2026-07-23 16:51:28"
"	69BA0CDE","	Chamber1","	1","	B01??(?)","	17.5","	2026-07-23 16:51:28"
"	69BA0CDE","	Chamber1","	1","	B01??(%RH)","	93.5","	2026-07-23 16:51:26"
"	69BA0CDE","	Chamber1","	1","	B01??(?)","	17.5","	2026-07-23 16:51:26"
"	69BA0CDE","	Chamber1","	1","	B01??(%RH)","	93.5","	2026-07-23 16:51:23"
"	69BA0CDE","	Chamber1","	1","	B01??(?)","	17.5","	2026-07-23 16:51:23"
"	69BA0CDE","	Chamber1","	1","	B01??(%RH)","	93.5","	2026-07-23 16:51:21"
"	69BA0CDE","	Chamber1","	1","	B01??(?)","	17.5","	2026-07-23 16:51:21"
"	69BA0CDE","	Chamber1","	1","	B01??(%RH)","	93.5","	2026-07-23 16:51:19"
"	69BA0CDE","	Chamber1","	1","	B01??(?)","	17.5","	2026-07-23 16:51:19"
"	69BA0CDE","	Chamber1","	1","	B01??(%RH)","	93.5","	2026-07-23 16:51:17"
"	69BA0CDE","	Chamber1","	1","	B01??(?)","	17.5","	2026-07-23 16:51:17"
"	69BA0CDE","	Chamber1","	1","	B01??(%RH)","	93.5","	2026-07-23 16:51:15"
"	69BA0CDE","	Chamber1","	1","	B01??(?)","	17.5","	2026-07-23 16:51:15"
"	69BA0CDE","	Chamber1","	1","	B01??(%RH)","	93.5","	2026-07-23 16:51:13"
"	69BA0CDE","	Chamber1","	1","	B01??(?)","	17.5","	2026-07-23 16:51:13"
"	69BA0CDE","	Chamber1","	1","	B01??(%RH)","	93.5","	2026-07-23 16:51:11"
"	69BA0CDE","	Chamber1","	1","	B01??(?)","	17.5","	2026-07-23 16:51:11"
"	69BA0CDE","	Chamber1","	1","	B01??(%RH)","	93.5","	2026-07-23 16:51:09"
"	69BA0CDE","	Chamber1","	1","	B01??(?)","	17.5","	2026-07-23 16:51:09"
"	69BA0CDE","	Chamber1","	1","	B01??(%RH)","	93.5","	2026-07-23 16:51:07"
"	69BA0CDE","	Chamber1","	1","	B01??(?)","	17.5","	2026-07-23 16:51:07"
"	69BA0CDE","	Chamber1","	1","	B01??(%RH)","	93.5","	2026-07-23 16:51:05"
"	69BA0CDE","	Chamber1","	1","	B01??(?)","	17.5","	2026-07-23 16:51:05"
"	69BA0CDE","	Chamber1","	1","	B01??(%RH)","	93.5","	2026-07-23 16:51:03"
"	69BA0CDE","	Chamber1","	1","	B01??(?)","	17.5","	2026-07-23 16:51:03"
"	69BA0CDE","	Chamber1","	1","	B01??(%RH)","	93.5","	2026-07-23 16:51:01"
"	69BA0CDE","	Chamber1","	1","	B01??(?)","	17.5","	2026-07-23 16:51:01"
"	69BA0CDE","	Chamber1","	1","	B01??(%RH)","	93.4","	2026-07-23 16:50:59"
"	69BA0CDE","	Chamber1","	1","	B01??(?)","	17.5","	2026-07-23 16:50:59"
"	69BA0CDE","	Chamber1","	1","	B01??(%RH)","	93.4","	2026-07-23 16:50:57"
"	69BA0CDE","	Chamber1","	1","	B01??(?)","	17.5","	2026-07-23 16:50:57"
"	69BA0CDE","	Chamber1","	1","	B01??(%RH)","	93.5","	2026-07-23 16:50:55"
"	69BA0CDE","	Chamber1","	1","	B01??(?)","	17.5","	2026-07-23 16:50:55"
"	69BA0CDE","	Chamber1","	1","	B01??(%RH)","	93.4","	2026-07-23 16:50:53"
"	69BA0CDE","	Chamber1","	1","	B01??(?)","	17.5","	2026-07-23 16:50:53"
"	69BA0CDE","	Chamber1","	1","	B01??(%RH)","	93.5","	2026-07-23 16:50:51"
"	69BA0CDE","	Chamber1","	1","	B01??(?)","	17.5","	2026-07-23 16:50:51"
"	69BA0CDE","	Chamber1","	1","	B01??(%RH)","	93.4","	2026-07-23 16:50:49"
"	69BA0CDE","	Chamber1","	1","	B01??(?)","	17.5","	2026-07-23 16:50:49"
"	69BA0CDE","	Chamber1","	1","	B01??(%RH)","	93.5","	2026-07-23 16:50:47"
"	69BA0CDE","	Chamber1","	1","	B01??(?)","	17.5","	2026-07-23 16:50:47"
"	69BA0CDE","	Chamber1","	1","	B01??(%RH)","	93.4","	2026-07-23 16:50:45"
"	69BA0CDE","	Chamber1","	1","	B01??(?)","	17.5","	2026-07-23 16:50:45"
"	69BA0CDE","	Chamber1","	1","	B01??(%RH)","	93.4","	2026-07-23 16:50:43"
"	69BA0CDE","	Chamber1","	1","	B01??(?)","	17.5","	2026-07-23 16:50:43"
"	69BA0CDE","	Chamber1","	1","	B01??(%RH)","	93.5","	2026-07-23 16:50:41"
"	69BA0CDE","	Chamber1","	1","	B01??(?)","	17.5","	2026-07-23 16:50:41"
"	69BA0CDE","	Chamber1","	1","	B01??(%RH)","	93.5","	2026-07-23 16:50:38"
"	69BA0CDE","	Chamber1","	1","	B01??(?)","	17.5","	2026-07-23 16:50:38"
"	69BA0CDE","	Chamber1","	1","	B01??(%RH)","	93.4","	2026-07-23 16:50:36"
"	69BA0CDE","	Chamber1","	1","	B01??(?)","	17.5","	2026-07-23 16:50:36"
"	69BA0CDE","	Chamber1","	1","	B01??(%RH)","	93.4","	2026-07-23 16:50:34"
"	69BA0CDE","	Chamber1","	1","	B01??(?)","	17.5","	2026-07-23 16:50:34"
"	69BA0CDE","	Chamber1","	1","	B01??(%RH)","	93.4","	2026-07-23 16:50:32"
"	69BA0CDE","	Chamber1","	1","	B01??(?)","	17.5","	2026-07-23 16:50:32"
"	69BA0CDE","	Chamber1","	1","	B01??(%RH)","	93.5","	2026-07-23 16:50:30"
"	69BA0CDE","	Chamber1","	1","	B01??(?)","	17.5","	2026-07-23 16:50:30"
"	69BA0CDE","	Chamber1","	1","	B01??(%RH)","	93.5","	2026-07-23 16:50:28"
"	69BA0CDE","	Chamber1","	1","	B01??(?)","	17.5","	2026-07-23 16:50:28"
"	69BA0CDE","	Chamber1","	1","	B01??(%RH)","	93.5","	2026-07-23 16:50:26"
"	69BA0CDE","	Chamber1","	1","	B01??(?)","	17.5","	2026-07-23 16:50:26"
"	69BA0CDE","	Chamber1","	1","	B01??(%RH)","	93.5","	2026-07-23 16:50:24"
"	69BA0CDE","	Chamber1","	1","	B01??(?)","	17.5","	2026-07-23 16:50:24"
"	69BA0CDE","	Chamber1","	1","	B01??(%RH)","	93.5","	2026-07-23 16:50:22"
"	69BA0CDE","	Chamber1","	1","	B01??(?)","	17.5","	2026-07-23 16:50:22"
"	69BA0CDE","	Chamber1","	1","	B01??(%RH)","	93.5","	2026-07-23 16:50:20"
"	69BA0CDE","	Chamber1","	1","	B01??(?)","	17.5","	2026-07-23 16:50:20"
"	69BA0CDE","	Chamber1","	1","	B01??(%RH)","	93.5","	2026-07-23 16:50:18"
"	69BA0CDE","	Chamber1","	1","	B01??(?)","	17.5","	2026-07-23 16:50:18"
"	69BA0CDE","	Chamber1","	1","	B01??(%RH)","	93.5","	2026-07-23 16:50:16"
"	69BA0CDE","	Chamber1","	1","	B01??(?)","	17.5","	2026-07-23 16:50:16"
"	69BA0CDE","	Chamber1","	1","	B01??(%RH)","	93.5","	2026-07-23 16:50:14"
"	69BA0CDE","	Chamber1","	1","	B01??(?)","	17.5","	2026-07-23 16:50:14"
"	69BA0CDE","	Chamber1","	1","	B01??(%RH)","	93.4","	2026-07-23 16:50:12"
"	69BA0CDE","	Chamber1","	1","	B01??(?)","	17.5","	2026-07-23 16:50:12"
"	69BA0CDE","	Chamber1","	1","	B01??(%RH)","	93.5","	2026-07-23 16:50:10"
"	69BA0CDE","	Chamber1","	1","	B01??(?)","	17.5","	2026-07-23 16:50:10"
"	69BA0CDE","	Chamber1","	1","	B01??(%RH)","	93.5","	2026-07-23 16:50:08"
"	69BA0CDE","	Chamber1","	1","	B01??(?)","	17.5","	2026-07-23 16:50:08"
"	69BA0CDE","	Chamber1","	1","	B01??(%RH)","	93.5","	2026-07-23 16:50:06"
"	69BA0CDE","	Chamber1","	1","	B01??(?)","	17.5","	2026-07-23 16:50:06"
"	69BA0CDE","	Chamber1","	1","	B01??(%RH)","	93.5","	2026-07-23 16:50:04"
"	69BA0CDE","	Chamber1","	1","	B01??(?)","	17.5","	2026-07-23 16:50:04"
"	69BA0CDE","	Chamber1","	1","	B01??(%RH)","	93.4","	2026-07-23 16:50:02"
"	69BA0CDE","	Chamber1","	1","	B01??(?)","	17.5","	2026-07-23 16:50:02"
"	69BA0CDE","	Chamber1","	1","	B01??(%RH)","	93.4","	2026-07-23 16:50:00"
"	69BA0CDE","	Chamber1","	1","	B01??(?)","	17.5","	2026-07-23 16:50:00"
"	69BA0CDE","	Chamber1","	1","	B01??(%RH)","	93.4","	2026-07-23 16:49:58"
"	69BA0CDE","	Chamber1","	1","	B01??(?)","	17.5","	2026-07-23 16:49:58"
"	69BA0CDE","	Chamber1","	1","	B01??(%RH)","	93.5","	2026-07-23 16:49:55"
"	69BA0CDE","	Chamber1","	1","	B01??(?)","	17.5","	2026-07-23 16:49:55"
"	69BA0CDE","	Chamber1","	1","	B01??(%RH)","	93.5","	2026-07-23 16:49:53"
"	69BA0CDE","	Chamber1","	1","	B01??(?)","	17.5","	2026-07-23 16:49:53"
"	69BA0CDE","	Chamber1","	1","	B01??(%RH)","	93.4","	2026-07-23 16:49:51"
"	69BA0CDE","	Chamber1","	1","	B01??(?)","	17.5","	2026-07-23 16:49:51"
"	69BA0CDE","	Chamber1","	1","	B01??(%RH)","	93.4","	2026-07-23 16:49:49"
"	69BA0CDE","	Chamber1","	1","	B01??(?)","	17.5","	2026-07-23 16:49:49"
"	69BA0CDE","	Chamber1","	1","	B01??(%RH)","	93.5","	2026-07-23 16:49:47"
"	69BA0CDE","	Chamber1","	1","	B01??(?)","	17.5","	2026-07-23 16:49:47"
"	69BA0CDE","	Chamber1","	1","	B01??(%RH)","	93.5","	2026-07-23 16:49:45"
"	69BA0CDE","	Chamber1","	1","	B01??(?)","	17.5","	2026-07-23 16:49:45"
"	69BA0CDE","	Chamber1","	1","	B01??(%RH)","	93.5","	2026-07-23 16:49:43"
"	69BA0CDE","	Chamber1","	1","	B01??(?)","	17.5","	2026-07-23 16:49:43"
"	69BA0CDE","	Chamber1","	1","	B01??(%RH)","	93.4","	2026-07-23 16:49:41"
"	69BA0CDE","	Chamber1","	1","	B01??(?)","	17.5","	2026-07-23 16:49:41"
"	69BA0CDE","	Chamber1","	1","	B01??(%RH)","	93.5","	2026-07-23 16:49:39"
"	69BA0CDE","	Chamber1","	1","	B01??(?)","	17.5","	2026-07-23 16:49:39"
"	69BA0CDE","	Chamber1","	1","	B01??(%RH)","	93.5","	2026-07-23 16:49:37"
"	69BA0CDE","	Chamber1","	1","	B01??(?)","	17.5","	2026-07-23 16:49:37"
"	69BA0CDE","	Chamber1","	1","	B01??(%RH)","	93.5","	2026-07-23 16:49:35"
"	69BA0CDE","	Chamber1","	1","	B01??(?)","	17.5","	2026-07-23 16:49:35"
"	69BA0CDE","	Chamber1","	1","	B01??(%RH)","	93.4","	2026-07-23 16:49:33"
"	69BA0CDE","	Chamber1","	1","	B01??(?)","	17.5","	2026-07-23 16:49:33"
"	69BA0CDE","	Chamber1","	1","	B01??(%RH)","	93.5","	2026-07-23 16:49:31"
"	69BA0CDE","	Chamber1","	1","	B01??(?)","	17.5","	2026-07-23 16:49:31"
"	69BA0CDE","	Chamber1","	1","	B01??(%RH)","	93.5","	2026-07-23 16:49:29"
"	69BA0CDE","	Chamber1","	1","	B01??(?)","	17.5","	2026-07-23 16:49:29"
"	69BA0CDE","	Chamber1","	1","	B01??(%RH)","	93.5","	2026-07-23 16:49:27"
"	69BA0CDE","	Chamber1","	1","	B01??(?)","	17.5","	2026-07-23 16:49:27"
"	69BA0CDE","	Chamber1","	1","	B01??(%RH)","	93.4","	2026-07-23 16:49:25"
"	69BA0CDE","	Chamber1","	1","	B01??(?)","	17.5","	2026-07-23 16:49:25"
"	69BA0CDE","	Chamber1","	1","	B01??(%RH)","	93.4","	2026-07-23 16:49:23"
"	69BA0CDE","	Chamber1","	1","	B01??(?)","	17.5","	2026-07-23 16:49:23"
"	69BA0CDE","	Chamber1","	1","	B01??(%RH)","	93.4","	2026-07-23 16:49:21"
"	69BA0CDE","	Chamber1","	1","	B01??(?)","	17.5","	2026-07-23 16:49:21"
"	69BA0CDE","	Chamber1","	1","	B01??(%RH)","	93.4","	2026-07-23 16:49:19"
"	69BA0CDE","	Chamber1","	1","	B01??(?)","	17.5","	2026-07-23 16:49:19"
"	69BA0CDE","	Chamber1","	1","	B01??(%RH)","	93.5","	2026-07-23 16:49:17"
"	69BA0CDE","	Chamber1","	1","	B01??(?)","	17.5","	2026-07-23 16:49:17"
"	69BA0CDE","	Chamber1","	1","	B01??(%RH)","	93.4","	2026-07-23 16:49:15"
"	69BA0CDE","	Chamber1","	1","	B01??(?)","	17.5","	2026-07-23 16:49:15"
"	69BA0CDE","	Chamber1","	1","	B01??(%RH)","	93.4","	2026-07-23 16:49:12"
"	69BA0CDE","	Chamber1","	1","	B01??(?)","	17.5","	2026-07-23 16:49:12"
"	69BA0CDE","	Chamber1","	1","	B01??(%RH)","	93.4","	2026-07-23 16:49:10"
"	69BA0CDE","	Chamber1","	1","	B01??(?)","	17.5","	2026-07-23 16:49:10"
"	69BA0CDE","	Chamber1","	1","	B01??(%RH)","	93.5","	2026-07-23 16:49:08"
"	69BA0CDE","	Chamber1","	1","	B01??(?)","	17.5","	2026-07-23 16:49:08"
"	69BA0CDE","	Chamber1","	1","	B01??(%RH)","	93.4","	2026-07-23 16:49:06"
"	69BA0CDE","	Chamber1","	1","	B01??(?)","	17.5","	2026-07-23 16:49:06"
"	69BA0CDE","	Chamber1","	1","	B01??(%RH)","	93.5","	2026-07-23 16:49:04"
"	69BA0CDE","	Chamber1","	1","	B01??(?)","	17.5","	2026-07-23 16:49:04"
"	69BA0CDE","	Chamber1","	1","	B01??(%RH)","	93.4","	2026-07-23 16:49:02"
"	69BA0CDE","	Chamber1","	1","	B01??(?)","	17.5","	2026-07-23 16:49:02"
"	69BA0CDE","	Chamber1","	1","	B01??(%RH)","	93.4","	2026-07-23 16:49:00"
"	69BA0CDE","	Chamber1","	1","	B01??(?)","	17.5","	2026-07-23 16:49:00"
"	69BA0CDE","	Chamber1","	1","	B01??(%RH)","	93.5","	2026-07-23 16:48:58"
"	69BA0CDE","	Chamber1","	1","	B01??(?)","	17.5","	2026-07-23 16:48:58"
"	69BA0CDE","	Chamber1","	1","	B01??(%RH)","	93.4","	2026-07-23 16:48:56"
"	69BA0CDE","	Chamber1","	1","	B01??(?)","	17.5","	2026-07-23 16:48:56"
"	69BA0CDE","	Chamber1","	1","	B01??(%RH)","	93.5","	2026-07-23 16:48:54"
"	69BA0CDE","	Chamber1","	1","	B01??(?)","	17.5","	2026-07-23 16:48:54"
"	69BA0CDE","	Chamber1","	1","	B01??(%RH)","	93.4","	2026-07-23 16:48:52"
"	69BA0CDE","	Chamber1","	1","	B01??(?)","	17.5","	2026-07-23 16:48:52"
"	69BA0CDE","	Chamber1","	1","	B01??(%RH)","	93.4","	2026-07-23 16:48:50"
"	69BA0CDE","	Chamber1","	1","	B01??(?)","	17.5","	2026-07-23 16:48:50"
"	69BA0CDE","	Chamber1","	1","	B01??(%RH)","	93.5","	2026-07-23 16:48:48"
"	69BA0CDE","	Chamber1","	1","	B01??(?)","	17.5","	2026-07-23 16:48:48"
"	69BA0CDE","	Chamber1","	1","	B01??(%RH)","	93.4","	2026-07-23 16:48:46"
"	69BA0CDE","	Chamber1","	1","	B01??(?)","	17.5","	2026-07-23 16:48:46"
"	69BA0CDE","	Chamber1","	1","	B01??(%RH)","	93.4","	2026-07-23 16:48:44"
"	69BA0CDE","	Chamber1","	1","	B01??(?)","	17.5","	2026-07-23 16:48:44"
"	69BA0CDE","	Chamber1","	1","	B01??(%RH)","	93.4","	2026-07-23 16:48:42"
"	69BA0CDE","	Chamber1","	1","	B01??(?)","	17.5","	2026-07-23 16:48:42"
"	69BA0CDE","	Chamber1","	1","	B01??(%RH)","	93.4","	2026-07-23 16:48:40"
"	69BA0CDE","	Chamber1","	1","	B01??(?)","	17.5","	2026-07-23 16:48:40"
"	69BA0CDE","	Chamber1","	1","	B01??(%RH)","	93.4","	2026-07-23 16:48:38"
"	69BA0CDE","	Chamber1","	1","	B01??(?)","	17.5","	2026-07-23 16:48:38"
"	69BA0CDE","	Chamber1","	1","	B01??(%RH)","	93.4","	2026-07-23 16:48:36"
"	69BA0CDE","	Chamber1","	1","	B01??(?)","	17.5","	2026-07-23 16:48:36"
"	69BA0CDE","	Chamber1","	1","	B01??(%RH)","	93.4","	2026-07-23 16:48:34"
"	69BA0CDE","	Chamber1","	1","	B01??(?)","	17.5","	2026-07-23 16:48:34"
"	69BA0CDE","	Chamber1","	1","	B01??(%RH)","	93.4","	2026-07-23 16:48:32"
"	69BA0CDE","	Chamber1","	1","	B01??(?)","	17.5","	2026-07-23 16:48:32"
"	69BA0CDE","	Chamber1","	1","	B01??(%RH)","	93.5","	2026-07-23 16:48:29"
"	69BA0CDE","	Chamber1","	1","	B01??(?)","	17.5","	2026-07-23 16:48:29"
"	69BA0CDE","	Chamber1","	1","	B01??(%RH)","	93.4","	2026-07-23 16:48:27"
"	69BA0CDE","	Chamber1","	1","	B01??(?)","	17.5","	2026-07-23 16:48:27"
"	69BA0CDE","	Chamber1","	1","	B01??(%RH)","	93.4","	2026-07-23 16:48:25"
"	69BA0CDE","	Chamber1","	1","	B01??(?)","	17.5","	2026-07-23 16:48:25"
"	69BA0CDE","	Chamber1","	1","	B01??(%RH)","	93.4","	2026-07-23 16:48:23"
"	69BA0CDE","	Chamber1","	1","	B01??(?)","	17.5","	2026-07-23 16:48:23"
"	69BA0CDE","	Chamber1","	1","	B01??(%RH)","	93.4","	2026-07-23 16:48:21"
"	69BA0CDE","	Chamber1","	1","	B01??(?)","	17.5","	2026-07-23 16:48:21"
"	69BA0CDE","	Chamber1","	1","	B01??(%RH)","	93.4","	2026-07-23 16:48:19"
"	69BA0CDE","	Chamber1","	1","	B01??(?)","	17.5","	2026-07-23 16:48:19"
"	69BA0CDE","	Chamber1","	1","	B01??(%RH)","	93.4","	2026-07-23 16:48:17"
"	69BA0CDE","	Chamber1","	1","	B01??(?)","	17.5","	2026-07-23 16:48:17"
"	69BA0CDE","	Chamber1","	1","	B01??(%RH)","	93.4","	2026-07-23 16:48:15"
"	69BA0CDE","	Chamber1","	1","	B01??(?)","	17.5","	2026-07-23 16:48:15"
"	69BA0CDE","	Chamber1","	1","	B01??(%RH)","	93.4","	2026-07-23 16:48:13"
"	69BA0CDE","	Chamber1","	1","	B01??(?)","	17.5","	2026-07-23 16:48:13"
"	69BA0CDE","	Chamber1","	1","	B01??(%RH)","	93.4","	2026-07-23 16:48:11"
"	69BA0CDE","	Chamber1","	1","	B01??(?)","	17.5","	2026-07-23 16:48:11"
"	69BA0CDE","	Chamber1","	1","	B01??(%RH)","	93.4","	2026-07-23 16:48:09"
"	69BA0CDE","	Chamber1","	1","	B01??(?)","	17.5","	2026-07-23 16:48:09"
"	69BA0CDE","	Chamber1","	1","	B01??(%RH)","	93.4","	2026-07-23 16:48:07"
"	69BA0CDE","	Chamber1","	1","	B01??(?)","	17.5","	2026-07-23 16:48:07"
"	69BA0CDE","	Chamber1","	1","	B01??(%RH)","	93.4","	2026-07-23 16:48:05"
"	69BA0CDE","	Chamber1","	1","	B01??(?)","	17.5","	2026-07-23 16:48:05"
"	69BA0CDE","	Chamber1","	1","	B01??(%RH)","	93.4","	2026-07-23 16:48:03"
"	69BA0CDE","	Chamber1","	1","	B01??(?)","	17.5","	2026-07-23 16:48:03"
"	69BA0CDE","	Chamber1","	1","	B01??(%RH)","	93.4","	2026-07-23 16:48:01"
"	69BA0CDE","	Chamber1","	1","	B01??(?)","	17.5","	2026-07-23 16:48:01"
"	69BA0CDE","	Chamber1","	1","	B01??(%RH)","	93.4","	2026-07-23 16:47:59"
"	69BA0CDE","	Chamber1","	1","	B01??(?)","	17.5","	2026-07-23 16:47:59"
"	69BA0CDE","	Chamber1","	1","	B01??(%RH)","	93.4","	2026-07-23 16:47:57"
"	69BA0CDE","	Chamber1","	1","	B01??(?)","	17.5","	2026-07-23 16:47:57"
"	69BA0CDE","	Chamber1","	1","	B01??(%RH)","	93.4","	2026-07-23 16:47:55"
"	69BA0CDE","	Chamber1","	1","	B01??(?)","	17.5","	2026-07-23 16:47:55"
"	69BA0CDE","	Chamber1","	1","	B01??(%RH)","	93.4","	2026-07-23 16:47:53"
"	69BA0CDE","	Chamber1","	1","	B01??(?)","	17.5","	2026-07-23 16:47:53"
"	69BA0CDE","	Chamber1","	1","	B01??(%RH)","	93.4","	2026-07-23 16:47:51"
"	69BA0CDE","	Chamber1","	1","	B01??(?)","	17.5","	2026-07-23 16:47:51"
"	69BA0CDE","	Chamber1","	1","	B01??(%RH)","	93.4","	2026-07-23 16:47:49"
"	69BA0CDE","	Chamber1","	1","	B01??(?)","	17.5","	2026-07-23 16:47:49"
"	69BA0CDE","	Chamber1","	1","	B01??(%RH)","	93.4","	2026-07-23 16:47:47"
"	69BA0CDE","	Chamber1","	1","	B01??(?)","	17.5","	2026-07-23 16:47:47"
"	69BA0CDE","	Chamber1","	1","	B01??(%RH)","	93.5","	2026-07-23 16:47:44"
"	69BA0CDE","	Chamber1","	1","	B01??(?)","	17.5","	2026-07-23 16:47:44"
"	69BA0CDE","	Chamber1","	1","	B01??(%RH)","	93.4","	2026-07-23 16:47:42"
"	69BA0CDE","	Chamber1","	1","	B01??(?)","	17.5","	2026-07-23 16:47:42"
"	69BA0CDE","	Chamber1","	1","	B01??(%RH)","	93.4","	2026-07-23 16:47:40"
"	69BA0CDE","	Chamber1","	1","	B01??(?)","	17.5","	2026-07-23 16:47:40"
"	69BA0CDE","	Chamber1","	1","	B01??(%RH)","	93.4","	2026-07-23 16:47:38"
"	69BA0CDE","	Chamber1","	1","	B01??(?)","	17.5","	2026-07-23 16:47:38"
"	69BA0CDE","	Chamber1","	1","	B01??(%RH)","	93.4","	2026-07-23 16:47:36"
"	69BA0CDE","	Chamber1","	1","	B01??(?)","	17.5","	2026-07-23 16:47:36"
"	69BA0CDE","	Chamber1","	1","	B01??(%RH)","	93.5","	2026-07-23 16:47:34"
"	69BA0CDE","	Chamber1","	1","	B01??(?)","	17.5","	2026-07-23 16:47:34"
"	69BA0CDE","	Chamber1","	1","	B01??(%RH)","	93.5","	2026-07-23 16:47:32"
"	69BA0CDE","	Chamber1","	1","	B01??(?)","	17.5","	2026-07-23 16:47:32"
"	69BA0CDE","	Chamber1","	1","	B01??(%RH)","	93.4","	2026-07-23 16:47:30"
"	69BA0CDE","	Chamber1","	1","	B01??(?)","	17.5","	2026-07-23 16:47:30"
"	69BA0CDE","	Chamber1","	1","	B01??(%RH)","	93.4","	2026-07-23 16:47:28"
"	69BA0CDE","	Chamber1","	1","	B01??(?)","	17.5","	2026-07-23 16:47:28"
"	69BA0CDE","	Chamber1","	1","	B01??(%RH)","	93.4","	2026-07-23 16:47:26"
"	69BA0CDE","	Chamber1","	1","	B01??(?)","	17.5","	2026-07-23 16:47:26"
"	69BA0CDE","	Chamber1","	1","	B01??(%RH)","	93.4","	2026-07-23 16:47:24"
"	69BA0CDE","	Chamber1","	1","	B01??(?)","	17.5","	2026-07-23 16:47:24"
"	69BA0CDE","	Chamber1","	1","	B01??(%RH)","	93.4","	2026-07-23 16:47:22"
"	69BA0CDE","	Chamber1","	1","	B01??(?)","	17.5","	2026-07-23 16:47:22"
"	69BA0CDE","	Chamber1","	1","	B01??(%RH)","	93.4","	2026-07-23 16:47:20"
"	69BA0CDE","	Chamber1","	1","	B01??(?)","	17.5","	2026-07-23 16:47:20"
"	69BA0CDE","	Chamber1","	1","	B01??(%RH)","	93.4","	2026-07-23 16:47:18"
"	69BA0CDE","	Chamber1","	1","	B01??(?)","	17.5","	2026-07-23 16:47:18"
"	69BA0CDE","	Chamber1","	1","	B01??(%RH)","	93.4","	2026-07-23 16:47:16"
"	69BA0CDE","	Chamber1","	1","	B01??(?)","	17.5","	2026-07-23 16:47:16"
"	69BA0CDE","	Chamber1","	1","	B01??(%RH)","	93.4","	2026-07-23 16:47:14"
"	69BA0CDE","	Chamber1","	1","	B01??(?)","	17.5","	2026-07-23 16:47:14"
"	69BA0CDE","	Chamber1","	1","	B01??(%RH)","	93.4","	2026-07-23 16:47:12"
"	69BA0CDE","	Chamber1","	1","	B01??(?)","	17.5","	2026-07-23 16:47:12"
"	69BA0CDE","	Chamber1","	1","	B01??(%RH)","	93.4","	2026-07-23 16:47:10"
"	69BA0CDE","	Chamber1","	1","	B01??(?)","	17.5","	2026-07-23 16:47:10"
"	69BA0CDE","	Chamber1","	1","	B01??(%RH)","	93.5","	2026-07-23 16:47:08"
"	69BA0CDE","	Chamber1","	1","	B01??(?)","	17.5","	2026-07-23 16:47:08"
"	69BA0CDE","	Chamber1","	1","	B01??(%RH)","	93.4","	2026-07-23 16:47:06"
"	69BA0CDE","	Chamber1","	1","	B01??(?)","	17.5","	2026-07-23 16:47:06"
"	69BA0CDE","	Chamber1","	1","	B01??(%RH)","	93.4","	2026-07-23 16:47:04"
"	69BA0CDE","	Chamber1","	1","	B01??(?)","	17.5","	2026-07-23 16:47:04"
"	69BA0CDE","	Chamber1","	1","	B01??(%RH)","	93.4","	2026-07-23 16:47:01"
"	69BA0CDE","	Chamber1","	1","	B01??(?)","	17.5","	2026-07-23 16:47:01"
"	69BA0CDE","	Chamber1","	1","	B01??(%RH)","	93.4","	2026-07-23 16:46:59"
"	69BA0CDE","	Chamber1","	1","	B01??(?)","	17.5","	2026-07-23 16:46:59"
"	69BA0CDE","	Chamber1","	1","	B01??(%RH)","	93.4","	2026-07-23 16:46:57"
"	69BA0CDE","	Chamber1","	1","	B01??(?)","	17.5","	2026-07-23 16:46:57"
"	69BA0CDE","	Chamber1","	1","	B01??(%RH)","	93.4","	2026-07-23 16:46:55"
"	69BA0CDE","	Chamber1","	1","	B01??(?)","	17.5","	2026-07-23 16:46:55"
"	69BA0CDE","	Chamber1","	1","	B01??(%RH)","	93.4","	2026-07-23 16:46:53"
"	69BA0CDE","	Chamber1","	1","	B01??(?)","	17.5","	2026-07-23 16:46:53"
"	69BA0CDE","	Chamber1","	1","	B01??(%RH)","	93.4","	2026-07-23 16:46:51"
"	69BA0CDE","	Chamber1","	1","	B01??(?)","	17.5","	2026-07-23 16:46:51"
"	69BA0CDE","	Chamber1","	1","	B01??(%RH)","	93.4","	2026-07-23 16:46:49"
"	69BA0CDE","	Chamber1","	1","	B01??(?)","	17.5","	2026-07-23 16:46:49"
"	69BA0CDE","	Chamber1","	1","	B01??(%RH)","	93.4","	2026-07-23 16:46:47"
"	69BA0CDE","	Chamber1","	1","	B01??(?)","	17.5","	2026-07-23 16:46:47"
"	69BA0CDE","	Chamber1","	1","	B01??(%RH)","	93.4","	2026-07-23 16:46:45"
"	69BA0CDE","	Chamber1","	1","	B01??(?)","	17.5","	2026-07-23 16:46:45"
"	69BA0CDE","	Chamber1","	1","	B01??(%RH)","	93.4","	2026-07-23 16:46:43"
"	69BA0CDE","	Chamber1","	1","	B01??(?)","	17.5","	2026-07-23 16:46:43"
"	69BA0CDE","	Chamber1","	1","	B01??(%RH)","	93.4","	2026-07-23 16:46:41"
"	69BA0CDE","	Chamber1","	1","	B01??(?)","	17.5","	2026-07-23 16:46:41"
"	69BA0CDE","	Chamber1","	1","	B01??(%RH)","	93.4","	2026-07-23 16:46:39"
"	69BA0CDE","	Chamber1","	1","	B01??(?)","	17.5","	2026-07-23 16:46:39"
"	69BA0CDE","	Chamber1","	1","	B01??(%RH)","	93.4","	2026-07-23 16:46:37"
"	69BA0CDE","	Chamber1","	1","	B01??(?)","	17.5","	2026-07-23 16:46:37"
"	69BA0CDE","	Chamber1","	1","	B01??(%RH)","	93.4","	2026-07-23 16:46:35"
"	69BA0CDE","	Chamber1","	1","	B01??(?)","	17.5","	2026-07-23 16:46:35"
"	69BA0CDE","	Chamber1","	1","	B01??(%RH)","	93.4","	2026-07-23 16:46:33"
"	69BA0CDE","	Chamber1","	1","	B01??(?)","	17.5","	2026-07-23 16:46:33"
"	69BA0CDE","	Chamber1","	1","	B01??(%RH)","	93.4","	2026-07-23 16:46:31"
"	69BA0CDE","	Chamber1","	1","	B01??(?)","	17.5","	2026-07-23 16:46:31"
"	69BA0CDE","	Chamber1","	1","	B01??(%RH)","	93.4","	2026-07-23 16:46:29"
"	69BA0CDE","	Chamber1","	1","	B01??(?)","	17.5","	2026-07-23 16:46:29"
"	69BA0CDE","	Chamber1","	1","	B01??(%RH)","	93.4","	2026-07-23 16:46:27"
"	69BA0CDE","	Chamber1","	1","	B01??(?)","	17.5","	2026-07-23 16:46:27"
"	69BA0CDE","	Chamber1","	1","	B01??(%RH)","	93.4","	2026-07-23 16:46:25"
"	69BA0CDE","	Chamber1","	1","	B01??(?)","	17.5","	2026-07-23 16:46:25"
"	69BA0CDE","	Chamber1","	1","	B01??(%RH)","	93.4","	2026-07-23 16:46:23"
"	69BA0CDE","	Chamber1","	1","	B01??(?)","	17.5","	2026-07-23 16:46:23"
"	69BA0CDE","	Chamber1","	1","	B01??(%RH)","	93.4","	2026-07-23 16:46:21"
"	69BA0CDE","	Chamber1","	1","	B01??(?)","	17.5","	2026-07-23 16:46:21"
"	69BA0CDE","	Chamber1","	1","	B01??(%RH)","	93.4","	2026-07-23 16:46:19"
"	69BA0CDE","	Chamber1","	1","	B01??(?)","	17.5","	2026-07-23 16:46:19"
"	69BA0CDE","	Chamber1","	1","	B01??(%RH)","	93.4","	2026-07-23 16:46:16"
"	69BA0CDE","	Chamber1","	1","	B01??(?)","	17.5","	2026-07-23 16:46:16"
"	69BA0CDE","	Chamber1","	1","	B01??(%RH)","	93.4","	2026-07-23 16:46:14"
"	69BA0CDE","	Chamber1","	1","	B01??(?)","	17.5","	2026-07-23 16:46:14"
"	69BA0CDE","	Chamber1","	1","	B01??(%RH)","	93.4","	2026-07-23 16:46:12"
"	69BA0CDE","	Chamber1","	1","	B01??(?)","	17.5","	2026-07-23 16:46:12"
"	69BA0CDE","	Chamber1","	1","	B01??(%RH)","	93.4","	2026-07-23 16:46:10"
"	69BA0CDE","	Chamber1","	1","	B01??(?)","	17.5","	2026-07-23 16:46:10"
"	69BA0CDE","	Chamber1","	1","	B01??(%RH)","	93.4","	2026-07-23 16:46:08"
"	69BA0CDE","	Chamber1","	1","	B01??(?)","	17.5","	2026-07-23 16:46:08"
"	69BA0CDE","	Chamber1","	1","	B01??(%RH)","	93.4","	2026-07-23 16:46:06"
"	69BA0CDE","	Chamber1","	1","	B01??(?)","	17.5","	2026-07-23 16:46:06"
"	69BA0CDE","	Chamber1","	1","	B01??(%RH)","	93.4","	2026-07-23 16:46:04"
"	69BA0CDE","	Chamber1","	1","	B01??(?)","	17.5","	2026-07-23 16:46:04"
"	69BA0CDE","	Chamber1","	1","	B01??(%RH)","	93.4","	2026-07-23 16:46:02"
"	69BA0CDE","	Chamber1","	1","	B01??(?)","	17.5","	2026-07-23 16:46:02"
"	69BA0CDE","	Chamber1","	1","	B01??(%RH)","	93.4","	2026-07-23 16:46:00"
"	69BA0CDE","	Chamber1","	1","	B01??(?)","	17.5","	2026-07-23 16:46:00"
"	69BA0CDE","	Chamber1","	1","	B01??(%RH)","	93.4","	2026-07-23 16:45:58"
"	69BA0CDE","	Chamber1","	1","	B01??(?)","	17.5","	2026-07-23 16:45:58"
"	69BA0CDE","	Chamber1","	1","	B01??(%RH)","	93.4","	2026-07-23 16:45:56"
"	69BA0CDE","	Chamber1","	1","	B01??(?)","	17.5","	2026-07-23 16:45:56"
"	69BA0CDE","	Chamber1","	1","	B01??(%RH)","	93.4","	2026-07-23 16:45:54"
"	69BA0CDE","	Chamber1","	1","	B01??(?)","	17.5","	2026-07-23 16:45:54"
"	69BA0CDE","	Chamber1","	1","	B01??(%RH)","	93.4","	2026-07-23 16:45:52"
"	69BA0CDE","	Chamber1","	1","	B01??(?)","	17.5","	2026-07-23 16:45:52"
"	69BA0CDE","	Chamber1","	1","	B01??(%RH)","	93.4","	2026-07-23 16:45:50"
"	69BA0CDE","	Chamber1","	1","	B01??(?)","	17.5","	2026-07-23 16:45:50"
"	69BA0CDE","	Chamber1","	1","	B01??(%RH)","	93.4","	2026-07-23 16:45:48"
"	69BA0CDE","	Chamber1","	1","	B01??(?)","	17.5","	2026-07-23 16:45:48"
"	69BA0CDE","	Chamber1","	1","	B01??(%RH)","	93.4","	2026-07-23 16:45:46"
"	69BA0CDE","	Chamber1","	1","	B01??(?)","	17.5","	2026-07-23 16:45:46"
"	69BA0CDE","	Chamber1","	1","	B01??(%RH)","	93.4","	2026-07-23 16:45:44"
"	69BA0CDE","	Chamber1","	1","	B01??(?)","	17.5","	2026-07-23 16:45:44"
"	69BA0CDE","	Chamber1","	1","	B01??(%RH)","	93.4","	2026-07-23 16:45:42"
"	69BA0CDE","	Chamber1","	1","	B01??(?)","	17.5","	2026-07-23 16:45:42"
"	69BA0CDE","	Chamber1","	1","	B01??(%RH)","	93.4","	2026-07-23 16:45:40"
"	69BA0CDE","	Chamber1","	1","	B01??(?)","	17.5","	2026-07-23 16:45:40"
"	69BA0CDE","	Chamber1","	1","	B01??(%RH)","	93.4","	2026-07-23 16:45:38"
"	69BA0CDE","	Chamber1","	1","	B01??(?)","	17.5","	2026-07-23 16:45:38"
"	69BA0CDE","	Chamber1","	1","	B01??(%RH)","	93.4","	2026-07-23 16:45:36"
"	69BA0CDE","	Chamber1","	1","	B01??(?)","	17.5","	2026-07-23 16:45:36"
"	69BA0CDE","	Chamber1","	1","	B01??(%RH)","	93.4","	2026-07-23 16:45:33"
"	69BA0CDE","	Chamber1","	1","	B01??(?)","	17.5","	2026-07-23 16:45:33"
"	69BA0CDE","	Chamber1","	1","	B01??(%RH)","	93.4","	2026-07-23 16:45:31"
"	69BA0CDE","	Chamber1","	1","	B01??(?)","	17.5","	2026-07-23 16:45:31"
"	69BA0CDE","	Chamber1","	1","	B01??(%RH)","	93.4","	2026-07-23 16:45:29"
"	69BA0CDE","	Chamber1","	1","	B01??(?)","	17.5","	2026-07-23 16:45:29"
"	69BA0CDE","	Chamber1","	1","	B01??(%RH)","	93.4","	2026-07-23 16:45:27"
"	69BA0CDE","	Chamber1","	1","	B01??(?)","	17.5","	2026-07-23 16:45:27"
"	69BA0CDE","	Chamber1","	1","	B01??(%RH)","	93.4","	2026-07-23 16:45:25"
"	69BA0CDE","	Chamber1","	1","	B01??(?)","	17.5","	2026-07-23 16:45:25"
"	69BA0CDE","	Chamber1","	1","	B01??(%RH)","	93.4","	2026-07-23 16:45:23"
"	69BA0CDE","	Chamber1","	1","	B01??(?)","	17.5","	2026-07-23 16:45:23"
"	69BA0CDE","	Chamber1","	1","	B01??(%RH)","	93.4","	2026-07-23 16:45:21"
"	69BA0CDE","	Chamber1","	1","	B01??(?)","	17.5","	2026-07-23 16:45:21"
"	69BA0CDE","	Chamber1","	1","	B01??(%RH)","	93.4","	2026-07-23 16:45:19"
"	69BA0CDE","	Chamber1","	1","	B01??(?)","	17.5","	2026-07-23 16:45:19"
"	69BA0CDE","	Chamber1","	1","	B01??(%RH)","	93.4","	2026-07-23 16:45:17"
"	69BA0CDE","	Chamber1","	1","	B01??(?)","	17.4","	2026-07-23 16:45:17"
"	69BA0CDE","	Chamber1","	1","	B01??(%RH)","	93.4","	2026-07-23 16:45:15"
"	69BA0CDE","	Chamber1","	1","	B01??(?)","	17.5","	2026-07-23 16:45:15"
"	69BA0CDE","	Chamber1","	1","	B01??(%RH)","	93.4","	2026-07-23 16:45:13"
"	69BA0CDE","	Chamber1","	1","	B01??(?)","	17.5","	2026-07-23 16:45:13"
"	69BA0CDE","	Chamber1","	1","	B01??(%RH)","	93.4","	2026-07-23 16:45:11"
"	69BA0CDE","	Chamber1","	1","	B01??(?)","	17.5","	2026-07-23 16:45:11"
"	69BA0CDE","	Chamber1","	1","	B01??(%RH)","	93.4","	2026-07-23 16:45:09"
"	69BA0CDE","	Chamber1","	1","	B01??(?)","	17.5","	2026-07-23 16:45:09"
"	69BA0CDE","	Chamber1","	1","	B01??(%RH)","	93.4","	2026-07-23 16:45:07"
"	69BA0CDE","	Chamber1","	1","	B01??(?)","	17.5","	2026-07-23 16:45:07"
"	69BA0CDE","	Chamber1","	1","	B01??(%RH)","	93.4","	2026-07-23 16:45:05"
"	69BA0CDE","	Chamber1","	1","	B01??(?)","	17.5","	2026-07-23 16:45:05"
"	69BA0CDE","	Chamber1","	1","	B01??(%RH)","	93.4","	2026-07-23 16:45:03"
"	69BA0CDE","	Chamber1","	1","	B01??(?)","	17.5","	2026-07-23 16:45:03"
"	69BA0CDE","	Chamber1","	1","	B01??(%RH)","	93.4","	2026-07-23 16:45:01"
"	69BA0CDE","	Chamber1","	1","	B01??(?)","	17.5","	2026-07-23 16:45:01"
"	69BA0CDE","	Chamber1","	1","	B01??(%RH)","	93.4","	2026-07-23 16:44:59"
"	69BA0CDE","	Chamber1","	1","	B01??(?)","	17.5","	2026-07-23 16:44:59"
"	69BA0CDE","	Chamber1","	1","	B01??(%RH)","	93.4","	2026-07-23 16:44:57"
"	69BA0CDE","	Chamber1","	1","	B01??(?)","	17.5","	2026-07-23 16:44:57"
"	69BA0CDE","	Chamber1","	1","	B01??(%RH)","	93.4","	2026-07-23 16:44:55"
"	69BA0CDE","	Chamber1","	1","	B01??(?)","	17.5","	2026-07-23 16:44:55"
"	69BA0CDE","	Chamber1","	1","	B01??(%RH)","	93.4","	2026-07-23 16:44:53"
"	69BA0CDE","	Chamber1","	1","	B01??(?)","	17.5","	2026-07-23 16:44:53"
"	69BA0CDE","	Chamber1","	1","	B01??(%RH)","	93.4","	2026-07-23 16:44:50"
"	69BA0CDE","	Chamber1","	1","	B01??(?)","	17.5","	2026-07-23 16:44:50"
"	69BA0CDE","	Chamber1","	1","	B01??(%RH)","	93.4","	2026-07-23 16:44:48"
"	69BA0CDE","	Chamber1","	1","	B01??(?)","	17.5","	2026-07-23 16:44:48"
"	69BA0CDE","	Chamber1","	1","	B01??(%RH)","	93.4","	2026-07-23 16:44:46"
"	69BA0CDE","	Chamber1","	1","	B01??(?)","	17.5","	2026-07-23 16:44:46"
"	69BA0CDE","	Chamber1","	1","	B01??(%RH)","	93.4","	2026-07-23 16:44:44"
"	69BA0CDE","	Chamber1","	1","	B01??(?)","	17.5","	2026-07-23 16:44:44"
"	69BA0CDE","	Chamber1","	1","	B01??(%RH)","	93.4","	2026-07-23 16:44:42"
"	69BA0CDE","	Chamber1","	1","	B01??(?)","	17.5","	2026-07-23 16:44:42"
"	69BA0CDE","	Chamber1","	1","	B01??(%RH)","	93.4","	2026-07-23 16:44:40"
"	69BA0CDE","	Chamber1","	1","	B01??(?)","	17.5","	2026-07-23 16:44:40"
"	69BA0CDE","	Chamber1","	1","	B01??(%RH)","	93.4","	2026-07-23 16:44:38"
"	69BA0CDE","	Chamber1","	1","	B01??(?)","	17.5","	2026-07-23 16:44:38"
"	69BA0CDE","	Chamber1","	1","	B01??(%RH)","	93.4","	2026-07-23 16:44:36"
"	69BA0CDE","	Chamber1","	1","	B01??(?)","	17.5","	2026-07-23 16:44:36"
"	69BA0CDE","	Chamber1","	1","	B01??(%RH)","	93.4","	2026-07-23 16:44:34"
"	69BA0CDE","	Chamber1","	1","	B01??(?)","	17.5","	2026-07-23 16:44:34"
"	69BA0CDE","	Chamber1","	1","	B01??(%RH)","	93.4","	2026-07-23 16:44:32"
"	69BA0CDE","	Chamber1","	1","	B01??(?)","	17.5","	2026-07-23 16:44:32"
"	69BA0CDE","	Chamber1","	1","	B01??(%RH)","	93.4","	2026-07-23 16:44:30"
"	69BA0CDE","	Chamber1","	1","	B01??(?)","	17.5","	2026-07-23 16:44:30"
"	69BA0CDE","	Chamber1","	1","	B01??(%RH)","	93.4","	2026-07-23 16:44:28"
"	69BA0CDE","	Chamber1","	1","	B01??(?)","	17.5","	2026-07-23 16:44:28"
"	69BA0CDE","	Chamber1","	1","	B01??(%RH)","	93.4","	2026-07-23 16:44:26"
"	69BA0CDE","	Chamber1","	1","	B01??(?)","	17.5","	2026-07-23 16:44:26"
"	69BA0CDE","	Chamber1","	1","	B01??(%RH)","	93.4","	2026-07-23 16:44:24"
"	69BA0CDE","	Chamber1","	1","	B01??(?)","	17.4","	2026-07-23 16:44:24"
"	69BA0CDE","	Chamber1","	1","	B01??(%RH)","	93.4","	2026-07-23 16:44:22"
"	69BA0CDE","	Chamber1","	1","	B01??(?)","	17.5","	2026-07-23 16:44:22"
"	69BA0CDE","	Chamber1","	1","	B01??(%RH)","	93.4","	2026-07-23 16:44:20"
"	69BA0CDE","	Chamber1","	1","	B01??(?)","	17.5","	2026-07-23 16:44:20"
"	69BA0CDE","	Chamber1","	1","	B01??(%RH)","	93.4","	2026-07-23 16:44:18"
"	69BA0CDE","	Chamber1","	1","	B01??(?)","	17.5","	2026-07-23 16:44:18"
"	69BA0CDE","	Chamber1","	1","	B01??(%RH)","	93.4","	2026-07-23 16:44:16"
"	69BA0CDE","	Chamber1","	1","	B01??(?)","	17.5","	2026-07-23 16:44:16"
"	69BA0CDE","	Chamber1","	1","	B01??(%RH)","	93.4","	2026-07-23 16:44:14"
"	69BA0CDE","	Chamber1","	1","	B01??(?)","	17.4","	2026-07-23 16:44:14"
"	69BA0CDE","	Chamber1","	1","	B01??(%RH)","	93.4","	2026-07-23 16:44:12"
"	69BA0CDE","	Chamber1","	1","	B01??(?)","	17.4","	2026-07-23 16:44:12"
"	69BA0CDE","	Chamber1","	1","	B01??(%RH)","	93.3","	2026-07-23 16:44:10"
"	69BA0CDE","	Chamber1","	1","	B01??(?)","	17.4","	2026-07-23 16:44:10"
"	69BA0CDE","	Chamber1","	1","	B01??(%RH)","	93.4","	2026-07-23 16:44:07"
"	69BA0CDE","	Chamber1","	1","	B01??(?)","	17.5","	2026-07-23 16:44:07"
"	69BA0CDE","	Chamber1","	1","	B01??(%RH)","	93.4","	2026-07-23 16:44:05"
"	69BA0CDE","	Chamber1","	1","	B01??(?)","	17.5","	2026-07-23 16:44:05"
"	69BA0CDE","	Chamber1","	1","	B01??(%RH)","	93.4","	2026-07-23 16:44:03"
"	69BA0CDE","	Chamber1","	1","	B01??(?)","	17.4","	2026-07-23 16:44:03"
"	69BA0CDE","	Chamber1","	1","	B01??(%RH)","	93.4","	2026-07-23 16:44:01"
"	69BA0CDE","	Chamber1","	1","	B01??(?)","	17.5","	2026-07-23 16:44:01"
"	69BA0CDE","	Chamber1","	1","	B01??(%RH)","	93.4","	2026-07-23 16:43:59"
"	69BA0CDE","	Chamber1","	1","	B01??(?)","	17.5","	2026-07-23 16:43:59"
"	69BA0CDE","	Chamber1","	1","	B01??(%RH)","	93.4","	2026-07-23 16:43:57"
"	69BA0CDE","	Chamber1","	1","	B01??(?)","	17.4","	2026-07-23 16:43:57"
"	69BA0CDE","	Chamber1","	1","	B01??(%RH)","	93.3","	2026-07-23 16:43:55"
"	69BA0CDE","	Chamber1","	1","	B01??(?)","	17.5","	2026-07-23 16:43:55"
"	69BA0CDE","	Chamber1","	1","	B01??(%RH)","	93.4","	2026-07-23 16:43:53"
"	69BA0CDE","	Chamber1","	1","	B01??(?)","	17.5","	2026-07-23 16:43:53"
"	69BA0CDE","	Chamber1","	1","	B01??(%RH)","	93.4","	2026-07-23 16:43:51"
"	69BA0CDE","	Chamber1","	1","	B01??(?)","	17.4","	2026-07-23 16:43:51"
"	69BA0CDE","	Chamber1","	1","	B01??(%RH)","	93.4","	2026-07-23 16:43:49"
"	69BA0CDE","	Chamber1","	1","	B01??(?)","	17.5","	2026-07-23 16:43:49"
"	69BA0CDE","	Chamber1","	1","	B01??(%RH)","	93.4","	2026-07-23 16:43:47"
"	69BA0CDE","	Chamber1","	1","	B01??(?)","	17.5","	2026-07-23 16:43:47"
"	69BA0CDE","	Chamber1","	1","	B01??(%RH)","	93.4","	2026-07-23 16:43:45"
"	69BA0CDE","	Chamber1","	1","	B01??(?)","	17.5","	2026-07-23 16:43:45"
"	69BA0CDE","	Chamber1","	1","	B01??(%RH)","	93.4","	2026-07-23 16:43:43"
"	69BA0CDE","	Chamber1","	1","	B01??(?)","	17.5","	2026-07-23 16:43:43"
"	69BA0CDE","	Chamber1","	1","	B01??(%RH)","	93.4","	2026-07-23 16:43:41"
"	69BA0CDE","	Chamber1","	1","	B01??(?)","	17.5","	2026-07-23 16:43:41"
"	69BA0CDE","	Chamber1","	1","	B01??(%RH)","	93.4","	2026-07-23 16:43:39"
"	69BA0CDE","	Chamber1","	1","	B01??(?)","	17.4","	2026-07-23 16:43:39"
"	69BA0CDE","	Chamber1","	1","	B01??(%RH)","	93.4","	2026-07-23 16:43:37"
"	69BA0CDE","	Chamber1","	1","	B01??(?)","	17.5","	2026-07-23 16:43:37"
"	69BA0CDE","	Chamber1","	1","	B01??(%RH)","	93.4","	2026-07-23 16:43:35"
"	69BA0CDE","	Chamber1","	1","	B01??(?)","	17.4","	2026-07-23 16:43:35"
"	69BA0CDE","	Chamber1","	1","	B01??(%RH)","	93.4","	2026-07-23 16:43:33"
"	69BA0CDE","	Chamber1","	1","	B01??(?)","	17.5","	2026-07-23 16:43:33"
"	69BA0CDE","	Chamber1","	1","	B01??(%RH)","	93.4","	2026-07-23 16:43:31"
"	69BA0CDE","	Chamber1","	1","	B01??(?)","	17.5","	2026-07-23 16:43:31"
"	69BA0CDE","	Chamber1","	1","	B01??(%RH)","	93.4","	2026-07-23 16:43:29"
"	69BA0CDE","	Chamber1","	1","	B01??(?)","	17.5","	2026-07-23 16:43:29"
"	69BA0CDE","	Chamber1","	1","	B01??(%RH)","	93.4","	2026-07-23 16:43:27"
"	69BA0CDE","	Chamber1","	1","	B01??(?)","	17.5","	2026-07-23 16:43:27"
"	69BA0CDE","	Chamber1","	1","	B01??(%RH)","	93.4","	2026-07-23 16:43:24"
"	69BA0CDE","	Chamber1","	1","	B01??(?)","	17.5","	2026-07-23 16:43:24"
"	69BA0CDE","	Chamber1","	1","	B01??(%RH)","	93.4","	2026-07-23 16:43:22"
"	69BA0CDE","	Chamber1","	1","	B01??(?)","	17.5","	2026-07-23 16:43:22"
"	69BA0CDE","	Chamber1","	1","	B01??(%RH)","	93.4","	2026-07-23 16:43:20"
"	69BA0CDE","	Chamber1","	1","	B01??(?)","	17.5","	2026-07-23 16:43:20"
"	69BA0CDE","	Chamber1","	1","	B01??(%RH)","	93.4","	2026-07-23 16:43:18"
"	69BA0CDE","	Chamber1","	1","	B01??(?)","	17.5","	2026-07-23 16:43:18"
"	69BA0CDE","	Chamber1","	1","	B01??(%RH)","	93.4","	2026-07-23 16:43:16"
"	69BA0CDE","	Chamber1","	1","	B01??(?)","	17.5","	2026-07-23 16:43:16"
"	69BA0CDE","	Chamber1","	1","	B01??(%RH)","	93.4","	2026-07-23 16:43:14"
"	69BA0CDE","	Chamber1","	1","	B01??(?)","	17.5","	2026-07-23 16:43:14"
"	69BA0CDE","	Chamber1","	1","	B01??(%RH)","	93.3","	2026-07-23 16:43:12"
"	69BA0CDE","	Chamber1","	1","	B01??(?)","	17.5","	2026-07-23 16:43:12"
"	69BA0CDE","	Chamber1","	1","	B01??(%RH)","	93.4","	2026-07-23 16:43:10"
"	69BA0CDE","	Chamber1","	1","	B01??(?)","	17.5","	2026-07-23 16:43:10"
"	69BA0CDE","	Chamber1","	1","	B01??(%RH)","	93.3","	2026-07-23 16:43:08"
"	69BA0CDE","	Chamber1","	1","	B01??(?)","	17.5","	2026-07-23 16:43:08"
"	69BA0CDE","	Chamber1","	1","	B01??(%RH)","	93.4","	2026-07-23 16:43:06"
"	69BA0CDE","	Chamber1","	1","	B01??(?)","	17.5","	2026-07-23 16:43:06"
"	69BA0CDE","	Chamber1","	1","	B01??(%RH)","	93.4","	2026-07-23 16:43:04"
"	69BA0CDE","	Chamber1","	1","	B01??(?)","	17.5","	2026-07-23 16:43:04"
"	69BA0CDE","	Chamber1","	1","	B01??(%RH)","	93.3","	2026-07-23 16:43:02"
"	69BA0CDE","	Chamber1","	1","	B01??(?)","	17.5","	2026-07-23 16:43:02"
"	69BA0CDE","	Chamber1","	1","	B01??(?)","	17.5","	2026-07-23 16:43:00"
"	69BA0CDE","	Chamber1","	1","	B01??(%RH)","	93.4","	2026-07-23 16:43:00"
"	69BA0CDE","	Chamber1","	1","	B01??(%RH)","	93.4","	2026-07-23 16:42:58"
"	69BA0CDE","	Chamber1","	1","	B01??(?)","	17.5","	2026-07-23 16:42:58"
"	69BA0CDE","	Chamber1","	1","	B01??(%RH)","	93.4","	2026-07-23 16:42:56"
"	69BA0CDE","	Chamber1","	1","	B01??(?)","	17.5","	2026-07-23 16:42:56"
"	69BA0CDE","	Chamber1","	1","	B01??(%RH)","	93.4","	2026-07-23 16:42:54"
"	69BA0CDE","	Chamber1","	1","	B01??(?)","	17.5","	2026-07-23 16:42:54"
"	69BA0CDE","	Chamber1","	1","	B01??(%RH)","	93.4","	2026-07-23 16:42:52"
"	69BA0CDE","	Chamber1","	1","	B01??(?)","	17.4","	2026-07-23 16:42:52"
"	69BA0CDE","	Chamber1","	1","	B01??(%RH)","	93.4","	2026-07-23 16:42:50"
"	69BA0CDE","	Chamber1","	1","	B01??(?)","	17.5","	2026-07-23 16:42:50"
"	69BA0CDE","	Chamber1","	1","	B01??(%RH)","	93.4","	2026-07-23 16:42:48"
"	69BA0CDE","	Chamber1","	1","	B01??(?)","	17.5","	2026-07-23 16:42:48"
"	69BA0CDE","	Chamber1","	1","	B01??(%RH)","	93.4","	2026-07-23 16:42:46"
"	69BA0CDE","	Chamber1","	1","	B01??(?)","	17.5","	2026-07-23 16:42:46"
"	69BA0CDE","	Chamber1","	1","	B01??(%RH)","	93.3","	2026-07-23 16:42:44"
"	69BA0CDE","	Chamber1","	1","	B01??(?)","	17.4","	2026-07-23 16:42:44"
"	69BA0CDE","	Chamber1","	1","	B01??(%RH)","	93.4","	2026-07-23 16:42:41"
"	69BA0CDE","	Chamber1","	1","	B01??(?)","	17.4","	2026-07-23 16:42:41"
"	69BA0CDE","	Chamber1","	1","	B01??(%RH)","	93.4","	2026-07-23 16:42:39"
"	69BA0CDE","	Chamber1","	1","	B01??(?)","	17.4","	2026-07-23 16:42:39"
"	69BA0CDE","	Chamber1","	1","	B01??(%RH)","	93.4","	2026-07-23 16:42:37"
"	69BA0CDE","	Chamber1","	1","	B01??(?)","	17.5","	2026-07-23 16:42:37"
"	69BA0CDE","	Chamber1","	1","	B01??(%RH)","	93.4","	2026-07-23 16:42:35"
"	69BA0CDE","	Chamber1","	1","	B01??(?)","	17.5","	2026-07-23 16:42:35"
"	69BA0CDE","	Chamber1","	1","	B01??(%RH)","	93.3","	2026-07-23 16:42:33"
"	69BA0CDE","	Chamber1","	1","	B01??(?)","	17.4","	2026-07-23 16:42:33"
"	69BA0CDE","	Chamber1","	1","	B01??(%RH)","	93.4","	2026-07-23 16:42:31"
"	69BA0CDE","	Chamber1","	1","	B01??(?)","	17.4","	2026-07-23 16:42:31"
"	69BA0CDE","	Chamber1","	1","	B01??(%RH)","	93.4","	2026-07-23 16:42:29"
"	69BA0CDE","	Chamber1","	1","	B01??(?)","	17.5","	2026-07-23 16:42:29"
"	69BA0CDE","	Chamber1","	1","	B01??(%RH)","	93.4","	2026-07-23 16:42:27"
"	69BA0CDE","	Chamber1","	1","	B01??(?)","	17.5","	2026-07-23 16:42:27"
"	69BA0CDE","	Chamber1","	1","	B01??(%RH)","	93.4","	2026-07-23 16:42:25"
"	69BA0CDE","	Chamber1","	1","	B01??(?)","	17.4","	2026-07-23 16:42:25"
"	69BA0CDE","	Chamber1","	1","	B01??(%RH)","	93.3","	2026-07-23 16:42:23"
"	69BA0CDE","	Chamber1","	1","	B01??(?)","	17.5","	2026-07-23 16:42:23"
"	69BA0CDE","	Chamber1","	1","	B01??(%RH)","	93.4","	2026-07-23 16:42:21"
"	69BA0CDE","	Chamber1","	1","	B01??(?)","	17.5","	2026-07-23 16:42:21"
"	69BA0CDE","	Chamber1","	1","	B01??(%RH)","	93.3","	2026-07-23 16:42:19"
"	69BA0CDE","	Chamber1","	1","	B01??(?)","	17.4","	2026-07-23 16:42:19"
"	69BA0CDE","	Chamber1","	1","	B01??(%RH)","	93.4","	2026-07-23 16:42:17"
"	69BA0CDE","	Chamber1","	1","	B01??(?)","	17.5","	2026-07-23 16:42:17"
"	69BA0CDE","	Chamber1","	1","	B01??(%RH)","	93.4","	2026-07-23 16:42:15"
"	69BA0CDE","	Chamber1","	1","	B01??(?)","	17.5","	2026-07-23 16:42:15"
"	69BA0CDE","	Chamber1","	1","	B01??(%RH)","	93.4","	2026-07-23 16:42:13"
"	69BA0CDE","	Chamber1","	1","	B01??(?)","	17.4","	2026-07-23 16:42:13"
"	69BA0CDE","	Chamber1","	1","	B01??(%RH)","	93.4","	2026-07-23 16:42:11"
"	69BA0CDE","	Chamber1","	1","	B01??(?)","	17.5","	2026-07-23 16:42:11"
"	69BA0CDE","	Chamber1","	1","	B01??(%RH)","	93.4","	2026-07-23 16:42:09"
"	69BA0CDE","	Chamber1","	1","	B01??(?)","	17.4","	2026-07-23 16:42:09"
"	69BA0CDE","	Chamber1","	1","	B01??(%RH)","	93.3","	2026-07-23 16:42:07"
"	69BA0CDE","	Chamber1","	1","	B01??(?)","	17.4","	2026-07-23 16:42:07"
"	69BA0CDE","	Chamber1","	1","	B01??(%RH)","	93.4","	2026-07-23 16:42:05"
"	69BA0CDE","	Chamber1","	1","	B01??(?)","	17.4","	2026-07-23 16:42:05"
"	69BA0CDE","	Chamber1","	1","	B01??(%RH)","	93.4","	2026-07-23 16:42:03"
"	69BA0CDE","	Chamber1","	1","	B01??(?)","	17.4","	2026-07-23 16:42:03"
"	69BA0CDE","	Chamber1","	1","	B01??(%RH)","	93.4","	2026-07-23 16:42:00"
"	69BA0CDE","	Chamber1","	1","	B01??(?)","	17.5","	2026-07-23 16:42:00"
"	69BA0CDE","	Chamber1","	1","	B01??(%RH)","	93.3","	2026-07-23 16:41:58"
"	69BA0CDE","	Chamber1","	1","	B01??(?)","	17.4","	2026-07-23 16:41:58"
"	69BA0CDE","	Chamber1","	1","	B01??(%RH)","	93.4","	2026-07-23 16:41:56"
"	69BA0CDE","	Chamber1","	1","	B01??(?)","	17.5","	2026-07-23 16:41:56"
"	69BA0CDE","	Chamber1","	1","	B01??(%RH)","	93.4","	2026-07-23 16:41:54"
"	69BA0CDE","	Chamber1","	1","	B01??(?)","	17.4","	2026-07-23 16:41:54"
"	69BA0CDE","	Chamber1","	1","	B01??(%RH)","	93.3","	2026-07-23 16:41:52"
"	69BA0CDE","	Chamber1","	1","	B01??(?)","	17.5","	2026-07-23 16:41:52"
"	69BA0CDE","	Chamber1","	1","	B01??(%RH)","	93.4","	2026-07-23 16:41:50"
"	69BA0CDE","	Chamber1","	1","	B01??(?)","	17.4","	2026-07-23 16:41:50"
"	69BA0CDE","	Chamber1","	1","	B01??(%RH)","	93.4","	2026-07-23 16:41:48"
"	69BA0CDE","	Chamber1","	1","	B01??(?)","	17.4","	2026-07-23 16:41:48"
"	69BA0CDE","	Chamber1","	1","	B01??(%RH)","	93.4","	2026-07-23 16:41:46"
"	69BA0CDE","	Chamber1","	1","	B01??(?)","	17.4","	2026-07-23 16:41:46"
"	69BA0CDE","	Chamber1","	1","	B01??(%RH)","	93.4","	2026-07-23 16:41:44"
"	69BA0CDE","	Chamber1","	1","	B01??(?)","	17.4","	2026-07-23 16:41:44"
"	69BA0CDE","	Chamber1","	1","	B01??(%RH)","	93.4","	2026-07-23 16:41:42"
"	69BA0CDE","	Chamber1","	1","	B01??(?)","	17.4","	2026-07-23 16:41:42"
"	69BA0CDE","	Chamber1","	1","	B01??(%RH)","	93.4","	2026-07-23 16:41:40"
"	69BA0CDE","	Chamber1","	1","	B01??(?)","	17.4","	2026-07-23 16:41:40"
"	69BA0CDE","	Chamber1","	1","	B01??(%RH)","	93.3","	2026-07-23 16:41:38"
"	69BA0CDE","	Chamber1","	1","	B01??(?)","	17.4","	2026-07-23 16:41:38"
"	69BA0CDE","	Chamber1","	1","	B01??(%RH)","	93.3","	2026-07-23 16:41:36"
"	69BA0CDE","	Chamber1","	1","	B01??(?)","	17.4","	2026-07-23 16:41:36"
"	69BA0CDE","	Chamber1","	1","	B01??(%RH)","	93.3","	2026-07-23 16:41:34"
"	69BA0CDE","	Chamber1","	1","	B01??(?)","	17.4","	2026-07-23 16:41:34"
"	69BA0CDE","	Chamber1","	1","	B01??(%RH)","	93.4","	2026-07-23 16:41:32"
"	69BA0CDE","	Chamber1","	1","	B01??(?)","	17.4","	2026-07-23 16:41:32"
"	69BA0CDE","	Chamber1","	1","	B01??(%RH)","	93.3","	2026-07-23 16:41:30"
"	69BA0CDE","	Chamber1","	1","	B01??(?)","	17.4","	2026-07-23 16:41:30"
"	69BA0CDE","	Chamber1","	1","	B01??(%RH)","	93.3","	2026-07-23 16:41:28"
"	69BA0CDE","	Chamber1","	1","	B01??(?)","	17.4","	2026-07-23 16:41:28"
"	69BA0CDE","	Chamber1","	1","	B01??(%RH)","	93.3","	2026-07-23 16:41:26"
"	69BA0CDE","	Chamber1","	1","	B01??(?)","	17.4","	2026-07-23 16:41:26"
"	69BA0CDE","	Chamber1","	1","	B01??(%RH)","	93.3","	2026-07-23 16:41:24"
"	69BA0CDE","	Chamber1","	1","	B01??(?)","	17.4","	2026-07-23 16:41:24"
"	69BA0CDE","	Chamber1","	1","	B01??(%RH)","	93.3","	2026-07-23 16:41:22"
"	69BA0CDE","	Chamber1","	1","	B01??(?)","	17.4","	2026-07-23 16:41:22"
"	69BA0CDE","	Chamber1","	1","	B01??(%RH)","	93.4","	2026-07-23 16:41:20"
"	69BA0CDE","	Chamber1","	1","	B01??(?)","	17.5","	2026-07-23 16:41:20"
"	69BA0CDE","	Chamber1","	1","	B01??(%RH)","	93.3","	2026-07-23 16:41:18"
"	69BA0CDE","	Chamber1","	1","	B01??(?)","	17.5","	2026-07-23 16:41:18"
"	69BA0CDE","	Chamber1","	1","	B01??(%RH)","	93.3","	2026-07-23 16:41:15"
"	69BA0CDE","	Chamber1","	1","	B01??(?)","	17.4","	2026-07-23 16:41:15"
"	69BA0CDE","	Chamber1","	1","	B01??(%RH)","	93.4","	2026-07-23 16:41:13"
"	69BA0CDE","	Chamber1","	1","	B01??(?)","	17.4","	2026-07-23 16:41:13"
"	69BA0CDE","	Chamber1","	1","	B01??(%RH)","	93.3","	2026-07-23 16:41:11"
"	69BA0CDE","	Chamber1","	1","	B01??(?)","	17.4","	2026-07-23 16:41:11"
"	69BA0CDE","	Chamber1","	1","	B01??(%RH)","	93.4","	2026-07-23 16:41:09"
"	69BA0CDE","	Chamber1","	1","	B01??(?)","	17.5","	2026-07-23 16:41:09"
"	69BA0CDE","	Chamber1","	1","	B01??(%RH)","	93.3","	2026-07-23 16:41:07"
"	69BA0CDE","	Chamber1","	1","	B01??(?)","	17.4","	2026-07-23 16:41:07"
"	69BA0CDE","	Chamber1","	1","	B01??(%RH)","	93.3","	2026-07-23 16:41:05"
"	69BA0CDE","	Chamber1","	1","	B01??(?)","	17.4","	2026-07-23 16:41:05"
"	69BA0CDE","	Chamber1","	1","	B01??(%RH)","	93.3","	2026-07-23 16:41:03"
"	69BA0CDE","	Chamber1","	1","	B01??(?)","	17.4","	2026-07-23 16:41:03"
"	69BA0CDE","	Chamber1","	1","	B01??(%RH)","	93.3","	2026-07-23 16:41:01"
"	69BA0CDE","	Chamber1","	1","	B01??(?)","	17.5","	2026-07-23 16:41:01"
"	69BA0CDE","	Chamber1","	1","	B01??(%RH)","	93.3","	2026-07-23 16:40:59"
"	69BA0CDE","	Chamber1","	1","	B01??(?)","	17.4","	2026-07-23 16:40:59"
"	69BA0CDE","	Chamber1","	1","	B01??(%RH)","	93.3","	2026-07-23 16:40:57"
"	69BA0CDE","	Chamber1","	1","	B01??(?)","	17.5","	2026-07-23 16:40:57"
"	69BA0CDE","	Chamber1","	1","	B01??(%RH)","	93.3","	2026-07-23 16:40:55"
"	69BA0CDE","	Chamber1","	1","	B01??(?)","	17.4","	2026-07-23 16:40:55"
"	69BA0CDE","	Chamber1","	1","	B01??(%RH)","	93.4","	2026-07-23 16:40:53"
"	69BA0CDE","	Chamber1","	1","	B01??(?)","	17.4","	2026-07-23 16:40:53"
"	69BA0CDE","	Chamber1","	1","	B01??(%RH)","	93.3","	2026-07-23 16:40:51"
"	69BA0CDE","	Chamber1","	1","	B01??(?)","	17.4","	2026-07-23 16:40:51"
"	69BA0CDE","	Chamber1","	1","	B01??(%RH)","	93.3","	2026-07-23 16:40:49"
"	69BA0CDE","	Chamber1","	1","	B01??(?)","	17.4","	2026-07-23 16:40:49"
"	69BA0CDE","	Chamber1","	1","	B01??(%RH)","	93.3","	2026-07-23 16:40:47"
"	69BA0CDE","	Chamber1","	1","	B01??(?)","	17.4","	2026-07-23 16:40:47"
"	69BA0CDE","	Chamber1","	1","	B01??(%RH)","	93.3","	2026-07-23 16:40:45"
"	69BA0CDE","	Chamber1","	1","	B01??(?)","	17.4","	2026-07-23 16:40:45"
"	69BA0CDE","	Chamber1","	1","	B01??(%RH)","	93.3","	2026-07-23 16:40:43"
"	69BA0CDE","	Chamber1","	1","	B01??(?)","	17.4","	2026-07-23 16:40:43"
"	69BA0CDE","	Chamber1","	1","	B01??(%RH)","	93.4","	2026-07-23 16:40:41"
"	69BA0CDE","	Chamber1","	1","	B01??(?)","	17.5","	2026-07-23 16:40:41"
"	69BA0CDE","	Chamber1","	1","	B01??(%RH)","	93.3","	2026-07-23 16:40:39"
"	69BA0CDE","	Chamber1","	1","	B01??(?)","	17.4","	2026-07-23 16:40:39"
"	69BA0CDE","	Chamber1","	1","	B01??(%RH)","	93.3","	2026-07-23 16:40:37"
"	69BA0CDE","	Chamber1","	1","	B01??(?)","	17.4","	2026-07-23 16:40:37"
"	69BA0CDE","	Chamber1","	1","	B01??(%RH)","	93.3","	2026-07-23 16:40:35"
"	69BA0CDE","	Chamber1","	1","	B01??(?)","	17.4","	2026-07-23 16:40:35"
"	69BA0CDE","	Chamber1","	1","	B01??(%RH)","	93.4","	2026-07-23 16:40:32"
"	69BA0CDE","	Chamber1","	1","	B01??(?)","	17.5","	2026-07-23 16:40:32"
"	69BA0CDE","	Chamber1","	1","	B01??(%RH)","	93.3","	2026-07-23 16:40:30"
"	69BA0CDE","	Chamber1","	1","	B01??(?)","	17.4","	2026-07-23 16:40:30"
"	69BA0CDE","	Chamber1","	1","	B01??(%RH)","	93.4","	2026-07-23 16:40:28"
"	69BA0CDE","	Chamber1","	1","	B01??(?)","	17.4","	2026-07-23 16:40:28"
"	69BA0CDE","	Chamber1","	1","	B01??(%RH)","	93.3","	2026-07-23 16:40:26"
"	69BA0CDE","	Chamber1","	1","	B01??(?)","	17.4","	2026-07-23 16:40:26"
"	69BA0CDE","	Chamber1","	1","	B01??(%RH)","	93.3","	2026-07-23 16:40:24"
"	69BA0CDE","	Chamber1","	1","	B01??(?)","	17.4","	2026-07-23 16:40:24"
"	69BA0CDE","	Chamber1","	1","	B01??(%RH)","	93.3","	2026-07-23 16:40:22"
"	69BA0CDE","	Chamber1","	1","	B01??(?)","	17.4","	2026-07-23 16:40:22"
"	69BA0CDE","	Chamber1","	1","	B01??(%RH)","	93.3","	2026-07-23 16:40:20"
"	69BA0CDE","	Chamber1","	1","	B01??(?)","	17.4","	2026-07-23 16:40:20"
"	69BA0CDE","	Chamber1","	1","	B01??(%RH)","	93.3","	2026-07-23 16:40:18"
"	69BA0CDE","	Chamber1","	1","	B01??(?)","	17.4","	2026-07-23 16:40:18"
"	69BA0CDE","	Chamber1","	1","	B01??(%RH)","	93.3","	2026-07-23 16:40:16"
"	69BA0CDE","	Chamber1","	1","	B01??(?)","	17.4","	2026-07-23 16:40:16"
"	69BA0CDE","	Chamber1","	1","	B01??(%RH)","	93.3","	2026-07-23 16:40:14"
"	69BA0CDE","	Chamber1","	1","	B01??(?)","	17.4","	2026-07-23 16:40:14"
"	69BA0CDE","	Chamber1","	1","	B01??(%RH)","	93.3","	2026-07-23 16:40:12"
"	69BA0CDE","	Chamber1","	1","	B01??(?)","	17.4","	2026-07-23 16:40:12"
"	69BA0CDE","	Chamber1","	1","	B01??(%RH)","	93.3","	2026-07-23 16:40:10"
"	69BA0CDE","	Chamber1","	1","	B01??(?)","	17.4","	2026-07-23 16:40:10"
"	69BA0CDE","	Chamber1","	1","	B01??(%RH)","	93.3","	2026-07-23 16:40:08"
"	69BA0CDE","	Chamber1","	1","	B01??(?)","	17.4","	2026-07-23 16:40:08"
"	69BA0CDE","	Chamber1","	1","	B01??(%RH)","	93.3","	2026-07-23 16:40:06"
"	69BA0CDE","	Chamber1","	1","	B01??(?)","	17.4","	2026-07-23 16:40:06"
"	69BA0CDE","	Chamber1","	1","	B01??(%RH)","	93.3","	2026-07-23 16:40:04"
"	69BA0CDE","	Chamber1","	1","	B01??(?)","	17.4","	2026-07-23 16:40:04"
"	69BA0CDE","	Chamber1","	1","	B01??(%RH)","	93.3","	2026-07-23 16:40:02"
"	69BA0CDE","	Chamber1","	1","	B01??(?)","	17.4","	2026-07-23 16:40:02"
"	69BA0CDE","	Chamber1","	1","	B01??(%RH)","	93.3","	2026-07-23 16:40:00"
"	69BA0CDE","	Chamber1","	1","	B01??(?)","	17.4","	2026-07-23 16:40:00"
"	69BA0CDE","	Chamber1","	1","	B01??(%RH)","	93.3","	2026-07-23 16:39:58"
"	69BA0CDE","	Chamber1","	1","	B01??(?)","	17.4","	2026-07-23 16:39:58"
"	69BA0CDE","	Chamber1","	1","	B01??(%RH)","	93.3","	2026-07-23 16:39:56"
"	69BA0CDE","	Chamber1","	1","	B01??(?)","	17.4","	2026-07-23 16:39:56"
"	69BA0CDE","	Chamber1","	1","	B01??(%RH)","	93.3","	2026-07-23 16:39:54"
"	69BA0CDE","	Chamber1","	1","	B01??(?)","	17.4","	2026-07-23 16:39:54"
"	69BA0CDE","	Chamber1","	1","	B01??(%RH)","	93.3","	2026-07-23 16:39:52"
"	69BA0CDE","	Chamber1","	1","	B01??(?)","	17.5","	2026-07-23 16:39:52"
"	69BA0CDE","	Chamber1","	1","	B01??(%RH)","	93.4","	2026-07-23 16:39:49"
"	69BA0CDE","	Chamber1","	1","	B01??(?)","	17.4","	2026-07-23 16:39:49"
"	69BA0CDE","	Chamber1","	1","	B01??(%RH)","	93.3","	2026-07-23 16:39:47"
"	69BA0CDE","	Chamber1","	1","	B01??(?)","	17.5","	2026-07-23 16:39:47"
"	69BA0CDE","	Chamber1","	1","	B01??(%RH)","	93.3","	2026-07-23 16:39:45"
"	69BA0CDE","	Chamber1","	1","	B01??(?)","	17.4","	2026-07-23 16:39:45"
"	69BA0CDE","	Chamber1","	1","	B01??(%RH)","	93.3","	2026-07-23 16:39:43"
"	69BA0CDE","	Chamber1","	1","	B01??(?)","	17.4","	2026-07-23 16:39:43"
"	69BA0CDE","	Chamber1","	1","	B01??(%RH)","	93.3","	2026-07-23 16:39:41"
"	69BA0CDE","	Chamber1","	1","	B01??(?)","	17.4","	2026-07-23 16:39:41"
"	69BA0CDE","	Chamber1","	1","	B01??(%RH)","	93.3","	2026-07-23 16:39:39"
"	69BA0CDE","	Chamber1","	1","	B01??(?)","	17.4","	2026-07-23 16:39:39"
"	69BA0CDE","	Chamber1","	1","	B01??(%RH)","	93.3","	2026-07-23 16:39:37"
"	69BA0CDE","	Chamber1","	1","	B01??(?)","	17.4","	2026-07-23 16:39:37"
"	69BA0CDE","	Chamber1","	1","	B01??(%RH)","	93.3","	2026-07-23 16:39:35"
"	69BA0CDE","	Chamber1","	1","	B01??(?)","	17.4","	2026-07-23 16:39:35"
"	69BA0CDE","	Chamber1","	1","	B01??(%RH)","	93.3","	2026-07-23 16:39:33"
"	69BA0CDE","	Chamber1","	1","	B01??(?)","	17.4","	2026-07-23 16:39:33"
"	69BA0CDE","	Chamber1","	1","	B01??(%RH)","	93.3","	2026-07-23 16:39:31"
"	69BA0CDE","	Chamber1","	1","	B01??(?)","	17.4","	2026-07-23 16:39:31"
"	69BA0CDE","	Chamber1","	1","	B01??(%RH)","	93.3","	2026-07-23 16:39:29"
"	69BA0CDE","	Chamber1","	1","	B01??(?)","	17.4","	2026-07-23 16:39:29"
"	69BA0CDE","	Chamber1","	1","	B01??(%RH)","	93.3","	2026-07-23 16:39:27"
"	69BA0CDE","	Chamber1","	1","	B01??(?)","	17.4","	2026-07-23 16:39:27"
"	69BA0CDE","	Chamber1","	1","	B01??(%RH)","	93.4","	2026-07-23 16:39:25"
"	69BA0CDE","	Chamber1","	1","	B01??(?)","	17.4","	2026-07-23 16:39:25"
"	69BA0CDE","	Chamber1","	1","	B01??(%RH)","	93.3","	2026-07-23 16:39:23"
"	69BA0CDE","	Chamber1","	1","	B01??(?)","	17.5","	2026-07-23 16:39:23"
"	69BA0CDE","	Chamber1","	1","	B01??(%RH)","	93.3","	2026-07-23 16:39:21"
"	69BA0CDE","	Chamber1","	1","	B01??(?)","	17.4","	2026-07-23 16:39:21"
"	69BA0CDE","	Chamber1","	1","	B01??(%RH)","	93.3","	2026-07-23 16:39:19"
"	69BA0CDE","	Chamber1","	1","	B01??(?)","	17.4","	2026-07-23 16:39:19"
"	69BA0CDE","	Chamber1","	1","	B01??(%RH)","	93.3","	2026-07-23 16:39:17"
"	69BA0CDE","	Chamber1","	1","	B01??(?)","	17.4","	2026-07-23 16:39:17"
"	69BA0CDE","	Chamber1","	1","	B01??(%RH)","	93.3","	2026-07-23 16:39:15"
"	69BA0CDE","	Chamber1","	1","	B01??(?)","	17.4","	2026-07-23 16:39:15"
"	69BA0CDE","	Chamber1","	1","	B01??(%RH)","	93.3","	2026-07-23 16:39:13"
"	69BA0CDE","	Chamber1","	1","	B01??(?)","	17.4","	2026-07-23 16:39:13"
"	69BA0CDE","	Chamber1","	1","	B01??(%RH)","	93.3","	2026-07-23 16:39:11"
"	69BA0CDE","	Chamber1","	1","	B01??(?)","	17.4","	2026-07-23 16:39:11"
"	69BA0CDE","	Chamber1","	1","	B01??(%RH)","	93.3","	2026-07-23 16:39:09"
"	69BA0CDE","	Chamber1","	1","	B01??(?)","	17.4","	2026-07-23 16:39:09"
"	69BA0CDE","	Chamber1","	1","	B01??(%RH)","	93.3","	2026-07-23 16:39:06"
"	69BA0CDE","	Chamber1","	1","	B01??(?)","	17.4","	2026-07-23 16:39:06"
"	69BA0CDE","	Chamber1","	1","	B01??(%RH)","	93.3","	2026-07-23 16:39:04"
"	69BA0CDE","	Chamber1","	1","	B01??(?)","	17.4","	2026-07-23 16:39:04"
"	69BA0CDE","	Chamber1","	1","	B01??(%RH)","	93.3","	2026-07-23 16:39:02"
"	69BA0CDE","	Chamber1","	1","	B01??(?)","	17.4","	2026-07-23 16:39:02"
"	69BA0CDE","	Chamber1","	1","	B01??(%RH)","	93.3","	2026-07-23 16:39:00"
"	69BA0CDE","	Chamber1","	1","	B01??(?)","	17.4","	2026-07-23 16:39:00"
"	69BA0CDE","	Chamber1","	1","	B01??(%RH)","	93.3","	2026-07-23 16:38:58"
"	69BA0CDE","	Chamber1","	1","	B01??(?)","	17.4","	2026-07-23 16:38:58"
"	69BA0CDE","	Chamber1","	1","	B01??(%RH)","	93.3","	2026-07-23 16:38:56"
"	69BA0CDE","	Chamber1","	1","	B01??(?)","	17.4","	2026-07-23 16:38:56"
"	69BA0CDE","	Chamber1","	1","	B01??(%RH)","	93.3","	2026-07-23 16:38:54"
"	69BA0CDE","	Chamber1","	1","	B01??(?)","	17.4","	2026-07-23 16:38:54"
"	69BA0CDE","	Chamber1","	1","	B01??(%RH)","	93.3","	2026-07-23 16:38:52"
"	69BA0CDE","	Chamber1","	1","	B01??(?)","	17.4","	2026-07-23 16:38:52"
"	69BA0CDE","	Chamber1","	1","	B01??(%RH)","	93.3","	2026-07-23 16:38:50"
"	69BA0CDE","	Chamber1","	1","	B01??(?)","	17.4","	2026-07-23 16:38:50"
"	69BA0CDE","	Chamber1","	1","	B01??(%RH)","	93.3","	2026-07-23 16:38:48"
"	69BA0CDE","	Chamber1","	1","	B01??(?)","	17.4","	2026-07-23 16:38:48"
"	69BA0CDE","	Chamber1","	1","	B01??(%RH)","	93.3","	2026-07-23 16:38:46"
"	69BA0CDE","	Chamber1","	1","	B01??(?)","	17.4","	2026-07-23 16:38:46"
"	69BA0CDE","	Chamber1","	1","	B01??(%RH)","	93.3","	2026-07-23 16:38:44"
"	69BA0CDE","	Chamber1","	1","	B01??(?)","	17.4","	2026-07-23 16:38:44"
"	69BA0CDE","	Chamber1","	1","	B01??(%RH)","	93.3","	2026-07-23 16:38:42"
"	69BA0CDE","	Chamber1","	1","	B01??(?)","	17.4","	2026-07-23 16:38:42"
"	69BA0CDE","	Chamber1","	1","	B01??(%RH)","	93.3","	2026-07-23 16:38:40"
"	69BA0CDE","	Chamber1","	1","	B01??(?)","	17.4","	2026-07-23 16:38:40"
"	69BA0CDE","	Chamber1","	1","	B01??(%RH)","	93.3","	2026-07-23 16:38:38"
"	69BA0CDE","	Chamber1","	1","	B01??(?)","	17.4","	2026-07-23 16:38:38"
"	69BA0CDE","	Chamber1","	1","	B01??(%RH)","	93.3","	2026-07-23 16:38:36"
"	69BA0CDE","	Chamber1","	1","	B01??(?)","	17.4","	2026-07-23 16:38:36"
"	69BA0CDE","	Chamber1","	1","	B01??(%RH)","	93.3","	2026-07-23 16:38:34"
"	69BA0CDE","	Chamber1","	1","	B01??(?)","	17.4","	2026-07-23 16:38:34"
"	69BA0CDE","	Chamber1","	1","	B01??(%RH)","	93.3","	2026-07-23 16:38:32"
"	69BA0CDE","	Chamber1","	1","	B01??(?)","	17.4","	2026-07-23 16:38:32"
"	69BA0CDE","	Chamber1","	1","	B01??(%RH)","	93.3","	2026-07-23 16:38:30"
"	69BA0CDE","	Chamber1","	1","	B01??(?)","	17.4","	2026-07-23 16:38:30"
"	69BA0CDE","	Chamber1","	1","	B01??(%RH)","	93.3","	2026-07-23 16:38:28"
"	69BA0CDE","	Chamber1","	1","	B01??(?)","	17.4","	2026-07-23 16:38:28"
"	69BA0CDE","	Chamber1","	1","	B01??(%RH)","	93.3","	2026-07-23 16:38:26"
"	69BA0CDE","	Chamber1","	1","	B01??(?)","	17.4","	2026-07-23 16:38:26"
"	69BA0CDE","	Chamber1","	1","	B01??(%RH)","	93.3","	2026-07-23 16:38:23"
"	69BA0CDE","	Chamber1","	1","	B01??(?)","	17.4","	2026-07-23 16:38:23"
"	69BA0CDE","	Chamber1","	1","	B01??(%RH)","	93.3","	2026-07-23 16:38:21"
"	69BA0CDE","	Chamber1","	1","	B01??(?)","	17.4","	2026-07-23 16:38:21"
"	69BA0CDE","	Chamber1","	1","	B01??(%RH)","	93.3","	2026-07-23 16:38:19"
"	69BA0CDE","	Chamber1","	1","	B01??(?)","	17.4","	2026-07-23 16:38:19"
"	69BA0CDE","	Chamber1","	1","	B01??(%RH)","	93.3","	2026-07-23 16:38:17"
"	69BA0CDE","	Chamber1","	1","	B01??(?)","	17.4","	2026-07-23 16:38:17"
"	69BA0CDE","	Chamber1","	1","	B01??(%RH)","	93.3","	2026-07-23 16:38:15"
"	69BA0CDE","	Chamber1","	1","	B01??(?)","	17.4","	2026-07-23 16:38:15"
"	69BA0CDE","	Chamber1","	1","	B01??(%RH)","	93.3","	2026-07-23 16:38:13"
"	69BA0CDE","	Chamber1","	1","	B01??(?)","	17.4","	2026-07-23 16:38:13"
"	69BA0CDE","	Chamber1","	1","	B01??(%RH)","	93.3","	2026-07-23 16:38:11"
"	69BA0CDE","	Chamber1","	1","	B01??(?)","	17.4","	2026-07-23 16:38:11"
"	69BA0CDE","	Chamber1","	1","	B01??(%RH)","	93.3","	2026-07-23 16:38:09"
"	69BA0CDE","	Chamber1","	1","	B01??(?)","	17.4","	2026-07-23 16:38:09"
"	69BA0CDE","	Chamber1","	1","	B01??(%RH)","	93.3","	2026-07-23 16:38:07"
"	69BA0CDE","	Chamber1","	1","	B01??(?)","	17.4","	2026-07-23 16:38:07"
"	69BA0CDE","	Chamber1","	1","	B01??(%RH)","	93.3","	2026-07-23 16:38:05"
"	69BA0CDE","	Chamber1","	1","	B01??(?)","	17.4","	2026-07-23 16:38:05"
"	69BA0CDE","	Chamber1","	1","	B01??(%RH)","	93.3","	2026-07-23 16:38:03"
"	69BA0CDE","	Chamber1","	1","	B01??(?)","	17.4","	2026-07-23 16:38:03"
"	69BA0CDE","	Chamber1","	1","	B01??(%RH)","	93.3","	2026-07-23 16:38:01"
"	69BA0CDE","	Chamber1","	1","	B01??(?)","	17.4","	2026-07-23 16:38:01"
"	69BA0CDE","	Chamber1","	1","	B01??(%RH)","	93.3","	2026-07-23 16:37:59"
"	69BA0CDE","	Chamber1","	1","	B01??(?)","	17.4","	2026-07-23 16:37:59"
"	69BA0CDE","	Chamber1","	1","	B01??(%RH)","	93.3","	2026-07-23 16:37:57"
"	69BA0CDE","	Chamber1","	1","	B01??(?)","	17.4","	2026-07-23 16:37:57"
"	69BA0CDE","	Chamber1","	1","	B01??(%RH)","	93.3","	2026-07-23 16:37:55"
"	69BA0CDE","	Chamber1","	1","	B01??(?)","	17.4","	2026-07-23 16:37:55"
"	69BA0CDE","	Chamber1","	1","	B01??(%RH)","	93.3","	2026-07-23 16:37:53"
"	69BA0CDE","	Chamber1","	1","	B01??(?)","	17.4","	2026-07-23 16:37:53"
"	69BA0CDE","	Chamber1","	1","	B01??(%RH)","	93.3","	2026-07-23 16:37:51"
"	69BA0CDE","	Chamber1","	1","	B01??(?)","	17.4","	2026-07-23 16:37:51"
"	69BA0CDE","	Chamber1","	1","	B01??(%RH)","	93.3","	2026-07-23 16:37:49"
"	69BA0CDE","	Chamber1","	1","	B01??(?)","	17.4","	2026-07-23 16:37:49"
"	69BA0CDE","	Chamber1","	1","	B01??(%RH)","	93.3","	2026-07-23 16:37:47"
"	69BA0CDE","	Chamber1","	1","	B01??(?)","	17.4","	2026-07-23 16:37:47"
"	69BA0CDE","	Chamber1","	1","	B01??(%RH)","	93.3","	2026-07-23 16:37:45"
"	69BA0CDE","	Chamber1","	1","	B01??(?)","	17.4","	2026-07-23 16:37:45"
"	69BA0CDE","	Chamber1","	1","	B01??(%RH)","	93.3","	2026-07-23 16:37:43"
"	69BA0CDE","	Chamber1","	1","	B01??(?)","	17.4","	2026-07-23 16:37:43"
"	69BA0CDE","	Chamber1","	1","	B01??(%RH)","	93.3","	2026-07-23 16:37:41"
"	69BA0CDE","	Chamber1","	1","	B01??(?)","	17.4","	2026-07-23 16:37:41"
"	69BA0CDE","	Chamber1","	1","	B01??(%RH)","	93.3","	2026-07-23 16:37:38"
"	69BA0CDE","	Chamber1","	1","	B01??(?)","	17.4","	2026-07-23 16:37:38"
"	69BA0CDE","	Chamber1","	1","	B01??(%RH)","	93.3","	2026-07-23 16:37:36"
"	69BA0CDE","	Chamber1","	1","	B01??(?)","	17.4","	2026-07-23 16:37:36"
"	69BA0CDE","	Chamber1","	1","	B01??(%RH)","	93.3","	2026-07-23 16:37:34"
"	69BA0CDE","	Chamber1","	1","	B01??(?)","	17.4","	2026-07-23 16:37:34"
"	69BA0CDE","	Chamber1","	1","	B01??(%RH)","	93.3","	2026-07-23 16:37:32"
"	69BA0CDE","	Chamber1","	1","	B01??(?)","	17.4","	2026-07-23 16:37:32"
"	69BA0CDE","	Chamber1","	1","	B01??(%RH)","	93.3","	2026-07-23 16:37:30"
"	69BA0CDE","	Chamber1","	1","	B01??(?)","	17.4","	2026-07-23 16:37:30"
"	69BA0CDE","	Chamber1","	1","	B01??(%RH)","	93.3","	2026-07-23 16:37:28"
"	69BA0CDE","	Chamber1","	1","	B01??(?)","	17.4","	2026-07-23 16:37:28"
"	69BA0CDE","	Chamber1","	1","	B01??(%RH)","	93.3","	2026-07-23 16:37:26"
"	69BA0CDE","	Chamber1","	1","	B01??(?)","	17.4","	2026-07-23 16:37:26"
"	69BA0CDE","	Chamber1","	1","	B01??(%RH)","	93.3","	2026-07-23 16:37:24"
"	69BA0CDE","	Chamber1","	1","	B01??(?)","	17.4","	2026-07-23 16:37:24"
"	69BA0CDE","	Chamber1","	1","	B01??(%RH)","	93.3","	2026-07-23 16:37:22"
"	69BA0CDE","	Chamber1","	1","	B01??(?)","	17.4","	2026-07-23 16:37:22"
"	69BA0CDE","	Chamber1","	1","	B01??(%RH)","	93.3","	2026-07-23 16:37:20"
"	69BA0CDE","	Chamber1","	1","	B01??(?)","	17.4","	2026-07-23 16:37:20"
"	69BA0CDE","	Chamber1","	1","	B01??(%RH)","	93.3","	2026-07-23 16:37:18"
"	69BA0CDE","	Chamber1","	1","	B01??(?)","	17.4","	2026-07-23 16:37:18"
"	69BA0CDE","	Chamber1","	1","	B01??(%RH)","	93.3","	2026-07-23 16:37:16"
"	69BA0CDE","	Chamber1","	1","	B01??(?)","	17.4","	2026-07-23 16:37:16"
"	69BA0CDE","	Chamber1","	1","	B01??(%RH)","	93.3","	2026-07-23 16:37:14"
"	69BA0CDE","	Chamber1","	1","	B01??(?)","	17.4","	2026-07-23 16:37:14"
"	69BA0CDE","	Chamber1","	1","	B01??(%RH)","	93.3","	2026-07-23 16:37:12"
"	69BA0CDE","	Chamber1","	1","	B01??(?)","	17.4","	2026-07-23 16:37:12"
"	69BA0CDE","	Chamber1","	1","	B01??(%RH)","	93.3","	2026-07-23 16:37:10"
"	69BA0CDE","	Chamber1","	1","	B01??(?)","	17.4","	2026-07-23 16:37:10"
"	69BA0CDE","	Chamber1","	1","	B01??(%RH)","	93.3","	2026-07-23 16:37:08"
"	69BA0CDE","	Chamber1","	1","	B01??(?)","	17.4","	2026-07-23 16:37:08"
"	69BA0CDE","	Chamber1","	1","	B01??(%RH)","	93.3","	2026-07-23 16:37:06"
"	69BA0CDE","	Chamber1","	1","	B01??(?)","	17.4","	2026-07-23 16:37:06"
"	69BA0CDE","	Chamber1","	1","	B01??(%RH)","	93.2","	2026-07-23 16:37:04"
"	69BA0CDE","	Chamber1","	1","	B01??(?)","	17.4","	2026-07-23 16:37:04"
"	69BA0CDE","	Chamber1","	1","	B01??(%RH)","	93.2","	2026-07-23 16:37:02"
"	69BA0CDE","	Chamber1","	1","	B01??(?)","	17.4","	2026-07-23 16:37:02"
"	69BA0CDE","	Chamber1","	1","	B01??(%RH)","	93.3","	2026-07-23 16:37:00"
"	69BA0CDE","	Chamber1","	1","	B01??(?)","	17.4","	2026-07-23 16:37:00"
"	69BA0CDE","	Chamber1","	1","	B01??(%RH)","	93.3","	2026-07-23 16:36:58"
"	69BA0CDE","	Chamber1","	1","	B01??(?)","	17.4","	2026-07-23 16:36:58"
"	69BA0CDE","	Chamber1","	1","	B01??(%RH)","	93.3","	2026-07-23 16:36:55"
"	69BA0CDE","	Chamber1","	1","	B01??(?)","	17.4","	2026-07-23 16:36:55"
"	69BA0CDE","	Chamber1","	1","	B01??(%RH)","	93.3","	2026-07-23 16:36:53"
"	69BA0CDE","	Chamber1","	1","	B01??(?)","	17.4","	2026-07-23 16:36:53"
"	69BA0CDE","	Chamber1","	1","	B01??(%RH)","	93.3","	2026-07-23 16:36:51"
"	69BA0CDE","	Chamber1","	1","	B01??(?)","	17.4","	2026-07-23 16:36:51"
"	69BA0CDE","	Chamber1","	1","	B01??(%RH)","	93.3","	2026-07-23 16:36:49"
"	69BA0CDE","	Chamber1","	1","	B01??(?)","	17.4","	2026-07-23 16:36:49"
"	69BA0CDE","	Chamber1","	1","	B01??(%RH)","	93.3","	2026-07-23 16:36:47"
"	69BA0CDE","	Chamber1","	1","	B01??(?)","	17.4","	2026-07-23 16:36:47"
"	69BA0CDE","	Chamber1","	1","	B01??(%RH)","	93.2","	2026-07-23 16:36:45"
"	69BA0CDE","	Chamber1","	1","	B01??(?)","	17.4","	2026-07-23 16:36:45"
"	69BA0CDE","	Chamber1","	1","	B01??(%RH)","	93.2","	2026-07-23 16:36:43"
"	69BA0CDE","	Chamber1","	1","	B01??(?)","	17.4","	2026-07-23 16:36:43"
"	69BA0CDE","	Chamber1","	1","	B01??(%RH)","	93.3","	2026-07-23 16:36:41"
"	69BA0CDE","	Chamber1","	1","	B01??(?)","	17.4","	2026-07-23 16:36:41"
"	69BA0CDE","	Chamber1","	1","	B01??(%RH)","	93.2","	2026-07-23 16:36:39"
"	69BA0CDE","	Chamber1","	1","	B01??(?)","	17.4","	2026-07-23 16:36:39"
"	69BA0CDE","	Chamber1","	1","	B01??(%RH)","	93.2","	2026-07-23 16:36:37"
"	69BA0CDE","	Chamber1","	1","	B01??(?)","	17.4","	2026-07-23 16:36:37"
"	69BA0CDE","	Chamber1","	1","	B01??(%RH)","	93.3","	2026-07-23 16:36:35"
"	69BA0CDE","	Chamber1","	1","	B01??(?)","	17.4","	2026-07-23 16:36:35"
"	69BA0CDE","	Chamber1","	1","	B01??(%RH)","	93.3","	2026-07-23 16:36:33"
"	69BA0CDE","	Chamber1","	1","	B01??(?)","	17.4","	2026-07-23 16:36:33"
"	69BA0CDE","	Chamber1","	1","	B01??(%RH)","	93.3","	2026-07-23 16:36:31"
"	69BA0CDE","	Chamber1","	1","	B01??(?)","	17.4","	2026-07-23 16:36:31"
"	69BA0CDE","	Chamber1","	1","	B01??(%RH)","	93.3","	2026-07-23 16:36:29"
"	69BA0CDE","	Chamber1","	1","	B01??(?)","	17.4","	2026-07-23 16:36:29"
"	69BA0CDE","	Chamber1","	1","	B01??(%RH)","	93.3","	2026-07-23 16:36:27"
"	69BA0CDE","	Chamber1","	1","	B01??(?)","	17.4","	2026-07-23 16:36:27"
"	69BA0CDE","	Chamber1","	1","	B01??(%RH)","	93.3","	2026-07-23 16:36:25"
"	69BA0CDE","	Chamber1","	1","	B01??(?)","	17.4","	2026-07-23 16:36:25"
"	69BA0CDE","	Chamber1","	1","	B01??(%RH)","	93.2","	2026-07-23 16:36:23"
"	69BA0CDE","	Chamber1","	1","	B01??(?)","	17.4","	2026-07-23 16:36:23"
"	69BA0CDE","	Chamber1","	1","	B01??(%RH)","	93.3","	2026-07-23 16:36:21"
"	69BA0CDE","	Chamber1","	1","	B01??(?)","	17.4","	2026-07-23 16:36:21"
"	69BA0CDE","	Chamber1","	1","	B01??(%RH)","	93.3","	2026-07-23 16:36:19"
"	69BA0CDE","	Chamber1","	1","	B01??(?)","	17.4","	2026-07-23 16:36:19"
"	69BA0CDE","	Chamber1","	1","	B01??(%RH)","	93.3","	2026-07-23 16:36:17"
"	69BA0CDE","	Chamber1","	1","	B01??(?)","	17.4","	2026-07-23 16:36:17"
"	69BA0CDE","	Chamber1","	1","	B01??(%RH)","	93.2","	2026-07-23 16:36:14"
"	69BA0CDE","	Chamber1","	1","	B01??(?)","	17.4","	2026-07-23 16:36:14"
"	69BA0CDE","	Chamber1","	1","	B01??(%RH)","	93.3","	2026-07-23 16:36:12"
"	69BA0CDE","	Chamber1","	1","	B01??(?)","	17.4","	2026-07-23 16:36:12"
"	69BA0CDE","	Chamber1","	1","	B01??(%RH)","	93.2","	2026-07-23 16:36:10"
"	69BA0CDE","	Chamber1","	1","	B01??(?)","	17.4","	2026-07-23 16:36:10"
"	69BA0CDE","	Chamber1","	1","	B01??(%RH)","	93.3","	2026-07-23 16:36:08"
"	69BA0CDE","	Chamber1","	1","	B01??(?)","	17.4","	2026-07-23 16:36:08"
"	69BA0CDE","	Chamber1","	1","	B01??(%RH)","	93.2","	2026-07-23 16:36:06"
"	69BA0CDE","	Chamber1","	1","	B01??(?)","	17.4","	2026-07-23 16:36:06"
"	69BA0CDE","	Chamber1","	1","	B01??(%RH)","	93.3","	2026-07-23 16:36:04"
"	69BA0CDE","	Chamber1","	1","	B01??(?)","	17.4","	2026-07-23 16:36:04"
"	69BA0CDE","	Chamber1","	1","	B01??(%RH)","	93.2","	2026-07-23 16:36:02"
"	69BA0CDE","	Chamber1","	1","	B01??(?)","	17.4","	2026-07-23 16:36:02"
"	69BA0CDE","	Chamber1","	1","	B01??(%RH)","	93.3","	2026-07-23 16:36:00"
"	69BA0CDE","	Chamber1","	1","	B01??(?)","	17.4","	2026-07-23 16:36:00"
"	69BA0CDE","	Chamber1","	1","	B01??(%RH)","	93.3","	2026-07-23 16:35:58"
"	69BA0CDE","	Chamber1","	1","	B01??(?)","	17.4","	2026-07-23 16:35:58"
"	69BA0CDE","	Chamber1","	1","	B01??(%RH)","	93.2","	2026-07-23 16:35:56"
"	69BA0CDE","	Chamber1","	1","	B01??(?)","	17.4","	2026-07-23 16:35:56"
"	69BA0CDE","	Chamber1","	1","	B01??(%RH)","	93.2","	2026-07-23 16:35:54"
"	69BA0CDE","	Chamber1","	1","	B01??(?)","	17.4","	2026-07-23 16:35:54"
"	69BA0CDE","	Chamber1","	1","	B01??(%RH)","	93.2","	2026-07-23 16:35:52"
"	69BA0CDE","	Chamber1","	1","	B01??(?)","	17.4","	2026-07-23 16:35:52"
"	69BA0CDE","	Chamber1","	1","	B01??(%RH)","	93.2","	2026-07-23 16:35:50"
"	69BA0CDE","	Chamber1","	1","	B01??(?)","	17.4","	2026-07-23 16:35:50"
"	69BA0CDE","	Chamber1","	1","	B01??(%RH)","	93.3","	2026-07-23 16:35:48"
"	69BA0CDE","	Chamber1","	1","	B01??(?)","	17.4","	2026-07-23 16:35:48"
"	69BA0CDE","	Chamber1","	1","	B01??(%RH)","	93.2","	2026-07-23 16:35:46"
"	69BA0CDE","	Chamber1","	1","	B01??(?)","	17.4","	2026-07-23 16:35:46"
"	69BA0CDE","	Chamber1","	1","	B01??(%RH)","	93.2","	2026-07-23 16:35:44"
"	69BA0CDE","	Chamber1","	1","	B01??(?)","	17.4","	2026-07-23 16:35:44"
"	69BA0CDE","	Chamber1","	1","	B01??(%RH)","	93.3","	2026-07-23 16:35:42"
"	69BA0CDE","	Chamber1","	1","	B01??(?)","	17.4","	2026-07-23 16:35:42"
"	69BA0CDE","	Chamber1","	1","	B01??(%RH)","	93.3","	2026-07-23 16:35:40"
"	69BA0CDE","	Chamber1","	1","	B01??(?)","	17.4","	2026-07-23 16:35:40"
"	69BA0CDE","	Chamber1","	1","	B01??(%RH)","	93.3","	2026-07-23 16:35:38"
"	69BA0CDE","	Chamber1","	1","	B01??(?)","	17.4","	2026-07-23 16:35:38"
"	69BA0CDE","	Chamber1","	1","	B01??(%RH)","	93.3","	2026-07-23 16:35:36"
"	69BA0CDE","	Chamber1","	1","	B01??(?)","	17.4","	2026-07-23 16:35:36"
"	69BA0CDE","	Chamber1","	1","	B01??(%RH)","	93.2","	2026-07-23 16:35:34"
"	69BA0CDE","	Chamber1","	1","	B01??(?)","	17.4","	2026-07-23 16:35:34"
"	69BA0CDE","	Chamber1","	1","	B01??(%RH)","	93.3","	2026-07-23 16:35:32"
"	69BA0CDE","	Chamber1","	1","	B01??(?)","	17.4","	2026-07-23 16:35:32"
"	69BA0CDE","	Chamber1","	1","	B01??(%RH)","	93.2","	2026-07-23 16:35:29"
"	69BA0CDE","	Chamber1","	1","	B01??(?)","	17.4","	2026-07-23 16:35:29"
"	69BA0CDE","	Chamber1","	1","	B01??(%RH)","	93.2","	2026-07-23 16:35:27"
"	69BA0CDE","	Chamber1","	1","	B01??(?)","	17.4","	2026-07-23 16:35:27"
"	69BA0CDE","	Chamber1","	1","	B01??(%RH)","	93.3","	2026-07-23 16:35:25"
"	69BA0CDE","	Chamber1","	1","	B01??(?)","	17.4","	2026-07-23 16:35:25"
"	69BA0CDE","	Chamber1","	1","	B01??(%RH)","	93.3","	2026-07-23 16:35:23"
"	69BA0CDE","	Chamber1","	1","	B01??(?)","	17.4","	2026-07-23 16:35:23"
"	69BA0CDE","	Chamber1","	1","	B01??(%RH)","	93.3","	2026-07-23 16:35:21"
"	69BA0CDE","	Chamber1","	1","	B01??(?)","	17.4","	2026-07-23 16:35:21"
"	69BA0CDE","	Chamber1","	1","	B01??(%RH)","	93.3","	2026-07-23 16:35:19"
"	69BA0CDE","	Chamber1","	1","	B01??(?)","	17.4","	2026-07-23 16:35:19"
"	69BA0CDE","	Chamber1","	1","	B01??(%RH)","	93.2","	2026-07-23 16:35:17"
"	69BA0CDE","	Chamber1","	1","	B01??(?)","	17.4","	2026-07-23 16:35:17"
"	69BA0CDE","	Chamber1","	1","	B01??(%RH)","	93.3","	2026-07-23 16:35:15"
"	69BA0CDE","	Chamber1","	1","	B01??(?)","	17.4","	2026-07-23 16:35:15"
"	69BA0CDE","	Chamber1","	1","	B01??(%RH)","	93.3","	2026-07-23 16:35:13"
"	69BA0CDE","	Chamber1","	1","	B01??(?)","	17.4","	2026-07-23 16:35:13"
"	69BA0CDE","	Chamber1","	1","	B01??(%RH)","	93.2","	2026-07-23 16:35:11"
"	69BA0CDE","	Chamber1","	1","	B01??(?)","	17.4","	2026-07-23 16:35:11"
"	69BA0CDE","	Chamber1","	1","	B01??(%RH)","	93.2","	2026-07-23 16:35:09"
"	69BA0CDE","	Chamber1","	1","	B01??(?)","	17.4","	2026-07-23 16:35:09"
"	69BA0CDE","	Chamber1","	1","	B01??(%RH)","	93.2","	2026-07-23 16:35:07"
"	69BA0CDE","	Chamber1","	1","	B01??(?)","	17.4","	2026-07-23 16:35:07"
"	69BA0CDE","	Chamber1","	1","	B01??(%RH)","	93.2","	2026-07-23 16:35:05"
"	69BA0CDE","	Chamber1","	1","	B01??(?)","	17.4","	2026-07-23 16:35:05"
"	69BA0CDE","	Chamber1","	1","	B01??(%RH)","	93.3","	2026-07-23 16:35:03"
"	69BA0CDE","	Chamber1","	1","	B01??(?)","	17.4","	2026-07-23 16:35:03"
"	69BA0CDE","	Chamber1","	1","	B01??(%RH)","	93.2","	2026-07-23 16:35:01"
"	69BA0CDE","	Chamber1","	1","	B01??(?)","	17.4","	2026-07-23 16:35:01"
"	69BA0CDE","	Chamber1","	1","	B01??(%RH)","	93.2","	2026-07-23 16:34:59"
"	69BA0CDE","	Chamber1","	1","	B01??(?)","	17.4","	2026-07-23 16:34:59"
"	69BA0CDE","	Chamber1","	1","	B01??(%RH)","	93.2","	2026-07-23 16:34:57"
"	69BA0CDE","	Chamber1","	1","	B01??(?)","	17.4","	2026-07-23 16:34:57"
"	69BA0CDE","	Chamber1","	1","	B01??(%RH)","	93.2","	2026-07-23 16:34:55"
"	69BA0CDE","	Chamber1","	1","	B01??(?)","	17.4","	2026-07-23 16:34:55"
"	69BA0CDE","	Chamber1","	1","	B01??(%RH)","	93.3","	2026-07-23 16:34:53"
"	69BA0CDE","	Chamber1","	1","	B01??(?)","	17.4","	2026-07-23 16:34:53"
"	69BA0CDE","	Chamber1","	1","	B01??(%RH)","	93.2","	2026-07-23 16:34:51"
"	69BA0CDE","	Chamber1","	1","	B01??(?)","	17.4","	2026-07-23 16:34:51"
"	69BA0CDE","	Chamber1","	1","	B01??(%RH)","	93.2","	2026-07-23 16:34:49"
"	69BA0CDE","	Chamber1","	1","	B01??(?)","	17.4","	2026-07-23 16:34:49"
"	69BA0CDE","	Chamber1","	1","	B01??(%RH)","	93.2","	2026-07-23 16:34:47"
"	69BA0CDE","	Chamber1","	1","	B01??(?)","	17.4","	2026-07-23 16:34:47"
"	69BA0CDE","	Chamber1","	1","	B01??(%RH)","	93.2","	2026-07-23 16:34:44"
"	69BA0CDE","	Chamber1","	1","	B01??(?)","	17.4","	2026-07-23 16:34:44"
"	69BA0CDE","	Chamber1","	1","	B01??(%RH)","	93.2","	2026-07-23 16:34:42"
"	69BA0CDE","	Chamber1","	1","	B01??(?)","	17.4","	2026-07-23 16:34:42"
"	69BA0CDE","	Chamber1","	1","	B01??(%RH)","	93.2","	2026-07-23 16:34:40"
"	69BA0CDE","	Chamber1","	1","	B01??(?)","	17.4","	2026-07-23 16:34:40"
"	69BA0CDE","	Chamber1","	1","	B01??(%RH)","	93.2","	2026-07-23 16:34:38"
"	69BA0CDE","	Chamber1","	1","	B01??(?)","	17.4","	2026-07-23 16:34:38"
"	69BA0CDE","	Chamber1","	1","	B01??(%RH)","	93.2","	2026-07-23 16:34:36"
"	69BA0CDE","	Chamber1","	1","	B01??(?)","	17.4","	2026-07-23 16:34:36"
"	69BA0CDE","	Chamber1","	1","	B01??(%RH)","	93.2","	2026-07-23 16:34:34"
"	69BA0CDE","	Chamber1","	1","	B01??(?)","	17.4","	2026-07-23 16:34:34"
"	69BA0CDE","	Chamber1","	1","	B01??(%RH)","	93.2","	2026-07-23 16:34:32"
"	69BA0CDE","	Chamber1","	1","	B01??(?)","	17.4","	2026-07-23 16:34:32"
"	69BA0CDE","	Chamber1","	1","	B01??(%RH)","	93.2","	2026-07-23 16:34:30"
"	69BA0CDE","	Chamber1","	1","	B01??(?)","	17.4","	2026-07-23 16:34:30"
"	69BA0CDE","	Chamber1","	1","	B01??(%RH)","	93.2","	2026-07-23 16:34:28"
"	69BA0CDE","	Chamber1","	1","	B01??(?)","	17.4","	2026-07-23 16:34:28"
"	69BA0CDE","	Chamber1","	1","	B01??(%RH)","	93.2","	2026-07-23 16:34:26"
"	69BA0CDE","	Chamber1","	1","	B01??(?)","	17.4","	2026-07-23 16:34:26"
"	69BA0CDE","	Chamber1","	1","	B01??(%RH)","	93.2","	2026-07-23 16:34:24"
"	69BA0CDE","	Chamber1","	1","	B01??(?)","	17.4","	2026-07-23 16:34:24"
"	69BA0CDE","	Chamber1","	1","	B01??(%RH)","	93.2","	2026-07-23 16:34:22"
"	69BA0CDE","	Chamber1","	1","	B01??(?)","	17.4","	2026-07-23 16:34:22"
"	69BA0CDE","	Chamber1","	1","	B01??(%RH)","	93.2","	2026-07-23 16:34:20"
"	69BA0CDE","	Chamber1","	1","	B01??(?)","	17.4","	2026-07-23 16:34:20"
"	69BA0CDE","	Chamber1","	1","	B01??(%RH)","	93.2","	2026-07-23 16:34:18"
"	69BA0CDE","	Chamber1","	1","	B01??(?)","	17.4","	2026-07-23 16:34:18"
"	69BA0CDE","	Chamber1","	1","	B01??(%RH)","	93.2","	2026-07-23 16:34:16"
"	69BA0CDE","	Chamber1","	1","	B01??(?)","	17.4","	2026-07-23 16:34:16"
"	69BA0CDE","	Chamber1","	1","	B01??(%RH)","	93.3","	2026-07-23 16:34:14"
"	69BA0CDE","	Chamber1","	1","	B01??(?)","	17.4","	2026-07-23 16:34:14"
"	69BA0CDE","	Chamber1","	1","	B01??(%RH)","	93.2","	2026-07-23 16:34:12"
"	69BA0CDE","	Chamber1","	1","	B01??(?)","	17.4","	2026-07-23 16:34:12"
"	69BA0CDE","	Chamber1","	1","	B01??(%RH)","	93.2","	2026-07-23 16:34:10"
"	69BA0CDE","	Chamber1","	1","	B01??(?)","	17.4","	2026-07-23 16:34:10"
"	69BA0CDE","	Chamber1","	1","	B01??(%RH)","	93.3","	2026-07-23 16:34:08"
"	69BA0CDE","	Chamber1","	1","	B01??(?)","	17.4","	2026-07-23 16:34:08"
"	69BA0CDE","	Chamber1","	1","	B01??(%RH)","	93.2","	2026-07-23 16:34:06"
"	69BA0CDE","	Chamber1","	1","	B01??(?)","	17.4","	2026-07-23 16:34:06"
"	69BA0CDE","	Chamber1","	1","	B01??(%RH)","	93.2","	2026-07-23 16:34:04"
"	69BA0CDE","	Chamber1","	1","	B01??(?)","	17.4","	2026-07-23 16:34:04"
"	69BA0CDE","	Chamber1","	1","	B01??(%RH)","	93.2","	2026-07-23 16:34:01"
"	69BA0CDE","	Chamber1","	1","	B01??(?)","	17.4","	2026-07-23 16:34:01"
"	69BA0CDE","	Chamber1","	1","	B01??(%RH)","	93.2","	2026-07-23 16:33:59"
"	69BA0CDE","	Chamber1","	1","	B01??(?)","	17.4","	2026-07-23 16:33:59"
"	69BA0CDE","	Chamber1","	1","	B01??(%RH)","	93.2","	2026-07-23 16:33:57"
"	69BA0CDE","	Chamber1","	1","	B01??(?)","	17.4","	2026-07-23 16:33:57"
"	69BA0CDE","	Chamber1","	1","	B01??(%RH)","	93.2","	2026-07-23 16:33:55"
"	69BA0CDE","	Chamber1","	1","	B01??(?)","	17.4","	2026-07-23 16:33:55"
"	69BA0CDE","	Chamber1","	1","	B01??(%RH)","	93.2","	2026-07-23 16:33:53"
"	69BA0CDE","	Chamber1","	1","	B01??(?)","	17.4","	2026-07-23 16:33:53"
"	69BA0CDE","	Chamber1","	1","	B01??(%RH)","	93.2","	2026-07-23 16:33:51"
"	69BA0CDE","	Chamber1","	1","	B01??(?)","	17.4","	2026-07-23 16:33:51"
"	69BA0CDE","	Chamber1","	1","	B01??(%RH)","	93.2","	2026-07-23 16:33:49"
"	69BA0CDE","	Chamber1","	1","	B01??(?)","	17.4","	2026-07-23 16:33:49"
"	69BA0CDE","	Chamber1","	1","	B01??(%RH)","	93.2","	2026-07-23 16:33:47"
"	69BA0CDE","	Chamber1","	1","	B01??(?)","	17.4","	2026-07-23 16:33:47"
"	69BA0CDE","	Chamber1","	1","	B01??(%RH)","	93.2","	2026-07-23 16:33:45"
"	69BA0CDE","	Chamber1","	1","	B01??(?)","	17.4","	2026-07-23 16:33:45"
"	69BA0CDE","	Chamber1","	1","	B01??(%RH)","	93.2","	2026-07-23 16:33:43"
"	69BA0CDE","	Chamber1","	1","	B01??(?)","	17.4","	2026-07-23 16:33:43"
"	69BA0CDE","	Chamber1","	1","	B01??(%RH)","	93.2","	2026-07-23 16:33:41"
"	69BA0CDE","	Chamber1","	1","	B01??(?)","	17.4","	2026-07-23 16:33:41"
"	69BA0CDE","	Chamber1","	1","	B01??(%RH)","	93.2","	2026-07-23 16:33:39"
"	69BA0CDE","	Chamber1","	1","	B01??(?)","	17.4","	2026-07-23 16:33:39"
"	69BA0CDE","	Chamber1","	1","	B01??(%RH)","	93.2","	2026-07-23 16:33:37"
"	69BA0CDE","	Chamber1","	1","	B01??(?)","	17.4","	2026-07-23 16:33:37"
"	69BA0CDE","	Chamber1","	1","	B01??(%RH)","	93.2","	2026-07-23 16:33:35"
"	69BA0CDE","	Chamber1","	1","	B01??(?)","	17.4","	2026-07-23 16:33:35"
"	69BA0CDE","	Chamber1","	1","	B01??(%RH)","	93.2","	2026-07-23 16:33:33"
"	69BA0CDE","	Chamber1","	1","	B01??(?)","	17.4","	2026-07-23 16:33:33"
"	69BA0CDE","	Chamber1","	1","	B01??(%RH)","	93.2","	2026-07-23 16:33:31"
"	69BA0CDE","	Chamber1","	1","	B01??(?)","	17.4","	2026-07-23 16:33:31"
"	69BA0CDE","	Chamber1","	1","	B01??(%RH)","	93.2","	2026-07-23 16:33:29"
"	69BA0CDE","	Chamber1","	1","	B01??(?)","	17.4","	2026-07-23 16:33:29"
"	69BA0CDE","	Chamber1","	1","	B01??(%RH)","	93.2","	2026-07-23 16:33:27"
"	69BA0CDE","	Chamber1","	1","	B01??(?)","	17.4","	2026-07-23 16:33:27"
"	69BA0CDE","	Chamber1","	1","	B01??(%RH)","	93.2","	2026-07-23 16:33:25"
"	69BA0CDE","	Chamber1","	1","	B01??(?)","	17.4","	2026-07-23 16:33:25"
"	69BA0CDE","	Chamber1","	1","	B01??(%RH)","	93.2","	2026-07-23 16:33:23"
"	69BA0CDE","	Chamber1","	1","	B01??(?)","	17.4","	2026-07-23 16:33:23"
"	69BA0CDE","	Chamber1","	1","	B01??(%RH)","	93.2","	2026-07-23 16:33:21"
"	69BA0CDE","	Chamber1","	1","	B01??(?)","	17.4","	2026-07-23 16:33:21"
"	69BA0CDE","	Chamber1","	1","	B01??(%RH)","	93.2","	2026-07-23 16:33:18"
"	69BA0CDE","	Chamber1","	1","	B01??(?)","	17.4","	2026-07-23 16:33:18"
"	69BA0CDE","	Chamber1","	1","	B01??(%RH)","	93.2","	2026-07-23 16:33:16"
"	69BA0CDE","	Chamber1","	1","	B01??(?)","	17.4","	2026-07-23 16:33:16"
"	69BA0CDE","	Chamber1","	1","	B01??(%RH)","	93.2","	2026-07-23 16:33:14"
"	69BA0CDE","	Chamber1","	1","	B01??(?)","	17.4","	2026-07-23 16:33:14"
"	69BA0CDE","	Chamber1","	1","	B01??(%RH)","	93.2","	2026-07-23 16:33:12"
"	69BA0CDE","	Chamber1","	1","	B01??(?)","	17.4","	2026-07-23 16:33:12"
"	69BA0CDE","	Chamber1","	1","	B01??(%RH)","	93.2","	2026-07-23 16:33:10"
"	69BA0CDE","	Chamber1","	1","	B01??(?)","	17.4","	2026-07-23 16:33:10"
"	69BA0CDE","	Chamber1","	1","	B01??(%RH)","	93.2","	2026-07-23 16:33:08"
"	69BA0CDE","	Chamber1","	1","	B01??(?)","	17.4","	2026-07-23 16:33:08"
"	69BA0CDE","	Chamber1","	1","	B01??(%RH)","	93.2","	2026-07-23 16:33:06"
"	69BA0CDE","	Chamber1","	1","	B01??(?)","	17.4","	2026-07-23 16:33:06"
"	69BA0CDE","	Chamber1","	1","	B01??(%RH)","	93.2","	2026-07-23 16:33:04"
"	69BA0CDE","	Chamber1","	1","	B01??(?)","	17.4","	2026-07-23 16:33:04"
"	69BA0CDE","	Chamber1","	1","	B01??(%RH)","	93.2","	2026-07-23 16:33:02"
"	69BA0CDE","	Chamber1","	1","	B01??(?)","	17.4","	2026-07-23 16:33:02"
"	69BA0CDE","	Chamber1","	1","	B01??(%RH)","	93.2","	2026-07-23 16:33:00"
"	69BA0CDE","	Chamber1","	1","	B01??(?)","	17.4","	2026-07-23 16:33:00"
"	69BA0CDE","	Chamber1","	1","	B01??(%RH)","	93.2","	2026-07-23 16:32:58"
"	69BA0CDE","	Chamber1","	1","	B01??(?)","	17.4","	2026-07-23 16:32:58"
"	69BA0CDE","	Chamber1","	1","	B01??(%RH)","	93.2","	2026-07-23 16:32:56"
"	69BA0CDE","	Chamber1","	1","	B01??(?)","	17.4","	2026-07-23 16:32:56"
"	69BA0CDE","	Chamber1","	1","	B01??(%RH)","	93.2","	2026-07-23 16:32:54"
"	69BA0CDE","	Chamber1","	1","	B01??(?)","	17.4","	2026-07-23 16:32:54"
"	69BA0CDE","	Chamber1","	1","	B01??(%RH)","	93.2","	2026-07-23 16:32:52"
"	69BA0CDE","	Chamber1","	1","	B01??(?)","	17.4","	2026-07-23 16:32:52"
"	69BA0CDE","	Chamber1","	1","	B01??(%RH)","	93.2","	2026-07-23 16:32:50"
"	69BA0CDE","	Chamber1","	1","	B01??(?)","	17.4","	2026-07-23 16:32:50"
"	69BA0CDE","	Chamber1","	1","	B01??(%RH)","	93.2","	2026-07-23 16:32:48"
"	69BA0CDE","	Chamber1","	1","	B01??(?)","	17.4","	2026-07-23 16:32:48"
"	69BA0CDE","	Chamber1","	1","	B01??(%RH)","	93.2","	2026-07-23 16:32:46"
"	69BA0CDE","	Chamber1","	1","	B01??(?)","	17.4","	2026-07-23 16:32:46"
"	69BA0CDE","	Chamber1","	1","	B01??(%RH)","	93.2","	2026-07-23 16:32:44"
"	69BA0CDE","	Chamber1","	1","	B01??(?)","	17.4","	2026-07-23 16:32:44"
"	69BA0CDE","	Chamber1","	1","	B01??(%RH)","	93.2","	2026-07-23 16:32:42"
"	69BA0CDE","	Chamber1","	1","	B01??(?)","	17.4","	2026-07-23 16:32:42"
"	69BA0CDE","	Chamber1","	1","	B01??(%RH)","	93.2","	2026-07-23 16:32:40"
"	69BA0CDE","	Chamber1","	1","	B01??(?)","	17.4","	2026-07-23 16:32:40"
"	69BA0CDE","	Chamber1","	1","	B01??(%RH)","	93.2","	2026-07-23 16:32:38"
"	69BA0CDE","	Chamber1","	1","	B01??(?)","	17.4","	2026-07-23 16:32:38"
"	69BA0CDE","	Chamber1","	1","	B01??(%RH)","	93.2","	2026-07-23 16:32:35"
"	69BA0CDE","	Chamber1","	1","	B01??(?)","	17.4","	2026-07-23 16:32:35"
"	69BA0CDE","	Chamber1","	1","	B01??(%RH)","	93.2","	2026-07-23 16:32:33"
"	69BA0CDE","	Chamber1","	1","	B01??(?)","	17.4","	2026-07-23 16:32:33"
"	69BA0CDE","	Chamber1","	1","	B01??(%RH)","	93.2","	2026-07-23 16:32:31"
"	69BA0CDE","	Chamber1","	1","	B01??(?)","	17.4","	2026-07-23 16:32:31"
"	69BA0CDE","	Chamber1","	1","	B01??(%RH)","	93.2","	2026-07-23 16:32:29"
"	69BA0CDE","	Chamber1","	1","	B01??(?)","	17.4","	2026-07-23 16:32:29"
"	69BA0CDE","	Chamber1","	1","	B01??(%RH)","	93.2","	2026-07-23 16:32:27"
"	69BA0CDE","	Chamber1","	1","	B01??(?)","	17.4","	2026-07-23 16:32:27"
"	69BA0CDE","	Chamber1","	1","	B01??(%RH)","	93.2","	2026-07-23 16:32:25"
"	69BA0CDE","	Chamber1","	1","	B01??(?)","	17.4","	2026-07-23 16:32:25"
"	69BA0CDE","	Chamber1","	1","	B01??(%RH)","	93.2","	2026-07-23 16:32:23"
"	69BA0CDE","	Chamber1","	1","	B01??(?)","	17.4","	2026-07-23 16:32:23"
"	69BA0CDE","	Chamber1","	1","	B01??(%RH)","	93.2","	2026-07-23 16:32:21"
"	69BA0CDE","	Chamber1","	1","	B01??(?)","	17.4","	2026-07-23 16:32:21"
"	69BA0CDE","	Chamber1","	1","	B01??(%RH)","	93.2","	2026-07-23 16:32:19"
"	69BA0CDE","	Chamber1","	1","	B01??(?)","	17.4","	2026-07-23 16:32:19"
"	69BA0CDE","	Chamber1","	1","	B01??(%RH)","	93.2","	2026-07-23 16:32:17"
"	69BA0CDE","	Chamber1","	1","	B01??(?)","	17.4","	2026-07-23 16:32:17"
"	69BA0CDE","	Chamber1","	1","	B01??(%RH)","	93.2","	2026-07-23 16:32:15"
"	69BA0CDE","	Chamber1","	1","	B01??(?)","	17.4","	2026-07-23 16:32:15"
"	69BA0CDE","	Chamber1","	1","	B01??(%RH)","	93.2","	2026-07-23 16:32:13"
"	69BA0CDE","	Chamber1","	1","	B01??(?)","	17.4","	2026-07-23 16:32:13"
"	69BA0CDE","	Chamber1","	1","	B01??(%RH)","	93.2","	2026-07-23 16:32:11"
"	69BA0CDE","	Chamber1","	1","	B01??(?)","	17.4","	2026-07-23 16:32:11"
"	69BA0CDE","	Chamber1","	1","	B01??(%RH)","	93.2","	2026-07-23 16:32:09"
"	69BA0CDE","	Chamber1","	1","	B01??(?)","	17.4","	2026-07-23 16:32:09"
"	69BA0CDE","	Chamber1","	1","	B01??(%RH)","	93.2","	2026-07-23 16:32:07"
"	69BA0CDE","	Chamber1","	1","	B01??(?)","	17.4","	2026-07-23 16:32:07"
"	69BA0CDE","	Chamber1","	1","	B01??(%RH)","	93.2","	2026-07-23 16:32:05"
"	69BA0CDE","	Chamber1","	1","	B01??(?)","	17.4","	2026-07-23 16:32:05"
"	69BA0CDE","	Chamber1","	1","	B01??(%RH)","	93.2","	2026-07-23 16:32:03"
"	69BA0CDE","	Chamber1","	1","	B01??(?)","	17.4","	2026-07-23 16:32:03"
"	69BA0CDE","	Chamber1","	1","	B01??(%RH)","	93.2","	2026-07-23 16:32:01"
"	69BA0CDE","	Chamber1","	1","	B01??(?)","	17.4","	2026-07-23 16:32:01"
"	69BA0CDE","	Chamber1","	1","	B01??(%RH)","	93.2","	2026-07-23 16:31:59"
"	69BA0CDE","	Chamber1","	1","	B01??(?)","	17.4","	2026-07-23 16:31:59"
"	69BA0CDE","	Chamber1","	1","	B01??(%RH)","	93.2","	2026-07-23 16:31:57"
"	69BA0CDE","	Chamber1","	1","	B01??(?)","	17.4","	2026-07-23 16:31:57"
"	69BA0CDE","	Chamber1","	1","	B01??(%RH)","	93.2","	2026-07-23 16:31:55"
"	69BA0CDE","	Chamber1","	1","	B01??(?)","	17.4","	2026-07-23 16:31:55"
"	69BA0CDE","	Chamber1","	1","	B01??(%RH)","	93.2","	2026-07-23 16:31:53"
"	69BA0CDE","	Chamber1","	1","	B01??(?)","	17.4","	2026-07-23 16:31:53"
"	69BA0CDE","	Chamber1","	1","	B01??(%RH)","	93.2","	2026-07-23 16:31:50"
"	69BA0CDE","	Chamber1","	1","	B01??(?)","	17.4","	2026-07-23 16:31:50"
"	69BA0CDE","	Chamber1","	1","	B01??(%RH)","	93.2","	2026-07-23 16:31:48"
"	69BA0CDE","	Chamber1","	1","	B01??(?)","	17.4","	2026-07-23 16:31:48"
"	69BA0CDE","	Chamber1","	1","	B01??(%RH)","	93.2","	2026-07-23 16:31:46"
"	69BA0CDE","	Chamber1","	1","	B01??(?)","	17.4","	2026-07-23 16:31:46"
"	69BA0CDE","	Chamber1","	1","	B01??(%RH)","	93.2","	2026-07-23 16:31:44"
"	69BA0CDE","	Chamber1","	1","	B01??(?)","	17.4","	2026-07-23 16:31:44"
"	69BA0CDE","	Chamber1","	1","	B01??(%RH)","	93.2","	2026-07-23 16:31:42"
"	69BA0CDE","	Chamber1","	1","	B01??(?)","	17.4","	2026-07-23 16:31:42"
"	69BA0CDE","	Chamber1","	1","	B01??(%RH)","	93.2","	2026-07-23 16:31:40"
"	69BA0CDE","	Chamber1","	1","	B01??(?)","	17.4","	2026-07-23 16:31:40"
"	69BA0CDE","	Chamber1","	1","	B01??(%RH)","	93.2","	2026-07-23 16:31:38"
"	69BA0CDE","	Chamber1","	1","	B01??(?)","	17.4","	2026-07-23 16:31:38"
"	69BA0CDE","	Chamber1","	1","	B01??(%RH)","	93.2","	2026-07-23 16:31:36"
"	69BA0CDE","	Chamber1","	1","	B01??(?)","	17.4","	2026-07-23 16:31:36"
"	69BA0CDE","	Chamber1","	1","	B01??(%RH)","	93.2","	2026-07-23 16:31:34"
"	69BA0CDE","	Chamber1","	1","	B01??(?)","	17.4","	2026-07-23 16:31:34"
"	69BA0CDE","	Chamber1","	1","	B01??(%RH)","	93.2","	2026-07-23 16:31:32"
"	69BA0CDE","	Chamber1","	1","	B01??(?)","	17.4","	2026-07-23 16:31:32"
"	69BA0CDE","	Chamber1","	1","	B01??(%RH)","	93.2","	2026-07-23 16:31:30"
"	69BA0CDE","	Chamber1","	1","	B01??(?)","	17.4","	2026-07-23 16:31:30"
"	69BA0CDE","	Chamber1","	1","	B01??(%RH)","	93.2","	2026-07-23 16:31:28"
"	69BA0CDE","	Chamber1","	1","	B01??(?)","	17.4","	2026-07-23 16:31:28"
"	69BA0CDE","	Chamber1","	1","	B01??(%RH)","	93.2","	2026-07-23 16:31:26"
"	69BA0CDE","	Chamber1","	1","	B01??(?)","	17.4","	2026-07-23 16:31:26"
"	69BA0CDE","	Chamber1","	1","	B01??(%RH)","	93.2","	2026-07-23 16:31:24"
"	69BA0CDE","	Chamber1","	1","	B01??(?)","	17.4","	2026-07-23 16:31:24"
"	69BA0CDE","	Chamber1","	1","	B01??(%RH)","	93.2","	2026-07-23 16:31:22"
"	69BA0CDE","	Chamber1","	1","	B01??(?)","	17.4","	2026-07-23 16:31:22"
"	69BA0CDE","	Chamber1","	1","	B01??(%RH)","	93.2","	2026-07-23 16:31:20"
"	69BA0CDE","	Chamber1","	1","	B01??(?)","	17.4","	2026-07-23 16:31:20"
"	69BA0CDE","	Chamber1","	1","	B01??(%RH)","	93.2","	2026-07-23 16:31:18"
"	69BA0CDE","	Chamber1","	1","	B01??(?)","	17.4","	2026-07-23 16:31:18"
"	69BA0CDE","	Chamber1","	1","	B01??(%RH)","	93.2","	2026-07-23 16:31:16"
"	69BA0CDE","	Chamber1","	1","	B01??(?)","	17.4","	2026-07-23 16:31:16"
"	69BA0CDE","	Chamber1","	1","	B01??(%RH)","	93.2","	2026-07-23 16:31:14"
"	69BA0CDE","	Chamber1","	1","	B01??(?)","	17.4","	2026-07-23 16:31:14"
"	69BA0CDE","	Chamber1","	1","	B01??(%RH)","	93.2","	2026-07-23 16:31:12"
"	69BA0CDE","	Chamber1","	1","	B01??(?)","	17.4","	2026-07-23 16:31:12"
"	69BA0CDE","	Chamber1","	1","	B01??(%RH)","	93.2","	2026-07-23 16:31:10"
"	69BA0CDE","	Chamber1","	1","	B01??(?)","	17.4","	2026-07-23 16:31:10"
"	69BA0CDE","	Chamber1","	1","	B01??(%RH)","	93.1","	2026-07-23 16:31:07"
"	69BA0CDE","	Chamber1","	1","	B01??(?)","	17.4","	2026-07-23 16:31:07"
"	69BA0CDE","	Chamber1","	1","	B01??(%RH)","	93.2","	2026-07-23 16:31:05"
"	69BA0CDE","	Chamber1","	1","	B01??(?)","	17.4","	2026-07-23 16:31:05"
"	69BA0CDE","	Chamber1","	1","	B01??(%RH)","	93.2","	2026-07-23 16:31:03"
"	69BA0CDE","	Chamber1","	1","	B01??(?)","	17.4","	2026-07-23 16:31:03"
"	69BA0CDE","	Chamber1","	1","	B01??(%RH)","	93.2","	2026-07-23 16:31:01"
"	69BA0CDE","	Chamber1","	1","	B01??(?)","	17.4","	2026-07-23 16:31:01"
"	69BA0CDE","	Chamber1","	1","	B01??(%RH)","	93.2","	2026-07-23 16:30:59"
"	69BA0CDE","	Chamber1","	1","	B01??(?)","	17.4","	2026-07-23 16:30:59"
"	69BA0CDE","	Chamber1","	1","	B01??(%RH)","	93.2","	2026-07-23 16:30:57"
"	69BA0CDE","	Chamber1","	1","	B01??(?)","	17.4","	2026-07-23 16:30:57"
"	69BA0CDE","	Chamber1","	1","	B01??(%RH)","	93.2","	2026-07-23 16:30:55"
"	69BA0CDE","	Chamber1","	1","	B01??(?)","	17.4","	2026-07-23 16:30:55"
"	69BA0CDE","	Chamber1","	1","	B01??(%RH)","	93.2","	2026-07-23 16:30:53"
"	69BA0CDE","	Chamber1","	1","	B01??(?)","	17.4","	2026-07-23 16:30:53"
"	69BA0CDE","	Chamber1","	1","	B01??(%RH)","	93.2","	2026-07-23 16:30:51"
"	69BA0CDE","	Chamber1","	1","	B01??(?)","	17.4","	2026-07-23 16:30:51"
"	69BA0CDE","	Chamber1","	1","	B01??(%RH)","	93.2","	2026-07-23 16:30:49"
"	69BA0CDE","	Chamber1","	1","	B01??(?)","	17.4","	2026-07-23 16:30:49"
"	69BA0CDE","	Chamber1","	1","	B01??(%RH)","	93.2","	2026-07-23 16:30:47"
"	69BA0CDE","	Chamber1","	1","	B01??(?)","	17.4","	2026-07-23 16:30:47"
"	69BA0CDE","	Chamber1","	1","	B01??(%RH)","	93.2","	2026-07-23 16:30:45"
"	69BA0CDE","	Chamber1","	1","	B01??(?)","	17.4","	2026-07-23 16:30:45"
"	69BA0CDE","	Chamber1","	1","	B01??(%RH)","	93.2","	2026-07-23 16:30:43"
"	69BA0CDE","	Chamber1","	1","	B01??(?)","	17.4","	2026-07-23 16:30:43"
"	69BA0CDE","	Chamber1","	1","	B01??(%RH)","	93.2","	2026-07-23 16:30:41"
"	69BA0CDE","	Chamber1","	1","	B01??(?)","	17.4","	2026-07-23 16:30:41"
"	69BA0CDE","	Chamber1","	1","	B01??(%RH)","	93.2","	2026-07-23 16:30:39"
"	69BA0CDE","	Chamber1","	1","	B01??(?)","	17.4","	2026-07-23 16:30:39"
"	69BA0CDE","	Chamber1","	1","	B01??(%RH)","	93.1","	2026-07-23 16:30:37"
"	69BA0CDE","	Chamber1","	1","	B01??(?)","	17.4","	2026-07-23 16:30:37"
"	69BA0CDE","	Chamber1","	1","	B01??(%RH)","	93.2","	2026-07-23 16:30:35"
"	69BA0CDE","	Chamber1","	1","	B01??(?)","	17.4","	2026-07-23 16:30:35"
"	69BA0CDE","	Chamber1","	1","	B01??(%RH)","	93.2","	2026-07-23 16:30:33"
"	69BA0CDE","	Chamber1","	1","	B01??(?)","	17.4","	2026-07-23 16:30:33"
"	69BA0CDE","	Chamber1","	1","	B01??(%RH)","	93.1","	2026-07-23 16:30:31"
"	69BA0CDE","	Chamber1","	1","	B01??(?)","	17.4","	2026-07-23 16:30:31"
"	69BA0CDE","	Chamber1","	1","	B01??(%RH)","	93.2","	2026-07-23 16:30:29"
"	69BA0CDE","	Chamber1","	1","	B01??(?)","	17.4","	2026-07-23 16:30:29"
"	69BA0CDE","	Chamber1","	1","	B01??(%RH)","	93.2","	2026-07-23 16:30:27"
"	69BA0CDE","	Chamber1","	1","	B01??(?)","	17.4","	2026-07-23 16:30:27"
"	69BA0CDE","	Chamber1","	1","	B01??(%RH)","	93.2","	2026-07-23 16:30:25"
"	69BA0CDE","	Chamber1","	1","	B01??(?)","	17.4","	2026-07-23 16:30:25"
"	69BA0CDE","	Chamber1","	1","	B01??(%RH)","	93.2","	2026-07-23 16:30:22"
"	69BA0CDE","	Chamber1","	1","	B01??(?)","	17.4","	2026-07-23 16:30:22"
"	69BA0CDE","	Chamber1","	1","	B01??(%RH)","	93.2","	2026-07-23 16:30:20"
"	69BA0CDE","	Chamber1","	1","	B01??(?)","	17.4","	2026-07-23 16:30:20"
"	69BA0CDE","	Chamber1","	1","	B01??(%RH)","	93.2","	2026-07-23 16:30:18"
"	69BA0CDE","	Chamber1","	1","	B01??(?)","	17.4","	2026-07-23 16:30:18"
"	69BA0CDE","	Chamber1","	1","	B01??(%RH)","	93.1","	2026-07-23 16:30:16"
"	69BA0CDE","	Chamber1","	1","	B01??(?)","	17.4","	2026-07-23 16:30:16"
"	69BA0CDE","	Chamber1","	1","	B01??(%RH)","	93.1","	2026-07-23 16:30:14"
"	69BA0CDE","	Chamber1","	1","	B01??(?)","	17.4","	2026-07-23 16:30:14"
"	69BA0CDE","	Chamber1","	1","	B01??(%RH)","	93.1","	2026-07-23 16:30:12"
"	69BA0CDE","	Chamber1","	1","	B01??(?)","	17.4","	2026-07-23 16:30:12"
"	69BA0CDE","	Chamber1","	1","	B01??(%RH)","	93.2","	2026-07-23 16:30:10"
"	69BA0CDE","	Chamber1","	1","	B01??(?)","	17.4","	2026-07-23 16:30:10"
"	69BA0CDE","	Chamber1","	1","	B01??(%RH)","	93.2","	2026-07-23 16:30:08"
"	69BA0CDE","	Chamber1","	1","	B01??(?)","	17.4","	2026-07-23 16:30:08"
"	69BA0CDE","	Chamber1","	1","	B01??(%RH)","	93.2","	2026-07-23 16:30:06"
"	69BA0CDE","	Chamber1","	1","	B01??(?)","	17.4","	2026-07-23 16:30:06"
"	69BA0CDE","	Chamber1","	1","	B01??(%RH)","	93.2","	2026-07-23 16:30:04"
"	69BA0CDE","	Chamber1","	1","	B01??(?)","	17.4","	2026-07-23 16:30:04"
"	69BA0CDE","	Chamber1","	1","	B01??(%RH)","	93.2","	2026-07-23 16:30:02"
"	69BA0CDE","	Chamber1","	1","	B01??(?)","	17.4","	2026-07-23 16:30:02"
"	69BA0CDE","	Chamber1","	1","	B01??(%RH)","	93.2","	2026-07-23 16:30:00"
"	69BA0CDE","	Chamber1","	1","	B01??(?)","	17.4","	2026-07-23 16:30:00"
"	69BA0CDE","	Chamber1","	1","	B01??(%RH)","	93.2","	2026-07-23 16:29:58"
"	69BA0CDE","	Chamber1","	1","	B01??(?)","	17.4","	2026-07-23 16:29:58"
"	69BA0CDE","	Chamber1","	1","	B01??(%RH)","	93.1","	2026-07-23 16:29:56"
"	69BA0CDE","	Chamber1","	1","	B01??(?)","	17.4","	2026-07-23 16:29:56"
"	69BA0CDE","	Chamber1","	1","	B01??(%RH)","	93.1","	2026-07-23 16:29:54"
"	69BA0CDE","	Chamber1","	1","	B01??(?)","	17.4","	2026-07-23 16:29:54"
"	69BA0CDE","	Chamber1","	1","	B01??(%RH)","	93.1","	2026-07-23 16:29:52"
"	69BA0CDE","	Chamber1","	1","	B01??(?)","	17.4","	2026-07-23 16:29:52"
"	69BA0CDE","	Chamber1","	1","	B01??(%RH)","	93.1","	2026-07-23 16:29:50"
"	69BA0CDE","	Chamber1","	1","	B01??(?)","	17.4","	2026-07-23 16:29:50"
"	69BA0CDE","	Chamber1","	1","	B01??(%RH)","	93.1","	2026-07-23 16:29:48"
"	69BA0CDE","	Chamber1","	1","	B01??(?)","	17.4","	2026-07-23 16:29:48"
"	69BA0CDE","	Chamber1","	1","	B01??(%RH)","	93.1","	2026-07-23 16:29:46"
"	69BA0CDE","	Chamber1","	1","	B01??(?)","	17.4","	2026-07-23 16:29:46"
"	69BA0CDE","	Chamber1","	1","	B01??(%RH)","	93.2","	2026-07-23 16:29:44"
"	69BA0CDE","	Chamber1","	1","	B01??(?)","	17.4","	2026-07-23 16:29:44"
"	69BA0CDE","	Chamber1","	1","	B01??(%RH)","	93.1","	2026-07-23 16:29:42"
"	69BA0CDE","	Chamber1","	1","	B01??(?)","	17.4","	2026-07-23 16:29:42"
"	69BA0CDE","	Chamber1","	1","	B01??(%RH)","	93.1","	2026-07-23 16:29:39"
"	69BA0CDE","	Chamber1","	1","	B01??(?)","	17.4","	2026-07-23 16:29:39"
"	69BA0CDE","	Chamber1","	1","	B01??(%RH)","	93.2","	2026-07-23 16:29:37"
"	69BA0CDE","	Chamber1","	1","	B01??(?)","	17.4","	2026-07-23 16:29:37"
"	69BA0CDE","	Chamber1","	1","	B01??(%RH)","	93.1","	2026-07-23 16:29:35"
"	69BA0CDE","	Chamber1","	1","	B01??(?)","	17.4","	2026-07-23 16:29:35"
"	69BA0CDE","	Chamber1","	1","	B01??(%RH)","	93.1","	2026-07-23 16:29:33"
"	69BA0CDE","	Chamber1","	1","	B01??(?)","	17.4","	2026-07-23 16:29:33"
"	69BA0CDE","	Chamber1","	1","	B01??(%RH)","	93.2","	2026-07-23 16:29:31"
"	69BA0CDE","	Chamber1","	1","	B01??(?)","	17.4","	2026-07-23 16:29:31"
"	69BA0CDE","	Chamber1","	1","	B01??(%RH)","	93.2","	2026-07-23 16:29:29"
"	69BA0CDE","	Chamber1","	1","	B01??(?)","	17.4","	2026-07-23 16:29:29"
"	69BA0CDE","	Chamber1","	1","	B01??(%RH)","	93.1","	2026-07-23 16:29:27"
"	69BA0CDE","	Chamber1","	1","	B01??(?)","	17.4","	2026-07-23 16:29:27"
"	69BA0CDE","	Chamber1","	1","	B01??(%RH)","	93.1","	2026-07-23 16:29:25"
"	69BA0CDE","	Chamber1","	1","	B01??(?)","	17.4","	2026-07-23 16:29:25"
"	69BA0CDE","	Chamber1","	1","	B01??(%RH)","	93.1","	2026-07-23 16:29:23"
"	69BA0CDE","	Chamber1","	1","	B01??(?)","	17.4","	2026-07-23 16:29:23"
"	69BA0CDE","	Chamber1","	1","	B01??(%RH)","	93.1","	2026-07-23 16:29:21"
"	69BA0CDE","	Chamber1","	1","	B01??(?)","	17.4","	2026-07-23 16:29:21"
"	69BA0CDE","	Chamber1","	1","	B01??(%RH)","	93.1","	2026-07-23 16:29:19"
"	69BA0CDE","	Chamber1","	1","	B01??(?)","	17.4","	2026-07-23 16:29:19"
"	69BA0CDE","	Chamber1","	1","	B01??(%RH)","	93.1","	2026-07-23 16:29:17"
"	69BA0CDE","	Chamber1","	1","	B01??(?)","	17.4","	2026-07-23 16:29:17"
"	69BA0CDE","	Chamber1","	1","	B01??(%RH)","	93.2","	2026-07-23 16:29:15"
"	69BA0CDE","	Chamber1","	1","	B01??(?)","	17.4","	2026-07-23 16:29:15"
"	69BA0CDE","	Chamber1","	1","	B01??(%RH)","	93.1","	2026-07-23 16:29:13"
"	69BA0CDE","	Chamber1","	1","	B01??(?)","	17.4","	2026-07-23 16:29:13"
"	69BA0CDE","	Chamber1","	1","	B01??(%RH)","	93.1","	2026-07-23 16:29:11"
"	69BA0CDE","	Chamber1","	1","	B01??(?)","	17.4","	2026-07-23 16:29:11"
"	69BA0CDE","	Chamber1","	1","	B01??(%RH)","	93.1","	2026-07-23 16:29:09"
"	69BA0CDE","	Chamber1","	1","	B01??(?)","	17.4","	2026-07-23 16:29:09"
"	69BA0CDE","	Chamber1","	1","	B01??(%RH)","	93.1","	2026-07-23 16:29:07"
"	69BA0CDE","	Chamber1","	1","	B01??(?)","	17.4","	2026-07-23 16:29:07"
"	69BA0CDE","	Chamber1","	1","	B01??(%RH)","	93.1","	2026-07-23 16:29:05"
"	69BA0CDE","	Chamber1","	1","	B01??(?)","	17.4","	2026-07-23 16:29:05"
"	69BA0CDE","	Chamber1","	1","	B01??(%RH)","	93.1","	2026-07-23 16:29:03"
"	69BA0CDE","	Chamber1","	1","	B01??(?)","	17.4","	2026-07-23 16:29:03"
"	69BA0CDE","	Chamber1","	1","	B01??(%RH)","	93.1","	2026-07-23 16:29:01"
"	69BA0CDE","	Chamber1","	1","	B01??(?)","	17.4","	2026-07-23 16:29:01"
"	69BA0CDE","	Chamber1","	1","	B01??(%RH)","	93.1","	2026-07-23 16:28:59"
"	69BA0CDE","	Chamber1","	1","	B01??(?)","	17.4","	2026-07-23 16:28:59"
"	69BA0CDE","	Chamber1","	1","	B01??(%RH)","	93.1","	2026-07-23 16:28:56"
"	69BA0CDE","	Chamber1","	1","	B01??(?)","	17.4","	2026-07-23 16:28:56"
"	69BA0CDE","	Chamber1","	1","	B01??(%RH)","	93.1","	2026-07-23 16:28:54"
"	69BA0CDE","	Chamber1","	1","	B01??(?)","	17.4","	2026-07-23 16:28:54"
"	69BA0CDE","	Chamber1","	1","	B01??(%RH)","	93.1","	2026-07-23 16:28:52"
"	69BA0CDE","	Chamber1","	1","	B01??(?)","	17.4","	2026-07-23 16:28:52"
"	69BA0CDE","	Chamber1","	1","	B01??(%RH)","	93.2","	2026-07-23 16:28:50"
"	69BA0CDE","	Chamber1","	1","	B01??(?)","	17.4","	2026-07-23 16:28:50"
"	69BA0CDE","	Chamber1","	1","	B01??(%RH)","	93.1","	2026-07-23 16:28:48"
"	69BA0CDE","	Chamber1","	1","	B01??(?)","	17.3","	2026-07-23 16:28:48"
"	69BA0CDE","	Chamber1","	1","	B01??(%RH)","	93.1","	2026-07-23 16:28:46"
"	69BA0CDE","	Chamber1","	1","	B01??(?)","	17.4","	2026-07-23 16:28:46"
"	69BA0CDE","	Chamber1","	1","	B01??(%RH)","	93.1","	2026-07-23 16:28:44"
"	69BA0CDE","	Chamber1","	1","	B01??(?)","	17.4","	2026-07-23 16:28:44"
"	69BA0CDE","	Chamber1","	1","	B01??(%RH)","	93.1","	2026-07-23 16:28:42"
"	69BA0CDE","	Chamber1","	1","	B01??(?)","	17.4","	2026-07-23 16:28:42"
"	69BA0CDE","	Chamber1","	1","	B01??(%RH)","	93.1","	2026-07-23 16:28:40"
"	69BA0CDE","	Chamber1","	1","	B01??(?)","	17.4","	2026-07-23 16:28:40"
"	69BA0CDE","	Chamber1","	1","	B01??(%RH)","	93.1","	2026-07-23 16:28:38"
"	69BA0CDE","	Chamber1","	1","	B01??(?)","	17.4","	2026-07-23 16:28:38"
"	69BA0CDE","	Chamber1","	1","	B01??(%RH)","	93.1","	2026-07-23 16:28:36"
"	69BA0CDE","	Chamber1","	1","	B01??(?)","	17.4","	2026-07-23 16:28:36"
"	69BA0CDE","	Chamber1","	1","	B01??(%RH)","	93.1","	2026-07-23 16:28:34"
"	69BA0CDE","	Chamber1","	1","	B01??(?)","	17.4","	2026-07-23 16:28:34"
"	69BA0CDE","	Chamber1","	1","	B01??(%RH)","	93.1","	2026-07-23 16:28:32"
"	69BA0CDE","	Chamber1","	1","	B01??(?)","	17.4","	2026-07-23 16:28:32"
"	69BA0CDE","	Chamber1","	1","	B01??(%RH)","	93.1","	2026-07-23 16:28:30"
"	69BA0CDE","	Chamber1","	1","	B01??(?)","	17.4","	2026-07-23 16:28:30"
"	69BA0CDE","	Chamber1","	1","	B01??(%RH)","	93.1","	2026-07-23 16:28:28"
"	69BA0CDE","	Chamber1","	1","	B01??(?)","	17.4","	2026-07-23 16:28:28"
"	69BA0CDE","	Chamber1","	1","	B01??(%RH)","	93.1","	2026-07-23 16:28:26"
"	69BA0CDE","	Chamber1","	1","	B01??(?)","	17.4","	2026-07-23 16:28:26"
"	69BA0CDE","	Chamber1","	1","	B01??(%RH)","	93.1","	2026-07-23 16:28:24"
"	69BA0CDE","	Chamber1","	1","	B01??(?)","	17.4","	2026-07-23 16:28:24"
"	69BA0CDE","	Chamber1","	1","	B01??(%RH)","	93.1","	2026-07-23 16:28:22"
"	69BA0CDE","	Chamber1","	1","	B01??(?)","	17.4","	2026-07-23 16:28:22"
"	69BA0CDE","	Chamber1","	1","	B01??(%RH)","	93.1","	2026-07-23 16:28:20"
"	69BA0CDE","	Chamber1","	1","	B01??(?)","	17.4","	2026-07-23 16:28:20"
"	69BA0CDE","	Chamber1","	1","	B01??(%RH)","	93.1","	2026-07-23 16:28:18"
"	69BA0CDE","	Chamber1","	1","	B01??(?)","	17.4","	2026-07-23 16:28:18"
"	69BA0CDE","	Chamber1","	1","	B01??(%RH)","	93.1","	2026-07-23 16:28:16"
"	69BA0CDE","	Chamber1","	1","	B01??(?)","	17.4","	2026-07-23 16:28:16"
"	69BA0CDE","	Chamber1","	1","	B01??(%RH)","	93.1","	2026-07-23 16:28:13"
"	69BA0CDE","	Chamber1","	1","	B01??(?)","	17.4","	2026-07-23 16:28:13"
"	69BA0CDE","	Chamber1","	1","	B01??(%RH)","	93.1","	2026-07-23 16:28:11"
"	69BA0CDE","	Chamber1","	1","	B01??(?)","	17.4","	2026-07-23 16:28:11"
"	69BA0CDE","	Chamber1","	1","	B01??(%RH)","	93.1","	2026-07-23 16:28:09"
"	69BA0CDE","	Chamber1","	1","	B01??(?)","	17.4","	2026-07-23 16:28:09"
"	69BA0CDE","	Chamber1","	1","	B01??(%RH)","	93.1","	2026-07-23 16:28:07"
"	69BA0CDE","	Chamber1","	1","	B01??(?)","	17.4","	2026-07-23 16:28:07"
"	69BA0CDE","	Chamber1","	1","	B01??(%RH)","	93.1","	2026-07-23 16:28:05"
"	69BA0CDE","	Chamber1","	1","	B01??(?)","	17.4","	2026-07-23 16:28:05"
"	69BA0CDE","	Chamber1","	1","	B01??(%RH)","	93.1","	2026-07-23 16:28:03"
"	69BA0CDE","	Chamber1","	1","	B01??(?)","	17.4","	2026-07-23 16:28:03"
"	69BA0CDE","	Chamber1","	1","	B01??(%RH)","	93.1","	2026-07-23 16:28:01"
"	69BA0CDE","	Chamber1","	1","	B01??(?)","	17.4","	2026-07-23 16:28:01"
"	69BA0CDE","	Chamber1","	1","	B01??(%RH)","	93.1","	2026-07-23 16:27:59"
"	69BA0CDE","	Chamber1","	1","	B01??(?)","	17.4","	2026-07-23 16:27:59"
"	69BA0CDE","	Chamber1","	1","	B01??(%RH)","	93.1","	2026-07-23 16:27:57"
"	69BA0CDE","	Chamber1","	1","	B01??(?)","	17.4","	2026-07-23 16:27:57"
"	69BA0CDE","	Chamber1","	1","	B01??(%RH)","	93.1","	2026-07-23 16:27:55"
"	69BA0CDE","	Chamber1","	1","	B01??(?)","	17.4","	2026-07-23 16:27:55"
"	69BA0CDE","	Chamber1","	1","	B01??(%RH)","	93.1","	2026-07-23 16:27:53"
"	69BA0CDE","	Chamber1","	1","	B01??(?)","	17.4","	2026-07-23 16:27:53"
"	69BA0CDE","	Chamber1","	1","	B01??(%RH)","	93.1","	2026-07-23 16:27:51"
"	69BA0CDE","	Chamber1","	1","	B01??(?)","	17.4","	2026-07-23 16:27:51"
"	69BA0CDE","	Chamber1","	1","	B01??(%RH)","	93.1","	2026-07-23 16:27:49"
"	69BA0CDE","	Chamber1","	1","	B01??(?)","	17.4","	2026-07-23 16:27:49"
"	69BA0CDE","	Chamber1","	1","	B01??(%RH)","	93.1","	2026-07-23 16:27:47"
"	69BA0CDE","	Chamber1","	1","	B01??(?)","	17.4","	2026-07-23 16:27:47"
"	69BA0CDE","	Chamber1","	1","	B01??(%RH)","	93.1","	2026-07-23 16:27:45"
"	69BA0CDE","	Chamber1","	1","	B01??(?)","	17.4","	2026-07-23 16:27:45"
"	69BA0CDE","	Chamber1","	1","	B01??(%RH)","	93.1","	2026-07-23 16:27:43"
"	69BA0CDE","	Chamber1","	1","	B01??(?)","	17.4","	2026-07-23 16:27:43"
"	69BA0CDE","	Chamber1","	1","	B01??(%RH)","	93.1","	2026-07-23 16:27:41"
"	69BA0CDE","	Chamber1","	1","	B01??(?)","	17.3","	2026-07-23 16:27:41"
"	69BA0CDE","	Chamber1","	1","	B01??(%RH)","	93.1","	2026-07-23 16:27:39"
"	69BA0CDE","	Chamber1","	1","	B01??(?)","	17.4","	2026-07-23 16:27:39"
"	69BA0CDE","	Chamber1","	1","	B01??(%RH)","	93.1","	2026-07-23 16:27:37"
"	69BA0CDE","	Chamber1","	1","	B01??(?)","	17.4","	2026-07-23 16:27:37"
"	69BA0CDE","	Chamber1","	1","	B01??(%RH)","	93.1","	2026-07-23 16:27:35"
"	69BA0CDE","	Chamber1","	1","	B01??(?)","	17.3","	2026-07-23 16:27:35"
"	69BA0CDE","	Chamber1","	1","	B01??(%RH)","	93.1","	2026-07-23 16:27:33"
"	69BA0CDE","	Chamber1","	1","	B01??(?)","	17.4","	2026-07-23 16:27:33"
"	69BA0CDE","	Chamber1","	1","	B01??(%RH)","	93.1","	2026-07-23 16:27:30"
"	69BA0CDE","	Chamber1","	1","	B01??(?)","	17.4","	2026-07-23 16:27:30"
"	69BA0CDE","	Chamber1","	1","	B01??(%RH)","	93.1","	2026-07-23 16:27:28"
"	69BA0CDE","	Chamber1","	1","	B01??(?)","	17.4","	2026-07-23 16:27:28"
"	69BA0CDE","	Chamber1","	1","	B01??(%RH)","	93.1","	2026-07-23 16:27:26"
"	69BA0CDE","	Chamber1","	1","	B01??(?)","	17.4","	2026-07-23 16:27:26"
"	69BA0CDE","	Chamber1","	1","	B01??(%RH)","	93.1","	2026-07-23 16:27:24"
"	69BA0CDE","	Chamber1","	1","	B01??(?)","	17.4","	2026-07-23 16:27:24"
"	69BA0CDE","	Chamber1","	1","	B01??(%RH)","	93.1","	2026-07-23 16:27:22"
"	69BA0CDE","	Chamber1","	1","	B01??(?)","	17.4","	2026-07-23 16:27:22"
"	69BA0CDE","	Chamber1","	1","	B01??(%RH)","	93.1","	2026-07-23 16:27:20"
"	69BA0CDE","	Chamber1","	1","	B01??(?)","	17.4","	2026-07-23 16:27:20"
"	69BA0CDE","	Chamber1","	1","	B01??(%RH)","	93.1","	2026-07-23 16:27:18"
"	69BA0CDE","	Chamber1","	1","	B01??(?)","	17.4","	2026-07-23 16:27:18"
"	69BA0CDE","	Chamber1","	1","	B01??(%RH)","	93.1","	2026-07-23 16:27:16"
"	69BA0CDE","	Chamber1","	1","	B01??(?)","	17.3","	2026-07-23 16:27:16"
"	69BA0CDE","	Chamber1","	1","	B01??(%RH)","	93.1","	2026-07-23 16:27:14"
"	69BA0CDE","	Chamber1","	1","	B01??(?)","	17.4","	2026-07-23 16:27:14"
"	69BA0CDE","	Chamber1","	1","	B01??(%RH)","	93.1","	2026-07-23 16:27:12"
"	69BA0CDE","	Chamber1","	1","	B01??(?)","	17.4","	2026-07-23 16:27:12"
"	69BA0CDE","	Chamber1","	1","	B01??(%RH)","	93.1","	2026-07-23 16:27:10"
"	69BA0CDE","	Chamber1","	1","	B01??(?)","	17.4","	2026-07-23 16:27:10"
"	69BA0CDE","	Chamber1","	1","	B01??(%RH)","	93.1","	2026-07-23 16:27:08"
"	69BA0CDE","	Chamber1","	1","	B01??(?)","	17.4","	2026-07-23 16:27:08"
"	69BA0CDE","	Chamber1","	1","	B01??(%RH)","	93.1","	2026-07-23 16:27:06"
"	69BA0CDE","	Chamber1","	1","	B01??(?)","	17.3","	2026-07-23 16:27:06"
"	69BA0CDE","	Chamber1","	1","	B01??(%RH)","	93.1","	2026-07-23 16:27:04"
"	69BA0CDE","	Chamber1","	1","	B01??(?)","	17.3","	2026-07-23 16:27:04"
"	69BA0CDE","	Chamber1","	1","	B01??(%RH)","	93.1","	2026-07-23 16:27:02"
"	69BA0CDE","	Chamber1","	1","	B01??(?)","	17.4","	2026-07-23 16:27:02"
"	69BA0CDE","	Chamber1","	1","	B01??(%RH)","	93.1","	2026-07-23 16:27:00"
"	69BA0CDE","	Chamber1","	1","	B01??(?)","	17.4","	2026-07-23 16:27:00"
"	69BA0CDE","	Chamber1","	1","	B01??(%RH)","	93.1","	2026-07-23 16:26:58"
"	69BA0CDE","	Chamber1","	1","	B01??(?)","	17.3","	2026-07-23 16:26:58"
"	69BA0CDE","	Chamber1","	1","	B01??(%RH)","	93.1","	2026-07-23 16:26:56"
"	69BA0CDE","	Chamber1","	1","	B01??(?)","	17.3","	2026-07-23 16:26:56"
"	69BA0CDE","	Chamber1","	1","	B01??(%RH)","	93.1","	2026-07-23 16:26:54"
"	69BA0CDE","	Chamber1","	1","	B01??(?)","	17.4","	2026-07-23 16:26:54"
"	69BA0CDE","	Chamber1","	1","	B01??(%RH)","	93.1","	2026-07-23 16:26:52"
"	69BA0CDE","	Chamber1","	1","	B01??(?)","	17.4","	2026-07-23 16:26:52"
"	69BA0CDE","	Chamber1","	1","	B01??(%RH)","	93","	2026-07-23 16:26:50"
"	69BA0CDE","	Chamber1","	1","	B01??(?)","	17.3","	2026-07-23 16:26:50"
"	69BA0CDE","	Chamber1","	1","	B01??(%RH)","	93.1","	2026-07-23 16:26:47"
"	69BA0CDE","	Chamber1","	1","	B01??(?)","	17.4","	2026-07-23 16:26:47"
"	69BA0CDE","	Chamber1","	1","	B01??(%RH)","	93.1","	2026-07-23 16:26:45"
"	69BA0CDE","	Chamber1","	1","	B01??(?)","	17.4","	2026-07-23 16:26:45"
"	69BA0CDE","	Chamber1","	1","	B01??(%RH)","	93.1","	2026-07-23 16:26:43"
"	69BA0CDE","	Chamber1","	1","	B01??(?)","	17.3","	2026-07-23 16:26:43"
"	69BA0CDE","	Chamber1","	1","	B01??(%RH)","	93.1","	2026-07-23 16:26:41"
"	69BA0CDE","	Chamber1","	1","	B01??(?)","	17.4","	2026-07-23 16:26:41"
"	69BA0CDE","	Chamber1","	1","	B01??(%RH)","	93.1","	2026-07-23 16:26:39"
"	69BA0CDE","	Chamber1","	1","	B01??(?)","	17.4","	2026-07-23 16:26:39"
"	69BA0CDE","	Chamber1","	1","	B01??(%RH)","	93.1","	2026-07-23 16:26:37"
"	69BA0CDE","	Chamber1","	1","	B01??(?)","	17.3","	2026-07-23 16:26:37"
"	69BA0CDE","	Chamber1","	1","	B01??(%RH)","	93.1","	2026-07-23 16:26:35"
"	69BA0CDE","	Chamber1","	1","	B01??(?)","	17.4","	2026-07-23 16:26:35"
"	69BA0CDE","	Chamber1","	1","	B01??(%RH)","	93.1","	2026-07-23 16:26:33"
"	69BA0CDE","	Chamber1","	1","	B01??(?)","	17.4","	2026-07-23 16:26:33"
"	69BA0CDE","	Chamber1","	1","	B01??(%RH)","	93.1","	2026-07-23 16:26:31"
"	69BA0CDE","	Chamber1","	1","	B01??(?)","	17.4","	2026-07-23 16:26:31"
"	69BA0CDE","	Chamber1","	1","	B01??(%RH)","	93.1","	2026-07-23 16:26:29"
"	69BA0CDE","	Chamber1","	1","	B01??(?)","	17.4","	2026-07-23 16:26:29"
"	69BA0CDE","	Chamber1","	1","	B01??(%RH)","	93.1","	2026-07-23 16:26:27"
"	69BA0CDE","	Chamber1","	1","	B01??(?)","	17.4","	2026-07-23 16:26:27"
"	69BA0CDE","	Chamber1","	1","	B01??(%RH)","	93.1","	2026-07-23 16:26:25"
"	69BA0CDE","	Chamber1","	1","	B01??(?)","	17.3","	2026-07-23 16:26:25"
"	69BA0CDE","	Chamber1","	1","	B01??(%RH)","	93.1","	2026-07-23 16:26:23"
"	69BA0CDE","	Chamber1","	1","	B01??(?)","	17.4","	2026-07-23 16:26:23"
"	69BA0CDE","	Chamber1","	1","	B01??(%RH)","	93.1","	2026-07-23 16:26:21"
"	69BA0CDE","	Chamber1","	1","	B01??(?)","	17.3","	2026-07-23 16:26:21"
"	69BA0CDE","	Chamber1","	1","	B01??(%RH)","	93.1","	2026-07-23 16:26:19"
"	69BA0CDE","	Chamber1","	1","	B01??(?)","	17.4","	2026-07-23 16:26:19"
"	69BA0CDE","	Chamber1","	1","	B01??(%RH)","	93.1","	2026-07-23 16:26:17"
"	69BA0CDE","	Chamber1","	1","	B01??(?)","	17.3","	2026-07-23 16:26:17"
"	69BA0CDE","	Chamber1","	1","	B01??(%RH)","	93.1","	2026-07-23 16:26:15"
"	69BA0CDE","	Chamber1","	1","	B01??(?)","	17.3","	2026-07-23 16:26:15"
"	69BA0CDE","	Chamber1","	1","	B01??(%RH)","	93.1","	2026-07-23 16:26:13"
"	69BA0CDE","	Chamber1","	1","	B01??(?)","	17.4","	2026-07-23 16:26:13"
"	69BA0CDE","	Chamber1","	1","	B01??(%RH)","	93.1","	2026-07-23 16:26:11"
"	69BA0CDE","	Chamber1","	1","	B01??(?)","	17.4","	2026-07-23 16:26:11"
"	69BA0CDE","	Chamber1","	1","	B01??(%RH)","	93.1","	2026-07-23 16:26:09"
"	69BA0CDE","	Chamber1","	1","	B01??(?)","	17.3","	2026-07-23 16:26:09"
"	69BA0CDE","	Chamber1","	1","	B01??(%RH)","	93.1","	2026-07-23 16:26:07"
"	69BA0CDE","	Chamber1","	1","	B01??(?)","	17.3","	2026-07-23 16:26:07"
"	69BA0CDE","	Chamber1","	1","	B01??(%RH)","	93","	2026-07-23 16:26:04"
"	69BA0CDE","	Chamber1","	1","	B01??(?)","	17.3","	2026-07-23 16:26:04"
"	69BA0CDE","	Chamber1","	1","	B01??(%RH)","	93.1","	2026-07-23 16:26:02"
"	69BA0CDE","	Chamber1","	1","	B01??(?)","	17.3","	2026-07-23 16:26:02"
"	69BA0CDE","	Chamber1","	1","	B01??(%RH)","	93","	2026-07-23 16:26:00"
"	69BA0CDE","	Chamber1","	1","	B01??(?)","	17.4","	2026-07-23 16:26:00"
"	69BA0CDE","	Chamber1","	1","	B01??(%RH)","	93","	2026-07-23 16:25:58"
"	69BA0CDE","	Chamber1","	1","	B01??(?)","	17.4","	2026-07-23 16:25:58"
"	69BA0CDE","	Chamber1","	1","	B01??(%RH)","	93.1","	2026-07-23 16:25:56"
"	69BA0CDE","	Chamber1","	1","	B01??(?)","	17.4","	2026-07-23 16:25:56"
"	69BA0CDE","	Chamber1","	1","	B01??(%RH)","	93","	2026-07-23 16:25:54"
"	69BA0CDE","	Chamber1","	1","	B01??(?)","	17.4","	2026-07-23 16:25:54"
"	69BA0CDE","	Chamber1","	1","	B01??(%RH)","	93.1","	2026-07-23 16:25:52"
"	69BA0CDE","	Chamber1","	1","	B01??(?)","	17.3","	2026-07-23 16:25:52"
"	69BA0CDE","	Chamber1","	1","	B01??(%RH)","	93.1","	2026-07-23 16:25:50"
"	69BA0CDE","	Chamber1","	1","	B01??(?)","	17.3","	2026-07-23 16:25:50"
"	69BA0CDE","	Chamber1","	1","	B01??(%RH)","	93","	2026-07-23 16:25:48"
"	69BA0CDE","	Chamber1","	1","	B01??(?)","	17.3","	2026-07-23 16:25:48"
"	69BA0CDE","	Chamber1","	1","	B01??(%RH)","	93.1","	2026-07-23 16:25:46"
"	69BA0CDE","	Chamber1","	1","	B01??(?)","	17.3","	2026-07-23 16:25:46"
"	69BA0CDE","	Chamber1","	1","	B01??(%RH)","	93","	2026-07-23 16:25:44"
"	69BA0CDE","	Chamber1","	1","	B01??(?)","	17.3","	2026-07-23 16:25:44"
"	69BA0CDE","	Chamber1","	1","	B01??(%RH)","	93.1","	2026-07-23 16:25:42"
"	69BA0CDE","	Chamber1","	1","	B01??(?)","	17.4","	2026-07-23 16:25:42"
"	69BA0CDE","	Chamber1","	1","	B01??(%RH)","	93.1","	2026-07-23 16:25:40"
"	69BA0CDE","	Chamber1","	1","	B01??(?)","	17.4","	2026-07-23 16:25:40"
"	69BA0CDE","	Chamber1","	1","	B01??(%RH)","	93","	2026-07-23 16:25:38"
"	69BA0CDE","	Chamber1","	1","	B01??(?)","	17.4","	2026-07-23 16:25:38"
"	69BA0CDE","	Chamber1","	1","	B01??(%RH)","	93","	2026-07-23 16:25:36"
"	69BA0CDE","	Chamber1","	1","	B01??(?)","	17.3","	2026-07-23 16:25:36"
"	69BA0CDE","	Chamber1","	1","	B01??(%RH)","	93.1","	2026-07-23 16:25:34"
"	69BA0CDE","	Chamber1","	1","	B01??(?)","	17.3","	2026-07-23 16:25:34"
"	69BA0CDE","	Chamber1","	1","	B01??(%RH)","	93","	2026-07-23 16:25:32"
"	69BA0CDE","	Chamber1","	1","	B01??(?)","	17.3","	2026-07-23 16:25:32"
"	69BA0CDE","	Chamber1","	1","	B01??(%RH)","	93.1","	2026-07-23 16:25:30"
"	69BA0CDE","	Chamber1","	1","	B01??(?)","	17.4","	2026-07-23 16:25:30"
"	69BA0CDE","	Chamber1","	1","	B01??(%RH)","	93","	2026-07-23 16:25:28"
"	69BA0CDE","	Chamber1","	1","	B01??(?)","	17.4","	2026-07-23 16:25:28"
"	69BA0CDE","	Chamber1","	1","	B01??(%RH)","	93.1","	2026-07-23 16:25:26"
"	69BA0CDE","	Chamber1","	1","	B01??(?)","	17.4","	2026-07-23 16:25:26"
"	69BA0CDE","	Chamber1","	1","	B01??(%RH)","	93.1","	2026-07-23 16:25:24"
"	69BA0CDE","	Chamber1","	1","	B01??(?)","	17.3","	2026-07-23 16:25:24"
"	69BA0CDE","	Chamber1","	1","	B01??(%RH)","	93","	2026-07-23 16:25:22"
"	69BA0CDE","	Chamber1","	1","	B01??(?)","	17.4","	2026-07-23 16:25:22"
"	69BA0CDE","	Chamber1","	1","	B01??(%RH)","	93","	2026-07-23 16:25:19"
"	69BA0CDE","	Chamber1","	1","	B01??(?)","	17.3","	2026-07-23 16:25:19"
"	69BA0CDE","	Chamber1","	1","	B01??(%RH)","	93","	2026-07-23 16:25:17"
"	69BA0CDE","	Chamber1","	1","	B01??(?)","	17.4","	2026-07-23 16:25:17"
"	69BA0CDE","	Chamber1","	1","	B01??(%RH)","	93.1","	2026-07-23 16:25:15"
"	69BA0CDE","	Chamber1","	1","	B01??(?)","	17.3","	2026-07-23 16:25:15"
"	69BA0CDE","	Chamber1","	1","	B01??(%RH)","	93.1","	2026-07-23 16:25:13"
"	69BA0CDE","	Chamber1","	1","	B01??(?)","	17.3","	2026-07-23 16:25:13"
"	69BA0CDE","	Chamber1","	1","	B01??(%RH)","	93","	2026-07-23 16:25:11"
"	69BA0CDE","	Chamber1","	1","	B01??(?)","	17.3","	2026-07-23 16:25:11"
"	69BA0CDE","	Chamber1","	1","	B01??(%RH)","	93.1","	2026-07-23 16:25:09"
"	69BA0CDE","	Chamber1","	1","	B01??(?)","	17.4","	2026-07-23 16:25:09"
"	69BA0CDE","	Chamber1","	1","	B01??(%RH)","	93","	2026-07-23 16:25:07"
"	69BA0CDE","	Chamber1","	1","	B01??(?)","	17.4","	2026-07-23 16:25:07"
"	69BA0CDE","	Chamber1","	1","	B01??(%RH)","	93","	2026-07-23 16:25:05"
"	69BA0CDE","	Chamber1","	1","	B01??(?)","	17.4","	2026-07-23 16:25:05"
"	69BA0CDE","	Chamber1","	1","	B01??(%RH)","	93","	2026-07-23 16:25:03"
"	69BA0CDE","	Chamber1","	1","	B01??(?)","	17.4","	2026-07-23 16:25:03"
"	69BA0CDE","	Chamber1","	1","	B01??(%RH)","	93","	2026-07-23 16:25:01"
"	69BA0CDE","	Chamber1","	1","	B01??(?)","	17.3","	2026-07-23 16:25:01"
"	69BA0CDE","	Chamber1","	1","	B01??(%RH)","	93","	2026-07-23 16:24:59"
"	69BA0CDE","	Chamber1","	1","	B01??(?)","	17.4","	2026-07-23 16:24:59"
"	69BA0CDE","	Chamber1","	1","	B01??(%RH)","	93","	2026-07-23 16:24:57"
"	69BA0CDE","	Chamber1","	1","	B01??(?)","	17.4","	2026-07-23 16:24:57"
"	69BA0CDE","	Chamber1","	1","	B01??(%RH)","	93.1","	2026-07-23 16:24:55"
"	69BA0CDE","	Chamber1","	1","	B01??(?)","	17.4","	2026-07-23 16:24:55"
"	69BA0CDE","	Chamber1","	1","	B01??(%RH)","	93","	2026-07-23 16:24:53"
"	69BA0CDE","	Chamber1","	1","	B01??(?)","	17.3","	2026-07-23 16:24:53"
"	69BA0CDE","	Chamber1","	1","	B01??(%RH)","	93","	2026-07-23 16:24:51"
"	69BA0CDE","	Chamber1","	1","	B01??(?)","	17.3","	2026-07-23 16:24:51"
"	69BA0CDE","	Chamber1","	1","	B01??(%RH)","	93","	2026-07-23 16:24:49"
"	69BA0CDE","	Chamber1","	1","	B01??(?)","	17.4","	2026-07-23 16:24:49"
"	69BA0CDE","	Chamber1","	1","	B01??(%RH)","	93.1","	2026-07-23 16:24:47"
"	69BA0CDE","	Chamber1","	1","	B01??(?)","	17.4","	2026-07-23 16:24:47"
"	69BA0CDE","	Chamber1","	1","	B01??(%RH)","	93","	2026-07-23 16:24:45"
"	69BA0CDE","	Chamber1","	1","	B01??(?)","	17.4","	2026-07-23 16:24:45"
"	69BA0CDE","	Chamber1","	1","	B01??(%RH)","	93","	2026-07-23 16:24:43"
"	69BA0CDE","	Chamber1","	1","	B01??(?)","	17.3","	2026-07-23 16:24:43"
"	69BA0CDE","	Chamber1","	1","	B01??(%RH)","	93","	2026-07-23 16:24:41"
"	69BA0CDE","	Chamber1","	1","	B01??(?)","	17.4","	2026-07-23 16:24:41"
"	69BA0CDE","	Chamber1","	1","	B01??(%RH)","	93","	2026-07-23 16:24:39"
"	69BA0CDE","	Chamber1","	1","	B01??(?)","	17.3","	2026-07-23 16:24:39"
"	69BA0CDE","	Chamber1","	1","	B01??(%RH)","	93","	2026-07-23 16:24:36"
"	69BA0CDE","	Chamber1","	1","	B01??(?)","	17.3","	2026-07-23 16:24:36"
"	69BA0CDE","	Chamber1","	1","	B01??(%RH)","	93","	2026-07-23 16:24:34"
"	69BA0CDE","	Chamber1","	1","	B01??(?)","	17.3","	2026-07-23 16:24:34"
"	69BA0CDE","	Chamber1","	1","	B01??(%RH)","	93","	2026-07-23 16:24:32"
"	69BA0CDE","	Chamber1","	1","	B01??(?)","	17.3","	2026-07-23 16:24:32"
"	69BA0CDE","	Chamber1","	1","	B01??(%RH)","	93","	2026-07-23 16:24:30"
"	69BA0CDE","	Chamber1","	1","	B01??(?)","	17.3","	2026-07-23 16:24:30"
"	69BA0CDE","	Chamber1","	1","	B01??(%RH)","	93","	2026-07-23 16:24:28"
"	69BA0CDE","	Chamber1","	1","	B01??(?)","	17.4","	2026-07-23 16:24:28"
"	69BA0CDE","	Chamber1","	1","	B01??(%RH)","	93","	2026-07-23 16:24:26"
"	69BA0CDE","	Chamber1","	1","	B01??(?)","	17.4","	2026-07-23 16:24:26"
"	69BA0CDE","	Chamber1","	1","	B01??(%RH)","	93","	2026-07-23 16:24:24"
"	69BA0CDE","	Chamber1","	1","	B01??(?)","	17.3","	2026-07-23 16:24:24"
"	69BA0CDE","	Chamber1","	1","	B01??(%RH)","	93","	2026-07-23 16:24:22"
"	69BA0CDE","	Chamber1","	1","	B01??(?)","	17.3","	2026-07-23 16:24:22"
"	69BA0CDE","	Chamber1","	1","	B01??(%RH)","	93","	2026-07-23 16:24:20"
"	69BA0CDE","	Chamber1","	1","	B01??(?)","	17.3","	2026-07-23 16:24:20"
"	69BA0CDE","	Chamber1","	1","	B01??(%RH)","	93","	2026-07-23 16:24:18"
"	69BA0CDE","	Chamber1","	1","	B01??(?)","	17.3","	2026-07-23 16:24:18"
"	69BA0CDE","	Chamber1","	1","	B01??(%RH)","	93","	2026-07-23 16:24:16"
"	69BA0CDE","	Chamber1","	1","	B01??(?)","	17.3","	2026-07-23 16:24:16"
"	69BA0CDE","	Chamber1","	1","	B01??(%RH)","	93","	2026-07-23 16:24:14"
"	69BA0CDE","	Chamber1","	1","	B01??(?)","	17.3","	2026-07-23 16:24:14"
"	69BA0CDE","	Chamber1","	1","	B01??(%RH)","	93.1","	2026-07-23 16:24:12"
"	69BA0CDE","	Chamber1","	1","	B01??(?)","	17.3","	2026-07-23 16:24:12"
"	69BA0CDE","	Chamber1","	1","	B01??(%RH)","	93.1","	2026-07-23 16:24:10"
"	69BA0CDE","	Chamber1","	1","	B01??(?)","	17.3","	2026-07-23 16:24:10"
"	69BA0CDE","	Chamber1","	1","	B01??(%RH)","	93","	2026-07-23 16:24:08"
"	69BA0CDE","	Chamber1","	1","	B01??(?)","	17.4","	2026-07-23 16:24:08"
"	69BA0CDE","	Chamber1","	1","	B01??(%RH)","	93","	2026-07-23 16:24:06"
"	69BA0CDE","	Chamber1","	1","	B01??(?)","	17.3","	2026-07-23 16:24:06"
"	69BA0CDE","	Chamber1","	1","	B01??(%RH)","	93","	2026-07-23 16:24:04"
"	69BA0CDE","	Chamber1","	1","	B01??(?)","	17.3","	2026-07-23 16:24:04"
"	69BA0CDE","	Chamber1","	1","	B01??(%RH)","	93","	2026-07-23 16:24:02"
"	69BA0CDE","	Chamber1","	1","	B01??(?)","	17.3","	2026-07-23 16:24:02"
"	69BA0CDE","	Chamber1","	1","	B01??(%RH)","	93","	2026-07-23 16:24:00"
"	69BA0CDE","	Chamber1","	1","	B01??(?)","	17.3","	2026-07-23 16:24:00"
"	69BA0CDE","	Chamber1","	1","	B01??(%RH)","	93","	2026-07-23 16:23:58"
"	69BA0CDE","	Chamber1","	1","	B01??(?)","	17.3","	2026-07-23 16:23:58"
"	69BA0CDE","	Chamber1","	1","	B01??(%RH)","	93","	2026-07-23 16:23:56"
"	69BA0CDE","	Chamber1","	1","	B01??(?)","	17.4","	2026-07-23 16:23:56"
"	69BA0CDE","	Chamber1","	1","	B01??(%RH)","	93","	2026-07-23 16:23:53"
"	69BA0CDE","	Chamber1","	1","	B01??(?)","	17.3","	2026-07-23 16:23:53"
"	69BA0CDE","	Chamber1","	1","	B01??(%RH)","	93","	2026-07-23 16:23:51"
"	69BA0CDE","	Chamber1","	1","	B01??(?)","	17.3","	2026-07-23 16:23:51"
"	69BA0CDE","	Chamber1","	1","	B01??(%RH)","	93","	2026-07-23 16:23:49"
"	69BA0CDE","	Chamber1","	1","	B01??(?)","	17.4","	2026-07-23 16:23:49"
"	69BA0CDE","	Chamber1","	1","	B01??(%RH)","	93","	2026-07-23 16:23:47"
"	69BA0CDE","	Chamber1","	1","	B01??(?)","	17.3","	2026-07-23 16:23:47"
"	69BA0CDE","	Chamber1","	1","	B01??(%RH)","	93","	2026-07-23 16:23:45"
"	69BA0CDE","	Chamber1","	1","	B01??(?)","	17.3","	2026-07-23 16:23:45"
"	69BA0CDE","	Chamber1","	1","	B01??(%RH)","	93","	2026-07-23 16:23:43"
"	69BA0CDE","	Chamber1","	1","	B01??(?)","	17.4","	2026-07-23 16:23:43"
"	69BA0CDE","	Chamber1","	1","	B01??(%RH)","	93","	2026-07-23 16:23:41"
"	69BA0CDE","	Chamber1","	1","	B01??(?)","	17.3","	2026-07-23 16:23:41"
"	69BA0CDE","	Chamber1","	1","	B01??(%RH)","	93","	2026-07-23 16:23:39"
"	69BA0CDE","	Chamber1","	1","	B01??(?)","	17.4","	2026-07-23 16:23:39"
"	69BA0CDE","	Chamber1","	1","	B01??(%RH)","	93","	2026-07-23 16:23:37"
"	69BA0CDE","	Chamber1","	1","	B01??(?)","	17.3","	2026-07-23 16:23:37"
"	69BA0CDE","	Chamber1","	1","	B01??(%RH)","	93","	2026-07-23 16:23:35"
"	69BA0CDE","	Chamber1","	1","	B01??(?)","	17.4","	2026-07-23 16:23:35"
"	69BA0CDE","	Chamber1","	1","	B01??(%RH)","	93","	2026-07-23 16:23:33"
"	69BA0CDE","	Chamber1","	1","	B01??(?)","	17.3","	2026-07-23 16:23:33"
"	69BA0CDE","	Chamber1","	1","	B01??(%RH)","	93","	2026-07-23 16:23:31"
"	69BA0CDE","	Chamber1","	1","	B01??(?)","	17.3","	2026-07-23 16:23:31"
"	69BA0CDE","	Chamber1","	1","	B01??(%RH)","	93","	2026-07-23 16:23:29"
"	69BA0CDE","	Chamber1","	1","	B01??(?)","	17.3","	2026-07-23 16:23:29"
"	69BA0CDE","	Chamber1","	1","	B01??(%RH)","	93","	2026-07-23 16:23:27"
"	69BA0CDE","	Chamber1","	1","	B01??(?)","	17.3","	2026-07-23 16:23:27"
"	69BA0CDE","	Chamber1","	1","	B01??(%RH)","	93.1","	2026-07-23 16:23:25"
"	69BA0CDE","	Chamber1","	1","	B01??(?)","	17.3","	2026-07-23 16:23:25"
"	69BA0CDE","	Chamber1","	1","	B01??(%RH)","	93","	2026-07-23 16:23:23"
"	69BA0CDE","	Chamber1","	1","	B01??(?)","	17.3","	2026-07-23 16:23:23"
"	69BA0CDE","	Chamber1","	1","	B01??(%RH)","	93","	2026-07-23 16:23:21"
"	69BA0CDE","	Chamber1","	1","	B01??(?)","	17.4","	2026-07-23 16:23:21"
"	69BA0CDE","	Chamber1","	1","	B01??(%RH)","	93","	2026-07-23 16:23:19"
"	69BA0CDE","	Chamber1","	1","	B01??(?)","	17.3","	2026-07-23 16:23:19"
"	69BA0CDE","	Chamber1","	1","	B01??(%RH)","	93","	2026-07-23 16:23:17"
"	69BA0CDE","	Chamber1","	1","	B01??(?)","	17.3","	2026-07-23 16:23:17"
"	69BA0CDE","	Chamber1","	1","	B01??(%RH)","	93","	2026-07-23 16:23:15"
"	69BA0CDE","	Chamber1","	1","	B01??(?)","	17.3","	2026-07-23 16:23:15"
"	69BA0CDE","	Chamber1","	1","	B01??(%RH)","	93","	2026-07-23 16:23:13"
"	69BA0CDE","	Chamber1","	1","	B01??(?)","	17.3","	2026-07-23 16:23:13"
"	69BA0CDE","	Chamber1","	1","	B01??(%RH)","	93","	2026-07-23 16:23:11"
"	69BA0CDE","	Chamber1","	1","	B01??(?)","	17.3","	2026-07-23 16:23:11"
"	69BA0CDE","	Chamber1","	1","	B01??(%RH)","	93","	2026-07-23 16:23:08"
"	69BA0CDE","	Chamber1","	1","	B01??(?)","	17.3","	2026-07-23 16:23:08"
"	69BA0CDE","	Chamber1","	1","	B01??(%RH)","	93","	2026-07-23 16:23:06"
"	69BA0CDE","	Chamber1","	1","	B01??(?)","	17.3","	2026-07-23 16:23:06"
"	69BA0CDE","	Chamber1","	1","	B01??(%RH)","	93","	2026-07-23 16:23:04"
"	69BA0CDE","	Chamber1","	1","	B01??(?)","	17.3","	2026-07-23 16:23:04"
"	69BA0CDE","	Chamber1","	1","	B01??(%RH)","	93","	2026-07-23 16:23:02"
"	69BA0CDE","	Chamber1","	1","	B01??(?)","	17.3","	2026-07-23 16:23:02"
"	69BA0CDE","	Chamber1","	1","	B01??(%RH)","	93","	2026-07-23 16:23:00"
"	69BA0CDE","	Chamber1","	1","	B01??(?)","	17.3","	2026-07-23 16:23:00"
"	69BA0CDE","	Chamber1","	1","	B01??(%RH)","	93","	2026-07-23 16:22:58"
"	69BA0CDE","	Chamber1","	1","	B01??(?)","	17.3","	2026-07-23 16:22:58"
"	69BA0CDE","	Chamber1","	1","	B01??(%RH)","	93","	2026-07-23 16:22:56"
"	69BA0CDE","	Chamber1","	1","	B01??(?)","	17.3","	2026-07-23 16:22:56"
"	69BA0CDE","	Chamber1","	1","	B01??(%RH)","	92.9","	2026-07-23 16:22:54"
"	69BA0CDE","	Chamber1","	1","	B01??(?)","	17.3","	2026-07-23 16:22:54"
"	69BA0CDE","	Chamber1","	1","	B01??(%RH)","	93","	2026-07-23 16:22:52"
"	69BA0CDE","	Chamber1","	1","	B01??(?)","	17.4","	2026-07-23 16:22:52"
"	69BA0CDE","	Chamber1","	1","	B01??(%RH)","	93","	2026-07-23 16:22:50"
"	69BA0CDE","	Chamber1","	1","	B01??(?)","	17.3","	2026-07-23 16:22:50"
"	69BA0CDE","	Chamber1","	1","	B01??(%RH)","	93","	2026-07-23 16:22:48"
"	69BA0CDE","	Chamber1","	1","	B01??(?)","	17.3","	2026-07-23 16:22:48"
"	69BA0CDE","	Chamber1","	1","	B01??(%RH)","	93","	2026-07-23 16:22:46"
"	69BA0CDE","	Chamber1","	1","	B01??(?)","	17.3","	2026-07-23 16:22:46"
"	69BA0CDE","	Chamber1","	1","	B01??(%RH)","	93","	2026-07-23 16:22:44"
"	69BA0CDE","	Chamber1","	1","	B01??(?)","	17.3","	2026-07-23 16:22:44"
"	69BA0CDE","	Chamber1","	1","	B01??(%RH)","	93","	2026-07-23 16:22:42"
"	69BA0CDE","	Chamber1","	1","	B01??(?)","	17.3","	2026-07-23 16:22:42"
"	69BA0CDE","	Chamber1","	1","	B01??(%RH)","	93","	2026-07-23 16:22:40"
"	69BA0CDE","	Chamber1","	1","	B01??(?)","	17.3","	2026-07-23 16:22:40"
"	69BA0CDE","	Chamber1","	1","	B01??(%RH)","	93","	2026-07-23 16:22:38"
"	69BA0CDE","	Chamber1","	1","	B01??(?)","	17.3","	2026-07-23 16:22:38"
"	69BA0CDE","	Chamber1","	1","	B01??(%RH)","	93","	2026-07-23 16:22:36"
"	69BA0CDE","	Chamber1","	1","	B01??(?)","	17.3","	2026-07-23 16:22:36"
"	69BA0CDE","	Chamber1","	1","	B01??(%RH)","	93","	2026-07-23 16:22:34"
"	69BA0CDE","	Chamber1","	1","	B01??(?)","	17.3","	2026-07-23 16:22:34"
"	69BA0CDE","	Chamber1","	1","	B01??(%RH)","	92.9","	2026-07-23 16:22:32"
"	69BA0CDE","	Chamber1","	1","	B01??(?)","	17.3","	2026-07-23 16:22:32"
"	69BA0CDE","	Chamber1","	1","	B01??(%RH)","	93","	2026-07-23 16:22:30"
"	69BA0CDE","	Chamber1","	1","	B01??(?)","	17.3","	2026-07-23 16:22:30"
"	69BA0CDE","	Chamber1","	1","	B01??(%RH)","	93","	2026-07-23 16:22:27"
"	69BA0CDE","	Chamber1","	1","	B01??(?)","	17.3","	2026-07-23 16:22:27"
"	69BA0CDE","	Chamber1","	1","	B01??(%RH)","	93","	2026-07-23 16:22:25"
"	69BA0CDE","	Chamber1","	1","	B01??(?)","	17.3","	2026-07-23 16:22:25"
"	69BA0CDE","	Chamber1","	1","	B01??(%RH)","	92.9","	2026-07-23 16:22:23"
"	69BA0CDE","	Chamber1","	1","	B01??(?)","	17.3","	2026-07-23 16:22:23"
"	69BA0CDE","	Chamber1","	1","	B01??(%RH)","	93","	2026-07-23 16:22:21"
"	69BA0CDE","	Chamber1","	1","	B01??(?)","	17.3","	2026-07-23 16:22:21"
"	69BA0CDE","	Chamber1","	1","	B01??(%RH)","	93","	2026-07-23 16:22:19"
"	69BA0CDE","	Chamber1","	1","	B01??(?)","	17.3","	2026-07-23 16:22:19"
"	69BA0CDE","	Chamber1","	1","	B01??(%RH)","	92.9","	2026-07-23 16:22:17"
"	69BA0CDE","	Chamber1","	1","	B01??(?)","	17.3","	2026-07-23 16:22:17"
"	69BA0CDE","	Chamber1","	1","	B01??(%RH)","	93","	2026-07-23 16:22:15"
"	69BA0CDE","	Chamber1","	1","	B01??(?)","	17.3","	2026-07-23 16:22:15"
"	69BA0CDE","	Chamber1","	1","	B01??(%RH)","	93","	2026-07-23 16:22:13"
"	69BA0CDE","	Chamber1","	1","	B01??(?)","	17.3","	2026-07-23 16:22:13"
"	69BA0CDE","	Chamber1","	1","	B01??(%RH)","	93","	2026-07-23 16:22:11"
"	69BA0CDE","	Chamber1","	1","	B01??(?)","	17.3","	2026-07-23 16:22:11"
"	69BA0CDE","	Chamber1","	1","	B01??(%RH)","	92.9","	2026-07-23 16:22:09"
"	69BA0CDE","	Chamber1","	1","	B01??(?)","	17.3","	2026-07-23 16:22:09"
"	69BA0CDE","	Chamber1","	1","	B01??(%RH)","	93","	2026-07-23 16:22:07"
"	69BA0CDE","	Chamber1","	1","	B01??(?)","	17.3","	2026-07-23 16:22:07"
"	69BA0CDE","	Chamber1","	1","	B01??(%RH)","	93","	2026-07-23 16:22:05"
"	69BA0CDE","	Chamber1","	1","	B01??(?)","	17.3","	2026-07-23 16:22:05"
"	69BA0CDE","	Chamber1","	1","	B01??(%RH)","	93","	2026-07-23 16:22:03"
"	69BA0CDE","	Chamber1","	1","	B01??(?)","	17.3","	2026-07-23 16:22:03"
"	69BA0CDE","	Chamber1","	1","	B01??(%RH)","	93","	2026-07-23 16:22:01"
"	69BA0CDE","	Chamber1","	1","	B01??(?)","	17.3","	2026-07-23 16:22:01"
"	69BA0CDE","	Chamber1","	1","	B01??(%RH)","	93","	2026-07-23 16:21:59"
"	69BA0CDE","	Chamber1","	1","	B01??(?)","	17.3","	2026-07-23 16:21:59"
"	69BA0CDE","	Chamber1","	1","	B01??(%RH)","	93","	2026-07-23 16:21:57"
"	69BA0CDE","	Chamber1","	1","	B01??(?)","	17.3","	2026-07-23 16:21:57"
"	69BA0CDE","	Chamber1","	1","	B01??(%RH)","	92.9","	2026-07-23 16:21:55"
"	69BA0CDE","	Chamber1","	1","	B01??(?)","	17.3","	2026-07-23 16:21:55"
"	69BA0CDE","	Chamber1","	1","	B01??(%RH)","	93","	2026-07-23 16:21:53"
"	69BA0CDE","	Chamber1","	1","	B01??(?)","	17.3","	2026-07-23 16:21:53"
"	69BA0CDE","	Chamber1","	1","	B01??(%RH)","	93","	2026-07-23 16:21:51"
"	69BA0CDE","	Chamber1","	1","	B01??(?)","	17.3","	2026-07-23 16:21:51"
"	69BA0CDE","	Chamber1","	1","	B01??(%RH)","	92.9","	2026-07-23 16:21:49"
"	69BA0CDE","	Chamber1","	1","	B01??(?)","	17.3","	2026-07-23 16:21:49"
"	69BA0CDE","	Chamber1","	1","	B01??(%RH)","	92.9","	2026-07-23 16:21:47"
"	69BA0CDE","	Chamber1","	1","	B01??(?)","	17.3","	2026-07-23 16:21:47"
"	69BA0CDE","	Chamber1","	1","	B01??(%RH)","	93","	2026-07-23 16:21:44"
"	69BA0CDE","	Chamber1","	1","	B01??(?)","	17.3","	2026-07-23 16:21:44"
"	69BA0CDE","	Chamber1","	1","	B01??(%RH)","	93","	2026-07-23 16:21:42"
"	69BA0CDE","	Chamber1","	1","	B01??(?)","	17.3","	2026-07-23 16:21:42"
"	69BA0CDE","	Chamber1","	1","	B01??(%RH)","	93","	2026-07-23 16:21:40"
"	69BA0CDE","	Chamber1","	1","	B01??(?)","	17.3","	2026-07-23 16:21:40"
"	69BA0CDE","	Chamber1","	1","	B01??(%RH)","	93","	2026-07-23 16:21:38"
"	69BA0CDE","	Chamber1","	1","	B01??(?)","	17.3","	2026-07-23 16:21:38"
"	69BA0CDE","	Chamber1","	1","	B01??(%RH)","	93","	2026-07-23 16:21:36"
"	69BA0CDE","	Chamber1","	1","	B01??(?)","	17.3","	2026-07-23 16:21:36"
"	69BA0CDE","	Chamber1","	1","	B01??(%RH)","	92.9","	2026-07-23 16:21:34"
"	69BA0CDE","	Chamber1","	1","	B01??(?)","	17.3","	2026-07-23 16:21:34"
"	69BA0CDE","	Chamber1","	1","	B01??(%RH)","	92.9","	2026-07-23 16:21:32"
"	69BA0CDE","	Chamber1","	1","	B01??(?)","	17.3","	2026-07-23 16:21:32"
"	69BA0CDE","	Chamber1","	1","	B01??(%RH)","	93","	2026-07-23 16:21:30"
"	69BA0CDE","	Chamber1","	1","	B01??(?)","	17.3","	2026-07-23 16:21:30"
"	69BA0CDE","	Chamber1","	1","	B01??(%RH)","	92.9","	2026-07-23 16:21:28"
"	69BA0CDE","	Chamber1","	1","	B01??(?)","	17.3","	2026-07-23 16:21:28"
"	69BA0CDE","	Chamber1","	1","	B01??(%RH)","	92.9","	2026-07-23 16:21:26"
"	69BA0CDE","	Chamber1","	1","	B01??(?)","	17.3","	2026-07-23 16:21:26"
"	69BA0CDE","	Chamber1","	1","	B01??(%RH)","	93","	2026-07-23 16:21:24"
"	69BA0CDE","	Chamber1","	1","	B01??(?)","	17.3","	2026-07-23 16:21:24"
"	69BA0CDE","	Chamber1","	1","	B01??(%RH)","	92.9","	2026-07-23 16:21:22"
"	69BA0CDE","	Chamber1","	1","	B01??(?)","	17.3","	2026-07-23 16:21:22"
"	69BA0CDE","	Chamber1","	1","	B01??(%RH)","	92.9","	2026-07-23 16:21:20"
"	69BA0CDE","	Chamber1","	1","	B01??(?)","	17.3","	2026-07-23 16:21:20"
"	69BA0CDE","	Chamber1","	1","	B01??(%RH)","	93","	2026-07-23 16:21:18"
"	69BA0CDE","	Chamber1","	1","	B01??(?)","	17.3","	2026-07-23 16:21:18"
"	69BA0CDE","	Chamber1","	1","	B01??(%RH)","	92.9","	2026-07-23 16:21:16"
"	69BA0CDE","	Chamber1","	1","	B01??(?)","	17.3","	2026-07-23 16:21:16"
"	69BA0CDE","	Chamber1","	1","	B01??(%RH)","	92.9","	2026-07-23 16:21:14"
"	69BA0CDE","	Chamber1","	1","	B01??(?)","	17.3","	2026-07-23 16:21:14"
"	69BA0CDE","	Chamber1","	1","	B01??(%RH)","	92.9","	2026-07-23 16:21:12"
"	69BA0CDE","	Chamber1","	1","	B01??(?)","	17.3","	2026-07-23 16:21:12"
"	69BA0CDE","	Chamber1","	1","	B01??(%RH)","	92.9","	2026-07-23 16:21:10"
"	69BA0CDE","	Chamber1","	1","	B01??(?)","	17.3","	2026-07-23 16:21:10"
"	69BA0CDE","	Chamber1","	1","	B01??(%RH)","	93","	2026-07-23 16:21:08"
"	69BA0CDE","	Chamber1","	1","	B01??(?)","	17.3","	2026-07-23 16:21:08"
"	69BA0CDE","	Chamber1","	1","	B01??(%RH)","	92.9","	2026-07-23 16:21:06"
"	69BA0CDE","	Chamber1","	1","	B01??(?)","	17.3","	2026-07-23 16:21:06"
"	69BA0CDE","	Chamber1","	1","	B01??(%RH)","	92.9","	2026-07-23 16:21:04"
"	69BA0CDE","	Chamber1","	1","	B01??(?)","	17.3","	2026-07-23 16:21:04"
"	69BA0CDE","	Chamber1","	1","	B01??(%RH)","	92.9","	2026-07-23 16:21:02"
"	69BA0CDE","	Chamber1","	1","	B01??(?)","	17.3","	2026-07-23 16:21:02"
"	69BA0CDE","	Chamber1","	1","	B01??(%RH)","	93","	2026-07-23 16:20:59"
"	69BA0CDE","	Chamber1","	1","	B01??(?)","	17.3","	2026-07-23 16:20:59"
"	69BA0CDE","	Chamber1","	1","	B01??(%RH)","	92.9","	2026-07-23 16:20:57"
"	69BA0CDE","	Chamber1","	1","	B01??(?)","	17.3","	2026-07-23 16:20:57"
"	69BA0CDE","	Chamber1","	1","	B01??(%RH)","	92.9","	2026-07-23 16:20:55"
"	69BA0CDE","	Chamber1","	1","	B01??(?)","	17.3","	2026-07-23 16:20:55"
"	69BA0CDE","	Chamber1","	1","	B01??(%RH)","	92.9","	2026-07-23 16:20:53"
"	69BA0CDE","	Chamber1","	1","	B01??(?)","	17.3","	2026-07-23 16:20:53"
"	69BA0CDE","	Chamber1","	1","	B01??(%RH)","	92.9","	2026-07-23 16:20:51"
"	69BA0CDE","	Chamber1","	1","	B01??(?)","	17.3","	2026-07-23 16:20:51"
"	69BA0CDE","	Chamber1","	1","	B01??(%RH)","	92.9","	2026-07-23 16:20:49"
"	69BA0CDE","	Chamber1","	1","	B01??(?)","	17.3","	2026-07-23 16:20:49"
"	69BA0CDE","	Chamber1","	1","	B01??(%RH)","	92.9","	2026-07-23 16:20:47"
"	69BA0CDE","	Chamber1","	1","	B01??(?)","	17.3","	2026-07-23 16:20:47"
"	69BA0CDE","	Chamber1","	1","	B01??(%RH)","	92.9","	2026-07-23 16:20:45"
"	69BA0CDE","	Chamber1","	1","	B01??(?)","	17.3","	2026-07-23 16:20:45"
"	69BA0CDE","	Chamber1","	1","	B01??(%RH)","	92.9","	2026-07-23 16:20:43"
"	69BA0CDE","	Chamber1","	1","	B01??(?)","	17.3","	2026-07-23 16:20:43"
"	69BA0CDE","	Chamber1","	1","	B01??(%RH)","	92.9","	2026-07-23 16:20:41"
"	69BA0CDE","	Chamber1","	1","	B01??(?)","	17.3","	2026-07-23 16:20:41"
"	69BA0CDE","	Chamber1","	1","	B01??(%RH)","	92.9","	2026-07-23 16:20:39"
"	69BA0CDE","	Chamber1","	1","	B01??(?)","	17.3","	2026-07-23 16:20:39"
"	69BA0CDE","	Chamber1","	1","	B01??(%RH)","	92.9","	2026-07-23 16:20:37"
"	69BA0CDE","	Chamber1","	1","	B01??(?)","	17.3","	2026-07-23 16:20:37"
"	69BA0CDE","	Chamber1","	1","	B01??(%RH)","	92.9","	2026-07-23 16:20:35"
"	69BA0CDE","	Chamber1","	1","	B01??(?)","	17.3","	2026-07-23 16:20:35"
"	69BA0CDE","	Chamber1","	1","	B01??(%RH)","	93","	2026-07-23 16:20:33"
"	69BA0CDE","	Chamber1","	1","	B01??(?)","	17.3","	2026-07-23 16:20:33"
"	69BA0CDE","	Chamber1","	1","	B01??(%RH)","	92.9","	2026-07-23 16:20:31"
"	69BA0CDE","	Chamber1","	1","	B01??(?)","	17.3","	2026-07-23 16:20:31"
"	69BA0CDE","	Chamber1","	1","	B01??(%RH)","	92.9","	2026-07-23 16:20:29"
"	69BA0CDE","	Chamber1","	1","	B01??(?)","	17.3","	2026-07-23 16:20:29"
"	69BA0CDE","	Chamber1","	1","	B01??(%RH)","	92.9","	2026-07-23 16:20:27"
"	69BA0CDE","	Chamber1","	1","	B01??(?)","	17.3","	2026-07-23 16:20:27"
"	69BA0CDE","	Chamber1","	1","	B01??(%RH)","	92.9","	2026-07-23 16:20:25"
"	69BA0CDE","	Chamber1","	1","	B01??(?)","	17.3","	2026-07-23 16:20:25"
"	69BA0CDE","	Chamber1","	1","	B01??(%RH)","	92.9","	2026-07-23 16:20:23"
"	69BA0CDE","	Chamber1","	1","	B01??(?)","	17.3","	2026-07-23 16:20:23"
"	69BA0CDE","	Chamber1","	1","	B01??(%RH)","	92.9","	2026-07-23 16:20:21"
"	69BA0CDE","	Chamber1","	1","	B01??(?)","	17.3","	2026-07-23 16:20:21"
"	69BA0CDE","	Chamber1","	1","	B01??(%RH)","	92.9","	2026-07-23 16:20:19"
"	69BA0CDE","	Chamber1","	1","	B01??(?)","	17.3","	2026-07-23 16:20:19"
"	69BA0CDE","	Chamber1","	1","	B01??(%RH)","	92.9","	2026-07-23 16:20:16"
"	69BA0CDE","	Chamber1","	1","	B01??(?)","	17.3","	2026-07-23 16:20:16"
"	69BA0CDE","	Chamber1","	1","	B01??(%RH)","	92.9","	2026-07-23 16:20:14"
"	69BA0CDE","	Chamber1","	1","	B01??(?)","	17.3","	2026-07-23 16:20:14"
"	69BA0CDE","	Chamber1","	1","	B01??(%RH)","	92.9","	2026-07-23 16:20:12"
"	69BA0CDE","	Chamber1","	1","	B01??(?)","	17.3","	2026-07-23 16:20:12"
"	69BA0CDE","	Chamber1","	1","	B01??(%RH)","	92.9","	2026-07-23 16:20:10"
"	69BA0CDE","	Chamber1","	1","	B01??(?)","	17.3","	2026-07-23 16:20:10"
"	69BA0CDE","	Chamber1","	1","	B01??(%RH)","	92.9","	2026-07-23 16:20:08"
"	69BA0CDE","	Chamber1","	1","	B01??(?)","	17.3","	2026-07-23 16:20:08"
"	69BA0CDE","	Chamber1","	1","	B01??(%RH)","	92.9","	2026-07-23 16:20:06"
"	69BA0CDE","	Chamber1","	1","	B01??(?)","	17.3","	2026-07-23 16:20:06"
"	69BA0CDE","	Chamber1","	1","	B01??(%RH)","	92.9","	2026-07-23 16:20:04"
"	69BA0CDE","	Chamber1","	1","	B01??(?)","	17.3","	2026-07-23 16:20:04"
"	69BA0CDE","	Chamber1","	1","	B01??(%RH)","	92.9","	2026-07-23 16:20:02"
"	69BA0CDE","	Chamber1","	1","	B01??(?)","	17.3","	2026-07-23 16:20:02"
"	69BA0CDE","	Chamber1","	1","	B01??(%RH)","	92.9","	2026-07-23 16:20:00"
"	69BA0CDE","	Chamber1","	1","	B01??(?)","	17.3","	2026-07-23 16:20:00"
"	69BA0CDE","	Chamber1","	1","	B01??(%RH)","	92.9","	2026-07-23 16:19:58"
"	69BA0CDE","	Chamber1","	1","	B01??(?)","	17.3","	2026-07-23 16:19:58"
"	69BA0CDE","	Chamber1","	1","	B01??(%RH)","	92.9","	2026-07-23 16:19:56"
"	69BA0CDE","	Chamber1","	1","	B01??(?)","	17.3","	2026-07-23 16:19:56"
"	69BA0CDE","	Chamber1","	1","	B01??(%RH)","	92.9","	2026-07-23 16:19:54"
"	69BA0CDE","	Chamber1","	1","	B01??(?)","	17.3","	2026-07-23 16:19:54"
"	69BA0CDE","	Chamber1","	1","	B01??(%RH)","	92.9","	2026-07-23 16:19:52"
"	69BA0CDE","	Chamber1","	1","	B01??(?)","	17.3","	2026-07-23 16:19:52"
"	69BA0CDE","	Chamber1","	1","	B01??(%RH)","	92.9","	2026-07-23 16:19:50"
"	69BA0CDE","	Chamber1","	1","	B01??(?)","	17.3","	2026-07-23 16:19:50"
"	69BA0CDE","	Chamber1","	1","	B01??(%RH)","	92.9","	2026-07-23 16:19:48"
"	69BA0CDE","	Chamber1","	1","	B01??(?)","	17.3","	2026-07-23 16:19:48"
"	69BA0CDE","	Chamber1","	1","	B01??(%RH)","	92.9","	2026-07-23 16:19:46"
"	69BA0CDE","	Chamber1","	1","	B01??(?)","	17.3","	2026-07-23 16:19:46"
"	69BA0CDE","	Chamber1","	1","	B01??(%RH)","	92.9","	2026-07-23 16:19:44"
"	69BA0CDE","	Chamber1","	1","	B01??(?)","	17.3","	2026-07-23 16:19:44"
"	69BA0CDE","	Chamber1","	1","	B01??(%RH)","	92.9","	2026-07-23 16:19:42"
"	69BA0CDE","	Chamber1","	1","	B01??(?)","	17.3","	2026-07-23 16:19:42"
"	69BA0CDE","	Chamber1","	1","	B01??(%RH)","	92.9","	2026-07-23 16:19:40"
"	69BA0CDE","	Chamber1","	1","	B01??(?)","	17.3","	2026-07-23 16:19:40"
"	69BA0CDE","	Chamber1","	1","	B01??(%RH)","	92.9","	2026-07-23 16:19:38"
"	69BA0CDE","	Chamber1","	1","	B01??(?)","	17.3","	2026-07-23 16:19:38"
"	69BA0CDE","	Chamber1","	1","	B01??(%RH)","	92.9","	2026-07-23 16:19:36"
"	69BA0CDE","	Chamber1","	1","	B01??(?)","	17.3","	2026-07-23 16:19:36"
"	69BA0CDE","	Chamber1","	1","	B01??(%RH)","	92.9","	2026-07-23 16:19:34"
"	69BA0CDE","	Chamber1","	1","	B01??(?)","	17.3","	2026-07-23 16:19:34"
"	69BA0CDE","	Chamber1","	1","	B01??(%RH)","	92.9","	2026-07-23 16:19:31"
"	69BA0CDE","	Chamber1","	1","	B01??(?)","	17.3","	2026-07-23 16:19:31"
"	69BA0CDE","	Chamber1","	1","	B01??(%RH)","	92.9","	2026-07-23 16:19:29"
"	69BA0CDE","	Chamber1","	1","	B01??(?)","	17.3","	2026-07-23 16:19:29"
"	69BA0CDE","	Chamber1","	1","	B01??(%RH)","	92.9","	2026-07-23 16:19:27"
"	69BA0CDE","	Chamber1","	1","	B01??(?)","	17.3","	2026-07-23 16:19:27"
"	69BA0CDE","	Chamber1","	1","	B01??(%RH)","	92.9","	2026-07-23 16:19:25"
"	69BA0CDE","	Chamber1","	1","	B01??(?)","	17.3","	2026-07-23 16:19:25"
"	69BA0CDE","	Chamber1","	1","	B01??(%RH)","	92.8","	2026-07-23 16:19:23"
"	69BA0CDE","	Chamber1","	1","	B01??(?)","	17.3","	2026-07-23 16:19:23"
"	69BA0CDE","	Chamber1","	1","	B01??(%RH)","	92.9","	2026-07-23 16:19:21"
"	69BA0CDE","	Chamber1","	1","	B01??(?)","	17.3","	2026-07-23 16:19:21"
"	69BA0CDE","	Chamber1","	1","	B01??(%RH)","	92.9","	2026-07-23 16:19:19"
"	69BA0CDE","	Chamber1","	1","	B01??(?)","	17.3","	2026-07-23 16:19:19"
"	69BA0CDE","	Chamber1","	1","	B01??(%RH)","	92.8","	2026-07-23 16:19:17"
"	69BA0CDE","	Chamber1","	1","	B01??(?)","	17.3","	2026-07-23 16:19:17"
"	69BA0CDE","	Chamber1","	1","	B01??(%RH)","	92.9","	2026-07-23 16:19:15"
"	69BA0CDE","	Chamber1","	1","	B01??(?)","	17.3","	2026-07-23 16:19:15"
"	69BA0CDE","	Chamber1","	1","	B01??(%RH)","	92.9","	2026-07-23 16:19:13"
"	69BA0CDE","	Chamber1","	1","	B01??(?)","	17.3","	2026-07-23 16:19:13"
"	69BA0CDE","	Chamber1","	1","	B01??(%RH)","	92.9","	2026-07-23 16:19:11"
"	69BA0CDE","	Chamber1","	1","	B01??(?)","	17.3","	2026-07-23 16:19:11"
"	69BA0CDE","	Chamber1","	1","	B01??(%RH)","	92.9","	2026-07-23 16:19:09"
"	69BA0CDE","	Chamber1","	1","	B01??(?)","	17.3","	2026-07-23 16:19:09"
"	69BA0CDE","	Chamber1","	1","	B01??(%RH)","	92.8","	2026-07-23 16:19:07"
"	69BA0CDE","	Chamber1","	1","	B01??(?)","	17.3","	2026-07-23 16:19:07"
"	69BA0CDE","	Chamber1","	1","	B01??(%RH)","	92.9","	2026-07-23 16:19:05"
"	69BA0CDE","	Chamber1","	1","	B01??(?)","	17.3","	2026-07-23 16:19:05"
"	69BA0CDE","	Chamber1","	1","	B01??(%RH)","	92.9","	2026-07-23 16:19:03"
"	69BA0CDE","	Chamber1","	1","	B01??(?)","	17.3","	2026-07-23 16:19:03"
"	69BA0CDE","	Chamber1","	1","	B01??(%RH)","	92.8","	2026-07-23 16:19:01"
"	69BA0CDE","	Chamber1","	1","	B01??(?)","	17.3","	2026-07-23 16:19:01"
"	69BA0CDE","	Chamber1","	1","	B01??(%RH)","	92.9","	2026-07-23 16:18:59"
"	69BA0CDE","	Chamber1","	1","	B01??(?)","	17.3","	2026-07-23 16:18:59"
"	69BA0CDE","	Chamber1","	1","	B01??(%RH)","	92.8","	2026-07-23 16:18:57"
"	69BA0CDE","	Chamber1","	1","	B01??(?)","	17.3","	2026-07-23 16:18:57"
"	69BA0CDE","	Chamber1","	1","	B01??(%RH)","	92.9","	2026-07-23 16:18:55"
"	69BA0CDE","	Chamber1","	1","	B01??(?)","	17.3","	2026-07-23 16:18:55"
"	69BA0CDE","	Chamber1","	1","	B01??(%RH)","	92.9","	2026-07-23 16:18:53"
"	69BA0CDE","	Chamber1","	1","	B01??(?)","	17.3","	2026-07-23 16:18:53"
"	69BA0CDE","	Chamber1","	1","	B01??(%RH)","	92.9","	2026-07-23 16:18:51"
"	69BA0CDE","	Chamber1","	1","	B01??(?)","	17.3","	2026-07-23 16:18:51"
"	69BA0CDE","	Chamber1","	1","	B01??(%RH)","	92.8","	2026-07-23 16:18:48"
"	69BA0CDE","	Chamber1","	1","	B01??(?)","	17.3","	2026-07-23 16:18:48"
"	69BA0CDE","	Chamber1","	1","	B01??(%RH)","	92.9","	2026-07-23 16:18:46"
"	69BA0CDE","	Chamber1","	1","	B01??(?)","	17.3","	2026-07-23 16:18:46"
"	69BA0CDE","	Chamber1","	1","	B01??(%RH)","	92.9","	2026-07-23 16:18:44"
"	69BA0CDE","	Chamber1","	1","	B01??(?)","	17.3","	2026-07-23 16:18:44"
"	69BA0CDE","	Chamber1","	1","	B01??(%RH)","	92.8","	2026-07-23 16:18:42"
"	69BA0CDE","	Chamber1","	1","	B01??(?)","	17.3","	2026-07-23 16:18:42"
"	69BA0CDE","	Chamber1","	1","	B01??(%RH)","	92.9","	2026-07-23 16:18:40"
"	69BA0CDE","	Chamber1","	1","	B01??(?)","	17.3","	2026-07-23 16:18:40"
"	69BA0CDE","	Chamber1","	1","	B01??(%RH)","	92.8","	2026-07-23 16:18:38"
"	69BA0CDE","	Chamber1","	1","	B01??(?)","	17.3","	2026-07-23 16:18:38"
"	69BA0CDE","	Chamber1","	1","	B01??(%RH)","	92.8","	2026-07-23 16:18:36"
"	69BA0CDE","	Chamber1","	1","	B01??(?)","	17.3","	2026-07-23 16:18:36"
"	69BA0CDE","	Chamber1","	1","	B01??(%RH)","	92.9","	2026-07-23 16:18:34"
"	69BA0CDE","	Chamber1","	1","	B01??(?)","	17.3","	2026-07-23 16:18:34"
"	69BA0CDE","	Chamber1","	1","	B01??(%RH)","	92.8","	2026-07-23 16:18:32"
"	69BA0CDE","	Chamber1","	1","	B01??(?)","	17.3","	2026-07-23 16:18:32"
"	69BA0CDE","	Chamber1","	1","	B01??(%RH)","	92.9","	2026-07-23 16:18:30"
"	69BA0CDE","	Chamber1","	1","	B01??(?)","	17.3","	2026-07-23 16:18:30"
"	69BA0CDE","	Chamber1","	1","	B01??(%RH)","	92.8","	2026-07-23 16:18:28"
"	69BA0CDE","	Chamber1","	1","	B01??(?)","	17.3","	2026-07-23 16:18:28"
"	69BA0CDE","	Chamber1","	1","	B01??(%RH)","	92.8","	2026-07-23 16:18:26"
"	69BA0CDE","	Chamber1","	1","	B01??(?)","	17.3","	2026-07-23 16:18:26"
"	69BA0CDE","	Chamber1","	1","	B01??(%RH)","	92.9","	2026-07-23 16:18:24"
"	69BA0CDE","	Chamber1","	1","	B01??(?)","	17.3","	2026-07-23 16:18:24"
"	69BA0CDE","	Chamber1","	1","	B01??(?)","	17.4","	2026-07-23 16:18:22"
"	69BA0CDE","	Chamber1","	1","	B01??(%RH)","	92.8","	2026-07-23 16:18:22"
"	69BA0CDE","	Chamber1","	1","	B01??(%RH)","	92.8","	2026-07-23 16:18:20"
"	69BA0CDE","	Chamber1","	1","	B01??(?)","	17.3","	2026-07-23 16:18:20"
"	69BA0CDE","	Chamber1","	1","	B01??(%RH)","	92.8","	2026-07-23 16:18:18"
"	69BA0CDE","	Chamber1","	1","	B01??(?)","	17.3","	2026-07-23 16:18:18"
"	69BA0CDE","	Chamber1","	1","	B01??(%RH)","	92.8","	2026-07-23 16:18:16"
"	69BA0CDE","	Chamber1","	1","	B01??(?)","	17.3","	2026-07-23 16:18:16"
"	69BA0CDE","	Chamber1","	1","	B01??(%RH)","	92.8","	2026-07-23 16:18:14"
"	69BA0CDE","	Chamber1","	1","	B01??(?)","	17.3","	2026-07-23 16:18:14"
"	69BA0CDE","	Chamber1","	1","	B01??(%RH)","	92.8","	2026-07-23 16:18:12"
"	69BA0CDE","	Chamber1","	1","	B01??(?)","	17.3","	2026-07-23 16:18:12"
"	69BA0CDE","	Chamber1","	1","	B01??(%RH)","	92.8","	2026-07-23 16:18:10"
"	69BA0CDE","	Chamber1","	1","	B01??(?)","	17.3","	2026-07-23 16:18:10"
"	69BA0CDE","	Chamber1","	1","	B01??(%RH)","	92.8","	2026-07-23 16:18:08"
"	69BA0CDE","	Chamber1","	1","	B01??(?)","	17.3","	2026-07-23 16:18:08"
"	69BA0CDE","	Chamber1","	1","	B01??(%RH)","	92.8","	2026-07-23 16:18:05"
"	69BA0CDE","	Chamber1","	1","	B01??(?)","	17.3","	2026-07-23 16:18:05"
"	69BA0CDE","	Chamber1","	1","	B01??(%RH)","	92.8","	2026-07-23 16:18:03"
"	69BA0CDE","	Chamber1","	1","	B01??(?)","	17.3","	2026-07-23 16:18:03"
"	69BA0CDE","	Chamber1","	1","	B01??(%RH)","	92.8","	2026-07-23 16:18:01"
"	69BA0CDE","	Chamber1","	1","	B01??(?)","	17.3","	2026-07-23 16:18:01"
"	69BA0CDE","	Chamber1","	1","	B01??(%RH)","	92.8","	2026-07-23 16:17:59"
"	69BA0CDE","	Chamber1","	1","	B01??(?)","	17.3","	2026-07-23 16:17:59"
"	69BA0CDE","	Chamber1","	1","	B01??(%RH)","	92.8","	2026-07-23 16:17:57"
"	69BA0CDE","	Chamber1","	1","	B01??(?)","	17.3","	2026-07-23 16:17:57"
"	69BA0CDE","	Chamber1","	1","	B01??(%RH)","	92.8","	2026-07-23 16:17:55"
"	69BA0CDE","	Chamber1","	1","	B01??(?)","	17.3","	2026-07-23 16:17:55"
"	69BA0CDE","	Chamber1","	1","	B01??(%RH)","	92.8","	2026-07-23 16:17:53"
"	69BA0CDE","	Chamber1","	1","	B01??(?)","	17.3","	2026-07-23 16:17:53"
"	69BA0CDE","	Chamber1","	1","	B01??(%RH)","	92.8","	2026-07-23 16:17:51"
"	69BA0CDE","	Chamber1","	1","	B01??(?)","	17.3","	2026-07-23 16:17:51"
"	69BA0CDE","	Chamber1","	1","	B01??(%RH)","	92.8","	2026-07-23 16:17:49"
"	69BA0CDE","	Chamber1","	1","	B01??(?)","	17.3","	2026-07-23 16:17:49"
"	69BA0CDE","	Chamber1","	1","	B01??(%RH)","	92.8","	2026-07-23 16:17:47"
"	69BA0CDE","	Chamber1","	1","	B01??(?)","	17.3","	2026-07-23 16:17:47"
"	69BA0CDE","	Chamber1","	1","	B01??(%RH)","	92.8","	2026-07-23 16:17:45"
"	69BA0CDE","	Chamber1","	1","	B01??(?)","	17.3","	2026-07-23 16:17:45"
"	69BA0CDE","	Chamber1","	1","	B01??(%RH)","	92.8","	2026-07-23 16:17:43"
"	69BA0CDE","	Chamber1","	1","	B01??(?)","	17.3","	2026-07-23 16:17:43"
"	69BA0CDE","	Chamber1","	1","	B01??(%RH)","	92.8","	2026-07-23 16:17:41"
"	69BA0CDE","	Chamber1","	1","	B01??(?)","	17.3","	2026-07-23 16:17:41"
"	69BA0CDE","	Chamber1","	1","	B01??(%RH)","	92.8","	2026-07-23 16:17:39"
"	69BA0CDE","	Chamber1","	1","	B01??(?)","	17.3","	2026-07-23 16:17:39"
"	69BA0CDE","	Chamber1","	1","	B01??(%RH)","	92.8","	2026-07-23 16:17:37"
"	69BA0CDE","	Chamber1","	1","	B01??(?)","	17.3","	2026-07-23 16:17:37"
"	69BA0CDE","	Chamber1","	1","	B01??(%RH)","	92.8","	2026-07-23 16:17:35"
"	69BA0CDE","	Chamber1","	1","	B01??(?)","	17.3","	2026-07-23 16:17:35"
"	69BA0CDE","	Chamber1","	1","	B01??(%RH)","	92.8","	2026-07-23 16:17:33"
"	69BA0CDE","	Chamber1","	1","	B01??(?)","	17.3","	2026-07-23 16:17:33"
"	69BA0CDE","	Chamber1","	1","	B01??(%RH)","	92.8","	2026-07-23 16:17:31"
"	69BA0CDE","	Chamber1","	1","	B01??(?)","	17.3","	2026-07-23 16:17:31"
"	69BA0CDE","	Chamber1","	1","	B01??(%RH)","	92.8","	2026-07-23 16:17:29"
"	69BA0CDE","	Chamber1","	1","	B01??(?)","	17.3","	2026-07-23 16:17:29"
"	69BA0CDE","	Chamber1","	1","	B01??(%RH)","	92.8","	2026-07-23 16:17:27"
"	69BA0CDE","	Chamber1","	1","	B01??(?)","	17.3","	2026-07-23 16:17:27"
"	69BA0CDE","	Chamber1","	1","	B01??(%RH)","	92.8","	2026-07-23 16:17:25"
"	69BA0CDE","	Chamber1","	1","	B01??(?)","	17.3","	2026-07-23 16:17:25"
"	69BA0CDE","	Chamber1","	1","	B01??(%RH)","	92.8","	2026-07-23 16:17:22"
"	69BA0CDE","	Chamber1","	1","	B01??(?)","	17.3","	2026-07-23 16:17:22"
"	69BA0CDE","	Chamber1","	1","	B01??(%RH)","	92.8","	2026-07-23 16:17:20"
"	69BA0CDE","	Chamber1","	1","	B01??(?)","	17.3","	2026-07-23 16:17:20"
"	69BA0CDE","	Chamber1","	1","	B01??(%RH)","	92.8","	2026-07-23 16:17:18"
"	69BA0CDE","	Chamber1","	1","	B01??(?)","	17.3","	2026-07-23 16:17:18"
"	69BA0CDE","	Chamber1","	1","	B01??(%RH)","	92.8","	2026-07-23 16:17:16"
"	69BA0CDE","	Chamber1","	1","	B01??(?)","	17.3","	2026-07-23 16:17:16"
"	69BA0CDE","	Chamber1","	1","	B01??(%RH)","	92.8","	2026-07-23 16:17:14"
"	69BA0CDE","	Chamber1","	1","	B01??(?)","	17.3","	2026-07-23 16:17:14"
"	69BA0CDE","	Chamber1","	1","	B01??(%RH)","	92.8","	2026-07-23 16:17:12"
"	69BA0CDE","	Chamber1","	1","	B01??(?)","	17.3","	2026-07-23 16:17:12"
"	69BA0CDE","	Chamber1","	1","	B01??(%RH)","	92.8","	2026-07-23 16:17:10"
"	69BA0CDE","	Chamber1","	1","	B01??(?)","	17.3","	2026-07-23 16:17:10"
"	69BA0CDE","	Chamber1","	1","	B01??(%RH)","	92.8","	2026-07-23 16:17:08"
"	69BA0CDE","	Chamber1","	1","	B01??(?)","	17.3","	2026-07-23 16:17:08"
"	69BA0CDE","	Chamber1","	1","	B01??(%RH)","	92.8","	2026-07-23 16:17:06"
"	69BA0CDE","	Chamber1","	1","	B01??(?)","	17.3","	2026-07-23 16:17:06"
"	69BA0CDE","	Chamber1","	1","	B01??(%RH)","	92.8","	2026-07-23 16:17:04"
"	69BA0CDE","	Chamber1","	1","	B01??(?)","	17.3","	2026-07-23 16:17:04"
"	69BA0CDE","	Chamber1","	1","	B01??(%RH)","	92.8","	2026-07-23 16:17:02"
"	69BA0CDE","	Chamber1","	1","	B01??(?)","	17.3","	2026-07-23 16:17:02"
"	69BA0CDE","	Chamber1","	1","	B01??(%RH)","	92.8","	2026-07-23 16:17:00"
"	69BA0CDE","	Chamber1","	1","	B01??(?)","	17.3","	2026-07-23 16:17:00"
"	69BA0CDE","	Chamber1","	1","	B01??(%RH)","	92.8","	2026-07-23 16:16:58"
"	69BA0CDE","	Chamber1","	1","	B01??(?)","	17.3","	2026-07-23 16:16:58"
"	69BA0CDE","	Chamber1","	1","	B01??(%RH)","	92.8","	2026-07-23 16:16:56"
"	69BA0CDE","	Chamber1","	1","	B01??(?)","	17.3","	2026-07-23 16:16:56"
"	69BA0CDE","	Chamber1","	1","	B01??(%RH)","	92.8","	2026-07-23 16:16:54"
"	69BA0CDE","	Chamber1","	1","	B01??(?)","	17.3","	2026-07-23 16:16:54"
"	69BA0CDE","	Chamber1","	1","	B01??(%RH)","	92.8","	2026-07-23 16:16:52"
"	69BA0CDE","	Chamber1","	1","	B01??(?)","	17.3","	2026-07-23 16:16:52"
"	69BA0CDE","	Chamber1","	1","	B01??(%RH)","	92.8","	2026-07-23 16:16:50"
"	69BA0CDE","	Chamber1","	1","	B01??(?)","	17.3","	2026-07-23 16:16:50"
"	69BA0CDE","	Chamber1","	1","	B01??(%RH)","	92.8","	2026-07-23 16:16:48"
"	69BA0CDE","	Chamber1","	1","	B01??(?)","	17.3","	2026-07-23 16:16:48"
"	69BA0CDE","	Chamber1","	1","	B01??(%RH)","	92.8","	2026-07-23 16:16:46"
"	69BA0CDE","	Chamber1","	1","	B01??(?)","	17.3","	2026-07-23 16:16:46"
"	69BA0CDE","	Chamber1","	1","	B01??(%RH)","	92.8","	2026-07-23 16:16:44"
"	69BA0CDE","	Chamber1","	1","	B01??(?)","	17.3","	2026-07-23 16:16:44"
"	69BA0CDE","	Chamber1","	1","	B01??(%RH)","	92.7","	2026-07-23 16:16:42"
"	69BA0CDE","	Chamber1","	1","	B01??(?)","	17.3","	2026-07-23 16:16:42"
"	69BA0CDE","	Chamber1","	1","	B01??(%RH)","	92.8","	2026-07-23 16:16:39"
"	69BA0CDE","	Chamber1","	1","	B01??(?)","	17.3","	2026-07-23 16:16:39"
"	69BA0CDE","	Chamber1","	1","	B01??(%RH)","	92.8","	2026-07-23 16:16:37"
"	69BA0CDE","	Chamber1","	1","	B01??(?)","	17.3","	2026-07-23 16:16:37"
"	69BA0CDE","	Chamber1","	1","	B01??(%RH)","	92.8","	2026-07-23 16:16:35"
"	69BA0CDE","	Chamber1","	1","	B01??(?)","	17.3","	2026-07-23 16:16:35"
"	69BA0CDE","	Chamber1","	1","	B01??(%RH)","	92.8","	2026-07-23 16:16:33"
"	69BA0CDE","	Chamber1","	1","	B01??(?)","	17.3","	2026-07-23 16:16:33"
"	69BA0CDE","	Chamber1","	1","	B01??(%RH)","	92.8","	2026-07-23 16:16:31"
"	69BA0CDE","	Chamber1","	1","	B01??(?)","	17.3","	2026-07-23 16:16:31"
"	69BA0CDE","	Chamber1","	1","	B01??(%RH)","	92.8","	2026-07-23 16:16:29"
"	69BA0CDE","	Chamber1","	1","	B01??(?)","	17.3","	2026-07-23 16:16:29"
"	69BA0CDE","	Chamber1","	1","	B01??(%RH)","	92.8","	2026-07-23 16:16:27"
"	69BA0CDE","	Chamber1","	1","	B01??(?)","	17.3","	2026-07-23 16:16:27"
"	69BA0CDE","	Chamber1","	1","	B01??(%RH)","	92.8","	2026-07-23 16:16:25"
"	69BA0CDE","	Chamber1","	1","	B01??(?)","	17.3","	2026-07-23 16:16:25"
"	69BA0CDE","	Chamber1","	1","	B01??(%RH)","	92.8","	2026-07-23 16:16:23"
"	69BA0CDE","	Chamber1","	1","	B01??(?)","	17.3","	2026-07-23 16:16:23"
"	69BA0CDE","	Chamber1","	1","	B01??(%RH)","	92.8","	2026-07-23 16:16:21"
"	69BA0CDE","	Chamber1","	1","	B01??(?)","	17.3","	2026-07-23 16:16:21"
"	69BA0CDE","	Chamber1","	1","	B01??(%RH)","	92.8","	2026-07-23 16:16:19"
"	69BA0CDE","	Chamber1","	1","	B01??(?)","	17.3","	2026-07-23 16:16:19"
"	69BA0CDE","	Chamber1","	1","	B01??(%RH)","	92.8","	2026-07-23 16:16:17"
"	69BA0CDE","	Chamber1","	1","	B01??(?)","	17.3","	2026-07-23 16:16:17"
"	69BA0CDE","	Chamber1","	1","	B01??(%RH)","	92.8","	2026-07-23 16:16:15"
"	69BA0CDE","	Chamber1","	1","	B01??(?)","	17.3","	2026-07-23 16:16:15"
"	69BA0CDE","	Chamber1","	1","	B01??(%RH)","	92.8","	2026-07-23 16:16:13"
"	69BA0CDE","	Chamber1","	1","	B01??(?)","	17.3","	2026-07-23 16:16:13"
"	69BA0CDE","	Chamber1","	1","	B01??(%RH)","	92.8","	2026-07-23 16:16:11"
"	69BA0CDE","	Chamber1","	1","	B01??(?)","	17.3","	2026-07-23 16:16:11"
"	69BA0CDE","	Chamber1","	1","	B01??(%RH)","	92.8","	2026-07-23 16:16:09"
"	69BA0CDE","	Chamber1","	1","	B01??(?)","	17.3","	2026-07-23 16:16:09"
"	69BA0CDE","	Chamber1","	1","	B01??(%RH)","	92.8","	2026-07-23 16:16:07"
"	69BA0CDE","	Chamber1","	1","	B01??(?)","	17.3","	2026-07-23 16:16:07"
"	69BA0CDE","	Chamber1","	1","	B01??(%RH)","	92.7","	2026-07-23 16:16:05"
"	69BA0CDE","	Chamber1","	1","	B01??(?)","	17.3","	2026-07-23 16:16:05"
"	69BA0CDE","	Chamber1","	1","	B01??(%RH)","	92.8","	2026-07-23 16:16:03"
"	69BA0CDE","	Chamber1","	1","	B01??(?)","	17.3","	2026-07-23 16:16:03"
"	69BA0CDE","	Chamber1","	1","	B01??(%RH)","	92.8","	2026-07-23 16:16:01"
"	69BA0CDE","	Chamber1","	1","	B01??(?)","	17.3","	2026-07-23 16:16:01"
"	69BA0CDE","	Chamber1","	1","	B01??(%RH)","	92.8","	2026-07-23 16:15:59"
"	69BA0CDE","	Chamber1","	1","	B01??(?)","	17.3","	2026-07-23 16:15:59"
"	69BA0CDE","	Chamber1","	1","	B01??(%RH)","	92.8","	2026-07-23 16:15:57"
"	69BA0CDE","	Chamber1","	1","	B01??(?)","	17.3","	2026-07-23 16:15:57"
"	69BA0CDE","	Chamber1","	1","	B01??(%RH)","	92.8","	2026-07-23 16:15:54"
"	69BA0CDE","	Chamber1","	1","	B01??(?)","	17.3","	2026-07-23 16:15:54"
"	69BA0CDE","	Chamber1","	1","	B01??(%RH)","	92.7","	2026-07-23 16:15:52"
"	69BA0CDE","	Chamber1","	1","	B01??(?)","	17.3","	2026-07-23 16:15:52"
"	69BA0CDE","	Chamber1","	1","	B01??(%RH)","	92.8","	2026-07-23 16:15:50"
"	69BA0CDE","	Chamber1","	1","	B01??(?)","	17.3","	2026-07-23 16:15:50"
"	69BA0CDE","	Chamber1","	1","	B01??(%RH)","	92.8","	2026-07-23 16:15:48"
"	69BA0CDE","	Chamber1","	1","	B01??(?)","	17.3","	2026-07-23 16:15:48"
"	69BA0CDE","	Chamber1","	1","	B01??(%RH)","	92.8","	2026-07-23 16:15:46"
"	69BA0CDE","	Chamber1","	1","	B01??(?)","	17.3","	2026-07-23 16:15:46"
"	69BA0CDE","	Chamber1","	1","	B01??(%RH)","	92.8","	2026-07-23 16:15:44"
"	69BA0CDE","	Chamber1","	1","	B01??(?)","	17.3","	2026-07-23 16:15:44"
"	69BA0CDE","	Chamber1","	1","	B01??(%RH)","	92.7","	2026-07-23 16:15:42"
"	69BA0CDE","	Chamber1","	1","	B01??(?)","	17.3","	2026-07-23 16:15:42"
"	69BA0CDE","	Chamber1","	1","	B01??(%RH)","	92.8","	2026-07-23 16:15:40"
"	69BA0CDE","	Chamber1","	1","	B01??(?)","	17.3","	2026-07-23 16:15:40"
"	69BA0CDE","	Chamber1","	1","	B01??(%RH)","	92.7","	2026-07-23 16:15:38"
"	69BA0CDE","	Chamber1","	1","	B01??(?)","	17.3","	2026-07-23 16:15:38"
"	69BA0CDE","	Chamber1","	1","	B01??(%RH)","	92.8","	2026-07-23 16:15:36"
"	69BA0CDE","	Chamber1","	1","	B01??(?)","	17.3","	2026-07-23 16:15:36"
"	69BA0CDE","	Chamber1","	1","	B01??(%RH)","	92.8","	2026-07-23 16:15:34"
"	69BA0CDE","	Chamber1","	1","	B01??(?)","	17.3","	2026-07-23 16:15:34"
"	69BA0CDE","	Chamber1","	1","	B01??(%RH)","	92.8","	2026-07-23 16:15:32"
"	69BA0CDE","	Chamber1","	1","	B01??(?)","	17.3","	2026-07-23 16:15:32"
"	69BA0CDE","	Chamber1","	1","	B01??(%RH)","	92.7","	2026-07-23 16:15:30"
"	69BA0CDE","	Chamber1","	1","	B01??(?)","	17.3","	2026-07-23 16:15:30"
"	69BA0CDE","	Chamber1","	1","	B01??(%RH)","	92.7","	2026-07-23 16:15:28"
"	69BA0CDE","	Chamber1","	1","	B01??(?)","	17.3","	2026-07-23 16:15:28"
"	69BA0CDE","	Chamber1","	1","	B01??(%RH)","	92.8","	2026-07-23 16:15:26"
"	69BA0CDE","	Chamber1","	1","	B01??(?)","	17.3","	2026-07-23 16:15:26"
"	69BA0CDE","	Chamber1","	1","	B01??(%RH)","	92.7","	2026-07-23 16:15:24"
"	69BA0CDE","	Chamber1","	1","	B01??(?)","	17.3","	2026-07-23 16:15:24"
"	69BA0CDE","	Chamber1","	1","	B01??(%RH)","	92.7","	2026-07-23 16:15:22"
"	69BA0CDE","	Chamber1","	1","	B01??(?)","	17.3","	2026-07-23 16:15:22"
"	69BA0CDE","	Chamber1","	1","	B01??(%RH)","	92.8","	2026-07-23 16:15:20"
"	69BA0CDE","	Chamber1","	1","	B01??(?)","	17.3","	2026-07-23 16:15:20"
"	69BA0CDE","	Chamber1","	1","	B01??(%RH)","	92.7","	2026-07-23 16:15:18"
"	69BA0CDE","	Chamber1","	1","	B01??(?)","	17.3","	2026-07-23 16:15:18"
"	69BA0CDE","	Chamber1","	1","	B01??(%RH)","	92.7","	2026-07-23 16:15:16"
"	69BA0CDE","	Chamber1","	1","	B01??(?)","	17.3","	2026-07-23 16:15:16"
"	69BA0CDE","	Chamber1","	1","	B01??(%RH)","	92.7","	2026-07-23 16:15:14"
"	69BA0CDE","	Chamber1","	1","	B01??(?)","	17.3","	2026-07-23 16:15:14"
"	69BA0CDE","	Chamber1","	1","	B01??(%RH)","	92.7","	2026-07-23 16:15:11"
"	69BA0CDE","	Chamber1","	1","	B01??(?)","	17.3","	2026-07-23 16:15:11"
"	69BA0CDE","	Chamber1","	1","	B01??(%RH)","	92.7","	2026-07-23 16:15:09"
"	69BA0CDE","	Chamber1","	1","	B01??(?)","	17.3","	2026-07-23 16:15:09"
"	69BA0CDE","	Chamber1","	1","	B01??(%RH)","	92.7","	2026-07-23 16:15:07"
"	69BA0CDE","	Chamber1","	1","	B01??(?)","	17.3","	2026-07-23 16:15:07"
"	69BA0CDE","	Chamber1","	1","	B01??(%RH)","	92.7","	2026-07-23 16:15:05"
"	69BA0CDE","	Chamber1","	1","	B01??(?)","	17.3","	2026-07-23 16:15:05"
"	69BA0CDE","	Chamber1","	1","	B01??(%RH)","	92.7","	2026-07-23 16:15:03"
"	69BA0CDE","	Chamber1","	1","	B01??(?)","	17.3","	2026-07-23 16:15:03"
"	69BA0CDE","	Chamber1","	1","	B01??(%RH)","	92.7","	2026-07-23 16:15:01"
"	69BA0CDE","	Chamber1","	1","	B01??(?)","	17.3","	2026-07-23 16:15:01"
"	69BA0CDE","	Chamber1","	1","	B01??(%RH)","	92.7","	2026-07-23 16:14:59"
"	69BA0CDE","	Chamber1","	1","	B01??(?)","	17.3","	2026-07-23 16:14:59"
"	69BA0CDE","	Chamber1","	1","	B01??(%RH)","	92.8","	2026-07-23 16:14:57"
"	69BA0CDE","	Chamber1","	1","	B01??(?)","	17.3","	2026-07-23 16:14:57"
"	69BA0CDE","	Chamber1","	1","	B01??(%RH)","	92.7","	2026-07-23 16:14:55"
"	69BA0CDE","	Chamber1","	1","	B01??(?)","	17.3","	2026-07-23 16:14:55"
"	69BA0CDE","	Chamber1","	1","	B01??(%RH)","	92.7","	2026-07-23 16:14:53"
"	69BA0CDE","	Chamber1","	1","	B01??(?)","	17.3","	2026-07-23 16:14:53"
"	69BA0CDE","	Chamber1","	1","	B01??(%RH)","	92.7","	2026-07-23 16:14:51"
"	69BA0CDE","	Chamber1","	1","	B01??(?)","	17.3","	2026-07-23 16:14:51"
"	69BA0CDE","	Chamber1","	1","	B01??(%RH)","	92.7","	2026-07-23 16:14:49"
"	69BA0CDE","	Chamber1","	1","	B01??(?)","	17.3","	2026-07-23 16:14:49"
"	69BA0CDE","	Chamber1","	1","	B01??(%RH)","	92.8","	2026-07-23 16:14:47"
"	69BA0CDE","	Chamber1","	1","	B01??(?)","	17.3","	2026-07-23 16:14:47"
"	69BA0CDE","	Chamber1","	1","	B01??(%RH)","	92.7","	2026-07-23 16:14:45"
"	69BA0CDE","	Chamber1","	1","	B01??(?)","	17.3","	2026-07-23 16:14:45"
"	69BA0CDE","	Chamber1","	1","	B01??(%RH)","	92.7","	2026-07-23 16:14:43"
"	69BA0CDE","	Chamber1","	1","	B01??(?)","	17.3","	2026-07-23 16:14:43"
"	69BA0CDE","	Chamber1","	1","	B01??(%RH)","	92.7","	2026-07-23 16:14:41"
"	69BA0CDE","	Chamber1","	1","	B01??(?)","	17.3","	2026-07-23 16:14:41"
"	69BA0CDE","	Chamber1","	1","	B01??(%RH)","	92.7","	2026-07-23 16:14:39"
"	69BA0CDE","	Chamber1","	1","	B01??(?)","	17.3","	2026-07-23 16:14:39"
"	69BA0CDE","	Chamber1","	1","	B01??(%RH)","	92.7","	2026-07-23 16:14:37"
"	69BA0CDE","	Chamber1","	1","	B01??(?)","	17.3","	2026-07-23 16:14:37"
"	69BA0CDE","	Chamber1","	1","	B01??(%RH)","	92.7","	2026-07-23 16:14:35"
"	69BA0CDE","	Chamber1","	1","	B01??(?)","	17.3","	2026-07-23 16:14:35"
"	69BA0CDE","	Chamber1","	1","	B01??(%RH)","	92.7","	2026-07-23 16:14:33"
"	69BA0CDE","	Chamber1","	1","	B01??(?)","	17.3","	2026-07-23 16:14:33"
"	69BA0CDE","	Chamber1","	1","	B01??(%RH)","	92.7","	2026-07-23 16:14:31"
"	69BA0CDE","	Chamber1","	1","	B01??(?)","	17.3","	2026-07-23 16:14:31"
"	69BA0CDE","	Chamber1","	1","	B01??(%RH)","	92.7","	2026-07-23 16:14:28"
"	69BA0CDE","	Chamber1","	1","	B01??(?)","	17.3","	2026-07-23 16:14:28"
"	69BA0CDE","	Chamber1","	1","	B01??(%RH)","	92.7","	2026-07-23 16:14:26"
"	69BA0CDE","	Chamber1","	1","	B01??(?)","	17.3","	2026-07-23 16:14:26"
"	69BA0CDE","	Chamber1","	1","	B01??(%RH)","	92.7","	2026-07-23 16:14:24"
"	69BA0CDE","	Chamber1","	1","	B01??(?)","	17.3","	2026-07-23 16:14:24"
"	69BA0CDE","	Chamber1","	1","	B01??(%RH)","	92.7","	2026-07-23 16:14:22"
"	69BA0CDE","	Chamber1","	1","	B01??(?)","	17.3","	2026-07-23 16:14:22"
"	69BA0CDE","	Chamber1","	1","	B01??(%RH)","	92.7","	2026-07-23 16:14:20"
"	69BA0CDE","	Chamber1","	1","	B01??(?)","	17.3","	2026-07-23 16:14:20"
"	69BA0CDE","	Chamber1","	1","	B01??(%RH)","	92.7","	2026-07-23 16:14:18"
"	69BA0CDE","	Chamber1","	1","	B01??(?)","	17.3","	2026-07-23 16:14:18"
"	69BA0CDE","	Chamber1","	1","	B01??(%RH)","	92.7","	2026-07-23 16:14:16"
"	69BA0CDE","	Chamber1","	1","	B01??(?)","	17.3","	2026-07-23 16:14:16"
"	69BA0CDE","	Chamber1","	1","	B01??(%RH)","	92.7","	2026-07-23 16:14:14"
"	69BA0CDE","	Chamber1","	1","	B01??(?)","	17.3","	2026-07-23 16:14:14"
"	69BA0CDE","	Chamber1","	1","	B01??(%RH)","	92.7","	2026-07-23 16:14:12"
"	69BA0CDE","	Chamber1","	1","	B01??(?)","	17.3","	2026-07-23 16:14:12"
"	69BA0CDE","	Chamber1","	1","	B01??(%RH)","	92.7","	2026-07-23 16:14:10"
"	69BA0CDE","	Chamber1","	1","	B01??(?)","	17.3","	2026-07-23 16:14:10"
"	69BA0CDE","	Chamber1","	1","	B01??(%RH)","	92.7","	2026-07-23 16:14:08"
"	69BA0CDE","	Chamber1","	1","	B01??(?)","	17.3","	2026-07-23 16:14:08"
"	69BA0CDE","	Chamber1","	1","	B01??(%RH)","	92.7","	2026-07-23 16:14:06"
"	69BA0CDE","	Chamber1","	1","	B01??(?)","	17.3","	2026-07-23 16:14:06"
"	69BA0CDE","	Chamber1","	1","	B01??(%RH)","	92.7","	2026-07-23 16:14:04"
"	69BA0CDE","	Chamber1","	1","	B01??(?)","	17.3","	2026-07-23 16:14:04"
"	69BA0CDE","	Chamber1","	1","	B01??(%RH)","	92.7","	2026-07-23 16:14:02"
"	69BA0CDE","	Chamber1","	1","	B01??(?)","	17.3","	2026-07-23 16:14:02"
"	69BA0CDE","	Chamber1","	1","	B01??(%RH)","	92.7","	2026-07-23 16:14:00"
"	69BA0CDE","	Chamber1","	1","	B01??(?)","	17.3","	2026-07-23 16:14:00"
"	69BA0CDE","	Chamber1","	1","	B01??(%RH)","	92.7","	2026-07-23 16:13:58"
"	69BA0CDE","	Chamber1","	1","	B01??(?)","	17.3","	2026-07-23 16:13:58"
"	69BA0CDE","	Chamber1","	1","	B01??(%RH)","	92.7","	2026-07-23 16:13:56"
"	69BA0CDE","	Chamber1","	1","	B01??(?)","	17.3","	2026-07-23 16:13:56"
"	69BA0CDE","	Chamber1","	1","	B01??(%RH)","	92.7","	2026-07-23 16:13:54"
"	69BA0CDE","	Chamber1","	1","	B01??(?)","	17.3","	2026-07-23 16:13:54"
"	69BA0CDE","	Chamber1","	1","	B01??(%RH)","	92.7","	2026-07-23 16:13:52"
"	69BA0CDE","	Chamber1","	1","	B01??(?)","	17.3","	2026-07-23 16:13:52"
"	69BA0CDE","	Chamber1","	1","	B01??(%RH)","	92.7","	2026-07-23 16:13:50"
"	69BA0CDE","	Chamber1","	1","	B01??(?)","	17.3","	2026-07-23 16:13:50"
"	69BA0CDE","	Chamber1","	1","	B01??(%RH)","	92.7","	2026-07-23 16:13:48"
"	69BA0CDE","	Chamber1","	1","	B01??(?)","	17.3","	2026-07-23 16:13:48"
"	69BA0CDE","	Chamber1","	1","	B01??(%RH)","	92.7","	2026-07-23 16:13:45"
"	69BA0CDE","	Chamber1","	1","	B01??(?)","	17.3","	2026-07-23 16:13:45"
"	69BA0CDE","	Chamber1","	1","	B01??(%RH)","	92.7","	2026-07-23 16:13:43"
"	69BA0CDE","	Chamber1","	1","	B01??(?)","	17.3","	2026-07-23 16:13:43"
"	69BA0CDE","	Chamber1","	1","	B01??(%RH)","	92.7","	2026-07-23 16:13:41"
"	69BA0CDE","	Chamber1","	1","	B01??(?)","	17.3","	2026-07-23 16:13:41"
"	69BA0CDE","	Chamber1","	1","	B01??(%RH)","	92.7","	2026-07-23 16:13:39"
"	69BA0CDE","	Chamber1","	1","	B01??(?)","	17.3","	2026-07-23 16:13:39"
"	69BA0CDE","	Chamber1","	1","	B01??(%RH)","	92.7","	2026-07-23 16:13:37"
"	69BA0CDE","	Chamber1","	1","	B01??(?)","	17.3","	2026-07-23 16:13:37"
"	69BA0CDE","	Chamber1","	1","	B01??(%RH)","	92.7","	2026-07-23 16:13:35"
"	69BA0CDE","	Chamber1","	1","	B01??(?)","	17.3","	2026-07-23 16:13:35"
"	69BA0CDE","	Chamber1","	1","	B01??(%RH)","	92.7","	2026-07-23 16:13:33"
"	69BA0CDE","	Chamber1","	1","	B01??(?)","	17.3","	2026-07-23 16:13:33"
"	69BA0CDE","	Chamber1","	1","	B01??(%RH)","	92.7","	2026-07-23 16:13:31"
"	69BA0CDE","	Chamber1","	1","	B01??(?)","	17.3","	2026-07-23 16:13:31"
"	69BA0CDE","	Chamber1","	1","	B01??(%RH)","	92.6","	2026-07-23 16:13:29"
"	69BA0CDE","	Chamber1","	1","	B01??(?)","	17.3","	2026-07-23 16:13:29"
"	69BA0CDE","	Chamber1","	1","	B01??(%RH)","	92.6","	2026-07-23 16:13:27"
"	69BA0CDE","	Chamber1","	1","	B01??(?)","	17.3","	2026-07-23 16:13:27"
"	69BA0CDE","	Chamber1","	1","	B01??(%RH)","	92.6","	2026-07-23 16:13:25"
"	69BA0CDE","	Chamber1","	1","	B01??(?)","	17.3","	2026-07-23 16:13:25"
"	69BA0CDE","	Chamber1","	1","	B01??(%RH)","	92.7","	2026-07-23 16:13:23"
"	69BA0CDE","	Chamber1","	1","	B01??(?)","	17.3","	2026-07-23 16:13:23"
"	69BA0CDE","	Chamber1","	1","	B01??(%RH)","	92.7","	2026-07-23 16:13:21"
"	69BA0CDE","	Chamber1","	1","	B01??(?)","	17.3","	2026-07-23 16:13:21"
"	69BA0CDE","	Chamber1","	1","	B01??(%RH)","	92.7","	2026-07-23 16:13:19"
"	69BA0CDE","	Chamber1","	1","	B01??(?)","	17.3","	2026-07-23 16:13:19"
"	69BA0CDE","	Chamber1","	1","	B01??(%RH)","	92.6","	2026-07-23 16:13:17"
"	69BA0CDE","	Chamber1","	1","	B01??(?)","	17.3","	2026-07-23 16:13:17"
"	69BA0CDE","	Chamber1","	1","	B01??(%RH)","	92.7","	2026-07-23 16:13:15"
"	69BA0CDE","	Chamber1","	1","	B01??(?)","	17.3","	2026-07-23 16:13:15"
"	69BA0CDE","	Chamber1","	1","	B01??(%RH)","	92.6","	2026-07-23 16:13:13"
"	69BA0CDE","	Chamber1","	1","	B01??(?)","	17.3","	2026-07-23 16:13:13"
"	69BA0CDE","	Chamber1","	1","	B01??(%RH)","	92.7","	2026-07-23 16:13:11"
"	69BA0CDE","	Chamber1","	1","	B01??(?)","	17.3","	2026-07-23 16:13:11"
"	69BA0CDE","	Chamber1","	1","	B01??(%RH)","	92.6","	2026-07-23 16:13:09"
"	69BA0CDE","	Chamber1","	1","	B01??(?)","	17.3","	2026-07-23 16:13:09"
"	69BA0CDE","	Chamber1","	1","	B01??(%RH)","	92.7","	2026-07-23 16:13:07"
"	69BA0CDE","	Chamber1","	1","	B01??(?)","	17.3","	2026-07-23 16:13:07"
"	69BA0CDE","	Chamber1","	1","	B01??(%RH)","	92.7","	2026-07-23 16:13:05"
"	69BA0CDE","	Chamber1","	1","	B01??(?)","	17.3","	2026-07-23 16:13:05"
"	69BA0CDE","	Chamber1","	1","	B01??(%RH)","	92.7","	2026-07-23 16:13:02"
"	69BA0CDE","	Chamber1","	1","	B01??(?)","	17.3","	2026-07-23 16:13:02"
"	69BA0CDE","	Chamber1","	1","	B01??(%RH)","	92.7","	2026-07-23 16:13:00"
"	69BA0CDE","	Chamber1","	1","	B01??(?)","	17.3","	2026-07-23 16:13:00"
"	69BA0CDE","	Chamber1","	1","	B01??(%RH)","	92.7","	2026-07-23 16:12:58"
"	69BA0CDE","	Chamber1","	1","	B01??(?)","	17.3","	2026-07-23 16:12:58"
"	69BA0CDE","	Chamber1","	1","	B01??(%RH)","	92.6","	2026-07-23 16:12:56"
"	69BA0CDE","	Chamber1","	1","	B01??(?)","	17.3","	2026-07-23 16:12:56"
"	69BA0CDE","	Chamber1","	1","	B01??(%RH)","	92.6","	2026-07-23 16:12:54"
"	69BA0CDE","	Chamber1","	1","	B01??(?)","	17.3","	2026-07-23 16:12:54"
"	69BA0CDE","	Chamber1","	1","	B01??(%RH)","	92.6","	2026-07-23 16:12:52"
"	69BA0CDE","	Chamber1","	1","	B01??(?)","	17.3","	2026-07-23 16:12:52"
"	69BA0CDE","	Chamber1","	1","	B01??(%RH)","	92.6","	2026-07-23 16:12:50"
"	69BA0CDE","	Chamber1","	1","	B01??(?)","	17.3","	2026-07-23 16:12:50"
"	69BA0CDE","	Chamber1","	1","	B01??(%RH)","	92.6","	2026-07-23 16:12:48"
"	69BA0CDE","	Chamber1","	1","	B01??(?)","	17.3","	2026-07-23 16:12:48"
"	69BA0CDE","	Chamber1","	1","	B01??(%RH)","	92.7","	2026-07-23 16:12:46"
"	69BA0CDE","	Chamber1","	1","	B01??(?)","	17.3","	2026-07-23 16:12:46"
"	69BA0CDE","	Chamber1","	1","	B01??(%RH)","	92.6","	2026-07-23 16:12:44"
"	69BA0CDE","	Chamber1","	1","	B01??(?)","	17.3","	2026-07-23 16:12:44"
"	69BA0CDE","	Chamber1","	1","	B01??(%RH)","	92.6","	2026-07-23 16:12:42"
"	69BA0CDE","	Chamber1","	1","	B01??(?)","	17.3","	2026-07-23 16:12:42"
"	69BA0CDE","	Chamber1","	1","	B01??(%RH)","	92.6","	2026-07-23 16:12:40"
"	69BA0CDE","	Chamber1","	1","	B01??(?)","	17.3","	2026-07-23 16:12:40"
"	69BA0CDE","	Chamber1","	1","	B01??(%RH)","	92.7","	2026-07-23 16:12:38"
"	69BA0CDE","	Chamber1","	1","	B01??(?)","	17.3","	2026-07-23 16:12:38"
"	69BA0CDE","	Chamber1","	1","	B01??(%RH)","	92.7","	2026-07-23 16:12:36"
"	69BA0CDE","	Chamber1","	1","	B01??(?)","	17.3","	2026-07-23 16:12:36"
"	69BA0CDE","	Chamber1","	1","	B01??(%RH)","	92.7","	2026-07-23 16:12:34"
"	69BA0CDE","	Chamber1","	1","	B01??(?)","	17.3","	2026-07-23 16:12:34"
"	69BA0CDE","	Chamber1","	1","	B01??(%RH)","	92.6","	2026-07-23 16:12:32"
"	69BA0CDE","	Chamber1","	1","	B01??(?)","	17.3","	2026-07-23 16:12:32"
"	69BA0CDE","	Chamber1","	1","	B01??(%RH)","	92.6","	2026-07-23 16:12:30"
"	69BA0CDE","	Chamber1","	1","	B01??(?)","	17.3","	2026-07-23 16:12:30"
"	69BA0CDE","	Chamber1","	1","	B01??(%RH)","	92.6","	2026-07-23 16:12:28"
"	69BA0CDE","	Chamber1","	1","	B01??(?)","	17.3","	2026-07-23 16:12:28"
"	69BA0CDE","	Chamber1","	1","	B01??(%RH)","	92.6","	2026-07-23 16:12:26"
"	69BA0CDE","	Chamber1","	1","	B01??(?)","	17.3","	2026-07-23 16:12:26"
"	69BA0CDE","	Chamber1","	1","	B01??(%RH)","	92.6","	2026-07-23 16:12:24"
"	69BA0CDE","	Chamber1","	1","	B01??(?)","	17.3","	2026-07-23 16:12:24"
"	69BA0CDE","	Chamber1","	1","	B01??(%RH)","	92.6","	2026-07-23 16:12:22"
"	69BA0CDE","	Chamber1","	1","	B01??(?)","	17.3","	2026-07-23 16:12:22"
"	69BA0CDE","	Chamber1","	1","	B01??(%RH)","	92.6","	2026-07-23 16:12:19"
"	69BA0CDE","	Chamber1","	1","	B01??(?)","	17.3","	2026-07-23 16:12:19"
"	69BA0CDE","	Chamber1","	1","	B01??(%RH)","	92.6","	2026-07-23 16:12:17"
"	69BA0CDE","	Chamber1","	1","	B01??(?)","	17.3","	2026-07-23 16:12:17"
"	69BA0CDE","	Chamber1","	1","	B01??(%RH)","	92.6","	2026-07-23 16:12:15"
"	69BA0CDE","	Chamber1","	1","	B01??(?)","	17.3","	2026-07-23 16:12:15"
"	69BA0CDE","	Chamber1","	1","	B01??(%RH)","	92.6","	2026-07-23 16:12:13"
"	69BA0CDE","	Chamber1","	1","	B01??(?)","	17.3","	2026-07-23 16:12:13"
"	69BA0CDE","	Chamber1","	1","	B01??(%RH)","	92.6","	2026-07-23 16:12:11"
"	69BA0CDE","	Chamber1","	1","	B01??(?)","	17.3","	2026-07-23 16:12:11"
"	69BA0CDE","	Chamber1","	1","	B01??(%RH)","	92.6","	2026-07-23 16:12:09"
"	69BA0CDE","	Chamber1","	1","	B01??(?)","	17.3","	2026-07-23 16:12:09"
"	69BA0CDE","	Chamber1","	1","	B01??(%RH)","	92.6","	2026-07-23 16:12:07"
"	69BA0CDE","	Chamber1","	1","	B01??(?)","	17.3","	2026-07-23 16:12:07"
"	69BA0CDE","	Chamber1","	1","	B01??(%RH)","	92.6","	2026-07-23 16:12:05"
"	69BA0CDE","	Chamber1","	1","	B01??(?)","	17.3","	2026-07-23 16:12:05"
"	69BA0CDE","	Chamber1","	1","	B01??(%RH)","	92.6","	2026-07-23 16:12:03"
"	69BA0CDE","	Chamber1","	1","	B01??(?)","	17.3","	2026-07-23 16:12:03"
"	69BA0CDE","	Chamber1","	1","	B01??(%RH)","	92.6","	2026-07-23 16:12:01"
"	69BA0CDE","	Chamber1","	1","	B01??(?)","	17.3","	2026-07-23 16:12:01"
"	69BA0CDE","	Chamber1","	1","	B01??(%RH)","	92.6","	2026-07-23 16:11:59"
"	69BA0CDE","	Chamber1","	1","	B01??(?)","	17.3","	2026-07-23 16:11:59"
"	69BA0CDE","	Chamber1","	1","	B01??(%RH)","	92.6","	2026-07-23 16:11:57"
"	69BA0CDE","	Chamber1","	1","	B01??(?)","	17.3","	2026-07-23 16:11:57"
"	69BA0CDE","	Chamber1","	1","	B01??(%RH)","	92.6","	2026-07-23 16:11:55"
"	69BA0CDE","	Chamber1","	1","	B01??(?)","	17.3","	2026-07-23 16:11:55"
"	69BA0CDE","	Chamber1","	1","	B01??(%RH)","	92.6","	2026-07-23 16:11:53"
"	69BA0CDE","	Chamber1","	1","	B01??(?)","	17.3","	2026-07-23 16:11:53"
"	69BA0CDE","	Chamber1","	1","	B01??(%RH)","	92.6","	2026-07-23 16:11:51"
"	69BA0CDE","	Chamber1","	1","	B01??(?)","	17.3","	2026-07-23 16:11:51"
"	69BA0CDE","	Chamber1","	1","	B01??(%RH)","	92.6","	2026-07-23 16:11:49"
"	69BA0CDE","	Chamber1","	1","	B01??(?)","	17.3","	2026-07-23 16:11:49"
"	69BA0CDE","	Chamber1","	1","	B01??(%RH)","	92.6","	2026-07-23 16:11:47"
"	69BA0CDE","	Chamber1","	1","	B01??(?)","	17.3","	2026-07-23 16:11:47"
"	69BA0CDE","	Chamber1","	1","	B01??(%RH)","	92.6","	2026-07-23 16:11:45"
"	69BA0CDE","	Chamber1","	1","	B01??(?)","	17.3","	2026-07-23 16:11:45"
"	69BA0CDE","	Chamber1","	1","	B01??(%RH)","	92.6","	2026-07-23 16:11:43"
"	69BA0CDE","	Chamber1","	1","	B01??(?)","	17.3","	2026-07-23 16:11:43"
"	69BA0CDE","	Chamber1","	1","	B01??(%RH)","	92.6","	2026-07-23 16:11:41"
"	69BA0CDE","	Chamber1","	1","	B01??(?)","	17.3","	2026-07-23 16:11:41"
"	69BA0CDE","	Chamber1","	1","	B01??(%RH)","	92.6","	2026-07-23 16:11:39"
"	69BA0CDE","	Chamber1","	1","	B01??(?)","	17.3","	2026-07-23 16:11:39"
"	69BA0CDE","	Chamber1","	1","	B01??(%RH)","	92.6","	2026-07-23 16:11:36"
"	69BA0CDE","	Chamber1","	1","	B01??(?)","	17.3","	2026-07-23 16:11:36"
"	69BA0CDE","	Chamber1","	1","	B01??(%RH)","	92.6","	2026-07-23 16:11:34"
"	69BA0CDE","	Chamber1","	1","	B01??(?)","	17.3","	2026-07-23 16:11:34"
"	69BA0CDE","	Chamber1","	1","	B01??(%RH)","	92.5","	2026-07-23 16:11:32"
"	69BA0CDE","	Chamber1","	1","	B01??(?)","	17.3","	2026-07-23 16:11:32"
"	69BA0CDE","	Chamber1","	1","	B01??(%RH)","	92.6","	2026-07-23 16:11:30"
"	69BA0CDE","	Chamber1","	1","	B01??(?)","	17.3","	2026-07-23 16:11:30"
"	69BA0CDE","	Chamber1","	1","	B01??(%RH)","	92.6","	2026-07-23 16:11:28"
"	69BA0CDE","	Chamber1","	1","	B01??(?)","	17.3","	2026-07-23 16:11:28"
"	69BA0CDE","	Chamber1","	1","	B01??(%RH)","	92.6","	2026-07-23 16:11:26"
"	69BA0CDE","	Chamber1","	1","	B01??(?)","	17.3","	2026-07-23 16:11:26"
"	69BA0CDE","	Chamber1","	1","	B01??(%RH)","	92.6","	2026-07-23 16:11:24"
"	69BA0CDE","	Chamber1","	1","	B01??(?)","	17.3","	2026-07-23 16:11:24"
"	69BA0CDE","	Chamber1","	1","	B01??(%RH)","	92.6","	2026-07-23 16:11:22"
"	69BA0CDE","	Chamber1","	1","	B01??(?)","	17.3","	2026-07-23 16:11:22"
"	69BA0CDE","	Chamber1","	1","	B01??(%RH)","	92.6","	2026-07-23 16:11:20"
"	69BA0CDE","	Chamber1","	1","	B01??(?)","	17.3","	2026-07-23 16:11:20"
"	69BA0CDE","	Chamber1","	1","	B01??(%RH)","	92.6","	2026-07-23 16:11:18"
"	69BA0CDE","	Chamber1","	1","	B01??(?)","	17.3","	2026-07-23 16:11:18"
"	69BA0CDE","	Chamber1","	1","	B01??(%RH)","	92.6","	2026-07-23 16:11:16"
"	69BA0CDE","	Chamber1","	1","	B01??(?)","	17.3","	2026-07-23 16:11:16"
"	69BA0CDE","	Chamber1","	1","	B01??(%RH)","	92.6","	2026-07-23 16:11:14"
"	69BA0CDE","	Chamber1","	1","	B01??(?)","	17.3","	2026-07-23 16:11:14"
"	69BA0CDE","	Chamber1","	1","	B01??(%RH)","	92.6","	2026-07-23 16:11:12"
"	69BA0CDE","	Chamber1","	1","	B01??(?)","	17.3","	2026-07-23 16:11:12"
"	69BA0CDE","	Chamber1","	1","	B01??(%RH)","	92.6","	2026-07-23 16:11:10"
"	69BA0CDE","	Chamber1","	1","	B01??(?)","	17.3","	2026-07-23 16:11:10"
"	69BA0CDE","	Chamber1","	1","	B01??(%RH)","	92.6","	2026-07-23 16:11:08"
"	69BA0CDE","	Chamber1","	1","	B01??(?)","	17.3","	2026-07-23 16:11:08"
"	69BA0CDE","	Chamber1","	1","	B01??(%RH)","	92.6","	2026-07-23 16:11:06"
"	69BA0CDE","	Chamber1","	1","	B01??(?)","	17.3","	2026-07-23 16:11:06"
"	69BA0CDE","	Chamber1","	1","	B01??(%RH)","	92.6","	2026-07-23 16:11:04"
"	69BA0CDE","	Chamber1","	1","	B01??(?)","	17.3","	2026-07-23 16:11:04"
"	69BA0CDE","	Chamber1","	1","	B01??(%RH)","	92.6","	2026-07-23 16:11:02"
"	69BA0CDE","	Chamber1","	1","	B01??(?)","	17.3","	2026-07-23 16:11:02"
"	69BA0CDE","	Chamber1","	1","	B01??(%RH)","	92.6","	2026-07-23 16:11:00"
"	69BA0CDE","	Chamber1","	1","	B01??(?)","	17.3","	2026-07-23 16:11:00"
"	69BA0CDE","	Chamber1","	1","	B01??(%RH)","	92.6","	2026-07-23 16:10:58"
"	69BA0CDE","	Chamber1","	1","	B01??(?)","	17.3","	2026-07-23 16:10:58"
"	69BA0CDE","	Chamber1","	1","	B01??(%RH)","	92.6","	2026-07-23 16:10:56"
"	69BA0CDE","	Chamber1","	1","	B01??(?)","	17.3","	2026-07-23 16:10:56"
"	69BA0CDE","	Chamber1","	1","	B01??(%RH)","	92.6","	2026-07-23 16:10:53"
"	69BA0CDE","	Chamber1","	1","	B01??(?)","	17.3","	2026-07-23 16:10:53"
"	69BA0CDE","	Chamber1","	1","	B01??(%RH)","	92.5","	2026-07-23 16:10:51"
"	69BA0CDE","	Chamber1","	1","	B01??(?)","	17.3","	2026-07-23 16:10:51"
"	69BA0CDE","	Chamber1","	1","	B01??(%RH)","	92.6","	2026-07-23 16:10:49"
"	69BA0CDE","	Chamber1","	1","	B01??(?)","	17.3","	2026-07-23 16:10:49"
"	69BA0CDE","	Chamber1","	1","	B01??(%RH)","	92.5","	2026-07-23 16:10:47"
"	69BA0CDE","	Chamber1","	1","	B01??(?)","	17.3","	2026-07-23 16:10:47"
"	69BA0CDE","	Chamber1","	1","	B01??(%RH)","	92.6","	2026-07-23 16:10:45"
"	69BA0CDE","	Chamber1","	1","	B01??(?)","	17.3","	2026-07-23 16:10:45"
"	69BA0CDE","	Chamber1","	1","	B01??(%RH)","	92.5","	2026-07-23 16:10:43"
"	69BA0CDE","	Chamber1","	1","	B01??(?)","	17.3","	2026-07-23 16:10:43"
"	69BA0CDE","	Chamber1","	1","	B01??(%RH)","	92.6","	2026-07-23 16:10:41"
"	69BA0CDE","	Chamber1","	1","	B01??(?)","	17.3","	2026-07-23 16:10:41"
"	69BA0CDE","	Chamber1","	1","	B01??(%RH)","	92.5","	2026-07-23 16:10:39"
"	69BA0CDE","	Chamber1","	1","	B01??(?)","	17.3","	2026-07-23 16:10:39"
"	69BA0CDE","	Chamber1","	1","	B01??(%RH)","	92.6","	2026-07-23 16:10:37"
"	69BA0CDE","	Chamber1","	1","	B01??(?)","	17.3","	2026-07-23 16:10:37"
"	69BA0CDE","	Chamber1","	1","	B01??(%RH)","	92.5","	2026-07-23 16:10:35"
"	69BA0CDE","	Chamber1","	1","	B01??(?)","	17.3","	2026-07-23 16:10:35"
"	69BA0CDE","	Chamber1","	1","	B01??(%RH)","	92.5","	2026-07-23 16:10:33"
"	69BA0CDE","	Chamber1","	1","	B01??(?)","	17.3","	2026-07-23 16:10:33"
"	69BA0CDE","	Chamber1","	1","	B01??(%RH)","	92.5","	2026-07-23 16:10:31"
"	69BA0CDE","	Chamber1","	1","	B01??(?)","	17.3","	2026-07-23 16:10:31"
"	69BA0CDE","	Chamber1","	1","	B01??(%RH)","	92.5","	2026-07-23 16:10:29"
"	69BA0CDE","	Chamber1","	1","	B01??(?)","	17.3","	2026-07-23 16:10:29"
"	69BA0CDE","	Chamber1","	1","	B01??(%RH)","	92.5","	2026-07-23 16:10:27"
"	69BA0CDE","	Chamber1","	1","	B01??(?)","	17.3","	2026-07-23 16:10:27"
"	69BA0CDE","	Chamber1","	1","	B01??(%RH)","	92.5","	2026-07-23 16:10:25"
"	69BA0CDE","	Chamber1","	1","	B01??(?)","	17.3","	2026-07-23 16:10:25"
"	69BA0CDE","	Chamber1","	1","	B01??(%RH)","	92.5","	2026-07-23 16:10:23"
"	69BA0CDE","	Chamber1","	1","	B01??(?)","	17.3","	2026-07-23 16:10:23"
"	69BA0CDE","	Chamber1","	1","	B01??(%RH)","	92.5","	2026-07-23 16:10:21"
"	69BA0CDE","	Chamber1","	1","	B01??(?)","	17.3","	2026-07-23 16:10:21"
"	69BA0CDE","	Chamber1","	1","	B01??(%RH)","	92.5","	2026-07-23 16:10:19"
"	69BA0CDE","	Chamber1","	1","	B01??(?)","	17.3","	2026-07-23 16:10:19"
"	69BA0CDE","	Chamber1","	1","	B01??(%RH)","	92.5","	2026-07-23 16:10:17"
"	69BA0CDE","	Chamber1","	1","	B01??(?)","	17.3","	2026-07-23 16:10:17"
"	69BA0CDE","	Chamber1","	1","	B01??(%RH)","	92.5","	2026-07-23 16:10:15"
"	69BA0CDE","	Chamber1","	1","	B01??(?)","	17.3","	2026-07-23 16:10:15"
"	69BA0CDE","	Chamber1","	1","	B01??(%RH)","	92.5","	2026-07-23 16:10:13"
"	69BA0CDE","	Chamber1","	1","	B01??(?)","	17.3","	2026-07-23 16:10:13"
"	69BA0CDE","	Chamber1","	1","	B01??(%RH)","	92.5","	2026-07-23 16:10:10"
"	69BA0CDE","	Chamber1","	1","	B01??(?)","	17.3","	2026-07-23 16:10:10"
"	69BA0CDE","	Chamber1","	1","	B01??(%RH)","	92.5","	2026-07-23 16:10:08"
"	69BA0CDE","	Chamber1","	1","	B01??(?)","	17.3","	2026-07-23 16:10:08"
"	69BA0CDE","	Chamber1","	1","	B01??(%RH)","	92.5","	2026-07-23 16:10:06"
"	69BA0CDE","	Chamber1","	1","	B01??(?)","	17.3","	2026-07-23 16:10:06"
"	69BA0CDE","	Chamber1","	1","	B01??(%RH)","	92.5","	2026-07-23 16:10:04"
"	69BA0CDE","	Chamber1","	1","	B01??(?)","	17.3","	2026-07-23 16:10:04"
"	69BA0CDE","	Chamber1","	1","	B01??(%RH)","	92.5","	2026-07-23 16:10:02"
"	69BA0CDE","	Chamber1","	1","	B01??(?)","	17.3","	2026-07-23 16:10:02"
"	69BA0CDE","	Chamber1","	1","	B01??(%RH)","	92.5","	2026-07-23 16:10:00"
"	69BA0CDE","	Chamber1","	1","	B01??(?)","	17.3","	2026-07-23 16:10:00"
"	69BA0CDE","	Chamber1","	1","	B01??(%RH)","	92.5","	2026-07-23 16:09:58"
"	69BA0CDE","	Chamber1","	1","	B01??(?)","	17.3","	2026-07-23 16:09:58"
"	69BA0CDE","	Chamber1","	1","	B01??(%RH)","	92.5","	2026-07-23 16:09:56"
"	69BA0CDE","	Chamber1","	1","	B01??(?)","	17.3","	2026-07-23 16:09:56"
"	69BA0CDE","	Chamber1","	1","	B01??(%RH)","	92.5","	2026-07-23 16:09:54"
"	69BA0CDE","	Chamber1","	1","	B01??(?)","	17.3","	2026-07-23 16:09:54"
"	69BA0CDE","	Chamber1","	1","	B01??(%RH)","	92.5","	2026-07-23 16:09:52"
"	69BA0CDE","	Chamber1","	1","	B01??(?)","	17.3","	2026-07-23 16:09:52"
"	69BA0CDE","	Chamber1","	1","	B01??(%RH)","	92.5","	2026-07-23 16:09:50"
"	69BA0CDE","	Chamber1","	1","	B01??(?)","	17.3","	2026-07-23 16:09:50"
"	69BA0CDE","	Chamber1","	1","	B01??(%RH)","	92.5","	2026-07-23 16:09:48"
"	69BA0CDE","	Chamber1","	1","	B01??(?)","	17.3","	2026-07-23 16:09:48"
"	69BA0CDE","	Chamber1","	1","	B01??(%RH)","	92.5","	2026-07-23 16:09:46"
"	69BA0CDE","	Chamber1","	1","	B01??(?)","	17.3","	2026-07-23 16:09:46"
"	69BA0CDE","	Chamber1","	1","	B01??(%RH)","	92.5","	2026-07-23 16:09:44"
"	69BA0CDE","	Chamber1","	1","	B01??(?)","	17.3","	2026-07-23 16:09:44"
"	69BA0CDE","	Chamber1","	1","	B01??(%RH)","	92.5","	2026-07-23 16:09:42"
"	69BA0CDE","	Chamber1","	1","	B01??(?)","	17.3","	2026-07-23 16:09:42"
"	69BA0CDE","	Chamber1","	1","	B01??(%RH)","	92.5","	2026-07-23 16:09:40"
"	69BA0CDE","	Chamber1","	1","	B01??(?)","	17.3","	2026-07-23 16:09:40"
"	69BA0CDE","	Chamber1","	1","	B01??(%RH)","	92.5","	2026-07-23 16:09:38"
"	69BA0CDE","	Chamber1","	1","	B01??(?)","	17.3","	2026-07-23 16:09:38"
"	69BA0CDE","	Chamber1","	1","	B01??(%RH)","	92.5","	2026-07-23 16:09:36"
"	69BA0CDE","	Chamber1","	1","	B01??(?)","	17.3","	2026-07-23 16:09:36"
"	69BA0CDE","	Chamber1","	1","	B01??(%RH)","	92.5","	2026-07-23 16:09:34"
"	69BA0CDE","	Chamber1","	1","	B01??(?)","	17.3","	2026-07-23 16:09:34"
"	69BA0CDE","	Chamber1","	1","	B01??(%RH)","	92.5","	2026-07-23 16:09:32"
"	69BA0CDE","	Chamber1","	1","	B01??(?)","	17.3","	2026-07-23 16:09:32"
"	69BA0CDE","	Chamber1","	1","	B01??(%RH)","	92.5","	2026-07-23 16:09:29"
"	69BA0CDE","	Chamber1","	1","	B01??(?)","	17.3","	2026-07-23 16:09:29"
"	69BA0CDE","	Chamber1","	1","	B01??(%RH)","	92.5","	2026-07-23 16:09:27"
"	69BA0CDE","	Chamber1","	1","	B01??(?)","	17.3","	2026-07-23 16:09:27"
"	69BA0CDE","	Chamber1","	1","	B01??(%RH)","	92.4","	2026-07-23 16:09:25"
"	69BA0CDE","	Chamber1","	1","	B01??(?)","	17.3","	2026-07-23 16:09:25"
"	69BA0CDE","	Chamber1","	1","	B01??(%RH)","	92.5","	2026-07-23 16:09:23"
"	69BA0CDE","	Chamber1","	1","	B01??(?)","	17.3","	2026-07-23 16:09:23"
"	69BA0CDE","	Chamber1","	1","	B01??(%RH)","	92.5","	2026-07-23 16:09:21"
"	69BA0CDE","	Chamber1","	1","	B01??(?)","	17.3","	2026-07-23 16:09:21"
"	69BA0CDE","	Chamber1","	1","	B01??(%RH)","	92.5","	2026-07-23 16:09:19"
"	69BA0CDE","	Chamber1","	1","	B01??(?)","	17.3","	2026-07-23 16:09:19"
"	69BA0CDE","	Chamber1","	1","	B01??(%RH)","	92.5","	2026-07-23 16:09:17"
"	69BA0CDE","	Chamber1","	1","	B01??(?)","	17.3","	2026-07-23 16:09:17"
"	69BA0CDE","	Chamber1","	1","	B01??(%RH)","	92.5","	2026-07-23 16:09:15"
"	69BA0CDE","	Chamber1","	1","	B01??(?)","	17.3","	2026-07-23 16:09:15"
"	69BA0CDE","	Chamber1","	1","	B01??(%RH)","	92.5","	2026-07-23 16:09:13"
"	69BA0CDE","	Chamber1","	1","	B01??(?)","	17.3","	2026-07-23 16:09:13"
"	69BA0CDE","	Chamber1","	1","	B01??(%RH)","	92.5","	2026-07-23 16:09:11"
"	69BA0CDE","	Chamber1","	1","	B01??(?)","	17.3","	2026-07-23 16:09:11"
"	69BA0CDE","	Chamber1","	1","	B01??(%RH)","	92.4","	2026-07-23 16:09:09"
"	69BA0CDE","	Chamber1","	1","	B01??(?)","	17.3","	2026-07-23 16:09:09"
"	69BA0CDE","	Chamber1","	1","	B01??(%RH)","	92.4","	2026-07-23 16:09:07"
"	69BA0CDE","	Chamber1","	1","	B01??(?)","	17.3","	2026-07-23 16:09:07"
"	69BA0CDE","	Chamber1","	1","	B01??(%RH)","	92.4","	2026-07-23 16:09:05"
"	69BA0CDE","	Chamber1","	1","	B01??(?)","	17.3","	2026-07-23 16:09:05"
"	69BA0CDE","	Chamber1","	1","	B01??(%RH)","	92.5","	2026-07-23 16:09:03"
"	69BA0CDE","	Chamber1","	1","	B01??(?)","	17.3","	2026-07-23 16:09:03"
"	69BA0CDE","	Chamber1","	1","	B01??(%RH)","	92.5","	2026-07-23 16:09:01"
"	69BA0CDE","	Chamber1","	1","	B01??(?)","	17.3","	2026-07-23 16:09:01"
"	69BA0CDE","	Chamber1","	1","	B01??(%RH)","	92.5","	2026-07-23 16:08:59"
"	69BA0CDE","	Chamber1","	1","	B01??(?)","	17.3","	2026-07-23 16:08:59"
"	69BA0CDE","	Chamber1","	1","	B01??(%RH)","	92.5","	2026-07-23 16:08:57"
"	69BA0CDE","	Chamber1","	1","	B01??(?)","	17.3","	2026-07-23 16:08:57"
"	69BA0CDE","	Chamber1","	1","	B01??(%RH)","	92.4","	2026-07-23 16:08:55"
"	69BA0CDE","	Chamber1","	1","	B01??(?)","	17.3","	2026-07-23 16:08:55"
"	69BA0CDE","	Chamber1","	1","	B01??(%RH)","	92.4","	2026-07-23 16:08:53"
"	69BA0CDE","	Chamber1","	1","	B01??(?)","	17.3","	2026-07-23 16:08:53"
"	69BA0CDE","	Chamber1","	1","	B01??(%RH)","	92.4","	2026-07-23 16:08:51"
"	69BA0CDE","	Chamber1","	1","	B01??(?)","	17.3","	2026-07-23 16:08:51"
"	69BA0CDE","	Chamber1","	1","	B01??(%RH)","	92.4","	2026-07-23 16:08:49"
"	69BA0CDE","	Chamber1","	1","	B01??(?)","	17.3","	2026-07-23 16:08:49"
"	69BA0CDE","	Chamber1","	1","	B01??(%RH)","	92.5","	2026-07-23 16:08:46"
"	69BA0CDE","	Chamber1","	1","	B01??(?)","	17.3","	2026-07-23 16:08:46"
"	69BA0CDE","	Chamber1","	1","	B01??(%RH)","	92.4","	2026-07-23 16:08:44"
"	69BA0CDE","	Chamber1","	1","	B01??(?)","	17.3","	2026-07-23 16:08:44"
"	69BA0CDE","	Chamber1","	1","	B01??(%RH)","	92.4","	2026-07-23 16:08:42"
"	69BA0CDE","	Chamber1","	1","	B01??(?)","	17.3","	2026-07-23 16:08:42"
"	69BA0CDE","	Chamber1","	1","	B01??(%RH)","	92.4","	2026-07-23 16:08:40"
"	69BA0CDE","	Chamber1","	1","	B01??(?)","	17.3","	2026-07-23 16:08:40"
"	69BA0CDE","	Chamber1","	1","	B01??(%RH)","	92.4","	2026-07-23 16:08:38"
"	69BA0CDE","	Chamber1","	1","	B01??(?)","	17.3","	2026-07-23 16:08:38"
"	69BA0CDE","	Chamber1","	1","	B01??(%RH)","	92.5","	2026-07-23 16:08:36"
"	69BA0CDE","	Chamber1","	1","	B01??(?)","	17.3","	2026-07-23 16:08:36"
"	69BA0CDE","	Chamber1","	1","	B01??(%RH)","	92.4","	2026-07-23 16:08:34"
"	69BA0CDE","	Chamber1","	1","	B01??(?)","	17.3","	2026-07-23 16:08:34"
"	69BA0CDE","	Chamber1","	1","	B01??(%RH)","	92.5","	2026-07-23 16:08:32"
"	69BA0CDE","	Chamber1","	1","	B01??(?)","	17.3","	2026-07-23 16:08:32"
"	69BA0CDE","	Chamber1","	1","	B01??(%RH)","	92.4","	2026-07-23 16:08:30"
"	69BA0CDE","	Chamber1","	1","	B01??(?)","	17.3","	2026-07-23 16:08:30"
"	69BA0CDE","	Chamber1","	1","	B01??(%RH)","	92.4","	2026-07-23 16:08:28"
"	69BA0CDE","	Chamber1","	1","	B01??(?)","	17.3","	2026-07-23 16:08:28"
"	69BA0CDE","	Chamber1","	1","	B01??(%RH)","	92.4","	2026-07-23 16:08:26"
"	69BA0CDE","	Chamber1","	1","	B01??(?)","	17.3","	2026-07-23 16:08:26"
"	69BA0CDE","	Chamber1","	1","	B01??(%RH)","	92.4","	2026-07-23 16:08:24"
"	69BA0CDE","	Chamber1","	1","	B01??(?)","	17.3","	2026-07-23 16:08:24"
"	69BA0CDE","	Chamber1","	1","	B01??(%RH)","	92.4","	2026-07-23 16:08:22"
"	69BA0CDE","	Chamber1","	1","	B01??(?)","	17.3","	2026-07-23 16:08:22"
"	69BA0CDE","	Chamber1","	1","	B01??(%RH)","	92.5","	2026-07-23 16:08:20"
"	69BA0CDE","	Chamber1","	1","	B01??(?)","	17.3","	2026-07-23 16:08:20"
"	69BA0CDE","	Chamber1","	1","	B01??(%RH)","	92.4","	2026-07-23 16:08:18"
"	69BA0CDE","	Chamber1","	1","	B01??(?)","	17.3","	2026-07-23 16:08:18"
"	69BA0CDE","	Chamber1","	1","	B01??(%RH)","	92.4","	2026-07-23 16:08:16"
"	69BA0CDE","	Chamber1","	1","	B01??(?)","	17.3","	2026-07-23 16:08:16"
"	69BA0CDE","	Chamber1","	1","	B01??(%RH)","	92.4","	2026-07-23 16:08:14"
"	69BA0CDE","	Chamber1","	1","	B01??(?)","	17.3","	2026-07-23 16:08:14"
"	69BA0CDE","	Chamber1","	1","	B01??(%RH)","	92.4","	2026-07-23 16:08:12"
"	69BA0CDE","	Chamber1","	1","	B01??(?)","	17.3","	2026-07-23 16:08:12"
"	69BA0CDE","	Chamber1","	1","	B01??(%RH)","	92.4","	2026-07-23 16:08:10"
"	69BA0CDE","	Chamber1","	1","	B01??(?)","	17.3","	2026-07-23 16:08:10"
"	69BA0CDE","	Chamber1","	1","	B01??(%RH)","	92.4","	2026-07-23 16:08:08"
"	69BA0CDE","	Chamber1","	1","	B01??(?)","	17.3","	2026-07-23 16:08:08"
"	69BA0CDE","	Chamber1","	1","	B01??(%RH)","	92.4","	2026-07-23 16:08:06"
"	69BA0CDE","	Chamber1","	1","	B01??(?)","	17.3","	2026-07-23 16:08:06"
"	69BA0CDE","	Chamber1","	1","	B01??(%RH)","	92.4","	2026-07-23 16:08:03"
"	69BA0CDE","	Chamber1","	1","	B01??(?)","	17.3","	2026-07-23 16:08:03"
"	69BA0CDE","	Chamber1","	1","	B01??(%RH)","	92.4","	2026-07-23 16:08:01"
"	69BA0CDE","	Chamber1","	1","	B01??(?)","	17.3","	2026-07-23 16:08:01"
"	69BA0CDE","	Chamber1","	1","	B01??(%RH)","	92.4","	2026-07-23 16:07:59"
"	69BA0CDE","	Chamber1","	1","	B01??(?)","	17.3","	2026-07-23 16:07:59"
"	69BA0CDE","	Chamber1","	1","	B01??(%RH)","	92.4","	2026-07-23 16:07:57"
"	69BA0CDE","	Chamber1","	1","	B01??(?)","	17.3","	2026-07-23 16:07:57"
"	69BA0CDE","	Chamber1","	1","	B01??(%RH)","	92.4","	2026-07-23 16:07:55"
"	69BA0CDE","	Chamber1","	1","	B01??(?)","	17.3","	2026-07-23 16:07:55"
"	69BA0CDE","	Chamber1","	1","	B01??(%RH)","	92.4","	2026-07-23 16:07:53"
"	69BA0CDE","	Chamber1","	1","	B01??(?)","	17.3","	2026-07-23 16:07:53"
"	69BA0CDE","	Chamber1","	1","	B01??(%RH)","	92.4","	2026-07-23 16:07:51"
"	69BA0CDE","	Chamber1","	1","	B01??(?)","	17.3","	2026-07-23 16:07:51"
"	69BA0CDE","	Chamber1","	1","	B01??(%RH)","	92.4","	2026-07-23 16:07:49"
"	69BA0CDE","	Chamber1","	1","	B01??(?)","	17.3","	2026-07-23 16:07:49"
"	69BA0CDE","	Chamber1","	1","	B01??(%RH)","	92.4","	2026-07-23 16:07:47"
"	69BA0CDE","	Chamber1","	1","	B01??(?)","	17.3","	2026-07-23 16:07:47"
"	69BA0CDE","	Chamber1","	1","	B01??(%RH)","	92.4","	2026-07-23 16:07:45"
"	69BA0CDE","	Chamber1","	1","	B01??(?)","	17.3","	2026-07-23 16:07:45"
"	69BA0CDE","	Chamber1","	1","	B01??(%RH)","	92.4","	2026-07-23 16:07:43"
"	69BA0CDE","	Chamber1","	1","	B01??(?)","	17.3","	2026-07-23 16:07:43"
"	69BA0CDE","	Chamber1","	1","	B01??(%RH)","	92.4","	2026-07-23 16:07:41"
"	69BA0CDE","	Chamber1","	1","	B01??(?)","	17.3","	2026-07-23 16:07:41"
"	69BA0CDE","	Chamber1","	1","	B01??(%RH)","	92.4","	2026-07-23 16:07:39"
"	69BA0CDE","	Chamber1","	1","	B01??(?)","	17.3","	2026-07-23 16:07:39"
"	69BA0CDE","	Chamber1","	1","	B01??(%RH)","	92.4","	2026-07-23 16:07:37"
"	69BA0CDE","	Chamber1","	1","	B01??(?)","	17.3","	2026-07-23 16:07:37"
"	69BA0CDE","	Chamber1","	1","	B01??(%RH)","	92.4","	2026-07-23 16:07:35"
"	69BA0CDE","	Chamber1","	1","	B01??(?)","	17.3","	2026-07-23 16:07:35"
"	69BA0CDE","	Chamber1","	1","	B01??(%RH)","	92.3","	2026-07-23 16:07:33"
"	69BA0CDE","	Chamber1","	1","	B01??(?)","	17.3","	2026-07-23 16:07:33"
"	69BA0CDE","	Chamber1","	1","	B01??(%RH)","	92.4","	2026-07-23 16:07:31"
"	69BA0CDE","	Chamber1","	1","	B01??(?)","	17.3","	2026-07-23 16:07:31"
"	69BA0CDE","	Chamber1","	1","	B01??(%RH)","	92.4","	2026-07-23 16:07:29"
"	69BA0CDE","	Chamber1","	1","	B01??(?)","	17.3","	2026-07-23 16:07:29"
"	69BA0CDE","	Chamber1","	1","	B01??(%RH)","	92.4","	2026-07-23 16:07:27"
"	69BA0CDE","	Chamber1","	1","	B01??(?)","	17.3","	2026-07-23 16:07:27"
"	69BA0CDE","	Chamber1","	1","	B01??(%RH)","	92.4","	2026-07-23 16:07:25"
"	69BA0CDE","	Chamber1","	1","	B01??(?)","	17.3","	2026-07-23 16:07:25"
"	69BA0CDE","	Chamber1","	1","	B01??(%RH)","	92.4","	2026-07-23 16:07:23"
"	69BA0CDE","	Chamber1","	1","	B01??(?)","	17.3","	2026-07-23 16:07:23"
"	69BA0CDE","	Chamber1","	1","	B01??(%RH)","	92.4","	2026-07-23 16:07:20"
"	69BA0CDE","	Chamber1","	1","	B01??(?)","	17.3","	2026-07-23 16:07:20"
"	69BA0CDE","	Chamber1","	1","	B01??(%RH)","	92.4","	2026-07-23 16:07:18"
"	69BA0CDE","	Chamber1","	1","	B01??(?)","	17.3","	2026-07-23 16:07:18"
"	69BA0CDE","	Chamber1","	1","	B01??(%RH)","	92.4","	2026-07-23 16:07:16"
"	69BA0CDE","	Chamber1","	1","	B01??(?)","	17.3","	2026-07-23 16:07:16"
"	69BA0CDE","	Chamber1","	1","	B01??(%RH)","	92.4","	2026-07-23 16:07:14"
"	69BA0CDE","	Chamber1","	1","	B01??(?)","	17.3","	2026-07-23 16:07:14"
"	69BA0CDE","	Chamber1","	1","	B01??(%RH)","	92.4","	2026-07-23 16:07:12"
"	69BA0CDE","	Chamber1","	1","	B01??(?)","	17.3","	2026-07-23 16:07:12"
"	69BA0CDE","	Chamber1","	1","	B01??(%RH)","	92.3","	2026-07-23 16:07:10"
"	69BA0CDE","	Chamber1","	1","	B01??(?)","	17.3","	2026-07-23 16:07:10"
"	69BA0CDE","	Chamber1","	1","	B01??(%RH)","	92.4","	2026-07-23 16:07:08"
"	69BA0CDE","	Chamber1","	1","	B01??(?)","	17.3","	2026-07-23 16:07:08"
"	69BA0CDE","	Chamber1","	1","	B01??(%RH)","	92.3","	2026-07-23 16:07:06"
"	69BA0CDE","	Chamber1","	1","	B01??(?)","	17.3","	2026-07-23 16:07:06"
"	69BA0CDE","	Chamber1","	1","	B01??(%RH)","	92.4","	2026-07-23 16:07:04"
"	69BA0CDE","	Chamber1","	1","	B01??(?)","	17.3","	2026-07-23 16:07:04"
"	69BA0CDE","	Chamber1","	1","	B01??(%RH)","	92.3","	2026-07-23 16:07:02"
"	69BA0CDE","	Chamber1","	1","	B01??(?)","	17.3","	2026-07-23 16:07:02"
"	69BA0CDE","	Chamber1","	1","	B01??(%RH)","	92.3","	2026-07-23 16:07:00"
"	69BA0CDE","	Chamber1","	1","	B01??(?)","	17.3","	2026-07-23 16:07:00"
"	69BA0CDE","	Chamber1","	1","	B01??(%RH)","	92.3","	2026-07-23 16:06:58"
"	69BA0CDE","	Chamber1","	1","	B01??(?)","	17.3","	2026-07-23 16:06:58"
"	69BA0CDE","	Chamber1","	1","	B01??(%RH)","	92.3","	2026-07-23 16:06:56"
"	69BA0CDE","	Chamber1","	1","	B01??(?)","	17.3","	2026-07-23 16:06:56"
"	69BA0CDE","	Chamber1","	1","	B01??(%RH)","	92.3","	2026-07-23 16:06:54"
"	69BA0CDE","	Chamber1","	1","	B01??(?)","	17.3","	2026-07-23 16:06:54"
"	69BA0CDE","	Chamber1","	1","	B01??(%RH)","	92.3","	2026-07-23 16:06:52"
"	69BA0CDE","	Chamber1","	1","	B01??(?)","	17.3","	2026-07-23 16:06:52"
"	69BA0CDE","	Chamber1","	1","	B01??(%RH)","	92.3","	2026-07-23 16:06:50"
"	69BA0CDE","	Chamber1","	1","	B01??(?)","	17.3","	2026-07-23 16:06:50"
"	69BA0CDE","	Chamber1","	1","	B01??(%RH)","	92.3","	2026-07-23 16:06:48"
"	69BA0CDE","	Chamber1","	1","	B01??(?)","	17.3","	2026-07-23 16:06:48"
"	69BA0CDE","	Chamber1","	1","	B01??(%RH)","	92.3","	2026-07-23 16:06:46"
"	69BA0CDE","	Chamber1","	1","	B01??(?)","	17.3","	2026-07-23 16:06:46"
"	69BA0CDE","	Chamber1","	1","	B01??(%RH)","	92.3","	2026-07-23 16:06:44"
"	69BA0CDE","	Chamber1","	1","	B01??(?)","	17.3","	2026-07-23 16:06:44"
"	69BA0CDE","	Chamber1","	1","	B01??(%RH)","	92.3","	2026-07-23 16:06:42"
"	69BA0CDE","	Chamber1","	1","	B01??(?)","	17.3","	2026-07-23 16:06:42"
"	69BA0CDE","	Chamber1","	1","	B01??(%RH)","	92.4","	2026-07-23 16:06:39"
"	69BA0CDE","	Chamber1","	1","	B01??(?)","	17.3","	2026-07-23 16:06:39"
"	69BA0CDE","	Chamber1","	1","	B01??(%RH)","	92.3","	2026-07-23 16:06:37"
"	69BA0CDE","	Chamber1","	1","	B01??(?)","	17.3","	2026-07-23 16:06:37"
"	69BA0CDE","	Chamber1","	1","	B01??(%RH)","	92.3","	2026-07-23 16:06:35"
"	69BA0CDE","	Chamber1","	1","	B01??(?)","	17.3","	2026-07-23 16:06:35"
"	69BA0CDE","	Chamber1","	1","	B01??(%RH)","	92.3","	2026-07-23 16:06:33"
"	69BA0CDE","	Chamber1","	1","	B01??(?)","	17.3","	2026-07-23 16:06:33"
"	69BA0CDE","	Chamber1","	1","	B01??(%RH)","	92.3","	2026-07-23 16:06:31"
"	69BA0CDE","	Chamber1","	1","	B01??(?)","	17.3","	2026-07-23 16:06:31"
"	69BA0CDE","	Chamber1","	1","	B01??(%RH)","	92.3","	2026-07-23 16:06:29"
"	69BA0CDE","	Chamber1","	1","	B01??(?)","	17.3","	2026-07-23 16:06:29"
"	69BA0CDE","	Chamber1","	1","	B01??(%RH)","	92.3","	2026-07-23 16:06:27"
"	69BA0CDE","	Chamber1","	1","	B01??(?)","	17.3","	2026-07-23 16:06:27"
"	69BA0CDE","	Chamber1","	1","	B01??(%RH)","	92.3","	2026-07-23 16:06:25"
"	69BA0CDE","	Chamber1","	1","	B01??(?)","	17.3","	2026-07-23 16:06:25"
"	69BA0CDE","	Chamber1","	1","	B01??(%RH)","	92.3","	2026-07-23 16:06:23"
"	69BA0CDE","	Chamber1","	1","	B01??(?)","	17.3","	2026-07-23 16:06:23"
"	69BA0CDE","	Chamber1","	1","	B01??(%RH)","	92.3","	2026-07-23 16:06:21"
"	69BA0CDE","	Chamber1","	1","	B01??(?)","	17.3","	2026-07-23 16:06:21"
"	69BA0CDE","	Chamber1","	1","	B01??(%RH)","	92.3","	2026-07-23 16:06:19"
"	69BA0CDE","	Chamber1","	1","	B01??(?)","	17.3","	2026-07-23 16:06:19"
"	69BA0CDE","	Chamber1","	1","	B01??(%RH)","	92.3","	2026-07-23 16:06:17"
"	69BA0CDE","	Chamber1","	1","	B01??(?)","	17.3","	2026-07-23 16:06:17"
"	69BA0CDE","	Chamber1","	1","	B01??(%RH)","	92.3","	2026-07-23 16:06:15"
"	69BA0CDE","	Chamber1","	1","	B01??(?)","	17.3","	2026-07-23 16:06:15"
"	69BA0CDE","	Chamber1","	1","	B01??(%RH)","	92.3","	2026-07-23 16:06:13"
"	69BA0CDE","	Chamber1","	1","	B01??(?)","	17.3","	2026-07-23 16:06:13"
"	69BA0CDE","	Chamber1","	1","	B01??(%RH)","	92.3","	2026-07-23 16:06:11"
"	69BA0CDE","	Chamber1","	1","	B01??(?)","	17.3","	2026-07-23 16:06:11"
"	69BA0CDE","	Chamber1","	1","	B01??(%RH)","	92.3","	2026-07-23 16:06:09"
"	69BA0CDE","	Chamber1","	1","	B01??(?)","	17.3","	2026-07-23 16:06:09"
"	69BA0CDE","	Chamber1","	1","	B01??(%RH)","	92.3","	2026-07-23 16:06:07"
"	69BA0CDE","	Chamber1","	1","	B01??(?)","	17.3","	2026-07-23 16:06:07"
"	69BA0CDE","	Chamber1","	1","	B01??(%RH)","	92.3","	2026-07-23 16:06:05"
"	69BA0CDE","	Chamber1","	1","	B01??(?)","	17.3","	2026-07-23 16:06:05"
"	69BA0CDE","	Chamber1","	1","	B01??(%RH)","	92.3","	2026-07-23 16:06:03"
"	69BA0CDE","	Chamber1","	1","	B01??(?)","	17.3","	2026-07-23 16:06:03"
"	69BA0CDE","	Chamber1","	1","	B01??(%RH)","	92.3","	2026-07-23 16:06:01"
"	69BA0CDE","	Chamber1","	1","	B01??(?)","	17.3","	2026-07-23 16:06:01"
"	69BA0CDE","	Chamber1","	1","	B01??(%RH)","	92.3","	2026-07-23 16:05:59"
"	69BA0CDE","	Chamber1","	1","	B01??(?)","	17.3","	2026-07-23 16:05:59"
"	69BA0CDE","	Chamber1","	1","	B01??(%RH)","	92.3","	2026-07-23 16:05:57"
"	69BA0CDE","	Chamber1","	1","	B01??(?)","	17.3","	2026-07-23 16:05:57"
"	69BA0CDE","	Chamber1","	1","	B01??(%RH)","	92.3","	2026-07-23 16:05:54"
"	69BA0CDE","	Chamber1","	1","	B01??(?)","	17.3","	2026-07-23 16:05:54"
"	69BA0CDE","	Chamber1","	1","	B01??(%RH)","	92.3","	2026-07-23 16:05:52"
"	69BA0CDE","	Chamber1","	1","	B01??(?)","	17.3","	2026-07-23 16:05:52"
"	69BA0CDE","	Chamber1","	1","	B01??(%RH)","	92.2","	2026-07-23 16:05:50"
"	69BA0CDE","	Chamber1","	1","	B01??(?)","	17.3","	2026-07-23 16:05:50"
"	69BA0CDE","	Chamber1","	1","	B01??(%RH)","	92.3","	2026-07-23 16:05:48"
"	69BA0CDE","	Chamber1","	1","	B01??(?)","	17.3","	2026-07-23 16:05:48"
"	69BA0CDE","	Chamber1","	1","	B01??(%RH)","	92.3","	2026-07-23 16:05:46"
"	69BA0CDE","	Chamber1","	1","	B01??(?)","	17.3","	2026-07-23 16:05:46"
"	69BA0CDE","	Chamber1","	1","	B01??(%RH)","	92.3","	2026-07-23 16:05:44"
"	69BA0CDE","	Chamber1","	1","	B01??(?)","	17.3","	2026-07-23 16:05:44"
"	69BA0CDE","	Chamber1","	1","	B01??(%RH)","	92.2","	2026-07-23 16:05:42"
"	69BA0CDE","	Chamber1","	1","	B01??(?)","	17.3","	2026-07-23 16:05:42"
"	69BA0CDE","	Chamber1","	1","	B01??(%RH)","	92.2","	2026-07-23 16:05:40"
"	69BA0CDE","	Chamber1","	1","	B01??(?)","	17.3","	2026-07-23 16:05:40"
"	69BA0CDE","	Chamber1","	1","	B01??(%RH)","	92.3","	2026-07-23 16:05:38"
"	69BA0CDE","	Chamber1","	1","	B01??(?)","	17.3","	2026-07-23 16:05:38"
"	69BA0CDE","	Chamber1","	1","	B01??(%RH)","	92.3","	2026-07-23 16:05:36"
"	69BA0CDE","	Chamber1","	1","	B01??(?)","	17.3","	2026-07-23 16:05:36"
"	69BA0CDE","	Chamber1","	1","	B01??(%RH)","	92.2","	2026-07-23 16:05:34"
"	69BA0CDE","	Chamber1","	1","	B01??(?)","	17.3","	2026-07-23 16:05:34"
"	69BA0CDE","	Chamber1","	1","	B01??(%RH)","	92.2","	2026-07-23 16:05:32"
"	69BA0CDE","	Chamber1","	1","	B01??(?)","	17.3","	2026-07-23 16:05:32"
"	69BA0CDE","	Chamber1","	1","	B01??(%RH)","	92.2","	2026-07-23 16:05:30"
"	69BA0CDE","	Chamber1","	1","	B01??(?)","	17.3","	2026-07-23 16:05:30"
"	69BA0CDE","	Chamber1","	1","	B01??(%RH)","	92.2","	2026-07-23 16:05:28"
"	69BA0CDE","	Chamber1","	1","	B01??(?)","	17.3","	2026-07-23 16:05:28"
"	69BA0CDE","	Chamber1","	1","	B01??(%RH)","	92.2","	2026-07-23 16:05:26"
"	69BA0CDE","	Chamber1","	1","	B01??(?)","	17.3","	2026-07-23 16:05:26"
"	69BA0CDE","	Chamber1","	1","	B01??(%RH)","	92.2","	2026-07-23 16:05:24"
"	69BA0CDE","	Chamber1","	1","	B01??(?)","	17.3","	2026-07-23 16:05:24"
"	69BA0CDE","	Chamber1","	1","	B01??(%RH)","	92.2","	2026-07-23 16:05:22"
"	69BA0CDE","	Chamber1","	1","	B01??(?)","	17.3","	2026-07-23 16:05:22"
"	69BA0CDE","	Chamber1","	1","	B01??(%RH)","	92.2","	2026-07-23 16:05:20"
"	69BA0CDE","	Chamber1","	1","	B01??(?)","	17.3","	2026-07-23 16:05:20"
"	69BA0CDE","	Chamber1","	1","	B01??(%RH)","	92.3","	2026-07-23 16:05:18"
"	69BA0CDE","	Chamber1","	1","	B01??(?)","	17.3","	2026-07-23 16:05:18"
"	69BA0CDE","	Chamber1","	1","	B01??(%RH)","	92.2","	2026-07-23 16:05:16"
"	69BA0CDE","	Chamber1","	1","	B01??(?)","	17.3","	2026-07-23 16:05:16"
"	69BA0CDE","	Chamber1","	1","	B01??(%RH)","	92.2","	2026-07-23 16:05:14"
"	69BA0CDE","	Chamber1","	1","	B01??(?)","	17.3","	2026-07-23 16:05:14"
"	69BA0CDE","	Chamber1","	1","	B01??(%RH)","	92.2","	2026-07-23 16:05:12"
"	69BA0CDE","	Chamber1","	1","	B01??(?)","	17.3","	2026-07-23 16:05:12"
"	69BA0CDE","	Chamber1","	1","	B01??(%RH)","	92.2","	2026-07-23 16:05:09"
"	69BA0CDE","	Chamber1","	1","	B01??(?)","	17.3","	2026-07-23 16:05:09"
"	69BA0CDE","	Chamber1","	1","	B01??(%RH)","	92.2","	2026-07-23 16:05:07"
"	69BA0CDE","	Chamber1","	1","	B01??(?)","	17.3","	2026-07-23 16:05:07"
"	69BA0CDE","	Chamber1","	1","	B01??(%RH)","	92.2","	2026-07-23 16:05:05"
"	69BA0CDE","	Chamber1","	1","	B01??(?)","	17.3","	2026-07-23 16:05:05"
"	69BA0CDE","	Chamber1","	1","	B01??(%RH)","	92.2","	2026-07-23 16:05:03"
"	69BA0CDE","	Chamber1","	1","	B01??(?)","	17.3","	2026-07-23 16:05:03"
"	69BA0CDE","	Chamber1","	1","	B01??(%RH)","	92.2","	2026-07-23 16:05:01"
"	69BA0CDE","	Chamber1","	1","	B01??(?)","	17.3","	2026-07-23 16:05:01"
"	69BA0CDE","	Chamber1","	1","	B01??(%RH)","	92.2","	2026-07-23 16:04:59"
"	69BA0CDE","	Chamber1","	1","	B01??(?)","	17.3","	2026-07-23 16:04:59"
"	69BA0CDE","	Chamber1","	1","	B01??(%RH)","	92.2","	2026-07-23 16:04:57"
"	69BA0CDE","	Chamber1","	1","	B01??(?)","	17.3","	2026-07-23 16:04:57"
"	69BA0CDE","	Chamber1","	1","	B01??(%RH)","	92.2","	2026-07-23 16:04:55"
"	69BA0CDE","	Chamber1","	1","	B01??(?)","	17.3","	2026-07-23 16:04:55"
"	69BA0CDE","	Chamber1","	1","	B01??(%RH)","	92.2","	2026-07-23 16:04:53"
"	69BA0CDE","	Chamber1","	1","	B01??(?)","	17.3","	2026-07-23 16:04:53"
"	69BA0CDE","	Chamber1","	1","	B01??(%RH)","	92.1","	2026-07-23 16:04:51"
"	69BA0CDE","	Chamber1","	1","	B01??(?)","	17.3","	2026-07-23 16:04:51"
"	69BA0CDE","	Chamber1","	1","	B01??(%RH)","	92.2","	2026-07-23 16:04:49"
"	69BA0CDE","	Chamber1","	1","	B01??(?)","	17.3","	2026-07-23 16:04:49"
"	69BA0CDE","	Chamber1","	1","	B01??(%RH)","	92.2","	2026-07-23 16:04:47"
"	69BA0CDE","	Chamber1","	1","	B01??(?)","	17.3","	2026-07-23 16:04:47"
"	69BA0CDE","	Chamber1","	1","	B01??(%RH)","	92.2","	2026-07-23 16:04:45"
"	69BA0CDE","	Chamber1","	1","	B01??(?)","	17.3","	2026-07-23 16:04:45"
"	69BA0CDE","	Chamber1","	1","	B01??(%RH)","	92.2","	2026-07-23 16:04:43"
"	69BA0CDE","	Chamber1","	1","	B01??(?)","	17.3","	2026-07-23 16:04:43"
"	69BA0CDE","	Chamber1","	1","	B01??(%RH)","	92.2","	2026-07-23 16:04:41"
"	69BA0CDE","	Chamber1","	1","	B01??(?)","	17.3","	2026-07-23 16:04:41"
"	69BA0CDE","	Chamber1","	1","	B01??(%RH)","	92.2","	2026-07-23 16:04:39"
"	69BA0CDE","	Chamber1","	1","	B01??(?)","	17.3","	2026-07-23 16:04:39"
"	69BA0CDE","	Chamber1","	1","	B01??(%RH)","	92.2","	2026-07-23 16:04:37"
"	69BA0CDE","	Chamber1","	1","	B01??(?)","	17.3","	2026-07-23 16:04:37"
"	69BA0CDE","	Chamber1","	1","	B01??(%RH)","	92.2","	2026-07-23 16:04:35"
"	69BA0CDE","	Chamber1","	1","	B01??(?)","	17.3","	2026-07-23 16:04:35"
"	69BA0CDE","	Chamber1","	1","	B01??(%RH)","	92.1","	2026-07-23 16:04:33"
"	69BA0CDE","	Chamber1","	1","	B01??(?)","	17.3","	2026-07-23 16:04:33"
"	69BA0CDE","	Chamber1","	1","	B01??(%RH)","	92.2","	2026-07-23 16:04:31"
"	69BA0CDE","	Chamber1","	1","	B01??(?)","	17.3","	2026-07-23 16:04:31"
"	69BA0CDE","	Chamber1","	1","	B01??(%RH)","	92.2","	2026-07-23 16:04:29"
"	69BA0CDE","	Chamber1","	1","	B01??(?)","	17.3","	2026-07-23 16:04:29"
"	69BA0CDE","	Chamber1","	1","	B01??(%RH)","	92.2","	2026-07-23 16:04:26"
"	69BA0CDE","	Chamber1","	1","	B01??(?)","	17.3","	2026-07-23 16:04:26"
"	69BA0CDE","	Chamber1","	1","	B01??(%RH)","	92.1","	2026-07-23 16:04:24"
"	69BA0CDE","	Chamber1","	1","	B01??(?)","	17.3","	2026-07-23 16:04:24"
"	69BA0CDE","	Chamber1","	1","	B01??(%RH)","	92.2","	2026-07-23 16:04:22"
"	69BA0CDE","	Chamber1","	1","	B01??(?)","	17.3","	2026-07-23 16:04:22"
"	69BA0CDE","	Chamber1","	1","	B01??(%RH)","	92.2","	2026-07-23 16:04:20"
"	69BA0CDE","	Chamber1","	1","	B01??(?)","	17.3","	2026-07-23 16:04:20"
"	69BA0CDE","	Chamber1","	1","	B01??(%RH)","	92.2","	2026-07-23 16:04:18"
"	69BA0CDE","	Chamber1","	1","	B01??(?)","	17.3","	2026-07-23 16:04:18"
"	69BA0CDE","	Chamber1","	1","	B01??(%RH)","	92.2","	2026-07-23 16:04:16"
"	69BA0CDE","	Chamber1","	1","	B01??(?)","	17.3","	2026-07-23 16:04:16"
"	69BA0CDE","	Chamber1","	1","	B01??(%RH)","	92.2","	2026-07-23 16:04:14"
"	69BA0CDE","	Chamber1","	1","	B01??(?)","	17.3","	2026-07-23 16:04:14"
"	69BA0CDE","	Chamber1","	1","	B01??(%RH)","	92.1","	2026-07-23 16:04:12"
"	69BA0CDE","	Chamber1","	1","	B01??(?)","	17.3","	2026-07-23 16:04:12"
"	69BA0CDE","	Chamber1","	1","	B01??(%RH)","	92.1","	2026-07-23 16:04:10"
"	69BA0CDE","	Chamber1","	1","	B01??(?)","	17.3","	2026-07-23 16:04:10"
"	69BA0CDE","	Chamber1","	1","	B01??(%RH)","	92.1","	2026-07-23 16:04:08"
"	69BA0CDE","	Chamber1","	1","	B01??(?)","	17.3","	2026-07-23 16:04:08"
"	69BA0CDE","	Chamber1","	1","	B01??(%RH)","	92.2","	2026-07-23 16:04:06"
"	69BA0CDE","	Chamber1","	1","	B01??(?)","	17.3","	2026-07-23 16:04:06"
"	69BA0CDE","	Chamber1","	1","	B01??(%RH)","	92.1","	2026-07-23 16:04:04"
"	69BA0CDE","	Chamber1","	1","	B01??(?)","	17.3","	2026-07-23 16:04:04"
"	69BA0CDE","	Chamber1","	1","	B01??(%RH)","	92.1","	2026-07-23 16:04:02"
"	69BA0CDE","	Chamber1","	1","	B01??(?)","	17.3","	2026-07-23 16:04:02"
"	69BA0CDE","	Chamber1","	1","	B01??(%RH)","	92.1","	2026-07-23 16:04:00"
"	69BA0CDE","	Chamber1","	1","	B01??(?)","	17.3","	2026-07-23 16:04:00"
"	69BA0CDE","	Chamber1","	1","	B01??(%RH)","	92.1","	2026-07-23 16:03:58"
"	69BA0CDE","	Chamber1","	1","	B01??(?)","	17.3","	2026-07-23 16:03:58"
"	69BA0CDE","	Chamber1","	1","	B01??(%RH)","	92.1","	2026-07-23 16:03:56"
"	69BA0CDE","	Chamber1","	1","	B01??(?)","	17.3","	2026-07-23 16:03:56"
"	69BA0CDE","	Chamber1","	1","	B01??(%RH)","	92.1","	2026-07-23 16:03:54"
"	69BA0CDE","	Chamber1","	1","	B01??(?)","	17.3","	2026-07-23 16:03:54"
"	69BA0CDE","	Chamber1","	1","	B01??(%RH)","	92.1","	2026-07-23 16:03:52"
"	69BA0CDE","	Chamber1","	1","	B01??(?)","	17.3","	2026-07-23 16:03:52"
"	69BA0CDE","	Chamber1","	1","	B01??(%RH)","	92.1","	2026-07-23 16:03:50"
"	69BA0CDE","	Chamber1","	1","	B01??(?)","	17.3","	2026-07-23 16:03:50"
"	69BA0CDE","	Chamber1","	1","	B01??(%RH)","	92.1","	2026-07-23 16:03:48"
"	69BA0CDE","	Chamber1","	1","	B01??(?)","	17.3","	2026-07-23 16:03:48"
"	69BA0CDE","	Chamber1","	1","	B01??(%RH)","	92.1","	2026-07-23 16:03:46"
"	69BA0CDE","	Chamber1","	1","	B01??(?)","	17.3","	2026-07-23 16:03:46"
"	69BA0CDE","	Chamber1","	1","	B01??(%RH)","	92.1","	2026-07-23 16:03:43"
"	69BA0CDE","	Chamber1","	1","	B01??(?)","	17.3","	2026-07-23 16:03:43"
"	69BA0CDE","	Chamber1","	1","	B01??(%RH)","	92.1","	2026-07-23 16:03:41"
"	69BA0CDE","	Chamber1","	1","	B01??(?)","	17.3","	2026-07-23 16:03:41"
"	69BA0CDE","	Chamber1","	1","	B01??(%RH)","	92.1","	2026-07-23 16:03:39"
"	69BA0CDE","	Chamber1","	1","	B01??(?)","	17.3","	2026-07-23 16:03:39"
"	69BA0CDE","	Chamber1","	1","	B01??(%RH)","	92.1","	2026-07-23 16:03:37"
"	69BA0CDE","	Chamber1","	1","	B01??(?)","	17.3","	2026-07-23 16:03:37"
"	69BA0CDE","	Chamber1","	1","	B01??(%RH)","	92.1","	2026-07-23 16:03:35"
"	69BA0CDE","	Chamber1","	1","	B01??(?)","	17.3","	2026-07-23 16:03:35"
"	69BA0CDE","	Chamber1","	1","	B01??(%RH)","	92.1","	2026-07-23 16:03:33"
"	69BA0CDE","	Chamber1","	1","	B01??(?)","	17.3","	2026-07-23 16:03:33"
"	69BA0CDE","	Chamber1","	1","	B01??(%RH)","	92.1","	2026-07-23 16:03:31"
"	69BA0CDE","	Chamber1","	1","	B01??(?)","	17.3","	2026-07-23 16:03:31"
"	69BA0CDE","	Chamber1","	1","	B01??(%RH)","	92.1","	2026-07-23 16:03:29"
"	69BA0CDE","	Chamber1","	1","	B01??(?)","	17.3","	2026-07-23 16:03:29"
"	69BA0CDE","	Chamber1","	1","	B01??(%RH)","	92.1","	2026-07-23 16:03:27"
"	69BA0CDE","	Chamber1","	1","	B01??(?)","	17.3","	2026-07-23 16:03:27"
"	69BA0CDE","	Chamber1","	1","	B01??(%RH)","	92.1","	2026-07-23 16:03:25"
"	69BA0CDE","	Chamber1","	1","	B01??(?)","	17.3","	2026-07-23 16:03:25"
"	69BA0CDE","	Chamber1","	1","	B01??(%RH)","	92.1","	2026-07-23 16:03:23"
"	69BA0CDE","	Chamber1","	1","	B01??(?)","	17.3","	2026-07-23 16:03:23"
"	69BA0CDE","	Chamber1","	1","	B01??(%RH)","	92.1","	2026-07-23 16:03:21"
"	69BA0CDE","	Chamber1","	1","	B01??(?)","	17.3","	2026-07-23 16:03:21"
"	69BA0CDE","	Chamber1","	1","	B01??(%RH)","	92.1","	2026-07-23 16:03:19"
"	69BA0CDE","	Chamber1","	1","	B01??(?)","	17.3","	2026-07-23 16:03:19"
"	69BA0CDE","	Chamber1","	1","	B01??(%RH)","	92.1","	2026-07-23 16:03:17"
"	69BA0CDE","	Chamber1","	1","	B01??(?)","	17.3","	2026-07-23 16:03:17"
"	69BA0CDE","	Chamber1","	1","	B01??(%RH)","	92","	2026-07-23 16:03:15"
"	69BA0CDE","	Chamber1","	1","	B01??(?)","	17.3","	2026-07-23 16:03:15"
"	69BA0CDE","	Chamber1","	1","	B01??(%RH)","	92","	2026-07-23 16:03:13"
"	69BA0CDE","	Chamber1","	1","	B01??(?)","	17.3","	2026-07-23 16:03:13"
"	69BA0CDE","	Chamber1","	1","	B01??(%RH)","	92","	2026-07-23 16:03:11"
"	69BA0CDE","	Chamber1","	1","	B01??(?)","	17.3","	2026-07-23 16:03:11"
"	69BA0CDE","	Chamber1","	1","	B01??(%RH)","	92.1","	2026-07-23 16:03:09"
"	69BA0CDE","	Chamber1","	1","	B01??(?)","	17.3","	2026-07-23 16:03:09"
"	69BA0CDE","	Chamber1","	1","	B01??(%RH)","	92.1","	2026-07-23 16:03:07"
"	69BA0CDE","	Chamber1","	1","	B01??(?)","	17.3","	2026-07-23 16:03:07"
"	69BA0CDE","	Chamber1","	1","	B01??(%RH)","	92.1","	2026-07-23 16:03:05"
"	69BA0CDE","	Chamber1","	1","	B01??(?)","	17.3","	2026-07-23 16:03:05"
"	69BA0CDE","	Chamber1","	1","	B01??(%RH)","	92.1","	2026-07-23 16:03:03"
"	69BA0CDE","	Chamber1","	1","	B01??(?)","	17.3","	2026-07-23 16:03:03"
"	69BA0CDE","	Chamber1","	1","	B01??(%RH)","	92","	2026-07-23 16:03:01"
"	69BA0CDE","	Chamber1","	1","	B01??(?)","	17.3","	2026-07-23 16:03:01"
"	69BA0CDE","	Chamber1","	1","	B01??(%RH)","	92","	2026-07-23 16:02:58"
"	69BA0CDE","	Chamber1","	1","	B01??(?)","	17.3","	2026-07-23 16:02:58"
"	69BA0CDE","	Chamber1","	1","	B01??(%RH)","	92.1","	2026-07-23 16:02:56"
"	69BA0CDE","	Chamber1","	1","	B01??(?)","	17.3","	2026-07-23 16:02:56"
"	69BA0CDE","	Chamber1","	1","	B01??(%RH)","	92","	2026-07-23 16:02:54"
"	69BA0CDE","	Chamber1","	1","	B01??(?)","	17.3","	2026-07-23 16:02:54"
"	69BA0CDE","	Chamber1","	1","	B01??(%RH)","	92","	2026-07-23 16:02:52"
"	69BA0CDE","	Chamber1","	1","	B01??(?)","	17.3","	2026-07-23 16:02:52"
"	69BA0CDE","	Chamber1","	1","	B01??(%RH)","	92.1","	2026-07-23 16:02:50"
"	69BA0CDE","	Chamber1","	1","	B01??(?)","	17.3","	2026-07-23 16:02:50"
"	69BA0CDE","	Chamber1","	1","	B01??(%RH)","	92.1","	2026-07-23 16:02:48"
"	69BA0CDE","	Chamber1","	1","	B01??(?)","	17.3","	2026-07-23 16:02:48"
"	69BA0CDE","	Chamber1","	1","	B01??(%RH)","	92","	2026-07-23 16:02:46"
"	69BA0CDE","	Chamber1","	1","	B01??(?)","	17.3","	2026-07-23 16:02:46"
"	69BA0CDE","	Chamber1","	1","	B01??(%RH)","	92","	2026-07-23 16:02:44"
"	69BA0CDE","	Chamber1","	1","	B01??(?)","	17.3","	2026-07-23 16:02:44"
"	69BA0CDE","	Chamber1","	1","	B01??(%RH)","	92","	2026-07-23 16:02:42"
"	69BA0CDE","	Chamber1","	1","	B01??(?)","	17.3","	2026-07-23 16:02:42"
"	69BA0CDE","	Chamber1","	1","	B01??(%RH)","	92","	2026-07-23 16:02:40"
"	69BA0CDE","	Chamber1","	1","	B01??(?)","	17.3","	2026-07-23 16:02:40"
"	69BA0CDE","	Chamber1","	1","	B01??(%RH)","	92","	2026-07-23 16:02:38"
"	69BA0CDE","	Chamber1","	1","	B01??(?)","	17.3","	2026-07-23 16:02:38"
"	69BA0CDE","	Chamber1","	1","	B01??(%RH)","	92","	2026-07-23 16:02:36"
"	69BA0CDE","	Chamber1","	1","	B01??(?)","	17.3","	2026-07-23 16:02:36"
"	69BA0CDE","	Chamber1","	1","	B01??(%RH)","	92","	2026-07-23 16:02:34"
"	69BA0CDE","	Chamber1","	1","	B01??(?)","	17.3","	2026-07-23 16:02:34"
"	69BA0CDE","	Chamber1","	1","	B01??(%RH)","	92","	2026-07-23 16:02:32"
"	69BA0CDE","	Chamber1","	1","	B01??(?)","	17.3","	2026-07-23 16:02:32"
"	69BA0CDE","	Chamber1","	1","	B01??(%RH)","	92","	2026-07-23 16:02:30"
"	69BA0CDE","	Chamber1","	1","	B01??(?)","	17.3","	2026-07-23 16:02:30"
"	69BA0CDE","	Chamber1","	1","	B01??(%RH)","	92","	2026-07-23 16:02:28"
"	69BA0CDE","	Chamber1","	1","	B01??(?)","	17.3","	2026-07-23 16:02:28"
"	69BA0CDE","	Chamber1","	1","	B01??(%RH)","	92","	2026-07-23 16:02:26"
"	69BA0CDE","	Chamber1","	1","	B01??(?)","	17.3","	2026-07-23 16:02:26"
"	69BA0CDE","	Chamber1","	1","	B01??(%RH)","	92","	2026-07-23 16:02:24"
"	69BA0CDE","	Chamber1","	1","	B01??(?)","	17.3","	2026-07-23 16:02:24"
"	69BA0CDE","	Chamber1","	1","	B01??(%RH)","	92","	2026-07-23 16:02:22"
"	69BA0CDE","	Chamber1","	1","	B01??(?)","	17.3","	2026-07-23 16:02:22"
"	69BA0CDE","	Chamber1","	1","	B01??(%RH)","	92","	2026-07-23 16:02:20"
"	69BA0CDE","	Chamber1","	1","	B01??(?)","	17.3","	2026-07-23 16:02:20"
"	69BA0CDE","	Chamber1","	1","	B01??(%RH)","	92","	2026-07-23 16:02:18"
"	69BA0CDE","	Chamber1","	1","	B01??(?)","	17.3","	2026-07-23 16:02:18"
"	69BA0CDE","	Chamber1","	1","	B01??(%RH)","	92","	2026-07-23 16:02:16"
"	69BA0CDE","	Chamber1","	1","	B01??(?)","	17.3","	2026-07-23 16:02:16"
"	69BA0CDE","	Chamber1","	1","	B01??(%RH)","	92","	2026-07-23 16:02:13"
"	69BA0CDE","	Chamber1","	1","	B01??(?)","	17.3","	2026-07-23 16:02:13"
"	69BA0CDE","	Chamber1","	1","	B01??(%RH)","	92","	2026-07-23 16:02:11"
"	69BA0CDE","	Chamber1","	1","	B01??(?)","	17.3","	2026-07-23 16:02:11"
"	69BA0CDE","	Chamber1","	1","	B01??(%RH)","	91.9","	2026-07-23 16:02:09"
"	69BA0CDE","	Chamber1","	1","	B01??(?)","	17.3","	2026-07-23 16:02:09"
"	69BA0CDE","	Chamber1","	1","	B01??(%RH)","	92","	2026-07-23 16:02:07"
"	69BA0CDE","	Chamber1","	1","	B01??(?)","	17.3","	2026-07-23 16:02:07"
"	69BA0CDE","	Chamber1","	1","	B01??(%RH)","	92","	2026-07-23 16:02:05"
"	69BA0CDE","	Chamber1","	1","	B01??(?)","	17.3","	2026-07-23 16:02:05"
"	69BA0CDE","	Chamber1","	1","	B01??(%RH)","	92","	2026-07-23 16:02:03"
"	69BA0CDE","	Chamber1","	1","	B01??(?)","	17.3","	2026-07-23 16:02:03"
"	69BA0CDE","	Chamber1","	1","	B01??(%RH)","	92","	2026-07-23 16:02:01"
"	69BA0CDE","	Chamber1","	1","	B01??(?)","	17.3","	2026-07-23 16:02:01"
"	69BA0CDE","	Chamber1","	1","	B01??(%RH)","	92","	2026-07-23 16:01:59"
"	69BA0CDE","	Chamber1","	1","	B01??(?)","	17.3","	2026-07-23 16:01:59"
"	69BA0CDE","	Chamber1","	1","	B01??(%RH)","	91.9","	2026-07-23 16:01:57"
"	69BA0CDE","	Chamber1","	1","	B01??(?)","	17.3","	2026-07-23 16:01:57"
"	69BA0CDE","	Chamber1","	1","	B01??(%RH)","	92","	2026-07-23 16:01:55"
"	69BA0CDE","	Chamber1","	1","	B01??(?)","	17.3","	2026-07-23 16:01:55"
"	69BA0CDE","	Chamber1","	1","	B01??(%RH)","	92","	2026-07-23 16:01:53"
"	69BA0CDE","	Chamber1","	1","	B01??(?)","	17.3","	2026-07-23 16:01:53"
"	69BA0CDE","	Chamber1","	1","	B01??(%RH)","	92","	2026-07-23 16:01:51"
"	69BA0CDE","	Chamber1","	1","	B01??(?)","	17.3","	2026-07-23 16:01:51"
"	69BA0CDE","	Chamber1","	1","	B01??(%RH)","	91.9","	2026-07-23 16:01:49"
"	69BA0CDE","	Chamber1","	1","	B01??(?)","	17.3","	2026-07-23 16:01:49"
"	69BA0CDE","	Chamber1","	1","	B01??(%RH)","	91.9","	2026-07-23 16:01:47"
"	69BA0CDE","	Chamber1","	1","	B01??(?)","	17.3","	2026-07-23 16:01:47"
"	69BA0CDE","	Chamber1","	1","	B01??(%RH)","	91.9","	2026-07-23 16:01:45"
"	69BA0CDE","	Chamber1","	1","	B01??(?)","	17.3","	2026-07-23 16:01:45"
"	69BA0CDE","	Chamber1","	1","	B01??(%RH)","	91.9","	2026-07-23 16:01:43"
"	69BA0CDE","	Chamber1","	1","	B01??(?)","	17.3","	2026-07-23 16:01:43"
"	69BA0CDE","	Chamber1","	1","	B01??(%RH)","	91.9","	2026-07-23 16:01:41"
"	69BA0CDE","	Chamber1","	1","	B01??(?)","	17.3","	2026-07-23 16:01:41"
"	69BA0CDE","	Chamber1","	1","	B01??(%RH)","	91.9","	2026-07-23 16:01:39"
"	69BA0CDE","	Chamber1","	1","	B01??(?)","	17.4","	2026-07-23 16:01:39"
"	69BA0CDE","	Chamber1","	1","	B01??(%RH)","	91.9","	2026-07-23 16:01:37"
"	69BA0CDE","	Chamber1","	1","	B01??(?)","	17.3","	2026-07-23 16:01:37"
"	69BA0CDE","	Chamber1","	1","	B01??(%RH)","	91.9","	2026-07-23 16:01:35"
"	69BA0CDE","	Chamber1","	1","	B01??(?)","	17.3","	2026-07-23 16:01:35"
"	69BA0CDE","	Chamber1","	1","	B01??(%RH)","	91.9","	2026-07-23 16:01:33"
"	69BA0CDE","	Chamber1","	1","	B01??(?)","	17.3","	2026-07-23 16:01:33"
"	69BA0CDE","	Chamber1","	1","	B01??(%RH)","	91.9","	2026-07-23 16:01:31"
"	69BA0CDE","	Chamber1","	1","	B01??(?)","	17.3","	2026-07-23 16:01:31"
"	69BA0CDE","	Chamber1","	1","	B01??(%RH)","	91.9","	2026-07-23 16:01:28"
"	69BA0CDE","	Chamber1","	1","	B01??(?)","	17.3","	2026-07-23 16:01:28"
"	69BA0CDE","	Chamber1","	1","	B01??(%RH)","	91.9","	2026-07-23 16:01:26"
"	69BA0CDE","	Chamber1","	1","	B01??(?)","	17.3","	2026-07-23 16:01:26"
"	69BA0CDE","	Chamber1","	1","	B01??(%RH)","	91.9","	2026-07-23 16:01:24"
"	69BA0CDE","	Chamber1","	1","	B01??(?)","	17.3","	2026-07-23 16:01:24"
"	69BA0CDE","	Chamber1","	1","	B01??(%RH)","	91.9","	2026-07-23 16:01:22"
"	69BA0CDE","	Chamber1","	1","	B01??(?)","	17.3","	2026-07-23 16:01:22"
"	69BA0CDE","	Chamber1","	1","	B01??(%RH)","	91.9","	2026-07-23 16:01:20"
"	69BA0CDE","	Chamber1","	1","	B01??(?)","	17.3","	2026-07-23 16:01:20"
"	69BA0CDE","	Chamber1","	1","	B01??(%RH)","	91.9","	2026-07-23 16:01:18"
"	69BA0CDE","	Chamber1","	1","	B01??(?)","	17.3","	2026-07-23 16:01:18"
"	69BA0CDE","	Chamber1","	1","	B01??(%RH)","	91.9","	2026-07-23 16:01:16"
"	69BA0CDE","	Chamber1","	1","	B01??(?)","	17.3","	2026-07-23 16:01:16"
"	69BA0CDE","	Chamber1","	1","	B01??(%RH)","	91.9","	2026-07-23 16:01:14"
"	69BA0CDE","	Chamber1","	1","	B01??(?)","	17.3","	2026-07-23 16:01:14"
"	69BA0CDE","	Chamber1","	1","	B01??(%RH)","	91.9","	2026-07-23 16:01:12"
"	69BA0CDE","	Chamber1","	1","	B01??(?)","	17.3","	2026-07-23 16:01:12"
"	69BA0CDE","	Chamber1","	1","	B01??(%RH)","	91.9","	2026-07-23 16:01:10"
"	69BA0CDE","	Chamber1","	1","	B01??(?)","	17.3","	2026-07-23 16:01:10"
"	69BA0CDE","	Chamber1","	1","	B01??(%RH)","	91.9","	2026-07-23 16:01:08"
"	69BA0CDE","	Chamber1","	1","	B01??(?)","	17.3","	2026-07-23 16:01:08"
"	69BA0CDE","	Chamber1","	1","	B01??(%RH)","	91.9","	2026-07-23 16:01:06"
"	69BA0CDE","	Chamber1","	1","	B01??(?)","	17.4","	2026-07-23 16:01:06"
"	69BA0CDE","	Chamber1","	1","	B01??(%RH)","	91.8","	2026-07-23 16:01:04"
"	69BA0CDE","	Chamber1","	1","	B01??(?)","	17.3","	2026-07-23 16:01:04"
"	69BA0CDE","	Chamber1","	1","	B01??(%RH)","	91.9","	2026-07-23 16:01:02"
"	69BA0CDE","	Chamber1","	1","	B01??(?)","	17.3","	2026-07-23 16:01:02"
"	69BA0CDE","	Chamber1","	1","	B01??(%RH)","	91.9","	2026-07-23 16:01:00"
"	69BA0CDE","	Chamber1","	1","	B01??(?)","	17.3","	2026-07-23 16:01:00"
"	69BA0CDE","	Chamber1","	1","	B01??(%RH)","	91.9","	2026-07-23 16:00:58"
"	69BA0CDE","	Chamber1","	1","	B01??(?)","	17.3","	2026-07-23 16:00:58"
"	69BA0CDE","	Chamber1","	1","	B01??(%RH)","	91.9","	2026-07-23 16:00:56"
"	69BA0CDE","	Chamber1","	1","	B01??(?)","	17.3","	2026-07-23 16:00:56"
"	69BA0CDE","	Chamber1","	1","	B01??(%RH)","	91.9","	2026-07-23 16:00:54"
"	69BA0CDE","	Chamber1","	1","	B01??(?)","	17.3","	2026-07-23 16:00:54"
"	69BA0CDE","	Chamber1","	1","	B01??(%RH)","	91.8","	2026-07-23 16:00:52"
"	69BA0CDE","	Chamber1","	1","	B01??(?)","	17.3","	2026-07-23 16:00:52"
"	69BA0CDE","	Chamber1","	1","	B01??(%RH)","	91.9","	2026-07-23 16:00:50"
"	69BA0CDE","	Chamber1","	1","	B01??(?)","	17.3","	2026-07-23 16:00:50"
"	69BA0CDE","	Chamber1","	1","	B01??(%RH)","	91.8","	2026-07-23 16:00:48"
"	69BA0CDE","	Chamber1","	1","	B01??(?)","	17.3","	2026-07-23 16:00:48"
"	69BA0CDE","	Chamber1","	1","	B01??(%RH)","	91.8","	2026-07-23 16:00:45"
"	69BA0CDE","	Chamber1","	1","	B01??(?)","	17.4","	2026-07-23 16:00:45"
"	69BA0CDE","	Chamber1","	1","	B01??(%RH)","	91.8","	2026-07-23 16:00:43"
"	69BA0CDE","	Chamber1","	1","	B01??(?)","	17.3","	2026-07-23 16:00:43"
"	69BA0CDE","	Chamber1","	1","	B01??(%RH)","	91.8","	2026-07-23 16:00:41"
"	69BA0CDE","	Chamber1","	1","	B01??(?)","	17.3","	2026-07-23 16:00:41"
"	69BA0CDE","	Chamber1","	1","	B01??(%RH)","	91.8","	2026-07-23 16:00:39"
"	69BA0CDE","	Chamber1","	1","	B01??(?)","	17.3","	2026-07-23 16:00:39"
"	69BA0CDE","	Chamber1","	1","	B01??(%RH)","	91.8","	2026-07-23 16:00:37"
"	69BA0CDE","	Chamber1","	1","	B01??(?)","	17.3","	2026-07-23 16:00:37"
"	69BA0CDE","	Chamber1","	1","	B01??(%RH)","	91.8","	2026-07-23 16:00:35"
"	69BA0CDE","	Chamber1","	1","	B01??(?)","	17.3","	2026-07-23 16:00:35"
"	69BA0CDE","	Chamber1","	1","	B01??(%RH)","	91.8","	2026-07-23 16:00:33"
"	69BA0CDE","	Chamber1","	1","	B01??(?)","	17.3","	2026-07-23 16:00:33"
"	69BA0CDE","	Chamber1","	1","	B01??(%RH)","	91.9","	2026-07-23 16:00:31"
"	69BA0CDE","	Chamber1","	1","	B01??(?)","	17.3","	2026-07-23 16:00:31"
"	69BA0CDE","	Chamber1","	1","	B01??(%RH)","	91.8","	2026-07-23 16:00:29"
"	69BA0CDE","	Chamber1","	1","	B01??(?)","	17.3","	2026-07-23 16:00:29"
"	69BA0CDE","	Chamber1","	1","	B01??(%RH)","	91.8","	2026-07-23 16:00:27"
"	69BA0CDE","	Chamber1","	1","	B01??(?)","	17.3","	2026-07-23 16:00:27"
"	69BA0CDE","	Chamber1","	1","	B01??(%RH)","	91.8","	2026-07-23 16:00:25"
"	69BA0CDE","	Chamber1","	1","	B01??(?)","	17.3","	2026-07-23 16:00:25"
"	69BA0CDE","	Chamber1","	1","	B01??(%RH)","	91.8","	2026-07-23 16:00:23"
"	69BA0CDE","	Chamber1","	1","	B01??(?)","	17.3","	2026-07-23 16:00:23"
"	69BA0CDE","	Chamber1","	1","	B01??(%RH)","	91.8","	2026-07-23 16:00:21"
"	69BA0CDE","	Chamber1","	1","	B01??(?)","	17.3","	2026-07-23 16:00:21"
"	69BA0CDE","	Chamber1","	1","	B01??(%RH)","	91.8","	2026-07-23 16:00:19"
"	69BA0CDE","	Chamber1","	1","	B01??(?)","	17.3","	2026-07-23 16:00:19"
"	69BA0CDE","	Chamber1","	1","	B01??(%RH)","	91.8","	2026-07-23 16:00:17"
"	69BA0CDE","	Chamber1","	1","	B01??(?)","	17.3","	2026-07-23 16:00:17"
"	69BA0CDE","	Chamber1","	1","	B01??(%RH)","	91.8","	2026-07-23 16:00:15"
"	69BA0CDE","	Chamber1","	1","	B01??(?)","	17.3","	2026-07-23 16:00:15"
"	69BA0CDE","	Chamber1","	1","	B01??(%RH)","	91.8","	2026-07-23 16:00:13"
"	69BA0CDE","	Chamber1","	1","	B01??(?)","	17.3","	2026-07-23 16:00:13"
"	69BA0CDE","	Chamber1","	1","	B01??(%RH)","	91.8","	2026-07-23 16:00:11"
"	69BA0CDE","	Chamber1","	1","	B01??(?)","	17.3","	2026-07-23 16:00:11"
"	69BA0CDE","	Chamber1","	1","	B01??(%RH)","	91.8","	2026-07-23 16:00:09"
"	69BA0CDE","	Chamber1","	1","	B01??(?)","	17.3","	2026-07-23 16:00:09"
"	69BA0CDE","	Chamber1","	1","	B01??(%RH)","	91.8","	2026-07-23 16:00:07"
"	69BA0CDE","	Chamber1","	1","	B01??(?)","	17.3","	2026-07-23 16:00:07"
"	69BA0CDE","	Chamber1","	1","	B01??(%RH)","	91.8","	2026-07-23 16:00:05"
"	69BA0CDE","	Chamber1","	1","	B01??(?)","	17.3","	2026-07-23 16:00:05"
"	69BA0CDE","	Chamber1","	1","	B01??(%RH)","	91.8","	2026-07-23 16:00:02"
"	69BA0CDE","	Chamber1","	1","	B01??(?)","	17.3","	2026-07-23 16:00:02"
"	69BA0CDE","	Chamber1","	1","	B01??(%RH)","	91.8","	2026-07-23 16:00:00"
"	69BA0CDE","	Chamber1","	1","	B01??(?)","	17.3","	2026-07-23 16:00:00"
"	69BA0CDE","	Chamber1","	1","	B01??(%RH)","	91.8","	2026-07-23 15:59:58"
"	69BA0CDE","	Chamber1","	1","	B01??(?)","	17.3","	2026-07-23 15:59:58"
"	69BA0CDE","	Chamber1","	1","	B01??(%RH)","	91.8","	2026-07-23 15:59:56"
"	69BA0CDE","	Chamber1","	1","	B01??(?)","	17.3","	2026-07-23 15:59:56"
"	69BA0CDE","	Chamber1","	1","	B01??(%RH)","	91.8","	2026-07-23 15:59:54"
"	69BA0CDE","	Chamber1","	1","	B01??(?)","	17.3","	2026-07-23 15:59:54"
"	69BA0CDE","	Chamber1","	1","	B01??(%RH)","	91.8","	2026-07-23 15:59:52"
"	69BA0CDE","	Chamber1","	1","	B01??(?)","	17.4","	2026-07-23 15:59:52"
"	69BA0CDE","	Chamber1","	1","	B01??(%RH)","	91.8","	2026-07-23 15:59:50"
"	69BA0CDE","	Chamber1","	1","	B01??(?)","	17.3","	2026-07-23 15:59:50"
"	69BA0CDE","	Chamber1","	1","	B01??(%RH)","	91.7","	2026-07-23 15:59:48"
"	69BA0CDE","	Chamber1","	1","	B01??(?)","	17.3","	2026-07-23 15:59:48"
"	69BA0CDE","	Chamber1","	1","	B01??(%RH)","	91.8","	2026-07-23 15:59:46"
"	69BA0CDE","	Chamber1","	1","	B01??(?)","	17.3","	2026-07-23 15:59:46"
"	69BA0CDE","	Chamber1","	1","	B01??(%RH)","	91.8","	2026-07-23 15:59:44"
"	69BA0CDE","	Chamber1","	1","	B01??(?)","	17.3","	2026-07-23 15:59:44"
"	69BA0CDE","	Chamber1","	1","	B01??(%RH)","	91.7","	2026-07-23 15:59:42"
"	69BA0CDE","	Chamber1","	1","	B01??(?)","	17.4","	2026-07-23 15:59:42"
"	69BA0CDE","	Chamber1","	1","	B01??(%RH)","	91.7","	2026-07-23 15:59:40"
"	69BA0CDE","	Chamber1","	1","	B01??(?)","	17.3","	2026-07-23 15:59:40"
"	69BA0CDE","	Chamber1","	1","	B01??(%RH)","	91.7","	2026-07-23 15:59:38"
"	69BA0CDE","	Chamber1","	1","	B01??(?)","	17.3","	2026-07-23 15:59:38"
"	69BA0CDE","	Chamber1","	1","	B01??(%RH)","	91.7","	2026-07-23 15:59:36"
"	69BA0CDE","	Chamber1","	1","	B01??(?)","	17.3","	2026-07-23 15:59:36"
"	69BA0CDE","	Chamber1","	1","	B01??(%RH)","	91.7","	2026-07-23 15:59:34"
"	69BA0CDE","	Chamber1","	1","	B01??(?)","	17.4","	2026-07-23 15:59:34"
"	69BA0CDE","	Chamber1","	1","	B01??(%RH)","	91.7","	2026-07-23 15:59:32"
"	69BA0CDE","	Chamber1","	1","	B01??(?)","	17.3","	2026-07-23 15:59:32"
"	69BA0CDE","	Chamber1","	1","	B01??(%RH)","	91.7","	2026-07-23 15:59:30"
"	69BA0CDE","	Chamber1","	1","	B01??(?)","	17.3","	2026-07-23 15:59:30"
"	69BA0CDE","	Chamber1","	1","	B01??(%RH)","	91.7","	2026-07-23 15:59:28"
"	69BA0CDE","	Chamber1","	1","	B01??(?)","	17.4","	2026-07-23 15:59:28"
"	69BA0CDE","	Chamber1","	1","	B01??(%RH)","	91.7","	2026-07-23 15:59:26"
"	69BA0CDE","	Chamber1","	1","	B01??(?)","	17.4","	2026-07-23 15:59:26"
"	69BA0CDE","	Chamber1","	1","	B01??(%RH)","	91.7","	2026-07-23 15:59:24"
"	69BA0CDE","	Chamber1","	1","	B01??(?)","	17.3","	2026-07-23 15:59:24"
"	69BA0CDE","	Chamber1","	1","	B01??(%RH)","	91.7","	2026-07-23 15:59:22"
"	69BA0CDE","	Chamber1","	1","	B01??(?)","	17.3","	2026-07-23 15:59:22"
"	69BA0CDE","	Chamber1","	1","	B01??(%RH)","	91.7","	2026-07-23 15:59:19"
"	69BA0CDE","	Chamber1","	1","	B01??(?)","	17.4","	2026-07-23 15:59:19"
"	69BA0CDE","	Chamber1","	1","	B01??(%RH)","	91.7","	2026-07-23 15:59:17"
"	69BA0CDE","	Chamber1","	1","	B01??(?)","	17.3","	2026-07-23 15:59:17"
"	69BA0CDE","	Chamber1","	1","	B01??(%RH)","	91.7","	2026-07-23 15:59:15"
"	69BA0CDE","	Chamber1","	1","	B01??(?)","	17.3","	2026-07-23 15:59:15"
"	69BA0CDE","	Chamber1","	1","	B01??(%RH)","	91.7","	2026-07-23 15:59:13"
"	69BA0CDE","	Chamber1","	1","	B01??(?)","	17.3","	2026-07-23 15:59:13"
"	69BA0CDE","	Chamber1","	1","	B01??(%RH)","	91.7","	2026-07-23 15:59:11"
"	69BA0CDE","	Chamber1","	1","	B01??(?)","	17.4","	2026-07-23 15:59:11"
"	69BA0CDE","	Chamber1","	1","	B01??(%RH)","	91.7","	2026-07-23 15:59:09"
"	69BA0CDE","	Chamber1","	1","	B01??(?)","	17.4","	2026-07-23 15:59:09"
"	69BA0CDE","	Chamber1","	1","	B01??(%RH)","	91.7","	2026-07-23 15:59:07"
"	69BA0CDE","	Chamber1","	1","	B01??(?)","	17.3","	2026-07-23 15:59:07"
"	69BA0CDE","	Chamber1","	1","	B01??(%RH)","	91.6","	2026-07-23 15:59:05"
"	69BA0CDE","	Chamber1","	1","	B01??(?)","	17.3","	2026-07-23 15:59:05"
"	69BA0CDE","	Chamber1","	1","	B01??(%RH)","	91.7","	2026-07-23 15:59:03"
"	69BA0CDE","	Chamber1","	1","	B01??(?)","	17.4","	2026-07-23 15:59:03"
"	69BA0CDE","	Chamber1","	1","	B01??(%RH)","	91.7","	2026-07-23 15:59:01"
"	69BA0CDE","	Chamber1","	1","	B01??(?)","	17.4","	2026-07-23 15:59:01"
"	69BA0CDE","	Chamber1","	1","	B01??(%RH)","	91.6","	2026-07-23 15:58:59"
"	69BA0CDE","	Chamber1","	1","	B01??(?)","	17.3","	2026-07-23 15:58:59"
"	69BA0CDE","	Chamber1","	1","	B01??(%RH)","	91.7","	2026-07-23 15:58:57"
"	69BA0CDE","	Chamber1","	1","	B01??(?)","	17.4","	2026-07-23 15:58:57"
"	69BA0CDE","	Chamber1","	1","	B01??(%RH)","	91.7","	2026-07-23 15:58:55"
"	69BA0CDE","	Chamber1","	1","	B01??(?)","	17.3","	2026-07-23 15:58:55"
"	69BA0CDE","	Chamber1","	1","	B01??(%RH)","	91.7","	2026-07-23 15:58:53"
"	69BA0CDE","	Chamber1","	1","	B01??(?)","	17.4","	2026-07-23 15:58:53"
"	69BA0CDE","	Chamber1","	1","	B01??(%RH)","	91.6","	2026-07-23 15:58:51"
"	69BA0CDE","	Chamber1","	1","	B01??(?)","	17.4","	2026-07-23 15:58:51"
"	69BA0CDE","	Chamber1","	1","	B01??(%RH)","	91.6","	2026-07-23 15:58:49"
"	69BA0CDE","	Chamber1","	1","	B01??(?)","	17.4","	2026-07-23 15:58:49"
"	69BA0CDE","	Chamber1","	1","	B01??(%RH)","	91.6","	2026-07-23 15:58:47"
"	69BA0CDE","	Chamber1","	1","	B01??(?)","	17.4","	2026-07-23 15:58:47"
"	69BA0CDE","	Chamber1","	1","	B01??(%RH)","	91.6","	2026-07-23 15:58:45"
"	69BA0CDE","	Chamber1","	1","	B01??(?)","	17.4","	2026-07-23 15:58:45"
"	69BA0CDE","	Chamber1","	1","	B01??(%RH)","	91.6","	2026-07-23 15:58:43"
"	69BA0CDE","	Chamber1","	1","	B01??(?)","	17.3","	2026-07-23 15:58:43"
"	69BA0CDE","	Chamber1","	1","	B01??(%RH)","	91.6","	2026-07-23 15:58:41"
"	69BA0CDE","	Chamber1","	1","	B01??(?)","	17.4","	2026-07-23 15:58:41"
"	69BA0CDE","	Chamber1","	1","	B01??(%RH)","	91.6","	2026-07-23 15:58:39"
"	69BA0CDE","	Chamber1","	1","	B01??(?)","	17.4","	2026-07-23 15:58:39"
"	69BA0CDE","	Chamber1","	1","	B01??(%RH)","	91.6","	2026-07-23 15:58:37"
"	69BA0CDE","	Chamber1","	1","	B01??(?)","	17.4","	2026-07-23 15:58:37"
"	69BA0CDE","	Chamber1","	1","	B01??(%RH)","	91.6","	2026-07-23 15:58:34"
"	69BA0CDE","	Chamber1","	1","	B01??(?)","	17.3","	2026-07-23 15:58:34"
"	69BA0CDE","	Chamber1","	1","	B01??(%RH)","	91.6","	2026-07-23 15:58:32"
"	69BA0CDE","	Chamber1","	1","	B01??(?)","	17.3","	2026-07-23 15:58:32"
"	69BA0CDE","	Chamber1","	1","	B01??(%RH)","	91.6","	2026-07-23 15:58:30"
"	69BA0CDE","	Chamber1","	1","	B01??(?)","	17.4","	2026-07-23 15:58:30"
"	69BA0CDE","	Chamber1","	1","	B01??(%RH)","	91.6","	2026-07-23 15:58:28"
"	69BA0CDE","	Chamber1","	1","	B01??(?)","	17.4","	2026-07-23 15:58:28"
"	69BA0CDE","	Chamber1","	1","	B01??(%RH)","	91.6","	2026-07-23 15:58:26"
"	69BA0CDE","	Chamber1","	1","	B01??(?)","	17.4","	2026-07-23 15:58:26"
"	69BA0CDE","	Chamber1","	1","	B01??(%RH)","	91.6","	2026-07-23 15:58:24"
"	69BA0CDE","	Chamber1","	1","	B01??(?)","	17.3","	2026-07-23 15:58:24"
"	69BA0CDE","	Chamber1","	1","	B01??(%RH)","	91.6","	2026-07-23 15:58:22"
"	69BA0CDE","	Chamber1","	1","	B01??(?)","	17.3","	2026-07-23 15:58:22"
"	69BA0CDE","	Chamber1","	1","	B01??(%RH)","	91.6","	2026-07-23 15:58:20"
"	69BA0CDE","	Chamber1","	1","	B01??(?)","	17.4","	2026-07-23 15:58:20"
"	69BA0CDE","	Chamber1","	1","	B01??(%RH)","	91.6","	2026-07-23 15:58:18"
"	69BA0CDE","	Chamber1","	1","	B01??(?)","	17.4","	2026-07-23 15:58:18"
"	69BA0CDE","	Chamber1","	1","	B01??(%RH)","	91.6","	2026-07-23 15:58:16"
"	69BA0CDE","	Chamber1","	1","	B01??(?)","	17.4","	2026-07-23 15:58:16"
"	69BA0CDE","	Chamber1","	1","	B01??(%RH)","	91.6","	2026-07-23 15:58:14"
"	69BA0CDE","	Chamber1","	1","	B01??(?)","	17.4","	2026-07-23 15:58:14"
"	69BA0CDE","	Chamber1","	1","	B01??(%RH)","	91.6","	2026-07-23 15:58:12"
"	69BA0CDE","	Chamber1","	1","	B01??(?)","	17.4","	2026-07-23 15:58:12"
"	69BA0CDE","	Chamber1","	1","	B01??(%RH)","	91.5","	2026-07-23 15:58:10"
"	69BA0CDE","	Chamber1","	1","	B01??(?)","	17.4","	2026-07-23 15:58:10"
"	69BA0CDE","	Chamber1","	1","	B01??(%RH)","	91.5","	2026-07-23 15:58:08"
"	69BA0CDE","	Chamber1","	1","	B01??(?)","	17.4","	2026-07-23 15:58:08"
"	69BA0CDE","	Chamber1","	1","	B01??(%RH)","	91.6","	2026-07-23 15:58:06"
"	69BA0CDE","	Chamber1","	1","	B01??(?)","	17.4","	2026-07-23 15:58:06"
"	69BA0CDE","	Chamber1","	1","	B01??(%RH)","	91.5","	2026-07-23 15:58:04"
"	69BA0CDE","	Chamber1","	1","	B01??(?)","	17.4","	2026-07-23 15:58:04"
"	69BA0CDE","	Chamber1","	1","	B01??(%RH)","	91.6","	2026-07-23 15:58:02"
"	69BA0CDE","	Chamber1","	1","	B01??(?)","	17.4","	2026-07-23 15:58:02"
"	69BA0CDE","	Chamber1","	1","	B01??(%RH)","	91.5","	2026-07-23 15:58:00"
"	69BA0CDE","	Chamber1","	1","	B01??(?)","	17.4","	2026-07-23 15:58:00"
"	69BA0CDE","	Chamber1","	1","	B01??(%RH)","	91.5","	2026-07-23 15:57:58"
"	69BA0CDE","	Chamber1","	1","	B01??(?)","	17.4","	2026-07-23 15:57:58"
"	69BA0CDE","	Chamber1","	1","	B01??(%RH)","	91.6","	2026-07-23 15:57:56"
"	69BA0CDE","	Chamber1","	1","	B01??(?)","	17.4","	2026-07-23 15:57:56"
"	69BA0CDE","	Chamber1","	1","	B01??(%RH)","	91.5","	2026-07-23 15:57:54"
"	69BA0CDE","	Chamber1","	1","	B01??(?)","	17.3","	2026-07-23 15:57:54"
"	69BA0CDE","	Chamber1","	1","	B01??(%RH)","	91.5","	2026-07-23 15:57:52"
"	69BA0CDE","	Chamber1","	1","	B01??(?)","	17.4","	2026-07-23 15:57:52"
"	69BA0CDE","	Chamber1","	1","	B01??(%RH)","	91.6","	2026-07-23 15:57:49"
"	69BA0CDE","	Chamber1","	1","	B01??(?)","	17.4","	2026-07-23 15:57:49"
"	69BA0CDE","	Chamber1","	1","	B01??(%RH)","	91.5","	2026-07-23 15:57:47"
"	69BA0CDE","	Chamber1","	1","	B01??(?)","	17.4","	2026-07-23 15:57:47"
"	69BA0CDE","	Chamber1","	1","	B01??(%RH)","	91.5","	2026-07-23 15:57:45"
"	69BA0CDE","	Chamber1","	1","	B01??(?)","	17.4","	2026-07-23 15:57:45"
"	69BA0CDE","	Chamber1","	1","	B01??(%RH)","	91.5","	2026-07-23 15:57:43"
"	69BA0CDE","	Chamber1","	1","	B01??(?)","	17.4","	2026-07-23 15:57:43"
"	69BA0CDE","	Chamber1","	1","	B01??(%RH)","	91.5","	2026-07-23 15:57:41"
"	69BA0CDE","	Chamber1","	1","	B01??(?)","	17.4","	2026-07-23 15:57:41"
"	69BA0CDE","	Chamber1","	1","	B01??(%RH)","	91.5","	2026-07-23 15:57:39"
"	69BA0CDE","	Chamber1","	1","	B01??(?)","	17.4","	2026-07-23 15:57:39"
"	69BA0CDE","	Chamber1","	1","	B01??(%RH)","	91.5","	2026-07-23 15:57:37"
"	69BA0CDE","	Chamber1","	1","	B01??(?)","	17.3","	2026-07-23 15:57:37"
"	69BA0CDE","	Chamber1","	1","	B01??(%RH)","	91.5","	2026-07-23 15:57:35"
"	69BA0CDE","	Chamber1","	1","	B01??(?)","	17.4","	2026-07-23 15:57:35"
"	69BA0CDE","	Chamber1","	1","	B01??(%RH)","	91.5","	2026-07-23 15:57:33"
"	69BA0CDE","	Chamber1","	1","	B01??(?)","	17.4","	2026-07-23 15:57:33"
"	69BA0CDE","	Chamber1","	1","	B01??(%RH)","	91.5","	2026-07-23 15:57:31"
"	69BA0CDE","	Chamber1","	1","	B01??(?)","	17.4","	2026-07-23 15:57:31"
"	69BA0CDE","	Chamber1","	1","	B01??(%RH)","	91.5","	2026-07-23 15:57:29"
"	69BA0CDE","	Chamber1","	1","	B01??(?)","	17.4","	2026-07-23 15:57:29"
"	69BA0CDE","	Chamber1","	1","	B01??(%RH)","	91.5","	2026-07-23 15:57:27"
"	69BA0CDE","	Chamber1","	1","	B01??(?)","	17.4","	2026-07-23 15:57:27"
"	69BA0CDE","	Chamber1","	1","	B01??(%RH)","	91.5","	2026-07-23 15:57:25"
"	69BA0CDE","	Chamber1","	1","	B01??(?)","	17.3","	2026-07-23 15:57:25"
"	69BA0CDE","	Chamber1","	1","	B01??(%RH)","	91.5","	2026-07-23 15:57:23"
"	69BA0CDE","	Chamber1","	1","	B01??(?)","	17.4","	2026-07-23 15:57:23"
"	69BA0CDE","	Chamber1","	1","	B01??(%RH)","	91.5","	2026-07-23 15:57:21"
"	69BA0CDE","	Chamber1","	1","	B01??(?)","	17.4","	2026-07-23 15:57:21"
"	69BA0CDE","	Chamber1","	1","	B01??(%RH)","	91.5","	2026-07-23 15:57:19"
"	69BA0CDE","	Chamber1","	1","	B01??(?)","	17.4","	2026-07-23 15:57:19"
"	69BA0CDE","	Chamber1","	1","	B01??(%RH)","	91.4","	2026-07-23 15:57:17"
"	69BA0CDE","	Chamber1","	1","	B01??(?)","	17.4","	2026-07-23 15:57:17"
"	69BA0CDE","	Chamber1","	1","	B01??(%RH)","	91.5","	2026-07-23 15:57:15"
"	69BA0CDE","	Chamber1","	1","	B01??(?)","	17.4","	2026-07-23 15:57:15"
"	69BA0CDE","	Chamber1","	1","	B01??(%RH)","	91.4","	2026-07-23 15:57:13"
"	69BA0CDE","	Chamber1","	1","	B01??(?)","	17.4","	2026-07-23 15:57:13"
"	69BA0CDE","	Chamber1","	1","	B01??(%RH)","	91.4","	2026-07-23 15:57:11"
"	69BA0CDE","	Chamber1","	1","	B01??(?)","	17.4","	2026-07-23 15:57:11"
"	69BA0CDE","	Chamber1","	1","	B01??(%RH)","	91.5","	2026-07-23 15:57:09"
"	69BA0CDE","	Chamber1","	1","	B01??(?)","	17.4","	2026-07-23 15:57:09"
"	69BA0CDE","	Chamber1","	1","	B01??(%RH)","	91.4","	2026-07-23 15:57:06"
"	69BA0CDE","	Chamber1","	1","	B01??(?)","	17.4","	2026-07-23 15:57:06"
"	69BA0CDE","	Chamber1","	1","	B01??(%RH)","	91.4","	2026-07-23 15:57:04"
"	69BA0CDE","	Chamber1","	1","	B01??(?)","	17.4","	2026-07-23 15:57:04"
"	69BA0CDE","	Chamber1","	1","	B01??(%RH)","	91.4","	2026-07-23 15:57:02"
"	69BA0CDE","	Chamber1","	1","	B01??(?)","	17.4","	2026-07-23 15:57:02"
"	69BA0CDE","	Chamber1","	1","	B01??(%RH)","	91.4","	2026-07-23 15:57:00"
"	69BA0CDE","	Chamber1","	1","	B01??(?)","	17.4","	2026-07-23 15:57:00"
"	69BA0CDE","	Chamber1","	1","	B01??(%RH)","	91.4","	2026-07-23 15:56:58"
"	69BA0CDE","	Chamber1","	1","	B01??(?)","	17.4","	2026-07-23 15:56:58"
"	69BA0CDE","	Chamber1","	1","	B01??(%RH)","	91.4","	2026-07-23 15:56:56"
"	69BA0CDE","	Chamber1","	1","	B01??(?)","	17.4","	2026-07-23 15:56:56"
"	69BA0CDE","	Chamber1","	1","	B01??(%RH)","	91.4","	2026-07-23 15:56:54"
"	69BA0CDE","	Chamber1","	1","	B01??(?)","	17.4","	2026-07-23 15:56:54"
"	69BA0CDE","	Chamber1","	1","	B01??(%RH)","	91.4","	2026-07-23 15:56:52"
"	69BA0CDE","	Chamber1","	1","	B01??(?)","	17.4","	2026-07-23 15:56:52"
"	69BA0CDE","	Chamber1","	1","	B01??(%RH)","	91.4","	2026-07-23 15:56:50"
"	69BA0CDE","	Chamber1","	1","	B01??(?)","	17.4","	2026-07-23 15:56:50"
"	69BA0CDE","	Chamber1","	1","	B01??(%RH)","	91.4","	2026-07-23 15:56:48"
"	69BA0CDE","	Chamber1","	1","	B01??(?)","	17.4","	2026-07-23 15:56:48"
"	69BA0CDE","	Chamber1","	1","	B01??(%RH)","	91.4","	2026-07-23 15:56:46"
"	69BA0CDE","	Chamber1","	1","	B01??(?)","	17.4","	2026-07-23 15:56:46"
"	69BA0CDE","	Chamber1","	1","	B01??(%RH)","	91.4","	2026-07-23 15:56:44"
"	69BA0CDE","	Chamber1","	1","	B01??(?)","	17.4","	2026-07-23 15:56:44"
"	69BA0CDE","	Chamber1","	1","	B01??(%RH)","	91.3","	2026-07-23 15:56:42"
"	69BA0CDE","	Chamber1","	1","	B01??(?)","	17.4","	2026-07-23 15:56:42"
"	69BA0CDE","	Chamber1","	1","	B01??(%RH)","	91.4","	2026-07-23 15:56:40"
"	69BA0CDE","	Chamber1","	1","	B01??(?)","	17.4","	2026-07-23 15:56:40"
"	69BA0CDE","	Chamber1","	1","	B01??(%RH)","	91.4","	2026-07-23 15:56:38"
"	69BA0CDE","	Chamber1","	1","	B01??(?)","	17.4","	2026-07-23 15:56:38"
"	69BA0CDE","	Chamber1","	1","	B01??(%RH)","	91.4","	2026-07-23 15:56:36"
"	69BA0CDE","	Chamber1","	1","	B01??(?)","	17.4","	2026-07-23 15:56:36"
"	69BA0CDE","	Chamber1","	1","	B01??(%RH)","	91.3","	2026-07-23 15:56:34"
"	69BA0CDE","	Chamber1","	1","	B01??(?)","	17.4","	2026-07-23 15:56:34"
"	69BA0CDE","	Chamber1","	1","	B01??(%RH)","	91.4","	2026-07-23 15:56:32"
"	69BA0CDE","	Chamber1","	1","	B01??(?)","	17.4","	2026-07-23 15:56:32"
"	69BA0CDE","	Chamber1","	1","	B01??(%RH)","	91.3","	2026-07-23 15:56:30"
"	69BA0CDE","	Chamber1","	1","	B01??(?)","	17.4","	2026-07-23 15:56:30"
"	69BA0CDE","	Chamber1","	1","	B01??(%RH)","	91.4","	2026-07-23 15:56:28"
"	69BA0CDE","	Chamber1","	1","	B01??(?)","	17.4","	2026-07-23 15:56:28"
"	69BA0CDE","	Chamber1","	1","	B01??(%RH)","	91.3","	2026-07-23 15:56:26"
"	69BA0CDE","	Chamber1","	1","	B01??(?)","	17.4","	2026-07-23 15:56:26"
"	69BA0CDE","	Chamber1","	1","	B01??(%RH)","	91.3","	2026-07-23 15:56:23"
"	69BA0CDE","	Chamber1","	1","	B01??(?)","	17.4","	2026-07-23 15:56:23"
"	69BA0CDE","	Chamber1","	1","	B01??(%RH)","	91.4","	2026-07-23 15:56:21"
"	69BA0CDE","	Chamber1","	1","	B01??(?)","	17.4","	2026-07-23 15:56:21"
"	69BA0CDE","	Chamber1","	1","	B01??(%RH)","	91.3","	2026-07-23 15:56:19"
"	69BA0CDE","	Chamber1","	1","	B01??(?)","	17.4","	2026-07-23 15:56:19"
"	69BA0CDE","	Chamber1","	1","	B01??(%RH)","	91.3","	2026-07-23 15:56:17"
"	69BA0CDE","	Chamber1","	1","	B01??(?)","	17.4","	2026-07-23 15:56:17"
"	69BA0CDE","	Chamber1","	1","	B01??(%RH)","	91.3","	2026-07-23 15:56:15"
"	69BA0CDE","	Chamber1","	1","	B01??(?)","	17.4","	2026-07-23 15:56:15"
"	69BA0CDE","	Chamber1","	1","	B01??(%RH)","	91.3","	2026-07-23 15:56:13"
"	69BA0CDE","	Chamber1","	1","	B01??(?)","	17.4","	2026-07-23 15:56:13"
"	69BA0CDE","	Chamber1","	1","	B01??(%RH)","	91.3","	2026-07-23 15:56:11"
"	69BA0CDE","	Chamber1","	1","	B01??(?)","	17.4","	2026-07-23 15:56:11"
"	69BA0CDE","	Chamber1","	1","	B01??(%RH)","	91.3","	2026-07-23 15:56:09"
"	69BA0CDE","	Chamber1","	1","	B01??(?)","	17.4","	2026-07-23 15:56:09"
"	69BA0CDE","	Chamber1","	1","	B01??(%RH)","	91.3","	2026-07-23 15:56:07"
"	69BA0CDE","	Chamber1","	1","	B01??(?)","	17.4","	2026-07-23 15:56:07"
"	69BA0CDE","	Chamber1","	1","	B01??(%RH)","	91.3","	2026-07-23 15:56:05"
"	69BA0CDE","	Chamber1","	1","	B01??(?)","	17.4","	2026-07-23 15:56:05"
"	69BA0CDE","	Chamber1","	1","	B01??(%RH)","	91.3","	2026-07-23 15:56:03"
"	69BA0CDE","	Chamber1","	1","	B01??(?)","	17.4","	2026-07-23 15:56:03"
"	69BA0CDE","	Chamber1","	1","	B01??(%RH)","	91.3","	2026-07-23 15:56:01"
"	69BA0CDE","	Chamber1","	1","	B01??(?)","	17.4","	2026-07-23 15:56:01"
"	69BA0CDE","	Chamber1","	1","	B01??(%RH)","	91.3","	2026-07-23 15:55:59"
"	69BA0CDE","	Chamber1","	1","	B01??(?)","	17.4","	2026-07-23 15:55:59"
"	69BA0CDE","	Chamber1","	1","	B01??(%RH)","	91.3","	2026-07-23 15:55:57"
"	69BA0CDE","	Chamber1","	1","	B01??(?)","	17.4","	2026-07-23 15:55:57"
"	69BA0CDE","	Chamber1","	1","	B01??(%RH)","	91.3","	2026-07-23 15:55:55"
"	69BA0CDE","	Chamber1","	1","	B01??(?)","	17.4","	2026-07-23 15:55:55"
"	69BA0CDE","	Chamber1","	1","	B01??(%RH)","	91.3","	2026-07-23 15:55:53"
"	69BA0CDE","	Chamber1","	1","	B01??(?)","	17.4","	2026-07-23 15:55:53"
"	69BA0CDE","	Chamber1","	1","	B01??(%RH)","	91.3","	2026-07-23 15:55:51"
"	69BA0CDE","	Chamber1","	1","	B01??(?)","	17.4","	2026-07-23 15:55:51"
"	69BA0CDE","	Chamber1","	1","	B01??(%RH)","	91.3","	2026-07-23 15:55:49"
"	69BA0CDE","	Chamber1","	1","	B01??(?)","	17.4","	2026-07-23 15:55:49"
"	69BA0CDE","	Chamber1","	1","	B01??(%RH)","	91.3","	2026-07-23 15:55:47"
"	69BA0CDE","	Chamber1","	1","	B01??(?)","	17.4","	2026-07-23 15:55:47"
"	69BA0CDE","	Chamber1","	1","	B01??(%RH)","	91.3","	2026-07-23 15:55:45"
"	69BA0CDE","	Chamber1","	1","	B01??(?)","	17.4","	2026-07-23 15:55:45"
"	69BA0CDE","	Chamber1","	1","	B01??(%RH)","	91.3","	2026-07-23 15:55:43"
"	69BA0CDE","	Chamber1","	1","	B01??(?)","	17.4","	2026-07-23 15:55:43"
"	69BA0CDE","	Chamber1","	1","	B01??(%RH)","	91.2","	2026-07-23 15:55:41"
"	69BA0CDE","	Chamber1","	1","	B01??(?)","	17.4","	2026-07-23 15:55:41"
"	69BA0CDE","	Chamber1","	1","	B01??(%RH)","	91.2","	2026-07-23 15:55:38"
"	69BA0CDE","	Chamber1","	1","	B01??(?)","	17.4","	2026-07-23 15:55:38"
"	69BA0CDE","	Chamber1","	1","	B01??(%RH)","	91.2","	2026-07-23 15:55:36"
"	69BA0CDE","	Chamber1","	1","	B01??(?)","	17.4","	2026-07-23 15:55:36"
"	69BA0CDE","	Chamber1","	1","	B01??(%RH)","	91.3","	2026-07-23 15:55:34"
"	69BA0CDE","	Chamber1","	1","	B01??(?)","	17.4","	2026-07-23 15:55:34"
"	69BA0CDE","	Chamber1","	1","	B01??(%RH)","	91.2","	2026-07-23 15:55:32"
"	69BA0CDE","	Chamber1","	1","	B01??(?)","	17.4","	2026-07-23 15:55:32"
"	69BA0CDE","	Chamber1","	1","	B01??(%RH)","	91.2","	2026-07-23 15:55:30"
"	69BA0CDE","	Chamber1","	1","	B01??(?)","	17.4","	2026-07-23 15:55:30"
"	69BA0CDE","	Chamber1","	1","	B01??(%RH)","	91.2","	2026-07-23 15:55:28"
"	69BA0CDE","	Chamber1","	1","	B01??(?)","	17.4","	2026-07-23 15:55:28"
"	69BA0CDE","	Chamber1","	1","	B01??(%RH)","	91.2","	2026-07-23 15:55:26"
"	69BA0CDE","	Chamber1","	1","	B01??(?)","	17.4","	2026-07-23 15:55:26"
"	69BA0CDE","	Chamber1","	1","	B01??(%RH)","	91.2","	2026-07-23 15:55:24"
"	69BA0CDE","	Chamber1","	1","	B01??(?)","	17.4","	2026-07-23 15:55:24"
"	69BA0CDE","	Chamber1","	1","	B01??(%RH)","	91.2","	2026-07-23 15:55:22"
"	69BA0CDE","	Chamber1","	1","	B01??(?)","	17.4","	2026-07-23 15:55:22"
"	69BA0CDE","	Chamber1","	1","	B01??(%RH)","	91.2","	2026-07-23 15:55:20"
"	69BA0CDE","	Chamber1","	1","	B01??(?)","	17.4","	2026-07-23 15:55:20"
"	69BA0CDE","	Chamber1","	1","	B01??(%RH)","	91.2","	2026-07-23 15:55:18"
"	69BA0CDE","	Chamber1","	1","	B01??(?)","	17.4","	2026-07-23 15:55:18"
"	69BA0CDE","	Chamber1","	1","	B01??(%RH)","	91.2","	2026-07-23 15:55:16"
"	69BA0CDE","	Chamber1","	1","	B01??(?)","	17.4","	2026-07-23 15:55:16"
"	69BA0CDE","	Chamber1","	1","	B01??(%RH)","	91.2","	2026-07-23 15:55:14"
"	69BA0CDE","	Chamber1","	1","	B01??(?)","	17.4","	2026-07-23 15:55:14"
"	69BA0CDE","	Chamber1","	1","	B01??(%RH)","	91.2","	2026-07-23 15:55:12"
"	69BA0CDE","	Chamber1","	1","	B01??(?)","	17.4","	2026-07-23 15:55:12"
"	69BA0CDE","	Chamber1","	1","	B01??(%RH)","	91.1","	2026-07-23 15:55:10"
"	69BA0CDE","	Chamber1","	1","	B01??(?)","	17.4","	2026-07-23 15:55:10"
"	69BA0CDE","	Chamber1","	1","	B01??(%RH)","	91.1","	2026-07-23 15:55:08"
"	69BA0CDE","	Chamber1","	1","	B01??(?)","	17.4","	2026-07-23 15:55:08"
"	69BA0CDE","	Chamber1","	1","	B01??(%RH)","	91.1","	2026-07-23 15:55:06"
"	69BA0CDE","	Chamber1","	1","	B01??(?)","	17.4","	2026-07-23 15:55:06"
"	69BA0CDE","	Chamber1","	1","	B01??(%RH)","	91.2","	2026-07-23 15:55:04"
"	69BA0CDE","	Chamber1","	1","	B01??(?)","	17.4","	2026-07-23 15:55:04"
"	69BA0CDE","	Chamber1","	1","	B01??(%RH)","	91.2","	2026-07-23 15:55:02"
"	69BA0CDE","	Chamber1","	1","	B01??(?)","	17.4","	2026-07-23 15:55:02"
"	69BA0CDE","	Chamber1","	1","	B01??(%RH)","	91.2","	2026-07-23 15:55:00"
"	69BA0CDE","	Chamber1","	1","	B01??(?)","	17.4","	2026-07-23 15:55:00"
"	69BA0CDE","	Chamber1","	1","	B01??(%RH)","	91.1","	2026-07-23 15:54:58"
"	69BA0CDE","	Chamber1","	1","	B01??(?)","	17.4","	2026-07-23 15:54:58"
"	69BA0CDE","	Chamber1","	1","	B01??(%RH)","	91.2","	2026-07-23 15:54:55"
"	69BA0CDE","	Chamber1","	1","	B01??(?)","	17.4","	2026-07-23 15:54:55"
"	69BA0CDE","	Chamber1","	1","	B01??(%RH)","	91.1","	2026-07-23 15:54:53"
"	69BA0CDE","	Chamber1","	1","	B01??(?)","	17.4","	2026-07-23 15:54:53"
"	69BA0CDE","	Chamber1","	1","	B01??(%RH)","	91.1","	2026-07-23 15:54:51"
"	69BA0CDE","	Chamber1","	1","	B01??(?)","	17.4","	2026-07-23 15:54:51"
"	69BA0CDE","	Chamber1","	1","	B01??(%RH)","	91.1","	2026-07-23 15:54:49"
"	69BA0CDE","	Chamber1","	1","	B01??(?)","	17.4","	2026-07-23 15:54:49"
"	69BA0CDE","	Chamber1","	1","	B01??(%RH)","	91.1","	2026-07-23 15:54:47"
"	69BA0CDE","	Chamber1","	1","	B01??(?)","	17.4","	2026-07-23 15:54:47"
"	69BA0CDE","	Chamber1","	1","	B01??(%RH)","	91.1","	2026-07-23 15:54:45"
"	69BA0CDE","	Chamber1","	1","	B01??(?)","	17.4","	2026-07-23 15:54:45"
"	69BA0CDE","	Chamber1","	1","	B01??(%RH)","	91.1","	2026-07-23 15:54:43"
"	69BA0CDE","	Chamber1","	1","	B01??(?)","	17.4","	2026-07-23 15:54:43"
"	69BA0CDE","	Chamber1","	1","	B01??(%RH)","	91.1","	2026-07-23 15:54:41"
"	69BA0CDE","	Chamber1","	1","	B01??(?)","	17.4","	2026-07-23 15:54:41"
"	69BA0CDE","	Chamber1","	1","	B01??(%RH)","	91.1","	2026-07-23 15:54:39"
"	69BA0CDE","	Chamber1","	1","	B01??(?)","	17.4","	2026-07-23 15:54:39"
"	69BA0CDE","	Chamber1","	1","	B01??(%RH)","	91.1","	2026-07-23 15:54:37"
"	69BA0CDE","	Chamber1","	1","	B01??(?)","	17.4","	2026-07-23 15:54:37"
"	69BA0CDE","	Chamber1","	1","	B01??(%RH)","	91.1","	2026-07-23 15:54:35"
"	69BA0CDE","	Chamber1","	1","	B01??(?)","	17.4","	2026-07-23 15:54:35"
"	69BA0CDE","	Chamber1","	1","	B01??(%RH)","	91.1","	2026-07-23 15:54:33"
"	69BA0CDE","	Chamber1","	1","	B01??(?)","	17.4","	2026-07-23 15:54:33"
"	69BA0CDE","	Chamber1","	1","	B01??(%RH)","	91.1","	2026-07-23 15:54:31"
"	69BA0CDE","	Chamber1","	1","	B01??(?)","	17.4","	2026-07-23 15:54:31"
"	69BA0CDE","	Chamber1","	1","	B01??(%RH)","	91.1","	2026-07-23 15:54:29"
"	69BA0CDE","	Chamber1","	1","	B01??(?)","	17.4","	2026-07-23 15:54:29"
"	69BA0CDE","	Chamber1","	1","	B01??(%RH)","	91.1","	2026-07-23 15:54:27"
"	69BA0CDE","	Chamber1","	1","	B01??(?)","	17.4","	2026-07-23 15:54:27"
"	69BA0CDE","	Chamber1","	1","	B01??(%RH)","	91.1","	2026-07-23 15:54:25"
"	69BA0CDE","	Chamber1","	1","	B01??(?)","	17.4","	2026-07-23 15:54:25"
"	69BA0CDE","	Chamber1","	1","	B01??(%RH)","	91.1","	2026-07-23 15:54:23"
"	69BA0CDE","	Chamber1","	1","	B01??(?)","	17.4","	2026-07-23 15:54:23"
"	69BA0CDE","	Chamber1","	1","	B01??(%RH)","	91","	2026-07-23 15:54:21"
"	69BA0CDE","	Chamber1","	1","	B01??(?)","	17.4","	2026-07-23 15:54:21"
"	69BA0CDE","	Chamber1","	1","	B01??(%RH)","	91","	2026-07-23 15:54:19"
"	69BA0CDE","	Chamber1","	1","	B01??(?)","	17.4","	2026-07-23 15:54:19"
"	69BA0CDE","	Chamber1","	1","	B01??(%RH)","	91.1","	2026-07-23 15:54:17"
"	69BA0CDE","	Chamber1","	1","	B01??(?)","	17.4","	2026-07-23 15:54:17"
"	69BA0CDE","	Chamber1","	1","	B01??(%RH)","	91","	2026-07-23 15:54:15"
"	69BA0CDE","	Chamber1","	1","	B01??(?)","	17.4","	2026-07-23 15:54:15"
"	69BA0CDE","	Chamber1","	1","	B01??(%RH)","	91","	2026-07-23 15:54:12"
"	69BA0CDE","	Chamber1","	1","	B01??(?)","	17.4","	2026-07-23 15:54:12"
"	69BA0CDE","	Chamber1","	1","	B01??(%RH)","	91","	2026-07-23 15:54:10"
"	69BA0CDE","	Chamber1","	1","	B01??(?)","	17.4","	2026-07-23 15:54:10"
"	69BA0CDE","	Chamber1","	1","	B01??(%RH)","	91","	2026-07-23 15:54:08"
"	69BA0CDE","	Chamber1","	1","	B01??(?)","	17.4","	2026-07-23 15:54:08"
"	69BA0CDE","	Chamber1","	1","	B01??(%RH)","	91","	2026-07-23 15:54:06"
"	69BA0CDE","	Chamber1","	1","	B01??(?)","	17.4","	2026-07-23 15:54:06"
"	69BA0CDE","	Chamber1","	1","	B01??(%RH)","	91","	2026-07-23 15:54:04"
"	69BA0CDE","	Chamber1","	1","	B01??(?)","	17.4","	2026-07-23 15:54:04"
"	69BA0CDE","	Chamber1","	1","	B01??(%RH)","	91","	2026-07-23 15:54:02"
"	69BA0CDE","	Chamber1","	1","	B01??(?)","	17.4","	2026-07-23 15:54:02"
"	69BA0CDE","	Chamber1","	1","	B01??(%RH)","	91","	2026-07-23 15:54:00"
"	69BA0CDE","	Chamber1","	1","	B01??(?)","	17.4","	2026-07-23 15:54:00"
"	69BA0CDE","	Chamber1","	1","	B01??(%RH)","	91","	2026-07-23 15:53:58"
"	69BA0CDE","	Chamber1","	1","	B01??(?)","	17.4","	2026-07-23 15:53:58"
"	69BA0CDE","	Chamber1","	1","	B01??(%RH)","	91","	2026-07-23 15:53:56"
"	69BA0CDE","	Chamber1","	1","	B01??(?)","	17.4","	2026-07-23 15:53:56"
"	69BA0CDE","	Chamber1","	1","	B01??(%RH)","	91","	2026-07-23 15:53:54"
"	69BA0CDE","	Chamber1","	1","	B01??(?)","	17.4","	2026-07-23 15:53:54"
"	69BA0CDE","	Chamber1","	1","	B01??(%RH)","	91","	2026-07-23 15:53:52"
"	69BA0CDE","	Chamber1","	1","	B01??(?)","	17.4","	2026-07-23 15:53:52"
"	69BA0CDE","	Chamber1","	1","	B01??(%RH)","	91","	2026-07-23 15:53:50"
"	69BA0CDE","	Chamber1","	1","	B01??(?)","	17.4","	2026-07-23 15:53:50"
"	69BA0CDE","	Chamber1","	1","	B01??(%RH)","	90.9","	2026-07-23 15:53:48"
"	69BA0CDE","	Chamber1","	1","	B01??(?)","	17.4","	2026-07-23 15:53:48"
"	69BA0CDE","	Chamber1","	1","	B01??(%RH)","	90.9","	2026-07-23 15:53:46"
"	69BA0CDE","	Chamber1","	1","	B01??(?)","	17.4","	2026-07-23 15:53:46"
"	69BA0CDE","	Chamber1","	1","	B01??(%RH)","	90.9","	2026-07-23 15:53:44"
"	69BA0CDE","	Chamber1","	1","	B01??(?)","	17.4","	2026-07-23 15:53:44"
"	69BA0CDE","	Chamber1","	1","	B01??(%RH)","	90.9","	2026-07-23 15:53:42"
"	69BA0CDE","	Chamber1","	1","	B01??(?)","	17.4","	2026-07-23 15:53:42"
"	69BA0CDE","	Chamber1","	1","	B01??(%RH)","	90.9","	2026-07-23 15:53:40"
"	69BA0CDE","	Chamber1","	1","	B01??(?)","	17.4","	2026-07-23 15:53:40"
"	69BA0CDE","	Chamber1","	1","	B01??(%RH)","	90.9","	2026-07-23 15:53:38"
"	69BA0CDE","	Chamber1","	1","	B01??(?)","	17.5","	2026-07-23 15:53:38"
"	69BA0CDE","	Chamber1","	1","	B01??(%RH)","	90.9","	2026-07-23 15:53:36"
"	69BA0CDE","	Chamber1","	1","	B01??(?)","	17.4","	2026-07-23 15:53:36"
"	69BA0CDE","	Chamber1","	1","	B01??(%RH)","	90.9","	2026-07-23 15:53:34"
"	69BA0CDE","	Chamber1","	1","	B01??(?)","	17.4","	2026-07-23 15:53:34"
"	69BA0CDE","	Chamber1","	1","	B01??(%RH)","	90.9","	2026-07-23 15:53:32"
"	69BA0CDE","	Chamber1","	1","	B01??(?)","	17.4","	2026-07-23 15:53:32"
"	69BA0CDE","	Chamber1","	1","	B01??(%RH)","	90.9","	2026-07-23 15:53:29"
"	69BA0CDE","	Chamber1","	1","	B01??(?)","	17.4","	2026-07-23 15:53:29"
"	69BA0CDE","	Chamber1","	1","	B01??(%RH)","	90.9","	2026-07-23 15:53:27"
"	69BA0CDE","	Chamber1","	1","	B01??(?)","	17.5","	2026-07-23 15:53:27"
"	69BA0CDE","	Chamber1","	1","	B01??(%RH)","	90.9","	2026-07-23 15:53:25"
"	69BA0CDE","	Chamber1","	1","	B01??(?)","	17.4","	2026-07-23 15:53:25"
"	69BA0CDE","	Chamber1","	1","	B01??(%RH)","	90.9","	2026-07-23 15:53:23"
"	69BA0CDE","	Chamber1","	1","	B01??(?)","	17.4","	2026-07-23 15:53:23"
"	69BA0CDE","	Chamber1","	1","	B01??(%RH)","	90.9","	2026-07-23 15:53:21"
"	69BA0CDE","	Chamber1","	1","	B01??(?)","	17.4","	2026-07-23 15:53:21"
"	69BA0CDE","	Chamber1","	1","	B01??(%RH)","	90.9","	2026-07-23 15:53:19"
"	69BA0CDE","	Chamber1","	1","	B01??(?)","	17.4","	2026-07-23 15:53:19"
"	69BA0CDE","	Chamber1","	1","	B01??(%RH)","	90.9","	2026-07-23 15:53:17"
"	69BA0CDE","	Chamber1","	1","	B01??(?)","	17.4","	2026-07-23 15:53:17"
"	69BA0CDE","	Chamber1","	1","	B01??(%RH)","	90.8","	2026-07-23 15:53:15"
"	69BA0CDE","	Chamber1","	1","	B01??(?)","	17.4","	2026-07-23 15:53:15"
"	69BA0CDE","	Chamber1","	1","	B01??(%RH)","	90.9","	2026-07-23 15:53:13"
"	69BA0CDE","	Chamber1","	1","	B01??(?)","	17.4","	2026-07-23 15:53:13"
"	69BA0CDE","	Chamber1","	1","	B01??(?)","	17.4","	2026-07-23 15:53:11"
"	69BA0CDE","	Chamber1","	1","	B01??(%RH)","	90.9","	2026-07-23 15:53:11"
"	69BA0CDE","	Chamber1","	1","	B01??(%RH)","	90.9","	2026-07-23 15:53:09"
"	69BA0CDE","	Chamber1","	1","	B01??(?)","	17.5","	2026-07-23 15:53:09"
"	69BA0CDE","	Chamber1","	1","	B01??(%RH)","	90.8","	2026-07-23 15:53:07"
"	69BA0CDE","	Chamber1","	1","	B01??(?)","	17.4","	2026-07-23 15:53:07"
"	69BA0CDE","	Chamber1","	1","	B01??(%RH)","	90.8","	2026-07-23 15:53:05"
"	69BA0CDE","	Chamber1","	1","	B01??(?)","	17.4","	2026-07-23 15:53:05"
"	69BA0CDE","	Chamber1","	1","	B01??(%RH)","	90.9","	2026-07-23 15:53:03"
"	69BA0CDE","	Chamber1","	1","	B01??(?)","	17.5","	2026-07-23 15:53:03"
"	69BA0CDE","	Chamber1","	1","	B01??(%RH)","	90.8","	2026-07-23 15:53:01"
"	69BA0CDE","	Chamber1","	1","	B01??(?)","	17.5","	2026-07-23 15:53:01"
"	69BA0CDE","	Chamber1","	1","	B01??(%RH)","	90.8","	2026-07-23 15:52:59"
"	69BA0CDE","	Chamber1","	1","	B01??(?)","	17.5","	2026-07-23 15:52:59"
"	69BA0CDE","	Chamber1","	1","	B01??(%RH)","	90.8","	2026-07-23 15:52:57"
"	69BA0CDE","	Chamber1","	1","	B01??(?)","	17.4","	2026-07-23 15:52:57"
"	69BA0CDE","	Chamber1","	1","	B01??(%RH)","	90.8","	2026-07-23 15:52:55"
"	69BA0CDE","	Chamber1","	1","	B01??(?)","	17.4","	2026-07-23 15:52:55"
"	69BA0CDE","	Chamber1","	1","	B01??(%RH)","	90.8","	2026-07-23 15:52:53"
"	69BA0CDE","	Chamber1","	1","	B01??(?)","	17.5","	2026-07-23 15:52:53"
"	69BA0CDE","	Chamber1","	1","	B01??(%RH)","	90.8","	2026-07-23 15:52:51"
"	69BA0CDE","	Chamber1","	1","	B01??(?)","	17.5","	2026-07-23 15:52:51"
"	69BA0CDE","	Chamber1","	1","	B01??(%RH)","	90.8","	2026-07-23 15:52:49"
"	69BA0CDE","	Chamber1","	1","	B01??(?)","	17.5","	2026-07-23 15:52:49"
"	69BA0CDE","	Chamber1","	1","	B01??(%RH)","	90.8","	2026-07-23 15:52:47"
"	69BA0CDE","	Chamber1","	1","	B01??(?)","	17.5","	2026-07-23 15:52:47"
"	69BA0CDE","	Chamber1","	1","	B01??(%RH)","	90.8","	2026-07-23 15:52:44"
"	69BA0CDE","	Chamber1","	1","	B01??(?)","	17.5","	2026-07-23 15:52:44"
"	69BA0CDE","	Chamber1","	1","	B01??(%RH)","	90.8","	2026-07-23 15:52:42"
"	69BA0CDE","	Chamber1","	1","	B01??(?)","	17.5","	2026-07-23 15:52:42"
"	69BA0CDE","	Chamber1","	1","	B01??(%RH)","	90.8","	2026-07-23 15:52:40"
"	69BA0CDE","	Chamber1","	1","	B01??(?)","	17.5","	2026-07-23 15:52:40"
"	69BA0CDE","	Chamber1","	1","	B01??(%RH)","	90.8","	2026-07-23 15:52:38"
"	69BA0CDE","	Chamber1","	1","	B01??(?)","	17.5","	2026-07-23 15:52:38"
"	69BA0CDE","	Chamber1","	1","	B01??(%RH)","	90.8","	2026-07-23 15:52:36"
"	69BA0CDE","	Chamber1","	1","	B01??(?)","	17.5","	2026-07-23 15:52:36"
"	69BA0CDE","	Chamber1","	1","	B01??(%RH)","	90.7","	2026-07-23 15:52:34"
"	69BA0CDE","	Chamber1","	1","	B01??(?)","	17.5","	2026-07-23 15:52:34"
"	69BA0CDE","	Chamber1","	1","	B01??(%RH)","	90.7","	2026-07-23 15:52:32"
"	69BA0CDE","	Chamber1","	1","	B01??(?)","	17.5","	2026-07-23 15:52:32"
"	69BA0CDE","	Chamber1","	1","	B01??(%RH)","	90.8","	2026-07-23 15:52:30"
"	69BA0CDE","	Chamber1","	1","	B01??(?)","	17.5","	2026-07-23 15:52:30"
"	69BA0CDE","	Chamber1","	1","	B01??(%RH)","	90.7","	2026-07-23 15:52:28"
"	69BA0CDE","	Chamber1","	1","	B01??(?)","	17.5","	2026-07-23 15:52:28"
"	69BA0CDE","	Chamber1","	1","	B01??(%RH)","	90.7","	2026-07-23 15:52:26"
"	69BA0CDE","	Chamber1","	1","	B01??(?)","	17.5","	2026-07-23 15:52:26"
"	69BA0CDE","	Chamber1","	1","	B01??(%RH)","	90.7","	2026-07-23 15:52:24"
"	69BA0CDE","	Chamber1","	1","	B01??(?)","	17.5","	2026-07-23 15:52:24"
"	69BA0CDE","	Chamber1","	1","	B01??(%RH)","	90.7","	2026-07-23 15:52:22"
"	69BA0CDE","	Chamber1","	1","	B01??(?)","	17.5","	2026-07-23 15:52:22"
"	69BA0CDE","	Chamber1","	1","	B01??(%RH)","	90.7","	2026-07-23 15:52:20"
"	69BA0CDE","	Chamber1","	1","	B01??(?)","	17.5","	2026-07-23 15:52:20"
"	69BA0CDE","	Chamber1","	1","	B01??(%RH)","	90.7","	2026-07-23 15:52:18"
"	69BA0CDE","	Chamber1","	1","	B01??(?)","	17.5","	2026-07-23 15:52:18"
"	69BA0CDE","	Chamber1","	1","	B01??(%RH)","	90.7","	2026-07-23 15:52:16"
"	69BA0CDE","	Chamber1","	1","	B01??(?)","	17.5","	2026-07-23 15:52:16"
"	69BA0CDE","	Chamber1","	1","	B01??(%RH)","	90.7","	2026-07-23 15:52:14"
"	69BA0CDE","	Chamber1","	1","	B01??(?)","	17.5","	2026-07-23 15:52:14"
"	69BA0CDE","	Chamber1","	1","	B01??(%RH)","	90.7","	2026-07-23 15:52:12"
"	69BA0CDE","	Chamber1","	1","	B01??(?)","	17.5","	2026-07-23 15:52:12"
"	69BA0CDE","	Chamber1","	1","	B01??(%RH)","	90.7","	2026-07-23 15:52:10"
"	69BA0CDE","	Chamber1","	1","	B01??(?)","	17.5","	2026-07-23 15:52:10"
"	69BA0CDE","	Chamber1","	1","	B01??(%RH)","	90.7","	2026-07-23 15:52:08"
"	69BA0CDE","	Chamber1","	1","	B01??(?)","	17.5","	2026-07-23 15:52:08"
"	69BA0CDE","	Chamber1","	1","	B01??(%RH)","	90.7","	2026-07-23 15:52:06"
"	69BA0CDE","	Chamber1","	1","	B01??(?)","	17.5","	2026-07-23 15:52:06"
"	69BA0CDE","	Chamber1","	1","	B01??(%RH)","	90.7","	2026-07-23 15:52:04"
"	69BA0CDE","	Chamber1","	1","	B01??(?)","	17.4","	2026-07-23 15:52:04"
"	69BA0CDE","	Chamber1","	1","	B01??(%RH)","	90.7","	2026-07-23 15:52:01"
"	69BA0CDE","	Chamber1","	1","	B01??(?)","	17.5","	2026-07-23 15:52:01"
"	69BA0CDE","	Chamber1","	1","	B01??(%RH)","	90.6","	2026-07-23 15:51:59"
"	69BA0CDE","	Chamber1","	1","	B01??(?)","	17.5","	2026-07-23 15:51:59"
"	69BA0CDE","	Chamber1","	1","	B01??(%RH)","	90.7","	2026-07-23 15:51:57"
"	69BA0CDE","	Chamber1","	1","	B01??(?)","	17.5","	2026-07-23 15:51:57"
"	69BA0CDE","	Chamber1","	1","	B01??(%RH)","	90.6","	2026-07-23 15:51:55"
"	69BA0CDE","	Chamber1","	1","	B01??(?)","	17.5","	2026-07-23 15:51:55"
"	69BA0CDE","	Chamber1","	1","	B01??(%RH)","	90.6","	2026-07-23 15:51:53"
"	69BA0CDE","	Chamber1","	1","	B01??(?)","	17.5","	2026-07-23 15:51:53"
"	69BA0CDE","	Chamber1","	1","	B01??(%RH)","	90.6","	2026-07-23 15:51:51"
"	69BA0CDE","	Chamber1","	1","	B01??(?)","	17.5","	2026-07-23 15:51:51"
"	69BA0CDE","	Chamber1","	1","	B01??(%RH)","	90.6","	2026-07-23 15:51:49"
"	69BA0CDE","	Chamber1","	1","	B01??(?)","	17.5","	2026-07-23 15:51:49"
"	69BA0CDE","	Chamber1","	1","	B01??(%RH)","	90.6","	2026-07-23 15:51:47"
"	69BA0CDE","	Chamber1","	1","	B01??(?)","	17.5","	2026-07-23 15:51:47"
"	69BA0CDE","	Chamber1","	1","	B01??(%RH)","	90.6","	2026-07-23 15:51:45"
"	69BA0CDE","	Chamber1","	1","	B01??(?)","	17.4","	2026-07-23 15:51:45"
"	69BA0CDE","	Chamber1","	1","	B01??(%RH)","	90.6","	2026-07-23 15:51:43"
"	69BA0CDE","	Chamber1","	1","	B01??(?)","	17.5","	2026-07-23 15:51:43"
"	69BA0CDE","	Chamber1","	1","	B01??(%RH)","	90.6","	2026-07-23 15:51:41"
"	69BA0CDE","	Chamber1","	1","	B01??(?)","	17.5","	2026-07-23 15:51:41"
"	69BA0CDE","	Chamber1","	1","	B01??(%RH)","	90.6","	2026-07-23 15:51:39"
"	69BA0CDE","	Chamber1","	1","	B01??(?)","	17.5","	2026-07-23 15:51:39"
"	69BA0CDE","	Chamber1","	1","	B01??(%RH)","	90.6","	2026-07-23 15:51:37"
"	69BA0CDE","	Chamber1","	1","	B01??(?)","	17.5","	2026-07-23 15:51:37"
"	69BA0CDE","	Chamber1","	1","	B01??(%RH)","	90.6","	2026-07-23 15:51:35"
"	69BA0CDE","	Chamber1","	1","	B01??(?)","	17.5","	2026-07-23 15:51:35"
"	69BA0CDE","	Chamber1","	1","	B01??(%RH)","	90.6","	2026-07-23 15:51:33"
"	69BA0CDE","	Chamber1","	1","	B01??(?)","	17.5","	2026-07-23 15:51:33"
"	69BA0CDE","	Chamber1","	1","	B01??(%RH)","	90.6","	2026-07-23 15:51:31"
"	69BA0CDE","	Chamber1","	1","	B01??(?)","	17.5","	2026-07-23 15:51:31"
"	69BA0CDE","	Chamber1","	1","	B01??(%RH)","	90.6","	2026-07-23 15:51:29"
"	69BA0CDE","	Chamber1","	1","	B01??(?)","	17.5","	2026-07-23 15:51:29"
"	69BA0CDE","	Chamber1","	1","	B01??(%RH)","	90.5","	2026-07-23 15:51:27"
"	69BA0CDE","	Chamber1","	1","	B01??(?)","	17.5","	2026-07-23 15:51:27"
"	69BA0CDE","	Chamber1","	1","	B01??(%RH)","	90.5","	2026-07-23 15:51:25"
"	69BA0CDE","	Chamber1","	1","	B01??(?)","	17.5","	2026-07-23 15:51:25"
"	69BA0CDE","	Chamber1","	1","	B01??(%RH)","	90.5","	2026-07-23 15:51:23"
"	69BA0CDE","	Chamber1","	1","	B01??(?)","	17.5","	2026-07-23 15:51:23"
"	69BA0CDE","	Chamber1","	1","	B01??(%RH)","	90.5","	2026-07-23 15:51:21"
"	69BA0CDE","	Chamber1","	1","	B01??(?)","	17.5","	2026-07-23 15:51:21"
"	69BA0CDE","	Chamber1","	1","	B01??(%RH)","	90.5","	2026-07-23 15:51:19"
"	69BA0CDE","	Chamber1","	1","	B01??(?)","	17.5","	2026-07-23 15:51:19"
"	69BA0CDE","	Chamber1","	1","	B01??(%RH)","	90.5","	2026-07-23 15:51:16"
"	69BA0CDE","	Chamber1","	1","	B01??(?)","	17.5","	2026-07-23 15:51:16"
"	69BA0CDE","	Chamber1","	1","	B01??(%RH)","	90.5","	2026-07-23 15:51:14"
"	69BA0CDE","	Chamber1","	1","	B01??(?)","	17.5","	2026-07-23 15:51:14"
"	69BA0CDE","	Chamber1","	1","	B01??(%RH)","	90.5","	2026-07-23 15:51:12"
"	69BA0CDE","	Chamber1","	1","	B01??(?)","	17.5","	2026-07-23 15:51:12"
"	69BA0CDE","	Chamber1","	1","	B01??(%RH)","	90.5","	2026-07-23 15:51:10"
"	69BA0CDE","	Chamber1","	1","	B01??(?)","	17.5","	2026-07-23 15:51:10"
"	69BA0CDE","	Chamber1","	1","	B01??(%RH)","	90.5","	2026-07-23 15:51:08"
"	69BA0CDE","	Chamber1","	1","	B01??(?)","	17.5","	2026-07-23 15:51:08"
"	69BA0CDE","	Chamber1","	1","	B01??(%RH)","	90.5","	2026-07-23 15:51:06"
"	69BA0CDE","	Chamber1","	1","	B01??(?)","	17.5","	2026-07-23 15:51:06"
"	69BA0CDE","	Chamber1","	1","	B01??(%RH)","	90.5","	2026-07-23 15:51:04"
"	69BA0CDE","	Chamber1","	1","	B01??(?)","	17.5","	2026-07-23 15:51:04"
"	69BA0CDE","	Chamber1","	1","	B01??(%RH)","	90.5","	2026-07-23 15:51:02"
"	69BA0CDE","	Chamber1","	1","	B01??(?)","	17.5","	2026-07-23 15:51:02"
"	69BA0CDE","	Chamber1","	1","	B01??(%RH)","	90.5","	2026-07-23 15:51:00"
"	69BA0CDE","	Chamber1","	1","	B01??(?)","	17.5","	2026-07-23 15:51:00"
"	69BA0CDE","	Chamber1","	1","	B01??(%RH)","	90.4","	2026-07-23 15:50:58"
"	69BA0CDE","	Chamber1","	1","	B01??(?)","	17.5","	2026-07-23 15:50:58"
"	69BA0CDE","	Chamber1","	1","	B01??(%RH)","	90.5","	2026-07-23 15:50:56"
"	69BA0CDE","	Chamber1","	1","	B01??(?)","	17.5","	2026-07-23 15:50:56"
"	69BA0CDE","	Chamber1","	1","	B01??(%RH)","	90.4","	2026-07-23 15:50:54"
"	69BA0CDE","	Chamber1","	1","	B01??(?)","	17.5","	2026-07-23 15:50:54"
"	69BA0CDE","	Chamber1","	1","	B01??(%RH)","	90.4","	2026-07-23 15:50:52"
"	69BA0CDE","	Chamber1","	1","	B01??(?)","	17.5","	2026-07-23 15:50:52"
"	69BA0CDE","	Chamber1","	1","	B01??(%RH)","	90.4","	2026-07-23 15:50:50"
"	69BA0CDE","	Chamber1","	1","	B01??(?)","	17.5","	2026-07-23 15:50:50"
"	69BA0CDE","	Chamber1","	1","	B01??(%RH)","	90.4","	2026-07-23 15:50:48"
"	69BA0CDE","	Chamber1","	1","	B01??(?)","	17.5","	2026-07-23 15:50:48"
"	69BA0CDE","	Chamber1","	1","	B01??(%RH)","	90.4","	2026-07-23 15:50:46"
"	69BA0CDE","	Chamber1","	1","	B01??(?)","	17.5","	2026-07-23 15:50:46"
"	69BA0CDE","	Chamber1","	1","	B01??(%RH)","	90.4","	2026-07-23 15:50:44"
"	69BA0CDE","	Chamber1","	1","	B01??(?)","	17.5","	2026-07-23 15:50:44"
"	69BA0CDE","	Chamber1","	1","	B01??(%RH)","	90.4","	2026-07-23 15:50:42"
"	69BA0CDE","	Chamber1","	1","	B01??(?)","	17.5","	2026-07-23 15:50:42"
"	69BA0CDE","	Chamber1","	1","	B01??(%RH)","	90.4","	2026-07-23 15:50:40"
"	69BA0CDE","	Chamber1","	1","	B01??(?)","	17.5","	2026-07-23 15:50:40"
"	69BA0CDE","	Chamber1","	1","	B01??(%RH)","	90.4","	2026-07-23 15:50:38"
"	69BA0CDE","	Chamber1","	1","	B01??(?)","	17.5","	2026-07-23 15:50:38"
"	69BA0CDE","	Chamber1","	1","	B01??(%RH)","	90.4","	2026-07-23 15:50:35"
"	69BA0CDE","	Chamber1","	1","	B01??(?)","	17.5","	2026-07-23 15:50:35"
"	69BA0CDE","	Chamber1","	1","	B01??(%RH)","	90.4","	2026-07-23 15:50:33"
"	69BA0CDE","	Chamber1","	1","	B01??(?)","	17.5","	2026-07-23 15:50:33"
"	69BA0CDE","	Chamber1","	1","	B01??(%RH)","	90.3","	2026-07-23 15:50:31"
"	69BA0CDE","	Chamber1","	1","	B01??(?)","	17.5","	2026-07-23 15:50:31"
"	69BA0CDE","	Chamber1","	1","	B01??(%RH)","	90.3","	2026-07-23 15:50:29"
"	69BA0CDE","	Chamber1","	1","	B01??(?)","	17.5","	2026-07-23 15:50:29"
"	69BA0CDE","	Chamber1","	1","	B01??(%RH)","	90.3","	2026-07-23 15:50:27"
"	69BA0CDE","	Chamber1","	1","	B01??(?)","	17.5","	2026-07-23 15:50:27"
"	69BA0CDE","	Chamber1","	1","	B01??(%RH)","	90.3","	2026-07-23 15:50:25"
"	69BA0CDE","	Chamber1","	1","	B01??(?)","	17.5","	2026-07-23 15:50:25"
"	69BA0CDE","	Chamber1","	1","	B01??(%RH)","	90.3","	2026-07-23 15:50:23"
"	69BA0CDE","	Chamber1","	1","	B01??(?)","	17.5","	2026-07-23 15:50:23"
"	69BA0CDE","	Chamber1","	1","	B01??(%RH)","	90.3","	2026-07-23 15:50:21"
"	69BA0CDE","	Chamber1","	1","	B01??(?)","	17.5","	2026-07-23 15:50:21"
"	69BA0CDE","	Chamber1","	1","	B01??(%RH)","	90.3","	2026-07-23 15:50:19"
"	69BA0CDE","	Chamber1","	1","	B01??(?)","	17.5","	2026-07-23 15:50:19"
"	69BA0CDE","	Chamber1","	1","	B01??(%RH)","	90.3","	2026-07-23 15:50:17"
"	69BA0CDE","	Chamber1","	1","	B01??(?)","	17.5","	2026-07-23 15:50:17"
"	69BA0CDE","	Chamber1","	1","	B01??(%RH)","	90.3","	2026-07-23 15:50:15"
"	69BA0CDE","	Chamber1","	1","	B01??(?)","	17.5","	2026-07-23 15:50:15"
"	69BA0CDE","	Chamber1","	1","	B01??(%RH)","	90.3","	2026-07-23 15:50:13"
"	69BA0CDE","	Chamber1","	1","	B01??(?)","	17.5","	2026-07-23 15:50:13"
"	69BA0CDE","	Chamber1","	1","	B01??(%RH)","	90.3","	2026-07-23 15:50:11"
"	69BA0CDE","	Chamber1","	1","	B01??(?)","	17.5","	2026-07-23 15:50:11"
"	69BA0CDE","	Chamber1","	1","	B01??(%RH)","	90.3","	2026-07-23 15:50:09"
"	69BA0CDE","	Chamber1","	1","	B01??(?)","	17.5","	2026-07-23 15:50:09"
"	69BA0CDE","	Chamber1","	1","	B01??(%RH)","	90.3","	2026-07-23 15:50:07"
"	69BA0CDE","	Chamber1","	1","	B01??(?)","	17.5","	2026-07-23 15:50:07"
"	69BA0CDE","	Chamber1","	1","	B01??(%RH)","	90.3","	2026-07-23 15:50:05"
"	69BA0CDE","	Chamber1","	1","	B01??(?)","	17.5","	2026-07-23 15:50:05"
"	69BA0CDE","	Chamber1","	1","	B01??(%RH)","	90.2","	2026-07-23 15:50:03"
"	69BA0CDE","	Chamber1","	1","	B01??(?)","	17.5","	2026-07-23 15:50:03"
"	69BA0CDE","	Chamber1","	1","	B01??(%RH)","	90.2","	2026-07-23 15:50:01"
"	69BA0CDE","	Chamber1","	1","	B01??(?)","	17.5","	2026-07-23 15:50:01"
"	69BA0CDE","	Chamber1","	1","	B01??(%RH)","	90.2","	2026-07-23 15:49:59"
"	69BA0CDE","	Chamber1","	1","	B01??(?)","	17.5","	2026-07-23 15:49:59"
"	69BA0CDE","	Chamber1","	1","	B01??(%RH)","	90.2","	2026-07-23 15:49:57"
"	69BA0CDE","	Chamber1","	1","	B01??(?)","	17.5","	2026-07-23 15:49:57"
"	69BA0CDE","	Chamber1","	1","	B01??(%RH)","	90.2","	2026-07-23 15:49:55"
"	69BA0CDE","	Chamber1","	1","	B01??(?)","	17.5","	2026-07-23 15:49:55"
"	69BA0CDE","	Chamber1","	1","	B01??(%RH)","	90.2","	2026-07-23 15:49:53"
"	69BA0CDE","	Chamber1","	1","	B01??(?)","	17.5","	2026-07-23 15:49:53"
"	69BA0CDE","	Chamber1","	1","	B01??(%RH)","	90.2","	2026-07-23 15:49:50"
"	69BA0CDE","	Chamber1","	1","	B01??(?)","	17.6","	2026-07-23 15:49:50"
"	69BA0CDE","	Chamber1","	1","	B01??(%RH)","	90.2","	2026-07-23 15:49:48"
"	69BA0CDE","	Chamber1","	1","	B01??(?)","	17.6","	2026-07-23 15:49:48"
"	69BA0CDE","	Chamber1","	1","	B01??(%RH)","	90.2","	2026-07-23 15:49:46"
"	69BA0CDE","	Chamber1","	1","	B01??(?)","	17.5","	2026-07-23 15:49:46"
"	69BA0CDE","	Chamber1","	1","	B01??(%RH)","	90.2","	2026-07-23 15:49:44"
"	69BA0CDE","	Chamber1","	1","	B01??(?)","	17.6","	2026-07-23 15:49:44"
"	69BA0CDE","	Chamber1","	1","	B01??(%RH)","	90.2","	2026-07-23 15:49:42"
"	69BA0CDE","	Chamber1","	1","	B01??(?)","	17.5","	2026-07-23 15:49:42"
"	69BA0CDE","	Chamber1","	1","	B01??(%RH)","	90.2","	2026-07-23 15:49:40"
"	69BA0CDE","	Chamber1","	1","	B01??(?)","	17.5","	2026-07-23 15:49:40"
"	69BA0CDE","	Chamber1","	1","	B01??(%RH)","	90.2","	2026-07-23 15:49:38"
"	69BA0CDE","	Chamber1","	1","	B01??(?)","	17.5","	2026-07-23 15:49:38"
"	69BA0CDE","	Chamber1","	1","	B01??(%RH)","	90.2","	2026-07-23 15:49:36"
"	69BA0CDE","	Chamber1","	1","	B01??(?)","	17.5","	2026-07-23 15:49:36"
"	69BA0CDE","	Chamber1","	1","	B01??(%RH)","	90.2","	2026-07-23 15:49:34"
"	69BA0CDE","	Chamber1","	1","	B01??(?)","	17.5","	2026-07-23 15:49:34"
"	69BA0CDE","	Chamber1","	1","	B01??(%RH)","	90.2","	2026-07-23 15:49:32"
"	69BA0CDE","	Chamber1","	1","	B01??(?)","	17.5","	2026-07-23 15:49:32"
"	69BA0CDE","	Chamber1","	1","	B01??(%RH)","	90.2","	2026-07-23 15:49:30"
"	69BA0CDE","	Chamber1","	1","	B01??(?)","	17.6","	2026-07-23 15:49:30"
"	69BA0CDE","	Chamber1","	1","	B01??(%RH)","	90.2","	2026-07-23 15:49:28"
"	69BA0CDE","	Chamber1","	1","	B01??(?)","	17.6","	2026-07-23 15:49:28"
"	69BA0CDE","	Chamber1","	1","	B01??(%RH)","	90.2","	2026-07-23 15:49:26"
"	69BA0CDE","	Chamber1","	1","	B01??(?)","	17.6","	2026-07-23 15:49:26"
"	69BA0CDE","	Chamber1","	1","	B01??(%RH)","	90.2","	2026-07-23 15:49:24"
"	69BA0CDE","	Chamber1","	1","	B01??(?)","	17.6","	2026-07-23 15:49:24"
"	69BA0CDE","	Chamber1","	1","	B01??(%RH)","	90.1","	2026-07-23 15:49:22"
"	69BA0CDE","	Chamber1","	1","	B01??(?)","	17.6","	2026-07-23 15:49:22"
"	69BA0CDE","	Chamber1","	1","	B01??(%RH)","	90.1","	2026-07-23 15:49:20"
"	69BA0CDE","	Chamber1","	1","	B01??(?)","	17.6","	2026-07-23 15:49:20"
"	69BA0CDE","	Chamber1","	1","	B01??(%RH)","	90.1","	2026-07-23 15:49:18"
"	69BA0CDE","	Chamber1","	1","	B01??(?)","	17.5","	2026-07-23 15:49:18"
"	69BA0CDE","	Chamber1","	1","	B01??(%RH)","	90.1","	2026-07-23 15:49:16"
"	69BA0CDE","	Chamber1","	1","	B01??(?)","	17.5","	2026-07-23 15:49:16"
"	69BA0CDE","	Chamber1","	1","	B01??(%RH)","	90.1","	2026-07-23 15:49:14"
"	69BA0CDE","	Chamber1","	1","	B01??(?)","	17.6","	2026-07-23 15:49:14"
"	69BA0CDE","	Chamber1","	1","	B01??(%RH)","	90.1","	2026-07-23 15:49:12"
"	69BA0CDE","	Chamber1","	1","	B01??(?)","	17.6","	2026-07-23 15:49:12"
"	69BA0CDE","	Chamber1","	1","	B01??(%RH)","	90.1","	2026-07-23 15:49:10"
"	69BA0CDE","	Chamber1","	1","	B01??(?)","	17.5","	2026-07-23 15:49:10"
"	69BA0CDE","	Chamber1","	1","	B01??(%RH)","	90.1","	2026-07-23 15:49:07"
"	69BA0CDE","	Chamber1","	1","	B01??(?)","	17.6","	2026-07-23 15:49:07"
"	69BA0CDE","	Chamber1","	1","	B01??(%RH)","	90.1","	2026-07-23 15:49:05"
"	69BA0CDE","	Chamber1","	1","	B01??(?)","	17.6","	2026-07-23 15:49:05"
"	69BA0CDE","	Chamber1","	1","	B01??(%RH)","	90.1","	2026-07-23 15:49:03"
"	69BA0CDE","	Chamber1","	1","	B01??(?)","	17.6","	2026-07-23 15:49:03"
"	69BA0CDE","	Chamber1","	1","	B01??(%RH)","	90.1","	2026-07-23 15:49:01"
"	69BA0CDE","	Chamber1","	1","	B01??(?)","	17.6","	2026-07-23 15:49:01"
"	69BA0CDE","	Chamber1","	1","	B01??(%RH)","	90.1","	2026-07-23 15:48:59"
"	69BA0CDE","	Chamber1","	1","	B01??(?)","	17.6","	2026-07-23 15:48:59"
"	69BA0CDE","	Chamber1","	1","	B01??(%RH)","	90.1","	2026-07-23 15:48:57"
"	69BA0CDE","	Chamber1","	1","	B01??(?)","	17.6","	2026-07-23 15:48:57"
"	69BA0CDE","	Chamber1","	1","	B01??(%RH)","	90","	2026-07-23 15:48:55"
"	69BA0CDE","	Chamber1","	1","	B01??(?)","	17.6","	2026-07-23 15:48:55"
"	69BA0CDE","	Chamber1","	1","	B01??(%RH)","	90.1","	2026-07-23 15:48:53"
"	69BA0CDE","	Chamber1","	1","	B01??(?)","	17.6","	2026-07-23 15:48:53"
"	69BA0CDE","	Chamber1","	1","	B01??(%RH)","	90","	2026-07-23 15:48:51"
"	69BA0CDE","	Chamber1","	1","	B01??(?)","	17.6","	2026-07-23 15:48:51"
"	69BA0CDE","	Chamber1","	1","	B01??(%RH)","	90","	2026-07-23 15:48:49"
"	69BA0CDE","	Chamber1","	1","	B01??(?)","	17.6","	2026-07-23 15:48:49"
"	69BA0CDE","	Chamber1","	1","	B01??(%RH)","	90","	2026-07-23 15:48:47"
"	69BA0CDE","	Chamber1","	1","	B01??(?)","	17.6","	2026-07-23 15:48:47"
"	69BA0CDE","	Chamber1","	1","	B01??(%RH)","	90.1","	2026-07-23 15:48:45"
"	69BA0CDE","	Chamber1","	1","	B01??(?)","	17.6","	2026-07-23 15:48:45"
"	69BA0CDE","	Chamber1","	1","	B01??(%RH)","	90","	2026-07-23 15:48:43"
"	69BA0CDE","	Chamber1","	1","	B01??(?)","	17.6","	2026-07-23 15:48:43"
"	69BA0CDE","	Chamber1","	1","	B01??(%RH)","	90","	2026-07-23 15:48:41"
"	69BA0CDE","	Chamber1","	1","	B01??(?)","	17.6","	2026-07-23 15:48:41"
"	69BA0CDE","	Chamber1","	1","	B01??(%RH)","	90","	2026-07-23 15:48:39"
"	69BA0CDE","	Chamber1","	1","	B01??(?)","	17.6","	2026-07-23 15:48:39"
"	69BA0CDE","	Chamber1","	1","	B01??(%RH)","	90","	2026-07-23 15:48:37"
"	69BA0CDE","	Chamber1","	1","	B01??(?)","	17.6","	2026-07-23 15:48:37"
"	69BA0CDE","	Chamber1","	1","	B01??(%RH)","	90","	2026-07-23 15:48:35"
"	69BA0CDE","	Chamber1","	1","	B01??(?)","	17.6","	2026-07-23 15:48:35"
"	69BA0CDE","	Chamber1","	1","	B01??(%RH)","	90","	2026-07-23 15:48:33"
"	69BA0CDE","	Chamber1","	1","	B01??(?)","	17.6","	2026-07-23 15:48:33"
"	69BA0CDE","	Chamber1","	1","	B01??(%RH)","	90","	2026-07-23 15:48:31"
"	69BA0CDE","	Chamber1","	1","	B01??(?)","	17.6","	2026-07-23 15:48:31"
"	69BA0CDE","	Chamber1","	1","	B01??(%RH)","	89.9","	2026-07-23 15:48:29"
"	69BA0CDE","	Chamber1","	1","	B01??(?)","	17.6","	2026-07-23 15:48:29"
"	69BA0CDE","	Chamber1","	1","	B01??(%RH)","	89.9","	2026-07-23 15:48:27"
"	69BA0CDE","	Chamber1","	1","	B01??(?)","	17.6","	2026-07-23 15:48:27"
"	69BA0CDE","	Chamber1","	1","	B01??(%RH)","	90","	2026-07-23 15:48:25"
"	69BA0CDE","	Chamber1","	1","	B01??(?)","	17.6","	2026-07-23 15:48:25"
"	69BA0CDE","	Chamber1","	1","	B01??(%RH)","	90","	2026-07-23 15:48:22"
"	69BA0CDE","	Chamber1","	1","	B01??(?)","	17.6","	2026-07-23 15:48:22"
"	69BA0CDE","	Chamber1","	1","	B01??(%RH)","	89.9","	2026-07-23 15:48:20"
"	69BA0CDE","	Chamber1","	1","	B01??(?)","	17.6","	2026-07-23 15:48:20"
"	69BA0CDE","	Chamber1","	1","	B01??(%RH)","	89.9","	2026-07-23 15:48:18"
"	69BA0CDE","	Chamber1","	1","	B01??(?)","	17.6","	2026-07-23 15:48:18"
"	69BA0CDE","	Chamber1","	1","	B01??(%RH)","	89.9","	2026-07-23 15:48:16"
"	69BA0CDE","	Chamber1","	1","	B01??(?)","	17.6","	2026-07-23 15:48:16"
"	69BA0CDE","	Chamber1","	1","	B01??(%RH)","	89.9","	2026-07-23 15:48:14"
"	69BA0CDE","	Chamber1","	1","	B01??(?)","	17.6","	2026-07-23 15:48:14"
"	69BA0CDE","	Chamber1","	1","	B01??(%RH)","	89.9","	2026-07-23 15:48:12"
"	69BA0CDE","	Chamber1","	1","	B01??(?)","	17.6","	2026-07-23 15:48:12"
"	69BA0CDE","	Chamber1","	1","	B01??(%RH)","	89.9","	2026-07-23 15:48:10"
"	69BA0CDE","	Chamber1","	1","	B01??(?)","	17.6","	2026-07-23 15:48:10"
"	69BA0CDE","	Chamber1","	1","	B01??(%RH)","	89.9","	2026-07-23 15:48:08"
"	69BA0CDE","	Chamber1","	1","	B01??(?)","	17.6","	2026-07-23 15:48:08"
"	69BA0CDE","	Chamber1","	1","	B01??(%RH)","	89.9","	2026-07-23 15:48:06"
"	69BA0CDE","	Chamber1","	1","	B01??(?)","	17.6","	2026-07-23 15:48:06"
"	69BA0CDE","	Chamber1","	1","	B01??(%RH)","	89.9","	2026-07-23 15:48:04"
"	69BA0CDE","	Chamber1","	1","	B01??(?)","	17.6","	2026-07-23 15:48:04"
"	69BA0CDE","	Chamber1","	1","	B01??(%RH)","	89.9","	2026-07-23 15:48:02"
"	69BA0CDE","	Chamber1","	1","	B01??(?)","	17.6","	2026-07-23 15:48:02"
"	69BA0CDE","	Chamber1","	1","	B01??(%RH)","	89.8","	2026-07-23 15:48:00"
"	69BA0CDE","	Chamber1","	1","	B01??(?)","	17.6","	2026-07-23 15:48:00"
"	69BA0CDE","	Chamber1","	1","	B01??(%RH)","	89.8","	2026-07-23 15:47:58"
"	69BA0CDE","	Chamber1","	1","	B01??(?)","	17.6","	2026-07-23 15:47:58"
"	69BA0CDE","	Chamber1","	1","	B01??(%RH)","	89.9","	2026-07-23 15:47:56"
"	69BA0CDE","	Chamber1","	1","	B01??(?)","	17.6","	2026-07-23 15:47:56"
"	69BA0CDE","	Chamber1","	1","	B01??(%RH)","	89.8","	2026-07-23 15:47:54"
"	69BA0CDE","	Chamber1","	1","	B01??(?)","	17.6","	2026-07-23 15:47:54"
"	69BA0CDE","	Chamber1","	1","	B01??(%RH)","	89.8","	2026-07-23 15:47:52"
"	69BA0CDE","	Chamber1","	1","	B01??(?)","	17.6","	2026-07-23 15:47:52"
"	69BA0CDE","	Chamber1","	1","	B01??(%RH)","	89.8","	2026-07-23 15:47:50"
"	69BA0CDE","	Chamber1","	1","	B01??(?)","	17.6","	2026-07-23 15:47:50"
"	69BA0CDE","	Chamber1","	1","	B01??(%RH)","	89.8","	2026-07-23 15:47:48"
"	69BA0CDE","	Chamber1","	1","	B01??(?)","	17.6","	2026-07-23 15:47:48"
"	69BA0CDE","	Chamber1","	1","	B01??(%RH)","	89.8","	2026-07-23 15:47:46"
"	69BA0CDE","	Chamber1","	1","	B01??(?)","	17.6","	2026-07-23 15:47:46"
"	69BA0CDE","	Chamber1","	1","	B01??(%RH)","	89.8","	2026-07-23 15:47:44"
"	69BA0CDE","	Chamber1","	1","	B01??(?)","	17.6","	2026-07-23 15:47:44"
"	69BA0CDE","	Chamber1","	1","	B01??(%RH)","	89.8","	2026-07-23 15:47:42"
"	69BA0CDE","	Chamber1","	1","	B01??(?)","	17.6","	2026-07-23 15:47:42"
"	69BA0CDE","	Chamber1","	1","	B01??(%RH)","	89.8","	2026-07-23 15:47:40"
"	69BA0CDE","	Chamber1","	1","	B01??(?)","	17.6","	2026-07-23 15:47:40"
"	69BA0CDE","	Chamber1","	1","	B01??(%RH)","	89.8","	2026-07-23 15:47:37"
"	69BA0CDE","	Chamber1","	1","	B01??(?)","	17.6","	2026-07-23 15:47:37"
"	69BA0CDE","	Chamber1","	1","	B01??(%RH)","	89.8","	2026-07-23 15:47:35"
"	69BA0CDE","	Chamber1","	1","	B01??(?)","	17.6","	2026-07-23 15:47:35"
"	69BA0CDE","	Chamber1","	1","	B01??(%RH)","	89.7","	2026-07-23 15:47:33"
"	69BA0CDE","	Chamber1","	1","	B01??(?)","	17.6","	2026-07-23 15:47:33"
"	69BA0CDE","	Chamber1","	1","	B01??(%RH)","	89.8","	2026-07-23 15:47:31"
"	69BA0CDE","	Chamber1","	1","	B01??(?)","	17.6","	2026-07-23 15:47:31"
"	69BA0CDE","	Chamber1","	1","	B01??(%RH)","	89.7","	2026-07-23 15:47:29"
"	69BA0CDE","	Chamber1","	1","	B01??(?)","	17.6","	2026-07-23 15:47:29"
"	69BA0CDE","	Chamber1","	1","	B01??(%RH)","	89.8","	2026-07-23 15:47:27"
"	69BA0CDE","	Chamber1","	1","	B01??(?)","	17.6","	2026-07-23 15:47:27"
"	69BA0CDE","	Chamber1","	1","	B01??(%RH)","	89.7","	2026-07-23 15:47:25"
"	69BA0CDE","	Chamber1","	1","	B01??(?)","	17.6","	2026-07-23 15:47:25"
"	69BA0CDE","	Chamber1","	1","	B01??(%RH)","	89.7","	2026-07-23 15:47:23"
"	69BA0CDE","	Chamber1","	1","	B01??(?)","	17.6","	2026-07-23 15:47:23"
"	69BA0CDE","	Chamber1","	1","	B01??(%RH)","	89.7","	2026-07-23 15:47:21"
"	69BA0CDE","	Chamber1","	1","	B01??(?)","	17.6","	2026-07-23 15:47:21"
"	69BA0CDE","	Chamber1","	1","	B01??(%RH)","	89.7","	2026-07-23 15:47:19"
"	69BA0CDE","	Chamber1","	1","	B01??(?)","	17.6","	2026-07-23 15:47:19"
"	69BA0CDE","	Chamber1","	1","	B01??(%RH)","	89.7","	2026-07-23 15:47:17"
"	69BA0CDE","	Chamber1","	1","	B01??(?)","	17.6","	2026-07-23 15:47:17"
"	69BA0CDE","	Chamber1","	1","	B01??(%RH)","	89.7","	2026-07-23 15:47:15"
"	69BA0CDE","	Chamber1","	1","	B01??(?)","	17.6","	2026-07-23 15:47:15"
"	69BA0CDE","	Chamber1","	1","	B01??(%RH)","	89.7","	2026-07-23 15:47:13"
"	69BA0CDE","	Chamber1","	1","	B01??(?)","	17.6","	2026-07-23 15:47:13"
"	69BA0CDE","	Chamber1","	1","	B01??(%RH)","	89.6","	2026-07-23 15:47:11"
"	69BA0CDE","	Chamber1","	1","	B01??(?)","	17.6","	2026-07-23 15:47:11"
"	69BA0CDE","	Chamber1","	1","	B01??(%RH)","	89.7","	2026-07-23 15:47:09"
"	69BA0CDE","	Chamber1","	1","	B01??(?)","	17.7","	2026-07-23 15:47:09"
"	69BA0CDE","	Chamber1","	1","	B01??(%RH)","	89.7","	2026-07-23 15:47:07"
"	69BA0CDE","	Chamber1","	1","	B01??(?)","	17.6","	2026-07-23 15:47:07"
"	69BA0CDE","	Chamber1","	1","	B01??(%RH)","	89.7","	2026-07-23 15:47:05"
"	69BA0CDE","	Chamber1","	1","	B01??(?)","	17.6","	2026-07-23 15:47:05"
"	69BA0CDE","	Chamber1","	1","	B01??(%RH)","	89.6","	2026-07-23 15:47:03"
"	69BA0CDE","	Chamber1","	1","	B01??(?)","	17.6","	2026-07-23 15:47:03"
"	69BA0CDE","	Chamber1","	1","	B01??(%RH)","	89.6","	2026-07-23 15:47:01"
"	69BA0CDE","	Chamber1","	1","	B01??(?)","	17.7","	2026-07-23 15:47:01"
"	69BA0CDE","	Chamber1","	1","	B01??(%RH)","	89.6","	2026-07-23 15:46:59"
"	69BA0CDE","	Chamber1","	1","	B01??(?)","	17.6","	2026-07-23 15:46:59"
"	69BA0CDE","	Chamber1","	1","	B01??(%RH)","	89.6","	2026-07-23 15:46:57"
"	69BA0CDE","	Chamber1","	1","	B01??(?)","	17.6","	2026-07-23 15:46:57"
"	69BA0CDE","	Chamber1","	1","	B01??(%RH)","	89.6","	2026-07-23 15:46:54"
"	69BA0CDE","	Chamber1","	1","	B01??(?)","	17.6","	2026-07-23 15:46:54"
"	69BA0CDE","	Chamber1","	1","	B01??(%RH)","	89.6","	2026-07-23 15:46:52"
"	69BA0CDE","	Chamber1","	1","	B01??(?)","	17.6","	2026-07-23 15:46:52"
"	69BA0CDE","	Chamber1","	1","	B01??(%RH)","	89.6","	2026-07-23 15:46:50"
"	69BA0CDE","	Chamber1","	1","	B01??(?)","	17.6","	2026-07-23 15:46:50"
"	69BA0CDE","	Chamber1","	1","	B01??(%RH)","	89.6","	2026-07-23 15:46:48"
"	69BA0CDE","	Chamber1","	1","	B01??(?)","	17.7","	2026-07-23 15:46:48"
"	69BA0CDE","	Chamber1","	1","	B01??(%RH)","	89.6","	2026-07-23 15:46:46"
"	69BA0CDE","	Chamber1","	1","	B01??(?)","	17.7","	2026-07-23 15:46:46"
"	69BA0CDE","	Chamber1","	1","	B01??(%RH)","	89.6","	2026-07-23 15:46:44"
"	69BA0CDE","	Chamber1","	1","	B01??(?)","	17.6","	2026-07-23 15:46:44"
"	69BA0CDE","	Chamber1","	1","	B01??(%RH)","	89.6","	2026-07-23 15:46:42"
"	69BA0CDE","	Chamber1","	1","	B01??(?)","	17.6","	2026-07-23 15:46:42"
"	69BA0CDE","	Chamber1","	1","	B01??(%RH)","	89.5","	2026-07-23 15:46:40"
"	69BA0CDE","	Chamber1","	1","	B01??(?)","	17.7","	2026-07-23 15:46:40"
"	69BA0CDE","	Chamber1","	1","	B01??(%RH)","	89.5","	2026-07-23 15:46:38"
"	69BA0CDE","	Chamber1","	1","	B01??(?)","	17.7","	2026-07-23 15:46:38"
"	69BA0CDE","	Chamber1","	1","	B01??(%RH)","	89.5","	2026-07-23 15:46:36"
"	69BA0CDE","	Chamber1","	1","	B01??(?)","	17.6","	2026-07-23 15:46:36"
"	69BA0CDE","	Chamber1","	1","	B01??(%RH)","	89.5","	2026-07-23 15:46:34"
"	69BA0CDE","	Chamber1","	1","	B01??(?)","	17.7","	2026-07-23 15:46:34"
"	69BA0CDE","	Chamber1","	1","	B01??(%RH)","	89.5","	2026-07-23 15:46:32"
"	69BA0CDE","	Chamber1","	1","	B01??(?)","	17.7","	2026-07-23 15:46:32"
"	69BA0CDE","	Chamber1","	1","	B01??(%RH)","	89.5","	2026-07-23 15:46:30"
"	69BA0CDE","	Chamber1","	1","	B01??(?)","	17.7","	2026-07-23 15:46:30"
"	69BA0CDE","	Chamber1","	1","	B01??(%RH)","	89.5","	2026-07-23 15:46:28"
"	69BA0CDE","	Chamber1","	1","	B01??(?)","	17.7","	2026-07-23 15:46:28"
"	69BA0CDE","	Chamber1","	1","	B01??(%RH)","	89.5","	2026-07-23 15:46:26"
"	69BA0CDE","	Chamber1","	1","	B01??(?)","	17.7","	2026-07-23 15:46:26"
"	69BA0CDE","	Chamber1","	1","	B01??(%RH)","	89.4","	2026-07-23 15:46:24"
"	69BA0CDE","	Chamber1","	1","	B01??(?)","	17.7","	2026-07-23 15:46:24"
"	69BA0CDE","	Chamber1","	1","	B01??(%RH)","	89.5","	2026-07-23 15:46:22"
"	69BA0CDE","	Chamber1","	1","	B01??(?)","	17.7","	2026-07-23 15:46:22"
"	69BA0CDE","	Chamber1","	1","	B01??(%RH)","	89.5","	2026-07-23 15:46:20"
"	69BA0CDE","	Chamber1","	1","	B01??(?)","	17.7","	2026-07-23 15:46:20"
"	69BA0CDE","	Chamber1","	1","	B01??(%RH)","	89.5","	2026-07-23 15:46:18"
"	69BA0CDE","	Chamber1","	1","	B01??(?)","	17.7","	2026-07-23 15:46:18"
"	69BA0CDE","	Chamber1","	1","	B01??(%RH)","	89.4","	2026-07-23 15:46:16"
"	69BA0CDE","	Chamber1","	1","	B01??(?)","	17.7","	2026-07-23 15:46:16"
"	69BA0CDE","	Chamber1","	1","	B01??(%RH)","	89.4","	2026-07-23 15:46:14"
"	69BA0CDE","	Chamber1","	1","	B01??(?)","	17.7","	2026-07-23 15:46:14"
"	69BA0CDE","	Chamber1","	1","	B01??(%RH)","	89.4","	2026-07-23 15:46:11"
"	69BA0CDE","	Chamber1","	1","	B01??(?)","	17.7","	2026-07-23 15:46:11"
"	69BA0CDE","	Chamber1","	1","	B01??(%RH)","	89.4","	2026-07-23 15:46:09"
"	69BA0CDE","	Chamber1","	1","	B01??(?)","	17.7","	2026-07-23 15:46:09"
"	69BA0CDE","	Chamber1","	1","	B01??(%RH)","	89.4","	2026-07-23 15:46:07"
"	69BA0CDE","	Chamber1","	1","	B01??(?)","	17.7","	2026-07-23 15:46:07"
"	69BA0CDE","	Chamber1","	1","	B01??(%RH)","	89.4","	2026-07-23 15:46:05"
"	69BA0CDE","	Chamber1","	1","	B01??(?)","	17.7","	2026-07-23 15:46:05"
"	69BA0CDE","	Chamber1","	1","	B01??(%RH)","	89.4","	2026-07-23 15:46:03"
"	69BA0CDE","	Chamber1","	1","	B01??(?)","	17.7","	2026-07-23 15:46:03"
"	69BA0CDE","	Chamber1","	1","	B01??(%RH)","	89.4","	2026-07-23 15:46:01"
"	69BA0CDE","	Chamber1","	1","	B01??(?)","	17.7","	2026-07-23 15:46:01"
"	69BA0CDE","	Chamber1","	1","	B01??(%RH)","	89.4","	2026-07-23 15:45:59"
"	69BA0CDE","	Chamber1","	1","	B01??(?)","	17.7","	2026-07-23 15:45:59"
"	69BA0CDE","	Chamber1","	1","	B01??(%RH)","	89.4","	2026-07-23 15:45:57"
"	69BA0CDE","	Chamber1","	1","	B01??(?)","	17.7","	2026-07-23 15:45:57"
"	69BA0CDE","	Chamber1","	1","	B01??(%RH)","	89.3","	2026-07-23 15:45:55"
"	69BA0CDE","	Chamber1","	1","	B01??(?)","	17.7","	2026-07-23 15:45:55"
"	69BA0CDE","	Chamber1","	1","	B01??(%RH)","	89.3","	2026-07-23 15:45:53"
"	69BA0CDE","	Chamber1","	1","	B01??(?)","	17.7","	2026-07-23 15:45:53"
"	69BA0CDE","	Chamber1","	1","	B01??(%RH)","	89.4","	2026-07-23 15:45:51"
"	69BA0CDE","	Chamber1","	1","	B01??(?)","	17.7","	2026-07-23 15:45:51"
"	69BA0CDE","	Chamber1","	1","	B01??(%RH)","	89.3","	2026-07-23 15:45:49"
"	69BA0CDE","	Chamber1","	1","	B01??(?)","	17.7","	2026-07-23 15:45:49"
"	69BA0CDE","	Chamber1","	1","	B01??(%RH)","	89.3","	2026-07-23 15:45:47"
"	69BA0CDE","	Chamber1","	1","	B01??(?)","	17.7","	2026-07-23 15:45:47"
"	69BA0CDE","	Chamber1","	1","	B01??(%RH)","	89.3","	2026-07-23 15:45:45"
"	69BA0CDE","	Chamber1","	1","	B01??(?)","	17.7","	2026-07-23 15:45:45"
"	69BA0CDE","	Chamber1","	1","	B01??(%RH)","	89.3","	2026-07-23 15:45:43"
"	69BA0CDE","	Chamber1","	1","	B01??(?)","	17.7","	2026-07-23 15:45:43"
"	69BA0CDE","	Chamber1","	1","	B01??(%RH)","	89.3","	2026-07-23 15:45:41"
"	69BA0CDE","	Chamber1","	1","	B01??(?)","	17.7","	2026-07-23 15:45:41"
"	69BA0CDE","	Chamber1","	1","	B01??(%RH)","	89.3","	2026-07-23 15:45:39"
"	69BA0CDE","	Chamber1","	1","	B01??(?)","	17.7","	2026-07-23 15:45:39"
"	69BA0CDE","	Chamber1","	1","	B01??(%RH)","	89.3","	2026-07-23 15:45:37"
"	69BA0CDE","	Chamber1","	1","	B01??(?)","	17.7","	2026-07-23 15:45:37"
"	69BA0CDE","	Chamber1","	1","	B01??(%RH)","	89.3","	2026-07-23 15:45:35"
"	69BA0CDE","	Chamber1","	1","	B01??(?)","	17.7","	2026-07-23 15:45:35"
"	69BA0CDE","	Chamber1","	1","	B01??(%RH)","	89.2","	2026-07-23 15:45:33"
"	69BA0CDE","	Chamber1","	1","	B01??(?)","	17.7","	2026-07-23 15:45:33"
"	69BA0CDE","	Chamber1","	1","	B01??(%RH)","	89.3","	2026-07-23 15:45:31"
"	69BA0CDE","	Chamber1","	1","	B01??(?)","	17.7","	2026-07-23 15:45:31"
"	69BA0CDE","	Chamber1","	1","	B01??(%RH)","	89.2","	2026-07-23 15:45:29"
"	69BA0CDE","	Chamber1","	1","	B01??(?)","	17.7","	2026-07-23 15:45:29"
"	69BA0CDE","	Chamber1","	1","	B01??(%RH)","	89.2","	2026-07-23 15:45:26"
"	69BA0CDE","	Chamber1","	1","	B01??(?)","	17.7","	2026-07-23 15:45:26"
"	69BA0CDE","	Chamber1","	1","	B01??(%RH)","	89.2","	2026-07-23 15:45:24"
"	69BA0CDE","	Chamber1","	1","	B01??(?)","	17.7","	2026-07-23 15:45:24"
"	69BA0CDE","	Chamber1","	1","	B01??(%RH)","	89.2","	2026-07-23 15:45:22"
"	69BA0CDE","	Chamber1","	1","	B01??(?)","	17.7","	2026-07-23 15:45:22"
"	69BA0CDE","	Chamber1","	1","	B01??(%RH)","	89.2","	2026-07-23 15:45:20"
"	69BA0CDE","	Chamber1","	1","	B01??(?)","	17.7","	2026-07-23 15:45:20"
"	69BA0CDE","	Chamber1","	1","	B01??(%RH)","	89.2","	2026-07-23 15:45:18"
"	69BA0CDE","	Chamber1","	1","	B01??(?)","	17.7","	2026-07-23 15:45:18"
"	69BA0CDE","	Chamber1","	1","	B01??(%RH)","	89.2","	2026-07-23 15:45:16"
"	69BA0CDE","	Chamber1","	1","	B01??(?)","	17.7","	2026-07-23 15:45:16"
"	69BA0CDE","	Chamber1","	1","	B01??(%RH)","	89.1","	2026-07-23 15:45:14"
"	69BA0CDE","	Chamber1","	1","	B01??(?)","	17.7","	2026-07-23 15:45:14"
"	69BA0CDE","	Chamber1","	1","	B01??(%RH)","	89.1","	2026-07-23 15:45:12"
"	69BA0CDE","	Chamber1","	1","	B01??(?)","	17.7","	2026-07-23 15:45:12"
"	69BA0CDE","	Chamber1","	1","	B01??(%RH)","	89.1","	2026-07-23 15:45:10"
"	69BA0CDE","	Chamber1","	1","	B01??(?)","	17.7","	2026-07-23 15:45:10"
"	69BA0CDE","	Chamber1","	1","	B01??(%RH)","	89.1","	2026-07-23 15:45:08"
"	69BA0CDE","	Chamber1","	1","	B01??(?)","	17.7","	2026-07-23 15:45:08"
"	69BA0CDE","	Chamber1","	1","	B01??(%RH)","	89.1","	2026-07-23 15:45:06"
"	69BA0CDE","	Chamber1","	1","	B01??(?)","	17.7","	2026-07-23 15:45:06"
"	69BA0CDE","	Chamber1","	1","	B01??(%RH)","	89.1","	2026-07-23 15:45:04"
"	69BA0CDE","	Chamber1","	1","	B01??(?)","	17.8","	2026-07-23 15:45:04"
"	69BA0CDE","	Chamber1","	1","	B01??(%RH)","	89.1","	2026-07-23 15:45:02"
"	69BA0CDE","	Chamber1","	1","	B01??(?)","	17.7","	2026-07-23 15:45:02"
"	69BA0CDE","	Chamber1","	1","	B01??(%RH)","	89.1","	2026-07-23 15:45:00"
"	69BA0CDE","	Chamber1","	1","	B01??(?)","	17.8","	2026-07-23 15:45:00"
"	69BA0CDE","	Chamber1","	1","	B01??(%RH)","	89.1","	2026-07-23 15:44:58"
"	69BA0CDE","	Chamber1","	1","	B01??(?)","	17.7","	2026-07-23 15:44:58"
"	69BA0CDE","	Chamber1","	1","	B01??(%RH)","	89.1","	2026-07-23 15:44:56"
"	69BA0CDE","	Chamber1","	1","	B01??(?)","	17.8","	2026-07-23 15:44:56"
"	69BA0CDE","	Chamber1","	1","	B01??(%RH)","	89.1","	2026-07-23 15:44:54"
"	69BA0CDE","	Chamber1","	1","	B01??(?)","	17.7","	2026-07-23 15:44:54"
"	69BA0CDE","	Chamber1","	1","	B01??(%RH)","	89.1","	2026-07-23 15:44:52"
"	69BA0CDE","	Chamber1","	1","	B01??(?)","	17.7","	2026-07-23 15:44:52"
"	69BA0CDE","	Chamber1","	1","	B01??(%RH)","	89.1","	2026-07-23 15:44:50"
"	69BA0CDE","	Chamber1","	1","	B01??(?)","	17.8","	2026-07-23 15:44:50"
"	69BA0CDE","	Chamber1","	1","	B01??(%RH)","	89","	2026-07-23 15:44:48"
"	69BA0CDE","	Chamber1","	1","	B01??(?)","	17.8","	2026-07-23 15:44:48"
"	69BA0CDE","	Chamber1","	1","	B01??(%RH)","	89.1","	2026-07-23 15:44:46"
"	69BA0CDE","	Chamber1","	1","	B01??(?)","	17.8","	2026-07-23 15:44:46"
"	69BA0CDE","	Chamber1","	1","	B01??(%RH)","	89","	2026-07-23 15:44:43"
"	69BA0CDE","	Chamber1","	1","	B01??(?)","	17.7","	2026-07-23 15:44:43"
"	69BA0CDE","	Chamber1","	1","	B01??(%RH)","	89","	2026-07-23 15:44:41"
"	69BA0CDE","	Chamber1","	1","	B01??(?)","	17.8","	2026-07-23 15:44:41"
"	69BA0CDE","	Chamber1","	1","	B01??(%RH)","	89","	2026-07-23 15:44:39"
"	69BA0CDE","	Chamber1","	1","	B01??(?)","	17.8","	2026-07-23 15:44:39"
"	69BA0CDE","	Chamber1","	1","	B01??(%RH)","	89","	2026-07-23 15:44:37"
"	69BA0CDE","	Chamber1","	1","	B01??(?)","	17.8","	2026-07-23 15:44:37"
"	69BA0CDE","	Chamber1","	1","	B01??(%RH)","	89","	2026-07-23 15:44:35"
"	69BA0CDE","	Chamber1","	1","	B01??(?)","	17.8","	2026-07-23 15:44:35"
"	69BA0CDE","	Chamber1","	1","	B01??(%RH)","	89","	2026-07-23 15:44:33"
"	69BA0CDE","	Chamber1","	1","	B01??(?)","	17.8","	2026-07-23 15:44:33"
"	69BA0CDE","	Chamber1","	1","	B01??(%RH)","	89","	2026-07-23 15:44:31"
"	69BA0CDE","	Chamber1","	1","	B01??(?)","	17.8","	2026-07-23 15:44:31"
"	69BA0CDE","	Chamber1","	1","	B01??(%RH)","	88.9","	2026-07-23 15:44:29"
"	69BA0CDE","	Chamber1","	1","	B01??(?)","	17.8","	2026-07-23 15:44:29"
"	69BA0CDE","	Chamber1","	1","	B01??(%RH)","	88.9","	2026-07-23 15:44:27"
"	69BA0CDE","	Chamber1","	1","	B01??(?)","	17.8","	2026-07-23 15:44:27"
"	69BA0CDE","	Chamber1","	1","	B01??(%RH)","	88.9","	2026-07-23 15:44:25"
"	69BA0CDE","	Chamber1","	1","	B01??(?)","	17.8","	2026-07-23 15:44:25"
"	69BA0CDE","	Chamber1","	1","	B01??(%RH)","	88.9","	2026-07-23 15:44:23"
"	69BA0CDE","	Chamber1","	1","	B01??(?)","	17.8","	2026-07-23 15:44:23"
"	69BA0CDE","	Chamber1","	1","	B01??(%RH)","	88.9","	2026-07-23 15:44:21"
"	69BA0CDE","	Chamber1","	1","	B01??(?)","	17.8","	2026-07-23 15:44:21"
"	69BA0CDE","	Chamber1","	1","	B01??(%RH)","	88.9","	2026-07-23 15:44:19"
"	69BA0CDE","	Chamber1","	1","	B01??(?)","	17.8","	2026-07-23 15:44:19"
"	69BA0CDE","	Chamber1","	1","	B01??(%RH)","	88.9","	2026-07-23 15:44:17"
"	69BA0CDE","	Chamber1","	1","	B01??(?)","	17.8","	2026-07-23 15:44:17"
"	69BA0CDE","	Chamber1","	1","	B01??(%RH)","	88.9","	2026-07-23 15:44:15"
"	69BA0CDE","	Chamber1","	1","	B01??(?)","	17.8","	2026-07-23 15:44:15"
"	69BA0CDE","	Chamber1","	1","	B01??(%RH)","	88.9","	2026-07-23 15:44:13"
"	69BA0CDE","	Chamber1","	1","	B01??(?)","	17.8","	2026-07-23 15:44:13"
"	69BA0CDE","	Chamber1","	1","	B01??(%RH)","	88.9","	2026-07-23 15:44:11"
"	69BA0CDE","	Chamber1","	1","	B01??(?)","	17.8","	2026-07-23 15:44:11"
"	69BA0CDE","	Chamber1","	1","	B01??(%RH)","	88.9","	2026-07-23 15:44:09"
"	69BA0CDE","	Chamber1","	1","	B01??(?)","	17.8","	2026-07-23 15:44:09"
"	69BA0CDE","	Chamber1","	1","	B01??(%RH)","	88.8","	2026-07-23 15:44:07"
"	69BA0CDE","	Chamber1","	1","	B01??(?)","	17.8","	2026-07-23 15:44:07"
"	69BA0CDE","	Chamber1","	1","	B01??(%RH)","	88.8","	2026-07-23 15:44:05"
"	69BA0CDE","	Chamber1","	1","	B01??(?)","	17.8","	2026-07-23 15:44:05"
"	69BA0CDE","	Chamber1","	1","	B01??(%RH)","	88.8","	2026-07-23 15:44:03"
"	69BA0CDE","	Chamber1","	1","	B01??(?)","	17.8","	2026-07-23 15:44:03"
"	69BA0CDE","	Chamber1","	1","	B01??(%RH)","	88.8","	2026-07-23 15:44:01"
"	69BA0CDE","	Chamber1","	1","	B01??(?)","	17.8","	2026-07-23 15:44:01"
"	69BA0CDE","	Chamber1","	1","	B01??(%RH)","	88.8","	2026-07-23 15:43:58"
"	69BA0CDE","	Chamber1","	1","	B01??(?)","	17.8","	2026-07-23 15:43:58"
"	69BA0CDE","	Chamber1","	1","	B01??(%RH)","	88.8","	2026-07-23 15:43:56"
"	69BA0CDE","	Chamber1","	1","	B01??(?)","	17.8","	2026-07-23 15:43:56"
"	69BA0CDE","	Chamber1","	1","	B01??(%RH)","	88.8","	2026-07-23 15:43:54"
"	69BA0CDE","	Chamber1","	1","	B01??(?)","	17.8","	2026-07-23 15:43:54"
"	69BA0CDE","	Chamber1","	1","	B01??(%RH)","	88.7","	2026-07-23 15:43:52"
"	69BA0CDE","	Chamber1","	1","	B01??(?)","	17.8","	2026-07-23 15:43:52"
"	69BA0CDE","	Chamber1","	1","	B01??(%RH)","	88.7","	2026-07-23 15:43:50"
"	69BA0CDE","	Chamber1","	1","	B01??(?)","	17.8","	2026-07-23 15:43:50"
"	69BA0CDE","	Chamber1","	1","	B01??(%RH)","	88.7","	2026-07-23 15:43:48"
"	69BA0CDE","	Chamber1","	1","	B01??(?)","	17.8","	2026-07-23 15:43:48"
"	69BA0CDE","	Chamber1","	1","	B01??(%RH)","	88.7","	2026-07-23 15:43:46"
"	69BA0CDE","	Chamber1","	1","	B01??(?)","	17.8","	2026-07-23 15:43:46"
"	69BA0CDE","	Chamber1","	1","	B01??(%RH)","	88.7","	2026-07-23 15:43:44"
"	69BA0CDE","	Chamber1","	1","	B01??(?)","	17.8","	2026-07-23 15:43:44"
"	69BA0CDE","	Chamber1","	1","	B01??(%RH)","	88.7","	2026-07-23 15:43:42"
"	69BA0CDE","	Chamber1","	1","	B01??(?)","	17.8","	2026-07-23 15:43:42"
"	69BA0CDE","	Chamber1","	1","	B01??(%RH)","	88.7","	2026-07-23 15:43:40"
"	69BA0CDE","	Chamber1","	1","	B01??(?)","	17.8","	2026-07-23 15:43:40"
"	69BA0CDE","	Chamber1","	1","	B01??(%RH)","	88.7","	2026-07-23 15:43:38"
"	69BA0CDE","	Chamber1","	1","	B01??(?)","	17.8","	2026-07-23 15:43:38"
"	69BA0CDE","	Chamber1","	1","	B01??(%RH)","	88.7","	2026-07-23 15:43:36"
"	69BA0CDE","	Chamber1","	1","	B01??(?)","	17.8","	2026-07-23 15:43:36"
"	69BA0CDE","	Chamber1","	1","	B01??(%RH)","	88.7","	2026-07-23 15:43:34"
"	69BA0CDE","	Chamber1","	1","	B01??(?)","	17.8","	2026-07-23 15:43:34"
"	69BA0CDE","	Chamber1","	1","	B01??(%RH)","	88.6","	2026-07-23 15:43:32"
"	69BA0CDE","	Chamber1","	1","	B01??(?)","	17.8","	2026-07-23 15:43:32"
"	69BA0CDE","	Chamber1","	1","	B01??(%RH)","	88.7","	2026-07-23 15:43:30"
"	69BA0CDE","	Chamber1","	1","	B01??(?)","	17.8","	2026-07-23 15:43:30"
"	69BA0CDE","	Chamber1","	1","	B01??(%RH)","	88.6","	2026-07-23 15:43:28"
"	69BA0CDE","	Chamber1","	1","	B01??(?)","	17.8","	2026-07-23 15:43:28"
"	69BA0CDE","	Chamber1","	1","	B01??(%RH)","	88.6","	2026-07-23 15:43:26"
"	69BA0CDE","	Chamber1","	1","	B01??(?)","	17.8","	2026-07-23 15:43:26"
"	69BA0CDE","	Chamber1","	1","	B01??(%RH)","	88.6","	2026-07-23 15:43:24"
"	69BA0CDE","	Chamber1","	1","	B01??(?)","	17.8","	2026-07-23 15:43:24"
"	69BA0CDE","	Chamber1","	1","	B01??(%RH)","	88.6","	2026-07-23 15:43:22"
"	69BA0CDE","	Chamber1","	1","	B01??(?)","	17.8","	2026-07-23 15:43:22"
"	69BA0CDE","	Chamber1","	1","	B01??(%RH)","	88.6","	2026-07-23 15:43:20"
"	69BA0CDE","	Chamber1","	1","	B01??(?)","	17.8","	2026-07-23 15:43:20"
"	69BA0CDE","	Chamber1","	1","	B01??(%RH)","	88.6","	2026-07-23 15:43:18"
"	69BA0CDE","	Chamber1","	1","	B01??(?)","	17.8","	2026-07-23 15:43:18"
"	69BA0CDE","	Chamber1","	1","	B01??(%RH)","	88.6","	2026-07-23 15:43:16"
"	69BA0CDE","	Chamber1","	1","	B01??(?)","	17.8","	2026-07-23 15:43:16"
"	69BA0CDE","	Chamber1","	1","	B01??(%RH)","	88.6","	2026-07-23 15:43:13"
"	69BA0CDE","	Chamber1","	1","	B01??(?)","	17.9","	2026-07-23 15:43:13"
"	69BA0CDE","	Chamber1","	1","	B01??(%RH)","	88.6","	2026-07-23 15:43:11"
"	69BA0CDE","	Chamber1","	1","	B01??(?)","	17.9","	2026-07-23 15:43:11"
"	69BA0CDE","	Chamber1","	1","	B01??(%RH)","	88.5","	2026-07-23 15:43:09"
"	69BA0CDE","	Chamber1","	1","	B01??(?)","	17.8","	2026-07-23 15:43:09"
"	69BA0CDE","	Chamber1","	1","	B01??(%RH)","	88.5","	2026-07-23 15:43:07"
"	69BA0CDE","	Chamber1","	1","	B01??(?)","	17.8","	2026-07-23 15:43:07"
"	69BA0CDE","	Chamber1","	1","	B01??(%RH)","	88.5","	2026-07-23 15:43:05"
"	69BA0CDE","	Chamber1","	1","	B01??(?)","	17.9","	2026-07-23 15:43:05"
"	69BA0CDE","	Chamber1","	1","	B01??(%RH)","	88.5","	2026-07-23 15:43:03"
"	69BA0CDE","	Chamber1","	1","	B01??(?)","	17.9","	2026-07-23 15:43:03"
"	69BA0CDE","	Chamber1","	1","	B01??(%RH)","	88.5","	2026-07-23 15:43:01"
"	69BA0CDE","	Chamber1","	1","	B01??(?)","	17.9","	2026-07-23 15:43:01"
"	69BA0CDE","	Chamber1","	1","	B01??(%RH)","	88.5","	2026-07-23 15:42:59"
"	69BA0CDE","	Chamber1","	1","	B01??(?)","	17.9","	2026-07-23 15:42:59"
"	69BA0CDE","	Chamber1","	1","	B01??(%RH)","	88.5","	2026-07-23 15:42:57"
"	69BA0CDE","	Chamber1","	1","	B01??(?)","	17.9","	2026-07-23 15:42:57"
"	69BA0CDE","	Chamber1","	1","	B01??(%RH)","	88.4","	2026-07-23 15:42:55"
"	69BA0CDE","	Chamber1","	1","	B01??(?)","	17.9","	2026-07-23 15:42:55"
"	69BA0CDE","	Chamber1","	1","	B01??(%RH)","	88.5","	2026-07-23 15:42:53"
"	69BA0CDE","	Chamber1","	1","	B01??(?)","	17.9","	2026-07-23 15:42:53"
"	69BA0CDE","	Chamber1","	1","	B01??(%RH)","	88.4","	2026-07-23 15:42:51"
"	69BA0CDE","	Chamber1","	1","	B01??(?)","	17.9","	2026-07-23 15:42:51"
"	69BA0CDE","	Chamber1","	1","	B01??(%RH)","	88.5","	2026-07-23 15:42:49"
"	69BA0CDE","	Chamber1","	1","	B01??(?)","	17.9","	2026-07-23 15:42:49"
"	69BA0CDE","	Chamber1","	1","	B01??(%RH)","	88.4","	2026-07-23 15:42:47"
"	69BA0CDE","	Chamber1","	1","	B01??(?)","	17.9","	2026-07-23 15:42:47"
"	69BA0CDE","	Chamber1","	1","	B01??(%RH)","	88.4","	2026-07-23 15:42:45"
"	69BA0CDE","	Chamber1","	1","	B01??(?)","	17.8","	2026-07-23 15:42:45"
"	69BA0CDE","	Chamber1","	1","	B01??(%RH)","	88.4","	2026-07-23 15:42:43"
"	69BA0CDE","	Chamber1","	1","	B01??(?)","	17.9","	2026-07-23 15:42:43"
"	69BA0CDE","	Chamber1","	1","	B01??(%RH)","	88.4","	2026-07-23 15:42:41"
"	69BA0CDE","	Chamber1","	1","	B01??(?)","	17.9","	2026-07-23 15:42:41"
"	69BA0CDE","	Chamber1","	1","	B01??(%RH)","	88.3","	2026-07-23 15:42:39"
"	69BA0CDE","	Chamber1","	1","	B01??(?)","	17.9","	2026-07-23 15:42:39"
"	69BA0CDE","	Chamber1","	1","	B01??(%RH)","	88.4","	2026-07-23 15:42:37"
"	69BA0CDE","	Chamber1","	1","	B01??(?)","	17.9","	2026-07-23 15:42:37"
"	69BA0CDE","	Chamber1","	1","	B01??(%RH)","	88.4","	2026-07-23 15:42:35"
"	69BA0CDE","	Chamber1","	1","	B01??(?)","	17.9","	2026-07-23 15:42:35"
"	69BA0CDE","	Chamber1","	1","	B01??(%RH)","	88.3","	2026-07-23 15:42:33"
"	69BA0CDE","	Chamber1","	1","	B01??(?)","	17.9","	2026-07-23 15:42:33"
"	69BA0CDE","	Chamber1","	1","	B01??(%RH)","	88.4","	2026-07-23 15:42:31"
"	69BA0CDE","	Chamber1","	1","	B01??(?)","	17.9","	2026-07-23 15:42:31"
"	69BA0CDE","	Chamber1","	1","	B01??(%RH)","	88.3","	2026-07-23 15:42:28"
"	69BA0CDE","	Chamber1","	1","	B01??(?)","	17.9","	2026-07-23 15:42:28"
"	69BA0CDE","	Chamber1","	1","	B01??(%RH)","	88.3","	2026-07-23 15:42:26"
"	69BA0CDE","	Chamber1","	1","	B01??(?)","	17.9","	2026-07-23 15:42:26"
"	69BA0CDE","	Chamber1","	1","	B01??(%RH)","	88.3","	2026-07-23 15:42:24"
"	69BA0CDE","	Chamber1","	1","	B01??(?)","	17.9","	2026-07-23 15:42:24"
"	69BA0CDE","	Chamber1","	1","	B01??(%RH)","	88.3","	2026-07-23 15:42:22"
"	69BA0CDE","	Chamber1","	1","	B01??(?)","	17.9","	2026-07-23 15:42:22"
"	69BA0CDE","	Chamber1","	1","	B01??(%RH)","	88.3","	2026-07-23 15:42:20"
"	69BA0CDE","	Chamber1","	1","	B01??(?)","	17.9","	2026-07-23 15:42:20"
"	69BA0CDE","	Chamber1","	1","	B01??(%RH)","	88.3","	2026-07-23 15:42:18"
"	69BA0CDE","	Chamber1","	1","	B01??(?)","	17.9","	2026-07-23 15:42:18"
"	69BA0CDE","	Chamber1","	1","	B01??(%RH)","	88.2","	2026-07-23 15:42:16"
"	69BA0CDE","	Chamber1","	1","	B01??(?)","	17.9","	2026-07-23 15:42:16"
"	69BA0CDE","	Chamber1","	1","	B01??(%RH)","	88.2","	2026-07-23 15:42:14"
"	69BA0CDE","	Chamber1","	1","	B01??(?)","	17.9","	2026-07-23 15:42:14"
"	69BA0CDE","	Chamber1","	1","	B01??(%RH)","	88.2","	2026-07-23 15:42:12"
"	69BA0CDE","	Chamber1","	1","	B01??(?)","	17.9","	2026-07-23 15:42:12"
"	69BA0CDE","	Chamber1","	1","	B01??(%RH)","	88.2","	2026-07-23 15:42:10"
"	69BA0CDE","	Chamber1","	1","	B01??(?)","	17.9","	2026-07-23 15:42:10"
"	69BA0CDE","	Chamber1","	1","	B01??(%RH)","	88.2","	2026-07-23 15:42:08"
"	69BA0CDE","	Chamber1","	1","	B01??(?)","	17.9","	2026-07-23 15:42:08"
"	69BA0CDE","	Chamber1","	1","	B01??(%RH)","	88.2","	2026-07-23 15:42:06"
"	69BA0CDE","	Chamber1","	1","	B01??(?)","	17.9","	2026-07-23 15:42:06"
"	69BA0CDE","	Chamber1","	1","	B01??(%RH)","	88.2","	2026-07-23 15:42:04"
"	69BA0CDE","	Chamber1","	1","	B01??(?)","	17.9","	2026-07-23 15:42:04"
"	69BA0CDE","	Chamber1","	1","	B01??(%RH)","	88.2","	2026-07-23 15:42:02"
"	69BA0CDE","	Chamber1","	1","	B01??(?)","	17.9","	2026-07-23 15:42:02"
"	69BA0CDE","	Chamber1","	1","	B01??(%RH)","	88.2","	2026-07-23 15:42:00"
"	69BA0CDE","	Chamber1","	1","	B01??(?)","	17.9","	2026-07-23 15:42:00"
"	69BA0CDE","	Chamber1","	1","	B01??(%RH)","	88.1","	2026-07-23 15:41:58"
"	69BA0CDE","	Chamber1","	1","	B01??(?)","	17.9","	2026-07-23 15:41:58"
"	69BA0CDE","	Chamber1","	1","	B01??(%RH)","	88.1","	2026-07-23 15:41:56"
"	69BA0CDE","	Chamber1","	1","	B01??(?)","	17.9","	2026-07-23 15:41:56"
"	69BA0CDE","	Chamber1","	1","	B01??(%RH)","	88.2","	2026-07-23 15:41:54"
"	69BA0CDE","	Chamber1","	1","	B01??(?)","	17.9","	2026-07-23 15:41:54"
"	69BA0CDE","	Chamber1","	1","	B01??(%RH)","	88.1","	2026-07-23 15:41:52"
"	69BA0CDE","	Chamber1","	1","	B01??(?)","	17.9","	2026-07-23 15:41:52"
"	69BA0CDE","	Chamber1","	1","	B01??(%RH)","	88.1","	2026-07-23 15:41:50"
"	69BA0CDE","	Chamber1","	1","	B01??(?)","	17.9","	2026-07-23 15:41:50"
"	69BA0CDE","	Chamber1","	1","	B01??(%RH)","	88.1","	2026-07-23 15:41:48"
"	69BA0CDE","	Chamber1","	1","	B01??(?)","	18","	2026-07-23 15:41:48"
"	69BA0CDE","	Chamber1","	1","	B01??(%RH)","	88.1","	2026-07-23 15:41:45"
"	69BA0CDE","	Chamber1","	1","	B01??(?)","	18","	2026-07-23 15:41:45"
"	69BA0CDE","	Chamber1","	1","	B01??(%RH)","	88","	2026-07-23 15:41:43"
"	69BA0CDE","	Chamber1","	1","	B01??(?)","	17.9","	2026-07-23 15:41:43"
"	69BA0CDE","	Chamber1","	1","	B01??(%RH)","	88.1","	2026-07-23 15:41:41"
"	69BA0CDE","	Chamber1","	1","	B01??(?)","	18","	2026-07-23 15:41:41"
"	69BA0CDE","	Chamber1","	1","	B01??(%RH)","	88","	2026-07-23 15:41:39"
"	69BA0CDE","	Chamber1","	1","	B01??(?)","	18","	2026-07-23 15:41:39"
"	69BA0CDE","	Chamber1","	1","	B01??(%RH)","	88","	2026-07-23 15:41:37"
"	69BA0CDE","	Chamber1","	1","	B01??(?)","	17.9","	2026-07-23 15:41:37"
"	69BA0CDE","	Chamber1","	1","	B01??(%RH)","	88","	2026-07-23 15:41:35"
"	69BA0CDE","	Chamber1","	1","	B01??(?)","	18","	2026-07-23 15:41:35"
"	69BA0CDE","	Chamber1","	1","	B01??(%RH)","	88","	2026-07-23 15:41:33"
"	69BA0CDE","	Chamber1","	1","	B01??(?)","	18","	2026-07-23 15:41:33"
"	69BA0CDE","	Chamber1","	1","	B01??(%RH)","	88","	2026-07-23 15:41:31"
"	69BA0CDE","	Chamber1","	1","	B01??(?)","	18","	2026-07-23 15:41:31"
"	69BA0CDE","	Chamber1","	1","	B01??(%RH)","	88","	2026-07-23 15:41:29"
"	69BA0CDE","	Chamber1","	1","	B01??(?)","	18","	2026-07-23 15:41:29"
"	69BA0CDE","	Chamber1","	1","	B01??(%RH)","	88","	2026-07-23 15:41:27"
"	69BA0CDE","	Chamber1","	1","	B01??(?)","	18","	2026-07-23 15:41:27"
"	69BA0CDE","	Chamber1","	1","	B01??(%RH)","	87.9","	2026-07-23 15:41:25"
"	69BA0CDE","	Chamber1","	1","	B01??(?)","	18","	2026-07-23 15:41:25"
"	69BA0CDE","	Chamber1","	1","	B01??(%RH)","	88","	2026-07-23 15:41:23"
"	69BA0CDE","	Chamber1","	1","	B01??(?)","	18","	2026-07-23 15:41:23"
"	69BA0CDE","	Chamber1","	1","	B01??(%RH)","	87.9","	2026-07-23 15:41:21"
"	69BA0CDE","	Chamber1","	1","	B01??(?)","	18","	2026-07-23 15:41:21"
"	69BA0CDE","	Chamber1","	1","	B01??(%RH)","	87.9","	2026-07-23 15:41:19"
"	69BA0CDE","	Chamber1","	1","	B01??(?)","	18","	2026-07-23 15:41:19"
"	69BA0CDE","	Chamber1","	1","	B01??(%RH)","	87.9","	2026-07-23 15:41:17"
"	69BA0CDE","	Chamber1","	1","	B01??(?)","	18","	2026-07-23 15:41:17"
"	69BA0CDE","	Chamber1","	1","	B01??(%RH)","	87.9","	2026-07-23 15:41:15"
"	69BA0CDE","	Chamber1","	1","	B01??(?)","	18","	2026-07-23 15:41:15"
"	69BA0CDE","	Chamber1","	1","	B01??(%RH)","	87.9","	2026-07-23 15:41:13"
"	69BA0CDE","	Chamber1","	1","	B01??(?)","	18","	2026-07-23 15:41:13"
"	69BA0CDE","	Chamber1","	1","	B01??(%RH)","	87.8","	2026-07-23 15:41:11"
"	69BA0CDE","	Chamber1","	1","	B01??(?)","	18","	2026-07-23 15:41:11"
"	69BA0CDE","	Chamber1","	1","	B01??(%RH)","	87.8","	2026-07-23 15:41:09"
"	69BA0CDE","	Chamber1","	1","	B01??(?)","	18","	2026-07-23 15:41:09"
"	69BA0CDE","	Chamber1","	1","	B01??(%RH)","	87.8","	2026-07-23 15:41:07"
"	69BA0CDE","	Chamber1","	1","	B01??(?)","	18","	2026-07-23 15:41:07"
"	69BA0CDE","	Chamber1","	1","	B01??(%RH)","	87.8","	2026-07-23 15:41:05"
"	69BA0CDE","	Chamber1","	1","	B01??(?)","	18","	2026-07-23 15:41:05"
"	69BA0CDE","	Chamber1","	1","	B01??(%RH)","	87.8","	2026-07-23 15:41:02"
"	69BA0CDE","	Chamber1","	1","	B01??(?)","	18","	2026-07-23 15:41:02"
"	69BA0CDE","	Chamber1","	1","	B01??(%RH)","	87.8","	2026-07-23 15:41:00"
"	69BA0CDE","	Chamber1","	1","	B01??(?)","	18","	2026-07-23 15:41:00"
"	69BA0CDE","	Chamber1","	1","	B01??(%RH)","	87.8","	2026-07-23 15:40:58"
"	69BA0CDE","	Chamber1","	1","	B01??(?)","	18","	2026-07-23 15:40:58"
"	69BA0CDE","	Chamber1","	1","	B01??(%RH)","	87.8","	2026-07-23 15:40:56"
"	69BA0CDE","	Chamber1","	1","	B01??(?)","	18","	2026-07-23 15:40:56"
"	69BA0CDE","	Chamber1","	1","	B01??(%RH)","	87.8","	2026-07-23 15:40:54"
"	69BA0CDE","	Chamber1","	1","	B01??(?)","	18","	2026-07-23 15:40:54"
"	69BA0CDE","	Chamber1","	1","	B01??(%RH)","	87.7","	2026-07-23 15:40:52"
"	69BA0CDE","	Chamber1","	1","	B01??(?)","	18","	2026-07-23 15:40:52"
"	69BA0CDE","	Chamber1","	1","	B01??(%RH)","	87.7","	2026-07-23 15:40:50"
"	69BA0CDE","	Chamber1","	1","	B01??(?)","	18","	2026-07-23 15:40:50"
"	69BA0CDE","	Chamber1","	1","	B01??(%RH)","	87.7","	2026-07-23 15:40:48"
"	69BA0CDE","	Chamber1","	1","	B01??(?)","	18","	2026-07-23 15:40:48"
"	69BA0CDE","	Chamber1","	1","	B01??(%RH)","	87.7","	2026-07-23 15:40:46"
"	69BA0CDE","	Chamber1","	1","	B01??(?)","	18","	2026-07-23 15:40:46"
"	69BA0CDE","	Chamber1","	1","	B01??(%RH)","	87.7","	2026-07-23 15:40:44"
"	69BA0CDE","	Chamber1","	1","	B01??(?)","	18","	2026-07-23 15:40:44"
"	69BA0CDE","	Chamber1","	1","	B01??(%RH)","	87.7","	2026-07-23 15:40:42"
"	69BA0CDE","	Chamber1","	1","	B01??(?)","	18","	2026-07-23 15:40:42"
"	69BA0CDE","	Chamber1","	1","	B01??(%RH)","	87.6","	2026-07-23 15:40:40"
"	69BA0CDE","	Chamber1","	1","	B01??(?)","	18","	2026-07-23 15:40:40"
"	69BA0CDE","	Chamber1","	1","	B01??(%RH)","	87.6","	2026-07-23 15:40:38"
"	69BA0CDE","	Chamber1","	1","	B01??(?)","	18","	2026-07-23 15:40:38"
"	69BA0CDE","	Chamber1","	1","	B01??(%RH)","	87.7","	2026-07-23 15:40:36"
"	69BA0CDE","	Chamber1","	1","	B01??(?)","	18","	2026-07-23 15:40:36"
"	69BA0CDE","	Chamber1","	1","	B01??(%RH)","	87.6","	2026-07-23 15:40:34"
"	69BA0CDE","	Chamber1","	1","	B01??(?)","	18","	2026-07-23 15:40:34"
"	69BA0CDE","	Chamber1","	1","	B01??(%RH)","	87.6","	2026-07-23 15:40:32"
"	69BA0CDE","	Chamber1","	1","	B01??(?)","	18","	2026-07-23 15:40:32"
"	69BA0CDE","	Chamber1","	1","	B01??(%RH)","	87.5","	2026-07-23 15:40:30"
"	69BA0CDE","	Chamber1","	1","	B01??(?)","	18","	2026-07-23 15:40:30"
"	69BA0CDE","	Chamber1","	1","	B01??(%RH)","	87.6","	2026-07-23 15:40:28"
"	69BA0CDE","	Chamber1","	1","	B01??(?)","	18","	2026-07-23 15:40:28"
"	69BA0CDE","	Chamber1","	1","	B01??(%RH)","	87.6","	2026-07-23 15:40:26"
"	69BA0CDE","	Chamber1","	1","	B01??(?)","	18.1","	2026-07-23 15:40:26"
"	69BA0CDE","	Chamber1","	1","	B01??(%RH)","	87.6","	2026-07-23 15:40:24"
"	69BA0CDE","	Chamber1","	1","	B01??(?)","	18","	2026-07-23 15:40:24"
"	69BA0CDE","	Chamber1","	1","	B01??(%RH)","	87.5","	2026-07-23 15:40:22"
"	69BA0CDE","	Chamber1","	1","	B01??(?)","	18.1","	2026-07-23 15:40:22"
"	69BA0CDE","	Chamber1","	1","	B01??(%RH)","	87.5","	2026-07-23 15:40:20"
"	69BA0CDE","	Chamber1","	1","	B01??(?)","	18.1","	2026-07-23 15:40:20"
"	69BA0CDE","	Chamber1","	1","	B01??(%RH)","	87.5","	2026-07-23 15:40:17"
"	69BA0CDE","	Chamber1","	1","	B01??(?)","	18.1","	2026-07-23 15:40:17"
"	69BA0CDE","	Chamber1","	1","	B01??(%RH)","	87.5","	2026-07-23 15:40:15"
"	69BA0CDE","	Chamber1","	1","	B01??(?)","	18.1","	2026-07-23 15:40:15"
"	69BA0CDE","	Chamber1","	1","	B01??(%RH)","	87.5","	2026-07-23 15:40:13"
"	69BA0CDE","	Chamber1","	1","	B01??(?)","	18.1","	2026-07-23 15:40:13"
"	69BA0CDE","	Chamber1","	1","	B01??(%RH)","	87.5","	2026-07-23 15:40:11"
"	69BA0CDE","	Chamber1","	1","	B01??(?)","	18.1","	2026-07-23 15:40:11"
"	69BA0CDE","	Chamber1","	1","	B01??(%RH)","	87.5","	2026-07-23 15:40:09"
"	69BA0CDE","	Chamber1","	1","	B01??(?)","	18.1","	2026-07-23 15:40:09"
"	69BA0CDE","	Chamber1","	1","	B01??(%RH)","	87.4","	2026-07-23 15:40:07"
"	69BA0CDE","	Chamber1","	1","	B01??(?)","	18.1","	2026-07-23 15:40:07"
"	69BA0CDE","	Chamber1","	1","	B01??(%RH)","	87.4","	2026-07-23 15:40:05"
"	69BA0CDE","	Chamber1","	1","	B01??(?)","	18.1","	2026-07-23 15:40:05"
"	69BA0CDE","	Chamber1","	1","	B01??(%RH)","	87.4","	2026-07-23 15:40:03"
"	69BA0CDE","	Chamber1","	1","	B01??(?)","	18.1","	2026-07-23 15:40:03"
"	69BA0CDE","	Chamber1","	1","	B01??(%RH)","	87.4","	2026-07-23 15:40:01"
"	69BA0CDE","	Chamber1","	1","	B01??(?)","	18.1","	2026-07-23 15:40:01"
"	69BA0CDE","	Chamber1","	1","	B01??(%RH)","	87.4","	2026-07-23 15:39:59"
"	69BA0CDE","	Chamber1","	1","	B01??(?)","	18.1","	2026-07-23 15:39:59"
"	69BA0CDE","	Chamber1","	1","	B01??(%RH)","	87.4","	2026-07-23 15:39:57"
"	69BA0CDE","	Chamber1","	1","	B01??(?)","	18.1","	2026-07-23 15:39:57"
"	69BA0CDE","	Chamber1","	1","	B01??(%RH)","	87.4","	2026-07-23 15:39:55"
"	69BA0CDE","	Chamber1","	1","	B01??(?)","	18.1","	2026-07-23 15:39:55"
"	69BA0CDE","	Chamber1","	1","	B01??(%RH)","	87.4","	2026-07-23 15:39:53"
"	69BA0CDE","	Chamber1","	1","	B01??(?)","	18.1","	2026-07-23 15:39:53"
"	69BA0CDE","	Chamber1","	1","	B01??(%RH)","	87.4","	2026-07-23 15:39:51"
"	69BA0CDE","	Chamber1","	1","	B01??(?)","	18.1","	2026-07-23 15:39:51"
"	69BA0CDE","	Chamber1","	1","	B01??(%RH)","	87.3","	2026-07-23 15:39:49"
"	69BA0CDE","	Chamber1","	1","	B01??(?)","	18.1","	2026-07-23 15:39:49"
"	69BA0CDE","	Chamber1","	1","	B01??(%RH)","	87.3","	2026-07-23 15:39:47"
"	69BA0CDE","	Chamber1","	1","	B01??(?)","	18.1","	2026-07-23 15:39:47"
"	69BA0CDE","	Chamber1","	1","	B01??(%RH)","	87.3","	2026-07-23 15:39:45"
"	69BA0CDE","	Chamber1","	1","	B01??(?)","	18.1","	2026-07-23 15:39:45"
"	69BA0CDE","	Chamber1","	1","	B01??(%RH)","	87.3","	2026-07-23 15:39:43"
"	69BA0CDE","	Chamber1","	1","	B01??(?)","	18.1","	2026-07-23 15:39:43"
"	69BA0CDE","	Chamber1","	1","	B01??(%RH)","	87.3","	2026-07-23 15:39:41"
"	69BA0CDE","	Chamber1","	1","	B01??(?)","	18.1","	2026-07-23 15:39:41"
"	69BA0CDE","	Chamber1","	1","	B01??(%RH)","	87.3","	2026-07-23 15:39:39"
"	69BA0CDE","	Chamber1","	1","	B01??(?)","	18.1","	2026-07-23 15:39:39"
"	69BA0CDE","	Chamber1","	1","	B01??(%RH)","	87.3","	2026-07-23 15:39:37"
"	69BA0CDE","	Chamber1","	1","	B01??(?)","	18.1","	2026-07-23 15:39:37"
"	69BA0CDE","	Chamber1","	1","	B01??(%RH)","	87.2","	2026-07-23 15:39:34"
"	69BA0CDE","	Chamber1","	1","	B01??(?)","	18.1","	2026-07-23 15:39:34"
"	69BA0CDE","	Chamber1","	1","	B01??(%RH)","	87.2","	2026-07-23 15:39:32"
"	69BA0CDE","	Chamber1","	1","	B01??(?)","	18.1","	2026-07-23 15:39:32"
"	69BA0CDE","	Chamber1","	1","	B01??(%RH)","	87.2","	2026-07-23 15:39:30"
"	69BA0CDE","	Chamber1","	1","	B01??(?)","	18.1","	2026-07-23 15:39:30"
"	69BA0CDE","	Chamber1","	1","	B01??(%RH)","	87.2","	2026-07-23 15:39:28"
"	69BA0CDE","	Chamber1","	1","	B01??(?)","	18.1","	2026-07-23 15:39:28"
"	69BA0CDE","	Chamber1","	1","	B01??(%RH)","	87.2","	2026-07-23 15:39:26"
"	69BA0CDE","	Chamber1","	1","	B01??(?)","	18.2","	2026-07-23 15:39:26"
"	69BA0CDE","	Chamber1","	1","	B01??(%RH)","	87.2","	2026-07-23 15:39:24"
"	69BA0CDE","	Chamber1","	1","	B01??(?)","	18.1","	2026-07-23 15:39:24"
"	69BA0CDE","	Chamber1","	1","	B01??(%RH)","	87.1","	2026-07-23 15:39:22"
"	69BA0CDE","	Chamber1","	1","	B01??(?)","	18.2","	2026-07-23 15:39:22"
"	69BA0CDE","	Chamber1","	1","	B01??(%RH)","	87.1","	2026-07-23 15:39:20"
"	69BA0CDE","	Chamber1","	1","	B01??(?)","	18.1","	2026-07-23 15:39:20"
"	69BA0CDE","	Chamber1","	1","	B01??(%RH)","	87.1","	2026-07-23 15:39:18"
"	69BA0CDE","	Chamber1","	1","	B01??(?)","	18.1","	2026-07-23 15:39:18"
"	69BA0CDE","	Chamber1","	1","	B01??(%RH)","	87.1","	2026-07-23 15:39:16"
"	69BA0CDE","	Chamber1","	1","	B01??(?)","	18.2","	2026-07-23 15:39:16"
"	69BA0CDE","	Chamber1","	1","	B01??(%RH)","	87.1","	2026-07-23 15:39:14"
"	69BA0CDE","	Chamber1","	1","	B01??(?)","	18.2","	2026-07-23 15:39:14"
"	69BA0CDE","	Chamber1","	1","	B01??(%RH)","	87.1","	2026-07-23 15:39:12"
"	69BA0CDE","	Chamber1","	1","	B01??(?)","	18.2","	2026-07-23 15:39:12"
"	69BA0CDE","	Chamber1","	1","	B01??(%RH)","	87","	2026-07-23 15:39:10"
"	69BA0CDE","	Chamber1","	1","	B01??(?)","	18.2","	2026-07-23 15:39:10"
"	69BA0CDE","	Chamber1","	1","	B01??(%RH)","	87","	2026-07-23 15:39:08"
"	69BA0CDE","	Chamber1","	1","	B01??(?)","	18.2","	2026-07-23 15:39:08"
"	69BA0CDE","	Chamber1","	1","	B01??(%RH)","	87","	2026-07-23 15:39:06"
"	69BA0CDE","	Chamber1","	1","	B01??(?)","	18.2","	2026-07-23 15:39:06"
"	69BA0CDE","	Chamber1","	1","	B01??(%RH)","	87","	2026-07-23 15:39:04"
"	69BA0CDE","	Chamber1","	1","	B01??(?)","	18.2","	2026-07-23 15:39:04"
"	69BA0CDE","	Chamber1","	1","	B01??(%RH)","	87","	2026-07-23 15:39:02"
"	69BA0CDE","	Chamber1","	1","	B01??(?)","	18.2","	2026-07-23 15:39:02"
"	69BA0CDE","	Chamber1","	1","	B01??(%RH)","	86.9","	2026-07-23 15:39:00"
"	69BA0CDE","	Chamber1","	1","	B01??(?)","	18.2","	2026-07-23 15:39:00"
"	69BA0CDE","	Chamber1","	1","	B01??(%RH)","	86.9","	2026-07-23 15:38:58"
"	69BA0CDE","	Chamber1","	1","	B01??(?)","	18.2","	2026-07-23 15:38:58"
"	69BA0CDE","	Chamber1","	1","	B01??(%RH)","	86.9","	2026-07-23 15:38:56"
"	69BA0CDE","	Chamber1","	1","	B01??(?)","	18.2","	2026-07-23 15:38:56"
"	69BA0CDE","	Chamber1","	1","	B01??(%RH)","	86.9","	2026-07-23 15:38:53"
"	69BA0CDE","	Chamber1","	1","	B01??(?)","	18.2","	2026-07-23 15:38:53"
"	69BA0CDE","	Chamber1","	1","	B01??(%RH)","	86.9","	2026-07-23 15:38:51"
"	69BA0CDE","	Chamber1","	1","	B01??(?)","	18.2","	2026-07-23 15:38:51"
"	69BA0CDE","	Chamber1","	1","	B01??(%RH)","	86.9","	2026-07-23 15:38:49"
"	69BA0CDE","	Chamber1","	1","	B01??(?)","	18.2","	2026-07-23 15:38:49"
"	69BA0CDE","	Chamber1","	1","	B01??(%RH)","	86.9","	2026-07-23 15:38:47"
"	69BA0CDE","	Chamber1","	1","	B01??(?)","	18.2","	2026-07-23 15:38:47"
"	69BA0CDE","	Chamber1","	1","	B01??(%RH)","	86.9","	2026-07-23 15:38:45"
"	69BA0CDE","	Chamber1","	1","	B01??(?)","	18.2","	2026-07-23 15:38:45"
"	69BA0CDE","	Chamber1","	1","	B01??(%RH)","	86.9","	2026-07-23 15:38:43"
"	69BA0CDE","	Chamber1","	1","	B01??(?)","	18.2","	2026-07-23 15:38:43"
"	69BA0CDE","	Chamber1","	1","	B01??(%RH)","	86.8","	2026-07-23 15:38:41"
"	69BA0CDE","	Chamber1","	1","	B01??(?)","	18.2","	2026-07-23 15:38:41"
"	69BA0CDE","	Chamber1","	1","	B01??(%RH)","	86.8","	2026-07-23 15:38:39"
"	69BA0CDE","	Chamber1","	1","	B01??(?)","	18.2","	2026-07-23 15:38:39"
"	69BA0CDE","	Chamber1","	1","	B01??(%RH)","	86.8","	2026-07-23 15:38:37"
"	69BA0CDE","	Chamber1","	1","	B01??(?)","	18.2","	2026-07-23 15:38:37"
"	69BA0CDE","	Chamber1","	1","	B01??(%RH)","	86.8","	2026-07-23 15:38:35"
"	69BA0CDE","	Chamber1","	1","	B01??(?)","	18.2","	2026-07-23 15:38:35"
"	69BA0CDE","	Chamber1","	1","	B01??(%RH)","	86.8","	2026-07-23 15:38:33"
"	69BA0CDE","	Chamber1","	1","	B01??(?)","	18.2","	2026-07-23 15:38:33"
"	69BA0CDE","	Chamber1","	1","	B01??(%RH)","	86.7","	2026-07-23 15:38:31"
"	69BA0CDE","	Chamber1","	1","	B01??(?)","	18.2","	2026-07-23 15:38:31"
"	69BA0CDE","	Chamber1","	1","	B01??(%RH)","	86.7","	2026-07-23 15:38:29"
"	69BA0CDE","	Chamber1","	1","	B01??(?)","	18.2","	2026-07-23 15:38:29"
"	69BA0CDE","	Chamber1","	1","	B01??(%RH)","	86.7","	2026-07-23 15:38:27"
"	69BA0CDE","	Chamber1","	1","	B01??(?)","	18.2","	2026-07-23 15:38:27"
"	69BA0CDE","	Chamber1","	1","	B01??(%RH)","	86.7","	2026-07-23 15:38:25"
"	69BA0CDE","	Chamber1","	1","	B01??(?)","	18.2","	2026-07-23 15:38:25"
"	69BA0CDE","	Chamber1","	1","	B01??(%RH)","	86.7","	2026-07-23 15:38:23"
"	69BA0CDE","	Chamber1","	1","	B01??(?)","	18.2","	2026-07-23 15:38:23"
"	69BA0CDE","	Chamber1","	1","	B01??(%RH)","	86.7","	2026-07-23 15:38:21"
"	69BA0CDE","	Chamber1","	1","	B01??(?)","	18.2","	2026-07-23 15:38:21"
"	69BA0CDE","	Chamber1","	1","	B01??(%RH)","	86.7","	2026-07-23 15:38:19"
"	69BA0CDE","	Chamber1","	1","	B01??(?)","	18.2","	2026-07-23 15:38:19"
"	69BA0CDE","	Chamber1","	1","	B01??(%RH)","	86.6","	2026-07-23 15:38:17"
"	69BA0CDE","	Chamber1","	1","	B01??(?)","	18.3","	2026-07-23 15:38:17"
"	69BA0CDE","	Chamber1","	1","	B01??(%RH)","	86.6","	2026-07-23 15:38:15"
"	69BA0CDE","	Chamber1","	1","	B01??(?)","	18.3","	2026-07-23 15:38:15"
"	69BA0CDE","	Chamber1","	1","	B01??(%RH)","	86.6","	2026-07-23 15:38:13"
"	69BA0CDE","	Chamber1","	1","	B01??(?)","	18.3","	2026-07-23 15:38:13"
"	69BA0CDE","	Chamber1","	1","	B01??(%RH)","	86.6","	2026-07-23 15:38:10"
"	69BA0CDE","	Chamber1","	1","	B01??(?)","	18.3","	2026-07-23 15:38:10"
"	69BA0CDE","	Chamber1","	1","	B01??(%RH)","	86.6","	2026-07-23 15:38:08"
"	69BA0CDE","	Chamber1","	1","	B01??(?)","	18.3","	2026-07-23 15:38:08"
"	69BA0CDE","	Chamber1","	1","	B01??(%RH)","	86.6","	2026-07-23 15:38:06"
"	69BA0CDE","	Chamber1","	1","	B01??(?)","	18.3","	2026-07-23 15:38:06"
"	69BA0CDE","	Chamber1","	1","	B01??(%RH)","	86.6","	2026-07-23 15:38:04"
"	69BA0CDE","	Chamber1","	1","	B01??(?)","	18.3","	2026-07-23 15:38:04"
"	69BA0CDE","	Chamber1","	1","	B01??(%RH)","	86.5","	2026-07-23 15:38:02"
"	69BA0CDE","	Chamber1","	1","	B01??(?)","	18.3","	2026-07-23 15:38:02"
"	69BA0CDE","	Chamber1","	1","	B01??(%RH)","	86.5","	2026-07-23 15:38:00"
"	69BA0CDE","	Chamber1","	1","	B01??(?)","	18.3","	2026-07-23 15:38:00"
"	69BA0CDE","	Chamber1","	1","	B01??(%RH)","	86.5","	2026-07-23 15:37:58"
"	69BA0CDE","	Chamber1","	1","	B01??(?)","	18.3","	2026-07-23 15:37:58"
"	69BA0CDE","	Chamber1","	1","	B01??(%RH)","	86.5","	2026-07-23 15:37:56"
"	69BA0CDE","	Chamber1","	1","	B01??(?)","	18.3","	2026-07-23 15:37:56"
"	69BA0CDE","	Chamber1","	1","	B01??(%RH)","	86.4","	2026-07-23 15:37:54"
"	69BA0CDE","	Chamber1","	1","	B01??(?)","	18.3","	2026-07-23 15:37:54"
"	69BA0CDE","	Chamber1","	1","	B01??(%RH)","	86.4","	2026-07-23 15:37:52"
"	69BA0CDE","	Chamber1","	1","	B01??(?)","	18.3","	2026-07-23 15:37:52"
"	69BA0CDE","	Chamber1","	1","	B01??(%RH)","	86.5","	2026-07-23 15:37:50"
"	69BA0CDE","	Chamber1","	1","	B01??(?)","	18.3","	2026-07-23 15:37:50"
"	69BA0CDE","	Chamber1","	1","	B01??(%RH)","	86.4","	2026-07-23 15:37:48"
"	69BA0CDE","	Chamber1","	1","	B01??(?)","	18.3","	2026-07-23 15:37:48"
"	69BA0CDE","	Chamber1","	1","	B01??(%RH)","	86.4","	2026-07-23 15:37:46"
"	69BA0CDE","	Chamber1","	1","	B01??(?)","	18.3","	2026-07-23 15:37:46"
"	69BA0CDE","	Chamber1","	1","	B01??(%RH)","	86.4","	2026-07-23 15:37:44"
"	69BA0CDE","	Chamber1","	1","	B01??(?)","	18.3","	2026-07-23 15:37:44"
"	69BA0CDE","	Chamber1","	1","	B01??(%RH)","	86.3","	2026-07-23 15:37:42"
"	69BA0CDE","	Chamber1","	1","	B01??(?)","	18.3","	2026-07-23 15:37:42"
"	69BA0CDE","	Chamber1","	1","	B01??(%RH)","	86.4","	2026-07-23 15:37:40"
"	69BA0CDE","	Chamber1","	1","	B01??(?)","	18.3","	2026-07-23 15:37:40"
"	69BA0CDE","	Chamber1","	1","	B01??(%RH)","	86.3","	2026-07-23 15:37:38"
"	69BA0CDE","	Chamber1","	1","	B01??(?)","	18.3","	2026-07-23 15:37:38"
"	69BA0CDE","	Chamber1","	1","	B01??(%RH)","	86.3","	2026-07-23 15:37:36"
"	69BA0CDE","	Chamber1","	1","	B01??(?)","	18.3","	2026-07-23 15:37:36"
"	69BA0CDE","	Chamber1","	1","	B01??(%RH)","	86.3","	2026-07-23 15:37:34"
"	69BA0CDE","	Chamber1","	1","	B01??(?)","	18.3","	2026-07-23 15:37:34"
"	69BA0CDE","	Chamber1","	1","	B01??(%RH)","	86.3","	2026-07-23 15:37:32"
"	69BA0CDE","	Chamber1","	1","	B01??(?)","	18.3","	2026-07-23 15:37:32"
"	69BA0CDE","	Chamber1","	1","	B01??(%RH)","	86.3","	2026-07-23 15:37:30"
"	69BA0CDE","	Chamber1","	1","	B01??(?)","	18.3","	2026-07-23 15:37:30"
"	69BA0CDE","	Chamber1","	1","	B01??(%RH)","	86.3","	2026-07-23 15:37:28"
"	69BA0CDE","	Chamber1","	1","	B01??(?)","	18.3","	2026-07-23 15:37:28"
"	69BA0CDE","	Chamber1","	1","	B01??(%RH)","	86.2","	2026-07-23 15:37:25"
"	69BA0CDE","	Chamber1","	1","	B01??(?)","	18.3","	2026-07-23 15:37:25"
"	69BA0CDE","	Chamber1","	1","	B01??(%RH)","	86.2","	2026-07-23 15:37:23"
"	69BA0CDE","	Chamber1","	1","	B01??(?)","	18.3","	2026-07-23 15:37:23"
"	69BA0CDE","	Chamber1","	1","	B01??(%RH)","	86.2","	2026-07-23 15:37:21"
"	69BA0CDE","	Chamber1","	1","	B01??(?)","	18.4","	2026-07-23 15:37:21"
"	69BA0CDE","	Chamber1","	1","	B01??(%RH)","	86.2","	2026-07-23 15:37:19"
"	69BA0CDE","	Chamber1","	1","	B01??(?)","	18.4","	2026-07-23 15:37:19"
"	69BA0CDE","	Chamber1","	1","	B01??(%RH)","	86.2","	2026-07-23 15:37:17"
"	69BA0CDE","	Chamber1","	1","	B01??(?)","	18.4","	2026-07-23 15:37:17"
"	69BA0CDE","	Chamber1","	1","	B01??(%RH)","	86.1","	2026-07-23 15:37:15"
"	69BA0CDE","	Chamber1","	1","	B01??(?)","	18.3","	2026-07-23 15:37:15"
"	69BA0CDE","	Chamber1","	1","	B01??(%RH)","	86.1","	2026-07-23 15:37:13"
"	69BA0CDE","	Chamber1","	1","	B01??(?)","	18.4","	2026-07-23 15:37:13"
"	69BA0CDE","	Chamber1","	1","	B01??(%RH)","	86.1","	2026-07-23 15:37:11"
"	69BA0CDE","	Chamber1","	1","	B01??(?)","	18.4","	2026-07-23 15:37:11"
"	69BA0CDE","	Chamber1","	1","	B01??(%RH)","	86.1","	2026-07-23 15:37:09"
"	69BA0CDE","	Chamber1","	1","	B01??(?)","	18.4","	2026-07-23 15:37:09"
"	69BA0CDE","	Chamber1","	1","	B01??(%RH)","	86.1","	2026-07-23 15:37:07"
"	69BA0CDE","	Chamber1","	1","	B01??(?)","	18.4","	2026-07-23 15:37:07"
"	69BA0CDE","	Chamber1","	1","	B01??(%RH)","	86","	2026-07-23 15:37:05"
"	69BA0CDE","	Chamber1","	1","	B01??(?)","	18.4","	2026-07-23 15:37:05"
"	69BA0CDE","	Chamber1","	1","	B01??(%RH)","	86","	2026-07-23 15:37:03"
"	69BA0CDE","	Chamber1","	1","	B01??(?)","	18.4","	2026-07-23 15:37:03"
"	69BA0CDE","	Chamber1","	1","	B01??(%RH)","	86","	2026-07-23 15:37:01"
"	69BA0CDE","	Chamber1","	1","	B01??(?)","	18.4","	2026-07-23 15:37:01"
"	69BA0CDE","	Chamber1","	1","	B01??(%RH)","	86","	2026-07-23 15:36:59"
"	69BA0CDE","	Chamber1","	1","	B01??(?)","	18.4","	2026-07-23 15:36:59"
"	69BA0CDE","	Chamber1","	1","	B01??(%RH)","	86","	2026-07-23 15:36:57"
"	69BA0CDE","	Chamber1","	1","	B01??(?)","	18.4","	2026-07-23 15:36:57"
"	69BA0CDE","	Chamber1","	1","	B01??(%RH)","	86","	2026-07-23 15:36:55"
"	69BA0CDE","	Chamber1","	1","	B01??(?)","	18.4","	2026-07-23 15:36:55"
"	69BA0CDE","	Chamber1","	1","	B01??(%RH)","	86","	2026-07-23 15:36:53"
"	69BA0CDE","	Chamber1","	1","	B01??(?)","	18.4","	2026-07-23 15:36:53"
"	69BA0CDE","	Chamber1","	1","	B01??(%RH)","	85.9","	2026-07-23 15:36:51"
"	69BA0CDE","	Chamber1","	1","	B01??(?)","	18.4","	2026-07-23 15:36:51"
"	69BA0CDE","	Chamber1","	1","	B01??(%RH)","	85.9","	2026-07-23 15:36:49"
"	69BA0CDE","	Chamber1","	1","	B01??(?)","	18.4","	2026-07-23 15:36:49"
"	69BA0CDE","	Chamber1","	1","	B01??(%RH)","	85.9","	2026-07-23 15:36:47"
"	69BA0CDE","	Chamber1","	1","	B01??(?)","	18.4","	2026-07-23 15:36:47"
"	69BA0CDE","	Chamber1","	1","	B01??(%RH)","	85.9","	2026-07-23 15:36:45"
"	69BA0CDE","	Chamber1","	1","	B01??(?)","	18.4","	2026-07-23 15:36:45"
"	69BA0CDE","	Chamber1","	1","	B01??(%RH)","	85.9","	2026-07-23 15:36:43"
"	69BA0CDE","	Chamber1","	1","	B01??(?)","	18.4","	2026-07-23 15:36:43"
"	69BA0CDE","	Chamber1","	1","	B01??(%RH)","	85.8","	2026-07-23 15:36:40"
"	69BA0CDE","	Chamber1","	1","	B01??(?)","	18.4","	2026-07-23 15:36:40"
"	69BA0CDE","	Chamber1","	1","	B01??(%RH)","	85.8","	2026-07-23 15:36:38"
"	69BA0CDE","	Chamber1","	1","	B01??(?)","	18.4","	2026-07-23 15:36:38"
"	69BA0CDE","	Chamber1","	1","	B01??(%RH)","	85.8","	2026-07-23 15:36:36"
"	69BA0CDE","	Chamber1","	1","	B01??(?)","	18.4","	2026-07-23 15:36:36"
"	69BA0CDE","	Chamber1","	1","	B01??(%RH)","	85.8","	2026-07-23 15:36:34"
"	69BA0CDE","	Chamber1","	1","	B01??(?)","	18.4","	2026-07-23 15:36:34"
"	69BA0CDE","	Chamber1","	1","	B01??(%RH)","	85.8","	2026-07-23 15:36:32"
"	69BA0CDE","	Chamber1","	1","	B01??(?)","	18.5","	2026-07-23 15:36:32"
"	69BA0CDE","	Chamber1","	1","	B01??(%RH)","	85.7","	2026-07-23 15:36:30"
"	69BA0CDE","	Chamber1","	1","	B01??(?)","	18.4","	2026-07-23 15:36:30"
"	69BA0CDE","	Chamber1","	1","	B01??(%RH)","	85.7","	2026-07-23 15:36:28"
"	69BA0CDE","	Chamber1","	1","	B01??(?)","	18.5","	2026-07-23 15:36:28"
"	69BA0CDE","	Chamber1","	1","	B01??(%RH)","	85.7","	2026-07-23 15:36:26"
"	69BA0CDE","	Chamber1","	1","	B01??(?)","	18.5","	2026-07-23 15:36:26"
"	69BA0CDE","	Chamber1","	1","	B01??(%RH)","	85.7","	2026-07-23 15:36:24"
"	69BA0CDE","	Chamber1","	1","	B01??(?)","	18.4","	2026-07-23 15:36:24"
"	69BA0CDE","	Chamber1","	1","	B01??(%RH)","	85.6","	2026-07-23 15:36:22"
"	69BA0CDE","	Chamber1","	1","	B01??(?)","	18.4","	2026-07-23 15:36:22"
"	69BA0CDE","	Chamber1","	1","	B01??(%RH)","	85.7","	2026-07-23 15:36:20"
"	69BA0CDE","	Chamber1","	1","	B01??(?)","	18.5","	2026-07-23 15:36:20"
"	69BA0CDE","	Chamber1","	1","	B01??(%RH)","	85.6","	2026-07-23 15:36:18"
"	69BA0CDE","	Chamber1","	1","	B01??(?)","	18.5","	2026-07-23 15:36:18"
"	69BA0CDE","	Chamber1","	1","	B01??(%RH)","	85.6","	2026-07-23 15:36:16"
"	69BA0CDE","	Chamber1","	1","	B01??(?)","	18.5","	2026-07-23 15:36:16"
"	69BA0CDE","	Chamber1","	1","	B01??(%RH)","	85.6","	2026-07-23 15:36:14"
"	69BA0CDE","	Chamber1","	1","	B01??(?)","	18.5","	2026-07-23 15:36:14"
"	69BA0CDE","	Chamber1","	1","	B01??(%RH)","	85.6","	2026-07-23 15:36:12"
"	69BA0CDE","	Chamber1","	1","	B01??(?)","	18.5","	2026-07-23 15:36:12"
"	69BA0CDE","	Chamber1","	1","	B01??(%RH)","	85.5","	2026-07-23 15:36:10"
"	69BA0CDE","	Chamber1","	1","	B01??(?)","	18.5","	2026-07-23 15:36:10"
"	69BA0CDE","	Chamber1","	1","	B01??(%RH)","	85.5","	2026-07-23 15:36:08"
"	69BA0CDE","	Chamber1","	1","	B01??(?)","	18.5","	2026-07-23 15:36:08"
"	69BA0CDE","	Chamber1","	1","	B01??(%RH)","	85.5","	2026-07-23 15:36:06"
"	69BA0CDE","	Chamber1","	1","	B01??(?)","	18.5","	2026-07-23 15:36:06"
"	69BA0CDE","	Chamber1","	1","	B01??(%RH)","	85.5","	2026-07-23 15:36:04"
"	69BA0CDE","	Chamber1","	1","	B01??(?)","	18.5","	2026-07-23 15:36:04"
"	69BA0CDE","	Chamber1","	1","	B01??(%RH)","	85.5","	2026-07-23 15:36:02"
"	69BA0CDE","	Chamber1","	1","	B01??(?)","	18.5","	2026-07-23 15:36:02"
"	69BA0CDE","	Chamber1","	1","	B01??(%RH)","	85.5","	2026-07-23 15:36:00"
"	69BA0CDE","	Chamber1","	1","	B01??(?)","	18.5","	2026-07-23 15:36:00"
"	69BA0CDE","	Chamber1","	1","	B01??(%RH)","	85.4","	2026-07-23 15:35:58"
"	69BA0CDE","	Chamber1","	1","	B01??(?)","	18.5","	2026-07-23 15:35:58"
"	69BA0CDE","	Chamber1","	1","	B01??(%RH)","	85.4","	2026-07-23 15:35:55"
"	69BA0CDE","	Chamber1","	1","	B01??(?)","	18.5","	2026-07-23 15:35:55"
"	69BA0CDE","	Chamber1","	1","	B01??(%RH)","	85.4","	2026-07-23 15:35:53"
"	69BA0CDE","	Chamber1","	1","	B01??(?)","	18.5","	2026-07-23 15:35:53"
"	69BA0CDE","	Chamber1","	1","	B01??(%RH)","	85.4","	2026-07-23 15:35:51"
"	69BA0CDE","	Chamber1","	1","	B01??(?)","	18.5","	2026-07-23 15:35:51"
"	69BA0CDE","	Chamber1","	1","	B01??(%RH)","	85.4","	2026-07-23 15:35:49"
"	69BA0CDE","	Chamber1","	1","	B01??(?)","	18.5","	2026-07-23 15:35:49"
"	69BA0CDE","	Chamber1","	1","	B01??(%RH)","	85.4","	2026-07-23 15:35:47"
"	69BA0CDE","	Chamber1","	1","	B01??(?)","	18.5","	2026-07-23 15:35:47"
"	69BA0CDE","	Chamber1","	1","	B01??(%RH)","	85.3","	2026-07-23 15:35:45"
"	69BA0CDE","	Chamber1","	1","	B01??(?)","	18.5","	2026-07-23 15:35:45"
"	69BA0CDE","	Chamber1","	1","	B01??(%RH)","	85.3","	2026-07-23 15:35:43"
"	69BA0CDE","	Chamber1","	1","	B01??(?)","	18.6","	2026-07-23 15:35:43"
"	69BA0CDE","	Chamber1","	1","	B01??(%RH)","	85.3","	2026-07-23 15:35:41"
"	69BA0CDE","	Chamber1","	1","	B01??(?)","	18.5","	2026-07-23 15:35:41"
"	69BA0CDE","	Chamber1","	1","	B01??(%RH)","	85.3","	2026-07-23 15:35:39"
"	69BA0CDE","	Chamber1","	1","	B01??(?)","	18.5","	2026-07-23 15:35:39"
"	69BA0CDE","	Chamber1","	1","	B01??(%RH)","	85.2","	2026-07-23 15:35:37"
"	69BA0CDE","	Chamber1","	1","	B01??(?)","	18.6","	2026-07-23 15:35:37"
"	69BA0CDE","	Chamber1","	1","	B01??(%RH)","	85.2","	2026-07-23 15:35:35"
"	69BA0CDE","	Chamber1","	1","	B01??(?)","	18.5","	2026-07-23 15:35:35"
"	69BA0CDE","	Chamber1","	1","	B01??(%RH)","	85.2","	2026-07-23 15:35:33"
"	69BA0CDE","	Chamber1","	1","	B01??(?)","	18.6","	2026-07-23 15:35:33"
"	69BA0CDE","	Chamber1","	1","	B01??(%RH)","	85.2","	2026-07-23 15:35:31"
"	69BA0CDE","	Chamber1","	1","	B01??(?)","	18.6","	2026-07-23 15:35:31"
"	69BA0CDE","	Chamber1","	1","	B01??(%RH)","	85.1","	2026-07-23 15:35:29"
"	69BA0CDE","	Chamber1","	1","	B01??(?)","	18.6","	2026-07-23 15:35:29"
"	69BA0CDE","	Chamber1","	1","	B01??(%RH)","	85.1","	2026-07-23 15:35:27"
"	69BA0CDE","	Chamber1","	1","	B01??(?)","	18.6","	2026-07-23 15:35:27"
"	69BA0CDE","	Chamber1","	1","	B01??(%RH)","	85.1","	2026-07-23 15:35:25"
"	69BA0CDE","	Chamber1","	1","	B01??(?)","	18.6","	2026-07-23 15:35:25"
"	69BA0CDE","	Chamber1","	1","	B01??(%RH)","	85.1","	2026-07-23 15:35:23"
"	69BA0CDE","	Chamber1","	1","	B01??(?)","	18.6","	2026-07-23 15:35:23"
"	69BA0CDE","	Chamber1","	1","	B01??(%RH)","	85.1","	2026-07-23 15:35:21"
"	69BA0CDE","	Chamber1","	1","	B01??(?)","	18.6","	2026-07-23 15:35:21"
"	69BA0CDE","	Chamber1","	1","	B01??(%RH)","	85.1","	2026-07-23 15:35:19"
"	69BA0CDE","	Chamber1","	1","	B01??(?)","	18.6","	2026-07-23 15:35:19"
"	69BA0CDE","	Chamber1","	1","	B01??(%RH)","	85.1","	2026-07-23 15:35:17"
"	69BA0CDE","	Chamber1","	1","	B01??(?)","	18.6","	2026-07-23 15:35:17"
"	69BA0CDE","	Chamber1","	1","	B01??(%RH)","	85","	2026-07-23 15:35:15"
"	69BA0CDE","	Chamber1","	1","	B01??(?)","	18.6","	2026-07-23 15:35:15"
"	69BA0CDE","	Chamber1","	1","	B01??(%RH)","	85","	2026-07-23 15:35:13"
"	69BA0CDE","	Chamber1","	1","	B01??(?)","	18.6","	2026-07-23 15:35:13"
"	69BA0CDE","	Chamber1","	1","	B01??(%RH)","	85","	2026-07-23 15:35:10"
"	69BA0CDE","	Chamber1","	1","	B01??(?)","	18.6","	2026-07-23 15:35:10"
"	69BA0CDE","	Chamber1","	1","	B01??(%RH)","	85","	2026-07-23 15:35:08"
"	69BA0CDE","	Chamber1","	1","	B01??(?)","	18.6","	2026-07-23 15:35:08"
"	69BA0CDE","	Chamber1","	1","	B01??(%RH)","	85","	2026-07-23 15:35:06"
"	69BA0CDE","	Chamber1","	1","	B01??(?)","	18.6","	2026-07-23 15:35:06"
"	69BA0CDE","	Chamber1","	1","	B01??(%RH)","	84.9","	2026-07-23 15:35:04"
"	69BA0CDE","	Chamber1","	1","	B01??(?)","	18.6","	2026-07-23 15:35:04"
"	69BA0CDE","	Chamber1","	1","	B01??(%RH)","	84.9","	2026-07-23 15:35:02"
"	69BA0CDE","	Chamber1","	1","	B01??(?)","	18.6","	2026-07-23 15:35:02"
"	69BA0CDE","	Chamber1","	1","	B01??(%RH)","	84.9","	2026-07-23 15:35:00"
"	69BA0CDE","	Chamber1","	1","	B01??(?)","	18.7","	2026-07-23 15:35:00"
"	69BA0CDE","	Chamber1","	1","	B01??(%RH)","	84.8","	2026-07-23 15:34:58"
"	69BA0CDE","	Chamber1","	1","	B01??(?)","	18.7","	2026-07-23 15:34:58"
"	69BA0CDE","	Chamber1","	1","	B01??(%RH)","	84.8","	2026-07-23 15:34:56"
"	69BA0CDE","	Chamber1","	1","	B01??(?)","	18.7","	2026-07-23 15:34:56"
"	69BA0CDE","	Chamber1","	1","	B01??(%RH)","	84.8","	2026-07-23 15:34:54"
"	69BA0CDE","	Chamber1","	1","	B01??(?)","	18.7","	2026-07-23 15:34:54"
"	69BA0CDE","	Chamber1","	1","	B01??(%RH)","	84.8","	2026-07-23 15:34:52"
"	69BA0CDE","	Chamber1","	1","	B01??(?)","	18.7","	2026-07-23 15:34:52"
"	69BA0CDE","	Chamber1","	1","	B01??(%RH)","	84.8","	2026-07-23 15:34:50"
"	69BA0CDE","	Chamber1","	1","	B01??(?)","	18.7","	2026-07-23 15:34:50"
"	69BA0CDE","	Chamber1","	1","	B01??(%RH)","	84.7","	2026-07-23 15:34:48"
"	69BA0CDE","	Chamber1","	1","	B01??(?)","	18.7","	2026-07-23 15:34:48"
"	69BA0CDE","	Chamber1","	1","	B01??(%RH)","	84.7","	2026-07-23 15:34:46"
"	69BA0CDE","	Chamber1","	1","	B01??(?)","	18.7","	2026-07-23 15:34:46"
"	69BA0CDE","	Chamber1","	1","	B01??(%RH)","	84.7","	2026-07-23 15:34:44"
"	69BA0CDE","	Chamber1","	1","	B01??(?)","	18.7","	2026-07-23 15:34:44"
"	69BA0CDE","	Chamber1","	1","	B01??(%RH)","	84.7","	2026-07-23 15:34:42"
"	69BA0CDE","	Chamber1","	1","	B01??(?)","	18.7","	2026-07-23 15:34:42"
"	69BA0CDE","	Chamber1","	1","	B01??(%RH)","	84.6","	2026-07-23 15:34:40"
"	69BA0CDE","	Chamber1","	1","	B01??(?)","	18.7","	2026-07-23 15:34:40"
"	69BA0CDE","	Chamber1","	1","	B01??(%RH)","	84.6","	2026-07-23 15:34:38"
"	69BA0CDE","	Chamber1","	1","	B01??(?)","	18.7","	2026-07-23 15:34:38"
"	69BA0CDE","	Chamber1","	1","	B01??(%RH)","	84.6","	2026-07-23 15:34:36"
"	69BA0CDE","	Chamber1","	1","	B01??(?)","	18.7","	2026-07-23 15:34:36"
"	69BA0CDE","	Chamber1","	1","	B01??(%RH)","	84.6","	2026-07-23 15:34:34"
"	69BA0CDE","	Chamber1","	1","	B01??(?)","	18.7","	2026-07-23 15:34:34"
"	69BA0CDE","	Chamber1","	1","	B01??(%RH)","	84.6","	2026-07-23 15:34:32"
"	69BA0CDE","	Chamber1","	1","	B01??(?)","	18.7","	2026-07-23 15:34:32"
"	69BA0CDE","	Chamber1","	1","	B01??(%RH)","	84.5","	2026-07-23 15:34:30"
"	69BA0CDE","	Chamber1","	1","	B01??(?)","	18.7","	2026-07-23 15:34:30"
"	69BA0CDE","	Chamber1","	1","	B01??(%RH)","	84.5","	2026-07-23 15:34:27"
"	69BA0CDE","	Chamber1","	1","	B01??(?)","	18.7","	2026-07-23 15:34:27"
"	69BA0CDE","	Chamber1","	1","	B01??(%RH)","	84.5","	2026-07-23 15:34:25"
"	69BA0CDE","	Chamber1","	1","	B01??(?)","	18.7","	2026-07-23 15:34:25"
"	69BA0CDE","	Chamber1","	1","	B01??(%RH)","	84.5","	2026-07-23 15:34:23"
"	69BA0CDE","	Chamber1","	1","	B01??(?)","	18.7","	2026-07-23 15:34:23"
"	69BA0CDE","	Chamber1","	1","	B01??(%RH)","	84.5","	2026-07-23 15:34:21"
"	69BA0CDE","	Chamber1","	1","	B01??(?)","	18.7","	2026-07-23 15:34:21"
"	69BA0CDE","	Chamber1","	1","	B01??(%RH)","	84.4","	2026-07-23 15:34:19"
"	69BA0CDE","	Chamber1","	1","	B01??(?)","	18.8","	2026-07-23 15:34:19"
"	69BA0CDE","	Chamber1","	1","	B01??(%RH)","	84.4","	2026-07-23 15:34:17"
"	69BA0CDE","	Chamber1","	1","	B01??(?)","	18.7","	2026-07-23 15:34:17"
"	69BA0CDE","	Chamber1","	1","	B01??(%RH)","	84.4","	2026-07-23 15:34:15"
"	69BA0CDE","	Chamber1","	1","	B01??(?)","	18.8","	2026-07-23 15:34:15"
"	69BA0CDE","	Chamber1","	1","	B01??(%RH)","	84.4","	2026-07-23 15:34:13"
"	69BA0CDE","	Chamber1","	1","	B01??(?)","	18.8","	2026-07-23 15:34:13"
"	69BA0CDE","	Chamber1","	1","	B01??(%RH)","	84.4","	2026-07-23 15:34:11"
"	69BA0CDE","	Chamber1","	1","	B01??(?)","	18.8","	2026-07-23 15:34:11"
"	69BA0CDE","	Chamber1","	1","	B01??(%RH)","	84.3","	2026-07-23 15:34:09"
"	69BA0CDE","	Chamber1","	1","	B01??(?)","	18.8","	2026-07-23 15:34:09"
"	69BA0CDE","	Chamber1","	1","	B01??(%RH)","	84.3","	2026-07-23 15:34:07"
"	69BA0CDE","	Chamber1","	1","	B01??(?)","	18.8","	2026-07-23 15:34:07"
"	69BA0CDE","	Chamber1","	1","	B01??(%RH)","	84.3","	2026-07-23 15:34:05"
"	69BA0CDE","	Chamber1","	1","	B01??(?)","	18.8","	2026-07-23 15:34:05"
"	69BA0CDE","	Chamber1","	1","	B01??(%RH)","	84.3","	2026-07-23 15:34:03"
"	69BA0CDE","	Chamber1","	1","	B01??(?)","	18.8","	2026-07-23 15:34:03"
"	69BA0CDE","	Chamber1","	1","	B01??(%RH)","	84.2","	2026-07-23 15:34:01"
"	69BA0CDE","	Chamber1","	1","	B01??(?)","	18.8","	2026-07-23 15:34:01"
"	69BA0CDE","	Chamber1","	1","	B01??(%RH)","	84.2","	2026-07-23 15:33:59"
"	69BA0CDE","	Chamber1","	1","	B01??(?)","	18.8","	2026-07-23 15:33:59"
"	69BA0CDE","	Chamber1","	1","	B01??(%RH)","	84.2","	2026-07-23 15:33:57"
"	69BA0CDE","	Chamber1","	1","	B01??(?)","	18.8","	2026-07-23 15:33:57"
"	69BA0CDE","	Chamber1","	1","	B01??(%RH)","	84.1","	2026-07-23 15:33:55"
"	69BA0CDE","	Chamber1","	1","	B01??(?)","	18.8","	2026-07-23 15:33:55"
"	69BA0CDE","	Chamber1","	1","	B01??(%RH)","	84.2","	2026-07-23 15:33:53"
"	69BA0CDE","	Chamber1","	1","	B01??(?)","	18.8","	2026-07-23 15:33:53"
"	69BA0CDE","	Chamber1","	1","	B01??(%RH)","	84.1","	2026-07-23 15:33:51"
"	69BA0CDE","	Chamber1","	1","	B01??(?)","	18.8","	2026-07-23 15:33:51"
"	69BA0CDE","	Chamber1","	1","	B01??(%RH)","	84.1","	2026-07-23 15:33:49"
"	69BA0CDE","	Chamber1","	1","	B01??(?)","	18.8","	2026-07-23 15:33:49"
"	69BA0CDE","	Chamber1","	1","	B01??(%RH)","	84.1","	2026-07-23 15:33:47"
"	69BA0CDE","	Chamber1","	1","	B01??(?)","	18.8","	2026-07-23 15:33:47"
"	69BA0CDE","	Chamber1","	1","	B01??(%RH)","	84.1","	2026-07-23 15:33:44"
"	69BA0CDE","	Chamber1","	1","	B01??(?)","	18.8","	2026-07-23 15:33:44"
"	69BA0CDE","	Chamber1","	1","	B01??(%RH)","	84.1","	2026-07-23 15:33:42"
"	69BA0CDE","	Chamber1","	1","	B01??(?)","	18.9","	2026-07-23 15:33:42"
"	69BA0CDE","	Chamber1","	1","	B01??(%RH)","	84","	2026-07-23 15:33:40"
"	69BA0CDE","	Chamber1","	1","	B01??(?)","	18.9","	2026-07-23 15:33:40"
"	69BA0CDE","	Chamber1","	1","	B01??(%RH)","	84","	2026-07-23 15:33:38"
"	69BA0CDE","	Chamber1","	1","	B01??(?)","	18.9","	2026-07-23 15:33:38"
"	69BA0CDE","	Chamber1","	1","	B01??(%RH)","	84","	2026-07-23 15:33:36"
"	69BA0CDE","	Chamber1","	1","	B01??(?)","	18.9","	2026-07-23 15:33:36"
"	69BA0CDE","	Chamber1","	1","	B01??(%RH)","	84","	2026-07-23 15:33:34"
"	69BA0CDE","	Chamber1","	1","	B01??(?)","	18.9","	2026-07-23 15:33:34"
"	69BA0CDE","	Chamber1","	1","	B01??(%RH)","	83.9","	2026-07-23 15:33:32"
"	69BA0CDE","	Chamber1","	1","	B01??(?)","	18.8","	2026-07-23 15:33:32"
"	69BA0CDE","	Chamber1","	1","	B01??(%RH)","	83.9","	2026-07-23 15:33:30"
"	69BA0CDE","	Chamber1","	1","	B01??(?)","	18.9","	2026-07-23 15:33:30"
"	69BA0CDE","	Chamber1","	1","	B01??(%RH)","	83.9","	2026-07-23 15:33:28"
"	69BA0CDE","	Chamber1","	1","	B01??(?)","	18.9","	2026-07-23 15:33:28"
"	69BA0CDE","	Chamber1","	1","	B01??(%RH)","	83.9","	2026-07-23 15:33:26"
"	69BA0CDE","	Chamber1","	1","	B01??(?)","	18.9","	2026-07-23 15:33:26"
"	69BA0CDE","	Chamber1","	1","	B01??(%RH)","	83.8","	2026-07-23 15:33:24"
"	69BA0CDE","	Chamber1","	1","	B01??(?)","	18.9","	2026-07-23 15:33:24"
"	69BA0CDE","	Chamber1","	1","	B01??(%RH)","	83.8","	2026-07-23 15:33:22"
"	69BA0CDE","	Chamber1","	1","	B01??(?)","	18.9","	2026-07-23 15:33:22"
"	69BA0CDE","	Chamber1","	1","	B01??(%RH)","	83.8","	2026-07-23 15:33:20"
"	69BA0CDE","	Chamber1","	1","	B01??(?)","	18.9","	2026-07-23 15:33:20"
"	69BA0CDE","	Chamber1","	1","	B01??(%RH)","	83.8","	2026-07-23 15:33:18"
"	69BA0CDE","	Chamber1","	1","	B01??(?)","	18.9","	2026-07-23 15:33:18"
"	69BA0CDE","	Chamber1","	1","	B01??(%RH)","	83.7","	2026-07-23 15:33:16"
"	69BA0CDE","	Chamber1","	1","	B01??(?)","	18.9","	2026-07-23 15:33:16"
"	69BA0CDE","	Chamber1","	1","	B01??(%RH)","	83.7","	2026-07-23 15:33:14"
"	69BA0CDE","	Chamber1","	1","	B01??(?)","	18.9","	2026-07-23 15:33:14"
"	69BA0CDE","	Chamber1","	1","	B01??(%RH)","	83.7","	2026-07-23 15:33:12"
"	69BA0CDE","	Chamber1","	1","	B01??(?)","	18.9","	2026-07-23 15:33:12"
"	69BA0CDE","	Chamber1","	1","	B01??(%RH)","	83.7","	2026-07-23 15:33:10"
"	69BA0CDE","	Chamber1","	1","	B01??(?)","	18.9","	2026-07-23 15:33:10"
"	69BA0CDE","	Chamber1","	1","	B01??(%RH)","	83.6","	2026-07-23 15:33:08"
"	69BA0CDE","	Chamber1","	1","	B01??(?)","	18.9","	2026-07-23 15:33:08"
"	69BA0CDE","	Chamber1","	1","	B01??(%RH)","	83.6","	2026-07-23 15:33:06"
"	69BA0CDE","	Chamber1","	1","	B01??(?)","	19","	2026-07-23 15:33:06"
"	69BA0CDE","	Chamber1","	1","	B01??(%RH)","	83.6","	2026-07-23 15:33:04"
"	69BA0CDE","	Chamber1","	1","	B01??(?)","	18.9","	2026-07-23 15:33:04"
"	69BA0CDE","	Chamber1","	1","	B01??(%RH)","	83.6","	2026-07-23 15:33:01"
"	69BA0CDE","	Chamber1","	1","	B01??(?)","	19","	2026-07-23 15:33:01"
"	69BA0CDE","	Chamber1","	1","	B01??(%RH)","	83.5","	2026-07-23 15:32:59"
"	69BA0CDE","	Chamber1","	1","	B01??(?)","	18.9","	2026-07-23 15:32:59"
"	69BA0CDE","	Chamber1","	1","	B01??(%RH)","	83.6","	2026-07-23 15:32:57"
"	69BA0CDE","	Chamber1","	1","	B01??(?)","	19","	2026-07-23 15:32:57"
"	69BA0CDE","	Chamber1","	1","	B01??(%RH)","	83.5","	2026-07-23 15:32:55"
"	69BA0CDE","	Chamber1","	1","	B01??(?)","	19","	2026-07-23 15:32:55"
"	69BA0CDE","	Chamber1","	1","	B01??(%RH)","	83.5","	2026-07-23 15:32:53"
"	69BA0CDE","	Chamber1","	1","	B01??(?)","	19","	2026-07-23 15:32:53"
"	69BA0CDE","	Chamber1","	1","	B01??(%RH)","	83.5","	2026-07-23 15:32:51"
"	69BA0CDE","	Chamber1","	1","	B01??(?)","	19","	2026-07-23 15:32:51"
"	69BA0CDE","	Chamber1","	1","	B01??(%RH)","	83.4","	2026-07-23 15:32:49"
"	69BA0CDE","	Chamber1","	1","	B01??(?)","	19","	2026-07-23 15:32:49"
"	69BA0CDE","	Chamber1","	1","	B01??(%RH)","	83.4","	2026-07-23 15:32:47"
"	69BA0CDE","	Chamber1","	1","	B01??(?)","	19","	2026-07-23 15:32:47"
"	69BA0CDE","	Chamber1","	1","	B01??(%RH)","	83.4","	2026-07-23 15:32:45"
"	69BA0CDE","	Chamber1","	1","	B01??(?)","	19","	2026-07-23 15:32:45"
"	69BA0CDE","	Chamber1","	1","	B01??(%RH)","	83.4","	2026-07-23 15:32:43"
"	69BA0CDE","	Chamber1","	1","	B01??(?)","	19","	2026-07-23 15:32:43"
"	69BA0CDE","	Chamber1","	1","	B01??(%RH)","	83.3","	2026-07-23 15:32:41"
"	69BA0CDE","	Chamber1","	1","	B01??(?)","	19","	2026-07-23 15:32:41"
"	69BA0CDE","	Chamber1","	1","	B01??(%RH)","	83.4","	2026-07-23 15:32:39"
"	69BA0CDE","	Chamber1","	1","	B01??(?)","	19","	2026-07-23 15:32:39"
"	69BA0CDE","	Chamber1","	1","	B01??(%RH)","	83.3","	2026-07-23 15:32:37"
"	69BA0CDE","	Chamber1","	1","	B01??(?)","	19","	2026-07-23 15:32:37"
"	69BA0CDE","	Chamber1","	1","	B01??(%RH)","	83.3","	2026-07-23 15:32:35"
"	69BA0CDE","	Chamber1","	1","	B01??(?)","	19.1","	2026-07-23 15:32:35"
"	69BA0CDE","	Chamber1","	1","	B01??(%RH)","	83.2","	2026-07-23 15:32:33"
"	69BA0CDE","	Chamber1","	1","	B01??(?)","	19.1","	2026-07-23 15:32:33"
"	69BA0CDE","	Chamber1","	1","	B01??(%RH)","	83.2","	2026-07-23 15:32:31"
"	69BA0CDE","	Chamber1","	1","	B01??(?)","	19","	2026-07-23 15:32:31"
"	69BA0CDE","	Chamber1","	1","	B01??(%RH)","	83.2","	2026-07-23 15:32:29"
"	69BA0CDE","	Chamber1","	1","	B01??(?)","	19","	2026-07-23 15:32:29"
"	69BA0CDE","	Chamber1","	1","	B01??(%RH)","	83.1","	2026-07-23 15:32:27"
"	69BA0CDE","	Chamber1","	1","	B01??(?)","	19.1","	2026-07-23 15:32:27"
"	69BA0CDE","	Chamber1","	1","	B01??(%RH)","	83.1","	2026-07-23 15:32:25"
"	69BA0CDE","	Chamber1","	1","	B01??(?)","	19","	2026-07-23 15:32:25"
"	69BA0CDE","	Chamber1","	1","	B01??(%RH)","	83.1","	2026-07-23 15:32:23"
"	69BA0CDE","	Chamber1","	1","	B01??(?)","	19.1","	2026-07-23 15:32:23"
"	69BA0CDE","	Chamber1","	1","	B01??(%RH)","	83.1","	2026-07-23 15:32:21"
"	69BA0CDE","	Chamber1","	1","	B01??(?)","	19.1","	2026-07-23 15:32:21"
"	69BA0CDE","	Chamber1","	1","	B01??(%RH)","	83","	2026-07-23 15:32:19"
"	69BA0CDE","	Chamber1","	1","	B01??(?)","	19.1","	2026-07-23 15:32:19"
"	69BA0CDE","	Chamber1","	1","	B01??(%RH)","	83","	2026-07-23 15:32:16"
"	69BA0CDE","	Chamber1","	1","	B01??(?)","	19.1","	2026-07-23 15:32:16"
"	69BA0CDE","	Chamber1","	1","	B01??(%RH)","	83","	2026-07-23 15:32:14"
"	69BA0CDE","	Chamber1","	1","	B01??(?)","	19.1","	2026-07-23 15:32:14"
"	69BA0CDE","	Chamber1","	1","	B01??(%RH)","	83","	2026-07-23 15:32:12"
"	69BA0CDE","	Chamber1","	1","	B01??(?)","	19.1","	2026-07-23 15:32:12"
"	69BA0CDE","	Chamber1","	1","	B01??(%RH)","	82.9","	2026-07-23 15:32:10"
"	69BA0CDE","	Chamber1","	1","	B01??(?)","	19.1","	2026-07-23 15:32:10"
"	69BA0CDE","	Chamber1","	1","	B01??(%RH)","	82.9","	2026-07-23 15:32:08"
"	69BA0CDE","	Chamber1","	1","	B01??(?)","	19.1","	2026-07-23 15:32:08"
"	69BA0CDE","	Chamber1","	1","	B01??(%RH)","	82.9","	2026-07-23 15:32:06"
"	69BA0CDE","	Chamber1","	1","	B01??(?)","	19.1","	2026-07-23 15:32:06"
"	69BA0CDE","	Chamber1","	1","	B01??(%RH)","	82.9","	2026-07-23 15:32:04"
"	69BA0CDE","	Chamber1","	1","	B01??(?)","	19.1","	2026-07-23 15:32:04"
"	69BA0CDE","	Chamber1","	1","	B01??(%RH)","	82.9","	2026-07-23 15:32:02"
"	69BA0CDE","	Chamber1","	1","	B01??(?)","	19.1","	2026-07-23 15:32:02"
"	69BA0CDE","	Chamber1","	1","	B01??(%RH)","	82.8","	2026-07-23 15:32:00"
"	69BA0CDE","	Chamber1","	1","	B01??(?)","	19.2","	2026-07-23 15:32:00"
"	69BA0CDE","	Chamber1","	1","	B01??(%RH)","	82.8","	2026-07-23 15:31:58"
"	69BA0CDE","	Chamber1","	1","	B01??(?)","	19.2","	2026-07-23 15:31:58"
"	69BA0CDE","	Chamber1","	1","	B01??(%RH)","	82.8","	2026-07-23 15:31:56"
"	69BA0CDE","	Chamber1","	1","	B01??(?)","	19.2","	2026-07-23 15:31:56"
"	69BA0CDE","	Chamber1","	1","	B01??(%RH)","	82.8","	2026-07-23 15:31:54"
"	69BA0CDE","	Chamber1","	1","	B01??(?)","	19.2","	2026-07-23 15:31:54"
"	69BA0CDE","	Chamber1","	1","	B01??(%RH)","	82.7","	2026-07-23 15:31:52"
"	69BA0CDE","	Chamber1","	1","	B01??(?)","	19.2","	2026-07-23 15:31:52"
"	69BA0CDE","	Chamber1","	1","	B01??(%RH)","	82.7","	2026-07-23 15:31:50"
"	69BA0CDE","	Chamber1","	1","	B01??(?)","	19.2","	2026-07-23 15:31:50"
"	69BA0CDE","	Chamber1","	1","	B01??(%RH)","	82.6","	2026-07-23 15:31:48"
"	69BA0CDE","	Chamber1","	1","	B01??(?)","	19.2","	2026-07-23 15:31:48"
"	69BA0CDE","	Chamber1","	1","	B01??(%RH)","	82.6","	2026-07-23 15:31:46"
"	69BA0CDE","	Chamber1","	1","	B01??(?)","	19.2","	2026-07-23 15:31:46"
"	69BA0CDE","	Chamber1","	1","	B01??(%RH)","	82.6","	2026-07-23 15:31:44"
"	69BA0CDE","	Chamber1","	1","	B01??(?)","	19.2","	2026-07-23 15:31:44"
"	69BA0CDE","	Chamber1","	1","	B01??(%RH)","	82.6","	2026-07-23 15:31:42"
"	69BA0CDE","	Chamber1","	1","	B01??(?)","	19.2","	2026-07-23 15:31:42"
"	69BA0CDE","	Chamber1","	1","	B01??(%RH)","	82.6","	2026-07-23 15:31:40"
"	69BA0CDE","	Chamber1","	1","	B01??(?)","	19.2","	2026-07-23 15:31:40"
"	69BA0CDE","	Chamber1","	1","	B01??(%RH)","	82.5","	2026-07-23 15:31:38"
"	69BA0CDE","	Chamber1","	1","	B01??(?)","	19.2","	2026-07-23 15:31:38"
"	69BA0CDE","	Chamber1","	1","	B01??(%RH)","	82.5","	2026-07-23 15:31:36"
"	69BA0CDE","	Chamber1","	1","	B01??(?)","	19.2","	2026-07-23 15:31:36"
"	69BA0CDE","	Chamber1","	1","	B01??(%RH)","	82.5","	2026-07-23 15:31:33"
"	69BA0CDE","	Chamber1","	1","	B01??(?)","	19.2","	2026-07-23 15:31:33"
"	69BA0CDE","	Chamber1","	1","	B01??(%RH)","	82.5","	2026-07-23 15:31:31"
"	69BA0CDE","	Chamber1","	1","	B01??(?)","	19.3","	2026-07-23 15:31:31"
"	69BA0CDE","	Chamber1","	1","	B01??(%RH)","	82.4","	2026-07-23 15:31:29"
"	69BA0CDE","	Chamber1","	1","	B01??(?)","	19.2","	2026-07-23 15:31:29"
"	69BA0CDE","	Chamber1","	1","	B01??(%RH)","	82.4","	2026-07-23 15:31:27"
"	69BA0CDE","	Chamber1","	1","	B01??(?)","	19.3","	2026-07-23 15:31:27"
"	69BA0CDE","	Chamber1","	1","	B01??(%RH)","	82.4","	2026-07-23 15:31:25"
"	69BA0CDE","	Chamber1","	1","	B01??(?)","	19.3","	2026-07-23 15:31:25"
"	69BA0CDE","	Chamber1","	1","	B01??(%RH)","	82.3","	2026-07-23 15:31:23"
"	69BA0CDE","	Chamber1","	1","	B01??(?)","	19.3","	2026-07-23 15:31:23"
"	69BA0CDE","	Chamber1","	1","	B01??(%RH)","	82.3","	2026-07-23 15:31:21"
"	69BA0CDE","	Chamber1","	1","	B01??(?)","	19.3","	2026-07-23 15:31:21"
"	69BA0CDE","	Chamber1","	1","	B01??(%RH)","	82.3","	2026-07-23 15:31:19"
"	69BA0CDE","	Chamber1","	1","	B01??(?)","	19.3","	2026-07-23 15:31:19"
"	69BA0CDE","	Chamber1","	1","	B01??(%RH)","	82.2","	2026-07-23 15:31:17"
"	69BA0CDE","	Chamber1","	1","	B01??(?)","	19.3","	2026-07-23 15:31:17"
"	69BA0CDE","	Chamber1","	1","	B01??(%RH)","	82.2","	2026-07-23 15:31:15"
"	69BA0CDE","	Chamber1","	1","	B01??(?)","	19.3","	2026-07-23 15:31:15"
"	69BA0CDE","	Chamber1","	1","	B01??(%RH)","	82.2","	2026-07-23 15:31:13"
"	69BA0CDE","	Chamber1","	1","	B01??(?)","	19.3","	2026-07-23 15:31:13"
"	69BA0CDE","	Chamber1","	1","	B01??(%RH)","	82.1","	2026-07-23 15:31:11"
"	69BA0CDE","	Chamber1","	1","	B01??(?)","	19.3","	2026-07-23 15:31:11"
"	69BA0CDE","	Chamber1","	1","	B01??(%RH)","	82.1","	2026-07-23 15:31:09"
"	69BA0CDE","	Chamber1","	1","	B01??(?)","	19.3","	2026-07-23 15:31:09"
"	69BA0CDE","	Chamber1","	1","	B01??(%RH)","	82.1","	2026-07-23 15:31:07"
"	69BA0CDE","	Chamber1","	1","	B01??(?)","	19.4","	2026-07-23 15:31:07"
"	69BA0CDE","	Chamber1","	1","	B01??(%RH)","	82.1","	2026-07-23 15:31:05"
"	69BA0CDE","	Chamber1","	1","	B01??(?)","	19.3","	2026-07-23 15:31:05"
"	69BA0CDE","	Chamber1","	1","	B01??(%RH)","	82.1","	2026-07-23 15:31:03"
"	69BA0CDE","	Chamber1","	1","	B01??(?)","	19.4","	2026-07-23 15:31:03"
"	69BA0CDE","	Chamber1","	1","	B01??(%RH)","	82","	2026-07-23 15:31:01"
"	69BA0CDE","	Chamber1","	1","	B01??(?)","	19.4","	2026-07-23 15:31:01"
"	69BA0CDE","	Chamber1","	1","	B01??(%RH)","	82","	2026-07-23 15:30:59"
"	69BA0CDE","	Chamber1","	1","	B01??(?)","	19.4","	2026-07-23 15:30:59"
"	69BA0CDE","	Chamber1","	1","	B01??(%RH)","	81.9","	2026-07-23 15:30:57"
"	69BA0CDE","	Chamber1","	1","	B01??(?)","	19.4","	2026-07-23 15:30:57"
"	69BA0CDE","	Chamber1","	1","	B01??(%RH)","	81.9","	2026-07-23 15:30:55"
"	69BA0CDE","	Chamber1","	1","	B01??(?)","	19.4","	2026-07-23 15:30:55"
"	69BA0CDE","	Chamber1","	1","	B01??(%RH)","	81.9","	2026-07-23 15:30:53"
"	69BA0CDE","	Chamber1","	1","	B01??(?)","	19.4","	2026-07-23 15:30:53"
"	69BA0CDE","	Chamber1","	1","	B01??(%RH)","	81.9","	2026-07-23 15:30:50"
"	69BA0CDE","	Chamber1","	1","	B01??(?)","	19.4","	2026-07-23 15:30:50"
"	69BA0CDE","	Chamber1","	1","	B01??(%RH)","	81.8","	2026-07-23 15:30:48"
"	69BA0CDE","	Chamber1","	1","	B01??(?)","	19.4","	2026-07-23 15:30:48"
"	69BA0CDE","	Chamber1","	1","	B01??(%RH)","	81.8","	2026-07-23 15:30:46"
"	69BA0CDE","	Chamber1","	1","	B01??(?)","	19.4","	2026-07-23 15:30:46"
"	69BA0CDE","	Chamber1","	1","	B01??(%RH)","	81.8","	2026-07-23 15:30:44"
"	69BA0CDE","	Chamber1","	1","	B01??(?)","	19.4","	2026-07-23 15:30:44"
"	69BA0CDE","	Chamber1","	1","	B01??(%RH)","	81.7","	2026-07-23 15:30:42"
"	69BA0CDE","	Chamber1","	1","	B01??(?)","	19.4","	2026-07-23 15:30:42"
"	69BA0CDE","	Chamber1","	1","	B01??(%RH)","	81.7","	2026-07-23 15:30:40"
"	69BA0CDE","	Chamber1","	1","	B01??(?)","	19.4","	2026-07-23 15:30:40"
"	69BA0CDE","	Chamber1","	1","	B01??(%RH)","	81.7","	2026-07-23 15:30:38"
"	69BA0CDE","	Chamber1","	1","	B01??(?)","	19.4","	2026-07-23 15:30:38"
"	69BA0CDE","	Chamber1","	1","	B01??(%RH)","	81.7","	2026-07-23 15:30:36"
"	69BA0CDE","	Chamber1","	1","	B01??(?)","	19.5","	2026-07-23 15:30:36"
"	69BA0CDE","	Chamber1","	1","	B01??(%RH)","	81.6","	2026-07-23 15:30:34"
"	69BA0CDE","	Chamber1","	1","	B01??(?)","	19.5","	2026-07-23 15:30:34"
"	69BA0CDE","	Chamber1","	1","	B01??(%RH)","	81.6","	2026-07-23 15:30:32"
"	69BA0CDE","	Chamber1","	1","	B01??(?)","	19.5","	2026-07-23 15:30:32"
"	69BA0CDE","	Chamber1","	1","	B01??(%RH)","	81.6","	2026-07-23 15:30:30"
"	69BA0CDE","	Chamber1","	1","	B01??(?)","	19.5","	2026-07-23 15:30:30"
"	69BA0CDE","	Chamber1","	1","	B01??(%RH)","	81.5","	2026-07-23 15:30:28"
"	69BA0CDE","	Chamber1","	1","	B01??(?)","	19.5","	2026-07-23 15:30:28"
"	69BA0CDE","	Chamber1","	1","	B01??(%RH)","	81.5","	2026-07-23 15:30:26"
"	69BA0CDE","	Chamber1","	1","	B01??(?)","	19.5","	2026-07-23 15:30:26"
"	69BA0CDE","	Chamber1","	1","	B01??(%RH)","	81.5","	2026-07-23 15:30:24"
"	69BA0CDE","	Chamber1","	1","	B01??(?)","	19.5","	2026-07-23 15:30:24"
"	69BA0CDE","	Chamber1","	1","	B01??(%RH)","	81.4","	2026-07-23 15:30:22"
"	69BA0CDE","	Chamber1","	1","	B01??(?)","	19.5","	2026-07-23 15:30:22"
"	69BA0CDE","	Chamber1","	1","	B01??(%RH)","	81.4","	2026-07-23 15:30:20"
"	69BA0CDE","	Chamber1","	1","	B01??(?)","	19.6","	2026-07-23 15:30:20"
"	69BA0CDE","	Chamber1","	1","	B01??(%RH)","	81.3","	2026-07-23 15:30:18"
"	69BA0CDE","	Chamber1","	1","	B01??(?)","	19.5","	2026-07-23 15:30:18"
"	69BA0CDE","	Chamber1","	1","	B01??(%RH)","	81.3","	2026-07-23 15:30:16"
"	69BA0CDE","	Chamber1","	1","	B01??(?)","	19.6","	2026-07-23 15:30:16"
"	69BA0CDE","	Chamber1","	1","	B01??(%RH)","	81.3","	2026-07-23 15:30:14"
"	69BA0CDE","	Chamber1","	1","	B01??(?)","	19.5","	2026-07-23 15:30:14"
"	69BA0CDE","	Chamber1","	1","	B01??(%RH)","	81.2","	2026-07-23 15:30:12"
"	69BA0CDE","	Chamber1","	1","	B01??(?)","	19.6","	2026-07-23 15:30:12"
"	69BA0CDE","	Chamber1","	1","	B01??(%RH)","	81.2","	2026-07-23 15:30:10"
"	69BA0CDE","	Chamber1","	1","	B01??(?)","	19.6","	2026-07-23 15:30:10"
"	69BA0CDE","	Chamber1","	1","	B01??(%RH)","	81.2","	2026-07-23 15:30:08"
"	69BA0CDE","	Chamber1","	1","	B01??(?)","	19.6","	2026-07-23 15:30:08"
"	69BA0CDE","	Chamber1","	1","	B01??(%RH)","	81.1","	2026-07-23 15:30:05"
"	69BA0CDE","	Chamber1","	1","	B01??(?)","	19.6","	2026-07-23 15:30:05"
"	69BA0CDE","	Chamber1","	1","	B01??(%RH)","	81.1","	2026-07-23 15:30:03"
"	69BA0CDE","	Chamber1","	1","	B01??(?)","	19.6","	2026-07-23 15:30:03"
"	69BA0CDE","	Chamber1","	1","	B01??(%RH)","	81.1","	2026-07-23 15:30:01"
"	69BA0CDE","	Chamber1","	1","	B01??(?)","	19.6","	2026-07-23 15:30:01"
"	69BA0CDE","	Chamber1","	1","	B01??(%RH)","	81.1","	2026-07-23 15:29:59"
"	69BA0CDE","	Chamber1","	1","	B01??(?)","	19.6","	2026-07-23 15:29:59"
"	69BA0CDE","	Chamber1","	1","	B01??(%RH)","	81","	2026-07-23 15:29:57"
"	69BA0CDE","	Chamber1","	1","	B01??(?)","	19.6","	2026-07-23 15:29:57"
"	69BA0CDE","	Chamber1","	1","	B01??(%RH)","	81","	2026-07-23 15:29:55"
"	69BA0CDE","	Chamber1","	1","	B01??(?)","	19.6","	2026-07-23 15:29:55"
"	69BA0CDE","	Chamber1","	1","	B01??(%RH)","	80.9","	2026-07-23 15:29:53"
"	69BA0CDE","	Chamber1","	1","	B01??(?)","	19.6","	2026-07-23 15:29:53"
"	69BA0CDE","	Chamber1","	1","	B01??(%RH)","	80.9","	2026-07-23 15:29:51"
"	69BA0CDE","	Chamber1","	1","	B01??(?)","	19.6","	2026-07-23 15:29:51"
"	69BA0CDE","	Chamber1","	1","	B01??(%RH)","	80.9","	2026-07-23 15:29:49"
"	69BA0CDE","	Chamber1","	1","	B01??(?)","	19.6","	2026-07-23 15:29:49"
"	69BA0CDE","	Chamber1","	1","	B01??(%RH)","	80.8","	2026-07-23 15:29:47"
"	69BA0CDE","	Chamber1","	1","	B01??(?)","	19.7","	2026-07-23 15:29:47"
"	69BA0CDE","	Chamber1","	1","	B01??(%RH)","	80.8","	2026-07-23 15:29:45"
"	69BA0CDE","	Chamber1","	1","	B01??(?)","	19.7","	2026-07-23 15:29:45"
"	69BA0CDE","	Chamber1","	1","	B01??(%RH)","	80.8","	2026-07-23 15:29:43"
"	69BA0CDE","	Chamber1","	1","	B01??(?)","	19.7","	2026-07-23 15:29:43"
"	69BA0CDE","	Chamber1","	1","	B01??(%RH)","	80.7","	2026-07-23 15:29:41"
"	69BA0CDE","	Chamber1","	1","	B01??(?)","	19.7","	2026-07-23 15:29:41"
"	69BA0CDE","	Chamber1","	1","	B01??(%RH)","	80.7","	2026-07-23 15:29:39"
"	69BA0CDE","	Chamber1","	1","	B01??(?)","	19.7","	2026-07-23 15:29:39"
"	69BA0CDE","	Chamber1","	1","	B01??(%RH)","	80.7","	2026-07-23 15:29:37"
"	69BA0CDE","	Chamber1","	1","	B01??(?)","	19.7","	2026-07-23 15:29:37"
"	69BA0CDE","	Chamber1","	1","	B01??(%RH)","	80.6","	2026-07-23 15:29:35"
"	69BA0CDE","	Chamber1","	1","	B01??(?)","	19.7","	2026-07-23 15:29:35"
"	69BA0CDE","	Chamber1","	1","	B01??(%RH)","	80.6","	2026-07-23 15:29:33"
"	69BA0CDE","	Chamber1","	1","	B01??(?)","	19.8","	2026-07-23 15:29:33"
"	69BA0CDE","	Chamber1","	1","	B01??(%RH)","	80.5","	2026-07-23 15:29:31"
"	69BA0CDE","	Chamber1","	1","	B01??(?)","	19.8","	2026-07-23 15:29:31"
"	69BA0CDE","	Chamber1","	1","	B01??(%RH)","	80.5","	2026-07-23 15:29:29"
"	69BA0CDE","	Chamber1","	1","	B01??(?)","	19.8","	2026-07-23 15:29:29"
"	69BA0CDE","	Chamber1","	1","	B01??(%RH)","	80.5","	2026-07-23 15:29:27"
"	69BA0CDE","	Chamber1","	1","	B01??(?)","	19.8","	2026-07-23 15:29:27"
"	69BA0CDE","	Chamber1","	1","	B01??(%RH)","	80.4","	2026-07-23 15:29:25"
"	69BA0CDE","	Chamber1","	1","	B01??(?)","	19.8","	2026-07-23 15:29:25"
"	69BA0CDE","	Chamber1","	1","	B01??(%RH)","	80.4","	2026-07-23 15:29:22"
"	69BA0CDE","	Chamber1","	1","	B01??(?)","	19.8","	2026-07-23 15:29:22"
"	69BA0CDE","	Chamber1","	1","	B01??(%RH)","	80.4","	2026-07-23 15:29:20"
"	69BA0CDE","	Chamber1","	1","	B01??(?)","	19.8","	2026-07-23 15:29:20"
"	69BA0CDE","	Chamber1","	1","	B01??(%RH)","	80.3","	2026-07-23 15:29:18"
"	69BA0CDE","	Chamber1","	1","	B01??(?)","	19.8","	2026-07-23 15:29:18"
"	69BA0CDE","	Chamber1","	1","	B01??(%RH)","	80.3","	2026-07-23 15:29:16"
"	69BA0CDE","	Chamber1","	1","	B01??(?)","	19.8","	2026-07-23 15:29:16"
"	69BA0CDE","	Chamber1","	1","	B01??(%RH)","	80.2","	2026-07-23 15:29:14"
"	69BA0CDE","	Chamber1","	1","	B01??(?)","	19.8","	2026-07-23 15:29:14"
"	69BA0CDE","	Chamber1","	1","	B01??(%RH)","	80.2","	2026-07-23 15:29:12"
"	69BA0CDE","	Chamber1","	1","	B01??(?)","	19.9","	2026-07-23 15:29:12"
"	69BA0CDE","	Chamber1","	1","	B01??(%RH)","	80.2","	2026-07-23 15:29:10"
"	69BA0CDE","	Chamber1","	1","	B01??(?)","	19.9","	2026-07-23 15:29:10"
"	69BA0CDE","	Chamber1","	1","	B01??(%RH)","	80.1","	2026-07-23 15:29:08"
"	69BA0CDE","	Chamber1","	1","	B01??(?)","	19.9","	2026-07-23 15:29:08"
"	69BA0CDE","	Chamber1","	1","	B01??(%RH)","	80.1","	2026-07-23 15:29:06"
"	69BA0CDE","	Chamber1","	1","	B01??(?)","	19.9","	2026-07-23 15:29:06"
"	69BA0CDE","	Chamber1","	1","	B01??(%RH)","	80","	2026-07-23 15:29:04"
"	69BA0CDE","	Chamber1","	1","	B01??(?)","	19.9","	2026-07-23 15:29:04"
"	69BA0CDE","	Chamber1","	1","	B01??(%RH)","	80","	2026-07-23 15:29:02"
"	69BA0CDE","	Chamber1","	1","	B01??(?)","	19.9","	2026-07-23 15:29:02"
"	69BA0CDE","	Chamber1","	1","	B01??(%RH)","	79.9","	2026-07-23 15:29:00"
"	69BA0CDE","	Chamber1","	1","	B01??(?)","	19.9","	2026-07-23 15:29:00"
"	69BA0CDE","	Chamber1","	1","	B01??(%RH)","	79.9","	2026-07-23 15:28:58"
"	69BA0CDE","	Chamber1","	1","	B01??(?)","	19.9","	2026-07-23 15:28:58"
"	69BA0CDE","	Chamber1","	1","	B01??(%RH)","	79.9","	2026-07-23 15:28:56"
"	69BA0CDE","	Chamber1","	1","	B01??(?)","	19.9","	2026-07-23 15:28:56"
"	69BA0CDE","	Chamber1","	1","	B01??(%RH)","	79.9","	2026-07-23 15:28:54"
"	69BA0CDE","	Chamber1","	1","	B01??(?)","	20","	2026-07-23 15:28:54"
"	69BA0CDE","	Chamber1","	1","	B01??(%RH)","	79.8","	2026-07-23 15:28:52"
"	69BA0CDE","	Chamber1","	1","	B01??(?)","	20","	2026-07-23 15:28:52"
"	69BA0CDE","	Chamber1","	1","	B01??(%RH)","	79.8","	2026-07-23 15:28:50"
"	69BA0CDE","	Chamber1","	1","	B01??(?)","	20","	2026-07-23 15:28:50"
"	69BA0CDE","	Chamber1","	1","	B01??(%RH)","	79.7","	2026-07-23 15:28:48"
"	69BA0CDE","	Chamber1","	1","	B01??(?)","	20","	2026-07-23 15:28:48"
"	69BA0CDE","	Chamber1","	1","	B01??(%RH)","	79.6","	2026-07-23 15:28:46"
"	69BA0CDE","	Chamber1","	1","	B01??(?)","	20","	2026-07-23 15:28:46"
"	69BA0CDE","	Chamber1","	1","	B01??(%RH)","	79.6","	2026-07-23 15:28:44"
"	69BA0CDE","	Chamber1","	1","	B01??(?)","	20","	2026-07-23 15:28:44"
"	69BA0CDE","	Chamber1","	1","	B01??(%RH)","	79.6","	2026-07-23 15:28:42"
"	69BA0CDE","	Chamber1","	1","	B01??(?)","	20","	2026-07-23 15:28:42"
"	69BA0CDE","	Chamber1","	1","	B01??(%RH)","	79.5","	2026-07-23 15:28:39"
"	69BA0CDE","	Chamber1","	1","	B01??(?)","	20","	2026-07-23 15:28:39"
"	69BA0CDE","	Chamber1","	1","	B01??(%RH)","	79.5","	2026-07-23 15:28:37"
"	69BA0CDE","	Chamber1","	1","	B01??(?)","	20","	2026-07-23 15:28:37"
"	69BA0CDE","	Chamber1","	1","	B01??(%RH)","	79.4","	2026-07-23 15:28:35"
"	69BA0CDE","	Chamber1","	1","	B01??(?)","	20.1","	2026-07-23 15:28:35"
"	69BA0CDE","	Chamber1","	1","	B01??(%RH)","	79.4","	2026-07-23 15:28:33"
"	69BA0CDE","	Chamber1","	1","	B01??(?)","	20.1","	2026-07-23 15:28:33"
"	69BA0CDE","	Chamber1","	1","	B01??(%RH)","	79.4","	2026-07-23 15:28:31"
"	69BA0CDE","	Chamber1","	1","	B01??(?)","	20.1","	2026-07-23 15:28:31"
"	69BA0CDE","	Chamber1","	1","	B01??(%RH)","	79.3","	2026-07-23 15:28:29"
"	69BA0CDE","	Chamber1","	1","	B01??(?)","	20.1","	2026-07-23 15:28:29"
"	69BA0CDE","	Chamber1","	1","	B01??(%RH)","	79.3","	2026-07-23 15:28:27"
"	69BA0CDE","	Chamber1","	1","	B01??(?)","	20.1","	2026-07-23 15:28:27"
"	69BA0CDE","	Chamber1","	1","	B01??(%RH)","	79.2","	2026-07-23 15:28:25"
"	69BA0CDE","	Chamber1","	1","	B01??(?)","	20.1","	2026-07-23 15:28:25"
"	69BA0CDE","	Chamber1","	1","	B01??(%RH)","	79.2","	2026-07-23 15:28:23"
"	69BA0CDE","	Chamber1","	1","	B01??(?)","	20.1","	2026-07-23 15:28:23"
"	69BA0CDE","	Chamber1","	1","	B01??(%RH)","	79.1","	2026-07-23 15:28:21"
"	69BA0CDE","	Chamber1","	1","	B01??(?)","	20.2","	2026-07-23 15:28:21"
"	69BA0CDE","	Chamber1","	1","	B01??(%RH)","	79.1","	2026-07-23 15:28:19"
"	69BA0CDE","	Chamber1","	1","	B01??(?)","	20.2","	2026-07-23 15:28:19"
"	69BA0CDE","	Chamber1","	1","	B01??(%RH)","	79.1","	2026-07-23 15:28:17"
"	69BA0CDE","	Chamber1","	1","	B01??(?)","	20.2","	2026-07-23 15:28:17"
"	69BA0CDE","	Chamber1","	1","	B01??(%RH)","	79","	2026-07-23 15:28:15"
"	69BA0CDE","	Chamber1","	1","	B01??(?)","	20.2","	2026-07-23 15:28:15"
"	69BA0CDE","	Chamber1","	1","	B01??(%RH)","	78.9","	2026-07-23 15:28:13"
"	69BA0CDE","	Chamber1","	1","	B01??(?)","	20.2","	2026-07-23 15:28:13"
"	69BA0CDE","	Chamber1","	1","	B01??(%RH)","	78.9","	2026-07-23 15:28:11"
"	69BA0CDE","	Chamber1","	1","	B01??(?)","	20.2","	2026-07-23 15:28:11"
"	69BA0CDE","	Chamber1","	1","	B01??(%RH)","	78.8","	2026-07-23 15:28:09"
"	69BA0CDE","	Chamber1","	1","	B01??(?)","	20.2","	2026-07-23 15:28:09"
"	69BA0CDE","	Chamber1","	1","	B01??(%RH)","	78.8","	2026-07-23 15:28:07"
"	69BA0CDE","	Chamber1","	1","	B01??(?)","	20.2","	2026-07-23 15:28:07"
"	69BA0CDE","	Chamber1","	1","	B01??(%RH)","	78.7","	2026-07-23 15:28:05"
"	69BA0CDE","	Chamber1","	1","	B01??(?)","	20.2","	2026-07-23 15:28:05"
"	69BA0CDE","	Chamber1","	1","	B01??(%RH)","	78.7","	2026-07-23 15:28:03"
"	69BA0CDE","	Chamber1","	1","	B01??(?)","	20.3","	2026-07-23 15:28:03"
"	69BA0CDE","	Chamber1","	1","	B01??(%RH)","	78.6","	2026-07-23 15:28:01"
"	69BA0CDE","	Chamber1","	1","	B01??(?)","	20.3","	2026-07-23 15:28:01"
"	69BA0CDE","	Chamber1","	1","	B01??(%RH)","	78.6","	2026-07-23 15:27:59"
"	69BA0CDE","	Chamber1","	1","	B01??(?)","	20.3","	2026-07-23 15:27:59"
"	69BA0CDE","	Chamber1","	1","	B01??(%RH)","	78.6","	2026-07-23 15:27:56"
"	69BA0CDE","	Chamber1","	1","	B01??(?)","	20.3","	2026-07-23 15:27:56"
"	69BA0CDE","	Chamber1","	1","	B01??(%RH)","	78.5","	2026-07-23 15:27:54"
"	69BA0CDE","	Chamber1","	1","	B01??(?)","	20.3","	2026-07-23 15:27:54"
"	69BA0CDE","	Chamber1","	1","	B01??(%RH)","	78.5","	2026-07-23 15:27:52"
"	69BA0CDE","	Chamber1","	1","	B01??(?)","	20.3","	2026-07-23 15:27:52"
"	69BA0CDE","	Chamber1","	1","	B01??(%RH)","	78.4","	2026-07-23 15:27:50"
"	69BA0CDE","	Chamber1","	1","	B01??(?)","	20.3","	2026-07-23 15:27:50"
"	69BA0CDE","	Chamber1","	1","	B01??(%RH)","	78.3","	2026-07-23 15:27:48"
"	69BA0CDE","	Chamber1","	1","	B01??(?)","	20.4","	2026-07-23 15:27:48"
"	69BA0CDE","	Chamber1","	1","	B01??(%RH)","	78.3","	2026-07-23 15:27:46"
"	69BA0CDE","	Chamber1","	1","	B01??(?)","	20.4","	2026-07-23 15:27:46"
"	69BA0CDE","	Chamber1","	1","	B01??(%RH)","	78.3","	2026-07-23 15:27:44"
"	69BA0CDE","	Chamber1","	1","	B01??(?)","	20.4","	2026-07-23 15:27:44"
"	69BA0CDE","	Chamber1","	1","	B01??(%RH)","	78.2","	2026-07-23 15:27:42"
"	69BA0CDE","	Chamber1","	1","	B01??(?)","	20.4","	2026-07-23 15:27:42"
"	69BA0CDE","	Chamber1","	1","	B01??(%RH)","	78.1","	2026-07-23 15:27:40"
"	69BA0CDE","	Chamber1","	1","	B01??(?)","	20.4","	2026-07-23 15:27:40"
"	69BA0CDE","	Chamber1","	1","	B01??(%RH)","	78.1","	2026-07-23 15:27:38"
"	69BA0CDE","	Chamber1","	1","	B01??(?)","	20.4","	2026-07-23 15:27:38"
"	69BA0CDE","	Chamber1","	1","	B01??(%RH)","	78","	2026-07-23 15:27:36"
"	69BA0CDE","	Chamber1","	1","	B01??(?)","	20.4","	2026-07-23 15:27:36"
"	69BA0CDE","	Chamber1","	1","	B01??(%RH)","	78","	2026-07-23 15:27:34"
"	69BA0CDE","	Chamber1","	1","	B01??(?)","	20.5","	2026-07-23 15:27:34"
"	69BA0CDE","	Chamber1","	1","	B01??(%RH)","	77.9","	2026-07-23 15:27:32"
"	69BA0CDE","	Chamber1","	1","	B01??(?)","	20.5","	2026-07-23 15:27:32"
"	69BA0CDE","	Chamber1","	1","	B01??(%RH)","	77.9","	2026-07-23 15:27:30"
"	69BA0CDE","	Chamber1","	1","	B01??(?)","	20.5","	2026-07-23 15:27:30"
"	69BA0CDE","	Chamber1","	1","	B01??(%RH)","	77.8","	2026-07-23 15:27:28"
"	69BA0CDE","	Chamber1","	1","	B01??(?)","	20.5","	2026-07-23 15:27:28"
"	69BA0CDE","	Chamber1","	1","	B01??(%RH)","	77.8","	2026-07-23 15:27:26"
"	69BA0CDE","	Chamber1","	1","	B01??(?)","	20.5","	2026-07-23 15:27:26"
"	69BA0CDE","	Chamber1","	1","	B01??(%RH)","	77.7","	2026-07-23 15:27:24"
"	69BA0CDE","	Chamber1","	1","	B01??(?)","	20.6","	2026-07-23 15:27:24"
"	69BA0CDE","	Chamber1","	1","	B01??(%RH)","	77.7","	2026-07-23 15:27:22"
"	69BA0CDE","	Chamber1","	1","	B01??(?)","	20.5","	2026-07-23 15:27:22"
"	69BA0CDE","	Chamber1","	1","	B01??(%RH)","	77.6","	2026-07-23 15:27:20"
"	69BA0CDE","	Chamber1","	1","	B01??(?)","	20.6","	2026-07-23 15:27:20"
"	69BA0CDE","	Chamber1","	1","	B01??(%RH)","	77.6","	2026-07-23 15:27:18"
"	69BA0CDE","	Chamber1","	1","	B01??(?)","	20.6","	2026-07-23 15:27:18"
"	69BA0CDE","	Chamber1","	1","	B01??(%RH)","	77.5","	2026-07-23 15:27:16"
"	69BA0CDE","	Chamber1","	1","	B01??(?)","	20.6","	2026-07-23 15:27:16"
"	69BA0CDE","	Chamber1","	1","	B01??(%RH)","	77.4","	2026-07-23 15:27:14"
"	69BA0CDE","	Chamber1","	1","	B01??(?)","	20.6","	2026-07-23 15:27:14"
"	69BA0CDE","	Chamber1","	1","	B01??(%RH)","	77.4","	2026-07-23 15:27:12"
"	69BA0CDE","	Chamber1","	1","	B01??(?)","	20.6","	2026-07-23 15:27:12"
"	69BA0CDE","	Chamber1","	1","	B01??(%RH)","	77.3","	2026-07-23 15:27:09"
"	69BA0CDE","	Chamber1","	1","	B01??(?)","	20.7","	2026-07-23 15:27:09"
"	69BA0CDE","	Chamber1","	1","	B01??(%RH)","	77.2","	2026-07-23 15:27:07"
"	69BA0CDE","	Chamber1","	1","	B01??(?)","	20.7","	2026-07-23 15:27:07"
"	69BA0CDE","	Chamber1","	1","	B01??(%RH)","	77.2","	2026-07-23 15:27:05"
"	69BA0CDE","	Chamber1","	1","	B01??(?)","	20.7","	2026-07-23 15:27:05"
"	69BA0CDE","	Chamber1","	1","	B01??(%RH)","	77.2","	2026-07-23 15:27:03"
"	69BA0CDE","	Chamber1","	1","	B01??(?)","	20.7","	2026-07-23 15:27:03"
"	69BA0CDE","	Chamber1","	1","	B01??(%RH)","	77.1","	2026-07-23 15:27:01"
"	69BA0CDE","	Chamber1","	1","	B01??(?)","	20.7","	2026-07-23 15:27:01"
"	69BA0CDE","	Chamber1","	1","	B01??(%RH)","	77","	2026-07-23 15:26:59"
"	69BA0CDE","	Chamber1","	1","	B01??(?)","	20.7","	2026-07-23 15:26:59"
"	69BA0CDE","	Chamber1","	1","	B01??(%RH)","	77","	2026-07-23 15:26:57"
"	69BA0CDE","	Chamber1","	1","	B01??(?)","	20.8","	2026-07-23 15:26:57"
"	69BA0CDE","	Chamber1","	1","	B01??(%RH)","	76.9","	2026-07-23 15:26:55"
"	69BA0CDE","	Chamber1","	1","	B01??(?)","	20.8","	2026-07-23 15:26:55"
"	69BA0CDE","	Chamber1","	1","	B01??(%RH)","	76.8","	2026-07-23 15:26:53"
"	69BA0CDE","	Chamber1","	1","	B01??(?)","	20.8","	2026-07-23 15:26:53"
"	69BA0CDE","	Chamber1","	1","	B01??(%RH)","	76.8","	2026-07-23 15:26:51"
"	69BA0CDE","	Chamber1","	1","	B01??(?)","	20.8","	2026-07-23 15:26:51"
"	69BA0CDE","	Chamber1","	1","	B01??(%RH)","	76.7","	2026-07-23 15:26:49"
"	69BA0CDE","	Chamber1","	1","	B01??(?)","	20.8","	2026-07-23 15:26:49"
"	69BA0CDE","	Chamber1","	1","	B01??(%RH)","	76.7","	2026-07-23 15:26:47"
"	69BA0CDE","	Chamber1","	1","	B01??(?)","	20.9","	2026-07-23 15:26:47"
"	69BA0CDE","	Chamber1","	1","	B01??(%RH)","	76.6","	2026-07-23 15:26:45"
"	69BA0CDE","	Chamber1","	1","	B01??(?)","	20.9","	2026-07-23 15:26:45"
"	69BA0CDE","	Chamber1","	1","	B01??(%RH)","	76.6","	2026-07-23 15:26:43"
"	69BA0CDE","	Chamber1","	1","	B01??(?)","	20.9","	2026-07-23 15:26:43"
"	69BA0CDE","	Chamber1","	1","	B01??(%RH)","	76.5","	2026-07-23 15:26:41"
"	69BA0CDE","	Chamber1","	1","	B01??(?)","	20.9","	2026-07-23 15:26:41"
"	69BA0CDE","	Chamber1","	1","	B01??(%RH)","	76.4","	2026-07-23 15:26:39"
"	69BA0CDE","	Chamber1","	1","	B01??(?)","	20.9","	2026-07-23 15:26:39"
"	69BA0CDE","	Chamber1","	1","	B01??(%RH)","	76.3","	2026-07-23 15:26:37"
"	69BA0CDE","	Chamber1","	1","	B01??(?)","	21","	2026-07-23 15:26:37"
"	69BA0CDE","	Chamber1","	1","	B01??(%RH)","	76.3","	2026-07-23 15:26:35"
"	69BA0CDE","	Chamber1","	1","	B01??(?)","	21","	2026-07-23 15:26:35"
"	69BA0CDE","	Chamber1","	1","	B01??(%RH)","	76.2","	2026-07-23 15:26:33"
"	69BA0CDE","	Chamber1","	1","	B01??(?)","	21","	2026-07-23 15:26:33"
"	69BA0CDE","	Chamber1","	1","	B01??(%RH)","	76.2","	2026-07-23 15:26:31"
"	69BA0CDE","	Chamber1","	1","	B01??(?)","	21","	2026-07-23 15:26:31"
"	69BA0CDE","	Chamber1","	1","	B01??(%RH)","	76.1","	2026-07-23 15:26:28"
"	69BA0CDE","	Chamber1","	1","	B01??(?)","	21","	2026-07-23 15:26:28"
"	69BA0CDE","	Chamber1","	1","	B01??(%RH)","	76","	2026-07-23 15:26:26"
"	69BA0CDE","	Chamber1","	1","	B01??(?)","	21.1","	2026-07-23 15:26:26"
"	69BA0CDE","	Chamber1","	1","	B01??(%RH)","	75.9","	2026-07-23 15:26:24"
"	69BA0CDE","	Chamber1","	1","	B01??(?)","	21.1","	2026-07-23 15:26:24"
"	69BA0CDE","	Chamber1","	1","	B01??(%RH)","	75.8","	2026-07-23 15:26:22"
"	69BA0CDE","	Chamber1","	1","	B01??(?)","	21.1","	2026-07-23 15:26:22"
"	69BA0CDE","	Chamber1","	1","	B01??(%RH)","	75.8","	2026-07-23 15:26:20"
"	69BA0CDE","	Chamber1","	1","	B01??(?)","	21.1","	2026-07-23 15:26:20"
"	69BA0CDE","	Chamber1","	1","	B01??(%RH)","	75.7","	2026-07-23 15:26:18"
"	69BA0CDE","	Chamber1","	1","	B01??(?)","	21.2","	2026-07-23 15:26:18"
"	69BA0CDE","	Chamber1","	1","	B01??(%RH)","	75.7","	2026-07-23 15:26:16"
"	69BA0CDE","	Chamber1","	1","	B01??(?)","	21.2","	2026-07-23 15:26:16"
"	69BA0CDE","	Chamber1","	1","	B01??(%RH)","	75.6","	2026-07-23 15:26:14"
"	69BA0CDE","	Chamber1","	1","	B01??(?)","	21.2","	2026-07-23 15:26:14"
"	69BA0CDE","	Chamber1","	1","	B01??(%RH)","	75.5","	2026-07-23 15:26:12"
"	69BA0CDE","	Chamber1","	1","	B01??(?)","	21.2","	2026-07-23 15:26:12"
"	69BA0CDE","	Chamber1","	1","	B01??(%RH)","	75.4","	2026-07-23 15:26:10"
"	69BA0CDE","	Chamber1","	1","	B01??(?)","	21.2","	2026-07-23 15:26:10"
"	69BA0CDE","	Chamber1","	1","	B01??(%RH)","	75.4","	2026-07-23 15:26:08"
"	69BA0CDE","	Chamber1","	1","	B01??(?)","	21.3","	2026-07-23 15:26:08"
"	69BA0CDE","	Chamber1","	1","	B01??(%RH)","	75.3","	2026-07-23 15:26:06"
"	69BA0CDE","	Chamber1","	1","	B01??(?)","	21.3","	2026-07-23 15:26:06"
"	69BA0CDE","	Chamber1","	1","	B01??(%RH)","	75.2","	2026-07-23 15:26:04"
"	69BA0CDE","	Chamber1","	1","	B01??(?)","	21.3","	2026-07-23 15:26:04"
"	69BA0CDE","	Chamber1","	1","	B01??(%RH)","	75.2","	2026-07-23 15:26:02"
"	69BA0CDE","	Chamber1","	1","	B01??(?)","	21.3","	2026-07-23 15:26:02"
"	69BA0CDE","	Chamber1","	1","	B01??(%RH)","	75.1","	2026-07-23 15:26:00"
"	69BA0CDE","	Chamber1","	1","	B01??(?)","	21.3","	2026-07-23 15:26:00"
"	69BA0CDE","	Chamber1","	1","	B01??(%RH)","	75","	2026-07-23 15:25:58"
"	69BA0CDE","	Chamber1","	1","	B01??(?)","	21.4","	2026-07-23 15:25:58"
"	69BA0CDE","	Chamber1","	1","	B01??(%RH)","	75","	2026-07-23 15:25:56"
"	69BA0CDE","	Chamber1","	1","	B01??(?)","	21.4","	2026-07-23 15:25:56"
"	69BA0CDE","	Chamber1","	1","	B01??(%RH)","	74.8","	2026-07-23 15:25:54"
"	69BA0CDE","	Chamber1","	1","	B01??(?)","	21.4","	2026-07-23 15:25:54"
"	69BA0CDE","	Chamber1","	1","	B01??(%RH)","	74.8","	2026-07-23 15:25:52"
"	69BA0CDE","	Chamber1","	1","	B01??(?)","	21.5","	2026-07-23 15:25:52"
"	69BA0CDE","	Chamber1","	1","	B01??(%RH)","	74.7","	2026-07-23 15:25:50"
"	69BA0CDE","	Chamber1","	1","	B01??(?)","	21.5","	2026-07-23 15:25:50"
"	69BA0CDE","	Chamber1","	1","	B01??(%RH)","	74.6","	2026-07-23 15:25:48"
"	69BA0CDE","	Chamber1","	1","	B01??(?)","	21.5","	2026-07-23 15:25:48"
"	69BA0CDE","	Chamber1","	1","	B01??(%RH)","	74.5","	2026-07-23 15:25:45"
"	69BA0CDE","	Chamber1","	1","	B01??(?)","	21.5","	2026-07-23 15:25:45"
"	69BA0CDE","	Chamber1","	1","	B01??(%RH)","	74.5","	2026-07-23 15:25:43"
"	69BA0CDE","	Chamber1","	1","	B01??(?)","	21.6","	2026-07-23 15:25:43"
"	69BA0CDE","	Chamber1","	1","	B01??(%RH)","	74.4","	2026-07-23 15:25:41"
"	69BA0CDE","	Chamber1","	1","	B01??(?)","	21.6","	2026-07-23 15:25:41"
"	69BA0CDE","	Chamber1","	1","	B01??(%RH)","	74.3","	2026-07-23 15:25:39"
"	69BA0CDE","	Chamber1","	1","	B01??(?)","	21.6","	2026-07-23 15:25:39"
"	69BA0CDE","	Chamber1","	1","	B01??(%RH)","	74.3","	2026-07-23 15:25:37"
"	69BA0CDE","	Chamber1","	1","	B01??(?)","	21.6","	2026-07-23 15:25:37"
"	69BA0CDE","	Chamber1","	1","	B01??(%RH)","	74.2","	2026-07-23 15:25:35"
"	69BA0CDE","	Chamber1","	1","	B01??(?)","	21.6","	2026-07-23 15:25:35"
"	69BA0CDE","	Chamber1","	1","	B01??(%RH)","	74.1","	2026-07-23 15:25:33"
"	69BA0CDE","	Chamber1","	1","	B01??(?)","	21.7","	2026-07-23 15:25:33"
"	69BA0CDE","	Chamber1","	1","	B01??(%RH)","	74","	2026-07-23 15:25:31"
"	69BA0CDE","	Chamber1","	1","	B01??(?)","	21.7","	2026-07-23 15:25:31"
"	69BA0CDE","	Chamber1","	1","	B01??(%RH)","	73.9","	2026-07-23 15:25:29"
"	69BA0CDE","	Chamber1","	1","	B01??(?)","	21.7","	2026-07-23 15:25:29"
"	69BA0CDE","	Chamber1","	1","	B01??(%RH)","	73.9","	2026-07-23 15:25:27"
"	69BA0CDE","	Chamber1","	1","	B01??(?)","	21.7","	2026-07-23 15:25:27"
"	69BA0CDE","	Chamber1","	1","	B01??(%RH)","	73.7","	2026-07-23 15:25:25"
"	69BA0CDE","	Chamber1","	1","	B01??(?)","	21.8","	2026-07-23 15:25:25"
"	69BA0CDE","	Chamber1","	1","	B01??(%RH)","	73.7","	2026-07-23 15:25:23"
"	69BA0CDE","	Chamber1","	1","	B01??(?)","	21.8","	2026-07-23 15:25:23"
"	69BA0CDE","	Chamber1","	1","	B01??(%RH)","	73.6","	2026-07-23 15:25:21"
"	69BA0CDE","	Chamber1","	1","	B01??(?)","	21.8","	2026-07-23 15:25:21"
"	69BA0CDE","	Chamber1","	1","	B01??(%RH)","	73.5","	2026-07-23 15:25:19"
"	69BA0CDE","	Chamber1","	1","	B01??(?)","	21.9","	2026-07-23 15:25:19"
"	69BA0CDE","	Chamber1","	1","	B01??(%RH)","	73.5","	2026-07-23 15:25:17"
"	69BA0CDE","	Chamber1","	1","	B01??(?)","	21.9","	2026-07-23 15:25:17"
"	69BA0CDE","	Chamber1","	1","	B01??(%RH)","	73.4","	2026-07-23 15:25:15"
"	69BA0CDE","	Chamber1","	1","	B01??(?)","	21.9","	2026-07-23 15:25:15"
"	69BA0CDE","	Chamber1","	1","	B01??(%RH)","	73.3","	2026-07-23 15:25:13"
"	69BA0CDE","	Chamber1","	1","	B01??(?)","	21.9","	2026-07-23 15:25:13"
"	69BA0CDE","	Chamber1","	1","	B01??(%RH)","	73.2","	2026-07-23 15:25:11"
"	69BA0CDE","	Chamber1","	1","	B01??(?)","	22","	2026-07-23 15:25:11"
"	69BA0CDE","	Chamber1","	1","	B01??(%RH)","	73.1","	2026-07-23 15:25:09"
"	69BA0CDE","	Chamber1","	1","	B01??(?)","	22","	2026-07-23 15:25:09"
"	69BA0CDE","	Chamber1","	1","	B01??(%RH)","	73","	2026-07-23 15:25:07"
"	69BA0CDE","	Chamber1","	1","	B01??(?)","	22","	2026-07-23 15:25:07"
"	69BA0CDE","	Chamber1","	1","	B01??(%RH)","	73","	2026-07-23 15:25:04"
"	69BA0CDE","	Chamber1","	1","	B01??(?)","	22.1","	2026-07-23 15:25:04"
"	69BA0CDE","	Chamber1","	1","	B01??(%RH)","	72.9","	2026-07-23 15:25:02"
"	69BA0CDE","	Chamber1","	1","	B01??(?)","	22.1","	2026-07-23 15:25:02"
"	69BA0CDE","	Chamber1","	1","	B01??(%RH)","	72.8","	2026-07-23 15:25:00"
"	69BA0CDE","	Chamber1","	1","	B01??(?)","	22.1","	2026-07-23 15:25:00"
"	69BA0CDE","	Chamber1","	1","	B01??(%RH)","	72.7","	2026-07-23 15:24:58"
"	69BA0CDE","	Chamber1","	1","	B01??(?)","	22.2","	2026-07-23 15:24:58"
"	69BA0CDE","	Chamber1","	1","	B01??(%RH)","	72.7","	2026-07-23 15:24:56"
"	69BA0CDE","	Chamber1","	1","	B01??(?)","	22.2","	2026-07-23 15:24:56"
"	69BA0CDE","	Chamber1","	1","	B01??(%RH)","	72.6","	2026-07-23 15:24:54"
"	69BA0CDE","	Chamber1","	1","	B01??(?)","	22.2","	2026-07-23 15:24:54"
"	69BA0CDE","	Chamber1","	1","	B01??(%RH)","	72.5","	2026-07-23 15:24:52"
"	69BA0CDE","	Chamber1","	1","	B01??(?)","	22.3","	2026-07-23 15:24:52"
"	69BA0CDE","	Chamber1","	1","	B01??(%RH)","	72.5","	2026-07-23 15:24:50"
"	69BA0CDE","	Chamber1","	1","	B01??(?)","	22.3","	2026-07-23 15:24:50"
"	69BA0CDE","	Chamber1","	1","	B01??(%RH)","	72.4","	2026-07-23 15:24:48"
"	69BA0CDE","	Chamber1","	1","	B01??(?)","	22.3","	2026-07-23 15:24:48"
"	69BA0CDE","	Chamber1","	1","	B01??(%RH)","	72.3","	2026-07-23 15:24:46"
"	69BA0CDE","	Chamber1","	1","	B01??(?)","	22.3","	2026-07-23 15:24:46"
"	69BA0CDE","	Chamber1","	1","	B01??(%RH)","	72.3","	2026-07-23 15:24:44"
"	69BA0CDE","	Chamber1","	1","	B01??(?)","	22.4","	2026-07-23 15:24:44"
"	69BA0CDE","	Chamber1","	1","	B01??(%RH)","	72.2","	2026-07-23 15:24:42"
"	69BA0CDE","	Chamber1","	1","	B01??(?)","	22.4","	2026-07-23 15:24:42"
"	69BA0CDE","	Chamber1","	1","	B01??(%RH)","	72.2","	2026-07-23 15:24:40"
"	69BA0CDE","	Chamber1","	1","	B01??(?)","	22.4","	2026-07-23 15:24:40"
"	69BA0CDE","	Chamber1","	1","	B01??(%RH)","	72.1","	2026-07-23 15:24:38"
"	69BA0CDE","	Chamber1","	1","	B01??(?)","	22.5","	2026-07-23 15:24:38"
"	69BA0CDE","	Chamber1","	1","	B01??(%RH)","	72.1","	2026-07-23 15:24:36"
"	69BA0CDE","	Chamber1","	1","	B01??(?)","	22.5","	2026-07-23 15:24:36"
"	69BA0CDE","	Chamber1","	1","	B01??(%RH)","	72","	2026-07-23 15:24:34"
"	69BA0CDE","	Chamber1","	1","	B01??(?)","	22.5","	2026-07-23 15:24:34"
"	69BA0CDE","	Chamber1","	1","	B01??(%RH)","	72","	2026-07-23 15:24:32"
"	69BA0CDE","	Chamber1","	1","	B01??(?)","	22.5","	2026-07-23 15:24:32"
"	69BA0CDE","	Chamber1","	1","	B01??(%RH)","	72","	2026-07-23 15:24:30"
"	69BA0CDE","	Chamber1","	1","	B01??(?)","	22.6","	2026-07-23 15:24:30"
"	69BA0CDE","	Chamber1","	1","	B01??(%RH)","	72","	2026-07-23 15:24:28"
"	69BA0CDE","	Chamber1","	1","	B01??(?)","	22.6","	2026-07-23 15:24:28"
"	69BA0CDE","	Chamber1","	1","	B01??(%RH)","	72","	2026-07-23 15:24:26"
"	69BA0CDE","	Chamber1","	1","	B01??(?)","	22.6","	2026-07-23 15:24:26"
"	69BA0CDE","	Chamber1","	1","	B01??(%RH)","	71.9","	2026-07-23 15:24:24"
"	69BA0CDE","	Chamber1","	1","	B01??(?)","	22.7","	2026-07-23 15:24:24"
"	69BA0CDE","	Chamber1","	1","	B01??(%RH)","	72","	2026-07-23 15:24:22"
"	69BA0CDE","	Chamber1","	1","	B01??(?)","	22.7","	2026-07-23 15:24:22"
"	69BA0CDE","	Chamber1","	1","	B01??(%RH)","	72","	2026-07-23 15:24:19"
"	69BA0CDE","	Chamber1","	1","	B01??(?)","	22.7","	2026-07-23 15:24:19"
"	69BA0CDE","	Chamber1","	1","	B01??(%RH)","	72.1","	2026-07-23 15:24:17"
"	69BA0CDE","	Chamber1","	1","	B01??(?)","	22.7","	2026-07-23 15:24:17"
"	69BA0CDE","	Chamber1","	1","	B01??(%RH)","	72.1","	2026-07-23 15:24:15"
"	69BA0CDE","	Chamber1","	1","	B01??(?)","	22.7","	2026-07-23 15:24:15"
"	69BA0CDE","	Chamber1","	1","	B01??(%RH)","	72.2","	2026-07-23 15:24:13"
"	69BA0CDE","	Chamber1","	1","	B01??(?)","	22.7","	2026-07-23 15:24:13"
"	69BA0CDE","	Chamber1","	1","	B01??(%RH)","	72.4","	2026-07-23 15:24:11"
"	69BA0CDE","	Chamber1","	1","	B01??(?)","	22.8","	2026-07-23 15:24:11"
"	69BA0CDE","	Chamber1","	1","	B01??(%RH)","	72.6","	2026-07-23 15:24:09"
"	69BA0CDE","	Chamber1","	1","	B01??(?)","	22.8","	2026-07-23 15:24:09"
"	69BA0CDE","	Chamber1","	1","	B01??(%RH)","	72.8","	2026-07-23 15:24:07"
"	69BA0CDE","	Chamber1","	1","	B01??(?)","	22.8","	2026-07-23 15:24:07"
"	69BA0CDE","	Chamber1","	1","	B01??(%RH)","	73","	2026-07-23 15:24:05"
"	69BA0CDE","	Chamber1","	1","	B01??(?)","	22.8","	2026-07-23 15:24:05"
"	69BA0CDE","	Chamber1","	1","	B01??(%RH)","	73.4","	2026-07-23 15:24:03"
"	69BA0CDE","	Chamber1","	1","	B01??(?)","	22.9","	2026-07-23 15:24:03"
"	69BA0CDE","	Chamber1","	1","	B01??(%RH)","	73.8","	2026-07-23 15:24:01"
"	69BA0CDE","	Chamber1","	1","	B01??(?)","	22.9","	2026-07-23 15:24:01"
"	69BA0CDE","	Chamber1","	1","	B01??(%RH)","	74.3","	2026-07-23 15:23:59"
"	69BA0CDE","	Chamber1","	1","	B01??(?)","	22.9","	2026-07-23 15:23:59"
"	69BA0CDE","	Chamber1","	1","	B01??(%RH)","	75.1","	2026-07-23 15:23:57"
"	69BA0CDE","	Chamber1","	1","	B01??(?)","	22.9","	2026-07-23 15:23:57"
"	69BA0CDE","	Chamber1","	1","	B01??(%RH)","	76","	2026-07-23 15:23:55"
"	69BA0CDE","	Chamber1","	1","	B01??(?)","	22.9","	2026-07-23 15:23:55"
"	69BA0CDE","	Chamber1","	1","	B01??(%RH)","	77.3","	2026-07-23 15:23:53"
"	69BA0CDE","	Chamber1","	1","	B01??(?)","	22.9","	2026-07-23 15:23:53"
"	69BA0CDE","	Chamber1","	1","	B01??(%RH)","	78.7","	2026-07-23 15:23:51"
"	69BA0CDE","	Chamber1","	1","	B01??(?)","	22.9","	2026-07-23 15:23:51"
"	69BA0CDE","	Chamber1","	1","	B01??(%RH)","	80","	2026-07-23 15:23:49"
"	69BA0CDE","	Chamber1","	1","	B01??(?)","	22.9","	2026-07-23 15:23:49"
"	69BA0CDE","	Chamber1","	1","	B01??(%RH)","	80.7","	2026-07-23 15:23:47"
"	69BA0CDE","	Chamber1","	1","	B01??(?)","	22.9","	2026-07-23 15:23:47"
"	69BA0CDE","	Chamber1","	1","	B01??(%RH)","	80.7","	2026-07-23 15:23:45"
"	69BA0CDE","	Chamber1","	1","	B01??(?)","	22.9","	2026-07-23 15:23:45"
"	69BA0CDE","	Chamber1","	1","	B01??(%RH)","	80.4","	2026-07-23 15:23:43"
"	69BA0CDE","	Chamber1","	1","	B01??(?)","	22.9","	2026-07-23 15:23:43"
"	69BA0CDE","	Chamber1","	1","	B01??(%RH)","	80.3","	2026-07-23 15:23:41"
"	69BA0CDE","	Chamber1","	1","	B01??(?)","	22.9","	2026-07-23 15:23:41"
"	69BA0CDE","	Chamber1","	1","	B01??(%RH)","	80.2","	2026-07-23 15:23:38"
"	69BA0CDE","	Chamber1","	1","	B01??(?)","	22.9","	2026-07-23 15:23:38"
"	69BA0CDE","	Chamber1","	1","	B01??(%RH)","	80","	2026-07-23 15:23:36"
"	69BA0CDE","	Chamber1","	1","	B01??(?)","	22.9","	2026-07-23 15:23:36"
"	69BA0CDE","	Chamber1","	1","	B01??(%RH)","	79.8","	2026-07-23 15:23:34"
"	69BA0CDE","	Chamber1","	1","	B01??(?)","	22.9","	2026-07-23 15:23:34"
"	69BA0CDE","	Chamber1","	1","	B01??(%RH)","	79.5","	2026-07-23 15:23:32"
"	69BA0CDE","	Chamber1","	1","	B01??(?)","	22.9","	2026-07-23 15:23:32"
"	69BA0CDE","	Chamber1","	1","	B01??(%RH)","	79.2","	2026-07-23 15:23:30"
"	69BA0CDE","	Chamber1","	1","	B01??(?)","	22.9","	2026-07-23 15:23:30"
"	69BA0CDE","	Chamber1","	1","	B01??(%RH)","	78.8","	2026-07-23 15:23:28"
"	69BA0CDE","	Chamber1","	1","	B01??(?)","	22.9","	2026-07-23 15:23:28"
"	69BA0CDE","	Chamber1","	1","	B01??(%RH)","	78.8","	2026-07-23 15:23:26"
"	69BA0CDE","	Chamber1","	1","	B01??(?)","	22.9","	2026-07-23 15:23:26"
"	69BA0CDE","	Chamber1","	1","	B01??(%RH)","	79","	2026-07-23 15:23:24"
"	69BA0CDE","	Chamber1","	1","	B01??(?)","	22.9","	2026-07-23 15:23:24"
"	69BA0CDE","	Chamber1","	1","	B01??(%RH)","	79.2","	2026-07-23 15:23:22"
"	69BA0CDE","	Chamber1","	1","	B01??(?)","	22.9","	2026-07-23 15:23:22"
"	69BA0CDE","	Chamber1","	1","	B01??(%RH)","	79.2","	2026-07-23 15:23:20"
"	69BA0CDE","	Chamber1","	1","	B01??(?)","	22.9","	2026-07-23 15:23:20"
"	69BA0CDE","	Chamber1","	1","	B01??(%RH)","	79.3","	2026-07-23 15:23:18"
"	69BA0CDE","	Chamber1","	1","	B01??(?)","	22.9","	2026-07-23 15:23:18"
"	69BA0CDE","	Chamber1","	1","	B01??(%RH)","	79.3","	2026-07-23 15:23:16"
"	69BA0CDE","	Chamber1","	1","	B01??(?)","	22.9","	2026-07-23 15:23:16"
"	69BA0CDE","	Chamber1","	1","	B01??(%RH)","	79.2","	2026-07-23 15:23:14"
"	69BA0CDE","	Chamber1","	1","	B01??(?)","	22.9","	2026-07-23 15:23:14"
"	69BA0CDE","	Chamber1","	1","	B01??(%RH)","	79.1","	2026-07-23 15:23:12"
"	69BA0CDE","	Chamber1","	1","	B01??(?)","	22.9","	2026-07-23 15:23:12"
"	69BA0CDE","	Chamber1","	1","	B01??(%RH)","	79.1","	2026-07-23 15:23:10"
"	69BA0CDE","	Chamber1","	1","	B01??(?)","	22.9","	2026-07-23 15:23:10"
"	69BA0CDE","	Chamber1","	1","	B01??(%RH)","	79.2","	2026-07-23 15:23:08"
"	69BA0CDE","	Chamber1","	1","	B01??(?)","	22.9","	2026-07-23 15:23:08"
"	69BA0CDE","	Chamber1","	1","	B01??(%RH)","	79.2","	2026-07-23 15:23:06"
"	69BA0CDE","	Chamber1","	1","	B01??(?)","	22.9","	2026-07-23 15:23:06"
"	69BA0CDE","	Chamber1","	1","	B01??(%RH)","	79.2","	2026-07-23 15:23:04"
"	69BA0CDE","	Chamber1","	1","	B01??(?)","	22.9","	2026-07-23 15:23:04"
"	69BA0CDE","	Chamber1","	1","	B01??(%RH)","	79.2","	2026-07-23 15:23:02"
"	69BA0CDE","	Chamber1","	1","	B01??(?)","	22.9","	2026-07-23 15:23:02"
"	69BA0CDE","	Chamber1","	1","	B01??(%RH)","	79.1","	2026-07-23 15:23:00"
"	69BA0CDE","	Chamber1","	1","	B01??(?)","	22.9","	2026-07-23 15:23:00"
"	69BA0CDE","	Chamber1","	1","	B01??(%RH)","	79","	2026-07-23 15:22:58"
"	69BA0CDE","	Chamber1","	1","	B01??(?)","	22.9","	2026-07-23 15:22:58"
"	69BA0CDE","	Chamber1","	1","	B01??(%RH)","	79.2","	2026-07-23 15:22:56"
"	69BA0CDE","	Chamber1","	1","	B01??(?)","	22.9","	2026-07-23 15:22:56"
"	69BA0CDE","	Chamber1","	1","	B01??(%RH)","	79.2","	2026-07-23 15:22:53"
"	69BA0CDE","	Chamber1","	1","	B01??(?)","	22.9","	2026-07-23 15:22:53"
"	69BA0CDE","	Chamber1","	1","	B01??(%RH)","	79.3","	2026-07-23 15:22:51"
"	69BA0CDE","	Chamber1","	1","	B01??(?)","	22.9","	2026-07-23 15:22:51"
"	69BA0CDE","	Chamber1","	1","	B01??(%RH)","	79.4","	2026-07-23 15:22:49"
"	69BA0CDE","	Chamber1","	1","	B01??(?)","	22.9","	2026-07-23 15:22:49"
"	69BA0CDE","	Chamber1","	1","	B01??(%RH)","	79.5","	2026-07-23 15:22:47"
"	69BA0CDE","	Chamber1","	1","	B01??(?)","	22.9","	2026-07-23 15:22:47"
"	69BA0CDE","	Chamber1","	1","	B01??(%RH)","	79.5","	2026-07-23 15:22:45"
"	69BA0CDE","	Chamber1","	1","	B01??(?)","	22.9","	2026-07-23 15:22:45"
"	69BA0CDE","	Chamber1","	1","	B01??(%RH)","	79.5","	2026-07-23 15:22:43"
"	69BA0CDE","	Chamber1","	1","	B01??(?)","	22.9","	2026-07-23 15:22:43"
"	69BA0CDE","	Chamber1","	1","	B01??(%RH)","	79.5","	2026-07-23 15:22:41"
"	69BA0CDE","	Chamber1","	1","	B01??(?)","	22.9","	2026-07-23 15:22:41"
"	69BA0CDE","	Chamber1","	1","	B01??(%RH)","	79.5","	2026-07-23 15:22:39"
"	69BA0CDE","	Chamber1","	1","	B01??(?)","	22.9","	2026-07-23 15:22:39"
"	69BA0CDE","	Chamber1","	1","	B01??(%RH)","	79.4","	2026-07-23 15:22:37"
"	69BA0CDE","	Chamber1","	1","	B01??(?)","	22.9","	2026-07-23 15:22:37"
"	69BA0CDE","	Chamber1","	1","	B01??(%RH)","	79.2","	2026-07-23 15:22:35"
"	69BA0CDE","	Chamber1","	1","	B01??(?)","	22.9","	2026-07-23 15:22:35"
"	69BA0CDE","	Chamber1","	1","	B01??(%RH)","	79.2","	2026-07-23 15:22:33"
"	69BA0CDE","	Chamber1","	1","	B01??(?)","	22.9","	2026-07-23 15:22:33"
"	69BA0CDE","	Chamber1","	1","	B01??(%RH)","	79.2","	2026-07-23 15:22:31"
"	69BA0CDE","	Chamber1","	1","	B01??(?)","	22.9","	2026-07-23 15:22:31"
"	69BA0CDE","	Chamber1","	1","	B01??(%RH)","	79.1","	2026-07-23 15:22:29"
"	69BA0CDE","	Chamber1","	1","	B01??(?)","	22.9","	2026-07-23 15:22:29"
"	69BA0CDE","	Chamber1","	1","	B01??(%RH)","	79","	2026-07-23 15:22:27"
"	69BA0CDE","	Chamber1","	1","	B01??(?)","	22.9","	2026-07-23 15:22:27"
"	69BA0CDE","	Chamber1","	1","	B01??(%RH)","	79","	2026-07-23 15:22:25"
"	69BA0CDE","	Chamber1","	1","	B01??(?)","	22.9","	2026-07-23 15:22:25"
"	69BA0CDE","	Chamber1","	1","	B01??(%RH)","	79","	2026-07-23 15:22:23"
"	69BA0CDE","	Chamber1","	1","	B01??(?)","	22.9","	2026-07-23 15:22:23"
"	69BA0CDE","	Chamber1","	1","	B01??(%RH)","	79","	2026-07-23 15:22:21"
"	69BA0CDE","	Chamber1","	1","	B01??(?)","	22.9","	2026-07-23 15:22:21"
"	69BA0CDE","	Chamber1","	1","	B01??(%RH)","	78.9","	2026-07-23 15:22:19"
"	69BA0CDE","	Chamber1","	1","	B01??(?)","	22.9","	2026-07-23 15:22:19"
"	69BA0CDE","	Chamber1","	1","	B01??(%RH)","	79","	2026-07-23 15:22:17"
"	69BA0CDE","	Chamber1","	1","	B01??(?)","	22.9","	2026-07-23 15:22:17"
"	69BA0CDE","	Chamber1","	1","	B01??(%RH)","	79.1","	2026-07-23 15:22:15"
"	69BA0CDE","	Chamber1","	1","	B01??(?)","	22.9","	2026-07-23 15:22:15"
"	69BA0CDE","	Chamber1","	1","	B01??(%RH)","	79","	2026-07-23 15:22:12"
"	69BA0CDE","	Chamber1","	1","	B01??(?)","	22.9","	2026-07-23 15:22:12"
"	69BA0CDE","	Chamber1","	1","	B01??(%RH)","	78.7","	2026-07-23 15:22:10"
"	69BA0CDE","	Chamber1","	1","	B01??(?)","	22.9","	2026-07-23 15:22:10"
"	69BA0CDE","	Chamber1","	1","	B01??(%RH)","	78.7","	2026-07-23 15:22:08"
"	69BA0CDE","	Chamber1","	1","	B01??(?)","	22.9","	2026-07-23 15:22:08"
"	69BA0CDE","	Chamber1","	1","	B01??(%RH)","	78.7","	2026-07-23 15:22:06"
"	69BA0CDE","	Chamber1","	1","	B01??(?)","	22.9","	2026-07-23 15:22:06"
"	69BA0CDE","	Chamber1","	1","	B01??(%RH)","	78.6","	2026-07-23 15:22:04"
"	69BA0CDE","	Chamber1","	1","	B01??(?)","	22.9","	2026-07-23 15:22:04"
"	69BA0CDE","	Chamber1","	1","	B01??(%RH)","	78.6","	2026-07-23 15:22:02"
"	69BA0CDE","	Chamber1","	1","	B01??(?)","	22.9","	2026-07-23 15:22:02"
"	69BA0CDE","	Chamber1","	1","	B01??(%RH)","	78.5","	2026-07-23 15:22:00"
"	69BA0CDE","	Chamber1","	1","	B01??(?)","	22.9","	2026-07-23 15:22:00"
"	69BA0CDE","	Chamber1","	1","	B01??(%RH)","	78.3","	2026-07-23 15:21:58"
"	69BA0CDE","	Chamber1","	1","	B01??(?)","	22.9","	2026-07-23 15:21:58"
"	69BA0CDE","	Chamber1","	1","	B01??(%RH)","	78.2","	2026-07-23 15:21:56"
"	69BA0CDE","	Chamber1","	1","	B01??(?)","	22.9","	2026-07-23 15:21:56"
"	69BA0CDE","	Chamber1","	1","	B01??(%RH)","	78.1","	2026-07-23 15:21:54"
"	69BA0CDE","	Chamber1","	1","	B01??(?)","	22.9","	2026-07-23 15:21:54"
"	69BA0CDE","	Chamber1","	1","	B01??(%RH)","	78.1","	2026-07-23 15:21:52"
"	69BA0CDE","	Chamber1","	1","	B01??(?)","	22.9","	2026-07-23 15:21:52"
"	69BA0CDE","	Chamber1","	1","	B01??(%RH)","	78.2","	2026-07-23 15:21:50"
"	69BA0CDE","	Chamber1","	1","	B01??(?)","	22.9","	2026-07-23 15:21:50"
"	69BA0CDE","	Chamber1","	1","	B01??(%RH)","	78.4","	2026-07-23 15:21:48"
"	69BA0CDE","	Chamber1","	1","	B01??(?)","	22.9","	2026-07-23 15:21:48"
"	69BA0CDE","	Chamber1","	1","	B01??(%RH)","	78.2","	2026-07-23 15:21:46"
"	69BA0CDE","	Chamber1","	1","	B01??(?)","	22.9","	2026-07-23 15:21:46"
"	69BA0CDE","	Chamber1","	1","	B01??(%RH)","	78.1","	2026-07-23 15:21:44"
"	69BA0CDE","	Chamber1","	1","	B01??(?)","	22.9","	2026-07-23 15:21:44"
"	69BA0CDE","	Chamber1","	1","	B01??(%RH)","	78.2","	2026-07-23 15:21:42"
"	69BA0CDE","	Chamber1","	1","	B01??(?)","	22.9","	2026-07-23 15:21:42"
"	69BA0CDE","	Chamber1","	1","	B01??(%RH)","	78.3","	2026-07-23 15:21:40"
"	69BA0CDE","	Chamber1","	1","	B01??(?)","	22.9","	2026-07-23 15:21:40"
"	69BA0CDE","	Chamber1","	1","	B01??(%RH)","	78.4","	2026-07-23 15:21:38"
"	69BA0CDE","	Chamber1","	1","	B01??(?)","	22.9","	2026-07-23 15:21:38"
"	69BA0CDE","	Chamber1","	1","	B01??(%RH)","	78.5","	2026-07-23 15:21:36"
"	69BA0CDE","	Chamber1","	1","	B01??(?)","	22.9","	2026-07-23 15:21:36"
"	69BA0CDE","	Chamber1","	1","	B01??(%RH)","	78.6","	2026-07-23 15:21:34"
"	69BA0CDE","	Chamber1","	1","	B01??(?)","	22.9","	2026-07-23 15:21:34"
"	69BA0CDE","	Chamber1","	1","	B01??(%RH)","	78.4","	2026-07-23 15:21:32"
"	69BA0CDE","	Chamber1","	1","	B01??(?)","	22.9","	2026-07-23 15:21:32"
"	69BA0CDE","	Chamber1","	1","	B01??(%RH)","	78.3","	2026-07-23 15:21:30"
"	69BA0CDE","	Chamber1","	1","	B01??(?)","	22.9","	2026-07-23 15:21:30"
"	69BA0CDE","	Chamber1","	1","	B01??(%RH)","	78.2","	2026-07-23 15:21:27"
"	69BA0CDE","	Chamber1","	1","	B01??(?)","	22.9","	2026-07-23 15:21:27"
"	69BA0CDE","	Chamber1","	1","	B01??(%RH)","	78.3","	2026-07-23 15:21:25"
"	69BA0CDE","	Chamber1","	1","	B01??(?)","	22.9","	2026-07-23 15:21:25"
"	69BA0CDE","	Chamber1","	1","	B01??(%RH)","	78.4","	2026-07-23 15:21:23"
"	69BA0CDE","	Chamber1","	1","	B01??(?)","	22.9","	2026-07-23 15:21:23"
"	69BA0CDE","	Chamber1","	1","	B01??(%RH)","	78.4","	2026-07-23 15:21:21"
"	69BA0CDE","	Chamber1","	1","	B01??(?)","	22.9","	2026-07-23 15:21:21"
"	69BA0CDE","	Chamber1","	1","	B01??(%RH)","	78.4","	2026-07-23 15:21:19"
"	69BA0CDE","	Chamber1","	1","	B01??(?)","	22.9","	2026-07-23 15:21:19"
"	69BA0CDE","	Chamber1","	1","	B01??(%RH)","	78.5","	2026-07-23 15:21:17"
"	69BA0CDE","	Chamber1","	1","	B01??(?)","	22.9","	2026-07-23 15:21:17"
"	69BA0CDE","	Chamber1","	1","	B01??(%RH)","	78.3","	2026-07-23 15:21:15"
"	69BA0CDE","	Chamber1","	1","	B01??(?)","	22.9","	2026-07-23 15:21:15"
"	69BA0CDE","	Chamber1","	1","	B01??(%RH)","	78.3","	2026-07-23 15:21:13"
"	69BA0CDE","	Chamber1","	1","	B01??(?)","	22.9","	2026-07-23 15:21:13"
"	69BA0CDE","	Chamber1","	1","	B01??(%RH)","	78.4","	2026-07-23 15:21:11"
"	69BA0CDE","	Chamber1","	1","	B01??(?)","	22.9","	2026-07-23 15:21:11"
"	69BA0CDE","	Chamber1","	1","	B01??(%RH)","	78.5","	2026-07-23 15:21:09"
"	69BA0CDE","	Chamber1","	1","	B01??(?)","	22.9","	2026-07-23 15:21:09"
"	69BA0CDE","	Chamber1","	1","	B01??(%RH)","	78.6","	2026-07-23 15:21:07"
"	69BA0CDE","	Chamber1","	1","	B01??(?)","	22.9","	2026-07-23 15:21:07"
"	69BA0CDE","	Chamber1","	1","	B01??(%RH)","	78.7","	2026-07-23 15:21:05"
"	69BA0CDE","	Chamber1","	1","	B01??(?)","	22.9","	2026-07-23 15:21:05"
"	69BA0CDE","	Chamber1","	1","	B01??(%RH)","	78.6","	2026-07-23 15:21:03"
"	69BA0CDE","	Chamber1","	1","	B01??(?)","	22.9","	2026-07-23 15:21:03"
"	69BA0CDE","	Chamber1","	1","	B01??(%RH)","	78.6","	2026-07-23 15:21:01"
"	69BA0CDE","	Chamber1","	1","	B01??(?)","	22.9","	2026-07-23 15:21:01"
"	69BA0CDE","	Chamber1","	1","	B01??(%RH)","	78.5","	2026-07-23 15:20:59"
"	69BA0CDE","	Chamber1","	1","	B01??(?)","	22.9","	2026-07-23 15:20:59"
"	69BA0CDE","	Chamber1","	1","	B01??(%RH)","	78.5","	2026-07-23 15:20:57"
"	69BA0CDE","	Chamber1","	1","	B01??(?)","	22.9","	2026-07-23 15:20:57"
"	69BA0CDE","	Chamber1","	1","	B01??(%RH)","	78.4","	2026-07-23 15:20:55"
"	69BA0CDE","	Chamber1","	1","	B01??(?)","	22.9","	2026-07-23 15:20:55"
"	69BA0CDE","	Chamber1","	1","	B01??(%RH)","	78.4","	2026-07-23 15:20:53"
"	69BA0CDE","	Chamber1","	1","	B01??(?)","	23","	2026-07-23 15:20:53"
"	69BA0CDE","	Chamber1","	1","	B01??(%RH)","	78.3","	2026-07-23 15:20:51"
"	69BA0CDE","	Chamber1","	1","	B01??(?)","	22.9","	2026-07-23 15:20:51"
"	69BA0CDE","	Chamber1","	1","	B01??(%RH)","	78.4","	2026-07-23 15:20:49"
"	69BA0CDE","	Chamber1","	1","	B01??(?)","	22.9","	2026-07-23 15:20:49"
"	69BA0CDE","	Chamber1","	1","	B01??(%RH)","	78.6","	2026-07-23 15:20:47"
"	69BA0CDE","	Chamber1","	1","	B01??(?)","	22.9","	2026-07-23 15:20:47"
"	69BA0CDE","	Chamber1","	1","	B01??(%RH)","	78.7","	2026-07-23 15:20:44"
"	69BA0CDE","	Chamber1","	1","	B01??(?)","	22.9","	2026-07-23 15:20:44"
"	69BA0CDE","	Chamber1","	1","	B01??(%RH)","	78.6","	2026-07-23 15:20:42"
"	69BA0CDE","	Chamber1","	1","	B01??(?)","	22.9","	2026-07-23 15:20:42"
"	69BA0CDE","	Chamber1","	1","	B01??(%RH)","	78.5","	2026-07-23 15:20:40"
"	69BA0CDE","	Chamber1","	1","	B01??(?)","	22.9","	2026-07-23 15:20:40"
"	69BA0CDE","	Chamber1","	1","	B01??(%RH)","	78.4","	2026-07-23 15:20:38"
"	69BA0CDE","	Chamber1","	1","	B01??(?)","	22.9","	2026-07-23 15:20:38"
"	69BA0CDE","	Chamber1","	1","	B01??(%RH)","	78.3","	2026-07-23 15:20:36"
"	69BA0CDE","	Chamber1","	1","	B01??(?)","	22.9","	2026-07-23 15:20:36"
"	69BA0CDE","	Chamber1","	1","	B01??(%RH)","	78.2","	2026-07-23 15:20:34"
"	69BA0CDE","	Chamber1","	1","	B01??(?)","	22.9","	2026-07-23 15:20:34"
"	69BA0CDE","	Chamber1","	1","	B01??(%RH)","	78.2","	2026-07-23 15:20:32"
"	69BA0CDE","	Chamber1","	1","	B01??(?)","	22.9","	2026-07-23 15:20:32"
"	69BA0CDE","	Chamber1","	1","	B01??(%RH)","	78.2","	2026-07-23 15:20:30"
"	69BA0CDE","	Chamber1","	1","	B01??(?)","	22.9","	2026-07-23 15:20:30"
"	69BA0CDE","	Chamber1","	1","	B01??(%RH)","	78.2","	2026-07-23 15:20:28"
"	69BA0CDE","	Chamber1","	1","	B01??(?)","	22.9","	2026-07-23 15:20:28"
"	69BA0CDE","	Chamber1","	1","	B01??(%RH)","	78.1","	2026-07-23 15:20:26"
"	69BA0CDE","	Chamber1","	1","	B01??(?)","	22.9","	2026-07-23 15:20:26"
"	69BA0CDE","	Chamber1","	1","	B01??(%RH)","	78.2","	2026-07-23 15:20:24"
"	69BA0CDE","	Chamber1","	1","	B01??(?)","	22.9","	2026-07-23 15:20:24"
"	69BA0CDE","	Chamber1","	1","	B01??(%RH)","	78.2","	2026-07-23 15:20:22"
"	69BA0CDE","	Chamber1","	1","	B01??(?)","	22.9","	2026-07-23 15:20:22"
"	69BA0CDE","	Chamber1","	1","	B01??(%RH)","	78.3","	2026-07-23 15:20:20"
"	69BA0CDE","	Chamber1","	1","	B01??(?)","	23","	2026-07-23 15:20:20"
"	69BA0CDE","	Chamber1","	1","	B01??(%RH)","	78.5","	2026-07-23 15:20:18"
"	69BA0CDE","	Chamber1","	1","	B01??(?)","	22.9","	2026-07-23 15:20:18"
"	69BA0CDE","	Chamber1","	1","	B01??(%RH)","	78.7","	2026-07-23 15:20:16"
"	69BA0CDE","	Chamber1","	1","	B01??(?)","	23","	2026-07-23 15:20:16"
"	69BA0CDE","	Chamber1","	1","	B01??(%RH)","	78.8","	2026-07-23 15:20:14"
"	69BA0CDE","	Chamber1","	1","	B01??(?)","	22.9","	2026-07-23 15:20:14"
"	69BA0CDE","	Chamber1","	1","	B01??(%RH)","	78.9","	2026-07-23 15:20:12"
"	69BA0CDE","	Chamber1","	1","	B01??(?)","	23","	2026-07-23 15:20:12"
"	69BA0CDE","	Chamber1","	1","	B01??(%RH)","	78.7","	2026-07-23 15:20:10"
"	69BA0CDE","	Chamber1","	1","	B01??(?)","	23","	2026-07-23 15:20:10"
"	69BA0CDE","	Chamber1","	1","	B01??(%RH)","	78.7","	2026-07-23 15:20:08"
"	69BA0CDE","	Chamber1","	1","	B01??(?)","	22.9","	2026-07-23 15:20:08"
"	69BA0CDE","	Chamber1","	1","	B01??(%RH)","	78.5","	2026-07-23 15:20:06"
"	69BA0CDE","	Chamber1","	1","	B01??(?)","	23","	2026-07-23 15:20:06"
"	69BA0CDE","	Chamber1","	1","	B01??(%RH)","	78.4","	2026-07-23 15:20:04"
"	69BA0CDE","	Chamber1","	1","	B01??(?)","	22.9","	2026-07-23 15:20:04"
"	69BA0CDE","	Chamber1","	1","	B01??(%RH)","	78.5","	2026-07-23 15:20:01"
"	69BA0CDE","	Chamber1","	1","	B01??(?)","	23","	2026-07-23 15:20:01"
"	69BA0CDE","	Chamber1","	1","	B01??(%RH)","	78.5","	2026-07-23 15:19:59"
"	69BA0CDE","	Chamber1","	1","	B01??(?)","	22.9","	2026-07-23 15:19:59"
"	69BA0CDE","	Chamber1","	1","	B01??(%RH)","	78.6","	2026-07-23 15:19:57"
"	69BA0CDE","	Chamber1","	1","	B01??(?)","	22.9","	2026-07-23 15:19:57"
"	69BA0CDE","	Chamber1","	1","	B01??(%RH)","	78.6","	2026-07-23 15:19:55"
"	69BA0CDE","	Chamber1","	1","	B01??(?)","	22.9","	2026-07-23 15:19:55"
"	69BA0CDE","	Chamber1","	1","	B01??(%RH)","	78.5","	2026-07-23 15:19:53"
"	69BA0CDE","	Chamber1","	1","	B01??(?)","	22.9","	2026-07-23 15:19:53"
"	69BA0CDE","	Chamber1","	1","	B01??(%RH)","	78.4","	2026-07-23 15:19:51"
"	69BA0CDE","	Chamber1","	1","	B01??(?)","	22.9","	2026-07-23 15:19:51"
"	69BA0CDE","	Chamber1","	1","	B01??(%RH)","	78.4","	2026-07-23 15:19:49"
"	69BA0CDE","	Chamber1","	1","	B01??(?)","	22.9","	2026-07-23 15:19:49"
"	69BA0CDE","	Chamber1","	1","	B01??(%RH)","	78.4","	2026-07-23 15:19:47"
"	69BA0CDE","	Chamber1","	1","	B01??(?)","	22.9","	2026-07-23 15:19:47"
"	69BA0CDE","	Chamber1","	1","	B01??(%RH)","	78.5","	2026-07-23 15:19:45"
"	69BA0CDE","	Chamber1","	1","	B01??(?)","	22.9","	2026-07-23 15:19:45"
"	69BA0CDE","	Chamber1","	1","	B01??(%RH)","	78.5","	2026-07-23 15:19:43"
"	69BA0CDE","	Chamber1","	1","	B01??(?)","	22.9","	2026-07-23 15:19:43"
"	69BA0CDE","	Chamber1","	1","	B01??(%RH)","	78.5","	2026-07-23 15:19:41"
"	69BA0CDE","	Chamber1","	1","	B01??(?)","	22.9","	2026-07-23 15:19:41"
"	69BA0CDE","	Chamber1","	1","	B01??(%RH)","	78.5","	2026-07-23 15:19:39"
"	69BA0CDE","	Chamber1","	1","	B01??(?)","	22.9","	2026-07-23 15:19:39"
"	69BA0CDE","	Chamber1","	1","	B01??(%RH)","	78.5","	2026-07-23 15:19:37"
"	69BA0CDE","	Chamber1","	1","	B01??(?)","	22.9","	2026-07-23 15:19:37"
"	69BA0CDE","	Chamber1","	1","	B01??(%RH)","	78.5","	2026-07-23 15:19:35"
"	69BA0CDE","	Chamber1","	1","	B01??(?)","	22.9","	2026-07-23 15:19:35"
"	69BA0CDE","	Chamber1","	1","	B01??(%RH)","	78.6","	2026-07-23 15:19:33"
"	69BA0CDE","	Chamber1","	1","	B01??(?)","	22.9","	2026-07-23 15:19:33"
"	69BA0CDE","	Chamber1","	1","	B01??(%RH)","	78.5","	2026-07-23 15:19:31"
"	69BA0CDE","	Chamber1","	1","	B01??(?)","	22.9","	2026-07-23 15:19:31"
"	69BA0CDE","	Chamber1","	1","	B01??(%RH)","	78.4","	2026-07-23 15:19:29"
"	69BA0CDE","	Chamber1","	1","	B01??(?)","	22.9","	2026-07-23 15:19:29"
"	69BA0CDE","	Chamber1","	1","	B01??(%RH)","	78.3","	2026-07-23 15:19:27"
"	69BA0CDE","	Chamber1","	1","	B01??(?)","	22.9","	2026-07-23 15:19:27"
"	69BA0CDE","	Chamber1","	1","	B01??(%RH)","	78.3","	2026-07-23 15:19:25"
"	69BA0CDE","	Chamber1","	1","	B01??(?)","	22.9","	2026-07-23 15:19:25"
"	69BA0CDE","	Chamber1","	1","	B01??(%RH)","	78.3","	2026-07-23 15:19:23"
"	69BA0CDE","	Chamber1","	1","	B01??(?)","	22.9","	2026-07-23 15:19:23"
"	69BA0CDE","	Chamber1","	1","	B01??(%RH)","	78.3","	2026-07-23 15:19:21"
"	69BA0CDE","	Chamber1","	1","	B01??(?)","	22.9","	2026-07-23 15:19:21"
"	69BA0CDE","	Chamber1","	1","	B01??(%RH)","	78.4","	2026-07-23 15:19:18"
"	69BA0CDE","	Chamber1","	1","	B01??(?)","	22.9","	2026-07-23 15:19:18"
"	69BA0CDE","	Chamber1","	1","	B01??(%RH)","	78.5","	2026-07-23 15:19:16"
"	69BA0CDE","	Chamber1","	1","	B01??(?)","	22.9","	2026-07-23 15:19:16"
"	69BA0CDE","	Chamber1","	1","	B01??(%RH)","	78.5","	2026-07-23 15:19:14"
"	69BA0CDE","	Chamber1","	1","	B01??(?)","	22.9","	2026-07-23 15:19:14"
"	69BA0CDE","	Chamber1","	1","	B01??(%RH)","	78.4","	2026-07-23 15:19:12"
"	69BA0CDE","	Chamber1","	1","	B01??(?)","	22.9","	2026-07-23 15:19:12"
"	69BA0CDE","	Chamber1","	1","	B01??(%RH)","	78.3","	2026-07-23 15:19:10"
"	69BA0CDE","	Chamber1","	1","	B01??(?)","	22.9","	2026-07-23 15:19:10"
"	69BA0CDE","	Chamber1","	1","	B01??(%RH)","	78.2","	2026-07-23 15:19:08"
"	69BA0CDE","	Chamber1","	1","	B01??(?)","	22.9","	2026-07-23 15:19:08"
"	69BA0CDE","	Chamber1","	1","	B01??(%RH)","	78","	2026-07-23 15:19:06"
"	69BA0CDE","	Chamber1","	1","	B01??(?)","	22.9","	2026-07-23 15:19:06"
"	69BA0CDE","	Chamber1","	1","	B01??(%RH)","	77.9","	2026-07-23 15:19:04"
"	69BA0CDE","	Chamber1","	1","	B01??(?)","	22.9","	2026-07-23 15:19:04"
"	69BA0CDE","	Chamber1","	1","	B01??(%RH)","	77.8","	2026-07-23 15:19:02"
"	69BA0CDE","	Chamber1","	1","	B01??(?)","	22.9","	2026-07-23 15:19:02"
"	69BA0CDE","	Chamber1","	1","	B01??(%RH)","	77.8","	2026-07-23 15:19:00"
"	69BA0CDE","	Chamber1","	1","	B01??(?)","	22.9","	2026-07-23 15:19:00"
"	69BA0CDE","	Chamber1","	1","	B01??(%RH)","	77.9","	2026-07-23 15:18:58"
"	69BA0CDE","	Chamber1","	1","	B01??(?)","	22.9","	2026-07-23 15:18:58"
"	69BA0CDE","	Chamber1","	1","	B01??(%RH)","	78","	2026-07-23 15:18:56"
"	69BA0CDE","	Chamber1","	1","	B01??(?)","	22.9","	2026-07-23 15:18:56"
"	69BA0CDE","	Chamber1","	1","	B01??(%RH)","	78.1","	2026-07-23 15:18:54"
"	69BA0CDE","	Chamber1","	1","	B01??(?)","	22.9","	2026-07-23 15:18:54"
"	69BA0CDE","	Chamber1","	1","	B01??(%RH)","	78.2","	2026-07-23 15:18:52"
"	69BA0CDE","	Chamber1","	1","	B01??(?)","	22.9","	2026-07-23 15:18:52"
"	69BA0CDE","	Chamber1","	1","	B01??(%RH)","	78.3","	2026-07-23 15:18:50"
"	69BA0CDE","	Chamber1","	1","	B01??(?)","	22.9","	2026-07-23 15:18:50"
"	69BA0CDE","	Chamber1","	1","	B01??(%RH)","	78.2","	2026-07-23 15:18:48"
"	69BA0CDE","	Chamber1","	1","	B01??(?)","	22.9","	2026-07-23 15:18:48"
"	69BA0CDE","	Chamber1","	1","	B01??(%RH)","	78.2","	2026-07-23 15:18:46"
"	69BA0CDE","	Chamber1","	1","	B01??(?)","	22.9","	2026-07-23 15:18:46"
"	69BA0CDE","	Chamber1","	1","	B01??(%RH)","	78.2","	2026-07-23 15:18:44"
"	69BA0CDE","	Chamber1","	1","	B01??(?)","	22.9","	2026-07-23 15:18:44"
"	69BA0CDE","	Chamber1","	1","	B01??(%RH)","	78.1","	2026-07-23 15:18:42"
"	69BA0CDE","	Chamber1","	1","	B01??(?)","	22.9","	2026-07-23 15:18:42"
"	69BA0CDE","	Chamber1","	1","	B01??(%RH)","	78","	2026-07-23 15:18:40"
"	69BA0CDE","	Chamber1","	1","	B01??(?)","	22.9","	2026-07-23 15:18:40"
"	69BA0CDE","	Chamber1","	1","	B01??(%RH)","	77.9","	2026-07-23 15:18:38"
"	69BA0CDE","	Chamber1","	1","	B01??(?)","	23","	2026-07-23 15:18:38"
"	69BA0CDE","	Chamber1","	1","	B01??(%RH)","	77.6","	2026-07-23 15:18:35"
"	69BA0CDE","	Chamber1","	1","	B01??(?)","	22.9","	2026-07-23 15:18:35"
"	69BA0CDE","	Chamber1","	1","	B01??(%RH)","	77.4","	2026-07-23 15:18:33"
"	69BA0CDE","	Chamber1","	1","	B01??(?)","	23","	2026-07-23 15:18:33"
"	69BA0CDE","	Chamber1","	1","	B01??(%RH)","	77.3","	2026-07-23 15:18:31"
"	69BA0CDE","	Chamber1","	1","	B01??(?)","	22.9","	2026-07-23 15:18:31"
"	69BA0CDE","	Chamber1","	1","	B01??(%RH)","	77.2","	2026-07-23 15:18:29"
"	69BA0CDE","	Chamber1","	1","	B01??(?)","	23","	2026-07-23 15:18:29"
"	69BA0CDE","	Chamber1","	1","	B01??(%RH)","	77.2","	2026-07-23 15:18:27"
"	69BA0CDE","	Chamber1","	1","	B01??(?)","	22.9","	2026-07-23 15:18:27"
"	69BA0CDE","	Chamber1","	1","	B01??(%RH)","	77.2","	2026-07-23 15:18:25"
"	69BA0CDE","	Chamber1","	1","	B01??(?)","	22.9","	2026-07-23 15:18:25"
"	69BA0CDE","	Chamber1","	1","	B01??(%RH)","	77.3","	2026-07-23 15:18:23"
"	69BA0CDE","	Chamber1","	1","	B01??(?)","	22.9","	2026-07-23 15:18:23"
"	69BA0CDE","	Chamber1","	1","	B01??(%RH)","	77.4","	2026-07-23 15:18:21"
"	69BA0CDE","	Chamber1","	1","	B01??(?)","	22.9","	2026-07-23 15:18:21"
"	69BA0CDE","	Chamber1","	1","	B01??(%RH)","	77.5","	2026-07-23 15:18:19"
"	69BA0CDE","	Chamber1","	1","	B01??(?)","	22.9","	2026-07-23 15:18:19"
"	69BA0CDE","	Chamber1","	1","	B01??(%RH)","	77.6","	2026-07-23 15:18:17"
"	69BA0CDE","	Chamber1","	1","	B01??(?)","	22.9","	2026-07-23 15:18:17"
"	69BA0CDE","	Chamber1","	1","	B01??(%RH)","	77.7","	2026-07-23 15:18:15"
"	69BA0CDE","	Chamber1","	1","	B01??(?)","	22.9","	2026-07-23 15:18:15"
"	69BA0CDE","	Chamber1","	1","	B01??(%RH)","	77.7","	2026-07-23 15:18:13"
"	69BA0CDE","	Chamber1","	1","	B01??(?)","	23","	2026-07-23 15:18:13"
"	69BA0CDE","	Chamber1","	1","	B01??(%RH)","	77.7","	2026-07-23 15:18:11"
"	69BA0CDE","	Chamber1","	1","	B01??(?)","	22.9","	2026-07-23 15:18:11"
"	69BA0CDE","	Chamber1","	1","	B01??(%RH)","	77.6","	2026-07-23 15:18:09"
"	69BA0CDE","	Chamber1","	1","	B01??(?)","	23","	2026-07-23 15:18:09"
"	69BA0CDE","	Chamber1","	1","	B01??(%RH)","	77.6","	2026-07-23 15:18:07"
"	69BA0CDE","	Chamber1","	1","	B01??(?)","	23","	2026-07-23 15:18:07"
"	69BA0CDE","	Chamber1","	1","	B01??(%RH)","	77.6","	2026-07-23 15:18:05"
"	69BA0CDE","	Chamber1","	1","	B01??(?)","	22.9","	2026-07-23 15:18:05"
"	69BA0CDE","	Chamber1","	1","	B01??(%RH)","	77.5","	2026-07-23 15:18:03"
"	69BA0CDE","	Chamber1","	1","	B01??(?)","	22.9","	2026-07-23 15:18:03"
"	69BA0CDE","	Chamber1","	1","	B01??(%RH)","	77.5","	2026-07-23 15:18:01"
"	69BA0CDE","	Chamber1","	1","	B01??(?)","	22.9","	2026-07-23 15:18:01"
"	69BA0CDE","	Chamber1","	1","	B01??(%RH)","	77.6","	2026-07-23 15:17:59"
"	69BA0CDE","	Chamber1","	1","	B01??(?)","	23","	2026-07-23 15:17:59"
"	69BA0CDE","	Chamber1","	1","	B01??(%RH)","	77.6","	2026-07-23 15:17:57"
"	69BA0CDE","	Chamber1","	1","	B01??(?)","	23","	2026-07-23 15:17:57"
"	69BA0CDE","	Chamber1","	1","	B01??(%RH)","	77.6","	2026-07-23 15:17:55"
"	69BA0CDE","	Chamber1","	1","	B01??(?)","	23","	2026-07-23 15:17:55"
"	69BA0CDE","	Chamber1","	1","	B01??(%RH)","	77.5","	2026-07-23 15:17:53"
"	69BA0CDE","	Chamber1","	1","	B01??(?)","	23","	2026-07-23 15:17:53"
"	69BA0CDE","	Chamber1","	1","	B01??(%RH)","	77.5","	2026-07-23 15:17:50"
"	69BA0CDE","	Chamber1","	1","	B01??(?)","	23","	2026-07-23 15:17:50"
"	69BA0CDE","	Chamber1","	1","	B01??(%RH)","	77.6","	2026-07-23 15:17:48"
"	69BA0CDE","	Chamber1","	1","	B01??(?)","	23","	2026-07-23 15:17:48"
"	69BA0CDE","	Chamber1","	1","	B01??(%RH)","	77.6","	2026-07-23 15:17:46"
"	69BA0CDE","	Chamber1","	1","	B01??(?)","	23","	2026-07-23 15:17:46"
"	69BA0CDE","	Chamber1","	1","	B01??(%RH)","	77.5","	2026-07-23 15:17:44"
"	69BA0CDE","	Chamber1","	1","	B01??(?)","	23","	2026-07-23 15:17:44"
"	69BA0CDE","	Chamber1","	1","	B01??(%RH)","	77.3","	2026-07-23 15:17:42"
"	69BA0CDE","	Chamber1","	1","	B01??(?)","	23","	2026-07-23 15:17:42"
"	69BA0CDE","	Chamber1","	1","	B01??(%RH)","	77.3","	2026-07-23 15:17:40"
"	69BA0CDE","	Chamber1","	1","	B01??(?)","	23","	2026-07-23 15:17:40"
"	69BA0CDE","	Chamber1","	1","	B01??(%RH)","	77.2","	2026-07-23 15:17:38"
"	69BA0CDE","	Chamber1","	1","	B01??(?)","	23","	2026-07-23 15:17:38"
"	69BA0CDE","	Chamber1","	1","	B01??(%RH)","	77.3","	2026-07-23 15:17:36"
"	69BA0CDE","	Chamber1","	1","	B01??(?)","	23","	2026-07-23 15:17:36"
"	69BA0CDE","	Chamber1","	1","	B01??(%RH)","	77.4","	2026-07-23 15:17:34"
"	69BA0CDE","	Chamber1","	1","	B01??(?)","	22.9","	2026-07-23 15:17:34"
"	69BA0CDE","	Chamber1","	1","	B01??(%RH)","	77.5","	2026-07-23 15:17:32"
"	69BA0CDE","	Chamber1","	1","	B01??(?)","	23","	2026-07-23 15:17:32"
"	69BA0CDE","	Chamber1","	1","	B01??(%RH)","	77.4","	2026-07-23 15:17:30"
"	69BA0CDE","	Chamber1","	1","	B01??(?)","	22.9","	2026-07-23 15:17:30"
"	69BA0CDE","	Chamber1","	1","	B01??(%RH)","	77.4","	2026-07-23 15:17:28"
"	69BA0CDE","	Chamber1","	1","	B01??(?)","	23","	2026-07-23 15:17:28"
"	69BA0CDE","	Chamber1","	1","	B01??(%RH)","	77.4","	2026-07-23 15:17:26"
"	69BA0CDE","	Chamber1","	1","	B01??(?)","	23","	2026-07-23 15:17:26"
"	69BA0CDE","	Chamber1","	1","	B01??(%RH)","	77.3","	2026-07-23 15:17:24"
"	69BA0CDE","	Chamber1","	1","	B01??(?)","	23","	2026-07-23 15:17:24"
"	69BA0CDE","	Chamber1","	1","	B01??(%RH)","	77.4","	2026-07-23 15:17:22"
"	69BA0CDE","	Chamber1","	1","	B01??(?)","	23","	2026-07-23 15:17:22"
"	69BA0CDE","	Chamber1","	1","	B01??(%RH)","	77.5","	2026-07-23 15:17:20"
"	69BA0CDE","	Chamber1","	1","	B01??(?)","	23","	2026-07-23 15:17:20"
"	69BA0CDE","	Chamber1","	1","	B01??(%RH)","	77.6","	2026-07-23 15:17:18"
"	69BA0CDE","	Chamber1","	1","	B01??(?)","	23","	2026-07-23 15:17:18"
"	69BA0CDE","	Chamber1","	1","	B01??(%RH)","	77.7","	2026-07-23 15:17:16"
"	69BA0CDE","	Chamber1","	1","	B01??(?)","	23","	2026-07-23 15:17:16"
"	69BA0CDE","	Chamber1","	1","	B01??(%RH)","	77.8","	2026-07-23 15:17:14"
"	69BA0CDE","	Chamber1","	1","	B01??(?)","	23","	2026-07-23 15:17:14"
"	69BA0CDE","	Chamber1","	1","	B01??(%RH)","	77.9","	2026-07-23 15:17:12"
"	69BA0CDE","	Chamber1","	1","	B01??(?)","	23","	2026-07-23 15:17:12"
"	69BA0CDE","	Chamber1","	1","	B01??(%RH)","	78","	2026-07-23 15:17:10"
"	69BA0CDE","	Chamber1","	1","	B01??(?)","	23","	2026-07-23 15:17:10"
"	69BA0CDE","	Chamber1","	1","	B01??(%RH)","	78.1","	2026-07-23 15:17:07"
"	69BA0CDE","	Chamber1","	1","	B01??(?)","	23","	2026-07-23 15:17:07"
"	69BA0CDE","	Chamber1","	1","	B01??(%RH)","	78.2","	2026-07-23 15:17:05"
"	69BA0CDE","	Chamber1","	1","	B01??(?)","	23","	2026-07-23 15:17:05"
"	69BA0CDE","	Chamber1","	1","	B01??(%RH)","	78.3","	2026-07-23 15:17:03"
"	69BA0CDE","	Chamber1","	1","	B01??(?)","	23","	2026-07-23 15:17:03"
"	69BA0CDE","	Chamber1","	1","	B01??(%RH)","	78.4","	2026-07-23 15:17:01"
"	69BA0CDE","	Chamber1","	1","	B01??(?)","	23","	2026-07-23 15:17:01"
"	69BA0CDE","	Chamber1","	1","	B01??(%RH)","	78.5","	2026-07-23 15:16:59"
"	69BA0CDE","	Chamber1","	1","	B01??(?)","	23","	2026-07-23 15:16:59"
"	69BA0CDE","	Chamber1","	1","	B01??(%RH)","	78.6","	2026-07-23 15:16:57"
"	69BA0CDE","	Chamber1","	1","	B01??(?)","	23","	2026-07-23 15:16:57"
"	69BA0CDE","	Chamber1","	1","	B01??(%RH)","	78.7","	2026-07-23 15:16:55"
"	69BA0CDE","	Chamber1","	1","	B01??(?)","	23","	2026-07-23 15:16:55"
"	69BA0CDE","	Chamber1","	1","	B01??(%RH)","	78.9","	2026-07-23 15:16:53"
"	69BA0CDE","	Chamber1","	1","	B01??(?)","	23","	2026-07-23 15:16:53"
"	69BA0CDE","	Chamber1","	1","	B01??(%RH)","	78.9","	2026-07-23 15:16:51"
"	69BA0CDE","	Chamber1","	1","	B01??(?)","	23","	2026-07-23 15:16:51"
"	69BA0CDE","	Chamber1","	1","	B01??(%RH)","	79","	2026-07-23 15:16:49"
"	69BA0CDE","	Chamber1","	1","	B01??(?)","	23","	2026-07-23 15:16:49"
"	69BA0CDE","	Chamber1","	1","	B01??(%RH)","	79","	2026-07-23 15:16:47"
"	69BA0CDE","	Chamber1","	1","	B01??(?)","	23","	2026-07-23 15:16:47"
"	69BA0CDE","	Chamber1","	1","	B01??(%RH)","	79","	2026-07-23 15:16:45"
"	69BA0CDE","	Chamber1","	1","	B01??(?)","	23","	2026-07-23 15:16:45"
"	69BA0CDE","	Chamber1","	1","	B01??(%RH)","	78.9","	2026-07-23 15:16:43"
"	69BA0CDE","	Chamber1","	1","	B01??(?)","	23","	2026-07-23 15:16:43"
"	69BA0CDE","	Chamber1","	1","	B01??(%RH)","	78.8","	2026-07-23 15:16:41"
"	69BA0CDE","	Chamber1","	1","	B01??(?)","	23","	2026-07-23 15:16:41"
"	69BA0CDE","	Chamber1","	1","	B01??(%RH)","	78.7","	2026-07-23 15:16:39"
"	69BA0CDE","	Chamber1","	1","	B01??(?)","	23","	2026-07-23 15:16:39"
"	69BA0CDE","	Chamber1","	1","	B01??(%RH)","	78.7","	2026-07-23 15:16:37"
"	69BA0CDE","	Chamber1","	1","	B01??(?)","	23","	2026-07-23 15:16:37"
"	69BA0CDE","	Chamber1","	1","	B01??(%RH)","	78.7","	2026-07-23 15:16:35"
"	69BA0CDE","	Chamber1","	1","	B01??(?)","	23","	2026-07-23 15:16:35"
"	69BA0CDE","	Chamber1","	1","	B01??(%RH)","	78.6","	2026-07-23 15:16:33"
"	69BA0CDE","	Chamber1","	1","	B01??(?)","	23","	2026-07-23 15:16:33"
"	69BA0CDE","	Chamber1","	1","	B01??(%RH)","	78.5","	2026-07-23 15:16:31"
"	69BA0CDE","	Chamber1","	1","	B01??(?)","	23","	2026-07-23 15:16:31"
"	69BA0CDE","	Chamber1","	1","	B01??(%RH)","	78.5","	2026-07-23 15:16:29"
"	69BA0CDE","	Chamber1","	1","	B01??(?)","	23","	2026-07-23 15:16:29"
"	69BA0CDE","	Chamber1","	1","	B01??(%RH)","	78.6","	2026-07-23 15:16:27"
"	69BA0CDE","	Chamber1","	1","	B01??(?)","	23","	2026-07-23 15:16:27"
"	69BA0CDE","	Chamber1","	1","	B01??(%RH)","	78.6","	2026-07-23 15:16:24"
"	69BA0CDE","	Chamber1","	1","	B01??(?)","	23","	2026-07-23 15:16:24"
"	69BA0CDE","	Chamber1","	1","	B01??(%RH)","	78.6","	2026-07-23 15:16:22"
"	69BA0CDE","	Chamber1","	1","	B01??(?)","	23","	2026-07-23 15:16:22"
"	69BA0CDE","	Chamber1","	1","	B01??(%RH)","	78.6","	2026-07-23 15:16:20"
"	69BA0CDE","	Chamber1","	1","	B01??(?)","	23","	2026-07-23 15:16:20"
"	69BA0CDE","	Chamber1","	1","	B01??(%RH)","	78.5","	2026-07-23 15:16:18"
"	69BA0CDE","	Chamber1","	1","	B01??(?)","	23","	2026-07-23 15:16:18"
"	69BA0CDE","	Chamber1","	1","	B01??(%RH)","	78.4","	2026-07-23 15:16:16"
"	69BA0CDE","	Chamber1","	1","	B01??(?)","	23","	2026-07-23 15:16:16"
"	69BA0CDE","	Chamber1","	1","	B01??(%RH)","	78.3","	2026-07-23 15:16:14"
"	69BA0CDE","	Chamber1","	1","	B01??(?)","	23","	2026-07-23 15:16:14"
"	69BA0CDE","	Chamber1","	1","	B01??(%RH)","	78.2","	2026-07-23 15:16:12"
"	69BA0CDE","	Chamber1","	1","	B01??(?)","	23","	2026-07-23 15:16:12"
"	69BA0CDE","	Chamber1","	1","	B01??(%RH)","	78.2","	2026-07-23 15:16:10"
"	69BA0CDE","	Chamber1","	1","	B01??(?)","	23","	2026-07-23 15:16:10"
"	69BA0CDE","	Chamber1","	1","	B01??(%RH)","	78.3","	2026-07-23 15:16:08"
"	69BA0CDE","	Chamber1","	1","	B01??(?)","	23","	2026-07-23 15:16:08"
"	69BA0CDE","	Chamber1","	1","	B01??(%RH)","	78.3","	2026-07-23 15:16:06"
"	69BA0CDE","	Chamber1","	1","	B01??(?)","	23","	2026-07-23 15:16:06"
"	69BA0CDE","	Chamber1","	1","	B01??(%RH)","	78.2","	2026-07-23 15:16:04"
"	69BA0CDE","	Chamber1","	1","	B01??(?)","	23","	2026-07-23 15:16:04"
"	69BA0CDE","	Chamber1","	1","	B01??(%RH)","	78.3","	2026-07-23 15:16:02"
"	69BA0CDE","	Chamber1","	1","	B01??(?)","	23","	2026-07-23 15:16:02"
"	69BA0CDE","	Chamber1","	1","	B01??(%RH)","	78.4","	2026-07-23 15:16:00"
"	69BA0CDE","	Chamber1","	1","	B01??(?)","	23","	2026-07-23 15:16:00"
"	69BA0CDE","	Chamber1","	1","	B01??(%RH)","	78.4","	2026-07-23 15:15:58"
"	69BA0CDE","	Chamber1","	1","	B01??(?)","	23","	2026-07-23 15:15:58"
"	69BA0CDE","	Chamber1","	1","	B01??(%RH)","	78.4","	2026-07-23 15:15:56"
"	69BA0CDE","	Chamber1","	1","	B01??(?)","	23","	2026-07-23 15:15:56"
"	69BA0CDE","	Chamber1","	1","	B01??(%RH)","	78.4","	2026-07-23 15:15:54"
"	69BA0CDE","	Chamber1","	1","	B01??(?)","	23","	2026-07-23 15:15:54"
"	69BA0CDE","	Chamber1","	1","	B01??(%RH)","	78.4","	2026-07-23 15:15:52"
"	69BA0CDE","	Chamber1","	1","	B01??(?)","	23","	2026-07-23 15:15:52"
"	69BA0CDE","	Chamber1","	1","	B01??(%RH)","	78.3","	2026-07-23 15:15:50"
"	69BA0CDE","	Chamber1","	1","	B01??(?)","	23","	2026-07-23 15:15:50"
"	69BA0CDE","	Chamber1","	1","	B01??(%RH)","	78.3","	2026-07-23 15:15:48"
"	69BA0CDE","	Chamber1","	1","	B01??(?)","	23","	2026-07-23 15:15:48"
"	69BA0CDE","	Chamber1","	1","	B01??(%RH)","	78.3","	2026-07-23 15:15:46"
"	69BA0CDE","	Chamber1","	1","	B01??(?)","	23","	2026-07-23 15:15:46"
"	69BA0CDE","	Chamber1","	1","	B01??(%RH)","	78.2","	2026-07-23 15:15:44"
"	69BA0CDE","	Chamber1","	1","	B01??(?)","	23","	2026-07-23 15:15:44"
"	69BA0CDE","	Chamber1","	1","	B01??(%RH)","	78.3","	2026-07-23 15:15:41"
"	69BA0CDE","	Chamber1","	1","	B01??(?)","	23","	2026-07-23 15:15:41"
"	69BA0CDE","	Chamber1","	1","	B01??(%RH)","	78.3","	2026-07-23 15:15:39"
"	69BA0CDE","	Chamber1","	1","	B01??(?)","	23","	2026-07-23 15:15:39"
"	69BA0CDE","	Chamber1","	1","	B01??(%RH)","	78.4","	2026-07-23 15:15:37"
"	69BA0CDE","	Chamber1","	1","	B01??(?)","	23","	2026-07-23 15:15:37"
"	69BA0CDE","	Chamber1","	1","	B01??(%RH)","	78.5","	2026-07-23 15:15:35"
"	69BA0CDE","	Chamber1","	1","	B01??(?)","	23","	2026-07-23 15:15:35"
"	69BA0CDE","	Chamber1","	1","	B01??(%RH)","	78.6","	2026-07-23 15:15:33"
"	69BA0CDE","	Chamber1","	1","	B01??(?)","	23","	2026-07-23 15:15:33"
"	69BA0CDE","	Chamber1","	1","	B01??(%RH)","	78.7","	2026-07-23 15:15:31"
"	69BA0CDE","	Chamber1","	1","	B01??(?)","	23","	2026-07-23 15:15:31"
"	69BA0CDE","	Chamber1","	1","	B01??(%RH)","	78.6","	2026-07-23 15:15:29"
"	69BA0CDE","	Chamber1","	1","	B01??(?)","	23","	2026-07-23 15:15:29"
"	69BA0CDE","	Chamber1","	1","	B01??(%RH)","	78.6","	2026-07-23 15:15:27"
"	69BA0CDE","	Chamber1","	1","	B01??(?)","	23","	2026-07-23 15:15:27"
"	69BA0CDE","	Chamber1","	1","	B01??(%RH)","	78.7","	2026-07-23 15:15:25"
"	69BA0CDE","	Chamber1","	1","	B01??(?)","	23","	2026-07-23 15:15:25"
"	69BA0CDE","	Chamber1","	1","	B01??(%RH)","	78.6","	2026-07-23 15:15:23"
"	69BA0CDE","	Chamber1","	1","	B01??(?)","	23","	2026-07-23 15:15:23"
"	69BA0CDE","	Chamber1","	1","	B01??(%RH)","	78.6","	2026-07-23 15:15:21"
"	69BA0CDE","	Chamber1","	1","	B01??(?)","	23","	2026-07-23 15:15:21"
"	69BA0CDE","	Chamber1","	1","	B01??(%RH)","	78.4","	2026-07-23 15:15:19"
"	69BA0CDE","	Chamber1","	1","	B01??(?)","	23","	2026-07-23 15:15:19"
"	69BA0CDE","	Chamber1","	1","	B01??(%RH)","	78.2","	2026-07-23 15:15:17"
"	69BA0CDE","	Chamber1","	1","	B01??(?)","	23","	2026-07-23 15:15:17"
"	69BA0CDE","	Chamber1","	1","	B01??(%RH)","	78","	2026-07-23 15:15:15"
"	69BA0CDE","	Chamber1","	1","	B01??(?)","	23","	2026-07-23 15:15:15"
"	69BA0CDE","	Chamber1","	1","	B01??(%RH)","	78.1","	2026-07-23 15:15:13"
"	69BA0CDE","	Chamber1","	1","	B01??(?)","	23","	2026-07-23 15:15:13"
"	69BA0CDE","	Chamber1","	1","	B01??(%RH)","	78.1","	2026-07-23 15:15:11"
"	69BA0CDE","	Chamber1","	1","	B01??(?)","	23","	2026-07-23 15:15:11"
"	69BA0CDE","	Chamber1","	1","	B01??(%RH)","	78.1","	2026-07-23 15:15:09"
"	69BA0CDE","	Chamber1","	1","	B01??(?)","	23","	2026-07-23 15:15:09"
"	69BA0CDE","	Chamber1","	1","	B01??(%RH)","	78.2","	2026-07-23 15:15:07"
"	69BA0CDE","	Chamber1","	1","	B01??(?)","	23","	2026-07-23 15:15:07"
"	69BA0CDE","	Chamber1","	1","	B01??(%RH)","	78.4","	2026-07-23 15:15:05"
"	69BA0CDE","	Chamber1","	1","	B01??(?)","	23","	2026-07-23 15:15:05"
"	69BA0CDE","	Chamber1","	1","	B01??(%RH)","	78.3","	2026-07-23 15:15:03"
"	69BA0CDE","	Chamber1","	1","	B01??(?)","	23","	2026-07-23 15:15:03"
"	69BA0CDE","	Chamber1","	1","	B01??(%RH)","	78.4","	2026-07-23 15:15:01"
"	69BA0CDE","	Chamber1","	1","	B01??(?)","	23","	2026-07-23 15:15:01"
"	69BA0CDE","	Chamber1","	1","	B01??(%RH)","	78.4","	2026-07-23 15:14:58"
"	69BA0CDE","	Chamber1","	1","	B01??(?)","	23","	2026-07-23 15:14:58"
"	69BA0CDE","	Chamber1","	1","	B01??(%RH)","	78.3","	2026-07-23 15:14:56"
"	69BA0CDE","	Chamber1","	1","	B01??(?)","	23","	2026-07-23 15:14:56"
"	69BA0CDE","	Chamber1","	1","	B01??(%RH)","	78.2","	2026-07-23 15:14:54"
"	69BA0CDE","	Chamber1","	1","	B01??(?)","	23","	2026-07-23 15:14:54"
"	69BA0CDE","	Chamber1","	1","	B01??(%RH)","	78.2","	2026-07-23 15:14:52"
"	69BA0CDE","	Chamber1","	1","	B01??(?)","	23","	2026-07-23 15:14:52"
"	69BA0CDE","	Chamber1","	1","	B01??(%RH)","	78.2","	2026-07-23 15:14:50"
"	69BA0CDE","	Chamber1","	1","	B01??(?)","	23","	2026-07-23 15:14:50"
"	69BA0CDE","	Chamber1","	1","	B01??(%RH)","	78.1","	2026-07-23 15:14:48"
"	69BA0CDE","	Chamber1","	1","	B01??(?)","	23","	2026-07-23 15:14:48"
"	69BA0CDE","	Chamber1","	1","	B01??(%RH)","	77.9","	2026-07-23 15:14:46"
"	69BA0CDE","	Chamber1","	1","	B01??(?)","	23","	2026-07-23 15:14:46"
"	69BA0CDE","	Chamber1","	1","	B01??(%RH)","	77.9","	2026-07-23 15:14:44"
"	69BA0CDE","	Chamber1","	1","	B01??(?)","	23","	2026-07-23 15:14:44"
"	69BA0CDE","	Chamber1","	1","	B01??(%RH)","	77.9","	2026-07-23 15:14:42"
"	69BA0CDE","	Chamber1","	1","	B01??(?)","	23","	2026-07-23 15:14:42"
"	69BA0CDE","	Chamber1","	1","	B01??(%RH)","	77.8","	2026-07-23 15:14:40"
"	69BA0CDE","	Chamber1","	1","	B01??(?)","	23","	2026-07-23 15:14:40"
"	69BA0CDE","	Chamber1","	1","	B01??(%RH)","	77.8","	2026-07-23 15:14:38"
"	69BA0CDE","	Chamber1","	1","	B01??(?)","	23","	2026-07-23 15:14:38"
"	69BA0CDE","	Chamber1","	1","	B01??(%RH)","	77.9","	2026-07-23 15:14:36"
"	69BA0CDE","	Chamber1","	1","	B01??(?)","	23","	2026-07-23 15:14:36"
"	69BA0CDE","	Chamber1","	1","	B01??(%RH)","	77.9","	2026-07-23 15:14:34"
"	69BA0CDE","	Chamber1","	1","	B01??(?)","	23","	2026-07-23 15:14:34"
"	69BA0CDE","	Chamber1","	1","	B01??(%RH)","	78","	2026-07-23 15:14:32"
"	69BA0CDE","	Chamber1","	1","	B01??(?)","	23","	2026-07-23 15:14:32"
"	69BA0CDE","	Chamber1","	1","	B01??(%RH)","	78","	2026-07-23 15:14:30"
"	69BA0CDE","	Chamber1","	1","	B01??(?)","	23","	2026-07-23 15:14:30"
"	69BA0CDE","	Chamber1","	1","	B01??(%RH)","	77.9","	2026-07-23 15:14:28"
"	69BA0CDE","	Chamber1","	1","	B01??(?)","	23","	2026-07-23 15:14:28"
"	69BA0CDE","	Chamber1","	1","	B01??(%RH)","	77.6","	2026-07-23 15:14:26"
"	69BA0CDE","	Chamber1","	1","	B01??(?)","	23","	2026-07-23 15:14:26"
"	69BA0CDE","	Chamber1","	1","	B01??(%RH)","	77.6","	2026-07-23 15:14:24"
"	69BA0CDE","	Chamber1","	1","	B01??(?)","	23","	2026-07-23 15:14:24"
"	69BA0CDE","	Chamber1","	1","	B01??(%RH)","	77.6","	2026-07-23 15:14:22"
"	69BA0CDE","	Chamber1","	1","	B01??(?)","	23","	2026-07-23 15:14:22"
"	69BA0CDE","	Chamber1","	1","	B01??(%RH)","	77.5","	2026-07-23 15:14:20"
"	69BA0CDE","	Chamber1","	1","	B01??(?)","	23","	2026-07-23 15:14:20"
"	69BA0CDE","	Chamber1","	1","	B01??(%RH)","	77.4","	2026-07-23 15:14:18"
"	69BA0CDE","	Chamber1","	1","	B01??(?)","	23","	2026-07-23 15:14:18"
"	69BA0CDE","	Chamber1","	1","	B01??(%RH)","	77.4","	2026-07-23 15:14:16"
"	69BA0CDE","	Chamber1","	1","	B01??(?)","	23","	2026-07-23 15:14:16"
"	69BA0CDE","	Chamber1","	1","	B01??(%RH)","	77.3","	2026-07-23 15:14:13"
"	69BA0CDE","	Chamber1","	1","	B01??(?)","	23","	2026-07-23 15:14:13"
"	69BA0CDE","	Chamber1","	1","	B01??(%RH)","	77.3","	2026-07-23 15:14:11"
"	69BA0CDE","	Chamber1","	1","	B01??(?)","	23","	2026-07-23 15:14:11"
"	69BA0CDE","	Chamber1","	1","	B01??(%RH)","	77.3","	2026-07-23 15:14:09"
"	69BA0CDE","	Chamber1","	1","	B01??(?)","	23","	2026-07-23 15:14:09"
"	69BA0CDE","	Chamber1","	1","	B01??(%RH)","	77.3","	2026-07-23 15:14:07"
"	69BA0CDE","	Chamber1","	1","	B01??(?)","	23","	2026-07-23 15:14:07"
"	69BA0CDE","	Chamber1","	1","	B01??(%RH)","	77.2","	2026-07-23 15:14:05"
"	69BA0CDE","	Chamber1","	1","	B01??(?)","	23","	2026-07-23 15:14:05"
"	69BA0CDE","	Chamber1","	1","	B01??(%RH)","	77.2","	2026-07-23 15:14:03"
"	69BA0CDE","	Chamber1","	1","	B01??(?)","	23","	2026-07-23 15:14:03"
"	69BA0CDE","	Chamber1","	1","	B01??(%RH)","	77.2","	2026-07-23 15:14:01"
"	69BA0CDE","	Chamber1","	1","	B01??(?)","	23","	2026-07-23 15:14:01"
"	69BA0CDE","	Chamber1","	1","	B01??(%RH)","	77.3","	2026-07-23 15:13:59"
"	69BA0CDE","	Chamber1","	1","	B01??(?)","	23","	2026-07-23 15:13:59"
"	69BA0CDE","	Chamber1","	1","	B01??(%RH)","	77.5","	2026-07-23 15:13:57"
"	69BA0CDE","	Chamber1","	1","	B01??(?)","	23","	2026-07-23 15:13:57"
"	69BA0CDE","	Chamber1","	1","	B01??(%RH)","	77.6","	2026-07-23 15:13:55"
"	69BA0CDE","	Chamber1","	1","	B01??(?)","	23","	2026-07-23 15:13:55"
"	69BA0CDE","	Chamber1","	1","	B01??(%RH)","	77.7","	2026-07-23 15:13:53"
"	69BA0CDE","	Chamber1","	1","	B01??(?)","	23","	2026-07-23 15:13:53"
"	69BA0CDE","	Chamber1","	1","	B01??(%RH)","	77.6","	2026-07-23 15:13:51"
"	69BA0CDE","	Chamber1","	1","	B01??(?)","	23","	2026-07-23 15:13:51"
"	69BA0CDE","	Chamber1","	1","	B01??(%RH)","	77.5","	2026-07-23 15:13:49"
"	69BA0CDE","	Chamber1","	1","	B01??(?)","	23","	2026-07-23 15:13:49"
"	69BA0CDE","	Chamber1","	1","	B01??(%RH)","	77.2","	2026-07-23 15:13:47"
"	69BA0CDE","	Chamber1","	1","	B01??(?)","	23","	2026-07-23 15:13:47"
"	69BA0CDE","	Chamber1","	1","	B01??(%RH)","	77","	2026-07-23 15:13:45"
"	69BA0CDE","	Chamber1","	1","	B01??(?)","	23","	2026-07-23 15:13:45"
"	69BA0CDE","	Chamber1","	1","	B01??(%RH)","	76.7","	2026-07-23 15:13:43"
"	69BA0CDE","	Chamber1","	1","	B01??(?)","	23","	2026-07-23 15:13:43"
"	69BA0CDE","	Chamber1","	1","	B01??(%RH)","	76.6","	2026-07-23 15:13:41"
"	69BA0CDE","	Chamber1","	1","	B01??(?)","	23","	2026-07-23 15:13:41"
"	69BA0CDE","	Chamber1","	1","	B01??(%RH)","	76.7","	2026-07-23 15:13:39"
"	69BA0CDE","	Chamber1","	1","	B01??(?)","	23","	2026-07-23 15:13:39"
"	69BA0CDE","	Chamber1","	1","	B01??(%RH)","	76.9","	2026-07-23 15:13:37"
"	69BA0CDE","	Chamber1","	1","	B01??(?)","	23","	2026-07-23 15:13:37"
"	69BA0CDE","	Chamber1","	1","	B01??(%RH)","	77.1","	2026-07-23 15:13:35"
"	69BA0CDE","	Chamber1","	1","	B01??(?)","	23","	2026-07-23 15:13:35"
"	69BA0CDE","	Chamber1","	1","	B01??(%RH)","	77.1","	2026-07-23 15:13:33"
"	69BA0CDE","	Chamber1","	1","	B01??(?)","	23.1","	2026-07-23 15:13:33"
"	69BA0CDE","	Chamber1","	1","	B01??(%RH)","	77.1","	2026-07-23 15:13:30"
"	69BA0CDE","	Chamber1","	1","	B01??(?)","	23","	2026-07-23 15:13:30"
"	69BA0CDE","	Chamber1","	1","	B01??(%RH)","	77.2","	2026-07-23 15:13:28"
"	69BA0CDE","	Chamber1","	1","	B01??(?)","	23","	2026-07-23 15:13:28"
"	69BA0CDE","	Chamber1","	1","	B01??(%RH)","	77.3","	2026-07-23 15:13:26"
"	69BA0CDE","	Chamber1","	1","	B01??(?)","	23","	2026-07-23 15:13:26"
"	69BA0CDE","	Chamber1","	1","	B01??(%RH)","	77.4","	2026-07-23 15:13:24"
"	69BA0CDE","	Chamber1","	1","	B01??(?)","	23","	2026-07-23 15:13:24"
"	69BA0CDE","	Chamber1","	1","	B01??(%RH)","	77.6","	2026-07-23 15:13:22"
"	69BA0CDE","	Chamber1","	1","	B01??(?)","	23","	2026-07-23 15:13:22"
"	69BA0CDE","	Chamber1","	1","	B01??(%RH)","	77.7","	2026-07-23 15:13:20"
"	69BA0CDE","	Chamber1","	1","	B01??(?)","	23","	2026-07-23 15:13:20"
"	69BA0CDE","	Chamber1","	1","	B01??(%RH)","	77.7","	2026-07-23 15:13:18"
"	69BA0CDE","	Chamber1","	1","	B01??(?)","	23.1","	2026-07-23 15:13:18"
"	69BA0CDE","	Chamber1","	1","	B01??(%RH)","	77.5","	2026-07-23 15:13:16"
"	69BA0CDE","	Chamber1","	1","	B01??(?)","	23","	2026-07-23 15:13:16"
"	69BA0CDE","	Chamber1","	1","	B01??(%RH)","	77.5","	2026-07-23 15:13:14"
"	69BA0CDE","	Chamber1","	1","	B01??(?)","	23.1","	2026-07-23 15:13:14"
"	69BA0CDE","	Chamber1","	1","	B01??(%RH)","	77.5","	2026-07-23 15:13:12"
"	69BA0CDE","	Chamber1","	1","	B01??(?)","	23","	2026-07-23 15:13:12"
"	69BA0CDE","	Chamber1","	1","	B01??(%RH)","	77.3","	2026-07-23 15:13:10"
"	69BA0CDE","	Chamber1","	1","	B01??(?)","	23","	2026-07-23 15:13:10"
"	69BA0CDE","	Chamber1","	1","	B01??(%RH)","	77.1","	2026-07-23 15:13:08"
"	69BA0CDE","	Chamber1","	1","	B01??(?)","	23","	2026-07-23 15:13:08"
"	69BA0CDE","	Chamber1","	1","	B01??(%RH)","	76.8","	2026-07-23 15:13:06"
"	69BA0CDE","	Chamber1","	1","	B01??(?)","	23","	2026-07-23 15:13:06"
"	69BA0CDE","	Chamber1","	1","	B01??(%RH)","	76.6","	2026-07-23 15:13:04"
"	69BA0CDE","	Chamber1","	1","	B01??(?)","	23","	2026-07-23 15:13:04"
"	69BA0CDE","	Chamber1","	1","	B01??(%RH)","	76.7","	2026-07-23 15:13:02"
"	69BA0CDE","	Chamber1","	1","	B01??(?)","	23.1","	2026-07-23 15:13:02"
"	69BA0CDE","	Chamber1","	1","	B01??(%RH)","	76.7","	2026-07-23 15:13:00"
"	69BA0CDE","	Chamber1","	1","	B01??(?)","	23","	2026-07-23 15:13:00"
"	69BA0CDE","	Chamber1","	1","	B01??(%RH)","	76.7","	2026-07-23 15:12:58"
"	69BA0CDE","	Chamber1","	1","	B01??(?)","	23","	2026-07-23 15:12:58"
"	69BA0CDE","	Chamber1","	1","	B01??(%RH)","	76.6","	2026-07-23 15:12:56"
"	69BA0CDE","	Chamber1","	1","	B01??(?)","	23","	2026-07-23 15:12:56"
"	69BA0CDE","	Chamber1","	1","	B01??(%RH)","	76.4","	2026-07-23 15:12:54"
"	69BA0CDE","	Chamber1","	1","	B01??(?)","	23","	2026-07-23 15:12:54"
"	69BA0CDE","	Chamber1","	1","	B01??(%RH)","	76.4","	2026-07-23 15:12:52"
"	69BA0CDE","	Chamber1","	1","	B01??(?)","	23","	2026-07-23 15:12:52"
"	69BA0CDE","	Chamber1","	1","	B01??(%RH)","	76.5","	2026-07-23 15:12:50"
"	69BA0CDE","	Chamber1","	1","	B01??(?)","	23.1","	2026-07-23 15:12:50"
"	69BA0CDE","	Chamber1","	1","	B01??(%RH)","	76.5","	2026-07-23 15:12:47"
"	69BA0CDE","	Chamber1","	1","	B01??(?)","	23","	2026-07-23 15:12:47"
"	69BA0CDE","	Chamber1","	1","	B01??(%RH)","	76.5","	2026-07-23 15:12:45"
"	69BA0CDE","	Chamber1","	1","	B01??(?)","	23","	2026-07-23 15:12:45"
"	69BA0CDE","	Chamber1","	1","	B01??(%RH)","	76.5","	2026-07-23 15:12:43"
"	69BA0CDE","	Chamber1","	1","	B01??(?)","	23.1","	2026-07-23 15:12:43"
"	69BA0CDE","	Chamber1","	1","	B01??(%RH)","	76.7","	2026-07-23 15:12:41"
"	69BA0CDE","	Chamber1","	1","	B01??(?)","	23.1","	2026-07-23 15:12:41"
"	69BA0CDE","	Chamber1","	1","	B01??(%RH)","	76.9","	2026-07-23 15:12:39"
"	69BA0CDE","	Chamber1","	1","	B01??(?)","	23","	2026-07-23 15:12:39"
"	69BA0CDE","	Chamber1","	1","	B01??(%RH)","	77.1","	2026-07-23 15:12:37"
"	69BA0CDE","	Chamber1","	1","	B01??(?)","	23","	2026-07-23 15:12:37"
"	69BA0CDE","	Chamber1","	1","	B01??(%RH)","	77.3","	2026-07-23 15:12:35"
"	69BA0CDE","	Chamber1","	1","	B01??(?)","	23.1","	2026-07-23 15:12:35"
"	69BA0CDE","	Chamber1","	1","	B01??(%RH)","	77.3","	2026-07-23 15:12:33"
"	69BA0CDE","	Chamber1","	1","	B01??(?)","	23","	2026-07-23 15:12:33"
"	69BA0CDE","	Chamber1","	1","	B01??(%RH)","	77.3","	2026-07-23 15:12:31"
"	69BA0CDE","	Chamber1","	1","	B01??(?)","	23.1","	2026-07-23 15:12:31"
"	69BA0CDE","	Chamber1","	1","	B01??(%RH)","	77.5","	2026-07-23 15:12:29"
"	69BA0CDE","	Chamber1","	1","	B01??(?)","	23.1","	2026-07-23 15:12:29"
"	69BA0CDE","	Chamber1","	1","	B01??(%RH)","	77.5","	2026-07-23 15:12:27"
"	69BA0CDE","	Chamber1","	1","	B01??(?)","	23.1","	2026-07-23 15:12:27"
"	69BA0CDE","	Chamber1","	1","	B01??(%RH)","	77.6","	2026-07-23 15:12:25"
"	69BA0CDE","	Chamber1","	1","	B01??(?)","	23.1","	2026-07-23 15:12:25"
"	69BA0CDE","	Chamber1","	1","	B01??(%RH)","	77.8","	2026-07-23 15:12:23"
"	69BA0CDE","	Chamber1","	1","	B01??(?)","	23.1","	2026-07-23 15:12:23"
"	69BA0CDE","	Chamber1","	1","	B01??(%RH)","	77.8","	2026-07-23 15:12:21"
"	69BA0CDE","	Chamber1","	1","	B01??(?)","	23.1","	2026-07-23 15:12:21"
"	69BA0CDE","	Chamber1","	1","	B01??(%RH)","	77.6","	2026-07-23 15:12:19"
"	69BA0CDE","	Chamber1","	1","	B01??(?)","	23.1","	2026-07-23 15:12:19"
"	69BA0CDE","	Chamber1","	1","	B01??(%RH)","	77.5","	2026-07-23 15:12:17"
"	69BA0CDE","	Chamber1","	1","	B01??(?)","	23.1","	2026-07-23 15:12:17"
"	69BA0CDE","	Chamber1","	1","	B01??(%RH)","	77.4","	2026-07-23 15:12:15"
"	69BA0CDE","	Chamber1","	1","	B01??(?)","	23.1","	2026-07-23 15:12:15"
"	69BA0CDE","	Chamber1","	1","	B01??(%RH)","	77.4","	2026-07-23 15:12:13"
"	69BA0CDE","	Chamber1","	1","	B01??(?)","	23.1","	2026-07-23 15:12:13"
"	69BA0CDE","	Chamber1","	1","	B01??(%RH)","	77.4","	2026-07-23 15:12:11"
"	69BA0CDE","	Chamber1","	1","	B01??(?)","	23.1","	2026-07-23 15:12:11"
"	69BA0CDE","	Chamber1","	1","	B01??(%RH)","	77.5","	2026-07-23 15:12:09"
"	69BA0CDE","	Chamber1","	1","	B01??(?)","	23.1","	2026-07-23 15:12:09"
"	69BA0CDE","	Chamber1","	1","	B01??(%RH)","	77.5","	2026-07-23 15:12:07"
"	69BA0CDE","	Chamber1","	1","	B01??(?)","	23.1","	2026-07-23 15:12:07"
"	69BA0CDE","	Chamber1","	1","	B01??(%RH)","	77.5","	2026-07-23 15:12:05"
"	69BA0CDE","	Chamber1","	1","	B01??(?)","	23.1","	2026-07-23 15:12:05"
"	69BA0CDE","	Chamber1","	1","	B01??(%RH)","	77.4","	2026-07-23 15:12:02"
"	69BA0CDE","	Chamber1","	1","	B01??(?)","	23.1","	2026-07-23 15:12:02"
"	69BA0CDE","	Chamber1","	1","	B01??(%RH)","	77.4","	2026-07-23 15:12:00"
"	69BA0CDE","	Chamber1","	1","	B01??(?)","	23.1","	2026-07-23 15:12:00"
"	69BA0CDE","	Chamber1","	1","	B01??(%RH)","	77.5","	2026-07-23 15:11:58"
"	69BA0CDE","	Chamber1","	1","	B01??(?)","	23.1","	2026-07-23 15:11:58"
"	69BA0CDE","	Chamber1","	1","	B01??(%RH)","	77.5","	2026-07-23 15:11:56"
"	69BA0CDE","	Chamber1","	1","	B01??(?)","	23.1","	2026-07-23 15:11:56"
"	69BA0CDE","	Chamber1","	1","	B01??(%RH)","	77.6","	2026-07-23 15:11:54"
"	69BA0CDE","	Chamber1","	1","	B01??(?)","	23.1","	2026-07-23 15:11:54"
"	69BA0CDE","	Chamber1","	1","	B01??(%RH)","	77.6","	2026-07-23 15:11:52"
"	69BA0CDE","	Chamber1","	1","	B01??(?)","	23.1","	2026-07-23 15:11:52"
"	69BA0CDE","	Chamber1","	1","	B01??(%RH)","	77.6","	2026-07-23 15:11:50"
"	69BA0CDE","	Chamber1","	1","	B01??(?)","	23.1","	2026-07-23 15:11:50"
"	69BA0CDE","	Chamber1","	1","	B01??(%RH)","	77.6","	2026-07-23 15:11:48"
"	69BA0CDE","	Chamber1","	1","	B01??(?)","	23.1","	2026-07-23 15:11:48"
"	69BA0CDE","	Chamber1","	1","	B01??(%RH)","	77.8","	2026-07-23 15:11:46"
"	69BA0CDE","	Chamber1","	1","	B01??(?)","	23.1","	2026-07-23 15:11:46"
"	69BA0CDE","	Chamber1","	1","	B01??(%RH)","	77.9","	2026-07-23 15:11:44"
"	69BA0CDE","	Chamber1","	1","	B01??(?)","	23.1","	2026-07-23 15:11:44"
"	69BA0CDE","	Chamber1","	1","	B01??(%RH)","	77.9","	2026-07-23 15:11:42"
"	69BA0CDE","	Chamber1","	1","	B01??(?)","	23.1","	2026-07-23 15:11:42"
"	69BA0CDE","	Chamber1","	1","	B01??(%RH)","	77.8","	2026-07-23 15:11:40"
"	69BA0CDE","	Chamber1","	1","	B01??(?)","	23.1","	2026-07-23 15:11:40"
"	69BA0CDE","	Chamber1","	1","	B01??(%RH)","	77.7","	2026-07-23 15:11:38"
"	69BA0CDE","	Chamber1","	1","	B01??(?)","	23.1","	2026-07-23 15:11:38"
"	69BA0CDE","	Chamber1","	1","	B01??(%RH)","	77.8","	2026-07-23 15:11:36"
"	69BA0CDE","	Chamber1","	1","	B01??(?)","	23.1","	2026-07-23 15:11:36"
"	69BA0CDE","	Chamber1","	1","	B01??(%RH)","	77.8","	2026-07-23 15:11:34"
"	69BA0CDE","	Chamber1","	1","	B01??(?)","	23.1","	2026-07-23 15:11:34"
"	69BA0CDE","	Chamber1","	1","	B01??(%RH)","	77.9","	2026-07-23 15:11:32"
"	69BA0CDE","	Chamber1","	1","	B01??(?)","	23.1","	2026-07-23 15:11:32"
"	69BA0CDE","	Chamber1","	1","	B01??(?)","	23.1","	2026-07-23 15:11:30"
"	69BA0CDE","	Chamber1","	1","	B01??(%RH)","	78","	2026-07-23 15:11:30"
"	69BA0CDE","	Chamber1","	1","	B01??(%RH)","	77.9","	2026-07-23 15:11:28"
"	69BA0CDE","	Chamber1","	1","	B01??(?)","	23.1","	2026-07-23 15:11:28"
"	69BA0CDE","	Chamber1","	1","	B01??(%RH)","	77.8","	2026-07-23 15:11:26"
"	69BA0CDE","	Chamber1","	1","	B01??(?)","	23.1","	2026-07-23 15:11:26"
"	69BA0CDE","	Chamber1","	1","	B01??(%RH)","	77.7","	2026-07-23 15:11:24"
"	69BA0CDE","	Chamber1","	1","	B01??(?)","	23.1","	2026-07-23 15:11:24"
"	69BA0CDE","	Chamber1","	1","	B01??(%RH)","	77.7","	2026-07-23 15:11:22"
"	69BA0CDE","	Chamber1","	1","	B01??(?)","	23.1","	2026-07-23 15:11:22"
"	69BA0CDE","	Chamber1","	1","	B01??(%RH)","	77.8","	2026-07-23 15:11:19"
"	69BA0CDE","	Chamber1","	1","	B01??(?)","	23.1","	2026-07-23 15:11:19"
"	69BA0CDE","	Chamber1","	1","	B01??(%RH)","	77.8","	2026-07-23 15:11:17"
"	69BA0CDE","	Chamber1","	1","	B01??(?)","	23.1","	2026-07-23 15:11:17"
"	69BA0CDE","	Chamber1","	1","	B01??(%RH)","	77.7","	2026-07-23 15:11:15"
"	69BA0CDE","	Chamber1","	1","	B01??(?)","	23.1","	2026-07-23 15:11:15"
"	69BA0CDE","	Chamber1","	1","	B01??(%RH)","	77.6","	2026-07-23 15:11:13"
"	69BA0CDE","	Chamber1","	1","	B01??(?)","	23.1","	2026-07-23 15:11:13"
"	69BA0CDE","	Chamber1","	1","	B01??(%RH)","	77.7","	2026-07-23 15:11:11"
"	69BA0CDE","	Chamber1","	1","	B01??(?)","	23.1","	2026-07-23 15:11:11"
"	69BA0CDE","	Chamber1","	1","	B01??(%RH)","	77.8","	2026-07-23 15:11:09"
"	69BA0CDE","	Chamber1","	1","	B01??(?)","	23.1","	2026-07-23 15:11:09"
"	69BA0CDE","	Chamber1","	1","	B01??(%RH)","	77.9","	2026-07-23 15:11:07"
"	69BA0CDE","	Chamber1","	1","	B01??(?)","	23.1","	2026-07-23 15:11:07"
"	69BA0CDE","	Chamber1","	1","	B01??(%RH)","	77.8","	2026-07-23 15:11:05"
"	69BA0CDE","	Chamber1","	1","	B01??(?)","	23.1","	2026-07-23 15:11:05"
"	69BA0CDE","	Chamber1","	1","	B01??(%RH)","	77.7","	2026-07-23 15:11:03"
"	69BA0CDE","	Chamber1","	1","	B01??(?)","	23.1","	2026-07-23 15:11:03"
"	69BA0CDE","	Chamber1","	1","	B01??(%RH)","	77.4","	2026-07-23 15:11:01"
"	69BA0CDE","	Chamber1","	1","	B01??(?)","	23.1","	2026-07-23 15:11:01"
"	69BA0CDE","	Chamber1","	1","	B01??(%RH)","	77.3","	2026-07-23 15:10:59"
"	69BA0CDE","	Chamber1","	1","	B01??(?)","	23.1","	2026-07-23 15:10:59"
"	69BA0CDE","	Chamber1","	1","	B01??(%RH)","	77","	2026-07-23 15:10:57"
"	69BA0CDE","	Chamber1","	1","	B01??(?)","	23.1","	2026-07-23 15:10:57"
"	69BA0CDE","	Chamber1","	1","	B01??(%RH)","	77","	2026-07-23 15:10:55"
"	69BA0CDE","	Chamber1","	1","	B01??(?)","	23.1","	2026-07-23 15:10:55"
"	69BA0CDE","	Chamber1","	1","	B01??(%RH)","	76.9","	2026-07-23 15:10:53"
"	69BA0CDE","	Chamber1","	1","	B01??(?)","	23.1","	2026-07-23 15:10:53"
"	69BA0CDE","	Chamber1","	1","	B01??(%RH)","	76.9","	2026-07-23 15:10:51"
"	69BA0CDE","	Chamber1","	1","	B01??(?)","	23.1","	2026-07-23 15:10:51"
"	69BA0CDE","	Chamber1","	1","	B01??(%RH)","	77.1","	2026-07-23 15:10:49"
"	69BA0CDE","	Chamber1","	1","	B01??(?)","	23.1","	2026-07-23 15:10:49"
"	69BA0CDE","	Chamber1","	1","	B01??(%RH)","	77.2","	2026-07-23 15:10:47"
"	69BA0CDE","	Chamber1","	1","	B01??(?)","	23.1","	2026-07-23 15:10:47"
"	69BA0CDE","	Chamber1","	1","	B01??(%RH)","	77.3","	2026-07-23 15:10:45"
"	69BA0CDE","	Chamber1","	1","	B01??(?)","	23.1","	2026-07-23 15:10:45"
"	69BA0CDE","	Chamber1","	1","	B01??(%RH)","	77.4","	2026-07-23 15:10:43"
"	69BA0CDE","	Chamber1","	1","	B01??(?)","	23.1","	2026-07-23 15:10:43"
"	69BA0CDE","	Chamber1","	1","	B01??(%RH)","	77.5","	2026-07-23 15:10:41"
"	69BA0CDE","	Chamber1","	1","	B01??(?)","	23.1","	2026-07-23 15:10:41"
"	69BA0CDE","	Chamber1","	1","	B01??(%RH)","	77.5","	2026-07-23 15:10:39"
"	69BA0CDE","	Chamber1","	1","	B01??(?)","	23.1","	2026-07-23 15:10:39"
"	69BA0CDE","	Chamber1","	1","	B01??(%RH)","	77.4","	2026-07-23 15:10:36"
"	69BA0CDE","	Chamber1","	1","	B01??(?)","	23.2","	2026-07-23 15:10:36"
"	69BA0CDE","	Chamber1","	1","	B01??(%RH)","	77.4","	2026-07-23 15:10:34"
"	69BA0CDE","	Chamber1","	1","	B01??(?)","	23.2","	2026-07-23 15:10:34"
"	69BA0CDE","	Chamber1","	1","	B01??(%RH)","	77.3","	2026-07-23 15:10:32"
"	69BA0CDE","	Chamber1","	1","	B01??(?)","	23.1","	2026-07-23 15:10:32"
"	69BA0CDE","	Chamber1","	1","	B01??(%RH)","	77.3","	2026-07-23 15:10:30"
"	69BA0CDE","	Chamber1","	1","	B01??(?)","	23.1","	2026-07-23 15:10:30"
"	69BA0CDE","	Chamber1","	1","	B01??(%RH)","	77.3","	2026-07-23 15:10:28"
"	69BA0CDE","	Chamber1","	1","	B01??(?)","	23.1","	2026-07-23 15:10:28"
"	69BA0CDE","	Chamber1","	1","	B01??(%RH)","	77.4","	2026-07-23 15:10:26"
"	69BA0CDE","	Chamber1","	1","	B01??(?)","	23.1","	2026-07-23 15:10:26"
"	69BA0CDE","	Chamber1","	1","	B01??(%RH)","	77.4","	2026-07-23 15:10:24"
"	69BA0CDE","	Chamber1","	1","	B01??(?)","	23.2","	2026-07-23 15:10:24"
"	69BA0CDE","	Chamber1","	1","	B01??(%RH)","	77.5","	2026-07-23 15:10:22"
"	69BA0CDE","	Chamber1","	1","	B01??(?)","	23.2","	2026-07-23 15:10:22"
"	69BA0CDE","	Chamber1","	1","	B01??(%RH)","	77.5","	2026-07-23 15:10:20"
"	69BA0CDE","	Chamber1","	1","	B01??(?)","	23.2","	2026-07-23 15:10:20"
"	69BA0CDE","	Chamber1","	1","	B01??(%RH)","	77.6","	2026-07-23 15:10:18"
"	69BA0CDE","	Chamber1","	1","	B01??(?)","	23.1","	2026-07-23 15:10:18"
"	69BA0CDE","	Chamber1","	1","	B01??(%RH)","	77.7","	2026-07-23 15:10:16"
"	69BA0CDE","	Chamber1","	1","	B01??(?)","	23.1","	2026-07-23 15:10:16"
"	69BA0CDE","	Chamber1","	1","	B01??(%RH)","	77.8","	2026-07-23 15:10:14"
"	69BA0CDE","	Chamber1","	1","	B01??(?)","	23.2","	2026-07-23 15:10:14"
"	69BA0CDE","	Chamber1","	1","	B01??(%RH)","	77.8","	2026-07-23 15:10:12"
"	69BA0CDE","	Chamber1","	1","	B01??(?)","	23.1","	2026-07-23 15:10:12"
"	69BA0CDE","	Chamber1","	1","	B01??(%RH)","	77.9","	2026-07-23 15:10:10"
"	69BA0CDE","	Chamber1","	1","	B01??(?)","	23.2","	2026-07-23 15:10:10"
"	69BA0CDE","	Chamber1","	1","	B01??(%RH)","	77.9","	2026-07-23 15:10:08"
"	69BA0CDE","	Chamber1","	1","	B01??(?)","	23.2","	2026-07-23 15:10:08"
"	69BA0CDE","	Chamber1","	1","	B01??(%RH)","	77.9","	2026-07-23 15:10:06"
"	69BA0CDE","	Chamber1","	1","	B01??(?)","	23.1","	2026-07-23 15:10:06"
"	69BA0CDE","	Chamber1","	1","	B01??(%RH)","	77.8","	2026-07-23 15:10:04"
"	69BA0CDE","	Chamber1","	1","	B01??(?)","	23.2","	2026-07-23 15:10:04"
"	69BA0CDE","	Chamber1","	1","	B01??(%RH)","	77.7","	2026-07-23 15:10:02"
"	69BA0CDE","	Chamber1","	1","	B01??(?)","	23.2","	2026-07-23 15:10:02"
"	69BA0CDE","	Chamber1","	1","	B01??(%RH)","	77.7","	2026-07-23 15:10:00"
"	69BA0CDE","	Chamber1","	1","	B01??(?)","	23.2","	2026-07-23 15:10:00"
"	69BA0CDE","	Chamber1","	1","	B01??(%RH)","	77.6","	2026-07-23 15:09:58"
"	69BA0CDE","	Chamber1","	1","	B01??(?)","	23.2","	2026-07-23 15:09:58"
"	69BA0CDE","	Chamber1","	1","	B01??(%RH)","	77.5","	2026-07-23 15:09:56"
"	69BA0CDE","	Chamber1","	1","	B01??(?)","	23.2","	2026-07-23 15:09:56"
"	69BA0CDE","	Chamber1","	1","	B01??(%RH)","	77.5","	2026-07-23 15:09:53"
"	69BA0CDE","	Chamber1","	1","	B01??(?)","	23.2","	2026-07-23 15:09:53"
"	69BA0CDE","	Chamber1","	1","	B01??(%RH)","	77.5","	2026-07-23 15:09:51"
"	69BA0CDE","	Chamber1","	1","	B01??(?)","	23.2","	2026-07-23 15:09:51"
"	69BA0CDE","	Chamber1","	1","	B01??(%RH)","	77.4","	2026-07-23 15:09:49"
"	69BA0CDE","	Chamber1","	1","	B01??(?)","	23.2","	2026-07-23 15:09:49"
"	69BA0CDE","	Chamber1","	1","	B01??(%RH)","	77.5","	2026-07-23 15:09:47"
"	69BA0CDE","	Chamber1","	1","	B01??(?)","	23.2","	2026-07-23 15:09:47"
"	69BA0CDE","	Chamber1","	1","	B01??(%RH)","	77.5","	2026-07-23 15:09:45"
"	69BA0CDE","	Chamber1","	1","	B01??(?)","	23.2","	2026-07-23 15:09:45"
"	69BA0CDE","	Chamber1","	1","	B01??(%RH)","	77.5","	2026-07-23 15:09:43"
"	69BA0CDE","	Chamber1","	1","	B01??(?)","	23.2","	2026-07-23 15:09:43"
"	69BA0CDE","	Chamber1","	1","	B01??(%RH)","	77.5","	2026-07-23 15:09:41"
"	69BA0CDE","	Chamber1","	1","	B01??(?)","	23.2","	2026-07-23 15:09:41"
"	69BA0CDE","	Chamber1","	1","	B01??(%RH)","	77.6","	2026-07-23 15:09:39"
"	69BA0CDE","	Chamber1","	1","	B01??(?)","	23.2","	2026-07-23 15:09:39"
"	69BA0CDE","	Chamber1","	1","	B01??(%RH)","	77.6","	2026-07-23 15:09:37"
"	69BA0CDE","	Chamber1","	1","	B01??(?)","	23.2","	2026-07-23 15:09:37"
"	69BA0CDE","	Chamber1","	1","	B01??(%RH)","	77.7","	2026-07-23 15:09:35"
"	69BA0CDE","	Chamber1","	1","	B01??(?)","	23.2","	2026-07-23 15:09:35"
"	69BA0CDE","	Chamber1","	1","	B01??(%RH)","	77.6","	2026-07-23 15:09:33"
"	69BA0CDE","	Chamber1","	1","	B01??(?)","	23.2","	2026-07-23 15:09:33"
"	69BA0CDE","	Chamber1","	1","	B01??(%RH)","	77.4","	2026-07-23 15:09:31"
"	69BA0CDE","	Chamber1","	1","	B01??(?)","	23.2","	2026-07-23 15:09:31"
"	69BA0CDE","	Chamber1","	1","	B01??(%RH)","	77.3","	2026-07-23 15:09:29"
"	69BA0CDE","	Chamber1","	1","	B01??(?)","	23.2","	2026-07-23 15:09:29"
"	69BA0CDE","	Chamber1","	1","	B01??(%RH)","	77.4","	2026-07-23 15:09:27"
"	69BA0CDE","	Chamber1","	1","	B01??(?)","	23.2","	2026-07-23 15:09:27"
"	69BA0CDE","	Chamber1","	1","	B01??(%RH)","	77.5","	2026-07-23 15:09:25"
"	69BA0CDE","	Chamber1","	1","	B01??(?)","	23.2","	2026-07-23 15:09:25"
"	69BA0CDE","	Chamber1","	1","	B01??(%RH)","	77.6","	2026-07-23 15:09:23"
"	69BA0CDE","	Chamber1","	1","	B01??(?)","	23.2","	2026-07-23 15:09:23"
"	69BA0CDE","	Chamber1","	1","	B01??(%RH)","	77.6","	2026-07-23 15:09:21"
"	69BA0CDE","	Chamber1","	1","	B01??(?)","	23.2","	2026-07-23 15:09:21"
"	69BA0CDE","	Chamber1","	1","	B01??(%RH)","	77.6","	2026-07-23 15:09:19"
"	69BA0CDE","	Chamber1","	1","	B01??(?)","	23.2","	2026-07-23 15:09:19"
"	69BA0CDE","	Chamber1","	1","	B01??(%RH)","	77.5","	2026-07-23 15:09:17"
"	69BA0CDE","	Chamber1","	1","	B01??(?)","	23.2","	2026-07-23 15:09:17"
"	69BA0CDE","	Chamber1","	1","	B01??(%RH)","	77.4","	2026-07-23 15:09:15"
"	69BA0CDE","	Chamber1","	1","	B01??(?)","	23.2","	2026-07-23 15:09:15"
"	69BA0CDE","	Chamber1","	1","	B01??(%RH)","	77.3","	2026-07-23 15:09:12"
"	69BA0CDE","	Chamber1","	1","	B01??(?)","	23.2","	2026-07-23 15:09:12"
"	69BA0CDE","	Chamber1","	1","	B01??(%RH)","	77.2","	2026-07-23 15:09:10"
"	69BA0CDE","	Chamber1","	1","	B01??(?)","	23.2","	2026-07-23 15:09:10"
"	69BA0CDE","	Chamber1","	1","	B01??(%RH)","	77.3","	2026-07-23 15:09:08"
"	69BA0CDE","	Chamber1","	1","	B01??(?)","	23.2","	2026-07-23 15:09:08"
"	69BA0CDE","	Chamber1","	1","	B01??(%RH)","	77.3","	2026-07-23 15:09:06"
"	69BA0CDE","	Chamber1","	1","	B01??(?)","	23.2","	2026-07-23 15:09:06"
"	69BA0CDE","	Chamber1","	1","	B01??(%RH)","	77.4","	2026-07-23 15:09:04"
"	69BA0CDE","	Chamber1","	1","	B01??(?)","	23.2","	2026-07-23 15:09:04"
"	69BA0CDE","	Chamber1","	1","	B01??(%RH)","	77.5","	2026-07-23 15:09:02"
"	69BA0CDE","	Chamber1","	1","	B01??(?)","	23.2","	2026-07-23 15:09:02"
"	69BA0CDE","	Chamber1","	1","	B01??(%RH)","	77.6","	2026-07-23 15:09:00"
"	69BA0CDE","	Chamber1","	1","	B01??(?)","	23.2","	2026-07-23 15:09:00"
"	69BA0CDE","	Chamber1","	1","	B01??(%RH)","	77.7","	2026-07-23 15:08:58"
"	69BA0CDE","	Chamber1","	1","	B01??(?)","	23.2","	2026-07-23 15:08:58"
"	69BA0CDE","	Chamber1","	1","	B01??(%RH)","	77.6","	2026-07-23 15:08:56"
"	69BA0CDE","	Chamber1","	1","	B01??(?)","	23.2","	2026-07-23 15:08:56"
"	69BA0CDE","	Chamber1","	1","	B01??(%RH)","	77.6","	2026-07-23 15:08:54"
"	69BA0CDE","	Chamber1","	1","	B01??(?)","	23.2","	2026-07-23 15:08:54"
"	69BA0CDE","	Chamber1","	1","	B01??(?)","	23.3","	2026-07-23 15:08:52"
"	69BA0CDE","	Chamber1","	1","	B01??(%RH)","	77.5","	2026-07-23 15:08:52"
"	69BA0CDE","	Chamber1","	1","	B01??(%RH)","	77.7","	2026-07-23 15:08:50"
"	69BA0CDE","	Chamber1","	1","	B01??(?)","	23.2","	2026-07-23 15:08:50"
"	69BA0CDE","	Chamber1","	1","	B01??(%RH)","	77.7","	2026-07-23 15:08:48"
"	69BA0CDE","	Chamber1","	1","	B01??(?)","	23.2","	2026-07-23 15:08:48"
"	69BA0CDE","	Chamber1","	1","	B01??(%RH)","	77.6","	2026-07-23 15:08:46"
"	69BA0CDE","	Chamber1","	1","	B01??(?)","	23.2","	2026-07-23 15:08:46"
"	69BA0CDE","	Chamber1","	1","	B01??(%RH)","	77.5","	2026-07-23 15:08:44"
"	69BA0CDE","	Chamber1","	1","	B01??(?)","	23.2","	2026-07-23 15:08:44"
"	69BA0CDE","	Chamber1","	1","	B01??(%RH)","	77.5","	2026-07-23 15:08:42"
"	69BA0CDE","	Chamber1","	1","	B01??(?)","	23.2","	2026-07-23 15:08:42"
"	69BA0CDE","	Chamber1","	1","	B01??(%RH)","	77.5","	2026-07-23 15:08:40"
"	69BA0CDE","	Chamber1","	1","	B01??(?)","	23.2","	2026-07-23 15:08:40"
"	69BA0CDE","	Chamber1","	1","	B01??(%RH)","	77.7","	2026-07-23 15:08:38"
"	69BA0CDE","	Chamber1","	1","	B01??(?)","	23.2","	2026-07-23 15:08:38"
"	69BA0CDE","	Chamber1","	1","	B01??(%RH)","	77.9","	2026-07-23 15:08:36"
"	69BA0CDE","	Chamber1","	1","	B01??(?)","	23.2","	2026-07-23 15:08:36"
"	69BA0CDE","	Chamber1","	1","	B01??(%RH)","	78.1","	2026-07-23 15:08:34"
"	69BA0CDE","	Chamber1","	1","	B01??(?)","	23.2","	2026-07-23 15:08:34"
"	69BA0CDE","	Chamber1","	1","	B01??(%RH)","	78.3","	2026-07-23 15:08:32"
"	69BA0CDE","	Chamber1","	1","	B01??(?)","	23.2","	2026-07-23 15:08:32"
"	69BA0CDE","	Chamber1","	1","	B01??(%RH)","	78.5","	2026-07-23 15:08:29"
"	69BA0CDE","	Chamber1","	1","	B01??(?)","	23.2","	2026-07-23 15:08:29"
"	69BA0CDE","	Chamber1","	1","	B01??(%RH)","	78.8","	2026-07-23 15:08:27"
"	69BA0CDE","	Chamber1","	1","	B01??(?)","	23.3","	2026-07-23 15:08:27"
"	69BA0CDE","	Chamber1","	1","	B01??(%RH)","	79.2","	2026-07-23 15:08:25"
"	69BA0CDE","	Chamber1","	1","	B01??(?)","	23.3","	2026-07-23 15:08:25"
"	69BA0CDE","	Chamber1","	1","	B01??(%RH)","	79.5","	2026-07-23 15:08:23"
"	69BA0CDE","	Chamber1","	1","	B01??(?)","	23.2","	2026-07-23 15:08:23"
"	69BA0CDE","	Chamber1","	1","	B01??(%RH)","	79.7","	2026-07-23 15:08:21"
"	69BA0CDE","	Chamber1","	1","	B01??(?)","	23.3","	2026-07-23 15:08:21"
"	69BA0CDE","	Chamber1","	1","	B01??(%RH)","	79.8","	2026-07-23 15:08:19"
"	69BA0CDE","	Chamber1","	1","	B01??(?)","	23.3","	2026-07-23 15:08:19"
"	69BA0CDE","	Chamber1","	1","	B01??(%RH)","	79.8","	2026-07-23 15:08:17"
"	69BA0CDE","	Chamber1","	1","	B01??(?)","	23.2","	2026-07-23 15:08:17"
"	69BA0CDE","	Chamber1","	1","	B01??(%RH)","	79.7","	2026-07-23 15:08:15"
"	69BA0CDE","	Chamber1","	1","	B01??(?)","	23.2","	2026-07-23 15:08:15"
"	69BA0CDE","	Chamber1","	1","	B01??(%RH)","	79.7","	2026-07-23 15:08:13"
"	69BA0CDE","	Chamber1","	1","	B01??(?)","	23.3","	2026-07-23 15:08:13"
"	69BA0CDE","	Chamber1","	1","	B01??(%RH)","	79.6","	2026-07-23 15:08:11"
"	69BA0CDE","	Chamber1","	1","	B01??(?)","	23.2","	2026-07-23 15:08:11"
"	69BA0CDE","	Chamber1","	1","	B01??(%RH)","	79.5","	2026-07-23 15:08:09"
"	69BA0CDE","	Chamber1","	1","	B01??(?)","	23.2","	2026-07-23 15:08:09"
"	69BA0CDE","	Chamber1","	1","	B01??(%RH)","	79.4","	2026-07-23 15:08:07"
"	69BA0CDE","	Chamber1","	1","	B01??(?)","	23.2","	2026-07-23 15:08:07"
"	69BA0CDE","	Chamber1","	1","	B01??(%RH)","	79.3","	2026-07-23 15:08:05"
"	69BA0CDE","	Chamber1","	1","	B01??(?)","	23.3","	2026-07-23 15:08:05"
"	69BA0CDE","	Chamber1","	1","	B01??(%RH)","	79.3","	2026-07-23 15:08:03"
"	69BA0CDE","	Chamber1","	1","	B01??(?)","	23.2","	2026-07-23 15:08:03"
"	69BA0CDE","	Chamber1","	1","	B01??(%RH)","	79.3","	2026-07-23 15:08:01"
"	69BA0CDE","	Chamber1","	1","	B01??(?)","	23.3","	2026-07-23 15:08:01"
"	69BA0CDE","	Chamber1","	1","	B01??(%RH)","	79.3","	2026-07-23 15:07:59"
"	69BA0CDE","	Chamber1","	1","	B01??(?)","	23.2","	2026-07-23 15:07:59"
"	69BA0CDE","	Chamber1","	1","	B01??(%RH)","	79.3","	2026-07-23 15:07:57"
"	69BA0CDE","	Chamber1","	1","	B01??(?)","	23.2","	2026-07-23 15:07:57"
"	69BA0CDE","	Chamber1","	1","	B01??(%RH)","	79.3","	2026-07-23 15:07:55"
"	69BA0CDE","	Chamber1","	1","	B01??(?)","	23.2","	2026-07-23 15:07:55"
"	69BA0CDE","	Chamber1","	1","	B01??(%RH)","	79.2","	2026-07-23 15:07:53"
"	69BA0CDE","	Chamber1","	1","	B01??(?)","	23.2","	2026-07-23 15:07:53"
"	69BA0CDE","	Chamber1","	1","	B01??(%RH)","	79.2","	2026-07-23 15:07:51"
"	69BA0CDE","	Chamber1","	1","	B01??(?)","	23.2","	2026-07-23 15:07:51"
"	69BA0CDE","	Chamber1","	1","	B01??(%RH)","	79.2","	2026-07-23 15:07:49"
"	69BA0CDE","	Chamber1","	1","	B01??(?)","	23.3","	2026-07-23 15:07:49"
"	69BA0CDE","	Chamber1","	1","	B01??(%RH)","	79.2","	2026-07-23 15:07:46"
"	69BA0CDE","	Chamber1","	1","	B01??(?)","	23.2","	2026-07-23 15:07:46"
"	69BA0CDE","	Chamber1","	1","	B01??(%RH)","	79.2","	2026-07-23 15:07:44"
"	69BA0CDE","	Chamber1","	1","	B01??(?)","	23.3","	2026-07-23 15:07:44"
"	69BA0CDE","	Chamber1","	1","	B01??(%RH)","	79.2","	2026-07-23 15:07:42"
"	69BA0CDE","	Chamber1","	1","	B01??(?)","	23.3","	2026-07-23 15:07:42"
"	69BA0CDE","	Chamber1","	1","	B01??(%RH)","	79.2","	2026-07-23 15:07:40"
"	69BA0CDE","	Chamber1","	1","	B01??(?)","	23.3","	2026-07-23 15:07:40"
"	69BA0CDE","	Chamber1","	1","	B01??(%RH)","	79.2","	2026-07-23 15:07:38"
"	69BA0CDE","	Chamber1","	1","	B01??(?)","	23.3","	2026-07-23 15:07:38"
"	69BA0CDE","	Chamber1","	1","	B01??(%RH)","	79.2","	2026-07-23 15:07:36"
"	69BA0CDE","	Chamber1","	1","	B01??(?)","	23.3","	2026-07-23 15:07:36"
"	69BA0CDE","	Chamber1","	1","	B01??(%RH)","	79.2","	2026-07-23 15:07:34"
"	69BA0CDE","	Chamber1","	1","	B01??(?)","	23.2","	2026-07-23 15:07:34"
"	69BA0CDE","	Chamber1","	1","	B01??(%RH)","	79.2","	2026-07-23 15:07:32"
"	69BA0CDE","	Chamber1","	1","	B01??(?)","	23.2","	2026-07-23 15:07:32"
"	69BA0CDE","	Chamber1","	1","	B01??(%RH)","	79.2","	2026-07-23 15:07:30"
"	69BA0CDE","	Chamber1","	1","	B01??(?)","	23.2","	2026-07-23 15:07:30"
"	69BA0CDE","	Chamber1","	1","	B01??(%RH)","	79.3","	2026-07-23 15:07:28"
"	69BA0CDE","	Chamber1","	1","	B01??(?)","	23.2","	2026-07-23 15:07:28"
"	69BA0CDE","	Chamber1","	1","	B01??(%RH)","	79.2","	2026-07-23 15:07:26"
"	69BA0CDE","	Chamber1","	1","	B01??(?)","	23.2","	2026-07-23 15:07:26"
"	69BA0CDE","	Chamber1","	1","	B01??(%RH)","	79.2","	2026-07-23 15:07:24"
"	69BA0CDE","	Chamber1","	1","	B01??(?)","	23.2","	2026-07-23 15:07:24"
"	69BA0CDE","	Chamber1","	1","	B01??(%RH)","	79.2","	2026-07-23 15:07:22"
"	69BA0CDE","	Chamber1","	1","	B01??(?)","	23.2","	2026-07-23 15:07:22"
"	69BA0CDE","	Chamber1","	1","	B01??(%RH)","	79.2","	2026-07-23 15:07:20"
"	69BA0CDE","	Chamber1","	1","	B01??(?)","	23.2","	2026-07-23 15:07:20"
"	69BA0CDE","	Chamber1","	1","	B01??(%RH)","	79.2","	2026-07-23 15:07:18"
"	69BA0CDE","	Chamber1","	1","	B01??(?)","	23.2","	2026-07-23 15:07:18"
"	69BA0CDE","	Chamber1","	1","	B01??(%RH)","	79.2","	2026-07-23 15:07:16"
"	69BA0CDE","	Chamber1","	1","	B01??(?)","	23.2","	2026-07-23 15:07:16"
"	69BA0CDE","	Chamber1","	1","	B01??(%RH)","	79.2","	2026-07-23 15:07:14"
"	69BA0CDE","	Chamber1","	1","	B01??(?)","	23.2","	2026-07-23 15:07:14"
"	69BA0CDE","	Chamber1","	1","	B01??(%RH)","	79.1","	2026-07-23 15:07:12"
"	69BA0CDE","	Chamber1","	1","	B01??(?)","	23.2","	2026-07-23 15:07:12"
"	69BA0CDE","	Chamber1","	1","	B01??(%RH)","	79.2","	2026-07-23 15:07:10"
"	69BA0CDE","	Chamber1","	1","	B01??(?)","	23.3","	2026-07-23 15:07:10"
"	69BA0CDE","	Chamber1","	1","	B01??(%RH)","	79.1","	2026-07-23 15:07:08"
"	69BA0CDE","	Chamber1","	1","	B01??(?)","	23.2","	2026-07-23 15:07:08"
"	69BA0CDE","	Chamber1","	1","	B01??(%RH)","	79.1","	2026-07-23 15:07:06"
"	69BA0CDE","	Chamber1","	1","	B01??(?)","	23.2","	2026-07-23 15:07:06"
"	69BA0CDE","	Chamber1","	1","	B01??(%RH)","	79.1","	2026-07-23 15:07:04"
"	69BA0CDE","	Chamber1","	1","	B01??(?)","	23.2","	2026-07-23 15:07:04"
"	69BA0CDE","	Chamber1","	1","	B01??(%RH)","	79.1","	2026-07-23 15:07:01"
"	69BA0CDE","	Chamber1","	1","	B01??(?)","	23.2","	2026-07-23 15:07:01"
"	69BA0CDE","	Chamber1","	1","	B01??(%RH)","	79.1","	2026-07-23 15:06:59"
"	69BA0CDE","	Chamber1","	1","	B01??(?)","	23.3","	2026-07-23 15:06:59"
"	69BA0CDE","	Chamber1","	1","	B01??(%RH)","	79.1","	2026-07-23 15:06:57"
"	69BA0CDE","	Chamber1","	1","	B01??(?)","	23.2","	2026-07-23 15:06:57"
"	69BA0CDE","	Chamber1","	1","	B01??(%RH)","	79.1","	2026-07-23 15:06:55"
"	69BA0CDE","	Chamber1","	1","	B01??(?)","	23.2","	2026-07-23 15:06:55"
"	69BA0CDE","	Chamber1","	1","	B01??(%RH)","	79","	2026-07-23 15:06:53"
"	69BA0CDE","	Chamber1","	1","	B01??(?)","	23.2","	2026-07-23 15:06:53"
"	69BA0CDE","	Chamber1","	1","	B01??(%RH)","	79","	2026-07-23 15:06:51"
"	69BA0CDE","	Chamber1","	1","	B01??(?)","	23.2","	2026-07-23 15:06:51"
"	69BA0CDE","	Chamber1","	1","	B01??(%RH)","	79","	2026-07-23 15:06:49"
"	69BA0CDE","	Chamber1","	1","	B01??(?)","	23.2","	2026-07-23 15:06:49"
"	69BA0CDE","	Chamber1","	1","	B01??(%RH)","	79","	2026-07-23 15:06:47"
"	69BA0CDE","	Chamber1","	1","	B01??(?)","	23.3","	2026-07-23 15:06:47"
"	69BA0CDE","	Chamber1","	1","	B01??(%RH)","	79","	2026-07-23 15:06:45"
"	69BA0CDE","	Chamber1","	1","	B01??(?)","	23.2","	2026-07-23 15:06:45"
"	69BA0CDE","	Chamber1","	1","	B01??(%RH)","	79","	2026-07-23 15:06:43"
"	69BA0CDE","	Chamber1","	1","	B01??(?)","	23.2","	2026-07-23 15:06:43"
"	69BA0CDE","	Chamber1","	1","	B01??(%RH)","	79","	2026-07-23 15:06:41"
"	69BA0CDE","	Chamber1","	1","	B01??(?)","	23.2","	2026-07-23 15:06:41"
"	69BA0CDE","	Chamber1","	1","	B01??(%RH)","	79","	2026-07-23 15:06:39"
"	69BA0CDE","	Chamber1","	1","	B01??(?)","	23.2","	2026-07-23 15:06:39"
"	69BA0CDE","	Chamber1","	1","	B01??(%RH)","	79","	2026-07-23 15:06:37"
"	69BA0CDE","	Chamber1","	1","	B01??(?)","	23.3","	2026-07-23 15:06:37"
"	69BA0CDE","	Chamber1","	1","	B01??(%RH)","	79","	2026-07-23 15:06:35"
"	69BA0CDE","	Chamber1","	1","	B01??(?)","	23.2","	2026-07-23 15:06:35"
"	69BA0CDE","	Chamber1","	1","	B01??(%RH)","	79","	2026-07-23 15:06:33"
"	69BA0CDE","	Chamber1","	1","	B01??(?)","	23.2","	2026-07-23 15:06:33"
"	69BA0CDE","	Chamber1","	1","	B01??(%RH)","	79","	2026-07-23 15:06:31"
"	69BA0CDE","	Chamber1","	1","	B01??(?)","	23.2","	2026-07-23 15:06:31"
"	69BA0CDE","	Chamber1","	1","	B01??(%RH)","	79","	2026-07-23 15:06:29"
"	69BA0CDE","	Chamber1","	1","	B01??(?)","	23.3","	2026-07-23 15:06:29"
"	69BA0CDE","	Chamber1","	1","	B01??(%RH)","	79","	2026-07-23 15:06:27"
"	69BA0CDE","	Chamber1","	1","	B01??(?)","	23.2","	2026-07-23 15:06:27"
"	69BA0CDE","	Chamber1","	1","	B01??(%RH)","	79","	2026-07-23 15:06:25"
"	69BA0CDE","	Chamber1","	1","	B01??(?)","	23.2","	2026-07-23 15:06:25"
"	69BA0CDE","	Chamber1","	1","	B01??(%RH)","	79","	2026-07-23 15:06:23"
"	69BA0CDE","	Chamber1","	1","	B01??(?)","	23.2","	2026-07-23 15:06:23"
"	69BA0CDE","	Chamber1","	1","	B01??(%RH)","	79","	2026-07-23 15:06:21"
"	69BA0CDE","	Chamber1","	1","	B01??(?)","	23.2","	2026-07-23 15:06:21"
"	69BA0CDE","	Chamber1","	1","	B01??(%RH)","	79","	2026-07-23 15:06:19"
"	69BA0CDE","	Chamber1","	1","	B01??(?)","	23.2","	2026-07-23 15:06:19"
"	69BA0CDE","	Chamber1","	1","	B01??(%RH)","	79","	2026-07-23 15:06:16"
"	69BA0CDE","	Chamber1","	1","	B01??(?)","	23.2","	2026-07-23 15:06:16"
"	69BA0CDE","	Chamber1","	1","	B01??(%RH)","	79","	2026-07-23 15:06:14"
"	69BA0CDE","	Chamber1","	1","	B01??(?)","	23.2","	2026-07-23 15:06:14"
"	69BA0CDE","	Chamber1","	1","	B01??(%RH)","	79","	2026-07-23 15:06:12"
"	69BA0CDE","	Chamber1","	1","	B01??(?)","	23.2","	2026-07-23 15:06:12"
"	69BA0CDE","	Chamber1","	1","	B01??(%RH)","	79","	2026-07-23 15:06:10"
"	69BA0CDE","	Chamber1","	1","	B01??(?)","	23.2","	2026-07-23 15:06:10"
"	69BA0CDE","	Chamber1","	1","	B01??(%RH)","	79","	2026-07-23 15:06:08"
"	69BA0CDE","	Chamber1","	1","	B01??(?)","	23.2","	2026-07-23 15:06:08"
"	69BA0CDE","	Chamber1","	1","	B01??(%RH)","	79","	2026-07-23 15:06:06"
"	69BA0CDE","	Chamber1","	1","	B01??(?)","	23.2","	2026-07-23 15:06:06"
"	69BA0CDE","	Chamber1","	1","	B01??(%RH)","	79","	2026-07-23 15:06:04"
"	69BA0CDE","	Chamber1","	1","	B01??(?)","	23.2","	2026-07-23 15:06:04"
"	69BA0CDE","	Chamber1","	1","	B01??(%RH)","	79","	2026-07-23 15:06:02"
"	69BA0CDE","	Chamber1","	1","	B01??(?)","	23.2","	2026-07-23 15:06:02"
"	69BA0CDE","	Chamber1","	1","	B01??(%RH)","	79.1","	2026-07-23 15:06:00"
"	69BA0CDE","	Chamber1","	1","	B01??(?)","	23.2","	2026-07-23 15:06:00"
"	69BA0CDE","	Chamber1","	1","	B01??(%RH)","	79","	2026-07-23 15:05:58"
"	69BA0CDE","	Chamber1","	1","	B01??(?)","	23.2","	2026-07-23 15:05:58"
"	69BA0CDE","	Chamber1","	1","	B01??(%RH)","	79.1","	2026-07-23 15:05:56"
"	69BA0CDE","	Chamber1","	1","	B01??(?)","	23.2","	2026-07-23 15:05:56"
"	69BA0CDE","	Chamber1","	1","	B01??(%RH)","	79","	2026-07-23 15:05:54"
"	69BA0CDE","	Chamber1","	1","	B01??(?)","	23.2","	2026-07-23 15:05:54"
"	69BA0CDE","	Chamber1","	1","	B01??(%RH)","	79.1","	2026-07-23 15:05:52"
"	69BA0CDE","	Chamber1","	1","	B01??(?)","	23.2","	2026-07-23 15:05:52"
"	69BA0CDE","	Chamber1","	1","	B01??(%RH)","	79","	2026-07-23 15:05:50"
"	69BA0CDE","	Chamber1","	1","	B01??(?)","	23.2","	2026-07-23 15:05:50"
"	69BA0CDE","	Chamber1","	1","	B01??(%RH)","	79.1","	2026-07-23 15:05:48"
"	69BA0CDE","	Chamber1","	1","	B01??(?)","	23.2","	2026-07-23 15:05:48"
"	69BA0CDE","	Chamber1","	1","	B01??(%RH)","	79.1","	2026-07-23 15:05:46"
"	69BA0CDE","	Chamber1","	1","	B01??(?)","	23.2","	2026-07-23 15:05:46"
"	69BA0CDE","	Chamber1","	1","	B01??(%RH)","	79.1","	2026-07-23 15:05:44"
"	69BA0CDE","	Chamber1","	1","	B01??(?)","	23.2","	2026-07-23 15:05:44"
"	69BA0CDE","	Chamber1","	1","	B01??(%RH)","	79.1","	2026-07-23 15:05:42"
"	69BA0CDE","	Chamber1","	1","	B01??(?)","	23.2","	2026-07-23 15:05:42"
"	69BA0CDE","	Chamber1","	1","	B01??(%RH)","	79.1","	2026-07-23 15:05:40"
"	69BA0CDE","	Chamber1","	1","	B01??(?)","	23.2","	2026-07-23 15:05:40"
"	69BA0CDE","	Chamber1","	1","	B01??(%RH)","	79.1","	2026-07-23 15:05:38"
"	69BA0CDE","	Chamber1","	1","	B01??(?)","	23.2","	2026-07-23 15:05:38"
"	69BA0CDE","	Chamber1","	1","	B01??(%RH)","	79.1","	2026-07-23 15:05:35"
"	69BA0CDE","	Chamber1","	1","	B01??(?)","	23.2","	2026-07-23 15:05:35"
"	69BA0CDE","	Chamber1","	1","	B01??(%RH)","	79.1","	2026-07-23 15:05:33"
"	69BA0CDE","	Chamber1","	1","	B01??(?)","	23.2","	2026-07-23 15:05:33"
"	69BA0CDE","	Chamber1","	1","	B01??(%RH)","	79.1","	2026-07-23 15:05:31"
"	69BA0CDE","	Chamber1","	1","	B01??(?)","	23.2","	2026-07-23 15:05:31"
"	69BA0CDE","	Chamber1","	1","	B01??(%RH)","	79.1","	2026-07-23 15:05:29"
"	69BA0CDE","	Chamber1","	1","	B01??(?)","	23.2","	2026-07-23 15:05:29"
"	69BA0CDE","	Chamber1","	1","	B01??(%RH)","	79.1","	2026-07-23 15:05:27"
"	69BA0CDE","	Chamber1","	1","	B01??(?)","	23.2","	2026-07-23 15:05:27"
"	69BA0CDE","	Chamber1","	1","	B01??(%RH)","	79.1","	2026-07-23 15:05:25"
"	69BA0CDE","	Chamber1","	1","	B01??(?)","	23.2","	2026-07-23 15:05:25"
"	69BA0CDE","	Chamber1","	1","	B01??(%RH)","	79.1","	2026-07-23 15:05:23"
"	69BA0CDE","	Chamber1","	1","	B01??(?)","	23.2","	2026-07-23 15:05:23"
"	69BA0CDE","	Chamber1","	1","	B01??(%RH)","	79.1","	2026-07-23 15:05:21"
"	69BA0CDE","	Chamber1","	1","	B01??(?)","	23.2","	2026-07-23 15:05:21"
"	69BA0CDE","	Chamber1","	1","	B01??(%RH)","	79","	2026-07-23 15:05:19"
"	69BA0CDE","	Chamber1","	1","	B01??(?)","	23.2","	2026-07-23 15:05:19"
"	69BA0CDE","	Chamber1","	1","	B01??(%RH)","	79","	2026-07-23 15:05:17"
"	69BA0CDE","	Chamber1","	1","	B01??(?)","	23.2","	2026-07-23 15:05:17"
"	69BA0CDE","	Chamber1","	1","	B01??(%RH)","	79.1","	2026-07-23 15:05:15"
"	69BA0CDE","	Chamber1","	1","	B01??(?)","	23.2","	2026-07-23 15:05:15"
"	69BA0CDE","	Chamber1","	1","	B01??(%RH)","	79","	2026-07-23 15:05:13"
"	69BA0CDE","	Chamber1","	1","	B01??(?)","	23.2","	2026-07-23 15:05:13"
"	69BA0CDE","	Chamber1","	1","	B01??(%RH)","	79","	2026-07-23 15:05:11"
"	69BA0CDE","	Chamber1","	1","	B01??(?)","	23.2","	2026-07-23 15:05:11"
"	69BA0CDE","	Chamber1","	1","	B01??(%RH)","	79","	2026-07-23 15:05:09"
"	69BA0CDE","	Chamber1","	1","	B01??(?)","	23.2","	2026-07-23 15:05:09"
"	69BA0CDE","	Chamber1","	1","	B01??(%RH)","	79.1","	2026-07-23 15:05:07"
"	69BA0CDE","	Chamber1","	1","	B01??(?)","	23.2","	2026-07-23 15:05:07"
"	69BA0CDE","	Chamber1","	1","	B01??(%RH)","	79","	2026-07-23 15:05:05"
"	69BA0CDE","	Chamber1","	1","	B01??(?)","	23.2","	2026-07-23 15:05:05"
"	69BA0CDE","	Chamber1","	1","	B01??(%RH)","	79.1","	2026-07-23 15:05:03"
"	69BA0CDE","	Chamber1","	1","	B01??(?)","	23.2","	2026-07-23 15:05:03"
"	69BA0CDE","	Chamber1","	1","	B01??(%RH)","	79","	2026-07-23 15:05:01"
"	69BA0CDE","	Chamber1","	1","	B01??(?)","	23.2","	2026-07-23 15:05:01"
"	69BA0CDE","	Chamber1","	1","	B01??(%RH)","	79","	2026-07-23 15:04:59"
"	69BA0CDE","	Chamber1","	1","	B01??(?)","	23.2","	2026-07-23 15:04:59"
"	69BA0CDE","	Chamber1","	1","	B01??(%RH)","	79","	2026-07-23 15:04:57"
"	69BA0CDE","	Chamber1","	1","	B01??(?)","	23.2","	2026-07-23 15:04:57"
"	69BA0CDE","	Chamber1","	1","	B01??(%RH)","	79","	2026-07-23 15:04:55"
"	69BA0CDE","	Chamber1","	1","	B01??(?)","	23.2","	2026-07-23 15:04:55"
"	69BA0CDE","	Chamber1","	1","	B01??(%RH)","	79","	2026-07-23 15:04:52"
"	69BA0CDE","	Chamber1","	1","	B01??(?)","	23.2","	2026-07-23 15:04:52"
"	69BA0CDE","	Chamber1","	1","	B01??(%RH)","	79","	2026-07-23 15:04:50"
"	69BA0CDE","	Chamber1","	1","	B01??(?)","	23.2","	2026-07-23 15:04:50"
"	69BA0CDE","	Chamber1","	1","	B01??(%RH)","	79","	2026-07-23 15:04:48"
"	69BA0CDE","	Chamber1","	1","	B01??(?)","	23.2","	2026-07-23 15:04:48"
"	69BA0CDE","	Chamber1","	1","	B01??(%RH)","	79","	2026-07-23 15:04:46"
"	69BA0CDE","	Chamber1","	1","	B01??(?)","	23.2","	2026-07-23 15:04:46"
"	69BA0CDE","	Chamber1","	1","	B01??(%RH)","	79","	2026-07-23 15:04:44"
"	69BA0CDE","	Chamber1","	1","	B01??(?)","	23.2","	2026-07-23 15:04:44"
"	69BA0CDE","	Chamber1","	1","	B01??(%RH)","	78.9","	2026-07-23 15:04:42"
"	69BA0CDE","	Chamber1","	1","	B01??(?)","	23.2","	2026-07-23 15:04:42"
"	69BA0CDE","	Chamber1","	1","	B01??(%RH)","	78.9","	2026-07-23 15:04:40"
"	69BA0CDE","	Chamber1","	1","	B01??(?)","	23.2","	2026-07-23 15:04:40"
"	69BA0CDE","	Chamber1","	1","	B01??(%RH)","	79","	2026-07-23 15:04:38"
"	69BA0CDE","	Chamber1","	1","	B01??(?)","	23.2","	2026-07-23 15:04:38"
"	69BA0CDE","	Chamber1","	1","	B01??(%RH)","	78.9","	2026-07-23 15:04:36"
"	69BA0CDE","	Chamber1","	1","	B01??(?)","	23.2","	2026-07-23 15:04:36"
"	69BA0CDE","	Chamber1","	1","	B01??(%RH)","	78.9","	2026-07-23 15:04:34"
"	69BA0CDE","	Chamber1","	1","	B01??(?)","	23.2","	2026-07-23 15:04:34"
"	69BA0CDE","	Chamber1","	1","	B01??(%RH)","	78.9","	2026-07-23 15:04:32"
"	69BA0CDE","	Chamber1","	1","	B01??(?)","	23.2","	2026-07-23 15:04:32"
"	69BA0CDE","	Chamber1","	1","	B01??(%RH)","	78.9","	2026-07-23 15:04:30"
"	69BA0CDE","	Chamber1","	1","	B01??(?)","	23.2","	2026-07-23 15:04:30"
"	69BA0CDE","	Chamber1","	1","	B01??(%RH)","	78.9","	2026-07-23 15:04:28"
"	69BA0CDE","	Chamber1","	1","	B01??(?)","	23.2","	2026-07-23 15:04:28"
"	69BA0CDE","	Chamber1","	1","	B01??(%RH)","	78.9","	2026-07-23 15:04:26"
"	69BA0CDE","	Chamber1","	1","	B01??(?)","	23.2","	2026-07-23 15:04:26"
"	69BA0CDE","	Chamber1","	1","	B01??(%RH)","	78.9","	2026-07-23 15:04:24"
"	69BA0CDE","	Chamber1","	1","	B01??(?)","	23.2","	2026-07-23 15:04:24"
"	69BA0CDE","	Chamber1","	1","	B01??(%RH)","	79","	2026-07-23 15:04:22"
"	69BA0CDE","	Chamber1","	1","	B01??(?)","	23.2","	2026-07-23 15:04:22"
"	69BA0CDE","	Chamber1","	1","	B01??(%RH)","	78.9","	2026-07-23 15:04:20"
"	69BA0CDE","	Chamber1","	1","	B01??(?)","	23.2","	2026-07-23 15:04:20"
"	69BA0CDE","	Chamber1","	1","	B01??(%RH)","	78.9","	2026-07-23 15:04:18"
"	69BA0CDE","	Chamber1","	1","	B01??(?)","	23.2","	2026-07-23 15:04:18"
"	69BA0CDE","	Chamber1","	1","	B01??(%RH)","	78.9","	2026-07-23 15:04:16"
"	69BA0CDE","	Chamber1","	1","	B01??(?)","	23.2","	2026-07-23 15:04:16"
"	69BA0CDE","	Chamber1","	1","	B01??(%RH)","	79","	2026-07-23 15:04:14"
"	69BA0CDE","	Chamber1","	1","	B01??(?)","	23.2","	2026-07-23 15:04:14"
"	69BA0CDE","	Chamber1","	1","	B01??(%RH)","	79","	2026-07-23 15:04:12"
"	69BA0CDE","	Chamber1","	1","	B01??(?)","	23.2","	2026-07-23 15:04:12"
"	69BA0CDE","	Chamber1","	1","	B01??(%RH)","	79","	2026-07-23 15:04:10"
"	69BA0CDE","	Chamber1","	1","	B01??(?)","	23.2","	2026-07-23 15:04:10"
"	69BA0CDE","	Chamber1","	1","	B01??(%RH)","	78.9","	2026-07-23 15:04:07"
"	69BA0CDE","	Chamber1","	1","	B01??(?)","	23.2","	2026-07-23 15:04:07"
"	69BA0CDE","	Chamber1","	1","	B01??(%RH)","	78.9","	2026-07-23 15:04:05"
"	69BA0CDE","	Chamber1","	1","	B01??(?)","	23.2","	2026-07-23 15:04:05"
"	69BA0CDE","	Chamber1","	1","	B01??(%RH)","	78.9","	2026-07-23 15:04:03"
"	69BA0CDE","	Chamber1","	1","	B01??(?)","	23.2","	2026-07-23 15:04:03"
"	69BA0CDE","	Chamber1","	1","	B01??(%RH)","	78.9","	2026-07-23 15:04:01"
"	69BA0CDE","	Chamber1","	1","	B01??(?)","	23.3","	2026-07-23 15:04:01"
"	69BA0CDE","	Chamber1","	1","	B01??(%RH)","	78.9","	2026-07-23 15:03:59"
"	69BA0CDE","	Chamber1","	1","	B01??(?)","	23.2","	2026-07-23 15:03:59"
"	69BA0CDE","	Chamber1","	1","	B01??(%RH)","	78.9","	2026-07-23 15:03:57"
"	69BA0CDE","	Chamber1","	1","	B01??(?)","	23.2","	2026-07-23 15:03:57"
"	69BA0CDE","	Chamber1","	1","	B01??(%RH)","	78.9","	2026-07-23 15:03:55"
"	69BA0CDE","	Chamber1","	1","	B01??(?)","	23.2","	2026-07-23 15:03:55"
"	69BA0CDE","	Chamber1","	1","	B01??(%RH)","	78.9","	2026-07-23 15:03:53"
"	69BA0CDE","	Chamber1","	1","	B01??(?)","	23.2","	2026-07-23 15:03:53"
"	69BA0CDE","	Chamber1","	1","	B01??(%RH)","	78.9","	2026-07-23 15:03:51"
"	69BA0CDE","	Chamber1","	1","	B01??(?)","	23.2","	2026-07-23 15:03:51"
"	69BA0CDE","	Chamber1","	1","	B01??(%RH)","	78.9","	2026-07-23 15:03:49"
"	69BA0CDE","	Chamber1","	1","	B01??(?)","	23.2","	2026-07-23 15:03:49"
"	69BA0CDE","	Chamber1","	1","	B01??(%RH)","	78.9","	2026-07-23 15:03:47"
"	69BA0CDE","	Chamber1","	1","	B01??(?)","	23.2","	2026-07-23 15:03:47"
"	69BA0CDE","	Chamber1","	1","	B01??(%RH)","	78.9","	2026-07-23 15:03:45"
"	69BA0CDE","	Chamber1","	1","	B01??(?)","	23.2","	2026-07-23 15:03:45"
"	69BA0CDE","	Chamber1","	1","	B01??(%RH)","	78.9","	2026-07-23 15:03:43"
"	69BA0CDE","	Chamber1","	1","	B01??(?)","	23.2","	2026-07-23 15:03:43"
"	69BA0CDE","	Chamber1","	1","	B01??(%RH)","	78.9","	2026-07-23 15:03:41"
"	69BA0CDE","	Chamber1","	1","	B01??(?)","	23.2","	2026-07-23 15:03:41"
"	69BA0CDE","	Chamber1","	1","	B01??(%RH)","	78.9","	2026-07-23 15:03:39"
"	69BA0CDE","	Chamber1","	1","	B01??(?)","	23.2","	2026-07-23 15:03:39"
"	69BA0CDE","	Chamber1","	1","	B01??(%RH)","	78.9","	2026-07-23 15:03:37"
"	69BA0CDE","	Chamber1","	1","	B01??(?)","	23.2","	2026-07-23 15:03:37"
"	69BA0CDE","	Chamber1","	1","	B01??(%RH)","	78.9","	2026-07-23 15:03:35"
"	69BA0CDE","	Chamber1","	1","	B01??(?)","	23.2","	2026-07-23 15:03:35"
"	69BA0CDE","	Chamber1","	1","	B01??(%RH)","	78.9","	2026-07-23 15:03:33"
"	69BA0CDE","	Chamber1","	1","	B01??(?)","	23.2","	2026-07-23 15:03:33"
"	69BA0CDE","	Chamber1","	1","	B01??(%RH)","	78.9","	2026-07-23 15:03:31"
"	69BA0CDE","	Chamber1","	1","	B01??(?)","	23.2","	2026-07-23 15:03:31"
"	69BA0CDE","	Chamber1","	1","	B01??(%RH)","	79","	2026-07-23 15:03:29"
"	69BA0CDE","	Chamber1","	1","	B01??(?)","	23.2","	2026-07-23 15:03:29"
"	69BA0CDE","	Chamber1","	1","	B01??(%RH)","	79","	2026-07-23 15:03:26"
"	69BA0CDE","	Chamber1","	1","	B01??(?)","	23.2","	2026-07-23 15:03:26"
"	69BA0CDE","	Chamber1","	1","	B01??(%RH)","	79","	2026-07-23 15:03:24"
"	69BA0CDE","	Chamber1","	1","	B01??(?)","	23.2","	2026-07-23 15:03:24"
"	69BA0CDE","	Chamber1","	1","	B01??(%RH)","	79","	2026-07-23 15:03:22"
"	69BA0CDE","	Chamber1","	1","	B01??(?)","	23.2","	2026-07-23 15:03:22"
"	69BA0CDE","	Chamber1","	1","	B01??(%RH)","	79","	2026-07-23 15:03:20"
"	69BA0CDE","	Chamber1","	1","	B01??(?)","	23.2","	2026-07-23 15:03:20"
"	69BA0CDE","	Chamber1","	1","	B01??(%RH)","	79","	2026-07-23 15:03:18"
"	69BA0CDE","	Chamber1","	1","	B01??(?)","	23.2","	2026-07-23 15:03:18"
"	69BA0CDE","	Chamber1","	1","	B01??(%RH)","	79","	2026-07-23 15:03:16"
"	69BA0CDE","	Chamber1","	1","	B01??(?)","	23.2","	2026-07-23 15:03:16"
"	69BA0CDE","	Chamber1","	1","	B01??(%RH)","	79","	2026-07-23 15:03:14"
"	69BA0CDE","	Chamber1","	1","	B01??(?)","	23.2","	2026-07-23 15:03:14"
"	69BA0CDE","	Chamber1","	1","	B01??(%RH)","	79","	2026-07-23 15:03:12"
"	69BA0CDE","	Chamber1","	1","	B01??(?)","	23.2","	2026-07-23 15:03:12"
"	69BA0CDE","	Chamber1","	1","	B01??(%RH)","	79","	2026-07-23 15:03:10"
"	69BA0CDE","	Chamber1","	1","	B01??(?)","	23.3","	2026-07-23 15:03:10"
"	69BA0CDE","	Chamber1","	1","	B01??(%RH)","	79","	2026-07-23 15:03:08"
"	69BA0CDE","	Chamber1","	1","	B01??(?)","	23.2","	2026-07-23 15:03:08"
"	69BA0CDE","	Chamber1","	1","	B01??(%RH)","	79","	2026-07-23 15:03:06"
"	69BA0CDE","	Chamber1","	1","	B01??(?)","	23.2","	2026-07-23 15:03:06"
"	69BA0CDE","	Chamber1","	1","	B01??(%RH)","	79","	2026-07-23 15:03:04"
"	69BA0CDE","	Chamber1","	1","	B01??(?)","	23.2","	2026-07-23 15:03:04"
"	69BA0CDE","	Chamber1","	1","	B01??(%RH)","	79","	2026-07-23 15:03:02"
"	69BA0CDE","	Chamber1","	1","	B01??(?)","	23.2","	2026-07-23 15:03:02"
"	69BA0CDE","	Chamber1","	1","	B01??(%RH)","	79","	2026-07-23 15:03:00"
"	69BA0CDE","	Chamber1","	1","	B01??(?)","	23.2","	2026-07-23 15:03:00"
"	69BA0CDE","	Chamber1","	1","	B01??(%RH)","	79","	2026-07-23 15:02:58"
"	69BA0CDE","	Chamber1","	1","	B01??(?)","	23.2","	2026-07-23 15:02:58"
"	69BA0CDE","	Chamber1","	1","	B01??(%RH)","	78.9","	2026-07-23 15:02:56"
"	69BA0CDE","	Chamber1","	1","	B01??(?)","	23.2","	2026-07-23 15:02:56"
"	69BA0CDE","	Chamber1","	1","	B01??(%RH)","	78.9","	2026-07-23 15:02:54"
"	69BA0CDE","	Chamber1","	1","	B01??(?)","	23.2","	2026-07-23 15:02:54"
"	69BA0CDE","	Chamber1","	1","	B01??(%RH)","	78.9","	2026-07-23 15:02:52"
"	69BA0CDE","	Chamber1","	1","	B01??(?)","	23.2","	2026-07-23 15:02:52"
"	69BA0CDE","	Chamber1","	1","	B01??(%RH)","	78.9","	2026-07-23 15:02:50"
"	69BA0CDE","	Chamber1","	1","	B01??(?)","	23.2","	2026-07-23 15:02:50"
"	69BA0CDE","	Chamber1","	1","	B01??(%RH)","	78.9","	2026-07-23 15:02:48"
"	69BA0CDE","	Chamber1","	1","	B01??(?)","	23.2","	2026-07-23 15:02:48"
"	69BA0CDE","	Chamber1","	1","	B01??(%RH)","	78.9","	2026-07-23 15:02:46"
"	69BA0CDE","	Chamber1","	1","	B01??(?)","	23.2","	2026-07-23 15:02:46"
"	69BA0CDE","	Chamber1","	1","	B01??(%RH)","	78.9","	2026-07-23 15:02:43"
"	69BA0CDE","	Chamber1","	1","	B01??(?)","	23.2","	2026-07-23 15:02:43"
"	69BA0CDE","	Chamber1","	1","	B01??(%RH)","	78.9","	2026-07-23 15:02:41"
"	69BA0CDE","	Chamber1","	1","	B01??(?)","	23.2","	2026-07-23 15:02:41"
"	69BA0CDE","	Chamber1","	1","	B01??(%RH)","	78.9","	2026-07-23 15:02:39"
"	69BA0CDE","	Chamber1","	1","	B01??(?)","	23.3","	2026-07-23 15:02:39"
"	69BA0CDE","	Chamber1","	1","	B01??(%RH)","	78.9","	2026-07-23 15:02:37"
"	69BA0CDE","	Chamber1","	1","	B01??(?)","	23.2","	2026-07-23 15:02:37"
"	69BA0CDE","	Chamber1","	1","	B01??(%RH)","	78.9","	2026-07-23 15:02:35"
"	69BA0CDE","	Chamber1","	1","	B01??(?)","	23.2","	2026-07-23 15:02:35"
"	69BA0CDE","	Chamber1","	1","	B01??(%RH)","	78.9","	2026-07-23 15:02:33"
"	69BA0CDE","	Chamber1","	1","	B01??(?)","	23.2","	2026-07-23 15:02:33"
"	69BA0CDE","	Chamber1","	1","	B01??(%RH)","	78.9","	2026-07-23 15:02:31"
"	69BA0CDE","	Chamber1","	1","	B01??(?)","	23.2","	2026-07-23 15:02:31"
"	69BA0CDE","	Chamber1","	1","	B01??(%RH)","	78.8","	2026-07-23 15:02:29"
"	69BA0CDE","	Chamber1","	1","	B01??(?)","	23.2","	2026-07-23 15:02:29"
"	69BA0CDE","	Chamber1","	1","	B01??(%RH)","	78.8","	2026-07-23 15:02:27"
"	69BA0CDE","	Chamber1","	1","	B01??(?)","	23.2","	2026-07-23 15:02:27"
"	69BA0CDE","	Chamber1","	1","	B01??(%RH)","	78.8","	2026-07-23 15:02:25"
"	69BA0CDE","	Chamber1","	1","	B01??(?)","	23.2","	2026-07-23 15:02:25"
"	69BA0CDE","	Chamber1","	1","	B01??(%RH)","	78.8","	2026-07-23 15:02:23"
"	69BA0CDE","	Chamber1","	1","	B01??(?)","	23.2","	2026-07-23 15:02:23"
"	69BA0CDE","	Chamber1","	1","	B01??(%RH)","	78.7","	2026-07-23 15:02:21"
"	69BA0CDE","	Chamber1","	1","	B01??(?)","	23.2","	2026-07-23 15:02:21"
"	69BA0CDE","	Chamber1","	1","	B01??(%RH)","	78.7","	2026-07-23 15:02:19"
"	69BA0CDE","	Chamber1","	1","	B01??(?)","	23.2","	2026-07-23 15:02:19"
"	69BA0CDE","	Chamber1","	1","	B01??(%RH)","	78.7","	2026-07-23 15:02:17"
"	69BA0CDE","	Chamber1","	1","	B01??(?)","	23.2","	2026-07-23 15:02:17"
"	69BA0CDE","	Chamber1","	1","	B01??(%RH)","	78.7","	2026-07-23 15:02:15"
"	69BA0CDE","	Chamber1","	1","	B01??(?)","	23.2","	2026-07-23 15:02:15"
"	69BA0CDE","	Chamber1","	1","	B01??(%RH)","	78.7","	2026-07-23 15:02:13"
"	69BA0CDE","	Chamber1","	1","	B01??(?)","	23.2","	2026-07-23 15:02:13"
"	69BA0CDE","	Chamber1","	1","	B01??(%RH)","	78.7","	2026-07-23 15:02:11"
"	69BA0CDE","	Chamber1","	1","	B01??(?)","	23.2","	2026-07-23 15:02:11"
"	69BA0CDE","	Chamber1","	1","	B01??(%RH)","	78.7","	2026-07-23 15:02:09"
"	69BA0CDE","	Chamber1","	1","	B01??(?)","	23.2","	2026-07-23 15:02:09"
"	69BA0CDE","	Chamber1","	1","	B01??(%RH)","	78.7","	2026-07-23 15:02:07"
"	69BA0CDE","	Chamber1","	1","	B01??(?)","	23.2","	2026-07-23 15:02:07"
"	69BA0CDE","	Chamber1","	1","	B01??(%RH)","	78.7","	2026-07-23 15:02:05"
"	69BA0CDE","	Chamber1","	1","	B01??(?)","	23.2","	2026-07-23 15:02:05"
"	69BA0CDE","	Chamber1","	1","	B01??(%RH)","	78.7","	2026-07-23 15:02:03"
"	69BA0CDE","	Chamber1","	1","	B01??(?)","	23.2","	2026-07-23 15:02:03"
"	69BA0CDE","	Chamber1","	1","	B01??(%RH)","	78.7","	2026-07-23 15:02:00"
"	69BA0CDE","	Chamber1","	1","	B01??(?)","	23.2","	2026-07-23 15:02:00"
"	69BA0CDE","	Chamber1","	1","	B01??(%RH)","	78.6","	2026-07-23 15:01:58"
"	69BA0CDE","	Chamber1","	1","	B01??(?)","	23.3","	2026-07-23 15:01:58"
"	69BA0CDE","	Chamber1","	1","	B01??(%RH)","	78.6","	2026-07-23 15:01:56"
"	69BA0CDE","	Chamber1","	1","	B01??(?)","	23.2","	2026-07-23 15:01:56"
"	69BA0CDE","	Chamber1","	1","	B01??(%RH)","	78.6","	2026-07-23 15:01:54"
"	69BA0CDE","	Chamber1","	1","	B01??(?)","	23.2","	2026-07-23 15:01:54"
"	69BA0CDE","	Chamber1","	1","	B01??(%RH)","	78.6","	2026-07-23 15:01:52"
"	69BA0CDE","	Chamber1","	1","	B01??(?)","	23.2","	2026-07-23 15:01:52"
"	69BA0CDE","	Chamber1","	1","	B01??(%RH)","	78.7","	2026-07-23 15:01:50"
"	69BA0CDE","	Chamber1","	1","	B01??(?)","	23.2","	2026-07-23 15:01:50"
"	69BA0CDE","	Chamber1","	1","	B01??(%RH)","	78.6","	2026-07-23 15:01:48"
"	69BA0CDE","	Chamber1","	1","	B01??(?)","	23.2","	2026-07-23 15:01:48"
"	69BA0CDE","	Chamber1","	1","	B01??(%RH)","	78.6","	2026-07-23 15:01:46"
"	69BA0CDE","	Chamber1","	1","	B01??(?)","	23.2","	2026-07-23 15:01:46"
"	69BA0CDE","	Chamber1","	1","	B01??(%RH)","	78.6","	2026-07-23 15:01:44"
"	69BA0CDE","	Chamber1","	1","	B01??(?)","	23.2","	2026-07-23 15:01:44"
"	69BA0CDE","	Chamber1","	1","	B01??(%RH)","	78.6","	2026-07-23 15:01:42"
"	69BA0CDE","	Chamber1","	1","	B01??(?)","	23.2","	2026-07-23 15:01:42"
"	69BA0CDE","	Chamber1","	1","	B01??(%RH)","	78.6","	2026-07-23 15:01:40"
"	69BA0CDE","	Chamber1","	1","	B01??(?)","	23.2","	2026-07-23 15:01:40"
"	69BA0CDE","	Chamber1","	1","	B01??(%RH)","	78.6","	2026-07-23 15:01:38"
"	69BA0CDE","	Chamber1","	1","	B01??(?)","	23.2","	2026-07-23 15:01:38"
"	69BA0CDE","	Chamber1","	1","	B01??(%RH)","	78.6","	2026-07-23 15:01:36"
"	69BA0CDE","	Chamber1","	1","	B01??(?)","	23.2","	2026-07-23 15:01:36"
"	69BA0CDE","	Chamber1","	1","	B01??(%RH)","	78.6","	2026-07-23 15:01:34"
"	69BA0CDE","	Chamber1","	1","	B01??(?)","	23.2","	2026-07-23 15:01:34"
"	69BA0CDE","	Chamber1","	1","	B01??(%RH)","	78.6","	2026-07-23 15:01:32"
"	69BA0CDE","	Chamber1","	1","	B01??(?)","	23.2","	2026-07-23 15:01:32"
"	69BA0CDE","	Chamber1","	1","	B01??(%RH)","	78.6","	2026-07-23 15:01:30"
"	69BA0CDE","	Chamber1","	1","	B01??(?)","	23.2","	2026-07-23 15:01:30"
"	69BA0CDE","	Chamber1","	1","	B01??(%RH)","	78.6","	2026-07-23 15:01:28"
"	69BA0CDE","	Chamber1","	1","	B01??(?)","	23.2","	2026-07-23 15:01:28"
"	69BA0CDE","	Chamber1","	1","	B01??(%RH)","	78.6","	2026-07-23 15:01:26"
"	69BA0CDE","	Chamber1","	1","	B01??(?)","	23.2","	2026-07-23 15:01:26"
"	69BA0CDE","	Chamber1","	1","	B01??(%RH)","	78.6","	2026-07-23 15:01:24"
"	69BA0CDE","	Chamber1","	1","	B01??(?)","	23.2","	2026-07-23 15:01:24"
"	69BA0CDE","	Chamber1","	1","	B01??(%RH)","	78.6","	2026-07-23 15:01:22"
"	69BA0CDE","	Chamber1","	1","	B01??(?)","	23.2","	2026-07-23 15:01:22"
"	69BA0CDE","	Chamber1","	1","	B01??(%RH)","	78.6","	2026-07-23 15:01:20"
"	69BA0CDE","	Chamber1","	1","	B01??(?)","	23.2","	2026-07-23 15:01:20"
"	69BA0CDE","	Chamber1","	1","	B01??(%RH)","	78.6","	2026-07-23 15:01:17"
"	69BA0CDE","	Chamber1","	1","	B01??(?)","	23.2","	2026-07-23 15:01:17"
"	69BA0CDE","	Chamber1","	1","	B01??(%RH)","	78.6","	2026-07-23 15:01:15"
"	69BA0CDE","	Chamber1","	1","	B01??(?)","	23.2","	2026-07-23 15:01:15"
"	69BA0CDE","	Chamber1","	1","	B01??(%RH)","	78.6","	2026-07-23 15:01:13"
"	69BA0CDE","	Chamber1","	1","	B01??(?)","	23.2","	2026-07-23 15:01:13"
"	69BA0CDE","	Chamber1","	1","	B01??(%RH)","	78.7","	2026-07-23 15:01:11"
"	69BA0CDE","	Chamber1","	1","	B01??(?)","	23.2","	2026-07-23 15:01:11"
"	69BA0CDE","	Chamber1","	1","	B01??(%RH)","	78.6","	2026-07-23 15:01:09"
"	69BA0CDE","	Chamber1","	1","	B01??(?)","	23.2","	2026-07-23 15:01:09"
"	69BA0CDE","	Chamber1","	1","	B01??(%RH)","	78.6","	2026-07-23 15:01:07"
"	69BA0CDE","	Chamber1","	1","	B01??(?)","	23.2","	2026-07-23 15:01:07"
"	69BA0CDE","	Chamber1","	1","	B01??(%RH)","	78.7","	2026-07-23 15:01:05"
"	69BA0CDE","	Chamber1","	1","	B01??(?)","	23.2","	2026-07-23 15:01:05"
"	69BA0CDE","	Chamber1","	1","	B01??(%RH)","	78.7","	2026-07-23 15:01:03"
"	69BA0CDE","	Chamber1","	1","	B01??(?)","	23.2","	2026-07-23 15:01:03"
"	69BA0CDE","	Chamber1","	1","	B01??(%RH)","	78.8","	2026-07-23 15:01:01"
"	69BA0CDE","	Chamber1","	1","	B01??(?)","	23.2","	2026-07-23 15:01:01"
"	69BA0CDE","	Chamber1","	1","	B01??(%RH)","	78.8","	2026-07-23 15:00:59"
"	69BA0CDE","	Chamber1","	1","	B01??(?)","	23.2","	2026-07-23 15:00:59"
"	69BA0CDE","	Chamber1","	1","	B01??(%RH)","	78.8","	2026-07-23 15:00:57"
"	69BA0CDE","	Chamber1","	1","	B01??(?)","	23.2","	2026-07-23 15:00:57"
"	69BA0CDE","	Chamber1","	1","	B01??(%RH)","	78.8","	2026-07-23 15:00:55"
"	69BA0CDE","	Chamber1","	1","	B01??(?)","	23.2","	2026-07-23 15:00:55"
"	69BA0CDE","	Chamber1","	1","	B01??(%RH)","	78.8","	2026-07-23 15:00:53"
"	69BA0CDE","	Chamber1","	1","	B01??(?)","	23.2","	2026-07-23 15:00:53"
"	69BA0CDE","	Chamber1","	1","	B01??(%RH)","	78.8","	2026-07-23 15:00:51"
"	69BA0CDE","	Chamber1","	1","	B01??(?)","	23.2","	2026-07-23 15:00:51"
"	69BA0CDE","	Chamber1","	1","	B01??(%RH)","	78.8","	2026-07-23 15:00:49"
"	69BA0CDE","	Chamber1","	1","	B01??(?)","	23.2","	2026-07-23 15:00:49"
"	69BA0CDE","	Chamber1","	1","	B01??(%RH)","	78.8","	2026-07-23 15:00:47"
"	69BA0CDE","	Chamber1","	1","	B01??(?)","	23.2","	2026-07-23 15:00:47"
"	69BA0CDE","	Chamber1","	1","	B01??(%RH)","	78.8","	2026-07-23 15:00:45"
"	69BA0CDE","	Chamber1","	1","	B01??(?)","	23.2","	2026-07-23 15:00:45"
"	69BA0CDE","	Chamber1","	1","	B01??(%RH)","	78.8","	2026-07-23 15:00:43"
"	69BA0CDE","	Chamber1","	1","	B01??(?)","	23.2","	2026-07-23 15:00:43"
"	69BA0CDE","	Chamber1","	1","	B01??(%RH)","	78.8","	2026-07-23 15:00:41"
"	69BA0CDE","	Chamber1","	1","	B01??(?)","	23.2","	2026-07-23 15:00:41"
"	69BA0CDE","	Chamber1","	1","	B01??(%RH)","	78.8","	2026-07-23 15:00:39"
"	69BA0CDE","	Chamber1","	1","	B01??(?)","	23.2","	2026-07-23 15:00:39"
"	69BA0CDE","	Chamber1","	1","	B01??(%RH)","	78.8","	2026-07-23 15:00:37"
"	69BA0CDE","	Chamber1","	1","	B01??(?)","	23.2","	2026-07-23 15:00:37"
"	69BA0CDE","	Chamber1","	1","	B01??(%RH)","	78.8","	2026-07-23 15:00:34"
"	69BA0CDE","	Chamber1","	1","	B01??(?)","	23.2","	2026-07-23 15:00:34"
"	69BA0CDE","	Chamber1","	1","	B01??(%RH)","	78.8","	2026-07-23 15:00:32"
"	69BA0CDE","	Chamber1","	1","	B01??(?)","	23.2","	2026-07-23 15:00:32"
"	69BA0CDE","	Chamber1","	1","	B01??(%RH)","	78.8","	2026-07-23 15:00:30"
"	69BA0CDE","	Chamber1","	1","	B01??(?)","	23.2","	2026-07-23 15:00:30"
"	69BA0CDE","	Chamber1","	1","	B01??(%RH)","	78.8","	2026-07-23 15:00:28"
"	69BA0CDE","	Chamber1","	1","	B01??(?)","	23.2","	2026-07-23 15:00:28"
"	69BA0CDE","	Chamber1","	1","	B01??(%RH)","	78.8","	2026-07-23 15:00:26"
"	69BA0CDE","	Chamber1","	1","	B01??(?)","	23.2","	2026-07-23 15:00:26"
"	69BA0CDE","	Chamber1","	1","	B01??(%RH)","	78.8","	2026-07-23 15:00:24"
"	69BA0CDE","	Chamber1","	1","	B01??(?)","	23.2","	2026-07-23 15:00:24"
"	69BA0CDE","	Chamber1","	1","	B01??(%RH)","	78.8","	2026-07-23 15:00:22"
"	69BA0CDE","	Chamber1","	1","	B01??(?)","	23.2","	2026-07-23 15:00:22"
"	69BA0CDE","	Chamber1","	1","	B01??(%RH)","	78.8","	2026-07-23 15:00:20"
"	69BA0CDE","	Chamber1","	1","	B01??(?)","	23.2","	2026-07-23 15:00:20"
"	69BA0CDE","	Chamber1","	1","	B01??(%RH)","	78.8","	2026-07-23 15:00:18"
"	69BA0CDE","	Chamber1","	1","	B01??(?)","	23.2","	2026-07-23 15:00:18"
"	69BA0CDE","	Chamber1","	1","	B01??(%RH)","	78.8","	2026-07-23 15:00:16"
"	69BA0CDE","	Chamber1","	1","	B01??(?)","	23.2","	2026-07-23 15:00:16"
"	69BA0CDE","	Chamber1","	1","	B01??(%RH)","	78.8","	2026-07-23 15:00:14"
"	69BA0CDE","	Chamber1","	1","	B01??(?)","	23.2","	2026-07-23 15:00:14"
"	69BA0CDE","	Chamber1","	1","	B01??(%RH)","	78.8","	2026-07-23 15:00:12"
"	69BA0CDE","	Chamber1","	1","	B01??(?)","	23.2","	2026-07-23 15:00:12"
"	69BA0CDE","	Chamber1","	1","	B01??(%RH)","	78.9","	2026-07-23 15:00:10"
"	69BA0CDE","	Chamber1","	1","	B01??(?)","	23.2","	2026-07-23 15:00:10"
"	69BA0CDE","	Chamber1","	1","	B01??(%RH)","	78.8","	2026-07-23 15:00:08"
"	69BA0CDE","	Chamber1","	1","	B01??(?)","	23.3","	2026-07-23 15:00:08"
"	69BA0CDE","	Chamber1","	1","	B01??(%RH)","	78.8","	2026-07-23 15:00:06"
"	69BA0CDE","	Chamber1","	1","	B01??(?)","	23.2","	2026-07-23 15:00:06"
"	69BA0CDE","	Chamber1","	1","	B01??(%RH)","	78.9","	2026-07-23 15:00:04"
"	69BA0CDE","	Chamber1","	1","	B01??(?)","	23.2","	2026-07-23 15:00:04"
"	69BA0CDE","	Chamber1","	1","	B01??(%RH)","	78.9","	2026-07-23 15:00:02"
"	69BA0CDE","	Chamber1","	1","	B01??(?)","	23.2","	2026-07-23 15:00:02"
"	69BA0CDE","	Chamber1","	1","	B01??(%RH)","	78.9","	2026-07-23 15:00:00"
"	69BA0CDE","	Chamber1","	1","	B01??(?)","	23.2","	2026-07-23 15:00:00"
