??ID,????,????,????,????,??
"	69BA0CDE","	Chamber1","	1","	B01??(%RH)","	100","	2026-07-28 14:45:00"
"	69BA0CDE","	Chamber1","	1","	B01??(?)","	20.1","	2026-07-28 14:45:00"
"	69BA0CDE","	Chamber1","	1","	B01??(%RH)","	100","	2026-07-28 14:44:58"
"	69BA0CDE","	Chamber1","	1","	B01??(?)","	20.1","	2026-07-28 14:44:58"
"	69BA0CDE","	Chamber1","	1","	B01??(%RH)","	100","	2026-07-28 14:44:56"
"	69BA0CDE","	Chamber1","	1","	B01??(?)","	20","	2026-07-28 14:44:56"
"	69BA0CDE","	Chamber1","	1","	B01??(%RH)","	100","	2026-07-28 14:44:54"
"	69BA0CDE","	Chamber1","	1","	B01??(?)","	20.1","	2026-07-28 14:44:54"
"	69BA0CDE","	Chamber1","	1","	B01??(%RH)","	100","	2026-07-28 14:44:52"
"	69BA0CDE","	Chamber1","	1","	B01??(?)","	20","	2026-07-28 14:44:52"
"	69BA0CDE","	Chamber1","	1","	B01??(%RH)","	100","	2026-07-28 14:44:50"
"	69BA0CDE","	Chamber1","	1","	B01??(?)","	20","	2026-07-28 14:44:50"
"	69BA0CDE","	Chamber1","	1","	B01??(%RH)","	100","	2026-07-28 14:44:48"
"	69BA0CDE","	Chamber1","	1","	B01??(?)","	20","	2026-07-28 14:44:48"
"	69BA0CDE","	Chamber1","	1","	B01??(%RH)","	100","	2026-07-28 14:44:45"
"	69BA0CDE","	Chamber1","	1","	B01??(?)","	20","	2026-07-28 14:44:45"
"	69BA0CDE","	Chamber1","	1","	B01??(%RH)","	100","	2026-07-28 14:44:43"
"	69BA0CDE","	Chamber1","	1","	B01??(?)","	20","	2026-07-28 14:44:43"
"	69BA0CDE","	Chamber1","	1","	B01??(%RH)","	100","	2026-07-28 14:44:41"
"	69BA0CDE","	Chamber1","	1","	B01??(?)","	20","	2026-07-28 14:44:41"
"	69BA0CDE","	Chamber1","	1","	B01??(%RH)","	100","	2026-07-28 14:44:39"
"	69BA0CDE","	Chamber1","	1","	B01??(?)","	20","	2026-07-28 14:44:39"
"	69BA0CDE","	Chamber1","	1","	B01??(%RH)","	100","	2026-07-28 14:44:37"
"	69BA0CDE","	Chamber1","	1","	B01??(?)","	20","	2026-07-28 14:44:37"
"	69BA0CDE","	Chamber1","	1","	B01??(%RH)","	100","	2026-07-28 14:44:35"
"	69BA0CDE","	Chamber1","	1","	B01??(?)","	20","	2026-07-28 14:44:35"
"	69BA0CDE","	Chamber1","	1","	B01??(%RH)","	100","	2026-07-28 14:44:33"
"	69BA0CDE","	Chamber1","	1","	B01??(?)","	19.9","	2026-07-28 14:44:33"
"	69BA0CDE","	Chamber1","	1","	B01??(%RH)","	100","	2026-07-28 14:44:31"
"	69BA0CDE","	Chamber1","	1","	B01??(?)","	19.9","	2026-07-28 14:44:31"
"	69BA0CDE","	Chamber1","	1","	B01??(%RH)","	100","	2026-07-28 14:44:29"
"	69BA0CDE","	Chamber1","	1","	B01??(?)","	20","	2026-07-28 14:44:29"
"	69BA0CDE","	Chamber1","	1","	B01??(%RH)","	100","	2026-07-28 14:44:27"
"	69BA0CDE","	Chamber1","	1","	B01??(?)","	19.9","	2026-07-28 14:44:27"
"	69BA0CDE","	Chamber1","	1","	B01??(%RH)","	100","	2026-07-28 14:44:25"
"	69BA0CDE","	Chamber1","	1","	B01??(?)","	19.9","	2026-07-28 14:44:25"
"	69BA0CDE","	Chamber1","	1","	B01??(%RH)","	100","	2026-07-28 14:44:23"
"	69BA0CDE","	Chamber1","	1","	B01??(?)","	19.9","	2026-07-28 14:44:23"
"	69BA0CDE","	Chamber1","	1","	B01??(%RH)","	100","	2026-07-28 14:44:21"
"	69BA0CDE","	Chamber1","	1","	B01??(?)","	19.9","	2026-07-28 14:44:21"
"	69BA0CDE","	Chamber1","	1","	B01??(%RH)","	100","	2026-07-28 14:44:19"
"	69BA0CDE","	Chamber1","	1","	B01??(?)","	19.9","	2026-07-28 14:44:19"
"	69BA0CDE","	Chamber1","	1","	B01??(%RH)","	100","	2026-07-28 14:44:17"
"	69BA0CDE","	Chamber1","	1","	B01??(?)","	19.9","	2026-07-28 14:44:17"
"	69BA0CDE","	Chamber1","	1","	B01??(%RH)","	100","	2026-07-28 14:44:15"
"	69BA0CDE","	Chamber1","	1","	B01??(?)","	19.9","	2026-07-28 14:44:15"
"	69BA0CDE","	Chamber1","	1","	B01??(%RH)","	100","	2026-07-28 14:44:13"
"	69BA0CDE","	Chamber1","	1","	B01??(?)","	19.9","	2026-07-28 14:44:13"
"	69BA0CDE","	Chamber1","	1","	B01??(%RH)","	100","	2026-07-28 14:44:11"
"	69BA0CDE","	Chamber1","	1","	B01??(?)","	19.9","	2026-07-28 14:44:11"
"	69BA0CDE","	Chamber1","	1","	B01??(%RH)","	100","	2026-07-28 14:44:09"
"	69BA0CDE","	Chamber1","	1","	B01??(?)","	19.9","	2026-07-28 14:44:09"
"	69BA0CDE","	Chamber1","	1","	B01??(%RH)","	100","	2026-07-28 14:44:07"
"	69BA0CDE","	Chamber1","	1","	B01??(?)","	19.8","	2026-07-28 14:44:07"
"	69BA0CDE","	Chamber1","	1","	B01??(%RH)","	100","	2026-07-28 14:44:05"
"	69BA0CDE","	Chamber1","	1","	B01??(?)","	19.8","	2026-07-28 14:44:05"
"	69BA0CDE","	Chamber1","	1","	B01??(%RH)","	100","	2026-07-28 14:44:03"
"	69BA0CDE","	Chamber1","	1","	B01??(?)","	19.8","	2026-07-28 14:44:03"
"	69BA0CDE","	Chamber1","	1","	B01??(%RH)","	100","	2026-07-28 14:44:00"
"	69BA0CDE","	Chamber1","	1","	B01??(?)","	19.8","	2026-07-28 14:44:00"
"	69BA0CDE","	Chamber1","	1","	B01??(%RH)","	100","	2026-07-28 14:43:58"
"	69BA0CDE","	Chamber1","	1","	B01??(?)","	19.8","	2026-07-28 14:43:58"
"	69BA0CDE","	Chamber1","	1","	B01??(%RH)","	100","	2026-07-28 14:43:56"
"	69BA0CDE","	Chamber1","	1","	B01??(?)","	19.8","	2026-07-28 14:43:56"
"	69BA0CDE","	Chamber1","	1","	B01??(%RH)","	100","	2026-07-28 14:43:54"
"	69BA0CDE","	Chamber1","	1","	B01??(?)","	19.8","	2026-07-28 14:43:54"
"	69BA0CDE","	Chamber1","	1","	B01??(%RH)","	100","	2026-07-28 14:43:52"
"	69BA0CDE","	Chamber1","	1","	B01??(?)","	19.8","	2026-07-28 14:43:52"
"	69BA0CDE","	Chamber1","	1","	B01??(%RH)","	100","	2026-07-28 14:43:50"
"	69BA0CDE","	Chamber1","	1","	B01??(?)","	19.8","	2026-07-28 14:43:50"
"	69BA0CDE","	Chamber1","	1","	B01??(%RH)","	100","	2026-07-28 14:43:48"
"	69BA0CDE","	Chamber1","	1","	B01??(?)","	19.7","	2026-07-28 14:43:48"
"	69BA0CDE","	Chamber1","	1","	B01??(%RH)","	100","	2026-07-28 14:43:46"
"	69BA0CDE","	Chamber1","	1","	B01??(?)","	19.7","	2026-07-28 14:43:46"
"	69BA0CDE","	Chamber1","	1","	B01??(%RH)","	100","	2026-07-28 14:43:44"
"	69BA0CDE","	Chamber1","	1","	B01??(?)","	19.7","	2026-07-28 14:43:44"
"	69BA0CDE","	Chamber1","	1","	B01??(%RH)","	100","	2026-07-28 14:43:42"
"	69BA0CDE","	Chamber1","	1","	B01??(?)","	19.7","	2026-07-28 14:43:42"
"	69BA0CDE","	Chamber1","	1","	B01??(%RH)","	100","	2026-07-28 14:43:40"
"	69BA0CDE","	Chamber1","	1","	B01??(?)","	19.7","	2026-07-28 14:43:40"
"	69BA0CDE","	Chamber1","	1","	B01??(%RH)","	100","	2026-07-28 14:43:38"
"	69BA0CDE","	Chamber1","	1","	B01??(?)","	19.7","	2026-07-28 14:43:38"
"	69BA0CDE","	Chamber1","	1","	B01??(%RH)","	100","	2026-07-28 14:43:36"
"	69BA0CDE","	Chamber1","	1","	B01??(?)","	19.7","	2026-07-28 14:43:36"
"	69BA0CDE","	Chamber1","	1","	B01??(%RH)","	100","	2026-07-28 14:43:34"
"	69BA0CDE","	Chamber1","	1","	B01??(?)","	19.7","	2026-07-28 14:43:34"
"	69BA0CDE","	Chamber1","	1","	B01??(%RH)","	100","	2026-07-28 14:43:32"
"	69BA0CDE","	Chamber1","	1","	B01??(?)","	19.7","	2026-07-28 14:43:32"
"	69BA0CDE","	Chamber1","	1","	B01??(%RH)","	100","	2026-07-28 14:43:30"
"	69BA0CDE","	Chamber1","	1","	B01??(?)","	19.7","	2026-07-28 14:43:30"
"	69BA0CDE","	Chamber1","	1","	B01??(%RH)","	100","	2026-07-28 14:43:28"
"	69BA0CDE","	Chamber1","	1","	B01??(?)","	19.6","	2026-07-28 14:43:28"
"	69BA0CDE","	Chamber1","	1","	B01??(%RH)","	100","	2026-07-28 14:43:26"
"	69BA0CDE","	Chamber1","	1","	B01??(?)","	19.6","	2026-07-28 14:43:26"
"	69BA0CDE","	Chamber1","	1","	B01??(%RH)","	100","	2026-07-28 14:43:24"
"	69BA0CDE","	Chamber1","	1","	B01??(?)","	19.6","	2026-07-28 14:43:24"
"	69BA0CDE","	Chamber1","	1","	B01??(%RH)","	100","	2026-07-28 14:43:22"
"	69BA0CDE","	Chamber1","	1","	B01??(?)","	19.6","	2026-07-28 14:43:22"
"	69BA0CDE","	Chamber1","	1","	B01??(%RH)","	100","	2026-07-28 14:43:20"
"	69BA0CDE","	Chamber1","	1","	B01??(?)","	19.6","	2026-07-28 14:43:20"
"	69BA0CDE","	Chamber1","	1","	B01??(%RH)","	100","	2026-07-28 14:43:17"
"	69BA0CDE","	Chamber1","	1","	B01??(?)","	19.6","	2026-07-28 14:43:17"
"	69BA0CDE","	Chamber1","	1","	B01??(%RH)","	100","	2026-07-28 14:43:15"
"	69BA0CDE","	Chamber1","	1","	B01??(?)","	19.6","	2026-07-28 14:43:15"
"	69BA0CDE","	Chamber1","	1","	B01??(%RH)","	100","	2026-07-28 14:43:13"
"	69BA0CDE","	Chamber1","	1","	B01??(?)","	19.6","	2026-07-28 14:43:13"
"	69BA0CDE","	Chamber1","	1","	B01??(%RH)","	100","	2026-07-28 14:43:11"
"	69BA0CDE","	Chamber1","	1","	B01??(?)","	19.5","	2026-07-28 14:43:11"
"	69BA0CDE","	Chamber1","	1","	B01??(%RH)","	100","	2026-07-28 14:43:09"
"	69BA0CDE","	Chamber1","	1","	B01??(?)","	19.5","	2026-07-28 14:43:09"
"	69BA0CDE","	Chamber1","	1","	B01??(%RH)","	100","	2026-07-28 14:43:07"
"	69BA0CDE","	Chamber1","	1","	B01??(?)","	19.5","	2026-07-28 14:43:07"
"	69BA0CDE","	Chamber1","	1","	B01??(%RH)","	100","	2026-07-28 14:43:05"
"	69BA0CDE","	Chamber1","	1","	B01??(?)","	19.5","	2026-07-28 14:43:05"
"	69BA0CDE","	Chamber1","	1","	B01??(%RH)","	100","	2026-07-28 14:43:03"
"	69BA0CDE","	Chamber1","	1","	B01??(?)","	19.5","	2026-07-28 14:43:03"
"	69BA0CDE","	Chamber1","	1","	B01??(%RH)","	100","	2026-07-28 14:43:01"
"	69BA0CDE","	Chamber1","	1","	B01??(?)","	19.5","	2026-07-28 14:43:01"
"	69BA0CDE","	Chamber1","	1","	B01??(%RH)","	100","	2026-07-28 14:42:59"
"	69BA0CDE","	Chamber1","	1","	B01??(?)","	19.5","	2026-07-28 14:42:59"
"	69BA0CDE","	Chamber1","	1","	B01??(%RH)","	100","	2026-07-28 14:42:57"
"	69BA0CDE","	Chamber1","	1","	B01??(?)","	19.4","	2026-07-28 14:42:57"
"	69BA0CDE","	Chamber1","	1","	B01??(%RH)","	100","	2026-07-28 14:42:55"
"	69BA0CDE","	Chamber1","	1","	B01??(?)","	19.5","	2026-07-28 14:42:55"
"	69BA0CDE","	Chamber1","	1","	B01??(%RH)","	100","	2026-07-28 14:42:53"
"	69BA0CDE","	Chamber1","	1","	B01??(?)","	19.4","	2026-07-28 14:42:53"
"	69BA0CDE","	Chamber1","	1","	B01??(%RH)","	100","	2026-07-28 14:42:51"
"	69BA0CDE","	Chamber1","	1","	B01??(?)","	19.4","	2026-07-28 14:42:51"
"	69BA0CDE","	Chamber1","	1","	B01??(%RH)","	100","	2026-07-28 14:42:49"
"	69BA0CDE","	Chamber1","	1","	B01??(?)","	19.4","	2026-07-28 14:42:49"
"	69BA0CDE","	Chamber1","	1","	B01??(%RH)","	100","	2026-07-28 14:42:47"
"	69BA0CDE","	Chamber1","	1","	B01??(?)","	19.4","	2026-07-28 14:42:47"
"	69BA0CDE","	Chamber1","	1","	B01??(%RH)","	100","	2026-07-28 14:42:45"
"	69BA0CDE","	Chamber1","	1","	B01??(?)","	19.4","	2026-07-28 14:42:45"
"	69BA0CDE","	Chamber1","	1","	B01??(%RH)","	100","	2026-07-28 14:42:43"
"	69BA0CDE","	Chamber1","	1","	B01??(?)","	19.4","	2026-07-28 14:42:43"
"	69BA0CDE","	Chamber1","	1","	B01??(%RH)","	100","	2026-07-28 14:42:41"
"	69BA0CDE","	Chamber1","	1","	B01??(?)","	19.3","	2026-07-28 14:42:41"
"	69BA0CDE","	Chamber1","	1","	B01??(%RH)","	100","	2026-07-28 14:42:39"
"	69BA0CDE","	Chamber1","	1","	B01??(?)","	19.3","	2026-07-28 14:42:39"
"	69BA0CDE","	Chamber1","	1","	B01??(%RH)","	100","	2026-07-28 14:42:37"
"	69BA0CDE","	Chamber1","	1","	B01??(?)","	19.3","	2026-07-28 14:42:37"
"	69BA0CDE","	Chamber1","	1","	B01??(%RH)","	100","	2026-07-28 14:42:35"
"	69BA0CDE","	Chamber1","	1","	B01??(?)","	19.3","	2026-07-28 14:42:35"
"	69BA0CDE","	Chamber1","	1","	B01??(%RH)","	100","	2026-07-28 14:42:32"
"	69BA0CDE","	Chamber1","	1","	B01??(?)","	19.3","	2026-07-28 14:42:32"
"	69BA0CDE","	Chamber1","	1","	B01??(%RH)","	100","	2026-07-28 14:42:30"
"	69BA0CDE","	Chamber1","	1","	B01??(?)","	19.3","	2026-07-28 14:42:30"
"	69BA0CDE","	Chamber1","	1","	B01??(%RH)","	100","	2026-07-28 14:42:28"
"	69BA0CDE","	Chamber1","	1","	B01??(?)","	19.2","	2026-07-28 14:42:28"
"	69BA0CDE","	Chamber1","	1","	B01??(%RH)","	100","	2026-07-28 14:42:26"
"	69BA0CDE","	Chamber1","	1","	B01??(?)","	19.2","	2026-07-28 14:42:26"
"	69BA0CDE","	Chamber1","	1","	B01??(%RH)","	100","	2026-07-28 14:42:24"
"	69BA0CDE","	Chamber1","	1","	B01??(?)","	19.2","	2026-07-28 14:42:24"
"	69BA0CDE","	Chamber1","	1","	B01??(%RH)","	100","	2026-07-28 14:42:22"
"	69BA0CDE","	Chamber1","	1","	B01??(?)","	19.2","	2026-07-28 14:42:22"
"	69BA0CDE","	Chamber1","	1","	B01??(%RH)","	100","	2026-07-28 14:42:20"
"	69BA0CDE","	Chamber1","	1","	B01??(?)","	19.2","	2026-07-28 14:42:20"
"	69BA0CDE","	Chamber1","	1","	B01??(%RH)","	100","	2026-07-28 14:42:18"
"	69BA0CDE","	Chamber1","	1","	B01??(?)","	19.2","	2026-07-28 14:42:18"
"	69BA0CDE","	Chamber1","	1","	B01??(%RH)","	100","	2026-07-28 14:42:16"
"	69BA0CDE","	Chamber1","	1","	B01??(?)","	19.2","	2026-07-28 14:42:16"
"	69BA0CDE","	Chamber1","	1","	B01??(%RH)","	100","	2026-07-28 14:42:14"
"	69BA0CDE","	Chamber1","	1","	B01??(?)","	19.1","	2026-07-28 14:42:14"
"	69BA0CDE","	Chamber1","	1","	B01??(%RH)","	100","	2026-07-28 14:42:12"
"	69BA0CDE","	Chamber1","	1","	B01??(?)","	19.1","	2026-07-28 14:42:12"
"	69BA0CDE","	Chamber1","	1","	B01??(%RH)","	100","	2026-07-28 14:42:10"
"	69BA0CDE","	Chamber1","	1","	B01??(?)","	19.1","	2026-07-28 14:42:10"
"	69BA0CDE","	Chamber1","	1","	B01??(%RH)","	100","	2026-07-28 14:42:08"
"	69BA0CDE","	Chamber1","	1","	B01??(?)","	19.1","	2026-07-28 14:42:08"
"	69BA0CDE","	Chamber1","	1","	B01??(%RH)","	100","	2026-07-28 14:42:06"
"	69BA0CDE","	Chamber1","	1","	B01??(?)","	19.1","	2026-07-28 14:42:06"
"	69BA0CDE","	Chamber1","	1","	B01??(%RH)","	100","	2026-07-28 14:42:04"
"	69BA0CDE","	Chamber1","	1","	B01??(?)","	19","	2026-07-28 14:42:04"
"	69BA0CDE","	Chamber1","	1","	B01??(%RH)","	100","	2026-07-28 14:42:02"
"	69BA0CDE","	Chamber1","	1","	B01??(?)","	19","	2026-07-28 14:42:02"
"	69BA0CDE","	Chamber1","	1","	B01??(%RH)","	100","	2026-07-28 14:42:00"
"	69BA0CDE","	Chamber1","	1","	B01??(?)","	19","	2026-07-28 14:42:00"
"	69BA0CDE","	Chamber1","	1","	B01??(%RH)","	100","	2026-07-28 14:41:58"
"	69BA0CDE","	Chamber1","	1","	B01??(?)","	19","	2026-07-28 14:41:58"
"	69BA0CDE","	Chamber1","	1","	B01??(%RH)","	100","	2026-07-28 14:41:56"
"	69BA0CDE","	Chamber1","	1","	B01??(?)","	19","	2026-07-28 14:41:56"
"	69BA0CDE","	Chamber1","	1","	B01??(%RH)","	100","	2026-07-28 14:41:54"
"	69BA0CDE","	Chamber1","	1","	B01??(?)","	19","	2026-07-28 14:41:54"
"	69BA0CDE","	Chamber1","	1","	B01??(%RH)","	100","	2026-07-28 14:41:52"
"	69BA0CDE","	Chamber1","	1","	B01??(?)","	18.9","	2026-07-28 14:41:52"
"	69BA0CDE","	Chamber1","	1","	B01??(%RH)","	100","	2026-07-28 14:41:49"
"	69BA0CDE","	Chamber1","	1","	B01??(?)","	18.9","	2026-07-28 14:41:49"
"	69BA0CDE","	Chamber1","	1","	B01??(%RH)","	100","	2026-07-28 14:41:47"
"	69BA0CDE","	Chamber1","	1","	B01??(?)","	18.9","	2026-07-28 14:41:47"
"	69BA0CDE","	Chamber1","	1","	B01??(%RH)","	100","	2026-07-28 14:41:45"
"	69BA0CDE","	Chamber1","	1","	B01??(?)","	18.9","	2026-07-28 14:41:45"
"	69BA0CDE","	Chamber1","	1","	B01??(%RH)","	100","	2026-07-28 14:41:43"
"	69BA0CDE","	Chamber1","	1","	B01??(?)","	18.9","	2026-07-28 14:41:43"
"	69BA0CDE","	Chamber1","	1","	B01??(%RH)","	100","	2026-07-28 14:41:41"
"	69BA0CDE","	Chamber1","	1","	B01??(?)","	18.8","	2026-07-28 14:41:41"
"	69BA0CDE","	Chamber1","	1","	B01??(%RH)","	100","	2026-07-28 14:41:39"
"	69BA0CDE","	Chamber1","	1","	B01??(?)","	18.8","	2026-07-28 14:41:39"
"	69BA0CDE","	Chamber1","	1","	B01??(%RH)","	100","	2026-07-28 14:41:37"
"	69BA0CDE","	Chamber1","	1","	B01??(?)","	18.8","	2026-07-28 14:41:37"
"	69BA0CDE","	Chamber1","	1","	B01??(%RH)","	100","	2026-07-28 14:41:35"
"	69BA0CDE","	Chamber1","	1","	B01??(?)","	18.8","	2026-07-28 14:41:35"
"	69BA0CDE","	Chamber1","	1","	B01??(%RH)","	100","	2026-07-28 14:41:33"
"	69BA0CDE","	Chamber1","	1","	B01??(?)","	18.8","	2026-07-28 14:41:33"
"	69BA0CDE","	Chamber1","	1","	B01??(%RH)","	100","	2026-07-28 14:41:31"
"	69BA0CDE","	Chamber1","	1","	B01??(?)","	18.7","	2026-07-28 14:41:31"
"	69BA0CDE","	Chamber1","	1","	B01??(%RH)","	100","	2026-07-28 14:41:29"
"	69BA0CDE","	Chamber1","	1","	B01??(?)","	18.7","	2026-07-28 14:41:29"
"	69BA0CDE","	Chamber1","	1","	B01??(%RH)","	100","	2026-07-28 14:41:27"
"	69BA0CDE","	Chamber1","	1","	B01??(?)","	18.7","	2026-07-28 14:41:27"
"	69BA0CDE","	Chamber1","	1","	B01??(%RH)","	100","	2026-07-28 14:41:25"
"	69BA0CDE","	Chamber1","	1","	B01??(?)","	18.7","	2026-07-28 14:41:25"
"	69BA0CDE","	Chamber1","	1","	B01??(%RH)","	100","	2026-07-28 14:41:23"
"	69BA0CDE","	Chamber1","	1","	B01??(?)","	18.7","	2026-07-28 14:41:23"
"	69BA0CDE","	Chamber1","	1","	B01??(%RH)","	100","	2026-07-28 14:41:21"
"	69BA0CDE","	Chamber1","	1","	B01??(?)","	18.7","	2026-07-28 14:41:21"
"	69BA0CDE","	Chamber1","	1","	B01??(%RH)","	100","	2026-07-28 14:41:19"
"	69BA0CDE","	Chamber1","	1","	B01??(?)","	18.7","	2026-07-28 14:41:19"
"	69BA0CDE","	Chamber1","	1","	B01??(%RH)","	100","	2026-07-28 14:41:17"
"	69BA0CDE","	Chamber1","	1","	B01??(?)","	18.7","	2026-07-28 14:41:17"
"	69BA0CDE","	Chamber1","	1","	B01??(%RH)","	100","	2026-07-28 14:41:15"
"	69BA0CDE","	Chamber1","	1","	B01??(?)","	18.7","	2026-07-28 14:41:15"
"	69BA0CDE","	Chamber1","	1","	B01??(%RH)","	100","	2026-07-28 14:41:13"
"	69BA0CDE","	Chamber1","	1","	B01??(?)","	18.6","	2026-07-28 14:41:13"
"	69BA0CDE","	Chamber1","	1","	B01??(%RH)","	100","	2026-07-28 14:41:11"
"	69BA0CDE","	Chamber1","	1","	B01??(?)","	18.7","	2026-07-28 14:41:11"
"	69BA0CDE","	Chamber1","	1","	B01??(%RH)","	100","	2026-07-28 14:41:09"
"	69BA0CDE","	Chamber1","	1","	B01??(?)","	18.6","	2026-07-28 14:41:09"
"	69BA0CDE","	Chamber1","	1","	B01??(%RH)","	100","	2026-07-28 14:41:06"
"	69BA0CDE","	Chamber1","	1","	B01??(?)","	18.6","	2026-07-28 14:41:06"
"	69BA0CDE","	Chamber1","	1","	B01??(%RH)","	100","	2026-07-28 14:41:04"
"	69BA0CDE","	Chamber1","	1","	B01??(?)","	18.6","	2026-07-28 14:41:04"
"	69BA0CDE","	Chamber1","	1","	B01??(%RH)","	100","	2026-07-28 14:41:02"
"	69BA0CDE","	Chamber1","	1","	B01??(?)","	18.6","	2026-07-28 14:41:02"
"	69BA0CDE","	Chamber1","	1","	B01??(%RH)","	100","	2026-07-28 14:41:00"
"	69BA0CDE","	Chamber1","	1","	B01??(?)","	18.6","	2026-07-28 14:41:00"
"	69BA0CDE","	Chamber1","	1","	B01??(%RH)","	100","	2026-07-28 14:40:58"
"	69BA0CDE","	Chamber1","	1","	B01??(?)","	18.6","	2026-07-28 14:40:58"
"	69BA0CDE","	Chamber1","	1","	B01??(%RH)","	100","	2026-07-28 14:40:56"
"	69BA0CDE","	Chamber1","	1","	B01??(?)","	18.5","	2026-07-28 14:40:56"
"	69BA0CDE","	Chamber1","	1","	B01??(%RH)","	100","	2026-07-28 14:40:54"
"	69BA0CDE","	Chamber1","	1","	B01??(?)","	18.5","	2026-07-28 14:40:54"
"	69BA0CDE","	Chamber1","	1","	B01??(%RH)","	100","	2026-07-28 14:40:52"
"	69BA0CDE","	Chamber1","	1","	B01??(?)","	18.5","	2026-07-28 14:40:52"
"	69BA0CDE","	Chamber1","	1","	B01??(%RH)","	100","	2026-07-28 14:40:50"
"	69BA0CDE","	Chamber1","	1","	B01??(?)","	18.5","	2026-07-28 14:40:50"
"	69BA0CDE","	Chamber1","	1","	B01??(%RH)","	100","	2026-07-28 14:40:48"
"	69BA0CDE","	Chamber1","	1","	B01??(?)","	18.5","	2026-07-28 14:40:48"
"	69BA0CDE","	Chamber1","	1","	B01??(%RH)","	100","	2026-07-28 14:40:46"
"	69BA0CDE","	Chamber1","	1","	B01??(?)","	18.5","	2026-07-28 14:40:46"
"	69BA0CDE","	Chamber1","	1","	B01??(%RH)","	100","	2026-07-28 14:40:44"
"	69BA0CDE","	Chamber1","	1","	B01??(?)","	18.5","	2026-07-28 14:40:44"
"	69BA0CDE","	Chamber1","	1","	B01??(%RH)","	100","	2026-07-28 14:40:42"
"	69BA0CDE","	Chamber1","	1","	B01??(?)","	18.5","	2026-07-28 14:40:42"
"	69BA0CDE","	Chamber1","	1","	B01??(%RH)","	100","	2026-07-28 14:40:40"
"	69BA0CDE","	Chamber1","	1","	B01??(?)","	18.5","	2026-07-28 14:40:40"
"	69BA0CDE","	Chamber1","	1","	B01??(%RH)","	100","	2026-07-28 14:40:38"
"	69BA0CDE","	Chamber1","	1","	B01??(?)","	18.4","	2026-07-28 14:40:38"
"	69BA0CDE","	Chamber1","	1","	B01??(%RH)","	100","	2026-07-28 14:40:36"
"	69BA0CDE","	Chamber1","	1","	B01??(?)","	18.4","	2026-07-28 14:40:36"
"	69BA0CDE","	Chamber1","	1","	B01??(%RH)","	100","	2026-07-28 14:40:34"
"	69BA0CDE","	Chamber1","	1","	B01??(?)","	18.4","	2026-07-28 14:40:34"
"	69BA0CDE","	Chamber1","	1","	B01??(%RH)","	100","	2026-07-28 14:40:32"
"	69BA0CDE","	Chamber1","	1","	B01??(?)","	18.4","	2026-07-28 14:40:32"
"	69BA0CDE","	Chamber1","	1","	B01??(%RH)","	100","	2026-07-28 14:40:30"
"	69BA0CDE","	Chamber1","	1","	B01??(?)","	18.4","	2026-07-28 14:40:30"
"	69BA0CDE","	Chamber1","	1","	B01??(%RH)","	100","	2026-07-28 14:40:28"
"	69BA0CDE","	Chamber1","	1","	B01??(?)","	18.4","	2026-07-28 14:40:28"
"	69BA0CDE","	Chamber1","	1","	B01??(%RH)","	100","	2026-07-28 14:40:26"
"	69BA0CDE","	Chamber1","	1","	B01??(?)","	18.4","	2026-07-28 14:40:26"
"	69BA0CDE","	Chamber1","	1","	B01??(%RH)","	100","	2026-07-28 14:40:23"
"	69BA0CDE","	Chamber1","	1","	B01??(?)","	18.3","	2026-07-28 14:40:23"
"	69BA0CDE","	Chamber1","	1","	B01??(%RH)","	100","	2026-07-28 14:40:21"
"	69BA0CDE","	Chamber1","	1","	B01??(?)","	18.3","	2026-07-28 14:40:21"
"	69BA0CDE","	Chamber1","	1","	B01??(%RH)","	100","	2026-07-28 14:40:19"
"	69BA0CDE","	Chamber1","	1","	B01??(?)","	18.3","	2026-07-28 14:40:19"
"	69BA0CDE","	Chamber1","	1","	B01??(%RH)","	100","	2026-07-28 14:40:17"
"	69BA0CDE","	Chamber1","	1","	B01??(?)","	18.3","	2026-07-28 14:40:17"
"	69BA0CDE","	Chamber1","	1","	B01??(%RH)","	100","	2026-07-28 14:40:15"
"	69BA0CDE","	Chamber1","	1","	B01??(?)","	18.3","	2026-07-28 14:40:15"
"	69BA0CDE","	Chamber1","	1","	B01??(%RH)","	100","	2026-07-28 14:40:13"
"	69BA0CDE","	Chamber1","	1","	B01??(?)","	18.3","	2026-07-28 14:40:13"
"	69BA0CDE","	Chamber1","	1","	B01??(%RH)","	100","	2026-07-28 14:40:11"
"	69BA0CDE","	Chamber1","	1","	B01??(?)","	18.3","	2026-07-28 14:40:11"
"	69BA0CDE","	Chamber1","	1","	B01??(%RH)","	100","	2026-07-28 14:40:09"
"	69BA0CDE","	Chamber1","	1","	B01??(?)","	18.3","	2026-07-28 14:40:09"
"	69BA0CDE","	Chamber1","	1","	B01??(%RH)","	100","	2026-07-28 14:40:07"
"	69BA0CDE","	Chamber1","	1","	B01??(?)","	18.3","	2026-07-28 14:40:07"
"	69BA0CDE","	Chamber1","	1","	B01??(%RH)","	100","	2026-07-28 14:40:05"
"	69BA0CDE","	Chamber1","	1","	B01??(?)","	18.2","	2026-07-28 14:40:05"
"	69BA0CDE","	Chamber1","	1","	B01??(%RH)","	100","	2026-07-28 14:40:03"
"	69BA0CDE","	Chamber1","	1","	B01??(?)","	18.2","	2026-07-28 14:40:03"
"	69BA0CDE","	Chamber1","	1","	B01??(%RH)","	100","	2026-07-28 14:40:01"
"	69BA0CDE","	Chamber1","	1","	B01??(?)","	18.2","	2026-07-28 14:40:01"
"	69BA0CDE","	Chamber1","	1","	B01??(%RH)","	100","	2026-07-28 14:39:59"
"	69BA0CDE","	Chamber1","	1","	B01??(?)","	18.2","	2026-07-28 14:39:59"
"	69BA0CDE","	Chamber1","	1","	B01??(%RH)","	100","	2026-07-28 14:39:57"
"	69BA0CDE","	Chamber1","	1","	B01??(?)","	18.2","	2026-07-28 14:39:57"
"	69BA0CDE","	Chamber1","	1","	B01??(%RH)","	100","	2026-07-28 14:39:55"
"	69BA0CDE","	Chamber1","	1","	B01??(?)","	18.2","	2026-07-28 14:39:55"
"	69BA0CDE","	Chamber1","	1","	B01??(%RH)","	100","	2026-07-28 14:39:53"
"	69BA0CDE","	Chamber1","	1","	B01??(?)","	18.2","	2026-07-28 14:39:53"
"	69BA0CDE","	Chamber1","	1","	B01??(%RH)","	100","	2026-07-28 14:39:51"
"	69BA0CDE","	Chamber1","	1","	B01??(?)","	18.2","	2026-07-28 14:39:51"
"	69BA0CDE","	Chamber1","	1","	B01??(%RH)","	100","	2026-07-28 14:39:49"
"	69BA0CDE","	Chamber1","	1","	B01??(?)","	18.1","	2026-07-28 14:39:49"
"	69BA0CDE","	Chamber1","	1","	B01??(%RH)","	100","	2026-07-28 14:39:47"
"	69BA0CDE","	Chamber1","	1","	B01??(?)","	18.2","	2026-07-28 14:39:47"
"	69BA0CDE","	Chamber1","	1","	B01??(%RH)","	100","	2026-07-28 14:39:45"
"	69BA0CDE","	Chamber1","	1","	B01??(?)","	18.1","	2026-07-28 14:39:45"
"	69BA0CDE","	Chamber1","	1","	B01??(%RH)","	100","	2026-07-28 14:39:43"
"	69BA0CDE","	Chamber1","	1","	B01??(?)","	18.1","	2026-07-28 14:39:43"
"	69BA0CDE","	Chamber1","	1","	B01??(%RH)","	100","	2026-07-28 14:39:40"
"	69BA0CDE","	Chamber1","	1","	B01??(?)","	18.1","	2026-07-28 14:39:40"
"	69BA0CDE","	Chamber1","	1","	B01??(%RH)","	100","	2026-07-28 14:39:38"
"	69BA0CDE","	Chamber1","	1","	B01??(?)","	18.1","	2026-07-28 14:39:38"
"	69BA0CDE","	Chamber1","	1","	B01??(%RH)","	100","	2026-07-28 14:39:36"
"	69BA0CDE","	Chamber1","	1","	B01??(?)","	18.1","	2026-07-28 14:39:36"
"	69BA0CDE","	Chamber1","	1","	B01??(%RH)","	100","	2026-07-28 14:39:34"
"	69BA0CDE","	Chamber1","	1","	B01??(?)","	18","	2026-07-28 14:39:34"
"	69BA0CDE","	Chamber1","	1","	B01??(%RH)","	100","	2026-07-28 14:39:32"
"	69BA0CDE","	Chamber1","	1","	B01??(?)","	18","	2026-07-28 14:39:32"
"	69BA0CDE","	Chamber1","	1","	B01??(%RH)","	100","	2026-07-28 14:39:30"
"	69BA0CDE","	Chamber1","	1","	B01??(?)","	18","	2026-07-28 14:39:30"
"	69BA0CDE","	Chamber1","	1","	B01??(%RH)","	100","	2026-07-28 14:39:28"
"	69BA0CDE","	Chamber1","	1","	B01??(?)","	18","	2026-07-28 14:39:28"
"	69BA0CDE","	Chamber1","	1","	B01??(%RH)","	100","	2026-07-28 14:39:26"
"	69BA0CDE","	Chamber1","	1","	B01??(?)","	18","	2026-07-28 14:39:26"
"	69BA0CDE","	Chamber1","	1","	B01??(%RH)","	100","	2026-07-28 14:39:24"
"	69BA0CDE","	Chamber1","	1","	B01??(?)","	18","	2026-07-28 14:39:24"
"	69BA0CDE","	Chamber1","	1","	B01??(%RH)","	100","	2026-07-28 14:39:22"
"	69BA0CDE","	Chamber1","	1","	B01??(?)","	18","	2026-07-28 14:39:22"
"	69BA0CDE","	Chamber1","	1","	B01??(%RH)","	100","	2026-07-28 14:39:20"
"	69BA0CDE","	Chamber1","	1","	B01??(?)","	18","	2026-07-28 14:39:20"
"	69BA0CDE","	Chamber1","	1","	B01??(%RH)","	100","	2026-07-28 14:39:18"
"	69BA0CDE","	Chamber1","	1","	B01??(?)","	17.9","	2026-07-28 14:39:18"
"	69BA0CDE","	Chamber1","	1","	B01??(%RH)","	100","	2026-07-28 14:39:16"
"	69BA0CDE","	Chamber1","	1","	B01??(?)","	17.9","	2026-07-28 14:39:16"
"	69BA0CDE","	Chamber1","	1","	B01??(%RH)","	100","	2026-07-28 14:39:14"
"	69BA0CDE","	Chamber1","	1","	B01??(?)","	17.9","	2026-07-28 14:39:14"
"	69BA0CDE","	Chamber1","	1","	B01??(%RH)","	100","	2026-07-28 14:39:12"
"	69BA0CDE","	Chamber1","	1","	B01??(?)","	17.9","	2026-07-28 14:39:12"
"	69BA0CDE","	Chamber1","	1","	B01??(%RH)","	100","	2026-07-28 14:39:10"
"	69BA0CDE","	Chamber1","	1","	B01??(?)","	17.9","	2026-07-28 14:39:10"
"	69BA0CDE","	Chamber1","	1","	B01??(%RH)","	100","	2026-07-28 14:39:08"
"	69BA0CDE","	Chamber1","	1","	B01??(?)","	17.9","	2026-07-28 14:39:08"
"	69BA0CDE","	Chamber1","	1","	B01??(%RH)","	100","	2026-07-28 14:39:06"
"	69BA0CDE","	Chamber1","	1","	B01??(?)","	17.9","	2026-07-28 14:39:06"
"	69BA0CDE","	Chamber1","	1","	B01??(%RH)","	100","	2026-07-28 14:39:04"
"	69BA0CDE","	Chamber1","	1","	B01??(?)","	17.9","	2026-07-28 14:39:04"
"	69BA0CDE","	Chamber1","	1","	B01??(%RH)","	100","	2026-07-28 14:39:02"
"	69BA0CDE","	Chamber1","	1","	B01??(?)","	17.9","	2026-07-28 14:39:02"
"	69BA0CDE","	Chamber1","	1","	B01??(%RH)","	100","	2026-07-28 14:39:00"
"	69BA0CDE","	Chamber1","	1","	B01??(?)","	17.9","	2026-07-28 14:39:00"
"	69BA0CDE","	Chamber1","	1","	B01??(%RH)","	100","	2026-07-28 14:38:57"
"	69BA0CDE","	Chamber1","	1","	B01??(?)","	17.8","	2026-07-28 14:38:57"
"	69BA0CDE","	Chamber1","	1","	B01??(%RH)","	100","	2026-07-28 14:38:55"
"	69BA0CDE","	Chamber1","	1","	B01??(?)","	17.8","	2026-07-28 14:38:55"
"	69BA0CDE","	Chamber1","	1","	B01??(%RH)","	100","	2026-07-28 14:38:53"
"	69BA0CDE","	Chamber1","	1","	B01??(?)","	17.8","	2026-07-28 14:38:53"
"	69BA0CDE","	Chamber1","	1","	B01??(%RH)","	100","	2026-07-28 14:38:51"
"	69BA0CDE","	Chamber1","	1","	B01??(?)","	17.8","	2026-07-28 14:38:51"
"	69BA0CDE","	Chamber1","	1","	B01??(%RH)","	100","	2026-07-28 14:38:49"
"	69BA0CDE","	Chamber1","	1","	B01??(?)","	17.8","	2026-07-28 14:38:49"
"	69BA0CDE","	Chamber1","	1","	B01??(%RH)","	100","	2026-07-28 14:38:47"
"	69BA0CDE","	Chamber1","	1","	B01??(?)","	17.8","	2026-07-28 14:38:47"
"	69BA0CDE","	Chamber1","	1","	B01??(%RH)","	100","	2026-07-28 14:38:45"
"	69BA0CDE","	Chamber1","	1","	B01??(?)","	17.8","	2026-07-28 14:38:45"
"	69BA0CDE","	Chamber1","	1","	B01??(%RH)","	100","	2026-07-28 14:38:43"
"	69BA0CDE","	Chamber1","	1","	B01??(?)","	17.8","	2026-07-28 14:38:43"
"	69BA0CDE","	Chamber1","	1","	B01??(%RH)","	100","	2026-07-28 14:38:41"
"	69BA0CDE","	Chamber1","	1","	B01??(?)","	17.7","	2026-07-28 14:38:41"
"	69BA0CDE","	Chamber1","	1","	B01??(%RH)","	100","	2026-07-28 14:38:39"
"	69BA0CDE","	Chamber1","	1","	B01??(?)","	17.7","	2026-07-28 14:38:39"
"	69BA0CDE","	Chamber1","	1","	B01??(%RH)","	100","	2026-07-28 14:38:37"
"	69BA0CDE","	Chamber1","	1","	B01??(?)","	17.7","	2026-07-28 14:38:37"
"	69BA0CDE","	Chamber1","	1","	B01??(%RH)","	100","	2026-07-28 14:38:35"
"	69BA0CDE","	Chamber1","	1","	B01??(?)","	17.7","	2026-07-28 14:38:35"
"	69BA0CDE","	Chamber1","	1","	B01??(%RH)","	100","	2026-07-28 14:38:33"
"	69BA0CDE","	Chamber1","	1","	B01??(?)","	17.7","	2026-07-28 14:38:33"
"	69BA0CDE","	Chamber1","	1","	B01??(%RH)","	100","	2026-07-28 14:38:31"
"	69BA0CDE","	Chamber1","	1","	B01??(?)","	17.7","	2026-07-28 14:38:31"
"	69BA0CDE","	Chamber1","	1","	B01??(%RH)","	100","	2026-07-28 14:38:29"
"	69BA0CDE","	Chamber1","	1","	B01??(?)","	17.7","	2026-07-28 14:38:29"
"	69BA0CDE","	Chamber1","	1","	B01??(%RH)","	100","	2026-07-28 14:38:27"
"	69BA0CDE","	Chamber1","	1","	B01??(?)","	17.7","	2026-07-28 14:38:27"
"	69BA0CDE","	Chamber1","	1","	B01??(%RH)","	100","	2026-07-28 14:38:25"
"	69BA0CDE","	Chamber1","	1","	B01??(?)","	17.6","	2026-07-28 14:38:25"
"	69BA0CDE","	Chamber1","	1","	B01??(%RH)","	100","	2026-07-28 14:38:23"
"	69BA0CDE","	Chamber1","	1","	B01??(?)","	17.6","	2026-07-28 14:38:23"
"	69BA0CDE","	Chamber1","	1","	B01??(%RH)","	100","	2026-07-28 14:38:21"
"	69BA0CDE","	Chamber1","	1","	B01??(?)","	17.6","	2026-07-28 14:38:21"
"	69BA0CDE","	Chamber1","	1","	B01??(%RH)","	100","	2026-07-28 14:38:19"
"	69BA0CDE","	Chamber1","	1","	B01??(?)","	17.6","	2026-07-28 14:38:19"
"	69BA0CDE","	Chamber1","	1","	B01??(%RH)","	100","	2026-07-28 14:38:17"
"	69BA0CDE","	Chamber1","	1","	B01??(?)","	17.6","	2026-07-28 14:38:17"
"	69BA0CDE","	Chamber1","	1","	B01??(%RH)","	100","	2026-07-28 14:38:15"
"	69BA0CDE","	Chamber1","	1","	B01??(?)","	17.6","	2026-07-28 14:38:15"
"	69BA0CDE","	Chamber1","	1","	B01??(%RH)","	100","	2026-07-28 14:38:12"
"	69BA0CDE","	Chamber1","	1","	B01??(?)","	17.6","	2026-07-28 14:38:12"
"	69BA0CDE","	Chamber1","	1","	B01??(%RH)","	100","	2026-07-28 14:38:10"
"	69BA0CDE","	Chamber1","	1","	B01??(?)","	17.5","	2026-07-28 14:38:10"
"	69BA0CDE","	Chamber1","	1","	B01??(%RH)","	100","	2026-07-28 14:38:08"
"	69BA0CDE","	Chamber1","	1","	B01??(?)","	17.5","	2026-07-28 14:38:08"
"	69BA0CDE","	Chamber1","	1","	B01??(%RH)","	100","	2026-07-28 14:38:06"
"	69BA0CDE","	Chamber1","	1","	B01??(?)","	17.5","	2026-07-28 14:38:06"
"	69BA0CDE","	Chamber1","	1","	B01??(%RH)","	100","	2026-07-28 14:38:04"
"	69BA0CDE","	Chamber1","	1","	B01??(?)","	17.5","	2026-07-28 14:38:04"
"	69BA0CDE","	Chamber1","	1","	B01??(%RH)","	100","	2026-07-28 14:38:02"
"	69BA0CDE","	Chamber1","	1","	B01??(?)","	17.5","	2026-07-28 14:38:02"
"	69BA0CDE","	Chamber1","	1","	B01??(%RH)","	100","	2026-07-28 14:38:00"
"	69BA0CDE","	Chamber1","	1","	B01??(?)","	17.5","	2026-07-28 14:38:00"
"	69BA0CDE","	Chamber1","	1","	B01??(%RH)","	100","	2026-07-28 14:37:58"
"	69BA0CDE","	Chamber1","	1","	B01??(?)","	17.5","	2026-07-28 14:37:58"
"	69BA0CDE","	Chamber1","	1","	B01??(%RH)","	100","	2026-07-28 14:37:56"
"	69BA0CDE","	Chamber1","	1","	B01??(?)","	17.5","	2026-07-28 14:37:56"
"	69BA0CDE","	Chamber1","	1","	B01??(%RH)","	100","	2026-07-28 14:37:54"
"	69BA0CDE","	Chamber1","	1","	B01??(?)","	17.4","	2026-07-28 14:37:54"
"	69BA0CDE","	Chamber1","	1","	B01??(%RH)","	100","	2026-07-28 14:37:52"
"	69BA0CDE","	Chamber1","	1","	B01??(?)","	17.4","	2026-07-28 14:37:52"
"	69BA0CDE","	Chamber1","	1","	B01??(%RH)","	100","	2026-07-28 14:37:50"
"	69BA0CDE","	Chamber1","	1","	B01??(?)","	17.4","	2026-07-28 14:37:50"
"	69BA0CDE","	Chamber1","	1","	B01??(%RH)","	100","	2026-07-28 14:37:48"
"	69BA0CDE","	Chamber1","	1","	B01??(?)","	17.4","	2026-07-28 14:37:48"
"	69BA0CDE","	Chamber1","	1","	B01??(%RH)","	100","	2026-07-28 14:37:46"
"	69BA0CDE","	Chamber1","	1","	B01??(?)","	17.4","	2026-07-28 14:37:46"
"	69BA0CDE","	Chamber1","	1","	B01??(%RH)","	100","	2026-07-28 14:37:44"
"	69BA0CDE","	Chamber1","	1","	B01??(?)","	17.4","	2026-07-28 14:37:44"
"	69BA0CDE","	Chamber1","	1","	B01??(%RH)","	100","	2026-07-28 14:37:42"
"	69BA0CDE","	Chamber1","	1","	B01??(?)","	17.4","	2026-07-28 14:37:42"
"	69BA0CDE","	Chamber1","	1","	B01??(%RH)","	100","	2026-07-28 14:37:40"
"	69BA0CDE","	Chamber1","	1","	B01??(?)","	17.3","	2026-07-28 14:37:40"
"	69BA0CDE","	Chamber1","	1","	B01??(%RH)","	100","	2026-07-28 14:37:38"
"	69BA0CDE","	Chamber1","	1","	B01??(?)","	17.4","	2026-07-28 14:37:38"
"	69BA0CDE","	Chamber1","	1","	B01??(%RH)","	100","	2026-07-28 14:37:36"
"	69BA0CDE","	Chamber1","	1","	B01??(?)","	17.3","	2026-07-28 14:37:36"
"	69BA0CDE","	Chamber1","	1","	B01??(%RH)","	100","	2026-07-28 14:37:34"
"	69BA0CDE","	Chamber1","	1","	B01??(?)","	17.3","	2026-07-28 14:37:34"
"	69BA0CDE","	Chamber1","	1","	B01??(%RH)","	100","	2026-07-28 14:37:32"
"	69BA0CDE","	Chamber1","	1","	B01??(?)","	17.3","	2026-07-28 14:37:32"
"	69BA0CDE","	Chamber1","	1","	B01??(%RH)","	100","	2026-07-28 14:37:29"
"	69BA0CDE","	Chamber1","	1","	B01??(?)","	17.3","	2026-07-28 14:37:29"
"	69BA0CDE","	Chamber1","	1","	B01??(%RH)","	100","	2026-07-28 14:37:27"
"	69BA0CDE","	Chamber1","	1","	B01??(?)","	17.2","	2026-07-28 14:37:27"
"	69BA0CDE","	Chamber1","	1","	B01??(%RH)","	100","	2026-07-28 14:37:25"
"	69BA0CDE","	Chamber1","	1","	B01??(?)","	17.2","	2026-07-28 14:37:25"
"	69BA0CDE","	Chamber1","	1","	B01??(%RH)","	100","	2026-07-28 14:37:23"
"	69BA0CDE","	Chamber1","	1","	B01??(?)","	17.2","	2026-07-28 14:37:23"
"	69BA0CDE","	Chamber1","	1","	B01??(%RH)","	100","	2026-07-28 14:37:21"
"	69BA0CDE","	Chamber1","	1","	B01??(?)","	17.2","	2026-07-28 14:37:21"
"	69BA0CDE","	Chamber1","	1","	B01??(%RH)","	100","	2026-07-28 14:37:19"
"	69BA0CDE","	Chamber1","	1","	B01??(?)","	17.2","	2026-07-28 14:37:19"
"	69BA0CDE","	Chamber1","	1","	B01??(%RH)","	100","	2026-07-28 14:37:17"
"	69BA0CDE","	Chamber1","	1","	B01??(?)","	17.2","	2026-07-28 14:37:17"
"	69BA0CDE","	Chamber1","	1","	B01??(%RH)","	100","	2026-07-28 14:37:15"
"	69BA0CDE","	Chamber1","	1","	B01??(?)","	17.2","	2026-07-28 14:37:15"
"	69BA0CDE","	Chamber1","	1","	B01??(%RH)","	100","	2026-07-28 14:37:13"
"	69BA0CDE","	Chamber1","	1","	B01??(?)","	17.2","	2026-07-28 14:37:13"
"	69BA0CDE","	Chamber1","	1","	B01??(%RH)","	100","	2026-07-28 14:37:11"
"	69BA0CDE","	Chamber1","	1","	B01??(?)","	17.1","	2026-07-28 14:37:11"
"	69BA0CDE","	Chamber1","	1","	B01??(%RH)","	100","	2026-07-28 14:37:09"
"	69BA0CDE","	Chamber1","	1","	B01??(?)","	17.1","	2026-07-28 14:37:09"
"	69BA0CDE","	Chamber1","	1","	B01??(%RH)","	100","	2026-07-28 14:37:07"
"	69BA0CDE","	Chamber1","	1","	B01??(?)","	17.1","	2026-07-28 14:37:07"
"	69BA0CDE","	Chamber1","	1","	B01??(%RH)","	100","	2026-07-28 14:37:05"
"	69BA0CDE","	Chamber1","	1","	B01??(?)","	17.1","	2026-07-28 14:37:05"
"	69BA0CDE","	Chamber1","	1","	B01??(%RH)","	100","	2026-07-28 14:37:03"
"	69BA0CDE","	Chamber1","	1","	B01??(?)","	17.1","	2026-07-28 14:37:03"
"	69BA0CDE","	Chamber1","	1","	B01??(%RH)","	100","	2026-07-28 14:37:01"
"	69BA0CDE","	Chamber1","	1","	B01??(?)","	17.1","	2026-07-28 14:37:01"
"	69BA0CDE","	Chamber1","	1","	B01??(%RH)","	100","	2026-07-28 14:36:59"
"	69BA0CDE","	Chamber1","	1","	B01??(?)","	17","	2026-07-28 14:36:59"
"	69BA0CDE","	Chamber1","	1","	B01??(%RH)","	100","	2026-07-28 14:36:57"
"	69BA0CDE","	Chamber1","	1","	B01??(?)","	17","	2026-07-28 14:36:57"
"	69BA0CDE","	Chamber1","	1","	B01??(%RH)","	100","	2026-07-28 14:36:55"
"	69BA0CDE","	Chamber1","	1","	B01??(?)","	17","	2026-07-28 14:36:55"
"	69BA0CDE","	Chamber1","	1","	B01??(%RH)","	100","	2026-07-28 14:36:53"
"	69BA0CDE","	Chamber1","	1","	B01??(?)","	17","	2026-07-28 14:36:53"
"	69BA0CDE","	Chamber1","	1","	B01??(%RH)","	100","	2026-07-28 14:36:51"
"	69BA0CDE","	Chamber1","	1","	B01??(?)","	16.9","	2026-07-28 14:36:51"
"	69BA0CDE","	Chamber1","	1","	B01??(%RH)","	100","	2026-07-28 14:36:49"
"	69BA0CDE","	Chamber1","	1","	B01??(?)","	16.9","	2026-07-28 14:36:49"
"	69BA0CDE","	Chamber1","	1","	B01??(%RH)","	100","	2026-07-28 14:36:46"
"	69BA0CDE","	Chamber1","	1","	B01??(?)","	16.9","	2026-07-28 14:36:46"
"	69BA0CDE","	Chamber1","	1","	B01??(%RH)","	100","	2026-07-28 14:36:44"
"	69BA0CDE","	Chamber1","	1","	B01??(?)","	16.9","	2026-07-28 14:36:44"
"	69BA0CDE","	Chamber1","	1","	B01??(%RH)","	100","	2026-07-28 14:36:42"
"	69BA0CDE","	Chamber1","	1","	B01??(?)","	16.9","	2026-07-28 14:36:42"
"	69BA0CDE","	Chamber1","	1","	B01??(%RH)","	100","	2026-07-28 14:36:40"
"	69BA0CDE","	Chamber1","	1","	B01??(?)","	16.9","	2026-07-28 14:36:40"
"	69BA0CDE","	Chamber1","	1","	B01??(%RH)","	100","	2026-07-28 14:36:38"
"	69BA0CDE","	Chamber1","	1","	B01??(?)","	16.8","	2026-07-28 14:36:38"
"	69BA0CDE","	Chamber1","	1","	B01??(%RH)","	100","	2026-07-28 14:36:36"
"	69BA0CDE","	Chamber1","	1","	B01??(?)","	16.8","	2026-07-28 14:36:36"
"	69BA0CDE","	Chamber1","	1","	B01??(%RH)","	100","	2026-07-28 14:36:34"
"	69BA0CDE","	Chamber1","	1","	B01??(?)","	16.8","	2026-07-28 14:36:34"
"	69BA0CDE","	Chamber1","	1","	B01??(%RH)","	100","	2026-07-28 14:36:32"
"	69BA0CDE","	Chamber1","	1","	B01??(?)","	16.8","	2026-07-28 14:36:32"
"	69BA0CDE","	Chamber1","	1","	B01??(%RH)","	100","	2026-07-28 14:36:30"
"	69BA0CDE","	Chamber1","	1","	B01??(?)","	16.7","	2026-07-28 14:36:30"
"	69BA0CDE","	Chamber1","	1","	B01??(%RH)","	100","	2026-07-28 14:36:28"
"	69BA0CDE","	Chamber1","	1","	B01??(?)","	16.7","	2026-07-28 14:36:28"
"	69BA0CDE","	Chamber1","	1","	B01??(%RH)","	100","	2026-07-28 14:36:26"
"	69BA0CDE","	Chamber1","	1","	B01??(?)","	16.7","	2026-07-28 14:36:26"
"	69BA0CDE","	Chamber1","	1","	B01??(%RH)","	100","	2026-07-28 14:36:24"
"	69BA0CDE","	Chamber1","	1","	B01??(?)","	16.7","	2026-07-28 14:36:24"
"	69BA0CDE","	Chamber1","	1","	B01??(%RH)","	100","	2026-07-28 14:36:22"
"	69BA0CDE","	Chamber1","	1","	B01??(?)","	16.7","	2026-07-28 14:36:22"
"	69BA0CDE","	Chamber1","	1","	B01??(%RH)","	100","	2026-07-28 14:36:20"
"	69BA0CDE","	Chamber1","	1","	B01??(?)","	16.7","	2026-07-28 14:36:20"
"	69BA0CDE","	Chamber1","	1","	B01??(%RH)","	100","	2026-07-28 14:36:18"
"	69BA0CDE","	Chamber1","	1","	B01??(?)","	16.7","	2026-07-28 14:36:18"
"	69BA0CDE","	Chamber1","	1","	B01??(%RH)","	100","	2026-07-28 14:36:16"
"	69BA0CDE","	Chamber1","	1","	B01??(?)","	16.6","	2026-07-28 14:36:16"
"	69BA0CDE","	Chamber1","	1","	B01??(%RH)","	100","	2026-07-28 14:36:14"
"	69BA0CDE","	Chamber1","	1","	B01??(?)","	16.6","	2026-07-28 14:36:14"
"	69BA0CDE","	Chamber1","	1","	B01??(%RH)","	100","	2026-07-28 14:36:12"
"	69BA0CDE","	Chamber1","	1","	B01??(?)","	16.6","	2026-07-28 14:36:12"
"	69BA0CDE","	Chamber1","	1","	B01??(%RH)","	100","	2026-07-28 14:36:10"
"	69BA0CDE","	Chamber1","	1","	B01??(?)","	16.5","	2026-07-28 14:36:10"
"	69BA0CDE","	Chamber1","	1","	B01??(%RH)","	100","	2026-07-28 14:36:08"
"	69BA0CDE","	Chamber1","	1","	B01??(?)","	16.5","	2026-07-28 14:36:08"
"	69BA0CDE","	Chamber1","	1","	B01??(%RH)","	100","	2026-07-28 14:36:06"
"	69BA0CDE","	Chamber1","	1","	B01??(?)","	16.5","	2026-07-28 14:36:06"
"	69BA0CDE","	Chamber1","	1","	B01??(%RH)","	100","	2026-07-28 14:36:03"
"	69BA0CDE","	Chamber1","	1","	B01??(?)","	16.5","	2026-07-28 14:36:03"
"	69BA0CDE","	Chamber1","	1","	B01??(%RH)","	100","	2026-07-28 14:36:01"
"	69BA0CDE","	Chamber1","	1","	B01??(?)","	16.5","	2026-07-28 14:36:01"
"	69BA0CDE","	Chamber1","	1","	B01??(%RH)","	100","	2026-07-28 14:35:59"
"	69BA0CDE","	Chamber1","	1","	B01??(?)","	16.4","	2026-07-28 14:35:59"
"	69BA0CDE","	Chamber1","	1","	B01??(%RH)","	100","	2026-07-28 14:35:57"
"	69BA0CDE","	Chamber1","	1","	B01??(?)","	16.4","	2026-07-28 14:35:57"
"	69BA0CDE","	Chamber1","	1","	B01??(%RH)","	100","	2026-07-28 14:35:55"
"	69BA0CDE","	Chamber1","	1","	B01??(?)","	16.4","	2026-07-28 14:35:55"
"	69BA0CDE","	Chamber1","	1","	B01??(%RH)","	100","	2026-07-28 14:35:53"
"	69BA0CDE","	Chamber1","	1","	B01??(?)","	16.4","	2026-07-28 14:35:53"
"	69BA0CDE","	Chamber1","	1","	B01??(%RH)","	100","	2026-07-28 14:35:51"
"	69BA0CDE","	Chamber1","	1","	B01??(?)","	16.3","	2026-07-28 14:35:51"
"	69BA0CDE","	Chamber1","	1","	B01??(%RH)","	100","	2026-07-28 14:35:49"
"	69BA0CDE","	Chamber1","	1","	B01??(?)","	16.3","	2026-07-28 14:35:49"
"	69BA0CDE","	Chamber1","	1","	B01??(%RH)","	100","	2026-07-28 14:35:47"
"	69BA0CDE","	Chamber1","	1","	B01??(?)","	16.3","	2026-07-28 14:35:47"
"	69BA0CDE","	Chamber1","	1","	B01??(%RH)","	100","	2026-07-28 14:35:45"
"	69BA0CDE","	Chamber1","	1","	B01??(?)","	16.3","	2026-07-28 14:35:45"
"	69BA0CDE","	Chamber1","	1","	B01??(%RH)","	100","	2026-07-28 14:35:43"
"	69BA0CDE","	Chamber1","	1","	B01??(?)","	16.3","	2026-07-28 14:35:43"
"	69BA0CDE","	Chamber1","	1","	B01??(%RH)","	100","	2026-07-28 14:35:41"
"	69BA0CDE","	Chamber1","	1","	B01??(?)","	16.2","	2026-07-28 14:35:41"
"	69BA0CDE","	Chamber1","	1","	B01??(%RH)","	100","	2026-07-28 14:35:39"
"	69BA0CDE","	Chamber1","	1","	B01??(?)","	16.2","	2026-07-28 14:35:39"
"	69BA0CDE","	Chamber1","	1","	B01??(%RH)","	100","	2026-07-28 14:35:37"
"	69BA0CDE","	Chamber1","	1","	B01??(?)","	16.1","	2026-07-28 14:35:37"
"	69BA0CDE","	Chamber1","	1","	B01??(%RH)","	100","	2026-07-28 14:35:35"
"	69BA0CDE","	Chamber1","	1","	B01??(?)","	16.1","	2026-07-28 14:35:35"
"	69BA0CDE","	Chamber1","	1","	B01??(%RH)","	100","	2026-07-28 14:35:33"
"	69BA0CDE","	Chamber1","	1","	B01??(?)","	16.1","	2026-07-28 14:35:33"
"	69BA0CDE","	Chamber1","	1","	B01??(%RH)","	100","	2026-07-28 14:35:31"
"	69BA0CDE","	Chamber1","	1","	B01??(?)","	16.1","	2026-07-28 14:35:31"
"	69BA0CDE","	Chamber1","	1","	B01??(%RH)","	100","	2026-07-28 14:35:29"
"	69BA0CDE","	Chamber1","	1","	B01??(?)","	16","	2026-07-28 14:35:29"
"	69BA0CDE","	Chamber1","	1","	B01??(%RH)","	100","	2026-07-28 14:35:27"
"	69BA0CDE","	Chamber1","	1","	B01??(?)","	16","	2026-07-28 14:35:27"
"	69BA0CDE","	Chamber1","	1","	B01??(%RH)","	100","	2026-07-28 14:35:25"
"	69BA0CDE","	Chamber1","	1","	B01??(?)","	16","	2026-07-28 14:35:25"
"	69BA0CDE","	Chamber1","	1","	B01??(%RH)","	100","	2026-07-28 14:35:23"
"	69BA0CDE","	Chamber1","	1","	B01??(?)","	16","	2026-07-28 14:35:23"
"	69BA0CDE","	Chamber1","	1","	B01??(%RH)","	100","	2026-07-28 14:35:20"
"	69BA0CDE","	Chamber1","	1","	B01??(?)","	15.9","	2026-07-28 14:35:20"
"	69BA0CDE","	Chamber1","	1","	B01??(%RH)","	100","	2026-07-28 14:35:18"
"	69BA0CDE","	Chamber1","	1","	B01??(?)","	15.9","	2026-07-28 14:35:18"
"	69BA0CDE","	Chamber1","	1","	B01??(%RH)","	100","	2026-07-28 14:35:16"
"	69BA0CDE","	Chamber1","	1","	B01??(?)","	15.9","	2026-07-28 14:35:16"
"	69BA0CDE","	Chamber1","	1","	B01??(%RH)","	100","	2026-07-28 14:35:14"
"	69BA0CDE","	Chamber1","	1","	B01??(?)","	15.8","	2026-07-28 14:35:14"
"	69BA0CDE","	Chamber1","	1","	B01??(%RH)","	100","	2026-07-28 14:35:12"
"	69BA0CDE","	Chamber1","	1","	B01??(?)","	15.9","	2026-07-28 14:35:12"
"	69BA0CDE","	Chamber1","	1","	B01??(%RH)","	100","	2026-07-28 14:35:10"
"	69BA0CDE","	Chamber1","	1","	B01??(?)","	15.8","	2026-07-28 14:35:10"
"	69BA0CDE","	Chamber1","	1","	B01??(%RH)","	100","	2026-07-28 14:35:08"
"	69BA0CDE","	Chamber1","	1","	B01??(?)","	15.8","	2026-07-28 14:35:08"
"	69BA0CDE","	Chamber1","	1","	B01??(%RH)","	100","	2026-07-28 14:35:06"
"	69BA0CDE","	Chamber1","	1","	B01??(?)","	15.8","	2026-07-28 14:35:06"
"	69BA0CDE","	Chamber1","	1","	B01??(%RH)","	100","	2026-07-28 14:35:04"
"	69BA0CDE","	Chamber1","	1","	B01??(?)","	15.7","	2026-07-28 14:35:04"
"	69BA0CDE","	Chamber1","	1","	B01??(%RH)","	100","	2026-07-28 14:35:02"
"	69BA0CDE","	Chamber1","	1","	B01??(?)","	15.7","	2026-07-28 14:35:02"
"	69BA0CDE","	Chamber1","	1","	B01??(%RH)","	100","	2026-07-28 14:35:00"
"	69BA0CDE","	Chamber1","	1","	B01??(?)","	15.7","	2026-07-28 14:35:00"
"	69BA0CDE","	Chamber1","	1","	B01??(%RH)","	100","	2026-07-28 14:34:58"
"	69BA0CDE","	Chamber1","	1","	B01??(?)","	15.7","	2026-07-28 14:34:58"
"	69BA0CDE","	Chamber1","	1","	B01??(%RH)","	100","	2026-07-28 14:34:56"
"	69BA0CDE","	Chamber1","	1","	B01??(?)","	15.6","	2026-07-28 14:34:56"
"	69BA0CDE","	Chamber1","	1","	B01??(%RH)","	100","	2026-07-28 14:34:54"
"	69BA0CDE","	Chamber1","	1","	B01??(?)","	15.6","	2026-07-28 14:34:54"
"	69BA0CDE","	Chamber1","	1","	B01??(%RH)","	100","	2026-07-28 14:34:52"
"	69BA0CDE","	Chamber1","	1","	B01??(?)","	15.6","	2026-07-28 14:34:52"
"	69BA0CDE","	Chamber1","	1","	B01??(%RH)","	100","	2026-07-28 14:34:50"
"	69BA0CDE","	Chamber1","	1","	B01??(?)","	15.6","	2026-07-28 14:34:50"
"	69BA0CDE","	Chamber1","	1","	B01??(%RH)","	100","	2026-07-28 14:34:48"
"	69BA0CDE","	Chamber1","	1","	B01??(?)","	15.5","	2026-07-28 14:34:48"
"	69BA0CDE","	Chamber1","	1","	B01??(%RH)","	100","	2026-07-28 14:34:46"
"	69BA0CDE","	Chamber1","	1","	B01??(?)","	15.5","	2026-07-28 14:34:46"
"	69BA0CDE","	Chamber1","	1","	B01??(%RH)","	100","	2026-07-28 14:34:44"
"	69BA0CDE","	Chamber1","	1","	B01??(?)","	15.5","	2026-07-28 14:34:44"
"	69BA0CDE","	Chamber1","	1","	B01??(%RH)","	100","	2026-07-28 14:34:42"
"	69BA0CDE","	Chamber1","	1","	B01??(?)","	15.4","	2026-07-28 14:34:42"
"	69BA0CDE","	Chamber1","	1","	B01??(%RH)","	100","	2026-07-28 14:34:40"
"	69BA0CDE","	Chamber1","	1","	B01??(?)","	15.4","	2026-07-28 14:34:40"
"	69BA0CDE","	Chamber1","	1","	B01??(%RH)","	100","	2026-07-28 14:34:38"
"	69BA0CDE","	Chamber1","	1","	B01??(?)","	15.4","	2026-07-28 14:34:38"
"	69BA0CDE","	Chamber1","	1","	B01??(%RH)","	100","	2026-07-28 14:34:35"
"	69BA0CDE","	Chamber1","	1","	B01??(?)","	15.3","	2026-07-28 14:34:35"
"	69BA0CDE","	Chamber1","	1","	B01??(%RH)","	100","	2026-07-28 14:34:33"
"	69BA0CDE","	Chamber1","	1","	B01??(?)","	15.3","	2026-07-28 14:34:33"
"	69BA0CDE","	Chamber1","	1","	B01??(%RH)","	100","	2026-07-28 14:34:31"
"	69BA0CDE","	Chamber1","	1","	B01??(?)","	15.3","	2026-07-28 14:34:31"
"	69BA0CDE","	Chamber1","	1","	B01??(%RH)","	100","	2026-07-28 14:34:29"
"	69BA0CDE","	Chamber1","	1","	B01??(?)","	15.3","	2026-07-28 14:34:29"
"	69BA0CDE","	Chamber1","	1","	B01??(%RH)","	100","	2026-07-28 14:34:27"
"	69BA0CDE","	Chamber1","	1","	B01??(?)","	15.2","	2026-07-28 14:34:27"
"	69BA0CDE","	Chamber1","	1","	B01??(%RH)","	100","	2026-07-28 14:34:25"
"	69BA0CDE","	Chamber1","	1","	B01??(?)","	15.2","	2026-07-28 14:34:25"
"	69BA0CDE","	Chamber1","	1","	B01??(%RH)","	100","	2026-07-28 14:34:23"
"	69BA0CDE","	Chamber1","	1","	B01??(?)","	15.1","	2026-07-28 14:34:23"
"	69BA0CDE","	Chamber1","	1","	B01??(%RH)","	100","	2026-07-28 14:34:21"
"	69BA0CDE","	Chamber1","	1","	B01??(?)","	15.1","	2026-07-28 14:34:21"
"	69BA0CDE","	Chamber1","	1","	B01??(%RH)","	100","	2026-07-28 14:34:19"
"	69BA0CDE","	Chamber1","	1","	B01??(?)","	15.1","	2026-07-28 14:34:19"
"	69BA0CDE","	Chamber1","	1","	B01??(%RH)","	100","	2026-07-28 14:34:17"
"	69BA0CDE","	Chamber1","	1","	B01??(?)","	15","	2026-07-28 14:34:17"
"	69BA0CDE","	Chamber1","	1","	B01??(%RH)","	100","	2026-07-28 14:34:15"
"	69BA0CDE","	Chamber1","	1","	B01??(?)","	15","	2026-07-28 14:34:15"
"	69BA0CDE","	Chamber1","	1","	B01??(%RH)","	100","	2026-07-28 14:34:13"
"	69BA0CDE","	Chamber1","	1","	B01??(?)","	14.9","	2026-07-28 14:34:13"
"	69BA0CDE","	Chamber1","	1","	B01??(%RH)","	100","	2026-07-28 14:34:11"
"	69BA0CDE","	Chamber1","	1","	B01??(?)","	14.9","	2026-07-28 14:34:11"
"	69BA0CDE","	Chamber1","	1","	B01??(%RH)","	100","	2026-07-28 14:34:09"
"	69BA0CDE","	Chamber1","	1","	B01??(?)","	14.9","	2026-07-28 14:34:09"
"	69BA0CDE","	Chamber1","	1","	B01??(%RH)","	100","	2026-07-28 14:34:07"
"	69BA0CDE","	Chamber1","	1","	B01??(?)","	14.8","	2026-07-28 14:34:07"
"	69BA0CDE","	Chamber1","	1","	B01??(%RH)","	100","	2026-07-28 14:34:05"
"	69BA0CDE","	Chamber1","	1","	B01??(?)","	14.7","	2026-07-28 14:34:05"
"	69BA0CDE","	Chamber1","	1","	B01??(%RH)","	100","	2026-07-28 14:34:03"
"	69BA0CDE","	Chamber1","	1","	B01??(?)","	14.7","	2026-07-28 14:34:03"
"	69BA0CDE","	Chamber1","	1","	B01??(%RH)","	100","	2026-07-28 14:34:01"
"	69BA0CDE","	Chamber1","	1","	B01??(?)","	14.7","	2026-07-28 14:34:01"
"	69BA0CDE","	Chamber1","	1","	B01??(%RH)","	100","	2026-07-28 14:33:59"
"	69BA0CDE","	Chamber1","	1","	B01??(?)","	14.6","	2026-07-28 14:33:59"
"	69BA0CDE","	Chamber1","	1","	B01??(%RH)","	100","	2026-07-28 14:33:57"
"	69BA0CDE","	Chamber1","	1","	B01??(?)","	14.6","	2026-07-28 14:33:57"
"	69BA0CDE","	Chamber1","	1","	B01??(%RH)","	100","	2026-07-28 14:33:55"
"	69BA0CDE","	Chamber1","	1","	B01??(?)","	14.5","	2026-07-28 14:33:55"
"	69BA0CDE","	Chamber1","	1","	B01??(%RH)","	100","	2026-07-28 14:33:53"
"	69BA0CDE","	Chamber1","	1","	B01??(?)","	14.5","	2026-07-28 14:33:53"
"	69BA0CDE","	Chamber1","	1","	B01??(%RH)","	100","	2026-07-28 14:33:50"
"	69BA0CDE","	Chamber1","	1","	B01??(?)","	14.4","	2026-07-28 14:33:50"
"	69BA0CDE","	Chamber1","	1","	B01??(%RH)","	100","	2026-07-28 14:33:48"
"	69BA0CDE","	Chamber1","	1","	B01??(?)","	14.4","	2026-07-28 14:33:48"
"	69BA0CDE","	Chamber1","	1","	B01??(%RH)","	100","	2026-07-28 14:33:46"
"	69BA0CDE","	Chamber1","	1","	B01??(?)","	14.3","	2026-07-28 14:33:46"
"	69BA0CDE","	Chamber1","	1","	B01??(%RH)","	100","	2026-07-28 14:33:44"
"	69BA0CDE","	Chamber1","	1","	B01??(?)","	14.3","	2026-07-28 14:33:44"
"	69BA0CDE","	Chamber1","	1","	B01??(%RH)","	100","	2026-07-28 14:33:42"
"	69BA0CDE","	Chamber1","	1","	B01??(?)","	14.2","	2026-07-28 14:33:42"
"	69BA0CDE","	Chamber1","	1","	B01??(%RH)","	100","	2026-07-28 14:33:40"
"	69BA0CDE","	Chamber1","	1","	B01??(?)","	14.2","	2026-07-28 14:33:40"
"	69BA0CDE","	Chamber1","	1","	B01??(%RH)","	100","	2026-07-28 14:33:38"
"	69BA0CDE","	Chamber1","	1","	B01??(?)","	14.1","	2026-07-28 14:33:38"
"	69BA0CDE","	Chamber1","	1","	B01??(%RH)","	100","	2026-07-28 14:33:36"
"	69BA0CDE","	Chamber1","	1","	B01??(?)","	14","	2026-07-28 14:33:36"
"	69BA0CDE","	Chamber1","	1","	B01??(%RH)","	100","	2026-07-28 14:33:34"
"	69BA0CDE","	Chamber1","	1","	B01??(?)","	14","	2026-07-28 14:33:34"
"	69BA0CDE","	Chamber1","	1","	B01??(%RH)","	100","	2026-07-28 14:33:32"
"	69BA0CDE","	Chamber1","	1","	B01??(?)","	13.9","	2026-07-28 14:33:32"
"	69BA0CDE","	Chamber1","	1","	B01??(%RH)","	100","	2026-07-28 14:33:30"
"	69BA0CDE","	Chamber1","	1","	B01??(?)","	13.9","	2026-07-28 14:33:30"
"	69BA0CDE","	Chamber1","	1","	B01??(%RH)","	100","	2026-07-28 14:33:28"
"	69BA0CDE","	Chamber1","	1","	B01??(?)","	13.9","	2026-07-28 14:33:28"
"	69BA0CDE","	Chamber1","	1","	B01??(%RH)","	100","	2026-07-28 14:33:26"
"	69BA0CDE","	Chamber1","	1","	B01??(?)","	13.8","	2026-07-28 14:33:26"
"	69BA0CDE","	Chamber1","	1","	B01??(%RH)","	100","	2026-07-28 14:33:24"
"	69BA0CDE","	Chamber1","	1","	B01??(?)","	13.7","	2026-07-28 14:33:24"
"	69BA0CDE","	Chamber1","	1","	B01??(%RH)","	100","	2026-07-28 14:33:22"
"	69BA0CDE","	Chamber1","	1","	B01??(?)","	13.7","	2026-07-28 14:33:22"
"	69BA0CDE","	Chamber1","	1","	B01??(%RH)","	100","	2026-07-28 14:33:20"
"	69BA0CDE","	Chamber1","	1","	B01??(?)","	13.6","	2026-07-28 14:33:20"
"	69BA0CDE","	Chamber1","	1","	B01??(%RH)","	100","	2026-07-28 14:33:18"
"	69BA0CDE","	Chamber1","	1","	B01??(?)","	13.6","	2026-07-28 14:33:18"
"	69BA0CDE","	Chamber1","	1","	B01??(%RH)","	100","	2026-07-28 14:33:16"
"	69BA0CDE","	Chamber1","	1","	B01??(?)","	13.5","	2026-07-28 14:33:16"
"	69BA0CDE","	Chamber1","	1","	B01??(%RH)","	100","	2026-07-28 14:33:14"
"	69BA0CDE","	Chamber1","	1","	B01??(?)","	13.5","	2026-07-28 14:33:14"
"	69BA0CDE","	Chamber1","	1","	B01??(%RH)","	100","	2026-07-28 14:33:12"
"	69BA0CDE","	Chamber1","	1","	B01??(?)","	13.4","	2026-07-28 14:33:12"
"	69BA0CDE","	Chamber1","	1","	B01??(%RH)","	100","	2026-07-28 14:33:10"
"	69BA0CDE","	Chamber1","	1","	B01??(?)","	13.3","	2026-07-28 14:33:10"
"	69BA0CDE","	Chamber1","	1","	B01??(%RH)","	100","	2026-07-28 14:33:07"
"	69BA0CDE","	Chamber1","	1","	B01??(?)","	13.3","	2026-07-28 14:33:07"
"	69BA0CDE","	Chamber1","	1","	B01??(%RH)","	100","	2026-07-28 14:33:05"
"	69BA0CDE","	Chamber1","	1","	B01??(?)","	13.2","	2026-07-28 14:33:05"
"	69BA0CDE","	Chamber1","	1","	B01??(%RH)","	100","	2026-07-28 14:33:03"
"	69BA0CDE","	Chamber1","	1","	B01??(?)","	13.2","	2026-07-28 14:33:03"
"	69BA0CDE","	Chamber1","	1","	B01??(%RH)","	100","	2026-07-28 14:33:01"
"	69BA0CDE","	Chamber1","	1","	B01??(?)","	13.1","	2026-07-28 14:33:01"
"	69BA0CDE","	Chamber1","	1","	B01??(%RH)","	100","	2026-07-28 14:32:59"
"	69BA0CDE","	Chamber1","	1","	B01??(?)","	13","	2026-07-28 14:32:59"
"	69BA0CDE","	Chamber1","	1","	B01??(%RH)","	100","	2026-07-28 14:32:57"
"	69BA0CDE","	Chamber1","	1","	B01??(?)","	12.9","	2026-07-28 14:32:57"
"	69BA0CDE","	Chamber1","	1","	B01??(%RH)","	100","	2026-07-28 14:32:55"
"	69BA0CDE","	Chamber1","	1","	B01??(?)","	12.9","	2026-07-28 14:32:55"
"	69BA0CDE","	Chamber1","	1","	B01??(%RH)","	100","	2026-07-28 14:32:53"
"	69BA0CDE","	Chamber1","	1","	B01??(?)","	12.8","	2026-07-28 14:32:53"
"	69BA0CDE","	Chamber1","	1","	B01??(%RH)","	100","	2026-07-28 14:32:51"
"	69BA0CDE","	Chamber1","	1","	B01??(?)","	12.7","	2026-07-28 14:32:51"
"	69BA0CDE","	Chamber1","	1","	B01??(%RH)","	100","	2026-07-28 14:32:49"
"	69BA0CDE","	Chamber1","	1","	B01??(?)","	12.6","	2026-07-28 14:32:49"
"	69BA0CDE","	Chamber1","	1","	B01??(%RH)","	100","	2026-07-28 14:32:47"
"	69BA0CDE","	Chamber1","	1","	B01??(?)","	12.5","	2026-07-28 14:32:47"
"	69BA0CDE","	Chamber1","	1","	B01??(%RH)","	100","	2026-07-28 14:32:45"
"	69BA0CDE","	Chamber1","	1","	B01??(?)","	12.5","	2026-07-28 14:32:45"
"	69BA0CDE","	Chamber1","	1","	B01??(%RH)","	100","	2026-07-28 14:32:43"
"	69BA0CDE","	Chamber1","	1","	B01??(?)","	12.4","	2026-07-28 14:32:43"
"	69BA0CDE","	Chamber1","	1","	B01??(%RH)","	100","	2026-07-28 14:32:41"
"	69BA0CDE","	Chamber1","	1","	B01??(?)","	12.3","	2026-07-28 14:32:41"
"	69BA0CDE","	Chamber1","	1","	B01??(%RH)","	100","	2026-07-28 14:32:39"
"	69BA0CDE","	Chamber1","	1","	B01??(?)","	12.2","	2026-07-28 14:32:39"
"	69BA0CDE","	Chamber1","	1","	B01??(%RH)","	100","	2026-07-28 14:32:37"
"	69BA0CDE","	Chamber1","	1","	B01??(?)","	12.1","	2026-07-28 14:32:37"
"	69BA0CDE","	Chamber1","	1","	B01??(%RH)","	100","	2026-07-28 14:32:35"
"	69BA0CDE","	Chamber1","	1","	B01??(?)","	12","	2026-07-28 14:32:35"
"	69BA0CDE","	Chamber1","	1","	B01??(%RH)","	100","	2026-07-28 14:32:33"
"	69BA0CDE","	Chamber1","	1","	B01??(?)","	11.9","	2026-07-28 14:32:33"
"	69BA0CDE","	Chamber1","	1","	B01??(%RH)","	100","	2026-07-28 14:32:31"
"	69BA0CDE","	Chamber1","	1","	B01??(?)","	11.9","	2026-07-28 14:32:31"
"	69BA0CDE","	Chamber1","	1","	B01??(%RH)","	100","	2026-07-28 14:32:29"
"	69BA0CDE","	Chamber1","	1","	B01??(?)","	11.8","	2026-07-28 14:32:29"
"	69BA0CDE","	Chamber1","	1","	B01??(%RH)","	100","	2026-07-28 14:32:26"
"	69BA0CDE","	Chamber1","	1","	B01??(?)","	11.6","	2026-07-28 14:32:26"
"	69BA0CDE","	Chamber1","	1","	B01??(%RH)","	100","	2026-07-28 14:32:24"
"	69BA0CDE","	Chamber1","	1","	B01??(?)","	11.6","	2026-07-28 14:32:24"
"	69BA0CDE","	Chamber1","	1","	B01??(%RH)","	100","	2026-07-28 14:32:22"
"	69BA0CDE","	Chamber1","	1","	B01??(?)","	11.5","	2026-07-28 14:32:22"
"	69BA0CDE","	Chamber1","	1","	B01??(%RH)","	100","	2026-07-28 14:32:20"
"	69BA0CDE","	Chamber1","	1","	B01??(?)","	11.4","	2026-07-28 14:32:20"
"	69BA0CDE","	Chamber1","	1","	B01??(%RH)","	99.9","	2026-07-28 14:32:18"
"	69BA0CDE","	Chamber1","	1","	B01??(?)","	11.3","	2026-07-28 14:32:18"
"	69BA0CDE","	Chamber1","	1","	B01??(%RH)","	99.9","	2026-07-28 14:32:16"
"	69BA0CDE","	Chamber1","	1","	B01??(?)","	11.2","	2026-07-28 14:32:16"
"	69BA0CDE","	Chamber1","	1","	B01??(%RH)","	99.9","	2026-07-28 14:32:14"
"	69BA0CDE","	Chamber1","	1","	B01??(?)","	11.1","	2026-07-28 14:32:14"
"	69BA0CDE","	Chamber1","	1","	B01??(%RH)","	99.9","	2026-07-28 14:32:12"
"	69BA0CDE","	Chamber1","	1","	B01??(?)","	10.9","	2026-07-28 14:32:12"
"	69BA0CDE","	Chamber1","	1","	B01??(%RH)","	99.8","	2026-07-28 14:32:10"
"	69BA0CDE","	Chamber1","	1","	B01??(?)","	10.8","	2026-07-28 14:32:10"
"	69BA0CDE","	Chamber1","	1","	B01??(%RH)","	99.8","	2026-07-28 14:32:08"
"	69BA0CDE","	Chamber1","	1","	B01??(?)","	10.7","	2026-07-28 14:32:08"
"	69BA0CDE","	Chamber1","	1","	B01??(%RH)","	99.8","	2026-07-28 14:32:06"
"	69BA0CDE","	Chamber1","	1","	B01??(?)","	10.5","	2026-07-28 14:32:06"
"	69BA0CDE","	Chamber1","	1","	B01??(%RH)","	99.7","	2026-07-28 14:32:04"
"	69BA0CDE","	Chamber1","	1","	B01??(?)","	10.4","	2026-07-28 14:32:04"
"	69BA0CDE","	Chamber1","	1","	B01??(%RH)","	99.7","	2026-07-28 14:32:02"
"	69BA0CDE","	Chamber1","	1","	B01??(?)","	10.3","	2026-07-28 14:32:02"
"	69BA0CDE","	Chamber1","	1","	B01??(%RH)","	99.6","	2026-07-28 14:32:00"
"	69BA0CDE","	Chamber1","	1","	B01??(?)","	10.2","	2026-07-28 14:32:00"
"	69BA0CDE","	Chamber1","	1","	B01??(%RH)","	99.6","	2026-07-28 14:31:58"
"	69BA0CDE","	Chamber1","	1","	B01??(?)","	10.1","	2026-07-28 14:31:58"
"	69BA0CDE","	Chamber1","	1","	B01??(%RH)","	99.5","	2026-07-28 14:31:56"
"	69BA0CDE","	Chamber1","	1","	B01??(?)","	9.9","	2026-07-28 14:31:56"
"	69BA0CDE","	Chamber1","	1","	B01??(%RH)","	99.5","	2026-07-28 14:31:54"
"	69BA0CDE","	Chamber1","	1","	B01??(?)","	9.8","	2026-07-28 14:31:54"
"	69BA0CDE","	Chamber1","	1","	B01??(%RH)","	99.4","	2026-07-28 14:31:52"
"	69BA0CDE","	Chamber1","	1","	B01??(?)","	9.6","	2026-07-28 14:31:52"
"	69BA0CDE","	Chamber1","	1","	B01??(%RH)","	99.3","	2026-07-28 14:31:50"
"	69BA0CDE","	Chamber1","	1","	B01??(?)","	9.5","	2026-07-28 14:31:50"
"	69BA0CDE","	Chamber1","	1","	B01??(%RH)","	99.2","	2026-07-28 14:31:48"
"	69BA0CDE","	Chamber1","	1","	B01??(?)","	9.4","	2026-07-28 14:31:48"
"	69BA0CDE","	Chamber1","	1","	B01??(%RH)","	99.2","	2026-07-28 14:31:46"
"	69BA0CDE","	Chamber1","	1","	B01??(?)","	9.2","	2026-07-28 14:31:46"
"	69BA0CDE","	Chamber1","	1","	B01??(%RH)","	99.1","	2026-07-28 14:31:43"
"	69BA0CDE","	Chamber1","	1","	B01??(?)","	9.1","	2026-07-28 14:31:43"
"	69BA0CDE","	Chamber1","	1","	B01??(%RH)","	99","	2026-07-28 14:31:41"
"	69BA0CDE","	Chamber1","	1","	B01??(?)","	8.9","	2026-07-28 14:31:41"
"	69BA0CDE","	Chamber1","	1","	B01??(%RH)","	99","	2026-07-28 14:31:39"
"	69BA0CDE","	Chamber1","	1","	B01??(?)","	8.8","	2026-07-28 14:31:39"
"	69BA0CDE","	Chamber1","	1","	B01??(%RH)","	98.8","	2026-07-28 14:31:37"
"	69BA0CDE","	Chamber1","	1","	B01??(?)","	8.6","	2026-07-28 14:31:37"
"	69BA0CDE","	Chamber1","	1","	B01??(%RH)","	98.7","	2026-07-28 14:31:35"
"	69BA0CDE","	Chamber1","	1","	B01??(?)","	8.5","	2026-07-28 14:31:35"
"	69BA0CDE","	Chamber1","	1","	B01??(%RH)","	98.6","	2026-07-28 14:31:33"
"	69BA0CDE","	Chamber1","	1","	B01??(?)","	8.3","	2026-07-28 14:31:33"
"	69BA0CDE","	Chamber1","	1","	B01??(%RH)","	98.5","	2026-07-28 14:31:31"
"	69BA0CDE","	Chamber1","	1","	B01??(?)","	8.2","	2026-07-28 14:31:31"
"	69BA0CDE","	Chamber1","	1","	B01??(%RH)","	98.3","	2026-07-28 14:31:29"
"	69BA0CDE","	Chamber1","	1","	B01??(?)","	8","	2026-07-28 14:31:29"
"	69BA0CDE","	Chamber1","	1","	B01??(?)","	7.8","	2026-07-28 14:31:27"
"	69BA0CDE","	Chamber1","	1","	B01??(%RH)","	98.1","	2026-07-28 14:31:27"
"	69BA0CDE","	Chamber1","	1","	B01??(%RH)","	97.8","	2026-07-28 14:31:25"
"	69BA0CDE","	Chamber1","	1","	B01??(?)","	7.6","	2026-07-28 14:31:25"
"	69BA0CDE","	Chamber1","	1","	B01??(%RH)","	97.6","	2026-07-28 14:31:23"
"	69BA0CDE","	Chamber1","	1","	B01??(?)","	7.4","	2026-07-28 14:31:23"
"	69BA0CDE","	Chamber1","	1","	B01??(%RH)","	97.3","	2026-07-28 14:31:21"
"	69BA0CDE","	Chamber1","	1","	B01??(?)","	7.2","	2026-07-28 14:31:21"
"	69BA0CDE","	Chamber1","	1","	B01??(%RH)","	97","	2026-07-28 14:31:19"
"	69BA0CDE","	Chamber1","	1","	B01??(?)","	7.1","	2026-07-28 14:31:19"
"	69BA0CDE","	Chamber1","	1","	B01??(%RH)","	96.7","	2026-07-28 14:31:17"
"	69BA0CDE","	Chamber1","	1","	B01??(?)","	6.9","	2026-07-28 14:31:17"
"	69BA0CDE","	Chamber1","	1","	B01??(%RH)","	96.3","	2026-07-28 14:31:15"
"	69BA0CDE","	Chamber1","	1","	B01??(?)","	6.8","	2026-07-28 14:31:15"
"	69BA0CDE","	Chamber1","	1","	B01??(%RH)","	95.7","	2026-07-28 14:31:13"
"	69BA0CDE","	Chamber1","	1","	B01??(?)","	6.6","	2026-07-28 14:31:13"
"	69BA0CDE","	Chamber1","	1","	B01??(%RH)","	95.2","	2026-07-28 14:31:11"
"	69BA0CDE","	Chamber1","	1","	B01??(?)","	6.4","	2026-07-28 14:31:11"
"	69BA0CDE","	Chamber1","	1","	B01??(%RH)","	94.5","	2026-07-28 14:31:09"
"	69BA0CDE","	Chamber1","	1","	B01??(?)","	6.2","	2026-07-28 14:31:09"
"	69BA0CDE","	Chamber1","	1","	B01??(%RH)","	93.8","	2026-07-28 14:31:07"
"	69BA0CDE","	Chamber1","	1","	B01??(?)","	6.1","	2026-07-28 14:31:07"
"	69BA0CDE","	Chamber1","	1","	B01??(%RH)","	93.1","	2026-07-28 14:31:05"
"	69BA0CDE","	Chamber1","	1","	B01??(?)","	5.9","	2026-07-28 14:31:05"
"	69BA0CDE","	Chamber1","	1","	B01??(%RH)","	92.2","	2026-07-28 14:31:03"
"	69BA0CDE","	Chamber1","	1","	B01??(?)","	5.7","	2026-07-28 14:31:03"
"	69BA0CDE","	Chamber1","	1","	B01??(%RH)","	91.3","	2026-07-28 14:31:00"
"	69BA0CDE","	Chamber1","	1","	B01??(?)","	5.6","	2026-07-28 14:31:00"
"	69BA0CDE","	Chamber1","	1","	B01??(%RH)","	90.3","	2026-07-28 14:30:58"
"	69BA0CDE","	Chamber1","	1","	B01??(?)","	5.4","	2026-07-28 14:30:58"
"	69BA0CDE","	Chamber1","	1","	B01??(%RH)","	89.2","	2026-07-28 14:30:56"
"	69BA0CDE","	Chamber1","	1","	B01??(?)","	5.3","	2026-07-28 14:30:56"
"	69BA0CDE","	Chamber1","	1","	B01??(%RH)","	88","	2026-07-28 14:30:54"
"	69BA0CDE","	Chamber1","	1","	B01??(?)","	5.2","	2026-07-28 14:30:54"
"	69BA0CDE","	Chamber1","	1","	B01??(%RH)","	86.8","	2026-07-28 14:30:52"
"	69BA0CDE","	Chamber1","	1","	B01??(?)","	5.1","	2026-07-28 14:30:52"
"	69BA0CDE","	Chamber1","	1","	B01??(%RH)","	85.7","	2026-07-28 14:30:50"
"	69BA0CDE","	Chamber1","	1","	B01??(?)","	4.9","	2026-07-28 14:30:50"
"	69BA0CDE","	Chamber1","	1","	B01??(?)","	4.8","	2026-07-28 14:30:48"
"	69BA0CDE","	Chamber1","	1","	B01??(%RH)","	84.6","	2026-07-28 14:30:48"
"	69BA0CDE","	Chamber1","	1","	B01??(%RH)","	83.6","	2026-07-28 14:30:46"
"	69BA0CDE","	Chamber1","	1","	B01??(?)","	4.8","	2026-07-28 14:30:46"
"	69BA0CDE","	Chamber1","	1","	B01??(%RH)","	82.6","	2026-07-28 14:30:44"
"	69BA0CDE","	Chamber1","	1","	B01??(?)","	4.7","	2026-07-28 14:30:44"
"	69BA0CDE","	Chamber1","	1","	B01??(%RH)","	81.4","	2026-07-28 14:30:42"
"	69BA0CDE","	Chamber1","	1","	B01??(?)","	4.6","	2026-07-28 14:30:42"
"	69BA0CDE","	Chamber1","	1","	B01??(%RH)","	80.8","	2026-07-28 14:30:40"
"	69BA0CDE","	Chamber1","	1","	B01??(?)","	4.6","	2026-07-28 14:30:40"
"	69BA0CDE","	Chamber1","	1","	B01??(%RH)","	80.5","	2026-07-28 14:30:38"
"	69BA0CDE","	Chamber1","	1","	B01??(?)","	4.6","	2026-07-28 14:30:38"
"	69BA0CDE","	Chamber1","	1","	B01??(%RH)","	80.4","	2026-07-28 14:30:36"
"	69BA0CDE","	Chamber1","	1","	B01??(?)","	4.5","	2026-07-28 14:30:36"
"	69BA0CDE","	Chamber1","	1","	B01??(%RH)","	80.3","	2026-07-28 14:30:34"
"	69BA0CDE","	Chamber1","	1","	B01??(?)","	4.5","	2026-07-28 14:30:34"
"	69BA0CDE","	Chamber1","	1","	B01??(%RH)","	80.3","	2026-07-28 14:30:32"
"	69BA0CDE","	Chamber1","	1","	B01??(?)","	4.5","	2026-07-28 14:30:32"
"	69BA0CDE","	Chamber1","	1","	B01??(%RH)","	80.2","	2026-07-28 14:30:30"
"	69BA0CDE","	Chamber1","	1","	B01??(?)","	4.5","	2026-07-28 14:30:30"
"	69BA0CDE","	Chamber1","	1","	B01??(%RH)","	80.2","	2026-07-28 14:30:28"
"	69BA0CDE","	Chamber1","	1","	B01??(?)","	4.5","	2026-07-28 14:30:28"
"	69BA0CDE","	Chamber1","	1","	B01??(%RH)","	80.2","	2026-07-28 14:30:26"
"	69BA0CDE","	Chamber1","	1","	B01??(?)","	4.5","	2026-07-28 14:30:26"
"	69BA0CDE","	Chamber1","	1","	B01??(%RH)","	80.2","	2026-07-28 14:30:24"
"	69BA0CDE","	Chamber1","	1","	B01??(?)","	4.5","	2026-07-28 14:30:24"
"	69BA0CDE","	Chamber1","	1","	B01??(%RH)","	80.2","	2026-07-28 14:30:22"
"	69BA0CDE","	Chamber1","	1","	B01??(?)","	4.5","	2026-07-28 14:30:22"
"	69BA0CDE","	Chamber1","	1","	B01??(%RH)","	80.2","	2026-07-28 14:30:20"
"	69BA0CDE","	Chamber1","	1","	B01??(?)","	4.5","	2026-07-28 14:30:20"
"	69BA0CDE","	Chamber1","	1","	B01??(%RH)","	80.3","	2026-07-28 14:30:17"
"	69BA0CDE","	Chamber1","	1","	B01??(?)","	4.5","	2026-07-28 14:30:17"
"	69BA0CDE","	Chamber1","	1","	B01??(%RH)","	80.3","	2026-07-28 14:30:15"
"	69BA0CDE","	Chamber1","	1","	B01??(?)","	4.5","	2026-07-28 14:30:15"
"	69BA0CDE","	Chamber1","	1","	B01??(%RH)","	80.2","	2026-07-28 14:30:13"
"	69BA0CDE","	Chamber1","	1","	B01??(?)","	4.5","	2026-07-28 14:30:13"
"	69BA0CDE","	Chamber1","	1","	B01??(%RH)","	80.2","	2026-07-28 14:30:11"
"	69BA0CDE","	Chamber1","	1","	B01??(?)","	4.5","	2026-07-28 14:30:11"
"	69BA0CDE","	Chamber1","	1","	B01??(%RH)","	80.2","	2026-07-28 14:30:09"
"	69BA0CDE","	Chamber1","	1","	B01??(?)","	4.5","	2026-07-28 14:30:09"
"	69BA0CDE","	Chamber1","	1","	B01??(%RH)","	80.3","	2026-07-28 14:30:07"
"	69BA0CDE","	Chamber1","	1","	B01??(?)","	4.5","	2026-07-28 14:30:07"
"	69BA0CDE","	Chamber1","	1","	B01??(%RH)","	80.3","	2026-07-28 14:30:05"
"	69BA0CDE","	Chamber1","	1","	B01??(?)","	4.5","	2026-07-28 14:30:05"
"	69BA0CDE","	Chamber1","	1","	B01??(%RH)","	80.2","	2026-07-28 14:30:03"
"	69BA0CDE","	Chamber1","	1","	B01??(?)","	4.5","	2026-07-28 14:30:03"
"	69BA0CDE","	Chamber1","	1","	B01??(%RH)","	80.3","	2026-07-28 14:30:01"
"	69BA0CDE","	Chamber1","	1","	B01??(?)","	4.5","	2026-07-28 14:30:01"
"	69BA0CDE","	Chamber1","	1","	B01??(%RH)","	80.3","	2026-07-28 14:29:59"
"	69BA0CDE","	Chamber1","	1","	B01??(?)","	4.5","	2026-07-28 14:29:59"
"	69BA0CDE","	Chamber1","	1","	B01??(%RH)","	80.3","	2026-07-28 14:29:57"
"	69BA0CDE","	Chamber1","	1","	B01??(?)","	4.5","	2026-07-28 14:29:57"
"	69BA0CDE","	Chamber1","	1","	B01??(%RH)","	80.3","	2026-07-28 14:29:55"
"	69BA0CDE","	Chamber1","	1","	B01??(?)","	4.5","	2026-07-28 14:29:55"
"	69BA0CDE","	Chamber1","	1","	B01??(%RH)","	80.3","	2026-07-28 14:29:53"
"	69BA0CDE","	Chamber1","	1","	B01??(?)","	4.5","	2026-07-28 14:29:53"
"	69BA0CDE","	Chamber1","	1","	B01??(%RH)","	80.3","	2026-07-28 14:29:51"
"	69BA0CDE","	Chamber1","	1","	B01??(?)","	4.5","	2026-07-28 14:29:51"
"	69BA0CDE","	Chamber1","	1","	B01??(%RH)","	80.3","	2026-07-28 14:29:49"
"	69BA0CDE","	Chamber1","	1","	B01??(?)","	4.5","	2026-07-28 14:29:49"
"	69BA0CDE","	Chamber1","	1","	B01??(%RH)","	80.3","	2026-07-28 14:29:47"
"	69BA0CDE","	Chamber1","	1","	B01??(?)","	4.5","	2026-07-28 14:29:47"
"	69BA0CDE","	Chamber1","	1","	B01??(%RH)","	80.3","	2026-07-28 14:29:45"
"	69BA0CDE","	Chamber1","	1","	B01??(?)","	4.5","	2026-07-28 14:29:45"
"	69BA0CDE","	Chamber1","	1","	B01??(%RH)","	80.3","	2026-07-28 14:29:43"
"	69BA0CDE","	Chamber1","	1","	B01??(?)","	4.5","	2026-07-28 14:29:43"
"	69BA0CDE","	Chamber1","	1","	B01??(%RH)","	80.3","	2026-07-28 14:29:41"
"	69BA0CDE","	Chamber1","	1","	B01??(?)","	4.5","	2026-07-28 14:29:41"
"	69BA0CDE","	Chamber1","	1","	B01??(%RH)","	80.3","	2026-07-28 14:29:39"
"	69BA0CDE","	Chamber1","	1","	B01??(?)","	4.5","	2026-07-28 14:29:39"
"	69BA0CDE","	Chamber1","	1","	B01??(%RH)","	80.3","	2026-07-28 14:29:37"
"	69BA0CDE","	Chamber1","	1","	B01??(?)","	4.5","	2026-07-28 14:29:37"
"	69BA0CDE","	Chamber1","	1","	B01??(%RH)","	80.3","	2026-07-28 14:29:35"
"	69BA0CDE","	Chamber1","	1","	B01??(?)","	4.5","	2026-07-28 14:29:35"
"	69BA0CDE","	Chamber1","	1","	B01??(%RH)","	80.3","	2026-07-28 14:29:32"
"	69BA0CDE","	Chamber1","	1","	B01??(?)","	4.5","	2026-07-28 14:29:32"
"	69BA0CDE","	Chamber1","	1","	B01??(%RH)","	80.3","	2026-07-28 14:29:30"
"	69BA0CDE","	Chamber1","	1","	B01??(?)","	4.5","	2026-07-28 14:29:30"
"	69BA0CDE","	Chamber1","	1","	B01??(%RH)","	80.3","	2026-07-28 14:29:28"
"	69BA0CDE","	Chamber1","	1","	B01??(?)","	4.5","	2026-07-28 14:29:28"
"	69BA0CDE","	Chamber1","	1","	B01??(%RH)","	80.3","	2026-07-28 14:29:26"
"	69BA0CDE","	Chamber1","	1","	B01??(?)","	4.5","	2026-07-28 14:29:26"
"	69BA0CDE","	Chamber1","	1","	B01??(%RH)","	80.3","	2026-07-28 14:29:24"
"	69BA0CDE","	Chamber1","	1","	B01??(?)","	4.5","	2026-07-28 14:29:24"
"	69BA0CDE","	Chamber1","	1","	B01??(%RH)","	80.3","	2026-07-28 14:29:22"
"	69BA0CDE","	Chamber1","	1","	B01??(?)","	4.5","	2026-07-28 14:29:22"
"	69BA0CDE","	Chamber1","	1","	B01??(%RH)","	80.3","	2026-07-28 14:29:20"
"	69BA0CDE","	Chamber1","	1","	B01??(?)","	4.5","	2026-07-28 14:29:20"
"	69BA0CDE","	Chamber1","	1","	B01??(%RH)","	80.3","	2026-07-28 14:29:18"
"	69BA0CDE","	Chamber1","	1","	B01??(?)","	4.5","	2026-07-28 14:29:18"
"	69BA0CDE","	Chamber1","	1","	B01??(%RH)","	80.3","	2026-07-28 14:29:16"
"	69BA0CDE","	Chamber1","	1","	B01??(?)","	4.5","	2026-07-28 14:29:16"
"	69BA0CDE","	Chamber1","	1","	B01??(%RH)","	80.4","	2026-07-28 14:29:14"
"	69BA0CDE","	Chamber1","	1","	B01??(?)","	4.5","	2026-07-28 14:29:14"
"	69BA0CDE","	Chamber1","	1","	B01??(%RH)","	80.3","	2026-07-28 14:29:12"
"	69BA0CDE","	Chamber1","	1","	B01??(?)","	4.5","	2026-07-28 14:29:12"
"	69BA0CDE","	Chamber1","	1","	B01??(%RH)","	80.3","	2026-07-28 14:29:10"
"	69BA0CDE","	Chamber1","	1","	B01??(?)","	4.5","	2026-07-28 14:29:10"
"	69BA0CDE","	Chamber1","	1","	B01??(%RH)","	80.3","	2026-07-28 14:29:08"
"	69BA0CDE","	Chamber1","	1","	B01??(?)","	4.5","	2026-07-28 14:29:08"
"	69BA0CDE","	Chamber1","	1","	B01??(%RH)","	80.3","	2026-07-28 14:29:06"
"	69BA0CDE","	Chamber1","	1","	B01??(?)","	4.5","	2026-07-28 14:29:06"
"	69BA0CDE","	Chamber1","	1","	B01??(%RH)","	80.3","	2026-07-28 14:29:04"
"	69BA0CDE","	Chamber1","	1","	B01??(?)","	4.5","	2026-07-28 14:29:04"
"	69BA0CDE","	Chamber1","	1","	B01??(%RH)","	80.3","	2026-07-28 14:29:02"
"	69BA0CDE","	Chamber1","	1","	B01??(?)","	4.5","	2026-07-28 14:29:02"
"	69BA0CDE","	Chamber1","	1","	B01??(%RH)","	80.3","	2026-07-28 14:29:00"
"	69BA0CDE","	Chamber1","	1","	B01??(?)","	4.5","	2026-07-28 14:29:00"
"	69BA0CDE","	Chamber1","	1","	B01??(%RH)","	80.4","	2026-07-28 14:28:58"
"	69BA0CDE","	Chamber1","	1","	B01??(?)","	4.5","	2026-07-28 14:28:58"
"	69BA0CDE","	Chamber1","	1","	B01??(%RH)","	80.3","	2026-07-28 14:28:56"
"	69BA0CDE","	Chamber1","	1","	B01??(?)","	4.5","	2026-07-28 14:28:56"
"	69BA0CDE","	Chamber1","	1","	B01??(%RH)","	80.3","	2026-07-28 14:28:54"
"	69BA0CDE","	Chamber1","	1","	B01??(?)","	4.5","	2026-07-28 14:28:54"
"	69BA0CDE","	Chamber1","	1","	B01??(%RH)","	80.3","	2026-07-28 14:28:52"
"	69BA0CDE","	Chamber1","	1","	B01??(?)","	4.5","	2026-07-28 14:28:52"
"	69BA0CDE","	Chamber1","	1","	B01??(%RH)","	80.4","	2026-07-28 14:28:50"
"	69BA0CDE","	Chamber1","	1","	B01??(?)","	4.5","	2026-07-28 14:28:50"
"	69BA0CDE","	Chamber1","	1","	B01??(%RH)","	80.3","	2026-07-28 14:28:47"
"	69BA0CDE","	Chamber1","	1","	B01??(?)","	4.5","	2026-07-28 14:28:47"
"	69BA0CDE","	Chamber1","	1","	B01??(%RH)","	80.3","	2026-07-28 14:28:45"
"	69BA0CDE","	Chamber1","	1","	B01??(?)","	4.5","	2026-07-28 14:28:45"
"	69BA0CDE","	Chamber1","	1","	B01??(%RH)","	80.3","	2026-07-28 14:28:43"
"	69BA0CDE","	Chamber1","	1","	B01??(?)","	4.5","	2026-07-28 14:28:43"
"	69BA0CDE","	Chamber1","	1","	B01??(%RH)","	80.3","	2026-07-28 14:28:41"
"	69BA0CDE","	Chamber1","	1","	B01??(?)","	4.5","	2026-07-28 14:28:41"
"	69BA0CDE","	Chamber1","	1","	B01??(%RH)","	80.3","	2026-07-28 14:28:39"
"	69BA0CDE","	Chamber1","	1","	B01??(?)","	4.5","	2026-07-28 14:28:39"
"	69BA0CDE","	Chamber1","	1","	B01??(%RH)","	80.3","	2026-07-28 14:28:37"
"	69BA0CDE","	Chamber1","	1","	B01??(?)","	4.5","	2026-07-28 14:28:37"
"	69BA0CDE","	Chamber1","	1","	B01??(%RH)","	80.3","	2026-07-28 14:28:35"
"	69BA0CDE","	Chamber1","	1","	B01??(?)","	4.5","	2026-07-28 14:28:35"
"	69BA0CDE","	Chamber1","	1","	B01??(%RH)","	80.4","	2026-07-28 14:28:33"
"	69BA0CDE","	Chamber1","	1","	B01??(?)","	4.4","	2026-07-28 14:28:33"
"	69BA0CDE","	Chamber1","	1","	B01??(%RH)","	80.3","	2026-07-28 14:28:31"
"	69BA0CDE","	Chamber1","	1","	B01??(?)","	4.5","	2026-07-28 14:28:31"
"	69BA0CDE","	Chamber1","	1","	B01??(%RH)","	80.3","	2026-07-28 14:28:29"
"	69BA0CDE","	Chamber1","	1","	B01??(?)","	4.4","	2026-07-28 14:28:29"
"	69BA0CDE","	Chamber1","	1","	B01??(%RH)","	80.4","	2026-07-28 14:28:27"
"	69BA0CDE","	Chamber1","	1","	B01??(?)","	4.5","	2026-07-28 14:28:27"
"	69BA0CDE","	Chamber1","	1","	B01??(%RH)","	80.3","	2026-07-28 14:28:25"
"	69BA0CDE","	Chamber1","	1","	B01??(?)","	4.5","	2026-07-28 14:28:25"
"	69BA0CDE","	Chamber1","	1","	B01??(%RH)","	80.3","	2026-07-28 14:28:23"
"	69BA0CDE","	Chamber1","	1","	B01??(?)","	4.5","	2026-07-28 14:28:23"
"	69BA0CDE","	Chamber1","	1","	B01??(%RH)","	80.3","	2026-07-28 14:28:21"
"	69BA0CDE","	Chamber1","	1","	B01??(?)","	4.4","	2026-07-28 14:28:21"
"	69BA0CDE","	Chamber1","	1","	B01??(%RH)","	80.3","	2026-07-28 14:28:19"
"	69BA0CDE","	Chamber1","	1","	B01??(?)","	4.5","	2026-07-28 14:28:19"
"	69BA0CDE","	Chamber1","	1","	B01??(%RH)","	80.3","	2026-07-28 14:28:17"
"	69BA0CDE","	Chamber1","	1","	B01??(?)","	4.5","	2026-07-28 14:28:17"
"	69BA0CDE","	Chamber1","	1","	B01??(%RH)","	80.3","	2026-07-28 14:28:15"
"	69BA0CDE","	Chamber1","	1","	B01??(?)","	4.4","	2026-07-28 14:28:15"
"	69BA0CDE","	Chamber1","	1","	B01??(%RH)","	80.3","	2026-07-28 14:28:13"
"	69BA0CDE","	Chamber1","	1","	B01??(?)","	4.5","	2026-07-28 14:28:13"
"	69BA0CDE","	Chamber1","	1","	B01??(%RH)","	80.3","	2026-07-28 14:28:11"
"	69BA0CDE","	Chamber1","	1","	B01??(?)","	4.5","	2026-07-28 14:28:11"
"	69BA0CDE","	Chamber1","	1","	B01??(%RH)","	80.3","	2026-07-28 14:28:09"
"	69BA0CDE","	Chamber1","	1","	B01??(?)","	4.5","	2026-07-28 14:28:09"
"	69BA0CDE","	Chamber1","	1","	B01??(%RH)","	80.3","	2026-07-28 14:28:07"
"	69BA0CDE","	Chamber1","	1","	B01??(?)","	4.5","	2026-07-28 14:28:07"
"	69BA0CDE","	Chamber1","	1","	B01??(%RH)","	80.3","	2026-07-28 14:28:05"
"	69BA0CDE","	Chamber1","	1","	B01??(?)","	4.5","	2026-07-28 14:28:05"
"	69BA0CDE","	Chamber1","	1","	B01??(%RH)","	80.3","	2026-07-28 14:28:02"
"	69BA0CDE","	Chamber1","	1","	B01??(?)","	4.5","	2026-07-28 14:28:02"
"	69BA0CDE","	Chamber1","	1","	B01??(%RH)","	80.3","	2026-07-28 14:28:00"
"	69BA0CDE","	Chamber1","	1","	B01??(?)","	4.4","	2026-07-28 14:28:00"
"	69BA0CDE","	Chamber1","	1","	B01??(%RH)","	80.3","	2026-07-28 14:27:58"
"	69BA0CDE","	Chamber1","	1","	B01??(?)","	4.5","	2026-07-28 14:27:58"
"	69BA0CDE","	Chamber1","	1","	B01??(%RH)","	80.3","	2026-07-28 14:27:56"
"	69BA0CDE","	Chamber1","	1","	B01??(?)","	4.5","	2026-07-28 14:27:56"
"	69BA0CDE","	Chamber1","	1","	B01??(%RH)","	80.3","	2026-07-28 14:27:54"
"	69BA0CDE","	Chamber1","	1","	B01??(?)","	4.5","	2026-07-28 14:27:54"
"	69BA0CDE","	Chamber1","	1","	B01??(%RH)","	80.3","	2026-07-28 14:27:52"
"	69BA0CDE","	Chamber1","	1","	B01??(?)","	4.5","	2026-07-28 14:27:52"
"	69BA0CDE","	Chamber1","	1","	B01??(%RH)","	80.4","	2026-07-28 14:27:50"
"	69BA0CDE","	Chamber1","	1","	B01??(?)","	4.5","	2026-07-28 14:27:50"
"	69BA0CDE","	Chamber1","	1","	B01??(%RH)","	80.3","	2026-07-28 14:27:48"
"	69BA0CDE","	Chamber1","	1","	B01??(?)","	4.5","	2026-07-28 14:27:48"
"	69BA0CDE","	Chamber1","	1","	B01??(%RH)","	80.3","	2026-07-28 14:27:46"
"	69BA0CDE","	Chamber1","	1","	B01??(?)","	4.5","	2026-07-28 14:27:46"
"	69BA0CDE","	Chamber1","	1","	B01??(?)","	4.4","	2026-07-28 14:27:44"
"	69BA0CDE","	Chamber1","	1","	B01??(%RH)","	80.3","	2026-07-28 14:27:44"
"	69BA0CDE","	Chamber1","	1","	B01??(%RH)","	80.3","	2026-07-28 14:27:42"
"	69BA0CDE","	Chamber1","	1","	B01??(?)","	4.5","	2026-07-28 14:27:42"
"	69BA0CDE","	Chamber1","	1","	B01??(%RH)","	80.3","	2026-07-28 14:27:40"
"	69BA0CDE","	Chamber1","	1","	B01??(?)","	4.4","	2026-07-28 14:27:40"
"	69BA0CDE","	Chamber1","	1","	B01??(%RH)","	80.3","	2026-07-28 14:27:38"
"	69BA0CDE","	Chamber1","	1","	B01??(?)","	4.5","	2026-07-28 14:27:38"
"	69BA0CDE","	Chamber1","	1","	B01??(%RH)","	80.3","	2026-07-28 14:27:36"
"	69BA0CDE","	Chamber1","	1","	B01??(?)","	4.5","	2026-07-28 14:27:36"
"	69BA0CDE","	Chamber1","	1","	B01??(%RH)","	80.3","	2026-07-28 14:27:34"
"	69BA0CDE","	Chamber1","	1","	B01??(?)","	4.4","	2026-07-28 14:27:34"
"	69BA0CDE","	Chamber1","	1","	B01??(%RH)","	80.3","	2026-07-28 14:27:32"
"	69BA0CDE","	Chamber1","	1","	B01??(?)","	4.4","	2026-07-28 14:27:32"
"	69BA0CDE","	Chamber1","	1","	B01??(%RH)","	80.3","	2026-07-28 14:27:30"
"	69BA0CDE","	Chamber1","	1","	B01??(?)","	4.5","	2026-07-28 14:27:30"
"	69BA0CDE","	Chamber1","	1","	B01??(%RH)","	80.3","	2026-07-28 14:27:28"
"	69BA0CDE","	Chamber1","	1","	B01??(?)","	4.5","	2026-07-28 14:27:28"
"	69BA0CDE","	Chamber1","	1","	B01??(%RH)","	80.3","	2026-07-28 14:27:26"
"	69BA0CDE","	Chamber1","	1","	B01??(?)","	4.5","	2026-07-28 14:27:26"
"	69BA0CDE","	Chamber1","	1","	B01??(%RH)","	80.3","	2026-07-28 14:27:24"
"	69BA0CDE","	Chamber1","	1","	B01??(?)","	4.5","	2026-07-28 14:27:24"
"	69BA0CDE","	Chamber1","	1","	B01??(%RH)","	80.3","	2026-07-28 14:27:22"
"	69BA0CDE","	Chamber1","	1","	B01??(?)","	4.5","	2026-07-28 14:27:22"
"	69BA0CDE","	Chamber1","	1","	B01??(%RH)","	80.3","	2026-07-28 14:27:19"
"	69BA0CDE","	Chamber1","	1","	B01??(?)","	4.5","	2026-07-28 14:27:19"
"	69BA0CDE","	Chamber1","	1","	B01??(%RH)","	80.3","	2026-07-28 14:27:17"
"	69BA0CDE","	Chamber1","	1","	B01??(?)","	4.4","	2026-07-28 14:27:17"
"	69BA0CDE","	Chamber1","	1","	B01??(%RH)","	80.3","	2026-07-28 14:27:15"
"	69BA0CDE","	Chamber1","	1","	B01??(?)","	4.5","	2026-07-28 14:27:15"
"	69BA0CDE","	Chamber1","	1","	B01??(%RH)","	80.3","	2026-07-28 14:27:13"
"	69BA0CDE","	Chamber1","	1","	B01??(?)","	4.5","	2026-07-28 14:27:13"
"	69BA0CDE","	Chamber1","	1","	B01??(%RH)","	80.3","	2026-07-28 14:27:11"
"	69BA0CDE","	Chamber1","	1","	B01??(?)","	4.5","	2026-07-28 14:27:11"
"	69BA0CDE","	Chamber1","	1","	B01??(%RH)","	80.3","	2026-07-28 14:27:09"
"	69BA0CDE","	Chamber1","	1","	B01??(?)","	4.4","	2026-07-28 14:27:09"
"	69BA0CDE","	Chamber1","	1","	B01??(%RH)","	80.3","	2026-07-28 14:27:07"
"	69BA0CDE","	Chamber1","	1","	B01??(?)","	4.4","	2026-07-28 14:27:07"
"	69BA0CDE","	Chamber1","	1","	B01??(%RH)","	80.3","	2026-07-28 14:27:05"
"	69BA0CDE","	Chamber1","	1","	B01??(?)","	4.5","	2026-07-28 14:27:05"
"	69BA0CDE","	Chamber1","	1","	B01??(%RH)","	80.3","	2026-07-28 14:27:03"
"	69BA0CDE","	Chamber1","	1","	B01??(?)","	4.5","	2026-07-28 14:27:03"
"	69BA0CDE","	Chamber1","	1","	B01??(%RH)","	80.3","	2026-07-28 14:27:01"
"	69BA0CDE","	Chamber1","	1","	B01??(?)","	4.4","	2026-07-28 14:27:01"
"	69BA0CDE","	Chamber1","	1","	B01??(%RH)","	80.3","	2026-07-28 14:26:59"
"	69BA0CDE","	Chamber1","	1","	B01??(?)","	4.5","	2026-07-28 14:26:59"
"	69BA0CDE","	Chamber1","	1","	B01??(%RH)","	80.3","	2026-07-28 14:26:57"
"	69BA0CDE","	Chamber1","	1","	B01??(?)","	4.5","	2026-07-28 14:26:57"
"	69BA0CDE","	Chamber1","	1","	B01??(%RH)","	80.3","	2026-07-28 14:26:55"
"	69BA0CDE","	Chamber1","	1","	B01??(?)","	4.5","	2026-07-28 14:26:55"
"	69BA0CDE","	Chamber1","	1","	B01??(%RH)","	80.3","	2026-07-28 14:26:53"
"	69BA0CDE","	Chamber1","	1","	B01??(?)","	4.5","	2026-07-28 14:26:53"
"	69BA0CDE","	Chamber1","	1","	B01??(%RH)","	80.3","	2026-07-28 14:26:51"
"	69BA0CDE","	Chamber1","	1","	B01??(?)","	4.4","	2026-07-28 14:26:51"
"	69BA0CDE","	Chamber1","	1","	B01??(%RH)","	80.3","	2026-07-28 14:26:49"
"	69BA0CDE","	Chamber1","	1","	B01??(?)","	4.4","	2026-07-28 14:26:49"
"	69BA0CDE","	Chamber1","	1","	B01??(%RH)","	80.3","	2026-07-28 14:26:47"
"	69BA0CDE","	Chamber1","	1","	B01??(?)","	4.4","	2026-07-28 14:26:47"
"	69BA0CDE","	Chamber1","	1","	B01??(%RH)","	80.4","	2026-07-28 14:26:45"
"	69BA0CDE","	Chamber1","	1","	B01??(?)","	4.5","	2026-07-28 14:26:45"
"	69BA0CDE","	Chamber1","	1","	B01??(%RH)","	80.3","	2026-07-28 14:26:43"
"	69BA0CDE","	Chamber1","	1","	B01??(?)","	4.5","	2026-07-28 14:26:43"
"	69BA0CDE","	Chamber1","	1","	B01??(%RH)","	80.3","	2026-07-28 14:26:41"
"	69BA0CDE","	Chamber1","	1","	B01??(?)","	4.4","	2026-07-28 14:26:41"
"	69BA0CDE","	Chamber1","	1","	B01??(%RH)","	80.3","	2026-07-28 14:26:39"
"	69BA0CDE","	Chamber1","	1","	B01??(?)","	4.4","	2026-07-28 14:26:39"
"	69BA0CDE","	Chamber1","	1","	B01??(%RH)","	80.3","	2026-07-28 14:26:37"
"	69BA0CDE","	Chamber1","	1","	B01??(?)","	4.4","	2026-07-28 14:26:37"
"	69BA0CDE","	Chamber1","	1","	B01??(%RH)","	80.3","	2026-07-28 14:26:34"
"	69BA0CDE","	Chamber1","	1","	B01??(?)","	4.4","	2026-07-28 14:26:34"
"	69BA0CDE","	Chamber1","	1","	B01??(%RH)","	80.3","	2026-07-28 14:26:32"
"	69BA0CDE","	Chamber1","	1","	B01??(?)","	4.4","	2026-07-28 14:26:32"
"	69BA0CDE","	Chamber1","	1","	B01??(%RH)","	80.3","	2026-07-28 14:26:30"
"	69BA0CDE","	Chamber1","	1","	B01??(?)","	4.4","	2026-07-28 14:26:30"
"	69BA0CDE","	Chamber1","	1","	B01??(%RH)","	80.3","	2026-07-28 14:26:28"
"	69BA0CDE","	Chamber1","	1","	B01??(?)","	4.5","	2026-07-28 14:26:28"
"	69BA0CDE","	Chamber1","	1","	B01??(%RH)","	80.3","	2026-07-28 14:26:26"
"	69BA0CDE","	Chamber1","	1","	B01??(?)","	4.5","	2026-07-28 14:26:26"
"	69BA0CDE","	Chamber1","	1","	B01??(%RH)","	80.3","	2026-07-28 14:26:24"
"	69BA0CDE","	Chamber1","	1","	B01??(?)","	4.5","	2026-07-28 14:26:24"
"	69BA0CDE","	Chamber1","	1","	B01??(%RH)","	80.3","	2026-07-28 14:26:22"
"	69BA0CDE","	Chamber1","	1","	B01??(?)","	4.4","	2026-07-28 14:26:22"
"	69BA0CDE","	Chamber1","	1","	B01??(%RH)","	80.3","	2026-07-28 14:26:20"
"	69BA0CDE","	Chamber1","	1","	B01??(?)","	4.5","	2026-07-28 14:26:20"
"	69BA0CDE","	Chamber1","	1","	B01??(%RH)","	80.3","	2026-07-28 14:26:18"
"	69BA0CDE","	Chamber1","	1","	B01??(?)","	4.4","	2026-07-28 14:26:18"
"	69BA0CDE","	Chamber1","	1","	B01??(%RH)","	80.3","	2026-07-28 14:26:16"
"	69BA0CDE","	Chamber1","	1","	B01??(?)","	4.4","	2026-07-28 14:26:16"
"	69BA0CDE","	Chamber1","	1","	B01??(%RH)","	80.3","	2026-07-28 14:26:14"
"	69BA0CDE","	Chamber1","	1","	B01??(?)","	4.4","	2026-07-28 14:26:14"
"	69BA0CDE","	Chamber1","	1","	B01??(%RH)","	80.3","	2026-07-28 14:26:12"
"	69BA0CDE","	Chamber1","	1","	B01??(?)","	4.4","	2026-07-28 14:26:12"
"	69BA0CDE","	Chamber1","	1","	B01??(%RH)","	80.3","	2026-07-28 14:26:10"
"	69BA0CDE","	Chamber1","	1","	B01??(?)","	4.4","	2026-07-28 14:26:10"
"	69BA0CDE","	Chamber1","	1","	B01??(%RH)","	80.3","	2026-07-28 14:26:08"
"	69BA0CDE","	Chamber1","	1","	B01??(?)","	4.4","	2026-07-28 14:26:08"
"	69BA0CDE","	Chamber1","	1","	B01??(%RH)","	80.3","	2026-07-28 14:26:06"
"	69BA0CDE","	Chamber1","	1","	B01??(?)","	4.4","	2026-07-28 14:26:06"
"	69BA0CDE","	Chamber1","	1","	B01??(%RH)","	80.3","	2026-07-28 14:26:04"
"	69BA0CDE","	Chamber1","	1","	B01??(?)","	4.4","	2026-07-28 14:26:04"
"	69BA0CDE","	Chamber1","	1","	B01??(%RH)","	80.3","	2026-07-28 14:26:02"
"	69BA0CDE","	Chamber1","	1","	B01??(?)","	4.5","	2026-07-28 14:26:02"
"	69BA0CDE","	Chamber1","	1","	B01??(%RH)","	80.3","	2026-07-28 14:26:00"
"	69BA0CDE","	Chamber1","	1","	B01??(?)","	4.4","	2026-07-28 14:26:00"
"	69BA0CDE","	Chamber1","	1","	B01??(%RH)","	80.3","	2026-07-28 14:25:58"
"	69BA0CDE","	Chamber1","	1","	B01??(?)","	4.4","	2026-07-28 14:25:58"
"	69BA0CDE","	Chamber1","	1","	B01??(%RH)","	80.3","	2026-07-28 14:25:56"
"	69BA0CDE","	Chamber1","	1","	B01??(?)","	4.4","	2026-07-28 14:25:56"
"	69BA0CDE","	Chamber1","	1","	B01??(%RH)","	80.3","	2026-07-28 14:25:53"
"	69BA0CDE","	Chamber1","	1","	B01??(?)","	4.4","	2026-07-28 14:25:53"
"	69BA0CDE","	Chamber1","	1","	B01??(%RH)","	80.3","	2026-07-28 14:25:51"
"	69BA0CDE","	Chamber1","	1","	B01??(?)","	4.4","	2026-07-28 14:25:51"
"	69BA0CDE","	Chamber1","	1","	B01??(%RH)","	80.3","	2026-07-28 14:25:49"
"	69BA0CDE","	Chamber1","	1","	B01??(?)","	4.4","	2026-07-28 14:25:49"
"	69BA0CDE","	Chamber1","	1","	B01??(%RH)","	80.3","	2026-07-28 14:25:47"
"	69BA0CDE","	Chamber1","	1","	B01??(?)","	4.4","	2026-07-28 14:25:47"
"	69BA0CDE","	Chamber1","	1","	B01??(%RH)","	80.3","	2026-07-28 14:25:45"
"	69BA0CDE","	Chamber1","	1","	B01??(?)","	4.4","	2026-07-28 14:25:45"
"	69BA0CDE","	Chamber1","	1","	B01??(%RH)","	80.3","	2026-07-28 14:25:43"
"	69BA0CDE","	Chamber1","	1","	B01??(?)","	4.4","	2026-07-28 14:25:43"
"	69BA0CDE","	Chamber1","	1","	B01??(%RH)","	80.3","	2026-07-28 14:25:41"
"	69BA0CDE","	Chamber1","	1","	B01??(?)","	4.4","	2026-07-28 14:25:41"
"	69BA0CDE","	Chamber1","	1","	B01??(%RH)","	80.3","	2026-07-28 14:25:39"
"	69BA0CDE","	Chamber1","	1","	B01??(?)","	4.4","	2026-07-28 14:25:39"
"	69BA0CDE","	Chamber1","	1","	B01??(%RH)","	80.3","	2026-07-28 14:25:37"
"	69BA0CDE","	Chamber1","	1","	B01??(?)","	4.4","	2026-07-28 14:25:37"
"	69BA0CDE","	Chamber1","	1","	B01??(%RH)","	80.3","	2026-07-28 14:25:35"
"	69BA0CDE","	Chamber1","	1","	B01??(?)","	4.4","	2026-07-28 14:25:35"
"	69BA0CDE","	Chamber1","	1","	B01??(%RH)","	80.3","	2026-07-28 14:25:33"
"	69BA0CDE","	Chamber1","	1","	B01??(?)","	4.4","	2026-07-28 14:25:33"
"	69BA0CDE","	Chamber1","	1","	B01??(%RH)","	80.3","	2026-07-28 14:25:31"
"	69BA0CDE","	Chamber1","	1","	B01??(?)","	4.4","	2026-07-28 14:25:31"
"	69BA0CDE","	Chamber1","	1","	B01??(%RH)","	80.3","	2026-07-28 14:25:29"
"	69BA0CDE","	Chamber1","	1","	B01??(?)","	4.4","	2026-07-28 14:25:29"
"	69BA0CDE","	Chamber1","	1","	B01??(%RH)","	80.3","	2026-07-28 14:25:27"
"	69BA0CDE","	Chamber1","	1","	B01??(?)","	4.4","	2026-07-28 14:25:27"
"	69BA0CDE","	Chamber1","	1","	B01??(%RH)","	80.3","	2026-07-28 14:25:25"
"	69BA0CDE","	Chamber1","	1","	B01??(?)","	4.5","	2026-07-28 14:25:25"
"	69BA0CDE","	Chamber1","	1","	B01??(%RH)","	80.3","	2026-07-28 14:25:23"
"	69BA0CDE","	Chamber1","	1","	B01??(?)","	4.4","	2026-07-28 14:25:23"
"	69BA0CDE","	Chamber1","	1","	B01??(%RH)","	80.3","	2026-07-28 14:25:21"
"	69BA0CDE","	Chamber1","	1","	B01??(?)","	4.4","	2026-07-28 14:25:21"
"	69BA0CDE","	Chamber1","	1","	B01??(%RH)","	80.3","	2026-07-28 14:25:19"
"	69BA0CDE","	Chamber1","	1","	B01??(?)","	4.4","	2026-07-28 14:25:19"
"	69BA0CDE","	Chamber1","	1","	B01??(%RH)","	80.3","	2026-07-28 14:25:17"
"	69BA0CDE","	Chamber1","	1","	B01??(?)","	4.4","	2026-07-28 14:25:17"
"	69BA0CDE","	Chamber1","	1","	B01??(%RH)","	80.3","	2026-07-28 14:25:15"
"	69BA0CDE","	Chamber1","	1","	B01??(?)","	4.4","	2026-07-28 14:25:15"
"	69BA0CDE","	Chamber1","	1","	B01??(%RH)","	80.3","	2026-07-28 14:25:13"
"	69BA0CDE","	Chamber1","	1","	B01??(?)","	4.4","	2026-07-28 14:25:13"
"	69BA0CDE","	Chamber1","	1","	B01??(%RH)","	80.3","	2026-07-28 14:25:11"
"	69BA0CDE","	Chamber1","	1","	B01??(?)","	4.4","	2026-07-28 14:25:11"
"	69BA0CDE","	Chamber1","	1","	B01??(%RH)","	80.3","	2026-07-28 14:25:08"
"	69BA0CDE","	Chamber1","	1","	B01??(?)","	4.4","	2026-07-28 14:25:08"
"	69BA0CDE","	Chamber1","	1","	B01??(%RH)","	80.3","	2026-07-28 14:25:06"
"	69BA0CDE","	Chamber1","	1","	B01??(?)","	4.4","	2026-07-28 14:25:06"
"	69BA0CDE","	Chamber1","	1","	B01??(%RH)","	80.3","	2026-07-28 14:25:04"
"	69BA0CDE","	Chamber1","	1","	B01??(?)","	4.4","	2026-07-28 14:25:04"
"	69BA0CDE","	Chamber1","	1","	B01??(%RH)","	80.3","	2026-07-28 14:25:02"
"	69BA0CDE","	Chamber1","	1","	B01??(?)","	4.4","	2026-07-28 14:25:02"
"	69BA0CDE","	Chamber1","	1","	B01??(%RH)","	80.3","	2026-07-28 14:25:00"
"	69BA0CDE","	Chamber1","	1","	B01??(?)","	4.4","	2026-07-28 14:25:00"
"	69BA0CDE","	Chamber1","	1","	B01??(%RH)","	80.3","	2026-07-28 14:24:58"
"	69BA0CDE","	Chamber1","	1","	B01??(?)","	4.4","	2026-07-28 14:24:58"
"	69BA0CDE","	Chamber1","	1","	B01??(%RH)","	80.3","	2026-07-28 14:24:56"
"	69BA0CDE","	Chamber1","	1","	B01??(?)","	4.4","	2026-07-28 14:24:56"
"	69BA0CDE","	Chamber1","	1","	B01??(%RH)","	80.3","	2026-07-28 14:24:54"
"	69BA0CDE","	Chamber1","	1","	B01??(?)","	4.4","	2026-07-28 14:24:54"
"	69BA0CDE","	Chamber1","	1","	B01??(%RH)","	80.3","	2026-07-28 14:24:52"
"	69BA0CDE","	Chamber1","	1","	B01??(?)","	4.4","	2026-07-28 14:24:52"
"	69BA0CDE","	Chamber1","	1","	B01??(%RH)","	80.3","	2026-07-28 14:24:50"
"	69BA0CDE","	Chamber1","	1","	B01??(?)","	4.4","	2026-07-28 14:24:50"
"	69BA0CDE","	Chamber1","	1","	B01??(%RH)","	80.3","	2026-07-28 14:24:48"
"	69BA0CDE","	Chamber1","	1","	B01??(?)","	4.4","	2026-07-28 14:24:48"
"	69BA0CDE","	Chamber1","	1","	B01??(%RH)","	80.3","	2026-07-28 14:24:46"
"	69BA0CDE","	Chamber1","	1","	B01??(?)","	4.4","	2026-07-28 14:24:46"
"	69BA0CDE","	Chamber1","	1","	B01??(%RH)","	80.3","	2026-07-28 14:24:44"
"	69BA0CDE","	Chamber1","	1","	B01??(?)","	4.4","	2026-07-28 14:24:44"
"	69BA0CDE","	Chamber1","	1","	B01??(%RH)","	80.3","	2026-07-28 14:24:42"
"	69BA0CDE","	Chamber1","	1","	B01??(?)","	4.4","	2026-07-28 14:24:42"
"	69BA0CDE","	Chamber1","	1","	B01??(%RH)","	80.4","	2026-07-28 14:24:40"
"	69BA0CDE","	Chamber1","	1","	B01??(?)","	4.4","	2026-07-28 14:24:40"
"	69BA0CDE","	Chamber1","	1","	B01??(%RH)","	80.3","	2026-07-28 14:24:38"
"	69BA0CDE","	Chamber1","	1","	B01??(?)","	4.4","	2026-07-28 14:24:38"
"	69BA0CDE","	Chamber1","	1","	B01??(%RH)","	80.3","	2026-07-28 14:24:36"
"	69BA0CDE","	Chamber1","	1","	B01??(?)","	4.4","	2026-07-28 14:24:36"
"	69BA0CDE","	Chamber1","	1","	B01??(%RH)","	80.3","	2026-07-28 14:24:34"
"	69BA0CDE","	Chamber1","	1","	B01??(?)","	4.4","	2026-07-28 14:24:34"
"	69BA0CDE","	Chamber1","	1","	B01??(%RH)","	80.3","	2026-07-28 14:24:32"
"	69BA0CDE","	Chamber1","	1","	B01??(?)","	4.4","	2026-07-28 14:24:32"
"	69BA0CDE","	Chamber1","	1","	B01??(%RH)","	80.3","	2026-07-28 14:24:30"
"	69BA0CDE","	Chamber1","	1","	B01??(?)","	4.4","	2026-07-28 14:24:30"
"	69BA0CDE","	Chamber1","	1","	B01??(%RH)","	80.3","	2026-07-28 14:24:28"
"	69BA0CDE","	Chamber1","	1","	B01??(?)","	4.4","	2026-07-28 14:24:28"
"	69BA0CDE","	Chamber1","	1","	B01??(%RH)","	80.3","	2026-07-28 14:24:25"
"	69BA0CDE","	Chamber1","	1","	B01??(?)","	4.4","	2026-07-28 14:24:25"
"	69BA0CDE","	Chamber1","	1","	B01??(%RH)","	80.3","	2026-07-28 14:24:23"
"	69BA0CDE","	Chamber1","	1","	B01??(?)","	4.4","	2026-07-28 14:24:23"
"	69BA0CDE","	Chamber1","	1","	B01??(%RH)","	80.3","	2026-07-28 14:24:21"
"	69BA0CDE","	Chamber1","	1","	B01??(?)","	4.4","	2026-07-28 14:24:21"
"	69BA0CDE","	Chamber1","	1","	B01??(%RH)","	80.3","	2026-07-28 14:24:19"
"	69BA0CDE","	Chamber1","	1","	B01??(?)","	4.4","	2026-07-28 14:24:19"
"	69BA0CDE","	Chamber1","	1","	B01??(%RH)","	80.3","	2026-07-28 14:24:17"
"	69BA0CDE","	Chamber1","	1","	B01??(?)","	4.4","	2026-07-28 14:24:17"
"	69BA0CDE","	Chamber1","	1","	B01??(%RH)","	80.3","	2026-07-28 14:24:15"
"	69BA0CDE","	Chamber1","	1","	B01??(?)","	4.4","	2026-07-28 14:24:15"
"	69BA0CDE","	Chamber1","	1","	B01??(%RH)","	80.3","	2026-07-28 14:24:13"
"	69BA0CDE","	Chamber1","	1","	B01??(?)","	4.4","	2026-07-28 14:24:13"
"	69BA0CDE","	Chamber1","	1","	B01??(%RH)","	80.3","	2026-07-28 14:24:11"
"	69BA0CDE","	Chamber1","	1","	B01??(?)","	4.4","	2026-07-28 14:24:11"
"	69BA0CDE","	Chamber1","	1","	B01??(%RH)","	80.3","	2026-07-28 14:24:09"
"	69BA0CDE","	Chamber1","	1","	B01??(?)","	4.4","	2026-07-28 14:24:09"
"	69BA0CDE","	Chamber1","	1","	B01??(%RH)","	80.3","	2026-07-28 14:24:07"
"	69BA0CDE","	Chamber1","	1","	B01??(?)","	4.4","	2026-07-28 14:24:07"
"	69BA0CDE","	Chamber1","	1","	B01??(%RH)","	80.3","	2026-07-28 14:24:05"
"	69BA0CDE","	Chamber1","	1","	B01??(?)","	4.4","	2026-07-28 14:24:05"
"	69BA0CDE","	Chamber1","	1","	B01??(%RH)","	80.3","	2026-07-28 14:24:03"
"	69BA0CDE","	Chamber1","	1","	B01??(?)","	4.4","	2026-07-28 14:24:03"
"	69BA0CDE","	Chamber1","	1","	B01??(%RH)","	80.3","	2026-07-28 14:24:01"
"	69BA0CDE","	Chamber1","	1","	B01??(?)","	4.4","	2026-07-28 14:24:01"
"	69BA0CDE","	Chamber1","	1","	B01??(%RH)","	80.3","	2026-07-28 14:23:59"
"	69BA0CDE","	Chamber1","	1","	B01??(?)","	4.4","	2026-07-28 14:23:59"
"	69BA0CDE","	Chamber1","	1","	B01??(%RH)","	80.3","	2026-07-28 14:23:57"
"	69BA0CDE","	Chamber1","	1","	B01??(?)","	4.4","	2026-07-28 14:23:57"
"	69BA0CDE","	Chamber1","	1","	B01??(%RH)","	80.3","	2026-07-28 14:23:55"
"	69BA0CDE","	Chamber1","	1","	B01??(?)","	4.4","	2026-07-28 14:23:55"
"	69BA0CDE","	Chamber1","	1","	B01??(%RH)","	80.3","	2026-07-28 14:23:53"
"	69BA0CDE","	Chamber1","	1","	B01??(?)","	4.4","	2026-07-28 14:23:53"
"	69BA0CDE","	Chamber1","	1","	B01??(%RH)","	80.3","	2026-07-28 14:23:51"
"	69BA0CDE","	Chamber1","	1","	B01??(?)","	4.4","	2026-07-28 14:23:51"
"	69BA0CDE","	Chamber1","	1","	B01??(%RH)","	80.3","	2026-07-28 14:23:49"
"	69BA0CDE","	Chamber1","	1","	B01??(?)","	4.4","	2026-07-28 14:23:49"
"	69BA0CDE","	Chamber1","	1","	B01??(%RH)","	80.3","	2026-07-28 14:23:47"
"	69BA0CDE","	Chamber1","	1","	B01??(?)","	4.4","	2026-07-28 14:23:47"
"	69BA0CDE","	Chamber1","	1","	B01??(%RH)","	80.3","	2026-07-28 14:23:44"
"	69BA0CDE","	Chamber1","	1","	B01??(?)","	4.4","	2026-07-28 14:23:44"
"	69BA0CDE","	Chamber1","	1","	B01??(%RH)","	80.3","	2026-07-28 14:23:42"
"	69BA0CDE","	Chamber1","	1","	B01??(?)","	4.4","	2026-07-28 14:23:42"
"	69BA0CDE","	Chamber1","	1","	B01??(%RH)","	80.3","	2026-07-28 14:23:40"
"	69BA0CDE","	Chamber1","	1","	B01??(?)","	4.4","	2026-07-28 14:23:40"
"	69BA0CDE","	Chamber1","	1","	B01??(%RH)","	80.3","	2026-07-28 14:23:38"
"	69BA0CDE","	Chamber1","	1","	B01??(?)","	4.4","	2026-07-28 14:23:38"
"	69BA0CDE","	Chamber1","	1","	B01??(%RH)","	80.3","	2026-07-28 14:23:36"
"	69BA0CDE","	Chamber1","	1","	B01??(?)","	4.4","	2026-07-28 14:23:36"
"	69BA0CDE","	Chamber1","	1","	B01??(%RH)","	80.3","	2026-07-28 14:23:34"
"	69BA0CDE","	Chamber1","	1","	B01??(?)","	4.4","	2026-07-28 14:23:34"
"	69BA0CDE","	Chamber1","	1","	B01??(%RH)","	80.3","	2026-07-28 14:23:32"
"	69BA0CDE","	Chamber1","	1","	B01??(?)","	4.4","	2026-07-28 14:23:32"
"	69BA0CDE","	Chamber1","	1","	B01??(%RH)","	80.3","	2026-07-28 14:23:30"
"	69BA0CDE","	Chamber1","	1","	B01??(?)","	4.4","	2026-07-28 14:23:30"
"	69BA0CDE","	Chamber1","	1","	B01??(%RH)","	80.3","	2026-07-28 14:23:28"
"	69BA0CDE","	Chamber1","	1","	B01??(?)","	4.4","	2026-07-28 14:23:28"
"	69BA0CDE","	Chamber1","	1","	B01??(%RH)","	80.3","	2026-07-28 14:23:26"
"	69BA0CDE","	Chamber1","	1","	B01??(?)","	4.4","	2026-07-28 14:23:26"
"	69BA0CDE","	Chamber1","	1","	B01??(%RH)","	80.3","	2026-07-28 14:23:24"
"	69BA0CDE","	Chamber1","	1","	B01??(?)","	4.4","	2026-07-28 14:23:24"
"	69BA0CDE","	Chamber1","	1","	B01??(%RH)","	80.3","	2026-07-28 14:23:22"
"	69BA0CDE","	Chamber1","	1","	B01??(?)","	4.4","	2026-07-28 14:23:22"
"	69BA0CDE","	Chamber1","	1","	B01??(%RH)","	80.3","	2026-07-28 14:23:20"
"	69BA0CDE","	Chamber1","	1","	B01??(?)","	4.4","	2026-07-28 14:23:20"
"	69BA0CDE","	Chamber1","	1","	B01??(%RH)","	80.3","	2026-07-28 14:23:18"
"	69BA0CDE","	Chamber1","	1","	B01??(?)","	4.4","	2026-07-28 14:23:18"
"	69BA0CDE","	Chamber1","	1","	B01??(%RH)","	80.3","	2026-07-28 14:23:16"
"	69BA0CDE","	Chamber1","	1","	B01??(?)","	4.4","	2026-07-28 14:23:16"
"	69BA0CDE","	Chamber1","	1","	B01??(%RH)","	80.3","	2026-07-28 14:23:14"
"	69BA0CDE","	Chamber1","	1","	B01??(?)","	4.4","	2026-07-28 14:23:14"
"	69BA0CDE","	Chamber1","	1","	B01??(%RH)","	80.3","	2026-07-28 14:23:12"
"	69BA0CDE","	Chamber1","	1","	B01??(?)","	4.4","	2026-07-28 14:23:12"
"	69BA0CDE","	Chamber1","	1","	B01??(%RH)","	80.3","	2026-07-28 14:23:10"
"	69BA0CDE","	Chamber1","	1","	B01??(?)","	4.4","	2026-07-28 14:23:10"
"	69BA0CDE","	Chamber1","	1","	B01??(%RH)","	80.3","	2026-07-28 14:23:08"
"	69BA0CDE","	Chamber1","	1","	B01??(?)","	4.4","	2026-07-28 14:23:08"
"	69BA0CDE","	Chamber1","	1","	B01??(%RH)","	80.3","	2026-07-28 14:23:06"
"	69BA0CDE","	Chamber1","	1","	B01??(?)","	4.4","	2026-07-28 14:23:06"
"	69BA0CDE","	Chamber1","	1","	B01??(%RH)","	80.3","	2026-07-28 14:23:04"
"	69BA0CDE","	Chamber1","	1","	B01??(?)","	4.4","	2026-07-28 14:23:04"
"	69BA0CDE","	Chamber1","	1","	B01??(%RH)","	80.3","	2026-07-28 14:23:01"
"	69BA0CDE","	Chamber1","	1","	B01??(?)","	4.4","	2026-07-28 14:23:01"
"	69BA0CDE","	Chamber1","	1","	B01??(%RH)","	80.3","	2026-07-28 14:22:59"
"	69BA0CDE","	Chamber1","	1","	B01??(?)","	4.4","	2026-07-28 14:22:59"
"	69BA0CDE","	Chamber1","	1","	B01??(%RH)","	80.3","	2026-07-28 14:22:57"
"	69BA0CDE","	Chamber1","	1","	B01??(?)","	4.4","	2026-07-28 14:22:57"
"	69BA0CDE","	Chamber1","	1","	B01??(%RH)","	80.3","	2026-07-28 14:22:55"
"	69BA0CDE","	Chamber1","	1","	B01??(?)","	4.4","	2026-07-28 14:22:55"
"	69BA0CDE","	Chamber1","	1","	B01??(%RH)","	80.3","	2026-07-28 14:22:53"
"	69BA0CDE","	Chamber1","	1","	B01??(?)","	4.4","	2026-07-28 14:22:53"
"	69BA0CDE","	Chamber1","	1","	B01??(%RH)","	80.3","	2026-07-28 14:22:51"
"	69BA0CDE","	Chamber1","	1","	B01??(?)","	4.4","	2026-07-28 14:22:51"
"	69BA0CDE","	Chamber1","	1","	B01??(%RH)","	80.3","	2026-07-28 14:22:49"
"	69BA0CDE","	Chamber1","	1","	B01??(?)","	4.4","	2026-07-28 14:22:49"
"	69BA0CDE","	Chamber1","	1","	B01??(%RH)","	80.3","	2026-07-28 14:22:47"
"	69BA0CDE","	Chamber1","	1","	B01??(?)","	4.4","	2026-07-28 14:22:47"
"	69BA0CDE","	Chamber1","	1","	B01??(%RH)","	80.3","	2026-07-28 14:22:45"
"	69BA0CDE","	Chamber1","	1","	B01??(?)","	4.4","	2026-07-28 14:22:45"
"	69BA0CDE","	Chamber1","	1","	B01??(%RH)","	80.3","	2026-07-28 14:22:43"
"	69BA0CDE","	Chamber1","	1","	B01??(?)","	4.4","	2026-07-28 14:22:43"
"	69BA0CDE","	Chamber1","	1","	B01??(%RH)","	80.3","	2026-07-28 14:22:41"
"	69BA0CDE","	Chamber1","	1","	B01??(?)","	4.4","	2026-07-28 14:22:41"
"	69BA0CDE","	Chamber1","	1","	B01??(%RH)","	80.3","	2026-07-28 14:22:39"
"	69BA0CDE","	Chamber1","	1","	B01??(?)","	4.4","	2026-07-28 14:22:39"
"	69BA0CDE","	Chamber1","	1","	B01??(%RH)","	80.3","	2026-07-28 14:22:37"
"	69BA0CDE","	Chamber1","	1","	B01??(?)","	4.4","	2026-07-28 14:22:37"
"	69BA0CDE","	Chamber1","	1","	B01??(%RH)","	80.3","	2026-07-28 14:22:35"
"	69BA0CDE","	Chamber1","	1","	B01??(?)","	4.4","	2026-07-28 14:22:35"
"	69BA0CDE","	Chamber1","	1","	B01??(%RH)","	80.3","	2026-07-28 14:22:33"
"	69BA0CDE","	Chamber1","	1","	B01??(?)","	4.4","	2026-07-28 14:22:33"
"	69BA0CDE","	Chamber1","	1","	B01??(%RH)","	80.3","	2026-07-28 14:22:31"
"	69BA0CDE","	Chamber1","	1","	B01??(?)","	4.4","	2026-07-28 14:22:31"
"	69BA0CDE","	Chamber1","	1","	B01??(%RH)","	80.3","	2026-07-28 14:22:29"
"	69BA0CDE","	Chamber1","	1","	B01??(?)","	4.4","	2026-07-28 14:22:29"
"	69BA0CDE","	Chamber1","	1","	B01??(%RH)","	80.3","	2026-07-28 14:22:27"
"	69BA0CDE","	Chamber1","	1","	B01??(?)","	4.4","	2026-07-28 14:22:27"
"	69BA0CDE","	Chamber1","	1","	B01??(%RH)","	80.3","	2026-07-28 14:22:25"
"	69BA0CDE","	Chamber1","	1","	B01??(?)","	4.4","	2026-07-28 14:22:25"
"	69BA0CDE","	Chamber1","	1","	B01??(%RH)","	80.3","	2026-07-28 14:22:23"
"	69BA0CDE","	Chamber1","	1","	B01??(?)","	4.4","	2026-07-28 14:22:23"
"	69BA0CDE","	Chamber1","	1","	B01??(%RH)","	80.3","	2026-07-28 14:22:21"
"	69BA0CDE","	Chamber1","	1","	B01??(?)","	4.4","	2026-07-28 14:22:21"
"	69BA0CDE","	Chamber1","	1","	B01??(%RH)","	80.3","	2026-07-28 14:22:19"
"	69BA0CDE","	Chamber1","	1","	B01??(?)","	4.4","	2026-07-28 14:22:19"
"	69BA0CDE","	Chamber1","	1","	B01??(%RH)","	80.3","	2026-07-28 14:22:16"
"	69BA0CDE","	Chamber1","	1","	B01??(?)","	4.4","	2026-07-28 14:22:16"
"	69BA0CDE","	Chamber1","	1","	B01??(%RH)","	80.3","	2026-07-28 14:22:14"
"	69BA0CDE","	Chamber1","	1","	B01??(?)","	4.4","	2026-07-28 14:22:14"
"	69BA0CDE","	Chamber1","	1","	B01??(%RH)","	80.3","	2026-07-28 14:22:12"
"	69BA0CDE","	Chamber1","	1","	B01??(?)","	4.4","	2026-07-28 14:22:12"
"	69BA0CDE","	Chamber1","	1","	B01??(%RH)","	80.3","	2026-07-28 14:22:10"
"	69BA0CDE","	Chamber1","	1","	B01??(?)","	4.4","	2026-07-28 14:22:10"
"	69BA0CDE","	Chamber1","	1","	B01??(%RH)","	80.3","	2026-07-28 14:22:08"
"	69BA0CDE","	Chamber1","	1","	B01??(?)","	4.4","	2026-07-28 14:22:08"
"	69BA0CDE","	Chamber1","	1","	B01??(%RH)","	80.3","	2026-07-28 14:22:06"
"	69BA0CDE","	Chamber1","	1","	B01??(?)","	4.4","	2026-07-28 14:22:06"
"	69BA0CDE","	Chamber1","	1","	B01??(%RH)","	80.3","	2026-07-28 14:22:04"
"	69BA0CDE","	Chamber1","	1","	B01??(?)","	4.4","	2026-07-28 14:22:04"
"	69BA0CDE","	Chamber1","	1","	B01??(%RH)","	80.3","	2026-07-28 14:22:02"
"	69BA0CDE","	Chamber1","	1","	B01??(?)","	4.4","	2026-07-28 14:22:02"
"	69BA0CDE","	Chamber1","	1","	B01??(%RH)","	80.3","	2026-07-28 14:22:00"
"	69BA0CDE","	Chamber1","	1","	B01??(?)","	4.4","	2026-07-28 14:22:00"
"	69BA0CDE","	Chamber1","	1","	B01??(%RH)","	80.3","	2026-07-28 14:21:58"
"	69BA0CDE","	Chamber1","	1","	B01??(?)","	4.4","	2026-07-28 14:21:58"
"	69BA0CDE","	Chamber1","	1","	B01??(%RH)","	80.3","	2026-07-28 14:21:56"
"	69BA0CDE","	Chamber1","	1","	B01??(?)","	4.4","	2026-07-28 14:21:56"
"	69BA0CDE","	Chamber1","	1","	B01??(%RH)","	80.3","	2026-07-28 14:21:54"
"	69BA0CDE","	Chamber1","	1","	B01??(?)","	4.4","	2026-07-28 14:21:54"
"	69BA0CDE","	Chamber1","	1","	B01??(%RH)","	80.3","	2026-07-28 14:21:52"
"	69BA0CDE","	Chamber1","	1","	B01??(?)","	4.4","	2026-07-28 14:21:52"
"	69BA0CDE","	Chamber1","	1","	B01??(%RH)","	80.3","	2026-07-28 14:21:50"
"	69BA0CDE","	Chamber1","	1","	B01??(?)","	4.4","	2026-07-28 14:21:50"
"	69BA0CDE","	Chamber1","	1","	B01??(%RH)","	80.3","	2026-07-28 14:21:48"
"	69BA0CDE","	Chamber1","	1","	B01??(?)","	4.4","	2026-07-28 14:21:48"
"	69BA0CDE","	Chamber1","	1","	B01??(%RH)","	80.3","	2026-07-28 14:21:46"
"	69BA0CDE","	Chamber1","	1","	B01??(?)","	4.4","	2026-07-28 14:21:46"
"	69BA0CDE","	Chamber1","	1","	B01??(%RH)","	80.3","	2026-07-28 14:21:44"
"	69BA0CDE","	Chamber1","	1","	B01??(?)","	4.4","	2026-07-28 14:21:44"
"	69BA0CDE","	Chamber1","	1","	B01??(%RH)","	80.3","	2026-07-28 14:21:42"
"	69BA0CDE","	Chamber1","	1","	B01??(?)","	4.4","	2026-07-28 14:21:42"
"	69BA0CDE","	Chamber1","	1","	B01??(%RH)","	80.3","	2026-07-28 14:21:40"
"	69BA0CDE","	Chamber1","	1","	B01??(?)","	4.4","	2026-07-28 14:21:40"
"	69BA0CDE","	Chamber1","	1","	B01??(%RH)","	80.3","	2026-07-28 14:21:38"
"	69BA0CDE","	Chamber1","	1","	B01??(?)","	4.4","	2026-07-28 14:21:38"
"	69BA0CDE","	Chamber1","	1","	B01??(%RH)","	80.3","	2026-07-28 14:21:36"
"	69BA0CDE","	Chamber1","	1","	B01??(?)","	4.4","	2026-07-28 14:21:36"
"	69BA0CDE","	Chamber1","	1","	B01??(%RH)","	80.3","	2026-07-28 14:21:33"
"	69BA0CDE","	Chamber1","	1","	B01??(?)","	4.4","	2026-07-28 14:21:33"
"	69BA0CDE","	Chamber1","	1","	B01??(%RH)","	80.3","	2026-07-28 14:21:31"
"	69BA0CDE","	Chamber1","	1","	B01??(?)","	4.4","	2026-07-28 14:21:31"
"	69BA0CDE","	Chamber1","	1","	B01??(%RH)","	80.3","	2026-07-28 14:21:29"
"	69BA0CDE","	Chamber1","	1","	B01??(?)","	4.4","	2026-07-28 14:21:29"
"	69BA0CDE","	Chamber1","	1","	B01??(%RH)","	80.3","	2026-07-28 14:21:27"
"	69BA0CDE","	Chamber1","	1","	B01??(?)","	4.4","	2026-07-28 14:21:27"
"	69BA0CDE","	Chamber1","	1","	B01??(%RH)","	80.3","	2026-07-28 14:21:25"
"	69BA0CDE","	Chamber1","	1","	B01??(?)","	4.4","	2026-07-28 14:21:25"
"	69BA0CDE","	Chamber1","	1","	B01??(%RH)","	80.3","	2026-07-28 14:21:23"
"	69BA0CDE","	Chamber1","	1","	B01??(?)","	4.4","	2026-07-28 14:21:23"
"	69BA0CDE","	Chamber1","	1","	B01??(%RH)","	80.3","	2026-07-28 14:21:21"
"	69BA0CDE","	Chamber1","	1","	B01??(?)","	4.4","	2026-07-28 14:21:21"
"	69BA0CDE","	Chamber1","	1","	B01??(%RH)","	80.3","	2026-07-28 14:21:19"
"	69BA0CDE","	Chamber1","	1","	B01??(?)","	4.4","	2026-07-28 14:21:19"
"	69BA0CDE","	Chamber1","	1","	B01??(%RH)","	80.3","	2026-07-28 14:21:17"
"	69BA0CDE","	Chamber1","	1","	B01??(?)","	4.4","	2026-07-28 14:21:17"
"	69BA0CDE","	Chamber1","	1","	B01??(%RH)","	80.3","	2026-07-28 14:21:15"
"	69BA0CDE","	Chamber1","	1","	B01??(?)","	4.4","	2026-07-28 14:21:15"
"	69BA0CDE","	Chamber1","	1","	B01??(%RH)","	80.3","	2026-07-28 14:21:13"
"	69BA0CDE","	Chamber1","	1","	B01??(?)","	4.4","	2026-07-28 14:21:13"
"	69BA0CDE","	Chamber1","	1","	B01??(%RH)","	80.3","	2026-07-28 14:21:11"
"	69BA0CDE","	Chamber1","	1","	B01??(?)","	4.4","	2026-07-28 14:21:11"
"	69BA0CDE","	Chamber1","	1","	B01??(%RH)","	80.3","	2026-07-28 14:21:09"
"	69BA0CDE","	Chamber1","	1","	B01??(?)","	4.4","	2026-07-28 14:21:09"
"	69BA0CDE","	Chamber1","	1","	B01??(%RH)","	80.3","	2026-07-28 14:21:07"
"	69BA0CDE","	Chamber1","	1","	B01??(?)","	4.4","	2026-07-28 14:21:07"
"	69BA0CDE","	Chamber1","	1","	B01??(%RH)","	80.3","	2026-07-28 14:21:05"
"	69BA0CDE","	Chamber1","	1","	B01??(?)","	4.4","	2026-07-28 14:21:05"
"	69BA0CDE","	Chamber1","	1","	B01??(%RH)","	80.3","	2026-07-28 14:21:03"
"	69BA0CDE","	Chamber1","	1","	B01??(?)","	4.4","	2026-07-28 14:21:03"
"	69BA0CDE","	Chamber1","	1","	B01??(%RH)","	80.3","	2026-07-28 14:21:01"
"	69BA0CDE","	Chamber1","	1","	B01??(?)","	4.4","	2026-07-28 14:21:01"
"	69BA0CDE","	Chamber1","	1","	B01??(%RH)","	80.3","	2026-07-28 14:20:59"
"	69BA0CDE","	Chamber1","	1","	B01??(?)","	4.4","	2026-07-28 14:20:59"
"	69BA0CDE","	Chamber1","	1","	B01??(%RH)","	80.3","	2026-07-28 14:20:57"
"	69BA0CDE","	Chamber1","	1","	B01??(?)","	4.4","	2026-07-28 14:20:57"
"	69BA0CDE","	Chamber1","	1","	B01??(%RH)","	80.3","	2026-07-28 14:20:55"
"	69BA0CDE","	Chamber1","	1","	B01??(?)","	4.4","	2026-07-28 14:20:55"
"	69BA0CDE","	Chamber1","	1","	B01??(%RH)","	80.3","	2026-07-28 14:20:53"
"	69BA0CDE","	Chamber1","	1","	B01??(?)","	4.4","	2026-07-28 14:20:53"
"	69BA0CDE","	Chamber1","	1","	B01??(%RH)","	80.3","	2026-07-28 14:20:51"
"	69BA0CDE","	Chamber1","	1","	B01??(?)","	4.4","	2026-07-28 14:20:51"
"	69BA0CDE","	Chamber1","	1","	B01??(%RH)","	80.3","	2026-07-28 14:20:49"
"	69BA0CDE","	Chamber1","	1","	B01??(?)","	4.4","	2026-07-28 14:20:49"
"	69BA0CDE","	Chamber1","	1","	B01??(%RH)","	80.3","	2026-07-28 14:20:46"
"	69BA0CDE","	Chamber1","	1","	B01??(?)","	4.4","	2026-07-28 14:20:46"
"	69BA0CDE","	Chamber1","	1","	B01??(%RH)","	80.3","	2026-07-28 14:20:44"
"	69BA0CDE","	Chamber1","	1","	B01??(?)","	4.4","	2026-07-28 14:20:44"
"	69BA0CDE","	Chamber1","	1","	B01??(%RH)","	80.3","	2026-07-28 14:20:42"
"	69BA0CDE","	Chamber1","	1","	B01??(?)","	4.4","	2026-07-28 14:20:42"
"	69BA0CDE","	Chamber1","	1","	B01??(%RH)","	80.3","	2026-07-28 14:20:40"
"	69BA0CDE","	Chamber1","	1","	B01??(?)","	4.4","	2026-07-28 14:20:40"
"	69BA0CDE","	Chamber1","	1","	B01??(%RH)","	80.3","	2026-07-28 14:20:38"
"	69BA0CDE","	Chamber1","	1","	B01??(?)","	4.4","	2026-07-28 14:20:38"
"	69BA0CDE","	Chamber1","	1","	B01??(%RH)","	80.3","	2026-07-28 14:20:36"
"	69BA0CDE","	Chamber1","	1","	B01??(?)","	4.4","	2026-07-28 14:20:36"
"	69BA0CDE","	Chamber1","	1","	B01??(%RH)","	80.3","	2026-07-28 14:20:34"
"	69BA0CDE","	Chamber1","	1","	B01??(?)","	4.4","	2026-07-28 14:20:34"
"	69BA0CDE","	Chamber1","	1","	B01??(%RH)","	80.3","	2026-07-28 14:20:32"
"	69BA0CDE","	Chamber1","	1","	B01??(?)","	4.4","	2026-07-28 14:20:32"
"	69BA0CDE","	Chamber1","	1","	B01??(%RH)","	80.3","	2026-07-28 14:20:30"
"	69BA0CDE","	Chamber1","	1","	B01??(?)","	4.4","	2026-07-28 14:20:30"
"	69BA0CDE","	Chamber1","	1","	B01??(%RH)","	80.3","	2026-07-28 14:20:28"
"	69BA0CDE","	Chamber1","	1","	B01??(?)","	4.4","	2026-07-28 14:20:28"
"	69BA0CDE","	Chamber1","	1","	B01??(%RH)","	80.3","	2026-07-28 14:20:26"
"	69BA0CDE","	Chamber1","	1","	B01??(?)","	4.4","	2026-07-28 14:20:26"
"	69BA0CDE","	Chamber1","	1","	B01??(%RH)","	80.3","	2026-07-28 14:20:24"
"	69BA0CDE","	Chamber1","	1","	B01??(?)","	4.4","	2026-07-28 14:20:24"
"	69BA0CDE","	Chamber1","	1","	B01??(%RH)","	80.3","	2026-07-28 14:20:22"
"	69BA0CDE","	Chamber1","	1","	B01??(?)","	4.4","	2026-07-28 14:20:22"
"	69BA0CDE","	Chamber1","	1","	B01??(%RH)","	80.3","	2026-07-28 14:20:20"
"	69BA0CDE","	Chamber1","	1","	B01??(?)","	4.4","	2026-07-28 14:20:20"
"	69BA0CDE","	Chamber1","	1","	B01??(%RH)","	80.3","	2026-07-28 14:20:18"
"	69BA0CDE","	Chamber1","	1","	B01??(?)","	4.4","	2026-07-28 14:20:18"
"	69BA0CDE","	Chamber1","	1","	B01??(%RH)","	80.3","	2026-07-28 14:20:16"
"	69BA0CDE","	Chamber1","	1","	B01??(?)","	4.4","	2026-07-28 14:20:16"
"	69BA0CDE","	Chamber1","	1","	B01??(%RH)","	80.3","	2026-07-28 14:20:14"
"	69BA0CDE","	Chamber1","	1","	B01??(?)","	4.4","	2026-07-28 14:20:14"
"	69BA0CDE","	Chamber1","	1","	B01??(%RH)","	80.3","	2026-07-28 14:20:12"
"	69BA0CDE","	Chamber1","	1","	B01??(?)","	4.4","	2026-07-28 14:20:12"
"	69BA0CDE","	Chamber1","	1","	B01??(%RH)","	80.3","	2026-07-28 14:20:10"
"	69BA0CDE","	Chamber1","	1","	B01??(?)","	4.4","	2026-07-28 14:20:10"
"	69BA0CDE","	Chamber1","	1","	B01??(%RH)","	80.3","	2026-07-28 14:20:08"
"	69BA0CDE","	Chamber1","	1","	B01??(?)","	4.4","	2026-07-28 14:20:08"
"	69BA0CDE","	Chamber1","	1","	B01??(%RH)","	80.3","	2026-07-28 14:20:06"
"	69BA0CDE","	Chamber1","	1","	B01??(?)","	4.4","	2026-07-28 14:20:06"
"	69BA0CDE","	Chamber1","	1","	B01??(%RH)","	80.3","	2026-07-28 14:20:03"
"	69BA0CDE","	Chamber1","	1","	B01??(?)","	4.4","	2026-07-28 14:20:03"
"	69BA0CDE","	Chamber1","	1","	B01??(%RH)","	80.3","	2026-07-28 14:20:01"
"	69BA0CDE","	Chamber1","	1","	B01??(?)","	4.4","	2026-07-28 14:20:01"
"	69BA0CDE","	Chamber1","	1","	B01??(%RH)","	80.3","	2026-07-28 14:19:59"
"	69BA0CDE","	Chamber1","	1","	B01??(?)","	4.4","	2026-07-28 14:19:59"
"	69BA0CDE","	Chamber1","	1","	B01??(%RH)","	80.3","	2026-07-28 14:19:57"
"	69BA0CDE","	Chamber1","	1","	B01??(?)","	4.4","	2026-07-28 14:19:57"
"	69BA0CDE","	Chamber1","	1","	B01??(%RH)","	80.3","	2026-07-28 14:19:55"
"	69BA0CDE","	Chamber1","	1","	B01??(?)","	4.4","	2026-07-28 14:19:55"
"	69BA0CDE","	Chamber1","	1","	B01??(%RH)","	80.3","	2026-07-28 14:19:53"
"	69BA0CDE","	Chamber1","	1","	B01??(?)","	4.4","	2026-07-28 14:19:53"
"	69BA0CDE","	Chamber1","	1","	B01??(%RH)","	80.3","	2026-07-28 14:19:51"
"	69BA0CDE","	Chamber1","	1","	B01??(?)","	4.4","	2026-07-28 14:19:51"
"	69BA0CDE","	Chamber1","	1","	B01??(%RH)","	80.3","	2026-07-28 14:19:49"
"	69BA0CDE","	Chamber1","	1","	B01??(?)","	4.4","	2026-07-28 14:19:49"
"	69BA0CDE","	Chamber1","	1","	B01??(%RH)","	80.3","	2026-07-28 14:19:47"
"	69BA0CDE","	Chamber1","	1","	B01??(?)","	4.4","	2026-07-28 14:19:47"
"	69BA0CDE","	Chamber1","	1","	B01??(%RH)","	80.3","	2026-07-28 14:19:45"
"	69BA0CDE","	Chamber1","	1","	B01??(?)","	4.4","	2026-07-28 14:19:45"
"	69BA0CDE","	Chamber1","	1","	B01??(%RH)","	80.3","	2026-07-28 14:19:43"
"	69BA0CDE","	Chamber1","	1","	B01??(?)","	4.4","	2026-07-28 14:19:43"
"	69BA0CDE","	Chamber1","	1","	B01??(%RH)","	80.3","	2026-07-28 14:19:41"
"	69BA0CDE","	Chamber1","	1","	B01??(?)","	4.4","	2026-07-28 14:19:41"
"	69BA0CDE","	Chamber1","	1","	B01??(%RH)","	80.3","	2026-07-28 14:19:39"
"	69BA0CDE","	Chamber1","	1","	B01??(?)","	4.4","	2026-07-28 14:19:39"
"	69BA0CDE","	Chamber1","	1","	B01??(%RH)","	80.3","	2026-07-28 14:19:37"
"	69BA0CDE","	Chamber1","	1","	B01??(?)","	4.4","	2026-07-28 14:19:37"
"	69BA0CDE","	Chamber1","	1","	B01??(%RH)","	80.3","	2026-07-28 14:19:35"
"	69BA0CDE","	Chamber1","	1","	B01??(?)","	4.4","	2026-07-28 14:19:35"
"	69BA0CDE","	Chamber1","	1","	B01??(%RH)","	80.3","	2026-07-28 14:19:33"
"	69BA0CDE","	Chamber1","	1","	B01??(?)","	4.4","	2026-07-28 14:19:33"
"	69BA0CDE","	Chamber1","	1","	B01??(%RH)","	80.3","	2026-07-28 14:19:31"
"	69BA0CDE","	Chamber1","	1","	B01??(?)","	4.4","	2026-07-28 14:19:31"
"	69BA0CDE","	Chamber1","	1","	B01??(%RH)","	80.3","	2026-07-28 14:19:29"
"	69BA0CDE","	Chamber1","	1","	B01??(?)","	4.4","	2026-07-28 14:19:29"
"	69BA0CDE","	Chamber1","	1","	B01??(%RH)","	80.3","	2026-07-28 14:19:27"
"	69BA0CDE","	Chamber1","	1","	B01??(?)","	4.4","	2026-07-28 14:19:27"
"	69BA0CDE","	Chamber1","	1","	B01??(%RH)","	80.3","	2026-07-28 14:19:25"
"	69BA0CDE","	Chamber1","	1","	B01??(?)","	4.4","	2026-07-28 14:19:25"
"	69BA0CDE","	Chamber1","	1","	B01??(%RH)","	80.3","	2026-07-28 14:19:22"
"	69BA0CDE","	Chamber1","	1","	B01??(?)","	4.4","	2026-07-28 14:19:22"
"	69BA0CDE","	Chamber1","	1","	B01??(%RH)","	80.3","	2026-07-28 14:19:20"
"	69BA0CDE","	Chamber1","	1","	B01??(?)","	4.4","	2026-07-28 14:19:20"
"	69BA0CDE","	Chamber1","	1","	B01??(%RH)","	80.3","	2026-07-28 14:19:18"
"	69BA0CDE","	Chamber1","	1","	B01??(?)","	4.4","	2026-07-28 14:19:18"
"	69BA0CDE","	Chamber1","	1","	B01??(%RH)","	80.3","	2026-07-28 14:19:16"
"	69BA0CDE","	Chamber1","	1","	B01??(?)","	4.4","	2026-07-28 14:19:16"
"	69BA0CDE","	Chamber1","	1","	B01??(%RH)","	80.3","	2026-07-28 14:19:14"
"	69BA0CDE","	Chamber1","	1","	B01??(?)","	4.4","	2026-07-28 14:19:14"
"	69BA0CDE","	Chamber1","	1","	B01??(%RH)","	80.3","	2026-07-28 14:19:12"
"	69BA0CDE","	Chamber1","	1","	B01??(?)","	4.4","	2026-07-28 14:19:12"
"	69BA0CDE","	Chamber1","	1","	B01??(%RH)","	80.3","	2026-07-28 14:19:10"
"	69BA0CDE","	Chamber1","	1","	B01??(?)","	4.4","	2026-07-28 14:19:10"
"	69BA0CDE","	Chamber1","	1","	B01??(%RH)","	80.3","	2026-07-28 14:19:08"
"	69BA0CDE","	Chamber1","	1","	B01??(?)","	4.4","	2026-07-28 14:19:08"
"	69BA0CDE","	Chamber1","	1","	B01??(%RH)","	80.3","	2026-07-28 14:19:06"
"	69BA0CDE","	Chamber1","	1","	B01??(?)","	4.4","	2026-07-28 14:19:06"
"	69BA0CDE","	Chamber1","	1","	B01??(%RH)","	80.3","	2026-07-28 14:19:04"
"	69BA0CDE","	Chamber1","	1","	B01??(?)","	4.4","	2026-07-28 14:19:04"
"	69BA0CDE","	Chamber1","	1","	B01??(%RH)","	80.3","	2026-07-28 14:19:02"
"	69BA0CDE","	Chamber1","	1","	B01??(?)","	4.4","	2026-07-28 14:19:02"
"	69BA0CDE","	Chamber1","	1","	B01??(%RH)","	80.3","	2026-07-28 14:19:00"
"	69BA0CDE","	Chamber1","	1","	B01??(?)","	4.4","	2026-07-28 14:19:00"
"	69BA0CDE","	Chamber1","	1","	B01??(%RH)","	80.3","	2026-07-28 14:18:58"
"	69BA0CDE","	Chamber1","	1","	B01??(?)","	4.4","	2026-07-28 14:18:58"
"	69BA0CDE","	Chamber1","	1","	B01??(%RH)","	80.3","	2026-07-28 14:18:56"
"	69BA0CDE","	Chamber1","	1","	B01??(?)","	4.4","	2026-07-28 14:18:56"
"	69BA0CDE","	Chamber1","	1","	B01??(%RH)","	80.3","	2026-07-28 14:18:54"
"	69BA0CDE","	Chamber1","	1","	B01??(?)","	4.4","	2026-07-28 14:18:54"
"	69BA0CDE","	Chamber1","	1","	B01??(%RH)","	80.3","	2026-07-28 14:18:52"
"	69BA0CDE","	Chamber1","	1","	B01??(?)","	4.4","	2026-07-28 14:18:52"
"	69BA0CDE","	Chamber1","	1","	B01??(%RH)","	80.3","	2026-07-28 14:18:50"
"	69BA0CDE","	Chamber1","	1","	B01??(?)","	4.4","	2026-07-28 14:18:50"
"	69BA0CDE","	Chamber1","	1","	B01??(%RH)","	80.3","	2026-07-28 14:18:48"
"	69BA0CDE","	Chamber1","	1","	B01??(?)","	4.4","	2026-07-28 14:18:48"
"	69BA0CDE","	Chamber1","	1","	B01??(%RH)","	80.3","	2026-07-28 14:18:46"
"	69BA0CDE","	Chamber1","	1","	B01??(?)","	4.4","	2026-07-28 14:18:46"
"	69BA0CDE","	Chamber1","	1","	B01??(%RH)","	80.3","	2026-07-28 14:18:44"
"	69BA0CDE","	Chamber1","	1","	B01??(?)","	4.4","	2026-07-28 14:18:44"
"	69BA0CDE","	Chamber1","	1","	B01??(%RH)","	80.3","	2026-07-28 14:18:42"
"	69BA0CDE","	Chamber1","	1","	B01??(?)","	4.4","	2026-07-28 14:18:42"
"	69BA0CDE","	Chamber1","	1","	B01??(%RH)","	80.3","	2026-07-28 14:18:39"
"	69BA0CDE","	Chamber1","	1","	B01??(?)","	4.4","	2026-07-28 14:18:39"
"	69BA0CDE","	Chamber1","	1","	B01??(%RH)","	80.3","	2026-07-28 14:18:37"
"	69BA0CDE","	Chamber1","	1","	B01??(?)","	4.4","	2026-07-28 14:18:37"
"	69BA0CDE","	Chamber1","	1","	B01??(%RH)","	80.3","	2026-07-28 14:18:35"
"	69BA0CDE","	Chamber1","	1","	B01??(?)","	4.4","	2026-07-28 14:18:35"
"	69BA0CDE","	Chamber1","	1","	B01??(%RH)","	80.3","	2026-07-28 14:18:33"
"	69BA0CDE","	Chamber1","	1","	B01??(?)","	4.4","	2026-07-28 14:18:33"
"	69BA0CDE","	Chamber1","	1","	B01??(%RH)","	80.3","	2026-07-28 14:18:31"
"	69BA0CDE","	Chamber1","	1","	B01??(?)","	4.4","	2026-07-28 14:18:31"
"	69BA0CDE","	Chamber1","	1","	B01??(%RH)","	80.3","	2026-07-28 14:18:29"
"	69BA0CDE","	Chamber1","	1","	B01??(?)","	4.4","	2026-07-28 14:18:29"
"	69BA0CDE","	Chamber1","	1","	B01??(%RH)","	80.3","	2026-07-28 14:18:27"
"	69BA0CDE","	Chamber1","	1","	B01??(?)","	4.4","	2026-07-28 14:18:27"
"	69BA0CDE","	Chamber1","	1","	B01??(%RH)","	80.3","	2026-07-28 14:18:25"
"	69BA0CDE","	Chamber1","	1","	B01??(?)","	4.4","	2026-07-28 14:18:25"
"	69BA0CDE","	Chamber1","	1","	B01??(%RH)","	80.3","	2026-07-28 14:18:23"
"	69BA0CDE","	Chamber1","	1","	B01??(?)","	4.4","	2026-07-28 14:18:23"
"	69BA0CDE","	Chamber1","	1","	B01??(%RH)","	80.3","	2026-07-28 14:18:21"
"	69BA0CDE","	Chamber1","	1","	B01??(?)","	4.4","	2026-07-28 14:18:21"
"	69BA0CDE","	Chamber1","	1","	B01??(%RH)","	80.3","	2026-07-28 14:18:19"
"	69BA0CDE","	Chamber1","	1","	B01??(?)","	4.4","	2026-07-28 14:18:19"
"	69BA0CDE","	Chamber1","	1","	B01??(%RH)","	80.3","	2026-07-28 14:18:17"
"	69BA0CDE","	Chamber1","	1","	B01??(?)","	4.4","	2026-07-28 14:18:17"
"	69BA0CDE","	Chamber1","	1","	B01??(%RH)","	80.3","	2026-07-28 14:18:15"
"	69BA0CDE","	Chamber1","	1","	B01??(?)","	4.4","	2026-07-28 14:18:15"
"	69BA0CDE","	Chamber1","	1","	B01??(%RH)","	80.4","	2026-07-28 14:18:13"
"	69BA0CDE","	Chamber1","	1","	B01??(?)","	4.4","	2026-07-28 14:18:13"
"	69BA0CDE","	Chamber1","	1","	B01??(%RH)","	80.3","	2026-07-28 14:18:11"
"	69BA0CDE","	Chamber1","	1","	B01??(?)","	4.4","	2026-07-28 14:18:11"
"	69BA0CDE","	Chamber1","	1","	B01??(%RH)","	80.3","	2026-07-28 14:18:09"
"	69BA0CDE","	Chamber1","	1","	B01??(?)","	4.4","	2026-07-28 14:18:09"
"	69BA0CDE","	Chamber1","	1","	B01??(%RH)","	80.3","	2026-07-28 14:18:07"
"	69BA0CDE","	Chamber1","	1","	B01??(?)","	4.4","	2026-07-28 14:18:07"
"	69BA0CDE","	Chamber1","	1","	B01??(%RH)","	80.3","	2026-07-28 14:18:05"
"	69BA0CDE","	Chamber1","	1","	B01??(?)","	4.4","	2026-07-28 14:18:05"
"	69BA0CDE","	Chamber1","	1","	B01??(%RH)","	80.3","	2026-07-28 14:18:03"
"	69BA0CDE","	Chamber1","	1","	B01??(?)","	4.4","	2026-07-28 14:18:03"
"	69BA0CDE","	Chamber1","	1","	B01??(%RH)","	80.3","	2026-07-28 14:18:01"
"	69BA0CDE","	Chamber1","	1","	B01??(?)","	4.4","	2026-07-28 14:18:01"
"	69BA0CDE","	Chamber1","	1","	B01??(%RH)","	80.3","	2026-07-28 14:17:58"
"	69BA0CDE","	Chamber1","	1","	B01??(?)","	4.4","	2026-07-28 14:17:58"
"	69BA0CDE","	Chamber1","	1","	B01??(%RH)","	80.3","	2026-07-28 14:17:56"
"	69BA0CDE","	Chamber1","	1","	B01??(?)","	4.4","	2026-07-28 14:17:56"
"	69BA0CDE","	Chamber1","	1","	B01??(%RH)","	80.3","	2026-07-28 14:17:54"
"	69BA0CDE","	Chamber1","	1","	B01??(?)","	4.4","	2026-07-28 14:17:54"
"	69BA0CDE","	Chamber1","	1","	B01??(%RH)","	80.3","	2026-07-28 14:17:52"
"	69BA0CDE","	Chamber1","	1","	B01??(?)","	4.4","	2026-07-28 14:17:52"
"	69BA0CDE","	Chamber1","	1","	B01??(%RH)","	80.3","	2026-07-28 14:17:50"
"	69BA0CDE","	Chamber1","	1","	B01??(?)","	4.4","	2026-07-28 14:17:50"
"	69BA0CDE","	Chamber1","	1","	B01??(%RH)","	80.3","	2026-07-28 14:17:48"
"	69BA0CDE","	Chamber1","	1","	B01??(?)","	4.4","	2026-07-28 14:17:48"
"	69BA0CDE","	Chamber1","	1","	B01??(%RH)","	80.3","	2026-07-28 14:17:46"
"	69BA0CDE","	Chamber1","	1","	B01??(?)","	4.4","	2026-07-28 14:17:46"
"	69BA0CDE","	Chamber1","	1","	B01??(%RH)","	80.3","	2026-07-28 14:17:44"
"	69BA0CDE","	Chamber1","	1","	B01??(?)","	4.4","	2026-07-28 14:17:44"
"	69BA0CDE","	Chamber1","	1","	B01??(%RH)","	80.3","	2026-07-28 14:17:42"
"	69BA0CDE","	Chamber1","	1","	B01??(?)","	4.4","	2026-07-28 14:17:42"
"	69BA0CDE","	Chamber1","	1","	B01??(%RH)","	80.3","	2026-07-28 14:17:40"
"	69BA0CDE","	Chamber1","	1","	B01??(?)","	4.4","	2026-07-28 14:17:40"
"	69BA0CDE","	Chamber1","	1","	B01??(%RH)","	80.3","	2026-07-28 14:17:38"
"	69BA0CDE","	Chamber1","	1","	B01??(?)","	4.4","	2026-07-28 14:17:38"
"	69BA0CDE","	Chamber1","	1","	B01??(%RH)","	80.3","	2026-07-28 14:17:36"
"	69BA0CDE","	Chamber1","	1","	B01??(?)","	4.4","	2026-07-28 14:17:36"
"	69BA0CDE","	Chamber1","	1","	B01??(%RH)","	80.3","	2026-07-28 14:17:34"
"	69BA0CDE","	Chamber1","	1","	B01??(?)","	4.4","	2026-07-28 14:17:34"
"	69BA0CDE","	Chamber1","	1","	B01??(%RH)","	80.3","	2026-07-28 14:17:32"
"	69BA0CDE","	Chamber1","	1","	B01??(?)","	4.4","	2026-07-28 14:17:32"
"	69BA0CDE","	Chamber1","	1","	B01??(%RH)","	80.3","	2026-07-28 14:17:30"
"	69BA0CDE","	Chamber1","	1","	B01??(?)","	4.4","	2026-07-28 14:17:30"
"	69BA0CDE","	Chamber1","	1","	B01??(%RH)","	80.3","	2026-07-28 14:17:28"
"	69BA0CDE","	Chamber1","	1","	B01??(?)","	4.4","	2026-07-28 14:17:28"
"	69BA0CDE","	Chamber1","	1","	B01??(%RH)","	80.3","	2026-07-28 14:17:26"
"	69BA0CDE","	Chamber1","	1","	B01??(?)","	4.4","	2026-07-28 14:17:26"
"	69BA0CDE","	Chamber1","	1","	B01??(%RH)","	80.3","	2026-07-28 14:17:24"
"	69BA0CDE","	Chamber1","	1","	B01??(?)","	4.4","	2026-07-28 14:17:24"
"	69BA0CDE","	Chamber1","	1","	B01??(%RH)","	80.3","	2026-07-28 14:17:22"
"	69BA0CDE","	Chamber1","	1","	B01??(?)","	4.4","	2026-07-28 14:17:22"
"	69BA0CDE","	Chamber1","	1","	B01??(%RH)","	80.3","	2026-07-28 14:17:20"
"	69BA0CDE","	Chamber1","	1","	B01??(?)","	4.4","	2026-07-28 14:17:20"
"	69BA0CDE","	Chamber1","	1","	B01??(%RH)","	80.3","	2026-07-28 14:17:18"
"	69BA0CDE","	Chamber1","	1","	B01??(?)","	4.4","	2026-07-28 14:17:18"
"	69BA0CDE","	Chamber1","	1","	B01??(%RH)","	80.3","	2026-07-28 14:17:15"
"	69BA0CDE","	Chamber1","	1","	B01??(?)","	4.4","	2026-07-28 14:17:15"
"	69BA0CDE","	Chamber1","	1","	B01??(%RH)","	80.3","	2026-07-28 14:17:13"
"	69BA0CDE","	Chamber1","	1","	B01??(?)","	4.4","	2026-07-28 14:17:13"
"	69BA0CDE","	Chamber1","	1","	B01??(%RH)","	80.3","	2026-07-28 14:17:11"
"	69BA0CDE","	Chamber1","	1","	B01??(?)","	4.4","	2026-07-28 14:17:11"
"	69BA0CDE","	Chamber1","	1","	B01??(%RH)","	80.3","	2026-07-28 14:17:09"
"	69BA0CDE","	Chamber1","	1","	B01??(?)","	4.4","	2026-07-28 14:17:09"
"	69BA0CDE","	Chamber1","	1","	B01??(%RH)","	80.3","	2026-07-28 14:17:07"
"	69BA0CDE","	Chamber1","	1","	B01??(?)","	4.4","	2026-07-28 14:17:07"
"	69BA0CDE","	Chamber1","	1","	B01??(%RH)","	80.3","	2026-07-28 14:17:05"
"	69BA0CDE","	Chamber1","	1","	B01??(?)","	4.4","	2026-07-28 14:17:05"
"	69BA0CDE","	Chamber1","	1","	B01??(%RH)","	80.3","	2026-07-28 14:17:03"
"	69BA0CDE","	Chamber1","	1","	B01??(?)","	4.4","	2026-07-28 14:17:03"
"	69BA0CDE","	Chamber1","	1","	B01??(%RH)","	80.3","	2026-07-28 14:17:01"
"	69BA0CDE","	Chamber1","	1","	B01??(?)","	4.4","	2026-07-28 14:17:01"
"	69BA0CDE","	Chamber1","	1","	B01??(%RH)","	80.3","	2026-07-28 14:16:59"
"	69BA0CDE","	Chamber1","	1","	B01??(?)","	4.4","	2026-07-28 14:16:59"
"	69BA0CDE","	Chamber1","	1","	B01??(%RH)","	80.3","	2026-07-28 14:16:57"
"	69BA0CDE","	Chamber1","	1","	B01??(?)","	4.4","	2026-07-28 14:16:57"
"	69BA0CDE","	Chamber1","	1","	B01??(%RH)","	80.3","	2026-07-28 14:16:55"
"	69BA0CDE","	Chamber1","	1","	B01??(?)","	4.4","	2026-07-28 14:16:55"
"	69BA0CDE","	Chamber1","	1","	B01??(%RH)","	80.3","	2026-07-28 14:16:53"
"	69BA0CDE","	Chamber1","	1","	B01??(?)","	4.4","	2026-07-28 14:16:53"
"	69BA0CDE","	Chamber1","	1","	B01??(%RH)","	80.3","	2026-07-28 14:16:51"
"	69BA0CDE","	Chamber1","	1","	B01??(?)","	4.4","	2026-07-28 14:16:51"
"	69BA0CDE","	Chamber1","	1","	B01??(%RH)","	80.3","	2026-07-28 14:16:49"
"	69BA0CDE","	Chamber1","	1","	B01??(?)","	4.4","	2026-07-28 14:16:49"
"	69BA0CDE","	Chamber1","	1","	B01??(%RH)","	80.3","	2026-07-28 14:16:47"
"	69BA0CDE","	Chamber1","	1","	B01??(?)","	4.4","	2026-07-28 14:16:47"
"	69BA0CDE","	Chamber1","	1","	B01??(%RH)","	80.3","	2026-07-28 14:16:45"
"	69BA0CDE","	Chamber1","	1","	B01??(?)","	4.4","	2026-07-28 14:16:45"
"	69BA0CDE","	Chamber1","	1","	B01??(%RH)","	80.3","	2026-07-28 14:16:43"
"	69BA0CDE","	Chamber1","	1","	B01??(?)","	4.4","	2026-07-28 14:16:43"
"	69BA0CDE","	Chamber1","	1","	B01??(%RH)","	80.3","	2026-07-28 14:16:41"
"	69BA0CDE","	Chamber1","	1","	B01??(?)","	4.4","	2026-07-28 14:16:41"
"	69BA0CDE","	Chamber1","	1","	B01??(%RH)","	80.3","	2026-07-28 14:16:39"
"	69BA0CDE","	Chamber1","	1","	B01??(?)","	4.4","	2026-07-28 14:16:39"
"	69BA0CDE","	Chamber1","	1","	B01??(%RH)","	80.3","	2026-07-28 14:16:37"
"	69BA0CDE","	Chamber1","	1","	B01??(?)","	4.4","	2026-07-28 14:16:37"
"	69BA0CDE","	Chamber1","	1","	B01??(%RH)","	80.3","	2026-07-28 14:16:35"
"	69BA0CDE","	Chamber1","	1","	B01??(?)","	4.4","	2026-07-28 14:16:35"
"	69BA0CDE","	Chamber1","	1","	B01??(%RH)","	80.3","	2026-07-28 14:16:32"
"	69BA0CDE","	Chamber1","	1","	B01??(?)","	4.4","	2026-07-28 14:16:32"
"	69BA0CDE","	Chamber1","	1","	B01??(%RH)","	80.3","	2026-07-28 14:16:30"
"	69BA0CDE","	Chamber1","	1","	B01??(?)","	4.4","	2026-07-28 14:16:30"
"	69BA0CDE","	Chamber1","	1","	B01??(%RH)","	80.3","	2026-07-28 14:16:28"
"	69BA0CDE","	Chamber1","	1","	B01??(?)","	4.4","	2026-07-28 14:16:28"
"	69BA0CDE","	Chamber1","	1","	B01??(%RH)","	80.3","	2026-07-28 14:16:26"
"	69BA0CDE","	Chamber1","	1","	B01??(?)","	4.4","	2026-07-28 14:16:26"
"	69BA0CDE","	Chamber1","	1","	B01??(%RH)","	80.3","	2026-07-28 14:16:24"
"	69BA0CDE","	Chamber1","	1","	B01??(?)","	4.4","	2026-07-28 14:16:24"
"	69BA0CDE","	Chamber1","	1","	B01??(%RH)","	80.3","	2026-07-28 14:16:22"
"	69BA0CDE","	Chamber1","	1","	B01??(?)","	4.4","	2026-07-28 14:16:22"
"	69BA0CDE","	Chamber1","	1","	B01??(%RH)","	80.3","	2026-07-28 14:16:20"
"	69BA0CDE","	Chamber1","	1","	B01??(?)","	4.4","	2026-07-28 14:16:20"
"	69BA0CDE","	Chamber1","	1","	B01??(%RH)","	80.3","	2026-07-28 14:16:18"
"	69BA0CDE","	Chamber1","	1","	B01??(?)","	4.4","	2026-07-28 14:16:18"
"	69BA0CDE","	Chamber1","	1","	B01??(%RH)","	80.3","	2026-07-28 14:16:16"
"	69BA0CDE","	Chamber1","	1","	B01??(?)","	4.4","	2026-07-28 14:16:16"
"	69BA0CDE","	Chamber1","	1","	B01??(%RH)","	80.3","	2026-07-28 14:16:14"
"	69BA0CDE","	Chamber1","	1","	B01??(?)","	4.4","	2026-07-28 14:16:14"
"	69BA0CDE","	Chamber1","	1","	B01??(%RH)","	80.3","	2026-07-28 14:16:12"
"	69BA0CDE","	Chamber1","	1","	B01??(?)","	4.4","	2026-07-28 14:16:12"
"	69BA0CDE","	Chamber1","	1","	B01??(?)","	4.4","	2026-07-28 14:16:10"
"	69BA0CDE","	Chamber1","	1","	B01??(%RH)","	80.3","	2026-07-28 14:16:10"
"	69BA0CDE","	Chamber1","	1","	B01??(%RH)","	80.3","	2026-07-28 14:16:08"
"	69BA0CDE","	Chamber1","	1","	B01??(?)","	4.3","	2026-07-28 14:16:08"
"	69BA0CDE","	Chamber1","	1","	B01??(%RH)","	80.3","	2026-07-28 14:16:06"
"	69BA0CDE","	Chamber1","	1","	B01??(?)","	4.4","	2026-07-28 14:16:06"
"	69BA0CDE","	Chamber1","	1","	B01??(%RH)","	80.3","	2026-07-28 14:16:04"
"	69BA0CDE","	Chamber1","	1","	B01??(?)","	4.4","	2026-07-28 14:16:04"
"	69BA0CDE","	Chamber1","	1","	B01??(%RH)","	80.3","	2026-07-28 14:16:02"
"	69BA0CDE","	Chamber1","	1","	B01??(?)","	4.4","	2026-07-28 14:16:02"
"	69BA0CDE","	Chamber1","	1","	B01??(%RH)","	80.3","	2026-07-28 14:16:00"
"	69BA0CDE","	Chamber1","	1","	B01??(?)","	4.4","	2026-07-28 14:16:00"
"	69BA0CDE","	Chamber1","	1","	B01??(%RH)","	80.3","	2026-07-28 14:15:58"
"	69BA0CDE","	Chamber1","	1","	B01??(?)","	4.4","	2026-07-28 14:15:58"
"	69BA0CDE","	Chamber1","	1","	B01??(%RH)","	80.3","	2026-07-28 14:15:56"
"	69BA0CDE","	Chamber1","	1","	B01??(?)","	4.4","	2026-07-28 14:15:56"
"	69BA0CDE","	Chamber1","	1","	B01??(%RH)","	80.3","	2026-07-28 14:15:54"
"	69BA0CDE","	Chamber1","	1","	B01??(?)","	4.4","	2026-07-28 14:15:54"
"	69BA0CDE","	Chamber1","	1","	B01??(%RH)","	80.3","	2026-07-28 14:15:52"
"	69BA0CDE","	Chamber1","	1","	B01??(?)","	4.4","	2026-07-28 14:15:52"
"	69BA0CDE","	Chamber1","	1","	B01??(%RH)","	80.3","	2026-07-28 14:15:49"
"	69BA0CDE","	Chamber1","	1","	B01??(?)","	4.4","	2026-07-28 14:15:49"
"	69BA0CDE","	Chamber1","	1","	B01??(%RH)","	80.3","	2026-07-28 14:15:47"
"	69BA0CDE","	Chamber1","	1","	B01??(?)","	4.4","	2026-07-28 14:15:47"
"	69BA0CDE","	Chamber1","	1","	B01??(%RH)","	80.3","	2026-07-28 14:15:45"
"	69BA0CDE","	Chamber1","	1","	B01??(?)","	4.4","	2026-07-28 14:15:45"
"	69BA0CDE","	Chamber1","	1","	B01??(%RH)","	80.3","	2026-07-28 14:15:43"
"	69BA0CDE","	Chamber1","	1","	B01??(?)","	4.4","	2026-07-28 14:15:43"
"	69BA0CDE","	Chamber1","	1","	B01??(?)","	4.4","	2026-07-28 14:15:41"
"	69BA0CDE","	Chamber1","	1","	B01??(%RH)","	80.3","	2026-07-28 14:15:41"
"	69BA0CDE","	Chamber1","	1","	B01??(%RH)","	80.3","	2026-07-28 14:15:39"
"	69BA0CDE","	Chamber1","	1","	B01??(?)","	4.3","	2026-07-28 14:15:39"
"	69BA0CDE","	Chamber1","	1","	B01??(%RH)","	80.3","	2026-07-28 14:15:37"
"	69BA0CDE","	Chamber1","	1","	B01??(?)","	4.3","	2026-07-28 14:15:37"
"	69BA0CDE","	Chamber1","	1","	B01??(%RH)","	80.3","	2026-07-28 14:15:35"
"	69BA0CDE","	Chamber1","	1","	B01??(?)","	4.4","	2026-07-28 14:15:35"
"	69BA0CDE","	Chamber1","	1","	B01??(%RH)","	80.3","	2026-07-28 14:15:33"
"	69BA0CDE","	Chamber1","	1","	B01??(?)","	4.4","	2026-07-28 14:15:33"
"	69BA0CDE","	Chamber1","	1","	B01??(%RH)","	80.3","	2026-07-28 14:15:31"
"	69BA0CDE","	Chamber1","	1","	B01??(?)","	4.4","	2026-07-28 14:15:31"
"	69BA0CDE","	Chamber1","	1","	B01??(%RH)","	80.3","	2026-07-28 14:15:29"
"	69BA0CDE","	Chamber1","	1","	B01??(?)","	4.3","	2026-07-28 14:15:29"
"	69BA0CDE","	Chamber1","	1","	B01??(%RH)","	80.3","	2026-07-28 14:15:27"
"	69BA0CDE","	Chamber1","	1","	B01??(?)","	4.4","	2026-07-28 14:15:27"
"	69BA0CDE","	Chamber1","	1","	B01??(%RH)","	80.3","	2026-07-28 14:15:25"
"	69BA0CDE","	Chamber1","	1","	B01??(?)","	4.4","	2026-07-28 14:15:25"
"	69BA0CDE","	Chamber1","	1","	B01??(%RH)","	80.3","	2026-07-28 14:15:23"
"	69BA0CDE","	Chamber1","	1","	B01??(?)","	4.3","	2026-07-28 14:15:23"
"	69BA0CDE","	Chamber1","	1","	B01??(%RH)","	80.3","	2026-07-28 14:15:21"
"	69BA0CDE","	Chamber1","	1","	B01??(?)","	4.3","	2026-07-28 14:15:21"
"	69BA0CDE","	Chamber1","	1","	B01??(%RH)","	80.3","	2026-07-28 14:15:19"
"	69BA0CDE","	Chamber1","	1","	B01??(?)","	4.4","	2026-07-28 14:15:19"
"	69BA0CDE","	Chamber1","	1","	B01??(%RH)","	80.3","	2026-07-28 14:15:17"
"	69BA0CDE","	Chamber1","	1","	B01??(?)","	4.4","	2026-07-28 14:15:17"
"	69BA0CDE","	Chamber1","	1","	B01??(%RH)","	80.3","	2026-07-28 14:15:15"
"	69BA0CDE","	Chamber1","	1","	B01??(?)","	4.4","	2026-07-28 14:15:15"
"	69BA0CDE","	Chamber1","	1","	B01??(%RH)","	80.3","	2026-07-28 14:15:13"
"	69BA0CDE","	Chamber1","	1","	B01??(?)","	4.3","	2026-07-28 14:15:13"
"	69BA0CDE","	Chamber1","	1","	B01??(%RH)","	80.4","	2026-07-28 14:15:11"
"	69BA0CDE","	Chamber1","	1","	B01??(?)","	4.4","	2026-07-28 14:15:11"
"	69BA0CDE","	Chamber1","	1","	B01??(%RH)","	80.3","	2026-07-28 14:15:08"
"	69BA0CDE","	Chamber1","	1","	B01??(?)","	4.3","	2026-07-28 14:15:08"
"	69BA0CDE","	Chamber1","	1","	B01??(%RH)","	80.3","	2026-07-28 14:15:06"
"	69BA0CDE","	Chamber1","	1","	B01??(?)","	4.4","	2026-07-28 14:15:06"
"	69BA0CDE","	Chamber1","	1","	B01??(%RH)","	80.3","	2026-07-28 14:15:04"
"	69BA0CDE","	Chamber1","	1","	B01??(?)","	4.3","	2026-07-28 14:15:04"
"	69BA0CDE","	Chamber1","	1","	B01??(%RH)","	80.3","	2026-07-28 14:15:02"
"	69BA0CDE","	Chamber1","	1","	B01??(?)","	4.3","	2026-07-28 14:15:02"
"	69BA0CDE","	Chamber1","	1","	B01??(%RH)","	80.3","	2026-07-28 14:15:00"
"	69BA0CDE","	Chamber1","	1","	B01??(?)","	4.3","	2026-07-28 14:15:00"
"	69BA0CDE","	Chamber1","	1","	B01??(%RH)","	80.3","	2026-07-28 14:14:58"
"	69BA0CDE","	Chamber1","	1","	B01??(?)","	4.4","	2026-07-28 14:14:58"
"	69BA0CDE","	Chamber1","	1","	B01??(%RH)","	80.3","	2026-07-28 14:14:56"
"	69BA0CDE","	Chamber1","	1","	B01??(?)","	4.4","	2026-07-28 14:14:56"
"	69BA0CDE","	Chamber1","	1","	B01??(%RH)","	80.3","	2026-07-28 14:14:54"
"	69BA0CDE","	Chamber1","	1","	B01??(?)","	4.3","	2026-07-28 14:14:54"
"	69BA0CDE","	Chamber1","	1","	B01??(%RH)","	80.3","	2026-07-28 14:14:52"
"	69BA0CDE","	Chamber1","	1","	B01??(?)","	4.3","	2026-07-28 14:14:52"
"	69BA0CDE","	Chamber1","	1","	B01??(%RH)","	80.3","	2026-07-28 14:14:50"
"	69BA0CDE","	Chamber1","	1","	B01??(?)","	4.3","	2026-07-28 14:14:50"
"	69BA0CDE","	Chamber1","	1","	B01??(%RH)","	80.3","	2026-07-28 14:14:48"
"	69BA0CDE","	Chamber1","	1","	B01??(?)","	4.3","	2026-07-28 14:14:48"
"	69BA0CDE","	Chamber1","	1","	B01??(%RH)","	80.3","	2026-07-28 14:14:46"
"	69BA0CDE","	Chamber1","	1","	B01??(?)","	4.3","	2026-07-28 14:14:46"
"	69BA0CDE","	Chamber1","	1","	B01??(%RH)","	80.3","	2026-07-28 14:14:44"
"	69BA0CDE","	Chamber1","	1","	B01??(?)","	4.4","	2026-07-28 14:14:44"
"	69BA0CDE","	Chamber1","	1","	B01??(%RH)","	80.3","	2026-07-28 14:14:42"
"	69BA0CDE","	Chamber1","	1","	B01??(?)","	4.3","	2026-07-28 14:14:42"
"	69BA0CDE","	Chamber1","	1","	B01??(%RH)","	80.3","	2026-07-28 14:14:40"
"	69BA0CDE","	Chamber1","	1","	B01??(?)","	4.3","	2026-07-28 14:14:40"
"	69BA0CDE","	Chamber1","	1","	B01??(%RH)","	80.3","	2026-07-28 14:14:38"
"	69BA0CDE","	Chamber1","	1","	B01??(?)","	4.3","	2026-07-28 14:14:38"
"	69BA0CDE","	Chamber1","	1","	B01??(%RH)","	80.3","	2026-07-28 14:14:36"
"	69BA0CDE","	Chamber1","	1","	B01??(?)","	4.3","	2026-07-28 14:14:36"
"	69BA0CDE","	Chamber1","	1","	B01??(%RH)","	80.3","	2026-07-28 14:14:34"
"	69BA0CDE","	Chamber1","	1","	B01??(?)","	4.3","	2026-07-28 14:14:34"
"	69BA0CDE","	Chamber1","	1","	B01??(?)","	4.3","	2026-07-28 14:14:32"
"	69BA0CDE","	Chamber1","	1","	B01??(%RH)","	80.3","	2026-07-28 14:14:32"
"	69BA0CDE","	Chamber1","	1","	B01??(%RH)","	80.3","	2026-07-28 14:14:30"
"	69BA0CDE","	Chamber1","	1","	B01??(?)","	4.4","	2026-07-28 14:14:30"
"	69BA0CDE","	Chamber1","	1","	B01??(%RH)","	80.3","	2026-07-28 14:14:28"
"	69BA0CDE","	Chamber1","	1","	B01??(?)","	4.3","	2026-07-28 14:14:28"
"	69BA0CDE","	Chamber1","	1","	B01??(%RH)","	80.3","	2026-07-28 14:14:25"
"	69BA0CDE","	Chamber1","	1","	B01??(?)","	4.4","	2026-07-28 14:14:25"
"	69BA0CDE","	Chamber1","	1","	B01??(%RH)","	80.3","	2026-07-28 14:14:23"
"	69BA0CDE","	Chamber1","	1","	B01??(?)","	4.3","	2026-07-28 14:14:23"
"	69BA0CDE","	Chamber1","	1","	B01??(%RH)","	80.3","	2026-07-28 14:14:21"
"	69BA0CDE","	Chamber1","	1","	B01??(?)","	4.4","	2026-07-28 14:14:21"
"	69BA0CDE","	Chamber1","	1","	B01??(%RH)","	80.3","	2026-07-28 14:14:19"
"	69BA0CDE","	Chamber1","	1","	B01??(?)","	4.3","	2026-07-28 14:14:19"
"	69BA0CDE","	Chamber1","	1","	B01??(%RH)","	80.3","	2026-07-28 14:14:17"
"	69BA0CDE","	Chamber1","	1","	B01??(?)","	4.3","	2026-07-28 14:14:17"
"	69BA0CDE","	Chamber1","	1","	B01??(%RH)","	80.3","	2026-07-28 14:14:15"
"	69BA0CDE","	Chamber1","	1","	B01??(?)","	4.4","	2026-07-28 14:14:15"
"	69BA0CDE","	Chamber1","	1","	B01??(%RH)","	80.3","	2026-07-28 14:14:13"
"	69BA0CDE","	Chamber1","	1","	B01??(?)","	4.3","	2026-07-28 14:14:13"
"	69BA0CDE","	Chamber1","	1","	B01??(%RH)","	80.3","	2026-07-28 14:14:11"
"	69BA0CDE","	Chamber1","	1","	B01??(?)","	4.4","	2026-07-28 14:14:11"
"	69BA0CDE","	Chamber1","	1","	B01??(%RH)","	80.3","	2026-07-28 14:14:09"
"	69BA0CDE","	Chamber1","	1","	B01??(?)","	4.3","	2026-07-28 14:14:09"
"	69BA0CDE","	Chamber1","	1","	B01??(%RH)","	80.3","	2026-07-28 14:14:07"
"	69BA0CDE","	Chamber1","	1","	B01??(?)","	4.3","	2026-07-28 14:14:07"
"	69BA0CDE","	Chamber1","	1","	B01??(%RH)","	80.3","	2026-07-28 14:14:05"
"	69BA0CDE","	Chamber1","	1","	B01??(?)","	4.4","	2026-07-28 14:14:05"
"	69BA0CDE","	Chamber1","	1","	B01??(%RH)","	80.4","	2026-07-28 14:14:03"
"	69BA0CDE","	Chamber1","	1","	B01??(?)","	4.3","	2026-07-28 14:14:03"
"	69BA0CDE","	Chamber1","	1","	B01??(%RH)","	80.4","	2026-07-28 14:14:01"
"	69BA0CDE","	Chamber1","	1","	B01??(?)","	4.3","	2026-07-28 14:14:01"
"	69BA0CDE","	Chamber1","	1","	B01??(%RH)","	80.3","	2026-07-28 14:13:59"
"	69BA0CDE","	Chamber1","	1","	B01??(?)","	4.3","	2026-07-28 14:13:59"
"	69BA0CDE","	Chamber1","	1","	B01??(%RH)","	80.3","	2026-07-28 14:13:57"
"	69BA0CDE","	Chamber1","	1","	B01??(?)","	4.3","	2026-07-28 14:13:57"
"	69BA0CDE","	Chamber1","	1","	B01??(%RH)","	80.3","	2026-07-28 14:13:55"
"	69BA0CDE","	Chamber1","	1","	B01??(?)","	4.3","	2026-07-28 14:13:55"
"	69BA0CDE","	Chamber1","	1","	B01??(%RH)","	80.3","	2026-07-28 14:13:53"
"	69BA0CDE","	Chamber1","	1","	B01??(?)","	4.4","	2026-07-28 14:13:53"
"	69BA0CDE","	Chamber1","	1","	B01??(%RH)","	80.3","	2026-07-28 14:13:51"
"	69BA0CDE","	Chamber1","	1","	B01??(?)","	4.3","	2026-07-28 14:13:51"
"	69BA0CDE","	Chamber1","	1","	B01??(%RH)","	80.3","	2026-07-28 14:13:49"
"	69BA0CDE","	Chamber1","	1","	B01??(?)","	4.3","	2026-07-28 14:13:49"
"	69BA0CDE","	Chamber1","	1","	B01??(%RH)","	80.3","	2026-07-28 14:13:47"
"	69BA0CDE","	Chamber1","	1","	B01??(?)","	4.4","	2026-07-28 14:13:47"
"	69BA0CDE","	Chamber1","	1","	B01??(%RH)","	80.3","	2026-07-28 14:13:44"
"	69BA0CDE","	Chamber1","	1","	B01??(?)","	4.3","	2026-07-28 14:13:44"
"	69BA0CDE","	Chamber1","	1","	B01??(%RH)","	80.3","	2026-07-28 14:13:42"
"	69BA0CDE","	Chamber1","	1","	B01??(?)","	4.3","	2026-07-28 14:13:42"
"	69BA0CDE","	Chamber1","	1","	B01??(%RH)","	80.3","	2026-07-28 14:13:40"
"	69BA0CDE","	Chamber1","	1","	B01??(?)","	4.3","	2026-07-28 14:13:40"
"	69BA0CDE","	Chamber1","	1","	B01??(%RH)","	80.3","	2026-07-28 14:13:38"
"	69BA0CDE","	Chamber1","	1","	B01??(?)","	4.3","	2026-07-28 14:13:38"
"	69BA0CDE","	Chamber1","	1","	B01??(%RH)","	80.3","	2026-07-28 14:13:36"
"	69BA0CDE","	Chamber1","	1","	B01??(?)","	4.3","	2026-07-28 14:13:36"
"	69BA0CDE","	Chamber1","	1","	B01??(%RH)","	80.3","	2026-07-28 14:13:34"
"	69BA0CDE","	Chamber1","	1","	B01??(?)","	4.3","	2026-07-28 14:13:34"
"	69BA0CDE","	Chamber1","	1","	B01??(%RH)","	80.3","	2026-07-28 14:13:32"
"	69BA0CDE","	Chamber1","	1","	B01??(?)","	4.3","	2026-07-28 14:13:32"
"	69BA0CDE","	Chamber1","	1","	B01??(%RH)","	80.3","	2026-07-28 14:13:30"
"	69BA0CDE","	Chamber1","	1","	B01??(?)","	4.4","	2026-07-28 14:13:30"
"	69BA0CDE","	Chamber1","	1","	B01??(%RH)","	80.3","	2026-07-28 14:13:28"
"	69BA0CDE","	Chamber1","	1","	B01??(?)","	4.3","	2026-07-28 14:13:28"
"	69BA0CDE","	Chamber1","	1","	B01??(%RH)","	80.3","	2026-07-28 14:13:26"
"	69BA0CDE","	Chamber1","	1","	B01??(?)","	4.3","	2026-07-28 14:13:26"
"	69BA0CDE","	Chamber1","	1","	B01??(%RH)","	80.3","	2026-07-28 14:13:24"
"	69BA0CDE","	Chamber1","	1","	B01??(?)","	4.3","	2026-07-28 14:13:24"
"	69BA0CDE","	Chamber1","	1","	B01??(%RH)","	80.3","	2026-07-28 14:13:22"
"	69BA0CDE","	Chamber1","	1","	B01??(?)","	4.3","	2026-07-28 14:13:22"
"	69BA0CDE","	Chamber1","	1","	B01??(%RH)","	80.3","	2026-07-28 14:13:20"
"	69BA0CDE","	Chamber1","	1","	B01??(?)","	4.3","	2026-07-28 14:13:20"
"	69BA0CDE","	Chamber1","	1","	B01??(%RH)","	80.3","	2026-07-28 14:13:18"
"	69BA0CDE","	Chamber1","	1","	B01??(?)","	4.4","	2026-07-28 14:13:18"
"	69BA0CDE","	Chamber1","	1","	B01??(%RH)","	80.3","	2026-07-28 14:13:16"
"	69BA0CDE","	Chamber1","	1","	B01??(?)","	4.3","	2026-07-28 14:13:16"
"	69BA0CDE","	Chamber1","	1","	B01??(%RH)","	80.3","	2026-07-28 14:13:14"
"	69BA0CDE","	Chamber1","	1","	B01??(?)","	4.3","	2026-07-28 14:13:14"
"	69BA0CDE","	Chamber1","	1","	B01??(%RH)","	80.3","	2026-07-28 14:13:12"
"	69BA0CDE","	Chamber1","	1","	B01??(?)","	4.3","	2026-07-28 14:13:12"
"	69BA0CDE","	Chamber1","	1","	B01??(%RH)","	80.3","	2026-07-28 14:13:10"
"	69BA0CDE","	Chamber1","	1","	B01??(?)","	4.3","	2026-07-28 14:13:10"
"	69BA0CDE","	Chamber1","	1","	B01??(%RH)","	80.3","	2026-07-28 14:13:08"
"	69BA0CDE","	Chamber1","	1","	B01??(?)","	4.3","	2026-07-28 14:13:08"
"	69BA0CDE","	Chamber1","	1","	B01??(%RH)","	80.3","	2026-07-28 14:13:06"
"	69BA0CDE","	Chamber1","	1","	B01??(?)","	4.3","	2026-07-28 14:13:06"
"	69BA0CDE","	Chamber1","	1","	B01??(%RH)","	80.4","	2026-07-28 14:13:04"
"	69BA0CDE","	Chamber1","	1","	B01??(?)","	4.3","	2026-07-28 14:13:04"
"	69BA0CDE","	Chamber1","	1","	B01??(%RH)","	80.4","	2026-07-28 14:13:02"
"	69BA0CDE","	Chamber1","	1","	B01??(?)","	4.3","	2026-07-28 14:13:02"
"	69BA0CDE","	Chamber1","	1","	B01??(%RH)","	80.3","	2026-07-28 14:12:59"
"	69BA0CDE","	Chamber1","	1","	B01??(?)","	4.3","	2026-07-28 14:12:59"
"	69BA0CDE","	Chamber1","	1","	B01??(%RH)","	80.3","	2026-07-28 14:12:57"
"	69BA0CDE","	Chamber1","	1","	B01??(?)","	4.3","	2026-07-28 14:12:57"
"	69BA0CDE","	Chamber1","	1","	B01??(%RH)","	80.4","	2026-07-28 14:12:55"
"	69BA0CDE","	Chamber1","	1","	B01??(?)","	4.3","	2026-07-28 14:12:55"
"	69BA0CDE","	Chamber1","	1","	B01??(%RH)","	80.3","	2026-07-28 14:12:53"
"	69BA0CDE","	Chamber1","	1","	B01??(?)","	4.3","	2026-07-28 14:12:53"
"	69BA0CDE","	Chamber1","	1","	B01??(%RH)","	80.3","	2026-07-28 14:12:51"
"	69BA0CDE","	Chamber1","	1","	B01??(?)","	4.3","	2026-07-28 14:12:51"
"	69BA0CDE","	Chamber1","	1","	B01??(%RH)","	80.3","	2026-07-28 14:12:49"
"	69BA0CDE","	Chamber1","	1","	B01??(?)","	4.3","	2026-07-28 14:12:49"
"	69BA0CDE","	Chamber1","	1","	B01??(%RH)","	80.3","	2026-07-28 14:12:47"
"	69BA0CDE","	Chamber1","	1","	B01??(?)","	4.3","	2026-07-28 14:12:47"
"	69BA0CDE","	Chamber1","	1","	B01??(%RH)","	80.3","	2026-07-28 14:12:45"
"	69BA0CDE","	Chamber1","	1","	B01??(?)","	4.3","	2026-07-28 14:12:45"
"	69BA0CDE","	Chamber1","	1","	B01??(%RH)","	80.3","	2026-07-28 14:12:43"
"	69BA0CDE","	Chamber1","	1","	B01??(?)","	4.3","	2026-07-28 14:12:43"
"	69BA0CDE","	Chamber1","	1","	B01??(%RH)","	80.4","	2026-07-28 14:12:41"
"	69BA0CDE","	Chamber1","	1","	B01??(?)","	4.3","	2026-07-28 14:12:41"
"	69BA0CDE","	Chamber1","	1","	B01??(%RH)","	80.3","	2026-07-28 14:12:39"
"	69BA0CDE","	Chamber1","	1","	B01??(?)","	4.3","	2026-07-28 14:12:39"
"	69BA0CDE","	Chamber1","	1","	B01??(%RH)","	80.4","	2026-07-28 14:12:37"
"	69BA0CDE","	Chamber1","	1","	B01??(?)","	4.3","	2026-07-28 14:12:37"
"	69BA0CDE","	Chamber1","	1","	B01??(%RH)","	80.3","	2026-07-28 14:12:35"
"	69BA0CDE","	Chamber1","	1","	B01??(?)","	4.3","	2026-07-28 14:12:35"
"	69BA0CDE","	Chamber1","	1","	B01??(%RH)","	80.4","	2026-07-28 14:12:33"
"	69BA0CDE","	Chamber1","	1","	B01??(?)","	4.3","	2026-07-28 14:12:33"
"	69BA0CDE","	Chamber1","	1","	B01??(%RH)","	80.3","	2026-07-28 14:12:31"
"	69BA0CDE","	Chamber1","	1","	B01??(?)","	4.3","	2026-07-28 14:12:31"
"	69BA0CDE","	Chamber1","	1","	B01??(%RH)","	80.4","	2026-07-28 14:12:29"
"	69BA0CDE","	Chamber1","	1","	B01??(?)","	4.3","	2026-07-28 14:12:29"
"	69BA0CDE","	Chamber1","	1","	B01??(%RH)","	80.3","	2026-07-28 14:12:27"
"	69BA0CDE","	Chamber1","	1","	B01??(?)","	4.3","	2026-07-28 14:12:27"
"	69BA0CDE","	Chamber1","	1","	B01??(%RH)","	80.4","	2026-07-28 14:12:25"
"	69BA0CDE","	Chamber1","	1","	B01??(?)","	4.3","	2026-07-28 14:12:25"
"	69BA0CDE","	Chamber1","	1","	B01??(%RH)","	80.4","	2026-07-28 14:12:23"
"	69BA0CDE","	Chamber1","	1","	B01??(?)","	4.3","	2026-07-28 14:12:23"
"	69BA0CDE","	Chamber1","	1","	B01??(%RH)","	80.3","	2026-07-28 14:12:21"
"	69BA0CDE","	Chamber1","	1","	B01??(?)","	4.3","	2026-07-28 14:12:21"
"	69BA0CDE","	Chamber1","	1","	B01??(%RH)","	80.3","	2026-07-28 14:12:19"
"	69BA0CDE","	Chamber1","	1","	B01??(?)","	4.3","	2026-07-28 14:12:19"
"	69BA0CDE","	Chamber1","	1","	B01??(%RH)","	80.3","	2026-07-28 14:12:16"
"	69BA0CDE","	Chamber1","	1","	B01??(?)","	4.3","	2026-07-28 14:12:16"
"	69BA0CDE","	Chamber1","	1","	B01??(%RH)","	80.4","	2026-07-28 14:12:14"
"	69BA0CDE","	Chamber1","	1","	B01??(?)","	4.3","	2026-07-28 14:12:14"
"	69BA0CDE","	Chamber1","	1","	B01??(%RH)","	80.3","	2026-07-28 14:12:12"
"	69BA0CDE","	Chamber1","	1","	B01??(?)","	4.3","	2026-07-28 14:12:12"
"	69BA0CDE","	Chamber1","	1","	B01??(%RH)","	80.3","	2026-07-28 14:12:10"
"	69BA0CDE","	Chamber1","	1","	B01??(?)","	4.3","	2026-07-28 14:12:10"
"	69BA0CDE","	Chamber1","	1","	B01??(%RH)","	80.3","	2026-07-28 14:12:08"
"	69BA0CDE","	Chamber1","	1","	B01??(?)","	4.3","	2026-07-28 14:12:08"
"	69BA0CDE","	Chamber1","	1","	B01??(%RH)","	80.4","	2026-07-28 14:12:06"
"	69BA0CDE","	Chamber1","	1","	B01??(?)","	4.3","	2026-07-28 14:12:06"
"	69BA0CDE","	Chamber1","	1","	B01??(%RH)","	80.4","	2026-07-28 14:12:04"
"	69BA0CDE","	Chamber1","	1","	B01??(?)","	4.3","	2026-07-28 14:12:04"
"	69BA0CDE","	Chamber1","	1","	B01??(%RH)","	80.4","	2026-07-28 14:12:02"
"	69BA0CDE","	Chamber1","	1","	B01??(?)","	4.3","	2026-07-28 14:12:02"
"	69BA0CDE","	Chamber1","	1","	B01??(?)","	4.3","	2026-07-28 14:12:00"
"	69BA0CDE","	Chamber1","	1","	B01??(%RH)","	80.4","	2026-07-28 14:12:00"
"	69BA0CDE","	Chamber1","	1","	B01??(%RH)","	80.3","	2026-07-28 14:11:58"
"	69BA0CDE","	Chamber1","	1","	B01??(?)","	4.3","	2026-07-28 14:11:58"
"	69BA0CDE","	Chamber1","	1","	B01??(%RH)","	80.4","	2026-07-28 14:11:56"
"	69BA0CDE","	Chamber1","	1","	B01??(?)","	4.3","	2026-07-28 14:11:56"
"	69BA0CDE","	Chamber1","	1","	B01??(%RH)","	80.4","	2026-07-28 14:11:54"
"	69BA0CDE","	Chamber1","	1","	B01??(?)","	4.3","	2026-07-28 14:11:54"
"	69BA0CDE","	Chamber1","	1","	B01??(%RH)","	80.4","	2026-07-28 14:11:52"
"	69BA0CDE","	Chamber1","	1","	B01??(?)","	4.3","	2026-07-28 14:11:52"
"	69BA0CDE","	Chamber1","	1","	B01??(%RH)","	80.4","	2026-07-28 14:11:50"
"	69BA0CDE","	Chamber1","	1","	B01??(?)","	4.3","	2026-07-28 14:11:50"
"	69BA0CDE","	Chamber1","	1","	B01??(%RH)","	80.4","	2026-07-28 14:11:48"
"	69BA0CDE","	Chamber1","	1","	B01??(?)","	4.3","	2026-07-28 14:11:48"
"	69BA0CDE","	Chamber1","	1","	B01??(%RH)","	80.4","	2026-07-28 14:11:46"
"	69BA0CDE","	Chamber1","	1","	B01??(?)","	4.3","	2026-07-28 14:11:46"
"	69BA0CDE","	Chamber1","	1","	B01??(%RH)","	80.4","	2026-07-28 14:11:44"
"	69BA0CDE","	Chamber1","	1","	B01??(?)","	4.3","	2026-07-28 14:11:44"
"	69BA0CDE","	Chamber1","	1","	B01??(%RH)","	80.4","	2026-07-28 14:11:42"
"	69BA0CDE","	Chamber1","	1","	B01??(?)","	4.3","	2026-07-28 14:11:42"
"	69BA0CDE","	Chamber1","	1","	B01??(%RH)","	80.4","	2026-07-28 14:11:40"
"	69BA0CDE","	Chamber1","	1","	B01??(?)","	4.3","	2026-07-28 14:11:40"
"	69BA0CDE","	Chamber1","	1","	B01??(%RH)","	80.4","	2026-07-28 14:11:38"
"	69BA0CDE","	Chamber1","	1","	B01??(?)","	4.3","	2026-07-28 14:11:38"
"	69BA0CDE","	Chamber1","	1","	B01??(%RH)","	80.4","	2026-07-28 14:11:36"
"	69BA0CDE","	Chamber1","	1","	B01??(?)","	4.3","	2026-07-28 14:11:36"
"	69BA0CDE","	Chamber1","	1","	B01??(%RH)","	80.3","	2026-07-28 14:11:33"
"	69BA0CDE","	Chamber1","	1","	B01??(?)","	4.3","	2026-07-28 14:11:33"
"	69BA0CDE","	Chamber1","	1","	B01??(%RH)","	80.4","	2026-07-28 14:11:31"
"	69BA0CDE","	Chamber1","	1","	B01??(?)","	4.3","	2026-07-28 14:11:31"
"	69BA0CDE","	Chamber1","	1","	B01??(%RH)","	80.4","	2026-07-28 14:11:29"
"	69BA0CDE","	Chamber1","	1","	B01??(?)","	4.3","	2026-07-28 14:11:29"
"	69BA0CDE","	Chamber1","	1","	B01??(%RH)","	80.4","	2026-07-28 14:11:27"
"	69BA0CDE","	Chamber1","	1","	B01??(?)","	4.3","	2026-07-28 14:11:27"
"	69BA0CDE","	Chamber1","	1","	B01??(%RH)","	80.4","	2026-07-28 14:11:25"
"	69BA0CDE","	Chamber1","	1","	B01??(?)","	4.3","	2026-07-28 14:11:25"
"	69BA0CDE","	Chamber1","	1","	B01??(%RH)","	80.4","	2026-07-28 14:11:23"
"	69BA0CDE","	Chamber1","	1","	B01??(?)","	4.3","	2026-07-28 14:11:23"
"	69BA0CDE","	Chamber1","	1","	B01??(%RH)","	80.4","	2026-07-28 14:11:21"
"	69BA0CDE","	Chamber1","	1","	B01??(?)","	4.3","	2026-07-28 14:11:21"
"	69BA0CDE","	Chamber1","	1","	B01??(%RH)","	80.4","	2026-07-28 14:11:19"
"	69BA0CDE","	Chamber1","	1","	B01??(?)","	4.3","	2026-07-28 14:11:19"
"	69BA0CDE","	Chamber1","	1","	B01??(%RH)","	80.4","	2026-07-28 14:11:17"
"	69BA0CDE","	Chamber1","	1","	B01??(?)","	4.3","	2026-07-28 14:11:17"
"	69BA0CDE","	Chamber1","	1","	B01??(%RH)","	80.4","	2026-07-28 14:11:15"
"	69BA0CDE","	Chamber1","	1","	B01??(?)","	4.3","	2026-07-28 14:11:15"
"	69BA0CDE","	Chamber1","	1","	B01??(%RH)","	80.4","	2026-07-28 14:11:13"
"	69BA0CDE","	Chamber1","	1","	B01??(?)","	4.3","	2026-07-28 14:11:13"
"	69BA0CDE","	Chamber1","	1","	B01??(%RH)","	80.4","	2026-07-28 14:11:11"
"	69BA0CDE","	Chamber1","	1","	B01??(?)","	4.3","	2026-07-28 14:11:11"
"	69BA0CDE","	Chamber1","	1","	B01??(%RH)","	80.4","	2026-07-28 14:11:09"
"	69BA0CDE","	Chamber1","	1","	B01??(?)","	4.3","	2026-07-28 14:11:09"
"	69BA0CDE","	Chamber1","	1","	B01??(%RH)","	80.4","	2026-07-28 14:11:07"
"	69BA0CDE","	Chamber1","	1","	B01??(?)","	4.3","	2026-07-28 14:11:07"
"	69BA0CDE","	Chamber1","	1","	B01??(%RH)","	80.4","	2026-07-28 14:11:05"
"	69BA0CDE","	Chamber1","	1","	B01??(?)","	4.3","	2026-07-28 14:11:05"
"	69BA0CDE","	Chamber1","	1","	B01??(%RH)","	80.4","	2026-07-28 14:11:03"
"	69BA0CDE","	Chamber1","	1","	B01??(?)","	4.3","	2026-07-28 14:11:03"
"	69BA0CDE","	Chamber1","	1","	B01??(%RH)","	80.4","	2026-07-28 14:11:01"
"	69BA0CDE","	Chamber1","	1","	B01??(?)","	4.3","	2026-07-28 14:11:01"
"	69BA0CDE","	Chamber1","	1","	B01??(%RH)","	80.4","	2026-07-28 14:10:59"
"	69BA0CDE","	Chamber1","	1","	B01??(?)","	4.3","	2026-07-28 14:10:59"
"	69BA0CDE","	Chamber1","	1","	B01??(%RH)","	80.4","	2026-07-28 14:10:57"
"	69BA0CDE","	Chamber1","	1","	B01??(?)","	4.3","	2026-07-28 14:10:57"
"	69BA0CDE","	Chamber1","	1","	B01??(%RH)","	80.4","	2026-07-28 14:10:55"
"	69BA0CDE","	Chamber1","	1","	B01??(?)","	4.3","	2026-07-28 14:10:55"
"	69BA0CDE","	Chamber1","	1","	B01??(%RH)","	80.4","	2026-07-28 14:10:53"
"	69BA0CDE","	Chamber1","	1","	B01??(?)","	4.3","	2026-07-28 14:10:53"
"	69BA0CDE","	Chamber1","	1","	B01??(%RH)","	80.4","	2026-07-28 14:10:51"
"	69BA0CDE","	Chamber1","	1","	B01??(?)","	4.3","	2026-07-28 14:10:51"
"	69BA0CDE","	Chamber1","	1","	B01??(%RH)","	80.4","	2026-07-28 14:10:48"
"	69BA0CDE","	Chamber1","	1","	B01??(?)","	4.3","	2026-07-28 14:10:48"
"	69BA0CDE","	Chamber1","	1","	B01??(%RH)","	80.4","	2026-07-28 14:10:46"
"	69BA0CDE","	Chamber1","	1","	B01??(?)","	4.3","	2026-07-28 14:10:46"
"	69BA0CDE","	Chamber1","	1","	B01??(%RH)","	80.4","	2026-07-28 14:10:44"
"	69BA0CDE","	Chamber1","	1","	B01??(?)","	4.3","	2026-07-28 14:10:44"
"	69BA0CDE","	Chamber1","	1","	B01??(%RH)","	80.4","	2026-07-28 14:10:42"
"	69BA0CDE","	Chamber1","	1","	B01??(?)","	4.3","	2026-07-28 14:10:42"
"	69BA0CDE","	Chamber1","	1","	B01??(%RH)","	80.4","	2026-07-28 14:10:40"
"	69BA0CDE","	Chamber1","	1","	B01??(?)","	4.3","	2026-07-28 14:10:40"
"	69BA0CDE","	Chamber1","	1","	B01??(%RH)","	80.4","	2026-07-28 14:10:38"
"	69BA0CDE","	Chamber1","	1","	B01??(?)","	4.3","	2026-07-28 14:10:38"
"	69BA0CDE","	Chamber1","	1","	B01??(%RH)","	80.4","	2026-07-28 14:10:36"
"	69BA0CDE","	Chamber1","	1","	B01??(?)","	4.3","	2026-07-28 14:10:36"
"	69BA0CDE","	Chamber1","	1","	B01??(%RH)","	80.4","	2026-07-28 14:10:34"
"	69BA0CDE","	Chamber1","	1","	B01??(?)","	4.3","	2026-07-28 14:10:34"
"	69BA0CDE","	Chamber1","	1","	B01??(%RH)","	80.4","	2026-07-28 14:10:32"
"	69BA0CDE","	Chamber1","	1","	B01??(?)","	4.3","	2026-07-28 14:10:32"
"	69BA0CDE","	Chamber1","	1","	B01??(%RH)","	80.4","	2026-07-28 14:10:30"
"	69BA0CDE","	Chamber1","	1","	B01??(?)","	4.3","	2026-07-28 14:10:30"
"	69BA0CDE","	Chamber1","	1","	B01??(%RH)","	80.4","	2026-07-28 14:10:28"
"	69BA0CDE","	Chamber1","	1","	B01??(?)","	4.3","	2026-07-28 14:10:28"
"	69BA0CDE","	Chamber1","	1","	B01??(%RH)","	80.4","	2026-07-28 14:10:26"
"	69BA0CDE","	Chamber1","	1","	B01??(?)","	4.3","	2026-07-28 14:10:26"
"	69BA0CDE","	Chamber1","	1","	B01??(%RH)","	80.4","	2026-07-28 14:10:24"
"	69BA0CDE","	Chamber1","	1","	B01??(?)","	4.3","	2026-07-28 14:10:24"
"	69BA0CDE","	Chamber1","	1","	B01??(%RH)","	80.4","	2026-07-28 14:10:22"
"	69BA0CDE","	Chamber1","	1","	B01??(?)","	4.3","	2026-07-28 14:10:22"
"	69BA0CDE","	Chamber1","	1","	B01??(%RH)","	80.4","	2026-07-28 14:10:20"
"	69BA0CDE","	Chamber1","	1","	B01??(?)","	4.3","	2026-07-28 14:10:20"
"	69BA0CDE","	Chamber1","	1","	B01??(%RH)","	80.4","	2026-07-28 14:10:18"
"	69BA0CDE","	Chamber1","	1","	B01??(?)","	4.3","	2026-07-28 14:10:18"
"	69BA0CDE","	Chamber1","	1","	B01??(%RH)","	80.4","	2026-07-28 14:10:16"
"	69BA0CDE","	Chamber1","	1","	B01??(?)","	4.3","	2026-07-28 14:10:16"
"	69BA0CDE","	Chamber1","	1","	B01??(%RH)","	80.4","	2026-07-28 14:10:14"
"	69BA0CDE","	Chamber1","	1","	B01??(?)","	4.3","	2026-07-28 14:10:14"
"	69BA0CDE","	Chamber1","	1","	B01??(%RH)","	80.4","	2026-07-28 14:10:12"
"	69BA0CDE","	Chamber1","	1","	B01??(?)","	4.3","	2026-07-28 14:10:12"
"	69BA0CDE","	Chamber1","	1","	B01??(%RH)","	80.4","	2026-07-28 14:10:10"
"	69BA0CDE","	Chamber1","	1","	B01??(?)","	4.3","	2026-07-28 14:10:10"
"	69BA0CDE","	Chamber1","	1","	B01??(%RH)","	80.4","	2026-07-28 14:10:08"
"	69BA0CDE","	Chamber1","	1","	B01??(?)","	4.3","	2026-07-28 14:10:08"
"	69BA0CDE","	Chamber1","	1","	B01??(%RH)","	80.4","	2026-07-28 14:10:05"
"	69BA0CDE","	Chamber1","	1","	B01??(?)","	4.3","	2026-07-28 14:10:05"
"	69BA0CDE","	Chamber1","	1","	B01??(%RH)","	80.4","	2026-07-28 14:10:03"
"	69BA0CDE","	Chamber1","	1","	B01??(?)","	4.3","	2026-07-28 14:10:03"
"	69BA0CDE","	Chamber1","	1","	B01??(%RH)","	80.4","	2026-07-28 14:10:01"
"	69BA0CDE","	Chamber1","	1","	B01??(?)","	4.3","	2026-07-28 14:10:01"
"	69BA0CDE","	Chamber1","	1","	B01??(%RH)","	80.4","	2026-07-28 14:09:59"
"	69BA0CDE","	Chamber1","	1","	B01??(?)","	4.3","	2026-07-28 14:09:59"
"	69BA0CDE","	Chamber1","	1","	B01??(%RH)","	80.4","	2026-07-28 14:09:57"
"	69BA0CDE","	Chamber1","	1","	B01??(?)","	4.3","	2026-07-28 14:09:57"
"	69BA0CDE","	Chamber1","	1","	B01??(%RH)","	80.4","	2026-07-28 14:09:55"
"	69BA0CDE","	Chamber1","	1","	B01??(?)","	4.3","	2026-07-28 14:09:55"
"	69BA0CDE","	Chamber1","	1","	B01??(%RH)","	80.4","	2026-07-28 14:09:53"
"	69BA0CDE","	Chamber1","	1","	B01??(?)","	4.3","	2026-07-28 14:09:53"
"	69BA0CDE","	Chamber1","	1","	B01??(%RH)","	80.4","	2026-07-28 14:09:51"
"	69BA0CDE","	Chamber1","	1","	B01??(?)","	4.3","	2026-07-28 14:09:51"
"	69BA0CDE","	Chamber1","	1","	B01??(%RH)","	80.4","	2026-07-28 14:09:49"
"	69BA0CDE","	Chamber1","	1","	B01??(?)","	4.3","	2026-07-28 14:09:49"
"	69BA0CDE","	Chamber1","	1","	B01??(%RH)","	80.4","	2026-07-28 14:09:47"
"	69BA0CDE","	Chamber1","	1","	B01??(?)","	4.3","	2026-07-28 14:09:47"
"	69BA0CDE","	Chamber1","	1","	B01??(%RH)","	80.4","	2026-07-28 14:09:45"
"	69BA0CDE","	Chamber1","	1","	B01??(?)","	4.3","	2026-07-28 14:09:45"
"	69BA0CDE","	Chamber1","	1","	B01??(%RH)","	80.4","	2026-07-28 14:09:43"
"	69BA0CDE","	Chamber1","	1","	B01??(?)","	4.3","	2026-07-28 14:09:43"
"	69BA0CDE","	Chamber1","	1","	B01??(%RH)","	80.4","	2026-07-28 14:09:41"
"	69BA0CDE","	Chamber1","	1","	B01??(?)","	4.3","	2026-07-28 14:09:41"
"	69BA0CDE","	Chamber1","	1","	B01??(%RH)","	80.4","	2026-07-28 14:09:39"
"	69BA0CDE","	Chamber1","	1","	B01??(?)","	4.3","	2026-07-28 14:09:39"
"	69BA0CDE","	Chamber1","	1","	B01??(%RH)","	80.4","	2026-07-28 14:09:37"
"	69BA0CDE","	Chamber1","	1","	B01??(?)","	4.3","	2026-07-28 14:09:37"
"	69BA0CDE","	Chamber1","	1","	B01??(%RH)","	80.4","	2026-07-28 14:09:35"
"	69BA0CDE","	Chamber1","	1","	B01??(?)","	4.3","	2026-07-28 14:09:35"
"	69BA0CDE","	Chamber1","	1","	B01??(%RH)","	80.4","	2026-07-28 14:09:33"
"	69BA0CDE","	Chamber1","	1","	B01??(?)","	4.3","	2026-07-28 14:09:33"
"	69BA0CDE","	Chamber1","	1","	B01??(%RH)","	80.4","	2026-07-28 14:09:31"
"	69BA0CDE","	Chamber1","	1","	B01??(?)","	4.3","	2026-07-28 14:09:31"
"	69BA0CDE","	Chamber1","	1","	B01??(%RH)","	80.4","	2026-07-28 14:09:29"
"	69BA0CDE","	Chamber1","	1","	B01??(?)","	4.3","	2026-07-28 14:09:29"
"	69BA0CDE","	Chamber1","	1","	B01??(%RH)","	80.4","	2026-07-28 14:09:27"
"	69BA0CDE","	Chamber1","	1","	B01??(?)","	4.3","	2026-07-28 14:09:27"
"	69BA0CDE","	Chamber1","	1","	B01??(%RH)","	80.4","	2026-07-28 14:09:25"
"	69BA0CDE","	Chamber1","	1","	B01??(?)","	4.3","	2026-07-28 14:09:25"
"	69BA0CDE","	Chamber1","	1","	B01??(%RH)","	80.4","	2026-07-28 14:09:22"
"	69BA0CDE","	Chamber1","	1","	B01??(?)","	4.3","	2026-07-28 14:09:22"
"	69BA0CDE","	Chamber1","	1","	B01??(%RH)","	80.4","	2026-07-28 14:09:20"
"	69BA0CDE","	Chamber1","	1","	B01??(?)","	4.3","	2026-07-28 14:09:20"
"	69BA0CDE","	Chamber1","	1","	B01??(%RH)","	80.4","	2026-07-28 14:09:18"
"	69BA0CDE","	Chamber1","	1","	B01??(?)","	4.3","	2026-07-28 14:09:18"
"	69BA0CDE","	Chamber1","	1","	B01??(%RH)","	80.4","	2026-07-28 14:09:16"
"	69BA0CDE","	Chamber1","	1","	B01??(?)","	4.3","	2026-07-28 14:09:16"
"	69BA0CDE","	Chamber1","	1","	B01??(%RH)","	80.4","	2026-07-28 14:09:14"
"	69BA0CDE","	Chamber1","	1","	B01??(?)","	4.3","	2026-07-28 14:09:14"
"	69BA0CDE","	Chamber1","	1","	B01??(%RH)","	80.4","	2026-07-28 14:09:12"
"	69BA0CDE","	Chamber1","	1","	B01??(?)","	4.3","	2026-07-28 14:09:12"
"	69BA0CDE","	Chamber1","	1","	B01??(%RH)","	80.4","	2026-07-28 14:09:10"
"	69BA0CDE","	Chamber1","	1","	B01??(?)","	4.3","	2026-07-28 14:09:10"
"	69BA0CDE","	Chamber1","	1","	B01??(%RH)","	80.4","	2026-07-28 14:09:08"
"	69BA0CDE","	Chamber1","	1","	B01??(?)","	4.3","	2026-07-28 14:09:08"
"	69BA0CDE","	Chamber1","	1","	B01??(%RH)","	80.4","	2026-07-28 14:09:06"
"	69BA0CDE","	Chamber1","	1","	B01??(?)","	4.3","	2026-07-28 14:09:06"
"	69BA0CDE","	Chamber1","	1","	B01??(%RH)","	80.4","	2026-07-28 14:09:04"
"	69BA0CDE","	Chamber1","	1","	B01??(?)","	4.3","	2026-07-28 14:09:04"
"	69BA0CDE","	Chamber1","	1","	B01??(%RH)","	80.4","	2026-07-28 14:09:02"
"	69BA0CDE","	Chamber1","	1","	B01??(?)","	4.3","	2026-07-28 14:09:02"
"	69BA0CDE","	Chamber1","	1","	B01??(%RH)","	80.4","	2026-07-28 14:09:00"
"	69BA0CDE","	Chamber1","	1","	B01??(?)","	4.3","	2026-07-28 14:09:00"
"	69BA0CDE","	Chamber1","	1","	B01??(%RH)","	80.4","	2026-07-28 14:08:58"
"	69BA0CDE","	Chamber1","	1","	B01??(?)","	4.3","	2026-07-28 14:08:58"
"	69BA0CDE","	Chamber1","	1","	B01??(%RH)","	80.4","	2026-07-28 14:08:56"
"	69BA0CDE","	Chamber1","	1","	B01??(?)","	4.3","	2026-07-28 14:08:56"
"	69BA0CDE","	Chamber1","	1","	B01??(%RH)","	80.4","	2026-07-28 14:08:54"
"	69BA0CDE","	Chamber1","	1","	B01??(?)","	4.3","	2026-07-28 14:08:54"
"	69BA0CDE","	Chamber1","	1","	B01??(%RH)","	80.4","	2026-07-28 14:08:52"
"	69BA0CDE","	Chamber1","	1","	B01??(?)","	4.3","	2026-07-28 14:08:52"
"	69BA0CDE","	Chamber1","	1","	B01??(%RH)","	80.4","	2026-07-28 14:08:50"
"	69BA0CDE","	Chamber1","	1","	B01??(?)","	4.3","	2026-07-28 14:08:50"
"	69BA0CDE","	Chamber1","	1","	B01??(%RH)","	80.4","	2026-07-28 14:08:48"
"	69BA0CDE","	Chamber1","	1","	B01??(?)","	4.3","	2026-07-28 14:08:48"
"	69BA0CDE","	Chamber1","	1","	B01??(%RH)","	80.4","	2026-07-28 14:08:46"
"	69BA0CDE","	Chamber1","	1","	B01??(?)","	4.3","	2026-07-28 14:08:46"
"	69BA0CDE","	Chamber1","	1","	B01??(%RH)","	80.4","	2026-07-28 14:08:44"
"	69BA0CDE","	Chamber1","	1","	B01??(?)","	4.3","	2026-07-28 14:08:44"
"	69BA0CDE","	Chamber1","	1","	B01??(%RH)","	80.4","	2026-07-28 14:08:42"
"	69BA0CDE","	Chamber1","	1","	B01??(?)","	4.3","	2026-07-28 14:08:42"
"	69BA0CDE","	Chamber1","	1","	B01??(%RH)","	80.4","	2026-07-28 14:08:39"
"	69BA0CDE","	Chamber1","	1","	B01??(?)","	4.3","	2026-07-28 14:08:39"
"	69BA0CDE","	Chamber1","	1","	B01??(%RH)","	80.5","	2026-07-28 14:08:37"
"	69BA0CDE","	Chamber1","	1","	B01??(?)","	4.3","	2026-07-28 14:08:37"
"	69BA0CDE","	Chamber1","	1","	B01??(%RH)","	80.4","	2026-07-28 14:08:35"
"	69BA0CDE","	Chamber1","	1","	B01??(?)","	4.3","	2026-07-28 14:08:35"
"	69BA0CDE","	Chamber1","	1","	B01??(%RH)","	80.5","	2026-07-28 14:08:33"
"	69BA0CDE","	Chamber1","	1","	B01??(?)","	4.3","	2026-07-28 14:08:33"
"	69BA0CDE","	Chamber1","	1","	B01??(%RH)","	80.4","	2026-07-28 14:08:31"
"	69BA0CDE","	Chamber1","	1","	B01??(?)","	4.3","	2026-07-28 14:08:31"
"	69BA0CDE","	Chamber1","	1","	B01??(%RH)","	80.4","	2026-07-28 14:08:29"
"	69BA0CDE","	Chamber1","	1","	B01??(?)","	4.3","	2026-07-28 14:08:29"
"	69BA0CDE","	Chamber1","	1","	B01??(%RH)","	80.4","	2026-07-28 14:08:27"
"	69BA0CDE","	Chamber1","	1","	B01??(?)","	4.3","	2026-07-28 14:08:27"
"	69BA0CDE","	Chamber1","	1","	B01??(%RH)","	80.4","	2026-07-28 14:08:25"
"	69BA0CDE","	Chamber1","	1","	B01??(?)","	4.3","	2026-07-28 14:08:25"
"	69BA0CDE","	Chamber1","	1","	B01??(%RH)","	80.4","	2026-07-28 14:08:23"
"	69BA0CDE","	Chamber1","	1","	B01??(?)","	4.3","	2026-07-28 14:08:23"
"	69BA0CDE","	Chamber1","	1","	B01??(%RH)","	80.5","	2026-07-28 14:08:21"
"	69BA0CDE","	Chamber1","	1","	B01??(?)","	4.3","	2026-07-28 14:08:21"
"	69BA0CDE","	Chamber1","	1","	B01??(%RH)","	80.4","	2026-07-28 14:08:19"
"	69BA0CDE","	Chamber1","	1","	B01??(?)","	4.3","	2026-07-28 14:08:19"
"	69BA0CDE","	Chamber1","	1","	B01??(%RH)","	80.4","	2026-07-28 14:08:17"
"	69BA0CDE","	Chamber1","	1","	B01??(?)","	4.3","	2026-07-28 14:08:17"
"	69BA0CDE","	Chamber1","	1","	B01??(%RH)","	80.4","	2026-07-28 14:08:15"
"	69BA0CDE","	Chamber1","	1","	B01??(?)","	4.3","	2026-07-28 14:08:15"
"	69BA0CDE","	Chamber1","	1","	B01??(%RH)","	80.4","	2026-07-28 14:08:13"
"	69BA0CDE","	Chamber1","	1","	B01??(?)","	4.3","	2026-07-28 14:08:13"
"	69BA0CDE","	Chamber1","	1","	B01??(%RH)","	80.4","	2026-07-28 14:08:11"
"	69BA0CDE","	Chamber1","	1","	B01??(?)","	4.3","	2026-07-28 14:08:11"
"	69BA0CDE","	Chamber1","	1","	B01??(%RH)","	80.5","	2026-07-28 14:08:09"
"	69BA0CDE","	Chamber1","	1","	B01??(?)","	4.3","	2026-07-28 14:08:09"
"	69BA0CDE","	Chamber1","	1","	B01??(%RH)","	80.5","	2026-07-28 14:08:07"
"	69BA0CDE","	Chamber1","	1","	B01??(?)","	4.3","	2026-07-28 14:08:07"
"	69BA0CDE","	Chamber1","	1","	B01??(%RH)","	80.4","	2026-07-28 14:08:05"
"	69BA0CDE","	Chamber1","	1","	B01??(?)","	4.3","	2026-07-28 14:08:05"
"	69BA0CDE","	Chamber1","	1","	B01??(%RH)","	80.4","	2026-07-28 14:08:03"
"	69BA0CDE","	Chamber1","	1","	B01??(?)","	4.3","	2026-07-28 14:08:03"
"	69BA0CDE","	Chamber1","	1","	B01??(%RH)","	80.4","	2026-07-28 14:08:01"
"	69BA0CDE","	Chamber1","	1","	B01??(?)","	4.3","	2026-07-28 14:08:01"
"	69BA0CDE","	Chamber1","	1","	B01??(%RH)","	80.4","	2026-07-28 14:07:59"
"	69BA0CDE","	Chamber1","	1","	B01??(?)","	4.3","	2026-07-28 14:07:59"
"	69BA0CDE","	Chamber1","	1","	B01??(%RH)","	80.4","	2026-07-28 14:07:56"
"	69BA0CDE","	Chamber1","	1","	B01??(?)","	4.3","	2026-07-28 14:07:56"
"	69BA0CDE","	Chamber1","	1","	B01??(%RH)","	80.5","	2026-07-28 14:07:54"
"	69BA0CDE","	Chamber1","	1","	B01??(?)","	4.3","	2026-07-28 14:07:54"
"	69BA0CDE","	Chamber1","	1","	B01??(%RH)","	80.5","	2026-07-28 14:07:52"
"	69BA0CDE","	Chamber1","	1","	B01??(?)","	4.3","	2026-07-28 14:07:52"
"	69BA0CDE","	Chamber1","	1","	B01??(%RH)","	80.4","	2026-07-28 14:07:50"
"	69BA0CDE","	Chamber1","	1","	B01??(?)","	4.3","	2026-07-28 14:07:50"
"	69BA0CDE","	Chamber1","	1","	B01??(%RH)","	80.4","	2026-07-28 14:07:48"
"	69BA0CDE","	Chamber1","	1","	B01??(?)","	4.3","	2026-07-28 14:07:48"
"	69BA0CDE","	Chamber1","	1","	B01??(%RH)","	80.5","	2026-07-28 14:07:46"
"	69BA0CDE","	Chamber1","	1","	B01??(?)","	4.3","	2026-07-28 14:07:46"
"	69BA0CDE","	Chamber1","	1","	B01??(%RH)","	80.5","	2026-07-28 14:07:44"
"	69BA0CDE","	Chamber1","	1","	B01??(?)","	4.3","	2026-07-28 14:07:44"
"	69BA0CDE","	Chamber1","	1","	B01??(%RH)","	80.5","	2026-07-28 14:07:42"
"	69BA0CDE","	Chamber1","	1","	B01??(?)","	4.3","	2026-07-28 14:07:42"
"	69BA0CDE","	Chamber1","	1","	B01??(%RH)","	80.5","	2026-07-28 14:07:40"
"	69BA0CDE","	Chamber1","	1","	B01??(?)","	4.3","	2026-07-28 14:07:40"
"	69BA0CDE","	Chamber1","	1","	B01??(%RH)","	80.5","	2026-07-28 14:07:38"
"	69BA0CDE","	Chamber1","	1","	B01??(?)","	4.3","	2026-07-28 14:07:38"
"	69BA0CDE","	Chamber1","	1","	B01??(%RH)","	80.5","	2026-07-28 14:07:36"
"	69BA0CDE","	Chamber1","	1","	B01??(?)","	4.3","	2026-07-28 14:07:36"
"	69BA0CDE","	Chamber1","	1","	B01??(%RH)","	80.5","	2026-07-28 14:07:34"
"	69BA0CDE","	Chamber1","	1","	B01??(?)","	4.3","	2026-07-28 14:07:34"
"	69BA0CDE","	Chamber1","	1","	B01??(%RH)","	80.5","	2026-07-28 14:07:32"
"	69BA0CDE","	Chamber1","	1","	B01??(?)","	4.3","	2026-07-28 14:07:32"
"	69BA0CDE","	Chamber1","	1","	B01??(%RH)","	80.5","	2026-07-28 14:07:30"
"	69BA0CDE","	Chamber1","	1","	B01??(?)","	4.3","	2026-07-28 14:07:30"
"	69BA0CDE","	Chamber1","	1","	B01??(%RH)","	80.5","	2026-07-28 14:07:28"
"	69BA0CDE","	Chamber1","	1","	B01??(?)","	4.3","	2026-07-28 14:07:28"
"	69BA0CDE","	Chamber1","	1","	B01??(%RH)","	80.5","	2026-07-28 14:07:26"
"	69BA0CDE","	Chamber1","	1","	B01??(?)","	4.3","	2026-07-28 14:07:26"
"	69BA0CDE","	Chamber1","	1","	B01??(%RH)","	80.5","	2026-07-28 14:07:24"
"	69BA0CDE","	Chamber1","	1","	B01??(?)","	4.3","	2026-07-28 14:07:24"
"	69BA0CDE","	Chamber1","	1","	B01??(%RH)","	80.5","	2026-07-28 14:07:22"
"	69BA0CDE","	Chamber1","	1","	B01??(?)","	4.2","	2026-07-28 14:07:22"
"	69BA0CDE","	Chamber1","	1","	B01??(%RH)","	80.5","	2026-07-28 14:07:20"
"	69BA0CDE","	Chamber1","	1","	B01??(?)","	4.3","	2026-07-28 14:07:20"
"	69BA0CDE","	Chamber1","	1","	B01??(%RH)","	80.5","	2026-07-28 14:07:18"
"	69BA0CDE","	Chamber1","	1","	B01??(?)","	4.3","	2026-07-28 14:07:18"
"	69BA0CDE","	Chamber1","	1","	B01??(%RH)","	80.5","	2026-07-28 14:07:16"
"	69BA0CDE","	Chamber1","	1","	B01??(?)","	4.3","	2026-07-28 14:07:16"
"	69BA0CDE","	Chamber1","	1","	B01??(%RH)","	80.5","	2026-07-28 14:07:14"
"	69BA0CDE","	Chamber1","	1","	B01??(?)","	4.3","	2026-07-28 14:07:14"
"	69BA0CDE","	Chamber1","	1","	B01??(%RH)","	80.5","	2026-07-28 14:07:11"
"	69BA0CDE","	Chamber1","	1","	B01??(?)","	4.3","	2026-07-28 14:07:11"
"	69BA0CDE","	Chamber1","	1","	B01??(%RH)","	80.5","	2026-07-28 14:07:09"
"	69BA0CDE","	Chamber1","	1","	B01??(?)","	4.3","	2026-07-28 14:07:09"
"	69BA0CDE","	Chamber1","	1","	B01??(%RH)","	80.5","	2026-07-28 14:07:07"
"	69BA0CDE","	Chamber1","	1","	B01??(?)","	4.3","	2026-07-28 14:07:07"
"	69BA0CDE","	Chamber1","	1","	B01??(%RH)","	80.5","	2026-07-28 14:07:05"
"	69BA0CDE","	Chamber1","	1","	B01??(?)","	4.3","	2026-07-28 14:07:05"
"	69BA0CDE","	Chamber1","	1","	B01??(%RH)","	80.5","	2026-07-28 14:07:03"
"	69BA0CDE","	Chamber1","	1","	B01??(?)","	4.3","	2026-07-28 14:07:03"
"	69BA0CDE","	Chamber1","	1","	B01??(%RH)","	80.5","	2026-07-28 14:07:01"
"	69BA0CDE","	Chamber1","	1","	B01??(?)","	4.3","	2026-07-28 14:07:01"
"	69BA0CDE","	Chamber1","	1","	B01??(%RH)","	80.5","	2026-07-28 14:06:59"
"	69BA0CDE","	Chamber1","	1","	B01??(?)","	4.3","	2026-07-28 14:06:59"
"	69BA0CDE","	Chamber1","	1","	B01??(%RH)","	80.5","	2026-07-28 14:06:57"
"	69BA0CDE","	Chamber1","	1","	B01??(?)","	4.3","	2026-07-28 14:06:57"
"	69BA0CDE","	Chamber1","	1","	B01??(%RH)","	80.5","	2026-07-28 14:06:55"
"	69BA0CDE","	Chamber1","	1","	B01??(?)","	4.3","	2026-07-28 14:06:55"
"	69BA0CDE","	Chamber1","	1","	B01??(%RH)","	80.5","	2026-07-28 14:06:53"
"	69BA0CDE","	Chamber1","	1","	B01??(?)","	4.3","	2026-07-28 14:06:53"
"	69BA0CDE","	Chamber1","	1","	B01??(%RH)","	80.5","	2026-07-28 14:06:51"
"	69BA0CDE","	Chamber1","	1","	B01??(?)","	4.3","	2026-07-28 14:06:51"
"	69BA0CDE","	Chamber1","	1","	B01??(%RH)","	80.5","	2026-07-28 14:06:49"
"	69BA0CDE","	Chamber1","	1","	B01??(?)","	4.3","	2026-07-28 14:06:49"
"	69BA0CDE","	Chamber1","	1","	B01??(%RH)","	80.5","	2026-07-28 14:06:47"
"	69BA0CDE","	Chamber1","	1","	B01??(?)","	4.3","	2026-07-28 14:06:47"
"	69BA0CDE","	Chamber1","	1","	B01??(%RH)","	80.5","	2026-07-28 14:06:45"
"	69BA0CDE","	Chamber1","	1","	B01??(?)","	4.3","	2026-07-28 14:06:45"
"	69BA0CDE","	Chamber1","	1","	B01??(%RH)","	80.5","	2026-07-28 14:06:43"
"	69BA0CDE","	Chamber1","	1","	B01??(?)","	4.3","	2026-07-28 14:06:43"
"	69BA0CDE","	Chamber1","	1","	B01??(%RH)","	80.5","	2026-07-28 14:06:41"
"	69BA0CDE","	Chamber1","	1","	B01??(?)","	4.3","	2026-07-28 14:06:41"
"	69BA0CDE","	Chamber1","	1","	B01??(%RH)","	80.5","	2026-07-28 14:06:39"
"	69BA0CDE","	Chamber1","	1","	B01??(?)","	4.3","	2026-07-28 14:06:39"
"	69BA0CDE","	Chamber1","	1","	B01??(%RH)","	80.5","	2026-07-28 14:06:37"
"	69BA0CDE","	Chamber1","	1","	B01??(?)","	4.3","	2026-07-28 14:06:37"
"	69BA0CDE","	Chamber1","	1","	B01??(%RH)","	80.5","	2026-07-28 14:06:35"
"	69BA0CDE","	Chamber1","	1","	B01??(?)","	4.3","	2026-07-28 14:06:35"
"	69BA0CDE","	Chamber1","	1","	B01??(%RH)","	80.5","	2026-07-28 14:06:33"
"	69BA0CDE","	Chamber1","	1","	B01??(?)","	4.3","	2026-07-28 14:06:33"
"	69BA0CDE","	Chamber1","	1","	B01??(%RH)","	80.5","	2026-07-28 14:06:31"
"	69BA0CDE","	Chamber1","	1","	B01??(?)","	4.3","	2026-07-28 14:06:31"
"	69BA0CDE","	Chamber1","	1","	B01??(%RH)","	80.5","	2026-07-28 14:06:28"
"	69BA0CDE","	Chamber1","	1","	B01??(?)","	4.3","	2026-07-28 14:06:28"
"	69BA0CDE","	Chamber1","	1","	B01??(%RH)","	80.5","	2026-07-28 14:06:26"
"	69BA0CDE","	Chamber1","	1","	B01??(?)","	4.2","	2026-07-28 14:06:26"
"	69BA0CDE","	Chamber1","	1","	B01??(%RH)","	80.5","	2026-07-28 14:06:24"
"	69BA0CDE","	Chamber1","	1","	B01??(?)","	4.3","	2026-07-28 14:06:24"
"	69BA0CDE","	Chamber1","	1","	B01??(%RH)","	80.5","	2026-07-28 14:06:22"
"	69BA0CDE","	Chamber1","	1","	B01??(?)","	4.2","	2026-07-28 14:06:22"
"	69BA0CDE","	Chamber1","	1","	B01??(%RH)","	80.5","	2026-07-28 14:06:20"
"	69BA0CDE","	Chamber1","	1","	B01??(?)","	4.3","	2026-07-28 14:06:20"
"	69BA0CDE","	Chamber1","	1","	B01??(%RH)","	80.5","	2026-07-28 14:06:18"
"	69BA0CDE","	Chamber1","	1","	B01??(?)","	4.2","	2026-07-28 14:06:18"
"	69BA0CDE","	Chamber1","	1","	B01??(%RH)","	80.5","	2026-07-28 14:06:16"
"	69BA0CDE","	Chamber1","	1","	B01??(?)","	4.2","	2026-07-28 14:06:16"
"	69BA0CDE","	Chamber1","	1","	B01??(%RH)","	80.5","	2026-07-28 14:06:14"
"	69BA0CDE","	Chamber1","	1","	B01??(?)","	4.2","	2026-07-28 14:06:14"
"	69BA0CDE","	Chamber1","	1","	B01??(%RH)","	80.5","	2026-07-28 14:06:12"
"	69BA0CDE","	Chamber1","	1","	B01??(?)","	4.3","	2026-07-28 14:06:12"
"	69BA0CDE","	Chamber1","	1","	B01??(%RH)","	80.5","	2026-07-28 14:06:10"
"	69BA0CDE","	Chamber1","	1","	B01??(?)","	4.3","	2026-07-28 14:06:10"
"	69BA0CDE","	Chamber1","	1","	B01??(%RH)","	80.5","	2026-07-28 14:06:08"
"	69BA0CDE","	Chamber1","	1","	B01??(?)","	4.3","	2026-07-28 14:06:08"
"	69BA0CDE","	Chamber1","	1","	B01??(%RH)","	80.5","	2026-07-28 14:06:06"
"	69BA0CDE","	Chamber1","	1","	B01??(?)","	4.3","	2026-07-28 14:06:06"
"	69BA0CDE","	Chamber1","	1","	B01??(%RH)","	80.5","	2026-07-28 14:06:04"
"	69BA0CDE","	Chamber1","	1","	B01??(?)","	4.3","	2026-07-28 14:06:04"
"	69BA0CDE","	Chamber1","	1","	B01??(%RH)","	80.5","	2026-07-28 14:06:02"
"	69BA0CDE","	Chamber1","	1","	B01??(?)","	4.3","	2026-07-28 14:06:02"
"	69BA0CDE","	Chamber1","	1","	B01??(%RH)","	80.5","	2026-07-28 14:06:00"
"	69BA0CDE","	Chamber1","	1","	B01??(?)","	4.2","	2026-07-28 14:06:00"
"	69BA0CDE","	Chamber1","	1","	B01??(%RH)","	80.5","	2026-07-28 14:05:58"
"	69BA0CDE","	Chamber1","	1","	B01??(?)","	4.2","	2026-07-28 14:05:58"
"	69BA0CDE","	Chamber1","	1","	B01??(%RH)","	80.5","	2026-07-28 14:05:56"
"	69BA0CDE","	Chamber1","	1","	B01??(?)","	4.3","	2026-07-28 14:05:56"
"	69BA0CDE","	Chamber1","	1","	B01??(%RH)","	80.5","	2026-07-28 14:05:54"
"	69BA0CDE","	Chamber1","	1","	B01??(?)","	4.3","	2026-07-28 14:05:54"
"	69BA0CDE","	Chamber1","	1","	B01??(%RH)","	80.5","	2026-07-28 14:05:52"
"	69BA0CDE","	Chamber1","	1","	B01??(?)","	4.2","	2026-07-28 14:05:52"
"	69BA0CDE","	Chamber1","	1","	B01??(%RH)","	80.5","	2026-07-28 14:05:50"
"	69BA0CDE","	Chamber1","	1","	B01??(?)","	4.3","	2026-07-28 14:05:50"
"	69BA0CDE","	Chamber1","	1","	B01??(%RH)","	80.5","	2026-07-28 14:05:48"
"	69BA0CDE","	Chamber1","	1","	B01??(?)","	4.2","	2026-07-28 14:05:48"
"	69BA0CDE","	Chamber1","	1","	B01??(%RH)","	80.5","	2026-07-28 14:05:45"
"	69BA0CDE","	Chamber1","	1","	B01??(?)","	4.2","	2026-07-28 14:05:45"
"	69BA0CDE","	Chamber1","	1","	B01??(%RH)","	80.5","	2026-07-28 14:05:43"
"	69BA0CDE","	Chamber1","	1","	B01??(?)","	4.2","	2026-07-28 14:05:43"
"	69BA0CDE","	Chamber1","	1","	B01??(%RH)","	80.5","	2026-07-28 14:05:41"
"	69BA0CDE","	Chamber1","	1","	B01??(?)","	4.3","	2026-07-28 14:05:41"
"	69BA0CDE","	Chamber1","	1","	B01??(%RH)","	80.5","	2026-07-28 14:05:39"
"	69BA0CDE","	Chamber1","	1","	B01??(?)","	4.2","	2026-07-28 14:05:39"
"	69BA0CDE","	Chamber1","	1","	B01??(%RH)","	80.5","	2026-07-28 14:05:37"
"	69BA0CDE","	Chamber1","	1","	B01??(?)","	4.3","	2026-07-28 14:05:37"
"	69BA0CDE","	Chamber1","	1","	B01??(%RH)","	80.5","	2026-07-28 14:05:35"
"	69BA0CDE","	Chamber1","	1","	B01??(?)","	4.3","	2026-07-28 14:05:35"
"	69BA0CDE","	Chamber1","	1","	B01??(%RH)","	80.5","	2026-07-28 14:05:33"
"	69BA0CDE","	Chamber1","	1","	B01??(?)","	4.2","	2026-07-28 14:05:33"
"	69BA0CDE","	Chamber1","	1","	B01??(%RH)","	80.5","	2026-07-28 14:05:31"
"	69BA0CDE","	Chamber1","	1","	B01??(?)","	4.2","	2026-07-28 14:05:31"
"	69BA0CDE","	Chamber1","	1","	B01??(%RH)","	80.5","	2026-07-28 14:05:29"
"	69BA0CDE","	Chamber1","	1","	B01??(?)","	4.3","	2026-07-28 14:05:29"
"	69BA0CDE","	Chamber1","	1","	B01??(%RH)","	80.5","	2026-07-28 14:05:27"
"	69BA0CDE","	Chamber1","	1","	B01??(?)","	4.2","	2026-07-28 14:05:27"
"	69BA0CDE","	Chamber1","	1","	B01??(%RH)","	80.5","	2026-07-28 14:05:25"
"	69BA0CDE","	Chamber1","	1","	B01??(?)","	4.2","	2026-07-28 14:05:25"
"	69BA0CDE","	Chamber1","	1","	B01??(%RH)","	80.5","	2026-07-28 14:05:23"
"	69BA0CDE","	Chamber1","	1","	B01??(?)","	4.3","	2026-07-28 14:05:23"
"	69BA0CDE","	Chamber1","	1","	B01??(%RH)","	80.5","	2026-07-28 14:05:21"
"	69BA0CDE","	Chamber1","	1","	B01??(?)","	4.2","	2026-07-28 14:05:21"
"	69BA0CDE","	Chamber1","	1","	B01??(%RH)","	80.5","	2026-07-28 14:05:19"
"	69BA0CDE","	Chamber1","	1","	B01??(?)","	4.2","	2026-07-28 14:05:19"
"	69BA0CDE","	Chamber1","	1","	B01??(%RH)","	80.5","	2026-07-28 14:05:17"
"	69BA0CDE","	Chamber1","	1","	B01??(?)","	4.2","	2026-07-28 14:05:17"
"	69BA0CDE","	Chamber1","	1","	B01??(%RH)","	80.5","	2026-07-28 14:05:15"
"	69BA0CDE","	Chamber1","	1","	B01??(?)","	4.3","	2026-07-28 14:05:15"
"	69BA0CDE","	Chamber1","	1","	B01??(%RH)","	80.5","	2026-07-28 14:05:13"
"	69BA0CDE","	Chamber1","	1","	B01??(?)","	4.2","	2026-07-28 14:05:13"
"	69BA0CDE","	Chamber1","	1","	B01??(%RH)","	80.5","	2026-07-28 14:05:11"
"	69BA0CDE","	Chamber1","	1","	B01??(?)","	4.2","	2026-07-28 14:05:11"
"	69BA0CDE","	Chamber1","	1","	B01??(%RH)","	80.5","	2026-07-28 14:05:09"
"	69BA0CDE","	Chamber1","	1","	B01??(?)","	4.2","	2026-07-28 14:05:09"
"	69BA0CDE","	Chamber1","	1","	B01??(%RH)","	80.5","	2026-07-28 14:05:07"
"	69BA0CDE","	Chamber1","	1","	B01??(?)","	4.2","	2026-07-28 14:05:07"
"	69BA0CDE","	Chamber1","	1","	B01??(%RH)","	80.5","	2026-07-28 14:05:05"
"	69BA0CDE","	Chamber1","	1","	B01??(?)","	4.2","	2026-07-28 14:05:05"
"	69BA0CDE","	Chamber1","	1","	B01??(%RH)","	80.5","	2026-07-28 14:05:02"
"	69BA0CDE","	Chamber1","	1","	B01??(?)","	4.2","	2026-07-28 14:05:02"
"	69BA0CDE","	Chamber1","	1","	B01??(%RH)","	80.5","	2026-07-28 14:05:00"
"	69BA0CDE","	Chamber1","	1","	B01??(?)","	4.2","	2026-07-28 14:05:00"
"	69BA0CDE","	Chamber1","	1","	B01??(%RH)","	80.5","	2026-07-28 14:04:58"
"	69BA0CDE","	Chamber1","	1","	B01??(?)","	4.2","	2026-07-28 14:04:58"
"	69BA0CDE","	Chamber1","	1","	B01??(%RH)","	80.5","	2026-07-28 14:04:56"
"	69BA0CDE","	Chamber1","	1","	B01??(?)","	4.3","	2026-07-28 14:04:56"
"	69BA0CDE","	Chamber1","	1","	B01??(%RH)","	80.5","	2026-07-28 14:04:54"
"	69BA0CDE","	Chamber1","	1","	B01??(?)","	4.2","	2026-07-28 14:04:54"
"	69BA0CDE","	Chamber1","	1","	B01??(%RH)","	80.5","	2026-07-28 14:04:52"
"	69BA0CDE","	Chamber1","	1","	B01??(?)","	4.2","	2026-07-28 14:04:52"
"	69BA0CDE","	Chamber1","	1","	B01??(%RH)","	80.5","	2026-07-28 14:04:50"
"	69BA0CDE","	Chamber1","	1","	B01??(?)","	4.2","	2026-07-28 14:04:50"
"	69BA0CDE","	Chamber1","	1","	B01??(%RH)","	80.5","	2026-07-28 14:04:48"
"	69BA0CDE","	Chamber1","	1","	B01??(?)","	4.2","	2026-07-28 14:04:48"
"	69BA0CDE","	Chamber1","	1","	B01??(%RH)","	80.5","	2026-07-28 14:04:46"
"	69BA0CDE","	Chamber1","	1","	B01??(?)","	4.2","	2026-07-28 14:04:46"
"	69BA0CDE","	Chamber1","	1","	B01??(%RH)","	80.5","	2026-07-28 14:04:44"
"	69BA0CDE","	Chamber1","	1","	B01??(?)","	4.2","	2026-07-28 14:04:44"
"	69BA0CDE","	Chamber1","	1","	B01??(%RH)","	80.5","	2026-07-28 14:04:42"
"	69BA0CDE","	Chamber1","	1","	B01??(?)","	4.2","	2026-07-28 14:04:42"
"	69BA0CDE","	Chamber1","	1","	B01??(%RH)","	80.5","	2026-07-28 14:04:40"
"	69BA0CDE","	Chamber1","	1","	B01??(?)","	4.2","	2026-07-28 14:04:40"
"	69BA0CDE","	Chamber1","	1","	B01??(%RH)","	80.5","	2026-07-28 14:04:38"
"	69BA0CDE","	Chamber1","	1","	B01??(?)","	4.2","	2026-07-28 14:04:38"
"	69BA0CDE","	Chamber1","	1","	B01??(%RH)","	80.5","	2026-07-28 14:04:36"
"	69BA0CDE","	Chamber1","	1","	B01??(?)","	4.2","	2026-07-28 14:04:36"
"	69BA0CDE","	Chamber1","	1","	B01??(%RH)","	80.5","	2026-07-28 14:04:34"
"	69BA0CDE","	Chamber1","	1","	B01??(?)","	4.2","	2026-07-28 14:04:34"
"	69BA0CDE","	Chamber1","	1","	B01??(%RH)","	80.5","	2026-07-28 14:04:32"
"	69BA0CDE","	Chamber1","	1","	B01??(?)","	4.2","	2026-07-28 14:04:32"
"	69BA0CDE","	Chamber1","	1","	B01??(%RH)","	80.5","	2026-07-28 14:04:30"
"	69BA0CDE","	Chamber1","	1","	B01??(?)","	4.2","	2026-07-28 14:04:30"
"	69BA0CDE","	Chamber1","	1","	B01??(%RH)","	80.5","	2026-07-28 14:04:28"
"	69BA0CDE","	Chamber1","	1","	B01??(?)","	4.2","	2026-07-28 14:04:28"
"	69BA0CDE","	Chamber1","	1","	B01??(%RH)","	80.5","	2026-07-28 14:04:26"
"	69BA0CDE","	Chamber1","	1","	B01??(?)","	4.2","	2026-07-28 14:04:26"
"	69BA0CDE","	Chamber1","	1","	B01??(%RH)","	80.5","	2026-07-28 14:04:24"
"	69BA0CDE","	Chamber1","	1","	B01??(?)","	4.2","	2026-07-28 14:04:24"
"	69BA0CDE","	Chamber1","	1","	B01??(%RH)","	80.5","	2026-07-28 14:04:22"
"	69BA0CDE","	Chamber1","	1","	B01??(?)","	4.2","	2026-07-28 14:04:22"
"	69BA0CDE","	Chamber1","	1","	B01??(%RH)","	80.5","	2026-07-28 14:04:19"
"	69BA0CDE","	Chamber1","	1","	B01??(?)","	4.3","	2026-07-28 14:04:19"
"	69BA0CDE","	Chamber1","	1","	B01??(%RH)","	80.5","	2026-07-28 14:04:17"
"	69BA0CDE","	Chamber1","	1","	B01??(?)","	4.3","	2026-07-28 14:04:17"
"	69BA0CDE","	Chamber1","	1","	B01??(%RH)","	80.5","	2026-07-28 14:04:15"
"	69BA0CDE","	Chamber1","	1","	B01??(?)","	4.2","	2026-07-28 14:04:15"
"	69BA0CDE","	Chamber1","	1","	B01??(%RH)","	80.5","	2026-07-28 14:04:13"
"	69BA0CDE","	Chamber1","	1","	B01??(?)","	4.2","	2026-07-28 14:04:13"
"	69BA0CDE","	Chamber1","	1","	B01??(%RH)","	80.5","	2026-07-28 14:04:11"
"	69BA0CDE","	Chamber1","	1","	B01??(?)","	4.2","	2026-07-28 14:04:11"
"	69BA0CDE","	Chamber1","	1","	B01??(%RH)","	80.5","	2026-07-28 14:04:09"
"	69BA0CDE","	Chamber1","	1","	B01??(?)","	4.2","	2026-07-28 14:04:09"
"	69BA0CDE","	Chamber1","	1","	B01??(%RH)","	80.5","	2026-07-28 14:04:07"
"	69BA0CDE","	Chamber1","	1","	B01??(?)","	4.2","	2026-07-28 14:04:07"
"	69BA0CDE","	Chamber1","	1","	B01??(%RH)","	80.5","	2026-07-28 14:04:05"
"	69BA0CDE","	Chamber1","	1","	B01??(?)","	4.2","	2026-07-28 14:04:05"
"	69BA0CDE","	Chamber1","	1","	B01??(%RH)","	80.5","	2026-07-28 14:04:03"
"	69BA0CDE","	Chamber1","	1","	B01??(?)","	4.2","	2026-07-28 14:04:03"
"	69BA0CDE","	Chamber1","	1","	B01??(%RH)","	80.5","	2026-07-28 14:04:01"
"	69BA0CDE","	Chamber1","	1","	B01??(?)","	4.2","	2026-07-28 14:04:01"
"	69BA0CDE","	Chamber1","	1","	B01??(%RH)","	80.5","	2026-07-28 14:03:59"
"	69BA0CDE","	Chamber1","	1","	B01??(?)","	4.2","	2026-07-28 14:03:59"
"	69BA0CDE","	Chamber1","	1","	B01??(%RH)","	80.5","	2026-07-28 14:03:57"
"	69BA0CDE","	Chamber1","	1","	B01??(?)","	4.2","	2026-07-28 14:03:57"
"	69BA0CDE","	Chamber1","	1","	B01??(%RH)","	80.5","	2026-07-28 14:03:55"
"	69BA0CDE","	Chamber1","	1","	B01??(?)","	4.2","	2026-07-28 14:03:55"
"	69BA0CDE","	Chamber1","	1","	B01??(%RH)","	80.5","	2026-07-28 14:03:53"
"	69BA0CDE","	Chamber1","	1","	B01??(?)","	4.2","	2026-07-28 14:03:53"
"	69BA0CDE","	Chamber1","	1","	B01??(%RH)","	80.5","	2026-07-28 14:03:51"
"	69BA0CDE","	Chamber1","	1","	B01??(?)","	4.2","	2026-07-28 14:03:51"
"	69BA0CDE","	Chamber1","	1","	B01??(%RH)","	80.5","	2026-07-28 14:03:49"
"	69BA0CDE","	Chamber1","	1","	B01??(?)","	4.2","	2026-07-28 14:03:49"
"	69BA0CDE","	Chamber1","	1","	B01??(%RH)","	80.5","	2026-07-28 14:03:47"
"	69BA0CDE","	Chamber1","	1","	B01??(?)","	4.2","	2026-07-28 14:03:47"
"	69BA0CDE","	Chamber1","	1","	B01??(%RH)","	80.5","	2026-07-28 14:03:45"
"	69BA0CDE","	Chamber1","	1","	B01??(?)","	4.2","	2026-07-28 14:03:45"
"	69BA0CDE","	Chamber1","	1","	B01??(%RH)","	80.5","	2026-07-28 14:03:43"
"	69BA0CDE","	Chamber1","	1","	B01??(?)","	4.2","	2026-07-28 14:03:43"
"	69BA0CDE","	Chamber1","	1","	B01??(%RH)","	80.5","	2026-07-28 14:03:41"
"	69BA0CDE","	Chamber1","	1","	B01??(?)","	4.2","	2026-07-28 14:03:41"
"	69BA0CDE","	Chamber1","	1","	B01??(%RH)","	80.5","	2026-07-28 14:03:39"
"	69BA0CDE","	Chamber1","	1","	B01??(?)","	4.2","	2026-07-28 14:03:39"
"	69BA0CDE","	Chamber1","	1","	B01??(%RH)","	80.5","	2026-07-28 14:03:36"
"	69BA0CDE","	Chamber1","	1","	B01??(?)","	4.2","	2026-07-28 14:03:36"
"	69BA0CDE","	Chamber1","	1","	B01??(%RH)","	80.5","	2026-07-28 14:03:34"
"	69BA0CDE","	Chamber1","	1","	B01??(?)","	4.2","	2026-07-28 14:03:34"
"	69BA0CDE","	Chamber1","	1","	B01??(%RH)","	80.5","	2026-07-28 14:03:32"
"	69BA0CDE","	Chamber1","	1","	B01??(?)","	4.2","	2026-07-28 14:03:32"
"	69BA0CDE","	Chamber1","	1","	B01??(%RH)","	80.5","	2026-07-28 14:03:30"
"	69BA0CDE","	Chamber1","	1","	B01??(?)","	4.2","	2026-07-28 14:03:30"
"	69BA0CDE","	Chamber1","	1","	B01??(%RH)","	80.5","	2026-07-28 14:03:28"
"	69BA0CDE","	Chamber1","	1","	B01??(?)","	4.2","	2026-07-28 14:03:28"
"	69BA0CDE","	Chamber1","	1","	B01??(%RH)","	80.5","	2026-07-28 14:03:26"
"	69BA0CDE","	Chamber1","	1","	B01??(?)","	4.2","	2026-07-28 14:03:26"
"	69BA0CDE","	Chamber1","	1","	B01??(%RH)","	80.5","	2026-07-28 14:03:24"
"	69BA0CDE","	Chamber1","	1","	B01??(?)","	4.2","	2026-07-28 14:03:24"
"	69BA0CDE","	Chamber1","	1","	B01??(%RH)","	80.5","	2026-07-28 14:03:22"
"	69BA0CDE","	Chamber1","	1","	B01??(?)","	4.2","	2026-07-28 14:03:22"
"	69BA0CDE","	Chamber1","	1","	B01??(%RH)","	80.5","	2026-07-28 14:03:20"
"	69BA0CDE","	Chamber1","	1","	B01??(?)","	4.2","	2026-07-28 14:03:20"
"	69BA0CDE","	Chamber1","	1","	B01??(%RH)","	80.5","	2026-07-28 14:03:18"
"	69BA0CDE","	Chamber1","	1","	B01??(?)","	4.2","	2026-07-28 14:03:18"
"	69BA0CDE","	Chamber1","	1","	B01??(%RH)","	80.5","	2026-07-28 14:03:16"
"	69BA0CDE","	Chamber1","	1","	B01??(?)","	4.2","	2026-07-28 14:03:16"
"	69BA0CDE","	Chamber1","	1","	B01??(%RH)","	80.5","	2026-07-28 14:03:14"
"	69BA0CDE","	Chamber1","	1","	B01??(?)","	4.2","	2026-07-28 14:03:14"
"	69BA0CDE","	Chamber1","	1","	B01??(%RH)","	80.5","	2026-07-28 14:03:12"
"	69BA0CDE","	Chamber1","	1","	B01??(?)","	4.2","	2026-07-28 14:03:12"
"	69BA0CDE","	Chamber1","	1","	B01??(%RH)","	80.5","	2026-07-28 14:03:10"
"	69BA0CDE","	Chamber1","	1","	B01??(?)","	4.2","	2026-07-28 14:03:10"
"	69BA0CDE","	Chamber1","	1","	B01??(%RH)","	80.5","	2026-07-28 14:03:08"
"	69BA0CDE","	Chamber1","	1","	B01??(?)","	4.2","	2026-07-28 14:03:08"
"	69BA0CDE","	Chamber1","	1","	B01??(%RH)","	80.5","	2026-07-28 14:03:06"
"	69BA0CDE","	Chamber1","	1","	B01??(?)","	4.2","	2026-07-28 14:03:06"
"	69BA0CDE","	Chamber1","	1","	B01??(%RH)","	80.5","	2026-07-28 14:03:04"
"	69BA0CDE","	Chamber1","	1","	B01??(?)","	4.2","	2026-07-28 14:03:04"
"	69BA0CDE","	Chamber1","	1","	B01??(%RH)","	80.5","	2026-07-28 14:03:02"
"	69BA0CDE","	Chamber1","	1","	B01??(?)","	4.2","	2026-07-28 14:03:02"
"	69BA0CDE","	Chamber1","	1","	B01??(%RH)","	80.5","	2026-07-28 14:03:00"
"	69BA0CDE","	Chamber1","	1","	B01??(?)","	4.2","	2026-07-28 14:03:00"
"	69BA0CDE","	Chamber1","	1","	B01??(%RH)","	80.5","	2026-07-28 14:02:58"
"	69BA0CDE","	Chamber1","	1","	B01??(?)","	4.2","	2026-07-28 14:02:58"
"	69BA0CDE","	Chamber1","	1","	B01??(%RH)","	80.5","	2026-07-28 14:02:56"
"	69BA0CDE","	Chamber1","	1","	B01??(?)","	4.2","	2026-07-28 14:02:56"
"	69BA0CDE","	Chamber1","	1","	B01??(%RH)","	80.5","	2026-07-28 14:02:53"
"	69BA0CDE","	Chamber1","	1","	B01??(?)","	4.2","	2026-07-28 14:02:53"
"	69BA0CDE","	Chamber1","	1","	B01??(%RH)","	80.5","	2026-07-28 14:02:51"
"	69BA0CDE","	Chamber1","	1","	B01??(?)","	4.2","	2026-07-28 14:02:51"
"	69BA0CDE","	Chamber1","	1","	B01??(%RH)","	80.5","	2026-07-28 14:02:49"
"	69BA0CDE","	Chamber1","	1","	B01??(?)","	4.2","	2026-07-28 14:02:49"
"	69BA0CDE","	Chamber1","	1","	B01??(%RH)","	80.5","	2026-07-28 14:02:47"
"	69BA0CDE","	Chamber1","	1","	B01??(?)","	4.2","	2026-07-28 14:02:47"
"	69BA0CDE","	Chamber1","	1","	B01??(%RH)","	80.5","	2026-07-28 14:02:45"
"	69BA0CDE","	Chamber1","	1","	B01??(?)","	4.2","	2026-07-28 14:02:45"
"	69BA0CDE","	Chamber1","	1","	B01??(%RH)","	80.5","	2026-07-28 14:02:43"
"	69BA0CDE","	Chamber1","	1","	B01??(?)","	4.2","	2026-07-28 14:02:43"
"	69BA0CDE","	Chamber1","	1","	B01??(%RH)","	80.5","	2026-07-28 14:02:41"
"	69BA0CDE","	Chamber1","	1","	B01??(?)","	4.2","	2026-07-28 14:02:41"
"	69BA0CDE","	Chamber1","	1","	B01??(%RH)","	80.5","	2026-07-28 14:02:39"
"	69BA0CDE","	Chamber1","	1","	B01??(?)","	4.2","	2026-07-28 14:02:39"
"	69BA0CDE","	Chamber1","	1","	B01??(%RH)","	80.5","	2026-07-28 14:02:37"
"	69BA0CDE","	Chamber1","	1","	B01??(?)","	4.2","	2026-07-28 14:02:37"
"	69BA0CDE","	Chamber1","	1","	B01??(%RH)","	80.5","	2026-07-28 14:02:35"
"	69BA0CDE","	Chamber1","	1","	B01??(?)","	4.2","	2026-07-28 14:02:35"
"	69BA0CDE","	Chamber1","	1","	B01??(%RH)","	80.5","	2026-07-28 14:02:33"
"	69BA0CDE","	Chamber1","	1","	B01??(?)","	4.2","	2026-07-28 14:02:33"
"	69BA0CDE","	Chamber1","	1","	B01??(%RH)","	80.5","	2026-07-28 14:02:31"
"	69BA0CDE","	Chamber1","	1","	B01??(?)","	4.2","	2026-07-28 14:02:31"
"	69BA0CDE","	Chamber1","	1","	B01??(%RH)","	80.5","	2026-07-28 14:02:29"
"	69BA0CDE","	Chamber1","	1","	B01??(?)","	4.2","	2026-07-28 14:02:29"
"	69BA0CDE","	Chamber1","	1","	B01??(%RH)","	80.5","	2026-07-28 14:02:27"
"	69BA0CDE","	Chamber1","	1","	B01??(?)","	4.2","	2026-07-28 14:02:27"
"	69BA0CDE","	Chamber1","	1","	B01??(%RH)","	80.5","	2026-07-28 14:02:25"
"	69BA0CDE","	Chamber1","	1","	B01??(?)","	4.2","	2026-07-28 14:02:25"
"	69BA0CDE","	Chamber1","	1","	B01??(%RH)","	80.5","	2026-07-28 14:02:23"
"	69BA0CDE","	Chamber1","	1","	B01??(?)","	4.2","	2026-07-28 14:02:23"
"	69BA0CDE","	Chamber1","	1","	B01??(%RH)","	80.5","	2026-07-28 14:02:21"
"	69BA0CDE","	Chamber1","	1","	B01??(?)","	4.2","	2026-07-28 14:02:21"
"	69BA0CDE","	Chamber1","	1","	B01??(%RH)","	80.5","	2026-07-28 14:02:19"
"	69BA0CDE","	Chamber1","	1","	B01??(?)","	4.2","	2026-07-28 14:02:19"
"	69BA0CDE","	Chamber1","	1","	B01??(%RH)","	80.5","	2026-07-28 14:02:17"
"	69BA0CDE","	Chamber1","	1","	B01??(?)","	4.2","	2026-07-28 14:02:17"
"	69BA0CDE","	Chamber1","	1","	B01??(%RH)","	80.5","	2026-07-28 14:02:15"
"	69BA0CDE","	Chamber1","	1","	B01??(?)","	4.2","	2026-07-28 14:02:15"
"	69BA0CDE","	Chamber1","	1","	B01??(%RH)","	80.5","	2026-07-28 14:02:13"
"	69BA0CDE","	Chamber1","	1","	B01??(?)","	4.2","	2026-07-28 14:02:13"
"	69BA0CDE","	Chamber1","	1","	B01??(%RH)","	80.5","	2026-07-28 14:02:10"
"	69BA0CDE","	Chamber1","	1","	B01??(?)","	4.2","	2026-07-28 14:02:10"
"	69BA0CDE","	Chamber1","	1","	B01??(%RH)","	80.5","	2026-07-28 14:02:08"
"	69BA0CDE","	Chamber1","	1","	B01??(?)","	4.2","	2026-07-28 14:02:08"
"	69BA0CDE","	Chamber1","	1","	B01??(%RH)","	80.5","	2026-07-28 14:02:06"
"	69BA0CDE","	Chamber1","	1","	B01??(?)","	4.2","	2026-07-28 14:02:06"
"	69BA0CDE","	Chamber1","	1","	B01??(%RH)","	80.5","	2026-07-28 14:02:04"
"	69BA0CDE","	Chamber1","	1","	B01??(?)","	4.2","	2026-07-28 14:02:04"
"	69BA0CDE","	Chamber1","	1","	B01??(%RH)","	80.5","	2026-07-28 14:02:02"
"	69BA0CDE","	Chamber1","	1","	B01??(?)","	4.2","	2026-07-28 14:02:02"
"	69BA0CDE","	Chamber1","	1","	B01??(%RH)","	80.5","	2026-07-28 14:02:00"
"	69BA0CDE","	Chamber1","	1","	B01??(?)","	4.2","	2026-07-28 14:02:00"
"	69BA0CDE","	Chamber1","	1","	B01??(%RH)","	80.5","	2026-07-28 14:01:58"
"	69BA0CDE","	Chamber1","	1","	B01??(?)","	4.2","	2026-07-28 14:01:58"
"	69BA0CDE","	Chamber1","	1","	B01??(%RH)","	80.5","	2026-07-28 14:01:56"
"	69BA0CDE","	Chamber1","	1","	B01??(?)","	4.2","	2026-07-28 14:01:56"
"	69BA0CDE","	Chamber1","	1","	B01??(%RH)","	80.5","	2026-07-28 14:01:54"
"	69BA0CDE","	Chamber1","	1","	B01??(?)","	4.2","	2026-07-28 14:01:54"
"	69BA0CDE","	Chamber1","	1","	B01??(%RH)","	80.5","	2026-07-28 14:01:52"
"	69BA0CDE","	Chamber1","	1","	B01??(?)","	4.2","	2026-07-28 14:01:52"
"	69BA0CDE","	Chamber1","	1","	B01??(%RH)","	80.5","	2026-07-28 14:01:50"
"	69BA0CDE","	Chamber1","	1","	B01??(?)","	4.2","	2026-07-28 14:01:50"
"	69BA0CDE","	Chamber1","	1","	B01??(%RH)","	80.5","	2026-07-28 14:01:48"
"	69BA0CDE","	Chamber1","	1","	B01??(?)","	4.2","	2026-07-28 14:01:48"
"	69BA0CDE","	Chamber1","	1","	B01??(%RH)","	80.5","	2026-07-28 14:01:46"
"	69BA0CDE","	Chamber1","	1","	B01??(?)","	4.2","	2026-07-28 14:01:46"
"	69BA0CDE","	Chamber1","	1","	B01??(%RH)","	80.5","	2026-07-28 14:01:44"
"	69BA0CDE","	Chamber1","	1","	B01??(?)","	4.2","	2026-07-28 14:01:44"
"	69BA0CDE","	Chamber1","	1","	B01??(%RH)","	80.5","	2026-07-28 14:01:42"
"	69BA0CDE","	Chamber1","	1","	B01??(?)","	4.2","	2026-07-28 14:01:42"
"	69BA0CDE","	Chamber1","	1","	B01??(%RH)","	80.5","	2026-07-28 14:01:40"
"	69BA0CDE","	Chamber1","	1","	B01??(?)","	4.2","	2026-07-28 14:01:40"
"	69BA0CDE","	Chamber1","	1","	B01??(%RH)","	80.5","	2026-07-28 14:01:38"
"	69BA0CDE","	Chamber1","	1","	B01??(?)","	4.2","	2026-07-28 14:01:38"
"	69BA0CDE","	Chamber1","	1","	B01??(%RH)","	80.5","	2026-07-28 14:01:36"
"	69BA0CDE","	Chamber1","	1","	B01??(?)","	4.2","	2026-07-28 14:01:36"
"	69BA0CDE","	Chamber1","	1","	B01??(%RH)","	80.5","	2026-07-28 14:01:34"
"	69BA0CDE","	Chamber1","	1","	B01??(?)","	4.2","	2026-07-28 14:01:34"
"	69BA0CDE","	Chamber1","	1","	B01??(%RH)","	80.5","	2026-07-28 14:01:32"
"	69BA0CDE","	Chamber1","	1","	B01??(?)","	4.2","	2026-07-28 14:01:32"
"	69BA0CDE","	Chamber1","	1","	B01??(%RH)","	80.5","	2026-07-28 14:01:30"
"	69BA0CDE","	Chamber1","	1","	B01??(?)","	4.2","	2026-07-28 14:01:30"
"	69BA0CDE","	Chamber1","	1","	B01??(%RH)","	80.5","	2026-07-28 14:01:27"
"	69BA0CDE","	Chamber1","	1","	B01??(?)","	4.2","	2026-07-28 14:01:27"
"	69BA0CDE","	Chamber1","	1","	B01??(%RH)","	80.5","	2026-07-28 14:01:25"
"	69BA0CDE","	Chamber1","	1","	B01??(?)","	4.2","	2026-07-28 14:01:25"
"	69BA0CDE","	Chamber1","	1","	B01??(%RH)","	80.5","	2026-07-28 14:01:23"
"	69BA0CDE","	Chamber1","	1","	B01??(?)","	4.2","	2026-07-28 14:01:23"
"	69BA0CDE","	Chamber1","	1","	B01??(%RH)","	80.5","	2026-07-28 14:01:21"
"	69BA0CDE","	Chamber1","	1","	B01??(?)","	4.2","	2026-07-28 14:01:21"
"	69BA0CDE","	Chamber1","	1","	B01??(%RH)","	80.5","	2026-07-28 14:01:19"
"	69BA0CDE","	Chamber1","	1","	B01??(?)","	4.2","	2026-07-28 14:01:19"
"	69BA0CDE","	Chamber1","	1","	B01??(%RH)","	80.5","	2026-07-28 14:01:17"
"	69BA0CDE","	Chamber1","	1","	B01??(?)","	4.2","	2026-07-28 14:01:17"
"	69BA0CDE","	Chamber1","	1","	B01??(%RH)","	80.5","	2026-07-28 14:01:15"
"	69BA0CDE","	Chamber1","	1","	B01??(?)","	4.2","	2026-07-28 14:01:15"
"	69BA0CDE","	Chamber1","	1","	B01??(%RH)","	80.5","	2026-07-28 14:01:13"
"	69BA0CDE","	Chamber1","	1","	B01??(?)","	4.2","	2026-07-28 14:01:13"
"	69BA0CDE","	Chamber1","	1","	B01??(%RH)","	80.5","	2026-07-28 14:01:11"
"	69BA0CDE","	Chamber1","	1","	B01??(?)","	4.2","	2026-07-28 14:01:11"
"	69BA0CDE","	Chamber1","	1","	B01??(%RH)","	80.5","	2026-07-28 14:01:09"
"	69BA0CDE","	Chamber1","	1","	B01??(?)","	4.2","	2026-07-28 14:01:09"
"	69BA0CDE","	Chamber1","	1","	B01??(%RH)","	80.5","	2026-07-28 14:01:07"
"	69BA0CDE","	Chamber1","	1","	B01??(?)","	4.2","	2026-07-28 14:01:07"
"	69BA0CDE","	Chamber1","	1","	B01??(%RH)","	80.5","	2026-07-28 14:01:05"
"	69BA0CDE","	Chamber1","	1","	B01??(?)","	4.2","	2026-07-28 14:01:05"
"	69BA0CDE","	Chamber1","	1","	B01??(%RH)","	80.5","	2026-07-28 14:01:03"
"	69BA0CDE","	Chamber1","	1","	B01??(?)","	4.2","	2026-07-28 14:01:03"
"	69BA0CDE","	Chamber1","	1","	B01??(%RH)","	80.5","	2026-07-28 14:01:01"
"	69BA0CDE","	Chamber1","	1","	B01??(?)","	4.2","	2026-07-28 14:01:01"
"	69BA0CDE","	Chamber1","	1","	B01??(%RH)","	80.5","	2026-07-28 14:00:59"
"	69BA0CDE","	Chamber1","	1","	B01??(?)","	4.2","	2026-07-28 14:00:59"
"	69BA0CDE","	Chamber1","	1","	B01??(%RH)","	80.5","	2026-07-28 14:00:57"
"	69BA0CDE","	Chamber1","	1","	B01??(?)","	4.2","	2026-07-28 14:00:57"
"	69BA0CDE","	Chamber1","	1","	B01??(%RH)","	80.5","	2026-07-28 14:00:55"
"	69BA0CDE","	Chamber1","	1","	B01??(?)","	4.2","	2026-07-28 14:00:55"
"	69BA0CDE","	Chamber1","	1","	B01??(%RH)","	80.5","	2026-07-28 14:00:53"
"	69BA0CDE","	Chamber1","	1","	B01??(?)","	4.2","	2026-07-28 14:00:53"
"	69BA0CDE","	Chamber1","	1","	B01??(%RH)","	80.5","	2026-07-28 14:00:51"
"	69BA0CDE","	Chamber1","	1","	B01??(?)","	4.2","	2026-07-28 14:00:51"
"	69BA0CDE","	Chamber1","	1","	B01??(%RH)","	80.5","	2026-07-28 14:00:49"
"	69BA0CDE","	Chamber1","	1","	B01??(?)","	4.2","	2026-07-28 14:00:49"
"	69BA0CDE","	Chamber1","	1","	B01??(%RH)","	80.5","	2026-07-28 14:00:47"
"	69BA0CDE","	Chamber1","	1","	B01??(?)","	4.2","	2026-07-28 14:00:47"
"	69BA0CDE","	Chamber1","	1","	B01??(%RH)","	80.5","	2026-07-28 14:00:45"
"	69BA0CDE","	Chamber1","	1","	B01??(?)","	4.2","	2026-07-28 14:00:45"
"	69BA0CDE","	Chamber1","	1","	B01??(%RH)","	80.5","	2026-07-28 14:00:42"
"	69BA0CDE","	Chamber1","	1","	B01??(?)","	4.2","	2026-07-28 14:00:42"
"	69BA0CDE","	Chamber1","	1","	B01??(%RH)","	80.5","	2026-07-28 14:00:40"
"	69BA0CDE","	Chamber1","	1","	B01??(?)","	4.2","	2026-07-28 14:00:40"
"	69BA0CDE","	Chamber1","	1","	B01??(%RH)","	80.5","	2026-07-28 14:00:38"
"	69BA0CDE","	Chamber1","	1","	B01??(?)","	4.2","	2026-07-28 14:00:38"
"	69BA0CDE","	Chamber1","	1","	B01??(%RH)","	80.5","	2026-07-28 14:00:36"
"	69BA0CDE","	Chamber1","	1","	B01??(?)","	4.2","	2026-07-28 14:00:36"
"	69BA0CDE","	Chamber1","	1","	B01??(%RH)","	80.5","	2026-07-28 14:00:34"
"	69BA0CDE","	Chamber1","	1","	B01??(?)","	4.2","	2026-07-28 14:00:34"
"	69BA0CDE","	Chamber1","	1","	B01??(%RH)","	80.5","	2026-07-28 14:00:32"
"	69BA0CDE","	Chamber1","	1","	B01??(?)","	4.2","	2026-07-28 14:00:32"
"	69BA0CDE","	Chamber1","	1","	B01??(%RH)","	80.5","	2026-07-28 14:00:30"
"	69BA0CDE","	Chamber1","	1","	B01??(?)","	4.2","	2026-07-28 14:00:30"
"	69BA0CDE","	Chamber1","	1","	B01??(%RH)","	80.5","	2026-07-28 14:00:28"
"	69BA0CDE","	Chamber1","	1","	B01??(?)","	4.2","	2026-07-28 14:00:28"
"	69BA0CDE","	Chamber1","	1","	B01??(%RH)","	80.5","	2026-07-28 14:00:26"
"	69BA0CDE","	Chamber1","	1","	B01??(?)","	4.2","	2026-07-28 14:00:26"
"	69BA0CDE","	Chamber1","	1","	B01??(%RH)","	80.5","	2026-07-28 14:00:24"
"	69BA0CDE","	Chamber1","	1","	B01??(?)","	4.2","	2026-07-28 14:00:24"
"	69BA0CDE","	Chamber1","	1","	B01??(%RH)","	80.5","	2026-07-28 14:00:22"
"	69BA0CDE","	Chamber1","	1","	B01??(?)","	4.2","	2026-07-28 14:00:22"
"	69BA0CDE","	Chamber1","	1","	B01??(%RH)","	80.5","	2026-07-28 14:00:20"
"	69BA0CDE","	Chamber1","	1","	B01??(?)","	4.2","	2026-07-28 14:00:20"
"	69BA0CDE","	Chamber1","	1","	B01??(%RH)","	80.5","	2026-07-28 14:00:18"
"	69BA0CDE","	Chamber1","	1","	B01??(?)","	4.2","	2026-07-28 14:00:18"
"	69BA0CDE","	Chamber1","	1","	B01??(%RH)","	80.5","	2026-07-28 14:00:16"
"	69BA0CDE","	Chamber1","	1","	B01??(?)","	4.2","	2026-07-28 14:00:16"
"	69BA0CDE","	Chamber1","	1","	B01??(%RH)","	80.5","	2026-07-28 14:00:14"
"	69BA0CDE","	Chamber1","	1","	B01??(?)","	4.2","	2026-07-28 14:00:14"
"	69BA0CDE","	Chamber1","	1","	B01??(%RH)","	80.5","	2026-07-28 14:00:12"
"	69BA0CDE","	Chamber1","	1","	B01??(?)","	4.2","	2026-07-28 14:00:12"
"	69BA0CDE","	Chamber1","	1","	B01??(%RH)","	80.5","	2026-07-28 14:00:10"
"	69BA0CDE","	Chamber1","	1","	B01??(?)","	4.2","	2026-07-28 14:00:10"
"	69BA0CDE","	Chamber1","	1","	B01??(%RH)","	80.5","	2026-07-28 14:00:08"
"	69BA0CDE","	Chamber1","	1","	B01??(?)","	4.2","	2026-07-28 14:00:08"
"	69BA0CDE","	Chamber1","	1","	B01??(%RH)","	80.5","	2026-07-28 14:00:06"
"	69BA0CDE","	Chamber1","	1","	B01??(?)","	4.2","	2026-07-28 14:00:06"
"	69BA0CDE","	Chamber1","	1","	B01??(%RH)","	80.5","	2026-07-28 14:00:04"
"	69BA0CDE","	Chamber1","	1","	B01??(?)","	4.2","	2026-07-28 14:00:04"
"	69BA0CDE","	Chamber1","	1","	B01??(%RH)","	80.5","	2026-07-28 14:00:01"
"	69BA0CDE","	Chamber1","	1","	B01??(?)","	4.2","	2026-07-28 14:00:01"
"	69BA0CDE","	Chamber1","	1","	B01??(%RH)","	80.5","	2026-07-28 13:59:59"
"	69BA0CDE","	Chamber1","	1","	B01??(?)","	4.2","	2026-07-28 13:59:59"
"	69BA0CDE","	Chamber1","	1","	B01??(%RH)","	80.5","	2026-07-28 13:59:57"
"	69BA0CDE","	Chamber1","	1","	B01??(?)","	4.2","	2026-07-28 13:59:57"
"	69BA0CDE","	Chamber1","	1","	B01??(%RH)","	80.5","	2026-07-28 13:59:55"
"	69BA0CDE","	Chamber1","	1","	B01??(?)","	4.2","	2026-07-28 13:59:55"
"	69BA0CDE","	Chamber1","	1","	B01??(%RH)","	80.5","	2026-07-28 13:59:53"
"	69BA0CDE","	Chamber1","	1","	B01??(?)","	4.2","	2026-07-28 13:59:53"
"	69BA0CDE","	Chamber1","	1","	B01??(%RH)","	80.5","	2026-07-28 13:59:51"
"	69BA0CDE","	Chamber1","	1","	B01??(?)","	4.2","	2026-07-28 13:59:51"
"	69BA0CDE","	Chamber1","	1","	B01??(%RH)","	80.5","	2026-07-28 13:59:49"
"	69BA0CDE","	Chamber1","	1","	B01??(?)","	4.2","	2026-07-28 13:59:49"
"	69BA0CDE","	Chamber1","	1","	B01??(%RH)","	80.5","	2026-07-28 13:59:47"
"	69BA0CDE","	Chamber1","	1","	B01??(?)","	4.2","	2026-07-28 13:59:47"
"	69BA0CDE","	Chamber1","	1","	B01??(%RH)","	80.5","	2026-07-28 13:59:45"
"	69BA0CDE","	Chamber1","	1","	B01??(?)","	4.2","	2026-07-28 13:59:45"
"	69BA0CDE","	Chamber1","	1","	B01??(%RH)","	80.5","	2026-07-28 13:59:43"
"	69BA0CDE","	Chamber1","	1","	B01??(?)","	4.2","	2026-07-28 13:59:43"
"	69BA0CDE","	Chamber1","	1","	B01??(%RH)","	80.5","	2026-07-28 13:59:41"
"	69BA0CDE","	Chamber1","	1","	B01??(?)","	4.2","	2026-07-28 13:59:41"
"	69BA0CDE","	Chamber1","	1","	B01??(%RH)","	80.5","	2026-07-28 13:59:39"
"	69BA0CDE","	Chamber1","	1","	B01??(?)","	4.2","	2026-07-28 13:59:39"
"	69BA0CDE","	Chamber1","	1","	B01??(%RH)","	80.5","	2026-07-28 13:59:37"
"	69BA0CDE","	Chamber1","	1","	B01??(?)","	4.2","	2026-07-28 13:59:37"
"	69BA0CDE","	Chamber1","	1","	B01??(%RH)","	80.5","	2026-07-28 13:59:35"
"	69BA0CDE","	Chamber1","	1","	B01??(?)","	4.2","	2026-07-28 13:59:35"
"	69BA0CDE","	Chamber1","	1","	B01??(%RH)","	80.5","	2026-07-28 13:59:33"
"	69BA0CDE","	Chamber1","	1","	B01??(?)","	4.2","	2026-07-28 13:59:33"
"	69BA0CDE","	Chamber1","	1","	B01??(%RH)","	80.5","	2026-07-28 13:59:31"
"	69BA0CDE","	Chamber1","	1","	B01??(?)","	4.2","	2026-07-28 13:59:31"
"	69BA0CDE","	Chamber1","	1","	B01??(%RH)","	80.5","	2026-07-28 13:59:29"
"	69BA0CDE","	Chamber1","	1","	B01??(?)","	4.2","	2026-07-28 13:59:29"
"	69BA0CDE","	Chamber1","	1","	B01??(%RH)","	80.5","	2026-07-28 13:59:27"
"	69BA0CDE","	Chamber1","	1","	B01??(?)","	4.2","	2026-07-28 13:59:27"
"	69BA0CDE","	Chamber1","	1","	B01??(%RH)","	80.5","	2026-07-28 13:59:25"
"	69BA0CDE","	Chamber1","	1","	B01??(?)","	4.2","	2026-07-28 13:59:25"
"	69BA0CDE","	Chamber1","	1","	B01??(%RH)","	80.5","	2026-07-28 13:59:23"
"	69BA0CDE","	Chamber1","	1","	B01??(?)","	4.2","	2026-07-28 13:59:23"
"	69BA0CDE","	Chamber1","	1","	B01??(%RH)","	80.5","	2026-07-28 13:59:21"
"	69BA0CDE","	Chamber1","	1","	B01??(?)","	4.2","	2026-07-28 13:59:21"
"	69BA0CDE","	Chamber1","	1","	B01??(%RH)","	80.5","	2026-07-28 13:59:18"
"	69BA0CDE","	Chamber1","	1","	B01??(?)","	4.2","	2026-07-28 13:59:18"
"	69BA0CDE","	Chamber1","	1","	B01??(%RH)","	80.5","	2026-07-28 13:59:16"
"	69BA0CDE","	Chamber1","	1","	B01??(?)","	4.2","	2026-07-28 13:59:16"
"	69BA0CDE","	Chamber1","	1","	B01??(%RH)","	80.5","	2026-07-28 13:59:14"
"	69BA0CDE","	Chamber1","	1","	B01??(?)","	4.2","	2026-07-28 13:59:14"
"	69BA0CDE","	Chamber1","	1","	B01??(%RH)","	80.5","	2026-07-28 13:59:12"
"	69BA0CDE","	Chamber1","	1","	B01??(?)","	4.2","	2026-07-28 13:59:12"
"	69BA0CDE","	Chamber1","	1","	B01??(%RH)","	80.5","	2026-07-28 13:59:10"
"	69BA0CDE","	Chamber1","	1","	B01??(?)","	4.2","	2026-07-28 13:59:10"
"	69BA0CDE","	Chamber1","	1","	B01??(%RH)","	80.5","	2026-07-28 13:59:08"
"	69BA0CDE","	Chamber1","	1","	B01??(?)","	4.2","	2026-07-28 13:59:08"
"	69BA0CDE","	Chamber1","	1","	B01??(%RH)","	80.5","	2026-07-28 13:59:06"
"	69BA0CDE","	Chamber1","	1","	B01??(?)","	4.2","	2026-07-28 13:59:06"
"	69BA0CDE","	Chamber1","	1","	B01??(%RH)","	80.5","	2026-07-28 13:59:04"
"	69BA0CDE","	Chamber1","	1","	B01??(?)","	4.2","	2026-07-28 13:59:04"
"	69BA0CDE","	Chamber1","	1","	B01??(%RH)","	80.5","	2026-07-28 13:59:02"
"	69BA0CDE","	Chamber1","	1","	B01??(?)","	4.2","	2026-07-28 13:59:02"
"	69BA0CDE","	Chamber1","	1","	B01??(%RH)","	80.5","	2026-07-28 13:59:00"
"	69BA0CDE","	Chamber1","	1","	B01??(?)","	4.2","	2026-07-28 13:59:00"
"	69BA0CDE","	Chamber1","	1","	B01??(%RH)","	80.5","	2026-07-28 13:58:58"
"	69BA0CDE","	Chamber1","	1","	B01??(?)","	4.2","	2026-07-28 13:58:58"
"	69BA0CDE","	Chamber1","	1","	B01??(%RH)","	80.5","	2026-07-28 13:58:56"
"	69BA0CDE","	Chamber1","	1","	B01??(?)","	4.2","	2026-07-28 13:58:56"
"	69BA0CDE","	Chamber1","	1","	B01??(%RH)","	80.5","	2026-07-28 13:58:54"
"	69BA0CDE","	Chamber1","	1","	B01??(?)","	4.2","	2026-07-28 13:58:54"
"	69BA0CDE","	Chamber1","	1","	B01??(%RH)","	80.5","	2026-07-28 13:58:52"
"	69BA0CDE","	Chamber1","	1","	B01??(?)","	4.2","	2026-07-28 13:58:52"
"	69BA0CDE","	Chamber1","	1","	B01??(%RH)","	80.5","	2026-07-28 13:58:50"
"	69BA0CDE","	Chamber1","	1","	B01??(?)","	4.2","	2026-07-28 13:58:50"
"	69BA0CDE","	Chamber1","	1","	B01??(%RH)","	80.5","	2026-07-28 13:58:48"
"	69BA0CDE","	Chamber1","	1","	B01??(?)","	4.2","	2026-07-28 13:58:48"
"	69BA0CDE","	Chamber1","	1","	B01??(%RH)","	80.5","	2026-07-28 13:58:46"
"	69BA0CDE","	Chamber1","	1","	B01??(?)","	4.2","	2026-07-28 13:58:46"
"	69BA0CDE","	Chamber1","	1","	B01??(%RH)","	80.5","	2026-07-28 13:58:44"
"	69BA0CDE","	Chamber1","	1","	B01??(?)","	4.2","	2026-07-28 13:58:44"
"	69BA0CDE","	Chamber1","	1","	B01??(%RH)","	80.5","	2026-07-28 13:58:42"
"	69BA0CDE","	Chamber1","	1","	B01??(?)","	4.2","	2026-07-28 13:58:42"
"	69BA0CDE","	Chamber1","	1","	B01??(%RH)","	80.5","	2026-07-28 13:58:40"
"	69BA0CDE","	Chamber1","	1","	B01??(?)","	4.2","	2026-07-28 13:58:40"
"	69BA0CDE","	Chamber1","	1","	B01??(%RH)","	80.5","	2026-07-28 13:58:38"
"	69BA0CDE","	Chamber1","	1","	B01??(?)","	4.2","	2026-07-28 13:58:38"
"	69BA0CDE","	Chamber1","	1","	B01??(%RH)","	80.5","	2026-07-28 13:58:35"
"	69BA0CDE","	Chamber1","	1","	B01??(?)","	4.2","	2026-07-28 13:58:35"
"	69BA0CDE","	Chamber1","	1","	B01??(%RH)","	80.5","	2026-07-28 13:58:33"
"	69BA0CDE","	Chamber1","	1","	B01??(?)","	4.2","	2026-07-28 13:58:33"
"	69BA0CDE","	Chamber1","	1","	B01??(%RH)","	80.5","	2026-07-28 13:58:31"
"	69BA0CDE","	Chamber1","	1","	B01??(?)","	4.2","	2026-07-28 13:58:31"
"	69BA0CDE","	Chamber1","	1","	B01??(%RH)","	80.5","	2026-07-28 13:58:29"
"	69BA0CDE","	Chamber1","	1","	B01??(?)","	4.1","	2026-07-28 13:58:29"
"	69BA0CDE","	Chamber1","	1","	B01??(%RH)","	80.5","	2026-07-28 13:58:27"
"	69BA0CDE","	Chamber1","	1","	B01??(?)","	4.2","	2026-07-28 13:58:27"
"	69BA0CDE","	Chamber1","	1","	B01??(%RH)","	80.5","	2026-07-28 13:58:25"
"	69BA0CDE","	Chamber1","	1","	B01??(?)","	4.1","	2026-07-28 13:58:25"
"	69BA0CDE","	Chamber1","	1","	B01??(%RH)","	80.5","	2026-07-28 13:58:23"
"	69BA0CDE","	Chamber1","	1","	B01??(?)","	4.2","	2026-07-28 13:58:23"
"	69BA0CDE","	Chamber1","	1","	B01??(%RH)","	80.5","	2026-07-28 13:58:21"
"	69BA0CDE","	Chamber1","	1","	B01??(?)","	4.2","	2026-07-28 13:58:21"
"	69BA0CDE","	Chamber1","	1","	B01??(%RH)","	80.5","	2026-07-28 13:58:19"
"	69BA0CDE","	Chamber1","	1","	B01??(?)","	4.2","	2026-07-28 13:58:19"
"	69BA0CDE","	Chamber1","	1","	B01??(%RH)","	80.5","	2026-07-28 13:58:17"
"	69BA0CDE","	Chamber1","	1","	B01??(?)","	4.2","	2026-07-28 13:58:17"
"	69BA0CDE","	Chamber1","	1","	B01??(%RH)","	80.5","	2026-07-28 13:58:15"
"	69BA0CDE","	Chamber1","	1","	B01??(?)","	4.2","	2026-07-28 13:58:15"
"	69BA0CDE","	Chamber1","	1","	B01??(%RH)","	80.5","	2026-07-28 13:58:13"
"	69BA0CDE","	Chamber1","	1","	B01??(?)","	4.2","	2026-07-28 13:58:13"
"	69BA0CDE","	Chamber1","	1","	B01??(%RH)","	80.5","	2026-07-28 13:58:11"
"	69BA0CDE","	Chamber1","	1","	B01??(?)","	4.2","	2026-07-28 13:58:11"
"	69BA0CDE","	Chamber1","	1","	B01??(%RH)","	80.5","	2026-07-28 13:58:09"
"	69BA0CDE","	Chamber1","	1","	B01??(?)","	4.2","	2026-07-28 13:58:09"
"	69BA0CDE","	Chamber1","	1","	B01??(%RH)","	80.5","	2026-07-28 13:58:07"
"	69BA0CDE","	Chamber1","	1","	B01??(?)","	4.2","	2026-07-28 13:58:07"
"	69BA0CDE","	Chamber1","	1","	B01??(%RH)","	80.5","	2026-07-28 13:58:05"
"	69BA0CDE","	Chamber1","	1","	B01??(?)","	4.2","	2026-07-28 13:58:05"
"	69BA0CDE","	Chamber1","	1","	B01??(%RH)","	80.5","	2026-07-28 13:58:03"
"	69BA0CDE","	Chamber1","	1","	B01??(?)","	4.2","	2026-07-28 13:58:03"
"	69BA0CDE","	Chamber1","	1","	B01??(%RH)","	80.5","	2026-07-28 13:58:01"
"	69BA0CDE","	Chamber1","	1","	B01??(?)","	4.2","	2026-07-28 13:58:01"
"	69BA0CDE","	Chamber1","	1","	B01??(%RH)","	80.5","	2026-07-28 13:57:59"
"	69BA0CDE","	Chamber1","	1","	B01??(?)","	4.2","	2026-07-28 13:57:59"
"	69BA0CDE","	Chamber1","	1","	B01??(%RH)","	80.5","	2026-07-28 13:57:57"
"	69BA0CDE","	Chamber1","	1","	B01??(?)","	4.2","	2026-07-28 13:57:57"
"	69BA0CDE","	Chamber1","	1","	B01??(%RH)","	80.5","	2026-07-28 13:57:55"
"	69BA0CDE","	Chamber1","	1","	B01??(?)","	4.2","	2026-07-28 13:57:55"
"	69BA0CDE","	Chamber1","	1","	B01??(%RH)","	80.5","	2026-07-28 13:57:53"
"	69BA0CDE","	Chamber1","	1","	B01??(?)","	4.2","	2026-07-28 13:57:53"
"	69BA0CDE","	Chamber1","	1","	B01??(%RH)","	80.5","	2026-07-28 13:57:50"
"	69BA0CDE","	Chamber1","	1","	B01??(?)","	4.2","	2026-07-28 13:57:50"
"	69BA0CDE","	Chamber1","	1","	B01??(%RH)","	80.5","	2026-07-28 13:57:48"
"	69BA0CDE","	Chamber1","	1","	B01??(?)","	4.2","	2026-07-28 13:57:48"
"	69BA0CDE","	Chamber1","	1","	B01??(%RH)","	80.5","	2026-07-28 13:57:46"
"	69BA0CDE","	Chamber1","	1","	B01??(?)","	4.2","	2026-07-28 13:57:46"
"	69BA0CDE","	Chamber1","	1","	B01??(%RH)","	80.5","	2026-07-28 13:57:44"
"	69BA0CDE","	Chamber1","	1","	B01??(?)","	4.2","	2026-07-28 13:57:44"
"	69BA0CDE","	Chamber1","	1","	B01??(%RH)","	80.5","	2026-07-28 13:57:42"
"	69BA0CDE","	Chamber1","	1","	B01??(?)","	4.2","	2026-07-28 13:57:42"
"	69BA0CDE","	Chamber1","	1","	B01??(%RH)","	80.5","	2026-07-28 13:57:40"
"	69BA0CDE","	Chamber1","	1","	B01??(?)","	4.2","	2026-07-28 13:57:40"
"	69BA0CDE","	Chamber1","	1","	B01??(%RH)","	80.5","	2026-07-28 13:57:38"
"	69BA0CDE","	Chamber1","	1","	B01??(?)","	4.2","	2026-07-28 13:57:38"
"	69BA0CDE","	Chamber1","	1","	B01??(%RH)","	80.5","	2026-07-28 13:57:36"
"	69BA0CDE","	Chamber1","	1","	B01??(?)","	4.2","	2026-07-28 13:57:36"
"	69BA0CDE","	Chamber1","	1","	B01??(%RH)","	80.5","	2026-07-28 13:57:34"
"	69BA0CDE","	Chamber1","	1","	B01??(?)","	4.2","	2026-07-28 13:57:34"
"	69BA0CDE","	Chamber1","	1","	B01??(%RH)","	80.5","	2026-07-28 13:57:32"
"	69BA0CDE","	Chamber1","	1","	B01??(?)","	4.2","	2026-07-28 13:57:32"
"	69BA0CDE","	Chamber1","	1","	B01??(%RH)","	80.5","	2026-07-28 13:57:30"
"	69BA0CDE","	Chamber1","	1","	B01??(?)","	4.2","	2026-07-28 13:57:30"
"	69BA0CDE","	Chamber1","	1","	B01??(%RH)","	80.5","	2026-07-28 13:57:28"
"	69BA0CDE","	Chamber1","	1","	B01??(?)","	4.2","	2026-07-28 13:57:28"
"	69BA0CDE","	Chamber1","	1","	B01??(%RH)","	80.5","	2026-07-28 13:57:26"
"	69BA0CDE","	Chamber1","	1","	B01??(?)","	4.2","	2026-07-28 13:57:26"
"	69BA0CDE","	Chamber1","	1","	B01??(%RH)","	80.5","	2026-07-28 13:57:24"
"	69BA0CDE","	Chamber1","	1","	B01??(?)","	4.1","	2026-07-28 13:57:24"
"	69BA0CDE","	Chamber1","	1","	B01??(%RH)","	80.5","	2026-07-28 13:57:22"
"	69BA0CDE","	Chamber1","	1","	B01??(?)","	4.2","	2026-07-28 13:57:22"
"	69BA0CDE","	Chamber1","	1","	B01??(%RH)","	80.5","	2026-07-28 13:57:20"
"	69BA0CDE","	Chamber1","	1","	B01??(?)","	4.2","	2026-07-28 13:57:20"
"	69BA0CDE","	Chamber1","	1","	B01??(%RH)","	80.5","	2026-07-28 13:57:18"
"	69BA0CDE","	Chamber1","	1","	B01??(?)","	4.2","	2026-07-28 13:57:18"
"	69BA0CDE","	Chamber1","	1","	B01??(%RH)","	80.5","	2026-07-28 13:57:16"
"	69BA0CDE","	Chamber1","	1","	B01??(?)","	4.2","	2026-07-28 13:57:16"
"	69BA0CDE","	Chamber1","	1","	B01??(%RH)","	80.5","	2026-07-28 13:57:14"
"	69BA0CDE","	Chamber1","	1","	B01??(?)","	4.2","	2026-07-28 13:57:14"
"	69BA0CDE","	Chamber1","	1","	B01??(%RH)","	80.5","	2026-07-28 13:57:12"
"	69BA0CDE","	Chamber1","	1","	B01??(?)","	4.2","	2026-07-28 13:57:12"
"	69BA0CDE","	Chamber1","	1","	B01??(%RH)","	80.5","	2026-07-28 13:57:10"
"	69BA0CDE","	Chamber1","	1","	B01??(?)","	4.2","	2026-07-28 13:57:10"
"	69BA0CDE","	Chamber1","	1","	B01??(%RH)","	80.5","	2026-07-28 13:57:07"
"	69BA0CDE","	Chamber1","	1","	B01??(?)","	4.2","	2026-07-28 13:57:07"
"	69BA0CDE","	Chamber1","	1","	B01??(%RH)","	80.5","	2026-07-28 13:57:05"
"	69BA0CDE","	Chamber1","	1","	B01??(?)","	4.2","	2026-07-28 13:57:05"
"	69BA0CDE","	Chamber1","	1","	B01??(%RH)","	80.5","	2026-07-28 13:57:03"
"	69BA0CDE","	Chamber1","	1","	B01??(?)","	4.2","	2026-07-28 13:57:03"
"	69BA0CDE","	Chamber1","	1","	B01??(%RH)","	80.5","	2026-07-28 13:57:01"
"	69BA0CDE","	Chamber1","	1","	B01??(?)","	4.2","	2026-07-28 13:57:01"
"	69BA0CDE","	Chamber1","	1","	B01??(%RH)","	80.5","	2026-07-28 13:56:59"
"	69BA0CDE","	Chamber1","	1","	B01??(?)","	4.2","	2026-07-28 13:56:59"
"	69BA0CDE","	Chamber1","	1","	B01??(%RH)","	80.5","	2026-07-28 13:56:57"
"	69BA0CDE","	Chamber1","	1","	B01??(?)","	4.2","	2026-07-28 13:56:57"
"	69BA0CDE","	Chamber1","	1","	B01??(%RH)","	80.5","	2026-07-28 13:56:55"
"	69BA0CDE","	Chamber1","	1","	B01??(?)","	4.1","	2026-07-28 13:56:55"
"	69BA0CDE","	Chamber1","	1","	B01??(%RH)","	80.5","	2026-07-28 13:56:53"
"	69BA0CDE","	Chamber1","	1","	B01??(?)","	4.2","	2026-07-28 13:56:53"
"	69BA0CDE","	Chamber1","	1","	B01??(%RH)","	80.5","	2026-07-28 13:56:51"
"	69BA0CDE","	Chamber1","	1","	B01??(?)","	4.2","	2026-07-28 13:56:51"
"	69BA0CDE","	Chamber1","	1","	B01??(%RH)","	80.5","	2026-07-28 13:56:49"
"	69BA0CDE","	Chamber1","	1","	B01??(?)","	4.2","	2026-07-28 13:56:49"
"	69BA0CDE","	Chamber1","	1","	B01??(%RH)","	80.5","	2026-07-28 13:56:47"
"	69BA0CDE","	Chamber1","	1","	B01??(?)","	4.2","	2026-07-28 13:56:47"
"	69BA0CDE","	Chamber1","	1","	B01??(%RH)","	80.5","	2026-07-28 13:56:45"
"	69BA0CDE","	Chamber1","	1","	B01??(?)","	4.2","	2026-07-28 13:56:45"
"	69BA0CDE","	Chamber1","	1","	B01??(%RH)","	80.5","	2026-07-28 13:56:43"
"	69BA0CDE","	Chamber1","	1","	B01??(?)","	4.1","	2026-07-28 13:56:43"
"	69BA0CDE","	Chamber1","	1","	B01??(%RH)","	80.5","	2026-07-28 13:56:41"
"	69BA0CDE","	Chamber1","	1","	B01??(?)","	4.1","	2026-07-28 13:56:41"
"	69BA0CDE","	Chamber1","	1","	B01??(%RH)","	80.5","	2026-07-28 13:56:39"
"	69BA0CDE","	Chamber1","	1","	B01??(?)","	4.2","	2026-07-28 13:56:39"
"	69BA0CDE","	Chamber1","	1","	B01??(%RH)","	80.5","	2026-07-28 13:56:37"
"	69BA0CDE","	Chamber1","	1","	B01??(?)","	4.2","	2026-07-28 13:56:37"
"	69BA0CDE","	Chamber1","	1","	B01??(%RH)","	80.5","	2026-07-28 13:56:35"
"	69BA0CDE","	Chamber1","	1","	B01??(?)","	4.2","	2026-07-28 13:56:35"
"	69BA0CDE","	Chamber1","	1","	B01??(%RH)","	80.5","	2026-07-28 13:56:33"
"	69BA0CDE","	Chamber1","	1","	B01??(?)","	4.2","	2026-07-28 13:56:33"
"	69BA0CDE","	Chamber1","	1","	B01??(%RH)","	80.5","	2026-07-28 13:56:31"
"	69BA0CDE","	Chamber1","	1","	B01??(?)","	4.2","	2026-07-28 13:56:31"
"	69BA0CDE","	Chamber1","	1","	B01??(%RH)","	80.5","	2026-07-28 13:56:29"
"	69BA0CDE","	Chamber1","	1","	B01??(?)","	4.2","	2026-07-28 13:56:29"
"	69BA0CDE","	Chamber1","	1","	B01??(%RH)","	80.5","	2026-07-28 13:56:27"
"	69BA0CDE","	Chamber1","	1","	B01??(?)","	4.1","	2026-07-28 13:56:27"
"	69BA0CDE","	Chamber1","	1","	B01??(%RH)","	80.5","	2026-07-28 13:56:25"
"	69BA0CDE","	Chamber1","	1","	B01??(?)","	4.1","	2026-07-28 13:56:25"
"	69BA0CDE","	Chamber1","	1","	B01??(%RH)","	80.5","	2026-07-28 13:56:22"
"	69BA0CDE","	Chamber1","	1","	B01??(?)","	4.2","	2026-07-28 13:56:22"
"	69BA0CDE","	Chamber1","	1","	B01??(%RH)","	80.5","	2026-07-28 13:56:20"
"	69BA0CDE","	Chamber1","	1","	B01??(?)","	4.2","	2026-07-28 13:56:20"
"	69BA0CDE","	Chamber1","	1","	B01??(%RH)","	80.5","	2026-07-28 13:56:18"
"	69BA0CDE","	Chamber1","	1","	B01??(?)","	4.2","	2026-07-28 13:56:18"
"	69BA0CDE","	Chamber1","	1","	B01??(%RH)","	80.5","	2026-07-28 13:56:16"
"	69BA0CDE","	Chamber1","	1","	B01??(?)","	4.2","	2026-07-28 13:56:16"
"	69BA0CDE","	Chamber1","	1","	B01??(%RH)","	80.5","	2026-07-28 13:56:14"
"	69BA0CDE","	Chamber1","	1","	B01??(?)","	4.2","	2026-07-28 13:56:14"
"	69BA0CDE","	Chamber1","	1","	B01??(%RH)","	80.5","	2026-07-28 13:56:12"
"	69BA0CDE","	Chamber1","	1","	B01??(?)","	4.2","	2026-07-28 13:56:12"
"	69BA0CDE","	Chamber1","	1","	B01??(%RH)","	80.5","	2026-07-28 13:56:10"
"	69BA0CDE","	Chamber1","	1","	B01??(?)","	4.2","	2026-07-28 13:56:10"
"	69BA0CDE","	Chamber1","	1","	B01??(%RH)","	80.5","	2026-07-28 13:56:08"
"	69BA0CDE","	Chamber1","	1","	B01??(?)","	4.1","	2026-07-28 13:56:08"
"	69BA0CDE","	Chamber1","	1","	B01??(%RH)","	80.5","	2026-07-28 13:56:06"
"	69BA0CDE","	Chamber1","	1","	B01??(?)","	4.1","	2026-07-28 13:56:06"
"	69BA0CDE","	Chamber1","	1","	B01??(%RH)","	80.5","	2026-07-28 13:56:04"
"	69BA0CDE","	Chamber1","	1","	B01??(?)","	4.2","	2026-07-28 13:56:04"
"	69BA0CDE","	Chamber1","	1","	B01??(%RH)","	80.5","	2026-07-28 13:56:02"
"	69BA0CDE","	Chamber1","	1","	B01??(?)","	4.2","	2026-07-28 13:56:02"
"	69BA0CDE","	Chamber1","	1","	B01??(%RH)","	80.5","	2026-07-28 13:56:00"
"	69BA0CDE","	Chamber1","	1","	B01??(?)","	4.2","	2026-07-28 13:56:00"
"	69BA0CDE","	Chamber1","	1","	B01??(%RH)","	80.5","	2026-07-28 13:55:58"
"	69BA0CDE","	Chamber1","	1","	B01??(?)","	4.1","	2026-07-28 13:55:58"
"	69BA0CDE","	Chamber1","	1","	B01??(%RH)","	80.5","	2026-07-28 13:55:56"
"	69BA0CDE","	Chamber1","	1","	B01??(?)","	4.2","	2026-07-28 13:55:56"
"	69BA0CDE","	Chamber1","	1","	B01??(%RH)","	80.5","	2026-07-28 13:55:54"
"	69BA0CDE","	Chamber1","	1","	B01??(?)","	4.2","	2026-07-28 13:55:54"
"	69BA0CDE","	Chamber1","	1","	B01??(%RH)","	80.5","	2026-07-28 13:55:52"
"	69BA0CDE","	Chamber1","	1","	B01??(?)","	4.1","	2026-07-28 13:55:52"
"	69BA0CDE","	Chamber1","	1","	B01??(%RH)","	80.5","	2026-07-28 13:55:50"
"	69BA0CDE","	Chamber1","	1","	B01??(?)","	4.2","	2026-07-28 13:55:50"
"	69BA0CDE","	Chamber1","	1","	B01??(%RH)","	80.5","	2026-07-28 13:55:48"
"	69BA0CDE","	Chamber1","	1","	B01??(?)","	4.1","	2026-07-28 13:55:48"
"	69BA0CDE","	Chamber1","	1","	B01??(%RH)","	80.5","	2026-07-28 13:55:46"
"	69BA0CDE","	Chamber1","	1","	B01??(?)","	4.2","	2026-07-28 13:55:46"
"	69BA0CDE","	Chamber1","	1","	B01??(%RH)","	80.5","	2026-07-28 13:55:44"
"	69BA0CDE","	Chamber1","	1","	B01??(?)","	4.1","	2026-07-28 13:55:44"
"	69BA0CDE","	Chamber1","	1","	B01??(%RH)","	80.5","	2026-07-28 13:55:42"
"	69BA0CDE","	Chamber1","	1","	B01??(?)","	4.2","	2026-07-28 13:55:42"
"	69BA0CDE","	Chamber1","	1","	B01??(%RH)","	80.5","	2026-07-28 13:55:39"
"	69BA0CDE","	Chamber1","	1","	B01??(?)","	4.2","	2026-07-28 13:55:39"
"	69BA0CDE","	Chamber1","	1","	B01??(%RH)","	80.5","	2026-07-28 13:55:37"
"	69BA0CDE","	Chamber1","	1","	B01??(?)","	4.2","	2026-07-28 13:55:37"
"	69BA0CDE","	Chamber1","	1","	B01??(%RH)","	80.5","	2026-07-28 13:55:35"
"	69BA0CDE","	Chamber1","	1","	B01??(?)","	4.2","	2026-07-28 13:55:35"
"	69BA0CDE","	Chamber1","	1","	B01??(%RH)","	80.5","	2026-07-28 13:55:33"
"	69BA0CDE","	Chamber1","	1","	B01??(?)","	4.1","	2026-07-28 13:55:33"
"	69BA0CDE","	Chamber1","	1","	B01??(%RH)","	80.5","	2026-07-28 13:55:31"
"	69BA0CDE","	Chamber1","	1","	B01??(?)","	4.2","	2026-07-28 13:55:31"
"	69BA0CDE","	Chamber1","	1","	B01??(%RH)","	80.5","	2026-07-28 13:55:29"
"	69BA0CDE","	Chamber1","	1","	B01??(?)","	4.1","	2026-07-28 13:55:29"
"	69BA0CDE","	Chamber1","	1","	B01??(%RH)","	80.5","	2026-07-28 13:55:27"
"	69BA0CDE","	Chamber1","	1","	B01??(?)","	4.1","	2026-07-28 13:55:27"
"	69BA0CDE","	Chamber1","	1","	B01??(%RH)","	80.5","	2026-07-28 13:55:25"
"	69BA0CDE","	Chamber1","	1","	B01??(?)","	4.2","	2026-07-28 13:55:25"
"	69BA0CDE","	Chamber1","	1","	B01??(%RH)","	80.5","	2026-07-28 13:55:23"
"	69BA0CDE","	Chamber1","	1","	B01??(?)","	4.2","	2026-07-28 13:55:23"
"	69BA0CDE","	Chamber1","	1","	B01??(%RH)","	80.5","	2026-07-28 13:55:21"
"	69BA0CDE","	Chamber1","	1","	B01??(?)","	4.2","	2026-07-28 13:55:21"
"	69BA0CDE","	Chamber1","	1","	B01??(%RH)","	80.5","	2026-07-28 13:55:19"
"	69BA0CDE","	Chamber1","	1","	B01??(?)","	4.2","	2026-07-28 13:55:19"
"	69BA0CDE","	Chamber1","	1","	B01??(%RH)","	80.5","	2026-07-28 13:55:17"
"	69BA0CDE","	Chamber1","	1","	B01??(?)","	4.2","	2026-07-28 13:55:17"
"	69BA0CDE","	Chamber1","	1","	B01??(%RH)","	80.5","	2026-07-28 13:55:15"
"	69BA0CDE","	Chamber1","	1","	B01??(?)","	4.1","	2026-07-28 13:55:15"
"	69BA0CDE","	Chamber1","	1","	B01??(%RH)","	80.5","	2026-07-28 13:55:13"
"	69BA0CDE","	Chamber1","	1","	B01??(?)","	4.2","	2026-07-28 13:55:13"
"	69BA0CDE","	Chamber1","	1","	B01??(%RH)","	80.5","	2026-07-28 13:55:11"
"	69BA0CDE","	Chamber1","	1","	B01??(?)","	4.2","	2026-07-28 13:55:11"
"	69BA0CDE","	Chamber1","	1","	B01??(%RH)","	80.5","	2026-07-28 13:55:09"
"	69BA0CDE","	Chamber1","	1","	B01??(?)","	4.2","	2026-07-28 13:55:09"
"	69BA0CDE","	Chamber1","	1","	B01??(%RH)","	80.5","	2026-07-28 13:55:07"
"	69BA0CDE","	Chamber1","	1","	B01??(?)","	4.2","	2026-07-28 13:55:07"
"	69BA0CDE","	Chamber1","	1","	B01??(%RH)","	80.5","	2026-07-28 13:55:05"
"	69BA0CDE","	Chamber1","	1","	B01??(?)","	4.1","	2026-07-28 13:55:05"
"	69BA0CDE","	Chamber1","	1","	B01??(%RH)","	80.5","	2026-07-28 13:55:03"
"	69BA0CDE","	Chamber1","	1","	B01??(?)","	4.1","	2026-07-28 13:55:03"
"	69BA0CDE","	Chamber1","	1","	B01??(%RH)","	80.5","	2026-07-28 13:55:01"
"	69BA0CDE","	Chamber1","	1","	B01??(?)","	4.1","	2026-07-28 13:55:01"
"	69BA0CDE","	Chamber1","	1","	B01??(%RH)","	80.5","	2026-07-28 13:54:59"
"	69BA0CDE","	Chamber1","	1","	B01??(?)","	4.2","	2026-07-28 13:54:58"
"	69BA0CDE","	Chamber1","	1","	B01??(%RH)","	80.5","	2026-07-28 13:54:56"
"	69BA0CDE","	Chamber1","	1","	B01??(?)","	4.2","	2026-07-28 13:54:56"
"	69BA0CDE","	Chamber1","	1","	B01??(%RH)","	80.5","	2026-07-28 13:54:54"
"	69BA0CDE","	Chamber1","	1","	B01??(?)","	4.2","	2026-07-28 13:54:54"
"	69BA0CDE","	Chamber1","	1","	B01??(%RH)","	80.5","	2026-07-28 13:54:52"
"	69BA0CDE","	Chamber1","	1","	B01??(?)","	4.2","	2026-07-28 13:54:52"
"	69BA0CDE","	Chamber1","	1","	B01??(%RH)","	80.5","	2026-07-28 13:54:50"
"	69BA0CDE","	Chamber1","	1","	B01??(?)","	4.1","	2026-07-28 13:54:50"
"	69BA0CDE","	Chamber1","	1","	B01??(%RH)","	80.5","	2026-07-28 13:54:48"
"	69BA0CDE","	Chamber1","	1","	B01??(?)","	4.2","	2026-07-28 13:54:48"
"	69BA0CDE","	Chamber1","	1","	B01??(%RH)","	80.5","	2026-07-28 13:54:46"
"	69BA0CDE","	Chamber1","	1","	B01??(?)","	4.1","	2026-07-28 13:54:46"
"	69BA0CDE","	Chamber1","	1","	B01??(%RH)","	80.5","	2026-07-28 13:54:44"
"	69BA0CDE","	Chamber1","	1","	B01??(?)","	4.1","	2026-07-28 13:54:44"
"	69BA0CDE","	Chamber1","	1","	B01??(%RH)","	80.5","	2026-07-28 13:54:42"
"	69BA0CDE","	Chamber1","	1","	B01??(?)","	4.2","	2026-07-28 13:54:42"
"	69BA0CDE","	Chamber1","	1","	B01??(%RH)","	80.5","	2026-07-28 13:54:40"
"	69BA0CDE","	Chamber1","	1","	B01??(?)","	4.2","	2026-07-28 13:54:40"
"	69BA0CDE","	Chamber1","	1","	B01??(%RH)","	80.5","	2026-07-28 13:54:38"
"	69BA0CDE","	Chamber1","	1","	B01??(?)","	4.2","	2026-07-28 13:54:38"
"	69BA0CDE","	Chamber1","	1","	B01??(%RH)","	80.5","	2026-07-28 13:54:36"
"	69BA0CDE","	Chamber1","	1","	B01??(?)","	4.2","	2026-07-28 13:54:36"
"	69BA0CDE","	Chamber1","	1","	B01??(%RH)","	80.5","	2026-07-28 13:54:34"
"	69BA0CDE","	Chamber1","	1","	B01??(?)","	4.1","	2026-07-28 13:54:34"
"	69BA0CDE","	Chamber1","	1","	B01??(%RH)","	80.5","	2026-07-28 13:54:32"
"	69BA0CDE","	Chamber1","	1","	B01??(?)","	4.1","	2026-07-28 13:54:32"
"	69BA0CDE","	Chamber1","	1","	B01??(%RH)","	80.5","	2026-07-28 13:54:30"
"	69BA0CDE","	Chamber1","	1","	B01??(?)","	4.1","	2026-07-28 13:54:30"
"	69BA0CDE","	Chamber1","	1","	B01??(?)","	4.2","	2026-07-28 13:54:28"
"	69BA0CDE","	Chamber1","	1","	B01??(%RH)","	80.5","	2026-07-28 13:54:28"
"	69BA0CDE","	Chamber1","	1","	B01??(%RH)","	80.5","	2026-07-28 13:54:26"
"	69BA0CDE","	Chamber1","	1","	B01??(?)","	4.1","	2026-07-28 13:54:26"
"	69BA0CDE","	Chamber1","	1","	B01??(%RH)","	80.5","	2026-07-28 13:54:24"
"	69BA0CDE","	Chamber1","	1","	B01??(?)","	4.1","	2026-07-28 13:54:24"
"	69BA0CDE","	Chamber1","	1","	B01??(%RH)","	80.5","	2026-07-28 13:54:22"
"	69BA0CDE","	Chamber1","	1","	B01??(?)","	4.2","	2026-07-28 13:54:22"
"	69BA0CDE","	Chamber1","	1","	B01??(%RH)","	80.5","	2026-07-28 13:54:20"
"	69BA0CDE","	Chamber1","	1","	B01??(?)","	4.1","	2026-07-28 13:54:20"
"	69BA0CDE","	Chamber1","	1","	B01??(%RH)","	80.5","	2026-07-28 13:54:18"
"	69BA0CDE","	Chamber1","	1","	B01??(?)","	4.1","	2026-07-28 13:54:18"
"	69BA0CDE","	Chamber1","	1","	B01??(%RH)","	80.5","	2026-07-28 13:54:15"
"	69BA0CDE","	Chamber1","	1","	B01??(?)","	4.2","	2026-07-28 13:54:15"
"	69BA0CDE","	Chamber1","	1","	B01??(%RH)","	80.5","	2026-07-28 13:54:13"
"	69BA0CDE","	Chamber1","	1","	B01??(?)","	4.2","	2026-07-28 13:54:13"
"	69BA0CDE","	Chamber1","	1","	B01??(%RH)","	80.5","	2026-07-28 13:54:11"
"	69BA0CDE","	Chamber1","	1","	B01??(?)","	4.2","	2026-07-28 13:54:11"
"	69BA0CDE","	Chamber1","	1","	B01??(%RH)","	80.5","	2026-07-28 13:54:09"
"	69BA0CDE","	Chamber1","	1","	B01??(?)","	4.1","	2026-07-28 13:54:09"
"	69BA0CDE","	Chamber1","	1","	B01??(%RH)","	80.5","	2026-07-28 13:54:07"
"	69BA0CDE","	Chamber1","	1","	B01??(?)","	4.1","	2026-07-28 13:54:07"
"	69BA0CDE","	Chamber1","	1","	B01??(%RH)","	80.5","	2026-07-28 13:54:05"
"	69BA0CDE","	Chamber1","	1","	B01??(?)","	4.2","	2026-07-28 13:54:05"
"	69BA0CDE","	Chamber1","	1","	B01??(%RH)","	80.5","	2026-07-28 13:54:03"
"	69BA0CDE","	Chamber1","	1","	B01??(?)","	4.2","	2026-07-28 13:54:03"
"	69BA0CDE","	Chamber1","	1","	B01??(%RH)","	80.5","	2026-07-28 13:54:01"
"	69BA0CDE","	Chamber1","	1","	B01??(?)","	4.1","	2026-07-28 13:54:01"
"	69BA0CDE","	Chamber1","	1","	B01??(%RH)","	80.5","	2026-07-28 13:53:59"
"	69BA0CDE","	Chamber1","	1","	B01??(?)","	4.1","	2026-07-28 13:53:59"
"	69BA0CDE","	Chamber1","	1","	B01??(%RH)","	80.5","	2026-07-28 13:53:57"
"	69BA0CDE","	Chamber1","	1","	B01??(?)","	4.2","	2026-07-28 13:53:57"
"	69BA0CDE","	Chamber1","	1","	B01??(%RH)","	80.5","	2026-07-28 13:53:55"
"	69BA0CDE","	Chamber1","	1","	B01??(?)","	4.1","	2026-07-28 13:53:55"
"	69BA0CDE","	Chamber1","	1","	B01??(%RH)","	80.5","	2026-07-28 13:53:53"
"	69BA0CDE","	Chamber1","	1","	B01??(?)","	4.1","	2026-07-28 13:53:53"
"	69BA0CDE","	Chamber1","	1","	B01??(%RH)","	80.5","	2026-07-28 13:53:51"
"	69BA0CDE","	Chamber1","	1","	B01??(?)","	4.1","	2026-07-28 13:53:51"
"	69BA0CDE","	Chamber1","	1","	B01??(%RH)","	80.5","	2026-07-28 13:53:49"
"	69BA0CDE","	Chamber1","	1","	B01??(?)","	4.1","	2026-07-28 13:53:49"
"	69BA0CDE","	Chamber1","	1","	B01??(%RH)","	80.5","	2026-07-28 13:53:47"
"	69BA0CDE","	Chamber1","	1","	B01??(?)","	4.1","	2026-07-28 13:53:47"
"	69BA0CDE","	Chamber1","	1","	B01??(%RH)","	80.5","	2026-07-28 13:53:45"
"	69BA0CDE","	Chamber1","	1","	B01??(?)","	4.1","	2026-07-28 13:53:45"
"	69BA0CDE","	Chamber1","	1","	B01??(%RH)","	80.5","	2026-07-28 13:53:43"
"	69BA0CDE","	Chamber1","	1","	B01??(?)","	4.1","	2026-07-28 13:53:43"
"	69BA0CDE","	Chamber1","	1","	B01??(%RH)","	80.5","	2026-07-28 13:53:41"
"	69BA0CDE","	Chamber1","	1","	B01??(?)","	4.1","	2026-07-28 13:53:41"
"	69BA0CDE","	Chamber1","	1","	B01??(%RH)","	80.5","	2026-07-28 13:53:39"
"	69BA0CDE","	Chamber1","	1","	B01??(?)","	4.2","	2026-07-28 13:53:39"
"	69BA0CDE","	Chamber1","	1","	B01??(%RH)","	80.5","	2026-07-28 13:53:37"
"	69BA0CDE","	Chamber1","	1","	B01??(?)","	4.1","	2026-07-28 13:53:37"
"	69BA0CDE","	Chamber1","	1","	B01??(%RH)","	80.5","	2026-07-28 13:53:35"
"	69BA0CDE","	Chamber1","	1","	B01??(?)","	4.1","	2026-07-28 13:53:35"
"	69BA0CDE","	Chamber1","	1","	B01??(%RH)","	80.5","	2026-07-28 13:53:33"
"	69BA0CDE","	Chamber1","	1","	B01??(?)","	4.1","	2026-07-28 13:53:33"
"	69BA0CDE","	Chamber1","	1","	B01??(%RH)","	80.5","	2026-07-28 13:53:30"
"	69BA0CDE","	Chamber1","	1","	B01??(?)","	4.2","	2026-07-28 13:53:30"
"	69BA0CDE","	Chamber1","	1","	B01??(%RH)","	80.5","	2026-07-28 13:53:28"
"	69BA0CDE","	Chamber1","	1","	B01??(?)","	4.2","	2026-07-28 13:53:28"
"	69BA0CDE","	Chamber1","	1","	B01??(%RH)","	80.5","	2026-07-28 13:53:26"
"	69BA0CDE","	Chamber1","	1","	B01??(?)","	4.1","	2026-07-28 13:53:26"
"	69BA0CDE","	Chamber1","	1","	B01??(%RH)","	80.5","	2026-07-28 13:53:24"
"	69BA0CDE","	Chamber1","	1","	B01??(?)","	4.2","	2026-07-28 13:53:24"
"	69BA0CDE","	Chamber1","	1","	B01??(%RH)","	80.5","	2026-07-28 13:53:22"
"	69BA0CDE","	Chamber1","	1","	B01??(?)","	4.2","	2026-07-28 13:53:22"
"	69BA0CDE","	Chamber1","	1","	B01??(%RH)","	80.5","	2026-07-28 13:53:20"
"	69BA0CDE","	Chamber1","	1","	B01??(?)","	4.1","	2026-07-28 13:53:20"
"	69BA0CDE","	Chamber1","	1","	B01??(%RH)","	80.5","	2026-07-28 13:53:18"
"	69BA0CDE","	Chamber1","	1","	B01??(?)","	4.2","	2026-07-28 13:53:18"
"	69BA0CDE","	Chamber1","	1","	B01??(%RH)","	80.5","	2026-07-28 13:53:16"
"	69BA0CDE","	Chamber1","	1","	B01??(?)","	4.1","	2026-07-28 13:53:16"
"	69BA0CDE","	Chamber1","	1","	B01??(%RH)","	80.5","	2026-07-28 13:53:14"
"	69BA0CDE","	Chamber1","	1","	B01??(?)","	4.1","	2026-07-28 13:53:14"
"	69BA0CDE","	Chamber1","	1","	B01??(%RH)","	80.5","	2026-07-28 13:53:12"
"	69BA0CDE","	Chamber1","	1","	B01??(?)","	4.1","	2026-07-28 13:53:12"
"	69BA0CDE","	Chamber1","	1","	B01??(%RH)","	80.5","	2026-07-28 13:53:10"
"	69BA0CDE","	Chamber1","	1","	B01??(?)","	4.1","	2026-07-28 13:53:10"
"	69BA0CDE","	Chamber1","	1","	B01??(%RH)","	80.5","	2026-07-28 13:53:08"
"	69BA0CDE","	Chamber1","	1","	B01??(?)","	4.1","	2026-07-28 13:53:08"
"	69BA0CDE","	Chamber1","	1","	B01??(%RH)","	80.5","	2026-07-28 13:53:06"
"	69BA0CDE","	Chamber1","	1","	B01??(?)","	4.1","	2026-07-28 13:53:06"
"	69BA0CDE","	Chamber1","	1","	B01??(%RH)","	80.5","	2026-07-28 13:53:04"
"	69BA0CDE","	Chamber1","	1","	B01??(?)","	4.1","	2026-07-28 13:53:04"
"	69BA0CDE","	Chamber1","	1","	B01??(%RH)","	80.5","	2026-07-28 13:53:02"
"	69BA0CDE","	Chamber1","	1","	B01??(?)","	4.2","	2026-07-28 13:53:02"
"	69BA0CDE","	Chamber1","	1","	B01??(%RH)","	80.5","	2026-07-28 13:53:00"
"	69BA0CDE","	Chamber1","	1","	B01??(?)","	4.1","	2026-07-28 13:53:00"
"	69BA0CDE","	Chamber1","	1","	B01??(%RH)","	80.5","	2026-07-28 13:52:58"
"	69BA0CDE","	Chamber1","	1","	B01??(?)","	4.1","	2026-07-28 13:52:58"
"	69BA0CDE","	Chamber1","	1","	B01??(%RH)","	80.5","	2026-07-28 13:52:56"
"	69BA0CDE","	Chamber1","	1","	B01??(?)","	4.1","	2026-07-28 13:52:56"
"	69BA0CDE","	Chamber1","	1","	B01??(%RH)","	80.5","	2026-07-28 13:52:54"
"	69BA0CDE","	Chamber1","	1","	B01??(?)","	4.1","	2026-07-28 13:52:54"
"	69BA0CDE","	Chamber1","	1","	B01??(%RH)","	80.5","	2026-07-28 13:52:52"
"	69BA0CDE","	Chamber1","	1","	B01??(?)","	4.2","	2026-07-28 13:52:52"
"	69BA0CDE","	Chamber1","	1","	B01??(%RH)","	80.5","	2026-07-28 13:52:50"
"	69BA0CDE","	Chamber1","	1","	B01??(?)","	4.1","	2026-07-28 13:52:50"
"	69BA0CDE","	Chamber1","	1","	B01??(%RH)","	80.5","	2026-07-28 13:52:48"
"	69BA0CDE","	Chamber1","	1","	B01??(?)","	4.1","	2026-07-28 13:52:48"
"	69BA0CDE","	Chamber1","	1","	B01??(%RH)","	80.5","	2026-07-28 13:52:45"
"	69BA0CDE","	Chamber1","	1","	B01??(?)","	4.1","	2026-07-28 13:52:45"
"	69BA0CDE","	Chamber1","	1","	B01??(%RH)","	80.5","	2026-07-28 13:52:43"
"	69BA0CDE","	Chamber1","	1","	B01??(?)","	4.1","	2026-07-28 13:52:43"
"	69BA0CDE","	Chamber1","	1","	B01??(%RH)","	80.5","	2026-07-28 13:52:41"
"	69BA0CDE","	Chamber1","	1","	B01??(?)","	4.1","	2026-07-28 13:52:41"
"	69BA0CDE","	Chamber1","	1","	B01??(%RH)","	80.5","	2026-07-28 13:52:39"
"	69BA0CDE","	Chamber1","	1","	B01??(?)","	4.1","	2026-07-28 13:52:39"
"	69BA0CDE","	Chamber1","	1","	B01??(%RH)","	80.5","	2026-07-28 13:52:37"
"	69BA0CDE","	Chamber1","	1","	B01??(?)","	4.2","	2026-07-28 13:52:37"
"	69BA0CDE","	Chamber1","	1","	B01??(%RH)","	80.5","	2026-07-28 13:52:35"
"	69BA0CDE","	Chamber1","	1","	B01??(?)","	4.2","	2026-07-28 13:52:35"
"	69BA0CDE","	Chamber1","	1","	B01??(%RH)","	80.5","	2026-07-28 13:52:33"
"	69BA0CDE","	Chamber1","	1","	B01??(?)","	4.1","	2026-07-28 13:52:33"
"	69BA0CDE","	Chamber1","	1","	B01??(%RH)","	80.5","	2026-07-28 13:52:31"
"	69BA0CDE","	Chamber1","	1","	B01??(?)","	4.1","	2026-07-28 13:52:31"
"	69BA0CDE","	Chamber1","	1","	B01??(%RH)","	80.5","	2026-07-28 13:52:29"
"	69BA0CDE","	Chamber1","	1","	B01??(?)","	4.2","	2026-07-28 13:52:29"
"	69BA0CDE","	Chamber1","	1","	B01??(%RH)","	80.5","	2026-07-28 13:52:27"
"	69BA0CDE","	Chamber1","	1","	B01??(?)","	4.1","	2026-07-28 13:52:27"
"	69BA0CDE","	Chamber1","	1","	B01??(%RH)","	80.5","	2026-07-28 13:52:25"
"	69BA0CDE","	Chamber1","	1","	B01??(?)","	4.1","	2026-07-28 13:52:25"
"	69BA0CDE","	Chamber1","	1","	B01??(%RH)","	80.5","	2026-07-28 13:52:23"
"	69BA0CDE","	Chamber1","	1","	B01??(?)","	4.1","	2026-07-28 13:52:23"
"	69BA0CDE","	Chamber1","	1","	B01??(%RH)","	80.5","	2026-07-28 13:52:21"
"	69BA0CDE","	Chamber1","	1","	B01??(?)","	4.1","	2026-07-28 13:52:21"
"	69BA0CDE","	Chamber1","	1","	B01??(%RH)","	80.5","	2026-07-28 13:52:19"
"	69BA0CDE","	Chamber1","	1","	B01??(?)","	4.1","	2026-07-28 13:52:19"
"	69BA0CDE","	Chamber1","	1","	B01??(%RH)","	80.5","	2026-07-28 13:52:17"
"	69BA0CDE","	Chamber1","	1","	B01??(?)","	4.1","	2026-07-28 13:52:17"
"	69BA0CDE","	Chamber1","	1","	B01??(%RH)","	80.5","	2026-07-28 13:52:15"
"	69BA0CDE","	Chamber1","	1","	B01??(?)","	4.2","	2026-07-28 13:52:15"
"	69BA0CDE","	Chamber1","	1","	B01??(%RH)","	80.5","	2026-07-28 13:52:13"
"	69BA0CDE","	Chamber1","	1","	B01??(?)","	4.1","	2026-07-28 13:52:13"
"	69BA0CDE","	Chamber1","	1","	B01??(%RH)","	80.5","	2026-07-28 13:52:11"
"	69BA0CDE","	Chamber1","	1","	B01??(?)","	4.1","	2026-07-28 13:52:11"
"	69BA0CDE","	Chamber1","	1","	B01??(%RH)","	80.5","	2026-07-28 13:52:09"
"	69BA0CDE","	Chamber1","	1","	B01??(?)","	4.1","	2026-07-28 13:52:09"
"	69BA0CDE","	Chamber1","	1","	B01??(%RH)","	80.5","	2026-07-28 13:52:07"
"	69BA0CDE","	Chamber1","	1","	B01??(?)","	4.1","	2026-07-28 13:52:07"
"	69BA0CDE","	Chamber1","	1","	B01??(%RH)","	80.5","	2026-07-28 13:52:04"
"	69BA0CDE","	Chamber1","	1","	B01??(?)","	4.1","	2026-07-28 13:52:04"
"	69BA0CDE","	Chamber1","	1","	B01??(%RH)","	80.5","	2026-07-28 13:52:02"
"	69BA0CDE","	Chamber1","	1","	B01??(?)","	4.1","	2026-07-28 13:52:02"
"	69BA0CDE","	Chamber1","	1","	B01??(%RH)","	80.5","	2026-07-28 13:52:00"
"	69BA0CDE","	Chamber1","	1","	B01??(?)","	4.1","	2026-07-28 13:52:00"
"	69BA0CDE","	Chamber1","	1","	B01??(%RH)","	80.5","	2026-07-28 13:51:58"
"	69BA0CDE","	Chamber1","	1","	B01??(?)","	4.1","	2026-07-28 13:51:58"
"	69BA0CDE","	Chamber1","	1","	B01??(%RH)","	80.5","	2026-07-28 13:51:56"
"	69BA0CDE","	Chamber1","	1","	B01??(?)","	4.1","	2026-07-28 13:51:56"
"	69BA0CDE","	Chamber1","	1","	B01??(%RH)","	80.5","	2026-07-28 13:51:54"
"	69BA0CDE","	Chamber1","	1","	B01??(?)","	4.1","	2026-07-28 13:51:54"
"	69BA0CDE","	Chamber1","	1","	B01??(%RH)","	80.5","	2026-07-28 13:51:52"
"	69BA0CDE","	Chamber1","	1","	B01??(?)","	4.1","	2026-07-28 13:51:52"
"	69BA0CDE","	Chamber1","	1","	B01??(%RH)","	80.5","	2026-07-28 13:51:50"
"	69BA0CDE","	Chamber1","	1","	B01??(?)","	4.1","	2026-07-28 13:51:50"
"	69BA0CDE","	Chamber1","	1","	B01??(%RH)","	80.5","	2026-07-28 13:51:48"
"	69BA0CDE","	Chamber1","	1","	B01??(?)","	4.1","	2026-07-28 13:51:48"
"	69BA0CDE","	Chamber1","	1","	B01??(%RH)","	80.5","	2026-07-28 13:51:46"
"	69BA0CDE","	Chamber1","	1","	B01??(?)","	4.1","	2026-07-28 13:51:46"
"	69BA0CDE","	Chamber1","	1","	B01??(%RH)","	80.5","	2026-07-28 13:51:44"
"	69BA0CDE","	Chamber1","	1","	B01??(?)","	4.1","	2026-07-28 13:51:44"
"	69BA0CDE","	Chamber1","	1","	B01??(%RH)","	80.5","	2026-07-28 13:51:42"
"	69BA0CDE","	Chamber1","	1","	B01??(?)","	4.1","	2026-07-28 13:51:42"
"	69BA0CDE","	Chamber1","	1","	B01??(%RH)","	80.5","	2026-07-28 13:51:40"
"	69BA0CDE","	Chamber1","	1","	B01??(?)","	4.1","	2026-07-28 13:51:40"
"	69BA0CDE","	Chamber1","	1","	B01??(%RH)","	80.5","	2026-07-28 13:51:38"
"	69BA0CDE","	Chamber1","	1","	B01??(?)","	4.1","	2026-07-28 13:51:38"
"	69BA0CDE","	Chamber1","	1","	B01??(%RH)","	80.5","	2026-07-28 13:51:36"
"	69BA0CDE","	Chamber1","	1","	B01??(?)","	4.1","	2026-07-28 13:51:36"
"	69BA0CDE","	Chamber1","	1","	B01??(%RH)","	80.5","	2026-07-28 13:51:34"
"	69BA0CDE","	Chamber1","	1","	B01??(?)","	4.1","	2026-07-28 13:51:34"
"	69BA0CDE","	Chamber1","	1","	B01??(%RH)","	80.5","	2026-07-28 13:51:32"
"	69BA0CDE","	Chamber1","	1","	B01??(?)","	4.1","	2026-07-28 13:51:32"
"	69BA0CDE","	Chamber1","	1","	B01??(%RH)","	80.5","	2026-07-28 13:51:30"
"	69BA0CDE","	Chamber1","	1","	B01??(?)","	4.1","	2026-07-28 13:51:30"
"	69BA0CDE","	Chamber1","	1","	B01??(%RH)","	80.5","	2026-07-28 13:51:28"
"	69BA0CDE","	Chamber1","	1","	B01??(?)","	4.1","	2026-07-28 13:51:28"
"	69BA0CDE","	Chamber1","	1","	B01??(%RH)","	80.5","	2026-07-28 13:51:26"
"	69BA0CDE","	Chamber1","	1","	B01??(?)","	4.1","	2026-07-28 13:51:26"
"	69BA0CDE","	Chamber1","	1","	B01??(%RH)","	80.5","	2026-07-28 13:51:24"
"	69BA0CDE","	Chamber1","	1","	B01??(?)","	4.1","	2026-07-28 13:51:24"
"	69BA0CDE","	Chamber1","	1","	B01??(%RH)","	80.5","	2026-07-28 13:51:21"
"	69BA0CDE","	Chamber1","	1","	B01??(?)","	4.1","	2026-07-28 13:51:21"
"	69BA0CDE","	Chamber1","	1","	B01??(%RH)","	80.5","	2026-07-28 13:51:19"
"	69BA0CDE","	Chamber1","	1","	B01??(?)","	4.1","	2026-07-28 13:51:19"
"	69BA0CDE","	Chamber1","	1","	B01??(%RH)","	80.5","	2026-07-28 13:51:17"
"	69BA0CDE","	Chamber1","	1","	B01??(?)","	4.1","	2026-07-28 13:51:17"
"	69BA0CDE","	Chamber1","	1","	B01??(%RH)","	80.5","	2026-07-28 13:51:15"
"	69BA0CDE","	Chamber1","	1","	B01??(?)","	4.1","	2026-07-28 13:51:15"
"	69BA0CDE","	Chamber1","	1","	B01??(%RH)","	80.5","	2026-07-28 13:51:13"
"	69BA0CDE","	Chamber1","	1","	B01??(?)","	4.1","	2026-07-28 13:51:13"
"	69BA0CDE","	Chamber1","	1","	B01??(%RH)","	80.5","	2026-07-28 13:51:11"
"	69BA0CDE","	Chamber1","	1","	B01??(?)","	4.1","	2026-07-28 13:51:11"
"	69BA0CDE","	Chamber1","	1","	B01??(%RH)","	80.5","	2026-07-28 13:51:09"
"	69BA0CDE","	Chamber1","	1","	B01??(?)","	4.1","	2026-07-28 13:51:09"
"	69BA0CDE","	Chamber1","	1","	B01??(%RH)","	80.5","	2026-07-28 13:51:07"
"	69BA0CDE","	Chamber1","	1","	B01??(?)","	4.1","	2026-07-28 13:51:07"
"	69BA0CDE","	Chamber1","	1","	B01??(%RH)","	80.5","	2026-07-28 13:51:05"
"	69BA0CDE","	Chamber1","	1","	B01??(?)","	4.1","	2026-07-28 13:51:05"
"	69BA0CDE","	Chamber1","	1","	B01??(%RH)","	80.5","	2026-07-28 13:51:03"
"	69BA0CDE","	Chamber1","	1","	B01??(?)","	4.1","	2026-07-28 13:51:03"
"	69BA0CDE","	Chamber1","	1","	B01??(%RH)","	80.5","	2026-07-28 13:51:01"
"	69BA0CDE","	Chamber1","	1","	B01??(?)","	4.1","	2026-07-28 13:51:01"
"	69BA0CDE","	Chamber1","	1","	B01??(%RH)","	80.5","	2026-07-28 13:50:59"
"	69BA0CDE","	Chamber1","	1","	B01??(?)","	4.1","	2026-07-28 13:50:59"
"	69BA0CDE","	Chamber1","	1","	B01??(%RH)","	80.5","	2026-07-28 13:50:57"
"	69BA0CDE","	Chamber1","	1","	B01??(?)","	4.1","	2026-07-28 13:50:57"
"	69BA0CDE","	Chamber1","	1","	B01??(%RH)","	80.5","	2026-07-28 13:50:55"
"	69BA0CDE","	Chamber1","	1","	B01??(?)","	4.1","	2026-07-28 13:50:55"
"	69BA0CDE","	Chamber1","	1","	B01??(%RH)","	80.5","	2026-07-28 13:50:53"
"	69BA0CDE","	Chamber1","	1","	B01??(?)","	4.1","	2026-07-28 13:50:53"
"	69BA0CDE","	Chamber1","	1","	B01??(%RH)","	80.5","	2026-07-28 13:50:51"
"	69BA0CDE","	Chamber1","	1","	B01??(?)","	4.1","	2026-07-28 13:50:51"
"	69BA0CDE","	Chamber1","	1","	B01??(%RH)","	80.5","	2026-07-28 13:50:49"
"	69BA0CDE","	Chamber1","	1","	B01??(?)","	4.1","	2026-07-28 13:50:49"
"	69BA0CDE","	Chamber1","	1","	B01??(%RH)","	80.5","	2026-07-28 13:50:47"
"	69BA0CDE","	Chamber1","	1","	B01??(?)","	4.1","	2026-07-28 13:50:47"
"	69BA0CDE","	Chamber1","	1","	B01??(%RH)","	80.5","	2026-07-28 13:50:45"
"	69BA0CDE","	Chamber1","	1","	B01??(?)","	4.1","	2026-07-28 13:50:45"
"	69BA0CDE","	Chamber1","	1","	B01??(%RH)","	80.5","	2026-07-28 13:50:43"
"	69BA0CDE","	Chamber1","	1","	B01??(?)","	4.1","	2026-07-28 13:50:43"
"	69BA0CDE","	Chamber1","	1","	B01??(%RH)","	80.5","	2026-07-28 13:50:41"
"	69BA0CDE","	Chamber1","	1","	B01??(?)","	4.1","	2026-07-28 13:50:41"
"	69BA0CDE","	Chamber1","	1","	B01??(%RH)","	80.5","	2026-07-28 13:50:39"
"	69BA0CDE","	Chamber1","	1","	B01??(?)","	4.1","	2026-07-28 13:50:39"
"	69BA0CDE","	Chamber1","	1","	B01??(%RH)","	80.5","	2026-07-28 13:50:36"
"	69BA0CDE","	Chamber1","	1","	B01??(?)","	4.1","	2026-07-28 13:50:36"
"	69BA0CDE","	Chamber1","	1","	B01??(%RH)","	80.5","	2026-07-28 13:50:34"
"	69BA0CDE","	Chamber1","	1","	B01??(?)","	4.1","	2026-07-28 13:50:34"
"	69BA0CDE","	Chamber1","	1","	B01??(%RH)","	80.5","	2026-07-28 13:50:32"
"	69BA0CDE","	Chamber1","	1","	B01??(?)","	4.1","	2026-07-28 13:50:32"
"	69BA0CDE","	Chamber1","	1","	B01??(%RH)","	80.5","	2026-07-28 13:50:30"
"	69BA0CDE","	Chamber1","	1","	B01??(?)","	4.1","	2026-07-28 13:50:30"
"	69BA0CDE","	Chamber1","	1","	B01??(%RH)","	80.5","	2026-07-28 13:50:28"
"	69BA0CDE","	Chamber1","	1","	B01??(?)","	4.1","	2026-07-28 13:50:28"
"	69BA0CDE","	Chamber1","	1","	B01??(%RH)","	80.5","	2026-07-28 13:50:26"
"	69BA0CDE","	Chamber1","	1","	B01??(?)","	4.1","	2026-07-28 13:50:26"
"	69BA0CDE","	Chamber1","	1","	B01??(%RH)","	80.5","	2026-07-28 13:50:24"
"	69BA0CDE","	Chamber1","	1","	B01??(?)","	4.1","	2026-07-28 13:50:24"
"	69BA0CDE","	Chamber1","	1","	B01??(%RH)","	80.5","	2026-07-28 13:50:22"
"	69BA0CDE","	Chamber1","	1","	B01??(?)","	4.1","	2026-07-28 13:50:22"
"	69BA0CDE","	Chamber1","	1","	B01??(%RH)","	80.5","	2026-07-28 13:50:20"
"	69BA0CDE","	Chamber1","	1","	B01??(?)","	4.1","	2026-07-28 13:50:20"
"	69BA0CDE","	Chamber1","	1","	B01??(%RH)","	80.5","	2026-07-28 13:50:18"
"	69BA0CDE","	Chamber1","	1","	B01??(?)","	4.1","	2026-07-28 13:50:18"
"	69BA0CDE","	Chamber1","	1","	B01??(%RH)","	80.5","	2026-07-28 13:50:16"
"	69BA0CDE","	Chamber1","	1","	B01??(?)","	4.1","	2026-07-28 13:50:16"
"	69BA0CDE","	Chamber1","	1","	B01??(%RH)","	80.5","	2026-07-28 13:50:14"
"	69BA0CDE","	Chamber1","	1","	B01??(?)","	4.1","	2026-07-28 13:50:14"
"	69BA0CDE","	Chamber1","	1","	B01??(%RH)","	80.5","	2026-07-28 13:50:12"
"	69BA0CDE","	Chamber1","	1","	B01??(?)","	4.1","	2026-07-28 13:50:12"
"	69BA0CDE","	Chamber1","	1","	B01??(%RH)","	80.5","	2026-07-28 13:50:10"
"	69BA0CDE","	Chamber1","	1","	B01??(?)","	4.1","	2026-07-28 13:50:10"
"	69BA0CDE","	Chamber1","	1","	B01??(%RH)","	80.5","	2026-07-28 13:50:08"
"	69BA0CDE","	Chamber1","	1","	B01??(?)","	4.1","	2026-07-28 13:50:08"
"	69BA0CDE","	Chamber1","	1","	B01??(%RH)","	80.5","	2026-07-28 13:50:06"
"	69BA0CDE","	Chamber1","	1","	B01??(?)","	4.1","	2026-07-28 13:50:06"
"	69BA0CDE","	Chamber1","	1","	B01??(%RH)","	80.5","	2026-07-28 13:50:04"
"	69BA0CDE","	Chamber1","	1","	B01??(?)","	4.1","	2026-07-28 13:50:04"
"	69BA0CDE","	Chamber1","	1","	B01??(%RH)","	80.5","	2026-07-28 13:50:02"
"	69BA0CDE","	Chamber1","	1","	B01??(?)","	4.1","	2026-07-28 13:50:02"
"	69BA0CDE","	Chamber1","	1","	B01??(%RH)","	80.5","	2026-07-28 13:50:00"
"	69BA0CDE","	Chamber1","	1","	B01??(?)","	4.1","	2026-07-28 13:50:00"
"	69BA0CDE","	Chamber1","	1","	B01??(%RH)","	80.5","	2026-07-28 13:49:58"
"	69BA0CDE","	Chamber1","	1","	B01??(?)","	4.1","	2026-07-28 13:49:58"
"	69BA0CDE","	Chamber1","	1","	B01??(%RH)","	80.5","	2026-07-28 13:49:55"
"	69BA0CDE","	Chamber1","	1","	B01??(?)","	4.1","	2026-07-28 13:49:55"
"	69BA0CDE","	Chamber1","	1","	B01??(%RH)","	80.5","	2026-07-28 13:49:53"
"	69BA0CDE","	Chamber1","	1","	B01??(?)","	4.1","	2026-07-28 13:49:53"
"	69BA0CDE","	Chamber1","	1","	B01??(%RH)","	80.5","	2026-07-28 13:49:51"
"	69BA0CDE","	Chamber1","	1","	B01??(?)","	4.1","	2026-07-28 13:49:51"
"	69BA0CDE","	Chamber1","	1","	B01??(%RH)","	80.5","	2026-07-28 13:49:49"
"	69BA0CDE","	Chamber1","	1","	B01??(?)","	4.1","	2026-07-28 13:49:49"
"	69BA0CDE","	Chamber1","	1","	B01??(%RH)","	80.5","	2026-07-28 13:49:47"
"	69BA0CDE","	Chamber1","	1","	B01??(?)","	4.1","	2026-07-28 13:49:47"
"	69BA0CDE","	Chamber1","	1","	B01??(%RH)","	80.5","	2026-07-28 13:49:45"
"	69BA0CDE","	Chamber1","	1","	B01??(?)","	4.1","	2026-07-28 13:49:45"
"	69BA0CDE","	Chamber1","	1","	B01??(%RH)","	80.5","	2026-07-28 13:49:43"
"	69BA0CDE","	Chamber1","	1","	B01??(?)","	4.1","	2026-07-28 13:49:43"
"	69BA0CDE","	Chamber1","	1","	B01??(%RH)","	80.5","	2026-07-28 13:49:41"
"	69BA0CDE","	Chamber1","	1","	B01??(?)","	4.1","	2026-07-28 13:49:41"
"	69BA0CDE","	Chamber1","	1","	B01??(%RH)","	80.5","	2026-07-28 13:49:39"
"	69BA0CDE","	Chamber1","	1","	B01??(?)","	4.1","	2026-07-28 13:49:39"
"	69BA0CDE","	Chamber1","	1","	B01??(%RH)","	80.5","	2026-07-28 13:49:37"
"	69BA0CDE","	Chamber1","	1","	B01??(?)","	4.1","	2026-07-28 13:49:37"
"	69BA0CDE","	Chamber1","	1","	B01??(%RH)","	80.5","	2026-07-28 13:49:35"
"	69BA0CDE","	Chamber1","	1","	B01??(?)","	4.1","	2026-07-28 13:49:35"
"	69BA0CDE","	Chamber1","	1","	B01??(%RH)","	80.5","	2026-07-28 13:49:33"
"	69BA0CDE","	Chamber1","	1","	B01??(?)","	4.1","	2026-07-28 13:49:33"
"	69BA0CDE","	Chamber1","	1","	B01??(%RH)","	80.5","	2026-07-28 13:49:31"
"	69BA0CDE","	Chamber1","	1","	B01??(?)","	4.1","	2026-07-28 13:49:31"
"	69BA0CDE","	Chamber1","	1","	B01??(%RH)","	80.5","	2026-07-28 13:49:29"
"	69BA0CDE","	Chamber1","	1","	B01??(?)","	4.1","	2026-07-28 13:49:29"
"	69BA0CDE","	Chamber1","	1","	B01??(%RH)","	80.5","	2026-07-28 13:49:27"
"	69BA0CDE","	Chamber1","	1","	B01??(?)","	4.1","	2026-07-28 13:49:27"
"	69BA0CDE","	Chamber1","	1","	B01??(%RH)","	80.5","	2026-07-28 13:49:25"
"	69BA0CDE","	Chamber1","	1","	B01??(?)","	4.1","	2026-07-28 13:49:25"
"	69BA0CDE","	Chamber1","	1","	B01??(%RH)","	80.5","	2026-07-28 13:49:23"
"	69BA0CDE","	Chamber1","	1","	B01??(?)","	4.1","	2026-07-28 13:49:23"
"	69BA0CDE","	Chamber1","	1","	B01??(%RH)","	80.5","	2026-07-28 13:49:21"
"	69BA0CDE","	Chamber1","	1","	B01??(?)","	4.1","	2026-07-28 13:49:21"
"	69BA0CDE","	Chamber1","	1","	B01??(%RH)","	80.5","	2026-07-28 13:49:19"
"	69BA0CDE","	Chamber1","	1","	B01??(?)","	4.1","	2026-07-28 13:49:19"
"	69BA0CDE","	Chamber1","	1","	B01??(%RH)","	80.5","	2026-07-28 13:49:17"
"	69BA0CDE","	Chamber1","	1","	B01??(?)","	4.1","	2026-07-28 13:49:17"
"	69BA0CDE","	Chamber1","	1","	B01??(%RH)","	80.5","	2026-07-28 13:49:15"
"	69BA0CDE","	Chamber1","	1","	B01??(?)","	4.1","	2026-07-28 13:49:15"
"	69BA0CDE","	Chamber1","	1","	B01??(%RH)","	80.5","	2026-07-28 13:49:12"
"	69BA0CDE","	Chamber1","	1","	B01??(?)","	4.1","	2026-07-28 13:49:12"
"	69BA0CDE","	Chamber1","	1","	B01??(%RH)","	80.5","	2026-07-28 13:49:10"
"	69BA0CDE","	Chamber1","	1","	B01??(?)","	4.1","	2026-07-28 13:49:10"
"	69BA0CDE","	Chamber1","	1","	B01??(%RH)","	80.5","	2026-07-28 13:49:08"
"	69BA0CDE","	Chamber1","	1","	B01??(?)","	4.1","	2026-07-28 13:49:08"
"	69BA0CDE","	Chamber1","	1","	B01??(%RH)","	80.5","	2026-07-28 13:49:06"
"	69BA0CDE","	Chamber1","	1","	B01??(?)","	4.1","	2026-07-28 13:49:06"
"	69BA0CDE","	Chamber1","	1","	B01??(%RH)","	80.5","	2026-07-28 13:49:04"
"	69BA0CDE","	Chamber1","	1","	B01??(?)","	4.1","	2026-07-28 13:49:04"
"	69BA0CDE","	Chamber1","	1","	B01??(%RH)","	80.5","	2026-07-28 13:49:02"
"	69BA0CDE","	Chamber1","	1","	B01??(?)","	4.1","	2026-07-28 13:49:02"
"	69BA0CDE","	Chamber1","	1","	B01??(%RH)","	80.5","	2026-07-28 13:49:00"
"	69BA0CDE","	Chamber1","	1","	B01??(?)","	4.1","	2026-07-28 13:49:00"
"	69BA0CDE","	Chamber1","	1","	B01??(%RH)","	80.5","	2026-07-28 13:48:58"
"	69BA0CDE","	Chamber1","	1","	B01??(?)","	4.1","	2026-07-28 13:48:58"
"	69BA0CDE","	Chamber1","	1","	B01??(%RH)","	80.5","	2026-07-28 13:48:56"
"	69BA0CDE","	Chamber1","	1","	B01??(?)","	4.1","	2026-07-28 13:48:56"
"	69BA0CDE","	Chamber1","	1","	B01??(%RH)","	80.5","	2026-07-28 13:48:54"
"	69BA0CDE","	Chamber1","	1","	B01??(?)","	4.1","	2026-07-28 13:48:54"
"	69BA0CDE","	Chamber1","	1","	B01??(%RH)","	80.5","	2026-07-28 13:48:52"
"	69BA0CDE","	Chamber1","	1","	B01??(?)","	4.1","	2026-07-28 13:48:52"
"	69BA0CDE","	Chamber1","	1","	B01??(%RH)","	80.5","	2026-07-28 13:48:50"
"	69BA0CDE","	Chamber1","	1","	B01??(?)","	4.1","	2026-07-28 13:48:50"
"	69BA0CDE","	Chamber1","	1","	B01??(%RH)","	80.5","	2026-07-28 13:48:48"
"	69BA0CDE","	Chamber1","	1","	B01??(?)","	4.1","	2026-07-28 13:48:48"
"	69BA0CDE","	Chamber1","	1","	B01??(%RH)","	80.5","	2026-07-28 13:48:46"
"	69BA0CDE","	Chamber1","	1","	B01??(?)","	4.1","	2026-07-28 13:48:46"
"	69BA0CDE","	Chamber1","	1","	B01??(%RH)","	80.5","	2026-07-28 13:48:44"
"	69BA0CDE","	Chamber1","	1","	B01??(?)","	4.1","	2026-07-28 13:48:44"
"	69BA0CDE","	Chamber1","	1","	B01??(%RH)","	80.5","	2026-07-28 13:48:42"
"	69BA0CDE","	Chamber1","	1","	B01??(?)","	4.1","	2026-07-28 13:48:42"
"	69BA0CDE","	Chamber1","	1","	B01??(%RH)","	80.5","	2026-07-28 13:48:40"
"	69BA0CDE","	Chamber1","	1","	B01??(?)","	4.1","	2026-07-28 13:48:40"
"	69BA0CDE","	Chamber1","	1","	B01??(%RH)","	80.5","	2026-07-28 13:48:38"
"	69BA0CDE","	Chamber1","	1","	B01??(?)","	4.1","	2026-07-28 13:48:38"
"	69BA0CDE","	Chamber1","	1","	B01??(%RH)","	80.5","	2026-07-28 13:48:36"
"	69BA0CDE","	Chamber1","	1","	B01??(?)","	4.1","	2026-07-28 13:48:36"
"	69BA0CDE","	Chamber1","	1","	B01??(%RH)","	80.5","	2026-07-28 13:48:34"
"	69BA0CDE","	Chamber1","	1","	B01??(?)","	4.1","	2026-07-28 13:48:34"
"	69BA0CDE","	Chamber1","	1","	B01??(%RH)","	80.5","	2026-07-28 13:48:32"
"	69BA0CDE","	Chamber1","	1","	B01??(?)","	4.1","	2026-07-28 13:48:32"
"	69BA0CDE","	Chamber1","	1","	B01??(%RH)","	80.5","	2026-07-28 13:48:29"
"	69BA0CDE","	Chamber1","	1","	B01??(?)","	4.1","	2026-07-28 13:48:29"
"	69BA0CDE","	Chamber1","	1","	B01??(%RH)","	80.5","	2026-07-28 13:48:27"
"	69BA0CDE","	Chamber1","	1","	B01??(?)","	4.1","	2026-07-28 13:48:27"
"	69BA0CDE","	Chamber1","	1","	B01??(%RH)","	80.5","	2026-07-28 13:48:25"
"	69BA0CDE","	Chamber1","	1","	B01??(?)","	4.1","	2026-07-28 13:48:25"
"	69BA0CDE","	Chamber1","	1","	B01??(%RH)","	80.5","	2026-07-28 13:48:23"
"	69BA0CDE","	Chamber1","	1","	B01??(?)","	4.1","	2026-07-28 13:48:23"
"	69BA0CDE","	Chamber1","	1","	B01??(%RH)","	80.5","	2026-07-28 13:48:21"
"	69BA0CDE","	Chamber1","	1","	B01??(?)","	4.1","	2026-07-28 13:48:21"
"	69BA0CDE","	Chamber1","	1","	B01??(%RH)","	80.5","	2026-07-28 13:48:19"
"	69BA0CDE","	Chamber1","	1","	B01??(?)","	4.1","	2026-07-28 13:48:19"
"	69BA0CDE","	Chamber1","	1","	B01??(%RH)","	80.5","	2026-07-28 13:48:17"
"	69BA0CDE","	Chamber1","	1","	B01??(?)","	4.1","	2026-07-28 13:48:17"
"	69BA0CDE","	Chamber1","	1","	B01??(%RH)","	80.5","	2026-07-28 13:48:15"
"	69BA0CDE","	Chamber1","	1","	B01??(?)","	4.1","	2026-07-28 13:48:15"
"	69BA0CDE","	Chamber1","	1","	B01??(%RH)","	80.5","	2026-07-28 13:48:13"
"	69BA0CDE","	Chamber1","	1","	B01??(?)","	4.1","	2026-07-28 13:48:13"
"	69BA0CDE","	Chamber1","	1","	B01??(%RH)","	80.5","	2026-07-28 13:48:11"
"	69BA0CDE","	Chamber1","	1","	B01??(?)","	4.1","	2026-07-28 13:48:11"
"	69BA0CDE","	Chamber1","	1","	B01??(%RH)","	80.5","	2026-07-28 13:48:09"
"	69BA0CDE","	Chamber1","	1","	B01??(?)","	4.1","	2026-07-28 13:48:09"
"	69BA0CDE","	Chamber1","	1","	B01??(%RH)","	80.5","	2026-07-28 13:48:07"
"	69BA0CDE","	Chamber1","	1","	B01??(?)","	4.1","	2026-07-28 13:48:07"
"	69BA0CDE","	Chamber1","	1","	B01??(%RH)","	80.5","	2026-07-28 13:48:05"
"	69BA0CDE","	Chamber1","	1","	B01??(?)","	4.1","	2026-07-28 13:48:05"
"	69BA0CDE","	Chamber1","	1","	B01??(%RH)","	80.5","	2026-07-28 13:48:03"
"	69BA0CDE","	Chamber1","	1","	B01??(?)","	4.1","	2026-07-28 13:48:03"
"	69BA0CDE","	Chamber1","	1","	B01??(%RH)","	80.5","	2026-07-28 13:48:01"
"	69BA0CDE","	Chamber1","	1","	B01??(?)","	4.1","	2026-07-28 13:48:01"
"	69BA0CDE","	Chamber1","	1","	B01??(%RH)","	80.5","	2026-07-28 13:47:59"
"	69BA0CDE","	Chamber1","	1","	B01??(?)","	4.1","	2026-07-28 13:47:59"
"	69BA0CDE","	Chamber1","	1","	B01??(%RH)","	80.5","	2026-07-28 13:47:57"
"	69BA0CDE","	Chamber1","	1","	B01??(?)","	4.1","	2026-07-28 13:47:57"
"	69BA0CDE","	Chamber1","	1","	B01??(%RH)","	80.5","	2026-07-28 13:47:55"
"	69BA0CDE","	Chamber1","	1","	B01??(?)","	4.1","	2026-07-28 13:47:55"
"	69BA0CDE","	Chamber1","	1","	B01??(%RH)","	80.5","	2026-07-28 13:47:53"
"	69BA0CDE","	Chamber1","	1","	B01??(?)","	4.1","	2026-07-28 13:47:53"
"	69BA0CDE","	Chamber1","	1","	B01??(%RH)","	80.5","	2026-07-28 13:47:51"
"	69BA0CDE","	Chamber1","	1","	B01??(?)","	4.1","	2026-07-28 13:47:51"
"	69BA0CDE","	Chamber1","	1","	B01??(%RH)","	80.5","	2026-07-28 13:47:49"
"	69BA0CDE","	Chamber1","	1","	B01??(?)","	4.1","	2026-07-28 13:47:49"
"	69BA0CDE","	Chamber1","	1","	B01??(%RH)","	80.5","	2026-07-28 13:47:47"
"	69BA0CDE","	Chamber1","	1","	B01??(?)","	4.1","	2026-07-28 13:47:47"
"	69BA0CDE","	Chamber1","	1","	B01??(%RH)","	80.5","	2026-07-28 13:47:44"
"	69BA0CDE","	Chamber1","	1","	B01??(?)","	4.1","	2026-07-28 13:47:44"
"	69BA0CDE","	Chamber1","	1","	B01??(%RH)","	80.5","	2026-07-28 13:47:42"
"	69BA0CDE","	Chamber1","	1","	B01??(?)","	4.1","	2026-07-28 13:47:42"
"	69BA0CDE","	Chamber1","	1","	B01??(%RH)","	80.5","	2026-07-28 13:47:40"
"	69BA0CDE","	Chamber1","	1","	B01??(?)","	4.1","	2026-07-28 13:47:40"
"	69BA0CDE","	Chamber1","	1","	B01??(%RH)","	80.5","	2026-07-28 13:47:38"
"	69BA0CDE","	Chamber1","	1","	B01??(?)","	4.1","	2026-07-28 13:47:38"
"	69BA0CDE","	Chamber1","	1","	B01??(%RH)","	80.5","	2026-07-28 13:47:36"
"	69BA0CDE","	Chamber1","	1","	B01??(?)","	4.1","	2026-07-28 13:47:36"
"	69BA0CDE","	Chamber1","	1","	B01??(%RH)","	80.5","	2026-07-28 13:47:34"
"	69BA0CDE","	Chamber1","	1","	B01??(?)","	4.1","	2026-07-28 13:47:34"
"	69BA0CDE","	Chamber1","	1","	B01??(%RH)","	80.5","	2026-07-28 13:47:32"
"	69BA0CDE","	Chamber1","	1","	B01??(?)","	4.1","	2026-07-28 13:47:32"
"	69BA0CDE","	Chamber1","	1","	B01??(%RH)","	80.5","	2026-07-28 13:47:30"
"	69BA0CDE","	Chamber1","	1","	B01??(?)","	4.1","	2026-07-28 13:47:30"
"	69BA0CDE","	Chamber1","	1","	B01??(%RH)","	80.5","	2026-07-28 13:47:28"
"	69BA0CDE","	Chamber1","	1","	B01??(?)","	4.1","	2026-07-28 13:47:28"
"	69BA0CDE","	Chamber1","	1","	B01??(%RH)","	80.5","	2026-07-28 13:47:26"
"	69BA0CDE","	Chamber1","	1","	B01??(?)","	4.1","	2026-07-28 13:47:26"
"	69BA0CDE","	Chamber1","	1","	B01??(%RH)","	80.5","	2026-07-28 13:47:24"
"	69BA0CDE","	Chamber1","	1","	B01??(?)","	4.1","	2026-07-28 13:47:24"
"	69BA0CDE","	Chamber1","	1","	B01??(%RH)","	80.5","	2026-07-28 13:47:22"
"	69BA0CDE","	Chamber1","	1","	B01??(?)","	4.1","	2026-07-28 13:47:22"
"	69BA0CDE","	Chamber1","	1","	B01??(%RH)","	80.5","	2026-07-28 13:47:20"
"	69BA0CDE","	Chamber1","	1","	B01??(?)","	4.1","	2026-07-28 13:47:20"
"	69BA0CDE","	Chamber1","	1","	B01??(%RH)","	80.5","	2026-07-28 13:47:18"
"	69BA0CDE","	Chamber1","	1","	B01??(?)","	4.1","	2026-07-28 13:47:18"
"	69BA0CDE","	Chamber1","	1","	B01??(%RH)","	80.5","	2026-07-28 13:47:16"
"	69BA0CDE","	Chamber1","	1","	B01??(?)","	4.1","	2026-07-28 13:47:16"
"	69BA0CDE","	Chamber1","	1","	B01??(%RH)","	80.5","	2026-07-28 13:47:14"
"	69BA0CDE","	Chamber1","	1","	B01??(?)","	4.1","	2026-07-28 13:47:14"
"	69BA0CDE","	Chamber1","	1","	B01??(%RH)","	80.5","	2026-07-28 13:47:12"
"	69BA0CDE","	Chamber1","	1","	B01??(?)","	4.1","	2026-07-28 13:47:12"
"	69BA0CDE","	Chamber1","	1","	B01??(%RH)","	80.5","	2026-07-28 13:47:10"
"	69BA0CDE","	Chamber1","	1","	B01??(?)","	4.1","	2026-07-28 13:47:10"
"	69BA0CDE","	Chamber1","	1","	B01??(%RH)","	80.5","	2026-07-28 13:47:08"
"	69BA0CDE","	Chamber1","	1","	B01??(?)","	4.1","	2026-07-28 13:47:08"
"	69BA0CDE","	Chamber1","	1","	B01??(%RH)","	80.5","	2026-07-28 13:47:06"
"	69BA0CDE","	Chamber1","	1","	B01??(?)","	4.1","	2026-07-28 13:47:06"
"	69BA0CDE","	Chamber1","	1","	B01??(%RH)","	80.5","	2026-07-28 13:47:04"
"	69BA0CDE","	Chamber1","	1","	B01??(?)","	4.1","	2026-07-28 13:47:04"
"	69BA0CDE","	Chamber1","	1","	B01??(%RH)","	80.5","	2026-07-28 13:47:02"
"	69BA0CDE","	Chamber1","	1","	B01??(?)","	4.1","	2026-07-28 13:47:02"
"	69BA0CDE","	Chamber1","	1","	B01??(%RH)","	80.5","	2026-07-28 13:46:59"
"	69BA0CDE","	Chamber1","	1","	B01??(?)","	4.1","	2026-07-28 13:46:59"
"	69BA0CDE","	Chamber1","	1","	B01??(%RH)","	80.5","	2026-07-28 13:46:57"
"	69BA0CDE","	Chamber1","	1","	B01??(?)","	4.1","	2026-07-28 13:46:57"
"	69BA0CDE","	Chamber1","	1","	B01??(%RH)","	80.5","	2026-07-28 13:46:55"
"	69BA0CDE","	Chamber1","	1","	B01??(?)","	4.1","	2026-07-28 13:46:55"
"	69BA0CDE","	Chamber1","	1","	B01??(%RH)","	80.5","	2026-07-28 13:46:53"
"	69BA0CDE","	Chamber1","	1","	B01??(?)","	4.1","	2026-07-28 13:46:53"
"	69BA0CDE","	Chamber1","	1","	B01??(%RH)","	80.5","	2026-07-28 13:46:51"
"	69BA0CDE","	Chamber1","	1","	B01??(?)","	4.1","	2026-07-28 13:46:51"
"	69BA0CDE","	Chamber1","	1","	B01??(%RH)","	80.5","	2026-07-28 13:46:49"
"	69BA0CDE","	Chamber1","	1","	B01??(?)","	4.1","	2026-07-28 13:46:49"
"	69BA0CDE","	Chamber1","	1","	B01??(%RH)","	80.5","	2026-07-28 13:46:47"
"	69BA0CDE","	Chamber1","	1","	B01??(?)","	4.1","	2026-07-28 13:46:47"
"	69BA0CDE","	Chamber1","	1","	B01??(%RH)","	80.5","	2026-07-28 13:46:45"
"	69BA0CDE","	Chamber1","	1","	B01??(?)","	4.1","	2026-07-28 13:46:45"
"	69BA0CDE","	Chamber1","	1","	B01??(%RH)","	80.5","	2026-07-28 13:46:43"
"	69BA0CDE","	Chamber1","	1","	B01??(?)","	4.1","	2026-07-28 13:46:43"
"	69BA0CDE","	Chamber1","	1","	B01??(%RH)","	80.5","	2026-07-28 13:46:41"
"	69BA0CDE","	Chamber1","	1","	B01??(?)","	4.1","	2026-07-28 13:46:41"
"	69BA0CDE","	Chamber1","	1","	B01??(%RH)","	80.5","	2026-07-28 13:46:39"
"	69BA0CDE","	Chamber1","	1","	B01??(?)","	4.1","	2026-07-28 13:46:39"
"	69BA0CDE","	Chamber1","	1","	B01??(%RH)","	80.5","	2026-07-28 13:46:37"
"	69BA0CDE","	Chamber1","	1","	B01??(?)","	4.1","	2026-07-28 13:46:37"
"	69BA0CDE","	Chamber1","	1","	B01??(%RH)","	80.5","	2026-07-28 13:46:35"
"	69BA0CDE","	Chamber1","	1","	B01??(?)","	4.1","	2026-07-28 13:46:35"
"	69BA0CDE","	Chamber1","	1","	B01??(%RH)","	80.5","	2026-07-28 13:46:33"
"	69BA0CDE","	Chamber1","	1","	B01??(?)","	4.1","	2026-07-28 13:46:33"
"	69BA0CDE","	Chamber1","	1","	B01??(%RH)","	80.5","	2026-07-28 13:46:31"
"	69BA0CDE","	Chamber1","	1","	B01??(?)","	4.1","	2026-07-28 13:46:31"
"	69BA0CDE","	Chamber1","	1","	B01??(%RH)","	80.5","	2026-07-28 13:46:29"
"	69BA0CDE","	Chamber1","	1","	B01??(?)","	4.1","	2026-07-28 13:46:29"
"	69BA0CDE","	Chamber1","	1","	B01??(%RH)","	80.5","	2026-07-28 13:46:27"
"	69BA0CDE","	Chamber1","	1","	B01??(?)","	4.1","	2026-07-28 13:46:27"
"	69BA0CDE","	Chamber1","	1","	B01??(%RH)","	80.5","	2026-07-28 13:46:25"
"	69BA0CDE","	Chamber1","	1","	B01??(?)","	4.1","	2026-07-28 13:46:25"
"	69BA0CDE","	Chamber1","	1","	B01??(%RH)","	80.5","	2026-07-28 13:46:23"
"	69BA0CDE","	Chamber1","	1","	B01??(?)","	4.1","	2026-07-28 13:46:23"
"	69BA0CDE","	Chamber1","	1","	B01??(%RH)","	80.5","	2026-07-28 13:46:21"
"	69BA0CDE","	Chamber1","	1","	B01??(?)","	4.1","	2026-07-28 13:46:21"
"	69BA0CDE","	Chamber1","	1","	B01??(%RH)","	80.5","	2026-07-28 13:46:19"
"	69BA0CDE","	Chamber1","	1","	B01??(?)","	4.1","	2026-07-28 13:46:19"
"	69BA0CDE","	Chamber1","	1","	B01??(%RH)","	80.4","	2026-07-28 13:46:16"
"	69BA0CDE","	Chamber1","	1","	B01??(?)","	4.1","	2026-07-28 13:46:16"
"	69BA0CDE","	Chamber1","	1","	B01??(%RH)","	80.5","	2026-07-28 13:46:14"
"	69BA0CDE","	Chamber1","	1","	B01??(?)","	4.1","	2026-07-28 13:46:14"
"	69BA0CDE","	Chamber1","	1","	B01??(%RH)","	80.5","	2026-07-28 13:46:12"
"	69BA0CDE","	Chamber1","	1","	B01??(?)","	4.1","	2026-07-28 13:46:12"
"	69BA0CDE","	Chamber1","	1","	B01??(%RH)","	80.5","	2026-07-28 13:46:10"
"	69BA0CDE","	Chamber1","	1","	B01??(?)","	4.1","	2026-07-28 13:46:10"
"	69BA0CDE","	Chamber1","	1","	B01??(%RH)","	80.5","	2026-07-28 13:46:08"
"	69BA0CDE","	Chamber1","	1","	B01??(?)","	4.1","	2026-07-28 13:46:08"
"	69BA0CDE","	Chamber1","	1","	B01??(%RH)","	80.5","	2026-07-28 13:46:06"
"	69BA0CDE","	Chamber1","	1","	B01??(?)","	4.1","	2026-07-28 13:46:06"
"	69BA0CDE","	Chamber1","	1","	B01??(%RH)","	80.5","	2026-07-28 13:46:04"
"	69BA0CDE","	Chamber1","	1","	B01??(?)","	4.1","	2026-07-28 13:46:04"
"	69BA0CDE","	Chamber1","	1","	B01??(%RH)","	80.5","	2026-07-28 13:46:02"
"	69BA0CDE","	Chamber1","	1","	B01??(?)","	4.1","	2026-07-28 13:46:02"
"	69BA0CDE","	Chamber1","	1","	B01??(%RH)","	80.5","	2026-07-28 13:46:00"
"	69BA0CDE","	Chamber1","	1","	B01??(?)","	4.1","	2026-07-28 13:46:00"
"	69BA0CDE","	Chamber1","	1","	B01??(%RH)","	80.5","	2026-07-28 13:45:58"
"	69BA0CDE","	Chamber1","	1","	B01??(?)","	4.1","	2026-07-28 13:45:58"
"	69BA0CDE","	Chamber1","	1","	B01??(%RH)","	80.5","	2026-07-28 13:45:56"
"	69BA0CDE","	Chamber1","	1","	B01??(?)","	4.1","	2026-07-28 13:45:56"
"	69BA0CDE","	Chamber1","	1","	B01??(%RH)","	80.5","	2026-07-28 13:45:54"
"	69BA0CDE","	Chamber1","	1","	B01??(?)","	4.1","	2026-07-28 13:45:54"
"	69BA0CDE","	Chamber1","	1","	B01??(%RH)","	80.5","	2026-07-28 13:45:52"
"	69BA0CDE","	Chamber1","	1","	B01??(?)","	4.1","	2026-07-28 13:45:52"
"	69BA0CDE","	Chamber1","	1","	B01??(%RH)","	80.5","	2026-07-28 13:45:50"
"	69BA0CDE","	Chamber1","	1","	B01??(?)","	4.1","	2026-07-28 13:45:50"
"	69BA0CDE","	Chamber1","	1","	B01??(%RH)","	80.5","	2026-07-28 13:45:48"
"	69BA0CDE","	Chamber1","	1","	B01??(?)","	4.1","	2026-07-28 13:45:48"
"	69BA0CDE","	Chamber1","	1","	B01??(%RH)","	80.5","	2026-07-28 13:45:46"
"	69BA0CDE","	Chamber1","	1","	B01??(?)","	4.1","	2026-07-28 13:45:46"
"	69BA0CDE","	Chamber1","	1","	B01??(%RH)","	80.5","	2026-07-28 13:45:44"
"	69BA0CDE","	Chamber1","	1","	B01??(?)","	4.1","	2026-07-28 13:45:44"
"	69BA0CDE","	Chamber1","	1","	B01??(%RH)","	80.5","	2026-07-28 13:45:42"
"	69BA0CDE","	Chamber1","	1","	B01??(?)","	4.1","	2026-07-28 13:45:42"
"	69BA0CDE","	Chamber1","	1","	B01??(%RH)","	80.4","	2026-07-28 13:45:40"
"	69BA0CDE","	Chamber1","	1","	B01??(?)","	4.1","	2026-07-28 13:45:40"
"	69BA0CDE","	Chamber1","	1","	B01??(%RH)","	80.5","	2026-07-28 13:45:38"
"	69BA0CDE","	Chamber1","	1","	B01??(?)","	4.1","	2026-07-28 13:45:38"
"	69BA0CDE","	Chamber1","	1","	B01??(%RH)","	80.5","	2026-07-28 13:45:36"
"	69BA0CDE","	Chamber1","	1","	B01??(?)","	4.1","	2026-07-28 13:45:36"
"	69BA0CDE","	Chamber1","	1","	B01??(%RH)","	80.5","	2026-07-28 13:45:34"
"	69BA0CDE","	Chamber1","	1","	B01??(?)","	4.1","	2026-07-28 13:45:34"
"	69BA0CDE","	Chamber1","	1","	B01??(%RH)","	80.5","	2026-07-28 13:45:31"
"	69BA0CDE","	Chamber1","	1","	B01??(?)","	4.1","	2026-07-28 13:45:31"
"	69BA0CDE","	Chamber1","	1","	B01??(?)","	4.1","	2026-07-28 13:45:29"
"	69BA0CDE","	Chamber1","	1","	B01??(%RH)","	80.5","	2026-07-28 13:45:29"
"	69BA0CDE","	Chamber1","	1","	B01??(%RH)","	80.5","	2026-07-28 13:45:27"
"	69BA0CDE","	Chamber1","	1","	B01??(?)","	4.1","	2026-07-28 13:45:27"
"	69BA0CDE","	Chamber1","	1","	B01??(%RH)","	80.5","	2026-07-28 13:45:25"
"	69BA0CDE","	Chamber1","	1","	B01??(?)","	4.1","	2026-07-28 13:45:25"
"	69BA0CDE","	Chamber1","	1","	B01??(%RH)","	80.5","	2026-07-28 13:45:23"
"	69BA0CDE","	Chamber1","	1","	B01??(?)","	4.1","	2026-07-28 13:45:23"
"	69BA0CDE","	Chamber1","	1","	B01??(%RH)","	80.5","	2026-07-28 13:45:21"
"	69BA0CDE","	Chamber1","	1","	B01??(?)","	4.1","	2026-07-28 13:45:21"
"	69BA0CDE","	Chamber1","	1","	B01??(%RH)","	80.5","	2026-07-28 13:45:19"
"	69BA0CDE","	Chamber1","	1","	B01??(?)","	4.1","	2026-07-28 13:45:19"
"	69BA0CDE","	Chamber1","	1","	B01??(%RH)","	80.5","	2026-07-28 13:45:17"
"	69BA0CDE","	Chamber1","	1","	B01??(?)","	4.1","	2026-07-28 13:45:17"
"	69BA0CDE","	Chamber1","	1","	B01??(%RH)","	80.5","	2026-07-28 13:45:15"
"	69BA0CDE","	Chamber1","	1","	B01??(?)","	4.1","	2026-07-28 13:45:15"
"	69BA0CDE","	Chamber1","	1","	B01??(%RH)","	80.5","	2026-07-28 13:45:13"
"	69BA0CDE","	Chamber1","	1","	B01??(?)","	4.1","	2026-07-28 13:45:13"
"	69BA0CDE","	Chamber1","	1","	B01??(%RH)","	80.5","	2026-07-28 13:45:11"
"	69BA0CDE","	Chamber1","	1","	B01??(?)","	4.1","	2026-07-28 13:45:11"
"	69BA0CDE","	Chamber1","	1","	B01??(%RH)","	80.5","	2026-07-28 13:45:09"
"	69BA0CDE","	Chamber1","	1","	B01??(?)","	4.1","	2026-07-28 13:45:09"
"	69BA0CDE","	Chamber1","	1","	B01??(%RH)","	80.5","	2026-07-28 13:45:07"
"	69BA0CDE","	Chamber1","	1","	B01??(?)","	4.1","	2026-07-28 13:45:07"
"	69BA0CDE","	Chamber1","	1","	B01??(%RH)","	80.5","	2026-07-28 13:45:05"
"	69BA0CDE","	Chamber1","	1","	B01??(?)","	4.1","	2026-07-28 13:45:05"
"	69BA0CDE","	Chamber1","	1","	B01??(%RH)","	80.5","	2026-07-28 13:45:03"
"	69BA0CDE","	Chamber1","	1","	B01??(?)","	4.1","	2026-07-28 13:45:03"
"	69BA0CDE","	Chamber1","	1","	B01??(%RH)","	80.5","	2026-07-28 13:45:01"
"	69BA0CDE","	Chamber1","	1","	B01??(?)","	4.1","	2026-07-28 13:45:01"
"	69BA0CDE","	Chamber1","	1","	B01??(%RH)","	80.5","	2026-07-28 13:44:59"
"	69BA0CDE","	Chamber1","	1","	B01??(?)","	4.1","	2026-07-28 13:44:59"
"	69BA0CDE","	Chamber1","	1","	B01??(%RH)","	80.5","	2026-07-28 13:44:57"
"	69BA0CDE","	Chamber1","	1","	B01??(?)","	4.1","	2026-07-28 13:44:57"
"	69BA0CDE","	Chamber1","	1","	B01??(%RH)","	80.5","	2026-07-28 13:44:55"
"	69BA0CDE","	Chamber1","	1","	B01??(?)","	4.1","	2026-07-28 13:44:55"
"	69BA0CDE","	Chamber1","	1","	B01??(%RH)","	80.5","	2026-07-28 13:44:53"
"	69BA0CDE","	Chamber1","	1","	B01??(?)","	4.1","	2026-07-28 13:44:53"
"	69BA0CDE","	Chamber1","	1","	B01??(%RH)","	80.5","	2026-07-28 13:44:51"
"	69BA0CDE","	Chamber1","	1","	B01??(?)","	4.1","	2026-07-28 13:44:51"
"	69BA0CDE","	Chamber1","	1","	B01??(%RH)","	80.5","	2026-07-28 13:44:48"
"	69BA0CDE","	Chamber1","	1","	B01??(?)","	4.1","	2026-07-28 13:44:48"
"	69BA0CDE","	Chamber1","	1","	B01??(%RH)","	80.5","	2026-07-28 13:44:46"
"	69BA0CDE","	Chamber1","	1","	B01??(?)","	4.1","	2026-07-28 13:44:46"
"	69BA0CDE","	Chamber1","	1","	B01??(%RH)","	80.5","	2026-07-28 13:44:44"
"	69BA0CDE","	Chamber1","	1","	B01??(?)","	4.1","	2026-07-28 13:44:44"
"	69BA0CDE","	Chamber1","	1","	B01??(%RH)","	80.5","	2026-07-28 13:44:42"
"	69BA0CDE","	Chamber1","	1","	B01??(?)","	4.1","	2026-07-28 13:44:42"
"	69BA0CDE","	Chamber1","	1","	B01??(%RH)","	80.5","	2026-07-28 13:44:40"
"	69BA0CDE","	Chamber1","	1","	B01??(?)","	4.1","	2026-07-28 13:44:40"
"	69BA0CDE","	Chamber1","	1","	B01??(%RH)","	80.5","	2026-07-28 13:44:38"
"	69BA0CDE","	Chamber1","	1","	B01??(?)","	4.1","	2026-07-28 13:44:38"
"	69BA0CDE","	Chamber1","	1","	B01??(%RH)","	80.5","	2026-07-28 13:44:36"
"	69BA0CDE","	Chamber1","	1","	B01??(?)","	4.1","	2026-07-28 13:44:36"
"	69BA0CDE","	Chamber1","	1","	B01??(%RH)","	80.4","	2026-07-28 13:44:34"
"	69BA0CDE","	Chamber1","	1","	B01??(?)","	4.1","	2026-07-28 13:44:34"
"	69BA0CDE","	Chamber1","	1","	B01??(%RH)","	80.5","	2026-07-28 13:44:32"
"	69BA0CDE","	Chamber1","	1","	B01??(?)","	4.1","	2026-07-28 13:44:32"
"	69BA0CDE","	Chamber1","	1","	B01??(%RH)","	80.4","	2026-07-28 13:44:30"
"	69BA0CDE","	Chamber1","	1","	B01??(?)","	4.1","	2026-07-28 13:44:30"
"	69BA0CDE","	Chamber1","	1","	B01??(%RH)","	80.5","	2026-07-28 13:44:28"
"	69BA0CDE","	Chamber1","	1","	B01??(?)","	4.1","	2026-07-28 13:44:28"
"	69BA0CDE","	Chamber1","	1","	B01??(%RH)","	80.5","	2026-07-28 13:44:26"
"	69BA0CDE","	Chamber1","	1","	B01??(?)","	4.1","	2026-07-28 13:44:26"
"	69BA0CDE","	Chamber1","	1","	B01??(%RH)","	80.5","	2026-07-28 13:44:24"
"	69BA0CDE","	Chamber1","	1","	B01??(?)","	4.1","	2026-07-28 13:44:24"
"	69BA0CDE","	Chamber1","	1","	B01??(%RH)","	80.5","	2026-07-28 13:44:22"
"	69BA0CDE","	Chamber1","	1","	B01??(?)","	4.1","	2026-07-28 13:44:22"
"	69BA0CDE","	Chamber1","	1","	B01??(%RH)","	80.5","	2026-07-28 13:44:20"
"	69BA0CDE","	Chamber1","	1","	B01??(?)","	4.1","	2026-07-28 13:44:20"
"	69BA0CDE","	Chamber1","	1","	B01??(%RH)","	80.5","	2026-07-28 13:44:18"
"	69BA0CDE","	Chamber1","	1","	B01??(?)","	4.1","	2026-07-28 13:44:18"
"	69BA0CDE","	Chamber1","	1","	B01??(%RH)","	80.5","	2026-07-28 13:44:16"
"	69BA0CDE","	Chamber1","	1","	B01??(?)","	4.1","	2026-07-28 13:44:16"
"	69BA0CDE","	Chamber1","	1","	B01??(%RH)","	80.5","	2026-07-28 13:44:14"
"	69BA0CDE","	Chamber1","	1","	B01??(?)","	4.1","	2026-07-28 13:44:14"
"	69BA0CDE","	Chamber1","	1","	B01??(%RH)","	80.5","	2026-07-28 13:44:12"
"	69BA0CDE","	Chamber1","	1","	B01??(?)","	4.1","	2026-07-28 13:44:12"
"	69BA0CDE","	Chamber1","	1","	B01??(%RH)","	80.5","	2026-07-28 13:44:10"
"	69BA0CDE","	Chamber1","	1","	B01??(?)","	4.1","	2026-07-28 13:44:10"
"	69BA0CDE","	Chamber1","	1","	B01??(%RH)","	80.5","	2026-07-28 13:44:08"
"	69BA0CDE","	Chamber1","	1","	B01??(?)","	4.1","	2026-07-28 13:44:08"
"	69BA0CDE","	Chamber1","	1","	B01??(%RH)","	80.5","	2026-07-28 13:44:05"
"	69BA0CDE","	Chamber1","	1","	B01??(?)","	4.1","	2026-07-28 13:44:05"
"	69BA0CDE","	Chamber1","	1","	B01??(%RH)","	80.5","	2026-07-28 13:44:03"
"	69BA0CDE","	Chamber1","	1","	B01??(?)","	4.1","	2026-07-28 13:44:03"
"	69BA0CDE","	Chamber1","	1","	B01??(%RH)","	80.5","	2026-07-28 13:44:01"
"	69BA0CDE","	Chamber1","	1","	B01??(?)","	4.1","	2026-07-28 13:44:01"
"	69BA0CDE","	Chamber1","	1","	B01??(%RH)","	80.5","	2026-07-28 13:43:59"
"	69BA0CDE","	Chamber1","	1","	B01??(?)","	4.1","	2026-07-28 13:43:59"
"	69BA0CDE","	Chamber1","	1","	B01??(%RH)","	80.5","	2026-07-28 13:43:57"
"	69BA0CDE","	Chamber1","	1","	B01??(?)","	4.1","	2026-07-28 13:43:57"
"	69BA0CDE","	Chamber1","	1","	B01??(%RH)","	80.5","	2026-07-28 13:43:55"
"	69BA0CDE","	Chamber1","	1","	B01??(?)","	4.1","	2026-07-28 13:43:55"
"	69BA0CDE","	Chamber1","	1","	B01??(%RH)","	80.5","	2026-07-28 13:43:53"
"	69BA0CDE","	Chamber1","	1","	B01??(?)","	4.1","	2026-07-28 13:43:53"
"	69BA0CDE","	Chamber1","	1","	B01??(%RH)","	80.5","	2026-07-28 13:43:51"
"	69BA0CDE","	Chamber1","	1","	B01??(?)","	4.1","	2026-07-28 13:43:51"
"	69BA0CDE","	Chamber1","	1","	B01??(%RH)","	80.5","	2026-07-28 13:43:49"
"	69BA0CDE","	Chamber1","	1","	B01??(?)","	4.1","	2026-07-28 13:43:49"
"	69BA0CDE","	Chamber1","	1","	B01??(%RH)","	80.5","	2026-07-28 13:43:47"
"	69BA0CDE","	Chamber1","	1","	B01??(?)","	4.1","	2026-07-28 13:43:47"
"	69BA0CDE","	Chamber1","	1","	B01??(%RH)","	80.5","	2026-07-28 13:43:45"
"	69BA0CDE","	Chamber1","	1","	B01??(?)","	4.1","	2026-07-28 13:43:45"
"	69BA0CDE","	Chamber1","	1","	B01??(%RH)","	80.5","	2026-07-28 13:43:43"
"	69BA0CDE","	Chamber1","	1","	B01??(?)","	4.1","	2026-07-28 13:43:43"
"	69BA0CDE","	Chamber1","	1","	B01??(%RH)","	80.5","	2026-07-28 13:43:41"
"	69BA0CDE","	Chamber1","	1","	B01??(?)","	4.1","	2026-07-28 13:43:41"
"	69BA0CDE","	Chamber1","	1","	B01??(%RH)","	80.5","	2026-07-28 13:43:39"
"	69BA0CDE","	Chamber1","	1","	B01??(?)","	4.1","	2026-07-28 13:43:39"
"	69BA0CDE","	Chamber1","	1","	B01??(%RH)","	80.5","	2026-07-28 13:43:37"
"	69BA0CDE","	Chamber1","	1","	B01??(?)","	4.1","	2026-07-28 13:43:37"
"	69BA0CDE","	Chamber1","	1","	B01??(%RH)","	80.5","	2026-07-28 13:43:35"
"	69BA0CDE","	Chamber1","	1","	B01??(?)","	4.1","	2026-07-28 13:43:35"
"	69BA0CDE","	Chamber1","	1","	B01??(%RH)","	80.5","	2026-07-28 13:43:33"
"	69BA0CDE","	Chamber1","	1","	B01??(?)","	4.1","	2026-07-28 13:43:33"
"	69BA0CDE","	Chamber1","	1","	B01??(%RH)","	80.5","	2026-07-28 13:43:31"
"	69BA0CDE","	Chamber1","	1","	B01??(?)","	4.1","	2026-07-28 13:43:31"
"	69BA0CDE","	Chamber1","	1","	B01??(%RH)","	80.4","	2026-07-28 13:43:29"
"	69BA0CDE","	Chamber1","	1","	B01??(?)","	4.1","	2026-07-28 13:43:29"
"	69BA0CDE","	Chamber1","	1","	B01??(%RH)","	80.4","	2026-07-28 13:43:27"
"	69BA0CDE","	Chamber1","	1","	B01??(?)","	4.1","	2026-07-28 13:43:27"
"	69BA0CDE","	Chamber1","	1","	B01??(%RH)","	80.5","	2026-07-28 13:43:25"
"	69BA0CDE","	Chamber1","	1","	B01??(?)","	4.1","	2026-07-28 13:43:25"
"	69BA0CDE","	Chamber1","	1","	B01??(%RH)","	80.5","	2026-07-28 13:43:22"
"	69BA0CDE","	Chamber1","	1","	B01??(?)","	4.1","	2026-07-28 13:43:22"
"	69BA0CDE","	Chamber1","	1","	B01??(%RH)","	80.5","	2026-07-28 13:43:20"
"	69BA0CDE","	Chamber1","	1","	B01??(?)","	4.1","	2026-07-28 13:43:20"
"	69BA0CDE","	Chamber1","	1","	B01??(%RH)","	80.5","	2026-07-28 13:43:18"
"	69BA0CDE","	Chamber1","	1","	B01??(?)","	4.1","	2026-07-28 13:43:18"
"	69BA0CDE","	Chamber1","	1","	B01??(%RH)","	80.5","	2026-07-28 13:43:16"
"	69BA0CDE","	Chamber1","	1","	B01??(?)","	4.1","	2026-07-28 13:43:16"
"	69BA0CDE","	Chamber1","	1","	B01??(%RH)","	80.4","	2026-07-28 13:43:14"
"	69BA0CDE","	Chamber1","	1","	B01??(?)","	4.1","	2026-07-28 13:43:14"
"	69BA0CDE","	Chamber1","	1","	B01??(%RH)","	80.5","	2026-07-28 13:43:12"
"	69BA0CDE","	Chamber1","	1","	B01??(?)","	4.1","	2026-07-28 13:43:12"
"	69BA0CDE","	Chamber1","	1","	B01??(%RH)","	80.4","	2026-07-28 13:43:10"
"	69BA0CDE","	Chamber1","	1","	B01??(?)","	4","	2026-07-28 13:43:10"
"	69BA0CDE","	Chamber1","	1","	B01??(%RH)","	80.5","	2026-07-28 13:43:08"
"	69BA0CDE","	Chamber1","	1","	B01??(?)","	4.1","	2026-07-28 13:43:08"
"	69BA0CDE","	Chamber1","	1","	B01??(%RH)","	80.5","	2026-07-28 13:43:06"
"	69BA0CDE","	Chamber1","	1","	B01??(?)","	4.1","	2026-07-28 13:43:06"
"	69BA0CDE","	Chamber1","	1","	B01??(%RH)","	80.5","	2026-07-28 13:43:04"
"	69BA0CDE","	Chamber1","	1","	B01??(?)","	4.1","	2026-07-28 13:43:04"
"	69BA0CDE","	Chamber1","	1","	B01??(%RH)","	80.5","	2026-07-28 13:43:02"
"	69BA0CDE","	Chamber1","	1","	B01??(?)","	4.1","	2026-07-28 13:43:02"
"	69BA0CDE","	Chamber1","	1","	B01??(%RH)","	80.5","	2026-07-28 13:43:00"
"	69BA0CDE","	Chamber1","	1","	B01??(?)","	4.1","	2026-07-28 13:43:00"
"	69BA0CDE","	Chamber1","	1","	B01??(%RH)","	80.4","	2026-07-28 13:42:58"
"	69BA0CDE","	Chamber1","	1","	B01??(?)","	4.1","	2026-07-28 13:42:58"
"	69BA0CDE","	Chamber1","	1","	B01??(%RH)","	80.4","	2026-07-28 13:42:56"
"	69BA0CDE","	Chamber1","	1","	B01??(?)","	4.1","	2026-07-28 13:42:56"
"	69BA0CDE","	Chamber1","	1","	B01??(%RH)","	80.5","	2026-07-28 13:42:54"
"	69BA0CDE","	Chamber1","	1","	B01??(?)","	4.1","	2026-07-28 13:42:54"
"	69BA0CDE","	Chamber1","	1","	B01??(%RH)","	80.5","	2026-07-28 13:42:52"
"	69BA0CDE","	Chamber1","	1","	B01??(?)","	4.1","	2026-07-28 13:42:52"
"	69BA0CDE","	Chamber1","	1","	B01??(%RH)","	80.5","	2026-07-28 13:42:50"
"	69BA0CDE","	Chamber1","	1","	B01??(?)","	4.1","	2026-07-28 13:42:50"
"	69BA0CDE","	Chamber1","	1","	B01??(%RH)","	80.5","	2026-07-28 13:42:48"
"	69BA0CDE","	Chamber1","	1","	B01??(?)","	4.1","	2026-07-28 13:42:48"
"	69BA0CDE","	Chamber1","	1","	B01??(%RH)","	80.5","	2026-07-28 13:42:46"
"	69BA0CDE","	Chamber1","	1","	B01??(?)","	4.1","	2026-07-28 13:42:46"
"	69BA0CDE","	Chamber1","	1","	B01??(%RH)","	80.5","	2026-07-28 13:42:44"
"	69BA0CDE","	Chamber1","	1","	B01??(?)","	4.1","	2026-07-28 13:42:44"
"	69BA0CDE","	Chamber1","	1","	B01??(%RH)","	80.4","	2026-07-28 13:42:42"
"	69BA0CDE","	Chamber1","	1","	B01??(?)","	4.1","	2026-07-28 13:42:42"
"	69BA0CDE","	Chamber1","	1","	B01??(%RH)","	80.5","	2026-07-28 13:42:40"
"	69BA0CDE","	Chamber1","	1","	B01??(?)","	4.1","	2026-07-28 13:42:40"
"	69BA0CDE","	Chamber1","	1","	B01??(%RH)","	80.4","	2026-07-28 13:42:37"
"	69BA0CDE","	Chamber1","	1","	B01??(?)","	4.1","	2026-07-28 13:42:37"
"	69BA0CDE","	Chamber1","	1","	B01??(%RH)","	80.5","	2026-07-28 13:42:35"
"	69BA0CDE","	Chamber1","	1","	B01??(?)","	4.1","	2026-07-28 13:42:35"
"	69BA0CDE","	Chamber1","	1","	B01??(%RH)","	80.5","	2026-07-28 13:42:33"
"	69BA0CDE","	Chamber1","	1","	B01??(?)","	4.1","	2026-07-28 13:42:33"
"	69BA0CDE","	Chamber1","	1","	B01??(%RH)","	80.5","	2026-07-28 13:42:31"
"	69BA0CDE","	Chamber1","	1","	B01??(?)","	4.1","	2026-07-28 13:42:31"
"	69BA0CDE","	Chamber1","	1","	B01??(%RH)","	80.4","	2026-07-28 13:42:29"
"	69BA0CDE","	Chamber1","	1","	B01??(?)","	4.1","	2026-07-28 13:42:29"
"	69BA0CDE","	Chamber1","	1","	B01??(%RH)","	80.5","	2026-07-28 13:42:27"
"	69BA0CDE","	Chamber1","	1","	B01??(?)","	4.1","	2026-07-28 13:42:27"
"	69BA0CDE","	Chamber1","	1","	B01??(%RH)","	80.5","	2026-07-28 13:42:25"
"	69BA0CDE","	Chamber1","	1","	B01??(?)","	4.1","	2026-07-28 13:42:25"
"	69BA0CDE","	Chamber1","	1","	B01??(%RH)","	80.5","	2026-07-28 13:42:23"
"	69BA0CDE","	Chamber1","	1","	B01??(?)","	4.1","	2026-07-28 13:42:23"
"	69BA0CDE","	Chamber1","	1","	B01??(%RH)","	80.5","	2026-07-28 13:42:21"
"	69BA0CDE","	Chamber1","	1","	B01??(?)","	4.1","	2026-07-28 13:42:21"
"	69BA0CDE","	Chamber1","	1","	B01??(%RH)","	80.5","	2026-07-28 13:42:19"
"	69BA0CDE","	Chamber1","	1","	B01??(?)","	4.1","	2026-07-28 13:42:19"
"	69BA0CDE","	Chamber1","	1","	B01??(%RH)","	80.5","	2026-07-28 13:42:17"
"	69BA0CDE","	Chamber1","	1","	B01??(?)","	4.1","	2026-07-28 13:42:17"
"	69BA0CDE","	Chamber1","	1","	B01??(%RH)","	80.5","	2026-07-28 13:42:15"
"	69BA0CDE","	Chamber1","	1","	B01??(?)","	4.1","	2026-07-28 13:42:15"
"	69BA0CDE","	Chamber1","	1","	B01??(%RH)","	80.4","	2026-07-28 13:42:13"
"	69BA0CDE","	Chamber1","	1","	B01??(?)","	4.1","	2026-07-28 13:42:13"
"	69BA0CDE","	Chamber1","	1","	B01??(%RH)","	80.5","	2026-07-28 13:42:11"
"	69BA0CDE","	Chamber1","	1","	B01??(?)","	4.1","	2026-07-28 13:42:11"
"	69BA0CDE","	Chamber1","	1","	B01??(%RH)","	80.5","	2026-07-28 13:42:09"
"	69BA0CDE","	Chamber1","	1","	B01??(?)","	4.1","	2026-07-28 13:42:09"
"	69BA0CDE","	Chamber1","	1","	B01??(%RH)","	80.4","	2026-07-28 13:42:07"
"	69BA0CDE","	Chamber1","	1","	B01??(?)","	4","	2026-07-28 13:42:07"
"	69BA0CDE","	Chamber1","	1","	B01??(%RH)","	80.5","	2026-07-28 13:42:05"
"	69BA0CDE","	Chamber1","	1","	B01??(?)","	4.1","	2026-07-28 13:42:05"
"	69BA0CDE","	Chamber1","	1","	B01??(%RH)","	80.5","	2026-07-28 13:42:03"
"	69BA0CDE","	Chamber1","	1","	B01??(?)","	4","	2026-07-28 13:42:03"
"	69BA0CDE","	Chamber1","	1","	B01??(%RH)","	80.5","	2026-07-28 13:42:01"
"	69BA0CDE","	Chamber1","	1","	B01??(?)","	4.1","	2026-07-28 13:42:01"
"	69BA0CDE","	Chamber1","	1","	B01??(%RH)","	80.5","	2026-07-28 13:41:59"
"	69BA0CDE","	Chamber1","	1","	B01??(?)","	4.1","	2026-07-28 13:41:59"
"	69BA0CDE","	Chamber1","	1","	B01??(%RH)","	80.5","	2026-07-28 13:41:57"
"	69BA0CDE","	Chamber1","	1","	B01??(?)","	4.1","	2026-07-28 13:41:57"
"	69BA0CDE","	Chamber1","	1","	B01??(%RH)","	80.5","	2026-07-28 13:41:54"
"	69BA0CDE","	Chamber1","	1","	B01??(?)","	4.1","	2026-07-28 13:41:54"
"	69BA0CDE","	Chamber1","	1","	B01??(%RH)","	80.5","	2026-07-28 13:41:52"
"	69BA0CDE","	Chamber1","	1","	B01??(?)","	4.1","	2026-07-28 13:41:52"
"	69BA0CDE","	Chamber1","	1","	B01??(%RH)","	80.5","	2026-07-28 13:41:50"
"	69BA0CDE","	Chamber1","	1","	B01??(?)","	4.1","	2026-07-28 13:41:50"
"	69BA0CDE","	Chamber1","	1","	B01??(%RH)","	80.5","	2026-07-28 13:41:48"
"	69BA0CDE","	Chamber1","	1","	B01??(?)","	4.1","	2026-07-28 13:41:48"
"	69BA0CDE","	Chamber1","	1","	B01??(%RH)","	80.5","	2026-07-28 13:41:46"
"	69BA0CDE","	Chamber1","	1","	B01??(?)","	4.1","	2026-07-28 13:41:46"
"	69BA0CDE","	Chamber1","	1","	B01??(%RH)","	80.4","	2026-07-28 13:41:44"
"	69BA0CDE","	Chamber1","	1","	B01??(?)","	4.1","	2026-07-28 13:41:44"
"	69BA0CDE","	Chamber1","	1","	B01??(%RH)","	80.5","	2026-07-28 13:41:42"
"	69BA0CDE","	Chamber1","	1","	B01??(?)","	4.1","	2026-07-28 13:41:42"
"	69BA0CDE","	Chamber1","	1","	B01??(%RH)","	80.5","	2026-07-28 13:41:40"
"	69BA0CDE","	Chamber1","	1","	B01??(?)","	4","	2026-07-28 13:41:40"
"	69BA0CDE","	Chamber1","	1","	B01??(%RH)","	80.5","	2026-07-28 13:41:38"
"	69BA0CDE","	Chamber1","	1","	B01??(?)","	4","	2026-07-28 13:41:38"
"	69BA0CDE","	Chamber1","	1","	B01??(%RH)","	80.5","	2026-07-28 13:41:36"
"	69BA0CDE","	Chamber1","	1","	B01??(?)","	4.1","	2026-07-28 13:41:36"
"	69BA0CDE","	Chamber1","	1","	B01??(%RH)","	80.5","	2026-07-28 13:41:34"
"	69BA0CDE","	Chamber1","	1","	B01??(?)","	4.1","	2026-07-28 13:41:34"
"	69BA0CDE","	Chamber1","	1","	B01??(%RH)","	80.4","	2026-07-28 13:41:32"
"	69BA0CDE","	Chamber1","	1","	B01??(?)","	4.1","	2026-07-28 13:41:32"
"	69BA0CDE","	Chamber1","	1","	B01??(%RH)","	80.5","	2026-07-28 13:41:30"
"	69BA0CDE","	Chamber1","	1","	B01??(?)","	4.1","	2026-07-28 13:41:30"
"	69BA0CDE","	Chamber1","	1","	B01??(%RH)","	80.5","	2026-07-28 13:41:28"
"	69BA0CDE","	Chamber1","	1","	B01??(?)","	4.1","	2026-07-28 13:41:28"
"	69BA0CDE","	Chamber1","	1","	B01??(%RH)","	80.4","	2026-07-28 13:41:26"
"	69BA0CDE","	Chamber1","	1","	B01??(?)","	4.1","	2026-07-28 13:41:26"
"	69BA0CDE","	Chamber1","	1","	B01??(%RH)","	80.5","	2026-07-28 13:41:24"
"	69BA0CDE","	Chamber1","	1","	B01??(?)","	4.1","	2026-07-28 13:41:24"
"	69BA0CDE","	Chamber1","	1","	B01??(%RH)","	80.5","	2026-07-28 13:41:22"
"	69BA0CDE","	Chamber1","	1","	B01??(?)","	4","	2026-07-28 13:41:22"
"	69BA0CDE","	Chamber1","	1","	B01??(%RH)","	80.5","	2026-07-28 13:41:20"
"	69BA0CDE","	Chamber1","	1","	B01??(?)","	4.1","	2026-07-28 13:41:20"
"	69BA0CDE","	Chamber1","	1","	B01??(%RH)","	80.5","	2026-07-28 13:41:18"
"	69BA0CDE","	Chamber1","	1","	B01??(?)","	4.1","	2026-07-28 13:41:18"
"	69BA0CDE","	Chamber1","	1","	B01??(%RH)","	80.5","	2026-07-28 13:41:16"
"	69BA0CDE","	Chamber1","	1","	B01??(?)","	4","	2026-07-28 13:41:16"
"	69BA0CDE","	Chamber1","	1","	B01??(%RH)","	80.5","	2026-07-28 13:41:14"
"	69BA0CDE","	Chamber1","	1","	B01??(?)","	4","	2026-07-28 13:41:14"
"	69BA0CDE","	Chamber1","	1","	B01??(%RH)","	80.4","	2026-07-28 13:41:11"
"	69BA0CDE","	Chamber1","	1","	B01??(?)","	4","	2026-07-28 13:41:11"
"	69BA0CDE","	Chamber1","	1","	B01??(%RH)","	80.5","	2026-07-28 13:41:09"
"	69BA0CDE","	Chamber1","	1","	B01??(?)","	4.1","	2026-07-28 13:41:09"
"	69BA0CDE","	Chamber1","	1","	B01??(%RH)","	80.5","	2026-07-28 13:41:07"
"	69BA0CDE","	Chamber1","	1","	B01??(?)","	4.1","	2026-07-28 13:41:07"
"	69BA0CDE","	Chamber1","	1","	B01??(%RH)","	80.5","	2026-07-28 13:41:05"
"	69BA0CDE","	Chamber1","	1","	B01??(?)","	4.1","	2026-07-28 13:41:05"
"	69BA0CDE","	Chamber1","	1","	B01??(%RH)","	80.4","	2026-07-28 13:41:03"
"	69BA0CDE","	Chamber1","	1","	B01??(?)","	4","	2026-07-28 13:41:03"
"	69BA0CDE","	Chamber1","	1","	B01??(%RH)","	80.5","	2026-07-28 13:41:01"
"	69BA0CDE","	Chamber1","	1","	B01??(?)","	4","	2026-07-28 13:41:01"
"	69BA0CDE","	Chamber1","	1","	B01??(%RH)","	80.5","	2026-07-28 13:40:59"
"	69BA0CDE","	Chamber1","	1","	B01??(?)","	4.1","	2026-07-28 13:40:59"
"	69BA0CDE","	Chamber1","	1","	B01??(%RH)","	80.4","	2026-07-28 13:40:57"
"	69BA0CDE","	Chamber1","	1","	B01??(?)","	4","	2026-07-28 13:40:57"
"	69BA0CDE","	Chamber1","	1","	B01??(%RH)","	80.5","	2026-07-28 13:40:55"
"	69BA0CDE","	Chamber1","	1","	B01??(?)","	4.1","	2026-07-28 13:40:55"
"	69BA0CDE","	Chamber1","	1","	B01??(%RH)","	80.5","	2026-07-28 13:40:53"
"	69BA0CDE","	Chamber1","	1","	B01??(?)","	4","	2026-07-28 13:40:53"
"	69BA0CDE","	Chamber1","	1","	B01??(%RH)","	80.5","	2026-07-28 13:40:51"
"	69BA0CDE","	Chamber1","	1","	B01??(?)","	4.1","	2026-07-28 13:40:51"
"	69BA0CDE","	Chamber1","	1","	B01??(%RH)","	80.4","	2026-07-28 13:40:49"
"	69BA0CDE","	Chamber1","	1","	B01??(?)","	4","	2026-07-28 13:40:49"
"	69BA0CDE","	Chamber1","	1","	B01??(%RH)","	80.5","	2026-07-28 13:40:47"
"	69BA0CDE","	Chamber1","	1","	B01??(?)","	4","	2026-07-28 13:40:47"
"	69BA0CDE","	Chamber1","	1","	B01??(%RH)","	80.5","	2026-07-28 13:40:45"
"	69BA0CDE","	Chamber1","	1","	B01??(?)","	4","	2026-07-28 13:40:45"
"	69BA0CDE","	Chamber1","	1","	B01??(%RH)","	80.5","	2026-07-28 13:40:43"
"	69BA0CDE","	Chamber1","	1","	B01??(?)","	4","	2026-07-28 13:40:43"
"	69BA0CDE","	Chamber1","	1","	B01??(%RH)","	80.4","	2026-07-28 13:40:41"
"	69BA0CDE","	Chamber1","	1","	B01??(?)","	4","	2026-07-28 13:40:41"
"	69BA0CDE","	Chamber1","	1","	B01??(%RH)","	80.5","	2026-07-28 13:40:39"
"	69BA0CDE","	Chamber1","	1","	B01??(?)","	4","	2026-07-28 13:40:39"
"	69BA0CDE","	Chamber1","	1","	B01??(%RH)","	80.4","	2026-07-28 13:40:37"
"	69BA0CDE","	Chamber1","	1","	B01??(?)","	4","	2026-07-28 13:40:37"
"	69BA0CDE","	Chamber1","	1","	B01??(%RH)","	80.4","	2026-07-28 13:40:35"
"	69BA0CDE","	Chamber1","	1","	B01??(?)","	4","	2026-07-28 13:40:35"
"	69BA0CDE","	Chamber1","	1","	B01??(%RH)","	80.5","	2026-07-28 13:40:33"
"	69BA0CDE","	Chamber1","	1","	B01??(?)","	4.1","	2026-07-28 13:40:33"
"	69BA0CDE","	Chamber1","	1","	B01??(%RH)","	80.5","	2026-07-28 13:40:31"
"	69BA0CDE","	Chamber1","	1","	B01??(?)","	4.1","	2026-07-28 13:40:31"
"	69BA0CDE","	Chamber1","	1","	B01??(%RH)","	80.5","	2026-07-28 13:40:28"
"	69BA0CDE","	Chamber1","	1","	B01??(?)","	4","	2026-07-28 13:40:28"
"	69BA0CDE","	Chamber1","	1","	B01??(%RH)","	80.4","	2026-07-28 13:40:26"
"	69BA0CDE","	Chamber1","	1","	B01??(?)","	4.1","	2026-07-28 13:40:26"
"	69BA0CDE","	Chamber1","	1","	B01??(%RH)","	80.5","	2026-07-28 13:40:24"
"	69BA0CDE","	Chamber1","	1","	B01??(?)","	4","	2026-07-28 13:40:24"
"	69BA0CDE","	Chamber1","	1","	B01??(%RH)","	80.5","	2026-07-28 13:40:22"
"	69BA0CDE","	Chamber1","	1","	B01??(?)","	4","	2026-07-28 13:40:22"
"	69BA0CDE","	Chamber1","	1","	B01??(%RH)","	80.5","	2026-07-28 13:40:20"
"	69BA0CDE","	Chamber1","	1","	B01??(?)","	4.1","	2026-07-28 13:40:20"
"	69BA0CDE","	Chamber1","	1","	B01??(%RH)","	80.5","	2026-07-28 13:40:18"
"	69BA0CDE","	Chamber1","	1","	B01??(?)","	4","	2026-07-28 13:40:18"
"	69BA0CDE","	Chamber1","	1","	B01??(%RH)","	80.5","	2026-07-28 13:40:16"
"	69BA0CDE","	Chamber1","	1","	B01??(?)","	4.1","	2026-07-28 13:40:16"
"	69BA0CDE","	Chamber1","	1","	B01??(%RH)","	80.4","	2026-07-28 13:40:14"
"	69BA0CDE","	Chamber1","	1","	B01??(?)","	4","	2026-07-28 13:40:14"
"	69BA0CDE","	Chamber1","	1","	B01??(%RH)","	80.5","	2026-07-28 13:40:12"
"	69BA0CDE","	Chamber1","	1","	B01??(?)","	4","	2026-07-28 13:40:12"
"	69BA0CDE","	Chamber1","	1","	B01??(%RH)","	80.4","	2026-07-28 13:40:10"
"	69BA0CDE","	Chamber1","	1","	B01??(?)","	4","	2026-07-28 13:40:10"
"	69BA0CDE","	Chamber1","	1","	B01??(%RH)","	80.5","	2026-07-28 13:40:08"
"	69BA0CDE","	Chamber1","	1","	B01??(?)","	4.1","	2026-07-28 13:40:08"
"	69BA0CDE","	Chamber1","	1","	B01??(%RH)","	80.5","	2026-07-28 13:40:06"
"	69BA0CDE","	Chamber1","	1","	B01??(?)","	4.1","	2026-07-28 13:40:06"
"	69BA0CDE","	Chamber1","	1","	B01??(%RH)","	80.4","	2026-07-28 13:40:04"
"	69BA0CDE","	Chamber1","	1","	B01??(?)","	4","	2026-07-28 13:40:04"
"	69BA0CDE","	Chamber1","	1","	B01??(%RH)","	80.4","	2026-07-28 13:40:02"
"	69BA0CDE","	Chamber1","	1","	B01??(?)","	4","	2026-07-28 13:40:02"
"	69BA0CDE","	Chamber1","	1","	B01??(%RH)","	80.5","	2026-07-28 13:40:00"
"	69BA0CDE","	Chamber1","	1","	B01??(?)","	4.1","	2026-07-28 13:40:00"
"	69BA0CDE","	Chamber1","	1","	B01??(%RH)","	80.5","	2026-07-28 13:39:58"
"	69BA0CDE","	Chamber1","	1","	B01??(?)","	4","	2026-07-28 13:39:58"
"	69BA0CDE","	Chamber1","	1","	B01??(%RH)","	80.5","	2026-07-28 13:39:56"
"	69BA0CDE","	Chamber1","	1","	B01??(?)","	4.1","	2026-07-28 13:39:56"
"	69BA0CDE","	Chamber1","	1","	B01??(%RH)","	80.4","	2026-07-28 13:39:54"
"	69BA0CDE","	Chamber1","	1","	B01??(?)","	4","	2026-07-28 13:39:54"
"	69BA0CDE","	Chamber1","	1","	B01??(%RH)","	80.5","	2026-07-28 13:39:52"
"	69BA0CDE","	Chamber1","	1","	B01??(?)","	4.1","	2026-07-28 13:39:52"
"	69BA0CDE","	Chamber1","	1","	B01??(%RH)","	80.4","	2026-07-28 13:39:50"
"	69BA0CDE","	Chamber1","	1","	B01??(?)","	4","	2026-07-28 13:39:50"
"	69BA0CDE","	Chamber1","	1","	B01??(%RH)","	80.5","	2026-07-28 13:39:48"
"	69BA0CDE","	Chamber1","	1","	B01??(?)","	4.1","	2026-07-28 13:39:48"
"	69BA0CDE","	Chamber1","	1","	B01??(%RH)","	80.5","	2026-07-28 13:39:46"
"	69BA0CDE","	Chamber1","	1","	B01??(?)","	4","	2026-07-28 13:39:46"
"	69BA0CDE","	Chamber1","	1","	B01??(%RH)","	80.5","	2026-07-28 13:39:43"
"	69BA0CDE","	Chamber1","	1","	B01??(?)","	4.1","	2026-07-28 13:39:43"
"	69BA0CDE","	Chamber1","	1","	B01??(%RH)","	80.4","	2026-07-28 13:39:41"
"	69BA0CDE","	Chamber1","	1","	B01??(?)","	4","	2026-07-28 13:39:41"
"	69BA0CDE","	Chamber1","	1","	B01??(%RH)","	80.5","	2026-07-28 13:39:39"
"	69BA0CDE","	Chamber1","	1","	B01??(?)","	4","	2026-07-28 13:39:39"
"	69BA0CDE","	Chamber1","	1","	B01??(%RH)","	80.4","	2026-07-28 13:39:37"
"	69BA0CDE","	Chamber1","	1","	B01??(?)","	4.1","	2026-07-28 13:39:37"
"	69BA0CDE","	Chamber1","	1","	B01??(%RH)","	80.4","	2026-07-28 13:39:35"
"	69BA0CDE","	Chamber1","	1","	B01??(?)","	4.1","	2026-07-28 13:39:35"
"	69BA0CDE","	Chamber1","	1","	B01??(%RH)","	80.5","	2026-07-28 13:39:33"
"	69BA0CDE","	Chamber1","	1","	B01??(?)","	4.1","	2026-07-28 13:39:33"
"	69BA0CDE","	Chamber1","	1","	B01??(%RH)","	80.4","	2026-07-28 13:39:31"
"	69BA0CDE","	Chamber1","	1","	B01??(?)","	4","	2026-07-28 13:39:31"
"	69BA0CDE","	Chamber1","	1","	B01??(%RH)","	80.5","	2026-07-28 13:39:29"
"	69BA0CDE","	Chamber1","	1","	B01??(?)","	4","	2026-07-28 13:39:29"
"	69BA0CDE","	Chamber1","	1","	B01??(%RH)","	80.4","	2026-07-28 13:39:27"
"	69BA0CDE","	Chamber1","	1","	B01??(?)","	4","	2026-07-28 13:39:27"
"	69BA0CDE","	Chamber1","	1","	B01??(%RH)","	80.5","	2026-07-28 13:39:25"
"	69BA0CDE","	Chamber1","	1","	B01??(?)","	4.1","	2026-07-28 13:39:25"
"	69BA0CDE","	Chamber1","	1","	B01??(%RH)","	80.5","	2026-07-28 13:39:23"
"	69BA0CDE","	Chamber1","	1","	B01??(?)","	4.1","	2026-07-28 13:39:23"
"	69BA0CDE","	Chamber1","	1","	B01??(%RH)","	80.5","	2026-07-28 13:39:21"
"	69BA0CDE","	Chamber1","	1","	B01??(?)","	4.1","	2026-07-28 13:39:21"
"	69BA0CDE","	Chamber1","	1","	B01??(%RH)","	80.4","	2026-07-28 13:39:19"
"	69BA0CDE","	Chamber1","	1","	B01??(?)","	4","	2026-07-28 13:39:19"
"	69BA0CDE","	Chamber1","	1","	B01??(%RH)","	80.4","	2026-07-28 13:39:17"
"	69BA0CDE","	Chamber1","	1","	B01??(?)","	4","	2026-07-28 13:39:17"
"	69BA0CDE","	Chamber1","	1","	B01??(%RH)","	80.5","	2026-07-28 13:39:15"
"	69BA0CDE","	Chamber1","	1","	B01??(?)","	4.1","	2026-07-28 13:39:15"
"	69BA0CDE","	Chamber1","	1","	B01??(%RH)","	80.4","	2026-07-28 13:39:13"
"	69BA0CDE","	Chamber1","	1","	B01??(?)","	4","	2026-07-28 13:39:13"
"	69BA0CDE","	Chamber1","	1","	B01??(%RH)","	80.5","	2026-07-28 13:39:11"
"	69BA0CDE","	Chamber1","	1","	B01??(?)","	4","	2026-07-28 13:39:11"
"	69BA0CDE","	Chamber1","	1","	B01??(%RH)","	80.5","	2026-07-28 13:39:09"
"	69BA0CDE","	Chamber1","	1","	B01??(?)","	4","	2026-07-28 13:39:09"
"	69BA0CDE","	Chamber1","	1","	B01??(%RH)","	80.4","	2026-07-28 13:39:07"
"	69BA0CDE","	Chamber1","	1","	B01??(?)","	4.1","	2026-07-28 13:39:07"
"	69BA0CDE","	Chamber1","	1","	B01??(%RH)","	80.5","	2026-07-28 13:39:05"
"	69BA0CDE","	Chamber1","	1","	B01??(?)","	4","	2026-07-28 13:39:05"
"	69BA0CDE","	Chamber1","	1","	B01??(%RH)","	80.5","	2026-07-28 13:39:03"
"	69BA0CDE","	Chamber1","	1","	B01??(?)","	4","	2026-07-28 13:39:03"
"	69BA0CDE","	Chamber1","	1","	B01??(%RH)","	80.4","	2026-07-28 13:39:01"
"	69BA0CDE","	Chamber1","	1","	B01??(?)","	4.1","	2026-07-28 13:39:01"
"	69BA0CDE","	Chamber1","	1","	B01??(%RH)","	80.4","	2026-07-28 13:38:58"
"	69BA0CDE","	Chamber1","	1","	B01??(?)","	4","	2026-07-28 13:38:58"
"	69BA0CDE","	Chamber1","	1","	B01??(%RH)","	80.5","	2026-07-28 13:38:56"
"	69BA0CDE","	Chamber1","	1","	B01??(?)","	4","	2026-07-28 13:38:56"
"	69BA0CDE","	Chamber1","	1","	B01??(%RH)","	80.5","	2026-07-28 13:38:54"
"	69BA0CDE","	Chamber1","	1","	B01??(?)","	4","	2026-07-28 13:38:54"
"	69BA0CDE","	Chamber1","	1","	B01??(%RH)","	80.4","	2026-07-28 13:38:52"
"	69BA0CDE","	Chamber1","	1","	B01??(?)","	4","	2026-07-28 13:38:52"
"	69BA0CDE","	Chamber1","	1","	B01??(%RH)","	80.5","	2026-07-28 13:38:50"
"	69BA0CDE","	Chamber1","	1","	B01??(?)","	4.1","	2026-07-28 13:38:50"
"	69BA0CDE","	Chamber1","	1","	B01??(%RH)","	80.4","	2026-07-28 13:38:48"
"	69BA0CDE","	Chamber1","	1","	B01??(?)","	4","	2026-07-28 13:38:48"
"	69BA0CDE","	Chamber1","	1","	B01??(%RH)","	80.4","	2026-07-28 13:38:46"
"	69BA0CDE","	Chamber1","	1","	B01??(?)","	4","	2026-07-28 13:38:46"
"	69BA0CDE","	Chamber1","	1","	B01??(%RH)","	80.4","	2026-07-28 13:38:44"
"	69BA0CDE","	Chamber1","	1","	B01??(?)","	4","	2026-07-28 13:38:44"
"	69BA0CDE","	Chamber1","	1","	B01??(%RH)","	80.5","	2026-07-28 13:38:42"
"	69BA0CDE","	Chamber1","	1","	B01??(?)","	4","	2026-07-28 13:38:42"
"	69BA0CDE","	Chamber1","	1","	B01??(%RH)","	80.5","	2026-07-28 13:38:40"
"	69BA0CDE","	Chamber1","	1","	B01??(?)","	4","	2026-07-28 13:38:40"
"	69BA0CDE","	Chamber1","	1","	B01??(%RH)","	80.4","	2026-07-28 13:38:38"
"	69BA0CDE","	Chamber1","	1","	B01??(?)","	4","	2026-07-28 13:38:38"
"	69BA0CDE","	Chamber1","	1","	B01??(%RH)","	80.5","	2026-07-28 13:38:36"
"	69BA0CDE","	Chamber1","	1","	B01??(?)","	4","	2026-07-28 13:38:36"
"	69BA0CDE","	Chamber1","	1","	B01??(%RH)","	80.5","	2026-07-28 13:38:34"
"	69BA0CDE","	Chamber1","	1","	B01??(?)","	4","	2026-07-28 13:38:34"
"	69BA0CDE","	Chamber1","	1","	B01??(%RH)","	80.5","	2026-07-28 13:38:32"
"	69BA0CDE","	Chamber1","	1","	B01??(?)","	4","	2026-07-28 13:38:32"
"	69BA0CDE","	Chamber1","	1","	B01??(%RH)","	80.5","	2026-07-28 13:38:30"
"	69BA0CDE","	Chamber1","	1","	B01??(?)","	4","	2026-07-28 13:38:30"
"	69BA0CDE","	Chamber1","	1","	B01??(%RH)","	80.5","	2026-07-28 13:38:28"
"	69BA0CDE","	Chamber1","	1","	B01??(?)","	4","	2026-07-28 13:38:28"
"	69BA0CDE","	Chamber1","	1","	B01??(%RH)","	80.5","	2026-07-28 13:38:26"
"	69BA0CDE","	Chamber1","	1","	B01??(?)","	4","	2026-07-28 13:38:26"
"	69BA0CDE","	Chamber1","	1","	B01??(%RH)","	80.4","	2026-07-28 13:38:24"
"	69BA0CDE","	Chamber1","	1","	B01??(?)","	4","	2026-07-28 13:38:24"
"	69BA0CDE","	Chamber1","	1","	B01??(%RH)","	80.5","	2026-07-28 13:38:22"
"	69BA0CDE","	Chamber1","	1","	B01??(?)","	4.1","	2026-07-28 13:38:22"
"	69BA0CDE","	Chamber1","	1","	B01??(%RH)","	80.4","	2026-07-28 13:38:20"
"	69BA0CDE","	Chamber1","	1","	B01??(?)","	4","	2026-07-28 13:38:20"
"	69BA0CDE","	Chamber1","	1","	B01??(%RH)","	80.5","	2026-07-28 13:38:17"
"	69BA0CDE","	Chamber1","	1","	B01??(?)","	4","	2026-07-28 13:38:17"
"	69BA0CDE","	Chamber1","	1","	B01??(%RH)","	80.4","	2026-07-28 13:38:15"
"	69BA0CDE","	Chamber1","	1","	B01??(?)","	4","	2026-07-28 13:38:15"
"	69BA0CDE","	Chamber1","	1","	B01??(%RH)","	80.5","	2026-07-28 13:38:13"
"	69BA0CDE","	Chamber1","	1","	B01??(?)","	4","	2026-07-28 13:38:13"
"	69BA0CDE","	Chamber1","	1","	B01??(%RH)","	80.4","	2026-07-28 13:38:11"
"	69BA0CDE","	Chamber1","	1","	B01??(?)","	4","	2026-07-28 13:38:11"
"	69BA0CDE","	Chamber1","	1","	B01??(%RH)","	80.5","	2026-07-28 13:38:09"
"	69BA0CDE","	Chamber1","	1","	B01??(?)","	4.1","	2026-07-28 13:38:09"
"	69BA0CDE","	Chamber1","	1","	B01??(%RH)","	80.4","	2026-07-28 13:38:07"
"	69BA0CDE","	Chamber1","	1","	B01??(?)","	4","	2026-07-28 13:38:07"
"	69BA0CDE","	Chamber1","	1","	B01??(%RH)","	80.5","	2026-07-28 13:38:05"
"	69BA0CDE","	Chamber1","	1","	B01??(?)","	4","	2026-07-28 13:38:05"
"	69BA0CDE","	Chamber1","	1","	B01??(%RH)","	80.4","	2026-07-28 13:38:03"
"	69BA0CDE","	Chamber1","	1","	B01??(?)","	4","	2026-07-28 13:38:03"
"	69BA0CDE","	Chamber1","	1","	B01??(%RH)","	80.4","	2026-07-28 13:38:01"
"	69BA0CDE","	Chamber1","	1","	B01??(?)","	4","	2026-07-28 13:38:01"
"	69BA0CDE","	Chamber1","	1","	B01??(%RH)","	80.5","	2026-07-28 13:37:59"
"	69BA0CDE","	Chamber1","	1","	B01??(?)","	4","	2026-07-28 13:37:59"
"	69BA0CDE","	Chamber1","	1","	B01??(%RH)","	80.4","	2026-07-28 13:37:57"
"	69BA0CDE","	Chamber1","	1","	B01??(?)","	4","	2026-07-28 13:37:57"
"	69BA0CDE","	Chamber1","	1","	B01??(%RH)","	80.5","	2026-07-28 13:37:55"
"	69BA0CDE","	Chamber1","	1","	B01??(?)","	4","	2026-07-28 13:37:55"
"	69BA0CDE","	Chamber1","	1","	B01??(%RH)","	80.4","	2026-07-28 13:37:53"
"	69BA0CDE","	Chamber1","	1","	B01??(?)","	4","	2026-07-28 13:37:53"
"	69BA0CDE","	Chamber1","	1","	B01??(%RH)","	80.4","	2026-07-28 13:37:51"
"	69BA0CDE","	Chamber1","	1","	B01??(?)","	4","	2026-07-28 13:37:51"
"	69BA0CDE","	Chamber1","	1","	B01??(%RH)","	80.5","	2026-07-28 13:37:49"
"	69BA0CDE","	Chamber1","	1","	B01??(?)","	4","	2026-07-28 13:37:49"
"	69BA0CDE","	Chamber1","	1","	B01??(%RH)","	80.5","	2026-07-28 13:37:47"
"	69BA0CDE","	Chamber1","	1","	B01??(?)","	4","	2026-07-28 13:37:47"
"	69BA0CDE","	Chamber1","	1","	B01??(%RH)","	80.5","	2026-07-28 13:37:45"
"	69BA0CDE","	Chamber1","	1","	B01??(?)","	4.1","	2026-07-28 13:37:45"
"	69BA0CDE","	Chamber1","	1","	B01??(%RH)","	80.5","	2026-07-28 13:37:43"
"	69BA0CDE","	Chamber1","	1","	B01??(?)","	4","	2026-07-28 13:37:43"
"	69BA0CDE","	Chamber1","	1","	B01??(%RH)","	80.4","	2026-07-28 13:37:41"
"	69BA0CDE","	Chamber1","	1","	B01??(?)","	4","	2026-07-28 13:37:41"
"	69BA0CDE","	Chamber1","	1","	B01??(%RH)","	80.4","	2026-07-28 13:37:39"
"	69BA0CDE","	Chamber1","	1","	B01??(?)","	4","	2026-07-28 13:37:39"
"	69BA0CDE","	Chamber1","	1","	B01??(%RH)","	80.4","	2026-07-28 13:37:37"
"	69BA0CDE","	Chamber1","	1","	B01??(?)","	4","	2026-07-28 13:37:37"
"	69BA0CDE","	Chamber1","	1","	B01??(%RH)","	80.4","	2026-07-28 13:37:34"
"	69BA0CDE","	Chamber1","	1","	B01??(?)","	4","	2026-07-28 13:37:34"
"	69BA0CDE","	Chamber1","	1","	B01??(%RH)","	80.5","	2026-07-28 13:37:32"
"	69BA0CDE","	Chamber1","	1","	B01??(?)","	4","	2026-07-28 13:37:32"
"	69BA0CDE","	Chamber1","	1","	B01??(%RH)","	80.4","	2026-07-28 13:37:30"
"	69BA0CDE","	Chamber1","	1","	B01??(?)","	4","	2026-07-28 13:37:30"
"	69BA0CDE","	Chamber1","	1","	B01??(%RH)","	80.4","	2026-07-28 13:37:28"
"	69BA0CDE","	Chamber1","	1","	B01??(?)","	4","	2026-07-28 13:37:28"
"	69BA0CDE","	Chamber1","	1","	B01??(%RH)","	80.5","	2026-07-28 13:37:26"
"	69BA0CDE","	Chamber1","	1","	B01??(?)","	4","	2026-07-28 13:37:26"
"	69BA0CDE","	Chamber1","	1","	B01??(%RH)","	80.4","	2026-07-28 13:37:24"
"	69BA0CDE","	Chamber1","	1","	B01??(?)","	4","	2026-07-28 13:37:24"
"	69BA0CDE","	Chamber1","	1","	B01??(%RH)","	80.4","	2026-07-28 13:37:22"
"	69BA0CDE","	Chamber1","	1","	B01??(?)","	4","	2026-07-28 13:37:22"
"	69BA0CDE","	Chamber1","	1","	B01??(%RH)","	80.5","	2026-07-28 13:37:20"
"	69BA0CDE","	Chamber1","	1","	B01??(?)","	4","	2026-07-28 13:37:20"
"	69BA0CDE","	Chamber1","	1","	B01??(%RH)","	80.5","	2026-07-28 13:37:18"
"	69BA0CDE","	Chamber1","	1","	B01??(?)","	4","	2026-07-28 13:37:18"
"	69BA0CDE","	Chamber1","	1","	B01??(%RH)","	80.4","	2026-07-28 13:37:16"
"	69BA0CDE","	Chamber1","	1","	B01??(?)","	4","	2026-07-28 13:37:16"
"	69BA0CDE","	Chamber1","	1","	B01??(%RH)","	80.4","	2026-07-28 13:37:14"
"	69BA0CDE","	Chamber1","	1","	B01??(?)","	4","	2026-07-28 13:37:14"
"	69BA0CDE","	Chamber1","	1","	B01??(%RH)","	80.5","	2026-07-28 13:37:12"
"	69BA0CDE","	Chamber1","	1","	B01??(?)","	4","	2026-07-28 13:37:12"
"	69BA0CDE","	Chamber1","	1","	B01??(%RH)","	80.4","	2026-07-28 13:37:10"
"	69BA0CDE","	Chamber1","	1","	B01??(?)","	4","	2026-07-28 13:37:10"
"	69BA0CDE","	Chamber1","	1","	B01??(%RH)","	80.5","	2026-07-28 13:37:08"
"	69BA0CDE","	Chamber1","	1","	B01??(?)","	4","	2026-07-28 13:37:08"
"	69BA0CDE","	Chamber1","	1","	B01??(%RH)","	80.4","	2026-07-28 13:37:06"
"	69BA0CDE","	Chamber1","	1","	B01??(?)","	4","	2026-07-28 13:37:06"
"	69BA0CDE","	Chamber1","	1","	B01??(%RH)","	80.4","	2026-07-28 13:37:04"
"	69BA0CDE","	Chamber1","	1","	B01??(?)","	4","	2026-07-28 13:37:04"
"	69BA0CDE","	Chamber1","	1","	B01??(%RH)","	80.5","	2026-07-28 13:37:02"
"	69BA0CDE","	Chamber1","	1","	B01??(?)","	4","	2026-07-28 13:37:02"
"	69BA0CDE","	Chamber1","	1","	B01??(%RH)","	80.5","	2026-07-28 13:37:00"
"	69BA0CDE","	Chamber1","	1","	B01??(?)","	4","	2026-07-28 13:37:00"
"	69BA0CDE","	Chamber1","	1","	B01??(%RH)","	80.4","	2026-07-28 13:36:58"
"	69BA0CDE","	Chamber1","	1","	B01??(?)","	4.1","	2026-07-28 13:36:58"
"	69BA0CDE","	Chamber1","	1","	B01??(%RH)","	80.4","	2026-07-28 13:36:56"
"	69BA0CDE","	Chamber1","	1","	B01??(?)","	4","	2026-07-28 13:36:56"
"	69BA0CDE","	Chamber1","	1","	B01??(%RH)","	80.4","	2026-07-28 13:36:54"
"	69BA0CDE","	Chamber1","	1","	B01??(?)","	4","	2026-07-28 13:36:54"
"	69BA0CDE","	Chamber1","	1","	B01??(%RH)","	80.4","	2026-07-28 13:36:52"
"	69BA0CDE","	Chamber1","	1","	B01??(?)","	4","	2026-07-28 13:36:52"
"	69BA0CDE","	Chamber1","	1","	B01??(%RH)","	80.5","	2026-07-28 13:36:49"
"	69BA0CDE","	Chamber1","	1","	B01??(?)","	4","	2026-07-28 13:36:49"
"	69BA0CDE","	Chamber1","	1","	B01??(%RH)","	80.4","	2026-07-28 13:36:47"
"	69BA0CDE","	Chamber1","	1","	B01??(?)","	4","	2026-07-28 13:36:47"
"	69BA0CDE","	Chamber1","	1","	B01??(%RH)","	80.4","	2026-07-28 13:36:45"
"	69BA0CDE","	Chamber1","	1","	B01??(?)","	4","	2026-07-28 13:36:45"
"	69BA0CDE","	Chamber1","	1","	B01??(%RH)","	80.4","	2026-07-28 13:36:43"
"	69BA0CDE","	Chamber1","	1","	B01??(?)","	4","	2026-07-28 13:36:43"
"	69BA0CDE","	Chamber1","	1","	B01??(%RH)","	80.4","	2026-07-28 13:36:41"
"	69BA0CDE","	Chamber1","	1","	B01??(?)","	4","	2026-07-28 13:36:41"
"	69BA0CDE","	Chamber1","	1","	B01??(%RH)","	80.4","	2026-07-28 13:36:39"
"	69BA0CDE","	Chamber1","	1","	B01??(?)","	4","	2026-07-28 13:36:39"
"	69BA0CDE","	Chamber1","	1","	B01??(%RH)","	80.4","	2026-07-28 13:36:37"
"	69BA0CDE","	Chamber1","	1","	B01??(?)","	4","	2026-07-28 13:36:37"
"	69BA0CDE","	Chamber1","	1","	B01??(%RH)","	80.4","	2026-07-28 13:36:35"
"	69BA0CDE","	Chamber1","	1","	B01??(?)","	4","	2026-07-28 13:36:35"
"	69BA0CDE","	Chamber1","	1","	B01??(%RH)","	80.5","	2026-07-28 13:36:33"
"	69BA0CDE","	Chamber1","	1","	B01??(?)","	4","	2026-07-28 13:36:33"
"	69BA0CDE","	Chamber1","	1","	B01??(%RH)","	80.4","	2026-07-28 13:36:31"
"	69BA0CDE","	Chamber1","	1","	B01??(?)","	4","	2026-07-28 13:36:31"
"	69BA0CDE","	Chamber1","	1","	B01??(%RH)","	80.5","	2026-07-28 13:36:29"
"	69BA0CDE","	Chamber1","	1","	B01??(?)","	4.1","	2026-07-28 13:36:29"
"	69BA0CDE","	Chamber1","	1","	B01??(%RH)","	80.4","	2026-07-28 13:36:27"
"	69BA0CDE","	Chamber1","	1","	B01??(?)","	4","	2026-07-28 13:36:27"
"	69BA0CDE","	Chamber1","	1","	B01??(%RH)","	80.5","	2026-07-28 13:36:25"
"	69BA0CDE","	Chamber1","	1","	B01??(?)","	4","	2026-07-28 13:36:25"
"	69BA0CDE","	Chamber1","	1","	B01??(%RH)","	80.4","	2026-07-28 13:36:23"
"	69BA0CDE","	Chamber1","	1","	B01??(?)","	4","	2026-07-28 13:36:23"
"	69BA0CDE","	Chamber1","	1","	B01??(%RH)","	80.4","	2026-07-28 13:36:21"
"	69BA0CDE","	Chamber1","	1","	B01??(?)","	4","	2026-07-28 13:36:21"
"	69BA0CDE","	Chamber1","	1","	B01??(%RH)","	80.4","	2026-07-28 13:36:19"
"	69BA0CDE","	Chamber1","	1","	B01??(?)","	4","	2026-07-28 13:36:19"
"	69BA0CDE","	Chamber1","	1","	B01??(%RH)","	80.5","	2026-07-28 13:36:17"
"	69BA0CDE","	Chamber1","	1","	B01??(?)","	4","	2026-07-28 13:36:17"
"	69BA0CDE","	Chamber1","	1","	B01??(%RH)","	80.4","	2026-07-28 13:36:15"
"	69BA0CDE","	Chamber1","	1","	B01??(?)","	4","	2026-07-28 13:36:15"
"	69BA0CDE","	Chamber1","	1","	B01??(%RH)","	80.5","	2026-07-28 13:36:13"
"	69BA0CDE","	Chamber1","	1","	B01??(?)","	4","	2026-07-28 13:36:13"
"	69BA0CDE","	Chamber1","	1","	B01??(%RH)","	80.4","	2026-07-28 13:36:11"
"	69BA0CDE","	Chamber1","	1","	B01??(?)","	4","	2026-07-28 13:36:11"
"	69BA0CDE","	Chamber1","	1","	B01??(%RH)","	80.4","	2026-07-28 13:36:09"
"	69BA0CDE","	Chamber1","	1","	B01??(?)","	4","	2026-07-28 13:36:09"
"	69BA0CDE","	Chamber1","	1","	B01??(%RH)","	80.5","	2026-07-28 13:36:06"
"	69BA0CDE","	Chamber1","	1","	B01??(?)","	4","	2026-07-28 13:36:06"
"	69BA0CDE","	Chamber1","	1","	B01??(%RH)","	80.4","	2026-07-28 13:36:04"
"	69BA0CDE","	Chamber1","	1","	B01??(?)","	4","	2026-07-28 13:36:04"
"	69BA0CDE","	Chamber1","	1","	B01??(%RH)","	80.5","	2026-07-28 13:36:02"
"	69BA0CDE","	Chamber1","	1","	B01??(?)","	4","	2026-07-28 13:36:02"
"	69BA0CDE","	Chamber1","	1","	B01??(%RH)","	80.4","	2026-07-28 13:36:00"
"	69BA0CDE","	Chamber1","	1","	B01??(?)","	4","	2026-07-28 13:36:00"
"	69BA0CDE","	Chamber1","	1","	B01??(%RH)","	80.4","	2026-07-28 13:35:58"
"	69BA0CDE","	Chamber1","	1","	B01??(?)","	4","	2026-07-28 13:35:58"
"	69BA0CDE","	Chamber1","	1","	B01??(%RH)","	80.4","	2026-07-28 13:35:56"
"	69BA0CDE","	Chamber1","	1","	B01??(?)","	4","	2026-07-28 13:35:56"
"	69BA0CDE","	Chamber1","	1","	B01??(%RH)","	80.4","	2026-07-28 13:35:54"
"	69BA0CDE","	Chamber1","	1","	B01??(?)","	4","	2026-07-28 13:35:54"
"	69BA0CDE","	Chamber1","	1","	B01??(%RH)","	80.4","	2026-07-28 13:35:52"
"	69BA0CDE","	Chamber1","	1","	B01??(?)","	4","	2026-07-28 13:35:52"
"	69BA0CDE","	Chamber1","	1","	B01??(%RH)","	80.4","	2026-07-28 13:35:50"
"	69BA0CDE","	Chamber1","	1","	B01??(?)","	4","	2026-07-28 13:35:50"
"	69BA0CDE","	Chamber1","	1","	B01??(%RH)","	80.5","	2026-07-28 13:35:48"
"	69BA0CDE","	Chamber1","	1","	B01??(?)","	4","	2026-07-28 13:35:48"
"	69BA0CDE","	Chamber1","	1","	B01??(%RH)","	80.4","	2026-07-28 13:35:46"
"	69BA0CDE","	Chamber1","	1","	B01??(?)","	4","	2026-07-28 13:35:46"
"	69BA0CDE","	Chamber1","	1","	B01??(%RH)","	80.4","	2026-07-28 13:35:44"
"	69BA0CDE","	Chamber1","	1","	B01??(?)","	4","	2026-07-28 13:35:44"
"	69BA0CDE","	Chamber1","	1","	B01??(%RH)","	80.5","	2026-07-28 13:35:42"
"	69BA0CDE","	Chamber1","	1","	B01??(?)","	4","	2026-07-28 13:35:42"
"	69BA0CDE","	Chamber1","	1","	B01??(%RH)","	80.5","	2026-07-28 13:35:40"
"	69BA0CDE","	Chamber1","	1","	B01??(?)","	4","	2026-07-28 13:35:40"
"	69BA0CDE","	Chamber1","	1","	B01??(%RH)","	80.4","	2026-07-28 13:35:38"
"	69BA0CDE","	Chamber1","	1","	B01??(?)","	4","	2026-07-28 13:35:38"
"	69BA0CDE","	Chamber1","	1","	B01??(%RH)","	80.4","	2026-07-28 13:35:36"
"	69BA0CDE","	Chamber1","	1","	B01??(?)","	4","	2026-07-28 13:35:36"
"	69BA0CDE","	Chamber1","	1","	B01??(%RH)","	80.4","	2026-07-28 13:35:34"
"	69BA0CDE","	Chamber1","	1","	B01??(?)","	4","	2026-07-28 13:35:34"
"	69BA0CDE","	Chamber1","	1","	B01??(%RH)","	80.5","	2026-07-28 13:35:32"
"	69BA0CDE","	Chamber1","	1","	B01??(?)","	4","	2026-07-28 13:35:32"
"	69BA0CDE","	Chamber1","	1","	B01??(%RH)","	80.4","	2026-07-28 13:35:30"
"	69BA0CDE","	Chamber1","	1","	B01??(?)","	4","	2026-07-28 13:35:30"
"	69BA0CDE","	Chamber1","	1","	B01??(%RH)","	80.5","	2026-07-28 13:35:28"
"	69BA0CDE","	Chamber1","	1","	B01??(?)","	4","	2026-07-28 13:35:28"
"	69BA0CDE","	Chamber1","	1","	B01??(%RH)","	80.4","	2026-07-28 13:35:26"
"	69BA0CDE","	Chamber1","	1","	B01??(?)","	4","	2026-07-28 13:35:26"
"	69BA0CDE","	Chamber1","	1","	B01??(%RH)","	80.4","	2026-07-28 13:35:24"
"	69BA0CDE","	Chamber1","	1","	B01??(?)","	4","	2026-07-28 13:35:24"
"	69BA0CDE","	Chamber1","	1","	B01??(%RH)","	80.5","	2026-07-28 13:35:21"
"	69BA0CDE","	Chamber1","	1","	B01??(?)","	4","	2026-07-28 13:35:21"
"	69BA0CDE","	Chamber1","	1","	B01??(%RH)","	80.4","	2026-07-28 13:35:19"
"	69BA0CDE","	Chamber1","	1","	B01??(?)","	4","	2026-07-28 13:35:19"
"	69BA0CDE","	Chamber1","	1","	B01??(%RH)","	80.4","	2026-07-28 13:35:17"
"	69BA0CDE","	Chamber1","	1","	B01??(?)","	4","	2026-07-28 13:35:17"
"	69BA0CDE","	Chamber1","	1","	B01??(%RH)","	80.4","	2026-07-28 13:35:15"
"	69BA0CDE","	Chamber1","	1","	B01??(?)","	4","	2026-07-28 13:35:15"
"	69BA0CDE","	Chamber1","	1","	B01??(%RH)","	80.4","	2026-07-28 13:35:13"
"	69BA0CDE","	Chamber1","	1","	B01??(?)","	4","	2026-07-28 13:35:13"
"	69BA0CDE","	Chamber1","	1","	B01??(%RH)","	80.4","	2026-07-28 13:35:11"
"	69BA0CDE","	Chamber1","	1","	B01??(?)","	4","	2026-07-28 13:35:11"
"	69BA0CDE","	Chamber1","	1","	B01??(%RH)","	80.4","	2026-07-28 13:35:09"
"	69BA0CDE","	Chamber1","	1","	B01??(?)","	4","	2026-07-28 13:35:09"
"	69BA0CDE","	Chamber1","	1","	B01??(%RH)","	80.4","	2026-07-28 13:35:07"
"	69BA0CDE","	Chamber1","	1","	B01??(?)","	4","	2026-07-28 13:35:07"
"	69BA0CDE","	Chamber1","	1","	B01??(%RH)","	80.4","	2026-07-28 13:35:05"
"	69BA0CDE","	Chamber1","	1","	B01??(?)","	4","	2026-07-28 13:35:05"
"	69BA0CDE","	Chamber1","	1","	B01??(%RH)","	80.4","	2026-07-28 13:35:03"
"	69BA0CDE","	Chamber1","	1","	B01??(?)","	4","	2026-07-28 13:35:03"
"	69BA0CDE","	Chamber1","	1","	B01??(%RH)","	80.4","	2026-07-28 13:35:01"
"	69BA0CDE","	Chamber1","	1","	B01??(?)","	4","	2026-07-28 13:35:01"
"	69BA0CDE","	Chamber1","	1","	B01??(%RH)","	80.4","	2026-07-28 13:34:59"
"	69BA0CDE","	Chamber1","	1","	B01??(?)","	4","	2026-07-28 13:34:59"
"	69BA0CDE","	Chamber1","	1","	B01??(%RH)","	80.4","	2026-07-28 13:34:57"
"	69BA0CDE","	Chamber1","	1","	B01??(?)","	4","	2026-07-28 13:34:57"
"	69BA0CDE","	Chamber1","	1","	B01??(%RH)","	80.4","	2026-07-28 13:34:55"
"	69BA0CDE","	Chamber1","	1","	B01??(?)","	4","	2026-07-28 13:34:55"
"	69BA0CDE","	Chamber1","	1","	B01??(%RH)","	80.4","	2026-07-28 13:34:53"
"	69BA0CDE","	Chamber1","	1","	B01??(?)","	4","	2026-07-28 13:34:53"
"	69BA0CDE","	Chamber1","	1","	B01??(%RH)","	80.4","	2026-07-28 13:34:51"
"	69BA0CDE","	Chamber1","	1","	B01??(?)","	4","	2026-07-28 13:34:51"
"	69BA0CDE","	Chamber1","	1","	B01??(%RH)","	80.4","	2026-07-28 13:34:49"
"	69BA0CDE","	Chamber1","	1","	B01??(?)","	4","	2026-07-28 13:34:49"
"	69BA0CDE","	Chamber1","	1","	B01??(%RH)","	80.4","	2026-07-28 13:34:47"
"	69BA0CDE","	Chamber1","	1","	B01??(?)","	4","	2026-07-28 13:34:47"
"	69BA0CDE","	Chamber1","	1","	B01??(%RH)","	80.4","	2026-07-28 13:34:45"
"	69BA0CDE","	Chamber1","	1","	B01??(?)","	4","	2026-07-28 13:34:45"
"	69BA0CDE","	Chamber1","	1","	B01??(%RH)","	80.4","	2026-07-28 13:34:43"
"	69BA0CDE","	Chamber1","	1","	B01??(?)","	4","	2026-07-28 13:34:43"
"	69BA0CDE","	Chamber1","	1","	B01??(%RH)","	80.4","	2026-07-28 13:34:41"
"	69BA0CDE","	Chamber1","	1","	B01??(?)","	4","	2026-07-28 13:34:41"
"	69BA0CDE","	Chamber1","	1","	B01??(%RH)","	80.4","	2026-07-28 13:34:38"
"	69BA0CDE","	Chamber1","	1","	B01??(?)","	4","	2026-07-28 13:34:38"
"	69BA0CDE","	Chamber1","	1","	B01??(%RH)","	80.4","	2026-07-28 13:34:36"
"	69BA0CDE","	Chamber1","	1","	B01??(?)","	4","	2026-07-28 13:34:36"
"	69BA0CDE","	Chamber1","	1","	B01??(?)","	4","	2026-07-28 13:34:34"
"	69BA0CDE","	Chamber1","	1","	B01??(%RH)","	80.4","	2026-07-28 13:34:34"
"	69BA0CDE","	Chamber1","	1","	B01??(%RH)","	80.4","	2026-07-28 13:34:32"
"	69BA0CDE","	Chamber1","	1","	B01??(?)","	4","	2026-07-28 13:34:32"
"	69BA0CDE","	Chamber1","	1","	B01??(%RH)","	80.4","	2026-07-28 13:34:30"
"	69BA0CDE","	Chamber1","	1","	B01??(?)","	4","	2026-07-28 13:34:30"
"	69BA0CDE","	Chamber1","	1","	B01??(%RH)","	80.5","	2026-07-28 13:34:28"
"	69BA0CDE","	Chamber1","	1","	B01??(?)","	4","	2026-07-28 13:34:28"
"	69BA0CDE","	Chamber1","	1","	B01??(%RH)","	80.4","	2026-07-28 13:34:26"
"	69BA0CDE","	Chamber1","	1","	B01??(?)","	4","	2026-07-28 13:34:26"
"	69BA0CDE","	Chamber1","	1","	B01??(?)","	4","	2026-07-28 13:34:24"
"	69BA0CDE","	Chamber1","	1","	B01??(%RH)","	80.4","	2026-07-28 13:34:24"
"	69BA0CDE","	Chamber1","	1","	B01??(%RH)","	80.4","	2026-07-28 13:34:22"
"	69BA0CDE","	Chamber1","	1","	B01??(?)","	4","	2026-07-28 13:34:22"
"	69BA0CDE","	Chamber1","	1","	B01??(%RH)","	80.4","	2026-07-28 13:34:20"
"	69BA0CDE","	Chamber1","	1","	B01??(?)","	4","	2026-07-28 13:34:20"
"	69BA0CDE","	Chamber1","	1","	B01??(%RH)","	80.4","	2026-07-28 13:34:18"
"	69BA0CDE","	Chamber1","	1","	B01??(?)","	4","	2026-07-28 13:34:18"
"	69BA0CDE","	Chamber1","	1","	B01??(%RH)","	80.4","	2026-07-28 13:34:16"
"	69BA0CDE","	Chamber1","	1","	B01??(?)","	4","	2026-07-28 13:34:16"
"	69BA0CDE","	Chamber1","	1","	B01??(%RH)","	80.5","	2026-07-28 13:34:14"
"	69BA0CDE","	Chamber1","	1","	B01??(?)","	4","	2026-07-28 13:34:14"
"	69BA0CDE","	Chamber1","	1","	B01??(%RH)","	80.4","	2026-07-28 13:34:12"
"	69BA0CDE","	Chamber1","	1","	B01??(?)","	4","	2026-07-28 13:34:12"
"	69BA0CDE","	Chamber1","	1","	B01??(%RH)","	80.4","	2026-07-28 13:34:10"
"	69BA0CDE","	Chamber1","	1","	B01??(?)","	4","	2026-07-28 13:34:10"
"	69BA0CDE","	Chamber1","	1","	B01??(%RH)","	80.4","	2026-07-28 13:34:08"
"	69BA0CDE","	Chamber1","	1","	B01??(?)","	4","	2026-07-28 13:34:08"
"	69BA0CDE","	Chamber1","	1","	B01??(%RH)","	80.4","	2026-07-28 13:34:06"
"	69BA0CDE","	Chamber1","	1","	B01??(?)","	4","	2026-07-28 13:34:06"
"	69BA0CDE","	Chamber1","	1","	B01??(%RH)","	80.4","	2026-07-28 13:34:04"
"	69BA0CDE","	Chamber1","	1","	B01??(?)","	4","	2026-07-28 13:34:04"
"	69BA0CDE","	Chamber1","	1","	B01??(%RH)","	80.4","	2026-07-28 13:34:02"
"	69BA0CDE","	Chamber1","	1","	B01??(?)","	4","	2026-07-28 13:34:02"
"	69BA0CDE","	Chamber1","	1","	B01??(%RH)","	80.4","	2026-07-28 13:34:00"
"	69BA0CDE","	Chamber1","	1","	B01??(?)","	4","	2026-07-28 13:34:00"
"	69BA0CDE","	Chamber1","	1","	B01??(%RH)","	80.4","	2026-07-28 13:33:58"
"	69BA0CDE","	Chamber1","	1","	B01??(?)","	4","	2026-07-28 13:33:58"
"	69BA0CDE","	Chamber1","	1","	B01??(%RH)","	80.4","	2026-07-28 13:33:55"
"	69BA0CDE","	Chamber1","	1","	B01??(?)","	4","	2026-07-28 13:33:55"
"	69BA0CDE","	Chamber1","	1","	B01??(%RH)","	80.4","	2026-07-28 13:33:53"
"	69BA0CDE","	Chamber1","	1","	B01??(?)","	4","	2026-07-28 13:33:53"
"	69BA0CDE","	Chamber1","	1","	B01??(%RH)","	80.4","	2026-07-28 13:33:51"
"	69BA0CDE","	Chamber1","	1","	B01??(?)","	4","	2026-07-28 13:33:51"
"	69BA0CDE","	Chamber1","	1","	B01??(%RH)","	80.4","	2026-07-28 13:33:49"
"	69BA0CDE","	Chamber1","	1","	B01??(?)","	4","	2026-07-28 13:33:49"
"	69BA0CDE","	Chamber1","	1","	B01??(%RH)","	80.4","	2026-07-28 13:33:47"
"	69BA0CDE","	Chamber1","	1","	B01??(?)","	4","	2026-07-28 13:33:47"
"	69BA0CDE","	Chamber1","	1","	B01??(%RH)","	80.4","	2026-07-28 13:33:45"
"	69BA0CDE","	Chamber1","	1","	B01??(?)","	4","	2026-07-28 13:33:45"
"	69BA0CDE","	Chamber1","	1","	B01??(%RH)","	80.4","	2026-07-28 13:33:43"
"	69BA0CDE","	Chamber1","	1","	B01??(?)","	4","	2026-07-28 13:33:43"
"	69BA0CDE","	Chamber1","	1","	B01??(%RH)","	80.4","	2026-07-28 13:33:41"
"	69BA0CDE","	Chamber1","	1","	B01??(?)","	4","	2026-07-28 13:33:41"
"	69BA0CDE","	Chamber1","	1","	B01??(%RH)","	80.4","	2026-07-28 13:33:39"
"	69BA0CDE","	Chamber1","	1","	B01??(?)","	4","	2026-07-28 13:33:39"
"	69BA0CDE","	Chamber1","	1","	B01??(%RH)","	80.4","	2026-07-28 13:33:37"
"	69BA0CDE","	Chamber1","	1","	B01??(?)","	4","	2026-07-28 13:33:37"
"	69BA0CDE","	Chamber1","	1","	B01??(%RH)","	80.4","	2026-07-28 13:33:35"
"	69BA0CDE","	Chamber1","	1","	B01??(?)","	4","	2026-07-28 13:33:35"
"	69BA0CDE","	Chamber1","	1","	B01??(%RH)","	80.4","	2026-07-28 13:33:33"
"	69BA0CDE","	Chamber1","	1","	B01??(?)","	4","	2026-07-28 13:33:33"
"	69BA0CDE","	Chamber1","	1","	B01??(%RH)","	80.4","	2026-07-28 13:33:31"
"	69BA0CDE","	Chamber1","	1","	B01??(?)","	4","	2026-07-28 13:33:31"
"	69BA0CDE","	Chamber1","	1","	B01??(%RH)","	80.4","	2026-07-28 13:33:29"
"	69BA0CDE","	Chamber1","	1","	B01??(?)","	4","	2026-07-28 13:33:29"
"	69BA0CDE","	Chamber1","	1","	B01??(%RH)","	80.4","	2026-07-28 13:33:27"
"	69BA0CDE","	Chamber1","	1","	B01??(?)","	4","	2026-07-28 13:33:27"
"	69BA0CDE","	Chamber1","	1","	B01??(%RH)","	80.4","	2026-07-28 13:33:25"
"	69BA0CDE","	Chamber1","	1","	B01??(?)","	4","	2026-07-28 13:33:25"
"	69BA0CDE","	Chamber1","	1","	B01??(%RH)","	80.4","	2026-07-28 13:33:23"
"	69BA0CDE","	Chamber1","	1","	B01??(?)","	4","	2026-07-28 13:33:23"
"	69BA0CDE","	Chamber1","	1","	B01??(%RH)","	80.4","	2026-07-28 13:33:21"
"	69BA0CDE","	Chamber1","	1","	B01??(?)","	4","	2026-07-28 13:33:21"
"	69BA0CDE","	Chamber1","	1","	B01??(%RH)","	80.4","	2026-07-28 13:33:19"
"	69BA0CDE","	Chamber1","	1","	B01??(?)","	4","	2026-07-28 13:33:19"
"	69BA0CDE","	Chamber1","	1","	B01??(%RH)","	80.4","	2026-07-28 13:33:17"
"	69BA0CDE","	Chamber1","	1","	B01??(?)","	4","	2026-07-28 13:33:17"
"	69BA0CDE","	Chamber1","	1","	B01??(%RH)","	80.4","	2026-07-28 13:33:15"
"	69BA0CDE","	Chamber1","	1","	B01??(?)","	4","	2026-07-28 13:33:15"
"	69BA0CDE","	Chamber1","	1","	B01??(%RH)","	80.4","	2026-07-28 13:33:12"
"	69BA0CDE","	Chamber1","	1","	B01??(?)","	4","	2026-07-28 13:33:12"
"	69BA0CDE","	Chamber1","	1","	B01??(%RH)","	80.4","	2026-07-28 13:33:10"
"	69BA0CDE","	Chamber1","	1","	B01??(?)","	4","	2026-07-28 13:33:10"
"	69BA0CDE","	Chamber1","	1","	B01??(%RH)","	80.4","	2026-07-28 13:33:08"
"	69BA0CDE","	Chamber1","	1","	B01??(?)","	4","	2026-07-28 13:33:08"
"	69BA0CDE","	Chamber1","	1","	B01??(%RH)","	80.4","	2026-07-28 13:33:06"
"	69BA0CDE","	Chamber1","	1","	B01??(?)","	4","	2026-07-28 13:33:06"
"	69BA0CDE","	Chamber1","	1","	B01??(%RH)","	80.4","	2026-07-28 13:33:04"
"	69BA0CDE","	Chamber1","	1","	B01??(?)","	4","	2026-07-28 13:33:04"
"	69BA0CDE","	Chamber1","	1","	B01??(%RH)","	80.4","	2026-07-28 13:33:02"
"	69BA0CDE","	Chamber1","	1","	B01??(?)","	4","	2026-07-28 13:33:02"
"	69BA0CDE","	Chamber1","	1","	B01??(%RH)","	80.4","	2026-07-28 13:33:00"
"	69BA0CDE","	Chamber1","	1","	B01??(?)","	4","	2026-07-28 13:33:00"
"	69BA0CDE","	Chamber1","	1","	B01??(%RH)","	80.4","	2026-07-28 13:32:58"
"	69BA0CDE","	Chamber1","	1","	B01??(?)","	4","	2026-07-28 13:32:58"
"	69BA0CDE","	Chamber1","	1","	B01??(%RH)","	80.4","	2026-07-28 13:32:56"
"	69BA0CDE","	Chamber1","	1","	B01??(?)","	4","	2026-07-28 13:32:56"
"	69BA0CDE","	Chamber1","	1","	B01??(%RH)","	80.4","	2026-07-28 13:32:54"
"	69BA0CDE","	Chamber1","	1","	B01??(?)","	4","	2026-07-28 13:32:54"
"	69BA0CDE","	Chamber1","	1","	B01??(%RH)","	80.4","	2026-07-28 13:32:52"
"	69BA0CDE","	Chamber1","	1","	B01??(?)","	4","	2026-07-28 13:32:52"
"	69BA0CDE","	Chamber1","	1","	B01??(%RH)","	80.4","	2026-07-28 13:32:50"
"	69BA0CDE","	Chamber1","	1","	B01??(?)","	4","	2026-07-28 13:32:50"
"	69BA0CDE","	Chamber1","	1","	B01??(%RH)","	80.4","	2026-07-28 13:32:48"
"	69BA0CDE","	Chamber1","	1","	B01??(?)","	4","	2026-07-28 13:32:48"
"	69BA0CDE","	Chamber1","	1","	B01??(%RH)","	80.4","	2026-07-28 13:32:46"
"	69BA0CDE","	Chamber1","	1","	B01??(?)","	4","	2026-07-28 13:32:46"
"	69BA0CDE","	Chamber1","	1","	B01??(%RH)","	80.4","	2026-07-28 13:32:44"
"	69BA0CDE","	Chamber1","	1","	B01??(?)","	4","	2026-07-28 13:32:44"
"	69BA0CDE","	Chamber1","	1","	B01??(%RH)","	80.4","	2026-07-28 13:32:42"
"	69BA0CDE","	Chamber1","	1","	B01??(?)","	4","	2026-07-28 13:32:42"
"	69BA0CDE","	Chamber1","	1","	B01??(%RH)","	80.4","	2026-07-28 13:32:40"
"	69BA0CDE","	Chamber1","	1","	B01??(?)","	4","	2026-07-28 13:32:40"
"	69BA0CDE","	Chamber1","	1","	B01??(%RH)","	80.4","	2026-07-28 13:32:38"
"	69BA0CDE","	Chamber1","	1","	B01??(?)","	4","	2026-07-28 13:32:38"
"	69BA0CDE","	Chamber1","	1","	B01??(%RH)","	80.4","	2026-07-28 13:32:36"
"	69BA0CDE","	Chamber1","	1","	B01??(?)","	4","	2026-07-28 13:32:36"
"	69BA0CDE","	Chamber1","	1","	B01??(%RH)","	80.4","	2026-07-28 13:32:34"
"	69BA0CDE","	Chamber1","	1","	B01??(?)","	4","	2026-07-28 13:32:34"
"	69BA0CDE","	Chamber1","	1","	B01??(%RH)","	80.4","	2026-07-28 13:32:32"
"	69BA0CDE","	Chamber1","	1","	B01??(?)","	4","	2026-07-28 13:32:32"
"	69BA0CDE","	Chamber1","	1","	B01??(%RH)","	80.4","	2026-07-28 13:32:30"
"	69BA0CDE","	Chamber1","	1","	B01??(?)","	4","	2026-07-28 13:32:30"
"	69BA0CDE","	Chamber1","	1","	B01??(%RH)","	80.4","	2026-07-28 13:32:27"
"	69BA0CDE","	Chamber1","	1","	B01??(?)","	4","	2026-07-28 13:32:27"
"	69BA0CDE","	Chamber1","	1","	B01??(%RH)","	80.4","	2026-07-28 13:32:25"
"	69BA0CDE","	Chamber1","	1","	B01??(?)","	4","	2026-07-28 13:32:25"
"	69BA0CDE","	Chamber1","	1","	B01??(%RH)","	80.4","	2026-07-28 13:32:23"
"	69BA0CDE","	Chamber1","	1","	B01??(?)","	4","	2026-07-28 13:32:23"
"	69BA0CDE","	Chamber1","	1","	B01??(%RH)","	80.4","	2026-07-28 13:32:21"
"	69BA0CDE","	Chamber1","	1","	B01??(?)","	4","	2026-07-28 13:32:21"
"	69BA0CDE","	Chamber1","	1","	B01??(%RH)","	80.4","	2026-07-28 13:32:19"
"	69BA0CDE","	Chamber1","	1","	B01??(?)","	4","	2026-07-28 13:32:19"
"	69BA0CDE","	Chamber1","	1","	B01??(%RH)","	80.4","	2026-07-28 13:32:17"
"	69BA0CDE","	Chamber1","	1","	B01??(?)","	4","	2026-07-28 13:32:17"
"	69BA0CDE","	Chamber1","	1","	B01??(%RH)","	80.4","	2026-07-28 13:32:15"
"	69BA0CDE","	Chamber1","	1","	B01??(?)","	4","	2026-07-28 13:32:15"
"	69BA0CDE","	Chamber1","	1","	B01??(%RH)","	80.4","	2026-07-28 13:32:13"
"	69BA0CDE","	Chamber1","	1","	B01??(?)","	4","	2026-07-28 13:32:13"
"	69BA0CDE","	Chamber1","	1","	B01??(%RH)","	80.4","	2026-07-28 13:32:11"
"	69BA0CDE","	Chamber1","	1","	B01??(?)","	4","	2026-07-28 13:32:11"
"	69BA0CDE","	Chamber1","	1","	B01??(%RH)","	80.4","	2026-07-28 13:32:09"
"	69BA0CDE","	Chamber1","	1","	B01??(?)","	4","	2026-07-28 13:32:09"
"	69BA0CDE","	Chamber1","	1","	B01??(%RH)","	80.4","	2026-07-28 13:32:07"
"	69BA0CDE","	Chamber1","	1","	B01??(?)","	4","	2026-07-28 13:32:07"
"	69BA0CDE","	Chamber1","	1","	B01??(%RH)","	80.4","	2026-07-28 13:32:05"
"	69BA0CDE","	Chamber1","	1","	B01??(?)","	4","	2026-07-28 13:32:05"
"	69BA0CDE","	Chamber1","	1","	B01??(%RH)","	80.4","	2026-07-28 13:32:03"
"	69BA0CDE","	Chamber1","	1","	B01??(?)","	4","	2026-07-28 13:32:03"
"	69BA0CDE","	Chamber1","	1","	B01??(%RH)","	80.4","	2026-07-28 13:32:01"
"	69BA0CDE","	Chamber1","	1","	B01??(?)","	4","	2026-07-28 13:32:01"
"	69BA0CDE","	Chamber1","	1","	B01??(%RH)","	80.4","	2026-07-28 13:31:59"
"	69BA0CDE","	Chamber1","	1","	B01??(?)","	4","	2026-07-28 13:31:59"
"	69BA0CDE","	Chamber1","	1","	B01??(%RH)","	80.4","	2026-07-28 13:31:57"
"	69BA0CDE","	Chamber1","	1","	B01??(?)","	4","	2026-07-28 13:31:57"
"	69BA0CDE","	Chamber1","	1","	B01??(%RH)","	80.4","	2026-07-28 13:31:55"
"	69BA0CDE","	Chamber1","	1","	B01??(?)","	4","	2026-07-28 13:31:55"
"	69BA0CDE","	Chamber1","	1","	B01??(%RH)","	80.4","	2026-07-28 13:31:53"
"	69BA0CDE","	Chamber1","	1","	B01??(?)","	4","	2026-07-28 13:31:53"
"	69BA0CDE","	Chamber1","	1","	B01??(%RH)","	80.4","	2026-07-28 13:31:51"
"	69BA0CDE","	Chamber1","	1","	B01??(?)","	4","	2026-07-28 13:31:51"
"	69BA0CDE","	Chamber1","	1","	B01??(%RH)","	80.4","	2026-07-28 13:31:49"
"	69BA0CDE","	Chamber1","	1","	B01??(?)","	4","	2026-07-28 13:31:49"
"	69BA0CDE","	Chamber1","	1","	B01??(%RH)","	80.4","	2026-07-28 13:31:47"
"	69BA0CDE","	Chamber1","	1","	B01??(?)","	4","	2026-07-28 13:31:47"
"	69BA0CDE","	Chamber1","	1","	B01??(%RH)","	80.4","	2026-07-28 13:31:45"
"	69BA0CDE","	Chamber1","	1","	B01??(?)","	4","	2026-07-28 13:31:45"
"	69BA0CDE","	Chamber1","	1","	B01??(%RH)","	80.4","	2026-07-28 13:31:42"
"	69BA0CDE","	Chamber1","	1","	B01??(?)","	4","	2026-07-28 13:31:42"
"	69BA0CDE","	Chamber1","	1","	B01??(%RH)","	80.4","	2026-07-28 13:31:40"
"	69BA0CDE","	Chamber1","	1","	B01??(?)","	4","	2026-07-28 13:31:40"
"	69BA0CDE","	Chamber1","	1","	B01??(%RH)","	80.4","	2026-07-28 13:31:38"
"	69BA0CDE","	Chamber1","	1","	B01??(?)","	4","	2026-07-28 13:31:38"
"	69BA0CDE","	Chamber1","	1","	B01??(%RH)","	80.4","	2026-07-28 13:31:36"
"	69BA0CDE","	Chamber1","	1","	B01??(?)","	4","	2026-07-28 13:31:36"
"	69BA0CDE","	Chamber1","	1","	B01??(%RH)","	80.4","	2026-07-28 13:31:34"
"	69BA0CDE","	Chamber1","	1","	B01??(?)","	4","	2026-07-28 13:31:34"
"	69BA0CDE","	Chamber1","	1","	B01??(%RH)","	80.4","	2026-07-28 13:31:32"
"	69BA0CDE","	Chamber1","	1","	B01??(?)","	4","	2026-07-28 13:31:32"
"	69BA0CDE","	Chamber1","	1","	B01??(%RH)","	80.4","	2026-07-28 13:31:30"
"	69BA0CDE","	Chamber1","	1","	B01??(?)","	4","	2026-07-28 13:31:30"
"	69BA0CDE","	Chamber1","	1","	B01??(%RH)","	80.4","	2026-07-28 13:31:28"
"	69BA0CDE","	Chamber1","	1","	B01??(?)","	4","	2026-07-28 13:31:28"
"	69BA0CDE","	Chamber1","	1","	B01??(%RH)","	80.4","	2026-07-28 13:31:26"
"	69BA0CDE","	Chamber1","	1","	B01??(?)","	4","	2026-07-28 13:31:26"
"	69BA0CDE","	Chamber1","	1","	B01??(%RH)","	80.4","	2026-07-28 13:31:24"
"	69BA0CDE","	Chamber1","	1","	B01??(?)","	4","	2026-07-28 13:31:24"
"	69BA0CDE","	Chamber1","	1","	B01??(%RH)","	80.4","	2026-07-28 13:31:22"
"	69BA0CDE","	Chamber1","	1","	B01??(?)","	4","	2026-07-28 13:31:22"
"	69BA0CDE","	Chamber1","	1","	B01??(%RH)","	80.4","	2026-07-28 13:31:20"
"	69BA0CDE","	Chamber1","	1","	B01??(?)","	4","	2026-07-28 13:31:20"
"	69BA0CDE","	Chamber1","	1","	B01??(%RH)","	80.4","	2026-07-28 13:31:18"
"	69BA0CDE","	Chamber1","	1","	B01??(?)","	4","	2026-07-28 13:31:18"
"	69BA0CDE","	Chamber1","	1","	B01??(%RH)","	80.4","	2026-07-28 13:31:16"
"	69BA0CDE","	Chamber1","	1","	B01??(?)","	4","	2026-07-28 13:31:16"
"	69BA0CDE","	Chamber1","	1","	B01??(%RH)","	80.4","	2026-07-28 13:31:14"
"	69BA0CDE","	Chamber1","	1","	B01??(?)","	4","	2026-07-28 13:31:14"
"	69BA0CDE","	Chamber1","	1","	B01??(%RH)","	80.4","	2026-07-28 13:31:12"
"	69BA0CDE","	Chamber1","	1","	B01??(?)","	4","	2026-07-28 13:31:12"
"	69BA0CDE","	Chamber1","	1","	B01??(%RH)","	80.4","	2026-07-28 13:31:10"
"	69BA0CDE","	Chamber1","	1","	B01??(?)","	4","	2026-07-28 13:31:10"
"	69BA0CDE","	Chamber1","	1","	B01??(%RH)","	80.4","	2026-07-28 13:31:08"
"	69BA0CDE","	Chamber1","	1","	B01??(?)","	4","	2026-07-28 13:31:08"
"	69BA0CDE","	Chamber1","	1","	B01??(%RH)","	80.4","	2026-07-28 13:31:06"
"	69BA0CDE","	Chamber1","	1","	B01??(?)","	4","	2026-07-28 13:31:06"
"	69BA0CDE","	Chamber1","	1","	B01??(%RH)","	80.4","	2026-07-28 13:31:04"
"	69BA0CDE","	Chamber1","	1","	B01??(?)","	4","	2026-07-28 13:31:04"
"	69BA0CDE","	Chamber1","	1","	B01??(%RH)","	80.4","	2026-07-28 13:31:02"
"	69BA0CDE","	Chamber1","	1","	B01??(?)","	4","	2026-07-28 13:31:02"
"	69BA0CDE","	Chamber1","	1","	B01??(%RH)","	80.4","	2026-07-28 13:30:59"
"	69BA0CDE","	Chamber1","	1","	B01??(?)","	4","	2026-07-28 13:30:59"
"	69BA0CDE","	Chamber1","	1","	B01??(%RH)","	80.4","	2026-07-28 13:30:57"
"	69BA0CDE","	Chamber1","	1","	B01??(?)","	4","	2026-07-28 13:30:57"
"	69BA0CDE","	Chamber1","	1","	B01??(%RH)","	80.4","	2026-07-28 13:30:55"
"	69BA0CDE","	Chamber1","	1","	B01??(?)","	4","	2026-07-28 13:30:55"
"	69BA0CDE","	Chamber1","	1","	B01??(%RH)","	80.4","	2026-07-28 13:30:53"
"	69BA0CDE","	Chamber1","	1","	B01??(?)","	4","	2026-07-28 13:30:53"
"	69BA0CDE","	Chamber1","	1","	B01??(%RH)","	80.4","	2026-07-28 13:30:51"
"	69BA0CDE","	Chamber1","	1","	B01??(?)","	4","	2026-07-28 13:30:51"
"	69BA0CDE","	Chamber1","	1","	B01??(%RH)","	80.4","	2026-07-28 13:30:49"
"	69BA0CDE","	Chamber1","	1","	B01??(?)","	4","	2026-07-28 13:30:49"
"	69BA0CDE","	Chamber1","	1","	B01??(%RH)","	80.4","	2026-07-28 13:30:47"
"	69BA0CDE","	Chamber1","	1","	B01??(?)","	4","	2026-07-28 13:30:47"
"	69BA0CDE","	Chamber1","	1","	B01??(%RH)","	80.4","	2026-07-28 13:30:45"
"	69BA0CDE","	Chamber1","	1","	B01??(?)","	4","	2026-07-28 13:30:45"
"	69BA0CDE","	Chamber1","	1","	B01??(%RH)","	80.4","	2026-07-28 13:30:43"
"	69BA0CDE","	Chamber1","	1","	B01??(?)","	4","	2026-07-28 13:30:43"
"	69BA0CDE","	Chamber1","	1","	B01??(%RH)","	80.4","	2026-07-28 13:30:41"
"	69BA0CDE","	Chamber1","	1","	B01??(?)","	4","	2026-07-28 13:30:41"
"	69BA0CDE","	Chamber1","	1","	B01??(%RH)","	80.4","	2026-07-28 13:30:39"
"	69BA0CDE","	Chamber1","	1","	B01??(?)","	4","	2026-07-28 13:30:39"
"	69BA0CDE","	Chamber1","	1","	B01??(%RH)","	80.4","	2026-07-28 13:30:37"
"	69BA0CDE","	Chamber1","	1","	B01??(?)","	4","	2026-07-28 13:30:37"
"	69BA0CDE","	Chamber1","	1","	B01??(%RH)","	80.4","	2026-07-28 13:30:35"
"	69BA0CDE","	Chamber1","	1","	B01??(?)","	4","	2026-07-28 13:30:35"
"	69BA0CDE","	Chamber1","	1","	B01??(%RH)","	80.3","	2026-07-28 13:30:33"
"	69BA0CDE","	Chamber1","	1","	B01??(?)","	4","	2026-07-28 13:30:33"
"	69BA0CDE","	Chamber1","	1","	B01??(%RH)","	80.4","	2026-07-28 13:30:31"
"	69BA0CDE","	Chamber1","	1","	B01??(?)","	4","	2026-07-28 13:30:31"
"	69BA0CDE","	Chamber1","	1","	B01??(%RH)","	80.4","	2026-07-28 13:30:29"
"	69BA0CDE","	Chamber1","	1","	B01??(?)","	4","	2026-07-28 13:30:29"
"	69BA0CDE","	Chamber1","	1","	B01??(%RH)","	80.4","	2026-07-28 13:30:27"
"	69BA0CDE","	Chamber1","	1","	B01??(?)","	4","	2026-07-28 13:30:27"
"	69BA0CDE","	Chamber1","	1","	B01??(%RH)","	80.4","	2026-07-28 13:30:25"
"	69BA0CDE","	Chamber1","	1","	B01??(?)","	4","	2026-07-28 13:30:25"
"	69BA0CDE","	Chamber1","	1","	B01??(%RH)","	80.4","	2026-07-28 13:30:23"
"	69BA0CDE","	Chamber1","	1","	B01??(?)","	4","	2026-07-28 13:30:23"
"	69BA0CDE","	Chamber1","	1","	B01??(%RH)","	80.4","	2026-07-28 13:30:21"
"	69BA0CDE","	Chamber1","	1","	B01??(?)","	4","	2026-07-28 13:30:21"
"	69BA0CDE","	Chamber1","	1","	B01??(%RH)","	80.4","	2026-07-28 13:30:18"
"	69BA0CDE","	Chamber1","	1","	B01??(?)","	4","	2026-07-28 13:30:18"
"	69BA0CDE","	Chamber1","	1","	B01??(%RH)","	80.4","	2026-07-28 13:30:16"
"	69BA0CDE","	Chamber1","	1","	B01??(?)","	4","	2026-07-28 13:30:16"
"	69BA0CDE","	Chamber1","	1","	B01??(%RH)","	80.4","	2026-07-28 13:30:14"
"	69BA0CDE","	Chamber1","	1","	B01??(?)","	4","	2026-07-28 13:30:14"
"	69BA0CDE","	Chamber1","	1","	B01??(%RH)","	80.4","	2026-07-28 13:30:12"
"	69BA0CDE","	Chamber1","	1","	B01??(?)","	4","	2026-07-28 13:30:12"
"	69BA0CDE","	Chamber1","	1","	B01??(%RH)","	80.4","	2026-07-28 13:30:10"
"	69BA0CDE","	Chamber1","	1","	B01??(?)","	4","	2026-07-28 13:30:10"
"	69BA0CDE","	Chamber1","	1","	B01??(%RH)","	80.4","	2026-07-28 13:30:08"
"	69BA0CDE","	Chamber1","	1","	B01??(?)","	4","	2026-07-28 13:30:08"
"	69BA0CDE","	Chamber1","	1","	B01??(%RH)","	80.3","	2026-07-28 13:30:06"
"	69BA0CDE","	Chamber1","	1","	B01??(?)","	4","	2026-07-28 13:30:06"
"	69BA0CDE","	Chamber1","	1","	B01??(%RH)","	80.4","	2026-07-28 13:30:04"
"	69BA0CDE","	Chamber1","	1","	B01??(?)","	4","	2026-07-28 13:30:04"
"	69BA0CDE","	Chamber1","	1","	B01??(%RH)","	80.4","	2026-07-28 13:30:02"
"	69BA0CDE","	Chamber1","	1","	B01??(?)","	4","	2026-07-28 13:30:02"
"	69BA0CDE","	Chamber1","	1","	B01??(%RH)","	80.3","	2026-07-28 13:30:00"
"	69BA0CDE","	Chamber1","	1","	B01??(?)","	4","	2026-07-28 13:30:00"
"	69BA0CDE","	Chamber1","	1","	B01??(%RH)","	80.3","	2026-07-28 13:29:58"
"	69BA0CDE","	Chamber1","	1","	B01??(?)","	4","	2026-07-28 13:29:58"
"	69BA0CDE","	Chamber1","	1","	B01??(%RH)","	80.4","	2026-07-28 13:29:56"
"	69BA0CDE","	Chamber1","	1","	B01??(?)","	4","	2026-07-28 13:29:56"
"	69BA0CDE","	Chamber1","	1","	B01??(%RH)","	80.3","	2026-07-28 13:29:54"
"	69BA0CDE","	Chamber1","	1","	B01??(?)","	4","	2026-07-28 13:29:54"
"	69BA0CDE","	Chamber1","	1","	B01??(%RH)","	80.3","	2026-07-28 13:29:52"
"	69BA0CDE","	Chamber1","	1","	B01??(?)","	4","	2026-07-28 13:29:52"
"	69BA0CDE","	Chamber1","	1","	B01??(%RH)","	80.3","	2026-07-28 13:29:50"
"	69BA0CDE","	Chamber1","	1","	B01??(?)","	4","	2026-07-28 13:29:50"
"	69BA0CDE","	Chamber1","	1","	B01??(%RH)","	80.3","	2026-07-28 13:29:48"
"	69BA0CDE","	Chamber1","	1","	B01??(?)","	4","	2026-07-28 13:29:48"
"	69BA0CDE","	Chamber1","	1","	B01??(%RH)","	80.4","	2026-07-28 13:29:46"
"	69BA0CDE","	Chamber1","	1","	B01??(?)","	4","	2026-07-28 13:29:46"
"	69BA0CDE","	Chamber1","	1","	B01??(%RH)","	80.3","	2026-07-28 13:29:44"
"	69BA0CDE","	Chamber1","	1","	B01??(?)","	4","	2026-07-28 13:29:44"
"	69BA0CDE","	Chamber1","	1","	B01??(%RH)","	80.3","	2026-07-28 13:29:42"
"	69BA0CDE","	Chamber1","	1","	B01??(?)","	4","	2026-07-28 13:29:42"
"	69BA0CDE","	Chamber1","	1","	B01??(%RH)","	80.3","	2026-07-28 13:29:40"
"	69BA0CDE","	Chamber1","	1","	B01??(?)","	4","	2026-07-28 13:29:40"
"	69BA0CDE","	Chamber1","	1","	B01??(%RH)","	80.3","	2026-07-28 13:29:38"
"	69BA0CDE","	Chamber1","	1","	B01??(?)","	4","	2026-07-28 13:29:38"
"	69BA0CDE","	Chamber1","	1","	B01??(%RH)","	80.3","	2026-07-28 13:29:35"
"	69BA0CDE","	Chamber1","	1","	B01??(?)","	4","	2026-07-28 13:29:35"
"	69BA0CDE","	Chamber1","	1","	B01??(%RH)","	80.4","	2026-07-28 13:29:33"
"	69BA0CDE","	Chamber1","	1","	B01??(?)","	4","	2026-07-28 13:29:33"
"	69BA0CDE","	Chamber1","	1","	B01??(%RH)","	80.4","	2026-07-28 13:29:31"
"	69BA0CDE","	Chamber1","	1","	B01??(?)","	4","	2026-07-28 13:29:31"
"	69BA0CDE","	Chamber1","	1","	B01??(%RH)","	80.3","	2026-07-28 13:29:29"
"	69BA0CDE","	Chamber1","	1","	B01??(?)","	4","	2026-07-28 13:29:29"
"	69BA0CDE","	Chamber1","	1","	B01??(%RH)","	80.4","	2026-07-28 13:29:27"
"	69BA0CDE","	Chamber1","	1","	B01??(?)","	4","	2026-07-28 13:29:27"
"	69BA0CDE","	Chamber1","	1","	B01??(%RH)","	80.3","	2026-07-28 13:29:25"
"	69BA0CDE","	Chamber1","	1","	B01??(?)","	4","	2026-07-28 13:29:25"
"	69BA0CDE","	Chamber1","	1","	B01??(%RH)","	80.3","	2026-07-28 13:29:23"
"	69BA0CDE","	Chamber1","	1","	B01??(?)","	4","	2026-07-28 13:29:23"
"	69BA0CDE","	Chamber1","	1","	B01??(%RH)","	80.3","	2026-07-28 13:29:21"
"	69BA0CDE","	Chamber1","	1","	B01??(?)","	4","	2026-07-28 13:29:21"
"	69BA0CDE","	Chamber1","	1","	B01??(%RH)","	80.3","	2026-07-28 13:29:19"
"	69BA0CDE","	Chamber1","	1","	B01??(?)","	4","	2026-07-28 13:29:19"
"	69BA0CDE","	Chamber1","	1","	B01??(%RH)","	80.3","	2026-07-28 13:29:17"
"	69BA0CDE","	Chamber1","	1","	B01??(?)","	4","	2026-07-28 13:29:17"
"	69BA0CDE","	Chamber1","	1","	B01??(%RH)","	80.3","	2026-07-28 13:29:15"
"	69BA0CDE","	Chamber1","	1","	B01??(?)","	4","	2026-07-28 13:29:15"
"	69BA0CDE","	Chamber1","	1","	B01??(%RH)","	80.3","	2026-07-28 13:29:13"
"	69BA0CDE","	Chamber1","	1","	B01??(?)","	4","	2026-07-28 13:29:13"
"	69BA0CDE","	Chamber1","	1","	B01??(%RH)","	80.3","	2026-07-28 13:29:11"
"	69BA0CDE","	Chamber1","	1","	B01??(?)","	4","	2026-07-28 13:29:11"
"	69BA0CDE","	Chamber1","	1","	B01??(%RH)","	80.3","	2026-07-28 13:29:09"
"	69BA0CDE","	Chamber1","	1","	B01??(?)","	4","	2026-07-28 13:29:09"
"	69BA0CDE","	Chamber1","	1","	B01??(%RH)","	80.3","	2026-07-28 13:29:07"
"	69BA0CDE","	Chamber1","	1","	B01??(?)","	4","	2026-07-28 13:29:07"
"	69BA0CDE","	Chamber1","	1","	B01??(%RH)","	80.3","	2026-07-28 13:29:05"
"	69BA0CDE","	Chamber1","	1","	B01??(?)","	4","	2026-07-28 13:29:05"
"	69BA0CDE","	Chamber1","	1","	B01??(%RH)","	80.3","	2026-07-28 13:29:03"
"	69BA0CDE","	Chamber1","	1","	B01??(?)","	4","	2026-07-28 13:29:03"
"	69BA0CDE","	Chamber1","	1","	B01??(%RH)","	80.3","	2026-07-28 13:29:01"
"	69BA0CDE","	Chamber1","	1","	B01??(?)","	4","	2026-07-28 13:29:01"
"	69BA0CDE","	Chamber1","	1","	B01??(%RH)","	80.3","	2026-07-28 13:28:59"
"	69BA0CDE","	Chamber1","	1","	B01??(?)","	4","	2026-07-28 13:28:59"
"	69BA0CDE","	Chamber1","	1","	B01??(%RH)","	80.3","	2026-07-28 13:28:57"
"	69BA0CDE","	Chamber1","	1","	B01??(?)","	4","	2026-07-28 13:28:57"
"	69BA0CDE","	Chamber1","	1","	B01??(%RH)","	80.3","	2026-07-28 13:28:55"
"	69BA0CDE","	Chamber1","	1","	B01??(?)","	4","	2026-07-28 13:28:55"
"	69BA0CDE","	Chamber1","	1","	B01??(%RH)","	80.3","	2026-07-28 13:28:52"
"	69BA0CDE","	Chamber1","	1","	B01??(?)","	4","	2026-07-28 13:28:52"
"	69BA0CDE","	Chamber1","	1","	B01??(%RH)","	80.3","	2026-07-28 13:28:50"
"	69BA0CDE","	Chamber1","	1","	B01??(?)","	4","	2026-07-28 13:28:50"
"	69BA0CDE","	Chamber1","	1","	B01??(%RH)","	80.3","	2026-07-28 13:28:48"
"	69BA0CDE","	Chamber1","	1","	B01??(?)","	4","	2026-07-28 13:28:48"
"	69BA0CDE","	Chamber1","	1","	B01??(%RH)","	80.3","	2026-07-28 13:28:46"
"	69BA0CDE","	Chamber1","	1","	B01??(?)","	4","	2026-07-28 13:28:46"
"	69BA0CDE","	Chamber1","	1","	B01??(%RH)","	80.3","	2026-07-28 13:28:44"
"	69BA0CDE","	Chamber1","	1","	B01??(?)","	4","	2026-07-28 13:28:44"
"	69BA0CDE","	Chamber1","	1","	B01??(%RH)","	80.3","	2026-07-28 13:28:42"
"	69BA0CDE","	Chamber1","	1","	B01??(?)","	4","	2026-07-28 13:28:42"
"	69BA0CDE","	Chamber1","	1","	B01??(%RH)","	80.3","	2026-07-28 13:28:40"
"	69BA0CDE","	Chamber1","	1","	B01??(?)","	4","	2026-07-28 13:28:40"
"	69BA0CDE","	Chamber1","	1","	B01??(%RH)","	80.3","	2026-07-28 13:28:38"
"	69BA0CDE","	Chamber1","	1","	B01??(?)","	4","	2026-07-28 13:28:38"
"	69BA0CDE","	Chamber1","	1","	B01??(%RH)","	80.3","	2026-07-28 13:28:36"
"	69BA0CDE","	Chamber1","	1","	B01??(?)","	4","	2026-07-28 13:28:36"
"	69BA0CDE","	Chamber1","	1","	B01??(%RH)","	80.3","	2026-07-28 13:28:34"
"	69BA0CDE","	Chamber1","	1","	B01??(?)","	4","	2026-07-28 13:28:34"
"	69BA0CDE","	Chamber1","	1","	B01??(%RH)","	80.3","	2026-07-28 13:28:32"
"	69BA0CDE","	Chamber1","	1","	B01??(?)","	4","	2026-07-28 13:28:32"
"	69BA0CDE","	Chamber1","	1","	B01??(%RH)","	80.3","	2026-07-28 13:28:30"
"	69BA0CDE","	Chamber1","	1","	B01??(?)","	4","	2026-07-28 13:28:30"
"	69BA0CDE","	Chamber1","	1","	B01??(%RH)","	80.3","	2026-07-28 13:28:28"
"	69BA0CDE","	Chamber1","	1","	B01??(?)","	4","	2026-07-28 13:28:28"
"	69BA0CDE","	Chamber1","	1","	B01??(%RH)","	80.3","	2026-07-28 13:28:26"
"	69BA0CDE","	Chamber1","	1","	B01??(?)","	4","	2026-07-28 13:28:26"
"	69BA0CDE","	Chamber1","	1","	B01??(%RH)","	80.3","	2026-07-28 13:28:24"
"	69BA0CDE","	Chamber1","	1","	B01??(?)","	4","	2026-07-28 13:28:24"
"	69BA0CDE","	Chamber1","	1","	B01??(%RH)","	80.3","	2026-07-28 13:28:22"
"	69BA0CDE","	Chamber1","	1","	B01??(?)","	4","	2026-07-28 13:28:22"
"	69BA0CDE","	Chamber1","	1","	B01??(%RH)","	80.3","	2026-07-28 13:28:20"
"	69BA0CDE","	Chamber1","	1","	B01??(?)","	4","	2026-07-28 13:28:20"
"	69BA0CDE","	Chamber1","	1","	B01??(%RH)","	80.3","	2026-07-28 13:28:18"
"	69BA0CDE","	Chamber1","	1","	B01??(?)","	4","	2026-07-28 13:28:18"
"	69BA0CDE","	Chamber1","	1","	B01??(%RH)","	80.3","	2026-07-28 13:28:16"
"	69BA0CDE","	Chamber1","	1","	B01??(?)","	4","	2026-07-28 13:28:16"
"	69BA0CDE","	Chamber1","	1","	B01??(%RH)","	80.3","	2026-07-28 13:28:14"
"	69BA0CDE","	Chamber1","	1","	B01??(?)","	4","	2026-07-28 13:28:14"
"	69BA0CDE","	Chamber1","	1","	B01??(%RH)","	80.3","	2026-07-28 13:28:12"
"	69BA0CDE","	Chamber1","	1","	B01??(?)","	4","	2026-07-28 13:28:12"
"	69BA0CDE","	Chamber1","	1","	B01??(%RH)","	80.3","	2026-07-28 13:28:09"
"	69BA0CDE","	Chamber1","	1","	B01??(?)","	4","	2026-07-28 13:28:09"
"	69BA0CDE","	Chamber1","	1","	B01??(%RH)","	80.3","	2026-07-28 13:28:07"
"	69BA0CDE","	Chamber1","	1","	B01??(?)","	4","	2026-07-28 13:28:07"
"	69BA0CDE","	Chamber1","	1","	B01??(%RH)","	80.3","	2026-07-28 13:28:05"
"	69BA0CDE","	Chamber1","	1","	B01??(?)","	4","	2026-07-28 13:28:05"
"	69BA0CDE","	Chamber1","	1","	B01??(%RH)","	80.3","	2026-07-28 13:28:03"
"	69BA0CDE","	Chamber1","	1","	B01??(?)","	4","	2026-07-28 13:28:03"
"	69BA0CDE","	Chamber1","	1","	B01??(%RH)","	80.3","	2026-07-28 13:28:01"
"	69BA0CDE","	Chamber1","	1","	B01??(?)","	4","	2026-07-28 13:28:01"
"	69BA0CDE","	Chamber1","	1","	B01??(%RH)","	80.3","	2026-07-28 13:27:59"
"	69BA0CDE","	Chamber1","	1","	B01??(?)","	4","	2026-07-28 13:27:59"
"	69BA0CDE","	Chamber1","	1","	B01??(%RH)","	80.3","	2026-07-28 13:27:57"
"	69BA0CDE","	Chamber1","	1","	B01??(?)","	4","	2026-07-28 13:27:57"
"	69BA0CDE","	Chamber1","	1","	B01??(%RH)","	80.3","	2026-07-28 13:27:55"
"	69BA0CDE","	Chamber1","	1","	B01??(?)","	4","	2026-07-28 13:27:55"
"	69BA0CDE","	Chamber1","	1","	B01??(%RH)","	80.3","	2026-07-28 13:27:53"
"	69BA0CDE","	Chamber1","	1","	B01??(?)","	4","	2026-07-28 13:27:53"
"	69BA0CDE","	Chamber1","	1","	B01??(%RH)","	80.3","	2026-07-28 13:27:51"
"	69BA0CDE","	Chamber1","	1","	B01??(?)","	4","	2026-07-28 13:27:51"
"	69BA0CDE","	Chamber1","	1","	B01??(%RH)","	80.3","	2026-07-28 13:27:49"
"	69BA0CDE","	Chamber1","	1","	B01??(?)","	4","	2026-07-28 13:27:49"
"	69BA0CDE","	Chamber1","	1","	B01??(%RH)","	80.3","	2026-07-28 13:27:47"
"	69BA0CDE","	Chamber1","	1","	B01??(?)","	4","	2026-07-28 13:27:47"
"	69BA0CDE","	Chamber1","	1","	B01??(%RH)","	80.3","	2026-07-28 13:27:45"
"	69BA0CDE","	Chamber1","	1","	B01??(?)","	4","	2026-07-28 13:27:45"
"	69BA0CDE","	Chamber1","	1","	B01??(%RH)","	80.3","	2026-07-28 13:27:43"
"	69BA0CDE","	Chamber1","	1","	B01??(?)","	4","	2026-07-28 13:27:43"
"	69BA0CDE","	Chamber1","	1","	B01??(%RH)","	80.3","	2026-07-28 13:27:41"
"	69BA0CDE","	Chamber1","	1","	B01??(?)","	4","	2026-07-28 13:27:41"
"	69BA0CDE","	Chamber1","	1","	B01??(%RH)","	80.3","	2026-07-28 13:27:39"
"	69BA0CDE","	Chamber1","	1","	B01??(?)","	4","	2026-07-28 13:27:39"
"	69BA0CDE","	Chamber1","	1","	B01??(%RH)","	80.3","	2026-07-28 13:27:37"
"	69BA0CDE","	Chamber1","	1","	B01??(?)","	4","	2026-07-28 13:27:37"
"	69BA0CDE","	Chamber1","	1","	B01??(%RH)","	80.3","	2026-07-28 13:27:35"
"	69BA0CDE","	Chamber1","	1","	B01??(?)","	4","	2026-07-28 13:27:35"
"	69BA0CDE","	Chamber1","	1","	B01??(%RH)","	80.3","	2026-07-28 13:27:33"
"	69BA0CDE","	Chamber1","	1","	B01??(?)","	4","	2026-07-28 13:27:33"
"	69BA0CDE","	Chamber1","	1","	B01??(%RH)","	80.3","	2026-07-28 13:27:31"
"	69BA0CDE","	Chamber1","	1","	B01??(?)","	4","	2026-07-28 13:27:31"
"	69BA0CDE","	Chamber1","	1","	B01??(%RH)","	80.3","	2026-07-28 13:27:29"
"	69BA0CDE","	Chamber1","	1","	B01??(?)","	4","	2026-07-28 13:27:29"
"	69BA0CDE","	Chamber1","	1","	B01??(%RH)","	80.3","	2026-07-28 13:27:27"
"	69BA0CDE","	Chamber1","	1","	B01??(?)","	4","	2026-07-28 13:27:27"
"	69BA0CDE","	Chamber1","	1","	B01??(%RH)","	80.3","	2026-07-28 13:27:24"
"	69BA0CDE","	Chamber1","	1","	B01??(?)","	4","	2026-07-28 13:27:24"
"	69BA0CDE","	Chamber1","	1","	B01??(%RH)","	80.3","	2026-07-28 13:27:22"
"	69BA0CDE","	Chamber1","	1","	B01??(?)","	4","	2026-07-28 13:27:22"
"	69BA0CDE","	Chamber1","	1","	B01??(%RH)","	80.3","	2026-07-28 13:27:20"
"	69BA0CDE","	Chamber1","	1","	B01??(?)","	4","	2026-07-28 13:27:20"
"	69BA0CDE","	Chamber1","	1","	B01??(%RH)","	80.3","	2026-07-28 13:27:18"
"	69BA0CDE","	Chamber1","	1","	B01??(?)","	4","	2026-07-28 13:27:18"
"	69BA0CDE","	Chamber1","	1","	B01??(%RH)","	80.3","	2026-07-28 13:27:16"
"	69BA0CDE","	Chamber1","	1","	B01??(?)","	4","	2026-07-28 13:27:16"
"	69BA0CDE","	Chamber1","	1","	B01??(%RH)","	80.3","	2026-07-28 13:27:14"
"	69BA0CDE","	Chamber1","	1","	B01??(?)","	4","	2026-07-28 13:27:14"
"	69BA0CDE","	Chamber1","	1","	B01??(%RH)","	80.3","	2026-07-28 13:27:12"
"	69BA0CDE","	Chamber1","	1","	B01??(?)","	4","	2026-07-28 13:27:12"
"	69BA0CDE","	Chamber1","	1","	B01??(%RH)","	80.3","	2026-07-28 13:27:10"
"	69BA0CDE","	Chamber1","	1","	B01??(?)","	4","	2026-07-28 13:27:10"
"	69BA0CDE","	Chamber1","	1","	B01??(%RH)","	80.3","	2026-07-28 13:27:08"
"	69BA0CDE","	Chamber1","	1","	B01??(?)","	4","	2026-07-28 13:27:08"
"	69BA0CDE","	Chamber1","	1","	B01??(%RH)","	80.3","	2026-07-28 13:27:06"
"	69BA0CDE","	Chamber1","	1","	B01??(?)","	4","	2026-07-28 13:27:06"
"	69BA0CDE","	Chamber1","	1","	B01??(%RH)","	80.3","	2026-07-28 13:27:04"
"	69BA0CDE","	Chamber1","	1","	B01??(?)","	4","	2026-07-28 13:27:04"
"	69BA0CDE","	Chamber1","	1","	B01??(%RH)","	80.3","	2026-07-28 13:27:02"
"	69BA0CDE","	Chamber1","	1","	B01??(?)","	4","	2026-07-28 13:27:02"
"	69BA0CDE","	Chamber1","	1","	B01??(%RH)","	80.3","	2026-07-28 13:27:00"
"	69BA0CDE","	Chamber1","	1","	B01??(?)","	4","	2026-07-28 13:27:00"
"	69BA0CDE","	Chamber1","	1","	B01??(%RH)","	80.3","	2026-07-28 13:26:58"
"	69BA0CDE","	Chamber1","	1","	B01??(?)","	4","	2026-07-28 13:26:58"
"	69BA0CDE","	Chamber1","	1","	B01??(%RH)","	80.3","	2026-07-28 13:26:56"
"	69BA0CDE","	Chamber1","	1","	B01??(?)","	4","	2026-07-28 13:26:56"
"	69BA0CDE","	Chamber1","	1","	B01??(%RH)","	80.3","	2026-07-28 13:26:54"
"	69BA0CDE","	Chamber1","	1","	B01??(?)","	4","	2026-07-28 13:26:54"
"	69BA0CDE","	Chamber1","	1","	B01??(%RH)","	80.2","	2026-07-28 13:26:52"
"	69BA0CDE","	Chamber1","	1","	B01??(?)","	4","	2026-07-28 13:26:52"
"	69BA0CDE","	Chamber1","	1","	B01??(%RH)","	80.3","	2026-07-28 13:26:50"
"	69BA0CDE","	Chamber1","	1","	B01??(?)","	4","	2026-07-28 13:26:50"
"	69BA0CDE","	Chamber1","	1","	B01??(%RH)","	80.3","	2026-07-28 13:26:48"
"	69BA0CDE","	Chamber1","	1","	B01??(?)","	4","	2026-07-28 13:26:48"
"	69BA0CDE","	Chamber1","	1","	B01??(%RH)","	80.3","	2026-07-28 13:26:46"
"	69BA0CDE","	Chamber1","	1","	B01??(?)","	4","	2026-07-28 13:26:46"
"	69BA0CDE","	Chamber1","	1","	B01??(%RH)","	80.3","	2026-07-28 13:26:44"
"	69BA0CDE","	Chamber1","	1","	B01??(?)","	4","	2026-07-28 13:26:44"
"	69BA0CDE","	Chamber1","	1","	B01??(%RH)","	80.3","	2026-07-28 13:26:41"
"	69BA0CDE","	Chamber1","	1","	B01??(?)","	4","	2026-07-28 13:26:41"
"	69BA0CDE","	Chamber1","	1","	B01??(%RH)","	80.3","	2026-07-28 13:26:39"
"	69BA0CDE","	Chamber1","	1","	B01??(?)","	4","	2026-07-28 13:26:39"
"	69BA0CDE","	Chamber1","	1","	B01??(%RH)","	80.3","	2026-07-28 13:26:37"
"	69BA0CDE","	Chamber1","	1","	B01??(?)","	4","	2026-07-28 13:26:37"
"	69BA0CDE","	Chamber1","	1","	B01??(%RH)","	80.3","	2026-07-28 13:26:35"
"	69BA0CDE","	Chamber1","	1","	B01??(?)","	4","	2026-07-28 13:26:35"
"	69BA0CDE","	Chamber1","	1","	B01??(%RH)","	80.3","	2026-07-28 13:26:33"
"	69BA0CDE","	Chamber1","	1","	B01??(?)","	4","	2026-07-28 13:26:33"
"	69BA0CDE","	Chamber1","	1","	B01??(%RH)","	80.2","	2026-07-28 13:26:31"
"	69BA0CDE","	Chamber1","	1","	B01??(?)","	4","	2026-07-28 13:26:31"
"	69BA0CDE","	Chamber1","	1","	B01??(%RH)","	80.3","	2026-07-28 13:26:29"
"	69BA0CDE","	Chamber1","	1","	B01??(?)","	4","	2026-07-28 13:26:29"
"	69BA0CDE","	Chamber1","	1","	B01??(%RH)","	80.3","	2026-07-28 13:26:27"
"	69BA0CDE","	Chamber1","	1","	B01??(?)","	4","	2026-07-28 13:26:27"
"	69BA0CDE","	Chamber1","	1","	B01??(%RH)","	80.2","	2026-07-28 13:26:25"
"	69BA0CDE","	Chamber1","	1","	B01??(?)","	4","	2026-07-28 13:26:25"
"	69BA0CDE","	Chamber1","	1","	B01??(%RH)","	80.2","	2026-07-28 13:26:23"
"	69BA0CDE","	Chamber1","	1","	B01??(?)","	4","	2026-07-28 13:26:23"
"	69BA0CDE","	Chamber1","	1","	B01??(%RH)","	80.3","	2026-07-28 13:26:21"
"	69BA0CDE","	Chamber1","	1","	B01??(?)","	4","	2026-07-28 13:26:21"
"	69BA0CDE","	Chamber1","	1","	B01??(%RH)","	80.3","	2026-07-28 13:26:19"
"	69BA0CDE","	Chamber1","	1","	B01??(?)","	4","	2026-07-28 13:26:19"
"	69BA0CDE","	Chamber1","	1","	B01??(%RH)","	80.2","	2026-07-28 13:26:17"
"	69BA0CDE","	Chamber1","	1","	B01??(?)","	4","	2026-07-28 13:26:17"
"	69BA0CDE","	Chamber1","	1","	B01??(%RH)","	80.3","	2026-07-28 13:26:15"
"	69BA0CDE","	Chamber1","	1","	B01??(?)","	4","	2026-07-28 13:26:15"
"	69BA0CDE","	Chamber1","	1","	B01??(%RH)","	80.2","	2026-07-28 13:26:13"
"	69BA0CDE","	Chamber1","	1","	B01??(?)","	4","	2026-07-28 13:26:13"
"	69BA0CDE","	Chamber1","	1","	B01??(%RH)","	80.2","	2026-07-28 13:26:11"
"	69BA0CDE","	Chamber1","	1","	B01??(?)","	4","	2026-07-28 13:26:11"
"	69BA0CDE","	Chamber1","	1","	B01??(%RH)","	80.2","	2026-07-28 13:26:09"
"	69BA0CDE","	Chamber1","	1","	B01??(?)","	4","	2026-07-28 13:26:09"
"	69BA0CDE","	Chamber1","	1","	B01??(%RH)","	80.2","	2026-07-28 13:26:07"
"	69BA0CDE","	Chamber1","	1","	B01??(?)","	4","	2026-07-28 13:26:07"
"	69BA0CDE","	Chamber1","	1","	B01??(%RH)","	80.2","	2026-07-28 13:26:05"
"	69BA0CDE","	Chamber1","	1","	B01??(?)","	4","	2026-07-28 13:26:05"
"	69BA0CDE","	Chamber1","	1","	B01??(%RH)","	80.2","	2026-07-28 13:26:03"
"	69BA0CDE","	Chamber1","	1","	B01??(?)","	4","	2026-07-28 13:26:03"
"	69BA0CDE","	Chamber1","	1","	B01??(%RH)","	80.3","	2026-07-28 13:26:00"
"	69BA0CDE","	Chamber1","	1","	B01??(?)","	4","	2026-07-28 13:26:00"
"	69BA0CDE","	Chamber1","	1","	B01??(%RH)","	80.2","	2026-07-28 13:25:58"
"	69BA0CDE","	Chamber1","	1","	B01??(?)","	4","	2026-07-28 13:25:58"
"	69BA0CDE","	Chamber1","	1","	B01??(%RH)","	80.2","	2026-07-28 13:25:56"
"	69BA0CDE","	Chamber1","	1","	B01??(?)","	4","	2026-07-28 13:25:56"
"	69BA0CDE","	Chamber1","	1","	B01??(%RH)","	80.2","	2026-07-28 13:25:54"
"	69BA0CDE","	Chamber1","	1","	B01??(?)","	4","	2026-07-28 13:25:54"
"	69BA0CDE","	Chamber1","	1","	B01??(%RH)","	80.2","	2026-07-28 13:25:52"
"	69BA0CDE","	Chamber1","	1","	B01??(?)","	4","	2026-07-28 13:25:52"
"	69BA0CDE","	Chamber1","	1","	B01??(%RH)","	80.2","	2026-07-28 13:25:50"
"	69BA0CDE","	Chamber1","	1","	B01??(?)","	4","	2026-07-28 13:25:50"
"	69BA0CDE","	Chamber1","	1","	B01??(%RH)","	80.3","	2026-07-28 13:25:48"
"	69BA0CDE","	Chamber1","	1","	B01??(?)","	4","	2026-07-28 13:25:48"
"	69BA0CDE","	Chamber1","	1","	B01??(%RH)","	80.2","	2026-07-28 13:25:46"
"	69BA0CDE","	Chamber1","	1","	B01??(?)","	4","	2026-07-28 13:25:46"
"	69BA0CDE","	Chamber1","	1","	B01??(%RH)","	80.2","	2026-07-28 13:25:44"
"	69BA0CDE","	Chamber1","	1","	B01??(?)","	4","	2026-07-28 13:25:44"
"	69BA0CDE","	Chamber1","	1","	B01??(%RH)","	80.2","	2026-07-28 13:25:42"
"	69BA0CDE","	Chamber1","	1","	B01??(?)","	4","	2026-07-28 13:25:42"
"	69BA0CDE","	Chamber1","	1","	B01??(%RH)","	80.2","	2026-07-28 13:25:40"
"	69BA0CDE","	Chamber1","	1","	B01??(?)","	4","	2026-07-28 13:25:40"
"	69BA0CDE","	Chamber1","	1","	B01??(%RH)","	80.2","	2026-07-28 13:25:38"
"	69BA0CDE","	Chamber1","	1","	B01??(?)","	4","	2026-07-28 13:25:38"
"	69BA0CDE","	Chamber1","	1","	B01??(%RH)","	80.2","	2026-07-28 13:25:36"
"	69BA0CDE","	Chamber1","	1","	B01??(?)","	4","	2026-07-28 13:25:36"
"	69BA0CDE","	Chamber1","	1","	B01??(%RH)","	80.2","	2026-07-28 13:25:34"
"	69BA0CDE","	Chamber1","	1","	B01??(?)","	4","	2026-07-28 13:25:34"
"	69BA0CDE","	Chamber1","	1","	B01??(%RH)","	80.2","	2026-07-28 13:25:32"
"	69BA0CDE","	Chamber1","	1","	B01??(?)","	4","	2026-07-28 13:25:32"
"	69BA0CDE","	Chamber1","	1","	B01??(%RH)","	80.2","	2026-07-28 13:25:30"
"	69BA0CDE","	Chamber1","	1","	B01??(?)","	4","	2026-07-28 13:25:30"
"	69BA0CDE","	Chamber1","	1","	B01??(%RH)","	80.2","	2026-07-28 13:25:28"
"	69BA0CDE","	Chamber1","	1","	B01??(?)","	4","	2026-07-28 13:25:28"
"	69BA0CDE","	Chamber1","	1","	B01??(%RH)","	80.2","	2026-07-28 13:25:26"
"	69BA0CDE","	Chamber1","	1","	B01??(?)","	4","	2026-07-28 13:25:26"
"	69BA0CDE","	Chamber1","	1","	B01??(%RH)","	80.2","	2026-07-28 13:25:24"
"	69BA0CDE","	Chamber1","	1","	B01??(?)","	4","	2026-07-28 13:25:24"
"	69BA0CDE","	Chamber1","	1","	B01??(%RH)","	80.2","	2026-07-28 13:25:22"
"	69BA0CDE","	Chamber1","	1","	B01??(?)","	4","	2026-07-28 13:25:22"
"	69BA0CDE","	Chamber1","	1","	B01??(%RH)","	80.2","	2026-07-28 13:25:20"
"	69BA0CDE","	Chamber1","	1","	B01??(?)","	4","	2026-07-28 13:25:20"
"	69BA0CDE","	Chamber1","	1","	B01??(%RH)","	80.2","	2026-07-28 13:25:18"
"	69BA0CDE","	Chamber1","	1","	B01??(?)","	4","	2026-07-28 13:25:18"
"	69BA0CDE","	Chamber1","	1","	B01??(%RH)","	80.2","	2026-07-28 13:25:15"
"	69BA0CDE","	Chamber1","	1","	B01??(?)","	4","	2026-07-28 13:25:15"
"	69BA0CDE","	Chamber1","	1","	B01??(?)","	4","	2026-07-28 13:25:13"
"	69BA0CDE","	Chamber1","	1","	B01??(%RH)","	80.2","	2026-07-28 13:25:13"
"	69BA0CDE","	Chamber1","	1","	B01??(%RH)","	80.2","	2026-07-28 13:25:11"
"	69BA0CDE","	Chamber1","	1","	B01??(?)","	4","	2026-07-28 13:25:11"
"	69BA0CDE","	Chamber1","	1","	B01??(%RH)","	80.2","	2026-07-28 13:25:09"
"	69BA0CDE","	Chamber1","	1","	B01??(?)","	4","	2026-07-28 13:25:09"
"	69BA0CDE","	Chamber1","	1","	B01??(%RH)","	80.2","	2026-07-28 13:25:07"
"	69BA0CDE","	Chamber1","	1","	B01??(?)","	4","	2026-07-28 13:25:07"
"	69BA0CDE","	Chamber1","	1","	B01??(%RH)","	80.2","	2026-07-28 13:25:05"
"	69BA0CDE","	Chamber1","	1","	B01??(?)","	4","	2026-07-28 13:25:05"
"	69BA0CDE","	Chamber1","	1","	B01??(%RH)","	80.2","	2026-07-28 13:25:03"
"	69BA0CDE","	Chamber1","	1","	B01??(?)","	4","	2026-07-28 13:25:03"
"	69BA0CDE","	Chamber1","	1","	B01??(%RH)","	80.2","	2026-07-28 13:25:01"
"	69BA0CDE","	Chamber1","	1","	B01??(?)","	4","	2026-07-28 13:25:01"
"	69BA0CDE","	Chamber1","	1","	B01??(%RH)","	80.2","	2026-07-28 13:24:59"
"	69BA0CDE","	Chamber1","	1","	B01??(?)","	4","	2026-07-28 13:24:59"
"	69BA0CDE","	Chamber1","	1","	B01??(%RH)","	80.2","	2026-07-28 13:24:57"
"	69BA0CDE","	Chamber1","	1","	B01??(?)","	4","	2026-07-28 13:24:57"
"	69BA0CDE","	Chamber1","	1","	B01??(%RH)","	80.2","	2026-07-28 13:24:55"
"	69BA0CDE","	Chamber1","	1","	B01??(?)","	4","	2026-07-28 13:24:55"
"	69BA0CDE","	Chamber1","	1","	B01??(%RH)","	80.2","	2026-07-28 13:24:53"
"	69BA0CDE","	Chamber1","	1","	B01??(?)","	4","	2026-07-28 13:24:53"
"	69BA0CDE","	Chamber1","	1","	B01??(%RH)","	80.2","	2026-07-28 13:24:51"
"	69BA0CDE","	Chamber1","	1","	B01??(?)","	4","	2026-07-28 13:24:51"
"	69BA0CDE","	Chamber1","	1","	B01??(%RH)","	80.2","	2026-07-28 13:24:49"
"	69BA0CDE","	Chamber1","	1","	B01??(?)","	4","	2026-07-28 13:24:49"
"	69BA0CDE","	Chamber1","	1","	B01??(%RH)","	80.2","	2026-07-28 13:24:47"
"	69BA0CDE","	Chamber1","	1","	B01??(?)","	4","	2026-07-28 13:24:47"
"	69BA0CDE","	Chamber1","	1","	B01??(%RH)","	80.2","	2026-07-28 13:24:45"
"	69BA0CDE","	Chamber1","	1","	B01??(?)","	4","	2026-07-28 13:24:45"
"	69BA0CDE","	Chamber1","	1","	B01??(%RH)","	80.2","	2026-07-28 13:24:43"
"	69BA0CDE","	Chamber1","	1","	B01??(?)","	4","	2026-07-28 13:24:43"
"	69BA0CDE","	Chamber1","	1","	B01??(%RH)","	80.2","	2026-07-28 13:24:41"
"	69BA0CDE","	Chamber1","	1","	B01??(?)","	4","	2026-07-28 13:24:41"
"	69BA0CDE","	Chamber1","	1","	B01??(%RH)","	80.2","	2026-07-28 13:24:39"
"	69BA0CDE","	Chamber1","	1","	B01??(?)","	4","	2026-07-28 13:24:39"
"	69BA0CDE","	Chamber1","	1","	B01??(%RH)","	80.2","	2026-07-28 13:24:37"
"	69BA0CDE","	Chamber1","	1","	B01??(?)","	4","	2026-07-28 13:24:37"
"	69BA0CDE","	Chamber1","	1","	B01??(%RH)","	80.2","	2026-07-28 13:24:34"
"	69BA0CDE","	Chamber1","	1","	B01??(?)","	4","	2026-07-28 13:24:34"
"	69BA0CDE","	Chamber1","	1","	B01??(%RH)","	80.2","	2026-07-28 13:24:32"
"	69BA0CDE","	Chamber1","	1","	B01??(?)","	4","	2026-07-28 13:24:32"
"	69BA0CDE","	Chamber1","	1","	B01??(%RH)","	80.2","	2026-07-28 13:24:30"
"	69BA0CDE","	Chamber1","	1","	B01??(?)","	4","	2026-07-28 13:24:30"
"	69BA0CDE","	Chamber1","	1","	B01??(%RH)","	80.2","	2026-07-28 13:24:28"
"	69BA0CDE","	Chamber1","	1","	B01??(?)","	4","	2026-07-28 13:24:28"
"	69BA0CDE","	Chamber1","	1","	B01??(%RH)","	80.2","	2026-07-28 13:24:26"
"	69BA0CDE","	Chamber1","	1","	B01??(?)","	4","	2026-07-28 13:24:26"
"	69BA0CDE","	Chamber1","	1","	B01??(%RH)","	80.2","	2026-07-28 13:24:24"
"	69BA0CDE","	Chamber1","	1","	B01??(?)","	4","	2026-07-28 13:24:24"
"	69BA0CDE","	Chamber1","	1","	B01??(%RH)","	80.2","	2026-07-28 13:24:22"
"	69BA0CDE","	Chamber1","	1","	B01??(?)","	4","	2026-07-28 13:24:22"
"	69BA0CDE","	Chamber1","	1","	B01??(%RH)","	80.2","	2026-07-28 13:24:20"
"	69BA0CDE","	Chamber1","	1","	B01??(?)","	4","	2026-07-28 13:24:20"
"	69BA0CDE","	Chamber1","	1","	B01??(%RH)","	80.2","	2026-07-28 13:24:18"
"	69BA0CDE","	Chamber1","	1","	B01??(?)","	4","	2026-07-28 13:24:18"
"	69BA0CDE","	Chamber1","	1","	B01??(%RH)","	80.2","	2026-07-28 13:24:16"
"	69BA0CDE","	Chamber1","	1","	B01??(?)","	4","	2026-07-28 13:24:16"
"	69BA0CDE","	Chamber1","	1","	B01??(%RH)","	80.2","	2026-07-28 13:24:14"
"	69BA0CDE","	Chamber1","	1","	B01??(?)","	4","	2026-07-28 13:24:14"
"	69BA0CDE","	Chamber1","	1","	B01??(%RH)","	80.2","	2026-07-28 13:24:12"
"	69BA0CDE","	Chamber1","	1","	B01??(?)","	4","	2026-07-28 13:24:12"
"	69BA0CDE","	Chamber1","	1","	B01??(%RH)","	80.2","	2026-07-28 13:24:10"
"	69BA0CDE","	Chamber1","	1","	B01??(?)","	4","	2026-07-28 13:24:10"
"	69BA0CDE","	Chamber1","	1","	B01??(%RH)","	80.2","	2026-07-28 13:24:08"
"	69BA0CDE","	Chamber1","	1","	B01??(?)","	4","	2026-07-28 13:24:08"
"	69BA0CDE","	Chamber1","	1","	B01??(%RH)","	80.2","	2026-07-28 13:24:06"
"	69BA0CDE","	Chamber1","	1","	B01??(?)","	4","	2026-07-28 13:24:06"
"	69BA0CDE","	Chamber1","	1","	B01??(%RH)","	80.2","	2026-07-28 13:24:04"
"	69BA0CDE","	Chamber1","	1","	B01??(?)","	4","	2026-07-28 13:24:04"
"	69BA0CDE","	Chamber1","	1","	B01??(%RH)","	80.2","	2026-07-28 13:24:02"
"	69BA0CDE","	Chamber1","	1","	B01??(?)","	4","	2026-07-28 13:24:02"
"	69BA0CDE","	Chamber1","	1","	B01??(%RH)","	80.2","	2026-07-28 13:24:00"
"	69BA0CDE","	Chamber1","	1","	B01??(?)","	4","	2026-07-28 13:24:00"
"	69BA0CDE","	Chamber1","	1","	B01??(%RH)","	80.2","	2026-07-28 13:23:58"
"	69BA0CDE","	Chamber1","	1","	B01??(?)","	4","	2026-07-28 13:23:58"
"	69BA0CDE","	Chamber1","	1","	B01??(%RH)","	80.2","	2026-07-28 13:23:56"
"	69BA0CDE","	Chamber1","	1","	B01??(?)","	4","	2026-07-28 13:23:56"
"	69BA0CDE","	Chamber1","	1","	B01??(%RH)","	80.2","	2026-07-28 13:23:54"
"	69BA0CDE","	Chamber1","	1","	B01??(?)","	4","	2026-07-28 13:23:54"
"	69BA0CDE","	Chamber1","	1","	B01??(%RH)","	80.2","	2026-07-28 13:23:52"
"	69BA0CDE","	Chamber1","	1","	B01??(?)","	4","	2026-07-28 13:23:52"
"	69BA0CDE","	Chamber1","	1","	B01??(%RH)","	80.2","	2026-07-28 13:23:49"
"	69BA0CDE","	Chamber1","	1","	B01??(?)","	4","	2026-07-28 13:23:49"
"	69BA0CDE","	Chamber1","	1","	B01??(%RH)","	80.2","	2026-07-28 13:23:47"
"	69BA0CDE","	Chamber1","	1","	B01??(?)","	4","	2026-07-28 13:23:47"
"	69BA0CDE","	Chamber1","	1","	B01??(%RH)","	80.2","	2026-07-28 13:23:45"
"	69BA0CDE","	Chamber1","	1","	B01??(?)","	4","	2026-07-28 13:23:45"
"	69BA0CDE","	Chamber1","	1","	B01??(%RH)","	80.2","	2026-07-28 13:23:43"
"	69BA0CDE","	Chamber1","	1","	B01??(?)","	4","	2026-07-28 13:23:43"
"	69BA0CDE","	Chamber1","	1","	B01??(%RH)","	80.2","	2026-07-28 13:23:41"
"	69BA0CDE","	Chamber1","	1","	B01??(?)","	4","	2026-07-28 13:23:41"
"	69BA0CDE","	Chamber1","	1","	B01??(%RH)","	80.2","	2026-07-28 13:23:39"
"	69BA0CDE","	Chamber1","	1","	B01??(?)","	4","	2026-07-28 13:23:39"
"	69BA0CDE","	Chamber1","	1","	B01??(%RH)","	80.2","	2026-07-28 13:23:37"
"	69BA0CDE","	Chamber1","	1","	B01??(?)","	4","	2026-07-28 13:23:37"
"	69BA0CDE","	Chamber1","	1","	B01??(%RH)","	80.1","	2026-07-28 13:23:35"
"	69BA0CDE","	Chamber1","	1","	B01??(?)","	4","	2026-07-28 13:23:35"
"	69BA0CDE","	Chamber1","	1","	B01??(%RH)","	80.2","	2026-07-28 13:23:33"
"	69BA0CDE","	Chamber1","	1","	B01??(?)","	4","	2026-07-28 13:23:33"
"	69BA0CDE","	Chamber1","	1","	B01??(%RH)","	80.2","	2026-07-28 13:23:31"
"	69BA0CDE","	Chamber1","	1","	B01??(?)","	4","	2026-07-28 13:23:31"
"	69BA0CDE","	Chamber1","	1","	B01??(%RH)","	80.2","	2026-07-28 13:23:29"
"	69BA0CDE","	Chamber1","	1","	B01??(?)","	4","	2026-07-28 13:23:29"
"	69BA0CDE","	Chamber1","	1","	B01??(%RH)","	80.2","	2026-07-28 13:23:27"
"	69BA0CDE","	Chamber1","	1","	B01??(?)","	4","	2026-07-28 13:23:27"
"	69BA0CDE","	Chamber1","	1","	B01??(%RH)","	80.1","	2026-07-28 13:23:25"
"	69BA0CDE","	Chamber1","	1","	B01??(?)","	4","	2026-07-28 13:23:25"
"	69BA0CDE","	Chamber1","	1","	B01??(%RH)","	80.2","	2026-07-28 13:23:23"
"	69BA0CDE","	Chamber1","	1","	B01??(?)","	4","	2026-07-28 13:23:23"
"	69BA0CDE","	Chamber1","	1","	B01??(%RH)","	80.1","	2026-07-28 13:23:21"
"	69BA0CDE","	Chamber1","	1","	B01??(?)","	4","	2026-07-28 13:23:21"
"	69BA0CDE","	Chamber1","	1","	B01??(%RH)","	80.1","	2026-07-28 13:23:19"
"	69BA0CDE","	Chamber1","	1","	B01??(?)","	4","	2026-07-28 13:23:19"
"	69BA0CDE","	Chamber1","	1","	B01??(%RH)","	80.1","	2026-07-28 13:23:17"
"	69BA0CDE","	Chamber1","	1","	B01??(?)","	4","	2026-07-28 13:23:17"
"	69BA0CDE","	Chamber1","	1","	B01??(%RH)","	80.2","	2026-07-28 13:23:15"
"	69BA0CDE","	Chamber1","	1","	B01??(?)","	4","	2026-07-28 13:23:15"
"	69BA0CDE","	Chamber1","	1","	B01??(%RH)","	80.1","	2026-07-28 13:23:13"
"	69BA0CDE","	Chamber1","	1","	B01??(?)","	4","	2026-07-28 13:23:13"
"	69BA0CDE","	Chamber1","	1","	B01??(%RH)","	80.1","	2026-07-28 13:23:11"
"	69BA0CDE","	Chamber1","	1","	B01??(?)","	4","	2026-07-28 13:23:11"
"	69BA0CDE","	Chamber1","	1","	B01??(%RH)","	80.1","	2026-07-28 13:23:09"
"	69BA0CDE","	Chamber1","	1","	B01??(?)","	4","	2026-07-28 13:23:09"
"	69BA0CDE","	Chamber1","	1","	B01??(%RH)","	80.1","	2026-07-28 13:23:07"
"	69BA0CDE","	Chamber1","	1","	B01??(?)","	4","	2026-07-28 13:23:07"
"	69BA0CDE","	Chamber1","	1","	B01??(%RH)","	80.1","	2026-07-28 13:23:04"
"	69BA0CDE","	Chamber1","	1","	B01??(?)","	4","	2026-07-28 13:23:04"
"	69BA0CDE","	Chamber1","	1","	B01??(%RH)","	80.1","	2026-07-28 13:23:02"
"	69BA0CDE","	Chamber1","	1","	B01??(?)","	4","	2026-07-28 13:23:02"
"	69BA0CDE","	Chamber1","	1","	B01??(%RH)","	80.1","	2026-07-28 13:23:00"
"	69BA0CDE","	Chamber1","	1","	B01??(?)","	4","	2026-07-28 13:23:00"
"	69BA0CDE","	Chamber1","	1","	B01??(%RH)","	80.1","	2026-07-28 13:22:58"
"	69BA0CDE","	Chamber1","	1","	B01??(?)","	4","	2026-07-28 13:22:58"
"	69BA0CDE","	Chamber1","	1","	B01??(%RH)","	80.2","	2026-07-28 13:22:56"
"	69BA0CDE","	Chamber1","	1","	B01??(?)","	4","	2026-07-28 13:22:56"
"	69BA0CDE","	Chamber1","	1","	B01??(%RH)","	80.1","	2026-07-28 13:22:54"
"	69BA0CDE","	Chamber1","	1","	B01??(?)","	4","	2026-07-28 13:22:54"
"	69BA0CDE","	Chamber1","	1","	B01??(%RH)","	80.1","	2026-07-28 13:22:52"
"	69BA0CDE","	Chamber1","	1","	B01??(?)","	4","	2026-07-28 13:22:52"
"	69BA0CDE","	Chamber1","	1","	B01??(%RH)","	80.1","	2026-07-28 13:22:50"
"	69BA0CDE","	Chamber1","	1","	B01??(?)","	4","	2026-07-28 13:22:50"
"	69BA0CDE","	Chamber1","	1","	B01??(%RH)","	80.1","	2026-07-28 13:22:48"
"	69BA0CDE","	Chamber1","	1","	B01??(?)","	4","	2026-07-28 13:22:48"
"	69BA0CDE","	Chamber1","	1","	B01??(%RH)","	80.1","	2026-07-28 13:22:46"
"	69BA0CDE","	Chamber1","	1","	B01??(?)","	4","	2026-07-28 13:22:46"
"	69BA0CDE","	Chamber1","	1","	B01??(%RH)","	80.1","	2026-07-28 13:22:44"
"	69BA0CDE","	Chamber1","	1","	B01??(?)","	4","	2026-07-28 13:22:44"
"	69BA0CDE","	Chamber1","	1","	B01??(%RH)","	80.1","	2026-07-28 13:22:42"
"	69BA0CDE","	Chamber1","	1","	B01??(?)","	4","	2026-07-28 13:22:42"
"	69BA0CDE","	Chamber1","	1","	B01??(%RH)","	80.1","	2026-07-28 13:22:40"
"	69BA0CDE","	Chamber1","	1","	B01??(?)","	4","	2026-07-28 13:22:40"
"	69BA0CDE","	Chamber1","	1","	B01??(%RH)","	80.1","	2026-07-28 13:22:38"
"	69BA0CDE","	Chamber1","	1","	B01??(?)","	4","	2026-07-28 13:22:38"
"	69BA0CDE","	Chamber1","	1","	B01??(%RH)","	80.1","	2026-07-28 13:22:36"
"	69BA0CDE","	Chamber1","	1","	B01??(?)","	4","	2026-07-28 13:22:36"
"	69BA0CDE","	Chamber1","	1","	B01??(%RH)","	80.1","	2026-07-28 13:22:34"
"	69BA0CDE","	Chamber1","	1","	B01??(?)","	4","	2026-07-28 13:22:34"
"	69BA0CDE","	Chamber1","	1","	B01??(%RH)","	80.1","	2026-07-28 13:22:32"
"	69BA0CDE","	Chamber1","	1","	B01??(?)","	4","	2026-07-28 13:22:32"
"	69BA0CDE","	Chamber1","	1","	B01??(%RH)","	80.1","	2026-07-28 13:22:30"
"	69BA0CDE","	Chamber1","	1","	B01??(?)","	4","	2026-07-28 13:22:30"
"	69BA0CDE","	Chamber1","	1","	B01??(%RH)","	80.1","	2026-07-28 13:22:28"
"	69BA0CDE","	Chamber1","	1","	B01??(?)","	4","	2026-07-28 13:22:28"
"	69BA0CDE","	Chamber1","	1","	B01??(%RH)","	80.1","	2026-07-28 13:22:26"
"	69BA0CDE","	Chamber1","	1","	B01??(?)","	4","	2026-07-28 13:22:26"
"	69BA0CDE","	Chamber1","	1","	B01??(%RH)","	80.1","	2026-07-28 13:22:24"
"	69BA0CDE","	Chamber1","	1","	B01??(?)","	4","	2026-07-28 13:22:24"
"	69BA0CDE","	Chamber1","	1","	B01??(%RH)","	80.1","	2026-07-28 13:22:21"
"	69BA0CDE","	Chamber1","	1","	B01??(?)","	4","	2026-07-28 13:22:21"
"	69BA0CDE","	Chamber1","	1","	B01??(%RH)","	80.1","	2026-07-28 13:22:19"
"	69BA0CDE","	Chamber1","	1","	B01??(?)","	4","	2026-07-28 13:22:19"
"	69BA0CDE","	Chamber1","	1","	B01??(%RH)","	80.1","	2026-07-28 13:22:17"
"	69BA0CDE","	Chamber1","	1","	B01??(?)","	4","	2026-07-28 13:22:17"
"	69BA0CDE","	Chamber1","	1","	B01??(%RH)","	80.1","	2026-07-28 13:22:15"
"	69BA0CDE","	Chamber1","	1","	B01??(?)","	4","	2026-07-28 13:22:15"
"	69BA0CDE","	Chamber1","	1","	B01??(%RH)","	80.1","	2026-07-28 13:22:13"
"	69BA0CDE","	Chamber1","	1","	B01??(?)","	4","	2026-07-28 13:22:13"
"	69BA0CDE","	Chamber1","	1","	B01??(%RH)","	80.1","	2026-07-28 13:22:11"
"	69BA0CDE","	Chamber1","	1","	B01??(?)","	4","	2026-07-28 13:22:11"
"	69BA0CDE","	Chamber1","	1","	B01??(%RH)","	80.1","	2026-07-28 13:22:09"
"	69BA0CDE","	Chamber1","	1","	B01??(?)","	4","	2026-07-28 13:22:09"
"	69BA0CDE","	Chamber1","	1","	B01??(%RH)","	80.1","	2026-07-28 13:22:07"
"	69BA0CDE","	Chamber1","	1","	B01??(?)","	4","	2026-07-28 13:22:07"
"	69BA0CDE","	Chamber1","	1","	B01??(%RH)","	80.1","	2026-07-28 13:22:05"
"	69BA0CDE","	Chamber1","	1","	B01??(?)","	4","	2026-07-28 13:22:05"
"	69BA0CDE","	Chamber1","	1","	B01??(%RH)","	80.1","	2026-07-28 13:22:03"
"	69BA0CDE","	Chamber1","	1","	B01??(?)","	4","	2026-07-28 13:22:03"
"	69BA0CDE","	Chamber1","	1","	B01??(%RH)","	80.1","	2026-07-28 13:22:01"
"	69BA0CDE","	Chamber1","	1","	B01??(?)","	4","	2026-07-28 13:22:01"
"	69BA0CDE","	Chamber1","	1","	B01??(%RH)","	80.1","	2026-07-28 13:21:59"
"	69BA0CDE","	Chamber1","	1","	B01??(?)","	4","	2026-07-28 13:21:59"
"	69BA0CDE","	Chamber1","	1","	B01??(%RH)","	80.1","	2026-07-28 13:21:57"
"	69BA0CDE","	Chamber1","	1","	B01??(?)","	4","	2026-07-28 13:21:57"
"	69BA0CDE","	Chamber1","	1","	B01??(%RH)","	80.1","	2026-07-28 13:21:55"
"	69BA0CDE","	Chamber1","	1","	B01??(?)","	4","	2026-07-28 13:21:55"
"	69BA0CDE","	Chamber1","	1","	B01??(%RH)","	80.1","	2026-07-28 13:21:53"
"	69BA0CDE","	Chamber1","	1","	B01??(?)","	4","	2026-07-28 13:21:53"
"	69BA0CDE","	Chamber1","	1","	B01??(%RH)","	80.1","	2026-07-28 13:21:51"
"	69BA0CDE","	Chamber1","	1","	B01??(?)","	4","	2026-07-28 13:21:51"
"	69BA0CDE","	Chamber1","	1","	B01??(%RH)","	80.1","	2026-07-28 13:21:49"
"	69BA0CDE","	Chamber1","	1","	B01??(?)","	4","	2026-07-28 13:21:49"
"	69BA0CDE","	Chamber1","	1","	B01??(%RH)","	80.1","	2026-07-28 13:21:47"
"	69BA0CDE","	Chamber1","	1","	B01??(?)","	4","	2026-07-28 13:21:47"
"	69BA0CDE","	Chamber1","	1","	B01??(%RH)","	80.1","	2026-07-28 13:21:45"
"	69BA0CDE","	Chamber1","	1","	B01??(?)","	4","	2026-07-28 13:21:45"
"	69BA0CDE","	Chamber1","	1","	B01??(%RH)","	80.1","	2026-07-28 13:21:43"
"	69BA0CDE","	Chamber1","	1","	B01??(?)","	4","	2026-07-28 13:21:43"
"	69BA0CDE","	Chamber1","	1","	B01??(%RH)","	80.1","	2026-07-28 13:21:41"
"	69BA0CDE","	Chamber1","	1","	B01??(?)","	4","	2026-07-28 13:21:41"
"	69BA0CDE","	Chamber1","	1","	B01??(%RH)","	80.1","	2026-07-28 13:21:38"
"	69BA0CDE","	Chamber1","	1","	B01??(?)","	4","	2026-07-28 13:21:38"
"	69BA0CDE","	Chamber1","	1","	B01??(%RH)","	80.1","	2026-07-28 13:21:36"
"	69BA0CDE","	Chamber1","	1","	B01??(?)","	4","	2026-07-28 13:21:36"
"	69BA0CDE","	Chamber1","	1","	B01??(%RH)","	80.1","	2026-07-28 13:21:34"
"	69BA0CDE","	Chamber1","	1","	B01??(?)","	4","	2026-07-28 13:21:34"
"	69BA0CDE","	Chamber1","	1","	B01??(%RH)","	80.1","	2026-07-28 13:21:32"
"	69BA0CDE","	Chamber1","	1","	B01??(?)","	4","	2026-07-28 13:21:32"
"	69BA0CDE","	Chamber1","	1","	B01??(%RH)","	80.1","	2026-07-28 13:21:30"
"	69BA0CDE","	Chamber1","	1","	B01??(?)","	4","	2026-07-28 13:21:30"
"	69BA0CDE","	Chamber1","	1","	B01??(%RH)","	80","	2026-07-28 13:21:28"
"	69BA0CDE","	Chamber1","	1","	B01??(?)","	4","	2026-07-28 13:21:28"
"	69BA0CDE","	Chamber1","	1","	B01??(%RH)","	80.1","	2026-07-28 13:21:26"
"	69BA0CDE","	Chamber1","	1","	B01??(?)","	4","	2026-07-28 13:21:26"
"	69BA0CDE","	Chamber1","	1","	B01??(%RH)","	80.1","	2026-07-28 13:21:24"
"	69BA0CDE","	Chamber1","	1","	B01??(?)","	4","	2026-07-28 13:21:24"
"	69BA0CDE","	Chamber1","	1","	B01??(%RH)","	80","	2026-07-28 13:21:22"
"	69BA0CDE","	Chamber1","	1","	B01??(?)","	4","	2026-07-28 13:21:22"
"	69BA0CDE","	Chamber1","	1","	B01??(%RH)","	80.1","	2026-07-28 13:21:20"
"	69BA0CDE","	Chamber1","	1","	B01??(?)","	4","	2026-07-28 13:21:20"
"	69BA0CDE","	Chamber1","	1","	B01??(%RH)","	80.1","	2026-07-28 13:21:18"
"	69BA0CDE","	Chamber1","	1","	B01??(?)","	4","	2026-07-28 13:21:18"
"	69BA0CDE","	Chamber1","	1","	B01??(%RH)","	80.1","	2026-07-28 13:21:16"
"	69BA0CDE","	Chamber1","	1","	B01??(?)","	4","	2026-07-28 13:21:16"
"	69BA0CDE","	Chamber1","	1","	B01??(%RH)","	80.1","	2026-07-28 13:21:14"
"	69BA0CDE","	Chamber1","	1","	B01??(?)","	4","	2026-07-28 13:21:14"
"	69BA0CDE","	Chamber1","	1","	B01??(%RH)","	80.1","	2026-07-28 13:21:12"
"	69BA0CDE","	Chamber1","	1","	B01??(?)","	4","	2026-07-28 13:21:12"
"	69BA0CDE","	Chamber1","	1","	B01??(%RH)","	80.1","	2026-07-28 13:21:10"
"	69BA0CDE","	Chamber1","	1","	B01??(?)","	4","	2026-07-28 13:21:10"
"	69BA0CDE","	Chamber1","	1","	B01??(%RH)","	80","	2026-07-28 13:21:08"
"	69BA0CDE","	Chamber1","	1","	B01??(?)","	4","	2026-07-28 13:21:08"
"	69BA0CDE","	Chamber1","	1","	B01??(%RH)","	80.1","	2026-07-28 13:21:06"
"	69BA0CDE","	Chamber1","	1","	B01??(?)","	4","	2026-07-28 13:21:06"
"	69BA0CDE","	Chamber1","	1","	B01??(%RH)","	80","	2026-07-28 13:21:04"
"	69BA0CDE","	Chamber1","	1","	B01??(?)","	4","	2026-07-28 13:21:04"
"	69BA0CDE","	Chamber1","	1","	B01??(%RH)","	80.1","	2026-07-28 13:21:02"
"	69BA0CDE","	Chamber1","	1","	B01??(?)","	4","	2026-07-28 13:21:02"
"	69BA0CDE","	Chamber1","	1","	B01??(%RH)","	80","	2026-07-28 13:21:00"
"	69BA0CDE","	Chamber1","	1","	B01??(?)","	4","	2026-07-28 13:21:00"
"	69BA0CDE","	Chamber1","	1","	B01??(%RH)","	80","	2026-07-28 13:20:57"
"	69BA0CDE","	Chamber1","	1","	B01??(?)","	4","	2026-07-28 13:20:57"
"	69BA0CDE","	Chamber1","	1","	B01??(%RH)","	80","	2026-07-28 13:20:55"
"	69BA0CDE","	Chamber1","	1","	B01??(?)","	4","	2026-07-28 13:20:55"
"	69BA0CDE","	Chamber1","	1","	B01??(%RH)","	80","	2026-07-28 13:20:53"
"	69BA0CDE","	Chamber1","	1","	B01??(?)","	4","	2026-07-28 13:20:53"
"	69BA0CDE","	Chamber1","	1","	B01??(%RH)","	80","	2026-07-28 13:20:51"
"	69BA0CDE","	Chamber1","	1","	B01??(?)","	4","	2026-07-28 13:20:51"
"	69BA0CDE","	Chamber1","	1","	B01??(%RH)","	80","	2026-07-28 13:20:49"
"	69BA0CDE","	Chamber1","	1","	B01??(?)","	4","	2026-07-28 13:20:49"
"	69BA0CDE","	Chamber1","	1","	B01??(%RH)","	80.1","	2026-07-28 13:20:47"
"	69BA0CDE","	Chamber1","	1","	B01??(?)","	4","	2026-07-28 13:20:47"
"	69BA0CDE","	Chamber1","	1","	B01??(%RH)","	80","	2026-07-28 13:20:45"
"	69BA0CDE","	Chamber1","	1","	B01??(?)","	4","	2026-07-28 13:20:45"
"	69BA0CDE","	Chamber1","	1","	B01??(%RH)","	80","	2026-07-28 13:20:43"
"	69BA0CDE","	Chamber1","	1","	B01??(?)","	4","	2026-07-28 13:20:43"
"	69BA0CDE","	Chamber1","	1","	B01??(%RH)","	80","	2026-07-28 13:20:41"
"	69BA0CDE","	Chamber1","	1","	B01??(?)","	4","	2026-07-28 13:20:41"
"	69BA0CDE","	Chamber1","	1","	B01??(%RH)","	80","	2026-07-28 13:20:39"
"	69BA0CDE","	Chamber1","	1","	B01??(?)","	4","	2026-07-28 13:20:39"
"	69BA0CDE","	Chamber1","	1","	B01??(%RH)","	80","	2026-07-28 13:20:37"
"	69BA0CDE","	Chamber1","	1","	B01??(?)","	4","	2026-07-28 13:20:37"
"	69BA0CDE","	Chamber1","	1","	B01??(%RH)","	80","	2026-07-28 13:20:35"
"	69BA0CDE","	Chamber1","	1","	B01??(?)","	4","	2026-07-28 13:20:35"
"	69BA0CDE","	Chamber1","	1","	B01??(%RH)","	80","	2026-07-28 13:20:33"
"	69BA0CDE","	Chamber1","	1","	B01??(?)","	4","	2026-07-28 13:20:33"
"	69BA0CDE","	Chamber1","	1","	B01??(%RH)","	80","	2026-07-28 13:20:31"
"	69BA0CDE","	Chamber1","	1","	B01??(?)","	4","	2026-07-28 13:20:31"
"	69BA0CDE","	Chamber1","	1","	B01??(%RH)","	80","	2026-07-28 13:20:29"
"	69BA0CDE","	Chamber1","	1","	B01??(?)","	4","	2026-07-28 13:20:29"
"	69BA0CDE","	Chamber1","	1","	B01??(%RH)","	80","	2026-07-28 13:20:27"
"	69BA0CDE","	Chamber1","	1","	B01??(?)","	4","	2026-07-28 13:20:27"
"	69BA0CDE","	Chamber1","	1","	B01??(%RH)","	80","	2026-07-28 13:20:25"
"	69BA0CDE","	Chamber1","	1","	B01??(?)","	4","	2026-07-28 13:20:25"
"	69BA0CDE","	Chamber1","	1","	B01??(%RH)","	80","	2026-07-28 13:20:23"
"	69BA0CDE","	Chamber1","	1","	B01??(?)","	4","	2026-07-28 13:20:23"
"	69BA0CDE","	Chamber1","	1","	B01??(%RH)","	80","	2026-07-28 13:20:21"
"	69BA0CDE","	Chamber1","	1","	B01??(?)","	4","	2026-07-28 13:20:21"
"	69BA0CDE","	Chamber1","	1","	B01??(%RH)","	80","	2026-07-28 13:20:19"
"	69BA0CDE","	Chamber1","	1","	B01??(?)","	4","	2026-07-28 13:20:19"
"	69BA0CDE","	Chamber1","	1","	B01??(%RH)","	80","	2026-07-28 13:20:17"
"	69BA0CDE","	Chamber1","	1","	B01??(?)","	4","	2026-07-28 13:20:17"
"	69BA0CDE","	Chamber1","	1","	B01??(%RH)","	80","	2026-07-28 13:20:14"
"	69BA0CDE","	Chamber1","	1","	B01??(?)","	4","	2026-07-28 13:20:14"
"	69BA0CDE","	Chamber1","	1","	B01??(%RH)","	80","	2026-07-28 13:20:12"
"	69BA0CDE","	Chamber1","	1","	B01??(?)","	4","	2026-07-28 13:20:12"
"	69BA0CDE","	Chamber1","	1","	B01??(%RH)","	80","	2026-07-28 13:20:10"
"	69BA0CDE","	Chamber1","	1","	B01??(?)","	4","	2026-07-28 13:20:10"
"	69BA0CDE","	Chamber1","	1","	B01??(%RH)","	80","	2026-07-28 13:20:08"
"	69BA0CDE","	Chamber1","	1","	B01??(?)","	4","	2026-07-28 13:20:08"
"	69BA0CDE","	Chamber1","	1","	B01??(%RH)","	80","	2026-07-28 13:20:06"
"	69BA0CDE","	Chamber1","	1","	B01??(?)","	4","	2026-07-28 13:20:06"
"	69BA0CDE","	Chamber1","	1","	B01??(%RH)","	80","	2026-07-28 13:20:04"
"	69BA0CDE","	Chamber1","	1","	B01??(?)","	4","	2026-07-28 13:20:04"
"	69BA0CDE","	Chamber1","	1","	B01??(%RH)","	80","	2026-07-28 13:20:02"
"	69BA0CDE","	Chamber1","	1","	B01??(?)","	4","	2026-07-28 13:20:02"
"	69BA0CDE","	Chamber1","	1","	B01??(%RH)","	80","	2026-07-28 13:20:00"
"	69BA0CDE","	Chamber1","	1","	B01??(?)","	4","	2026-07-28 13:20:00"
"	69BA0CDE","	Chamber1","	1","	B01??(%RH)","	80","	2026-07-28 13:19:58"
"	69BA0CDE","	Chamber1","	1","	B01??(?)","	4","	2026-07-28 13:19:58"
"	69BA0CDE","	Chamber1","	1","	B01??(%RH)","	80","	2026-07-28 13:19:56"
"	69BA0CDE","	Chamber1","	1","	B01??(?)","	4","	2026-07-28 13:19:56"
"	69BA0CDE","	Chamber1","	1","	B01??(%RH)","	80","	2026-07-28 13:19:54"
"	69BA0CDE","	Chamber1","	1","	B01??(?)","	4","	2026-07-28 13:19:54"
"	69BA0CDE","	Chamber1","	1","	B01??(%RH)","	80","	2026-07-28 13:19:52"
"	69BA0CDE","	Chamber1","	1","	B01??(?)","	4","	2026-07-28 13:19:52"
"	69BA0CDE","	Chamber1","	1","	B01??(%RH)","	80","	2026-07-28 13:19:50"
"	69BA0CDE","	Chamber1","	1","	B01??(?)","	4","	2026-07-28 13:19:50"
"	69BA0CDE","	Chamber1","	1","	B01??(%RH)","	80","	2026-07-28 13:19:48"
"	69BA0CDE","	Chamber1","	1","	B01??(?)","	4","	2026-07-28 13:19:48"
"	69BA0CDE","	Chamber1","	1","	B01??(%RH)","	80","	2026-07-28 13:19:46"
"	69BA0CDE","	Chamber1","	1","	B01??(?)","	4","	2026-07-28 13:19:46"
"	69BA0CDE","	Chamber1","	1","	B01??(%RH)","	80","	2026-07-28 13:19:44"
"	69BA0CDE","	Chamber1","	1","	B01??(?)","	4","	2026-07-28 13:19:44"
"	69BA0CDE","	Chamber1","	1","	B01??(%RH)","	80","	2026-07-28 13:19:42"
"	69BA0CDE","	Chamber1","	1","	B01??(?)","	4","	2026-07-28 13:19:42"
"	69BA0CDE","	Chamber1","	1","	B01??(%RH)","	80","	2026-07-28 13:19:40"
"	69BA0CDE","	Chamber1","	1","	B01??(?)","	4","	2026-07-28 13:19:40"
"	69BA0CDE","	Chamber1","	1","	B01??(%RH)","	80","	2026-07-28 13:19:38"
"	69BA0CDE","	Chamber1","	1","	B01??(?)","	4","	2026-07-28 13:19:38"
"	69BA0CDE","	Chamber1","	1","	B01??(%RH)","	80","	2026-07-28 13:19:36"
"	69BA0CDE","	Chamber1","	1","	B01??(?)","	4","	2026-07-28 13:19:36"
"	69BA0CDE","	Chamber1","	1","	B01??(%RH)","	80","	2026-07-28 13:19:34"
"	69BA0CDE","	Chamber1","	1","	B01??(?)","	4","	2026-07-28 13:19:34"
"	69BA0CDE","	Chamber1","	1","	B01??(%RH)","	80","	2026-07-28 13:19:31"
"	69BA0CDE","	Chamber1","	1","	B01??(?)","	4","	2026-07-28 13:19:31"
"	69BA0CDE","	Chamber1","	1","	B01??(%RH)","	80","	2026-07-28 13:19:29"
"	69BA0CDE","	Chamber1","	1","	B01??(?)","	4","	2026-07-28 13:19:29"
"	69BA0CDE","	Chamber1","	1","	B01??(%RH)","	80","	2026-07-28 13:19:27"
"	69BA0CDE","	Chamber1","	1","	B01??(?)","	4","	2026-07-28 13:19:27"
"	69BA0CDE","	Chamber1","	1","	B01??(%RH)","	80","	2026-07-28 13:19:25"
"	69BA0CDE","	Chamber1","	1","	B01??(?)","	4","	2026-07-28 13:19:25"
"	69BA0CDE","	Chamber1","	1","	B01??(%RH)","	80","	2026-07-28 13:19:23"
"	69BA0CDE","	Chamber1","	1","	B01??(?)","	4","	2026-07-28 13:19:23"
"	69BA0CDE","	Chamber1","	1","	B01??(%RH)","	80","	2026-07-28 13:19:21"
"	69BA0CDE","	Chamber1","	1","	B01??(?)","	4","	2026-07-28 13:19:21"
"	69BA0CDE","	Chamber1","	1","	B01??(%RH)","	80","	2026-07-28 13:19:19"
"	69BA0CDE","	Chamber1","	1","	B01??(?)","	4","	2026-07-28 13:19:19"
"	69BA0CDE","	Chamber1","	1","	B01??(%RH)","	80","	2026-07-28 13:19:17"
"	69BA0CDE","	Chamber1","	1","	B01??(?)","	4","	2026-07-28 13:19:17"
"	69BA0CDE","	Chamber1","	1","	B01??(%RH)","	80","	2026-07-28 13:19:15"
"	69BA0CDE","	Chamber1","	1","	B01??(?)","	4","	2026-07-28 13:19:15"
"	69BA0CDE","	Chamber1","	1","	B01??(%RH)","	79.9","	2026-07-28 13:19:13"
"	69BA0CDE","	Chamber1","	1","	B01??(?)","	4","	2026-07-28 13:19:13"
"	69BA0CDE","	Chamber1","	1","	B01??(%RH)","	79.9","	2026-07-28 13:19:11"
"	69BA0CDE","	Chamber1","	1","	B01??(?)","	4","	2026-07-28 13:19:11"
"	69BA0CDE","	Chamber1","	1","	B01??(%RH)","	80","	2026-07-28 13:19:09"
"	69BA0CDE","	Chamber1","	1","	B01??(?)","	4","	2026-07-28 13:19:09"
"	69BA0CDE","	Chamber1","	1","	B01??(%RH)","	80","	2026-07-28 13:19:07"
"	69BA0CDE","	Chamber1","	1","	B01??(?)","	4","	2026-07-28 13:19:07"
"	69BA0CDE","	Chamber1","	1","	B01??(%RH)","	79.9","	2026-07-28 13:19:05"
"	69BA0CDE","	Chamber1","	1","	B01??(?)","	4","	2026-07-28 13:19:05"
"	69BA0CDE","	Chamber1","	1","	B01??(%RH)","	80","	2026-07-28 13:19:03"
"	69BA0CDE","	Chamber1","	1","	B01??(?)","	4","	2026-07-28 13:19:03"
"	69BA0CDE","	Chamber1","	1","	B01??(%RH)","	79.9","	2026-07-28 13:19:01"
"	69BA0CDE","	Chamber1","	1","	B01??(?)","	4","	2026-07-28 13:19:01"
"	69BA0CDE","	Chamber1","	1","	B01??(%RH)","	80","	2026-07-28 13:18:59"
"	69BA0CDE","	Chamber1","	1","	B01??(?)","	4","	2026-07-28 13:18:59"
"	69BA0CDE","	Chamber1","	1","	B01??(%RH)","	80","	2026-07-28 13:18:57"
"	69BA0CDE","	Chamber1","	1","	B01??(?)","	4","	2026-07-28 13:18:57"
"	69BA0CDE","	Chamber1","	1","	B01??(%RH)","	80","	2026-07-28 13:18:55"
"	69BA0CDE","	Chamber1","	1","	B01??(?)","	4","	2026-07-28 13:18:55"
"	69BA0CDE","	Chamber1","	1","	B01??(%RH)","	79.9","	2026-07-28 13:18:53"
"	69BA0CDE","	Chamber1","	1","	B01??(?)","	4","	2026-07-28 13:18:53"
"	69BA0CDE","	Chamber1","	1","	B01??(%RH)","	79.9","	2026-07-28 13:18:51"
"	69BA0CDE","	Chamber1","	1","	B01??(?)","	4","	2026-07-28 13:18:51"
"	69BA0CDE","	Chamber1","	1","	B01??(%RH)","	80","	2026-07-28 13:18:48"
"	69BA0CDE","	Chamber1","	1","	B01??(?)","	4","	2026-07-28 13:18:48"
"	69BA0CDE","	Chamber1","	1","	B01??(%RH)","	79.9","	2026-07-28 13:18:46"
"	69BA0CDE","	Chamber1","	1","	B01??(?)","	4","	2026-07-28 13:18:46"
"	69BA0CDE","	Chamber1","	1","	B01??(%RH)","	80","	2026-07-28 13:18:44"
"	69BA0CDE","	Chamber1","	1","	B01??(?)","	4","	2026-07-28 13:18:44"
"	69BA0CDE","	Chamber1","	1","	B01??(%RH)","	79.9","	2026-07-28 13:18:42"
"	69BA0CDE","	Chamber1","	1","	B01??(?)","	4","	2026-07-28 13:18:42"
"	69BA0CDE","	Chamber1","	1","	B01??(%RH)","	79.9","	2026-07-28 13:18:40"
"	69BA0CDE","	Chamber1","	1","	B01??(?)","	4","	2026-07-28 13:18:40"
"	69BA0CDE","	Chamber1","	1","	B01??(%RH)","	79.9","	2026-07-28 13:18:38"
"	69BA0CDE","	Chamber1","	1","	B01??(?)","	4","	2026-07-28 13:18:38"
"	69BA0CDE","	Chamber1","	1","	B01??(%RH)","	79.9","	2026-07-28 13:18:36"
"	69BA0CDE","	Chamber1","	1","	B01??(?)","	4","	2026-07-28 13:18:36"
"	69BA0CDE","	Chamber1","	1","	B01??(%RH)","	79.9","	2026-07-28 13:18:34"
"	69BA0CDE","	Chamber1","	1","	B01??(?)","	4","	2026-07-28 13:18:34"
"	69BA0CDE","	Chamber1","	1","	B01??(%RH)","	79.9","	2026-07-28 13:18:32"
"	69BA0CDE","	Chamber1","	1","	B01??(?)","	4","	2026-07-28 13:18:32"
"	69BA0CDE","	Chamber1","	1","	B01??(%RH)","	80","	2026-07-28 13:18:30"
"	69BA0CDE","	Chamber1","	1","	B01??(?)","	4","	2026-07-28 13:18:30"
"	69BA0CDE","	Chamber1","	1","	B01??(%RH)","	79.9","	2026-07-28 13:18:28"
"	69BA0CDE","	Chamber1","	1","	B01??(?)","	4","	2026-07-28 13:18:28"
"	69BA0CDE","	Chamber1","	1","	B01??(%RH)","	79.9","	2026-07-28 13:18:26"
"	69BA0CDE","	Chamber1","	1","	B01??(?)","	4","	2026-07-28 13:18:26"
"	69BA0CDE","	Chamber1","	1","	B01??(%RH)","	79.9","	2026-07-28 13:18:24"
"	69BA0CDE","	Chamber1","	1","	B01??(?)","	4","	2026-07-28 13:18:24"
"	69BA0CDE","	Chamber1","	1","	B01??(%RH)","	79.9","	2026-07-28 13:18:22"
"	69BA0CDE","	Chamber1","	1","	B01??(?)","	4","	2026-07-28 13:18:22"
"	69BA0CDE","	Chamber1","	1","	B01??(%RH)","	79.9","	2026-07-28 13:18:20"
"	69BA0CDE","	Chamber1","	1","	B01??(?)","	4","	2026-07-28 13:18:20"
"	69BA0CDE","	Chamber1","	1","	B01??(%RH)","	79.9","	2026-07-28 13:18:18"
"	69BA0CDE","	Chamber1","	1","	B01??(?)","	4","	2026-07-28 13:18:18"
"	69BA0CDE","	Chamber1","	1","	B01??(%RH)","	79.9","	2026-07-28 13:18:16"
"	69BA0CDE","	Chamber1","	1","	B01??(?)","	4","	2026-07-28 13:18:16"
"	69BA0CDE","	Chamber1","	1","	B01??(%RH)","	79.9","	2026-07-28 13:18:14"
"	69BA0CDE","	Chamber1","	1","	B01??(?)","	4","	2026-07-28 13:18:14"
"	69BA0CDE","	Chamber1","	1","	B01??(%RH)","	79.9","	2026-07-28 13:18:12"
"	69BA0CDE","	Chamber1","	1","	B01??(?)","	4","	2026-07-28 13:18:12"
"	69BA0CDE","	Chamber1","	1","	B01??(%RH)","	79.9","	2026-07-28 13:18:10"
"	69BA0CDE","	Chamber1","	1","	B01??(?)","	4","	2026-07-28 13:18:10"
"	69BA0CDE","	Chamber1","	1","	B01??(%RH)","	79.9","	2026-07-28 13:18:08"
"	69BA0CDE","	Chamber1","	1","	B01??(?)","	4","	2026-07-28 13:18:08"
"	69BA0CDE","	Chamber1","	1","	B01??(%RH)","	79.9","	2026-07-28 13:18:06"
"	69BA0CDE","	Chamber1","	1","	B01??(?)","	4","	2026-07-28 13:18:06"
"	69BA0CDE","	Chamber1","	1","	B01??(%RH)","	79.9","	2026-07-28 13:18:03"
"	69BA0CDE","	Chamber1","	1","	B01??(?)","	4.1","	2026-07-28 13:18:03"
"	69BA0CDE","	Chamber1","	1","	B01??(%RH)","	79.9","	2026-07-28 13:18:01"
"	69BA0CDE","	Chamber1","	1","	B01??(?)","	4","	2026-07-28 13:18:01"
"	69BA0CDE","	Chamber1","	1","	B01??(%RH)","	79.9","	2026-07-28 13:17:59"
"	69BA0CDE","	Chamber1","	1","	B01??(?)","	4","	2026-07-28 13:17:59"
"	69BA0CDE","	Chamber1","	1","	B01??(%RH)","	79.9","	2026-07-28 13:17:57"
"	69BA0CDE","	Chamber1","	1","	B01??(?)","	4","	2026-07-28 13:17:57"
"	69BA0CDE","	Chamber1","	1","	B01??(%RH)","	79.9","	2026-07-28 13:17:55"
"	69BA0CDE","	Chamber1","	1","	B01??(?)","	4","	2026-07-28 13:17:55"
"	69BA0CDE","	Chamber1","	1","	B01??(%RH)","	79.9","	2026-07-28 13:17:53"
"	69BA0CDE","	Chamber1","	1","	B01??(?)","	4","	2026-07-28 13:17:53"
"	69BA0CDE","	Chamber1","	1","	B01??(%RH)","	79.9","	2026-07-28 13:17:51"
"	69BA0CDE","	Chamber1","	1","	B01??(?)","	4","	2026-07-28 13:17:51"
"	69BA0CDE","	Chamber1","	1","	B01??(%RH)","	79.9","	2026-07-28 13:17:49"
"	69BA0CDE","	Chamber1","	1","	B01??(?)","	4","	2026-07-28 13:17:49"
"	69BA0CDE","	Chamber1","	1","	B01??(%RH)","	79.9","	2026-07-28 13:17:47"
"	69BA0CDE","	Chamber1","	1","	B01??(?)","	4","	2026-07-28 13:17:47"
"	69BA0CDE","	Chamber1","	1","	B01??(%RH)","	79.9","	2026-07-28 13:17:45"
"	69BA0CDE","	Chamber1","	1","	B01??(?)","	4","	2026-07-28 13:17:45"
"	69BA0CDE","	Chamber1","	1","	B01??(%RH)","	79.9","	2026-07-28 13:17:43"
"	69BA0CDE","	Chamber1","	1","	B01??(?)","	4","	2026-07-28 13:17:43"
"	69BA0CDE","	Chamber1","	1","	B01??(%RH)","	79.9","	2026-07-28 13:17:41"
"	69BA0CDE","	Chamber1","	1","	B01??(?)","	4","	2026-07-28 13:17:41"
"	69BA0CDE","	Chamber1","	1","	B01??(%RH)","	79.9","	2026-07-28 13:17:39"
"	69BA0CDE","	Chamber1","	1","	B01??(?)","	4.1","	2026-07-28 13:17:39"
"	69BA0CDE","	Chamber1","	1","	B01??(%RH)","	79.9","	2026-07-28 13:17:37"
"	69BA0CDE","	Chamber1","	1","	B01??(?)","	4","	2026-07-28 13:17:37"
"	69BA0CDE","	Chamber1","	1","	B01??(%RH)","	79.9","	2026-07-28 13:17:35"
"	69BA0CDE","	Chamber1","	1","	B01??(?)","	4","	2026-07-28 13:17:35"
"	69BA0CDE","	Chamber1","	1","	B01??(%RH)","	79.9","	2026-07-28 13:17:33"
"	69BA0CDE","	Chamber1","	1","	B01??(?)","	4","	2026-07-28 13:17:33"
"	69BA0CDE","	Chamber1","	1","	B01??(%RH)","	79.9","	2026-07-28 13:17:31"
"	69BA0CDE","	Chamber1","	1","	B01??(?)","	4","	2026-07-28 13:17:31"
"	69BA0CDE","	Chamber1","	1","	B01??(%RH)","	79.9","	2026-07-28 13:17:29"
"	69BA0CDE","	Chamber1","	1","	B01??(?)","	4","	2026-07-28 13:17:29"
"	69BA0CDE","	Chamber1","	1","	B01??(%RH)","	79.9","	2026-07-28 13:17:27"
"	69BA0CDE","	Chamber1","	1","	B01??(?)","	4","	2026-07-28 13:17:27"
"	69BA0CDE","	Chamber1","	1","	B01??(%RH)","	79.9","	2026-07-28 13:17:25"
"	69BA0CDE","	Chamber1","	1","	B01??(?)","	4","	2026-07-28 13:17:25"
"	69BA0CDE","	Chamber1","	1","	B01??(%RH)","	79.9","	2026-07-28 13:17:23"
"	69BA0CDE","	Chamber1","	1","	B01??(?)","	4","	2026-07-28 13:17:23"
"	69BA0CDE","	Chamber1","	1","	B01??(%RH)","	79.9","	2026-07-28 13:17:20"
"	69BA0CDE","	Chamber1","	1","	B01??(?)","	4","	2026-07-28 13:17:20"
"	69BA0CDE","	Chamber1","	1","	B01??(%RH)","	79.9","	2026-07-28 13:17:18"
"	69BA0CDE","	Chamber1","	1","	B01??(?)","	4","	2026-07-28 13:17:18"
"	69BA0CDE","	Chamber1","	1","	B01??(%RH)","	79.9","	2026-07-28 13:17:16"
"	69BA0CDE","	Chamber1","	1","	B01??(?)","	4","	2026-07-28 13:17:16"
"	69BA0CDE","	Chamber1","	1","	B01??(%RH)","	79.9","	2026-07-28 13:17:14"
"	69BA0CDE","	Chamber1","	1","	B01??(?)","	4","	2026-07-28 13:17:14"
"	69BA0CDE","	Chamber1","	1","	B01??(%RH)","	79.9","	2026-07-28 13:17:12"
"	69BA0CDE","	Chamber1","	1","	B01??(?)","	4","	2026-07-28 13:17:12"
"	69BA0CDE","	Chamber1","	1","	B01??(%RH)","	79.9","	2026-07-28 13:17:10"
"	69BA0CDE","	Chamber1","	1","	B01??(?)","	4.1","	2026-07-28 13:17:10"
"	69BA0CDE","	Chamber1","	1","	B01??(%RH)","	79.9","	2026-07-28 13:17:08"
"	69BA0CDE","	Chamber1","	1","	B01??(?)","	4","	2026-07-28 13:17:08"
"	69BA0CDE","	Chamber1","	1","	B01??(%RH)","	79.9","	2026-07-28 13:17:06"
"	69BA0CDE","	Chamber1","	1","	B01??(?)","	4","	2026-07-28 13:17:06"
"	69BA0CDE","	Chamber1","	1","	B01??(%RH)","	79.9","	2026-07-28 13:17:04"
"	69BA0CDE","	Chamber1","	1","	B01??(?)","	4","	2026-07-28 13:17:04"
"	69BA0CDE","	Chamber1","	1","	B01??(%RH)","	79.9","	2026-07-28 13:17:02"
"	69BA0CDE","	Chamber1","	1","	B01??(?)","	4","	2026-07-28 13:17:02"
"	69BA0CDE","	Chamber1","	1","	B01??(%RH)","	79.9","	2026-07-28 13:17:00"
"	69BA0CDE","	Chamber1","	1","	B01??(?)","	4","	2026-07-28 13:17:00"
"	69BA0CDE","	Chamber1","	1","	B01??(%RH)","	79.9","	2026-07-28 13:16:58"
"	69BA0CDE","	Chamber1","	1","	B01??(?)","	4","	2026-07-28 13:16:58"
"	69BA0CDE","	Chamber1","	1","	B01??(%RH)","	79.8","	2026-07-28 13:16:56"
"	69BA0CDE","	Chamber1","	1","	B01??(?)","	4","	2026-07-28 13:16:56"
"	69BA0CDE","	Chamber1","	1","	B01??(%RH)","	79.9","	2026-07-28 13:16:54"
"	69BA0CDE","	Chamber1","	1","	B01??(?)","	4","	2026-07-28 13:16:54"
"	69BA0CDE","	Chamber1","	1","	B01??(%RH)","	79.9","	2026-07-28 13:16:52"
"	69BA0CDE","	Chamber1","	1","	B01??(?)","	4","	2026-07-28 13:16:52"
"	69BA0CDE","	Chamber1","	1","	B01??(%RH)","	79.9","	2026-07-28 13:16:50"
"	69BA0CDE","	Chamber1","	1","	B01??(?)","	4.1","	2026-07-28 13:16:50"
"	69BA0CDE","	Chamber1","	1","	B01??(%RH)","	79.8","	2026-07-28 13:16:48"
"	69BA0CDE","	Chamber1","	1","	B01??(?)","	4","	2026-07-28 13:16:48"
"	69BA0CDE","	Chamber1","	1","	B01??(%RH)","	79.9","	2026-07-28 13:16:46"
"	69BA0CDE","	Chamber1","	1","	B01??(?)","	4","	2026-07-28 13:16:46"
"	69BA0CDE","	Chamber1","	1","	B01??(%RH)","	79.8","	2026-07-28 13:16:44"
"	69BA0CDE","	Chamber1","	1","	B01??(?)","	4","	2026-07-28 13:16:44"
"	69BA0CDE","	Chamber1","	1","	B01??(%RH)","	79.9","	2026-07-28 13:16:42"
"	69BA0CDE","	Chamber1","	1","	B01??(?)","	4","	2026-07-28 13:16:42"
"	69BA0CDE","	Chamber1","	1","	B01??(%RH)","	79.8","	2026-07-28 13:16:40"
"	69BA0CDE","	Chamber1","	1","	B01??(?)","	4","	2026-07-28 13:16:40"
"	69BA0CDE","	Chamber1","	1","	B01??(%RH)","	79.8","	2026-07-28 13:16:37"
"	69BA0CDE","	Chamber1","	1","	B01??(?)","	4","	2026-07-28 13:16:37"
"	69BA0CDE","	Chamber1","	1","	B01??(%RH)","	79.8","	2026-07-28 13:16:35"
"	69BA0CDE","	Chamber1","	1","	B01??(?)","	4","	2026-07-28 13:16:35"
"	69BA0CDE","	Chamber1","	1","	B01??(%RH)","	79.8","	2026-07-28 13:16:33"
"	69BA0CDE","	Chamber1","	1","	B01??(?)","	4","	2026-07-28 13:16:33"
"	69BA0CDE","	Chamber1","	1","	B01??(%RH)","	79.8","	2026-07-28 13:16:31"
"	69BA0CDE","	Chamber1","	1","	B01??(?)","	4","	2026-07-28 13:16:31"
"	69BA0CDE","	Chamber1","	1","	B01??(%RH)","	79.8","	2026-07-28 13:16:29"
"	69BA0CDE","	Chamber1","	1","	B01??(?)","	4","	2026-07-28 13:16:29"
"	69BA0CDE","	Chamber1","	1","	B01??(%RH)","	79.8","	2026-07-28 13:16:27"
"	69BA0CDE","	Chamber1","	1","	B01??(?)","	4","	2026-07-28 13:16:27"
"	69BA0CDE","	Chamber1","	1","	B01??(%RH)","	79.8","	2026-07-28 13:16:25"
"	69BA0CDE","	Chamber1","	1","	B01??(?)","	4.1","	2026-07-28 13:16:25"
"	69BA0CDE","	Chamber1","	1","	B01??(%RH)","	79.8","	2026-07-28 13:16:23"
"	69BA0CDE","	Chamber1","	1","	B01??(?)","	4","	2026-07-28 13:16:23"
"	69BA0CDE","	Chamber1","	1","	B01??(%RH)","	79.8","	2026-07-28 13:16:21"
"	69BA0CDE","	Chamber1","	1","	B01??(?)","	4","	2026-07-28 13:16:21"
"	69BA0CDE","	Chamber1","	1","	B01??(%RH)","	79.8","	2026-07-28 13:16:19"
"	69BA0CDE","	Chamber1","	1","	B01??(?)","	4","	2026-07-28 13:16:19"
"	69BA0CDE","	Chamber1","	1","	B01??(%RH)","	79.8","	2026-07-28 13:16:17"
"	69BA0CDE","	Chamber1","	1","	B01??(?)","	4.1","	2026-07-28 13:16:17"
"	69BA0CDE","	Chamber1","	1","	B01??(%RH)","	79.8","	2026-07-28 13:16:15"
"	69BA0CDE","	Chamber1","	1","	B01??(?)","	4","	2026-07-28 13:16:15"
"	69BA0CDE","	Chamber1","	1","	B01??(%RH)","	79.8","	2026-07-28 13:16:13"
"	69BA0CDE","	Chamber1","	1","	B01??(?)","	4.1","	2026-07-28 13:16:13"
"	69BA0CDE","	Chamber1","	1","	B01??(%RH)","	79.8","	2026-07-28 13:16:11"
"	69BA0CDE","	Chamber1","	1","	B01??(?)","	4","	2026-07-28 13:16:11"
"	69BA0CDE","	Chamber1","	1","	B01??(%RH)","	79.8","	2026-07-28 13:16:09"
"	69BA0CDE","	Chamber1","	1","	B01??(?)","	4","	2026-07-28 13:16:09"
"	69BA0CDE","	Chamber1","	1","	B01??(%RH)","	79.8","	2026-07-28 13:16:07"
"	69BA0CDE","	Chamber1","	1","	B01??(?)","	4","	2026-07-28 13:16:07"
"	69BA0CDE","	Chamber1","	1","	B01??(%RH)","	79.8","	2026-07-28 13:16:05"
"	69BA0CDE","	Chamber1","	1","	B01??(?)","	4","	2026-07-28 13:16:05"
"	69BA0CDE","	Chamber1","	1","	B01??(%RH)","	79.8","	2026-07-28 13:16:03"
"	69BA0CDE","	Chamber1","	1","	B01??(?)","	4","	2026-07-28 13:16:03"
"	69BA0CDE","	Chamber1","	1","	B01??(%RH)","	79.8","	2026-07-28 13:16:01"
"	69BA0CDE","	Chamber1","	1","	B01??(?)","	4","	2026-07-28 13:16:01"
"	69BA0CDE","	Chamber1","	1","	B01??(%RH)","	79.8","	2026-07-28 13:15:59"
"	69BA0CDE","	Chamber1","	1","	B01??(?)","	4","	2026-07-28 13:15:59"
"	69BA0CDE","	Chamber1","	1","	B01??(%RH)","	79.8","	2026-07-28 13:15:57"
"	69BA0CDE","	Chamber1","	1","	B01??(?)","	4.1","	2026-07-28 13:15:57"
"	69BA0CDE","	Chamber1","	1","	B01??(%RH)","	79.8","	2026-07-28 13:15:55"
"	69BA0CDE","	Chamber1","	1","	B01??(?)","	4","	2026-07-28 13:15:55"
"	69BA0CDE","	Chamber1","	1","	B01??(%RH)","	79.8","	2026-07-28 13:15:52"
"	69BA0CDE","	Chamber1","	1","	B01??(?)","	4","	2026-07-28 13:15:52"
"	69BA0CDE","	Chamber1","	1","	B01??(%RH)","	79.8","	2026-07-28 13:15:50"
"	69BA0CDE","	Chamber1","	1","	B01??(?)","	4","	2026-07-28 13:15:50"
"	69BA0CDE","	Chamber1","	1","	B01??(%RH)","	79.8","	2026-07-28 13:15:48"
"	69BA0CDE","	Chamber1","	1","	B01??(?)","	4","	2026-07-28 13:15:48"
"	69BA0CDE","	Chamber1","	1","	B01??(%RH)","	79.8","	2026-07-28 13:15:46"
"	69BA0CDE","	Chamber1","	1","	B01??(?)","	4","	2026-07-28 13:15:46"
"	69BA0CDE","	Chamber1","	1","	B01??(%RH)","	79.8","	2026-07-28 13:15:44"
"	69BA0CDE","	Chamber1","	1","	B01??(?)","	4","	2026-07-28 13:15:44"
"	69BA0CDE","	Chamber1","	1","	B01??(%RH)","	79.8","	2026-07-28 13:15:42"
"	69BA0CDE","	Chamber1","	1","	B01??(?)","	4","	2026-07-28 13:15:42"
"	69BA0CDE","	Chamber1","	1","	B01??(%RH)","	79.8","	2026-07-28 13:15:40"
"	69BA0CDE","	Chamber1","	1","	B01??(?)","	4","	2026-07-28 13:15:40"
"	69BA0CDE","	Chamber1","	1","	B01??(%RH)","	79.8","	2026-07-28 13:15:38"
"	69BA0CDE","	Chamber1","	1","	B01??(?)","	4","	2026-07-28 13:15:38"
"	69BA0CDE","	Chamber1","	1","	B01??(%RH)","	79.7","	2026-07-28 13:15:36"
"	69BA0CDE","	Chamber1","	1","	B01??(?)","	4","	2026-07-28 13:15:36"
"	69BA0CDE","	Chamber1","	1","	B01??(%RH)","	79.8","	2026-07-28 13:15:34"
"	69BA0CDE","	Chamber1","	1","	B01??(?)","	4","	2026-07-28 13:15:34"
"	69BA0CDE","	Chamber1","	1","	B01??(%RH)","	79.7","	2026-07-28 13:15:32"
"	69BA0CDE","	Chamber1","	1","	B01??(?)","	4","	2026-07-28 13:15:32"
"	69BA0CDE","	Chamber1","	1","	B01??(%RH)","	79.8","	2026-07-28 13:15:30"
"	69BA0CDE","	Chamber1","	1","	B01??(?)","	4","	2026-07-28 13:15:30"
"	69BA0CDE","	Chamber1","	1","	B01??(%RH)","	79.8","	2026-07-28 13:15:28"
"	69BA0CDE","	Chamber1","	1","	B01??(?)","	4","	2026-07-28 13:15:28"
"	69BA0CDE","	Chamber1","	1","	B01??(%RH)","	79.8","	2026-07-28 13:15:26"
"	69BA0CDE","	Chamber1","	1","	B01??(?)","	4","	2026-07-28 13:15:26"
"	69BA0CDE","	Chamber1","	1","	B01??(%RH)","	79.8","	2026-07-28 13:15:24"
"	69BA0CDE","	Chamber1","	1","	B01??(?)","	4","	2026-07-28 13:15:24"
"	69BA0CDE","	Chamber1","	1","	B01??(%RH)","	79.8","	2026-07-28 13:15:22"
"	69BA0CDE","	Chamber1","	1","	B01??(?)","	4","	2026-07-28 13:15:22"
"	69BA0CDE","	Chamber1","	1","	B01??(%RH)","	79.8","	2026-07-28 13:15:20"
"	69BA0CDE","	Chamber1","	1","	B01??(?)","	4","	2026-07-28 13:15:20"
"	69BA0CDE","	Chamber1","	1","	B01??(%RH)","	79.8","	2026-07-28 13:15:18"
"	69BA0CDE","	Chamber1","	1","	B01??(?)","	4.1","	2026-07-28 13:15:18"
"	69BA0CDE","	Chamber1","	1","	B01??(%RH)","	79.7","	2026-07-28 13:15:16"
"	69BA0CDE","	Chamber1","	1","	B01??(?)","	4.1","	2026-07-28 13:15:16"
"	69BA0CDE","	Chamber1","	1","	B01??(%RH)","	79.7","	2026-07-28 13:15:14"
"	69BA0CDE","	Chamber1","	1","	B01??(?)","	4","	2026-07-28 13:15:14"
"	69BA0CDE","	Chamber1","	1","	B01??(%RH)","	79.7","	2026-07-28 13:15:12"
"	69BA0CDE","	Chamber1","	1","	B01??(?)","	4","	2026-07-28 13:15:12"
"	69BA0CDE","	Chamber1","	1","	B01??(%RH)","	79.7","	2026-07-28 13:15:10"
"	69BA0CDE","	Chamber1","	1","	B01??(?)","	4","	2026-07-28 13:15:10"
"	69BA0CDE","	Chamber1","	1","	B01??(%RH)","	79.8","	2026-07-28 13:15:07"
"	69BA0CDE","	Chamber1","	1","	B01??(?)","	4","	2026-07-28 13:15:07"
"	69BA0CDE","	Chamber1","	1","	B01??(%RH)","	79.7","	2026-07-28 13:15:05"
"	69BA0CDE","	Chamber1","	1","	B01??(?)","	4","	2026-07-28 13:15:05"
"	69BA0CDE","	Chamber1","	1","	B01??(%RH)","	79.7","	2026-07-28 13:15:03"
"	69BA0CDE","	Chamber1","	1","	B01??(?)","	4","	2026-07-28 13:15:03"
"	69BA0CDE","	Chamber1","	1","	B01??(%RH)","	79.7","	2026-07-28 13:15:01"
"	69BA0CDE","	Chamber1","	1","	B01??(?)","	4","	2026-07-28 13:15:01"
"	69BA0CDE","	Chamber1","	1","	B01??(%RH)","	79.7","	2026-07-28 13:14:59"
"	69BA0CDE","	Chamber1","	1","	B01??(?)","	4","	2026-07-28 13:14:59"
"	69BA0CDE","	Chamber1","	1","	B01??(%RH)","	79.7","	2026-07-28 13:14:57"
"	69BA0CDE","	Chamber1","	1","	B01??(?)","	4","	2026-07-28 13:14:57"
"	69BA0CDE","	Chamber1","	1","	B01??(%RH)","	79.7","	2026-07-28 13:14:55"
"	69BA0CDE","	Chamber1","	1","	B01??(?)","	4","	2026-07-28 13:14:55"
"	69BA0CDE","	Chamber1","	1","	B01??(%RH)","	79.7","	2026-07-28 13:14:53"
"	69BA0CDE","	Chamber1","	1","	B01??(?)","	4","	2026-07-28 13:14:53"
"	69BA0CDE","	Chamber1","	1","	B01??(%RH)","	79.7","	2026-07-28 13:14:51"
"	69BA0CDE","	Chamber1","	1","	B01??(?)","	4","	2026-07-28 13:14:51"
"	69BA0CDE","	Chamber1","	1","	B01??(%RH)","	79.7","	2026-07-28 13:14:49"
"	69BA0CDE","	Chamber1","	1","	B01??(?)","	4","	2026-07-28 13:14:49"
"	69BA0CDE","	Chamber1","	1","	B01??(%RH)","	79.7","	2026-07-28 13:14:47"
"	69BA0CDE","	Chamber1","	1","	B01??(?)","	4.1","	2026-07-28 13:14:47"
"	69BA0CDE","	Chamber1","	1","	B01??(%RH)","	79.7","	2026-07-28 13:14:45"
"	69BA0CDE","	Chamber1","	1","	B01??(?)","	4.1","	2026-07-28 13:14:45"
"	69BA0CDE","	Chamber1","	1","	B01??(%RH)","	79.7","	2026-07-28 13:14:43"
"	69BA0CDE","	Chamber1","	1","	B01??(?)","	4.1","	2026-07-28 13:14:43"
"	69BA0CDE","	Chamber1","	1","	B01??(%RH)","	79.7","	2026-07-28 13:14:41"
"	69BA0CDE","	Chamber1","	1","	B01??(?)","	4.1","	2026-07-28 13:14:41"
"	69BA0CDE","	Chamber1","	1","	B01??(%RH)","	79.7","	2026-07-28 13:14:39"
"	69BA0CDE","	Chamber1","	1","	B01??(?)","	4","	2026-07-28 13:14:39"
"	69BA0CDE","	Chamber1","	1","	B01??(%RH)","	79.7","	2026-07-28 13:14:37"
"	69BA0CDE","	Chamber1","	1","	B01??(?)","	4","	2026-07-28 13:14:37"
"	69BA0CDE","	Chamber1","	1","	B01??(%RH)","	79.7","	2026-07-28 13:14:35"
"	69BA0CDE","	Chamber1","	1","	B01??(?)","	4.1","	2026-07-28 13:14:35"
"	69BA0CDE","	Chamber1","	1","	B01??(%RH)","	79.7","	2026-07-28 13:14:33"
"	69BA0CDE","	Chamber1","	1","	B01??(?)","	4","	2026-07-28 13:14:33"
"	69BA0CDE","	Chamber1","	1","	B01??(%RH)","	79.6","	2026-07-28 13:14:31"
"	69BA0CDE","	Chamber1","	1","	B01??(?)","	4","	2026-07-28 13:14:31"
"	69BA0CDE","	Chamber1","	1","	B01??(%RH)","	79.7","	2026-07-28 13:14:29"
"	69BA0CDE","	Chamber1","	1","	B01??(?)","	4.1","	2026-07-28 13:14:29"
"	69BA0CDE","	Chamber1","	1","	B01??(%RH)","	79.7","	2026-07-28 13:14:26"
"	69BA0CDE","	Chamber1","	1","	B01??(?)","	4","	2026-07-28 13:14:26"
"	69BA0CDE","	Chamber1","	1","	B01??(%RH)","	79.7","	2026-07-28 13:14:24"
"	69BA0CDE","	Chamber1","	1","	B01??(?)","	4.1","	2026-07-28 13:14:24"
"	69BA0CDE","	Chamber1","	1","	B01??(%RH)","	79.7","	2026-07-28 13:14:22"
"	69BA0CDE","	Chamber1","	1","	B01??(?)","	4.1","	2026-07-28 13:14:22"
"	69BA0CDE","	Chamber1","	1","	B01??(%RH)","	79.7","	2026-07-28 13:14:20"
"	69BA0CDE","	Chamber1","	1","	B01??(?)","	4.1","	2026-07-28 13:14:20"
"	69BA0CDE","	Chamber1","	1","	B01??(%RH)","	79.6","	2026-07-28 13:14:18"
"	69BA0CDE","	Chamber1","	1","	B01??(?)","	4.1","	2026-07-28 13:14:18"
"	69BA0CDE","	Chamber1","	1","	B01??(%RH)","	79.6","	2026-07-28 13:14:16"
"	69BA0CDE","	Chamber1","	1","	B01??(?)","	4.1","	2026-07-28 13:14:16"
"	69BA0CDE","	Chamber1","	1","	B01??(%RH)","	79.6","	2026-07-28 13:14:14"
"	69BA0CDE","	Chamber1","	1","	B01??(?)","	4.1","	2026-07-28 13:14:14"
"	69BA0CDE","	Chamber1","	1","	B01??(%RH)","	79.6","	2026-07-28 13:14:12"
"	69BA0CDE","	Chamber1","	1","	B01??(?)","	4.1","	2026-07-28 13:14:12"
"	69BA0CDE","	Chamber1","	1","	B01??(%RH)","	79.6","	2026-07-28 13:14:10"
"	69BA0CDE","	Chamber1","	1","	B01??(?)","	4.1","	2026-07-28 13:14:10"
"	69BA0CDE","	Chamber1","	1","	B01??(%RH)","	79.6","	2026-07-28 13:14:08"
"	69BA0CDE","	Chamber1","	1","	B01??(?)","	4.1","	2026-07-28 13:14:08"
"	69BA0CDE","	Chamber1","	1","	B01??(%RH)","	79.6","	2026-07-28 13:14:06"
"	69BA0CDE","	Chamber1","	1","	B01??(?)","	4","	2026-07-28 13:14:06"
"	69BA0CDE","	Chamber1","	1","	B01??(%RH)","	79.6","	2026-07-28 13:14:04"
"	69BA0CDE","	Chamber1","	1","	B01??(?)","	4","	2026-07-28 13:14:04"
"	69BA0CDE","	Chamber1","	1","	B01??(%RH)","	79.6","	2026-07-28 13:14:02"
"	69BA0CDE","	Chamber1","	1","	B01??(?)","	4.1","	2026-07-28 13:14:02"
"	69BA0CDE","	Chamber1","	1","	B01??(%RH)","	79.6","	2026-07-28 13:14:00"
"	69BA0CDE","	Chamber1","	1","	B01??(?)","	4.1","	2026-07-28 13:14:00"
"	69BA0CDE","	Chamber1","	1","	B01??(%RH)","	79.6","	2026-07-28 13:13:58"
"	69BA0CDE","	Chamber1","	1","	B01??(?)","	4","	2026-07-28 13:13:58"
"	69BA0CDE","	Chamber1","	1","	B01??(%RH)","	79.6","	2026-07-28 13:13:56"
"	69BA0CDE","	Chamber1","	1","	B01??(?)","	4","	2026-07-28 13:13:56"
"	69BA0CDE","	Chamber1","	1","	B01??(%RH)","	79.6","	2026-07-28 13:13:54"
"	69BA0CDE","	Chamber1","	1","	B01??(?)","	4","	2026-07-28 13:13:54"
"	69BA0CDE","	Chamber1","	1","	B01??(%RH)","	79.6","	2026-07-28 13:13:52"
"	69BA0CDE","	Chamber1","	1","	B01??(?)","	4.1","	2026-07-28 13:13:52"
"	69BA0CDE","	Chamber1","	1","	B01??(%RH)","	79.6","	2026-07-28 13:13:50"
"	69BA0CDE","	Chamber1","	1","	B01??(?)","	4.1","	2026-07-28 13:13:50"
"	69BA0CDE","	Chamber1","	1","	B01??(%RH)","	79.6","	2026-07-28 13:13:48"
"	69BA0CDE","	Chamber1","	1","	B01??(?)","	4","	2026-07-28 13:13:48"
"	69BA0CDE","	Chamber1","	1","	B01??(%RH)","	79.6","	2026-07-28 13:13:46"
"	69BA0CDE","	Chamber1","	1","	B01??(?)","	4.1","	2026-07-28 13:13:46"
"	69BA0CDE","	Chamber1","	1","	B01??(%RH)","	79.6","	2026-07-28 13:13:44"
"	69BA0CDE","	Chamber1","	1","	B01??(?)","	4.1","	2026-07-28 13:13:44"
"	69BA0CDE","	Chamber1","	1","	B01??(%RH)","	79.6","	2026-07-28 13:13:41"
"	69BA0CDE","	Chamber1","	1","	B01??(?)","	4.1","	2026-07-28 13:13:41"
"	69BA0CDE","	Chamber1","	1","	B01??(%RH)","	79.6","	2026-07-28 13:13:39"
"	69BA0CDE","	Chamber1","	1","	B01??(?)","	4.1","	2026-07-28 13:13:39"
"	69BA0CDE","	Chamber1","	1","	B01??(%RH)","	79.6","	2026-07-28 13:13:37"
"	69BA0CDE","	Chamber1","	1","	B01??(?)","	4.1","	2026-07-28 13:13:37"
"	69BA0CDE","	Chamber1","	1","	B01??(%RH)","	79.6","	2026-07-28 13:13:35"
"	69BA0CDE","	Chamber1","	1","	B01??(?)","	4.1","	2026-07-28 13:13:35"
"	69BA0CDE","	Chamber1","	1","	B01??(%RH)","	79.6","	2026-07-28 13:13:33"
"	69BA0CDE","	Chamber1","	1","	B01??(?)","	4.1","	2026-07-28 13:13:33"
"	69BA0CDE","	Chamber1","	1","	B01??(%RH)","	79.6","	2026-07-28 13:13:31"
"	69BA0CDE","	Chamber1","	1","	B01??(?)","	4.1","	2026-07-28 13:13:31"
"	69BA0CDE","	Chamber1","	1","	B01??(%RH)","	79.6","	2026-07-28 13:13:29"
"	69BA0CDE","	Chamber1","	1","	B01??(?)","	4.1","	2026-07-28 13:13:29"
"	69BA0CDE","	Chamber1","	1","	B01??(%RH)","	79.6","	2026-07-28 13:13:27"
"	69BA0CDE","	Chamber1","	1","	B01??(?)","	4.1","	2026-07-28 13:13:27"
"	69BA0CDE","	Chamber1","	1","	B01??(%RH)","	79.5","	2026-07-28 13:13:25"
"	69BA0CDE","	Chamber1","	1","	B01??(?)","	4.1","	2026-07-28 13:13:25"
"	69BA0CDE","	Chamber1","	1","	B01??(%RH)","	79.6","	2026-07-28 13:13:23"
"	69BA0CDE","	Chamber1","	1","	B01??(?)","	4.1","	2026-07-28 13:13:23"
"	69BA0CDE","	Chamber1","	1","	B01??(%RH)","	79.6","	2026-07-28 13:13:21"
"	69BA0CDE","	Chamber1","	1","	B01??(?)","	4.1","	2026-07-28 13:13:21"
"	69BA0CDE","	Chamber1","	1","	B01??(%RH)","	79.6","	2026-07-28 13:13:19"
"	69BA0CDE","	Chamber1","	1","	B01??(?)","	4.1","	2026-07-28 13:13:19"
"	69BA0CDE","	Chamber1","	1","	B01??(%RH)","	79.6","	2026-07-28 13:13:17"
"	69BA0CDE","	Chamber1","	1","	B01??(?)","	4.1","	2026-07-28 13:13:17"
"	69BA0CDE","	Chamber1","	1","	B01??(%RH)","	79.6","	2026-07-28 13:13:15"
"	69BA0CDE","	Chamber1","	1","	B01??(?)","	4","	2026-07-28 13:13:15"
"	69BA0CDE","	Chamber1","	1","	B01??(%RH)","	79.5","	2026-07-28 13:13:13"
"	69BA0CDE","	Chamber1","	1","	B01??(?)","	4.1","	2026-07-28 13:13:13"
"	69BA0CDE","	Chamber1","	1","	B01??(%RH)","	79.6","	2026-07-28 13:13:11"
"	69BA0CDE","	Chamber1","	1","	B01??(?)","	4.1","	2026-07-28 13:13:11"
"	69BA0CDE","	Chamber1","	1","	B01??(%RH)","	79.6","	2026-07-28 13:13:09"
"	69BA0CDE","	Chamber1","	1","	B01??(?)","	4.1","	2026-07-28 13:13:09"
"	69BA0CDE","	Chamber1","	1","	B01??(%RH)","	79.5","	2026-07-28 13:13:07"
"	69BA0CDE","	Chamber1","	1","	B01??(?)","	4.1","	2026-07-28 13:13:07"
"	69BA0CDE","	Chamber1","	1","	B01??(%RH)","	79.6","	2026-07-28 13:13:05"
"	69BA0CDE","	Chamber1","	1","	B01??(?)","	4.1","	2026-07-28 13:13:05"
"	69BA0CDE","	Chamber1","	1","	B01??(%RH)","	79.5","	2026-07-28 13:13:03"
"	69BA0CDE","	Chamber1","	1","	B01??(?)","	4.1","	2026-07-28 13:13:03"
"	69BA0CDE","	Chamber1","	1","	B01??(%RH)","	79.5","	2026-07-28 13:13:01"
"	69BA0CDE","	Chamber1","	1","	B01??(?)","	4.1","	2026-07-28 13:13:01"
"	69BA0CDE","	Chamber1","	1","	B01??(%RH)","	79.5","	2026-07-28 13:12:59"
"	69BA0CDE","	Chamber1","	1","	B01??(?)","	4.1","	2026-07-28 13:12:59"
"	69BA0CDE","	Chamber1","	1","	B01??(%RH)","	79.5","	2026-07-28 13:12:56"
"	69BA0CDE","	Chamber1","	1","	B01??(?)","	4.1","	2026-07-28 13:12:56"
"	69BA0CDE","	Chamber1","	1","	B01??(%RH)","	79.5","	2026-07-28 13:12:54"
"	69BA0CDE","	Chamber1","	1","	B01??(?)","	4.1","	2026-07-28 13:12:54"
"	69BA0CDE","	Chamber1","	1","	B01??(%RH)","	79.5","	2026-07-28 13:12:52"
"	69BA0CDE","	Chamber1","	1","	B01??(?)","	4.1","	2026-07-28 13:12:52"
"	69BA0CDE","	Chamber1","	1","	B01??(%RH)","	79.5","	2026-07-28 13:12:50"
"	69BA0CDE","	Chamber1","	1","	B01??(?)","	4.1","	2026-07-28 13:12:50"
"	69BA0CDE","	Chamber1","	1","	B01??(%RH)","	79.5","	2026-07-28 13:12:48"
"	69BA0CDE","	Chamber1","	1","	B01??(?)","	4.1","	2026-07-28 13:12:48"
"	69BA0CDE","	Chamber1","	1","	B01??(%RH)","	79.5","	2026-07-28 13:12:46"
"	69BA0CDE","	Chamber1","	1","	B01??(?)","	4.1","	2026-07-28 13:12:46"
"	69BA0CDE","	Chamber1","	1","	B01??(%RH)","	79.5","	2026-07-28 13:12:44"
"	69BA0CDE","	Chamber1","	1","	B01??(?)","	4.1","	2026-07-28 13:12:44"
"	69BA0CDE","	Chamber1","	1","	B01??(%RH)","	79.5","	2026-07-28 13:12:42"
"	69BA0CDE","	Chamber1","	1","	B01??(?)","	4.1","	2026-07-28 13:12:42"
"	69BA0CDE","	Chamber1","	1","	B01??(%RH)","	79.5","	2026-07-28 13:12:40"
"	69BA0CDE","	Chamber1","	1","	B01??(?)","	4.1","	2026-07-28 13:12:40"
"	69BA0CDE","	Chamber1","	1","	B01??(%RH)","	79.5","	2026-07-28 13:12:38"
"	69BA0CDE","	Chamber1","	1","	B01??(?)","	4.1","	2026-07-28 13:12:38"
"	69BA0CDE","	Chamber1","	1","	B01??(%RH)","	79.5","	2026-07-28 13:12:36"
"	69BA0CDE","	Chamber1","	1","	B01??(?)","	4.1","	2026-07-28 13:12:36"
"	69BA0CDE","	Chamber1","	1","	B01??(%RH)","	79.5","	2026-07-28 13:12:34"
"	69BA0CDE","	Chamber1","	1","	B01??(?)","	4.1","	2026-07-28 13:12:34"
"	69BA0CDE","	Chamber1","	1","	B01??(%RH)","	79.5","	2026-07-28 13:12:32"
"	69BA0CDE","	Chamber1","	1","	B01??(?)","	4.1","	2026-07-28 13:12:32"
"	69BA0CDE","	Chamber1","	1","	B01??(%RH)","	79.5","	2026-07-28 13:12:30"
"	69BA0CDE","	Chamber1","	1","	B01??(?)","	4.1","	2026-07-28 13:12:30"
"	69BA0CDE","	Chamber1","	1","	B01??(%RH)","	79.5","	2026-07-28 13:12:28"
"	69BA0CDE","	Chamber1","	1","	B01??(?)","	4.1","	2026-07-28 13:12:28"
"	69BA0CDE","	Chamber1","	1","	B01??(%RH)","	79.5","	2026-07-28 13:12:26"
"	69BA0CDE","	Chamber1","	1","	B01??(?)","	4.1","	2026-07-28 13:12:26"
"	69BA0CDE","	Chamber1","	1","	B01??(%RH)","	79.5","	2026-07-28 13:12:24"
"	69BA0CDE","	Chamber1","	1","	B01??(?)","	4.1","	2026-07-28 13:12:24"
"	69BA0CDE","	Chamber1","	1","	B01??(%RH)","	79.5","	2026-07-28 13:12:22"
"	69BA0CDE","	Chamber1","	1","	B01??(?)","	4.1","	2026-07-28 13:12:22"
"	69BA0CDE","	Chamber1","	1","	B01??(%RH)","	79.5","	2026-07-28 13:12:20"
"	69BA0CDE","	Chamber1","	1","	B01??(?)","	4.1","	2026-07-28 13:12:20"
"	69BA0CDE","	Chamber1","	1","	B01??(%RH)","	79.5","	2026-07-28 13:12:18"
"	69BA0CDE","	Chamber1","	1","	B01??(?)","	4.1","	2026-07-28 13:12:18"
"	69BA0CDE","	Chamber1","	1","	B01??(%RH)","	79.5","	2026-07-28 13:12:15"
"	69BA0CDE","	Chamber1","	1","	B01??(?)","	4.1","	2026-07-28 13:12:15"
"	69BA0CDE","	Chamber1","	1","	B01??(%RH)","	79.5","	2026-07-28 13:12:13"
"	69BA0CDE","	Chamber1","	1","	B01??(?)","	4.1","	2026-07-28 13:12:13"
"	69BA0CDE","	Chamber1","	1","	B01??(%RH)","	79.5","	2026-07-28 13:12:11"
"	69BA0CDE","	Chamber1","	1","	B01??(?)","	4.1","	2026-07-28 13:12:11"
"	69BA0CDE","	Chamber1","	1","	B01??(%RH)","	79.5","	2026-07-28 13:12:09"
"	69BA0CDE","	Chamber1","	1","	B01??(?)","	4.1","	2026-07-28 13:12:09"
"	69BA0CDE","	Chamber1","	1","	B01??(%RH)","	79.5","	2026-07-28 13:12:07"
"	69BA0CDE","	Chamber1","	1","	B01??(?)","	4.1","	2026-07-28 13:12:07"
"	69BA0CDE","	Chamber1","	1","	B01??(%RH)","	79.5","	2026-07-28 13:12:05"
"	69BA0CDE","	Chamber1","	1","	B01??(?)","	4.1","	2026-07-28 13:12:05"
"	69BA0CDE","	Chamber1","	1","	B01??(%RH)","	79.4","	2026-07-28 13:12:03"
"	69BA0CDE","	Chamber1","	1","	B01??(?)","	4.1","	2026-07-28 13:12:03"
"	69BA0CDE","	Chamber1","	1","	B01??(%RH)","	79.5","	2026-07-28 13:12:01"
"	69BA0CDE","	Chamber1","	1","	B01??(?)","	4.1","	2026-07-28 13:12:01"
"	69BA0CDE","	Chamber1","	1","	B01??(%RH)","	79.4","	2026-07-28 13:11:59"
"	69BA0CDE","	Chamber1","	1","	B01??(?)","	4.1","	2026-07-28 13:11:59"
"	69BA0CDE","	Chamber1","	1","	B01??(%RH)","	79.5","	2026-07-28 13:11:57"
"	69BA0CDE","	Chamber1","	1","	B01??(?)","	4.1","	2026-07-28 13:11:57"
"	69BA0CDE","	Chamber1","	1","	B01??(%RH)","	79.4","	2026-07-28 13:11:55"
"	69BA0CDE","	Chamber1","	1","	B01??(?)","	4.1","	2026-07-28 13:11:55"
"	69BA0CDE","	Chamber1","	1","	B01??(%RH)","	79.4","	2026-07-28 13:11:53"
"	69BA0CDE","	Chamber1","	1","	B01??(?)","	4.1","	2026-07-28 13:11:53"
"	69BA0CDE","	Chamber1","	1","	B01??(%RH)","	79.4","	2026-07-28 13:11:51"
"	69BA0CDE","	Chamber1","	1","	B01??(?)","	4.1","	2026-07-28 13:11:51"
"	69BA0CDE","	Chamber1","	1","	B01??(%RH)","	79.4","	2026-07-28 13:11:49"
"	69BA0CDE","	Chamber1","	1","	B01??(?)","	4.1","	2026-07-28 13:11:49"
"	69BA0CDE","	Chamber1","	1","	B01??(%RH)","	79.5","	2026-07-28 13:11:47"
"	69BA0CDE","	Chamber1","	1","	B01??(?)","	4.1","	2026-07-28 13:11:47"
"	69BA0CDE","	Chamber1","	1","	B01??(%RH)","	79.4","	2026-07-28 13:11:45"
"	69BA0CDE","	Chamber1","	1","	B01??(?)","	4.1","	2026-07-28 13:11:45"
"	69BA0CDE","	Chamber1","	1","	B01??(%RH)","	79.4","	2026-07-28 13:11:43"
"	69BA0CDE","	Chamber1","	1","	B01??(?)","	4.1","	2026-07-28 13:11:43"
"	69BA0CDE","	Chamber1","	1","	B01??(%RH)","	79.5","	2026-07-28 13:11:41"
"	69BA0CDE","	Chamber1","	1","	B01??(?)","	4.1","	2026-07-28 13:11:41"
"	69BA0CDE","	Chamber1","	1","	B01??(%RH)","	79.4","	2026-07-28 13:11:39"
"	69BA0CDE","	Chamber1","	1","	B01??(?)","	4.1","	2026-07-28 13:11:39"
"	69BA0CDE","	Chamber1","	1","	B01??(%RH)","	79.4","	2026-07-28 13:11:37"
"	69BA0CDE","	Chamber1","	1","	B01??(?)","	4.1","	2026-07-28 13:11:37"
"	69BA0CDE","	Chamber1","	1","	B01??(%RH)","	79.4","	2026-07-28 13:11:35"
"	69BA0CDE","	Chamber1","	1","	B01??(?)","	4.1","	2026-07-28 13:11:35"
"	69BA0CDE","	Chamber1","	1","	B01??(%RH)","	79.4","	2026-07-28 13:11:33"
"	69BA0CDE","	Chamber1","	1","	B01??(?)","	4.1","	2026-07-28 13:11:33"
"	69BA0CDE","	Chamber1","	1","	B01??(%RH)","	79.4","	2026-07-28 13:11:30"
"	69BA0CDE","	Chamber1","	1","	B01??(?)","	4.1","	2026-07-28 13:11:30"
"	69BA0CDE","	Chamber1","	1","	B01??(%RH)","	79.4","	2026-07-28 13:11:28"
"	69BA0CDE","	Chamber1","	1","	B01??(?)","	4.1","	2026-07-28 13:11:28"
"	69BA0CDE","	Chamber1","	1","	B01??(%RH)","	79.4","	2026-07-28 13:11:26"
"	69BA0CDE","	Chamber1","	1","	B01??(?)","	4.1","	2026-07-28 13:11:26"
"	69BA0CDE","	Chamber1","	1","	B01??(%RH)","	79.4","	2026-07-28 13:11:24"
"	69BA0CDE","	Chamber1","	1","	B01??(?)","	4.1","	2026-07-28 13:11:24"
"	69BA0CDE","	Chamber1","	1","	B01??(%RH)","	79.4","	2026-07-28 13:11:22"
"	69BA0CDE","	Chamber1","	1","	B01??(?)","	4.1","	2026-07-28 13:11:22"
"	69BA0CDE","	Chamber1","	1","	B01??(%RH)","	79.4","	2026-07-28 13:11:20"
"	69BA0CDE","	Chamber1","	1","	B01??(?)","	4.1","	2026-07-28 13:11:20"
"	69BA0CDE","	Chamber1","	1","	B01??(%RH)","	79.4","	2026-07-28 13:11:18"
"	69BA0CDE","	Chamber1","	1","	B01??(?)","	4.1","	2026-07-28 13:11:18"
"	69BA0CDE","	Chamber1","	1","	B01??(%RH)","	79.4","	2026-07-28 13:11:16"
"	69BA0CDE","	Chamber1","	1","	B01??(?)","	4.1","	2026-07-28 13:11:16"
"	69BA0CDE","	Chamber1","	1","	B01??(%RH)","	79.4","	2026-07-28 13:11:14"
"	69BA0CDE","	Chamber1","	1","	B01??(?)","	4.1","	2026-07-28 13:11:14"
"	69BA0CDE","	Chamber1","	1","	B01??(%RH)","	79.4","	2026-07-28 13:11:12"
"	69BA0CDE","	Chamber1","	1","	B01??(?)","	4.1","	2026-07-28 13:11:12"
"	69BA0CDE","	Chamber1","	1","	B01??(%RH)","	79.4","	2026-07-28 13:11:10"
"	69BA0CDE","	Chamber1","	1","	B01??(?)","	4.1","	2026-07-28 13:11:10"
"	69BA0CDE","	Chamber1","	1","	B01??(%RH)","	79.3","	2026-07-28 13:11:08"
"	69BA0CDE","	Chamber1","	1","	B01??(?)","	4.1","	2026-07-28 13:11:08"
"	69BA0CDE","	Chamber1","	1","	B01??(%RH)","	79.4","	2026-07-28 13:11:06"
"	69BA0CDE","	Chamber1","	1","	B01??(?)","	4.1","	2026-07-28 13:11:06"
"	69BA0CDE","	Chamber1","	1","	B01??(%RH)","	79.4","	2026-07-28 13:11:04"
"	69BA0CDE","	Chamber1","	1","	B01??(?)","	4.1","	2026-07-28 13:11:04"
"	69BA0CDE","	Chamber1","	1","	B01??(%RH)","	79.4","	2026-07-28 13:11:02"
"	69BA0CDE","	Chamber1","	1","	B01??(?)","	4.1","	2026-07-28 13:11:02"
"	69BA0CDE","	Chamber1","	1","	B01??(%RH)","	79.4","	2026-07-28 13:11:00"
"	69BA0CDE","	Chamber1","	1","	B01??(?)","	4.1","	2026-07-28 13:11:00"
"	69BA0CDE","	Chamber1","	1","	B01??(%RH)","	79.3","	2026-07-28 13:10:58"
"	69BA0CDE","	Chamber1","	1","	B01??(?)","	4.1","	2026-07-28 13:10:58"
"	69BA0CDE","	Chamber1","	1","	B01??(%RH)","	79.3","	2026-07-28 13:10:56"
"	69BA0CDE","	Chamber1","	1","	B01??(?)","	4.1","	2026-07-28 13:10:56"
"	69BA0CDE","	Chamber1","	1","	B01??(%RH)","	79.3","	2026-07-28 13:10:54"
"	69BA0CDE","	Chamber1","	1","	B01??(?)","	4.1","	2026-07-28 13:10:54"
"	69BA0CDE","	Chamber1","	1","	B01??(%RH)","	79.4","	2026-07-28 13:10:52"
"	69BA0CDE","	Chamber1","	1","	B01??(?)","	4.1","	2026-07-28 13:10:52"
"	69BA0CDE","	Chamber1","	1","	B01??(%RH)","	79.3","	2026-07-28 13:10:50"
"	69BA0CDE","	Chamber1","	1","	B01??(?)","	4.1","	2026-07-28 13:10:50"
"	69BA0CDE","	Chamber1","	1","	B01??(%RH)","	79.3","	2026-07-28 13:10:47"
"	69BA0CDE","	Chamber1","	1","	B01??(?)","	4.1","	2026-07-28 13:10:47"
"	69BA0CDE","	Chamber1","	1","	B01??(%RH)","	79.4","	2026-07-28 13:10:45"
"	69BA0CDE","	Chamber1","	1","	B01??(?)","	4.1","	2026-07-28 13:10:45"
"	69BA0CDE","	Chamber1","	1","	B01??(%RH)","	79.3","	2026-07-28 13:10:43"
"	69BA0CDE","	Chamber1","	1","	B01??(?)","	4.1","	2026-07-28 13:10:43"
"	69BA0CDE","	Chamber1","	1","	B01??(%RH)","	79.3","	2026-07-28 13:10:41"
"	69BA0CDE","	Chamber1","	1","	B01??(?)","	4.1","	2026-07-28 13:10:41"
"	69BA0CDE","	Chamber1","	1","	B01??(%RH)","	79.3","	2026-07-28 13:10:39"
"	69BA0CDE","	Chamber1","	1","	B01??(?)","	4.1","	2026-07-28 13:10:39"
"	69BA0CDE","	Chamber1","	1","	B01??(%RH)","	79.3","	2026-07-28 13:10:37"
"	69BA0CDE","	Chamber1","	1","	B01??(?)","	4.1","	2026-07-28 13:10:37"
"	69BA0CDE","	Chamber1","	1","	B01??(%RH)","	79.3","	2026-07-28 13:10:35"
"	69BA0CDE","	Chamber1","	1","	B01??(?)","	4.1","	2026-07-28 13:10:35"
"	69BA0CDE","	Chamber1","	1","	B01??(%RH)","	79.3","	2026-07-28 13:10:33"
"	69BA0CDE","	Chamber1","	1","	B01??(?)","	4.1","	2026-07-28 13:10:33"
"	69BA0CDE","	Chamber1","	1","	B01??(%RH)","	79.3","	2026-07-28 13:10:31"
"	69BA0CDE","	Chamber1","	1","	B01??(?)","	4.1","	2026-07-28 13:10:31"
"	69BA0CDE","	Chamber1","	1","	B01??(%RH)","	79.3","	2026-07-28 13:10:29"
"	69BA0CDE","	Chamber1","	1","	B01??(?)","	4.1","	2026-07-28 13:10:29"
"	69BA0CDE","	Chamber1","	1","	B01??(%RH)","	79.3","	2026-07-28 13:10:27"
"	69BA0CDE","	Chamber1","	1","	B01??(?)","	4.1","	2026-07-28 13:10:27"
"	69BA0CDE","	Chamber1","	1","	B01??(%RH)","	79.3","	2026-07-28 13:10:25"
"	69BA0CDE","	Chamber1","	1","	B01??(?)","	4.1","	2026-07-28 13:10:25"
"	69BA0CDE","	Chamber1","	1","	B01??(%RH)","	79.3","	2026-07-28 13:10:23"
"	69BA0CDE","	Chamber1","	1","	B01??(?)","	4.1","	2026-07-28 13:10:23"
"	69BA0CDE","	Chamber1","	1","	B01??(%RH)","	79.3","	2026-07-28 13:10:21"
"	69BA0CDE","	Chamber1","	1","	B01??(?)","	4.1","	2026-07-28 13:10:21"
"	69BA0CDE","	Chamber1","	1","	B01??(%RH)","	79.3","	2026-07-28 13:10:19"
"	69BA0CDE","	Chamber1","	1","	B01??(?)","	4.1","	2026-07-28 13:10:19"
"	69BA0CDE","	Chamber1","	1","	B01??(%RH)","	79.3","	2026-07-28 13:10:17"
"	69BA0CDE","	Chamber1","	1","	B01??(?)","	4.1","	2026-07-28 13:10:17"
"	69BA0CDE","	Chamber1","	1","	B01??(%RH)","	79.3","	2026-07-28 13:10:15"
"	69BA0CDE","	Chamber1","	1","	B01??(?)","	4.1","	2026-07-28 13:10:15"
"	69BA0CDE","	Chamber1","	1","	B01??(%RH)","	79.3","	2026-07-28 13:10:13"
"	69BA0CDE","	Chamber1","	1","	B01??(?)","	4.1","	2026-07-28 13:10:13"
"	69BA0CDE","	Chamber1","	1","	B01??(%RH)","	79.3","	2026-07-28 13:10:11"
"	69BA0CDE","	Chamber1","	1","	B01??(?)","	4.1","	2026-07-28 13:10:11"
"	69BA0CDE","	Chamber1","	1","	B01??(%RH)","	79.3","	2026-07-28 13:10:09"
"	69BA0CDE","	Chamber1","	1","	B01??(?)","	4.1","	2026-07-28 13:10:09"
"	69BA0CDE","	Chamber1","	1","	B01??(%RH)","	79.2","	2026-07-28 13:10:06"
"	69BA0CDE","	Chamber1","	1","	B01??(?)","	4.1","	2026-07-28 13:10:06"
"	69BA0CDE","	Chamber1","	1","	B01??(%RH)","	79.3","	2026-07-28 13:10:04"
"	69BA0CDE","	Chamber1","	1","	B01??(?)","	4.1","	2026-07-28 13:10:04"
"	69BA0CDE","	Chamber1","	1","	B01??(%RH)","	79.3","	2026-07-28 13:10:02"
"	69BA0CDE","	Chamber1","	1","	B01??(?)","	4.1","	2026-07-28 13:10:02"
"	69BA0CDE","	Chamber1","	1","	B01??(%RH)","	79.3","	2026-07-28 13:10:00"
"	69BA0CDE","	Chamber1","	1","	B01??(?)","	4.1","	2026-07-28 13:10:00"
"	69BA0CDE","	Chamber1","	1","	B01??(%RH)","	79.2","	2026-07-28 13:09:58"
"	69BA0CDE","	Chamber1","	1","	B01??(?)","	4.1","	2026-07-28 13:09:58"
"	69BA0CDE","	Chamber1","	1","	B01??(%RH)","	79.3","	2026-07-28 13:09:56"
"	69BA0CDE","	Chamber1","	1","	B01??(?)","	4.1","	2026-07-28 13:09:56"
"	69BA0CDE","	Chamber1","	1","	B01??(%RH)","	79.2","	2026-07-28 13:09:54"
"	69BA0CDE","	Chamber1","	1","	B01??(?)","	4.1","	2026-07-28 13:09:54"
"	69BA0CDE","	Chamber1","	1","	B01??(%RH)","	79.2","	2026-07-28 13:09:52"
"	69BA0CDE","	Chamber1","	1","	B01??(?)","	4.1","	2026-07-28 13:09:52"
"	69BA0CDE","	Chamber1","	1","	B01??(%RH)","	79.2","	2026-07-28 13:09:50"
"	69BA0CDE","	Chamber1","	1","	B01??(?)","	4.1","	2026-07-28 13:09:50"
"	69BA0CDE","	Chamber1","	1","	B01??(%RH)","	79.2","	2026-07-28 13:09:48"
"	69BA0CDE","	Chamber1","	1","	B01??(?)","	4.1","	2026-07-28 13:09:48"
"	69BA0CDE","	Chamber1","	1","	B01??(%RH)","	79.3","	2026-07-28 13:09:46"
"	69BA0CDE","	Chamber1","	1","	B01??(?)","	4.1","	2026-07-28 13:09:46"
"	69BA0CDE","	Chamber1","	1","	B01??(%RH)","	79.2","	2026-07-28 13:09:44"
"	69BA0CDE","	Chamber1","	1","	B01??(?)","	4.1","	2026-07-28 13:09:44"
"	69BA0CDE","	Chamber1","	1","	B01??(%RH)","	79.2","	2026-07-28 13:09:42"
"	69BA0CDE","	Chamber1","	1","	B01??(?)","	4.1","	2026-07-28 13:09:42"
"	69BA0CDE","	Chamber1","	1","	B01??(%RH)","	79.2","	2026-07-28 13:09:40"
"	69BA0CDE","	Chamber1","	1","	B01??(?)","	4.1","	2026-07-28 13:09:40"
"	69BA0CDE","	Chamber1","	1","	B01??(%RH)","	79.2","	2026-07-28 13:09:38"
"	69BA0CDE","	Chamber1","	1","	B01??(?)","	4.1","	2026-07-28 13:09:38"
"	69BA0CDE","	Chamber1","	1","	B01??(%RH)","	79.2","	2026-07-28 13:09:36"
"	69BA0CDE","	Chamber1","	1","	B01??(?)","	4.1","	2026-07-28 13:09:36"
"	69BA0CDE","	Chamber1","	1","	B01??(%RH)","	79.2","	2026-07-28 13:09:34"
"	69BA0CDE","	Chamber1","	1","	B01??(?)","	4.1","	2026-07-28 13:09:34"
"	69BA0CDE","	Chamber1","	1","	B01??(%RH)","	79.2","	2026-07-28 13:09:32"
"	69BA0CDE","	Chamber1","	1","	B01??(?)","	4.1","	2026-07-28 13:09:32"
"	69BA0CDE","	Chamber1","	1","	B01??(%RH)","	79.2","	2026-07-28 13:09:30"
"	69BA0CDE","	Chamber1","	1","	B01??(?)","	4.1","	2026-07-28 13:09:30"
"	69BA0CDE","	Chamber1","	1","	B01??(%RH)","	79.2","	2026-07-28 13:09:28"
"	69BA0CDE","	Chamber1","	1","	B01??(?)","	4.1","	2026-07-28 13:09:28"
"	69BA0CDE","	Chamber1","	1","	B01??(%RH)","	79.2","	2026-07-28 13:09:26"
"	69BA0CDE","	Chamber1","	1","	B01??(?)","	4.1","	2026-07-28 13:09:26"
"	69BA0CDE","	Chamber1","	1","	B01??(%RH)","	79.2","	2026-07-28 13:09:23"
"	69BA0CDE","	Chamber1","	1","	B01??(?)","	4.1","	2026-07-28 13:09:23"
"	69BA0CDE","	Chamber1","	1","	B01??(%RH)","	79.2","	2026-07-28 13:09:21"
"	69BA0CDE","	Chamber1","	1","	B01??(?)","	4.1","	2026-07-28 13:09:21"
"	69BA0CDE","	Chamber1","	1","	B01??(%RH)","	79.2","	2026-07-28 13:09:19"
"	69BA0CDE","	Chamber1","	1","	B01??(?)","	4.1","	2026-07-28 13:09:19"
"	69BA0CDE","	Chamber1","	1","	B01??(%RH)","	79.2","	2026-07-28 13:09:17"
"	69BA0CDE","	Chamber1","	1","	B01??(?)","	4.1","	2026-07-28 13:09:17"
"	69BA0CDE","	Chamber1","	1","	B01??(%RH)","	79.2","	2026-07-28 13:09:15"
"	69BA0CDE","	Chamber1","	1","	B01??(?)","	4.2","	2026-07-28 13:09:15"
"	69BA0CDE","	Chamber1","	1","	B01??(%RH)","	79.2","	2026-07-28 13:09:13"
"	69BA0CDE","	Chamber1","	1","	B01??(?)","	4.1","	2026-07-28 13:09:13"
"	69BA0CDE","	Chamber1","	1","	B01??(%RH)","	79.2","	2026-07-28 13:09:11"
"	69BA0CDE","	Chamber1","	1","	B01??(?)","	4.1","	2026-07-28 13:09:11"
"	69BA0CDE","	Chamber1","	1","	B01??(%RH)","	79.1","	2026-07-28 13:09:09"
"	69BA0CDE","	Chamber1","	1","	B01??(?)","	4.2","	2026-07-28 13:09:09"
"	69BA0CDE","	Chamber1","	1","	B01??(%RH)","	79.1","	2026-07-28 13:09:07"
"	69BA0CDE","	Chamber1","	1","	B01??(?)","	4.1","	2026-07-28 13:09:07"
"	69BA0CDE","	Chamber1","	1","	B01??(%RH)","	79.2","	2026-07-28 13:09:05"
"	69BA0CDE","	Chamber1","	1","	B01??(?)","	4.1","	2026-07-28 13:09:05"
"	69BA0CDE","	Chamber1","	1","	B01??(%RH)","	79.2","	2026-07-28 13:09:03"
"	69BA0CDE","	Chamber1","	1","	B01??(?)","	4.1","	2026-07-28 13:09:03"
"	69BA0CDE","	Chamber1","	1","	B01??(%RH)","	79.2","	2026-07-28 13:09:01"
"	69BA0CDE","	Chamber1","	1","	B01??(?)","	4.1","	2026-07-28 13:09:01"
"	69BA0CDE","	Chamber1","	1","	B01??(%RH)","	79.1","	2026-07-28 13:08:59"
"	69BA0CDE","	Chamber1","	1","	B01??(?)","	4.1","	2026-07-28 13:08:59"
"	69BA0CDE","	Chamber1","	1","	B01??(%RH)","	79.1","	2026-07-28 13:08:57"
"	69BA0CDE","	Chamber1","	1","	B01??(?)","	4.2","	2026-07-28 13:08:57"
"	69BA0CDE","	Chamber1","	1","	B01??(%RH)","	79.1","	2026-07-28 13:08:55"
"	69BA0CDE","	Chamber1","	1","	B01??(?)","	4.1","	2026-07-28 13:08:55"
"	69BA0CDE","	Chamber1","	1","	B01??(%RH)","	79.1","	2026-07-28 13:08:53"
"	69BA0CDE","	Chamber1","	1","	B01??(?)","	4.1","	2026-07-28 13:08:53"
"	69BA0CDE","	Chamber1","	1","	B01??(%RH)","	79.1","	2026-07-28 13:08:51"
"	69BA0CDE","	Chamber1","	1","	B01??(?)","	4.2","	2026-07-28 13:08:51"
"	69BA0CDE","	Chamber1","	1","	B01??(%RH)","	79.1","	2026-07-28 13:08:49"
"	69BA0CDE","	Chamber1","	1","	B01??(?)","	4.1","	2026-07-28 13:08:49"
"	69BA0CDE","	Chamber1","	1","	B01??(%RH)","	79.1","	2026-07-28 13:08:47"
"	69BA0CDE","	Chamber1","	1","	B01??(?)","	4.1","	2026-07-28 13:08:47"
"	69BA0CDE","	Chamber1","	1","	B01??(%RH)","	79.1","	2026-07-28 13:08:45"
"	69BA0CDE","	Chamber1","	1","	B01??(?)","	4.1","	2026-07-28 13:08:45"
"	69BA0CDE","	Chamber1","	1","	B01??(%RH)","	79.1","	2026-07-28 13:08:43"
"	69BA0CDE","	Chamber1","	1","	B01??(?)","	4.2","	2026-07-28 13:08:43"
"	69BA0CDE","	Chamber1","	1","	B01??(%RH)","	79.1","	2026-07-28 13:08:40"
"	69BA0CDE","	Chamber1","	1","	B01??(?)","	4.1","	2026-07-28 13:08:40"
"	69BA0CDE","	Chamber1","	1","	B01??(%RH)","	79.1","	2026-07-28 13:08:38"
"	69BA0CDE","	Chamber1","	1","	B01??(?)","	4.2","	2026-07-28 13:08:38"
"	69BA0CDE","	Chamber1","	1","	B01??(%RH)","	79.1","	2026-07-28 13:08:36"
"	69BA0CDE","	Chamber1","	1","	B01??(?)","	4.1","	2026-07-28 13:08:36"
"	69BA0CDE","	Chamber1","	1","	B01??(%RH)","	79.1","	2026-07-28 13:08:34"
"	69BA0CDE","	Chamber1","	1","	B01??(?)","	4.1","	2026-07-28 13:08:34"
"	69BA0CDE","	Chamber1","	1","	B01??(%RH)","	79.1","	2026-07-28 13:08:32"
"	69BA0CDE","	Chamber1","	1","	B01??(?)","	4.2","	2026-07-28 13:08:32"
"	69BA0CDE","	Chamber1","	1","	B01??(?)","	4.1","	2026-07-28 13:08:30"
"	69BA0CDE","	Chamber1","	1","	B01??(%RH)","	79.1","	2026-07-28 13:08:30"
"	69BA0CDE","	Chamber1","	1","	B01??(?)","	4.2","	2026-07-28 13:08:28"
"	69BA0CDE","	Chamber1","	1","	B01??(%RH)","	79","	2026-07-28 13:08:28"
"	69BA0CDE","	Chamber1","	1","	B01??(%RH)","	79.1","	2026-07-28 13:08:26"
"	69BA0CDE","	Chamber1","	1","	B01??(?)","	4.2","	2026-07-28 13:08:26"
"	69BA0CDE","	Chamber1","	1","	B01??(%RH)","	79.1","	2026-07-28 13:08:24"
"	69BA0CDE","	Chamber1","	1","	B01??(?)","	4.1","	2026-07-28 13:08:24"
"	69BA0CDE","	Chamber1","	1","	B01??(%RH)","	79.1","	2026-07-28 13:08:22"
"	69BA0CDE","	Chamber1","	1","	B01??(?)","	4.2","	2026-07-28 13:08:22"
"	69BA0CDE","	Chamber1","	1","	B01??(%RH)","	79.1","	2026-07-28 13:08:20"
"	69BA0CDE","	Chamber1","	1","	B01??(?)","	4.2","	2026-07-28 13:08:20"
"	69BA0CDE","	Chamber1","	1","	B01??(%RH)","	79.1","	2026-07-28 13:08:18"
"	69BA0CDE","	Chamber1","	1","	B01??(?)","	4.2","	2026-07-28 13:08:18"
"	69BA0CDE","	Chamber1","	1","	B01??(%RH)","	79","	2026-07-28 13:08:16"
"	69BA0CDE","	Chamber1","	1","	B01??(?)","	4.2","	2026-07-28 13:08:16"
"	69BA0CDE","	Chamber1","	1","	B01??(%RH)","	79","	2026-07-28 13:08:14"
"	69BA0CDE","	Chamber1","	1","	B01??(?)","	4.2","	2026-07-28 13:08:14"
"	69BA0CDE","	Chamber1","	1","	B01??(%RH)","	79","	2026-07-28 13:08:12"
"	69BA0CDE","	Chamber1","	1","	B01??(?)","	4.2","	2026-07-28 13:08:12"
"	69BA0CDE","	Chamber1","	1","	B01??(%RH)","	79","	2026-07-28 13:08:10"
"	69BA0CDE","	Chamber1","	1","	B01??(?)","	4.2","	2026-07-28 13:08:10"
"	69BA0CDE","	Chamber1","	1","	B01??(%RH)","	79","	2026-07-28 13:08:08"
"	69BA0CDE","	Chamber1","	1","	B01??(?)","	4.2","	2026-07-28 13:08:08"
"	69BA0CDE","	Chamber1","	1","	B01??(%RH)","	79","	2026-07-28 13:08:06"
"	69BA0CDE","	Chamber1","	1","	B01??(?)","	4.2","	2026-07-28 13:08:06"
"	69BA0CDE","	Chamber1","	1","	B01??(%RH)","	79","	2026-07-28 13:08:04"
"	69BA0CDE","	Chamber1","	1","	B01??(?)","	4.2","	2026-07-28 13:08:04"
"	69BA0CDE","	Chamber1","	1","	B01??(%RH)","	79","	2026-07-28 13:08:02"
"	69BA0CDE","	Chamber1","	1","	B01??(?)","	4.2","	2026-07-28 13:08:02"
"	69BA0CDE","	Chamber1","	1","	B01??(%RH)","	79","	2026-07-28 13:08:00"
"	69BA0CDE","	Chamber1","	1","	B01??(?)","	4.2","	2026-07-28 13:08:00"
"	69BA0CDE","	Chamber1","	1","	B01??(%RH)","	79","	2026-07-28 13:07:58"
"	69BA0CDE","	Chamber1","	1","	B01??(?)","	4.2","	2026-07-28 13:07:58"
"	69BA0CDE","	Chamber1","	1","	B01??(?)","	4.2","	2026-07-28 13:07:55"
"	69BA0CDE","	Chamber1","	1","	B01??(%RH)","	79","	2026-07-28 13:07:55"
"	69BA0CDE","	Chamber1","	1","	B01??(%RH)","	79","	2026-07-28 13:07:53"
"	69BA0CDE","	Chamber1","	1","	B01??(?)","	4.2","	2026-07-28 13:07:53"
"	69BA0CDE","	Chamber1","	1","	B01??(%RH)","	79","	2026-07-28 13:07:51"
"	69BA0CDE","	Chamber1","	1","	B01??(?)","	4.2","	2026-07-28 13:07:51"
"	69BA0CDE","	Chamber1","	1","	B01??(%RH)","	79","	2026-07-28 13:07:49"
"	69BA0CDE","	Chamber1","	1","	B01??(?)","	4.2","	2026-07-28 13:07:49"
"	69BA0CDE","	Chamber1","	1","	B01??(%RH)","	79","	2026-07-28 13:07:47"
"	69BA0CDE","	Chamber1","	1","	B01??(?)","	4.2","	2026-07-28 13:07:47"
"	69BA0CDE","	Chamber1","	1","	B01??(%RH)","	79","	2026-07-28 13:07:45"
"	69BA0CDE","	Chamber1","	1","	B01??(?)","	4.2","	2026-07-28 13:07:45"
"	69BA0CDE","	Chamber1","	1","	B01??(%RH)","	78.9","	2026-07-28 13:07:43"
"	69BA0CDE","	Chamber1","	1","	B01??(?)","	4.2","	2026-07-28 13:07:43"
"	69BA0CDE","	Chamber1","	1","	B01??(%RH)","	78.9","	2026-07-28 13:07:41"
"	69BA0CDE","	Chamber1","	1","	B01??(?)","	4.2","	2026-07-28 13:07:41"
"	69BA0CDE","	Chamber1","	1","	B01??(%RH)","	79","	2026-07-28 13:07:39"
"	69BA0CDE","	Chamber1","	1","	B01??(?)","	4.2","	2026-07-28 13:07:39"
"	69BA0CDE","	Chamber1","	1","	B01??(%RH)","	78.9","	2026-07-28 13:07:37"
"	69BA0CDE","	Chamber1","	1","	B01??(?)","	4.2","	2026-07-28 13:07:37"
"	69BA0CDE","	Chamber1","	1","	B01??(%RH)","	79","	2026-07-28 13:07:35"
"	69BA0CDE","	Chamber1","	1","	B01??(?)","	4.2","	2026-07-28 13:07:35"
"	69BA0CDE","	Chamber1","	1","	B01??(%RH)","	79","	2026-07-28 13:07:33"
"	69BA0CDE","	Chamber1","	1","	B01??(?)","	4.2","	2026-07-28 13:07:33"
"	69BA0CDE","	Chamber1","	1","	B01??(%RH)","	78.9","	2026-07-28 13:07:31"
"	69BA0CDE","	Chamber1","	1","	B01??(?)","	4.2","	2026-07-28 13:07:31"
"	69BA0CDE","	Chamber1","	1","	B01??(%RH)","	78.9","	2026-07-28 13:07:29"
"	69BA0CDE","	Chamber1","	1","	B01??(?)","	4.2","	2026-07-28 13:07:29"
"	69BA0CDE","	Chamber1","	1","	B01??(%RH)","	78.9","	2026-07-28 13:07:27"
"	69BA0CDE","	Chamber1","	1","	B01??(?)","	4.2","	2026-07-28 13:07:27"
"	69BA0CDE","	Chamber1","	1","	B01??(%RH)","	78.9","	2026-07-28 13:07:25"
"	69BA0CDE","	Chamber1","	1","	B01??(?)","	4.2","	2026-07-28 13:07:25"
"	69BA0CDE","	Chamber1","	1","	B01??(%RH)","	78.9","	2026-07-28 13:07:23"
"	69BA0CDE","	Chamber1","	1","	B01??(?)","	4.2","	2026-07-28 13:07:23"
"	69BA0CDE","	Chamber1","	1","	B01??(%RH)","	78.9","	2026-07-28 13:07:21"
"	69BA0CDE","	Chamber1","	1","	B01??(?)","	4.2","	2026-07-28 13:07:21"
"	69BA0CDE","	Chamber1","	1","	B01??(%RH)","	78.9","	2026-07-28 13:07:19"
"	69BA0CDE","	Chamber1","	1","	B01??(?)","	4.2","	2026-07-28 13:07:19"
"	69BA0CDE","	Chamber1","	1","	B01??(%RH)","	78.9","	2026-07-28 13:07:17"
"	69BA0CDE","	Chamber1","	1","	B01??(?)","	4.2","	2026-07-28 13:07:17"
"	69BA0CDE","	Chamber1","	1","	B01??(%RH)","	78.9","	2026-07-28 13:07:15"
"	69BA0CDE","	Chamber1","	1","	B01??(?)","	4.2","	2026-07-28 13:07:15"
"	69BA0CDE","	Chamber1","	1","	B01??(%RH)","	78.9","	2026-07-28 13:07:13"
"	69BA0CDE","	Chamber1","	1","	B01??(?)","	4.2","	2026-07-28 13:07:13"
"	69BA0CDE","	Chamber1","	1","	B01??(%RH)","	78.9","	2026-07-28 13:07:10"
"	69BA0CDE","	Chamber1","	1","	B01??(?)","	4.2","	2026-07-28 13:07:10"
"	69BA0CDE","	Chamber1","	1","	B01??(%RH)","	78.9","	2026-07-28 13:07:08"
"	69BA0CDE","	Chamber1","	1","	B01??(?)","	4.2","	2026-07-28 13:07:08"
"	69BA0CDE","	Chamber1","	1","	B01??(%RH)","	78.9","	2026-07-28 13:07:06"
"	69BA0CDE","	Chamber1","	1","	B01??(?)","	4.2","	2026-07-28 13:07:06"
"	69BA0CDE","	Chamber1","	1","	B01??(%RH)","	78.9","	2026-07-28 13:07:04"
"	69BA0CDE","	Chamber1","	1","	B01??(?)","	4.2","	2026-07-28 13:07:04"
"	69BA0CDE","	Chamber1","	1","	B01??(%RH)","	78.9","	2026-07-28 13:07:02"
"	69BA0CDE","	Chamber1","	1","	B01??(?)","	4.2","	2026-07-28 13:07:02"
"	69BA0CDE","	Chamber1","	1","	B01??(%RH)","	78.8","	2026-07-28 13:07:00"
"	69BA0CDE","	Chamber1","	1","	B01??(?)","	4.2","	2026-07-28 13:07:00"
"	69BA0CDE","	Chamber1","	1","	B01??(%RH)","	78.9","	2026-07-28 13:06:58"
"	69BA0CDE","	Chamber1","	1","	B01??(?)","	4.2","	2026-07-28 13:06:58"
"	69BA0CDE","	Chamber1","	1","	B01??(%RH)","	78.8","	2026-07-28 13:06:56"
"	69BA0CDE","	Chamber1","	1","	B01??(?)","	4.2","	2026-07-28 13:06:56"
"	69BA0CDE","	Chamber1","	1","	B01??(%RH)","	78.8","	2026-07-28 13:06:54"
"	69BA0CDE","	Chamber1","	1","	B01??(?)","	4.2","	2026-07-28 13:06:54"
"	69BA0CDE","	Chamber1","	1","	B01??(%RH)","	78.9","	2026-07-28 13:06:52"
"	69BA0CDE","	Chamber1","	1","	B01??(?)","	4.2","	2026-07-28 13:06:52"
"	69BA0CDE","	Chamber1","	1","	B01??(%RH)","	78.8","	2026-07-28 13:06:50"
"	69BA0CDE","	Chamber1","	1","	B01??(?)","	4.2","	2026-07-28 13:06:50"
"	69BA0CDE","	Chamber1","	1","	B01??(%RH)","	78.8","	2026-07-28 13:06:48"
"	69BA0CDE","	Chamber1","	1","	B01??(?)","	4.2","	2026-07-28 13:06:48"
"	69BA0CDE","	Chamber1","	1","	B01??(%RH)","	78.8","	2026-07-28 13:06:46"
"	69BA0CDE","	Chamber1","	1","	B01??(?)","	4.2","	2026-07-28 13:06:46"
"	69BA0CDE","	Chamber1","	1","	B01??(%RH)","	78.8","	2026-07-28 13:06:44"
"	69BA0CDE","	Chamber1","	1","	B01??(?)","	4.2","	2026-07-28 13:06:44"
"	69BA0CDE","	Chamber1","	1","	B01??(%RH)","	78.8","	2026-07-28 13:06:42"
"	69BA0CDE","	Chamber1","	1","	B01??(?)","	4.2","	2026-07-28 13:06:42"
"	69BA0CDE","	Chamber1","	1","	B01??(%RH)","	78.8","	2026-07-28 13:06:40"
"	69BA0CDE","	Chamber1","	1","	B01??(?)","	4.2","	2026-07-28 13:06:40"
"	69BA0CDE","	Chamber1","	1","	B01??(%RH)","	78.8","	2026-07-28 13:06:38"
"	69BA0CDE","	Chamber1","	1","	B01??(?)","	4.2","	2026-07-28 13:06:38"
"	69BA0CDE","	Chamber1","	1","	B01??(?)","	4.2","	2026-07-28 13:06:36"
"	69BA0CDE","	Chamber1","	1","	B01??(%RH)","	78.8","	2026-07-28 13:06:36"
"	69BA0CDE","	Chamber1","	1","	B01??(%RH)","	78.8","	2026-07-28 13:06:34"
"	69BA0CDE","	Chamber1","	1","	B01??(?)","	4.2","	2026-07-28 13:06:34"
"	69BA0CDE","	Chamber1","	1","	B01??(%RH)","	78.8","	2026-07-28 13:06:32"
"	69BA0CDE","	Chamber1","	1","	B01??(?)","	4.2","	2026-07-28 13:06:32"
"	69BA0CDE","	Chamber1","	1","	B01??(%RH)","	78.8","	2026-07-28 13:06:30"
"	69BA0CDE","	Chamber1","	1","	B01??(?)","	4.2","	2026-07-28 13:06:30"
"	69BA0CDE","	Chamber1","	1","	B01??(%RH)","	78.8","	2026-07-28 13:06:27"
"	69BA0CDE","	Chamber1","	1","	B01??(?)","	4.2","	2026-07-28 13:06:27"
"	69BA0CDE","	Chamber1","	1","	B01??(%RH)","	78.8","	2026-07-28 13:06:25"
"	69BA0CDE","	Chamber1","	1","	B01??(?)","	4.2","	2026-07-28 13:06:25"
"	69BA0CDE","	Chamber1","	1","	B01??(%RH)","	78.8","	2026-07-28 13:06:23"
"	69BA0CDE","	Chamber1","	1","	B01??(?)","	4.2","	2026-07-28 13:06:23"
"	69BA0CDE","	Chamber1","	1","	B01??(%RH)","	78.8","	2026-07-28 13:06:21"
"	69BA0CDE","	Chamber1","	1","	B01??(?)","	4.2","	2026-07-28 13:06:21"
"	69BA0CDE","	Chamber1","	1","	B01??(%RH)","	78.8","	2026-07-28 13:06:19"
"	69BA0CDE","	Chamber1","	1","	B01??(?)","	4.2","	2026-07-28 13:06:19"
"	69BA0CDE","	Chamber1","	1","	B01??(%RH)","	78.7","	2026-07-28 13:06:17"
"	69BA0CDE","	Chamber1","	1","	B01??(?)","	4.2","	2026-07-28 13:06:17"
"	69BA0CDE","	Chamber1","	1","	B01??(%RH)","	78.8","	2026-07-28 13:06:15"
"	69BA0CDE","	Chamber1","	1","	B01??(?)","	4.2","	2026-07-28 13:06:15"
"	69BA0CDE","	Chamber1","	1","	B01??(%RH)","	78.8","	2026-07-28 13:06:13"
"	69BA0CDE","	Chamber1","	1","	B01??(?)","	4.2","	2026-07-28 13:06:13"
"	69BA0CDE","	Chamber1","	1","	B01??(%RH)","	78.7","	2026-07-28 13:06:11"
"	69BA0CDE","	Chamber1","	1","	B01??(?)","	4.2","	2026-07-28 13:06:11"
"	69BA0CDE","	Chamber1","	1","	B01??(%RH)","	78.7","	2026-07-28 13:06:09"
"	69BA0CDE","	Chamber1","	1","	B01??(?)","	4.2","	2026-07-28 13:06:09"
"	69BA0CDE","	Chamber1","	1","	B01??(%RH)","	78.7","	2026-07-28 13:06:07"
"	69BA0CDE","	Chamber1","	1","	B01??(?)","	4.2","	2026-07-28 13:06:07"
"	69BA0CDE","	Chamber1","	1","	B01??(%RH)","	78.7","	2026-07-28 13:06:05"
"	69BA0CDE","	Chamber1","	1","	B01??(?)","	4.2","	2026-07-28 13:06:05"
"	69BA0CDE","	Chamber1","	1","	B01??(%RH)","	78.7","	2026-07-28 13:06:03"
"	69BA0CDE","	Chamber1","	1","	B01??(?)","	4.2","	2026-07-28 13:06:03"
"	69BA0CDE","	Chamber1","	1","	B01??(%RH)","	78.7","	2026-07-28 13:06:01"
"	69BA0CDE","	Chamber1","	1","	B01??(?)","	4.2","	2026-07-28 13:06:01"
"	69BA0CDE","	Chamber1","	1","	B01??(%RH)","	78.7","	2026-07-28 13:05:59"
"	69BA0CDE","	Chamber1","	1","	B01??(?)","	4.2","	2026-07-28 13:05:59"
"	69BA0CDE","	Chamber1","	1","	B01??(%RH)","	78.7","	2026-07-28 13:05:57"
"	69BA0CDE","	Chamber1","	1","	B01??(?)","	4.2","	2026-07-28 13:05:57"
"	69BA0CDE","	Chamber1","	1","	B01??(%RH)","	78.7","	2026-07-28 13:05:55"
"	69BA0CDE","	Chamber1","	1","	B01??(?)","	4.2","	2026-07-28 13:05:55"
"	69BA0CDE","	Chamber1","	1","	B01??(%RH)","	78.7","	2026-07-28 13:05:53"
"	69BA0CDE","	Chamber1","	1","	B01??(?)","	4.2","	2026-07-28 13:05:53"
"	69BA0CDE","	Chamber1","	1","	B01??(%RH)","	78.7","	2026-07-28 13:05:51"
"	69BA0CDE","	Chamber1","	1","	B01??(?)","	4.2","	2026-07-28 13:05:51"
"	69BA0CDE","	Chamber1","	1","	B01??(%RH)","	78.7","	2026-07-28 13:05:49"
"	69BA0CDE","	Chamber1","	1","	B01??(?)","	4.2","	2026-07-28 13:05:49"
"	69BA0CDE","	Chamber1","	1","	B01??(%RH)","	78.7","	2026-07-28 13:05:47"
"	69BA0CDE","	Chamber1","	1","	B01??(?)","	4.2","	2026-07-28 13:05:47"
"	69BA0CDE","	Chamber1","	1","	B01??(%RH)","	78.7","	2026-07-28 13:05:44"
"	69BA0CDE","	Chamber1","	1","	B01??(?)","	4.3","	2026-07-28 13:05:44"
"	69BA0CDE","	Chamber1","	1","	B01??(%RH)","	78.7","	2026-07-28 13:05:42"
"	69BA0CDE","	Chamber1","	1","	B01??(?)","	4.2","	2026-07-28 13:05:42"
"	69BA0CDE","	Chamber1","	1","	B01??(%RH)","	78.7","	2026-07-28 13:05:40"
"	69BA0CDE","	Chamber1","	1","	B01??(?)","	4.2","	2026-07-28 13:05:40"
"	69BA0CDE","	Chamber1","	1","	B01??(%RH)","	78.7","	2026-07-28 13:05:38"
"	69BA0CDE","	Chamber1","	1","	B01??(?)","	4.2","	2026-07-28 13:05:38"
"	69BA0CDE","	Chamber1","	1","	B01??(%RH)","	78.7","	2026-07-28 13:05:36"
"	69BA0CDE","	Chamber1","	1","	B01??(?)","	4.2","	2026-07-28 13:05:36"
"	69BA0CDE","	Chamber1","	1","	B01??(%RH)","	78.6","	2026-07-28 13:05:34"
"	69BA0CDE","	Chamber1","	1","	B01??(?)","	4.3","	2026-07-28 13:05:34"
"	69BA0CDE","	Chamber1","	1","	B01??(%RH)","	78.6","	2026-07-28 13:05:32"
"	69BA0CDE","	Chamber1","	1","	B01??(?)","	4.2","	2026-07-28 13:05:32"
"	69BA0CDE","	Chamber1","	1","	B01??(%RH)","	78.6","	2026-07-28 13:05:30"
"	69BA0CDE","	Chamber1","	1","	B01??(?)","	4.2","	2026-07-28 13:05:30"
"	69BA0CDE","	Chamber1","	1","	B01??(%RH)","	78.6","	2026-07-28 13:05:28"
"	69BA0CDE","	Chamber1","	1","	B01??(?)","	4.2","	2026-07-28 13:05:28"
"	69BA0CDE","	Chamber1","	1","	B01??(%RH)","	78.6","	2026-07-28 13:05:26"
"	69BA0CDE","	Chamber1","	1","	B01??(?)","	4.3","	2026-07-28 13:05:26"
"	69BA0CDE","	Chamber1","	1","	B01??(%RH)","	78.6","	2026-07-28 13:05:24"
"	69BA0CDE","	Chamber1","	1","	B01??(?)","	4.2","	2026-07-28 13:05:24"
"	69BA0CDE","	Chamber1","	1","	B01??(%RH)","	78.6","	2026-07-28 13:05:22"
"	69BA0CDE","	Chamber1","	1","	B01??(?)","	4.3","	2026-07-28 13:05:22"
"	69BA0CDE","	Chamber1","	1","	B01??(%RH)","	78.6","	2026-07-28 13:05:20"
"	69BA0CDE","	Chamber1","	1","	B01??(?)","	4.3","	2026-07-28 13:05:20"
"	69BA0CDE","	Chamber1","	1","	B01??(%RH)","	78.6","	2026-07-28 13:05:18"
"	69BA0CDE","	Chamber1","	1","	B01??(?)","	4.2","	2026-07-28 13:05:18"
"	69BA0CDE","	Chamber1","	1","	B01??(%RH)","	78.6","	2026-07-28 13:05:16"
"	69BA0CDE","	Chamber1","	1","	B01??(?)","	4.3","	2026-07-28 13:05:16"
"	69BA0CDE","	Chamber1","	1","	B01??(%RH)","	78.6","	2026-07-28 13:05:14"
"	69BA0CDE","	Chamber1","	1","	B01??(?)","	4.2","	2026-07-28 13:05:14"
"	69BA0CDE","	Chamber1","	1","	B01??(%RH)","	78.6","	2026-07-28 13:05:12"
"	69BA0CDE","	Chamber1","	1","	B01??(?)","	4.3","	2026-07-28 13:05:12"
"	69BA0CDE","	Chamber1","	1","	B01??(%RH)","	78.6","	2026-07-28 13:05:10"
"	69BA0CDE","	Chamber1","	1","	B01??(?)","	4.3","	2026-07-28 13:05:10"
"	69BA0CDE","	Chamber1","	1","	B01??(%RH)","	78.6","	2026-07-28 13:05:08"
"	69BA0CDE","	Chamber1","	1","	B01??(?)","	4.3","	2026-07-28 13:05:08"
"	69BA0CDE","	Chamber1","	1","	B01??(%RH)","	78.6","	2026-07-28 13:05:06"
"	69BA0CDE","	Chamber1","	1","	B01??(?)","	4.3","	2026-07-28 13:05:06"
"	69BA0CDE","	Chamber1","	1","	B01??(%RH)","	78.6","	2026-07-28 13:05:04"
"	69BA0CDE","	Chamber1","	1","	B01??(?)","	4.3","	2026-07-28 13:05:04"
"	69BA0CDE","	Chamber1","	1","	B01??(%RH)","	78.6","	2026-07-28 13:05:01"
"	69BA0CDE","	Chamber1","	1","	B01??(?)","	4.3","	2026-07-28 13:05:01"
"	69BA0CDE","	Chamber1","	1","	B01??(%RH)","	78.5","	2026-07-28 13:04:59"
"	69BA0CDE","	Chamber1","	1","	B01??(?)","	4.3","	2026-07-28 13:04:59"
"	69BA0CDE","	Chamber1","	1","	B01??(%RH)","	78.5","	2026-07-28 13:04:57"
"	69BA0CDE","	Chamber1","	1","	B01??(?)","	4.3","	2026-07-28 13:04:57"
"	69BA0CDE","	Chamber1","	1","	B01??(%RH)","	78.5","	2026-07-28 13:04:55"
"	69BA0CDE","	Chamber1","	1","	B01??(?)","	4.2","	2026-07-28 13:04:55"
"	69BA0CDE","	Chamber1","	1","	B01??(%RH)","	78.5","	2026-07-28 13:04:53"
"	69BA0CDE","	Chamber1","	1","	B01??(?)","	4.3","	2026-07-28 13:04:53"
"	69BA0CDE","	Chamber1","	1","	B01??(%RH)","	78.5","	2026-07-28 13:04:51"
"	69BA0CDE","	Chamber1","	1","	B01??(?)","	4.3","	2026-07-28 13:04:51"
"	69BA0CDE","	Chamber1","	1","	B01??(%RH)","	78.5","	2026-07-28 13:04:49"
"	69BA0CDE","	Chamber1","	1","	B01??(?)","	4.3","	2026-07-28 13:04:49"
"	69BA0CDE","	Chamber1","	1","	B01??(%RH)","	78.5","	2026-07-28 13:04:47"
"	69BA0CDE","	Chamber1","	1","	B01??(?)","	4.3","	2026-07-28 13:04:47"
"	69BA0CDE","	Chamber1","	1","	B01??(%RH)","	78.5","	2026-07-28 13:04:45"
"	69BA0CDE","	Chamber1","	1","	B01??(?)","	4.3","	2026-07-28 13:04:45"
"	69BA0CDE","	Chamber1","	1","	B01??(%RH)","	78.5","	2026-07-28 13:04:43"
"	69BA0CDE","	Chamber1","	1","	B01??(?)","	4.3","	2026-07-28 13:04:43"
"	69BA0CDE","	Chamber1","	1","	B01??(%RH)","	78.5","	2026-07-28 13:04:41"
"	69BA0CDE","	Chamber1","	1","	B01??(?)","	4.3","	2026-07-28 13:04:41"
"	69BA0CDE","	Chamber1","	1","	B01??(%RH)","	78.5","	2026-07-28 13:04:39"
"	69BA0CDE","	Chamber1","	1","	B01??(?)","	4.3","	2026-07-28 13:04:39"
"	69BA0CDE","	Chamber1","	1","	B01??(%RH)","	78.5","	2026-07-28 13:04:37"
"	69BA0CDE","	Chamber1","	1","	B01??(?)","	4.3","	2026-07-28 13:04:37"
"	69BA0CDE","	Chamber1","	1","	B01??(%RH)","	78.5","	2026-07-28 13:04:35"
"	69BA0CDE","	Chamber1","	1","	B01??(?)","	4.3","	2026-07-28 13:04:35"
"	69BA0CDE","	Chamber1","	1","	B01??(%RH)","	78.5","	2026-07-28 13:04:33"
"	69BA0CDE","	Chamber1","	1","	B01??(?)","	4.3","	2026-07-28 13:04:33"
"	69BA0CDE","	Chamber1","	1","	B01??(%RH)","	78.5","	2026-07-28 13:04:31"
"	69BA0CDE","	Chamber1","	1","	B01??(?)","	4.3","	2026-07-28 13:04:31"
"	69BA0CDE","	Chamber1","	1","	B01??(%RH)","	78.4","	2026-07-28 13:04:29"
"	69BA0CDE","	Chamber1","	1","	B01??(?)","	4.3","	2026-07-28 13:04:29"
"	69BA0CDE","	Chamber1","	1","	B01??(%RH)","	78.5","	2026-07-28 13:04:27"
"	69BA0CDE","	Chamber1","	1","	B01??(?)","	4.3","	2026-07-28 13:04:27"
"	69BA0CDE","	Chamber1","	1","	B01??(%RH)","	78.4","	2026-07-28 13:04:25"
"	69BA0CDE","	Chamber1","	1","	B01??(?)","	4.3","	2026-07-28 13:04:25"
"	69BA0CDE","	Chamber1","	1","	B01??(%RH)","	78.4","	2026-07-28 13:04:23"
"	69BA0CDE","	Chamber1","	1","	B01??(?)","	4.3","	2026-07-28 13:04:23"
"	69BA0CDE","	Chamber1","	1","	B01??(%RH)","	78.4","	2026-07-28 13:04:21"
"	69BA0CDE","	Chamber1","	1","	B01??(?)","	4.3","	2026-07-28 13:04:21"
"	69BA0CDE","	Chamber1","	1","	B01??(%RH)","	78.4","	2026-07-28 13:04:19"
"	69BA0CDE","	Chamber1","	1","	B01??(?)","	4.3","	2026-07-28 13:04:19"
"	69BA0CDE","	Chamber1","	1","	B01??(%RH)","	78.4","	2026-07-28 13:04:16"
"	69BA0CDE","	Chamber1","	1","	B01??(?)","	4.3","	2026-07-28 13:04:16"
"	69BA0CDE","	Chamber1","	1","	B01??(%RH)","	78.4","	2026-07-28 13:04:14"
"	69BA0CDE","	Chamber1","	1","	B01??(?)","	4.3","	2026-07-28 13:04:14"
"	69BA0CDE","	Chamber1","	1","	B01??(%RH)","	78.4","	2026-07-28 13:04:12"
"	69BA0CDE","	Chamber1","	1","	B01??(?)","	4.3","	2026-07-28 13:04:12"
"	69BA0CDE","	Chamber1","	1","	B01??(%RH)","	78.4","	2026-07-28 13:04:10"
"	69BA0CDE","	Chamber1","	1","	B01??(?)","	4.3","	2026-07-28 13:04:10"
"	69BA0CDE","	Chamber1","	1","	B01??(%RH)","	78.4","	2026-07-28 13:04:08"
"	69BA0CDE","	Chamber1","	1","	B01??(?)","	4.3","	2026-07-28 13:04:08"
"	69BA0CDE","	Chamber1","	1","	B01??(%RH)","	78.4","	2026-07-28 13:04:06"
"	69BA0CDE","	Chamber1","	1","	B01??(?)","	4.3","	2026-07-28 13:04:06"
"	69BA0CDE","	Chamber1","	1","	B01??(%RH)","	78.4","	2026-07-28 13:04:04"
"	69BA0CDE","	Chamber1","	1","	B01??(?)","	4.3","	2026-07-28 13:04:04"
"	69BA0CDE","	Chamber1","	1","	B01??(%RH)","	78.4","	2026-07-28 13:04:02"
"	69BA0CDE","	Chamber1","	1","	B01??(?)","	4.3","	2026-07-28 13:04:02"
"	69BA0CDE","	Chamber1","	1","	B01??(%RH)","	78.4","	2026-07-28 13:04:00"
"	69BA0CDE","	Chamber1","	1","	B01??(?)","	4.3","	2026-07-28 13:04:00"
"	69BA0CDE","	Chamber1","	1","	B01??(%RH)","	78.4","	2026-07-28 13:03:58"
"	69BA0CDE","	Chamber1","	1","	B01??(?)","	4.3","	2026-07-28 13:03:58"
"	69BA0CDE","	Chamber1","	1","	B01??(%RH)","	78.4","	2026-07-28 13:03:56"
"	69BA0CDE","	Chamber1","	1","	B01??(?)","	4.3","	2026-07-28 13:03:56"
"	69BA0CDE","	Chamber1","	1","	B01??(%RH)","	78.4","	2026-07-28 13:03:54"
"	69BA0CDE","	Chamber1","	1","	B01??(?)","	4.3","	2026-07-28 13:03:54"
"	69BA0CDE","	Chamber1","	1","	B01??(%RH)","	78.3","	2026-07-28 13:03:52"
"	69BA0CDE","	Chamber1","	1","	B01??(?)","	4.3","	2026-07-28 13:03:52"
"	69BA0CDE","	Chamber1","	1","	B01??(%RH)","	78.3","	2026-07-28 13:03:50"
"	69BA0CDE","	Chamber1","	1","	B01??(?)","	4.3","	2026-07-28 13:03:50"
"	69BA0CDE","	Chamber1","	1","	B01??(%RH)","	78.3","	2026-07-28 13:03:48"
"	69BA0CDE","	Chamber1","	1","	B01??(?)","	4.3","	2026-07-28 13:03:48"
"	69BA0CDE","	Chamber1","	1","	B01??(%RH)","	78.3","	2026-07-28 13:03:46"
"	69BA0CDE","	Chamber1","	1","	B01??(?)","	4.3","	2026-07-28 13:03:46"
"	69BA0CDE","	Chamber1","	1","	B01??(%RH)","	78.3","	2026-07-28 13:03:44"
"	69BA0CDE","	Chamber1","	1","	B01??(?)","	4.3","	2026-07-28 13:03:44"
"	69BA0CDE","	Chamber1","	1","	B01??(%RH)","	78.3","	2026-07-28 13:03:42"
"	69BA0CDE","	Chamber1","	1","	B01??(?)","	4.3","	2026-07-28 13:03:42"
"	69BA0CDE","	Chamber1","	1","	B01??(%RH)","	78.3","	2026-07-28 13:03:40"
"	69BA0CDE","	Chamber1","	1","	B01??(?)","	4.3","	2026-07-28 13:03:40"
"	69BA0CDE","	Chamber1","	1","	B01??(%RH)","	78.3","	2026-07-28 13:03:38"
"	69BA0CDE","	Chamber1","	1","	B01??(?)","	4.3","	2026-07-28 13:03:38"
"	69BA0CDE","	Chamber1","	1","	B01??(%RH)","	78.3","	2026-07-28 13:03:35"
"	69BA0CDE","	Chamber1","	1","	B01??(?)","	4.3","	2026-07-28 13:03:35"
"	69BA0CDE","	Chamber1","	1","	B01??(%RH)","	78.3","	2026-07-28 13:03:33"
"	69BA0CDE","	Chamber1","	1","	B01??(?)","	4.3","	2026-07-28 13:03:33"
"	69BA0CDE","	Chamber1","	1","	B01??(%RH)","	78.3","	2026-07-28 13:03:31"
"	69BA0CDE","	Chamber1","	1","	B01??(?)","	4.3","	2026-07-28 13:03:31"
"	69BA0CDE","	Chamber1","	1","	B01??(%RH)","	78.3","	2026-07-28 13:03:29"
"	69BA0CDE","	Chamber1","	1","	B01??(?)","	4.3","	2026-07-28 13:03:29"
"	69BA0CDE","	Chamber1","	1","	B01??(%RH)","	78.3","	2026-07-28 13:03:27"
"	69BA0CDE","	Chamber1","	1","	B01??(?)","	4.3","	2026-07-28 13:03:27"
"	69BA0CDE","	Chamber1","	1","	B01??(?)","	4.3","	2026-07-28 13:03:25"
"	69BA0CDE","	Chamber1","	1","	B01??(%RH)","	78.3","	2026-07-28 13:03:25"
"	69BA0CDE","	Chamber1","	1","	B01??(%RH)","	78.2","	2026-07-28 13:03:23"
"	69BA0CDE","	Chamber1","	1","	B01??(?)","	4.3","	2026-07-28 13:03:23"
"	69BA0CDE","	Chamber1","	1","	B01??(%RH)","	78.2","	2026-07-28 13:03:21"
"	69BA0CDE","	Chamber1","	1","	B01??(?)","	4.3","	2026-07-28 13:03:21"
"	69BA0CDE","	Chamber1","	1","	B01??(%RH)","	78.2","	2026-07-28 13:03:19"
"	69BA0CDE","	Chamber1","	1","	B01??(?)","	4.3","	2026-07-28 13:03:19"
"	69BA0CDE","	Chamber1","	1","	B01??(%RH)","	78.2","	2026-07-28 13:03:17"
"	69BA0CDE","	Chamber1","	1","	B01??(?)","	4.3","	2026-07-28 13:03:17"
"	69BA0CDE","	Chamber1","	1","	B01??(%RH)","	78.2","	2026-07-28 13:03:15"
"	69BA0CDE","	Chamber1","	1","	B01??(?)","	4.3","	2026-07-28 13:03:15"
"	69BA0CDE","	Chamber1","	1","	B01??(%RH)","	78.2","	2026-07-28 13:03:13"
"	69BA0CDE","	Chamber1","	1","	B01??(?)","	4.3","	2026-07-28 13:03:13"
"	69BA0CDE","	Chamber1","	1","	B01??(%RH)","	78.2","	2026-07-28 13:03:11"
"	69BA0CDE","	Chamber1","	1","	B01??(?)","	4.3","	2026-07-28 13:03:11"
"	69BA0CDE","	Chamber1","	1","	B01??(%RH)","	78.2","	2026-07-28 13:03:09"
"	69BA0CDE","	Chamber1","	1","	B01??(?)","	4.3","	2026-07-28 13:03:09"
"	69BA0CDE","	Chamber1","	1","	B01??(%RH)","	78.2","	2026-07-28 13:03:07"
"	69BA0CDE","	Chamber1","	1","	B01??(?)","	4.3","	2026-07-28 13:03:07"
"	69BA0CDE","	Chamber1","	1","	B01??(%RH)","	78.2","	2026-07-28 13:03:05"
"	69BA0CDE","	Chamber1","	1","	B01??(?)","	4.3","	2026-07-28 13:03:05"
"	69BA0CDE","	Chamber1","	1","	B01??(%RH)","	78.2","	2026-07-28 13:03:03"
"	69BA0CDE","	Chamber1","	1","	B01??(?)","	4.4","	2026-07-28 13:03:03"
"	69BA0CDE","	Chamber1","	1","	B01??(%RH)","	78.2","	2026-07-28 13:03:01"
"	69BA0CDE","	Chamber1","	1","	B01??(?)","	4.3","	2026-07-28 13:03:01"
"	69BA0CDE","	Chamber1","	1","	B01??(%RH)","	78.1","	2026-07-28 13:02:59"
"	69BA0CDE","	Chamber1","	1","	B01??(?)","	4.3","	2026-07-28 13:02:59"
"	69BA0CDE","	Chamber1","	1","	B01??(%RH)","	78.1","	2026-07-28 13:02:57"
"	69BA0CDE","	Chamber1","	1","	B01??(?)","	4.4","	2026-07-28 13:02:57"
"	69BA0CDE","	Chamber1","	1","	B01??(%RH)","	78.1","	2026-07-28 13:02:54"
"	69BA0CDE","	Chamber1","	1","	B01??(?)","	4.3","	2026-07-28 13:02:54"
"	69BA0CDE","	Chamber1","	1","	B01??(%RH)","	78.1","	2026-07-28 13:02:52"
"	69BA0CDE","	Chamber1","	1","	B01??(?)","	4.3","	2026-07-28 13:02:52"
"	69BA0CDE","	Chamber1","	1","	B01??(%RH)","	78.1","	2026-07-28 13:02:50"
"	69BA0CDE","	Chamber1","	1","	B01??(?)","	4.3","	2026-07-28 13:02:50"
"	69BA0CDE","	Chamber1","	1","	B01??(%RH)","	78.1","	2026-07-28 13:02:48"
"	69BA0CDE","	Chamber1","	1","	B01??(?)","	4.3","	2026-07-28 13:02:48"
"	69BA0CDE","	Chamber1","	1","	B01??(%RH)","	78.1","	2026-07-28 13:02:46"
"	69BA0CDE","	Chamber1","	1","	B01??(?)","	4.4","	2026-07-28 13:02:46"
"	69BA0CDE","	Chamber1","	1","	B01??(%RH)","	78.1","	2026-07-28 13:02:44"
"	69BA0CDE","	Chamber1","	1","	B01??(?)","	4.3","	2026-07-28 13:02:44"
"	69BA0CDE","	Chamber1","	1","	B01??(%RH)","	78.1","	2026-07-28 13:02:42"
"	69BA0CDE","	Chamber1","	1","	B01??(?)","	4.3","	2026-07-28 13:02:42"
"	69BA0CDE","	Chamber1","	1","	B01??(%RH)","	78.1","	2026-07-28 13:02:40"
"	69BA0CDE","	Chamber1","	1","	B01??(?)","	4.3","	2026-07-28 13:02:40"
"	69BA0CDE","	Chamber1","	1","	B01??(%RH)","	78.1","	2026-07-28 13:02:38"
"	69BA0CDE","	Chamber1","	1","	B01??(?)","	4.4","	2026-07-28 13:02:38"
"	69BA0CDE","	Chamber1","	1","	B01??(%RH)","	78.1","	2026-07-28 13:02:36"
"	69BA0CDE","	Chamber1","	1","	B01??(?)","	4.4","	2026-07-28 13:02:36"
"	69BA0CDE","	Chamber1","	1","	B01??(%RH)","	78.1","	2026-07-28 13:02:34"
"	69BA0CDE","	Chamber1","	1","	B01??(?)","	4.4","	2026-07-28 13:02:34"
"	69BA0CDE","	Chamber1","	1","	B01??(%RH)","	78.1","	2026-07-28 13:02:32"
"	69BA0CDE","	Chamber1","	1","	B01??(?)","	4.4","	2026-07-28 13:02:32"
"	69BA0CDE","	Chamber1","	1","	B01??(%RH)","	78.1","	2026-07-28 13:02:30"
"	69BA0CDE","	Chamber1","	1","	B01??(?)","	4.4","	2026-07-28 13:02:30"
"	69BA0CDE","	Chamber1","	1","	B01??(%RH)","	78","	2026-07-28 13:02:28"
"	69BA0CDE","	Chamber1","	1","	B01??(?)","	4.4","	2026-07-28 13:02:28"
"	69BA0CDE","	Chamber1","	1","	B01??(%RH)","	78.1","	2026-07-28 13:02:26"
"	69BA0CDE","	Chamber1","	1","	B01??(?)","	4.4","	2026-07-28 13:02:26"
"	69BA0CDE","	Chamber1","	1","	B01??(%RH)","	78.1","	2026-07-28 13:02:24"
"	69BA0CDE","	Chamber1","	1","	B01??(?)","	4.4","	2026-07-28 13:02:24"
"	69BA0CDE","	Chamber1","	1","	B01??(%RH)","	78","	2026-07-28 13:02:22"
"	69BA0CDE","	Chamber1","	1","	B01??(?)","	4.4","	2026-07-28 13:02:22"
"	69BA0CDE","	Chamber1","	1","	B01??(%RH)","	78","	2026-07-28 13:02:20"
"	69BA0CDE","	Chamber1","	1","	B01??(?)","	4.4","	2026-07-28 13:02:20"
"	69BA0CDE","	Chamber1","	1","	B01??(%RH)","	78","	2026-07-28 13:02:18"
"	69BA0CDE","	Chamber1","	1","	B01??(?)","	4.4","	2026-07-28 13:02:18"
"	69BA0CDE","	Chamber1","	1","	B01??(%RH)","	78","	2026-07-28 13:02:16"
"	69BA0CDE","	Chamber1","	1","	B01??(?)","	4.4","	2026-07-28 13:02:16"
"	69BA0CDE","	Chamber1","	1","	B01??(%RH)","	78","	2026-07-28 13:02:14"
"	69BA0CDE","	Chamber1","	1","	B01??(?)","	4.4","	2026-07-28 13:02:14"
"	69BA0CDE","	Chamber1","	1","	B01??(%RH)","	78","	2026-07-28 13:02:12"
"	69BA0CDE","	Chamber1","	1","	B01??(?)","	4.4","	2026-07-28 13:02:12"
"	69BA0CDE","	Chamber1","	1","	B01??(%RH)","	78","	2026-07-28 13:02:09"
"	69BA0CDE","	Chamber1","	1","	B01??(?)","	4.4","	2026-07-28 13:02:09"
"	69BA0CDE","	Chamber1","	1","	B01??(?)","	4.4","	2026-07-28 13:02:07"
"	69BA0CDE","	Chamber1","	1","	B01??(%RH)","	78","	2026-07-28 13:02:07"
"	69BA0CDE","	Chamber1","	1","	B01??(%RH)","	78","	2026-07-28 13:02:05"
"	69BA0CDE","	Chamber1","	1","	B01??(?)","	4.4","	2026-07-28 13:02:05"
"	69BA0CDE","	Chamber1","	1","	B01??(%RH)","	78","	2026-07-28 13:02:03"
"	69BA0CDE","	Chamber1","	1","	B01??(?)","	4.4","	2026-07-28 13:02:03"
"	69BA0CDE","	Chamber1","	1","	B01??(%RH)","	78","	2026-07-28 13:02:01"
"	69BA0CDE","	Chamber1","	1","	B01??(?)","	4.4","	2026-07-28 13:02:01"
"	69BA0CDE","	Chamber1","	1","	B01??(%RH)","	77.9","	2026-07-28 13:01:59"
"	69BA0CDE","	Chamber1","	1","	B01??(?)","	4.4","	2026-07-28 13:01:59"
"	69BA0CDE","	Chamber1","	1","	B01??(%RH)","	77.9","	2026-07-28 13:01:57"
"	69BA0CDE","	Chamber1","	1","	B01??(?)","	4.4","	2026-07-28 13:01:57"
"	69BA0CDE","	Chamber1","	1","	B01??(%RH)","	77.9","	2026-07-28 13:01:55"
"	69BA0CDE","	Chamber1","	1","	B01??(?)","	4.4","	2026-07-28 13:01:55"
"	69BA0CDE","	Chamber1","	1","	B01??(%RH)","	77.9","	2026-07-28 13:01:53"
"	69BA0CDE","	Chamber1","	1","	B01??(?)","	4.4","	2026-07-28 13:01:53"
"	69BA0CDE","	Chamber1","	1","	B01??(%RH)","	77.9","	2026-07-28 13:01:51"
"	69BA0CDE","	Chamber1","	1","	B01??(?)","	4.4","	2026-07-28 13:01:51"
"	69BA0CDE","	Chamber1","	1","	B01??(%RH)","	77.9","	2026-07-28 13:01:49"
"	69BA0CDE","	Chamber1","	1","	B01??(?)","	4.4","	2026-07-28 13:01:49"
"	69BA0CDE","	Chamber1","	1","	B01??(%RH)","	77.9","	2026-07-28 13:01:47"
"	69BA0CDE","	Chamber1","	1","	B01??(?)","	4.4","	2026-07-28 13:01:47"
"	69BA0CDE","	Chamber1","	1","	B01??(%RH)","	77.9","	2026-07-28 13:01:45"
"	69BA0CDE","	Chamber1","	1","	B01??(?)","	4.4","	2026-07-28 13:01:45"
"	69BA0CDE","	Chamber1","	1","	B01??(?)","	4.4","	2026-07-28 13:01:43"
"	69BA0CDE","	Chamber1","	1","	B01??(%RH)","	77.9","	2026-07-28 13:01:43"
"	69BA0CDE","	Chamber1","	1","	B01??(%RH)","	77.9","	2026-07-28 13:01:41"
"	69BA0CDE","	Chamber1","	1","	B01??(?)","	4.4","	2026-07-28 13:01:41"
"	69BA0CDE","	Chamber1","	1","	B01??(%RH)","	77.9","	2026-07-28 13:01:39"
"	69BA0CDE","	Chamber1","	1","	B01??(?)","	4.4","	2026-07-28 13:01:39"
"	69BA0CDE","	Chamber1","	1","	B01??(%RH)","	77.9","	2026-07-28 13:01:37"
"	69BA0CDE","	Chamber1","	1","	B01??(?)","	4.4","	2026-07-28 13:01:37"
"	69BA0CDE","	Chamber1","	1","	B01??(%RH)","	77.9","	2026-07-28 13:01:35"
"	69BA0CDE","	Chamber1","	1","	B01??(?)","	4.4","	2026-07-28 13:01:35"
"	69BA0CDE","	Chamber1","	1","	B01??(%RH)","	77.8","	2026-07-28 13:01:33"
"	69BA0CDE","	Chamber1","	1","	B01??(?)","	4.4","	2026-07-28 13:01:33"
"	69BA0CDE","	Chamber1","	1","	B01??(%RH)","	77.8","	2026-07-28 13:01:31"
"	69BA0CDE","	Chamber1","	1","	B01??(?)","	4.4","	2026-07-28 13:01:31"
"	69BA0CDE","	Chamber1","	1","	B01??(%RH)","	77.8","	2026-07-28 13:01:29"
"	69BA0CDE","	Chamber1","	1","	B01??(?)","	4.4","	2026-07-28 13:01:29"
"	69BA0CDE","	Chamber1","	1","	B01??(%RH)","	77.8","	2026-07-28 13:01:26"
"	69BA0CDE","	Chamber1","	1","	B01??(?)","	4.4","	2026-07-28 13:01:26"
"	69BA0CDE","	Chamber1","	1","	B01??(%RH)","	77.8","	2026-07-28 13:01:24"
"	69BA0CDE","	Chamber1","	1","	B01??(?)","	4.4","	2026-07-28 13:01:24"
"	69BA0CDE","	Chamber1","	1","	B01??(%RH)","	77.8","	2026-07-28 13:01:22"
"	69BA0CDE","	Chamber1","	1","	B01??(?)","	4.4","	2026-07-28 13:01:22"
"	69BA0CDE","	Chamber1","	1","	B01??(%RH)","	77.8","	2026-07-28 13:01:20"
"	69BA0CDE","	Chamber1","	1","	B01??(?)","	4.4","	2026-07-28 13:01:20"
"	69BA0CDE","	Chamber1","	1","	B01??(%RH)","	77.8","	2026-07-28 13:01:18"
"	69BA0CDE","	Chamber1","	1","	B01??(?)","	4.4","	2026-07-28 13:01:18"
"	69BA0CDE","	Chamber1","	1","	B01??(%RH)","	77.8","	2026-07-28 13:01:16"
"	69BA0CDE","	Chamber1","	1","	B01??(?)","	4.4","	2026-07-28 13:01:16"
"	69BA0CDE","	Chamber1","	1","	B01??(%RH)","	77.8","	2026-07-28 13:01:14"
"	69BA0CDE","	Chamber1","	1","	B01??(?)","	4.4","	2026-07-28 13:01:14"
"	69BA0CDE","	Chamber1","	1","	B01??(%RH)","	77.8","	2026-07-28 13:01:12"
"	69BA0CDE","	Chamber1","	1","	B01??(?)","	4.4","	2026-07-28 13:01:12"
"	69BA0CDE","	Chamber1","	1","	B01??(%RH)","	77.7","	2026-07-28 13:01:10"
"	69BA0CDE","	Chamber1","	1","	B01??(?)","	4.4","	2026-07-28 13:01:10"
"	69BA0CDE","	Chamber1","	1","	B01??(%RH)","	77.8","	2026-07-28 13:01:08"
"	69BA0CDE","	Chamber1","	1","	B01??(?)","	4.4","	2026-07-28 13:01:08"
"	69BA0CDE","	Chamber1","	1","	B01??(%RH)","	77.7","	2026-07-28 13:01:06"
"	69BA0CDE","	Chamber1","	1","	B01??(?)","	4.5","	2026-07-28 13:01:06"
"	69BA0CDE","	Chamber1","	1","	B01??(%RH)","	77.7","	2026-07-28 13:01:04"
"	69BA0CDE","	Chamber1","	1","	B01??(?)","	4.4","	2026-07-28 13:01:04"
"	69BA0CDE","	Chamber1","	1","	B01??(%RH)","	77.7","	2026-07-28 13:01:02"
"	69BA0CDE","	Chamber1","	1","	B01??(?)","	4.5","	2026-07-28 13:01:02"
"	69BA0CDE","	Chamber1","	1","	B01??(%RH)","	77.7","	2026-07-28 13:01:00"
"	69BA0CDE","	Chamber1","	1","	B01??(?)","	4.4","	2026-07-28 13:01:00"
"	69BA0CDE","	Chamber1","	1","	B01??(%RH)","	77.7","	2026-07-28 13:00:58"
"	69BA0CDE","	Chamber1","	1","	B01??(?)","	4.5","	2026-07-28 13:00:58"
"	69BA0CDE","	Chamber1","	1","	B01??(%RH)","	77.7","	2026-07-28 13:00:56"
"	69BA0CDE","	Chamber1","	1","	B01??(?)","	4.4","	2026-07-28 13:00:56"
"	69BA0CDE","	Chamber1","	1","	B01??(%RH)","	77.7","	2026-07-28 13:00:54"
"	69BA0CDE","	Chamber1","	1","	B01??(?)","	4.4","	2026-07-28 13:00:54"
"	69BA0CDE","	Chamber1","	1","	B01??(%RH)","	77.7","	2026-07-28 13:00:52"
"	69BA0CDE","	Chamber1","	1","	B01??(?)","	4.5","	2026-07-28 13:00:52"
"	69BA0CDE","	Chamber1","	1","	B01??(%RH)","	77.7","	2026-07-28 13:00:50"
"	69BA0CDE","	Chamber1","	1","	B01??(?)","	4.5","	2026-07-28 13:00:50"
"	69BA0CDE","	Chamber1","	1","	B01??(%RH)","	77.7","	2026-07-28 13:00:48"
"	69BA0CDE","	Chamber1","	1","	B01??(?)","	4.5","	2026-07-28 13:00:48"
"	69BA0CDE","	Chamber1","	1","	B01??(%RH)","	77.6","	2026-07-28 13:00:46"
"	69BA0CDE","	Chamber1","	1","	B01??(?)","	4.4","	2026-07-28 13:00:46"
"	69BA0CDE","	Chamber1","	1","	B01??(%RH)","	77.7","	2026-07-28 13:00:43"
"	69BA0CDE","	Chamber1","	1","	B01??(?)","	4.5","	2026-07-28 13:00:43"
"	69BA0CDE","	Chamber1","	1","	B01??(?)","	4.5","	2026-07-28 13:00:41"
"	69BA0CDE","	Chamber1","	1","	B01??(%RH)","	77.6","	2026-07-28 13:00:41"
"	69BA0CDE","	Chamber1","	1","	B01??(%RH)","	77.6","	2026-07-28 13:00:39"
"	69BA0CDE","	Chamber1","	1","	B01??(?)","	4.5","	2026-07-28 13:00:39"
"	69BA0CDE","	Chamber1","	1","	B01??(%RH)","	77.6","	2026-07-28 13:00:37"
"	69BA0CDE","	Chamber1","	1","	B01??(?)","	4.5","	2026-07-28 13:00:37"
"	69BA0CDE","	Chamber1","	1","	B01??(%RH)","	77.6","	2026-07-28 13:00:35"
"	69BA0CDE","	Chamber1","	1","	B01??(?)","	4.5","	2026-07-28 13:00:35"
"	69BA0CDE","	Chamber1","	1","	B01??(%RH)","	77.6","	2026-07-28 13:00:33"
"	69BA0CDE","	Chamber1","	1","	B01??(?)","	4.5","	2026-07-28 13:00:33"
"	69BA0CDE","	Chamber1","	1","	B01??(%RH)","	77.6","	2026-07-28 13:00:31"
"	69BA0CDE","	Chamber1","	1","	B01??(?)","	4.5","	2026-07-28 13:00:31"
"	69BA0CDE","	Chamber1","	1","	B01??(%RH)","	77.6","	2026-07-28 13:00:29"
"	69BA0CDE","	Chamber1","	1","	B01??(?)","	4.5","	2026-07-28 13:00:29"
"	69BA0CDE","	Chamber1","	1","	B01??(%RH)","	77.6","	2026-07-28 13:00:27"
"	69BA0CDE","	Chamber1","	1","	B01??(?)","	4.5","	2026-07-28 13:00:27"
"	69BA0CDE","	Chamber1","	1","	B01??(%RH)","	77.6","	2026-07-28 13:00:25"
"	69BA0CDE","	Chamber1","	1","	B01??(?)","	4.5","	2026-07-28 13:00:25"
"	69BA0CDE","	Chamber1","	1","	B01??(%RH)","	77.6","	2026-07-28 13:00:23"
"	69BA0CDE","	Chamber1","	1","	B01??(?)","	4.5","	2026-07-28 13:00:23"
"	69BA0CDE","	Chamber1","	1","	B01??(%RH)","	77.6","	2026-07-28 13:00:21"
"	69BA0CDE","	Chamber1","	1","	B01??(?)","	4.5","	2026-07-28 13:00:21"
"	69BA0CDE","	Chamber1","	1","	B01??(%RH)","	77.5","	2026-07-28 13:00:19"
"	69BA0CDE","	Chamber1","	1","	B01??(?)","	4.5","	2026-07-28 13:00:19"
"	69BA0CDE","	Chamber1","	1","	B01??(%RH)","	77.5","	2026-07-28 13:00:17"
"	69BA0CDE","	Chamber1","	1","	B01??(?)","	4.5","	2026-07-28 13:00:17"
"	69BA0CDE","	Chamber1","	1","	B01??(%RH)","	77.5","	2026-07-28 13:00:15"
"	69BA0CDE","	Chamber1","	1","	B01??(?)","	4.5","	2026-07-28 13:00:15"
"	69BA0CDE","	Chamber1","	1","	B01??(%RH)","	77.5","	2026-07-28 13:00:13"
"	69BA0CDE","	Chamber1","	1","	B01??(?)","	4.5","	2026-07-28 13:00:13"
"	69BA0CDE","	Chamber1","	1","	B01??(%RH)","	77.5","	2026-07-28 13:00:11"
"	69BA0CDE","	Chamber1","	1","	B01??(?)","	4.5","	2026-07-28 13:00:11"
"	69BA0CDE","	Chamber1","	1","	B01??(%RH)","	77.5","	2026-07-28 13:00:09"
"	69BA0CDE","	Chamber1","	1","	B01??(?)","	4.5","	2026-07-28 13:00:09"
"	69BA0CDE","	Chamber1","	1","	B01??(%RH)","	77.5","	2026-07-28 13:00:07"
"	69BA0CDE","	Chamber1","	1","	B01??(?)","	4.5","	2026-07-28 13:00:07"
"	69BA0CDE","	Chamber1","	1","	B01??(%RH)","	77.5","	2026-07-28 13:00:05"
"	69BA0CDE","	Chamber1","	1","	B01??(?)","	4.5","	2026-07-28 13:00:05"
"	69BA0CDE","	Chamber1","	1","	B01??(%RH)","	77.5","	2026-07-28 13:00:03"
"	69BA0CDE","	Chamber1","	1","	B01??(?)","	4.5","	2026-07-28 13:00:03"
"	69BA0CDE","	Chamber1","	1","	B01??(%RH)","	77.5","	2026-07-28 13:00:01"
"	69BA0CDE","	Chamber1","	1","	B01??(?)","	4.5","	2026-07-28 13:00:01"
"	69BA0CDE","	Chamber1","	1","	B01??(%RH)","	77.5","	2026-07-28 12:59:58"
"	69BA0CDE","	Chamber1","	1","	B01??(?)","	4.5","	2026-07-28 12:59:58"
"	69BA0CDE","	Chamber1","	1","	B01??(%RH)","	77.4","	2026-07-28 12:59:56"
"	69BA0CDE","	Chamber1","	1","	B01??(?)","	4.5","	2026-07-28 12:59:56"
"	69BA0CDE","	Chamber1","	1","	B01??(%RH)","	77.5","	2026-07-28 12:59:54"
"	69BA0CDE","	Chamber1","	1","	B01??(?)","	4.5","	2026-07-28 12:59:54"
"	69BA0CDE","	Chamber1","	1","	B01??(%RH)","	77.4","	2026-07-28 12:59:52"
"	69BA0CDE","	Chamber1","	1","	B01??(?)","	4.5","	2026-07-28 12:59:52"
"	69BA0CDE","	Chamber1","	1","	B01??(%RH)","	77.4","	2026-07-28 12:59:50"
"	69BA0CDE","	Chamber1","	1","	B01??(?)","	4.5","	2026-07-28 12:59:50"
"	69BA0CDE","	Chamber1","	1","	B01??(%RH)","	77.4","	2026-07-28 12:59:48"
"	69BA0CDE","	Chamber1","	1","	B01??(?)","	4.5","	2026-07-28 12:59:48"
"	69BA0CDE","	Chamber1","	1","	B01??(%RH)","	77.4","	2026-07-28 12:59:46"
"	69BA0CDE","	Chamber1","	1","	B01??(?)","	4.5","	2026-07-28 12:59:46"
"	69BA0CDE","	Chamber1","	1","	B01??(%RH)","	77.4","	2026-07-28 12:59:44"
"	69BA0CDE","	Chamber1","	1","	B01??(?)","	4.5","	2026-07-28 12:59:44"
"	69BA0CDE","	Chamber1","	1","	B01??(%RH)","	77.4","	2026-07-28 12:59:42"
"	69BA0CDE","	Chamber1","	1","	B01??(?)","	4.5","	2026-07-28 12:59:42"
"	69BA0CDE","	Chamber1","	1","	B01??(%RH)","	77.4","	2026-07-28 12:59:40"
"	69BA0CDE","	Chamber1","	1","	B01??(?)","	4.5","	2026-07-28 12:59:40"
"	69BA0CDE","	Chamber1","	1","	B01??(%RH)","	77.4","	2026-07-28 12:59:38"
"	69BA0CDE","	Chamber1","	1","	B01??(?)","	4.5","	2026-07-28 12:59:38"
"	69BA0CDE","	Chamber1","	1","	B01??(%RH)","	77.4","	2026-07-28 12:59:36"
"	69BA0CDE","	Chamber1","	1","	B01??(?)","	4.5","	2026-07-28 12:59:36"
"	69BA0CDE","	Chamber1","	1","	B01??(%RH)","	77.3","	2026-07-28 12:59:34"
"	69BA0CDE","	Chamber1","	1","	B01??(?)","	4.5","	2026-07-28 12:59:34"
"	69BA0CDE","	Chamber1","	1","	B01??(%RH)","	77.3","	2026-07-28 12:59:32"
"	69BA0CDE","	Chamber1","	1","	B01??(?)","	4.5","	2026-07-28 12:59:32"
"	69BA0CDE","	Chamber1","	1","	B01??(%RH)","	77.3","	2026-07-28 12:59:30"
"	69BA0CDE","	Chamber1","	1","	B01??(?)","	4.5","	2026-07-28 12:59:30"
"	69BA0CDE","	Chamber1","	1","	B01??(%RH)","	77.3","	2026-07-28 12:59:28"
"	69BA0CDE","	Chamber1","	1","	B01??(?)","	4.5","	2026-07-28 12:59:28"
"	69BA0CDE","	Chamber1","	1","	B01??(%RH)","	77.3","	2026-07-28 12:59:26"
"	69BA0CDE","	Chamber1","	1","	B01??(?)","	4.5","	2026-07-28 12:59:26"
"	69BA0CDE","	Chamber1","	1","	B01??(%RH)","	77.3","	2026-07-28 12:59:24"
"	69BA0CDE","	Chamber1","	1","	B01??(?)","	4.5","	2026-07-28 12:59:24"
"	69BA0CDE","	Chamber1","	1","	B01??(%RH)","	77.3","	2026-07-28 12:59:22"
"	69BA0CDE","	Chamber1","	1","	B01??(?)","	4.5","	2026-07-28 12:59:22"
"	69BA0CDE","	Chamber1","	1","	B01??(%RH)","	77.3","	2026-07-28 12:59:20"
"	69BA0CDE","	Chamber1","	1","	B01??(?)","	4.5","	2026-07-28 12:59:20"
"	69BA0CDE","	Chamber1","	1","	B01??(%RH)","	77.3","	2026-07-28 12:59:18"
"	69BA0CDE","	Chamber1","	1","	B01??(?)","	4.5","	2026-07-28 12:59:18"
"	69BA0CDE","	Chamber1","	1","	B01??(%RH)","	77.3","	2026-07-28 12:59:16"
"	69BA0CDE","	Chamber1","	1","	B01??(?)","	4.6","	2026-07-28 12:59:16"
"	69BA0CDE","	Chamber1","	1","	B01??(%RH)","	77.2","	2026-07-28 12:59:13"
"	69BA0CDE","	Chamber1","	1","	B01??(?)","	4.5","	2026-07-28 12:59:13"
"	69BA0CDE","	Chamber1","	1","	B01??(%RH)","	77.3","	2026-07-28 12:59:11"
"	69BA0CDE","	Chamber1","	1","	B01??(?)","	4.5","	2026-07-28 12:59:11"
"	69BA0CDE","	Chamber1","	1","	B01??(%RH)","	77.2","	2026-07-28 12:59:09"
"	69BA0CDE","	Chamber1","	1","	B01??(?)","	4.6","	2026-07-28 12:59:09"
"	69BA0CDE","	Chamber1","	1","	B01??(%RH)","	77.2","	2026-07-28 12:59:07"
"	69BA0CDE","	Chamber1","	1","	B01??(?)","	4.6","	2026-07-28 12:59:07"
"	69BA0CDE","	Chamber1","	1","	B01??(%RH)","	77.2","	2026-07-28 12:59:05"
"	69BA0CDE","	Chamber1","	1","	B01??(?)","	4.6","	2026-07-28 12:59:05"
"	69BA0CDE","	Chamber1","	1","	B01??(%RH)","	77.2","	2026-07-28 12:59:03"
"	69BA0CDE","	Chamber1","	1","	B01??(?)","	4.6","	2026-07-28 12:59:03"
"	69BA0CDE","	Chamber1","	1","	B01??(%RH)","	77.2","	2026-07-28 12:59:01"
"	69BA0CDE","	Chamber1","	1","	B01??(?)","	4.6","	2026-07-28 12:59:01"
"	69BA0CDE","	Chamber1","	1","	B01??(%RH)","	77.2","	2026-07-28 12:58:59"
"	69BA0CDE","	Chamber1","	1","	B01??(?)","	4.6","	2026-07-28 12:58:59"
"	69BA0CDE","	Chamber1","	1","	B01??(%RH)","	77.2","	2026-07-28 12:58:57"
"	69BA0CDE","	Chamber1","	1","	B01??(?)","	4.6","	2026-07-28 12:58:57"
"	69BA0CDE","	Chamber1","	1","	B01??(%RH)","	77.2","	2026-07-28 12:58:55"
"	69BA0CDE","	Chamber1","	1","	B01??(?)","	4.6","	2026-07-28 12:58:55"
"	69BA0CDE","	Chamber1","	1","	B01??(%RH)","	77.1","	2026-07-28 12:58:53"
"	69BA0CDE","	Chamber1","	1","	B01??(?)","	4.6","	2026-07-28 12:58:53"
"	69BA0CDE","	Chamber1","	1","	B01??(%RH)","	77.1","	2026-07-28 12:58:51"
"	69BA0CDE","	Chamber1","	1","	B01??(?)","	4.6","	2026-07-28 12:58:51"
"	69BA0CDE","	Chamber1","	1","	B01??(%RH)","	77.2","	2026-07-28 12:58:49"
"	69BA0CDE","	Chamber1","	1","	B01??(?)","	4.6","	2026-07-28 12:58:49"
"	69BA0CDE","	Chamber1","	1","	B01??(%RH)","	77.1","	2026-07-28 12:58:47"
"	69BA0CDE","	Chamber1","	1","	B01??(?)","	4.6","	2026-07-28 12:58:47"
"	69BA0CDE","	Chamber1","	1","	B01??(%RH)","	77.1","	2026-07-28 12:58:45"
"	69BA0CDE","	Chamber1","	1","	B01??(?)","	4.6","	2026-07-28 12:58:45"
"	69BA0CDE","	Chamber1","	1","	B01??(%RH)","	77.1","	2026-07-28 12:58:43"
"	69BA0CDE","	Chamber1","	1","	B01??(?)","	4.6","	2026-07-28 12:58:43"
"	69BA0CDE","	Chamber1","	1","	B01??(%RH)","	77.1","	2026-07-28 12:58:41"
"	69BA0CDE","	Chamber1","	1","	B01??(?)","	4.6","	2026-07-28 12:58:41"
"	69BA0CDE","	Chamber1","	1","	B01??(%RH)","	77.1","	2026-07-28 12:58:39"
"	69BA0CDE","	Chamber1","	1","	B01??(?)","	4.6","	2026-07-28 12:58:39"
"	69BA0CDE","	Chamber1","	1","	B01??(%RH)","	77.1","	2026-07-28 12:58:37"
"	69BA0CDE","	Chamber1","	1","	B01??(?)","	4.6","	2026-07-28 12:58:37"
"	69BA0CDE","	Chamber1","	1","	B01??(%RH)","	77","	2026-07-28 12:58:35"
"	69BA0CDE","	Chamber1","	1","	B01??(?)","	4.6","	2026-07-28 12:58:35"
"	69BA0CDE","	Chamber1","	1","	B01??(%RH)","	77.1","	2026-07-28 12:58:33"
"	69BA0CDE","	Chamber1","	1","	B01??(?)","	4.6","	2026-07-28 12:58:33"
"	69BA0CDE","	Chamber1","	1","	B01??(%RH)","	77.1","	2026-07-28 12:58:30"
"	69BA0CDE","	Chamber1","	1","	B01??(?)","	4.6","	2026-07-28 12:58:30"
"	69BA0CDE","	Chamber1","	1","	B01??(%RH)","	77","	2026-07-28 12:58:28"
"	69BA0CDE","	Chamber1","	1","	B01??(?)","	4.6","	2026-07-28 12:58:28"
"	69BA0CDE","	Chamber1","	1","	B01??(%RH)","	77","	2026-07-28 12:58:26"
"	69BA0CDE","	Chamber1","	1","	B01??(?)","	4.6","	2026-07-28 12:58:26"
"	69BA0CDE","	Chamber1","	1","	B01??(%RH)","	77","	2026-07-28 12:58:24"
"	69BA0CDE","	Chamber1","	1","	B01??(?)","	4.6","	2026-07-28 12:58:24"
"	69BA0CDE","	Chamber1","	1","	B01??(%RH)","	77","	2026-07-28 12:58:22"
"	69BA0CDE","	Chamber1","	1","	B01??(?)","	4.6","	2026-07-28 12:58:22"
"	69BA0CDE","	Chamber1","	1","	B01??(%RH)","	77","	2026-07-28 12:58:20"
"	69BA0CDE","	Chamber1","	1","	B01??(?)","	4.6","	2026-07-28 12:58:20"
"	69BA0CDE","	Chamber1","	1","	B01??(%RH)","	77","	2026-07-28 12:58:18"
"	69BA0CDE","	Chamber1","	1","	B01??(?)","	4.6","	2026-07-28 12:58:18"
"	69BA0CDE","	Chamber1","	1","	B01??(%RH)","	77","	2026-07-28 12:58:16"
"	69BA0CDE","	Chamber1","	1","	B01??(?)","	4.6","	2026-07-28 12:58:16"
"	69BA0CDE","	Chamber1","	1","	B01??(%RH)","	77","	2026-07-28 12:58:14"
"	69BA0CDE","	Chamber1","	1","	B01??(?)","	4.6","	2026-07-28 12:58:14"
"	69BA0CDE","	Chamber1","	1","	B01??(%RH)","	76.9","	2026-07-28 12:58:12"
"	69BA0CDE","	Chamber1","	1","	B01??(?)","	4.6","	2026-07-28 12:58:12"
"	69BA0CDE","	Chamber1","	1","	B01??(%RH)","	76.9","	2026-07-28 12:58:10"
"	69BA0CDE","	Chamber1","	1","	B01??(?)","	4.6","	2026-07-28 12:58:10"
"	69BA0CDE","	Chamber1","	1","	B01??(%RH)","	76.9","	2026-07-28 12:58:08"
"	69BA0CDE","	Chamber1","	1","	B01??(?)","	4.6","	2026-07-28 12:58:08"
"	69BA0CDE","	Chamber1","	1","	B01??(%RH)","	76.9","	2026-07-28 12:58:06"
"	69BA0CDE","	Chamber1","	1","	B01??(?)","	4.6","	2026-07-28 12:58:06"
"	69BA0CDE","	Chamber1","	1","	B01??(%RH)","	76.9","	2026-07-28 12:58:04"
"	69BA0CDE","	Chamber1","	1","	B01??(?)","	4.6","	2026-07-28 12:58:04"
"	69BA0CDE","	Chamber1","	1","	B01??(%RH)","	76.9","	2026-07-28 12:58:02"
"	69BA0CDE","	Chamber1","	1","	B01??(?)","	4.6","	2026-07-28 12:58:02"
"	69BA0CDE","	Chamber1","	1","	B01??(%RH)","	76.9","	2026-07-28 12:58:00"
"	69BA0CDE","	Chamber1","	1","	B01??(?)","	4.6","	2026-07-28 12:58:00"
"	69BA0CDE","	Chamber1","	1","	B01??(%RH)","	76.9","	2026-07-28 12:57:58"
"	69BA0CDE","	Chamber1","	1","	B01??(?)","	4.6","	2026-07-28 12:57:58"
"	69BA0CDE","	Chamber1","	1","	B01??(%RH)","	76.9","	2026-07-28 12:57:56"
"	69BA0CDE","	Chamber1","	1","	B01??(?)","	4.6","	2026-07-28 12:57:56"
"	69BA0CDE","	Chamber1","	1","	B01??(%RH)","	76.8","	2026-07-28 12:57:54"
"	69BA0CDE","	Chamber1","	1","	B01??(?)","	4.6","	2026-07-28 12:57:54"
"	69BA0CDE","	Chamber1","	1","	B01??(%RH)","	76.8","	2026-07-28 12:57:52"
"	69BA0CDE","	Chamber1","	1","	B01??(?)","	4.6","	2026-07-28 12:57:52"
"	69BA0CDE","	Chamber1","	1","	B01??(%RH)","	76.8","	2026-07-28 12:57:50"
"	69BA0CDE","	Chamber1","	1","	B01??(?)","	4.6","	2026-07-28 12:57:50"
"	69BA0CDE","	Chamber1","	1","	B01??(%RH)","	76.8","	2026-07-28 12:57:48"
"	69BA0CDE","	Chamber1","	1","	B01??(?)","	4.7","	2026-07-28 12:57:48"
"	69BA0CDE","	Chamber1","	1","	B01??(%RH)","	76.8","	2026-07-28 12:57:45"
"	69BA0CDE","	Chamber1","	1","	B01??(?)","	4.6","	2026-07-28 12:57:45"
"	69BA0CDE","	Chamber1","	1","	B01??(%RH)","	76.8","	2026-07-28 12:57:43"
"	69BA0CDE","	Chamber1","	1","	B01??(?)","	4.7","	2026-07-28 12:57:43"
"	69BA0CDE","	Chamber1","	1","	B01??(%RH)","	76.8","	2026-07-28 12:57:41"
"	69BA0CDE","	Chamber1","	1","	B01??(?)","	4.7","	2026-07-28 12:57:41"
"	69BA0CDE","	Chamber1","	1","	B01??(%RH)","	76.8","	2026-07-28 12:57:39"
"	69BA0CDE","	Chamber1","	1","	B01??(?)","	4.7","	2026-07-28 12:57:39"
"	69BA0CDE","	Chamber1","	1","	B01??(%RH)","	76.8","	2026-07-28 12:57:37"
"	69BA0CDE","	Chamber1","	1","	B01??(?)","	4.7","	2026-07-28 12:57:37"
"	69BA0CDE","	Chamber1","	1","	B01??(%RH)","	76.8","	2026-07-28 12:57:35"
"	69BA0CDE","	Chamber1","	1","	B01??(?)","	4.7","	2026-07-28 12:57:35"
"	69BA0CDE","	Chamber1","	1","	B01??(%RH)","	76.7","	2026-07-28 12:57:33"
"	69BA0CDE","	Chamber1","	1","	B01??(?)","	4.7","	2026-07-28 12:57:33"
"	69BA0CDE","	Chamber1","	1","	B01??(%RH)","	76.7","	2026-07-28 12:57:31"
"	69BA0CDE","	Chamber1","	1","	B01??(?)","	4.7","	2026-07-28 12:57:31"
"	69BA0CDE","	Chamber1","	1","	B01??(%RH)","	76.7","	2026-07-28 12:57:29"
"	69BA0CDE","	Chamber1","	1","	B01??(?)","	4.7","	2026-07-28 12:57:29"
"	69BA0CDE","	Chamber1","	1","	B01??(%RH)","	76.7","	2026-07-28 12:57:27"
"	69BA0CDE","	Chamber1","	1","	B01??(?)","	4.7","	2026-07-28 12:57:27"
"	69BA0CDE","	Chamber1","	1","	B01??(%RH)","	76.7","	2026-07-28 12:57:25"
"	69BA0CDE","	Chamber1","	1","	B01??(?)","	4.7","	2026-07-28 12:57:25"
"	69BA0CDE","	Chamber1","	1","	B01??(%RH)","	76.7","	2026-07-28 12:57:23"
"	69BA0CDE","	Chamber1","	1","	B01??(?)","	4.7","	2026-07-28 12:57:23"
"	69BA0CDE","	Chamber1","	1","	B01??(%RH)","	76.7","	2026-07-28 12:57:21"
"	69BA0CDE","	Chamber1","	1","	B01??(?)","	4.7","	2026-07-28 12:57:21"
"	69BA0CDE","	Chamber1","	1","	B01??(%RH)","	76.7","	2026-07-28 12:57:19"
"	69BA0CDE","	Chamber1","	1","	B01??(?)","	4.7","	2026-07-28 12:57:19"
"	69BA0CDE","	Chamber1","	1","	B01??(%RH)","	76.7","	2026-07-28 12:57:17"
"	69BA0CDE","	Chamber1","	1","	B01??(?)","	4.7","	2026-07-28 12:57:17"
"	69BA0CDE","	Chamber1","	1","	B01??(%RH)","	76.6","	2026-07-28 12:57:15"
"	69BA0CDE","	Chamber1","	1","	B01??(?)","	4.7","	2026-07-28 12:57:15"
"	69BA0CDE","	Chamber1","	1","	B01??(%RH)","	76.6","	2026-07-28 12:57:13"
"	69BA0CDE","	Chamber1","	1","	B01??(?)","	4.7","	2026-07-28 12:57:13"
"	69BA0CDE","	Chamber1","	1","	B01??(%RH)","	76.6","	2026-07-28 12:57:11"
"	69BA0CDE","	Chamber1","	1","	B01??(?)","	4.7","	2026-07-28 12:57:11"
"	69BA0CDE","	Chamber1","	1","	B01??(%RH)","	76.6","	2026-07-28 12:57:09"
"	69BA0CDE","	Chamber1","	1","	B01??(?)","	4.7","	2026-07-28 12:57:09"
"	69BA0CDE","	Chamber1","	1","	B01??(%RH)","	76.6","	2026-07-28 12:57:07"
"	69BA0CDE","	Chamber1","	1","	B01??(?)","	4.7","	2026-07-28 12:57:07"
"	69BA0CDE","	Chamber1","	1","	B01??(%RH)","	76.6","	2026-07-28 12:57:04"
"	69BA0CDE","	Chamber1","	1","	B01??(?)","	4.7","	2026-07-28 12:57:04"
"	69BA0CDE","	Chamber1","	1","	B01??(%RH)","	76.6","	2026-07-28 12:57:02"
"	69BA0CDE","	Chamber1","	1","	B01??(?)","	4.7","	2026-07-28 12:57:02"
"	69BA0CDE","	Chamber1","	1","	B01??(%RH)","	76.5","	2026-07-28 12:57:00"
"	69BA0CDE","	Chamber1","	1","	B01??(?)","	4.7","	2026-07-28 12:57:00"
"	69BA0CDE","	Chamber1","	1","	B01??(%RH)","	76.5","	2026-07-28 12:56:58"
"	69BA0CDE","	Chamber1","	1","	B01??(?)","	4.7","	2026-07-28 12:56:58"
"	69BA0CDE","	Chamber1","	1","	B01??(%RH)","	76.5","	2026-07-28 12:56:56"
"	69BA0CDE","	Chamber1","	1","	B01??(?)","	4.7","	2026-07-28 12:56:56"
"	69BA0CDE","	Chamber1","	1","	B01??(%RH)","	76.5","	2026-07-28 12:56:54"
"	69BA0CDE","	Chamber1","	1","	B01??(?)","	4.7","	2026-07-28 12:56:54"
"	69BA0CDE","	Chamber1","	1","	B01??(%RH)","	76.5","	2026-07-28 12:56:52"
"	69BA0CDE","	Chamber1","	1","	B01??(?)","	4.7","	2026-07-28 12:56:52"
"	69BA0CDE","	Chamber1","	1","	B01??(%RH)","	76.5","	2026-07-28 12:56:50"
"	69BA0CDE","	Chamber1","	1","	B01??(?)","	4.7","	2026-07-28 12:56:50"
"	69BA0CDE","	Chamber1","	1","	B01??(%RH)","	76.5","	2026-07-28 12:56:48"
"	69BA0CDE","	Chamber1","	1","	B01??(?)","	4.7","	2026-07-28 12:56:48"
"	69BA0CDE","	Chamber1","	1","	B01??(%RH)","	76.5","	2026-07-28 12:56:46"
"	69BA0CDE","	Chamber1","	1","	B01??(?)","	4.7","	2026-07-28 12:56:46"
"	69BA0CDE","	Chamber1","	1","	B01??(%RH)","	76.5","	2026-07-28 12:56:44"
"	69BA0CDE","	Chamber1","	1","	B01??(?)","	4.7","	2026-07-28 12:56:44"
"	69BA0CDE","	Chamber1","	1","	B01??(%RH)","	76.4","	2026-07-28 12:56:42"
"	69BA0CDE","	Chamber1","	1","	B01??(?)","	4.7","	2026-07-28 12:56:42"
"	69BA0CDE","	Chamber1","	1","	B01??(%RH)","	76.4","	2026-07-28 12:56:40"
"	69BA0CDE","	Chamber1","	1","	B01??(?)","	4.7","	2026-07-28 12:56:40"
"	69BA0CDE","	Chamber1","	1","	B01??(%RH)","	76.4","	2026-07-28 12:56:38"
"	69BA0CDE","	Chamber1","	1","	B01??(?)","	4.7","	2026-07-28 12:56:38"
"	69BA0CDE","	Chamber1","	1","	B01??(%RH)","	76.4","	2026-07-28 12:56:36"
"	69BA0CDE","	Chamber1","	1","	B01??(?)","	4.7","	2026-07-28 12:56:36"
"	69BA0CDE","	Chamber1","	1","	B01??(%RH)","	76.4","	2026-07-28 12:56:34"
"	69BA0CDE","	Chamber1","	1","	B01??(?)","	4.8","	2026-07-28 12:56:34"
"	69BA0CDE","	Chamber1","	1","	B01??(%RH)","	76.4","	2026-07-28 12:56:32"
"	69BA0CDE","	Chamber1","	1","	B01??(?)","	4.7","	2026-07-28 12:56:32"
"	69BA0CDE","	Chamber1","	1","	B01??(%RH)","	76.4","	2026-07-28 12:56:30"
"	69BA0CDE","	Chamber1","	1","	B01??(?)","	4.8","	2026-07-28 12:56:30"
"	69BA0CDE","	Chamber1","	1","	B01??(%RH)","	76.4","	2026-07-28 12:56:28"
"	69BA0CDE","	Chamber1","	1","	B01??(?)","	4.7","	2026-07-28 12:56:28"
"	69BA0CDE","	Chamber1","	1","	B01??(%RH)","	76.4","	2026-07-28 12:56:26"
"	69BA0CDE","	Chamber1","	1","	B01??(?)","	4.8","	2026-07-28 12:56:26"
"	69BA0CDE","	Chamber1","	1","	B01??(%RH)","	76.4","	2026-07-28 12:56:24"
"	69BA0CDE","	Chamber1","	1","	B01??(?)","	4.8","	2026-07-28 12:56:24"
"	69BA0CDE","	Chamber1","	1","	B01??(%RH)","	76.4","	2026-07-28 12:56:22"
"	69BA0CDE","	Chamber1","	1","	B01??(?)","	4.8","	2026-07-28 12:56:22"
"	69BA0CDE","	Chamber1","	1","	B01??(%RH)","	76.3","	2026-07-28 12:56:19"
"	69BA0CDE","	Chamber1","	1","	B01??(?)","	4.8","	2026-07-28 12:56:19"
"	69BA0CDE","	Chamber1","	1","	B01??(%RH)","	76.3","	2026-07-28 12:56:17"
"	69BA0CDE","	Chamber1","	1","	B01??(?)","	4.8","	2026-07-28 12:56:17"
"	69BA0CDE","	Chamber1","	1","	B01??(%RH)","	76.3","	2026-07-28 12:56:15"
"	69BA0CDE","	Chamber1","	1","	B01??(?)","	4.8","	2026-07-28 12:56:15"
"	69BA0CDE","	Chamber1","	1","	B01??(%RH)","	76.3","	2026-07-28 12:56:13"
"	69BA0CDE","	Chamber1","	1","	B01??(?)","	4.8","	2026-07-28 12:56:13"
"	69BA0CDE","	Chamber1","	1","	B01??(%RH)","	76.3","	2026-07-28 12:56:11"
"	69BA0CDE","	Chamber1","	1","	B01??(?)","	4.8","	2026-07-28 12:56:11"
"	69BA0CDE","	Chamber1","	1","	B01??(%RH)","	76.3","	2026-07-28 12:56:09"
"	69BA0CDE","	Chamber1","	1","	B01??(?)","	4.8","	2026-07-28 12:56:09"
"	69BA0CDE","	Chamber1","	1","	B01??(%RH)","	76.3","	2026-07-28 12:56:07"
"	69BA0CDE","	Chamber1","	1","	B01??(?)","	4.8","	2026-07-28 12:56:07"
"	69BA0CDE","	Chamber1","	1","	B01??(%RH)","	76.2","	2026-07-28 12:56:05"
"	69BA0CDE","	Chamber1","	1","	B01??(?)","	4.8","	2026-07-28 12:56:05"
"	69BA0CDE","	Chamber1","	1","	B01??(%RH)","	76.3","	2026-07-28 12:56:03"
"	69BA0CDE","	Chamber1","	1","	B01??(?)","	4.8","	2026-07-28 12:56:03"
"	69BA0CDE","	Chamber1","	1","	B01??(%RH)","	76.2","	2026-07-28 12:56:01"
"	69BA0CDE","	Chamber1","	1","	B01??(?)","	4.8","	2026-07-28 12:56:01"
"	69BA0CDE","	Chamber1","	1","	B01??(%RH)","	76.2","	2026-07-28 12:55:59"
"	69BA0CDE","	Chamber1","	1","	B01??(?)","	4.8","	2026-07-28 12:55:59"
"	69BA0CDE","	Chamber1","	1","	B01??(%RH)","	76.2","	2026-07-28 12:55:57"
"	69BA0CDE","	Chamber1","	1","	B01??(?)","	4.8","	2026-07-28 12:55:57"
"	69BA0CDE","	Chamber1","	1","	B01??(%RH)","	76.2","	2026-07-28 12:55:55"
"	69BA0CDE","	Chamber1","	1","	B01??(?)","	4.8","	2026-07-28 12:55:55"
"	69BA0CDE","	Chamber1","	1","	B01??(%RH)","	76.2","	2026-07-28 12:55:53"
"	69BA0CDE","	Chamber1","	1","	B01??(?)","	4.8","	2026-07-28 12:55:53"
"	69BA0CDE","	Chamber1","	1","	B01??(%RH)","	76.1","	2026-07-28 12:55:51"
"	69BA0CDE","	Chamber1","	1","	B01??(?)","	4.8","	2026-07-28 12:55:51"
"	69BA0CDE","	Chamber1","	1","	B01??(%RH)","	76.2","	2026-07-28 12:55:49"
"	69BA0CDE","	Chamber1","	1","	B01??(?)","	4.8","	2026-07-28 12:55:49"
"	69BA0CDE","	Chamber1","	1","	B01??(%RH)","	76.1","	2026-07-28 12:55:47"
"	69BA0CDE","	Chamber1","	1","	B01??(?)","	4.8","	2026-07-28 12:55:47"
"	69BA0CDE","	Chamber1","	1","	B01??(%RH)","	76.1","	2026-07-28 12:55:45"
"	69BA0CDE","	Chamber1","	1","	B01??(?)","	4.8","	2026-07-28 12:55:45"
"	69BA0CDE","	Chamber1","	1","	B01??(%RH)","	76.1","	2026-07-28 12:55:43"
"	69BA0CDE","	Chamber1","	1","	B01??(?)","	4.8","	2026-07-28 12:55:43"
"	69BA0CDE","	Chamber1","	1","	B01??(%RH)","	76.1","	2026-07-28 12:55:41"
"	69BA0CDE","	Chamber1","	1","	B01??(?)","	4.8","	2026-07-28 12:55:41"
"	69BA0CDE","	Chamber1","	1","	B01??(%RH)","	76.1","	2026-07-28 12:55:39"
"	69BA0CDE","	Chamber1","	1","	B01??(?)","	4.8","	2026-07-28 12:55:39"
"	69BA0CDE","	Chamber1","	1","	B01??(%RH)","	76.1","	2026-07-28 12:55:36"
"	69BA0CDE","	Chamber1","	1","	B01??(?)","	4.8","	2026-07-28 12:55:36"
"	69BA0CDE","	Chamber1","	1","	B01??(%RH)","	76.1","	2026-07-28 12:55:34"
"	69BA0CDE","	Chamber1","	1","	B01??(?)","	4.8","	2026-07-28 12:55:34"
"	69BA0CDE","	Chamber1","	1","	B01??(%RH)","	76.1","	2026-07-28 12:55:32"
"	69BA0CDE","	Chamber1","	1","	B01??(?)","	4.8","	2026-07-28 12:55:32"
"	69BA0CDE","	Chamber1","	1","	B01??(%RH)","	76","	2026-07-28 12:55:30"
"	69BA0CDE","	Chamber1","	1","	B01??(?)","	4.8","	2026-07-28 12:55:30"
"	69BA0CDE","	Chamber1","	1","	B01??(%RH)","	76","	2026-07-28 12:55:28"
"	69BA0CDE","	Chamber1","	1","	B01??(?)","	4.8","	2026-07-28 12:55:28"
"	69BA0CDE","	Chamber1","	1","	B01??(%RH)","	76","	2026-07-28 12:55:26"
"	69BA0CDE","	Chamber1","	1","	B01??(?)","	4.8","	2026-07-28 12:55:26"
"	69BA0CDE","	Chamber1","	1","	B01??(%RH)","	76","	2026-07-28 12:55:24"
"	69BA0CDE","	Chamber1","	1","	B01??(?)","	4.9","	2026-07-28 12:55:24"
"	69BA0CDE","	Chamber1","	1","	B01??(%RH)","	76","	2026-07-28 12:55:22"
"	69BA0CDE","	Chamber1","	1","	B01??(?)","	4.9","	2026-07-28 12:55:22"
"	69BA0CDE","	Chamber1","	1","	B01??(%RH)","	76","	2026-07-28 12:55:20"
"	69BA0CDE","	Chamber1","	1","	B01??(?)","	4.9","	2026-07-28 12:55:20"
"	69BA0CDE","	Chamber1","	1","	B01??(%RH)","	76","	2026-07-28 12:55:18"
"	69BA0CDE","	Chamber1","	1","	B01??(?)","	4.9","	2026-07-28 12:55:18"
"	69BA0CDE","	Chamber1","	1","	B01??(%RH)","	75.9","	2026-07-28 12:55:16"
"	69BA0CDE","	Chamber1","	1","	B01??(?)","	4.9","	2026-07-28 12:55:16"
"	69BA0CDE","	Chamber1","	1","	B01??(%RH)","	75.9","	2026-07-28 12:55:14"
"	69BA0CDE","	Chamber1","	1","	B01??(?)","	4.9","	2026-07-28 12:55:14"
"	69BA0CDE","	Chamber1","	1","	B01??(%RH)","	75.9","	2026-07-28 12:55:12"
"	69BA0CDE","	Chamber1","	1","	B01??(?)","	4.9","	2026-07-28 12:55:12"
"	69BA0CDE","	Chamber1","	1","	B01??(%RH)","	75.9","	2026-07-28 12:55:10"
"	69BA0CDE","	Chamber1","	1","	B01??(?)","	4.9","	2026-07-28 12:55:10"
"	69BA0CDE","	Chamber1","	1","	B01??(%RH)","	75.9","	2026-07-28 12:55:08"
"	69BA0CDE","	Chamber1","	1","	B01??(?)","	4.9","	2026-07-28 12:55:08"
"	69BA0CDE","	Chamber1","	1","	B01??(%RH)","	75.8","	2026-07-28 12:55:06"
"	69BA0CDE","	Chamber1","	1","	B01??(?)","	4.9","	2026-07-28 12:55:06"
"	69BA0CDE","	Chamber1","	1","	B01??(%RH)","	75.8","	2026-07-28 12:55:04"
"	69BA0CDE","	Chamber1","	1","	B01??(?)","	4.9","	2026-07-28 12:55:04"
"	69BA0CDE","	Chamber1","	1","	B01??(%RH)","	75.8","	2026-07-28 12:55:02"
"	69BA0CDE","	Chamber1","	1","	B01??(?)","	4.9","	2026-07-28 12:55:02"
"	69BA0CDE","	Chamber1","	1","	B01??(%RH)","	75.8","	2026-07-28 12:55:00"
"	69BA0CDE","	Chamber1","	1","	B01??(?)","	4.9","	2026-07-28 12:55:00"
"	69BA0CDE","	Chamber1","	1","	B01??(%RH)","	75.8","	2026-07-28 12:54:58"
"	69BA0CDE","	Chamber1","	1","	B01??(?)","	4.9","	2026-07-28 12:54:58"
"	69BA0CDE","	Chamber1","	1","	B01??(%RH)","	75.8","	2026-07-28 12:54:56"
"	69BA0CDE","	Chamber1","	1","	B01??(?)","	4.9","	2026-07-28 12:54:56"
"	69BA0CDE","	Chamber1","	1","	B01??(%RH)","	75.8","	2026-07-28 12:54:53"
"	69BA0CDE","	Chamber1","	1","	B01??(?)","	4.9","	2026-07-28 12:54:53"
"	69BA0CDE","	Chamber1","	1","	B01??(%RH)","	75.8","	2026-07-28 12:54:51"
"	69BA0CDE","	Chamber1","	1","	B01??(?)","	4.9","	2026-07-28 12:54:51"
"	69BA0CDE","	Chamber1","	1","	B01??(%RH)","	75.7","	2026-07-28 12:54:49"
"	69BA0CDE","	Chamber1","	1","	B01??(?)","	4.9","	2026-07-28 12:54:49"
"	69BA0CDE","	Chamber1","	1","	B01??(%RH)","	75.7","	2026-07-28 12:54:47"
"	69BA0CDE","	Chamber1","	1","	B01??(?)","	4.9","	2026-07-28 12:54:47"
"	69BA0CDE","	Chamber1","	1","	B01??(%RH)","	75.7","	2026-07-28 12:54:45"
"	69BA0CDE","	Chamber1","	1","	B01??(?)","	4.9","	2026-07-28 12:54:45"
"	69BA0CDE","	Chamber1","	1","	B01??(%RH)","	75.7","	2026-07-28 12:54:43"
"	69BA0CDE","	Chamber1","	1","	B01??(?)","	4.9","	2026-07-28 12:54:43"
"	69BA0CDE","	Chamber1","	1","	B01??(%RH)","	75.7","	2026-07-28 12:54:41"
"	69BA0CDE","	Chamber1","	1","	B01??(?)","	4.9","	2026-07-28 12:54:41"
"	69BA0CDE","	Chamber1","	1","	B01??(%RH)","	75.7","	2026-07-28 12:54:39"
"	69BA0CDE","	Chamber1","	1","	B01??(?)","	4.9","	2026-07-28 12:54:39"
"	69BA0CDE","	Chamber1","	1","	B01??(%RH)","	75.7","	2026-07-28 12:54:37"
"	69BA0CDE","	Chamber1","	1","	B01??(?)","	4.9","	2026-07-28 12:54:37"
"	69BA0CDE","	Chamber1","	1","	B01??(%RH)","	75.6","	2026-07-28 12:54:35"
"	69BA0CDE","	Chamber1","	1","	B01??(?)","	4.9","	2026-07-28 12:54:35"
"	69BA0CDE","	Chamber1","	1","	B01??(%RH)","	75.6","	2026-07-28 12:54:33"
"	69BA0CDE","	Chamber1","	1","	B01??(?)","	4.9","	2026-07-28 12:54:33"
"	69BA0CDE","	Chamber1","	1","	B01??(%RH)","	75.6","	2026-07-28 12:54:31"
"	69BA0CDE","	Chamber1","	1","	B01??(?)","	4.9","	2026-07-28 12:54:31"
"	69BA0CDE","	Chamber1","	1","	B01??(%RH)","	75.6","	2026-07-28 12:54:29"
"	69BA0CDE","	Chamber1","	1","	B01??(?)","	5","	2026-07-28 12:54:29"
"	69BA0CDE","	Chamber1","	1","	B01??(%RH)","	75.6","	2026-07-28 12:54:27"
"	69BA0CDE","	Chamber1","	1","	B01??(?)","	5","	2026-07-28 12:54:27"
"	69BA0CDE","	Chamber1","	1","	B01??(%RH)","	75.5","	2026-07-28 12:54:25"
"	69BA0CDE","	Chamber1","	1","	B01??(?)","	4.9","	2026-07-28 12:54:25"
"	69BA0CDE","	Chamber1","	1","	B01??(%RH)","	75.6","	2026-07-28 12:54:23"
"	69BA0CDE","	Chamber1","	1","	B01??(?)","	4.9","	2026-07-28 12:54:23"
"	69BA0CDE","	Chamber1","	1","	B01??(%RH)","	75.5","	2026-07-28 12:54:21"
"	69BA0CDE","	Chamber1","	1","	B01??(?)","	4.9","	2026-07-28 12:54:21"
"	69BA0CDE","	Chamber1","	1","	B01??(%RH)","	75.5","	2026-07-28 12:54:19"
"	69BA0CDE","	Chamber1","	1","	B01??(?)","	5","	2026-07-28 12:54:19"
"	69BA0CDE","	Chamber1","	1","	B01??(%RH)","	75.5","	2026-07-28 12:54:17"
"	69BA0CDE","	Chamber1","	1","	B01??(?)","	5","	2026-07-28 12:54:17"
"	69BA0CDE","	Chamber1","	1","	B01??(%RH)","	75.5","	2026-07-28 12:54:15"
"	69BA0CDE","	Chamber1","	1","	B01??(?)","	5","	2026-07-28 12:54:15"
"	69BA0CDE","	Chamber1","	1","	B01??(%RH)","	75.5","	2026-07-28 12:54:13"
"	69BA0CDE","	Chamber1","	1","	B01??(?)","	5","	2026-07-28 12:54:13"
"	69BA0CDE","	Chamber1","	1","	B01??(%RH)","	75.5","	2026-07-28 12:54:11"
"	69BA0CDE","	Chamber1","	1","	B01??(?)","	5","	2026-07-28 12:54:11"
"	69BA0CDE","	Chamber1","	1","	B01??(%RH)","	75.5","	2026-07-28 12:54:09"
"	69BA0CDE","	Chamber1","	1","	B01??(?)","	5","	2026-07-28 12:54:09"
"	69BA0CDE","	Chamber1","	1","	B01??(%RH)","	75.4","	2026-07-28 12:54:06"
"	69BA0CDE","	Chamber1","	1","	B01??(?)","	5","	2026-07-28 12:54:06"
"	69BA0CDE","	Chamber1","	1","	B01??(%RH)","	75.4","	2026-07-28 12:54:04"
"	69BA0CDE","	Chamber1","	1","	B01??(?)","	5","	2026-07-28 12:54:04"
"	69BA0CDE","	Chamber1","	1","	B01??(%RH)","	75.4","	2026-07-28 12:54:02"
"	69BA0CDE","	Chamber1","	1","	B01??(?)","	5","	2026-07-28 12:54:02"
"	69BA0CDE","	Chamber1","	1","	B01??(%RH)","	75.4","	2026-07-28 12:54:00"
"	69BA0CDE","	Chamber1","	1","	B01??(?)","	5","	2026-07-28 12:54:00"
"	69BA0CDE","	Chamber1","	1","	B01??(%RH)","	75.4","	2026-07-28 12:53:58"
"	69BA0CDE","	Chamber1","	1","	B01??(?)","	5","	2026-07-28 12:53:58"
"	69BA0CDE","	Chamber1","	1","	B01??(%RH)","	75.4","	2026-07-28 12:53:56"
"	69BA0CDE","	Chamber1","	1","	B01??(?)","	5","	2026-07-28 12:53:56"
"	69BA0CDE","	Chamber1","	1","	B01??(?)","	5","	2026-07-28 12:53:54"
"	69BA0CDE","	Chamber1","	1","	B01??(%RH)","	75.4","	2026-07-28 12:53:54"
"	69BA0CDE","	Chamber1","	1","	B01??(%RH)","	75.3","	2026-07-28 12:53:52"
"	69BA0CDE","	Chamber1","	1","	B01??(?)","	5","	2026-07-28 12:53:52"
"	69BA0CDE","	Chamber1","	1","	B01??(%RH)","	75.3","	2026-07-28 12:53:50"
"	69BA0CDE","	Chamber1","	1","	B01??(?)","	5","	2026-07-28 12:53:50"
"	69BA0CDE","	Chamber1","	1","	B01??(%RH)","	75.3","	2026-07-28 12:53:48"
"	69BA0CDE","	Chamber1","	1","	B01??(?)","	5","	2026-07-28 12:53:48"
"	69BA0CDE","	Chamber1","	1","	B01??(%RH)","	75.3","	2026-07-28 12:53:46"
"	69BA0CDE","	Chamber1","	1","	B01??(?)","	5","	2026-07-28 12:53:46"
"	69BA0CDE","	Chamber1","	1","	B01??(%RH)","	75.3","	2026-07-28 12:53:44"
"	69BA0CDE","	Chamber1","	1","	B01??(?)","	5","	2026-07-28 12:53:44"
"	69BA0CDE","	Chamber1","	1","	B01??(%RH)","	75.3","	2026-07-28 12:53:42"
"	69BA0CDE","	Chamber1","	1","	B01??(?)","	5","	2026-07-28 12:53:42"
"	69BA0CDE","	Chamber1","	1","	B01??(%RH)","	75.3","	2026-07-28 12:53:40"
"	69BA0CDE","	Chamber1","	1","	B01??(?)","	5.1","	2026-07-28 12:53:40"
"	69BA0CDE","	Chamber1","	1","	B01??(%RH)","	75.2","	2026-07-28 12:53:38"
"	69BA0CDE","	Chamber1","	1","	B01??(?)","	5","	2026-07-28 12:53:38"
"	69BA0CDE","	Chamber1","	1","	B01??(%RH)","	75.2","	2026-07-28 12:53:36"
"	69BA0CDE","	Chamber1","	1","	B01??(?)","	5.1","	2026-07-28 12:53:36"
"	69BA0CDE","	Chamber1","	1","	B01??(%RH)","	75.2","	2026-07-28 12:53:34"
"	69BA0CDE","	Chamber1","	1","	B01??(?)","	5.1","	2026-07-28 12:53:34"
"	69BA0CDE","	Chamber1","	1","	B01??(%RH)","	75.2","	2026-07-28 12:53:32"
"	69BA0CDE","	Chamber1","	1","	B01??(?)","	5.1","	2026-07-28 12:53:32"
"	69BA0CDE","	Chamber1","	1","	B01??(%RH)","	75.2","	2026-07-28 12:53:30"
"	69BA0CDE","	Chamber1","	1","	B01??(?)","	5","	2026-07-28 12:53:30"
"	69BA0CDE","	Chamber1","	1","	B01??(%RH)","	75.2","	2026-07-28 12:53:28"
"	69BA0CDE","	Chamber1","	1","	B01??(?)","	5.1","	2026-07-28 12:53:28"
"	69BA0CDE","	Chamber1","	1","	B01??(%RH)","	75.1","	2026-07-28 12:53:25"
"	69BA0CDE","	Chamber1","	1","	B01??(?)","	5.1","	2026-07-28 12:53:25"
"	69BA0CDE","	Chamber1","	1","	B01??(%RH)","	75.1","	2026-07-28 12:53:23"
"	69BA0CDE","	Chamber1","	1","	B01??(?)","	5.1","	2026-07-28 12:53:23"
"	69BA0CDE","	Chamber1","	1","	B01??(%RH)","	75.1","	2026-07-28 12:53:21"
"	69BA0CDE","	Chamber1","	1","	B01??(?)","	5.1","	2026-07-28 12:53:21"
"	69BA0CDE","	Chamber1","	1","	B01??(%RH)","	75.1","	2026-07-28 12:53:19"
"	69BA0CDE","	Chamber1","	1","	B01??(?)","	5.1","	2026-07-28 12:53:19"
"	69BA0CDE","	Chamber1","	1","	B01??(%RH)","	75.1","	2026-07-28 12:53:17"
"	69BA0CDE","	Chamber1","	1","	B01??(?)","	5.1","	2026-07-28 12:53:17"
"	69BA0CDE","	Chamber1","	1","	B01??(%RH)","	75.1","	2026-07-28 12:53:15"
"	69BA0CDE","	Chamber1","	1","	B01??(?)","	5.1","	2026-07-28 12:53:15"
"	69BA0CDE","	Chamber1","	1","	B01??(%RH)","	75","	2026-07-28 12:53:13"
"	69BA0CDE","	Chamber1","	1","	B01??(?)","	5.1","	2026-07-28 12:53:13"
"	69BA0CDE","	Chamber1","	1","	B01??(%RH)","	75","	2026-07-28 12:53:11"
"	69BA0CDE","	Chamber1","	1","	B01??(?)","	5.1","	2026-07-28 12:53:11"
"	69BA0CDE","	Chamber1","	1","	B01??(%RH)","	75","	2026-07-28 12:53:09"
"	69BA0CDE","	Chamber1","	1","	B01??(?)","	5.1","	2026-07-28 12:53:09"
"	69BA0CDE","	Chamber1","	1","	B01??(%RH)","	75","	2026-07-28 12:53:07"
"	69BA0CDE","	Chamber1","	1","	B01??(?)","	5.1","	2026-07-28 12:53:07"
"	69BA0CDE","	Chamber1","	1","	B01??(%RH)","	75","	2026-07-28 12:53:05"
"	69BA0CDE","	Chamber1","	1","	B01??(?)","	5.1","	2026-07-28 12:53:05"
"	69BA0CDE","	Chamber1","	1","	B01??(%RH)","	75","	2026-07-28 12:53:03"
"	69BA0CDE","	Chamber1","	1","	B01??(?)","	5.1","	2026-07-28 12:53:03"
"	69BA0CDE","	Chamber1","	1","	B01??(%RH)","	75","	2026-07-28 12:53:01"
"	69BA0CDE","	Chamber1","	1","	B01??(?)","	5.1","	2026-07-28 12:53:01"
"	69BA0CDE","	Chamber1","	1","	B01??(%RH)","	74.9","	2026-07-28 12:52:59"
"	69BA0CDE","	Chamber1","	1","	B01??(?)","	5.1","	2026-07-28 12:52:59"
"	69BA0CDE","	Chamber1","	1","	B01??(%RH)","	74.9","	2026-07-28 12:52:57"
"	69BA0CDE","	Chamber1","	1","	B01??(?)","	5.1","	2026-07-28 12:52:57"
"	69BA0CDE","	Chamber1","	1","	B01??(%RH)","	74.9","	2026-07-28 12:52:55"
"	69BA0CDE","	Chamber1","	1","	B01??(?)","	5.1","	2026-07-28 12:52:55"
"	69BA0CDE","	Chamber1","	1","	B01??(%RH)","	74.9","	2026-07-28 12:52:53"
"	69BA0CDE","	Chamber1","	1","	B01??(?)","	5.1","	2026-07-28 12:52:53"
"	69BA0CDE","	Chamber1","	1","	B01??(?)","	5.1","	2026-07-28 12:52:51"
"	69BA0CDE","	Chamber1","	1","	B01??(%RH)","	74.9","	2026-07-28 12:52:51"
"	69BA0CDE","	Chamber1","	1","	B01??(%RH)","	74.8","	2026-07-28 12:52:49"
"	69BA0CDE","	Chamber1","	1","	B01??(?)","	5.1","	2026-07-28 12:52:49"
"	69BA0CDE","	Chamber1","	1","	B01??(%RH)","	74.8","	2026-07-28 12:52:47"
"	69BA0CDE","	Chamber1","	1","	B01??(?)","	5.1","	2026-07-28 12:52:47"
"	69BA0CDE","	Chamber1","	1","	B01??(%RH)","	74.8","	2026-07-28 12:52:45"
"	69BA0CDE","	Chamber1","	1","	B01??(?)","	5.1","	2026-07-28 12:52:45"
"	69BA0CDE","	Chamber1","	1","	B01??(%RH)","	74.8","	2026-07-28 12:52:42"
"	69BA0CDE","	Chamber1","	1","	B01??(?)","	5.1","	2026-07-28 12:52:42"
"	69BA0CDE","	Chamber1","	1","	B01??(%RH)","	74.8","	2026-07-28 12:52:40"
"	69BA0CDE","	Chamber1","	1","	B01??(?)","	5.2","	2026-07-28 12:52:40"
"	69BA0CDE","	Chamber1","	1","	B01??(%RH)","	74.8","	2026-07-28 12:52:38"
"	69BA0CDE","	Chamber1","	1","	B01??(?)","	5.1","	2026-07-28 12:52:38"
"	69BA0CDE","	Chamber1","	1","	B01??(%RH)","	74.7","	2026-07-28 12:52:36"
"	69BA0CDE","	Chamber1","	1","	B01??(?)","	5.2","	2026-07-28 12:52:36"
"	69BA0CDE","	Chamber1","	1","	B01??(%RH)","	74.7","	2026-07-28 12:52:34"
"	69BA0CDE","	Chamber1","	1","	B01??(?)","	5.2","	2026-07-28 12:52:34"
"	69BA0CDE","	Chamber1","	1","	B01??(%RH)","	74.7","	2026-07-28 12:52:32"
"	69BA0CDE","	Chamber1","	1","	B01??(?)","	5.2","	2026-07-28 12:52:32"
"	69BA0CDE","	Chamber1","	1","	B01??(%RH)","	74.7","	2026-07-28 12:52:30"
"	69BA0CDE","	Chamber1","	1","	B01??(?)","	5.2","	2026-07-28 12:52:30"
"	69BA0CDE","	Chamber1","	1","	B01??(%RH)","	74.7","	2026-07-28 12:52:28"
"	69BA0CDE","	Chamber1","	1","	B01??(?)","	5.2","	2026-07-28 12:52:28"
"	69BA0CDE","	Chamber1","	1","	B01??(%RH)","	74.7","	2026-07-28 12:52:26"
"	69BA0CDE","	Chamber1","	1","	B01??(?)","	5.2","	2026-07-28 12:52:26"
"	69BA0CDE","	Chamber1","	1","	B01??(%RH)","	74.6","	2026-07-28 12:52:24"
"	69BA0CDE","	Chamber1","	1","	B01??(?)","	5.2","	2026-07-28 12:52:24"
"	69BA0CDE","	Chamber1","	1","	B01??(%RH)","	74.6","	2026-07-28 12:52:22"
"	69BA0CDE","	Chamber1","	1","	B01??(?)","	5.2","	2026-07-28 12:52:22"
"	69BA0CDE","	Chamber1","	1","	B01??(%RH)","	74.6","	2026-07-28 12:52:20"
"	69BA0CDE","	Chamber1","	1","	B01??(?)","	5.2","	2026-07-28 12:52:20"
"	69BA0CDE","	Chamber1","	1","	B01??(%RH)","	74.6","	2026-07-28 12:52:18"
"	69BA0CDE","	Chamber1","	1","	B01??(?)","	5.2","	2026-07-28 12:52:18"
"	69BA0CDE","	Chamber1","	1","	B01??(%RH)","	74.6","	2026-07-28 12:52:16"
"	69BA0CDE","	Chamber1","	1","	B01??(?)","	5.2","	2026-07-28 12:52:16"
"	69BA0CDE","	Chamber1","	1","	B01??(?)","	5.2","	2026-07-28 12:52:14"
"	69BA0CDE","	Chamber1","	1","	B01??(%RH)","	74.6","	2026-07-28 12:52:14"
"	69BA0CDE","	Chamber1","	1","	B01??(%RH)","	74.5","	2026-07-28 12:52:12"
"	69BA0CDE","	Chamber1","	1","	B01??(?)","	5.2","	2026-07-28 12:52:12"
"	69BA0CDE","	Chamber1","	1","	B01??(%RH)","	74.5","	2026-07-28 12:52:10"
"	69BA0CDE","	Chamber1","	1","	B01??(?)","	5.2","	2026-07-28 12:52:10"
"	69BA0CDE","	Chamber1","	1","	B01??(%RH)","	74.5","	2026-07-28 12:52:08"
"	69BA0CDE","	Chamber1","	1","	B01??(?)","	5.2","	2026-07-28 12:52:08"
"	69BA0CDE","	Chamber1","	1","	B01??(%RH)","	74.5","	2026-07-28 12:52:06"
"	69BA0CDE","	Chamber1","	1","	B01??(?)","	5.2","	2026-07-28 12:52:06"
"	69BA0CDE","	Chamber1","	1","	B01??(%RH)","	74.5","	2026-07-28 12:52:04"
"	69BA0CDE","	Chamber1","	1","	B01??(?)","	5.2","	2026-07-28 12:52:04"
"	69BA0CDE","	Chamber1","	1","	B01??(%RH)","	74.5","	2026-07-28 12:52:02"
"	69BA0CDE","	Chamber1","	1","	B01??(?)","	5.2","	2026-07-28 12:52:02"
"	69BA0CDE","	Chamber1","	1","	B01??(%RH)","	74.4","	2026-07-28 12:52:00"
"	69BA0CDE","	Chamber1","	1","	B01??(?)","	5.2","	2026-07-28 12:52:00"
"	69BA0CDE","	Chamber1","	1","	B01??(?)","	5.2","	2026-07-28 12:51:57"
"	69BA0CDE","	Chamber1","	1","	B01??(%RH)","	74.4","	2026-07-28 12:51:57"
"	69BA0CDE","	Chamber1","	1","	B01??(%RH)","	74.4","	2026-07-28 12:51:55"
"	69BA0CDE","	Chamber1","	1","	B01??(?)","	5.3","	2026-07-28 12:51:55"
"	69BA0CDE","	Chamber1","	1","	B01??(%RH)","	74.4","	2026-07-28 12:51:53"
"	69BA0CDE","	Chamber1","	1","	B01??(?)","	5.2","	2026-07-28 12:51:53"
"	69BA0CDE","	Chamber1","	1","	B01??(%RH)","	74.4","	2026-07-28 12:51:51"
"	69BA0CDE","	Chamber1","	1","	B01??(?)","	5.3","	2026-07-28 12:51:51"
"	69BA0CDE","	Chamber1","	1","	B01??(%RH)","	74.4","	2026-07-28 12:51:49"
"	69BA0CDE","	Chamber1","	1","	B01??(?)","	5.3","	2026-07-28 12:51:49"
"	69BA0CDE","	Chamber1","	1","	B01??(%RH)","	74.3","	2026-07-28 12:51:47"
"	69BA0CDE","	Chamber1","	1","	B01??(?)","	5.3","	2026-07-28 12:51:47"
"	69BA0CDE","	Chamber1","	1","	B01??(%RH)","	74.3","	2026-07-28 12:51:45"
"	69BA0CDE","	Chamber1","	1","	B01??(?)","	5.3","	2026-07-28 12:51:45"
"	69BA0CDE","	Chamber1","	1","	B01??(%RH)","	74.3","	2026-07-28 12:51:43"
"	69BA0CDE","	Chamber1","	1","	B01??(?)","	5.3","	2026-07-28 12:51:43"
"	69BA0CDE","	Chamber1","	1","	B01??(%RH)","	74.3","	2026-07-28 12:51:41"
"	69BA0CDE","	Chamber1","	1","	B01??(?)","	5.3","	2026-07-28 12:51:41"
"	69BA0CDE","	Chamber1","	1","	B01??(%RH)","	74.3","	2026-07-28 12:51:39"
"	69BA0CDE","	Chamber1","	1","	B01??(?)","	5.3","	2026-07-28 12:51:39"
"	69BA0CDE","	Chamber1","	1","	B01??(%RH)","	74.2","	2026-07-28 12:51:37"
"	69BA0CDE","	Chamber1","	1","	B01??(?)","	5.3","	2026-07-28 12:51:37"
"	69BA0CDE","	Chamber1","	1","	B01??(%RH)","	74.2","	2026-07-28 12:51:35"
"	69BA0CDE","	Chamber1","	1","	B01??(?)","	5.3","	2026-07-28 12:51:35"
"	69BA0CDE","	Chamber1","	1","	B01??(%RH)","	74.2","	2026-07-28 12:51:33"
"	69BA0CDE","	Chamber1","	1","	B01??(?)","	5.3","	2026-07-28 12:51:33"
"	69BA0CDE","	Chamber1","	1","	B01??(%RH)","	74.2","	2026-07-28 12:51:31"
"	69BA0CDE","	Chamber1","	1","	B01??(?)","	5.3","	2026-07-28 12:51:31"
"	69BA0CDE","	Chamber1","	1","	B01??(?)","	5.3","	2026-07-28 12:51:29"
"	69BA0CDE","	Chamber1","	1","	B01??(%RH)","	74.2","	2026-07-28 12:51:29"
"	69BA0CDE","	Chamber1","	1","	B01??(%RH)","	74.2","	2026-07-28 12:51:27"
"	69BA0CDE","	Chamber1","	1","	B01??(?)","	5.3","	2026-07-28 12:51:27"
"	69BA0CDE","	Chamber1","	1","	B01??(%RH)","	74.1","	2026-07-28 12:51:25"
"	69BA0CDE","	Chamber1","	1","	B01??(?)","	5.3","	2026-07-28 12:51:25"
"	69BA0CDE","	Chamber1","	1","	B01??(%RH)","	74.1","	2026-07-28 12:51:23"
"	69BA0CDE","	Chamber1","	1","	B01??(?)","	5.3","	2026-07-28 12:51:23"
"	69BA0CDE","	Chamber1","	1","	B01??(%RH)","	74.1","	2026-07-28 12:51:21"
"	69BA0CDE","	Chamber1","	1","	B01??(?)","	5.3","	2026-07-28 12:51:21"
"	69BA0CDE","	Chamber1","	1","	B01??(%RH)","	74.1","	2026-07-28 12:51:19"
"	69BA0CDE","	Chamber1","	1","	B01??(?)","	5.3","	2026-07-28 12:51:19"
"	69BA0CDE","	Chamber1","	1","	B01??(%RH)","	74.1","	2026-07-28 12:51:17"
"	69BA0CDE","	Chamber1","	1","	B01??(?)","	5.3","	2026-07-28 12:51:17"
"	69BA0CDE","	Chamber1","	1","	B01??(%RH)","	74.1","	2026-07-28 12:51:14"
"	69BA0CDE","	Chamber1","	1","	B01??(?)","	5.3","	2026-07-28 12:51:14"
"	69BA0CDE","	Chamber1","	1","	B01??(%RH)","	74","	2026-07-28 12:51:12"
"	69BA0CDE","	Chamber1","	1","	B01??(?)","	5.3","	2026-07-28 12:51:12"
"	69BA0CDE","	Chamber1","	1","	B01??(%RH)","	74","	2026-07-28 12:51:10"
"	69BA0CDE","	Chamber1","	1","	B01??(?)","	5.3","	2026-07-28 12:51:10"
"	69BA0CDE","	Chamber1","	1","	B01??(%RH)","	74","	2026-07-28 12:51:08"
"	69BA0CDE","	Chamber1","	1","	B01??(?)","	5.4","	2026-07-28 12:51:08"
"	69BA0CDE","	Chamber1","	1","	B01??(%RH)","	73.9","	2026-07-28 12:51:06"
"	69BA0CDE","	Chamber1","	1","	B01??(?)","	5.4","	2026-07-28 12:51:06"
"	69BA0CDE","	Chamber1","	1","	B01??(%RH)","	73.9","	2026-07-28 12:51:04"
"	69BA0CDE","	Chamber1","	1","	B01??(?)","	5.4","	2026-07-28 12:51:04"
"	69BA0CDE","	Chamber1","	1","	B01??(%RH)","	73.9","	2026-07-28 12:51:02"
"	69BA0CDE","	Chamber1","	1","	B01??(?)","	5.4","	2026-07-28 12:51:02"
"	69BA0CDE","	Chamber1","	1","	B01??(%RH)","	73.9","	2026-07-28 12:51:00"
"	69BA0CDE","	Chamber1","	1","	B01??(?)","	5.4","	2026-07-28 12:51:00"
"	69BA0CDE","	Chamber1","	1","	B01??(%RH)","	73.9","	2026-07-28 12:50:58"
"	69BA0CDE","	Chamber1","	1","	B01??(?)","	5.4","	2026-07-28 12:50:58"
"	69BA0CDE","	Chamber1","	1","	B01??(%RH)","	73.9","	2026-07-28 12:50:56"
"	69BA0CDE","	Chamber1","	1","	B01??(?)","	5.4","	2026-07-28 12:50:56"
"	69BA0CDE","	Chamber1","	1","	B01??(%RH)","	73.9","	2026-07-28 12:50:54"
"	69BA0CDE","	Chamber1","	1","	B01??(?)","	5.4","	2026-07-28 12:50:54"
"	69BA0CDE","	Chamber1","	1","	B01??(?)","	5.4","	2026-07-28 12:50:52"
"	69BA0CDE","	Chamber1","	1","	B01??(%RH)","	73.8","	2026-07-28 12:50:52"
"	69BA0CDE","	Chamber1","	1","	B01??(%RH)","	73.8","	2026-07-28 12:50:50"
"	69BA0CDE","	Chamber1","	1","	B01??(?)","	5.4","	2026-07-28 12:50:50"
"	69BA0CDE","	Chamber1","	1","	B01??(%RH)","	73.8","	2026-07-28 12:50:48"
"	69BA0CDE","	Chamber1","	1","	B01??(?)","	5.4","	2026-07-28 12:50:48"
"	69BA0CDE","	Chamber1","	1","	B01??(%RH)","	73.8","	2026-07-28 12:50:46"
"	69BA0CDE","	Chamber1","	1","	B01??(?)","	5.4","	2026-07-28 12:50:46"
"	69BA0CDE","	Chamber1","	1","	B01??(%RH)","	73.8","	2026-07-28 12:50:44"
"	69BA0CDE","	Chamber1","	1","	B01??(?)","	5.4","	2026-07-28 12:50:44"
"	69BA0CDE","	Chamber1","	1","	B01??(%RH)","	73.7","	2026-07-28 12:50:42"
"	69BA0CDE","	Chamber1","	1","	B01??(?)","	5.4","	2026-07-28 12:50:42"
"	69BA0CDE","	Chamber1","	1","	B01??(%RH)","	73.7","	2026-07-28 12:50:40"
"	69BA0CDE","	Chamber1","	1","	B01??(?)","	5.4","	2026-07-28 12:50:40"
"	69BA0CDE","	Chamber1","	1","	B01??(%RH)","	73.7","	2026-07-28 12:50:38"
"	69BA0CDE","	Chamber1","	1","	B01??(?)","	5.4","	2026-07-28 12:50:38"
"	69BA0CDE","	Chamber1","	1","	B01??(%RH)","	73.7","	2026-07-28 12:50:36"
"	69BA0CDE","	Chamber1","	1","	B01??(?)","	5.4","	2026-07-28 12:50:36"
"	69BA0CDE","	Chamber1","	1","	B01??(?)","	5.4","	2026-07-28 12:50:34"
"	69BA0CDE","	Chamber1","	1","	B01??(%RH)","	73.7","	2026-07-28 12:50:34"
"	69BA0CDE","	Chamber1","	1","	B01??(%RH)","	73.6","	2026-07-28 12:50:31"
"	69BA0CDE","	Chamber1","	1","	B01??(?)","	5.5","	2026-07-28 12:50:31"
"	69BA0CDE","	Chamber1","	1","	B01??(%RH)","	73.6","	2026-07-28 12:50:29"
"	69BA0CDE","	Chamber1","	1","	B01??(?)","	5.5","	2026-07-28 12:50:29"
"	69BA0CDE","	Chamber1","	1","	B01??(%RH)","	73.6","	2026-07-28 12:50:27"
"	69BA0CDE","	Chamber1","	1","	B01??(?)","	5.5","	2026-07-28 12:50:27"
"	69BA0CDE","	Chamber1","	1","	B01??(%RH)","	73.6","	2026-07-28 12:50:25"
"	69BA0CDE","	Chamber1","	1","	B01??(?)","	5.5","	2026-07-28 12:50:25"
"	69BA0CDE","	Chamber1","	1","	B01??(%RH)","	73.6","	2026-07-28 12:50:23"
"	69BA0CDE","	Chamber1","	1","	B01??(?)","	5.5","	2026-07-28 12:50:23"
"	69BA0CDE","	Chamber1","	1","	B01??(%RH)","	73.5","	2026-07-28 12:50:21"
"	69BA0CDE","	Chamber1","	1","	B01??(?)","	5.5","	2026-07-28 12:50:21"
"	69BA0CDE","	Chamber1","	1","	B01??(%RH)","	73.5","	2026-07-28 12:50:19"
"	69BA0CDE","	Chamber1","	1","	B01??(?)","	5.5","	2026-07-28 12:50:19"
"	69BA0CDE","	Chamber1","	1","	B01??(%RH)","	73.5","	2026-07-28 12:50:17"
"	69BA0CDE","	Chamber1","	1","	B01??(?)","	5.5","	2026-07-28 12:50:17"
"	69BA0CDE","	Chamber1","	1","	B01??(%RH)","	73.5","	2026-07-28 12:50:15"
"	69BA0CDE","	Chamber1","	1","	B01??(?)","	5.5","	2026-07-28 12:50:15"
"	69BA0CDE","	Chamber1","	1","	B01??(%RH)","	73.4","	2026-07-28 12:50:13"
"	69BA0CDE","	Chamber1","	1","	B01??(?)","	5.5","	2026-07-28 12:50:13"
"	69BA0CDE","	Chamber1","	1","	B01??(%RH)","	73.4","	2026-07-28 12:50:11"
"	69BA0CDE","	Chamber1","	1","	B01??(?)","	5.5","	2026-07-28 12:50:11"
"	69BA0CDE","	Chamber1","	1","	B01??(%RH)","	73.4","	2026-07-28 12:50:09"
"	69BA0CDE","	Chamber1","	1","	B01??(?)","	5.5","	2026-07-28 12:50:09"
"	69BA0CDE","	Chamber1","	1","	B01??(%RH)","	73.4","	2026-07-28 12:50:07"
"	69BA0CDE","	Chamber1","	1","	B01??(?)","	5.5","	2026-07-28 12:50:07"
"	69BA0CDE","	Chamber1","	1","	B01??(%RH)","	73.4","	2026-07-28 12:50:05"
"	69BA0CDE","	Chamber1","	1","	B01??(?)","	5.5","	2026-07-28 12:50:05"
"	69BA0CDE","	Chamber1","	1","	B01??(%RH)","	73.4","	2026-07-28 12:50:03"
"	69BA0CDE","	Chamber1","	1","	B01??(?)","	5.5","	2026-07-28 12:50:03"
"	69BA0CDE","	Chamber1","	1","	B01??(%RH)","	73.3","	2026-07-28 12:50:01"
"	69BA0CDE","	Chamber1","	1","	B01??(?)","	5.5","	2026-07-28 12:50:01"
"	69BA0CDE","	Chamber1","	1","	B01??(%RH)","	73.3","	2026-07-28 12:49:59"
"	69BA0CDE","	Chamber1","	1","	B01??(?)","	5.5","	2026-07-28 12:49:59"
"	69BA0CDE","	Chamber1","	1","	B01??(%RH)","	73.3","	2026-07-28 12:49:57"
"	69BA0CDE","	Chamber1","	1","	B01??(?)","	5.6","	2026-07-28 12:49:57"
"	69BA0CDE","	Chamber1","	1","	B01??(%RH)","	73.3","	2026-07-28 12:49:55"
"	69BA0CDE","	Chamber1","	1","	B01??(?)","	5.5","	2026-07-28 12:49:55"
"	69BA0CDE","	Chamber1","	1","	B01??(%RH)","	73.2","	2026-07-28 12:49:53"
"	69BA0CDE","	Chamber1","	1","	B01??(?)","	5.6","	2026-07-28 12:49:53"
"	69BA0CDE","	Chamber1","	1","	B01??(%RH)","	73.2","	2026-07-28 12:49:51"
"	69BA0CDE","	Chamber1","	1","	B01??(?)","	5.6","	2026-07-28 12:49:51"
"	69BA0CDE","	Chamber1","	1","	B01??(%RH)","	73.2","	2026-07-28 12:49:48"
"	69BA0CDE","	Chamber1","	1","	B01??(?)","	5.5","	2026-07-28 12:49:48"
"	69BA0CDE","	Chamber1","	1","	B01??(%RH)","	73.2","	2026-07-28 12:49:46"
"	69BA0CDE","	Chamber1","	1","	B01??(?)","	5.6","	2026-07-28 12:49:46"
"	69BA0CDE","	Chamber1","	1","	B01??(%RH)","	73.2","	2026-07-28 12:49:44"
"	69BA0CDE","	Chamber1","	1","	B01??(?)","	5.6","	2026-07-28 12:49:44"
"	69BA0CDE","	Chamber1","	1","	B01??(%RH)","	73.1","	2026-07-28 12:49:42"
"	69BA0CDE","	Chamber1","	1","	B01??(?)","	5.6","	2026-07-28 12:49:42"
"	69BA0CDE","	Chamber1","	1","	B01??(%RH)","	73.1","	2026-07-28 12:49:40"
"	69BA0CDE","	Chamber1","	1","	B01??(?)","	5.6","	2026-07-28 12:49:40"
"	69BA0CDE","	Chamber1","	1","	B01??(%RH)","	73.1","	2026-07-28 12:49:38"
"	69BA0CDE","	Chamber1","	1","	B01??(?)","	5.6","	2026-07-28 12:49:38"
"	69BA0CDE","	Chamber1","	1","	B01??(%RH)","	73.1","	2026-07-28 12:49:36"
"	69BA0CDE","	Chamber1","	1","	B01??(?)","	5.6","	2026-07-28 12:49:36"
"	69BA0CDE","	Chamber1","	1","	B01??(%RH)","	73.1","	2026-07-28 12:49:34"
"	69BA0CDE","	Chamber1","	1","	B01??(?)","	5.6","	2026-07-28 12:49:34"
"	69BA0CDE","	Chamber1","	1","	B01??(%RH)","	73.1","	2026-07-28 12:49:32"
"	69BA0CDE","	Chamber1","	1","	B01??(?)","	5.6","	2026-07-28 12:49:32"
"	69BA0CDE","	Chamber1","	1","	B01??(%RH)","	73","	2026-07-28 12:49:30"
"	69BA0CDE","	Chamber1","	1","	B01??(?)","	5.6","	2026-07-28 12:49:30"
"	69BA0CDE","	Chamber1","	1","	B01??(%RH)","	73","	2026-07-28 12:49:28"
"	69BA0CDE","	Chamber1","	1","	B01??(?)","	5.6","	2026-07-28 12:49:28"
"	69BA0CDE","	Chamber1","	1","	B01??(%RH)","	73","	2026-07-28 12:49:26"
"	69BA0CDE","	Chamber1","	1","	B01??(?)","	5.6","	2026-07-28 12:49:26"
"	69BA0CDE","	Chamber1","	1","	B01??(%RH)","	73","	2026-07-28 12:49:24"
"	69BA0CDE","	Chamber1","	1","	B01??(?)","	5.6","	2026-07-28 12:49:24"
"	69BA0CDE","	Chamber1","	1","	B01??(%RH)","	72.9","	2026-07-28 12:49:22"
"	69BA0CDE","	Chamber1","	1","	B01??(?)","	5.6","	2026-07-28 12:49:22"
"	69BA0CDE","	Chamber1","	1","	B01??(%RH)","	72.9","	2026-07-28 12:49:20"
"	69BA0CDE","	Chamber1","	1","	B01??(?)","	5.6","	2026-07-28 12:49:20"
"	69BA0CDE","	Chamber1","	1","	B01??(%RH)","	72.9","	2026-07-28 12:49:18"
"	69BA0CDE","	Chamber1","	1","	B01??(?)","	5.7","	2026-07-28 12:49:18"
"	69BA0CDE","	Chamber1","	1","	B01??(%RH)","	72.9","	2026-07-28 12:49:16"
"	69BA0CDE","	Chamber1","	1","	B01??(?)","	5.7","	2026-07-28 12:49:16"
"	69BA0CDE","	Chamber1","	1","	B01??(?)","	5.6","	2026-07-28 12:49:14"
"	69BA0CDE","	Chamber1","	1","	B01??(%RH)","	72.9","	2026-07-28 12:49:14"
"	69BA0CDE","	Chamber1","	1","	B01??(%RH)","	72.8","	2026-07-28 12:49:12"
"	69BA0CDE","	Chamber1","	1","	B01??(?)","	5.7","	2026-07-28 12:49:12"
"	69BA0CDE","	Chamber1","	1","	B01??(%RH)","	72.8","	2026-07-28 12:49:10"
"	69BA0CDE","	Chamber1","	1","	B01??(?)","	5.7","	2026-07-28 12:49:10"
"	69BA0CDE","	Chamber1","	1","	B01??(%RH)","	72.8","	2026-07-28 12:49:08"
"	69BA0CDE","	Chamber1","	1","	B01??(?)","	5.7","	2026-07-28 12:49:08"
"	69BA0CDE","	Chamber1","	1","	B01??(%RH)","	72.8","	2026-07-28 12:49:05"
"	69BA0CDE","	Chamber1","	1","	B01??(?)","	5.7","	2026-07-28 12:49:05"
"	69BA0CDE","	Chamber1","	1","	B01??(%RH)","	72.7","	2026-07-28 12:49:03"
"	69BA0CDE","	Chamber1","	1","	B01??(?)","	5.7","	2026-07-28 12:49:03"
"	69BA0CDE","	Chamber1","	1","	B01??(%RH)","	72.7","	2026-07-28 12:49:01"
"	69BA0CDE","	Chamber1","	1","	B01??(?)","	5.7","	2026-07-28 12:49:01"
"	69BA0CDE","	Chamber1","	1","	B01??(%RH)","	72.7","	2026-07-28 12:48:59"
"	69BA0CDE","	Chamber1","	1","	B01??(?)","	5.7","	2026-07-28 12:48:59"
"	69BA0CDE","	Chamber1","	1","	B01??(%RH)","	72.7","	2026-07-28 12:48:57"
"	69BA0CDE","	Chamber1","	1","	B01??(?)","	5.7","	2026-07-28 12:48:57"
"	69BA0CDE","	Chamber1","	1","	B01??(%RH)","	72.7","	2026-07-28 12:48:55"
"	69BA0CDE","	Chamber1","	1","	B01??(?)","	5.7","	2026-07-28 12:48:55"
"	69BA0CDE","	Chamber1","	1","	B01??(%RH)","	72.6","	2026-07-28 12:48:53"
"	69BA0CDE","	Chamber1","	1","	B01??(?)","	5.7","	2026-07-28 12:48:53"
"	69BA0CDE","	Chamber1","	1","	B01??(%RH)","	72.6","	2026-07-28 12:48:51"
"	69BA0CDE","	Chamber1","	1","	B01??(?)","	5.7","	2026-07-28 12:48:51"
"	69BA0CDE","	Chamber1","	1","	B01??(%RH)","	72.6","	2026-07-28 12:48:49"
"	69BA0CDE","	Chamber1","	1","	B01??(?)","	5.7","	2026-07-28 12:48:49"
"	69BA0CDE","	Chamber1","	1","	B01??(%RH)","	72.5","	2026-07-28 12:48:47"
"	69BA0CDE","	Chamber1","	1","	B01??(?)","	5.8","	2026-07-28 12:48:47"
"	69BA0CDE","	Chamber1","	1","	B01??(%RH)","	72.5","	2026-07-28 12:48:45"
"	69BA0CDE","	Chamber1","	1","	B01??(?)","	5.7","	2026-07-28 12:48:45"
"	69BA0CDE","	Chamber1","	1","	B01??(%RH)","	72.5","	2026-07-28 12:48:43"
"	69BA0CDE","	Chamber1","	1","	B01??(?)","	5.8","	2026-07-28 12:48:43"
"	69BA0CDE","	Chamber1","	1","	B01??(%RH)","	72.5","	2026-07-28 12:48:41"
"	69BA0CDE","	Chamber1","	1","	B01??(?)","	5.8","	2026-07-28 12:48:41"
"	69BA0CDE","	Chamber1","	1","	B01??(%RH)","	72.5","	2026-07-28 12:48:39"
"	69BA0CDE","	Chamber1","	1","	B01??(?)","	5.8","	2026-07-28 12:48:39"
"	69BA0CDE","	Chamber1","	1","	B01??(%RH)","	72.5","	2026-07-28 12:48:37"
"	69BA0CDE","	Chamber1","	1","	B01??(?)","	5.8","	2026-07-28 12:48:37"
"	69BA0CDE","	Chamber1","	1","	B01??(%RH)","	72.4","	2026-07-28 12:48:35"
"	69BA0CDE","	Chamber1","	1","	B01??(?)","	5.8","	2026-07-28 12:48:35"
"	69BA0CDE","	Chamber1","	1","	B01??(%RH)","	72.4","	2026-07-28 12:48:33"
"	69BA0CDE","	Chamber1","	1","	B01??(?)","	5.8","	2026-07-28 12:48:33"
"	69BA0CDE","	Chamber1","	1","	B01??(%RH)","	72.4","	2026-07-28 12:48:31"
"	69BA0CDE","	Chamber1","	1","	B01??(?)","	5.8","	2026-07-28 12:48:31"
"	69BA0CDE","	Chamber1","	1","	B01??(%RH)","	72.3","	2026-07-28 12:48:29"
"	69BA0CDE","	Chamber1","	1","	B01??(?)","	5.8","	2026-07-28 12:48:29"
"	69BA0CDE","	Chamber1","	1","	B01??(%RH)","	72.3","	2026-07-28 12:48:27"
"	69BA0CDE","	Chamber1","	1","	B01??(?)","	5.8","	2026-07-28 12:48:27"
"	69BA0CDE","	Chamber1","	1","	B01??(%RH)","	72.3","	2026-07-28 12:48:24"
"	69BA0CDE","	Chamber1","	1","	B01??(?)","	5.8","	2026-07-28 12:48:24"
"	69BA0CDE","	Chamber1","	1","	B01??(%RH)","	72.3","	2026-07-28 12:48:22"
"	69BA0CDE","	Chamber1","	1","	B01??(?)","	5.8","	2026-07-28 12:48:22"
"	69BA0CDE","	Chamber1","	1","	B01??(%RH)","	72.2","	2026-07-28 12:48:20"
"	69BA0CDE","	Chamber1","	1","	B01??(?)","	5.8","	2026-07-28 12:48:20"
"	69BA0CDE","	Chamber1","	1","	B01??(%RH)","	72.2","	2026-07-28 12:48:18"
"	69BA0CDE","	Chamber1","	1","	B01??(?)","	5.8","	2026-07-28 12:48:18"
"	69BA0CDE","	Chamber1","	1","	B01??(%RH)","	72.2","	2026-07-28 12:48:16"
"	69BA0CDE","	Chamber1","	1","	B01??(?)","	5.8","	2026-07-28 12:48:16"
"	69BA0CDE","	Chamber1","	1","	B01??(%RH)","	72.2","	2026-07-28 12:48:14"
"	69BA0CDE","	Chamber1","	1","	B01??(?)","	5.8","	2026-07-28 12:48:14"
"	69BA0CDE","	Chamber1","	1","	B01??(%RH)","	72.2","	2026-07-28 12:48:12"
"	69BA0CDE","	Chamber1","	1","	B01??(?)","	5.8","	2026-07-28 12:48:12"
"	69BA0CDE","	Chamber1","	1","	B01??(%RH)","	72.1","	2026-07-28 12:48:10"
"	69BA0CDE","	Chamber1","	1","	B01??(?)","	5.9","	2026-07-28 12:48:10"
"	69BA0CDE","	Chamber1","	1","	B01??(%RH)","	72.1","	2026-07-28 12:48:08"
"	69BA0CDE","	Chamber1","	1","	B01??(?)","	5.9","	2026-07-28 12:48:08"
"	69BA0CDE","	Chamber1","	1","	B01??(%RH)","	72.1","	2026-07-28 12:48:06"
"	69BA0CDE","	Chamber1","	1","	B01??(?)","	5.9","	2026-07-28 12:48:06"
"	69BA0CDE","	Chamber1","	1","	B01??(%RH)","	72.1","	2026-07-28 12:48:04"
"	69BA0CDE","	Chamber1","	1","	B01??(?)","	5.9","	2026-07-28 12:48:04"
"	69BA0CDE","	Chamber1","	1","	B01??(%RH)","	72.1","	2026-07-28 12:48:02"
"	69BA0CDE","	Chamber1","	1","	B01??(?)","	5.9","	2026-07-28 12:48:02"
"	69BA0CDE","	Chamber1","	1","	B01??(%RH)","	72","	2026-07-28 12:48:00"
"	69BA0CDE","	Chamber1","	1","	B01??(?)","	5.9","	2026-07-28 12:48:00"
"	69BA0CDE","	Chamber1","	1","	B01??(%RH)","	72","	2026-07-28 12:47:58"
"	69BA0CDE","	Chamber1","	1","	B01??(?)","	5.9","	2026-07-28 12:47:58"
"	69BA0CDE","	Chamber1","	1","	B01??(%RH)","	72","	2026-07-28 12:47:56"
"	69BA0CDE","	Chamber1","	1","	B01??(?)","	5.9","	2026-07-28 12:47:56"
"	69BA0CDE","	Chamber1","	1","	B01??(%RH)","	72","	2026-07-28 12:47:54"
"	69BA0CDE","	Chamber1","	1","	B01??(?)","	5.9","	2026-07-28 12:47:54"
"	69BA0CDE","	Chamber1","	1","	B01??(%RH)","	71.9","	2026-07-28 12:47:52"
"	69BA0CDE","	Chamber1","	1","	B01??(?)","	5.9","	2026-07-28 12:47:52"
"	69BA0CDE","	Chamber1","	1","	B01??(%RH)","	71.9","	2026-07-28 12:47:50"
"	69BA0CDE","	Chamber1","	1","	B01??(?)","	5.9","	2026-07-28 12:47:50"
"	69BA0CDE","	Chamber1","	1","	B01??(%RH)","	71.9","	2026-07-28 12:47:48"
"	69BA0CDE","	Chamber1","	1","	B01??(?)","	5.9","	2026-07-28 12:47:48"
"	69BA0CDE","	Chamber1","	1","	B01??(%RH)","	71.9","	2026-07-28 12:47:46"
"	69BA0CDE","	Chamber1","	1","	B01??(?)","	5.9","	2026-07-28 12:47:46"
"	69BA0CDE","	Chamber1","	1","	B01??(%RH)","	71.8","	2026-07-28 12:47:44"
"	69BA0CDE","	Chamber1","	1","	B01??(?)","	5.9","	2026-07-28 12:47:44"
"	69BA0CDE","	Chamber1","	1","	B01??(%RH)","	71.8","	2026-07-28 12:47:41"
"	69BA0CDE","	Chamber1","	1","	B01??(?)","	6","	2026-07-28 12:47:41"
"	69BA0CDE","	Chamber1","	1","	B01??(%RH)","	71.8","	2026-07-28 12:47:39"
"	69BA0CDE","	Chamber1","	1","	B01??(?)","	5.9","	2026-07-28 12:47:39"
"	69BA0CDE","	Chamber1","	1","	B01??(%RH)","	71.8","	2026-07-28 12:47:37"
"	69BA0CDE","	Chamber1","	1","	B01??(?)","	6","	2026-07-28 12:47:37"
"	69BA0CDE","	Chamber1","	1","	B01??(%RH)","	71.8","	2026-07-28 12:47:35"
"	69BA0CDE","	Chamber1","	1","	B01??(?)","	6","	2026-07-28 12:47:35"
"	69BA0CDE","	Chamber1","	1","	B01??(%RH)","	71.7","	2026-07-28 12:47:33"
"	69BA0CDE","	Chamber1","	1","	B01??(?)","	6","	2026-07-28 12:47:33"
"	69BA0CDE","	Chamber1","	1","	B01??(%RH)","	71.7","	2026-07-28 12:47:31"
"	69BA0CDE","	Chamber1","	1","	B01??(?)","	6","	2026-07-28 12:47:31"
"	69BA0CDE","	Chamber1","	1","	B01??(%RH)","	71.6","	2026-07-28 12:47:29"
"	69BA0CDE","	Chamber1","	1","	B01??(?)","	6","	2026-07-28 12:47:29"
"	69BA0CDE","	Chamber1","	1","	B01??(%RH)","	71.6","	2026-07-28 12:47:27"
"	69BA0CDE","	Chamber1","	1","	B01??(?)","	6","	2026-07-28 12:47:27"
"	69BA0CDE","	Chamber1","	1","	B01??(%RH)","	71.6","	2026-07-28 12:47:25"
"	69BA0CDE","	Chamber1","	1","	B01??(?)","	6","	2026-07-28 12:47:25"
"	69BA0CDE","	Chamber1","	1","	B01??(%RH)","	71.6","	2026-07-28 12:47:23"
"	69BA0CDE","	Chamber1","	1","	B01??(?)","	6","	2026-07-28 12:47:23"
"	69BA0CDE","	Chamber1","	1","	B01??(%RH)","	71.6","	2026-07-28 12:47:21"
"	69BA0CDE","	Chamber1","	1","	B01??(?)","	6","	2026-07-28 12:47:21"
"	69BA0CDE","	Chamber1","	1","	B01??(%RH)","	71.6","	2026-07-28 12:47:19"
"	69BA0CDE","	Chamber1","	1","	B01??(?)","	6","	2026-07-28 12:47:19"
"	69BA0CDE","	Chamber1","	1","	B01??(%RH)","	71.5","	2026-07-28 12:47:17"
"	69BA0CDE","	Chamber1","	1","	B01??(?)","	6","	2026-07-28 12:47:17"
"	69BA0CDE","	Chamber1","	1","	B01??(%RH)","	71.5","	2026-07-28 12:47:15"
"	69BA0CDE","	Chamber1","	1","	B01??(?)","	6.1","	2026-07-28 12:47:15"
"	69BA0CDE","	Chamber1","	1","	B01??(%RH)","	71.5","	2026-07-28 12:47:13"
"	69BA0CDE","	Chamber1","	1","	B01??(?)","	6.1","	2026-07-28 12:47:13"
"	69BA0CDE","	Chamber1","	1","	B01??(%RH)","	71.4","	2026-07-28 12:47:11"
"	69BA0CDE","	Chamber1","	1","	B01??(?)","	6.1","	2026-07-28 12:47:11"
"	69BA0CDE","	Chamber1","	1","	B01??(%RH)","	71.4","	2026-07-28 12:47:09"
"	69BA0CDE","	Chamber1","	1","	B01??(?)","	6.1","	2026-07-28 12:47:09"
"	69BA0CDE","	Chamber1","	1","	B01??(%RH)","	71.4","	2026-07-28 12:47:07"
"	69BA0CDE","	Chamber1","	1","	B01??(?)","	6.1","	2026-07-28 12:47:07"
"	69BA0CDE","	Chamber1","	1","	B01??(%RH)","	71.4","	2026-07-28 12:47:05"
"	69BA0CDE","	Chamber1","	1","	B01??(?)","	6.1","	2026-07-28 12:47:05"
"	69BA0CDE","	Chamber1","	1","	B01??(%RH)","	71.3","	2026-07-28 12:47:03"
"	69BA0CDE","	Chamber1","	1","	B01??(?)","	6.1","	2026-07-28 12:47:03"
"	69BA0CDE","	Chamber1","	1","	B01??(%RH)","	71.3","	2026-07-28 12:47:01"
"	69BA0CDE","	Chamber1","	1","	B01??(?)","	6.1","	2026-07-28 12:47:01"
"	69BA0CDE","	Chamber1","	1","	B01??(%RH)","	71.3","	2026-07-28 12:46:58"
"	69BA0CDE","	Chamber1","	1","	B01??(?)","	6.1","	2026-07-28 12:46:58"
"	69BA0CDE","	Chamber1","	1","	B01??(%RH)","	71.3","	2026-07-28 12:46:56"
"	69BA0CDE","	Chamber1","	1","	B01??(?)","	6.1","	2026-07-28 12:46:56"
"	69BA0CDE","	Chamber1","	1","	B01??(%RH)","	71.2","	2026-07-28 12:46:54"
"	69BA0CDE","	Chamber1","	1","	B01??(?)","	6.1","	2026-07-28 12:46:54"
"	69BA0CDE","	Chamber1","	1","	B01??(%RH)","	71.2","	2026-07-28 12:46:52"
"	69BA0CDE","	Chamber1","	1","	B01??(?)","	6.1","	2026-07-28 12:46:52"
"	69BA0CDE","	Chamber1","	1","	B01??(?)","	6.1","	2026-07-28 12:46:50"
"	69BA0CDE","	Chamber1","	1","	B01??(%RH)","	71.2","	2026-07-28 12:46:50"
"	69BA0CDE","	Chamber1","	1","	B01??(%RH)","	71.1","	2026-07-28 12:46:48"
"	69BA0CDE","	Chamber1","	1","	B01??(?)","	6.1","	2026-07-28 12:46:48"
"	69BA0CDE","	Chamber1","	1","	B01??(%RH)","	71.1","	2026-07-28 12:46:46"
"	69BA0CDE","	Chamber1","	1","	B01??(?)","	6.2","	2026-07-28 12:46:46"
"	69BA0CDE","	Chamber1","	1","	B01??(%RH)","	71.1","	2026-07-28 12:46:44"
"	69BA0CDE","	Chamber1","	1","	B01??(?)","	6.2","	2026-07-28 12:46:44"
"	69BA0CDE","	Chamber1","	1","	B01??(%RH)","	71.1","	2026-07-28 12:46:42"
"	69BA0CDE","	Chamber1","	1","	B01??(?)","	6.2","	2026-07-28 12:46:42"
"	69BA0CDE","	Chamber1","	1","	B01??(%RH)","	71.1","	2026-07-28 12:46:40"
"	69BA0CDE","	Chamber1","	1","	B01??(?)","	6.2","	2026-07-28 12:46:40"
"	69BA0CDE","	Chamber1","	1","	B01??(%RH)","	71","	2026-07-28 12:46:38"
"	69BA0CDE","	Chamber1","	1","	B01??(?)","	6.2","	2026-07-28 12:46:38"
"	69BA0CDE","	Chamber1","	1","	B01??(%RH)","	71","	2026-07-28 12:46:36"
"	69BA0CDE","	Chamber1","	1","	B01??(?)","	6.2","	2026-07-28 12:46:36"
"	69BA0CDE","	Chamber1","	1","	B01??(%RH)","	71","	2026-07-28 12:46:34"
"	69BA0CDE","	Chamber1","	1","	B01??(?)","	6.2","	2026-07-28 12:46:34"
"	69BA0CDE","	Chamber1","	1","	B01??(%RH)","	70.9","	2026-07-28 12:46:32"
"	69BA0CDE","	Chamber1","	1","	B01??(?)","	6.2","	2026-07-28 12:46:32"
"	69BA0CDE","	Chamber1","	1","	B01??(%RH)","	70.9","	2026-07-28 12:46:30"
"	69BA0CDE","	Chamber1","	1","	B01??(?)","	6.2","	2026-07-28 12:46:30"
"	69BA0CDE","	Chamber1","	1","	B01??(?)","	6.2","	2026-07-28 12:46:28"
"	69BA0CDE","	Chamber1","	1","	B01??(%RH)","	70.9","	2026-07-28 12:46:28"
"	69BA0CDE","	Chamber1","	1","	B01??(%RH)","	70.8","	2026-07-28 12:46:26"
"	69BA0CDE","	Chamber1","	1","	B01??(?)","	6.2","	2026-07-28 12:46:26"
"	69BA0CDE","	Chamber1","	1","	B01??(%RH)","	70.8","	2026-07-28 12:46:24"
"	69BA0CDE","	Chamber1","	1","	B01??(?)","	6.2","	2026-07-28 12:46:24"
"	69BA0CDE","	Chamber1","	1","	B01??(%RH)","	70.8","	2026-07-28 12:46:22"
"	69BA0CDE","	Chamber1","	1","	B01??(?)","	6.2","	2026-07-28 12:46:22"
"	69BA0CDE","	Chamber1","	1","	B01??(%RH)","	70.8","	2026-07-28 12:46:20"
"	69BA0CDE","	Chamber1","	1","	B01??(?)","	6.2","	2026-07-28 12:46:20"
"	69BA0CDE","	Chamber1","	1","	B01??(%RH)","	70.7","	2026-07-28 12:46:18"
"	69BA0CDE","	Chamber1","	1","	B01??(?)","	6.3","	2026-07-28 12:46:18"
"	69BA0CDE","	Chamber1","	1","	B01??(%RH)","	70.7","	2026-07-28 12:46:15"
"	69BA0CDE","	Chamber1","	1","	B01??(?)","	6.3","	2026-07-28 12:46:15"
"	69BA0CDE","	Chamber1","	1","	B01??(%RH)","	70.7","	2026-07-28 12:46:13"
"	69BA0CDE","	Chamber1","	1","	B01??(?)","	6.3","	2026-07-28 12:46:13"
"	69BA0CDE","	Chamber1","	1","	B01??(%RH)","	70.7","	2026-07-28 12:46:11"
"	69BA0CDE","	Chamber1","	1","	B01??(?)","	6.3","	2026-07-28 12:46:11"
"	69BA0CDE","	Chamber1","	1","	B01??(%RH)","	70.7","	2026-07-28 12:46:09"
"	69BA0CDE","	Chamber1","	1","	B01??(?)","	6.3","	2026-07-28 12:46:09"
"	69BA0CDE","	Chamber1","	1","	B01??(%RH)","	70.6","	2026-07-28 12:46:07"
"	69BA0CDE","	Chamber1","	1","	B01??(?)","	6.3","	2026-07-28 12:46:07"
"	69BA0CDE","	Chamber1","	1","	B01??(%RH)","	70.6","	2026-07-28 12:46:05"
"	69BA0CDE","	Chamber1","	1","	B01??(?)","	6.3","	2026-07-28 12:46:05"
"	69BA0CDE","	Chamber1","	1","	B01??(%RH)","	70.5","	2026-07-28 12:46:03"
"	69BA0CDE","	Chamber1","	1","	B01??(?)","	6.3","	2026-07-28 12:46:03"
"	69BA0CDE","	Chamber1","	1","	B01??(%RH)","	70.5","	2026-07-28 12:46:01"
"	69BA0CDE","	Chamber1","	1","	B01??(?)","	6.3","	2026-07-28 12:46:01"
"	69BA0CDE","	Chamber1","	1","	B01??(%RH)","	70.5","	2026-07-28 12:45:59"
"	69BA0CDE","	Chamber1","	1","	B01??(?)","	6.4","	2026-07-28 12:45:59"
"	69BA0CDE","	Chamber1","	1","	B01??(%RH)","	70.5","	2026-07-28 12:45:57"
"	69BA0CDE","	Chamber1","	1","	B01??(?)","	6.4","	2026-07-28 12:45:57"
"	69BA0CDE","	Chamber1","	1","	B01??(%RH)","	70.4","	2026-07-28 12:45:55"
"	69BA0CDE","	Chamber1","	1","	B01??(?)","	6.3","	2026-07-28 12:45:55"
"	69BA0CDE","	Chamber1","	1","	B01??(%RH)","	70.4","	2026-07-28 12:45:53"
"	69BA0CDE","	Chamber1","	1","	B01??(?)","	6.4","	2026-07-28 12:45:53"
"	69BA0CDE","	Chamber1","	1","	B01??(%RH)","	70.4","	2026-07-28 12:45:51"
"	69BA0CDE","	Chamber1","	1","	B01??(?)","	6.4","	2026-07-28 12:45:51"
"	69BA0CDE","	Chamber1","	1","	B01??(%RH)","	70.4","	2026-07-28 12:45:49"
"	69BA0CDE","	Chamber1","	1","	B01??(?)","	6.4","	2026-07-28 12:45:49"
"	69BA0CDE","	Chamber1","	1","	B01??(%RH)","	70.3","	2026-07-28 12:45:47"
"	69BA0CDE","	Chamber1","	1","	B01??(?)","	6.4","	2026-07-28 12:45:47"
"	69BA0CDE","	Chamber1","	1","	B01??(%RH)","	70.3","	2026-07-28 12:45:45"
"	69BA0CDE","	Chamber1","	1","	B01??(?)","	6.4","	2026-07-28 12:45:45"
"	69BA0CDE","	Chamber1","	1","	B01??(%RH)","	70.3","	2026-07-28 12:45:43"
"	69BA0CDE","	Chamber1","	1","	B01??(?)","	6.4","	2026-07-28 12:45:43"
"	69BA0CDE","	Chamber1","	1","	B01??(%RH)","	70.2","	2026-07-28 12:45:41"
"	69BA0CDE","	Chamber1","	1","	B01??(?)","	6.4","	2026-07-28 12:45:41"
"	69BA0CDE","	Chamber1","	1","	B01??(%RH)","	70.2","	2026-07-28 12:45:39"
"	69BA0CDE","	Chamber1","	1","	B01??(?)","	6.4","	2026-07-28 12:45:39"
"	69BA0CDE","	Chamber1","	1","	B01??(%RH)","	70.1","	2026-07-28 12:45:37"
"	69BA0CDE","	Chamber1","	1","	B01??(?)","	6.4","	2026-07-28 12:45:37"
"	69BA0CDE","	Chamber1","	1","	B01??(?)","	6.4","	2026-07-28 12:45:35"
"	69BA0CDE","	Chamber1","	1","	B01??(%RH)","	70.2","	2026-07-28 12:45:35"
"	69BA0CDE","	Chamber1","	1","	B01??(%RH)","	70.1","	2026-07-28 12:45:32"
"	69BA0CDE","	Chamber1","	1","	B01??(?)","	6.5","	2026-07-28 12:45:32"
"	69BA0CDE","	Chamber1","	1","	B01??(%RH)","	70.1","	2026-07-28 12:45:30"
"	69BA0CDE","	Chamber1","	1","	B01??(?)","	6.5","	2026-07-28 12:45:30"
"	69BA0CDE","	Chamber1","	1","	B01??(%RH)","	70.1","	2026-07-28 12:45:28"
"	69BA0CDE","	Chamber1","	1","	B01??(?)","	6.5","	2026-07-28 12:45:28"
"	69BA0CDE","	Chamber1","	1","	B01??(%RH)","	70","	2026-07-28 12:45:26"
"	69BA0CDE","	Chamber1","	1","	B01??(?)","	6.4","	2026-07-28 12:45:26"
"	69BA0CDE","	Chamber1","	1","	B01??(%RH)","	70","	2026-07-28 12:45:24"
"	69BA0CDE","	Chamber1","	1","	B01??(?)","	6.5","	2026-07-28 12:45:24"
"	69BA0CDE","	Chamber1","	1","	B01??(%RH)","	70","	2026-07-28 12:45:22"
"	69BA0CDE","	Chamber1","	1","	B01??(?)","	6.5","	2026-07-28 12:45:22"
"	69BA0CDE","	Chamber1","	1","	B01??(%RH)","	69.9","	2026-07-28 12:45:20"
"	69BA0CDE","	Chamber1","	1","	B01??(?)","	6.5","	2026-07-28 12:45:20"
"	69BA0CDE","	Chamber1","	1","	B01??(%RH)","	69.9","	2026-07-28 12:45:18"
"	69BA0CDE","	Chamber1","	1","	B01??(?)","	6.5","	2026-07-28 12:45:18"
"	69BA0CDE","	Chamber1","	1","	B01??(%RH)","	69.8","	2026-07-28 12:45:16"
"	69BA0CDE","	Chamber1","	1","	B01??(?)","	6.5","	2026-07-28 12:45:16"
"	69BA0CDE","	Chamber1","	1","	B01??(%RH)","	69.8","	2026-07-28 12:45:14"
"	69BA0CDE","	Chamber1","	1","	B01??(?)","	6.5","	2026-07-28 12:45:14"
"	69BA0CDE","	Chamber1","	1","	B01??(%RH)","	69.8","	2026-07-28 12:45:12"
"	69BA0CDE","	Chamber1","	1","	B01??(?)","	6.5","	2026-07-28 12:45:12"
"	69BA0CDE","	Chamber1","	1","	B01??(%RH)","	69.8","	2026-07-28 12:45:10"
"	69BA0CDE","	Chamber1","	1","	B01??(?)","	6.6","	2026-07-28 12:45:10"
"	69BA0CDE","	Chamber1","	1","	B01??(%RH)","	69.7","	2026-07-28 12:45:08"
"	69BA0CDE","	Chamber1","	1","	B01??(?)","	6.6","	2026-07-28 12:45:08"
"	69BA0CDE","	Chamber1","	1","	B01??(%RH)","	69.7","	2026-07-28 12:45:06"
"	69BA0CDE","	Chamber1","	1","	B01??(?)","	6.5","	2026-07-28 12:45:06"
"	69BA0CDE","	Chamber1","	1","	B01??(%RH)","	69.7","	2026-07-28 12:45:04"
"	69BA0CDE","	Chamber1","	1","	B01??(?)","	6.6","	2026-07-28 12:45:04"
"	69BA0CDE","	Chamber1","	1","	B01??(%RH)","	69.7","	2026-07-28 12:45:02"
"	69BA0CDE","	Chamber1","	1","	B01??(?)","	6.6","	2026-07-28 12:45:02"
"	69BA0CDE","	Chamber1","	1","	B01??(%RH)","	69.6","	2026-07-28 12:45:00"
"	69BA0CDE","	Chamber1","	1","	B01??(?)","	6.6","	2026-07-28 12:45:00"
"	69BA0CDE","	Chamber1","	1","	B01??(%RH)","	69.6","	2026-07-28 12:44:58"
"	69BA0CDE","	Chamber1","	1","	B01??(?)","	6.6","	2026-07-28 12:44:58"
"	69BA0CDE","	Chamber1","	1","	B01??(%RH)","	69.6","	2026-07-28 12:44:56"
"	69BA0CDE","	Chamber1","	1","	B01??(?)","	6.6","	2026-07-28 12:44:56"
"	69BA0CDE","	Chamber1","	1","	B01??(%RH)","	69.5","	2026-07-28 12:44:54"
"	69BA0CDE","	Chamber1","	1","	B01??(?)","	6.6","	2026-07-28 12:44:54"
"	69BA0CDE","	Chamber1","	1","	B01??(%RH)","	69.5","	2026-07-28 12:44:52"
"	69BA0CDE","	Chamber1","	1","	B01??(?)","	6.6","	2026-07-28 12:44:52"
"	69BA0CDE","	Chamber1","	1","	B01??(%RH)","	69.5","	2026-07-28 12:44:50"
"	69BA0CDE","	Chamber1","	1","	B01??(?)","	6.6","	2026-07-28 12:44:50"
"	69BA0CDE","	Chamber1","	1","	B01??(%RH)","	69.4","	2026-07-28 12:44:47"
"	69BA0CDE","	Chamber1","	1","	B01??(?)","	6.6","	2026-07-28 12:44:47"
"	69BA0CDE","	Chamber1","	1","	B01??(%RH)","	69.4","	2026-07-28 12:44:45"
"	69BA0CDE","	Chamber1","	1","	B01??(?)","	6.6","	2026-07-28 12:44:45"
"	69BA0CDE","	Chamber1","	1","	B01??(%RH)","	69.4","	2026-07-28 12:44:43"
"	69BA0CDE","	Chamber1","	1","	B01??(?)","	6.7","	2026-07-28 12:44:43"
"	69BA0CDE","	Chamber1","	1","	B01??(%RH)","	69.3","	2026-07-28 12:44:41"
"	69BA0CDE","	Chamber1","	1","	B01??(?)","	6.7","	2026-07-28 12:44:41"
"	69BA0CDE","	Chamber1","	1","	B01??(%RH)","	69.3","	2026-07-28 12:44:39"
"	69BA0CDE","	Chamber1","	1","	B01??(?)","	6.7","	2026-07-28 12:44:39"
"	69BA0CDE","	Chamber1","	1","	B01??(%RH)","	69.3","	2026-07-28 12:44:37"
"	69BA0CDE","	Chamber1","	1","	B01??(?)","	6.7","	2026-07-28 12:44:37"
"	69BA0CDE","	Chamber1","	1","	B01??(%RH)","	69.2","	2026-07-28 12:44:35"
"	69BA0CDE","	Chamber1","	1","	B01??(?)","	6.7","	2026-07-28 12:44:35"
"	69BA0CDE","	Chamber1","	1","	B01??(%RH)","	69.2","	2026-07-28 12:44:33"
"	69BA0CDE","	Chamber1","	1","	B01??(?)","	6.7","	2026-07-28 12:44:33"
"	69BA0CDE","	Chamber1","	1","	B01??(%RH)","	69.2","	2026-07-28 12:44:31"
"	69BA0CDE","	Chamber1","	1","	B01??(?)","	6.7","	2026-07-28 12:44:31"
"	69BA0CDE","	Chamber1","	1","	B01??(%RH)","	69.2","	2026-07-28 12:44:29"
"	69BA0CDE","	Chamber1","	1","	B01??(?)","	6.7","	2026-07-28 12:44:29"
"	69BA0CDE","	Chamber1","	1","	B01??(%RH)","	69.1","	2026-07-28 12:44:27"
"	69BA0CDE","	Chamber1","	1","	B01??(?)","	6.7","	2026-07-28 12:44:27"
"	69BA0CDE","	Chamber1","	1","	B01??(%RH)","	69.1","	2026-07-28 12:44:25"
"	69BA0CDE","	Chamber1","	1","	B01??(?)","	6.7","	2026-07-28 12:44:25"
"	69BA0CDE","	Chamber1","	1","	B01??(%RH)","	69.1","	2026-07-28 12:44:23"
"	69BA0CDE","	Chamber1","	1","	B01??(?)","	6.8","	2026-07-28 12:44:23"
"	69BA0CDE","	Chamber1","	1","	B01??(%RH)","	69","	2026-07-28 12:44:21"
"	69BA0CDE","	Chamber1","	1","	B01??(?)","	6.7","	2026-07-28 12:44:21"
"	69BA0CDE","	Chamber1","	1","	B01??(%RH)","	69","	2026-07-28 12:44:19"
"	69BA0CDE","	Chamber1","	1","	B01??(?)","	6.8","	2026-07-28 12:44:19"
"	69BA0CDE","	Chamber1","	1","	B01??(%RH)","	69","	2026-07-28 12:44:17"
"	69BA0CDE","	Chamber1","	1","	B01??(?)","	6.8","	2026-07-28 12:44:17"
"	69BA0CDE","	Chamber1","	1","	B01??(%RH)","	68.9","	2026-07-28 12:44:15"
"	69BA0CDE","	Chamber1","	1","	B01??(?)","	6.8","	2026-07-28 12:44:15"
"	69BA0CDE","	Chamber1","	1","	B01??(%RH)","	68.9","	2026-07-28 12:44:13"
"	69BA0CDE","	Chamber1","	1","	B01??(?)","	6.8","	2026-07-28 12:44:13"
"	69BA0CDE","	Chamber1","	1","	B01??(%RH)","	68.9","	2026-07-28 12:44:11"
"	69BA0CDE","	Chamber1","	1","	B01??(?)","	6.8","	2026-07-28 12:44:11"
"	69BA0CDE","	Chamber1","	1","	B01??(%RH)","	68.8","	2026-07-28 12:44:09"
"	69BA0CDE","	Chamber1","	1","	B01??(?)","	6.8","	2026-07-28 12:44:09"
"	69BA0CDE","	Chamber1","	1","	B01??(%RH)","	68.8","	2026-07-28 12:44:07"
"	69BA0CDE","	Chamber1","	1","	B01??(?)","	6.8","	2026-07-28 12:44:07"
"	69BA0CDE","	Chamber1","	1","	B01??(%RH)","	68.8","	2026-07-28 12:44:04"
"	69BA0CDE","	Chamber1","	1","	B01??(?)","	6.9","	2026-07-28 12:44:04"
"	69BA0CDE","	Chamber1","	1","	B01??(%RH)","	68.7","	2026-07-28 12:44:02"
"	69BA0CDE","	Chamber1","	1","	B01??(?)","	6.9","	2026-07-28 12:44:02"
"	69BA0CDE","	Chamber1","	1","	B01??(%RH)","	68.7","	2026-07-28 12:44:00"
"	69BA0CDE","	Chamber1","	1","	B01??(?)","	6.9","	2026-07-28 12:44:00"
"	69BA0CDE","	Chamber1","	1","	B01??(%RH)","	68.7","	2026-07-28 12:43:58"
"	69BA0CDE","	Chamber1","	1","	B01??(?)","	6.9","	2026-07-28 12:43:58"
"	69BA0CDE","	Chamber1","	1","	B01??(%RH)","	68.6","	2026-07-28 12:43:56"
"	69BA0CDE","	Chamber1","	1","	B01??(?)","	6.9","	2026-07-28 12:43:56"
"	69BA0CDE","	Chamber1","	1","	B01??(%RH)","	68.6","	2026-07-28 12:43:54"
"	69BA0CDE","	Chamber1","	1","	B01??(?)","	6.9","	2026-07-28 12:43:54"
"	69BA0CDE","	Chamber1","	1","	B01??(%RH)","	68.5","	2026-07-28 12:43:52"
"	69BA0CDE","	Chamber1","	1","	B01??(?)","	6.9","	2026-07-28 12:43:52"
"	69BA0CDE","	Chamber1","	1","	B01??(%RH)","	68.5","	2026-07-28 12:43:50"
"	69BA0CDE","	Chamber1","	1","	B01??(?)","	6.9","	2026-07-28 12:43:50"
"	69BA0CDE","	Chamber1","	1","	B01??(%RH)","	68.5","	2026-07-28 12:43:48"
"	69BA0CDE","	Chamber1","	1","	B01??(?)","	6.9","	2026-07-28 12:43:48"
"	69BA0CDE","	Chamber1","	1","	B01??(%RH)","	68.4","	2026-07-28 12:43:46"
"	69BA0CDE","	Chamber1","	1","	B01??(?)","	6.9","	2026-07-28 12:43:46"
"	69BA0CDE","	Chamber1","	1","	B01??(%RH)","	68.5","	2026-07-28 12:43:44"
"	69BA0CDE","	Chamber1","	1","	B01??(?)","	6.9","	2026-07-28 12:43:44"
"	69BA0CDE","	Chamber1","	1","	B01??(%RH)","	68.4","	2026-07-28 12:43:42"
"	69BA0CDE","	Chamber1","	1","	B01??(?)","	6.9","	2026-07-28 12:43:42"
"	69BA0CDE","	Chamber1","	1","	B01??(%RH)","	68.4","	2026-07-28 12:43:40"
"	69BA0CDE","	Chamber1","	1","	B01??(?)","	7","	2026-07-28 12:43:40"
"	69BA0CDE","	Chamber1","	1","	B01??(%RH)","	68.3","	2026-07-28 12:43:38"
"	69BA0CDE","	Chamber1","	1","	B01??(?)","	7","	2026-07-28 12:43:38"
"	69BA0CDE","	Chamber1","	1","	B01??(%RH)","	68.3","	2026-07-28 12:43:36"
"	69BA0CDE","	Chamber1","	1","	B01??(?)","	7","	2026-07-28 12:43:36"
"	69BA0CDE","	Chamber1","	1","	B01??(%RH)","	68.2","	2026-07-28 12:43:34"
"	69BA0CDE","	Chamber1","	1","	B01??(?)","	7","	2026-07-28 12:43:34"
"	69BA0CDE","	Chamber1","	1","	B01??(%RH)","	68.2","	2026-07-28 12:43:32"
"	69BA0CDE","	Chamber1","	1","	B01??(?)","	7","	2026-07-28 12:43:32"
"	69BA0CDE","	Chamber1","	1","	B01??(%RH)","	68.2","	2026-07-28 12:43:30"
"	69BA0CDE","	Chamber1","	1","	B01??(?)","	7","	2026-07-28 12:43:30"
"	69BA0CDE","	Chamber1","	1","	B01??(%RH)","	68.2","	2026-07-28 12:43:28"
"	69BA0CDE","	Chamber1","	1","	B01??(?)","	7","	2026-07-28 12:43:28"
"	69BA0CDE","	Chamber1","	1","	B01??(%RH)","	68.1","	2026-07-28 12:43:26"
"	69BA0CDE","	Chamber1","	1","	B01??(?)","	7","	2026-07-28 12:43:26"
"	69BA0CDE","	Chamber1","	1","	B01??(?)","	7","	2026-07-28 12:43:24"
"	69BA0CDE","	Chamber1","	1","	B01??(%RH)","	68.1","	2026-07-28 12:43:24"
"	69BA0CDE","	Chamber1","	1","	B01??(%RH)","	68","	2026-07-28 12:43:21"
"	69BA0CDE","	Chamber1","	1","	B01??(?)","	7.1","	2026-07-28 12:43:21"
"	69BA0CDE","	Chamber1","	1","	B01??(%RH)","	68","	2026-07-28 12:43:19"
"	69BA0CDE","	Chamber1","	1","	B01??(?)","	7.1","	2026-07-28 12:43:19"
"	69BA0CDE","	Chamber1","	1","	B01??(%RH)","	68","	2026-07-28 12:43:17"
"	69BA0CDE","	Chamber1","	1","	B01??(?)","	7.1","	2026-07-28 12:43:17"
"	69BA0CDE","	Chamber1","	1","	B01??(%RH)","	67.9","	2026-07-28 12:43:15"
"	69BA0CDE","	Chamber1","	1","	B01??(?)","	7.1","	2026-07-28 12:43:15"
"	69BA0CDE","	Chamber1","	1","	B01??(%RH)","	67.9","	2026-07-28 12:43:13"
"	69BA0CDE","	Chamber1","	1","	B01??(?)","	7.1","	2026-07-28 12:43:13"
"	69BA0CDE","	Chamber1","	1","	B01??(%RH)","	67.9","	2026-07-28 12:43:11"
"	69BA0CDE","	Chamber1","	1","	B01??(?)","	7.1","	2026-07-28 12:43:11"
"	69BA0CDE","	Chamber1","	1","	B01??(%RH)","	67.8","	2026-07-28 12:43:09"
"	69BA0CDE","	Chamber1","	1","	B01??(?)","	7.1","	2026-07-28 12:43:09"
"	69BA0CDE","	Chamber1","	1","	B01??(%RH)","	67.8","	2026-07-28 12:43:07"
"	69BA0CDE","	Chamber1","	1","	B01??(?)","	7.1","	2026-07-28 12:43:07"
"	69BA0CDE","	Chamber1","	1","	B01??(%RH)","	67.7","	2026-07-28 12:43:05"
"	69BA0CDE","	Chamber1","	1","	B01??(?)","	7.1","	2026-07-28 12:43:05"
"	69BA0CDE","	Chamber1","	1","	B01??(%RH)","	67.7","	2026-07-28 12:43:03"
"	69BA0CDE","	Chamber1","	1","	B01??(?)","	7.1","	2026-07-28 12:43:03"
"	69BA0CDE","	Chamber1","	1","	B01??(%RH)","	67.7","	2026-07-28 12:43:01"
"	69BA0CDE","	Chamber1","	1","	B01??(?)","	7.1","	2026-07-28 12:43:01"
"	69BA0CDE","	Chamber1","	1","	B01??(%RH)","	67.6","	2026-07-28 12:42:59"
"	69BA0CDE","	Chamber1","	1","	B01??(?)","	7.2","	2026-07-28 12:42:59"
"	69BA0CDE","	Chamber1","	1","	B01??(%RH)","	67.6","	2026-07-28 12:42:57"
"	69BA0CDE","	Chamber1","	1","	B01??(?)","	7.2","	2026-07-28 12:42:57"
"	69BA0CDE","	Chamber1","	1","	B01??(%RH)","	67.6","	2026-07-28 12:42:55"
"	69BA0CDE","	Chamber1","	1","	B01??(?)","	7.2","	2026-07-28 12:42:55"
"	69BA0CDE","	Chamber1","	1","	B01??(%RH)","	67.5","	2026-07-28 12:42:53"
"	69BA0CDE","	Chamber1","	1","	B01??(?)","	7.2","	2026-07-28 12:42:53"
"	69BA0CDE","	Chamber1","	1","	B01??(%RH)","	67.5","	2026-07-28 12:42:51"
"	69BA0CDE","	Chamber1","	1","	B01??(?)","	7.2","	2026-07-28 12:42:51"
"	69BA0CDE","	Chamber1","	1","	B01??(%RH)","	67.5","	2026-07-28 12:42:49"
"	69BA0CDE","	Chamber1","	1","	B01??(?)","	7.2","	2026-07-28 12:42:49"
"	69BA0CDE","	Chamber1","	1","	B01??(%RH)","	67.4","	2026-07-28 12:42:47"
"	69BA0CDE","	Chamber1","	1","	B01??(?)","	7.2","	2026-07-28 12:42:47"
"	69BA0CDE","	Chamber1","	1","	B01??(%RH)","	67.4","	2026-07-28 12:42:45"
"	69BA0CDE","	Chamber1","	1","	B01??(?)","	7.2","	2026-07-28 12:42:45"
"	69BA0CDE","	Chamber1","	1","	B01??(?)","	7.2","	2026-07-28 12:42:43"
"	69BA0CDE","	Chamber1","	1","	B01??(%RH)","	67.4","	2026-07-28 12:42:43"
"	69BA0CDE","	Chamber1","	1","	B01??(%RH)","	67.3","	2026-07-28 12:42:40"
"	69BA0CDE","	Chamber1","	1","	B01??(?)","	7.3","	2026-07-28 12:42:40"
"	69BA0CDE","	Chamber1","	1","	B01??(%RH)","	67.3","	2026-07-28 12:42:38"
"	69BA0CDE","	Chamber1","	1","	B01??(?)","	7.3","	2026-07-28 12:42:38"
"	69BA0CDE","	Chamber1","	1","	B01??(%RH)","	67.3","	2026-07-28 12:42:36"
"	69BA0CDE","	Chamber1","	1","	B01??(?)","	7.3","	2026-07-28 12:42:36"
"	69BA0CDE","	Chamber1","	1","	B01??(%RH)","	67.2","	2026-07-28 12:42:34"
"	69BA0CDE","	Chamber1","	1","	B01??(?)","	7.3","	2026-07-28 12:42:34"
"	69BA0CDE","	Chamber1","	1","	B01??(%RH)","	67.2","	2026-07-28 12:42:32"
"	69BA0CDE","	Chamber1","	1","	B01??(?)","	7.3","	2026-07-28 12:42:32"
"	69BA0CDE","	Chamber1","	1","	B01??(%RH)","	67.1","	2026-07-28 12:42:30"
"	69BA0CDE","	Chamber1","	1","	B01??(?)","	7.3","	2026-07-28 12:42:30"
"	69BA0CDE","	Chamber1","	1","	B01??(%RH)","	67.1","	2026-07-28 12:42:28"
"	69BA0CDE","	Chamber1","	1","	B01??(?)","	7.3","	2026-07-28 12:42:28"
"	69BA0CDE","	Chamber1","	1","	B01??(%RH)","	67","	2026-07-28 12:42:26"
"	69BA0CDE","	Chamber1","	1","	B01??(?)","	7.3","	2026-07-28 12:42:26"
"	69BA0CDE","	Chamber1","	1","	B01??(%RH)","	67","	2026-07-28 12:42:24"
"	69BA0CDE","	Chamber1","	1","	B01??(?)","	7.4","	2026-07-28 12:42:24"
"	69BA0CDE","	Chamber1","	1","	B01??(%RH)","	67","	2026-07-28 12:42:22"
"	69BA0CDE","	Chamber1","	1","	B01??(?)","	7.4","	2026-07-28 12:42:22"
"	69BA0CDE","	Chamber1","	1","	B01??(%RH)","	66.9","	2026-07-28 12:42:20"
"	69BA0CDE","	Chamber1","	1","	B01??(?)","	7.4","	2026-07-28 12:42:20"
"	69BA0CDE","	Chamber1","	1","	B01??(%RH)","	66.9","	2026-07-28 12:42:18"
"	69BA0CDE","	Chamber1","	1","	B01??(?)","	7.4","	2026-07-28 12:42:18"
"	69BA0CDE","	Chamber1","	1","	B01??(%RH)","	66.9","	2026-07-28 12:42:16"
"	69BA0CDE","	Chamber1","	1","	B01??(?)","	7.4","	2026-07-28 12:42:16"
"	69BA0CDE","	Chamber1","	1","	B01??(%RH)","	66.8","	2026-07-28 12:42:14"
"	69BA0CDE","	Chamber1","	1","	B01??(?)","	7.4","	2026-07-28 12:42:14"
"	69BA0CDE","	Chamber1","	1","	B01??(%RH)","	66.8","	2026-07-28 12:42:12"
"	69BA0CDE","	Chamber1","	1","	B01??(?)","	7.4","	2026-07-28 12:42:12"
"	69BA0CDE","	Chamber1","	1","	B01??(%RH)","	66.8","	2026-07-28 12:42:10"
"	69BA0CDE","	Chamber1","	1","	B01??(?)","	7.4","	2026-07-28 12:42:10"
"	69BA0CDE","	Chamber1","	1","	B01??(%RH)","	66.7","	2026-07-28 12:42:08"
"	69BA0CDE","	Chamber1","	1","	B01??(?)","	7.4","	2026-07-28 12:42:08"
"	69BA0CDE","	Chamber1","	1","	B01??(%RH)","	66.7","	2026-07-28 12:42:06"
"	69BA0CDE","	Chamber1","	1","	B01??(?)","	7.4","	2026-07-28 12:42:06"
"	69BA0CDE","	Chamber1","	1","	B01??(%RH)","	66.6","	2026-07-28 12:42:04"
"	69BA0CDE","	Chamber1","	1","	B01??(?)","	7.5","	2026-07-28 12:42:04"
"	69BA0CDE","	Chamber1","	1","	B01??(%RH)","	66.6","	2026-07-28 12:42:02"
"	69BA0CDE","	Chamber1","	1","	B01??(?)","	7.5","	2026-07-28 12:42:02"
"	69BA0CDE","	Chamber1","	1","	B01??(%RH)","	66.6","	2026-07-28 12:42:00"
"	69BA0CDE","	Chamber1","	1","	B01??(?)","	7.5","	2026-07-28 12:42:00"
"	69BA0CDE","	Chamber1","	1","	B01??(%RH)","	66.5","	2026-07-28 12:41:57"
"	69BA0CDE","	Chamber1","	1","	B01??(?)","	7.5","	2026-07-28 12:41:57"
"	69BA0CDE","	Chamber1","	1","	B01??(%RH)","	66.5","	2026-07-28 12:41:55"
"	69BA0CDE","	Chamber1","	1","	B01??(?)","	7.5","	2026-07-28 12:41:55"
"	69BA0CDE","	Chamber1","	1","	B01??(%RH)","	66.5","	2026-07-28 12:41:53"
"	69BA0CDE","	Chamber1","	1","	B01??(?)","	7.5","	2026-07-28 12:41:53"
"	69BA0CDE","	Chamber1","	1","	B01??(%RH)","	66.4","	2026-07-28 12:41:51"
"	69BA0CDE","	Chamber1","	1","	B01??(?)","	7.5","	2026-07-28 12:41:51"
"	69BA0CDE","	Chamber1","	1","	B01??(%RH)","	66.4","	2026-07-28 12:41:49"
"	69BA0CDE","	Chamber1","	1","	B01??(?)","	7.6","	2026-07-28 12:41:49"
"	69BA0CDE","	Chamber1","	1","	B01??(%RH)","	66.3","	2026-07-28 12:41:47"
"	69BA0CDE","	Chamber1","	1","	B01??(?)","	7.6","	2026-07-28 12:41:47"
"	69BA0CDE","	Chamber1","	1","	B01??(%RH)","	66.3","	2026-07-28 12:41:45"
"	69BA0CDE","	Chamber1","	1","	B01??(?)","	7.6","	2026-07-28 12:41:45"
"	69BA0CDE","	Chamber1","	1","	B01??(%RH)","	66.2","	2026-07-28 12:41:43"
"	69BA0CDE","	Chamber1","	1","	B01??(?)","	7.6","	2026-07-28 12:41:43"
"	69BA0CDE","	Chamber1","	1","	B01??(%RH)","	66.2","	2026-07-28 12:41:41"
"	69BA0CDE","	Chamber1","	1","	B01??(?)","	7.6","	2026-07-28 12:41:41"
"	69BA0CDE","	Chamber1","	1","	B01??(%RH)","	66.2","	2026-07-28 12:41:39"
"	69BA0CDE","	Chamber1","	1","	B01??(?)","	7.6","	2026-07-28 12:41:39"
"	69BA0CDE","	Chamber1","	1","	B01??(%RH)","	66.1","	2026-07-28 12:41:37"
"	69BA0CDE","	Chamber1","	1","	B01??(?)","	7.6","	2026-07-28 12:41:37"
"	69BA0CDE","	Chamber1","	1","	B01??(%RH)","	66.1","	2026-07-28 12:41:35"
"	69BA0CDE","	Chamber1","	1","	B01??(?)","	7.6","	2026-07-28 12:41:35"
"	69BA0CDE","	Chamber1","	1","	B01??(%RH)","	66","	2026-07-28 12:41:33"
"	69BA0CDE","	Chamber1","	1","	B01??(?)","	7.7","	2026-07-28 12:41:33"
"	69BA0CDE","	Chamber1","	1","	B01??(%RH)","	66","	2026-07-28 12:41:31"
"	69BA0CDE","	Chamber1","	1","	B01??(?)","	7.7","	2026-07-28 12:41:31"
"	69BA0CDE","	Chamber1","	1","	B01??(%RH)","	66","	2026-07-28 12:41:29"
"	69BA0CDE","	Chamber1","	1","	B01??(?)","	7.7","	2026-07-28 12:41:29"
"	69BA0CDE","	Chamber1","	1","	B01??(%RH)","	65.9","	2026-07-28 12:41:27"
"	69BA0CDE","	Chamber1","	1","	B01??(?)","	7.7","	2026-07-28 12:41:27"
"	69BA0CDE","	Chamber1","	1","	B01??(%RH)","	65.9","	2026-07-28 12:41:25"
"	69BA0CDE","	Chamber1","	1","	B01??(?)","	7.7","	2026-07-28 12:41:25"
"	69BA0CDE","	Chamber1","	1","	B01??(%RH)","	65.9","	2026-07-28 12:41:23"
"	69BA0CDE","	Chamber1","	1","	B01??(?)","	7.7","	2026-07-28 12:41:23"
"	69BA0CDE","	Chamber1","	1","	B01??(%RH)","	65.8","	2026-07-28 12:41:21"
"	69BA0CDE","	Chamber1","	1","	B01??(?)","	7.7","	2026-07-28 12:41:21"
"	69BA0CDE","	Chamber1","	1","	B01??(%RH)","	65.8","	2026-07-28 12:41:19"
"	69BA0CDE","	Chamber1","	1","	B01??(?)","	7.7","	2026-07-28 12:41:19"
"	69BA0CDE","	Chamber1","	1","	B01??(%RH)","	65.8","	2026-07-28 12:41:17"
"	69BA0CDE","	Chamber1","	1","	B01??(?)","	7.8","	2026-07-28 12:41:17"
"	69BA0CDE","	Chamber1","	1","	B01??(%RH)","	65.7","	2026-07-28 12:41:15"
"	69BA0CDE","	Chamber1","	1","	B01??(?)","	7.8","	2026-07-28 12:41:15"
"	69BA0CDE","	Chamber1","	1","	B01??(%RH)","	65.6","	2026-07-28 12:41:12"
"	69BA0CDE","	Chamber1","	1","	B01??(?)","	7.8","	2026-07-28 12:41:12"
"	69BA0CDE","	Chamber1","	1","	B01??(%RH)","	65.6","	2026-07-28 12:41:10"
"	69BA0CDE","	Chamber1","	1","	B01??(?)","	7.8","	2026-07-28 12:41:10"
"	69BA0CDE","	Chamber1","	1","	B01??(%RH)","	65.6","	2026-07-28 12:41:08"
"	69BA0CDE","	Chamber1","	1","	B01??(?)","	7.8","	2026-07-28 12:41:08"
"	69BA0CDE","	Chamber1","	1","	B01??(%RH)","	65.5","	2026-07-28 12:41:06"
"	69BA0CDE","	Chamber1","	1","	B01??(?)","	7.8","	2026-07-28 12:41:06"
"	69BA0CDE","	Chamber1","	1","	B01??(%RH)","	65.5","	2026-07-28 12:41:04"
"	69BA0CDE","	Chamber1","	1","	B01??(?)","	7.8","	2026-07-28 12:41:04"
"	69BA0CDE","	Chamber1","	1","	B01??(%RH)","	65.5","	2026-07-28 12:41:02"
"	69BA0CDE","	Chamber1","	1","	B01??(?)","	7.8","	2026-07-28 12:41:02"
"	69BA0CDE","	Chamber1","	1","	B01??(%RH)","	65.4","	2026-07-28 12:41:00"
"	69BA0CDE","	Chamber1","	1","	B01??(?)","	7.8","	2026-07-28 12:41:00"
"	69BA0CDE","	Chamber1","	1","	B01??(%RH)","	65.4","	2026-07-28 12:40:58"
"	69BA0CDE","	Chamber1","	1","	B01??(?)","	7.9","	2026-07-28 12:40:58"
"	69BA0CDE","	Chamber1","	1","	B01??(%RH)","	65.3","	2026-07-28 12:40:56"
"	69BA0CDE","	Chamber1","	1","	B01??(?)","	7.9","	2026-07-28 12:40:56"
"	69BA0CDE","	Chamber1","	1","	B01??(%RH)","	65.3","	2026-07-28 12:40:54"
"	69BA0CDE","	Chamber1","	1","	B01??(?)","	7.9","	2026-07-28 12:40:54"
"	69BA0CDE","	Chamber1","	1","	B01??(%RH)","	65.3","	2026-07-28 12:40:52"
"	69BA0CDE","	Chamber1","	1","	B01??(?)","	7.9","	2026-07-28 12:40:52"
"	69BA0CDE","	Chamber1","	1","	B01??(%RH)","	65.2","	2026-07-28 12:40:50"
"	69BA0CDE","	Chamber1","	1","	B01??(?)","	8","	2026-07-28 12:40:50"
"	69BA0CDE","	Chamber1","	1","	B01??(%RH)","	65.2","	2026-07-28 12:40:48"
"	69BA0CDE","	Chamber1","	1","	B01??(?)","	7.9","	2026-07-28 12:40:48"
"	69BA0CDE","	Chamber1","	1","	B01??(%RH)","	65.1","	2026-07-28 12:40:46"
"	69BA0CDE","	Chamber1","	1","	B01??(?)","	8","	2026-07-28 12:40:46"
"	69BA0CDE","	Chamber1","	1","	B01??(%RH)","	65.1","	2026-07-28 12:40:44"
"	69BA0CDE","	Chamber1","	1","	B01??(?)","	8","	2026-07-28 12:40:44"
"	69BA0CDE","	Chamber1","	1","	B01??(%RH)","	65","	2026-07-28 12:40:42"
"	69BA0CDE","	Chamber1","	1","	B01??(?)","	8","	2026-07-28 12:40:42"
"	69BA0CDE","	Chamber1","	1","	B01??(%RH)","	65","	2026-07-28 12:40:40"
"	69BA0CDE","	Chamber1","	1","	B01??(?)","	8","	2026-07-28 12:40:40"
"	69BA0CDE","	Chamber1","	1","	B01??(%RH)","	64.9","	2026-07-28 12:40:38"
"	69BA0CDE","	Chamber1","	1","	B01??(?)","	8","	2026-07-28 12:40:38"
"	69BA0CDE","	Chamber1","	1","	B01??(%RH)","	64.9","	2026-07-28 12:40:36"
"	69BA0CDE","	Chamber1","	1","	B01??(?)","	8","	2026-07-28 12:40:36"
"	69BA0CDE","	Chamber1","	1","	B01??(%RH)","	64.9","	2026-07-28 12:40:34"
"	69BA0CDE","	Chamber1","	1","	B01??(?)","	8","	2026-07-28 12:40:34"
"	69BA0CDE","	Chamber1","	1","	B01??(%RH)","	64.8","	2026-07-28 12:40:31"
"	69BA0CDE","	Chamber1","	1","	B01??(?)","	8","	2026-07-28 12:40:31"
"	69BA0CDE","	Chamber1","	1","	B01??(%RH)","	64.7","	2026-07-28 12:40:29"
"	69BA0CDE","	Chamber1","	1","	B01??(?)","	8","	2026-07-28 12:40:29"
"	69BA0CDE","	Chamber1","	1","	B01??(%RH)","	64.7","	2026-07-28 12:40:27"
"	69BA0CDE","	Chamber1","	1","	B01??(?)","	8.1","	2026-07-28 12:40:27"
"	69BA0CDE","	Chamber1","	1","	B01??(%RH)","	64.7","	2026-07-28 12:40:25"
"	69BA0CDE","	Chamber1","	1","	B01??(?)","	8.1","	2026-07-28 12:40:25"
"	69BA0CDE","	Chamber1","	1","	B01??(%RH)","	64.6","	2026-07-28 12:40:23"
"	69BA0CDE","	Chamber1","	1","	B01??(?)","	8.1","	2026-07-28 12:40:23"
"	69BA0CDE","	Chamber1","	1","	B01??(%RH)","	64.6","	2026-07-28 12:40:21"
"	69BA0CDE","	Chamber1","	1","	B01??(?)","	8.1","	2026-07-28 12:40:21"
"	69BA0CDE","	Chamber1","	1","	B01??(%RH)","	64.5","	2026-07-28 12:40:19"
"	69BA0CDE","	Chamber1","	1","	B01??(?)","	8.1","	2026-07-28 12:40:19"
"	69BA0CDE","	Chamber1","	1","	B01??(%RH)","	64.5","	2026-07-28 12:40:17"
"	69BA0CDE","	Chamber1","	1","	B01??(?)","	8.2","	2026-07-28 12:40:17"
"	69BA0CDE","	Chamber1","	1","	B01??(%RH)","	64.4","	2026-07-28 12:40:15"
"	69BA0CDE","	Chamber1","	1","	B01??(?)","	8.2","	2026-07-28 12:40:15"
"	69BA0CDE","	Chamber1","	1","	B01??(%RH)","	64.4","	2026-07-28 12:40:13"
"	69BA0CDE","	Chamber1","	1","	B01??(?)","	8.2","	2026-07-28 12:40:13"
"	69BA0CDE","	Chamber1","	1","	B01??(%RH)","	64.3","	2026-07-28 12:40:11"
"	69BA0CDE","	Chamber1","	1","	B01??(?)","	8.2","	2026-07-28 12:40:11"
"	69BA0CDE","	Chamber1","	1","	B01??(%RH)","	64.3","	2026-07-28 12:40:09"
"	69BA0CDE","	Chamber1","	1","	B01??(?)","	8.2","	2026-07-28 12:40:09"
"	69BA0CDE","	Chamber1","	1","	B01??(%RH)","	64.2","	2026-07-28 12:40:07"
"	69BA0CDE","	Chamber1","	1","	B01??(?)","	8.2","	2026-07-28 12:40:07"
"	69BA0CDE","	Chamber1","	1","	B01??(%RH)","	64.2","	2026-07-28 12:40:05"
"	69BA0CDE","	Chamber1","	1","	B01??(?)","	8.3","	2026-07-28 12:40:05"
"	69BA0CDE","	Chamber1","	1","	B01??(%RH)","	64.2","	2026-07-28 12:40:03"
"	69BA0CDE","	Chamber1","	1","	B01??(?)","	8.3","	2026-07-28 12:40:03"
"	69BA0CDE","	Chamber1","	1","	B01??(%RH)","	64.1","	2026-07-28 12:40:01"
"	69BA0CDE","	Chamber1","	1","	B01??(?)","	8.3","	2026-07-28 12:40:01"
"	69BA0CDE","	Chamber1","	1","	B01??(%RH)","	64.1","	2026-07-28 12:39:59"
"	69BA0CDE","	Chamber1","	1","	B01??(?)","	8.3","	2026-07-28 12:39:59"
"	69BA0CDE","	Chamber1","	1","	B01??(%RH)","	64","	2026-07-28 12:39:57"
"	69BA0CDE","	Chamber1","	1","	B01??(?)","	8.3","	2026-07-28 12:39:57"
"	69BA0CDE","	Chamber1","	1","	B01??(%RH)","	64","	2026-07-28 12:39:55"
"	69BA0CDE","	Chamber1","	1","	B01??(?)","	8.3","	2026-07-28 12:39:55"
"	69BA0CDE","	Chamber1","	1","	B01??(%RH)","	64","	2026-07-28 12:39:53"
"	69BA0CDE","	Chamber1","	1","	B01??(?)","	8.3","	2026-07-28 12:39:53"
"	69BA0CDE","	Chamber1","	1","	B01??(%RH)","	63.9","	2026-07-28 12:39:50"
"	69BA0CDE","	Chamber1","	1","	B01??(?)","	8.3","	2026-07-28 12:39:50"
"	69BA0CDE","	Chamber1","	1","	B01??(%RH)","	63.8","	2026-07-28 12:39:48"
"	69BA0CDE","	Chamber1","	1","	B01??(?)","	8.3","	2026-07-28 12:39:48"
"	69BA0CDE","	Chamber1","	1","	B01??(%RH)","	63.8","	2026-07-28 12:39:46"
"	69BA0CDE","	Chamber1","	1","	B01??(?)","	8.4","	2026-07-28 12:39:46"
"	69BA0CDE","	Chamber1","	1","	B01??(%RH)","	63.7","	2026-07-28 12:39:44"
"	69BA0CDE","	Chamber1","	1","	B01??(?)","	8.4","	2026-07-28 12:39:44"
"	69BA0CDE","	Chamber1","	1","	B01??(%RH)","	63.7","	2026-07-28 12:39:42"
"	69BA0CDE","	Chamber1","	1","	B01??(?)","	8.4","	2026-07-28 12:39:42"
"	69BA0CDE","	Chamber1","	1","	B01??(%RH)","	63.6","	2026-07-28 12:39:40"
"	69BA0CDE","	Chamber1","	1","	B01??(?)","	8.4","	2026-07-28 12:39:40"
"	69BA0CDE","	Chamber1","	1","	B01??(%RH)","	63.6","	2026-07-28 12:39:38"
"	69BA0CDE","	Chamber1","	1","	B01??(?)","	8.4","	2026-07-28 12:39:38"
"	69BA0CDE","	Chamber1","	1","	B01??(%RH)","	63.5","	2026-07-28 12:39:36"
"	69BA0CDE","	Chamber1","	1","	B01??(?)","	8.4","	2026-07-28 12:39:36"
"	69BA0CDE","	Chamber1","	1","	B01??(%RH)","	63.5","	2026-07-28 12:39:34"
"	69BA0CDE","	Chamber1","	1","	B01??(?)","	8.5","	2026-07-28 12:39:34"
"	69BA0CDE","	Chamber1","	1","	B01??(%RH)","	63.4","	2026-07-28 12:39:32"
"	69BA0CDE","	Chamber1","	1","	B01??(?)","	8.5","	2026-07-28 12:39:32"
"	69BA0CDE","	Chamber1","	1","	B01??(?)","	8.5","	2026-07-28 12:39:30"
"	69BA0CDE","	Chamber1","	1","	B01??(%RH)","	63.4","	2026-07-28 12:39:30"
"	69BA0CDE","	Chamber1","	1","	B01??(%RH)","	63.3","	2026-07-28 12:39:28"
"	69BA0CDE","	Chamber1","	1","	B01??(?)","	8.5","	2026-07-28 12:39:28"
"	69BA0CDE","	Chamber1","	1","	B01??(%RH)","	63.3","	2026-07-28 12:39:26"
"	69BA0CDE","	Chamber1","	1","	B01??(?)","	8.5","	2026-07-28 12:39:26"
"	69BA0CDE","	Chamber1","	1","	B01??(%RH)","	63.2","	2026-07-28 12:39:24"
"	69BA0CDE","	Chamber1","	1","	B01??(?)","	8.5","	2026-07-28 12:39:24"
"	69BA0CDE","	Chamber1","	1","	B01??(%RH)","	63.2","	2026-07-28 12:39:22"
"	69BA0CDE","	Chamber1","	1","	B01??(?)","	8.5","	2026-07-28 12:39:22"
"	69BA0CDE","	Chamber1","	1","	B01??(%RH)","	63.1","	2026-07-28 12:39:20"
"	69BA0CDE","	Chamber1","	1","	B01??(?)","	8.6","	2026-07-28 12:39:20"
"	69BA0CDE","	Chamber1","	1","	B01??(%RH)","	63.1","	2026-07-28 12:39:18"
"	69BA0CDE","	Chamber1","	1","	B01??(?)","	8.6","	2026-07-28 12:39:18"
"	69BA0CDE","	Chamber1","	1","	B01??(%RH)","	63","	2026-07-28 12:39:16"
"	69BA0CDE","	Chamber1","	1","	B01??(?)","	8.6","	2026-07-28 12:39:16"
"	69BA0CDE","	Chamber1","	1","	B01??(%RH)","	63","	2026-07-28 12:39:14"
"	69BA0CDE","	Chamber1","	1","	B01??(?)","	8.6","	2026-07-28 12:39:14"
"	69BA0CDE","	Chamber1","	1","	B01??(%RH)","	62.9","	2026-07-28 12:39:12"
"	69BA0CDE","	Chamber1","	1","	B01??(?)","	8.6","	2026-07-28 12:39:12"
"	69BA0CDE","	Chamber1","	1","	B01??(%RH)","	62.9","	2026-07-28 12:39:10"
"	69BA0CDE","	Chamber1","	1","	B01??(?)","	8.6","	2026-07-28 12:39:10"
"	69BA0CDE","	Chamber1","	1","	B01??(%RH)","	62.8","	2026-07-28 12:39:08"
"	69BA0CDE","	Chamber1","	1","	B01??(?)","	8.7","	2026-07-28 12:39:08"
"	69BA0CDE","	Chamber1","	1","	B01??(%RH)","	62.8","	2026-07-28 12:39:05"
"	69BA0CDE","	Chamber1","	1","	B01??(?)","	8.7","	2026-07-28 12:39:05"
"	69BA0CDE","	Chamber1","	1","	B01??(%RH)","	62.7","	2026-07-28 12:39:03"
"	69BA0CDE","	Chamber1","	1","	B01??(?)","	8.7","	2026-07-28 12:39:03"
"	69BA0CDE","	Chamber1","	1","	B01??(%RH)","	62.7","	2026-07-28 12:39:01"
"	69BA0CDE","	Chamber1","	1","	B01??(?)","	8.7","	2026-07-28 12:39:01"
"	69BA0CDE","	Chamber1","	1","	B01??(%RH)","	62.7","	2026-07-28 12:38:59"
"	69BA0CDE","	Chamber1","	1","	B01??(?)","	8.7","	2026-07-28 12:38:59"
"	69BA0CDE","	Chamber1","	1","	B01??(%RH)","	62.6","	2026-07-28 12:38:57"
"	69BA0CDE","	Chamber1","	1","	B01??(?)","	8.7","	2026-07-28 12:38:57"
"	69BA0CDE","	Chamber1","	1","	B01??(%RH)","	62.6","	2026-07-28 12:38:55"
"	69BA0CDE","	Chamber1","	1","	B01??(?)","	8.7","	2026-07-28 12:38:55"
"	69BA0CDE","	Chamber1","	1","	B01??(%RH)","	62.5","	2026-07-28 12:38:53"
"	69BA0CDE","	Chamber1","	1","	B01??(?)","	8.7","	2026-07-28 12:38:53"
"	69BA0CDE","	Chamber1","	1","	B01??(%RH)","	62.5","	2026-07-28 12:38:51"
"	69BA0CDE","	Chamber1","	1","	B01??(?)","	8.8","	2026-07-28 12:38:51"
"	69BA0CDE","	Chamber1","	1","	B01??(%RH)","	62.4","	2026-07-28 12:38:49"
"	69BA0CDE","	Chamber1","	1","	B01??(?)","	8.8","	2026-07-28 12:38:49"
"	69BA0CDE","	Chamber1","	1","	B01??(%RH)","	62.3","	2026-07-28 12:38:47"
"	69BA0CDE","	Chamber1","	1","	B01??(?)","	8.8","	2026-07-28 12:38:47"
"	69BA0CDE","	Chamber1","	1","	B01??(%RH)","	62.3","	2026-07-28 12:38:45"
"	69BA0CDE","	Chamber1","	1","	B01??(?)","	8.8","	2026-07-28 12:38:45"
"	69BA0CDE","	Chamber1","	1","	B01??(%RH)","	62.2","	2026-07-28 12:38:43"
"	69BA0CDE","	Chamber1","	1","	B01??(?)","	8.8","	2026-07-28 12:38:43"
"	69BA0CDE","	Chamber1","	1","	B01??(%RH)","	62.2","	2026-07-28 12:38:41"
"	69BA0CDE","	Chamber1","	1","	B01??(?)","	8.9","	2026-07-28 12:38:41"
"	69BA0CDE","	Chamber1","	1","	B01??(%RH)","	62.1","	2026-07-28 12:38:39"
"	69BA0CDE","	Chamber1","	1","	B01??(?)","	8.9","	2026-07-28 12:38:39"
"	69BA0CDE","	Chamber1","	1","	B01??(%RH)","	62.1","	2026-07-28 12:38:37"
"	69BA0CDE","	Chamber1","	1","	B01??(?)","	8.9","	2026-07-28 12:38:37"
"	69BA0CDE","	Chamber1","	1","	B01??(%RH)","	62","	2026-07-28 12:38:35"
"	69BA0CDE","	Chamber1","	1","	B01??(?)","	8.9","	2026-07-28 12:38:35"
"	69BA0CDE","	Chamber1","	1","	B01??(%RH)","	62","	2026-07-28 12:38:33"
"	69BA0CDE","	Chamber1","	1","	B01??(?)","	8.9","	2026-07-28 12:38:33"
"	69BA0CDE","	Chamber1","	1","	B01??(%RH)","	61.9","	2026-07-28 12:38:31"
"	69BA0CDE","	Chamber1","	1","	B01??(?)","	8.9","	2026-07-28 12:38:31"
"	69BA0CDE","	Chamber1","	1","	B01??(%RH)","	61.8","	2026-07-28 12:38:29"
"	69BA0CDE","	Chamber1","	1","	B01??(?)","	9","	2026-07-28 12:38:29"
"	69BA0CDE","	Chamber1","	1","	B01??(%RH)","	61.8","	2026-07-28 12:38:27"
"	69BA0CDE","	Chamber1","	1","	B01??(?)","	9","	2026-07-28 12:38:27"
"	69BA0CDE","	Chamber1","	1","	B01??(%RH)","	61.8","	2026-07-28 12:38:25"
"	69BA0CDE","	Chamber1","	1","	B01??(?)","	9","	2026-07-28 12:38:25"
"	69BA0CDE","	Chamber1","	1","	B01??(%RH)","	61.7","	2026-07-28 12:38:23"
"	69BA0CDE","	Chamber1","	1","	B01??(?)","	9","	2026-07-28 12:38:23"
"	69BA0CDE","	Chamber1","	1","	B01??(%RH)","	61.7","	2026-07-28 12:38:20"
"	69BA0CDE","	Chamber1","	1","	B01??(?)","	9","	2026-07-28 12:38:20"
"	69BA0CDE","	Chamber1","	1","	B01??(%RH)","	61.6","	2026-07-28 12:38:18"
"	69BA0CDE","	Chamber1","	1","	B01??(?)","	9","	2026-07-28 12:38:18"
"	69BA0CDE","	Chamber1","	1","	B01??(%RH)","	61.5","	2026-07-28 12:38:16"
"	69BA0CDE","	Chamber1","	1","	B01??(?)","	9.1","	2026-07-28 12:38:16"
"	69BA0CDE","	Chamber1","	1","	B01??(%RH)","	61.5","	2026-07-28 12:38:14"
"	69BA0CDE","	Chamber1","	1","	B01??(?)","	9.1","	2026-07-28 12:38:14"
"	69BA0CDE","	Chamber1","	1","	B01??(%RH)","	61.4","	2026-07-28 12:38:12"
"	69BA0CDE","	Chamber1","	1","	B01??(?)","	9.1","	2026-07-28 12:38:12"
"	69BA0CDE","	Chamber1","	1","	B01??(%RH)","	61.4","	2026-07-28 12:38:10"
"	69BA0CDE","	Chamber1","	1","	B01??(?)","	9.1","	2026-07-28 12:38:10"
"	69BA0CDE","	Chamber1","	1","	B01??(%RH)","	61.3","	2026-07-28 12:38:08"
"	69BA0CDE","	Chamber1","	1","	B01??(?)","	9.1","	2026-07-28 12:38:08"
"	69BA0CDE","	Chamber1","	1","	B01??(%RH)","	61.3","	2026-07-28 12:38:06"
"	69BA0CDE","	Chamber1","	1","	B01??(?)","	9.1","	2026-07-28 12:38:06"
"	69BA0CDE","	Chamber1","	1","	B01??(%RH)","	61.3","	2026-07-28 12:38:04"
"	69BA0CDE","	Chamber1","	1","	B01??(?)","	9.1","	2026-07-28 12:38:04"
"	69BA0CDE","	Chamber1","	1","	B01??(%RH)","	61.2","	2026-07-28 12:38:02"
"	69BA0CDE","	Chamber1","	1","	B01??(?)","	9.2","	2026-07-28 12:38:02"
"	69BA0CDE","	Chamber1","	1","	B01??(%RH)","	61.1","	2026-07-28 12:38:00"
"	69BA0CDE","	Chamber1","	1","	B01??(?)","	9.2","	2026-07-28 12:38:00"
"	69BA0CDE","	Chamber1","	1","	B01??(%RH)","	61.1","	2026-07-28 12:37:58"
"	69BA0CDE","	Chamber1","	1","	B01??(?)","	9.2","	2026-07-28 12:37:58"
"	69BA0CDE","	Chamber1","	1","	B01??(%RH)","	61","	2026-07-28 12:37:56"
"	69BA0CDE","	Chamber1","	1","	B01??(?)","	9.3","	2026-07-28 12:37:56"
"	69BA0CDE","	Chamber1","	1","	B01??(%RH)","	61","	2026-07-28 12:37:54"
"	69BA0CDE","	Chamber1","	1","	B01??(?)","	9.3","	2026-07-28 12:37:54"
"	69BA0CDE","	Chamber1","	1","	B01??(%RH)","	60.9","	2026-07-28 12:37:52"
"	69BA0CDE","	Chamber1","	1","	B01??(?)","	9.3","	2026-07-28 12:37:52"
"	69BA0CDE","	Chamber1","	1","	B01??(%RH)","	60.8","	2026-07-28 12:37:50"
"	69BA0CDE","	Chamber1","	1","	B01??(?)","	9.3","	2026-07-28 12:37:50"
"	69BA0CDE","	Chamber1","	1","	B01??(%RH)","	60.8","	2026-07-28 12:37:48"
"	69BA0CDE","	Chamber1","	1","	B01??(?)","	9.3","	2026-07-28 12:37:48"
"	69BA0CDE","	Chamber1","	1","	B01??(%RH)","	60.7","	2026-07-28 12:37:46"
"	69BA0CDE","	Chamber1","	1","	B01??(?)","	9.3","	2026-07-28 12:37:46"
"	69BA0CDE","	Chamber1","	1","	B01??(%RH)","	60.7","	2026-07-28 12:37:44"
"	69BA0CDE","	Chamber1","	1","	B01??(?)","	9.4","	2026-07-28 12:37:44"
"	69BA0CDE","	Chamber1","	1","	B01??(%RH)","	60.6","	2026-07-28 12:37:42"
"	69BA0CDE","	Chamber1","	1","	B01??(?)","	9.4","	2026-07-28 12:37:42"
"	69BA0CDE","	Chamber1","	1","	B01??(%RH)","	60.6","	2026-07-28 12:37:40"
"	69BA0CDE","	Chamber1","	1","	B01??(?)","	9.4","	2026-07-28 12:37:40"
"	69BA0CDE","	Chamber1","	1","	B01??(%RH)","	60.5","	2026-07-28 12:37:37"
"	69BA0CDE","	Chamber1","	1","	B01??(?)","	9.4","	2026-07-28 12:37:37"
"	69BA0CDE","	Chamber1","	1","	B01??(%RH)","	60.5","	2026-07-28 12:37:35"
"	69BA0CDE","	Chamber1","	1","	B01??(?)","	9.4","	2026-07-28 12:37:35"
"	69BA0CDE","	Chamber1","	1","	B01??(%RH)","	60.4","	2026-07-28 12:37:33"
"	69BA0CDE","	Chamber1","	1","	B01??(?)","	9.5","	2026-07-28 12:37:33"
"	69BA0CDE","	Chamber1","	1","	B01??(%RH)","	60.4","	2026-07-28 12:37:31"
"	69BA0CDE","	Chamber1","	1","	B01??(?)","	9.5","	2026-07-28 12:37:31"
"	69BA0CDE","	Chamber1","	1","	B01??(%RH)","	60.3","	2026-07-28 12:37:29"
"	69BA0CDE","	Chamber1","	1","	B01??(?)","	9.5","	2026-07-28 12:37:29"
"	69BA0CDE","	Chamber1","	1","	B01??(%RH)","	60.2","	2026-07-28 12:37:27"
"	69BA0CDE","	Chamber1","	1","	B01??(?)","	9.5","	2026-07-28 12:37:27"
"	69BA0CDE","	Chamber1","	1","	B01??(%RH)","	60.2","	2026-07-28 12:37:25"
"	69BA0CDE","	Chamber1","	1","	B01??(?)","	9.5","	2026-07-28 12:37:25"
"	69BA0CDE","	Chamber1","	1","	B01??(%RH)","	60.1","	2026-07-28 12:37:23"
"	69BA0CDE","	Chamber1","	1","	B01??(?)","	9.6","	2026-07-28 12:37:23"
"	69BA0CDE","	Chamber1","	1","	B01??(%RH)","	60.1","	2026-07-28 12:37:21"
"	69BA0CDE","	Chamber1","	1","	B01??(?)","	9.6","	2026-07-28 12:37:21"
"	69BA0CDE","	Chamber1","	1","	B01??(%RH)","	60","	2026-07-28 12:37:19"
"	69BA0CDE","	Chamber1","	1","	B01??(?)","	9.6","	2026-07-28 12:37:19"
"	69BA0CDE","	Chamber1","	1","	B01??(%RH)","	60","	2026-07-28 12:37:17"
"	69BA0CDE","	Chamber1","	1","	B01??(?)","	9.6","	2026-07-28 12:37:17"
"	69BA0CDE","	Chamber1","	1","	B01??(?)","	9.6","	2026-07-28 12:37:15"
"	69BA0CDE","	Chamber1","	1","	B01??(%RH)","	59.9","	2026-07-28 12:37:15"
"	69BA0CDE","	Chamber1","	1","	B01??(%RH)","	59.8","	2026-07-28 12:37:13"
"	69BA0CDE","	Chamber1","	1","	B01??(?)","	9.6","	2026-07-28 12:37:13"
"	69BA0CDE","	Chamber1","	1","	B01??(%RH)","	59.8","	2026-07-28 12:37:11"
"	69BA0CDE","	Chamber1","	1","	B01??(?)","	9.6","	2026-07-28 12:37:11"
"	69BA0CDE","	Chamber1","	1","	B01??(%RH)","	59.7","	2026-07-28 12:37:09"
"	69BA0CDE","	Chamber1","	1","	B01??(?)","	9.7","	2026-07-28 12:37:09"
"	69BA0CDE","	Chamber1","	1","	B01??(%RH)","	59.7","	2026-07-28 12:37:07"
"	69BA0CDE","	Chamber1","	1","	B01??(?)","	9.7","	2026-07-28 12:37:07"
"	69BA0CDE","	Chamber1","	1","	B01??(%RH)","	59.6","	2026-07-28 12:37:05"
"	69BA0CDE","	Chamber1","	1","	B01??(?)","	9.7","	2026-07-28 12:37:05"
"	69BA0CDE","	Chamber1","	1","	B01??(%RH)","	59.6","	2026-07-28 12:37:03"
"	69BA0CDE","	Chamber1","	1","	B01??(?)","	9.7","	2026-07-28 12:37:03"
"	69BA0CDE","	Chamber1","	1","	B01??(%RH)","	59.5","	2026-07-28 12:37:01"
"	69BA0CDE","	Chamber1","	1","	B01??(?)","	9.7","	2026-07-28 12:37:01"
"	69BA0CDE","	Chamber1","	1","	B01??(%RH)","	59.4","	2026-07-28 12:36:59"
"	69BA0CDE","	Chamber1","	1","	B01??(?)","	9.8","	2026-07-28 12:36:59"
"	69BA0CDE","	Chamber1","	1","	B01??(%RH)","	59.4","	2026-07-28 12:36:57"
"	69BA0CDE","	Chamber1","	1","	B01??(?)","	9.8","	2026-07-28 12:36:57"
"	69BA0CDE","	Chamber1","	1","	B01??(%RH)","	59.3","	2026-07-28 12:36:54"
"	69BA0CDE","	Chamber1","	1","	B01??(?)","	9.8","	2026-07-28 12:36:54"
"	69BA0CDE","	Chamber1","	1","	B01??(%RH)","	59.2","	2026-07-28 12:36:52"
"	69BA0CDE","	Chamber1","	1","	B01??(?)","	9.8","	2026-07-28 12:36:52"
"	69BA0CDE","	Chamber1","	1","	B01??(%RH)","	59.2","	2026-07-28 12:36:50"
"	69BA0CDE","	Chamber1","	1","	B01??(?)","	9.9","	2026-07-28 12:36:50"
"	69BA0CDE","	Chamber1","	1","	B01??(%RH)","	59.1","	2026-07-28 12:36:48"
"	69BA0CDE","	Chamber1","	1","	B01??(?)","	9.9","	2026-07-28 12:36:48"
"	69BA0CDE","	Chamber1","	1","	B01??(%RH)","	59.1","	2026-07-28 12:36:46"
"	69BA0CDE","	Chamber1","	1","	B01??(?)","	9.9","	2026-07-28 12:36:46"
"	69BA0CDE","	Chamber1","	1","	B01??(%RH)","	59","	2026-07-28 12:36:44"
"	69BA0CDE","	Chamber1","	1","	B01??(?)","	9.9","	2026-07-28 12:36:44"
"	69BA0CDE","	Chamber1","	1","	B01??(%RH)","	59","	2026-07-28 12:36:42"
"	69BA0CDE","	Chamber1","	1","	B01??(?)","	10","	2026-07-28 12:36:42"
"	69BA0CDE","	Chamber1","	1","	B01??(%RH)","	58.9","	2026-07-28 12:36:40"
"	69BA0CDE","	Chamber1","	1","	B01??(?)","	10","	2026-07-28 12:36:40"
"	69BA0CDE","	Chamber1","	1","	B01??(%RH)","	58.8","	2026-07-28 12:36:38"
"	69BA0CDE","	Chamber1","	1","	B01??(?)","	10","	2026-07-28 12:36:38"
"	69BA0CDE","	Chamber1","	1","	B01??(%RH)","	58.8","	2026-07-28 12:36:36"
"	69BA0CDE","	Chamber1","	1","	B01??(?)","	10","	2026-07-28 12:36:36"
"	69BA0CDE","	Chamber1","	1","	B01??(%RH)","	58.7","	2026-07-28 12:36:34"
"	69BA0CDE","	Chamber1","	1","	B01??(?)","	10","	2026-07-28 12:36:34"
"	69BA0CDE","	Chamber1","	1","	B01??(%RH)","	58.6","	2026-07-28 12:36:32"
"	69BA0CDE","	Chamber1","	1","	B01??(?)","	10","	2026-07-28 12:36:32"
"	69BA0CDE","	Chamber1","	1","	B01??(%RH)","	58.5","	2026-07-28 12:36:30"
"	69BA0CDE","	Chamber1","	1","	B01??(?)","	10.1","	2026-07-28 12:36:30"
"	69BA0CDE","	Chamber1","	1","	B01??(%RH)","	58.5","	2026-07-28 12:36:28"
"	69BA0CDE","	Chamber1","	1","	B01??(?)","	10.1","	2026-07-28 12:36:28"
"	69BA0CDE","	Chamber1","	1","	B01??(%RH)","	58.4","	2026-07-28 12:36:26"
"	69BA0CDE","	Chamber1","	1","	B01??(?)","	10.1","	2026-07-28 12:36:26"
"	69BA0CDE","	Chamber1","	1","	B01??(%RH)","	58.4","	2026-07-28 12:36:24"
"	69BA0CDE","	Chamber1","	1","	B01??(?)","	10.1","	2026-07-28 12:36:24"
"	69BA0CDE","	Chamber1","	1","	B01??(%RH)","	58.3","	2026-07-28 12:36:22"
"	69BA0CDE","	Chamber1","	1","	B01??(?)","	10.1","	2026-07-28 12:36:22"
"	69BA0CDE","	Chamber1","	1","	B01??(%RH)","	58.2","	2026-07-28 12:36:20"
"	69BA0CDE","	Chamber1","	1","	B01??(?)","	10.2","	2026-07-28 12:36:20"
"	69BA0CDE","	Chamber1","	1","	B01??(%RH)","	58.2","	2026-07-28 12:36:18"
"	69BA0CDE","	Chamber1","	1","	B01??(?)","	10.2","	2026-07-28 12:36:18"
"	69BA0CDE","	Chamber1","	1","	B01??(%RH)","	58.1","	2026-07-28 12:36:16"
"	69BA0CDE","	Chamber1","	1","	B01??(?)","	10.2","	2026-07-28 12:36:16"
"	69BA0CDE","	Chamber1","	1","	B01??(%RH)","	58","	2026-07-28 12:36:14"
"	69BA0CDE","	Chamber1","	1","	B01??(?)","	10.2","	2026-07-28 12:36:14"
"	69BA0CDE","	Chamber1","	1","	B01??(%RH)","	58","	2026-07-28 12:36:11"
"	69BA0CDE","	Chamber1","	1","	B01??(?)","	10.3","	2026-07-28 12:36:11"
"	69BA0CDE","	Chamber1","	1","	B01??(%RH)","	57.9","	2026-07-28 12:36:09"
"	69BA0CDE","	Chamber1","	1","	B01??(?)","	10.3","	2026-07-28 12:36:09"
"	69BA0CDE","	Chamber1","	1","	B01??(%RH)","	57.8","	2026-07-28 12:36:07"
"	69BA0CDE","	Chamber1","	1","	B01??(?)","	10.3","	2026-07-28 12:36:07"
"	69BA0CDE","	Chamber1","	1","	B01??(%RH)","	57.8","	2026-07-28 12:36:05"
"	69BA0CDE","	Chamber1","	1","	B01??(?)","	10.3","	2026-07-28 12:36:05"
"	69BA0CDE","	Chamber1","	1","	B01??(%RH)","	57.8","	2026-07-28 12:36:03"
"	69BA0CDE","	Chamber1","	1","	B01??(?)","	10.4","	2026-07-28 12:36:03"
"	69BA0CDE","	Chamber1","	1","	B01??(%RH)","	57.7","	2026-07-28 12:36:01"
"	69BA0CDE","	Chamber1","	1","	B01??(?)","	10.4","	2026-07-28 12:36:01"
"	69BA0CDE","	Chamber1","	1","	B01??(%RH)","	57.6","	2026-07-28 12:35:59"
"	69BA0CDE","	Chamber1","	1","	B01??(?)","	10.4","	2026-07-28 12:35:59"
"	69BA0CDE","	Chamber1","	1","	B01??(%RH)","	57.6","	2026-07-28 12:35:57"
"	69BA0CDE","	Chamber1","	1","	B01??(?)","	10.4","	2026-07-28 12:35:57"
"	69BA0CDE","	Chamber1","	1","	B01??(?)","	10.4","	2026-07-28 12:35:55"
"	69BA0CDE","	Chamber1","	1","	B01??(%RH)","	57.5","	2026-07-28 12:35:55"
"	69BA0CDE","	Chamber1","	1","	B01??(?)","	10.5","	2026-07-28 12:35:53"
"	69BA0CDE","	Chamber1","	1","	B01??(%RH)","	57.5","	2026-07-28 12:35:53"
"	69BA0CDE","	Chamber1","	1","	B01??(?)","	10.5","	2026-07-28 12:35:51"
"	69BA0CDE","	Chamber1","	1","	B01??(%RH)","	57.4","	2026-07-28 12:35:51"
"	69BA0CDE","	Chamber1","	1","	B01??(%RH)","	57.3","	2026-07-28 12:35:49"
"	69BA0CDE","	Chamber1","	1","	B01??(?)","	10.5","	2026-07-28 12:35:49"
"	69BA0CDE","	Chamber1","	1","	B01??(%RH)","	57.2","	2026-07-28 12:35:47"
"	69BA0CDE","	Chamber1","	1","	B01??(?)","	10.5","	2026-07-28 12:35:47"
"	69BA0CDE","	Chamber1","	1","	B01??(%RH)","	57.1","	2026-07-28 12:35:45"
"	69BA0CDE","	Chamber1","	1","	B01??(?)","	10.6","	2026-07-28 12:35:45"
"	69BA0CDE","	Chamber1","	1","	B01??(%RH)","	57.1","	2026-07-28 12:35:43"
"	69BA0CDE","	Chamber1","	1","	B01??(?)","	10.6","	2026-07-28 12:35:43"
"	69BA0CDE","	Chamber1","	1","	B01??(%RH)","	57","	2026-07-28 12:35:41"
"	69BA0CDE","	Chamber1","	1","	B01??(?)","	10.6","	2026-07-28 12:35:41"
"	69BA0CDE","	Chamber1","	1","	B01??(%RH)","	56.9","	2026-07-28 12:35:39"
"	69BA0CDE","	Chamber1","	1","	B01??(?)","	10.6","	2026-07-28 12:35:39"
"	69BA0CDE","	Chamber1","	1","	B01??(%RH)","	56.9","	2026-07-28 12:35:37"
"	69BA0CDE","	Chamber1","	1","	B01??(?)","	10.6","	2026-07-28 12:35:37"
"	69BA0CDE","	Chamber1","	1","	B01??(%RH)","	56.8","	2026-07-28 12:35:35"
"	69BA0CDE","	Chamber1","	1","	B01??(?)","	10.7","	2026-07-28 12:35:35"
"	69BA0CDE","	Chamber1","	1","	B01??(%RH)","	56.8","	2026-07-28 12:35:33"
"	69BA0CDE","	Chamber1","	1","	B01??(?)","	10.7","	2026-07-28 12:35:33"
"	69BA0CDE","	Chamber1","	1","	B01??(%RH)","	56.7","	2026-07-28 12:35:31"
"	69BA0CDE","	Chamber1","	1","	B01??(?)","	10.7","	2026-07-28 12:35:31"
"	69BA0CDE","	Chamber1","	1","	B01??(%RH)","	56.6","	2026-07-28 12:35:28"
"	69BA0CDE","	Chamber1","	1","	B01??(?)","	10.7","	2026-07-28 12:35:28"
"	69BA0CDE","	Chamber1","	1","	B01??(%RH)","	56.6","	2026-07-28 12:35:26"
"	69BA0CDE","	Chamber1","	1","	B01??(?)","	10.8","	2026-07-28 12:35:26"
"	69BA0CDE","	Chamber1","	1","	B01??(%RH)","	56.5","	2026-07-28 12:35:24"
"	69BA0CDE","	Chamber1","	1","	B01??(?)","	10.8","	2026-07-28 12:35:24"
"	69BA0CDE","	Chamber1","	1","	B01??(%RH)","	56.5","	2026-07-28 12:35:22"
"	69BA0CDE","	Chamber1","	1","	B01??(?)","	10.8","	2026-07-28 12:35:22"
"	69BA0CDE","	Chamber1","	1","	B01??(?)","	10.8","	2026-07-28 12:35:20"
"	69BA0CDE","	Chamber1","	1","	B01??(%RH)","	56.4","	2026-07-28 12:35:20"
"	69BA0CDE","	Chamber1","	1","	B01??(%RH)","	56.3","	2026-07-28 12:35:18"
"	69BA0CDE","	Chamber1","	1","	B01??(?)","	10.9","	2026-07-28 12:35:18"
"	69BA0CDE","	Chamber1","	1","	B01??(%RH)","	56.3","	2026-07-28 12:35:16"
"	69BA0CDE","	Chamber1","	1","	B01??(?)","	10.9","	2026-07-28 12:35:16"
"	69BA0CDE","	Chamber1","	1","	B01??(%RH)","	56.2","	2026-07-28 12:35:14"
"	69BA0CDE","	Chamber1","	1","	B01??(?)","	10.9","	2026-07-28 12:35:14"
"	69BA0CDE","	Chamber1","	1","	B01??(%RH)","	56.1","	2026-07-28 12:35:12"
"	69BA0CDE","	Chamber1","	1","	B01??(?)","	10.9","	2026-07-28 12:35:12"
"	69BA0CDE","	Chamber1","	1","	B01??(%RH)","	56.1","	2026-07-28 12:35:10"
"	69BA0CDE","	Chamber1","	1","	B01??(?)","	10.9","	2026-07-28 12:35:10"
"	69BA0CDE","	Chamber1","	1","	B01??(%RH)","	56","	2026-07-28 12:35:08"
"	69BA0CDE","	Chamber1","	1","	B01??(?)","	11","	2026-07-28 12:35:08"
"	69BA0CDE","	Chamber1","	1","	B01??(%RH)","	55.9","	2026-07-28 12:35:06"
"	69BA0CDE","	Chamber1","	1","	B01??(?)","	11","	2026-07-28 12:35:06"
"	69BA0CDE","	Chamber1","	1","	B01??(%RH)","	55.9","	2026-07-28 12:35:04"
"	69BA0CDE","	Chamber1","	1","	B01??(?)","	11","	2026-07-28 12:35:04"
"	69BA0CDE","	Chamber1","	1","	B01??(%RH)","	55.8","	2026-07-28 12:35:02"
"	69BA0CDE","	Chamber1","	1","	B01??(?)","	11.1","	2026-07-28 12:35:02"
"	69BA0CDE","	Chamber1","	1","	B01??(%RH)","	55.8","	2026-07-28 12:35:00"
"	69BA0CDE","	Chamber1","	1","	B01??(?)","	11.1","	2026-07-28 12:35:00"
"	69BA0CDE","	Chamber1","	1","	B01??(%RH)","	55.6","	2026-07-28 12:34:58"
"	69BA0CDE","	Chamber1","	1","	B01??(?)","	11.1","	2026-07-28 12:34:58"
"	69BA0CDE","	Chamber1","	1","	B01??(%RH)","	55.6","	2026-07-28 12:34:56"
"	69BA0CDE","	Chamber1","	1","	B01??(?)","	11.1","	2026-07-28 12:34:56"
"	69BA0CDE","	Chamber1","	1","	B01??(%RH)","	55.5","	2026-07-28 12:34:54"
"	69BA0CDE","	Chamber1","	1","	B01??(?)","	11.1","	2026-07-28 12:34:54"
"	69BA0CDE","	Chamber1","	1","	B01??(%RH)","	55.5","	2026-07-28 12:34:52"
"	69BA0CDE","	Chamber1","	1","	B01??(?)","	11.2","	2026-07-28 12:34:52"
"	69BA0CDE","	Chamber1","	1","	B01??(%RH)","	55.4","	2026-07-28 12:34:50"
"	69BA0CDE","	Chamber1","	1","	B01??(?)","	11.2","	2026-07-28 12:34:50"
"	69BA0CDE","	Chamber1","	1","	B01??(%RH)","	55.3","	2026-07-28 12:34:48"
"	69BA0CDE","	Chamber1","	1","	B01??(?)","	11.2","	2026-07-28 12:34:48"
"	69BA0CDE","	Chamber1","	1","	B01??(%RH)","	55.3","	2026-07-28 12:34:46"
"	69BA0CDE","	Chamber1","	1","	B01??(?)","	11.2","	2026-07-28 12:34:46"
"	69BA0CDE","	Chamber1","	1","	B01??(%RH)","	55.2","	2026-07-28 12:34:43"
"	69BA0CDE","	Chamber1","	1","	B01??(?)","	11.3","	2026-07-28 12:34:43"
"	69BA0CDE","	Chamber1","	1","	B01??(%RH)","	55.1","	2026-07-28 12:34:41"
"	69BA0CDE","	Chamber1","	1","	B01??(?)","	11.3","	2026-07-28 12:34:41"
"	69BA0CDE","	Chamber1","	1","	B01??(%RH)","	55.1","	2026-07-28 12:34:39"
"	69BA0CDE","	Chamber1","	1","	B01??(?)","	11.3","	2026-07-28 12:34:39"
"	69BA0CDE","	Chamber1","	1","	B01??(%RH)","	55","	2026-07-28 12:34:37"
"	69BA0CDE","	Chamber1","	1","	B01??(?)","	11.4","	2026-07-28 12:34:37"
"	69BA0CDE","	Chamber1","	1","	B01??(%RH)","	55","	2026-07-28 12:34:35"
"	69BA0CDE","	Chamber1","	1","	B01??(?)","	11.4","	2026-07-28 12:34:35"
"	69BA0CDE","	Chamber1","	1","	B01??(%RH)","	54.9","	2026-07-28 12:34:33"
"	69BA0CDE","	Chamber1","	1","	B01??(?)","	11.4","	2026-07-28 12:34:33"
"	69BA0CDE","	Chamber1","	1","	B01??(%RH)","	54.8","	2026-07-28 12:34:31"
"	69BA0CDE","	Chamber1","	1","	B01??(?)","	11.4","	2026-07-28 12:34:31"
"	69BA0CDE","	Chamber1","	1","	B01??(%RH)","	54.8","	2026-07-28 12:34:29"
"	69BA0CDE","	Chamber1","	1","	B01??(?)","	11.5","	2026-07-28 12:34:29"
"	69BA0CDE","	Chamber1","	1","	B01??(%RH)","	54.7","	2026-07-28 12:34:27"
"	69BA0CDE","	Chamber1","	1","	B01??(?)","	11.5","	2026-07-28 12:34:27"
"	69BA0CDE","	Chamber1","	1","	B01??(%RH)","	54.6","	2026-07-28 12:34:25"
"	69BA0CDE","	Chamber1","	1","	B01??(?)","	11.5","	2026-07-28 12:34:25"
"	69BA0CDE","	Chamber1","	1","	B01??(%RH)","	54.6","	2026-07-28 12:34:23"
"	69BA0CDE","	Chamber1","	1","	B01??(?)","	11.5","	2026-07-28 12:34:23"
"	69BA0CDE","	Chamber1","	1","	B01??(%RH)","	54.5","	2026-07-28 12:34:21"
"	69BA0CDE","	Chamber1","	1","	B01??(?)","	11.5","	2026-07-28 12:34:21"
"	69BA0CDE","	Chamber1","	1","	B01??(%RH)","	54.5","	2026-07-28 12:34:19"
"	69BA0CDE","	Chamber1","	1","	B01??(?)","	11.6","	2026-07-28 12:34:19"
"	69BA0CDE","	Chamber1","	1","	B01??(%RH)","	54.4","	2026-07-28 12:34:17"
"	69BA0CDE","	Chamber1","	1","	B01??(?)","	11.6","	2026-07-28 12:34:17"
"	69BA0CDE","	Chamber1","	1","	B01??(%RH)","	54.3","	2026-07-28 12:34:15"
"	69BA0CDE","	Chamber1","	1","	B01??(?)","	11.7","	2026-07-28 12:34:15"
"	69BA0CDE","	Chamber1","	1","	B01??(%RH)","	54.2","	2026-07-28 12:34:13"
"	69BA0CDE","	Chamber1","	1","	B01??(?)","	11.7","	2026-07-28 12:34:13"
"	69BA0CDE","	Chamber1","	1","	B01??(?)","	11.7","	2026-07-28 12:34:11"
"	69BA0CDE","	Chamber1","	1","	B01??(%RH)","	54.2","	2026-07-28 12:34:11"
"	69BA0CDE","	Chamber1","	1","	B01??(%RH)","	54.1","	2026-07-28 12:34:09"
"	69BA0CDE","	Chamber1","	1","	B01??(?)","	11.7","	2026-07-28 12:34:09"
"	69BA0CDE","	Chamber1","	1","	B01??(%RH)","	54","	2026-07-28 12:34:07"
"	69BA0CDE","	Chamber1","	1","	B01??(?)","	11.8","	2026-07-28 12:34:07"
"	69BA0CDE","	Chamber1","	1","	B01??(%RH)","	54","	2026-07-28 12:34:05"
"	69BA0CDE","	Chamber1","	1","	B01??(?)","	11.8","	2026-07-28 12:34:05"
"	69BA0CDE","	Chamber1","	1","	B01??(%RH)","	53.9","	2026-07-28 12:34:03"
"	69BA0CDE","	Chamber1","	1","	B01??(?)","	11.8","	2026-07-28 12:34:03"
"	69BA0CDE","	Chamber1","	1","	B01??(%RH)","	53.8","	2026-07-28 12:34:00"
"	69BA0CDE","	Chamber1","	1","	B01??(?)","	11.9","	2026-07-28 12:34:00"
"	69BA0CDE","	Chamber1","	1","	B01??(%RH)","	53.7","	2026-07-28 12:33:58"
"	69BA0CDE","	Chamber1","	1","	B01??(?)","	11.9","	2026-07-28 12:33:58"
"	69BA0CDE","	Chamber1","	1","	B01??(%RH)","	53.7","	2026-07-28 12:33:56"
"	69BA0CDE","	Chamber1","	1","	B01??(?)","	11.9","	2026-07-28 12:33:56"
"	69BA0CDE","	Chamber1","	1","	B01??(%RH)","	53.6","	2026-07-28 12:33:54"
"	69BA0CDE","	Chamber1","	1","	B01??(?)","	11.9","	2026-07-28 12:33:54"
"	69BA0CDE","	Chamber1","	1","	B01??(%RH)","	53.6","	2026-07-28 12:33:52"
"	69BA0CDE","	Chamber1","	1","	B01??(?)","	12","	2026-07-28 12:33:52"
"	69BA0CDE","	Chamber1","	1","	B01??(%RH)","	53.5","	2026-07-28 12:33:50"
"	69BA0CDE","	Chamber1","	1","	B01??(?)","	12","	2026-07-28 12:33:50"
"	69BA0CDE","	Chamber1","	1","	B01??(%RH)","	53.4","	2026-07-28 12:33:48"
"	69BA0CDE","	Chamber1","	1","	B01??(?)","	12","	2026-07-28 12:33:48"
"	69BA0CDE","	Chamber1","	1","	B01??(%RH)","	53.3","	2026-07-28 12:33:46"
"	69BA0CDE","	Chamber1","	1","	B01??(?)","	12","	2026-07-28 12:33:46"
"	69BA0CDE","	Chamber1","	1","	B01??(%RH)","	53.3","	2026-07-28 12:33:44"
"	69BA0CDE","	Chamber1","	1","	B01??(?)","	12.1","	2026-07-28 12:33:44"
"	69BA0CDE","	Chamber1","	1","	B01??(%RH)","	53.2","	2026-07-28 12:33:42"
"	69BA0CDE","	Chamber1","	1","	B01??(?)","	12.1","	2026-07-28 12:33:42"
"	69BA0CDE","	Chamber1","	1","	B01??(%RH)","	53.1","	2026-07-28 12:33:40"
"	69BA0CDE","	Chamber1","	1","	B01??(?)","	12.1","	2026-07-28 12:33:40"
"	69BA0CDE","	Chamber1","	1","	B01??(%RH)","	53.1","	2026-07-28 12:33:38"
"	69BA0CDE","	Chamber1","	1","	B01??(?)","	12.1","	2026-07-28 12:33:38"
"	69BA0CDE","	Chamber1","	1","	B01??(%RH)","	53","	2026-07-28 12:33:36"
"	69BA0CDE","	Chamber1","	1","	B01??(?)","	12.2","	2026-07-28 12:33:36"
"	69BA0CDE","	Chamber1","	1","	B01??(%RH)","	52.9","	2026-07-28 12:33:34"
"	69BA0CDE","	Chamber1","	1","	B01??(?)","	12.2","	2026-07-28 12:33:34"
"	69BA0CDE","	Chamber1","	1","	B01??(%RH)","	52.8","	2026-07-28 12:33:32"
"	69BA0CDE","	Chamber1","	1","	B01??(?)","	12.3","	2026-07-28 12:33:32"
"	69BA0CDE","	Chamber1","	1","	B01??(%RH)","	52.7","	2026-07-28 12:33:30"
"	69BA0CDE","	Chamber1","	1","	B01??(?)","	12.3","	2026-07-28 12:33:30"
"	69BA0CDE","	Chamber1","	1","	B01??(%RH)","	52.6","	2026-07-28 12:33:28"
"	69BA0CDE","	Chamber1","	1","	B01??(?)","	12.3","	2026-07-28 12:33:28"
"	69BA0CDE","	Chamber1","	1","	B01??(%RH)","	52.6","	2026-07-28 12:33:26"
"	69BA0CDE","	Chamber1","	1","	B01??(?)","	12.3","	2026-07-28 12:33:26"
"	69BA0CDE","	Chamber1","	1","	B01??(%RH)","	52.5","	2026-07-28 12:33:24"
"	69BA0CDE","	Chamber1","	1","	B01??(?)","	12.4","	2026-07-28 12:33:24"
"	69BA0CDE","	Chamber1","	1","	B01??(%RH)","	52.4","	2026-07-28 12:33:22"
"	69BA0CDE","	Chamber1","	1","	B01??(?)","	12.4","	2026-07-28 12:33:22"
"	69BA0CDE","	Chamber1","	1","	B01??(%RH)","	52.3","	2026-07-28 12:33:20"
"	69BA0CDE","	Chamber1","	1","	B01??(?)","	12.4","	2026-07-28 12:33:20"
"	69BA0CDE","	Chamber1","	1","	B01??(%RH)","	52.2","	2026-07-28 12:33:17"
"	69BA0CDE","	Chamber1","	1","	B01??(?)","	12.5","	2026-07-28 12:33:17"
"	69BA0CDE","	Chamber1","	1","	B01??(%RH)","	52.1","	2026-07-28 12:33:15"
"	69BA0CDE","	Chamber1","	1","	B01??(?)","	12.5","	2026-07-28 12:33:15"
"	69BA0CDE","	Chamber1","	1","	B01??(%RH)","	52.1","	2026-07-28 12:33:13"
"	69BA0CDE","	Chamber1","	1","	B01??(?)","	12.5","	2026-07-28 12:33:13"
"	69BA0CDE","	Chamber1","	1","	B01??(%RH)","	52","	2026-07-28 12:33:11"
"	69BA0CDE","	Chamber1","	1","	B01??(?)","	12.6","	2026-07-28 12:33:11"
"	69BA0CDE","	Chamber1","	1","	B01??(%RH)","	51.9","	2026-07-28 12:33:09"
"	69BA0CDE","	Chamber1","	1","	B01??(?)","	12.6","	2026-07-28 12:33:09"
"	69BA0CDE","	Chamber1","	1","	B01??(%RH)","	51.8","	2026-07-28 12:33:07"
"	69BA0CDE","	Chamber1","	1","	B01??(?)","	12.6","	2026-07-28 12:33:07"
"	69BA0CDE","	Chamber1","	1","	B01??(%RH)","	51.8","	2026-07-28 12:33:05"
"	69BA0CDE","	Chamber1","	1","	B01??(?)","	12.6","	2026-07-28 12:33:05"
"	69BA0CDE","	Chamber1","	1","	B01??(%RH)","	51.7","	2026-07-28 12:33:03"
"	69BA0CDE","	Chamber1","	1","	B01??(?)","	12.7","	2026-07-28 12:33:03"
"	69BA0CDE","	Chamber1","	1","	B01??(%RH)","	51.6","	2026-07-28 12:33:01"
"	69BA0CDE","	Chamber1","	1","	B01??(?)","	12.7","	2026-07-28 12:33:01"
"	69BA0CDE","	Chamber1","	1","	B01??(%RH)","	51.5","	2026-07-28 12:32:59"
"	69BA0CDE","	Chamber1","	1","	B01??(?)","	12.7","	2026-07-28 12:32:59"
"	69BA0CDE","	Chamber1","	1","	B01??(%RH)","	51.4","	2026-07-28 12:32:57"
"	69BA0CDE","	Chamber1","	1","	B01??(?)","	12.8","	2026-07-28 12:32:57"
"	69BA0CDE","	Chamber1","	1","	B01??(%RH)","	51.4","	2026-07-28 12:32:55"
"	69BA0CDE","	Chamber1","	1","	B01??(?)","	12.8","	2026-07-28 12:32:55"
"	69BA0CDE","	Chamber1","	1","	B01??(%RH)","	51.3","	2026-07-28 12:32:53"
"	69BA0CDE","	Chamber1","	1","	B01??(?)","	12.8","	2026-07-28 12:32:53"
"	69BA0CDE","	Chamber1","	1","	B01??(%RH)","	51.2","	2026-07-28 12:32:51"
"	69BA0CDE","	Chamber1","	1","	B01??(?)","	12.9","	2026-07-28 12:32:51"
"	69BA0CDE","	Chamber1","	1","	B01??(%RH)","	51.1","	2026-07-28 12:32:49"
"	69BA0CDE","	Chamber1","	1","	B01??(?)","	12.9","	2026-07-28 12:32:49"
"	69BA0CDE","	Chamber1","	1","	B01??(%RH)","	51","	2026-07-28 12:32:47"
"	69BA0CDE","	Chamber1","	1","	B01??(?)","	13","	2026-07-28 12:32:47"
"	69BA0CDE","	Chamber1","	1","	B01??(%RH)","	51","	2026-07-28 12:32:45"
"	69BA0CDE","	Chamber1","	1","	B01??(?)","	13","	2026-07-28 12:32:45"
"	69BA0CDE","	Chamber1","	1","	B01??(%RH)","	50.9","	2026-07-28 12:32:43"
"	69BA0CDE","	Chamber1","	1","	B01??(?)","	13","	2026-07-28 12:32:43"
"	69BA0CDE","	Chamber1","	1","	B01??(%RH)","	50.8","	2026-07-28 12:32:41"
"	69BA0CDE","	Chamber1","	1","	B01??(?)","	13","	2026-07-28 12:32:41"
"	69BA0CDE","	Chamber1","	1","	B01??(%RH)","	50.7","	2026-07-28 12:32:39"
"	69BA0CDE","	Chamber1","	1","	B01??(?)","	13.1","	2026-07-28 12:32:39"
"	69BA0CDE","	Chamber1","	1","	B01??(%RH)","	50.6","	2026-07-28 12:32:36"
"	69BA0CDE","	Chamber1","	1","	B01??(?)","	13.1","	2026-07-28 12:32:36"
"	69BA0CDE","	Chamber1","	1","	B01??(%RH)","	50.5","	2026-07-28 12:32:34"
"	69BA0CDE","	Chamber1","	1","	B01??(?)","	13.2","	2026-07-28 12:32:34"
"	69BA0CDE","	Chamber1","	1","	B01??(%RH)","	50.4","	2026-07-28 12:32:32"
"	69BA0CDE","	Chamber1","	1","	B01??(?)","	13.2","	2026-07-28 12:32:32"
"	69BA0CDE","	Chamber1","	1","	B01??(%RH)","	50.4","	2026-07-28 12:32:30"
"	69BA0CDE","	Chamber1","	1","	B01??(?)","	13.2","	2026-07-28 12:32:30"
"	69BA0CDE","	Chamber1","	1","	B01??(%RH)","	50.3","	2026-07-28 12:32:28"
"	69BA0CDE","	Chamber1","	1","	B01??(?)","	13.3","	2026-07-28 12:32:28"
"	69BA0CDE","	Chamber1","	1","	B01??(%RH)","	50.2","	2026-07-28 12:32:26"
"	69BA0CDE","	Chamber1","	1","	B01??(?)","	13.3","	2026-07-28 12:32:26"
"	69BA0CDE","	Chamber1","	1","	B01??(%RH)","	50.1","	2026-07-28 12:32:24"
"	69BA0CDE","	Chamber1","	1","	B01??(?)","	13.3","	2026-07-28 12:32:24"
"	69BA0CDE","	Chamber1","	1","	B01??(%RH)","	50.1","	2026-07-28 12:32:22"
"	69BA0CDE","	Chamber1","	1","	B01??(?)","	13.4","	2026-07-28 12:32:22"
"	69BA0CDE","	Chamber1","	1","	B01??(%RH)","	50","	2026-07-28 12:32:20"
"	69BA0CDE","	Chamber1","	1","	B01??(?)","	13.4","	2026-07-28 12:32:20"
"	69BA0CDE","	Chamber1","	1","	B01??(%RH)","	49.9","	2026-07-28 12:32:18"
"	69BA0CDE","	Chamber1","	1","	B01??(?)","	13.4","	2026-07-28 12:32:18"
"	69BA0CDE","	Chamber1","	1","	B01??(%RH)","	49.8","	2026-07-28 12:32:16"
"	69BA0CDE","	Chamber1","	1","	B01??(?)","	13.5","	2026-07-28 12:32:16"
"	69BA0CDE","	Chamber1","	1","	B01??(%RH)","	49.7","	2026-07-28 12:32:14"
"	69BA0CDE","	Chamber1","	1","	B01??(?)","	13.5","	2026-07-28 12:32:14"
"	69BA0CDE","	Chamber1","	1","	B01??(%RH)","	49.7","	2026-07-28 12:32:12"
"	69BA0CDE","	Chamber1","	1","	B01??(?)","	13.5","	2026-07-28 12:32:12"
"	69BA0CDE","	Chamber1","	1","	B01??(%RH)","	49.6","	2026-07-28 12:32:10"
"	69BA0CDE","	Chamber1","	1","	B01??(?)","	13.6","	2026-07-28 12:32:10"
"	69BA0CDE","	Chamber1","	1","	B01??(%RH)","	49.5","	2026-07-28 12:32:08"
"	69BA0CDE","	Chamber1","	1","	B01??(?)","	13.6","	2026-07-28 12:32:08"
"	69BA0CDE","	Chamber1","	1","	B01??(%RH)","	49.4","	2026-07-28 12:32:06"
"	69BA0CDE","	Chamber1","	1","	B01??(?)","	13.7","	2026-07-28 12:32:06"
"	69BA0CDE","	Chamber1","	1","	B01??(%RH)","	49.4","	2026-07-28 12:32:04"
"	69BA0CDE","	Chamber1","	1","	B01??(?)","	13.7","	2026-07-28 12:32:04"
"	69BA0CDE","	Chamber1","	1","	B01??(%RH)","	49.3","	2026-07-28 12:32:02"
"	69BA0CDE","	Chamber1","	1","	B01??(?)","	13.7","	2026-07-28 12:32:02"
"	69BA0CDE","	Chamber1","	1","	B01??(%RH)","	49.2","	2026-07-28 12:32:00"
"	69BA0CDE","	Chamber1","	1","	B01??(?)","	13.8","	2026-07-28 12:32:00"
"	69BA0CDE","	Chamber1","	1","	B01??(%RH)","	49.2","	2026-07-28 12:31:58"
"	69BA0CDE","	Chamber1","	1","	B01??(?)","	13.8","	2026-07-28 12:31:58"
"	69BA0CDE","	Chamber1","	1","	B01??(%RH)","	49","	2026-07-28 12:31:55"
"	69BA0CDE","	Chamber1","	1","	B01??(?)","	13.9","	2026-07-28 12:31:55"
"	69BA0CDE","	Chamber1","	1","	B01??(%RH)","	49","	2026-07-28 12:31:53"
"	69BA0CDE","	Chamber1","	1","	B01??(?)","	13.9","	2026-07-28 12:31:53"
"	69BA0CDE","	Chamber1","	1","	B01??(%RH)","	48.9","	2026-07-28 12:31:51"
"	69BA0CDE","	Chamber1","	1","	B01??(?)","	13.9","	2026-07-28 12:31:51"
"	69BA0CDE","	Chamber1","	1","	B01??(%RH)","	48.9","	2026-07-28 12:31:49"
"	69BA0CDE","	Chamber1","	1","	B01??(?)","	13.9","	2026-07-28 12:31:49"
"	69BA0CDE","	Chamber1","	1","	B01??(%RH)","	48.8","	2026-07-28 12:31:47"
"	69BA0CDE","	Chamber1","	1","	B01??(?)","	14","	2026-07-28 12:31:47"
"	69BA0CDE","	Chamber1","	1","	B01??(%RH)","	48.7","	2026-07-28 12:31:45"
"	69BA0CDE","	Chamber1","	1","	B01??(?)","	14.1","	2026-07-28 12:31:45"
"	69BA0CDE","	Chamber1","	1","	B01??(%RH)","	48.6","	2026-07-28 12:31:43"
"	69BA0CDE","	Chamber1","	1","	B01??(?)","	14.1","	2026-07-28 12:31:43"
"	69BA0CDE","	Chamber1","	1","	B01??(%RH)","	48.6","	2026-07-28 12:31:41"
"	69BA0CDE","	Chamber1","	1","	B01??(?)","	14.1","	2026-07-28 12:31:41"
"	69BA0CDE","	Chamber1","	1","	B01??(%RH)","	48.5","	2026-07-28 12:31:39"
"	69BA0CDE","	Chamber1","	1","	B01??(?)","	14.2","	2026-07-28 12:31:39"
"	69BA0CDE","	Chamber1","	1","	B01??(%RH)","	48.4","	2026-07-28 12:31:37"
"	69BA0CDE","	Chamber1","	1","	B01??(?)","	14.2","	2026-07-28 12:31:37"
"	69BA0CDE","	Chamber1","	1","	B01??(%RH)","	48.4","	2026-07-28 12:31:35"
"	69BA0CDE","	Chamber1","	1","	B01??(?)","	14.2","	2026-07-28 12:31:35"
"	69BA0CDE","	Chamber1","	1","	B01??(%RH)","	48.3","	2026-07-28 12:31:33"
"	69BA0CDE","	Chamber1","	1","	B01??(?)","	14.3","	2026-07-28 12:31:33"
"	69BA0CDE","	Chamber1","	1","	B01??(%RH)","	48.2","	2026-07-28 12:31:31"
"	69BA0CDE","	Chamber1","	1","	B01??(?)","	14.3","	2026-07-28 12:31:31"
"	69BA0CDE","	Chamber1","	1","	B01??(%RH)","	48.2","	2026-07-28 12:31:29"
"	69BA0CDE","	Chamber1","	1","	B01??(?)","	14.4","	2026-07-28 12:31:29"
"	69BA0CDE","	Chamber1","	1","	B01??(%RH)","	48.1","	2026-07-28 12:31:27"
"	69BA0CDE","	Chamber1","	1","	B01??(?)","	14.4","	2026-07-28 12:31:27"
"	69BA0CDE","	Chamber1","	1","	B01??(%RH)","	48","	2026-07-28 12:31:25"
"	69BA0CDE","	Chamber1","	1","	B01??(?)","	14.5","	2026-07-28 12:31:25"
"	69BA0CDE","	Chamber1","	1","	B01??(%RH)","	47.9","	2026-07-28 12:31:23"
"	69BA0CDE","	Chamber1","	1","	B01??(?)","	14.5","	2026-07-28 12:31:23"
"	69BA0CDE","	Chamber1","	1","	B01??(%RH)","	47.8","	2026-07-28 12:31:21"
"	69BA0CDE","	Chamber1","	1","	B01??(?)","	14.5","	2026-07-28 12:31:21"
"	69BA0CDE","	Chamber1","	1","	B01??(%RH)","	47.7","	2026-07-28 12:31:19"
"	69BA0CDE","	Chamber1","	1","	B01??(?)","	14.6","	2026-07-28 12:31:19"
"	69BA0CDE","	Chamber1","	1","	B01??(%RH)","	47.7","	2026-07-28 12:31:17"
"	69BA0CDE","	Chamber1","	1","	B01??(?)","	14.6","	2026-07-28 12:31:17"
"	69BA0CDE","	Chamber1","	1","	B01??(%RH)","	47.5","	2026-07-28 12:31:15"
"	69BA0CDE","	Chamber1","	1","	B01??(?)","	14.7","	2026-07-28 12:31:15"
"	69BA0CDE","	Chamber1","	1","	B01??(%RH)","	47.4","	2026-07-28 12:31:12"
"	69BA0CDE","	Chamber1","	1","	B01??(?)","	14.7","	2026-07-28 12:31:12"
"	69BA0CDE","	Chamber1","	1","	B01??(%RH)","	47.3","	2026-07-28 12:31:10"
"	69BA0CDE","	Chamber1","	1","	B01??(?)","	14.8","	2026-07-28 12:31:10"
"	69BA0CDE","	Chamber1","	1","	B01??(%RH)","	47.2","	2026-07-28 12:31:08"
"	69BA0CDE","	Chamber1","	1","	B01??(?)","	14.9","	2026-07-28 12:31:08"
"	69BA0CDE","	Chamber1","	1","	B01??(%RH)","	47.1","	2026-07-28 12:31:06"
"	69BA0CDE","	Chamber1","	1","	B01??(?)","	14.9","	2026-07-28 12:31:06"
"	69BA0CDE","	Chamber1","	1","	B01??(%RH)","	47","	2026-07-28 12:31:04"
"	69BA0CDE","	Chamber1","	1","	B01??(?)","	14.9","	2026-07-28 12:31:04"
"	69BA0CDE","	Chamber1","	1","	B01??(%RH)","	46.9","	2026-07-28 12:31:02"
"	69BA0CDE","	Chamber1","	1","	B01??(?)","	15","	2026-07-28 12:31:02"
"	69BA0CDE","	Chamber1","	1","	B01??(%RH)","	46.8","	2026-07-28 12:31:00"
"	69BA0CDE","	Chamber1","	1","	B01??(?)","	15","	2026-07-28 12:31:00"
"	69BA0CDE","	Chamber1","	1","	B01??(%RH)","	46.7","	2026-07-28 12:30:58"
"	69BA0CDE","	Chamber1","	1","	B01??(?)","	15.1","	2026-07-28 12:30:58"
"	69BA0CDE","	Chamber1","	1","	B01??(%RH)","	46.6","	2026-07-28 12:30:56"
"	69BA0CDE","	Chamber1","	1","	B01??(?)","	15.1","	2026-07-28 12:30:56"
"	69BA0CDE","	Chamber1","	1","	B01??(%RH)","	46.5","	2026-07-28 12:30:54"
"	69BA0CDE","	Chamber1","	1","	B01??(?)","	15.2","	2026-07-28 12:30:54"
"	69BA0CDE","	Chamber1","	1","	B01??(%RH)","	46.4","	2026-07-28 12:30:52"
"	69BA0CDE","	Chamber1","	1","	B01??(?)","	15.3","	2026-07-28 12:30:52"
"	69BA0CDE","	Chamber1","	1","	B01??(%RH)","	46.3","	2026-07-28 12:30:50"
"	69BA0CDE","	Chamber1","	1","	B01??(?)","	15.3","	2026-07-28 12:30:50"
"	69BA0CDE","	Chamber1","	1","	B01??(%RH)","	46.3","	2026-07-28 12:30:48"
"	69BA0CDE","	Chamber1","	1","	B01??(?)","	15.3","	2026-07-28 12:30:48"
"	69BA0CDE","	Chamber1","	1","	B01??(%RH)","	46.2","	2026-07-28 12:30:46"
"	69BA0CDE","	Chamber1","	1","	B01??(?)","	15.4","	2026-07-28 12:30:46"
"	69BA0CDE","	Chamber1","	1","	B01??(%RH)","	46.1","	2026-07-28 12:30:44"
"	69BA0CDE","	Chamber1","	1","	B01??(?)","	15.4","	2026-07-28 12:30:44"
"	69BA0CDE","	Chamber1","	1","	B01??(%RH)","	45.9","	2026-07-28 12:30:42"
"	69BA0CDE","	Chamber1","	1","	B01??(?)","	15.5","	2026-07-28 12:30:42"
"	69BA0CDE","	Chamber1","	1","	B01??(?)","	15.5","	2026-07-28 12:30:40"
"	69BA0CDE","	Chamber1","	1","	B01??(%RH)","	45.7","	2026-07-28 12:30:40"
"	69BA0CDE","	Chamber1","	1","	B01??(%RH)","	45.4","	2026-07-28 12:30:38"
"	69BA0CDE","	Chamber1","	1","	B01??(?)","	15.6","	2026-07-28 12:30:38"
"	69BA0CDE","	Chamber1","	1","	B01??(%RH)","	45.2","	2026-07-28 12:30:36"
"	69BA0CDE","	Chamber1","	1","	B01??(?)","	15.7","	2026-07-28 12:30:36"
"	69BA0CDE","	Chamber1","	1","	B01??(%RH)","	45","	2026-07-28 12:30:34"
"	69BA0CDE","	Chamber1","	1","	B01??(?)","	15.7","	2026-07-28 12:30:34"
"	69BA0CDE","	Chamber1","	1","	B01??(%RH)","	44.8","	2026-07-28 12:30:32"
"	69BA0CDE","	Chamber1","	1","	B01??(?)","	15.8","	2026-07-28 12:30:32"
"	69BA0CDE","	Chamber1","	1","	B01??(%RH)","	44.6","	2026-07-28 12:30:29"
"	69BA0CDE","	Chamber1","	1","	B01??(?)","	15.8","	2026-07-28 12:30:29"
"	69BA0CDE","	Chamber1","	1","	B01??(%RH)","	44.4","	2026-07-28 12:30:27"
"	69BA0CDE","	Chamber1","	1","	B01??(?)","	15.9","	2026-07-28 12:30:27"
"	69BA0CDE","	Chamber1","	1","	B01??(%RH)","	44.2","	2026-07-28 12:30:25"
"	69BA0CDE","	Chamber1","	1","	B01??(?)","	16","	2026-07-28 12:30:25"
"	69BA0CDE","	Chamber1","	1","	B01??(%RH)","	44","	2026-07-28 12:30:23"
"	69BA0CDE","	Chamber1","	1","	B01??(?)","	16","	2026-07-28 12:30:23"
"	69BA0CDE","	Chamber1","	1","	B01??(%RH)","	43.8","	2026-07-28 12:30:21"
"	69BA0CDE","	Chamber1","	1","	B01??(?)","	16.1","	2026-07-28 12:30:21"
"	69BA0CDE","	Chamber1","	1","	B01??(%RH)","	43.6","	2026-07-28 12:30:19"
"	69BA0CDE","	Chamber1","	1","	B01??(?)","	16.1","	2026-07-28 12:30:19"
"	69BA0CDE","	Chamber1","	1","	B01??(%RH)","	43.5","	2026-07-28 12:30:17"
"	69BA0CDE","	Chamber1","	1","	B01??(?)","	16.2","	2026-07-28 12:30:17"
"	69BA0CDE","	Chamber1","	1","	B01??(%RH)","	43.4","	2026-07-28 12:30:15"
"	69BA0CDE","	Chamber1","	1","	B01??(?)","	16.3","	2026-07-28 12:30:15"
"	69BA0CDE","	Chamber1","	1","	B01??(%RH)","	43.3","	2026-07-28 12:30:13"
"	69BA0CDE","	Chamber1","	1","	B01??(?)","	16.3","	2026-07-28 12:30:13"
"	69BA0CDE","	Chamber1","	1","	B01??(%RH)","	43.1","	2026-07-28 12:30:11"
"	69BA0CDE","	Chamber1","	1","	B01??(?)","	16.4","	2026-07-28 12:30:11"
"	69BA0CDE","	Chamber1","	1","	B01??(%RH)","	43","	2026-07-28 12:30:09"
"	69BA0CDE","	Chamber1","	1","	B01??(?)","	16.4","	2026-07-28 12:30:09"
"	69BA0CDE","	Chamber1","	1","	B01??(%RH)","	42.8","	2026-07-28 12:30:07"
"	69BA0CDE","	Chamber1","	1","	B01??(?)","	16.5","	2026-07-28 12:30:07"
"	69BA0CDE","	Chamber1","	1","	B01??(%RH)","	42.7","	2026-07-28 12:30:05"
"	69BA0CDE","	Chamber1","	1","	B01??(?)","	16.6","	2026-07-28 12:30:05"
"	69BA0CDE","	Chamber1","	1","	B01??(%RH)","	42.5","	2026-07-28 12:30:03"
"	69BA0CDE","	Chamber1","	1","	B01??(?)","	16.7","	2026-07-28 12:30:03"
"	69BA0CDE","	Chamber1","	1","	B01??(%RH)","	42.4","	2026-07-28 12:30:01"
"	69BA0CDE","	Chamber1","	1","	B01??(?)","	16.7","	2026-07-28 12:30:01"
"	69BA0CDE","	Chamber1","	1","	B01??(%RH)","	42.2","	2026-07-28 12:29:59"
"	69BA0CDE","	Chamber1","	1","	B01??(?)","	16.8","	2026-07-28 12:29:59"
"	69BA0CDE","	Chamber1","	1","	B01??(%RH)","	42.1","	2026-07-28 12:29:57"
"	69BA0CDE","	Chamber1","	1","	B01??(?)","	16.8","	2026-07-28 12:29:57"
"	69BA0CDE","	Chamber1","	1","	B01??(%RH)","	41.9","	2026-07-28 12:29:55"
"	69BA0CDE","	Chamber1","	1","	B01??(?)","	16.9","	2026-07-28 12:29:55"
"	69BA0CDE","	Chamber1","	1","	B01??(%RH)","	41.7","	2026-07-28 12:29:53"
"	69BA0CDE","	Chamber1","	1","	B01??(?)","	17","	2026-07-28 12:29:53"
"	69BA0CDE","	Chamber1","	1","	B01??(%RH)","	41.6","	2026-07-28 12:29:51"
"	69BA0CDE","	Chamber1","	1","	B01??(?)","	17.1","	2026-07-28 12:29:51"
"	69BA0CDE","	Chamber1","	1","	B01??(%RH)","	41.5","	2026-07-28 12:29:49"
"	69BA0CDE","	Chamber1","	1","	B01??(?)","	17.1","	2026-07-28 12:29:49"
"	69BA0CDE","	Chamber1","	1","	B01??(%RH)","	41.3","	2026-07-28 12:29:46"
"	69BA0CDE","	Chamber1","	1","	B01??(?)","	17.2","	2026-07-28 12:29:46"
"	69BA0CDE","	Chamber1","	1","	B01??(%RH)","	41.2","	2026-07-28 12:29:44"
"	69BA0CDE","	Chamber1","	1","	B01??(?)","	17.3","	2026-07-28 12:29:44"
"	69BA0CDE","	Chamber1","	1","	B01??(%RH)","	41","	2026-07-28 12:29:42"
"	69BA0CDE","	Chamber1","	1","	B01??(?)","	17.4","	2026-07-28 12:29:42"
"	69BA0CDE","	Chamber1","	1","	B01??(%RH)","	40.8","	2026-07-28 12:29:40"
"	69BA0CDE","	Chamber1","	1","	B01??(?)","	17.4","	2026-07-28 12:29:40"
"	69BA0CDE","	Chamber1","	1","	B01??(%RH)","	40.8","	2026-07-28 12:29:38"
"	69BA0CDE","	Chamber1","	1","	B01??(?)","	17.5","	2026-07-28 12:29:38"
"	69BA0CDE","	Chamber1","	1","	B01??(%RH)","	40.6","	2026-07-28 12:29:36"
"	69BA0CDE","	Chamber1","	1","	B01??(?)","	17.6","	2026-07-28 12:29:36"
"	69BA0CDE","	Chamber1","	1","	B01??(%RH)","	40.4","	2026-07-28 12:29:34"
"	69BA0CDE","	Chamber1","	1","	B01??(?)","	17.7","	2026-07-28 12:29:34"
"	69BA0CDE","	Chamber1","	1","	B01??(%RH)","	40.2","	2026-07-28 12:29:32"
"	69BA0CDE","	Chamber1","	1","	B01??(?)","	17.8","	2026-07-28 12:29:32"
"	69BA0CDE","	Chamber1","	1","	B01??(%RH)","	40.1","	2026-07-28 12:29:30"
"	69BA0CDE","	Chamber1","	1","	B01??(?)","	17.8","	2026-07-28 12:29:30"
"	69BA0CDE","	Chamber1","	1","	B01??(%RH)","	40","	2026-07-28 12:29:28"
"	69BA0CDE","	Chamber1","	1","	B01??(?)","	17.9","	2026-07-28 12:29:28"
"	69BA0CDE","	Chamber1","	1","	B01??(%RH)","	39.8","	2026-07-28 12:29:26"
"	69BA0CDE","	Chamber1","	1","	B01??(?)","	18","	2026-07-28 12:29:26"
"	69BA0CDE","	Chamber1","	1","	B01??(%RH)","	39.7","	2026-07-28 12:29:24"
"	69BA0CDE","	Chamber1","	1","	B01??(?)","	18.1","	2026-07-28 12:29:24"
"	69BA0CDE","	Chamber1","	1","	B01??(%RH)","	39.5","	2026-07-28 12:29:22"
"	69BA0CDE","	Chamber1","	1","	B01??(?)","	18.1","	2026-07-28 12:29:22"
"	69BA0CDE","	Chamber1","	1","	B01??(%RH)","	39.4","	2026-07-28 12:29:20"
"	69BA0CDE","	Chamber1","	1","	B01??(?)","	18.2","	2026-07-28 12:29:20"
"	69BA0CDE","	Chamber1","	1","	B01??(%RH)","	39.2","	2026-07-28 12:29:18"
"	69BA0CDE","	Chamber1","	1","	B01??(?)","	18.3","	2026-07-28 12:29:18"
"	69BA0CDE","	Chamber1","	1","	B01??(%RH)","	39.1","	2026-07-28 12:29:16"
"	69BA0CDE","	Chamber1","	1","	B01??(?)","	18.4","	2026-07-28 12:29:16"
"	69BA0CDE","	Chamber1","	1","	B01??(%RH)","	39","	2026-07-28 12:29:14"
"	69BA0CDE","	Chamber1","	1","	B01??(?)","	18.5","	2026-07-28 12:29:14"
"	69BA0CDE","	Chamber1","	1","	B01??(%RH)","	38.7","	2026-07-28 12:29:12"
"	69BA0CDE","	Chamber1","	1","	B01??(?)","	18.6","	2026-07-28 12:29:12"
"	69BA0CDE","	Chamber1","	1","	B01??(%RH)","	38.6","	2026-07-28 12:29:10"
"	69BA0CDE","	Chamber1","	1","	B01??(?)","	18.7","	2026-07-28 12:29:10"
"	69BA0CDE","	Chamber1","	1","	B01??(%RH)","	38.5","	2026-07-28 12:29:08"
"	69BA0CDE","	Chamber1","	1","	B01??(?)","	18.8","	2026-07-28 12:29:08"
"	69BA0CDE","	Chamber1","	1","	B01??(%RH)","	38.2","	2026-07-28 12:29:06"
"	69BA0CDE","	Chamber1","	1","	B01??(?)","	18.9","	2026-07-28 12:29:06"
"	69BA0CDE","	Chamber1","	1","	B01??(%RH)","	38.1","	2026-07-28 12:29:03"
"	69BA0CDE","	Chamber1","	1","	B01??(?)","	18.9","	2026-07-28 12:29:03"
"	69BA0CDE","	Chamber1","	1","	B01??(%RH)","	38","	2026-07-28 12:29:01"
"	69BA0CDE","	Chamber1","	1","	B01??(?)","	19","	2026-07-28 12:29:01"
"	69BA0CDE","	Chamber1","	1","	B01??(%RH)","	37.9","	2026-07-28 12:28:59"
"	69BA0CDE","	Chamber1","	1","	B01??(?)","	19.1","	2026-07-28 12:28:59"
"	69BA0CDE","	Chamber1","	1","	B01??(%RH)","	37.7","	2026-07-28 12:28:57"
"	69BA0CDE","	Chamber1","	1","	B01??(?)","	19.2","	2026-07-28 12:28:57"
"	69BA0CDE","	Chamber1","	1","	B01??(%RH)","	37.6","	2026-07-28 12:28:55"
"	69BA0CDE","	Chamber1","	1","	B01??(?)","	19.3","	2026-07-28 12:28:55"
"	69BA0CDE","	Chamber1","	1","	B01??(%RH)","	37.4","	2026-07-28 12:28:53"
"	69BA0CDE","	Chamber1","	1","	B01??(?)","	19.4","	2026-07-28 12:28:53"
"	69BA0CDE","	Chamber1","	1","	B01??(%RH)","	37.3","	2026-07-28 12:28:51"
"	69BA0CDE","	Chamber1","	1","	B01??(?)","	19.5","	2026-07-28 12:28:51"
"	69BA0CDE","	Chamber1","	1","	B01??(%RH)","	37.1","	2026-07-28 12:28:49"
"	69BA0CDE","	Chamber1","	1","	B01??(?)","	19.6","	2026-07-28 12:28:49"
"	69BA0CDE","	Chamber1","	1","	B01??(%RH)","	37","	2026-07-28 12:28:47"
"	69BA0CDE","	Chamber1","	1","	B01??(?)","	19.7","	2026-07-28 12:28:47"
"	69BA0CDE","	Chamber1","	1","	B01??(%RH)","	36.9","	2026-07-28 12:28:45"
"	69BA0CDE","	Chamber1","	1","	B01??(?)","	19.8","	2026-07-28 12:28:45"
"	69BA0CDE","	Chamber1","	1","	B01??(%RH)","	36.7","	2026-07-28 12:28:43"
"	69BA0CDE","	Chamber1","	1","	B01??(?)","	19.9","	2026-07-28 12:28:43"
"	69BA0CDE","	Chamber1","	1","	B01??(%RH)","	36.6","	2026-07-28 12:28:41"
"	69BA0CDE","	Chamber1","	1","	B01??(?)","	20","	2026-07-28 12:28:41"
"	69BA0CDE","	Chamber1","	1","	B01??(%RH)","	36.5","	2026-07-28 12:28:39"
"	69BA0CDE","	Chamber1","	1","	B01??(?)","	20.1","	2026-07-28 12:28:39"
"	69BA0CDE","	Chamber1","	1","	B01??(%RH)","	36.3","	2026-07-28 12:28:37"
"	69BA0CDE","	Chamber1","	1","	B01??(?)","	20.2","	2026-07-28 12:28:37"
"	69BA0CDE","	Chamber1","	1","	B01??(%RH)","	36.3","	2026-07-28 12:28:35"
"	69BA0CDE","	Chamber1","	1","	B01??(?)","	20.3","	2026-07-28 12:28:35"
"	69BA0CDE","	Chamber1","	1","	B01??(%RH)","	36.1","	2026-07-28 12:28:33"
"	69BA0CDE","	Chamber1","	1","	B01??(?)","	20.4","	2026-07-28 12:28:33"
"	69BA0CDE","	Chamber1","	1","	B01??(%RH)","	36.1","	2026-07-28 12:28:31"
"	69BA0CDE","	Chamber1","	1","	B01??(?)","	20.5","	2026-07-28 12:28:31"
"	69BA0CDE","	Chamber1","	1","	B01??(%RH)","	35.9","	2026-07-28 12:28:29"
"	69BA0CDE","	Chamber1","	1","	B01??(?)","	20.6","	2026-07-28 12:28:29"
"	69BA0CDE","	Chamber1","	1","	B01??(%RH)","	35.8","	2026-07-28 12:28:27"
"	69BA0CDE","	Chamber1","	1","	B01??(?)","	20.7","	2026-07-28 12:28:27"
"	69BA0CDE","	Chamber1","	1","	B01??(%RH)","	35.7","	2026-07-28 12:28:25"
"	69BA0CDE","	Chamber1","	1","	B01??(?)","	20.8","	2026-07-28 12:28:25"
"	69BA0CDE","	Chamber1","	1","	B01??(%RH)","	35.6","	2026-07-28 12:28:23"
"	69BA0CDE","	Chamber1","	1","	B01??(?)","	20.9","	2026-07-28 12:28:23"
"	69BA0CDE","	Chamber1","	1","	B01??(%RH)","	35.6","	2026-07-28 12:28:20"
"	69BA0CDE","	Chamber1","	1","	B01??(?)","	21","	2026-07-28 12:28:20"
"	69BA0CDE","	Chamber1","	1","	B01??(%RH)","	35.6","	2026-07-28 12:28:18"
"	69BA0CDE","	Chamber1","	1","	B01??(?)","	21.1","	2026-07-28 12:28:18"
"	69BA0CDE","	Chamber1","	1","	B01??(%RH)","	35.6","	2026-07-28 12:28:16"
"	69BA0CDE","	Chamber1","	1","	B01??(?)","	21.2","	2026-07-28 12:28:16"
"	69BA0CDE","	Chamber1","	1","	B01??(%RH)","	35.6","	2026-07-28 12:28:14"
"	69BA0CDE","	Chamber1","	1","	B01??(?)","	21.3","	2026-07-28 12:28:14"
"	69BA0CDE","	Chamber1","	1","	B01??(%RH)","	35.6","	2026-07-28 12:28:12"
"	69BA0CDE","	Chamber1","	1","	B01??(?)","	21.4","	2026-07-28 12:28:12"
"	69BA0CDE","	Chamber1","	1","	B01??(?)","	21.5","	2026-07-28 12:28:10"
"	69BA0CDE","	Chamber1","	1","	B01??(%RH)","	35.6","	2026-07-28 12:28:10"
"	69BA0CDE","	Chamber1","	1","	B01??(%RH)","	35.7","	2026-07-28 12:28:08"
"	69BA0CDE","	Chamber1","	1","	B01??(?)","	21.6","	2026-07-28 12:28:08"
"	69BA0CDE","	Chamber1","	1","	B01??(%RH)","	35.8","	2026-07-28 12:28:06"
"	69BA0CDE","	Chamber1","	1","	B01??(?)","	21.6","	2026-07-28 12:28:06"
"	69BA0CDE","	Chamber1","	1","	B01??(%RH)","	35.9","	2026-07-28 12:28:04"
"	69BA0CDE","	Chamber1","	1","	B01??(?)","	21.7","	2026-07-28 12:28:04"
"	69BA0CDE","	Chamber1","	1","	B01??(%RH)","	36.2","	2026-07-28 12:28:02"
"	69BA0CDE","	Chamber1","	1","	B01??(?)","	21.8","	2026-07-28 12:28:02"
"	69BA0CDE","	Chamber1","	1","	B01??(%RH)","	36.5","	2026-07-28 12:28:00"
"	69BA0CDE","	Chamber1","	1","	B01??(?)","	21.8","	2026-07-28 12:28:00"
"	69BA0CDE","	Chamber1","	1","	B01??(%RH)","	36.9","	2026-07-28 12:27:58"
"	69BA0CDE","	Chamber1","	1","	B01??(?)","	21.9","	2026-07-28 12:27:58"
"	69BA0CDE","	Chamber1","	1","	B01??(%RH)","	37.5","	2026-07-28 12:27:56"
"	69BA0CDE","	Chamber1","	1","	B01??(?)","	22","	2026-07-28 12:27:56"
"	69BA0CDE","	Chamber1","	1","	B01??(%RH)","	38.3","	2026-07-28 12:27:54"
"	69BA0CDE","	Chamber1","	1","	B01??(?)","	22.1","	2026-07-28 12:27:54"
"	69BA0CDE","	Chamber1","	1","	B01??(%RH)","	39.3","	2026-07-28 12:27:52"
"	69BA0CDE","	Chamber1","	1","	B01??(?)","	22.1","	2026-07-28 12:27:52"
"	69BA0CDE","	Chamber1","	1","	B01??(%RH)","	40.8","	2026-07-28 12:27:50"
"	69BA0CDE","	Chamber1","	1","	B01??(?)","	22.2","	2026-07-28 12:27:50"
"	69BA0CDE","	Chamber1","	1","	B01??(?)","	22.2","	2026-07-28 12:27:48"
"	69BA0CDE","	Chamber1","	1","	B01??(%RH)","	43","	2026-07-28 12:27:48"
"	69BA0CDE","	Chamber1","	1","	B01??(?)","	22.2","	2026-07-28 12:27:46"
"	69BA0CDE","	Chamber1","	1","	B01??(%RH)","	46.3","	2026-07-28 12:27:46"
"	69BA0CDE","	Chamber1","	1","	B01??(%RH)","	53.5","	2026-07-28 12:27:44"
"	69BA0CDE","	Chamber1","	1","	B01??(?)","	22.3","	2026-07-28 12:27:44"
"	69BA0CDE","	Chamber1","	1","	B01??(%RH)","	59.8","	2026-07-28 12:27:42"
"	69BA0CDE","	Chamber1","	1","	B01??(?)","	22.3","	2026-07-28 12:27:42"
"	69BA0CDE","	Chamber1","	1","	B01??(%RH)","	67.1","	2026-07-28 12:27:40"
"	69BA0CDE","	Chamber1","	1","	B01??(?)","	22.4","	2026-07-28 12:27:40"
"	69BA0CDE","	Chamber1","	1","	B01??(%RH)","	74.2","	2026-07-28 12:27:37"
"	69BA0CDE","	Chamber1","	1","	B01??(?)","	22.4","	2026-07-28 12:27:37"
"	69BA0CDE","	Chamber1","	1","	B01??(%RH)","	78.8","	2026-07-28 12:27:35"
"	69BA0CDE","	Chamber1","	1","	B01??(?)","	22.4","	2026-07-28 12:27:35"
"	69BA0CDE","	Chamber1","	1","	B01??(%RH)","	78.8","	2026-07-28 12:27:33"
"	69BA0CDE","	Chamber1","	1","	B01??(?)","	22.4","	2026-07-28 12:27:33"
"	69BA0CDE","	Chamber1","	1","	B01??(%RH)","	78.4","	2026-07-28 12:27:31"
"	69BA0CDE","	Chamber1","	1","	B01??(?)","	22.4","	2026-07-28 12:27:31"
"	69BA0CDE","	Chamber1","	1","	B01??(%RH)","	78","	2026-07-28 12:27:29"
"	69BA0CDE","	Chamber1","	1","	B01??(?)","	22.4","	2026-07-28 12:27:29"
"	69BA0CDE","	Chamber1","	1","	B01??(%RH)","	78","	2026-07-28 12:27:27"
"	69BA0CDE","	Chamber1","	1","	B01??(?)","	22.4","	2026-07-28 12:27:27"
"	69BA0CDE","	Chamber1","	1","	B01??(%RH)","	78.1","	2026-07-28 12:27:25"
"	69BA0CDE","	Chamber1","	1","	B01??(?)","	22.4","	2026-07-28 12:27:25"
"	69BA0CDE","	Chamber1","	1","	B01??(%RH)","	78.2","	2026-07-28 12:27:23"
"	69BA0CDE","	Chamber1","	1","	B01??(?)","	22.5","	2026-07-28 12:27:23"
"	69BA0CDE","	Chamber1","	1","	B01??(%RH)","	78.4","	2026-07-28 12:27:21"
"	69BA0CDE","	Chamber1","	1","	B01??(?)","	22.4","	2026-07-28 12:27:21"
"	69BA0CDE","	Chamber1","	1","	B01??(%RH)","	78.5","	2026-07-28 12:27:19"
"	69BA0CDE","	Chamber1","	1","	B01??(?)","	22.4","	2026-07-28 12:27:19"
"	69BA0CDE","	Chamber1","	1","	B01??(%RH)","	78.6","	2026-07-28 12:27:17"
"	69BA0CDE","	Chamber1","	1","	B01??(?)","	22.4","	2026-07-28 12:27:17"
"	69BA0CDE","	Chamber1","	1","	B01??(%RH)","	78.6","	2026-07-28 12:27:15"
"	69BA0CDE","	Chamber1","	1","	B01??(?)","	22.4","	2026-07-28 12:27:15"
"	69BA0CDE","	Chamber1","	1","	B01??(%RH)","	78.7","	2026-07-28 12:27:13"
"	69BA0CDE","	Chamber1","	1","	B01??(?)","	22.4","	2026-07-28 12:27:13"
"	69BA0CDE","	Chamber1","	1","	B01??(%RH)","	78.8","	2026-07-28 12:27:11"
"	69BA0CDE","	Chamber1","	1","	B01??(?)","	22.4","	2026-07-28 12:27:11"
"	69BA0CDE","	Chamber1","	1","	B01??(%RH)","	79","	2026-07-28 12:27:09"
"	69BA0CDE","	Chamber1","	1","	B01??(?)","	22.4","	2026-07-28 12:27:09"
"	69BA0CDE","	Chamber1","	1","	B01??(%RH)","	79","	2026-07-28 12:27:07"
"	69BA0CDE","	Chamber1","	1","	B01??(?)","	22.4","	2026-07-28 12:27:07"
"	69BA0CDE","	Chamber1","	1","	B01??(%RH)","	79.1","	2026-07-28 12:27:05"
"	69BA0CDE","	Chamber1","	1","	B01??(?)","	22.5","	2026-07-28 12:27:05"
"	69BA0CDE","	Chamber1","	1","	B01??(%RH)","	79.3","	2026-07-28 12:27:03"
"	69BA0CDE","	Chamber1","	1","	B01??(?)","	22.5","	2026-07-28 12:27:03"
"	69BA0CDE","	Chamber1","	1","	B01??(%RH)","	79.4","	2026-07-28 12:27:01"
"	69BA0CDE","	Chamber1","	1","	B01??(?)","	22.4","	2026-07-28 12:27:01"
"	69BA0CDE","	Chamber1","	1","	B01??(%RH)","	79.5","	2026-07-28 12:26:59"
"	69BA0CDE","	Chamber1","	1","	B01??(?)","	22.5","	2026-07-28 12:26:59"
"	69BA0CDE","	Chamber1","	1","	B01??(%RH)","	79.6","	2026-07-28 12:26:57"
"	69BA0CDE","	Chamber1","	1","	B01??(?)","	22.4","	2026-07-28 12:26:57"
"	69BA0CDE","	Chamber1","	1","	B01??(%RH)","	79.4","	2026-07-28 12:26:54"
"	69BA0CDE","	Chamber1","	1","	B01??(?)","	22.5","	2026-07-28 12:26:54"
"	69BA0CDE","	Chamber1","	1","	B01??(%RH)","	79.3","	2026-07-28 12:26:52"
"	69BA0CDE","	Chamber1","	1","	B01??(?)","	22.4","	2026-07-28 12:26:52"
"	69BA0CDE","	Chamber1","	1","	B01??(%RH)","	79.2","	2026-07-28 12:26:50"
"	69BA0CDE","	Chamber1","	1","	B01??(?)","	22.5","	2026-07-28 12:26:50"
"	69BA0CDE","	Chamber1","	1","	B01??(%RH)","	79.1","	2026-07-28 12:26:48"
"	69BA0CDE","	Chamber1","	1","	B01??(?)","	22.5","	2026-07-28 12:26:48"
"	69BA0CDE","	Chamber1","	1","	B01??(%RH)","	79","	2026-07-28 12:26:46"
"	69BA0CDE","	Chamber1","	1","	B01??(?)","	22.5","	2026-07-28 12:26:46"
"	69BA0CDE","	Chamber1","	1","	B01??(%RH)","	78.8","	2026-07-28 12:26:44"
"	69BA0CDE","	Chamber1","	1","	B01??(?)","	22.5","	2026-07-28 12:26:44"
"	69BA0CDE","	Chamber1","	1","	B01??(%RH)","	78.9","	2026-07-28 12:26:42"
"	69BA0CDE","	Chamber1","	1","	B01??(?)","	22.5","	2026-07-28 12:26:42"
"	69BA0CDE","	Chamber1","	1","	B01??(%RH)","	79.1","	2026-07-28 12:26:40"
"	69BA0CDE","	Chamber1","	1","	B01??(?)","	22.5","	2026-07-28 12:26:40"
"	69BA0CDE","	Chamber1","	1","	B01??(%RH)","	79.1","	2026-07-28 12:26:38"
"	69BA0CDE","	Chamber1","	1","	B01??(?)","	22.5","	2026-07-28 12:26:38"
"	69BA0CDE","	Chamber1","	1","	B01??(%RH)","	79.1","	2026-07-28 12:26:36"
"	69BA0CDE","	Chamber1","	1","	B01??(?)","	22.5","	2026-07-28 12:26:36"
"	69BA0CDE","	Chamber1","	1","	B01??(%RH)","	78.8","	2026-07-28 12:26:34"
"	69BA0CDE","	Chamber1","	1","	B01??(?)","	22.4","	2026-07-28 12:26:34"
"	69BA0CDE","	Chamber1","	1","	B01??(%RH)","	78.4","	2026-07-28 12:26:32"
"	69BA0CDE","	Chamber1","	1","	B01??(?)","	22.5","	2026-07-28 12:26:32"
"	69BA0CDE","	Chamber1","	1","	B01??(%RH)","	78.1","	2026-07-28 12:26:30"
"	69BA0CDE","	Chamber1","	1","	B01??(?)","	22.4","	2026-07-28 12:26:30"
"	69BA0CDE","	Chamber1","	1","	B01??(%RH)","	78.1","	2026-07-28 12:26:28"
"	69BA0CDE","	Chamber1","	1","	B01??(?)","	22.5","	2026-07-28 12:26:28"
"	69BA0CDE","	Chamber1","	1","	B01??(%RH)","	78.3","	2026-07-28 12:26:26"
"	69BA0CDE","	Chamber1","	1","	B01??(?)","	22.5","	2026-07-28 12:26:26"
"	69BA0CDE","	Chamber1","	1","	B01??(%RH)","	78.5","	2026-07-28 12:26:24"
"	69BA0CDE","	Chamber1","	1","	B01??(?)","	22.4","	2026-07-28 12:26:24"
"	69BA0CDE","	Chamber1","	1","	B01??(%RH)","	78.6","	2026-07-28 12:26:22"
"	69BA0CDE","	Chamber1","	1","	B01??(?)","	22.5","	2026-07-28 12:26:22"
"	69BA0CDE","	Chamber1","	1","	B01??(%RH)","	78.7","	2026-07-28 12:26:20"
"	69BA0CDE","	Chamber1","	1","	B01??(?)","	22.5","	2026-07-28 12:26:20"
"	69BA0CDE","	Chamber1","	1","	B01??(%RH)","	78.8","	2026-07-28 12:26:18"
"	69BA0CDE","	Chamber1","	1","	B01??(?)","	22.5","	2026-07-28 12:26:18"
"	69BA0CDE","	Chamber1","	1","	B01??(%RH)","	78.7","	2026-07-28 12:26:16"
"	69BA0CDE","	Chamber1","	1","	B01??(?)","	22.5","	2026-07-28 12:26:16"
"	69BA0CDE","	Chamber1","	1","	B01??(%RH)","	78.3","	2026-07-28 12:26:14"
"	69BA0CDE","	Chamber1","	1","	B01??(?)","	22.5","	2026-07-28 12:26:14"
"	69BA0CDE","	Chamber1","	1","	B01??(%RH)","	78.2","	2026-07-28 12:26:12"
"	69BA0CDE","	Chamber1","	1","	B01??(?)","	22.5","	2026-07-28 12:26:12"
"	69BA0CDE","	Chamber1","	1","	B01??(%RH)","	78.3","	2026-07-28 12:26:09"
"	69BA0CDE","	Chamber1","	1","	B01??(?)","	22.5","	2026-07-28 12:26:09"
"	69BA0CDE","	Chamber1","	1","	B01??(%RH)","	78.5","	2026-07-28 12:26:07"
"	69BA0CDE","	Chamber1","	1","	B01??(?)","	22.5","	2026-07-28 12:26:07"
"	69BA0CDE","	Chamber1","	1","	B01??(%RH)","	78.7","	2026-07-28 12:26:05"
"	69BA0CDE","	Chamber1","	1","	B01??(?)","	22.5","	2026-07-28 12:26:05"
"	69BA0CDE","	Chamber1","	1","	B01??(%RH)","	78.9","	2026-07-28 12:26:03"
"	69BA0CDE","	Chamber1","	1","	B01??(?)","	22.5","	2026-07-28 12:26:03"
"	69BA0CDE","	Chamber1","	1","	B01??(%RH)","	78.8","	2026-07-28 12:26:01"
"	69BA0CDE","	Chamber1","	1","	B01??(?)","	22.5","	2026-07-28 12:26:01"
"	69BA0CDE","	Chamber1","	1","	B01??(%RH)","	78.6","	2026-07-28 12:25:59"
"	69BA0CDE","	Chamber1","	1","	B01??(?)","	22.5","	2026-07-28 12:25:59"
"	69BA0CDE","	Chamber1","	1","	B01??(%RH)","	78.6","	2026-07-28 12:25:57"
"	69BA0CDE","	Chamber1","	1","	B01??(?)","	22.5","	2026-07-28 12:25:57"
"	69BA0CDE","	Chamber1","	1","	B01??(%RH)","	78.3","	2026-07-28 12:25:55"
"	69BA0CDE","	Chamber1","	1","	B01??(?)","	22.5","	2026-07-28 12:25:55"
"	69BA0CDE","	Chamber1","	1","	B01??(%RH)","	78","	2026-07-28 12:25:53"
"	69BA0CDE","	Chamber1","	1","	B01??(?)","	22.5","	2026-07-28 12:25:53"
"	69BA0CDE","	Chamber1","	1","	B01??(%RH)","	77.8","	2026-07-28 12:25:51"
"	69BA0CDE","	Chamber1","	1","	B01??(?)","	22.5","	2026-07-28 12:25:51"
"	69BA0CDE","	Chamber1","	1","	B01??(%RH)","	77.7","	2026-07-28 12:25:49"
"	69BA0CDE","	Chamber1","	1","	B01??(?)","	22.5","	2026-07-28 12:25:49"
"	69BA0CDE","	Chamber1","	1","	B01??(%RH)","	77.6","	2026-07-28 12:25:47"
"	69BA0CDE","	Chamber1","	1","	B01??(?)","	22.5","	2026-07-28 12:25:47"
"	69BA0CDE","	Chamber1","	1","	B01??(%RH)","	77.7","	2026-07-28 12:25:45"
"	69BA0CDE","	Chamber1","	1","	B01??(?)","	22.5","	2026-07-28 12:25:45"
"	69BA0CDE","	Chamber1","	1","	B01??(%RH)","	77.7","	2026-07-28 12:25:43"
"	69BA0CDE","	Chamber1","	1","	B01??(?)","	22.5","	2026-07-28 12:25:43"
"	69BA0CDE","	Chamber1","	1","	B01??(%RH)","	77.8","	2026-07-28 12:25:41"
"	69BA0CDE","	Chamber1","	1","	B01??(?)","	22.5","	2026-07-28 12:25:41"
"	69BA0CDE","	Chamber1","	1","	B01??(%RH)","	77.8","	2026-07-28 12:25:39"
"	69BA0CDE","	Chamber1","	1","	B01??(?)","	22.5","	2026-07-28 12:25:39"
"	69BA0CDE","	Chamber1","	1","	B01??(%RH)","	77.9","	2026-07-28 12:25:37"
"	69BA0CDE","	Chamber1","	1","	B01??(?)","	22.5","	2026-07-28 12:25:37"
"	69BA0CDE","	Chamber1","	1","	B01??(%RH)","	78","	2026-07-28 12:25:35"
"	69BA0CDE","	Chamber1","	1","	B01??(?)","	22.5","	2026-07-28 12:25:35"
"	69BA0CDE","	Chamber1","	1","	B01??(%RH)","	78","	2026-07-28 12:25:33"
"	69BA0CDE","	Chamber1","	1","	B01??(?)","	22.5","	2026-07-28 12:25:33"
"	69BA0CDE","	Chamber1","	1","	B01??(%RH)","	77.9","	2026-07-28 12:25:31"
"	69BA0CDE","	Chamber1","	1","	B01??(?)","	22.5","	2026-07-28 12:25:31"
"	69BA0CDE","	Chamber1","	1","	B01??(%RH)","	77.9","	2026-07-28 12:25:29"
"	69BA0CDE","	Chamber1","	1","	B01??(?)","	22.5","	2026-07-28 12:25:29"
"	69BA0CDE","	Chamber1","	1","	B01??(%RH)","	78","	2026-07-28 12:25:27"
"	69BA0CDE","	Chamber1","	1","	B01??(?)","	22.5","	2026-07-28 12:25:27"
"	69BA0CDE","	Chamber1","	1","	B01??(%RH)","	78.1","	2026-07-28 12:25:24"
"	69BA0CDE","	Chamber1","	1","	B01??(?)","	22.5","	2026-07-28 12:25:24"
"	69BA0CDE","	Chamber1","	1","	B01??(%RH)","	78.1","	2026-07-28 12:25:22"
"	69BA0CDE","	Chamber1","	1","	B01??(?)","	22.5","	2026-07-28 12:25:22"
"	69BA0CDE","	Chamber1","	1","	B01??(%RH)","	78.3","	2026-07-28 12:25:20"
"	69BA0CDE","	Chamber1","	1","	B01??(?)","	22.5","	2026-07-28 12:25:20"
"	69BA0CDE","	Chamber1","	1","	B01??(%RH)","	78.4","	2026-07-28 12:25:18"
"	69BA0CDE","	Chamber1","	1","	B01??(?)","	22.5","	2026-07-28 12:25:18"
"	69BA0CDE","	Chamber1","	1","	B01??(%RH)","	78.6","	2026-07-28 12:25:16"
"	69BA0CDE","	Chamber1","	1","	B01??(?)","	22.5","	2026-07-28 12:25:16"
"	69BA0CDE","	Chamber1","	1","	B01??(%RH)","	78.7","	2026-07-28 12:25:14"
"	69BA0CDE","	Chamber1","	1","	B01??(?)","	22.5","	2026-07-28 12:25:14"
"	69BA0CDE","	Chamber1","	1","	B01??(%RH)","	78.9","	2026-07-28 12:25:12"
"	69BA0CDE","	Chamber1","	1","	B01??(?)","	22.5","	2026-07-28 12:25:12"
"	69BA0CDE","	Chamber1","	1","	B01??(%RH)","	79","	2026-07-28 12:25:10"
"	69BA0CDE","	Chamber1","	1","	B01??(?)","	22.5","	2026-07-28 12:25:10"
"	69BA0CDE","	Chamber1","	1","	B01??(%RH)","	79","	2026-07-28 12:25:08"
"	69BA0CDE","	Chamber1","	1","	B01??(?)","	22.5","	2026-07-28 12:25:08"
"	69BA0CDE","	Chamber1","	1","	B01??(%RH)","	79.1","	2026-07-28 12:25:06"
"	69BA0CDE","	Chamber1","	1","	B01??(?)","	22.5","	2026-07-28 12:25:06"
"	69BA0CDE","	Chamber1","	1","	B01??(%RH)","	79.1","	2026-07-28 12:25:04"
"	69BA0CDE","	Chamber1","	1","	B01??(?)","	22.5","	2026-07-28 12:25:04"
"	69BA0CDE","	Chamber1","	1","	B01??(%RH)","	79","	2026-07-28 12:25:02"
"	69BA0CDE","	Chamber1","	1","	B01??(?)","	22.5","	2026-07-28 12:25:02"
"	69BA0CDE","	Chamber1","	1","	B01??(%RH)","	78.9","	2026-07-28 12:25:00"
"	69BA0CDE","	Chamber1","	1","	B01??(?)","	22.5","	2026-07-28 12:25:00"
"	69BA0CDE","	Chamber1","	1","	B01??(%RH)","	78.8","	2026-07-28 12:24:58"
"	69BA0CDE","	Chamber1","	1","	B01??(?)","	22.5","	2026-07-28 12:24:58"
"	69BA0CDE","	Chamber1","	1","	B01??(%RH)","	78.6","	2026-07-28 12:24:56"
"	69BA0CDE","	Chamber1","	1","	B01??(?)","	22.5","	2026-07-28 12:24:56"
"	69BA0CDE","	Chamber1","	1","	B01??(%RH)","	78.6","	2026-07-28 12:24:54"
"	69BA0CDE","	Chamber1","	1","	B01??(?)","	22.5","	2026-07-28 12:24:54"
"	69BA0CDE","	Chamber1","	1","	B01??(%RH)","	78.6","	2026-07-28 12:24:52"
"	69BA0CDE","	Chamber1","	1","	B01??(?)","	22.5","	2026-07-28 12:24:52"
"	69BA0CDE","	Chamber1","	1","	B01??(%RH)","	78.6","	2026-07-28 12:24:50"
"	69BA0CDE","	Chamber1","	1","	B01??(?)","	22.5","	2026-07-28 12:24:50"
"	69BA0CDE","	Chamber1","	1","	B01??(%RH)","	78.6","	2026-07-28 12:24:48"
"	69BA0CDE","	Chamber1","	1","	B01??(?)","	22.5","	2026-07-28 12:24:48"
"	69BA0CDE","	Chamber1","	1","	B01??(%RH)","	78.7","	2026-07-28 12:24:46"
"	69BA0CDE","	Chamber1","	1","	B01??(?)","	22.5","	2026-07-28 12:24:46"
"	69BA0CDE","	Chamber1","	1","	B01??(%RH)","	78.6","	2026-07-28 12:24:44"
"	69BA0CDE","	Chamber1","	1","	B01??(?)","	22.5","	2026-07-28 12:24:44"
"	69BA0CDE","	Chamber1","	1","	B01??(%RH)","	78.4","	2026-07-28 12:24:42"
"	69BA0CDE","	Chamber1","	1","	B01??(?)","	22.6","	2026-07-28 12:24:42"
"	69BA0CDE","	Chamber1","	1","	B01??(%RH)","	78.2","	2026-07-28 12:24:39"
"	69BA0CDE","	Chamber1","	1","	B01??(?)","	22.5","	2026-07-28 12:24:39"
"	69BA0CDE","	Chamber1","	1","	B01??(%RH)","	78.3","	2026-07-28 12:24:37"
"	69BA0CDE","	Chamber1","	1","	B01??(?)","	22.5","	2026-07-28 12:24:37"
"	69BA0CDE","	Chamber1","	1","	B01??(%RH)","	78.4","	2026-07-28 12:24:35"
"	69BA0CDE","	Chamber1","	1","	B01??(?)","	22.5","	2026-07-28 12:24:35"
"	69BA0CDE","	Chamber1","	1","	B01??(%RH)","	78.3","	2026-07-28 12:24:33"
"	69BA0CDE","	Chamber1","	1","	B01??(?)","	22.6","	2026-07-28 12:24:33"
"	69BA0CDE","	Chamber1","	1","	B01??(%RH)","	78.3","	2026-07-28 12:24:31"
"	69BA0CDE","	Chamber1","	1","	B01??(?)","	22.6","	2026-07-28 12:24:31"
"	69BA0CDE","	Chamber1","	1","	B01??(%RH)","	78.3","	2026-07-28 12:24:29"
"	69BA0CDE","	Chamber1","	1","	B01??(?)","	22.6","	2026-07-28 12:24:29"
"	69BA0CDE","	Chamber1","	1","	B01??(%RH)","	78.2","	2026-07-28 12:24:27"
"	69BA0CDE","	Chamber1","	1","	B01??(?)","	22.6","	2026-07-28 12:24:27"
"	69BA0CDE","	Chamber1","	1","	B01??(%RH)","	78.2","	2026-07-28 12:24:25"
"	69BA0CDE","	Chamber1","	1","	B01??(?)","	22.6","	2026-07-28 12:24:25"
"	69BA0CDE","	Chamber1","	1","	B01??(%RH)","	78.2","	2026-07-28 12:24:23"
"	69BA0CDE","	Chamber1","	1","	B01??(?)","	22.6","	2026-07-28 12:24:23"
"	69BA0CDE","	Chamber1","	1","	B01??(%RH)","	78.1","	2026-07-28 12:24:21"
"	69BA0CDE","	Chamber1","	1","	B01??(?)","	22.6","	2026-07-28 12:24:21"
"	69BA0CDE","	Chamber1","	1","	B01??(%RH)","	78.1","	2026-07-28 12:24:19"
"	69BA0CDE","	Chamber1","	1","	B01??(?)","	22.6","	2026-07-28 12:24:19"
"	69BA0CDE","	Chamber1","	1","	B01??(%RH)","	78","	2026-07-28 12:24:17"
"	69BA0CDE","	Chamber1","	1","	B01??(?)","	22.6","	2026-07-28 12:24:17"
"	69BA0CDE","	Chamber1","	1","	B01??(%RH)","	78","	2026-07-28 12:24:15"
"	69BA0CDE","	Chamber1","	1","	B01??(?)","	22.6","	2026-07-28 12:24:15"
"	69BA0CDE","	Chamber1","	1","	B01??(%RH)","	78","	2026-07-28 12:24:13"
"	69BA0CDE","	Chamber1","	1","	B01??(?)","	22.6","	2026-07-28 12:24:13"
"	69BA0CDE","	Chamber1","	1","	B01??(%RH)","	77.9","	2026-07-28 12:24:11"
"	69BA0CDE","	Chamber1","	1","	B01??(?)","	22.6","	2026-07-28 12:24:11"
"	69BA0CDE","	Chamber1","	1","	B01??(%RH)","	77.6","	2026-07-28 12:24:09"
"	69BA0CDE","	Chamber1","	1","	B01??(?)","	22.6","	2026-07-28 12:24:09"
"	69BA0CDE","	Chamber1","	1","	B01??(%RH)","	77.4","	2026-07-28 12:24:07"
"	69BA0CDE","	Chamber1","	1","	B01??(?)","	22.6","	2026-07-28 12:24:07"
"	69BA0CDE","	Chamber1","	1","	B01??(%RH)","	77.3","	2026-07-28 12:24:05"
"	69BA0CDE","	Chamber1","	1","	B01??(?)","	22.6","	2026-07-28 12:24:05"
"	69BA0CDE","	Chamber1","	1","	B01??(%RH)","	77.3","	2026-07-28 12:24:03"
"	69BA0CDE","	Chamber1","	1","	B01??(?)","	22.6","	2026-07-28 12:24:03"
"	69BA0CDE","	Chamber1","	1","	B01??(%RH)","	77.4","	2026-07-28 12:24:01"
"	69BA0CDE","	Chamber1","	1","	B01??(?)","	22.6","	2026-07-28 12:24:01"
"	69BA0CDE","	Chamber1","	1","	B01??(%RH)","	77.5","	2026-07-28 12:23:59"
"	69BA0CDE","	Chamber1","	1","	B01??(?)","	22.6","	2026-07-28 12:23:59"
"	69BA0CDE","	Chamber1","	1","	B01??(%RH)","	77.7","	2026-07-28 12:23:56"
"	69BA0CDE","	Chamber1","	1","	B01??(?)","	22.6","	2026-07-28 12:23:56"
"	69BA0CDE","	Chamber1","	1","	B01??(%RH)","	77.7","	2026-07-28 12:23:54"
"	69BA0CDE","	Chamber1","	1","	B01??(?)","	22.6","	2026-07-28 12:23:54"
"	69BA0CDE","	Chamber1","	1","	B01??(%RH)","	77.8","	2026-07-28 12:23:52"
"	69BA0CDE","	Chamber1","	1","	B01??(?)","	22.6","	2026-07-28 12:23:52"
"	69BA0CDE","	Chamber1","	1","	B01??(%RH)","	77.9","	2026-07-28 12:23:50"
"	69BA0CDE","	Chamber1","	1","	B01??(?)","	22.6","	2026-07-28 12:23:50"
"	69BA0CDE","	Chamber1","	1","	B01??(%RH)","	78","	2026-07-28 12:23:48"
"	69BA0CDE","	Chamber1","	1","	B01??(?)","	22.6","	2026-07-28 12:23:48"
"	69BA0CDE","	Chamber1","	1","	B01??(%RH)","	78.1","	2026-07-28 12:23:46"
"	69BA0CDE","	Chamber1","	1","	B01??(?)","	22.6","	2026-07-28 12:23:46"
"	69BA0CDE","	Chamber1","	1","	B01??(%RH)","	78.1","	2026-07-28 12:23:44"
"	69BA0CDE","	Chamber1","	1","	B01??(?)","	22.6","	2026-07-28 12:23:44"
"	69BA0CDE","	Chamber1","	1","	B01??(%RH)","	78","	2026-07-28 12:23:42"
"	69BA0CDE","	Chamber1","	1","	B01??(?)","	22.6","	2026-07-28 12:23:42"
"	69BA0CDE","	Chamber1","	1","	B01??(%RH)","	78","	2026-07-28 12:23:40"
"	69BA0CDE","	Chamber1","	1","	B01??(?)","	22.6","	2026-07-28 12:23:40"
"	69BA0CDE","	Chamber1","	1","	B01??(%RH)","	78","	2026-07-28 12:23:38"
"	69BA0CDE","	Chamber1","	1","	B01??(?)","	22.6","	2026-07-28 12:23:38"
"	69BA0CDE","	Chamber1","	1","	B01??(%RH)","	78.1","	2026-07-28 12:23:36"
"	69BA0CDE","	Chamber1","	1","	B01??(?)","	22.6","	2026-07-28 12:23:36"
"	69BA0CDE","	Chamber1","	1","	B01??(%RH)","	78.3","	2026-07-28 12:23:34"
"	69BA0CDE","	Chamber1","	1","	B01??(?)","	22.6","	2026-07-28 12:23:34"
"	69BA0CDE","	Chamber1","	1","	B01??(%RH)","	78.5","	2026-07-28 12:23:32"
"	69BA0CDE","	Chamber1","	1","	B01??(?)","	22.6","	2026-07-28 12:23:32"
"	69BA0CDE","	Chamber1","	1","	B01??(%RH)","	78.5","	2026-07-28 12:23:30"
"	69BA0CDE","	Chamber1","	1","	B01??(?)","	22.6","	2026-07-28 12:23:30"
"	69BA0CDE","	Chamber1","	1","	B01??(%RH)","	78.5","	2026-07-28 12:23:28"
"	69BA0CDE","	Chamber1","	1","	B01??(?)","	22.6","	2026-07-28 12:23:28"
"	69BA0CDE","	Chamber1","	1","	B01??(%RH)","	78.5","	2026-07-28 12:23:26"
"	69BA0CDE","	Chamber1","	1","	B01??(?)","	22.6","	2026-07-28 12:23:26"
"	69BA0CDE","	Chamber1","	1","	B01??(%RH)","	78.3","	2026-07-28 12:23:24"
"	69BA0CDE","	Chamber1","	1","	B01??(?)","	22.6","	2026-07-28 12:23:24"
"	69BA0CDE","	Chamber1","	1","	B01??(%RH)","	78.2","	2026-07-28 12:23:22"
"	69BA0CDE","	Chamber1","	1","	B01??(?)","	22.6","	2026-07-28 12:23:22"
"	69BA0CDE","	Chamber1","	1","	B01??(%RH)","	78.1","	2026-07-28 12:23:20"
"	69BA0CDE","	Chamber1","	1","	B01??(?)","	22.6","	2026-07-28 12:23:20"
"	69BA0CDE","	Chamber1","	1","	B01??(%RH)","	78.2","	2026-07-28 12:23:18"
"	69BA0CDE","	Chamber1","	1","	B01??(?)","	22.7","	2026-07-28 12:23:18"
"	69BA0CDE","	Chamber1","	1","	B01??(%RH)","	78.3","	2026-07-28 12:23:16"
"	69BA0CDE","	Chamber1","	1","	B01??(?)","	22.6","	2026-07-28 12:23:16"
"	69BA0CDE","	Chamber1","	1","	B01??(%RH)","	78.2","	2026-07-28 12:23:13"
"	69BA0CDE","	Chamber1","	1","	B01??(?)","	22.6","	2026-07-28 12:23:13"
"	69BA0CDE","	Chamber1","	1","	B01??(%RH)","	78.2","	2026-07-28 12:23:11"
"	69BA0CDE","	Chamber1","	1","	B01??(?)","	22.6","	2026-07-28 12:23:11"
"	69BA0CDE","	Chamber1","	1","	B01??(%RH)","	78.3","	2026-07-28 12:23:09"
"	69BA0CDE","	Chamber1","	1","	B01??(?)","	22.6","	2026-07-28 12:23:09"
"	69BA0CDE","	Chamber1","	1","	B01??(%RH)","	78.4","	2026-07-28 12:23:07"
"	69BA0CDE","	Chamber1","	1","	B01??(?)","	22.7","	2026-07-28 12:23:07"
"	69BA0CDE","	Chamber1","	1","	B01??(%RH)","	78.3","	2026-07-28 12:23:05"
"	69BA0CDE","	Chamber1","	1","	B01??(?)","	22.6","	2026-07-28 12:23:05"
"	69BA0CDE","	Chamber1","	1","	B01??(%RH)","	78","	2026-07-28 12:23:03"
"	69BA0CDE","	Chamber1","	1","	B01??(?)","	22.7","	2026-07-28 12:23:03"
"	69BA0CDE","	Chamber1","	1","	B01??(%RH)","	77.8","	2026-07-28 12:23:01"
"	69BA0CDE","	Chamber1","	1","	B01??(?)","	22.7","	2026-07-28 12:23:01"
"	69BA0CDE","	Chamber1","	1","	B01??(%RH)","	77.8","	2026-07-28 12:22:59"
"	69BA0CDE","	Chamber1","	1","	B01??(?)","	22.7","	2026-07-28 12:22:59"
"	69BA0CDE","	Chamber1","	1","	B01??(%RH)","	77.9","	2026-07-28 12:22:57"
"	69BA0CDE","	Chamber1","	1","	B01??(?)","	22.7","	2026-07-28 12:22:57"
"	69BA0CDE","	Chamber1","	1","	B01??(%RH)","	78.1","	2026-07-28 12:22:55"
"	69BA0CDE","	Chamber1","	1","	B01??(?)","	22.7","	2026-07-28 12:22:55"
"	69BA0CDE","	Chamber1","	1","	B01??(%RH)","	78.3","	2026-07-28 12:22:53"
"	69BA0CDE","	Chamber1","	1","	B01??(?)","	22.7","	2026-07-28 12:22:53"
"	69BA0CDE","	Chamber1","	1","	B01??(%RH)","	78.6","	2026-07-28 12:22:51"
"	69BA0CDE","	Chamber1","	1","	B01??(?)","	22.7","	2026-07-28 12:22:51"
"	69BA0CDE","	Chamber1","	1","	B01??(%RH)","	78.7","	2026-07-28 12:22:49"
"	69BA0CDE","	Chamber1","	1","	B01??(?)","	22.7","	2026-07-28 12:22:49"
"	69BA0CDE","	Chamber1","	1","	B01??(%RH)","	78.7","	2026-07-28 12:22:47"
"	69BA0CDE","	Chamber1","	1","	B01??(?)","	22.7","	2026-07-28 12:22:47"
"	69BA0CDE","	Chamber1","	1","	B01??(%RH)","	78.5","	2026-07-28 12:22:45"
"	69BA0CDE","	Chamber1","	1","	B01??(?)","	22.7","	2026-07-28 12:22:45"
"	69BA0CDE","	Chamber1","	1","	B01??(%RH)","	78.3","	2026-07-28 12:22:43"
"	69BA0CDE","	Chamber1","	1","	B01??(?)","	22.7","	2026-07-28 12:22:43"
"	69BA0CDE","	Chamber1","	1","	B01??(%RH)","	78.3","	2026-07-28 12:22:41"
"	69BA0CDE","	Chamber1","	1","	B01??(?)","	22.7","	2026-07-28 12:22:41"
"	69BA0CDE","	Chamber1","	1","	B01??(%RH)","	78.3","	2026-07-28 12:22:39"
"	69BA0CDE","	Chamber1","	1","	B01??(?)","	22.7","	2026-07-28 12:22:39"
"	69BA0CDE","	Chamber1","	1","	B01??(%RH)","	78.3","	2026-07-28 12:22:37"
"	69BA0CDE","	Chamber1","	1","	B01??(?)","	22.7","	2026-07-28 12:22:37"
"	69BA0CDE","	Chamber1","	1","	B01??(%RH)","	78.1","	2026-07-28 12:22:35"
"	69BA0CDE","	Chamber1","	1","	B01??(?)","	22.7","	2026-07-28 12:22:35"
"	69BA0CDE","	Chamber1","	1","	B01??(%RH)","	77.9","	2026-07-28 12:22:32"
"	69BA0CDE","	Chamber1","	1","	B01??(?)","	22.7","	2026-07-28 12:22:32"
"	69BA0CDE","	Chamber1","	1","	B01??(%RH)","	77.8","	2026-07-28 12:22:30"
"	69BA0CDE","	Chamber1","	1","	B01??(?)","	22.7","	2026-07-28 12:22:30"
"	69BA0CDE","	Chamber1","	1","	B01??(%RH)","	77.8","	2026-07-28 12:22:28"
"	69BA0CDE","	Chamber1","	1","	B01??(?)","	22.7","	2026-07-28 12:22:28"
"	69BA0CDE","	Chamber1","	1","	B01??(%RH)","	78","	2026-07-28 12:22:26"
"	69BA0CDE","	Chamber1","	1","	B01??(?)","	22.7","	2026-07-28 12:22:26"
"	69BA0CDE","	Chamber1","	1","	B01??(%RH)","	78.1","	2026-07-28 12:22:24"
"	69BA0CDE","	Chamber1","	1","	B01??(?)","	22.7","	2026-07-28 12:22:24"
"	69BA0CDE","	Chamber1","	1","	B01??(%RH)","	78.3","	2026-07-28 12:22:22"
"	69BA0CDE","	Chamber1","	1","	B01??(?)","	22.7","	2026-07-28 12:22:22"
"	69BA0CDE","	Chamber1","	1","	B01??(%RH)","	78.4","	2026-07-28 12:22:20"
"	69BA0CDE","	Chamber1","	1","	B01??(?)","	22.7","	2026-07-28 12:22:20"
"	69BA0CDE","	Chamber1","	1","	B01??(%RH)","	78.3","	2026-07-28 12:22:18"
"	69BA0CDE","	Chamber1","	1","	B01??(?)","	22.7","	2026-07-28 12:22:18"
"	69BA0CDE","	Chamber1","	1","	B01??(%RH)","	78.2","	2026-07-28 12:22:16"
"	69BA0CDE","	Chamber1","	1","	B01??(?)","	22.7","	2026-07-28 12:22:16"
"	69BA0CDE","	Chamber1","	1","	B01??(%RH)","	78.1","	2026-07-28 12:22:14"
"	69BA0CDE","	Chamber1","	1","	B01??(?)","	22.7","	2026-07-28 12:22:14"
"	69BA0CDE","	Chamber1","	1","	B01??(%RH)","	78","	2026-07-28 12:22:12"
"	69BA0CDE","	Chamber1","	1","	B01??(?)","	22.7","	2026-07-28 12:22:12"
"	69BA0CDE","	Chamber1","	1","	B01??(%RH)","	77.9","	2026-07-28 12:22:10"
"	69BA0CDE","	Chamber1","	1","	B01??(?)","	22.7","	2026-07-28 12:22:10"
"	69BA0CDE","	Chamber1","	1","	B01??(%RH)","	77.7","	2026-07-28 12:22:08"
"	69BA0CDE","	Chamber1","	1","	B01??(?)","	22.7","	2026-07-28 12:22:08"
"	69BA0CDE","	Chamber1","	1","	B01??(%RH)","	77.7","	2026-07-28 12:22:06"
"	69BA0CDE","	Chamber1","	1","	B01??(?)","	22.7","	2026-07-28 12:22:06"
"	69BA0CDE","	Chamber1","	1","	B01??(%RH)","	77.7","	2026-07-28 12:22:04"
"	69BA0CDE","	Chamber1","	1","	B01??(?)","	22.7","	2026-07-28 12:22:04"
"	69BA0CDE","	Chamber1","	1","	B01??(%RH)","	77.6","	2026-07-28 12:22:02"
"	69BA0CDE","	Chamber1","	1","	B01??(?)","	22.8","	2026-07-28 12:22:02"
"	69BA0CDE","	Chamber1","	1","	B01??(%RH)","	77.6","	2026-07-28 12:22:00"
"	69BA0CDE","	Chamber1","	1","	B01??(?)","	22.7","	2026-07-28 12:22:00"
"	69BA0CDE","	Chamber1","	1","	B01??(%RH)","	77.6","	2026-07-28 12:21:58"
"	69BA0CDE","	Chamber1","	1","	B01??(?)","	22.7","	2026-07-28 12:21:58"
"	69BA0CDE","	Chamber1","	1","	B01??(%RH)","	77.6","	2026-07-28 12:21:56"
"	69BA0CDE","	Chamber1","	1","	B01??(?)","	22.7","	2026-07-28 12:21:56"
"	69BA0CDE","	Chamber1","	1","	B01??(%RH)","	77.4","	2026-07-28 12:21:54"
"	69BA0CDE","	Chamber1","	1","	B01??(?)","	22.7","	2026-07-28 12:21:54"
"	69BA0CDE","	Chamber1","	1","	B01??(%RH)","	77.3","	2026-07-28 12:21:52"
"	69BA0CDE","	Chamber1","	1","	B01??(?)","	22.7","	2026-07-28 12:21:52"
"	69BA0CDE","	Chamber1","	1","	B01??(%RH)","	77.3","	2026-07-28 12:21:50"
"	69BA0CDE","	Chamber1","	1","	B01??(?)","	22.8","	2026-07-28 12:21:50"
"	69BA0CDE","	Chamber1","	1","	B01??(%RH)","	77.2","	2026-07-28 12:21:47"
"	69BA0CDE","	Chamber1","	1","	B01??(?)","	22.7","	2026-07-28 12:21:47"
"	69BA0CDE","	Chamber1","	1","	B01??(%RH)","	77.2","	2026-07-28 12:21:45"
"	69BA0CDE","	Chamber1","	1","	B01??(?)","	22.7","	2026-07-28 12:21:45"
"	69BA0CDE","	Chamber1","	1","	B01??(%RH)","	77.5","	2026-07-28 12:21:43"
"	69BA0CDE","	Chamber1","	1","	B01??(?)","	22.7","	2026-07-28 12:21:43"
"	69BA0CDE","	Chamber1","	1","	B01??(%RH)","	77.8","	2026-07-28 12:21:41"
"	69BA0CDE","	Chamber1","	1","	B01??(?)","	22.7","	2026-07-28 12:21:41"
"	69BA0CDE","	Chamber1","	1","	B01??(%RH)","	78","	2026-07-28 12:21:39"
"	69BA0CDE","	Chamber1","	1","	B01??(?)","	22.7","	2026-07-28 12:21:39"
"	69BA0CDE","	Chamber1","	1","	B01??(%RH)","	77.9","	2026-07-28 12:21:37"
"	69BA0CDE","	Chamber1","	1","	B01??(?)","	22.8","	2026-07-28 12:21:37"
"	69BA0CDE","	Chamber1","	1","	B01??(%RH)","	77.8","	2026-07-28 12:21:35"
"	69BA0CDE","	Chamber1","	1","	B01??(?)","	22.8","	2026-07-28 12:21:35"
"	69BA0CDE","	Chamber1","	1","	B01??(%RH)","	78","	2026-07-28 12:21:33"
"	69BA0CDE","	Chamber1","	1","	B01??(?)","	22.8","	2026-07-28 12:21:33"
"	69BA0CDE","	Chamber1","	1","	B01??(%RH)","	78.3","	2026-07-28 12:21:31"
"	69BA0CDE","	Chamber1","	1","	B01??(?)","	22.7","	2026-07-28 12:21:31"
"	69BA0CDE","	Chamber1","	1","	B01??(%RH)","	78.6","	2026-07-28 12:21:29"
"	69BA0CDE","	Chamber1","	1","	B01??(?)","	22.8","	2026-07-28 12:21:29"
"	69BA0CDE","	Chamber1","	1","	B01??(%RH)","	78.6","	2026-07-28 12:21:27"
"	69BA0CDE","	Chamber1","	1","	B01??(?)","	22.8","	2026-07-28 12:21:27"
"	69BA0CDE","	Chamber1","	1","	B01??(%RH)","	78.7","	2026-07-28 12:21:25"
"	69BA0CDE","	Chamber1","	1","	B01??(?)","	22.8","	2026-07-28 12:21:25"
"	69BA0CDE","	Chamber1","	1","	B01??(%RH)","	78.8","	2026-07-28 12:21:23"
"	69BA0CDE","	Chamber1","	1","	B01??(?)","	22.8","	2026-07-28 12:21:23"
"	69BA0CDE","	Chamber1","	1","	B01??(%RH)","	78.9","	2026-07-28 12:21:21"
"	69BA0CDE","	Chamber1","	1","	B01??(?)","	22.8","	2026-07-28 12:21:21"
"	69BA0CDE","	Chamber1","	1","	B01??(%RH)","	79","	2026-07-28 12:21:19"
"	69BA0CDE","	Chamber1","	1","	B01??(?)","	22.8","	2026-07-28 12:21:19"
"	69BA0CDE","	Chamber1","	1","	B01??(%RH)","	79.1","	2026-07-28 12:21:17"
"	69BA0CDE","	Chamber1","	1","	B01??(?)","	22.8","	2026-07-28 12:21:17"
"	69BA0CDE","	Chamber1","	1","	B01??(%RH)","	79.1","	2026-07-28 12:21:15"
"	69BA0CDE","	Chamber1","	1","	B01??(?)","	22.8","	2026-07-28 12:21:15"
"	69BA0CDE","	Chamber1","	1","	B01??(%RH)","	79.2","	2026-07-28 12:21:13"
"	69BA0CDE","	Chamber1","	1","	B01??(?)","	22.8","	2026-07-28 12:21:13"
"	69BA0CDE","	Chamber1","	1","	B01??(%RH)","	79.2","	2026-07-28 12:21:11"
"	69BA0CDE","	Chamber1","	1","	B01??(?)","	22.8","	2026-07-28 12:21:11"
"	69BA0CDE","	Chamber1","	1","	B01??(%RH)","	79.2","	2026-07-28 12:21:09"
"	69BA0CDE","	Chamber1","	1","	B01??(?)","	22.8","	2026-07-28 12:21:09"
"	69BA0CDE","	Chamber1","	1","	B01??(%RH)","	79","	2026-07-28 12:21:07"
"	69BA0CDE","	Chamber1","	1","	B01??(?)","	22.8","	2026-07-28 12:21:07"
"	69BA0CDE","	Chamber1","	1","	B01??(%RH)","	78.9","	2026-07-28 12:21:05"
"	69BA0CDE","	Chamber1","	1","	B01??(?)","	22.8","	2026-07-28 12:21:05"
"	69BA0CDE","	Chamber1","	1","	B01??(%RH)","	78.9","	2026-07-28 12:21:02"
"	69BA0CDE","	Chamber1","	1","	B01??(?)","	22.8","	2026-07-28 12:21:02"
"	69BA0CDE","	Chamber1","	1","	B01??(%RH)","	78.8","	2026-07-28 12:21:00"
"	69BA0CDE","	Chamber1","	1","	B01??(?)","	22.8","	2026-07-28 12:21:00"
"	69BA0CDE","	Chamber1","	1","	B01??(%RH)","	78.7","	2026-07-28 12:20:58"
"	69BA0CDE","	Chamber1","	1","	B01??(?)","	22.8","	2026-07-28 12:20:58"
"	69BA0CDE","	Chamber1","	1","	B01??(%RH)","	78.7","	2026-07-28 12:20:56"
"	69BA0CDE","	Chamber1","	1","	B01??(?)","	22.8","	2026-07-28 12:20:56"
"	69BA0CDE","	Chamber1","	1","	B01??(%RH)","	78.6","	2026-07-28 12:20:54"
"	69BA0CDE","	Chamber1","	1","	B01??(?)","	22.8","	2026-07-28 12:20:54"
"	69BA0CDE","	Chamber1","	1","	B01??(%RH)","	78.5","	2026-07-28 12:20:52"
"	69BA0CDE","	Chamber1","	1","	B01??(?)","	22.8","	2026-07-28 12:20:52"
"	69BA0CDE","	Chamber1","	1","	B01??(%RH)","	78.6","	2026-07-28 12:20:50"
"	69BA0CDE","	Chamber1","	1","	B01??(?)","	22.8","	2026-07-28 12:20:50"
"	69BA0CDE","	Chamber1","	1","	B01??(%RH)","	78.7","	2026-07-28 12:20:48"
"	69BA0CDE","	Chamber1","	1","	B01??(?)","	22.8","	2026-07-28 12:20:48"
"	69BA0CDE","	Chamber1","	1","	B01??(%RH)","	79","	2026-07-28 12:20:46"
"	69BA0CDE","	Chamber1","	1","	B01??(?)","	22.8","	2026-07-28 12:20:46"
"	69BA0CDE","	Chamber1","	1","	B01??(%RH)","	79.3","	2026-07-28 12:20:44"
"	69BA0CDE","	Chamber1","	1","	B01??(?)","	22.8","	2026-07-28 12:20:44"
"	69BA0CDE","	Chamber1","	1","	B01??(%RH)","	79.6","	2026-07-28 12:20:42"
"	69BA0CDE","	Chamber1","	1","	B01??(?)","	22.8","	2026-07-28 12:20:42"
"	69BA0CDE","	Chamber1","	1","	B01??(%RH)","	79.9","	2026-07-28 12:20:40"
"	69BA0CDE","	Chamber1","	1","	B01??(?)","	22.8","	2026-07-28 12:20:40"
"	69BA0CDE","	Chamber1","	1","	B01??(%RH)","	80.4","	2026-07-28 12:20:38"
"	69BA0CDE","	Chamber1","	1","	B01??(?)","	22.8","	2026-07-28 12:20:38"
"	69BA0CDE","	Chamber1","	1","	B01??(%RH)","	80.8","	2026-07-28 12:20:36"
"	69BA0CDE","	Chamber1","	1","	B01??(?)","	22.8","	2026-07-28 12:20:36"
"	69BA0CDE","	Chamber1","	1","	B01??(%RH)","	80.9","	2026-07-28 12:20:34"
"	69BA0CDE","	Chamber1","	1","	B01??(?)","	22.8","	2026-07-28 12:20:34"
"	69BA0CDE","	Chamber1","	1","	B01??(%RH)","	80.8","	2026-07-28 12:20:32"
"	69BA0CDE","	Chamber1","	1","	B01??(?)","	22.8","	2026-07-28 12:20:32"
"	69BA0CDE","	Chamber1","	1","	B01??(%RH)","	80.8","	2026-07-28 12:20:30"
"	69BA0CDE","	Chamber1","	1","	B01??(?)","	22.8","	2026-07-28 12:20:30"
"	69BA0CDE","	Chamber1","	1","	B01??(%RH)","	80.8","	2026-07-28 12:20:28"
"	69BA0CDE","	Chamber1","	1","	B01??(?)","	22.8","	2026-07-28 12:20:28"
"	69BA0CDE","	Chamber1","	1","	B01??(%RH)","	80.8","	2026-07-28 12:20:26"
"	69BA0CDE","	Chamber1","	1","	B01??(?)","	22.8","	2026-07-28 12:20:26"
"	69BA0CDE","	Chamber1","	1","	B01??(%RH)","	80.8","	2026-07-28 12:20:24"
"	69BA0CDE","	Chamber1","	1","	B01??(?)","	22.8","	2026-07-28 12:20:24"
"	69BA0CDE","	Chamber1","	1","	B01??(%RH)","	80.8","	2026-07-28 12:20:22"
"	69BA0CDE","	Chamber1","	1","	B01??(?)","	22.8","	2026-07-28 12:20:22"
"	69BA0CDE","	Chamber1","	1","	B01??(%RH)","	80.8","	2026-07-28 12:20:19"
"	69BA0CDE","	Chamber1","	1","	B01??(?)","	22.8","	2026-07-28 12:20:19"
"	69BA0CDE","	Chamber1","	1","	B01??(%RH)","	80.7","	2026-07-28 12:20:17"
"	69BA0CDE","	Chamber1","	1","	B01??(?)","	22.8","	2026-07-28 12:20:17"
"	69BA0CDE","	Chamber1","	1","	B01??(%RH)","	80.7","	2026-07-28 12:20:15"
"	69BA0CDE","	Chamber1","	1","	B01??(?)","	22.8","	2026-07-28 12:20:15"
"	69BA0CDE","	Chamber1","	1","	B01??(%RH)","	80.8","	2026-07-28 12:20:13"
"	69BA0CDE","	Chamber1","	1","	B01??(?)","	22.8","	2026-07-28 12:20:13"
"	69BA0CDE","	Chamber1","	1","	B01??(%RH)","	80.7","	2026-07-28 12:20:11"
"	69BA0CDE","	Chamber1","	1","	B01??(?)","	22.8","	2026-07-28 12:20:11"
"	69BA0CDE","	Chamber1","	1","	B01??(%RH)","	80.7","	2026-07-28 12:20:09"
"	69BA0CDE","	Chamber1","	1","	B01??(?)","	22.8","	2026-07-28 12:20:09"
"	69BA0CDE","	Chamber1","	1","	B01??(%RH)","	80.7","	2026-07-28 12:20:07"
"	69BA0CDE","	Chamber1","	1","	B01??(?)","	22.8","	2026-07-28 12:20:07"
"	69BA0CDE","	Chamber1","	1","	B01??(%RH)","	80.7","	2026-07-28 12:20:05"
"	69BA0CDE","	Chamber1","	1","	B01??(?)","	22.8","	2026-07-28 12:20:05"
"	69BA0CDE","	Chamber1","	1","	B01??(%RH)","	80.7","	2026-07-28 12:20:03"
"	69BA0CDE","	Chamber1","	1","	B01??(?)","	22.8","	2026-07-28 12:20:03"
"	69BA0CDE","	Chamber1","	1","	B01??(%RH)","	80.6","	2026-07-28 12:20:01"
"	69BA0CDE","	Chamber1","	1","	B01??(?)","	22.8","	2026-07-28 12:20:01"
"	69BA0CDE","	Chamber1","	1","	B01??(%RH)","	80.7","	2026-07-28 12:19:59"
"	69BA0CDE","	Chamber1","	1","	B01??(?)","	22.8","	2026-07-28 12:19:59"
"	69BA0CDE","	Chamber1","	1","	B01??(%RH)","	80.6","	2026-07-28 12:19:57"
"	69BA0CDE","	Chamber1","	1","	B01??(?)","	22.8","	2026-07-28 12:19:57"
"	69BA0CDE","	Chamber1","	1","	B01??(%RH)","	80.7","	2026-07-28 12:19:55"
"	69BA0CDE","	Chamber1","	1","	B01??(?)","	22.8","	2026-07-28 12:19:55"
"	69BA0CDE","	Chamber1","	1","	B01??(%RH)","	80.7","	2026-07-28 12:19:53"
"	69BA0CDE","	Chamber1","	1","	B01??(?)","	22.8","	2026-07-28 12:19:53"
"	69BA0CDE","	Chamber1","	1","	B01??(%RH)","	80.8","	2026-07-28 12:19:51"
"	69BA0CDE","	Chamber1","	1","	B01??(?)","	22.8","	2026-07-28 12:19:51"
"	69BA0CDE","	Chamber1","	1","	B01??(%RH)","	80.8","	2026-07-28 12:19:49"
"	69BA0CDE","	Chamber1","	1","	B01??(?)","	22.8","	2026-07-28 12:19:49"
"	69BA0CDE","	Chamber1","	1","	B01??(%RH)","	80.8","	2026-07-28 12:19:47"
"	69BA0CDE","	Chamber1","	1","	B01??(?)","	22.8","	2026-07-28 12:19:47"
"	69BA0CDE","	Chamber1","	1","	B01??(%RH)","	80.7","	2026-07-28 12:19:45"
"	69BA0CDE","	Chamber1","	1","	B01??(?)","	22.8","	2026-07-28 12:19:45"
"	69BA0CDE","	Chamber1","	1","	B01??(%RH)","	80.8","	2026-07-28 12:19:43"
"	69BA0CDE","	Chamber1","	1","	B01??(?)","	22.8","	2026-07-28 12:19:43"
"	69BA0CDE","	Chamber1","	1","	B01??(%RH)","	80.8","	2026-07-28 12:19:41"
"	69BA0CDE","	Chamber1","	1","	B01??(?)","	22.8","	2026-07-28 12:19:41"
"	69BA0CDE","	Chamber1","	1","	B01??(%RH)","	80.8","	2026-07-28 12:19:39"
"	69BA0CDE","	Chamber1","	1","	B01??(?)","	22.8","	2026-07-28 12:19:39"
"	69BA0CDE","	Chamber1","	1","	B01??(%RH)","	80.8","	2026-07-28 12:19:37"
"	69BA0CDE","	Chamber1","	1","	B01??(?)","	22.8","	2026-07-28 12:19:37"
"	69BA0CDE","	Chamber1","	1","	B01??(%RH)","	80.8","	2026-07-28 12:19:34"
"	69BA0CDE","	Chamber1","	1","	B01??(?)","	22.8","	2026-07-28 12:19:34"
"	69BA0CDE","	Chamber1","	1","	B01??(%RH)","	80.9","	2026-07-28 12:19:32"
"	69BA0CDE","	Chamber1","	1","	B01??(?)","	22.8","	2026-07-28 12:19:32"
"	69BA0CDE","	Chamber1","	1","	B01??(%RH)","	80.9","	2026-07-28 12:19:30"
"	69BA0CDE","	Chamber1","	1","	B01??(?)","	22.8","	2026-07-28 12:19:30"
"	69BA0CDE","	Chamber1","	1","	B01??(%RH)","	80.9","	2026-07-28 12:19:28"
"	69BA0CDE","	Chamber1","	1","	B01??(?)","	22.8","	2026-07-28 12:19:28"
"	69BA0CDE","	Chamber1","	1","	B01??(%RH)","	80.9","	2026-07-28 12:19:26"
"	69BA0CDE","	Chamber1","	1","	B01??(?)","	22.8","	2026-07-28 12:19:26"
"	69BA0CDE","	Chamber1","	1","	B01??(%RH)","	80.9","	2026-07-28 12:19:24"
"	69BA0CDE","	Chamber1","	1","	B01??(?)","	22.8","	2026-07-28 12:19:24"
"	69BA0CDE","	Chamber1","	1","	B01??(%RH)","	80.9","	2026-07-28 12:19:22"
"	69BA0CDE","	Chamber1","	1","	B01??(?)","	22.8","	2026-07-28 12:19:22"
"	69BA0CDE","	Chamber1","	1","	B01??(%RH)","	80.9","	2026-07-28 12:19:20"
"	69BA0CDE","	Chamber1","	1","	B01??(?)","	22.8","	2026-07-28 12:19:20"
"	69BA0CDE","	Chamber1","	1","	B01??(%RH)","	80.8","	2026-07-28 12:19:18"
"	69BA0CDE","	Chamber1","	1","	B01??(?)","	22.8","	2026-07-28 12:19:18"
"	69BA0CDE","	Chamber1","	1","	B01??(%RH)","	80.8","	2026-07-28 12:19:16"
"	69BA0CDE","	Chamber1","	1","	B01??(?)","	22.8","	2026-07-28 12:19:16"
"	69BA0CDE","	Chamber1","	1","	B01??(%RH)","	80.8","	2026-07-28 12:19:14"
"	69BA0CDE","	Chamber1","	1","	B01??(?)","	22.8","	2026-07-28 12:19:14"
"	69BA0CDE","	Chamber1","	1","	B01??(%RH)","	80.8","	2026-07-28 12:19:12"
"	69BA0CDE","	Chamber1","	1","	B01??(?)","	22.8","	2026-07-28 12:19:12"
"	69BA0CDE","	Chamber1","	1","	B01??(%RH)","	80.8","	2026-07-28 12:19:10"
"	69BA0CDE","	Chamber1","	1","	B01??(?)","	22.8","	2026-07-28 12:19:10"
"	69BA0CDE","	Chamber1","	1","	B01??(%RH)","	80.8","	2026-07-28 12:19:08"
"	69BA0CDE","	Chamber1","	1","	B01??(?)","	22.8","	2026-07-28 12:19:08"
"	69BA0CDE","	Chamber1","	1","	B01??(%RH)","	80.8","	2026-07-28 12:19:06"
"	69BA0CDE","	Chamber1","	1","	B01??(?)","	22.8","	2026-07-28 12:19:06"
"	69BA0CDE","	Chamber1","	1","	B01??(%RH)","	80.9","	2026-07-28 12:19:04"
"	69BA0CDE","	Chamber1","	1","	B01??(?)","	22.8","	2026-07-28 12:19:04"
"	69BA0CDE","	Chamber1","	1","	B01??(%RH)","	80.8","	2026-07-28 12:19:02"
"	69BA0CDE","	Chamber1","	1","	B01??(?)","	22.8","	2026-07-28 12:19:02"
"	69BA0CDE","	Chamber1","	1","	B01??(%RH)","	80.8","	2026-07-28 12:19:00"
"	69BA0CDE","	Chamber1","	1","	B01??(?)","	22.8","	2026-07-28 12:19:00"
"	69BA0CDE","	Chamber1","	1","	B01??(%RH)","	80.8","	2026-07-28 12:18:58"
"	69BA0CDE","	Chamber1","	1","	B01??(?)","	22.8","	2026-07-28 12:18:58"
"	69BA0CDE","	Chamber1","	1","	B01??(%RH)","	80.8","	2026-07-28 12:18:56"
"	69BA0CDE","	Chamber1","	1","	B01??(?)","	22.8","	2026-07-28 12:18:56"
"	69BA0CDE","	Chamber1","	1","	B01??(%RH)","	80.8","	2026-07-28 12:18:54"
"	69BA0CDE","	Chamber1","	1","	B01??(?)","	22.8","	2026-07-28 12:18:54"
"	69BA0CDE","	Chamber1","	1","	B01??(%RH)","	80.8","	2026-07-28 12:18:51"
"	69BA0CDE","	Chamber1","	1","	B01??(?)","	22.8","	2026-07-28 12:18:51"
"	69BA0CDE","	Chamber1","	1","	B01??(%RH)","	80.8","	2026-07-28 12:18:49"
"	69BA0CDE","	Chamber1","	1","	B01??(?)","	22.8","	2026-07-28 12:18:49"
"	69BA0CDE","	Chamber1","	1","	B01??(%RH)","	80.8","	2026-07-28 12:18:47"
"	69BA0CDE","	Chamber1","	1","	B01??(?)","	22.8","	2026-07-28 12:18:47"
"	69BA0CDE","	Chamber1","	1","	B01??(%RH)","	80.8","	2026-07-28 12:18:45"
"	69BA0CDE","	Chamber1","	1","	B01??(?)","	22.8","	2026-07-28 12:18:45"
"	69BA0CDE","	Chamber1","	1","	B01??(%RH)","	80.8","	2026-07-28 12:18:43"
"	69BA0CDE","	Chamber1","	1","	B01??(?)","	22.8","	2026-07-28 12:18:43"
"	69BA0CDE","	Chamber1","	1","	B01??(%RH)","	80.8","	2026-07-28 12:18:41"
"	69BA0CDE","	Chamber1","	1","	B01??(?)","	22.8","	2026-07-28 12:18:41"
"	69BA0CDE","	Chamber1","	1","	B01??(%RH)","	80.8","	2026-07-28 12:18:39"
"	69BA0CDE","	Chamber1","	1","	B01??(?)","	22.8","	2026-07-28 12:18:39"
"	69BA0CDE","	Chamber1","	1","	B01??(%RH)","	80.8","	2026-07-28 12:18:37"
"	69BA0CDE","	Chamber1","	1","	B01??(?)","	22.8","	2026-07-28 12:18:37"
"	69BA0CDE","	Chamber1","	1","	B01??(%RH)","	80.7","	2026-07-28 12:18:35"
"	69BA0CDE","	Chamber1","	1","	B01??(?)","	22.8","	2026-07-28 12:18:35"
"	69BA0CDE","	Chamber1","	1","	B01??(%RH)","	80.7","	2026-07-28 12:18:33"
"	69BA0CDE","	Chamber1","	1","	B01??(?)","	22.8","	2026-07-28 12:18:33"
"	69BA0CDE","	Chamber1","	1","	B01??(%RH)","	80.7","	2026-07-28 12:18:31"
"	69BA0CDE","	Chamber1","	1","	B01??(?)","	22.8","	2026-07-28 12:18:31"
"	69BA0CDE","	Chamber1","	1","	B01??(%RH)","	80.7","	2026-07-28 12:18:29"
"	69BA0CDE","	Chamber1","	1","	B01??(?)","	22.8","	2026-07-28 12:18:29"
"	69BA0CDE","	Chamber1","	1","	B01??(%RH)","	80.7","	2026-07-28 12:18:27"
"	69BA0CDE","	Chamber1","	1","	B01??(?)","	22.8","	2026-07-28 12:18:27"
"	69BA0CDE","	Chamber1","	1","	B01??(%RH)","	80.7","	2026-07-28 12:18:25"
"	69BA0CDE","	Chamber1","	1","	B01??(?)","	22.8","	2026-07-28 12:18:25"
"	69BA0CDE","	Chamber1","	1","	B01??(%RH)","	80.7","	2026-07-28 12:18:23"
"	69BA0CDE","	Chamber1","	1","	B01??(?)","	22.8","	2026-07-28 12:18:23"
"	69BA0CDE","	Chamber1","	1","	B01??(%RH)","	80.8","	2026-07-28 12:18:21"
"	69BA0CDE","	Chamber1","	1","	B01??(?)","	22.8","	2026-07-28 12:18:21"
"	69BA0CDE","	Chamber1","	1","	B01??(%RH)","	80.8","	2026-07-28 12:18:19"
"	69BA0CDE","	Chamber1","	1","	B01??(?)","	22.8","	2026-07-28 12:18:19"
"	69BA0CDE","	Chamber1","	1","	B01??(%RH)","	80.7","	2026-07-28 12:18:17"
"	69BA0CDE","	Chamber1","	1","	B01??(?)","	22.8","	2026-07-28 12:18:17"
"	69BA0CDE","	Chamber1","	1","	B01??(%RH)","	80.7","	2026-07-28 12:18:15"
"	69BA0CDE","	Chamber1","	1","	B01??(?)","	22.8","	2026-07-28 12:18:15"
"	69BA0CDE","	Chamber1","	1","	B01??(%RH)","	80.7","	2026-07-28 12:18:13"
"	69BA0CDE","	Chamber1","	1","	B01??(?)","	22.8","	2026-07-28 12:18:13"
"	69BA0CDE","	Chamber1","	1","	B01??(%RH)","	80.7","	2026-07-28 12:18:11"
"	69BA0CDE","	Chamber1","	1","	B01??(?)","	22.8","	2026-07-28 12:18:11"
"	69BA0CDE","	Chamber1","	1","	B01??(%RH)","	80.7","	2026-07-28 12:18:08"
"	69BA0CDE","	Chamber1","	1","	B01??(?)","	22.8","	2026-07-28 12:18:08"
"	69BA0CDE","	Chamber1","	1","	B01??(%RH)","	80.7","	2026-07-28 12:18:06"
"	69BA0CDE","	Chamber1","	1","	B01??(?)","	22.8","	2026-07-28 12:18:06"
"	69BA0CDE","	Chamber1","	1","	B01??(%RH)","	80.7","	2026-07-28 12:18:04"
"	69BA0CDE","	Chamber1","	1","	B01??(?)","	22.8","	2026-07-28 12:18:04"
"	69BA0CDE","	Chamber1","	1","	B01??(%RH)","	80.7","	2026-07-28 12:18:02"
"	69BA0CDE","	Chamber1","	1","	B01??(?)","	22.8","	2026-07-28 12:18:02"
"	69BA0CDE","	Chamber1","	1","	B01??(%RH)","	80.7","	2026-07-28 12:18:00"
"	69BA0CDE","	Chamber1","	1","	B01??(?)","	22.8","	2026-07-28 12:18:00"
"	69BA0CDE","	Chamber1","	1","	B01??(%RH)","	80.7","	2026-07-28 12:17:58"
"	69BA0CDE","	Chamber1","	1","	B01??(?)","	22.8","	2026-07-28 12:17:58"
"	69BA0CDE","	Chamber1","	1","	B01??(%RH)","	80.7","	2026-07-28 12:17:56"
"	69BA0CDE","	Chamber1","	1","	B01??(?)","	22.8","	2026-07-28 12:17:56"
"	69BA0CDE","	Chamber1","	1","	B01??(%RH)","	80.7","	2026-07-28 12:17:54"
"	69BA0CDE","	Chamber1","	1","	B01??(?)","	22.8","	2026-07-28 12:17:54"
"	69BA0CDE","	Chamber1","	1","	B01??(%RH)","	80.6","	2026-07-28 12:17:52"
"	69BA0CDE","	Chamber1","	1","	B01??(?)","	22.8","	2026-07-28 12:17:52"
"	69BA0CDE","	Chamber1","	1","	B01??(%RH)","	80.6","	2026-07-28 12:17:50"
"	69BA0CDE","	Chamber1","	1","	B01??(?)","	22.8","	2026-07-28 12:17:50"
"	69BA0CDE","	Chamber1","	1","	B01??(%RH)","	80.6","	2026-07-28 12:17:48"
"	69BA0CDE","	Chamber1","	1","	B01??(?)","	22.8","	2026-07-28 12:17:48"
"	69BA0CDE","	Chamber1","	1","	B01??(%RH)","	80.6","	2026-07-28 12:17:46"
"	69BA0CDE","	Chamber1","	1","	B01??(?)","	22.8","	2026-07-28 12:17:46"
"	69BA0CDE","	Chamber1","	1","	B01??(%RH)","	80.6","	2026-07-28 12:17:44"
"	69BA0CDE","	Chamber1","	1","	B01??(?)","	22.8","	2026-07-28 12:17:44"
"	69BA0CDE","	Chamber1","	1","	B01??(%RH)","	80.6","	2026-07-28 12:17:42"
"	69BA0CDE","	Chamber1","	1","	B01??(?)","	22.8","	2026-07-28 12:17:42"
"	69BA0CDE","	Chamber1","	1","	B01??(%RH)","	80.5","	2026-07-28 12:17:40"
"	69BA0CDE","	Chamber1","	1","	B01??(?)","	22.8","	2026-07-28 12:17:40"
"	69BA0CDE","	Chamber1","	1","	B01??(%RH)","	80.5","	2026-07-28 12:17:38"
"	69BA0CDE","	Chamber1","	1","	B01??(?)","	22.8","	2026-07-28 12:17:38"
"	69BA0CDE","	Chamber1","	1","	B01??(%RH)","	80.5","	2026-07-28 12:17:36"
"	69BA0CDE","	Chamber1","	1","	B01??(?)","	22.8","	2026-07-28 12:17:36"
"	69BA0CDE","	Chamber1","	1","	B01??(%RH)","	80.4","	2026-07-28 12:17:34"
"	69BA0CDE","	Chamber1","	1","	B01??(?)","	22.8","	2026-07-28 12:17:34"
"	69BA0CDE","	Chamber1","	1","	B01??(%RH)","	80.4","	2026-07-28 12:17:32"
"	69BA0CDE","	Chamber1","	1","	B01??(?)","	22.8","	2026-07-28 12:17:32"
"	69BA0CDE","	Chamber1","	1","	B01??(%RH)","	80.4","	2026-07-28 12:17:30"
"	69BA0CDE","	Chamber1","	1","	B01??(?)","	22.8","	2026-07-28 12:17:30"
"	69BA0CDE","	Chamber1","	1","	B01??(%RH)","	80.5","	2026-07-28 12:17:27"
"	69BA0CDE","	Chamber1","	1","	B01??(?)","	22.8","	2026-07-28 12:17:27"
"	69BA0CDE","	Chamber1","	1","	B01??(%RH)","	80.5","	2026-07-28 12:17:25"
"	69BA0CDE","	Chamber1","	1","	B01??(?)","	22.8","	2026-07-28 12:17:25"
"	69BA0CDE","	Chamber1","	1","	B01??(%RH)","	80.5","	2026-07-28 12:17:23"
"	69BA0CDE","	Chamber1","	1","	B01??(?)","	22.8","	2026-07-28 12:17:23"
"	69BA0CDE","	Chamber1","	1","	B01??(%RH)","	80.5","	2026-07-28 12:17:21"
"	69BA0CDE","	Chamber1","	1","	B01??(?)","	22.8","	2026-07-28 12:17:21"
"	69BA0CDE","	Chamber1","	1","	B01??(%RH)","	80.5","	2026-07-28 12:17:19"
"	69BA0CDE","	Chamber1","	1","	B01??(?)","	22.8","	2026-07-28 12:17:19"
"	69BA0CDE","	Chamber1","	1","	B01??(%RH)","	80.5","	2026-07-28 12:17:17"
"	69BA0CDE","	Chamber1","	1","	B01??(?)","	22.8","	2026-07-28 12:17:17"
"	69BA0CDE","	Chamber1","	1","	B01??(%RH)","	80.5","	2026-07-28 12:17:15"
"	69BA0CDE","	Chamber1","	1","	B01??(?)","	22.8","	2026-07-28 12:17:15"
"	69BA0CDE","	Chamber1","	1","	B01??(%RH)","	80.6","	2026-07-28 12:17:13"
"	69BA0CDE","	Chamber1","	1","	B01??(?)","	22.8","	2026-07-28 12:17:13"
"	69BA0CDE","	Chamber1","	1","	B01??(%RH)","	80.5","	2026-07-28 12:17:11"
"	69BA0CDE","	Chamber1","	1","	B01??(?)","	22.8","	2026-07-28 12:17:11"
"	69BA0CDE","	Chamber1","	1","	B01??(%RH)","	80.6","	2026-07-28 12:17:09"
"	69BA0CDE","	Chamber1","	1","	B01??(?)","	22.8","	2026-07-28 12:17:09"
"	69BA0CDE","	Chamber1","	1","	B01??(%RH)","	80.6","	2026-07-28 12:17:07"
"	69BA0CDE","	Chamber1","	1","	B01??(?)","	22.8","	2026-07-28 12:17:07"
"	69BA0CDE","	Chamber1","	1","	B01??(%RH)","	80.6","	2026-07-28 12:17:05"
"	69BA0CDE","	Chamber1","	1","	B01??(?)","	22.8","	2026-07-28 12:17:05"
"	69BA0CDE","	Chamber1","	1","	B01??(%RH)","	80.6","	2026-07-28 12:17:03"
"	69BA0CDE","	Chamber1","	1","	B01??(?)","	22.8","	2026-07-28 12:17:03"
"	69BA0CDE","	Chamber1","	1","	B01??(%RH)","	80.6","	2026-07-28 12:17:01"
"	69BA0CDE","	Chamber1","	1","	B01??(?)","	22.8","	2026-07-28 12:17:01"
"	69BA0CDE","	Chamber1","	1","	B01??(%RH)","	80.6","	2026-07-28 12:16:59"
"	69BA0CDE","	Chamber1","	1","	B01??(?)","	22.8","	2026-07-28 12:16:59"
"	69BA0CDE","	Chamber1","	1","	B01??(%RH)","	80.6","	2026-07-28 12:16:57"
"	69BA0CDE","	Chamber1","	1","	B01??(?)","	22.8","	2026-07-28 12:16:57"
"	69BA0CDE","	Chamber1","	1","	B01??(%RH)","	80.6","	2026-07-28 12:16:55"
"	69BA0CDE","	Chamber1","	1","	B01??(?)","	22.8","	2026-07-28 12:16:55"
"	69BA0CDE","	Chamber1","	1","	B01??(%RH)","	80.6","	2026-07-28 12:16:53"
"	69BA0CDE","	Chamber1","	1","	B01??(?)","	22.8","	2026-07-28 12:16:53"
"	69BA0CDE","	Chamber1","	1","	B01??(%RH)","	80.6","	2026-07-28 12:16:51"
"	69BA0CDE","	Chamber1","	1","	B01??(?)","	22.8","	2026-07-28 12:16:51"
"	69BA0CDE","	Chamber1","	1","	B01??(%RH)","	80.7","	2026-07-28 12:16:49"
"	69BA0CDE","	Chamber1","	1","	B01??(?)","	22.8","	2026-07-28 12:16:49"
"	69BA0CDE","	Chamber1","	1","	B01??(%RH)","	80.7","	2026-07-28 12:16:47"
"	69BA0CDE","	Chamber1","	1","	B01??(?)","	22.8","	2026-07-28 12:16:47"
"	69BA0CDE","	Chamber1","	1","	B01??(%RH)","	80.7","	2026-07-28 12:16:44"
"	69BA0CDE","	Chamber1","	1","	B01??(?)","	22.8","	2026-07-28 12:16:44"
"	69BA0CDE","	Chamber1","	1","	B01??(%RH)","	80.7","	2026-07-28 12:16:42"
"	69BA0CDE","	Chamber1","	1","	B01??(?)","	22.8","	2026-07-28 12:16:42"
"	69BA0CDE","	Chamber1","	1","	B01??(%RH)","	80.7","	2026-07-28 12:16:40"
"	69BA0CDE","	Chamber1","	1","	B01??(?)","	22.8","	2026-07-28 12:16:40"
"	69BA0CDE","	Chamber1","	1","	B01??(%RH)","	80.7","	2026-07-28 12:16:38"
"	69BA0CDE","	Chamber1","	1","	B01??(?)","	22.8","	2026-07-28 12:16:38"
"	69BA0CDE","	Chamber1","	1","	B01??(%RH)","	80.7","	2026-07-28 12:16:36"
"	69BA0CDE","	Chamber1","	1","	B01??(?)","	22.8","	2026-07-28 12:16:36"
"	69BA0CDE","	Chamber1","	1","	B01??(%RH)","	80.8","	2026-07-28 12:16:34"
"	69BA0CDE","	Chamber1","	1","	B01??(?)","	22.8","	2026-07-28 12:16:34"
"	69BA0CDE","	Chamber1","	1","	B01??(%RH)","	80.8","	2026-07-28 12:16:32"
"	69BA0CDE","	Chamber1","	1","	B01??(?)","	22.8","	2026-07-28 12:16:32"
"	69BA0CDE","	Chamber1","	1","	B01??(%RH)","	80.8","	2026-07-28 12:16:30"
"	69BA0CDE","	Chamber1","	1","	B01??(?)","	22.8","	2026-07-28 12:16:30"
"	69BA0CDE","	Chamber1","	1","	B01??(%RH)","	80.8","	2026-07-28 12:16:28"
"	69BA0CDE","	Chamber1","	1","	B01??(?)","	22.8","	2026-07-28 12:16:28"
"	69BA0CDE","	Chamber1","	1","	B01??(%RH)","	80.8","	2026-07-28 12:16:26"
"	69BA0CDE","	Chamber1","	1","	B01??(?)","	22.8","	2026-07-28 12:16:26"
"	69BA0CDE","	Chamber1","	1","	B01??(%RH)","	80.9","	2026-07-28 12:16:24"
"	69BA0CDE","	Chamber1","	1","	B01??(?)","	22.8","	2026-07-28 12:16:24"
"	69BA0CDE","	Chamber1","	1","	B01??(%RH)","	80.9","	2026-07-28 12:16:22"
"	69BA0CDE","	Chamber1","	1","	B01??(?)","	22.8","	2026-07-28 12:16:22"
"	69BA0CDE","	Chamber1","	1","	B01??(%RH)","	80.9","	2026-07-28 12:16:20"
"	69BA0CDE","	Chamber1","	1","	B01??(?)","	22.8","	2026-07-28 12:16:20"
"	69BA0CDE","	Chamber1","	1","	B01??(%RH)","	80.9","	2026-07-28 12:16:18"
"	69BA0CDE","	Chamber1","	1","	B01??(?)","	22.8","	2026-07-28 12:16:18"
"	69BA0CDE","	Chamber1","	1","	B01??(%RH)","	81","	2026-07-28 12:16:16"
"	69BA0CDE","	Chamber1","	1","	B01??(?)","	22.8","	2026-07-28 12:16:16"
"	69BA0CDE","	Chamber1","	1","	B01??(%RH)","	80.9","	2026-07-28 12:16:14"
"	69BA0CDE","	Chamber1","	1","	B01??(?)","	22.8","	2026-07-28 12:16:14"
"	69BA0CDE","	Chamber1","	1","	B01??(%RH)","	80.9","	2026-07-28 12:16:12"
"	69BA0CDE","	Chamber1","	1","	B01??(?)","	22.8","	2026-07-28 12:16:12"
"	69BA0CDE","	Chamber1","	1","	B01??(%RH)","	80.9","	2026-07-28 12:16:10"
"	69BA0CDE","	Chamber1","	1","	B01??(?)","	22.8","	2026-07-28 12:16:10"
"	69BA0CDE","	Chamber1","	1","	B01??(%RH)","	80.9","	2026-07-28 12:16:08"
"	69BA0CDE","	Chamber1","	1","	B01??(?)","	22.8","	2026-07-28 12:16:08"
"	69BA0CDE","	Chamber1","	1","	B01??(%RH)","	80.9","	2026-07-28 12:16:06"
"	69BA0CDE","	Chamber1","	1","	B01??(?)","	22.8","	2026-07-28 12:16:06"
"	69BA0CDE","	Chamber1","	1","	B01??(%RH)","	80.9","	2026-07-28 12:16:04"
"	69BA0CDE","	Chamber1","	1","	B01??(?)","	22.8","	2026-07-28 12:16:04"
"	69BA0CDE","	Chamber1","	1","	B01??(%RH)","	80.9","	2026-07-28 12:16:01"
"	69BA0CDE","	Chamber1","	1","	B01??(?)","	22.8","	2026-07-28 12:16:01"
"	69BA0CDE","	Chamber1","	1","	B01??(%RH)","	80.9","	2026-07-28 12:15:59"
"	69BA0CDE","	Chamber1","	1","	B01??(?)","	22.8","	2026-07-28 12:15:59"
"	69BA0CDE","	Chamber1","	1","	B01??(%RH)","	80.9","	2026-07-28 12:15:57"
"	69BA0CDE","	Chamber1","	1","	B01??(?)","	22.8","	2026-07-28 12:15:57"
"	69BA0CDE","	Chamber1","	1","	B01??(%RH)","	80.9","	2026-07-28 12:15:55"
"	69BA0CDE","	Chamber1","	1","	B01??(?)","	22.8","	2026-07-28 12:15:55"
"	69BA0CDE","	Chamber1","	1","	B01??(%RH)","	80.9","	2026-07-28 12:15:53"
"	69BA0CDE","	Chamber1","	1","	B01??(?)","	22.8","	2026-07-28 12:15:53"
"	69BA0CDE","	Chamber1","	1","	B01??(%RH)","	80.9","	2026-07-28 12:15:51"
"	69BA0CDE","	Chamber1","	1","	B01??(?)","	22.8","	2026-07-28 12:15:51"
"	69BA0CDE","	Chamber1","	1","	B01??(%RH)","	80.8","	2026-07-28 12:15:49"
"	69BA0CDE","	Chamber1","	1","	B01??(?)","	22.8","	2026-07-28 12:15:49"
"	69BA0CDE","	Chamber1","	1","	B01??(%RH)","	80.7","	2026-07-28 12:15:47"
"	69BA0CDE","	Chamber1","	1","	B01??(?)","	22.8","	2026-07-28 12:15:47"
"	69BA0CDE","	Chamber1","	1","	B01??(%RH)","	80.7","	2026-07-28 12:15:45"
"	69BA0CDE","	Chamber1","	1","	B01??(?)","	22.8","	2026-07-28 12:15:45"
"	69BA0CDE","	Chamber1","	1","	B01??(%RH)","	80.7","	2026-07-28 12:15:43"
"	69BA0CDE","	Chamber1","	1","	B01??(?)","	22.8","	2026-07-28 12:15:43"
"	69BA0CDE","	Chamber1","	1","	B01??(%RH)","	80.7","	2026-07-28 12:15:41"
"	69BA0CDE","	Chamber1","	1","	B01??(?)","	22.8","	2026-07-28 12:15:41"
"	69BA0CDE","	Chamber1","	1","	B01??(%RH)","	80.7","	2026-07-28 12:15:39"
"	69BA0CDE","	Chamber1","	1","	B01??(?)","	22.8","	2026-07-28 12:15:39"
"	69BA0CDE","	Chamber1","	1","	B01??(%RH)","	80.7","	2026-07-28 12:15:37"
"	69BA0CDE","	Chamber1","	1","	B01??(?)","	22.8","	2026-07-28 12:15:37"
"	69BA0CDE","	Chamber1","	1","	B01??(%RH)","	80.6","	2026-07-28 12:15:35"
"	69BA0CDE","	Chamber1","	1","	B01??(?)","	22.8","	2026-07-28 12:15:35"
"	69BA0CDE","	Chamber1","	1","	B01??(%RH)","	80.6","	2026-07-28 12:15:33"
"	69BA0CDE","	Chamber1","	1","	B01??(?)","	22.8","	2026-07-28 12:15:33"
"	69BA0CDE","	Chamber1","	1","	B01??(%RH)","	80.6","	2026-07-28 12:15:31"
"	69BA0CDE","	Chamber1","	1","	B01??(?)","	22.8","	2026-07-28 12:15:31"
"	69BA0CDE","	Chamber1","	1","	B01??(%RH)","	80.5","	2026-07-28 12:15:29"
"	69BA0CDE","	Chamber1","	1","	B01??(?)","	22.8","	2026-07-28 12:15:29"
"	69BA0CDE","	Chamber1","	1","	B01??(%RH)","	80.5","	2026-07-28 12:15:27"
"	69BA0CDE","	Chamber1","	1","	B01??(?)","	22.8","	2026-07-28 12:15:27"
"	69BA0CDE","	Chamber1","	1","	B01??(%RH)","	80.5","	2026-07-28 12:15:25"
"	69BA0CDE","	Chamber1","	1","	B01??(?)","	22.8","	2026-07-28 12:15:25"
"	69BA0CDE","	Chamber1","	1","	B01??(%RH)","	80.5","	2026-07-28 12:15:23"
"	69BA0CDE","	Chamber1","	1","	B01??(?)","	22.8","	2026-07-28 12:15:23"
"	69BA0CDE","	Chamber1","	1","	B01??(%RH)","	80.5","	2026-07-28 12:15:20"
"	69BA0CDE","	Chamber1","	1","	B01??(?)","	22.8","	2026-07-28 12:15:20"
"	69BA0CDE","	Chamber1","	1","	B01??(%RH)","	80.5","	2026-07-28 12:15:18"
"	69BA0CDE","	Chamber1","	1","	B01??(?)","	22.8","	2026-07-28 12:15:18"
"	69BA0CDE","	Chamber1","	1","	B01??(%RH)","	80.6","	2026-07-28 12:15:16"
"	69BA0CDE","	Chamber1","	1","	B01??(?)","	22.8","	2026-07-28 12:15:16"
"	69BA0CDE","	Chamber1","	1","	B01??(%RH)","	80.6","	2026-07-28 12:15:14"
"	69BA0CDE","	Chamber1","	1","	B01??(?)","	22.8","	2026-07-28 12:15:14"
"	69BA0CDE","	Chamber1","	1","	B01??(%RH)","	80.6","	2026-07-28 12:15:12"
"	69BA0CDE","	Chamber1","	1","	B01??(?)","	22.8","	2026-07-28 12:15:12"
"	69BA0CDE","	Chamber1","	1","	B01??(%RH)","	80.6","	2026-07-28 12:15:10"
"	69BA0CDE","	Chamber1","	1","	B01??(?)","	22.8","	2026-07-28 12:15:10"
"	69BA0CDE","	Chamber1","	1","	B01??(%RH)","	80.6","	2026-07-28 12:15:08"
"	69BA0CDE","	Chamber1","	1","	B01??(?)","	22.8","	2026-07-28 12:15:08"
"	69BA0CDE","	Chamber1","	1","	B01??(%RH)","	80.6","	2026-07-28 12:15:06"
"	69BA0CDE","	Chamber1","	1","	B01??(?)","	22.8","	2026-07-28 12:15:06"
"	69BA0CDE","	Chamber1","	1","	B01??(%RH)","	80.7","	2026-07-28 12:15:04"
"	69BA0CDE","	Chamber1","	1","	B01??(?)","	22.8","	2026-07-28 12:15:04"
"	69BA0CDE","	Chamber1","	1","	B01??(%RH)","	80.6","	2026-07-28 12:15:02"
"	69BA0CDE","	Chamber1","	1","	B01??(?)","	22.8","	2026-07-28 12:15:02"
"	69BA0CDE","	Chamber1","	1","	B01??(%RH)","	80.7","	2026-07-28 12:15:00"
"	69BA0CDE","	Chamber1","	1","	B01??(?)","	22.8","	2026-07-28 12:15:00"
"	69BA0CDE","	Chamber1","	1","	B01??(%RH)","	80.7","	2026-07-28 12:14:58"
"	69BA0CDE","	Chamber1","	1","	B01??(?)","	22.8","	2026-07-28 12:14:58"
"	69BA0CDE","	Chamber1","	1","	B01??(%RH)","	80.7","	2026-07-28 12:14:56"
"	69BA0CDE","	Chamber1","	1","	B01??(?)","	22.8","	2026-07-28 12:14:56"
"	69BA0CDE","	Chamber1","	1","	B01??(%RH)","	80.7","	2026-07-28 12:14:54"
"	69BA0CDE","	Chamber1","	1","	B01??(?)","	22.8","	2026-07-28 12:14:54"
"	69BA0CDE","	Chamber1","	1","	B01??(%RH)","	80.7","	2026-07-28 12:14:52"
"	69BA0CDE","	Chamber1","	1","	B01??(?)","	22.8","	2026-07-28 12:14:52"
"	69BA0CDE","	Chamber1","	1","	B01??(%RH)","	80.7","	2026-07-28 12:14:50"
"	69BA0CDE","	Chamber1","	1","	B01??(?)","	22.8","	2026-07-28 12:14:50"
"	69BA0CDE","	Chamber1","	1","	B01??(%RH)","	80.8","	2026-07-28 12:14:48"
"	69BA0CDE","	Chamber1","	1","	B01??(?)","	22.8","	2026-07-28 12:14:48"
"	69BA0CDE","	Chamber1","	1","	B01??(%RH)","	80.8","	2026-07-28 12:14:46"
"	69BA0CDE","	Chamber1","	1","	B01??(?)","	22.8","	2026-07-28 12:14:46"
"	69BA0CDE","	Chamber1","	1","	B01??(%RH)","	80.8","	2026-07-28 12:14:44"
"	69BA0CDE","	Chamber1","	1","	B01??(?)","	22.9","	2026-07-28 12:14:44"
"	69BA0CDE","	Chamber1","	1","	B01??(%RH)","	80.8","	2026-07-28 12:14:42"
"	69BA0CDE","	Chamber1","	1","	B01??(?)","	22.8","	2026-07-28 12:14:42"
"	69BA0CDE","	Chamber1","	1","	B01??(%RH)","	80.8","	2026-07-28 12:14:40"
"	69BA0CDE","	Chamber1","	1","	B01??(?)","	22.8","	2026-07-28 12:14:40"
"	69BA0CDE","	Chamber1","	1","	B01??(%RH)","	80.8","	2026-07-28 12:14:38"
"	69BA0CDE","	Chamber1","	1","	B01??(?)","	22.8","	2026-07-28 12:14:38"
"	69BA0CDE","	Chamber1","	1","	B01??(%RH)","	80.8","	2026-07-28 12:14:35"
"	69BA0CDE","	Chamber1","	1","	B01??(?)","	22.8","	2026-07-28 12:14:35"
"	69BA0CDE","	Chamber1","	1","	B01??(%RH)","	80.8","	2026-07-28 12:14:33"
"	69BA0CDE","	Chamber1","	1","	B01??(?)","	22.8","	2026-07-28 12:14:33"
"	69BA0CDE","	Chamber1","	1","	B01??(%RH)","	80.7","	2026-07-28 12:14:31"
"	69BA0CDE","	Chamber1","	1","	B01??(?)","	22.8","	2026-07-28 12:14:31"
"	69BA0CDE","	Chamber1","	1","	B01??(%RH)","	80.7","	2026-07-28 12:14:29"
"	69BA0CDE","	Chamber1","	1","	B01??(?)","	22.8","	2026-07-28 12:14:29"
"	69BA0CDE","	Chamber1","	1","	B01??(%RH)","	80.7","	2026-07-28 12:14:27"
"	69BA0CDE","	Chamber1","	1","	B01??(?)","	22.8","	2026-07-28 12:14:27"
"	69BA0CDE","	Chamber1","	1","	B01??(%RH)","	80.6","	2026-07-28 12:14:25"
"	69BA0CDE","	Chamber1","	1","	B01??(?)","	22.8","	2026-07-28 12:14:25"
"	69BA0CDE","	Chamber1","	1","	B01??(%RH)","	80.6","	2026-07-28 12:14:23"
"	69BA0CDE","	Chamber1","	1","	B01??(?)","	22.8","	2026-07-28 12:14:23"
"	69BA0CDE","	Chamber1","	1","	B01??(%RH)","	80.5","	2026-07-28 12:14:21"
"	69BA0CDE","	Chamber1","	1","	B01??(?)","	22.8","	2026-07-28 12:14:21"
"	69BA0CDE","	Chamber1","	1","	B01??(%RH)","	80.5","	2026-07-28 12:14:19"
"	69BA0CDE","	Chamber1","	1","	B01??(?)","	22.8","	2026-07-28 12:14:19"
"	69BA0CDE","	Chamber1","	1","	B01??(%RH)","	80.5","	2026-07-28 12:14:17"
"	69BA0CDE","	Chamber1","	1","	B01??(?)","	22.8","	2026-07-28 12:14:17"
"	69BA0CDE","	Chamber1","	1","	B01??(%RH)","	80.5","	2026-07-28 12:14:15"
"	69BA0CDE","	Chamber1","	1","	B01??(?)","	22.8","	2026-07-28 12:14:15"
"	69BA0CDE","	Chamber1","	1","	B01??(%RH)","	80.6","	2026-07-28 12:14:13"
"	69BA0CDE","	Chamber1","	1","	B01??(?)","	22.8","	2026-07-28 12:14:13"
"	69BA0CDE","	Chamber1","	1","	B01??(%RH)","	80.6","	2026-07-28 12:14:11"
"	69BA0CDE","	Chamber1","	1","	B01??(?)","	22.8","	2026-07-28 12:14:11"
"	69BA0CDE","	Chamber1","	1","	B01??(%RH)","	80.7","	2026-07-28 12:14:09"
"	69BA0CDE","	Chamber1","	1","	B01??(?)","	22.8","	2026-07-28 12:14:09"
"	69BA0CDE","	Chamber1","	1","	B01??(%RH)","	80.7","	2026-07-28 12:14:07"
"	69BA0CDE","	Chamber1","	1","	B01??(?)","	22.8","	2026-07-28 12:14:07"
"	69BA0CDE","	Chamber1","	1","	B01??(%RH)","	80.8","	2026-07-28 12:14:05"
"	69BA0CDE","	Chamber1","	1","	B01??(?)","	22.8","	2026-07-28 12:14:05"
"	69BA0CDE","	Chamber1","	1","	B01??(%RH)","	80.8","	2026-07-28 12:14:03"
"	69BA0CDE","	Chamber1","	1","	B01??(?)","	22.8","	2026-07-28 12:14:03"
"	69BA0CDE","	Chamber1","	1","	B01??(%RH)","	80.8","	2026-07-28 12:14:01"
"	69BA0CDE","	Chamber1","	1","	B01??(?)","	22.8","	2026-07-28 12:14:01"
"	69BA0CDE","	Chamber1","	1","	B01??(%RH)","	80.8","	2026-07-28 12:13:59"
"	69BA0CDE","	Chamber1","	1","	B01??(?)","	22.8","	2026-07-28 12:13:59"
"	69BA0CDE","	Chamber1","	1","	B01??(%RH)","	80.9","	2026-07-28 12:13:57"
"	69BA0CDE","	Chamber1","	1","	B01??(?)","	22.8","	2026-07-28 12:13:57"
"	69BA0CDE","	Chamber1","	1","	B01??(%RH)","	80.9","	2026-07-28 12:13:55"
"	69BA0CDE","	Chamber1","	1","	B01??(?)","	22.8","	2026-07-28 12:13:55"
"	69BA0CDE","	Chamber1","	1","	B01??(%RH)","	81","	2026-07-28 12:13:52"
"	69BA0CDE","	Chamber1","	1","	B01??(?)","	22.8","	2026-07-28 12:13:52"
"	69BA0CDE","	Chamber1","	1","	B01??(%RH)","	80.9","	2026-07-28 12:13:50"
"	69BA0CDE","	Chamber1","	1","	B01??(?)","	22.8","	2026-07-28 12:13:50"
"	69BA0CDE","	Chamber1","	1","	B01??(%RH)","	80.9","	2026-07-28 12:13:48"
"	69BA0CDE","	Chamber1","	1","	B01??(?)","	22.8","	2026-07-28 12:13:48"
"	69BA0CDE","	Chamber1","	1","	B01??(%RH)","	80.9","	2026-07-28 12:13:46"
"	69BA0CDE","	Chamber1","	1","	B01??(?)","	22.8","	2026-07-28 12:13:46"
"	69BA0CDE","	Chamber1","	1","	B01??(%RH)","	80.9","	2026-07-28 12:13:44"
"	69BA0CDE","	Chamber1","	1","	B01??(?)","	22.8","	2026-07-28 12:13:44"
"	69BA0CDE","	Chamber1","	1","	B01??(%RH)","	80.9","	2026-07-28 12:13:42"
"	69BA0CDE","	Chamber1","	1","	B01??(?)","	22.8","	2026-07-28 12:13:42"
"	69BA0CDE","	Chamber1","	1","	B01??(%RH)","	80.9","	2026-07-28 12:13:40"
"	69BA0CDE","	Chamber1","	1","	B01??(?)","	22.8","	2026-07-28 12:13:40"
"	69BA0CDE","	Chamber1","	1","	B01??(%RH)","	80.9","	2026-07-28 12:13:38"
"	69BA0CDE","	Chamber1","	1","	B01??(?)","	22.8","	2026-07-28 12:13:38"
"	69BA0CDE","	Chamber1","	1","	B01??(%RH)","	80.9","	2026-07-28 12:13:36"
"	69BA0CDE","	Chamber1","	1","	B01??(?)","	22.8","	2026-07-28 12:13:36"
"	69BA0CDE","	Chamber1","	1","	B01??(%RH)","	80.9","	2026-07-28 12:13:34"
"	69BA0CDE","	Chamber1","	1","	B01??(?)","	22.8","	2026-07-28 12:13:34"
"	69BA0CDE","	Chamber1","	1","	B01??(%RH)","	80.9","	2026-07-28 12:13:32"
"	69BA0CDE","	Chamber1","	1","	B01??(?)","	22.8","	2026-07-28 12:13:32"
"	69BA0CDE","	Chamber1","	1","	B01??(%RH)","	80.9","	2026-07-28 12:13:30"
"	69BA0CDE","	Chamber1","	1","	B01??(?)","	22.8","	2026-07-28 12:13:30"
"	69BA0CDE","	Chamber1","	1","	B01??(%RH)","	80.9","	2026-07-28 12:13:28"
"	69BA0CDE","	Chamber1","	1","	B01??(?)","	22.8","	2026-07-28 12:13:28"
"	69BA0CDE","	Chamber1","	1","	B01??(%RH)","	80.9","	2026-07-28 12:13:26"
"	69BA0CDE","	Chamber1","	1","	B01??(?)","	22.8","	2026-07-28 12:13:26"
"	69BA0CDE","	Chamber1","	1","	B01??(%RH)","	80.9","	2026-07-28 12:13:24"
"	69BA0CDE","	Chamber1","	1","	B01??(?)","	22.8","	2026-07-28 12:13:24"
"	69BA0CDE","	Chamber1","	1","	B01??(%RH)","	80.9","	2026-07-28 12:13:22"
"	69BA0CDE","	Chamber1","	1","	B01??(?)","	22.8","	2026-07-28 12:13:22"
"	69BA0CDE","	Chamber1","	1","	B01??(%RH)","	80.9","	2026-07-28 12:13:20"
"	69BA0CDE","	Chamber1","	1","	B01??(?)","	22.8","	2026-07-28 12:13:20"
"	69BA0CDE","	Chamber1","	1","	B01??(%RH)","	80.9","	2026-07-28 12:13:18"
"	69BA0CDE","	Chamber1","	1","	B01??(?)","	22.8","	2026-07-28 12:13:18"
"	69BA0CDE","	Chamber1","	1","	B01??(%RH)","	80.9","	2026-07-28 12:13:16"
"	69BA0CDE","	Chamber1","	1","	B01??(?)","	22.8","	2026-07-28 12:13:16"
"	69BA0CDE","	Chamber1","	1","	B01??(%RH)","	80.9","	2026-07-28 12:13:14"
"	69BA0CDE","	Chamber1","	1","	B01??(?)","	22.8","	2026-07-28 12:13:14"
"	69BA0CDE","	Chamber1","	1","	B01??(%RH)","	80.9","	2026-07-28 12:13:12"
"	69BA0CDE","	Chamber1","	1","	B01??(?)","	22.8","	2026-07-28 12:13:12"
"	69BA0CDE","	Chamber1","	1","	B01??(%RH)","	80.9","	2026-07-28 12:13:09"
"	69BA0CDE","	Chamber1","	1","	B01??(?)","	22.8","	2026-07-28 12:13:09"
"	69BA0CDE","	Chamber1","	1","	B01??(%RH)","	80.9","	2026-07-28 12:13:07"
"	69BA0CDE","	Chamber1","	1","	B01??(?)","	22.8","	2026-07-28 12:13:07"
"	69BA0CDE","	Chamber1","	1","	B01??(%RH)","	80.9","	2026-07-28 12:13:05"
"	69BA0CDE","	Chamber1","	1","	B01??(?)","	22.8","	2026-07-28 12:13:05"
"	69BA0CDE","	Chamber1","	1","	B01??(%RH)","	80.9","	2026-07-28 12:13:03"
"	69BA0CDE","	Chamber1","	1","	B01??(?)","	22.8","	2026-07-28 12:13:03"
"	69BA0CDE","	Chamber1","	1","	B01??(%RH)","	80.9","	2026-07-28 12:13:01"
"	69BA0CDE","	Chamber1","	1","	B01??(?)","	22.8","	2026-07-28 12:13:01"
"	69BA0CDE","	Chamber1","	1","	B01??(%RH)","	80.9","	2026-07-28 12:12:59"
"	69BA0CDE","	Chamber1","	1","	B01??(?)","	22.8","	2026-07-28 12:12:59"
"	69BA0CDE","	Chamber1","	1","	B01??(%RH)","	80.9","	2026-07-28 12:12:57"
"	69BA0CDE","	Chamber1","	1","	B01??(?)","	22.8","	2026-07-28 12:12:57"
"	69BA0CDE","	Chamber1","	1","	B01??(%RH)","	80.8","	2026-07-28 12:12:55"
"	69BA0CDE","	Chamber1","	1","	B01??(?)","	22.8","	2026-07-28 12:12:55"
"	69BA0CDE","	Chamber1","	1","	B01??(%RH)","	80.8","	2026-07-28 12:12:53"
"	69BA0CDE","	Chamber1","	1","	B01??(?)","	22.8","	2026-07-28 12:12:53"
"	69BA0CDE","	Chamber1","	1","	B01??(%RH)","	80.8","	2026-07-28 12:12:51"
"	69BA0CDE","	Chamber1","	1","	B01??(?)","	22.8","	2026-07-28 12:12:51"
"	69BA0CDE","	Chamber1","	1","	B01??(%RH)","	80.8","	2026-07-28 12:12:49"
"	69BA0CDE","	Chamber1","	1","	B01??(?)","	22.8","	2026-07-28 12:12:49"
"	69BA0CDE","	Chamber1","	1","	B01??(%RH)","	80.7","	2026-07-28 12:12:47"
"	69BA0CDE","	Chamber1","	1","	B01??(?)","	22.8","	2026-07-28 12:12:47"
"	69BA0CDE","	Chamber1","	1","	B01??(%RH)","	80.8","	2026-07-28 12:12:45"
"	69BA0CDE","	Chamber1","	1","	B01??(?)","	22.8","	2026-07-28 12:12:45"
"	69BA0CDE","	Chamber1","	1","	B01??(%RH)","	80.7","	2026-07-28 12:12:43"
"	69BA0CDE","	Chamber1","	1","	B01??(?)","	22.8","	2026-07-28 12:12:43"
"	69BA0CDE","	Chamber1","	1","	B01??(%RH)","	80.7","	2026-07-28 12:12:41"
"	69BA0CDE","	Chamber1","	1","	B01??(?)","	22.8","	2026-07-28 12:12:41"
"	69BA0CDE","	Chamber1","	1","	B01??(%RH)","	80.7","	2026-07-28 12:12:39"
"	69BA0CDE","	Chamber1","	1","	B01??(?)","	22.8","	2026-07-28 12:12:39"
"	69BA0CDE","	Chamber1","	1","	B01??(%RH)","	80.7","	2026-07-28 12:12:37"
"	69BA0CDE","	Chamber1","	1","	B01??(?)","	22.8","	2026-07-28 12:12:37"
"	69BA0CDE","	Chamber1","	1","	B01??(%RH)","	80.7","	2026-07-28 12:12:35"
"	69BA0CDE","	Chamber1","	1","	B01??(?)","	22.8","	2026-07-28 12:12:35"
"	69BA0CDE","	Chamber1","	1","	B01??(%RH)","	80.8","	2026-07-28 12:12:33"
"	69BA0CDE","	Chamber1","	1","	B01??(?)","	22.8","	2026-07-28 12:12:33"
"	69BA0CDE","	Chamber1","	1","	B01??(%RH)","	80.8","	2026-07-28 12:12:31"
"	69BA0CDE","	Chamber1","	1","	B01??(?)","	22.8","	2026-07-28 12:12:31"
"	69BA0CDE","	Chamber1","	1","	B01??(%RH)","	80.8","	2026-07-28 12:12:28"
"	69BA0CDE","	Chamber1","	1","	B01??(?)","	22.8","	2026-07-28 12:12:28"
"	69BA0CDE","	Chamber1","	1","	B01??(%RH)","	80.8","	2026-07-28 12:12:26"
"	69BA0CDE","	Chamber1","	1","	B01??(?)","	22.8","	2026-07-28 12:12:26"
"	69BA0CDE","	Chamber1","	1","	B01??(%RH)","	80.8","	2026-07-28 12:12:24"
"	69BA0CDE","	Chamber1","	1","	B01??(?)","	22.8","	2026-07-28 12:12:24"
"	69BA0CDE","	Chamber1","	1","	B01??(%RH)","	80.7","	2026-07-28 12:12:22"
"	69BA0CDE","	Chamber1","	1","	B01??(?)","	22.8","	2026-07-28 12:12:22"
"	69BA0CDE","	Chamber1","	1","	B01??(%RH)","	80.7","	2026-07-28 12:12:20"
"	69BA0CDE","	Chamber1","	1","	B01??(?)","	22.8","	2026-07-28 12:12:20"
"	69BA0CDE","	Chamber1","	1","	B01??(%RH)","	80.7","	2026-07-28 12:12:18"
"	69BA0CDE","	Chamber1","	1","	B01??(?)","	22.8","	2026-07-28 12:12:18"
"	69BA0CDE","	Chamber1","	1","	B01??(%RH)","	80.7","	2026-07-28 12:12:16"
"	69BA0CDE","	Chamber1","	1","	B01??(?)","	22.8","	2026-07-28 12:12:16"
"	69BA0CDE","	Chamber1","	1","	B01??(%RH)","	80.7","	2026-07-28 12:12:14"
"	69BA0CDE","	Chamber1","	1","	B01??(?)","	22.8","	2026-07-28 12:12:14"
"	69BA0CDE","	Chamber1","	1","	B01??(%RH)","	80.7","	2026-07-28 12:12:12"
"	69BA0CDE","	Chamber1","	1","	B01??(?)","	22.8","	2026-07-28 12:12:12"
"	69BA0CDE","	Chamber1","	1","	B01??(%RH)","	80.7","	2026-07-28 12:12:10"
"	69BA0CDE","	Chamber1","	1","	B01??(?)","	22.8","	2026-07-28 12:12:10"
"	69BA0CDE","	Chamber1","	1","	B01??(%RH)","	80.7","	2026-07-28 12:12:08"
"	69BA0CDE","	Chamber1","	1","	B01??(?)","	22.8","	2026-07-28 12:12:08"
"	69BA0CDE","	Chamber1","	1","	B01??(%RH)","	80.7","	2026-07-28 12:12:06"
"	69BA0CDE","	Chamber1","	1","	B01??(?)","	22.8","	2026-07-28 12:12:06"
"	69BA0CDE","	Chamber1","	1","	B01??(%RH)","	80.8","	2026-07-28 12:12:04"
"	69BA0CDE","	Chamber1","	1","	B01??(?)","	22.8","	2026-07-28 12:12:04"
"	69BA0CDE","	Chamber1","	1","	B01??(%RH)","	80.8","	2026-07-28 12:12:02"
"	69BA0CDE","	Chamber1","	1","	B01??(?)","	22.8","	2026-07-28 12:12:02"
"	69BA0CDE","	Chamber1","	1","	B01??(%RH)","	80.8","	2026-07-28 12:12:00"
"	69BA0CDE","	Chamber1","	1","	B01??(?)","	22.8","	2026-07-28 12:12:00"
"	69BA0CDE","	Chamber1","	1","	B01??(%RH)","	80.8","	2026-07-28 12:11:58"
"	69BA0CDE","	Chamber1","	1","	B01??(?)","	22.8","	2026-07-28 12:11:58"
"	69BA0CDE","	Chamber1","	1","	B01??(%RH)","	80.8","	2026-07-28 12:11:56"
"	69BA0CDE","	Chamber1","	1","	B01??(?)","	22.8","	2026-07-28 12:11:56"
"	69BA0CDE","	Chamber1","	1","	B01??(%RH)","	80.9","	2026-07-28 12:11:54"
"	69BA0CDE","	Chamber1","	1","	B01??(?)","	22.8","	2026-07-28 12:11:54"
"	69BA0CDE","	Chamber1","	1","	B01??(%RH)","	80.9","	2026-07-28 12:11:52"
"	69BA0CDE","	Chamber1","	1","	B01??(?)","	22.8","	2026-07-28 12:11:52"
"	69BA0CDE","	Chamber1","	1","	B01??(%RH)","	80.9","	2026-07-28 12:11:50"
"	69BA0CDE","	Chamber1","	1","	B01??(?)","	22.8","	2026-07-28 12:11:50"
"	69BA0CDE","	Chamber1","	1","	B01??(%RH)","	80.9","	2026-07-28 12:11:48"
"	69BA0CDE","	Chamber1","	1","	B01??(?)","	22.8","	2026-07-28 12:11:48"
"	69BA0CDE","	Chamber1","	1","	B01??(%RH)","	80.9","	2026-07-28 12:11:46"
"	69BA0CDE","	Chamber1","	1","	B01??(?)","	22.8","	2026-07-28 12:11:46"
"	69BA0CDE","	Chamber1","	1","	B01??(%RH)","	80.9","	2026-07-28 12:11:43"
"	69BA0CDE","	Chamber1","	1","	B01??(?)","	22.8","	2026-07-28 12:11:43"
"	69BA0CDE","	Chamber1","	1","	B01??(%RH)","	80.9","	2026-07-28 12:11:41"
"	69BA0CDE","	Chamber1","	1","	B01??(?)","	22.8","	2026-07-28 12:11:41"
"	69BA0CDE","	Chamber1","	1","	B01??(%RH)","	80.9","	2026-07-28 12:11:39"
"	69BA0CDE","	Chamber1","	1","	B01??(?)","	22.8","	2026-07-28 12:11:39"
"	69BA0CDE","	Chamber1","	1","	B01??(%RH)","	80.9","	2026-07-28 12:11:37"
"	69BA0CDE","	Chamber1","	1","	B01??(?)","	22.8","	2026-07-28 12:11:37"
"	69BA0CDE","	Chamber1","	1","	B01??(%RH)","	80.9","	2026-07-28 12:11:35"
"	69BA0CDE","	Chamber1","	1","	B01??(?)","	22.8","	2026-07-28 12:11:35"
"	69BA0CDE","	Chamber1","	1","	B01??(%RH)","	80.9","	2026-07-28 12:11:33"
"	69BA0CDE","	Chamber1","	1","	B01??(?)","	22.8","	2026-07-28 12:11:33"
"	69BA0CDE","	Chamber1","	1","	B01??(%RH)","	80.8","	2026-07-28 12:11:31"
"	69BA0CDE","	Chamber1","	1","	B01??(?)","	22.8","	2026-07-28 12:11:31"
"	69BA0CDE","	Chamber1","	1","	B01??(%RH)","	80.8","	2026-07-28 12:11:29"
"	69BA0CDE","	Chamber1","	1","	B01??(?)","	22.8","	2026-07-28 12:11:29"
"	69BA0CDE","	Chamber1","	1","	B01??(%RH)","	80.8","	2026-07-28 12:11:27"
"	69BA0CDE","	Chamber1","	1","	B01??(?)","	22.8","	2026-07-28 12:11:27"
"	69BA0CDE","	Chamber1","	1","	B01??(%RH)","	80.8","	2026-07-28 12:11:25"
"	69BA0CDE","	Chamber1","	1","	B01??(?)","	22.8","	2026-07-28 12:11:25"
"	69BA0CDE","	Chamber1","	1","	B01??(%RH)","	80.8","	2026-07-28 12:11:23"
"	69BA0CDE","	Chamber1","	1","	B01??(?)","	22.8","	2026-07-28 12:11:23"
"	69BA0CDE","	Chamber1","	1","	B01??(%RH)","	80.8","	2026-07-28 12:11:21"
"	69BA0CDE","	Chamber1","	1","	B01??(?)","	22.8","	2026-07-28 12:11:21"
"	69BA0CDE","	Chamber1","	1","	B01??(%RH)","	80.8","	2026-07-28 12:11:19"
"	69BA0CDE","	Chamber1","	1","	B01??(?)","	22.8","	2026-07-28 12:11:19"
"	69BA0CDE","	Chamber1","	1","	B01??(%RH)","	80.8","	2026-07-28 12:11:17"
"	69BA0CDE","	Chamber1","	1","	B01??(?)","	22.8","	2026-07-28 12:11:17"
"	69BA0CDE","	Chamber1","	1","	B01??(%RH)","	80.7","	2026-07-28 12:11:15"
"	69BA0CDE","	Chamber1","	1","	B01??(?)","	22.8","	2026-07-28 12:11:15"
"	69BA0CDE","	Chamber1","	1","	B01??(%RH)","	80.6","	2026-07-28 12:11:13"
"	69BA0CDE","	Chamber1","	1","	B01??(?)","	22.8","	2026-07-28 12:11:13"
"	69BA0CDE","	Chamber1","	1","	B01??(%RH)","	80.6","	2026-07-28 12:11:11"
"	69BA0CDE","	Chamber1","	1","	B01??(?)","	22.8","	2026-07-28 12:11:11"
"	69BA0CDE","	Chamber1","	1","	B01??(%RH)","	80.5","	2026-07-28 12:11:09"
"	69BA0CDE","	Chamber1","	1","	B01??(?)","	22.8","	2026-07-28 12:11:09"
"	69BA0CDE","	Chamber1","	1","	B01??(%RH)","	80.5","	2026-07-28 12:11:07"
"	69BA0CDE","	Chamber1","	1","	B01??(?)","	22.8","	2026-07-28 12:11:07"
"	69BA0CDE","	Chamber1","	1","	B01??(%RH)","	80.5","	2026-07-28 12:11:05"
"	69BA0CDE","	Chamber1","	1","	B01??(?)","	22.8","	2026-07-28 12:11:05"
"	69BA0CDE","	Chamber1","	1","	B01??(%RH)","	80.5","	2026-07-28 12:11:03"
"	69BA0CDE","	Chamber1","	1","	B01??(?)","	22.8","	2026-07-28 12:11:03"
"	69BA0CDE","	Chamber1","	1","	B01??(%RH)","	80.5","	2026-07-28 12:11:01"
"	69BA0CDE","	Chamber1","	1","	B01??(?)","	22.8","	2026-07-28 12:11:01"
"	69BA0CDE","	Chamber1","	1","	B01??(%RH)","	80.6","	2026-07-28 12:10:58"
"	69BA0CDE","	Chamber1","	1","	B01??(?)","	22.8","	2026-07-28 12:10:58"
"	69BA0CDE","	Chamber1","	1","	B01??(%RH)","	80.6","	2026-07-28 12:10:56"
"	69BA0CDE","	Chamber1","	1","	B01??(?)","	22.8","	2026-07-28 12:10:56"
"	69BA0CDE","	Chamber1","	1","	B01??(%RH)","	80.6","	2026-07-28 12:10:54"
"	69BA0CDE","	Chamber1","	1","	B01??(?)","	22.8","	2026-07-28 12:10:54"
"	69BA0CDE","	Chamber1","	1","	B01??(%RH)","	80.6","	2026-07-28 12:10:52"
"	69BA0CDE","	Chamber1","	1","	B01??(?)","	22.8","	2026-07-28 12:10:52"
"	69BA0CDE","	Chamber1","	1","	B01??(%RH)","	80.6","	2026-07-28 12:10:50"
"	69BA0CDE","	Chamber1","	1","	B01??(?)","	22.8","	2026-07-28 12:10:50"
"	69BA0CDE","	Chamber1","	1","	B01??(%RH)","	80.6","	2026-07-28 12:10:48"
"	69BA0CDE","	Chamber1","	1","	B01??(?)","	22.8","	2026-07-28 12:10:48"
"	69BA0CDE","	Chamber1","	1","	B01??(%RH)","	80.7","	2026-07-28 12:10:46"
"	69BA0CDE","	Chamber1","	1","	B01??(?)","	22.8","	2026-07-28 12:10:46"
"	69BA0CDE","	Chamber1","	1","	B01??(%RH)","	80.7","	2026-07-28 12:10:44"
"	69BA0CDE","	Chamber1","	1","	B01??(?)","	22.8","	2026-07-28 12:10:44"
"	69BA0CDE","	Chamber1","	1","	B01??(%RH)","	80.7","	2026-07-28 12:10:42"
"	69BA0CDE","	Chamber1","	1","	B01??(?)","	22.8","	2026-07-28 12:10:42"
"	69BA0CDE","	Chamber1","	1","	B01??(%RH)","	80.7","	2026-07-28 12:10:40"
"	69BA0CDE","	Chamber1","	1","	B01??(?)","	22.8","	2026-07-28 12:10:40"
"	69BA0CDE","	Chamber1","	1","	B01??(%RH)","	80.7","	2026-07-28 12:10:38"
"	69BA0CDE","	Chamber1","	1","	B01??(?)","	22.8","	2026-07-28 12:10:38"
"	69BA0CDE","	Chamber1","	1","	B01??(%RH)","	80.7","	2026-07-28 12:10:36"
"	69BA0CDE","	Chamber1","	1","	B01??(?)","	22.8","	2026-07-28 12:10:36"
"	69BA0CDE","	Chamber1","	1","	B01??(%RH)","	80.7","	2026-07-28 12:10:34"
"	69BA0CDE","	Chamber1","	1","	B01??(?)","	22.8","	2026-07-28 12:10:34"
"	69BA0CDE","	Chamber1","	1","	B01??(%RH)","	80.7","	2026-07-28 12:10:32"
"	69BA0CDE","	Chamber1","	1","	B01??(?)","	22.8","	2026-07-28 12:10:32"
"	69BA0CDE","	Chamber1","	1","	B01??(%RH)","	80.7","	2026-07-28 12:10:30"
"	69BA0CDE","	Chamber1","	1","	B01??(?)","	22.8","	2026-07-28 12:10:30"
"	69BA0CDE","	Chamber1","	1","	B01??(%RH)","	80.8","	2026-07-28 12:10:28"
"	69BA0CDE","	Chamber1","	1","	B01??(?)","	22.8","	2026-07-28 12:10:28"
"	69BA0CDE","	Chamber1","	1","	B01??(%RH)","	80.7","	2026-07-28 12:10:26"
"	69BA0CDE","	Chamber1","	1","	B01??(?)","	22.8","	2026-07-28 12:10:26"
"	69BA0CDE","	Chamber1","	1","	B01??(%RH)","	80.7","	2026-07-28 12:10:24"
"	69BA0CDE","	Chamber1","	1","	B01??(?)","	22.8","	2026-07-28 12:10:24"
"	69BA0CDE","	Chamber1","	1","	B01??(%RH)","	80.7","	2026-07-28 12:10:22"
"	69BA0CDE","	Chamber1","	1","	B01??(?)","	22.8","	2026-07-28 12:10:22"
"	69BA0CDE","	Chamber1","	1","	B01??(%RH)","	80.7","	2026-07-28 12:10:20"
"	69BA0CDE","	Chamber1","	1","	B01??(?)","	22.8","	2026-07-28 12:10:20"
"	69BA0CDE","	Chamber1","	1","	B01??(%RH)","	80.7","	2026-07-28 12:10:17"
"	69BA0CDE","	Chamber1","	1","	B01??(?)","	22.8","	2026-07-28 12:10:17"
"	69BA0CDE","	Chamber1","	1","	B01??(%RH)","	80.6","	2026-07-28 12:10:15"
"	69BA0CDE","	Chamber1","	1","	B01??(?)","	22.8","	2026-07-28 12:10:15"
"	69BA0CDE","	Chamber1","	1","	B01??(%RH)","	80.6","	2026-07-28 12:10:13"
"	69BA0CDE","	Chamber1","	1","	B01??(?)","	22.8","	2026-07-28 12:10:13"
"	69BA0CDE","	Chamber1","	1","	B01??(%RH)","	80.5","	2026-07-28 12:10:11"
"	69BA0CDE","	Chamber1","	1","	B01??(?)","	22.8","	2026-07-28 12:10:11"
"	69BA0CDE","	Chamber1","	1","	B01??(%RH)","	80.5","	2026-07-28 12:10:09"
"	69BA0CDE","	Chamber1","	1","	B01??(?)","	22.8","	2026-07-28 12:10:09"
"	69BA0CDE","	Chamber1","	1","	B01??(%RH)","	80.5","	2026-07-28 12:10:07"
"	69BA0CDE","	Chamber1","	1","	B01??(?)","	22.8","	2026-07-28 12:10:07"
"	69BA0CDE","	Chamber1","	1","	B01??(%RH)","	80.6","	2026-07-28 12:10:05"
"	69BA0CDE","	Chamber1","	1","	B01??(?)","	22.8","	2026-07-28 12:10:05"
"	69BA0CDE","	Chamber1","	1","	B01??(%RH)","	80.5","	2026-07-28 12:10:03"
"	69BA0CDE","	Chamber1","	1","	B01??(?)","	22.8","	2026-07-28 12:10:03"
"	69BA0CDE","	Chamber1","	1","	B01??(%RH)","	80.6","	2026-07-28 12:10:01"
"	69BA0CDE","	Chamber1","	1","	B01??(?)","	22.9","	2026-07-28 12:10:01"
"	69BA0CDE","	Chamber1","	1","	B01??(%RH)","	80.5","	2026-07-28 12:09:59"
"	69BA0CDE","	Chamber1","	1","	B01??(?)","	22.8","	2026-07-28 12:09:59"
"	69BA0CDE","	Chamber1","	1","	B01??(%RH)","	80.6","	2026-07-28 12:09:57"
"	69BA0CDE","	Chamber1","	1","	B01??(?)","	22.8","	2026-07-28 12:09:57"
"	69BA0CDE","	Chamber1","	1","	B01??(%RH)","	80.6","	2026-07-28 12:09:55"
"	69BA0CDE","	Chamber1","	1","	B01??(?)","	22.8","	2026-07-28 12:09:55"
"	69BA0CDE","	Chamber1","	1","	B01??(%RH)","	80.6","	2026-07-28 12:09:53"
"	69BA0CDE","	Chamber1","	1","	B01??(?)","	22.8","	2026-07-28 12:09:53"
"	69BA0CDE","	Chamber1","	1","	B01??(%RH)","	80.7","	2026-07-28 12:09:51"
"	69BA0CDE","	Chamber1","	1","	B01??(?)","	22.9","	2026-07-28 12:09:51"
"	69BA0CDE","	Chamber1","	1","	B01??(%RH)","	80.7","	2026-07-28 12:09:49"
"	69BA0CDE","	Chamber1","	1","	B01??(?)","	22.8","	2026-07-28 12:09:49"
"	69BA0CDE","	Chamber1","	1","	B01??(%RH)","	80.7","	2026-07-28 12:09:47"
"	69BA0CDE","	Chamber1","	1","	B01??(?)","	22.8","	2026-07-28 12:09:47"
"	69BA0CDE","	Chamber1","	1","	B01??(%RH)","	80.7","	2026-07-28 12:09:45"
"	69BA0CDE","	Chamber1","	1","	B01??(?)","	22.8","	2026-07-28 12:09:45"
"	69BA0CDE","	Chamber1","	1","	B01??(%RH)","	80.7","	2026-07-28 12:09:43"
"	69BA0CDE","	Chamber1","	1","	B01??(?)","	22.8","	2026-07-28 12:09:43"
"	69BA0CDE","	Chamber1","	1","	B01??(%RH)","	80.7","	2026-07-28 12:09:41"
"	69BA0CDE","	Chamber1","	1","	B01??(?)","	22.8","	2026-07-28 12:09:41"
"	69BA0CDE","	Chamber1","	1","	B01??(%RH)","	80.7","	2026-07-28 12:09:39"
"	69BA0CDE","	Chamber1","	1","	B01??(?)","	22.8","	2026-07-28 12:09:39"
"	69BA0CDE","	Chamber1","	1","	B01??(%RH)","	80.7","	2026-07-28 12:09:36"
"	69BA0CDE","	Chamber1","	1","	B01??(?)","	22.8","	2026-07-28 12:09:36"
"	69BA0CDE","	Chamber1","	1","	B01??(%RH)","	80.7","	2026-07-28 12:09:34"
"	69BA0CDE","	Chamber1","	1","	B01??(?)","	22.8","	2026-07-28 12:09:34"
"	69BA0CDE","	Chamber1","	1","	B01??(%RH)","	80.7","	2026-07-28 12:09:32"
"	69BA0CDE","	Chamber1","	1","	B01??(?)","	22.8","	2026-07-28 12:09:32"
"	69BA0CDE","	Chamber1","	1","	B01??(%RH)","	80.7","	2026-07-28 12:09:30"
"	69BA0CDE","	Chamber1","	1","	B01??(?)","	22.9","	2026-07-28 12:09:30"
"	69BA0CDE","	Chamber1","	1","	B01??(%RH)","	80.7","	2026-07-28 12:09:28"
"	69BA0CDE","	Chamber1","	1","	B01??(?)","	22.8","	2026-07-28 12:09:28"
"	69BA0CDE","	Chamber1","	1","	B01??(%RH)","	80.7","	2026-07-28 12:09:26"
"	69BA0CDE","	Chamber1","	1","	B01??(?)","	22.8","	2026-07-28 12:09:26"
"	69BA0CDE","	Chamber1","	1","	B01??(%RH)","	80.7","	2026-07-28 12:09:24"
"	69BA0CDE","	Chamber1","	1","	B01??(?)","	22.8","	2026-07-28 12:09:24"
"	69BA0CDE","	Chamber1","	1","	B01??(%RH)","	80.7","	2026-07-28 12:09:22"
"	69BA0CDE","	Chamber1","	1","	B01??(?)","	22.8","	2026-07-28 12:09:22"
"	69BA0CDE","	Chamber1","	1","	B01??(%RH)","	80.7","	2026-07-28 12:09:20"
"	69BA0CDE","	Chamber1","	1","	B01??(?)","	22.8","	2026-07-28 12:09:20"
"	69BA0CDE","	Chamber1","	1","	B01??(%RH)","	80.7","	2026-07-28 12:09:18"
"	69BA0CDE","	Chamber1","	1","	B01??(?)","	22.8","	2026-07-28 12:09:18"
"	69BA0CDE","	Chamber1","	1","	B01??(%RH)","	80.6","	2026-07-28 12:09:16"
"	69BA0CDE","	Chamber1","	1","	B01??(?)","	22.8","	2026-07-28 12:09:16"
"	69BA0CDE","	Chamber1","	1","	B01??(%RH)","	80.7","	2026-07-28 12:09:14"
"	69BA0CDE","	Chamber1","	1","	B01??(?)","	22.8","	2026-07-28 12:09:14"
"	69BA0CDE","	Chamber1","	1","	B01??(%RH)","	80.6","	2026-07-28 12:09:12"
"	69BA0CDE","	Chamber1","	1","	B01??(?)","	22.8","	2026-07-28 12:09:12"
"	69BA0CDE","	Chamber1","	1","	B01??(%RH)","	80.7","	2026-07-28 12:09:10"
"	69BA0CDE","	Chamber1","	1","	B01??(?)","	22.8","	2026-07-28 12:09:10"
"	69BA0CDE","	Chamber1","	1","	B01??(%RH)","	80.6","	2026-07-28 12:09:08"
"	69BA0CDE","	Chamber1","	1","	B01??(?)","	22.8","	2026-07-28 12:09:08"
"	69BA0CDE","	Chamber1","	1","	B01??(%RH)","	80.6","	2026-07-28 12:09:06"
"	69BA0CDE","	Chamber1","	1","	B01??(?)","	22.8","	2026-07-28 12:09:06"
"	69BA0CDE","	Chamber1","	1","	B01??(%RH)","	80.6","	2026-07-28 12:09:04"
"	69BA0CDE","	Chamber1","	1","	B01??(?)","	22.8","	2026-07-28 12:09:04"
"	69BA0CDE","	Chamber1","	1","	B01??(%RH)","	80.6","	2026-07-28 12:09:02"
"	69BA0CDE","	Chamber1","	1","	B01??(?)","	22.8","	2026-07-28 12:09:02"
"	69BA0CDE","	Chamber1","	1","	B01??(%RH)","	80.6","	2026-07-28 12:09:00"
"	69BA0CDE","	Chamber1","	1","	B01??(?)","	22.8","	2026-07-28 12:09:00"
"	69BA0CDE","	Chamber1","	1","	B01??(%RH)","	80.6","	2026-07-28 12:08:58"
"	69BA0CDE","	Chamber1","	1","	B01??(?)","	22.8","	2026-07-28 12:08:58"
"	69BA0CDE","	Chamber1","	1","	B01??(%RH)","	80.6","	2026-07-28 12:08:56"
"	69BA0CDE","	Chamber1","	1","	B01??(?)","	22.8","	2026-07-28 12:08:56"
"	69BA0CDE","	Chamber1","	1","	B01??(%RH)","	80.7","	2026-07-28 12:08:54"
"	69BA0CDE","	Chamber1","	1","	B01??(?)","	22.9","	2026-07-28 12:08:54"
"	69BA0CDE","	Chamber1","	1","	B01??(%RH)","	80.7","	2026-07-28 12:08:51"
"	69BA0CDE","	Chamber1","	1","	B01??(?)","	22.8","	2026-07-28 12:08:51"
"	69BA0CDE","	Chamber1","	1","	B01??(%RH)","	80.6","	2026-07-28 12:08:49"
"	69BA0CDE","	Chamber1","	1","	B01??(?)","	22.9","	2026-07-28 12:08:49"
"	69BA0CDE","	Chamber1","	1","	B01??(%RH)","	80.7","	2026-07-28 12:08:47"
"	69BA0CDE","	Chamber1","	1","	B01??(?)","	22.8","	2026-07-28 12:08:47"
"	69BA0CDE","	Chamber1","	1","	B01??(%RH)","	80.7","	2026-07-28 12:08:45"
"	69BA0CDE","	Chamber1","	1","	B01??(?)","	22.8","	2026-07-28 12:08:45"
"	69BA0CDE","	Chamber1","	1","	B01??(%RH)","	80.7","	2026-07-28 12:08:43"
"	69BA0CDE","	Chamber1","	1","	B01??(?)","	22.8","	2026-07-28 12:08:43"
"	69BA0CDE","	Chamber1","	1","	B01??(%RH)","	80.7","	2026-07-28 12:08:41"
"	69BA0CDE","	Chamber1","	1","	B01??(?)","	22.8","	2026-07-28 12:08:41"
"	69BA0CDE","	Chamber1","	1","	B01??(%RH)","	80.8","	2026-07-28 12:08:39"
"	69BA0CDE","	Chamber1","	1","	B01??(?)","	22.8","	2026-07-28 12:08:39"
"	69BA0CDE","	Chamber1","	1","	B01??(%RH)","	80.8","	2026-07-28 12:08:37"
"	69BA0CDE","	Chamber1","	1","	B01??(?)","	22.8","	2026-07-28 12:08:37"
"	69BA0CDE","	Chamber1","	1","	B01??(%RH)","	80.8","	2026-07-28 12:08:35"
"	69BA0CDE","	Chamber1","	1","	B01??(?)","	22.8","	2026-07-28 12:08:35"
"	69BA0CDE","	Chamber1","	1","	B01??(%RH)","	80.8","	2026-07-28 12:08:33"
"	69BA0CDE","	Chamber1","	1","	B01??(?)","	22.8","	2026-07-28 12:08:33"
"	69BA0CDE","	Chamber1","	1","	B01??(%RH)","	80.8","	2026-07-28 12:08:31"
"	69BA0CDE","	Chamber1","	1","	B01??(?)","	22.8","	2026-07-28 12:08:31"
"	69BA0CDE","	Chamber1","	1","	B01??(%RH)","	80.7","	2026-07-28 12:08:29"
"	69BA0CDE","	Chamber1","	1","	B01??(?)","	22.8","	2026-07-28 12:08:29"
"	69BA0CDE","	Chamber1","	1","	B01??(%RH)","	80.7","	2026-07-28 12:08:27"
"	69BA0CDE","	Chamber1","	1","	B01??(?)","	22.8","	2026-07-28 12:08:27"
"	69BA0CDE","	Chamber1","	1","	B01??(%RH)","	80.8","	2026-07-28 12:08:25"
"	69BA0CDE","	Chamber1","	1","	B01??(?)","	22.8","	2026-07-28 12:08:25"
"	69BA0CDE","	Chamber1","	1","	B01??(%RH)","	80.8","	2026-07-28 12:08:23"
"	69BA0CDE","	Chamber1","	1","	B01??(?)","	22.9","	2026-07-28 12:08:23"
"	69BA0CDE","	Chamber1","	1","	B01??(%RH)","	80.8","	2026-07-28 12:08:21"
"	69BA0CDE","	Chamber1","	1","	B01??(?)","	22.8","	2026-07-28 12:08:21"
"	69BA0CDE","	Chamber1","	1","	B01??(%RH)","	80.8","	2026-07-28 12:08:19"
"	69BA0CDE","	Chamber1","	1","	B01??(?)","	22.8","	2026-07-28 12:08:19"
"	69BA0CDE","	Chamber1","	1","	B01??(%RH)","	80.7","	2026-07-28 12:08:17"
"	69BA0CDE","	Chamber1","	1","	B01??(?)","	22.8","	2026-07-28 12:08:17"
"	69BA0CDE","	Chamber1","	1","	B01??(%RH)","	80.7","	2026-07-28 12:08:15"
"	69BA0CDE","	Chamber1","	1","	B01??(?)","	22.9","	2026-07-28 12:08:15"
"	69BA0CDE","	Chamber1","	1","	B01??(%RH)","	80.7","	2026-07-28 12:08:13"
"	69BA0CDE","	Chamber1","	1","	B01??(?)","	22.8","	2026-07-28 12:08:13"
"	69BA0CDE","	Chamber1","	1","	B01??(%RH)","	80.7","	2026-07-28 12:08:11"
"	69BA0CDE","	Chamber1","	1","	B01??(?)","	22.8","	2026-07-28 12:08:11"
"	69BA0CDE","	Chamber1","	1","	B01??(%RH)","	80.7","	2026-07-28 12:08:08"
"	69BA0CDE","	Chamber1","	1","	B01??(?)","	22.8","	2026-07-28 12:08:08"
"	69BA0CDE","	Chamber1","	1","	B01??(%RH)","	80.7","	2026-07-28 12:08:06"
"	69BA0CDE","	Chamber1","	1","	B01??(?)","	22.8","	2026-07-28 12:08:06"
"	69BA0CDE","	Chamber1","	1","	B01??(%RH)","	80.7","	2026-07-28 12:08:04"
"	69BA0CDE","	Chamber1","	1","	B01??(?)","	22.8","	2026-07-28 12:08:04"
"	69BA0CDE","	Chamber1","	1","	B01??(%RH)","	80.7","	2026-07-28 12:08:02"
"	69BA0CDE","	Chamber1","	1","	B01??(?)","	22.8","	2026-07-28 12:08:02"
"	69BA0CDE","	Chamber1","	1","	B01??(%RH)","	80.7","	2026-07-28 12:08:00"
"	69BA0CDE","	Chamber1","	1","	B01??(?)","	22.8","	2026-07-28 12:08:00"
"	69BA0CDE","	Chamber1","	1","	B01??(%RH)","	80.7","	2026-07-28 12:07:58"
"	69BA0CDE","	Chamber1","	1","	B01??(?)","	22.8","	2026-07-28 12:07:58"
"	69BA0CDE","	Chamber1","	1","	B01??(%RH)","	80.7","	2026-07-28 12:07:56"
"	69BA0CDE","	Chamber1","	1","	B01??(?)","	22.8","	2026-07-28 12:07:56"
"	69BA0CDE","	Chamber1","	1","	B01??(%RH)","	80.7","	2026-07-28 12:07:54"
"	69BA0CDE","	Chamber1","	1","	B01??(?)","	22.8","	2026-07-28 12:07:54"
"	69BA0CDE","	Chamber1","	1","	B01??(%RH)","	80.8","	2026-07-28 12:07:52"
"	69BA0CDE","	Chamber1","	1","	B01??(?)","	22.8","	2026-07-28 12:07:52"
"	69BA0CDE","	Chamber1","	1","	B01??(%RH)","	80.7","	2026-07-28 12:07:50"
"	69BA0CDE","	Chamber1","	1","	B01??(?)","	22.8","	2026-07-28 12:07:50"
"	69BA0CDE","	Chamber1","	1","	B01??(%RH)","	80.7","	2026-07-28 12:07:48"
"	69BA0CDE","	Chamber1","	1","	B01??(?)","	22.8","	2026-07-28 12:07:48"
"	69BA0CDE","	Chamber1","	1","	B01??(%RH)","	80.7","	2026-07-28 12:07:46"
"	69BA0CDE","	Chamber1","	1","	B01??(?)","	22.8","	2026-07-28 12:07:46"
"	69BA0CDE","	Chamber1","	1","	B01??(%RH)","	80.7","	2026-07-28 12:07:44"
"	69BA0CDE","	Chamber1","	1","	B01??(?)","	22.8","	2026-07-28 12:07:44"
"	69BA0CDE","	Chamber1","	1","	B01??(%RH)","	80.7","	2026-07-28 12:07:42"
"	69BA0CDE","	Chamber1","	1","	B01??(?)","	22.8","	2026-07-28 12:07:42"
"	69BA0CDE","	Chamber1","	1","	B01??(%RH)","	80.7","	2026-07-28 12:07:40"
"	69BA0CDE","	Chamber1","	1","	B01??(?)","	22.8","	2026-07-28 12:07:40"
"	69BA0CDE","	Chamber1","	1","	B01??(%RH)","	80.8","	2026-07-28 12:07:38"
"	69BA0CDE","	Chamber1","	1","	B01??(?)","	22.8","	2026-07-28 12:07:38"
"	69BA0CDE","	Chamber1","	1","	B01??(%RH)","	80.8","	2026-07-28 12:07:36"
"	69BA0CDE","	Chamber1","	1","	B01??(?)","	22.8","	2026-07-28 12:07:36"
"	69BA0CDE","	Chamber1","	1","	B01??(%RH)","	80.8","	2026-07-28 12:07:34"
"	69BA0CDE","	Chamber1","	1","	B01??(?)","	22.8","	2026-07-28 12:07:34"
"	69BA0CDE","	Chamber1","	1","	B01??(%RH)","	80.8","	2026-07-28 12:07:32"
"	69BA0CDE","	Chamber1","	1","	B01??(?)","	22.8","	2026-07-28 12:07:32"
"	69BA0CDE","	Chamber1","	1","	B01??(%RH)","	80.8","	2026-07-28 12:07:30"
"	69BA0CDE","	Chamber1","	1","	B01??(?)","	22.8","	2026-07-28 12:07:30"
"	69BA0CDE","	Chamber1","	1","	B01??(%RH)","	80.8","	2026-07-28 12:07:28"
"	69BA0CDE","	Chamber1","	1","	B01??(?)","	22.8","	2026-07-28 12:07:28"
"	69BA0CDE","	Chamber1","	1","	B01??(%RH)","	80.8","	2026-07-28 12:07:25"
"	69BA0CDE","	Chamber1","	1","	B01??(?)","	22.8","	2026-07-28 12:07:25"
"	69BA0CDE","	Chamber1","	1","	B01??(%RH)","	80.8","	2026-07-28 12:07:23"
"	69BA0CDE","	Chamber1","	1","	B01??(?)","	22.9","	2026-07-28 12:07:23"
"	69BA0CDE","	Chamber1","	1","	B01??(%RH)","	80.8","	2026-07-28 12:07:21"
"	69BA0CDE","	Chamber1","	1","	B01??(?)","	22.8","	2026-07-28 12:07:21"
"	69BA0CDE","	Chamber1","	1","	B01??(%RH)","	80.8","	2026-07-28 12:07:19"
"	69BA0CDE","	Chamber1","	1","	B01??(?)","	22.8","	2026-07-28 12:07:19"
"	69BA0CDE","	Chamber1","	1","	B01??(%RH)","	80.8","	2026-07-28 12:07:17"
"	69BA0CDE","	Chamber1","	1","	B01??(?)","	22.8","	2026-07-28 12:07:17"
"	69BA0CDE","	Chamber1","	1","	B01??(%RH)","	80.8","	2026-07-28 12:07:15"
"	69BA0CDE","	Chamber1","	1","	B01??(?)","	22.8","	2026-07-28 12:07:15"
"	69BA0CDE","	Chamber1","	1","	B01??(%RH)","	80.7","	2026-07-28 12:07:13"
"	69BA0CDE","	Chamber1","	1","	B01??(?)","	22.8","	2026-07-28 12:07:13"
"	69BA0CDE","	Chamber1","	1","	B01??(%RH)","	80.8","	2026-07-28 12:07:11"
"	69BA0CDE","	Chamber1","	1","	B01??(?)","	22.8","	2026-07-28 12:07:11"
"	69BA0CDE","	Chamber1","	1","	B01??(%RH)","	80.7","	2026-07-28 12:07:09"
"	69BA0CDE","	Chamber1","	1","	B01??(?)","	22.8","	2026-07-28 12:07:09"
"	69BA0CDE","	Chamber1","	1","	B01??(%RH)","	80.7","	2026-07-28 12:07:07"
"	69BA0CDE","	Chamber1","	1","	B01??(?)","	22.8","	2026-07-28 12:07:07"
"	69BA0CDE","	Chamber1","	1","	B01??(%RH)","	80.7","	2026-07-28 12:07:05"
"	69BA0CDE","	Chamber1","	1","	B01??(?)","	22.8","	2026-07-28 12:07:05"
"	69BA0CDE","	Chamber1","	1","	B01??(%RH)","	80.7","	2026-07-28 12:07:03"
"	69BA0CDE","	Chamber1","	1","	B01??(?)","	22.8","	2026-07-28 12:07:03"
"	69BA0CDE","	Chamber1","	1","	B01??(%RH)","	80.6","	2026-07-28 12:07:01"
"	69BA0CDE","	Chamber1","	1","	B01??(?)","	22.8","	2026-07-28 12:07:01"
"	69BA0CDE","	Chamber1","	1","	B01??(%RH)","	80.5","	2026-07-28 12:06:59"
"	69BA0CDE","	Chamber1","	1","	B01??(?)","	22.8","	2026-07-28 12:06:59"
"	69BA0CDE","	Chamber1","	1","	B01??(%RH)","	80.6","	2026-07-28 12:06:57"
"	69BA0CDE","	Chamber1","	1","	B01??(?)","	22.8","	2026-07-28 12:06:57"
"	69BA0CDE","	Chamber1","	1","	B01??(%RH)","	80.6","	2026-07-28 12:06:55"
"	69BA0CDE","	Chamber1","	1","	B01??(?)","	22.9","	2026-07-28 12:06:55"
"	69BA0CDE","	Chamber1","	1","	B01??(%RH)","	80.5","	2026-07-28 12:06:53"
"	69BA0CDE","	Chamber1","	1","	B01??(?)","	22.8","	2026-07-28 12:06:53"
"	69BA0CDE","	Chamber1","	1","	B01??(%RH)","	80.6","	2026-07-28 12:06:51"
"	69BA0CDE","	Chamber1","	1","	B01??(?)","	22.8","	2026-07-28 12:06:51"
"	69BA0CDE","	Chamber1","	1","	B01??(%RH)","	80.6","	2026-07-28 12:06:49"
"	69BA0CDE","	Chamber1","	1","	B01??(?)","	22.8","	2026-07-28 12:06:49"
"	69BA0CDE","	Chamber1","	1","	B01??(%RH)","	80.6","	2026-07-28 12:06:47"
"	69BA0CDE","	Chamber1","	1","	B01??(?)","	22.9","	2026-07-28 12:06:47"
"	69BA0CDE","	Chamber1","	1","	B01??(%RH)","	80.6","	2026-07-28 12:06:45"
"	69BA0CDE","	Chamber1","	1","	B01??(?)","	22.8","	2026-07-28 12:06:45"
"	69BA0CDE","	Chamber1","	1","	B01??(%RH)","	80.6","	2026-07-28 12:06:42"
"	69BA0CDE","	Chamber1","	1","	B01??(?)","	22.8","	2026-07-28 12:06:42"
"	69BA0CDE","	Chamber1","	1","	B01??(%RH)","	80.6","	2026-07-28 12:06:40"
"	69BA0CDE","	Chamber1","	1","	B01??(?)","	22.8","	2026-07-28 12:06:40"
"	69BA0CDE","	Chamber1","	1","	B01??(%RH)","	80.7","	2026-07-28 12:06:38"
"	69BA0CDE","	Chamber1","	1","	B01??(?)","	22.8","	2026-07-28 12:06:38"
"	69BA0CDE","	Chamber1","	1","	B01??(%RH)","	80.7","	2026-07-28 12:06:36"
"	69BA0CDE","	Chamber1","	1","	B01??(?)","	22.8","	2026-07-28 12:06:36"
"	69BA0CDE","	Chamber1","	1","	B01??(%RH)","	80.7","	2026-07-28 12:06:34"
"	69BA0CDE","	Chamber1","	1","	B01??(?)","	22.8","	2026-07-28 12:06:34"
"	69BA0CDE","	Chamber1","	1","	B01??(%RH)","	80.8","	2026-07-28 12:06:32"
"	69BA0CDE","	Chamber1","	1","	B01??(?)","	22.9","	2026-07-28 12:06:32"
"	69BA0CDE","	Chamber1","	1","	B01??(%RH)","	80.8","	2026-07-28 12:06:30"
"	69BA0CDE","	Chamber1","	1","	B01??(?)","	22.8","	2026-07-28 12:06:30"
"	69BA0CDE","	Chamber1","	1","	B01??(%RH)","	80.9","	2026-07-28 12:06:28"
"	69BA0CDE","	Chamber1","	1","	B01??(?)","	22.8","	2026-07-28 12:06:28"
"	69BA0CDE","	Chamber1","	1","	B01??(%RH)","	81","	2026-07-28 12:06:26"
"	69BA0CDE","	Chamber1","	1","	B01??(?)","	22.8","	2026-07-28 12:06:26"
"	69BA0CDE","	Chamber1","	1","	B01??(%RH)","	81","	2026-07-28 12:06:24"
"	69BA0CDE","	Chamber1","	1","	B01??(?)","	22.8","	2026-07-28 12:06:24"
"	69BA0CDE","	Chamber1","	1","	B01??(%RH)","	81.1","	2026-07-28 12:06:22"
"	69BA0CDE","	Chamber1","	1","	B01??(?)","	22.8","	2026-07-28 12:06:22"
"	69BA0CDE","	Chamber1","	1","	B01??(%RH)","	81.1","	2026-07-28 12:06:20"
"	69BA0CDE","	Chamber1","	1","	B01??(?)","	22.8","	2026-07-28 12:06:20"
"	69BA0CDE","	Chamber1","	1","	B01??(%RH)","	81.1","	2026-07-28 12:06:18"
"	69BA0CDE","	Chamber1","	1","	B01??(?)","	22.8","	2026-07-28 12:06:18"
"	69BA0CDE","	Chamber1","	1","	B01??(%RH)","	81.1","	2026-07-28 12:06:16"
"	69BA0CDE","	Chamber1","	1","	B01??(?)","	22.8","	2026-07-28 12:06:16"
"	69BA0CDE","	Chamber1","	1","	B01??(%RH)","	81.1","	2026-07-28 12:06:14"
"	69BA0CDE","	Chamber1","	1","	B01??(?)","	22.8","	2026-07-28 12:06:14"
"	69BA0CDE","	Chamber1","	1","	B01??(%RH)","	81.1","	2026-07-28 12:06:12"
"	69BA0CDE","	Chamber1","	1","	B01??(?)","	22.8","	2026-07-28 12:06:12"
"	69BA0CDE","	Chamber1","	1","	B01??(%RH)","	81.1","	2026-07-28 12:06:10"
"	69BA0CDE","	Chamber1","	1","	B01??(?)","	22.8","	2026-07-28 12:06:10"
"	69BA0CDE","	Chamber1","	1","	B01??(%RH)","	81.1","	2026-07-28 12:06:08"
"	69BA0CDE","	Chamber1","	1","	B01??(?)","	22.8","	2026-07-28 12:06:08"
"	69BA0CDE","	Chamber1","	1","	B01??(%RH)","	81","	2026-07-28 12:06:06"
"	69BA0CDE","	Chamber1","	1","	B01??(?)","	22.9","	2026-07-28 12:06:06"
"	69BA0CDE","	Chamber1","	1","	B01??(%RH)","	81","	2026-07-28 12:06:04"
"	69BA0CDE","	Chamber1","	1","	B01??(?)","	22.8","	2026-07-28 12:06:04"
"	69BA0CDE","	Chamber1","	1","	B01??(%RH)","	81","	2026-07-28 12:06:01"
"	69BA0CDE","	Chamber1","	1","	B01??(?)","	22.8","	2026-07-28 12:06:01"
"	69BA0CDE","	Chamber1","	1","	B01??(%RH)","	80.9","	2026-07-28 12:05:59"
"	69BA0CDE","	Chamber1","	1","	B01??(?)","	22.8","	2026-07-28 12:05:59"
"	69BA0CDE","	Chamber1","	1","	B01??(%RH)","	80.9","	2026-07-28 12:05:57"
"	69BA0CDE","	Chamber1","	1","	B01??(?)","	22.8","	2026-07-28 12:05:57"
"	69BA0CDE","	Chamber1","	1","	B01??(%RH)","	80.9","	2026-07-28 12:05:55"
"	69BA0CDE","	Chamber1","	1","	B01??(?)","	22.8","	2026-07-28 12:05:55"
"	69BA0CDE","	Chamber1","	1","	B01??(%RH)","	80.8","	2026-07-28 12:05:53"
"	69BA0CDE","	Chamber1","	1","	B01??(?)","	22.8","	2026-07-28 12:05:53"
"	69BA0CDE","	Chamber1","	1","	B01??(%RH)","	80.8","	2026-07-28 12:05:51"
"	69BA0CDE","	Chamber1","	1","	B01??(?)","	22.8","	2026-07-28 12:05:51"
"	69BA0CDE","	Chamber1","	1","	B01??(%RH)","	80.8","	2026-07-28 12:05:49"
"	69BA0CDE","	Chamber1","	1","	B01??(?)","	22.8","	2026-07-28 12:05:49"
"	69BA0CDE","	Chamber1","	1","	B01??(%RH)","	80.8","	2026-07-28 12:05:47"
"	69BA0CDE","	Chamber1","	1","	B01??(?)","	22.8","	2026-07-28 12:05:47"
"	69BA0CDE","	Chamber1","	1","	B01??(%RH)","	80.9","	2026-07-28 12:05:45"
"	69BA0CDE","	Chamber1","	1","	B01??(?)","	22.8","	2026-07-28 12:05:45"
"	69BA0CDE","	Chamber1","	1","	B01??(%RH)","	80.9","	2026-07-28 12:05:43"
"	69BA0CDE","	Chamber1","	1","	B01??(?)","	22.8","	2026-07-28 12:05:43"
"	69BA0CDE","	Chamber1","	1","	B01??(%RH)","	80.9","	2026-07-28 12:05:41"
"	69BA0CDE","	Chamber1","	1","	B01??(?)","	22.8","	2026-07-28 12:05:41"
"	69BA0CDE","	Chamber1","	1","	B01??(%RH)","	80.9","	2026-07-28 12:05:39"
"	69BA0CDE","	Chamber1","	1","	B01??(?)","	22.8","	2026-07-28 12:05:39"
"	69BA0CDE","	Chamber1","	1","	B01??(%RH)","	80.9","	2026-07-28 12:05:37"
"	69BA0CDE","	Chamber1","	1","	B01??(?)","	22.8","	2026-07-28 12:05:37"
"	69BA0CDE","	Chamber1","	1","	B01??(%RH)","	80.9","	2026-07-28 12:05:35"
"	69BA0CDE","	Chamber1","	1","	B01??(?)","	22.8","	2026-07-28 12:05:35"
"	69BA0CDE","	Chamber1","	1","	B01??(%RH)","	81","	2026-07-28 12:05:33"
"	69BA0CDE","	Chamber1","	1","	B01??(?)","	22.8","	2026-07-28 12:05:33"
"	69BA0CDE","	Chamber1","	1","	B01??(%RH)","	81","	2026-07-28 12:05:31"
"	69BA0CDE","	Chamber1","	1","	B01??(?)","	22.9","	2026-07-28 12:05:31"
"	69BA0CDE","	Chamber1","	1","	B01??(%RH)","	81","	2026-07-28 12:05:29"
"	69BA0CDE","	Chamber1","	1","	B01??(?)","	22.8","	2026-07-28 12:05:29"
"	69BA0CDE","	Chamber1","	1","	B01??(%RH)","	81","	2026-07-28 12:05:27"
"	69BA0CDE","	Chamber1","	1","	B01??(?)","	22.8","	2026-07-28 12:05:27"
"	69BA0CDE","	Chamber1","	1","	B01??(%RH)","	81","	2026-07-28 12:05:25"
"	69BA0CDE","	Chamber1","	1","	B01??(?)","	22.8","	2026-07-28 12:05:25"
"	69BA0CDE","	Chamber1","	1","	B01??(%RH)","	81","	2026-07-28 12:05:23"
"	69BA0CDE","	Chamber1","	1","	B01??(?)","	22.8","	2026-07-28 12:05:23"
"	69BA0CDE","	Chamber1","	1","	B01??(%RH)","	81","	2026-07-28 12:05:21"
"	69BA0CDE","	Chamber1","	1","	B01??(?)","	22.8","	2026-07-28 12:05:21"
"	69BA0CDE","	Chamber1","	1","	B01??(%RH)","	81","	2026-07-28 12:05:18"
"	69BA0CDE","	Chamber1","	1","	B01??(?)","	22.8","	2026-07-28 12:05:18"
"	69BA0CDE","	Chamber1","	1","	B01??(%RH)","	81","	2026-07-28 12:05:16"
"	69BA0CDE","	Chamber1","	1","	B01??(?)","	22.8","	2026-07-28 12:05:16"
"	69BA0CDE","	Chamber1","	1","	B01??(%RH)","	81","	2026-07-28 12:05:14"
"	69BA0CDE","	Chamber1","	1","	B01??(?)","	22.8","	2026-07-28 12:05:14"
"	69BA0CDE","	Chamber1","	1","	B01??(%RH)","	81","	2026-07-28 12:05:12"
"	69BA0CDE","	Chamber1","	1","	B01??(?)","	22.8","	2026-07-28 12:05:12"
"	69BA0CDE","	Chamber1","	1","	B01??(%RH)","	81","	2026-07-28 12:05:10"
"	69BA0CDE","	Chamber1","	1","	B01??(?)","	22.8","	2026-07-28 12:05:10"
"	69BA0CDE","	Chamber1","	1","	B01??(%RH)","	81","	2026-07-28 12:05:08"
"	69BA0CDE","	Chamber1","	1","	B01??(?)","	22.8","	2026-07-28 12:05:08"
"	69BA0CDE","	Chamber1","	1","	B01??(%RH)","	81","	2026-07-28 12:05:06"
"	69BA0CDE","	Chamber1","	1","	B01??(?)","	22.8","	2026-07-28 12:05:06"
"	69BA0CDE","	Chamber1","	1","	B01??(%RH)","	81","	2026-07-28 12:05:04"
"	69BA0CDE","	Chamber1","	1","	B01??(?)","	22.8","	2026-07-28 12:05:04"
"	69BA0CDE","	Chamber1","	1","	B01??(%RH)","	81","	2026-07-28 12:05:02"
"	69BA0CDE","	Chamber1","	1","	B01??(?)","	22.8","	2026-07-28 12:05:02"
"	69BA0CDE","	Chamber1","	1","	B01??(%RH)","	80.9","	2026-07-28 12:05:00"
"	69BA0CDE","	Chamber1","	1","	B01??(?)","	22.8","	2026-07-28 12:05:00"
"	69BA0CDE","	Chamber1","	1","	B01??(%RH)","	80.9","	2026-07-28 12:04:58"
"	69BA0CDE","	Chamber1","	1","	B01??(?)","	22.8","	2026-07-28 12:04:58"
"	69BA0CDE","	Chamber1","	1","	B01??(%RH)","	80.8","	2026-07-28 12:04:56"
"	69BA0CDE","	Chamber1","	1","	B01??(?)","	22.8","	2026-07-28 12:04:56"
"	69BA0CDE","	Chamber1","	1","	B01??(%RH)","	80.8","	2026-07-28 12:04:54"
"	69BA0CDE","	Chamber1","	1","	B01??(?)","	22.8","	2026-07-28 12:04:54"
"	69BA0CDE","	Chamber1","	1","	B01??(%RH)","	80.8","	2026-07-28 12:04:52"
"	69BA0CDE","	Chamber1","	1","	B01??(?)","	22.8","	2026-07-28 12:04:52"
"	69BA0CDE","	Chamber1","	1","	B01??(%RH)","	80.8","	2026-07-28 12:04:50"
"	69BA0CDE","	Chamber1","	1","	B01??(?)","	22.8","	2026-07-28 12:04:50"
"	69BA0CDE","	Chamber1","	1","	B01??(%RH)","	80.8","	2026-07-28 12:04:48"
"	69BA0CDE","	Chamber1","	1","	B01??(?)","	22.8","	2026-07-28 12:04:48"
"	69BA0CDE","	Chamber1","	1","	B01??(%RH)","	80.7","	2026-07-28 12:04:46"
"	69BA0CDE","	Chamber1","	1","	B01??(?)","	22.8","	2026-07-28 12:04:46"
"	69BA0CDE","	Chamber1","	1","	B01??(%RH)","	80.7","	2026-07-28 12:04:44"
"	69BA0CDE","	Chamber1","	1","	B01??(?)","	22.8","	2026-07-28 12:04:44"
"	69BA0CDE","	Chamber1","	1","	B01??(%RH)","	80.7","	2026-07-28 12:04:42"
"	69BA0CDE","	Chamber1","	1","	B01??(?)","	22.8","	2026-07-28 12:04:42"
"	69BA0CDE","	Chamber1","	1","	B01??(%RH)","	80.7","	2026-07-28 12:04:40"
"	69BA0CDE","	Chamber1","	1","	B01??(?)","	22.8","	2026-07-28 12:04:40"
"	69BA0CDE","	Chamber1","	1","	B01??(%RH)","	80.6","	2026-07-28 12:04:38"
"	69BA0CDE","	Chamber1","	1","	B01??(?)","	22.8","	2026-07-28 12:04:38"
"	69BA0CDE","	Chamber1","	1","	B01??(%RH)","	80.6","	2026-07-28 12:04:35"
"	69BA0CDE","	Chamber1","	1","	B01??(?)","	22.8","	2026-07-28 12:04:35"
"	69BA0CDE","	Chamber1","	1","	B01??(%RH)","	80.6","	2026-07-28 12:04:33"
"	69BA0CDE","	Chamber1","	1","	B01??(?)","	22.8","	2026-07-28 12:04:33"
"	69BA0CDE","	Chamber1","	1","	B01??(%RH)","	80.6","	2026-07-28 12:04:31"
"	69BA0CDE","	Chamber1","	1","	B01??(?)","	22.8","	2026-07-28 12:04:31"
"	69BA0CDE","	Chamber1","	1","	B01??(%RH)","	80.6","	2026-07-28 12:04:29"
"	69BA0CDE","	Chamber1","	1","	B01??(?)","	22.8","	2026-07-28 12:04:29"
"	69BA0CDE","	Chamber1","	1","	B01??(%RH)","	80.6","	2026-07-28 12:04:27"
"	69BA0CDE","	Chamber1","	1","	B01??(?)","	22.8","	2026-07-28 12:04:27"
"	69BA0CDE","	Chamber1","	1","	B01??(%RH)","	80.6","	2026-07-28 12:04:25"
"	69BA0CDE","	Chamber1","	1","	B01??(?)","	22.8","	2026-07-28 12:04:25"
"	69BA0CDE","	Chamber1","	1","	B01??(%RH)","	80.6","	2026-07-28 12:04:23"
"	69BA0CDE","	Chamber1","	1","	B01??(?)","	22.8","	2026-07-28 12:04:23"
"	69BA0CDE","	Chamber1","	1","	B01??(%RH)","	80.6","	2026-07-28 12:04:21"
"	69BA0CDE","	Chamber1","	1","	B01??(?)","	22.8","	2026-07-28 12:04:21"
"	69BA0CDE","	Chamber1","	1","	B01??(%RH)","	80.7","	2026-07-28 12:04:19"
"	69BA0CDE","	Chamber1","	1","	B01??(?)","	22.8","	2026-07-28 12:04:19"
"	69BA0CDE","	Chamber1","	1","	B01??(%RH)","	80.7","	2026-07-28 12:04:17"
"	69BA0CDE","	Chamber1","	1","	B01??(?)","	22.8","	2026-07-28 12:04:17"
"	69BA0CDE","	Chamber1","	1","	B01??(%RH)","	80.7","	2026-07-28 12:04:15"
"	69BA0CDE","	Chamber1","	1","	B01??(?)","	22.8","	2026-07-28 12:04:15"
"	69BA0CDE","	Chamber1","	1","	B01??(%RH)","	80.8","	2026-07-28 12:04:13"
"	69BA0CDE","	Chamber1","	1","	B01??(?)","	22.8","	2026-07-28 12:04:13"
"	69BA0CDE","	Chamber1","	1","	B01??(%RH)","	80.9","	2026-07-28 12:04:11"
"	69BA0CDE","	Chamber1","	1","	B01??(?)","	22.8","	2026-07-28 12:04:11"
"	69BA0CDE","	Chamber1","	1","	B01??(%RH)","	80.9","	2026-07-28 12:04:09"
"	69BA0CDE","	Chamber1","	1","	B01??(?)","	22.8","	2026-07-28 12:04:09"
"	69BA0CDE","	Chamber1","	1","	B01??(%RH)","	81","	2026-07-28 12:04:07"
"	69BA0CDE","	Chamber1","	1","	B01??(?)","	22.8","	2026-07-28 12:04:07"
"	69BA0CDE","	Chamber1","	1","	B01??(%RH)","	81.1","	2026-07-28 12:04:05"
"	69BA0CDE","	Chamber1","	1","	B01??(?)","	22.8","	2026-07-28 12:04:05"
"	69BA0CDE","	Chamber1","	1","	B01??(%RH)","	81.1","	2026-07-28 12:04:03"
"	69BA0CDE","	Chamber1","	1","	B01??(?)","	22.8","	2026-07-28 12:04:03"
"	69BA0CDE","	Chamber1","	1","	B01??(%RH)","	81.1","	2026-07-28 12:04:01"
"	69BA0CDE","	Chamber1","	1","	B01??(?)","	22.8","	2026-07-28 12:04:01"
"	69BA0CDE","	Chamber1","	1","	B01??(%RH)","	81.1","	2026-07-28 12:03:59"
"	69BA0CDE","	Chamber1","	1","	B01??(?)","	22.8","	2026-07-28 12:03:59"
"	69BA0CDE","	Chamber1","	1","	B01??(%RH)","	81","	2026-07-28 12:03:57"
"	69BA0CDE","	Chamber1","	1","	B01??(?)","	22.8","	2026-07-28 12:03:57"
"	69BA0CDE","	Chamber1","	1","	B01??(%RH)","	81","	2026-07-28 12:03:54"
"	69BA0CDE","	Chamber1","	1","	B01??(?)","	22.8","	2026-07-28 12:03:54"
"	69BA0CDE","	Chamber1","	1","	B01??(%RH)","	81","	2026-07-28 12:03:52"
"	69BA0CDE","	Chamber1","	1","	B01??(?)","	22.8","	2026-07-28 12:03:52"
"	69BA0CDE","	Chamber1","	1","	B01??(%RH)","	81","	2026-07-28 12:03:50"
"	69BA0CDE","	Chamber1","	1","	B01??(?)","	22.8","	2026-07-28 12:03:50"
"	69BA0CDE","	Chamber1","	1","	B01??(%RH)","	80.9","	2026-07-28 12:03:48"
"	69BA0CDE","	Chamber1","	1","	B01??(?)","	22.9","	2026-07-28 12:03:48"
"	69BA0CDE","	Chamber1","	1","	B01??(%RH)","	81","	2026-07-28 12:03:46"
"	69BA0CDE","	Chamber1","	1","	B01??(?)","	22.8","	2026-07-28 12:03:46"
"	69BA0CDE","	Chamber1","	1","	B01??(%RH)","	81","	2026-07-28 12:03:44"
"	69BA0CDE","	Chamber1","	1","	B01??(?)","	22.9","	2026-07-28 12:03:44"
"	69BA0CDE","	Chamber1","	1","	B01??(%RH)","	81","	2026-07-28 12:03:42"
"	69BA0CDE","	Chamber1","	1","	B01??(?)","	22.8","	2026-07-28 12:03:42"
"	69BA0CDE","	Chamber1","	1","	B01??(%RH)","	81","	2026-07-28 12:03:40"
"	69BA0CDE","	Chamber1","	1","	B01??(?)","	22.8","	2026-07-28 12:03:40"
"	69BA0CDE","	Chamber1","	1","	B01??(%RH)","	81","	2026-07-28 12:03:38"
"	69BA0CDE","	Chamber1","	1","	B01??(?)","	22.8","	2026-07-28 12:03:38"
"	69BA0CDE","	Chamber1","	1","	B01??(%RH)","	80.9","	2026-07-28 12:03:36"
"	69BA0CDE","	Chamber1","	1","	B01??(?)","	22.8","	2026-07-28 12:03:36"
"	69BA0CDE","	Chamber1","	1","	B01??(%RH)","	80.9","	2026-07-28 12:03:34"
"	69BA0CDE","	Chamber1","	1","	B01??(?)","	22.8","	2026-07-28 12:03:34"
"	69BA0CDE","	Chamber1","	1","	B01??(%RH)","	80.9","	2026-07-28 12:03:32"
"	69BA0CDE","	Chamber1","	1","	B01??(?)","	22.8","	2026-07-28 12:03:32"
"	69BA0CDE","	Chamber1","	1","	B01??(%RH)","	80.9","	2026-07-28 12:03:30"
"	69BA0CDE","	Chamber1","	1","	B01??(?)","	22.8","	2026-07-28 12:03:30"
"	69BA0CDE","	Chamber1","	1","	B01??(%RH)","	80.8","	2026-07-28 12:03:28"
"	69BA0CDE","	Chamber1","	1","	B01??(?)","	22.8","	2026-07-28 12:03:28"
"	69BA0CDE","	Chamber1","	1","	B01??(%RH)","	80.8","	2026-07-28 12:03:26"
"	69BA0CDE","	Chamber1","	1","	B01??(?)","	22.8","	2026-07-28 12:03:26"
"	69BA0CDE","	Chamber1","	1","	B01??(%RH)","	80.8","	2026-07-28 12:03:24"
"	69BA0CDE","	Chamber1","	1","	B01??(?)","	22.8","	2026-07-28 12:03:24"
"	69BA0CDE","	Chamber1","	1","	B01??(%RH)","	80.8","	2026-07-28 12:03:22"
"	69BA0CDE","	Chamber1","	1","	B01??(?)","	22.8","	2026-07-28 12:03:22"
"	69BA0CDE","	Chamber1","	1","	B01??(%RH)","	80.9","	2026-07-28 12:03:20"
"	69BA0CDE","	Chamber1","	1","	B01??(?)","	22.9","	2026-07-28 12:03:20"
"	69BA0CDE","	Chamber1","	1","	B01??(%RH)","	80.9","	2026-07-28 12:03:18"
"	69BA0CDE","	Chamber1","	1","	B01??(?)","	22.8","	2026-07-28 12:03:18"
"	69BA0CDE","	Chamber1","	1","	B01??(%RH)","	80.9","	2026-07-28 12:03:16"
"	69BA0CDE","	Chamber1","	1","	B01??(?)","	22.8","	2026-07-28 12:03:16"
"	69BA0CDE","	Chamber1","	1","	B01??(%RH)","	80.9","	2026-07-28 12:03:14"
"	69BA0CDE","	Chamber1","	1","	B01??(?)","	22.8","	2026-07-28 12:03:14"
"	69BA0CDE","	Chamber1","	1","	B01??(%RH)","	80.9","	2026-07-28 12:03:11"
"	69BA0CDE","	Chamber1","	1","	B01??(?)","	22.8","	2026-07-28 12:03:11"
"	69BA0CDE","	Chamber1","	1","	B01??(%RH)","	80.9","	2026-07-28 12:03:09"
"	69BA0CDE","	Chamber1","	1","	B01??(?)","	22.8","	2026-07-28 12:03:09"
"	69BA0CDE","	Chamber1","	1","	B01??(%RH)","	81","	2026-07-28 12:03:07"
"	69BA0CDE","	Chamber1","	1","	B01??(?)","	22.8","	2026-07-28 12:03:07"
"	69BA0CDE","	Chamber1","	1","	B01??(%RH)","	81","	2026-07-28 12:03:05"
"	69BA0CDE","	Chamber1","	1","	B01??(?)","	22.8","	2026-07-28 12:03:05"
"	69BA0CDE","	Chamber1","	1","	B01??(%RH)","	80.9","	2026-07-28 12:03:03"
"	69BA0CDE","	Chamber1","	1","	B01??(?)","	22.8","	2026-07-28 12:03:03"
"	69BA0CDE","	Chamber1","	1","	B01??(%RH)","	81","	2026-07-28 12:03:01"
"	69BA0CDE","	Chamber1","	1","	B01??(?)","	22.8","	2026-07-28 12:03:01"
"	69BA0CDE","	Chamber1","	1","	B01??(%RH)","	81","	2026-07-28 12:02:59"
"	69BA0CDE","	Chamber1","	1","	B01??(?)","	22.8","	2026-07-28 12:02:59"
"	69BA0CDE","	Chamber1","	1","	B01??(%RH)","	81","	2026-07-28 12:02:57"
"	69BA0CDE","	Chamber1","	1","	B01??(?)","	22.8","	2026-07-28 12:02:57"
"	69BA0CDE","	Chamber1","	1","	B01??(%RH)","	81","	2026-07-28 12:02:55"
"	69BA0CDE","	Chamber1","	1","	B01??(?)","	22.8","	2026-07-28 12:02:55"
"	69BA0CDE","	Chamber1","	1","	B01??(%RH)","	81","	2026-07-28 12:02:53"
"	69BA0CDE","	Chamber1","	1","	B01??(?)","	22.8","	2026-07-28 12:02:53"
"	69BA0CDE","	Chamber1","	1","	B01??(%RH)","	81","	2026-07-28 12:02:51"
"	69BA0CDE","	Chamber1","	1","	B01??(?)","	22.9","	2026-07-28 12:02:51"
"	69BA0CDE","	Chamber1","	1","	B01??(%RH)","	81","	2026-07-28 12:02:49"
"	69BA0CDE","	Chamber1","	1","	B01??(?)","	22.8","	2026-07-28 12:02:49"
"	69BA0CDE","	Chamber1","	1","	B01??(%RH)","	81","	2026-07-28 12:02:47"
"	69BA0CDE","	Chamber1","	1","	B01??(?)","	22.8","	2026-07-28 12:02:47"
"	69BA0CDE","	Chamber1","	1","	B01??(%RH)","	81","	2026-07-28 12:02:45"
"	69BA0CDE","	Chamber1","	1","	B01??(?)","	22.8","	2026-07-28 12:02:45"
"	69BA0CDE","	Chamber1","	1","	B01??(%RH)","	81","	2026-07-28 12:02:43"
"	69BA0CDE","	Chamber1","	1","	B01??(?)","	22.8","	2026-07-28 12:02:43"
"	69BA0CDE","	Chamber1","	1","	B01??(%RH)","	81","	2026-07-28 12:02:41"
"	69BA0CDE","	Chamber1","	1","	B01??(?)","	22.8","	2026-07-28 12:02:41"
"	69BA0CDE","	Chamber1","	1","	B01??(%RH)","	81","	2026-07-28 12:02:39"
"	69BA0CDE","	Chamber1","	1","	B01??(?)","	22.8","	2026-07-28 12:02:39"
"	69BA0CDE","	Chamber1","	1","	B01??(%RH)","	81.1","	2026-07-28 12:02:37"
"	69BA0CDE","	Chamber1","	1","	B01??(?)","	22.8","	2026-07-28 12:02:37"
"	69BA0CDE","	Chamber1","	1","	B01??(%RH)","	81","	2026-07-28 12:02:35"
"	69BA0CDE","	Chamber1","	1","	B01??(?)","	22.8","	2026-07-28 12:02:35"
"	69BA0CDE","	Chamber1","	1","	B01??(%RH)","	81","	2026-07-28 12:02:33"
"	69BA0CDE","	Chamber1","	1","	B01??(?)","	22.8","	2026-07-28 12:02:33"
"	69BA0CDE","	Chamber1","	1","	B01??(%RH)","	81","	2026-07-28 12:02:31"
"	69BA0CDE","	Chamber1","	1","	B01??(?)","	22.8","	2026-07-28 12:02:31"
"	69BA0CDE","	Chamber1","	1","	B01??(%RH)","	80.9","	2026-07-28 12:02:28"
"	69BA0CDE","	Chamber1","	1","	B01??(?)","	22.8","	2026-07-28 12:02:28"
"	69BA0CDE","	Chamber1","	1","	B01??(%RH)","	80.9","	2026-07-28 12:02:26"
"	69BA0CDE","	Chamber1","	1","	B01??(?)","	22.8","	2026-07-28 12:02:26"
"	69BA0CDE","	Chamber1","	1","	B01??(%RH)","	80.8","	2026-07-28 12:02:24"
"	69BA0CDE","	Chamber1","	1","	B01??(?)","	22.8","	2026-07-28 12:02:24"
"	69BA0CDE","	Chamber1","	1","	B01??(%RH)","	80.8","	2026-07-28 12:02:22"
"	69BA0CDE","	Chamber1","	1","	B01??(?)","	22.8","	2026-07-28 12:02:22"
"	69BA0CDE","	Chamber1","	1","	B01??(%RH)","	80.7","	2026-07-28 12:02:20"
"	69BA0CDE","	Chamber1","	1","	B01??(?)","	22.8","	2026-07-28 12:02:20"
"	69BA0CDE","	Chamber1","	1","	B01??(%RH)","	80.7","	2026-07-28 12:02:18"
"	69BA0CDE","	Chamber1","	1","	B01??(?)","	22.8","	2026-07-28 12:02:18"
"	69BA0CDE","	Chamber1","	1","	B01??(%RH)","	80.7","	2026-07-28 12:02:16"
"	69BA0CDE","	Chamber1","	1","	B01??(?)","	22.8","	2026-07-28 12:02:16"
"	69BA0CDE","	Chamber1","	1","	B01??(%RH)","	80.7","	2026-07-28 12:02:14"
"	69BA0CDE","	Chamber1","	1","	B01??(?)","	22.8","	2026-07-28 12:02:14"
"	69BA0CDE","	Chamber1","	1","	B01??(%RH)","	80.7","	2026-07-28 12:02:12"
"	69BA0CDE","	Chamber1","	1","	B01??(?)","	22.8","	2026-07-28 12:02:12"
"	69BA0CDE","	Chamber1","	1","	B01??(%RH)","	80.8","	2026-07-28 12:02:10"
"	69BA0CDE","	Chamber1","	1","	B01??(?)","	22.8","	2026-07-28 12:02:10"
"	69BA0CDE","	Chamber1","	1","	B01??(%RH)","	80.8","	2026-07-28 12:02:08"
"	69BA0CDE","	Chamber1","	1","	B01??(?)","	22.9","	2026-07-28 12:02:08"
"	69BA0CDE","	Chamber1","	1","	B01??(%RH)","	80.8","	2026-07-28 12:02:06"
"	69BA0CDE","	Chamber1","	1","	B01??(?)","	22.8","	2026-07-28 12:02:06"
"	69BA0CDE","	Chamber1","	1","	B01??(%RH)","	80.8","	2026-07-28 12:02:04"
"	69BA0CDE","	Chamber1","	1","	B01??(?)","	22.8","	2026-07-28 12:02:04"
"	69BA0CDE","	Chamber1","	1","	B01??(%RH)","	80.8","	2026-07-28 12:02:02"
"	69BA0CDE","	Chamber1","	1","	B01??(?)","	22.8","	2026-07-28 12:02:02"
"	69BA0CDE","	Chamber1","	1","	B01??(%RH)","	80.8","	2026-07-28 12:02:00"
"	69BA0CDE","	Chamber1","	1","	B01??(?)","	22.8","	2026-07-28 12:02:00"
"	69BA0CDE","	Chamber1","	1","	B01??(%RH)","	80.9","	2026-07-28 12:01:58"
"	69BA0CDE","	Chamber1","	1","	B01??(?)","	22.9","	2026-07-28 12:01:58"
"	69BA0CDE","	Chamber1","	1","	B01??(%RH)","	80.9","	2026-07-28 12:01:56"
"	69BA0CDE","	Chamber1","	1","	B01??(?)","	22.8","	2026-07-28 12:01:56"
"	69BA0CDE","	Chamber1","	1","	B01??(%RH)","	80.9","	2026-07-28 12:01:54"
"	69BA0CDE","	Chamber1","	1","	B01??(?)","	22.9","	2026-07-28 12:01:54"
"	69BA0CDE","	Chamber1","	1","	B01??(%RH)","	80.9","	2026-07-28 12:01:52"
"	69BA0CDE","	Chamber1","	1","	B01??(?)","	22.8","	2026-07-28 12:01:52"
"	69BA0CDE","	Chamber1","	1","	B01??(%RH)","	81","	2026-07-28 12:01:50"
"	69BA0CDE","	Chamber1","	1","	B01??(?)","	22.8","	2026-07-28 12:01:50"
"	69BA0CDE","	Chamber1","	1","	B01??(%RH)","	81","	2026-07-28 12:01:48"
"	69BA0CDE","	Chamber1","	1","	B01??(?)","	22.8","	2026-07-28 12:01:48"
"	69BA0CDE","	Chamber1","	1","	B01??(%RH)","	81","	2026-07-28 12:01:45"
"	69BA0CDE","	Chamber1","	1","	B01??(?)","	22.8","	2026-07-28 12:01:45"
"	69BA0CDE","	Chamber1","	1","	B01??(%RH)","	81","	2026-07-28 12:01:43"
"	69BA0CDE","	Chamber1","	1","	B01??(?)","	22.8","	2026-07-28 12:01:43"
"	69BA0CDE","	Chamber1","	1","	B01??(%RH)","	81","	2026-07-28 12:01:41"
"	69BA0CDE","	Chamber1","	1","	B01??(?)","	22.8","	2026-07-28 12:01:41"
"	69BA0CDE","	Chamber1","	1","	B01??(%RH)","	81","	2026-07-28 12:01:39"
"	69BA0CDE","	Chamber1","	1","	B01??(?)","	22.8","	2026-07-28 12:01:39"
"	69BA0CDE","	Chamber1","	1","	B01??(%RH)","	81","	2026-07-28 12:01:37"
"	69BA0CDE","	Chamber1","	1","	B01??(?)","	22.9","	2026-07-28 12:01:37"
"	69BA0CDE","	Chamber1","	1","	B01??(%RH)","	80.9","	2026-07-28 12:01:35"
"	69BA0CDE","	Chamber1","	1","	B01??(?)","	22.8","	2026-07-28 12:01:35"
"	69BA0CDE","	Chamber1","	1","	B01??(%RH)","	80.9","	2026-07-28 12:01:33"
"	69BA0CDE","	Chamber1","	1","	B01??(?)","	22.8","	2026-07-28 12:01:33"
"	69BA0CDE","	Chamber1","	1","	B01??(%RH)","	80.9","	2026-07-28 12:01:31"
"	69BA0CDE","	Chamber1","	1","	B01??(?)","	22.8","	2026-07-28 12:01:31"
"	69BA0CDE","	Chamber1","	1","	B01??(%RH)","	80.9","	2026-07-28 12:01:29"
"	69BA0CDE","	Chamber1","	1","	B01??(?)","	22.8","	2026-07-28 12:01:29"
"	69BA0CDE","	Chamber1","	1","	B01??(%RH)","	80.9","	2026-07-28 12:01:27"
"	69BA0CDE","	Chamber1","	1","	B01??(?)","	22.8","	2026-07-28 12:01:27"
"	69BA0CDE","	Chamber1","	1","	B01??(%RH)","	80.9","	2026-07-28 12:01:25"
"	69BA0CDE","	Chamber1","	1","	B01??(?)","	22.8","	2026-07-28 12:01:25"
"	69BA0CDE","	Chamber1","	1","	B01??(%RH)","	80.9","	2026-07-28 12:01:23"
"	69BA0CDE","	Chamber1","	1","	B01??(?)","	22.8","	2026-07-28 12:01:23"
"	69BA0CDE","	Chamber1","	1","	B01??(%RH)","	80.9","	2026-07-28 12:01:21"
"	69BA0CDE","	Chamber1","	1","	B01??(?)","	22.8","	2026-07-28 12:01:21"
"	69BA0CDE","	Chamber1","	1","	B01??(%RH)","	80.9","	2026-07-28 12:01:19"
"	69BA0CDE","	Chamber1","	1","	B01??(?)","	22.8","	2026-07-28 12:01:19"
"	69BA0CDE","	Chamber1","	1","	B01??(%RH)","	80.9","	2026-07-28 12:01:17"
"	69BA0CDE","	Chamber1","	1","	B01??(?)","	22.8","	2026-07-28 12:01:17"
"	69BA0CDE","	Chamber1","	1","	B01??(%RH)","	80.9","	2026-07-28 12:01:15"
"	69BA0CDE","	Chamber1","	1","	B01??(?)","	22.8","	2026-07-28 12:01:15"
"	69BA0CDE","	Chamber1","	1","	B01??(%RH)","	80.8","	2026-07-28 12:01:13"
"	69BA0CDE","	Chamber1","	1","	B01??(?)","	22.8","	2026-07-28 12:01:13"
"	69BA0CDE","	Chamber1","	1","	B01??(%RH)","	80.8","	2026-07-28 12:01:11"
"	69BA0CDE","	Chamber1","	1","	B01??(?)","	22.8","	2026-07-28 12:01:11"
"	69BA0CDE","	Chamber1","	1","	B01??(%RH)","	80.8","	2026-07-28 12:01:09"
"	69BA0CDE","	Chamber1","	1","	B01??(?)","	22.8","	2026-07-28 12:01:09"
"	69BA0CDE","	Chamber1","	1","	B01??(%RH)","	80.8","	2026-07-28 12:01:07"
"	69BA0CDE","	Chamber1","	1","	B01??(?)","	22.8","	2026-07-28 12:01:07"
"	69BA0CDE","	Chamber1","	1","	B01??(%RH)","	80.8","	2026-07-28 12:01:05"
"	69BA0CDE","	Chamber1","	1","	B01??(?)","	22.8","	2026-07-28 12:01:05"
"	69BA0CDE","	Chamber1","	1","	B01??(%RH)","	80.8","	2026-07-28 12:01:03"
"	69BA0CDE","	Chamber1","	1","	B01??(?)","	22.8","	2026-07-28 12:01:03"
"	69BA0CDE","	Chamber1","	1","	B01??(%RH)","	80.8","	2026-07-28 12:01:00"
"	69BA0CDE","	Chamber1","	1","	B01??(?)","	22.8","	2026-07-28 12:01:00"
"	69BA0CDE","	Chamber1","	1","	B01??(%RH)","	80.8","	2026-07-28 12:00:58"
"	69BA0CDE","	Chamber1","	1","	B01??(?)","	22.8","	2026-07-28 12:00:58"
"	69BA0CDE","	Chamber1","	1","	B01??(%RH)","	80.8","	2026-07-28 12:00:56"
"	69BA0CDE","	Chamber1","	1","	B01??(?)","	22.8","	2026-07-28 12:00:56"
"	69BA0CDE","	Chamber1","	1","	B01??(%RH)","	80.9","	2026-07-28 12:00:54"
"	69BA0CDE","	Chamber1","	1","	B01??(?)","	22.8","	2026-07-28 12:00:54"
"	69BA0CDE","	Chamber1","	1","	B01??(%RH)","	80.9","	2026-07-28 12:00:52"
"	69BA0CDE","	Chamber1","	1","	B01??(?)","	22.8","	2026-07-28 12:00:52"
"	69BA0CDE","	Chamber1","	1","	B01??(%RH)","	80.9","	2026-07-28 12:00:50"
"	69BA0CDE","	Chamber1","	1","	B01??(?)","	22.8","	2026-07-28 12:00:50"
"	69BA0CDE","	Chamber1","	1","	B01??(%RH)","	80.9","	2026-07-28 12:00:48"
"	69BA0CDE","	Chamber1","	1","	B01??(?)","	22.8","	2026-07-28 12:00:48"
"	69BA0CDE","	Chamber1","	1","	B01??(%RH)","	80.9","	2026-07-28 12:00:46"
"	69BA0CDE","	Chamber1","	1","	B01??(?)","	22.8","	2026-07-28 12:00:46"
"	69BA0CDE","	Chamber1","	1","	B01??(%RH)","	80.9","	2026-07-28 12:00:44"
"	69BA0CDE","	Chamber1","	1","	B01??(?)","	22.8","	2026-07-28 12:00:44"
"	69BA0CDE","	Chamber1","	1","	B01??(%RH)","	80.9","	2026-07-28 12:00:42"
"	69BA0CDE","	Chamber1","	1","	B01??(?)","	22.8","	2026-07-28 12:00:42"
"	69BA0CDE","	Chamber1","	1","	B01??(%RH)","	80.9","	2026-07-28 12:00:40"
"	69BA0CDE","	Chamber1","	1","	B01??(?)","	22.8","	2026-07-28 12:00:40"
"	69BA0CDE","	Chamber1","	1","	B01??(%RH)","	80.9","	2026-07-28 12:00:38"
"	69BA0CDE","	Chamber1","	1","	B01??(?)","	22.8","	2026-07-28 12:00:38"
"	69BA0CDE","	Chamber1","	1","	B01??(%RH)","	80.9","	2026-07-28 12:00:36"
"	69BA0CDE","	Chamber1","	1","	B01??(?)","	22.8","	2026-07-28 12:00:36"
"	69BA0CDE","	Chamber1","	1","	B01??(%RH)","	80.9","	2026-07-28 12:00:34"
"	69BA0CDE","	Chamber1","	1","	B01??(?)","	22.8","	2026-07-28 12:00:34"
"	69BA0CDE","	Chamber1","	1","	B01??(%RH)","	80.9","	2026-07-28 12:00:32"
"	69BA0CDE","	Chamber1","	1","	B01??(?)","	22.8","	2026-07-28 12:00:32"
"	69BA0CDE","	Chamber1","	1","	B01??(%RH)","	80.9","	2026-07-28 12:00:30"
"	69BA0CDE","	Chamber1","	1","	B01??(?)","	22.8","	2026-07-28 12:00:30"
"	69BA0CDE","	Chamber1","	1","	B01??(%RH)","	80.9","	2026-07-28 12:00:28"
"	69BA0CDE","	Chamber1","	1","	B01??(?)","	22.8","	2026-07-28 12:00:28"
"	69BA0CDE","	Chamber1","	1","	B01??(%RH)","	80.9","	2026-07-28 12:00:26"
"	69BA0CDE","	Chamber1","	1","	B01??(?)","	22.8","	2026-07-28 12:00:26"
"	69BA0CDE","	Chamber1","	1","	B01??(%RH)","	80.9","	2026-07-28 12:00:24"
"	69BA0CDE","	Chamber1","	1","	B01??(?)","	22.8","	2026-07-28 12:00:24"
"	69BA0CDE","	Chamber1","	1","	B01??(%RH)","	80.9","	2026-07-28 12:00:22"
"	69BA0CDE","	Chamber1","	1","	B01??(?)","	22.8","	2026-07-28 12:00:22"
"	69BA0CDE","	Chamber1","	1","	B01??(%RH)","	80.9","	2026-07-28 12:00:20"
"	69BA0CDE","	Chamber1","	1","	B01??(?)","	22.8","	2026-07-28 12:00:20"
"	69BA0CDE","	Chamber1","	1","	B01??(%RH)","	80.8","	2026-07-28 12:00:18"
"	69BA0CDE","	Chamber1","	1","	B01??(?)","	22.8","	2026-07-28 12:00:18"
"	69BA0CDE","	Chamber1","	1","	B01??(%RH)","	80.8","	2026-07-28 12:00:15"
"	69BA0CDE","	Chamber1","	1","	B01??(?)","	22.8","	2026-07-28 12:00:15"
"	69BA0CDE","	Chamber1","	1","	B01??(%RH)","	80.8","	2026-07-28 12:00:13"
"	69BA0CDE","	Chamber1","	1","	B01??(?)","	22.8","	2026-07-28 12:00:13"
"	69BA0CDE","	Chamber1","	1","	B01??(%RH)","	80.8","	2026-07-28 12:00:11"
"	69BA0CDE","	Chamber1","	1","	B01??(?)","	22.8","	2026-07-28 12:00:11"
"	69BA0CDE","	Chamber1","	1","	B01??(%RH)","	80.8","	2026-07-28 12:00:09"
"	69BA0CDE","	Chamber1","	1","	B01??(?)","	22.8","	2026-07-28 12:00:09"
"	69BA0CDE","	Chamber1","	1","	B01??(%RH)","	80.8","	2026-07-28 12:00:07"
"	69BA0CDE","	Chamber1","	1","	B01??(?)","	22.8","	2026-07-28 12:00:07"
"	69BA0CDE","	Chamber1","	1","	B01??(%RH)","	80.8","	2026-07-28 12:00:05"
"	69BA0CDE","	Chamber1","	1","	B01??(?)","	22.8","	2026-07-28 12:00:05"
"	69BA0CDE","	Chamber1","	1","	B01??(%RH)","	80.8","	2026-07-28 12:00:03"
"	69BA0CDE","	Chamber1","	1","	B01??(?)","	22.8","	2026-07-28 12:00:03"
"	69BA0CDE","	Chamber1","	1","	B01??(%RH)","	80.8","	2026-07-28 12:00:01"
"	69BA0CDE","	Chamber1","	1","	B01??(?)","	22.8","	2026-07-28 12:00:01"
