??ID,????,????,????,????,??
"	69BA0CDE","	Chamber1","	1","	B01??(%RH)","	85.5","	2026-07-24 18:48:00"
"	69BA0CDE","	Chamber1","	1","	B01??(?)","	6.4","	2026-07-24 18:48:00"
"	69BA0CDE","	Chamber1","	1","	B01??(%RH)","	85.5","	2026-07-24 18:47:58"
"	69BA0CDE","	Chamber1","	1","	B01??(?)","	6.4","	2026-07-24 18:47:58"
"	69BA0CDE","	Chamber1","	1","	B01??(%RH)","	85.5","	2026-07-24 18:47:56"
"	69BA0CDE","	Chamber1","	1","	B01??(?)","	6.4","	2026-07-24 18:47:56"
"	69BA0CDE","	Chamber1","	1","	B01??(%RH)","	85.5","	2026-07-24 18:47:54"
"	69BA0CDE","	Chamber1","	1","	B01??(?)","	6.4","	2026-07-24 18:47:54"
"	69BA0CDE","	Chamber1","	1","	B01??(%RH)","	85.5","	2026-07-24 18:47:51"
"	69BA0CDE","	Chamber1","	1","	B01??(?)","	6.4","	2026-07-24 18:47:51"
"	69BA0CDE","	Chamber1","	1","	B01??(%RH)","	85.5","	2026-07-24 18:47:49"
"	69BA0CDE","	Chamber1","	1","	B01??(?)","	6.4","	2026-07-24 18:47:49"
"	69BA0CDE","	Chamber1","	1","	B01??(%RH)","	85.5","	2026-07-24 18:47:47"
"	69BA0CDE","	Chamber1","	1","	B01??(?)","	6.4","	2026-07-24 18:47:47"
"	69BA0CDE","	Chamber1","	1","	B01??(%RH)","	85.5","	2026-07-24 18:47:45"
"	69BA0CDE","	Chamber1","	1","	B01??(?)","	6.4","	2026-07-24 18:47:45"
"	69BA0CDE","	Chamber1","	1","	B01??(%RH)","	85.5","	2026-07-24 18:47:43"
"	69BA0CDE","	Chamber1","	1","	B01??(?)","	6.4","	2026-07-24 18:47:43"
"	69BA0CDE","	Chamber1","	1","	B01??(%RH)","	85.5","	2026-07-24 18:47:41"
"	69BA0CDE","	Chamber1","	1","	B01??(?)","	6.4","	2026-07-24 18:47:41"
"	69BA0CDE","	Chamber1","	1","	B01??(%RH)","	85.5","	2026-07-24 18:47:39"
"	69BA0CDE","	Chamber1","	1","	B01??(?)","	6.4","	2026-07-24 18:47:39"
"	69BA0CDE","	Chamber1","	1","	B01??(%RH)","	85.5","	2026-07-24 18:47:37"
"	69BA0CDE","	Chamber1","	1","	B01??(?)","	6.4","	2026-07-24 18:47:37"
"	69BA0CDE","	Chamber1","	1","	B01??(%RH)","	85.5","	2026-07-24 18:47:35"
"	69BA0CDE","	Chamber1","	1","	B01??(?)","	6.4","	2026-07-24 18:47:35"
"	69BA0CDE","	Chamber1","	1","	B01??(%RH)","	85.5","	2026-07-24 18:47:33"
"	69BA0CDE","	Chamber1","	1","	B01??(?)","	6.4","	2026-07-24 18:47:33"
"	69BA0CDE","	Chamber1","	1","	B01??(%RH)","	85.5","	2026-07-24 18:47:31"
"	69BA0CDE","	Chamber1","	1","	B01??(?)","	6.4","	2026-07-24 18:47:31"
"	69BA0CDE","	Chamber1","	1","	B01??(%RH)","	85.5","	2026-07-24 18:47:29"
"	69BA0CDE","	Chamber1","	1","	B01??(?)","	6.4","	2026-07-24 18:47:29"
"	69BA0CDE","	Chamber1","	1","	B01??(%RH)","	85.5","	2026-07-24 18:47:27"
"	69BA0CDE","	Chamber1","	1","	B01??(?)","	6.4","	2026-07-24 18:47:27"
"	69BA0CDE","	Chamber1","	1","	B01??(%RH)","	85.5","	2026-07-24 18:47:25"
"	69BA0CDE","	Chamber1","	1","	B01??(?)","	6.4","	2026-07-24 18:47:25"
"	69BA0CDE","	Chamber1","	1","	B01??(%RH)","	85.5","	2026-07-24 18:47:23"
"	69BA0CDE","	Chamber1","	1","	B01??(?)","	6.4","	2026-07-24 18:47:23"
"	69BA0CDE","	Chamber1","	1","	B01??(%RH)","	85.5","	2026-07-24 18:47:21"
"	69BA0CDE","	Chamber1","	1","	B01??(?)","	6.3","	2026-07-24 18:47:21"
"	69BA0CDE","	Chamber1","	1","	B01??(%RH)","	85.5","	2026-07-24 18:47:19"
"	69BA0CDE","	Chamber1","	1","	B01??(?)","	6.4","	2026-07-24 18:47:19"
"	69BA0CDE","	Chamber1","	1","	B01??(%RH)","	85.5","	2026-07-24 18:47:17"
"	69BA0CDE","	Chamber1","	1","	B01??(?)","	6.4","	2026-07-24 18:47:17"
"	69BA0CDE","	Chamber1","	1","	B01??(%RH)","	85.5","	2026-07-24 18:47:15"
"	69BA0CDE","	Chamber1","	1","	B01??(?)","	6.4","	2026-07-24 18:47:15"
"	69BA0CDE","	Chamber1","	1","	B01??(%RH)","	85.5","	2026-07-24 18:47:13"
"	69BA0CDE","	Chamber1","	1","	B01??(?)","	6.4","	2026-07-24 18:47:13"
"	69BA0CDE","	Chamber1","	1","	B01??(%RH)","	85.5","	2026-07-24 18:47:11"
"	69BA0CDE","	Chamber1","	1","	B01??(?)","	6.4","	2026-07-24 18:47:11"
"	69BA0CDE","	Chamber1","	1","	B01??(%RH)","	85.5","	2026-07-24 18:47:08"
"	69BA0CDE","	Chamber1","	1","	B01??(?)","	6.4","	2026-07-24 18:47:08"
"	69BA0CDE","	Chamber1","	1","	B01??(%RH)","	85.5","	2026-07-24 18:47:06"
"	69BA0CDE","	Chamber1","	1","	B01??(?)","	6.4","	2026-07-24 18:47:06"
"	69BA0CDE","	Chamber1","	1","	B01??(%RH)","	85.5","	2026-07-24 18:47:04"
"	69BA0CDE","	Chamber1","	1","	B01??(?)","	6.4","	2026-07-24 18:47:04"
"	69BA0CDE","	Chamber1","	1","	B01??(%RH)","	85.5","	2026-07-24 18:47:02"
"	69BA0CDE","	Chamber1","	1","	B01??(?)","	6.4","	2026-07-24 18:47:02"
"	69BA0CDE","	Chamber1","	1","	B01??(%RH)","	85.5","	2026-07-24 18:47:00"
"	69BA0CDE","	Chamber1","	1","	B01??(?)","	6.4","	2026-07-24 18:47:00"
"	69BA0CDE","	Chamber1","	1","	B01??(%RH)","	85.5","	2026-07-24 18:46:58"
"	69BA0CDE","	Chamber1","	1","	B01??(?)","	6.4","	2026-07-24 18:46:58"
"	69BA0CDE","	Chamber1","	1","	B01??(%RH)","	85.5","	2026-07-24 18:46:56"
"	69BA0CDE","	Chamber1","	1","	B01??(?)","	6.4","	2026-07-24 18:46:56"
"	69BA0CDE","	Chamber1","	1","	B01??(%RH)","	85.5","	2026-07-24 18:46:54"
"	69BA0CDE","	Chamber1","	1","	B01??(?)","	6.4","	2026-07-24 18:46:54"
"	69BA0CDE","	Chamber1","	1","	B01??(%RH)","	85.5","	2026-07-24 18:46:52"
"	69BA0CDE","	Chamber1","	1","	B01??(?)","	6.4","	2026-07-24 18:46:52"
"	69BA0CDE","	Chamber1","	1","	B01??(%RH)","	85.5","	2026-07-24 18:46:50"
"	69BA0CDE","	Chamber1","	1","	B01??(?)","	6.4","	2026-07-24 18:46:50"
"	69BA0CDE","	Chamber1","	1","	B01??(%RH)","	85.5","	2026-07-24 18:46:48"
"	69BA0CDE","	Chamber1","	1","	B01??(?)","	6.4","	2026-07-24 18:46:48"
"	69BA0CDE","	Chamber1","	1","	B01??(%RH)","	85.5","	2026-07-24 18:46:46"
"	69BA0CDE","	Chamber1","	1","	B01??(?)","	6.3","	2026-07-24 18:46:46"
"	69BA0CDE","	Chamber1","	1","	B01??(%RH)","	85.5","	2026-07-24 18:46:44"
"	69BA0CDE","	Chamber1","	1","	B01??(?)","	6.4","	2026-07-24 18:46:44"
"	69BA0CDE","	Chamber1","	1","	B01??(%RH)","	85.5","	2026-07-24 18:46:42"
"	69BA0CDE","	Chamber1","	1","	B01??(?)","	6.4","	2026-07-24 18:46:42"
"	69BA0CDE","	Chamber1","	1","	B01??(%RH)","	85.5","	2026-07-24 18:46:40"
"	69BA0CDE","	Chamber1","	1","	B01??(?)","	6.4","	2026-07-24 18:46:40"
"	69BA0CDE","	Chamber1","	1","	B01??(%RH)","	85.5","	2026-07-24 18:46:38"
"	69BA0CDE","	Chamber1","	1","	B01??(?)","	6.4","	2026-07-24 18:46:38"
"	69BA0CDE","	Chamber1","	1","	B01??(%RH)","	85.5","	2026-07-24 18:46:36"
"	69BA0CDE","	Chamber1","	1","	B01??(?)","	6.3","	2026-07-24 18:46:36"
"	69BA0CDE","	Chamber1","	1","	B01??(%RH)","	85.5","	2026-07-24 18:46:34"
"	69BA0CDE","	Chamber1","	1","	B01??(?)","	6.4","	2026-07-24 18:46:34"
"	69BA0CDE","	Chamber1","	1","	B01??(%RH)","	85.5","	2026-07-24 18:46:32"
"	69BA0CDE","	Chamber1","	1","	B01??(?)","	6.3","	2026-07-24 18:46:32"
"	69BA0CDE","	Chamber1","	1","	B01??(%RH)","	85.5","	2026-07-24 18:46:30"
"	69BA0CDE","	Chamber1","	1","	B01??(?)","	6.3","	2026-07-24 18:46:30"
"	69BA0CDE","	Chamber1","	1","	B01??(%RH)","	85.5","	2026-07-24 18:46:28"
"	69BA0CDE","	Chamber1","	1","	B01??(?)","	6.3","	2026-07-24 18:46:28"
"	69BA0CDE","	Chamber1","	1","	B01??(%RH)","	85.5","	2026-07-24 18:46:25"
"	69BA0CDE","	Chamber1","	1","	B01??(?)","	6.3","	2026-07-24 18:46:25"
"	69BA0CDE","	Chamber1","	1","	B01??(%RH)","	85.5","	2026-07-24 18:46:23"
"	69BA0CDE","	Chamber1","	1","	B01??(?)","	6.3","	2026-07-24 18:46:23"
"	69BA0CDE","	Chamber1","	1","	B01??(%RH)","	85.5","	2026-07-24 18:46:21"
"	69BA0CDE","	Chamber1","	1","	B01??(?)","	6.3","	2026-07-24 18:46:21"
"	69BA0CDE","	Chamber1","	1","	B01??(%RH)","	85.5","	2026-07-24 18:46:19"
"	69BA0CDE","	Chamber1","	1","	B01??(?)","	6.3","	2026-07-24 18:46:19"
"	69BA0CDE","	Chamber1","	1","	B01??(%RH)","	85.5","	2026-07-24 18:46:17"
"	69BA0CDE","	Chamber1","	1","	B01??(?)","	6.3","	2026-07-24 18:46:17"
"	69BA0CDE","	Chamber1","	1","	B01??(%RH)","	85.5","	2026-07-24 18:46:15"
"	69BA0CDE","	Chamber1","	1","	B01??(?)","	6.3","	2026-07-24 18:46:15"
"	69BA0CDE","	Chamber1","	1","	B01??(%RH)","	85.5","	2026-07-24 18:46:13"
"	69BA0CDE","	Chamber1","	1","	B01??(?)","	6.3","	2026-07-24 18:46:13"
"	69BA0CDE","	Chamber1","	1","	B01??(%RH)","	85.5","	2026-07-24 18:46:11"
"	69BA0CDE","	Chamber1","	1","	B01??(?)","	6.3","	2026-07-24 18:46:11"
"	69BA0CDE","	Chamber1","	1","	B01??(%RH)","	85.5","	2026-07-24 18:46:09"
"	69BA0CDE","	Chamber1","	1","	B01??(?)","	6.3","	2026-07-24 18:46:09"
"	69BA0CDE","	Chamber1","	1","	B01??(%RH)","	85.5","	2026-07-24 18:46:07"
"	69BA0CDE","	Chamber1","	1","	B01??(?)","	6.4","	2026-07-24 18:46:07"
"	69BA0CDE","	Chamber1","	1","	B01??(%RH)","	85.5","	2026-07-24 18:46:05"
"	69BA0CDE","	Chamber1","	1","	B01??(?)","	6.3","	2026-07-24 18:46:05"
"	69BA0CDE","	Chamber1","	1","	B01??(%RH)","	85.5","	2026-07-24 18:46:03"
"	69BA0CDE","	Chamber1","	1","	B01??(?)","	6.3","	2026-07-24 18:46:03"
"	69BA0CDE","	Chamber1","	1","	B01??(%RH)","	85.5","	2026-07-24 18:46:01"
"	69BA0CDE","	Chamber1","	1","	B01??(?)","	6.3","	2026-07-24 18:46:01"
"	69BA0CDE","	Chamber1","	1","	B01??(%RH)","	85.5","	2026-07-24 18:45:59"
"	69BA0CDE","	Chamber1","	1","	B01??(?)","	6.3","	2026-07-24 18:45:59"
"	69BA0CDE","	Chamber1","	1","	B01??(%RH)","	85.5","	2026-07-24 18:45:57"
"	69BA0CDE","	Chamber1","	1","	B01??(?)","	6.3","	2026-07-24 18:45:57"
"	69BA0CDE","	Chamber1","	1","	B01??(%RH)","	85.5","	2026-07-24 18:45:55"
"	69BA0CDE","	Chamber1","	1","	B01??(?)","	6.4","	2026-07-24 18:45:55"
"	69BA0CDE","	Chamber1","	1","	B01??(%RH)","	85.5","	2026-07-24 18:45:53"
"	69BA0CDE","	Chamber1","	1","	B01??(?)","	6.3","	2026-07-24 18:45:53"
"	69BA0CDE","	Chamber1","	1","	B01??(%RH)","	85.5","	2026-07-24 18:45:51"
"	69BA0CDE","	Chamber1","	1","	B01??(?)","	6.3","	2026-07-24 18:45:51"
"	69BA0CDE","	Chamber1","	1","	B01??(%RH)","	85.5","	2026-07-24 18:45:49"
"	69BA0CDE","	Chamber1","	1","	B01??(?)","	6.3","	2026-07-24 18:45:49"
"	69BA0CDE","	Chamber1","	1","	B01??(%RH)","	85.5","	2026-07-24 18:45:47"
"	69BA0CDE","	Chamber1","	1","	B01??(?)","	6.3","	2026-07-24 18:45:47"
"	69BA0CDE","	Chamber1","	1","	B01??(%RH)","	85.5","	2026-07-24 18:45:45"
"	69BA0CDE","	Chamber1","	1","	B01??(?)","	6.3","	2026-07-24 18:45:45"
"	69BA0CDE","	Chamber1","	1","	B01??(%RH)","	85.5","	2026-07-24 18:45:42"
"	69BA0CDE","	Chamber1","	1","	B01??(?)","	6.3","	2026-07-24 18:45:42"
"	69BA0CDE","	Chamber1","	1","	B01??(%RH)","	85.5","	2026-07-24 18:45:40"
"	69BA0CDE","	Chamber1","	1","	B01??(?)","	6.3","	2026-07-24 18:45:40"
"	69BA0CDE","	Chamber1","	1","	B01??(%RH)","	85.5","	2026-07-24 18:45:38"
"	69BA0CDE","	Chamber1","	1","	B01??(?)","	6.3","	2026-07-24 18:45:38"
"	69BA0CDE","	Chamber1","	1","	B01??(%RH)","	85.5","	2026-07-24 18:45:36"
"	69BA0CDE","	Chamber1","	1","	B01??(?)","	6.3","	2026-07-24 18:45:36"
"	69BA0CDE","	Chamber1","	1","	B01??(%RH)","	85.5","	2026-07-24 18:45:34"
"	69BA0CDE","	Chamber1","	1","	B01??(?)","	6.3","	2026-07-24 18:45:34"
"	69BA0CDE","	Chamber1","	1","	B01??(%RH)","	85.5","	2026-07-24 18:45:32"
"	69BA0CDE","	Chamber1","	1","	B01??(?)","	6.3","	2026-07-24 18:45:32"
"	69BA0CDE","	Chamber1","	1","	B01??(%RH)","	85.5","	2026-07-24 18:45:30"
"	69BA0CDE","	Chamber1","	1","	B01??(?)","	6.3","	2026-07-24 18:45:30"
"	69BA0CDE","	Chamber1","	1","	B01??(%RH)","	85.5","	2026-07-24 18:45:28"
"	69BA0CDE","	Chamber1","	1","	B01??(?)","	6.3","	2026-07-24 18:45:28"
"	69BA0CDE","	Chamber1","	1","	B01??(%RH)","	85.5","	2026-07-24 18:45:26"
"	69BA0CDE","	Chamber1","	1","	B01??(?)","	6.3","	2026-07-24 18:45:26"
"	69BA0CDE","	Chamber1","	1","	B01??(%RH)","	85.5","	2026-07-24 18:45:24"
"	69BA0CDE","	Chamber1","	1","	B01??(?)","	6.3","	2026-07-24 18:45:24"
"	69BA0CDE","	Chamber1","	1","	B01??(%RH)","	85.5","	2026-07-24 18:45:22"
"	69BA0CDE","	Chamber1","	1","	B01??(?)","	6.3","	2026-07-24 18:45:22"
"	69BA0CDE","	Chamber1","	1","	B01??(%RH)","	85.5","	2026-07-24 18:45:20"
"	69BA0CDE","	Chamber1","	1","	B01??(?)","	6.3","	2026-07-24 18:45:20"
"	69BA0CDE","	Chamber1","	1","	B01??(%RH)","	85.5","	2026-07-24 18:45:18"
"	69BA0CDE","	Chamber1","	1","	B01??(?)","	6.3","	2026-07-24 18:45:18"
"	69BA0CDE","	Chamber1","	1","	B01??(%RH)","	85.6","	2026-07-24 18:45:16"
"	69BA0CDE","	Chamber1","	1","	B01??(?)","	6.3","	2026-07-24 18:45:16"
"	69BA0CDE","	Chamber1","	1","	B01??(%RH)","	85.5","	2026-07-24 18:45:14"
"	69BA0CDE","	Chamber1","	1","	B01??(?)","	6.3","	2026-07-24 18:45:14"
"	69BA0CDE","	Chamber1","	1","	B01??(%RH)","	85.5","	2026-07-24 18:45:12"
"	69BA0CDE","	Chamber1","	1","	B01??(?)","	6.3","	2026-07-24 18:45:12"
"	69BA0CDE","	Chamber1","	1","	B01??(%RH)","	85.5","	2026-07-24 18:45:10"
"	69BA0CDE","	Chamber1","	1","	B01??(?)","	6.3","	2026-07-24 18:45:10"
"	69BA0CDE","	Chamber1","	1","	B01??(%RH)","	85.5","	2026-07-24 18:45:08"
"	69BA0CDE","	Chamber1","	1","	B01??(?)","	6.3","	2026-07-24 18:45:08"
"	69BA0CDE","	Chamber1","	1","	B01??(%RH)","	85.5","	2026-07-24 18:45:06"
"	69BA0CDE","	Chamber1","	1","	B01??(?)","	6.3","	2026-07-24 18:45:06"
"	69BA0CDE","	Chamber1","	1","	B01??(%RH)","	85.5","	2026-07-24 18:45:04"
"	69BA0CDE","	Chamber1","	1","	B01??(?)","	6.3","	2026-07-24 18:45:04"
"	69BA0CDE","	Chamber1","	1","	B01??(%RH)","	85.5","	2026-07-24 18:45:02"
"	69BA0CDE","	Chamber1","	1","	B01??(?)","	6.3","	2026-07-24 18:45:02"
"	69BA0CDE","	Chamber1","	1","	B01??(%RH)","	85.5","	2026-07-24 18:44:59"
"	69BA0CDE","	Chamber1","	1","	B01??(?)","	6.3","	2026-07-24 18:44:59"
"	69BA0CDE","	Chamber1","	1","	B01??(%RH)","	85.5","	2026-07-24 18:44:57"
"	69BA0CDE","	Chamber1","	1","	B01??(?)","	6.3","	2026-07-24 18:44:57"
"	69BA0CDE","	Chamber1","	1","	B01??(%RH)","	85.5","	2026-07-24 18:44:55"
"	69BA0CDE","	Chamber1","	1","	B01??(?)","	6.3","	2026-07-24 18:44:55"
"	69BA0CDE","	Chamber1","	1","	B01??(%RH)","	85.5","	2026-07-24 18:44:53"
"	69BA0CDE","	Chamber1","	1","	B01??(?)","	6.3","	2026-07-24 18:44:53"
"	69BA0CDE","	Chamber1","	1","	B01??(%RH)","	85.5","	2026-07-24 18:44:51"
"	69BA0CDE","	Chamber1","	1","	B01??(?)","	6.3","	2026-07-24 18:44:51"
"	69BA0CDE","	Chamber1","	1","	B01??(%RH)","	85.5","	2026-07-24 18:44:49"
"	69BA0CDE","	Chamber1","	1","	B01??(?)","	6.3","	2026-07-24 18:44:49"
"	69BA0CDE","	Chamber1","	1","	B01??(%RH)","	85.5","	2026-07-24 18:44:47"
"	69BA0CDE","	Chamber1","	1","	B01??(?)","	6.3","	2026-07-24 18:44:47"
"	69BA0CDE","	Chamber1","	1","	B01??(%RH)","	85.5","	2026-07-24 18:44:45"
"	69BA0CDE","	Chamber1","	1","	B01??(?)","	6.3","	2026-07-24 18:44:45"
"	69BA0CDE","	Chamber1","	1","	B01??(%RH)","	85.5","	2026-07-24 18:44:43"
"	69BA0CDE","	Chamber1","	1","	B01??(?)","	6.3","	2026-07-24 18:44:43"
"	69BA0CDE","	Chamber1","	1","	B01??(%RH)","	85.5","	2026-07-24 18:44:41"
"	69BA0CDE","	Chamber1","	1","	B01??(?)","	6.3","	2026-07-24 18:44:41"
"	69BA0CDE","	Chamber1","	1","	B01??(%RH)","	85.5","	2026-07-24 18:44:39"
"	69BA0CDE","	Chamber1","	1","	B01??(?)","	6.3","	2026-07-24 18:44:39"
"	69BA0CDE","	Chamber1","	1","	B01??(%RH)","	85.6","	2026-07-24 18:44:37"
"	69BA0CDE","	Chamber1","	1","	B01??(?)","	6.3","	2026-07-24 18:44:37"
"	69BA0CDE","	Chamber1","	1","	B01??(%RH)","	85.5","	2026-07-24 18:44:35"
"	69BA0CDE","	Chamber1","	1","	B01??(?)","	6.3","	2026-07-24 18:44:35"
"	69BA0CDE","	Chamber1","	1","	B01??(%RH)","	85.5","	2026-07-24 18:44:33"
"	69BA0CDE","	Chamber1","	1","	B01??(?)","	6.3","	2026-07-24 18:44:33"
"	69BA0CDE","	Chamber1","	1","	B01??(%RH)","	85.5","	2026-07-24 18:44:31"
"	69BA0CDE","	Chamber1","	1","	B01??(?)","	6.3","	2026-07-24 18:44:31"
"	69BA0CDE","	Chamber1","	1","	B01??(%RH)","	85.5","	2026-07-24 18:44:29"
"	69BA0CDE","	Chamber1","	1","	B01??(?)","	6.3","	2026-07-24 18:44:29"
"	69BA0CDE","	Chamber1","	1","	B01??(%RH)","	85.5","	2026-07-24 18:44:27"
"	69BA0CDE","	Chamber1","	1","	B01??(?)","	6.3","	2026-07-24 18:44:27"
"	69BA0CDE","	Chamber1","	1","	B01??(%RH)","	85.5","	2026-07-24 18:44:25"
"	69BA0CDE","	Chamber1","	1","	B01??(?)","	6.3","	2026-07-24 18:44:25"
"	69BA0CDE","	Chamber1","	1","	B01??(%RH)","	85.5","	2026-07-24 18:44:23"
"	69BA0CDE","	Chamber1","	1","	B01??(?)","	6.3","	2026-07-24 18:44:23"
"	69BA0CDE","	Chamber1","	1","	B01??(%RH)","	85.5","	2026-07-24 18:44:21"
"	69BA0CDE","	Chamber1","	1","	B01??(?)","	6.3","	2026-07-24 18:44:21"
"	69BA0CDE","	Chamber1","	1","	B01??(%RH)","	85.6","	2026-07-24 18:44:19"
"	69BA0CDE","	Chamber1","	1","	B01??(?)","	6.3","	2026-07-24 18:44:19"
"	69BA0CDE","	Chamber1","	1","	B01??(%RH)","	85.5","	2026-07-24 18:44:17"
"	69BA0CDE","	Chamber1","	1","	B01??(?)","	6.3","	2026-07-24 18:44:17"
"	69BA0CDE","	Chamber1","	1","	B01??(%RH)","	85.5","	2026-07-24 18:44:14"
"	69BA0CDE","	Chamber1","	1","	B01??(?)","	6.3","	2026-07-24 18:44:14"
"	69BA0CDE","	Chamber1","	1","	B01??(%RH)","	85.5","	2026-07-24 18:44:12"
"	69BA0CDE","	Chamber1","	1","	B01??(?)","	6.3","	2026-07-24 18:44:12"
"	69BA0CDE","	Chamber1","	1","	B01??(%RH)","	85.5","	2026-07-24 18:44:10"
"	69BA0CDE","	Chamber1","	1","	B01??(?)","	6.3","	2026-07-24 18:44:10"
"	69BA0CDE","	Chamber1","	1","	B01??(%RH)","	85.6","	2026-07-24 18:44:08"
"	69BA0CDE","	Chamber1","	1","	B01??(?)","	6.3","	2026-07-24 18:44:08"
"	69BA0CDE","	Chamber1","	1","	B01??(%RH)","	85.5","	2026-07-24 18:44:06"
"	69BA0CDE","	Chamber1","	1","	B01??(?)","	6.3","	2026-07-24 18:44:06"
"	69BA0CDE","	Chamber1","	1","	B01??(%RH)","	85.6","	2026-07-24 18:44:04"
"	69BA0CDE","	Chamber1","	1","	B01??(?)","	6.3","	2026-07-24 18:44:04"
"	69BA0CDE","	Chamber1","	1","	B01??(%RH)","	85.6","	2026-07-24 18:44:02"
"	69BA0CDE","	Chamber1","	1","	B01??(?)","	6.3","	2026-07-24 18:44:02"
"	69BA0CDE","	Chamber1","	1","	B01??(%RH)","	85.6","	2026-07-24 18:44:00"
"	69BA0CDE","	Chamber1","	1","	B01??(?)","	6.3","	2026-07-24 18:44:00"
"	69BA0CDE","	Chamber1","	1","	B01??(%RH)","	85.5","	2026-07-24 18:43:58"
"	69BA0CDE","	Chamber1","	1","	B01??(?)","	6.3","	2026-07-24 18:43:58"
"	69BA0CDE","	Chamber1","	1","	B01??(%RH)","	85.5","	2026-07-24 18:43:56"
"	69BA0CDE","	Chamber1","	1","	B01??(?)","	6.3","	2026-07-24 18:43:56"
"	69BA0CDE","	Chamber1","	1","	B01??(%RH)","	85.6","	2026-07-24 18:43:54"
"	69BA0CDE","	Chamber1","	1","	B01??(?)","	6.3","	2026-07-24 18:43:54"
"	69BA0CDE","	Chamber1","	1","	B01??(%RH)","	85.5","	2026-07-24 18:43:52"
"	69BA0CDE","	Chamber1","	1","	B01??(?)","	6.3","	2026-07-24 18:43:52"
"	69BA0CDE","	Chamber1","	1","	B01??(%RH)","	85.5","	2026-07-24 18:43:50"
"	69BA0CDE","	Chamber1","	1","	B01??(?)","	6.3","	2026-07-24 18:43:50"
"	69BA0CDE","	Chamber1","	1","	B01??(%RH)","	85.6","	2026-07-24 18:43:48"
"	69BA0CDE","	Chamber1","	1","	B01??(?)","	6.3","	2026-07-24 18:43:48"
"	69BA0CDE","	Chamber1","	1","	B01??(%RH)","	85.6","	2026-07-24 18:43:46"
"	69BA0CDE","	Chamber1","	1","	B01??(?)","	6.3","	2026-07-24 18:43:46"
"	69BA0CDE","	Chamber1","	1","	B01??(%RH)","	85.5","	2026-07-24 18:43:44"
"	69BA0CDE","	Chamber1","	1","	B01??(?)","	6.3","	2026-07-24 18:43:44"
"	69BA0CDE","	Chamber1","	1","	B01??(%RH)","	85.6","	2026-07-24 18:43:42"
"	69BA0CDE","	Chamber1","	1","	B01??(?)","	6.3","	2026-07-24 18:43:42"
"	69BA0CDE","	Chamber1","	1","	B01??(%RH)","	85.6","	2026-07-24 18:43:40"
"	69BA0CDE","	Chamber1","	1","	B01??(?)","	6.3","	2026-07-24 18:43:40"
"	69BA0CDE","	Chamber1","	1","	B01??(%RH)","	85.6","	2026-07-24 18:43:38"
"	69BA0CDE","	Chamber1","	1","	B01??(?)","	6.3","	2026-07-24 18:43:38"
"	69BA0CDE","	Chamber1","	1","	B01??(%RH)","	85.6","	2026-07-24 18:43:36"
"	69BA0CDE","	Chamber1","	1","	B01??(?)","	6.3","	2026-07-24 18:43:36"
"	69BA0CDE","	Chamber1","	1","	B01??(%RH)","	85.6","	2026-07-24 18:43:33"
"	69BA0CDE","	Chamber1","	1","	B01??(?)","	6.3","	2026-07-24 18:43:33"
"	69BA0CDE","	Chamber1","	1","	B01??(%RH)","	85.5","	2026-07-24 18:43:31"
"	69BA0CDE","	Chamber1","	1","	B01??(?)","	6.3","	2026-07-24 18:43:31"
"	69BA0CDE","	Chamber1","	1","	B01??(%RH)","	85.5","	2026-07-24 18:43:29"
"	69BA0CDE","	Chamber1","	1","	B01??(?)","	6.3","	2026-07-24 18:43:29"
"	69BA0CDE","	Chamber1","	1","	B01??(%RH)","	85.6","	2026-07-24 18:43:27"
"	69BA0CDE","	Chamber1","	1","	B01??(?)","	6.3","	2026-07-24 18:43:27"
"	69BA0CDE","	Chamber1","	1","	B01??(%RH)","	85.5","	2026-07-24 18:43:25"
"	69BA0CDE","	Chamber1","	1","	B01??(?)","	6.2","	2026-07-24 18:43:25"
"	69BA0CDE","	Chamber1","	1","	B01??(%RH)","	85.6","	2026-07-24 18:43:23"
"	69BA0CDE","	Chamber1","	1","	B01??(?)","	6.3","	2026-07-24 18:43:23"
"	69BA0CDE","	Chamber1","	1","	B01??(%RH)","	85.5","	2026-07-24 18:43:21"
"	69BA0CDE","	Chamber1","	1","	B01??(?)","	6.3","	2026-07-24 18:43:21"
"	69BA0CDE","	Chamber1","	1","	B01??(%RH)","	85.5","	2026-07-24 18:43:19"
"	69BA0CDE","	Chamber1","	1","	B01??(?)","	6.3","	2026-07-24 18:43:19"
"	69BA0CDE","	Chamber1","	1","	B01??(%RH)","	85.5","	2026-07-24 18:43:17"
"	69BA0CDE","	Chamber1","	1","	B01??(?)","	6.3","	2026-07-24 18:43:17"
"	69BA0CDE","	Chamber1","	1","	B01??(%RH)","	85.6","	2026-07-24 18:43:15"
"	69BA0CDE","	Chamber1","	1","	B01??(?)","	6.3","	2026-07-24 18:43:15"
"	69BA0CDE","	Chamber1","	1","	B01??(%RH)","	85.5","	2026-07-24 18:43:13"
"	69BA0CDE","	Chamber1","	1","	B01??(?)","	6.3","	2026-07-24 18:43:13"
"	69BA0CDE","	Chamber1","	1","	B01??(%RH)","	85.6","	2026-07-24 18:43:11"
"	69BA0CDE","	Chamber1","	1","	B01??(?)","	6.3","	2026-07-24 18:43:11"
"	69BA0CDE","	Chamber1","	1","	B01??(%RH)","	85.6","	2026-07-24 18:43:09"
"	69BA0CDE","	Chamber1","	1","	B01??(?)","	6.3","	2026-07-24 18:43:09"
"	69BA0CDE","	Chamber1","	1","	B01??(%RH)","	85.6","	2026-07-24 18:43:07"
"	69BA0CDE","	Chamber1","	1","	B01??(?)","	6.3","	2026-07-24 18:43:07"
"	69BA0CDE","	Chamber1","	1","	B01??(%RH)","	85.6","	2026-07-24 18:43:05"
"	69BA0CDE","	Chamber1","	1","	B01??(?)","	6.3","	2026-07-24 18:43:05"
"	69BA0CDE","	Chamber1","	1","	B01??(%RH)","	85.6","	2026-07-24 18:43:03"
"	69BA0CDE","	Chamber1","	1","	B01??(?)","	6.3","	2026-07-24 18:43:03"
"	69BA0CDE","	Chamber1","	1","	B01??(%RH)","	85.5","	2026-07-24 18:43:01"
"	69BA0CDE","	Chamber1","	1","	B01??(?)","	6.3","	2026-07-24 18:43:01"
"	69BA0CDE","	Chamber1","	1","	B01??(%RH)","	85.5","	2026-07-24 18:42:59"
"	69BA0CDE","	Chamber1","	1","	B01??(?)","	6.3","	2026-07-24 18:42:59"
"	69BA0CDE","	Chamber1","	1","	B01??(%RH)","	85.6","	2026-07-24 18:42:57"
"	69BA0CDE","	Chamber1","	1","	B01??(?)","	6.3","	2026-07-24 18:42:57"
"	69BA0CDE","	Chamber1","	1","	B01??(%RH)","	85.5","	2026-07-24 18:42:55"
"	69BA0CDE","	Chamber1","	1","	B01??(?)","	6.3","	2026-07-24 18:42:55"
"	69BA0CDE","	Chamber1","	1","	B01??(%RH)","	85.6","	2026-07-24 18:42:53"
"	69BA0CDE","	Chamber1","	1","	B01??(?)","	6.3","	2026-07-24 18:42:53"
"	69BA0CDE","	Chamber1","	1","	B01??(%RH)","	85.6","	2026-07-24 18:42:51"
"	69BA0CDE","	Chamber1","	1","	B01??(?)","	6.3","	2026-07-24 18:42:51"
"	69BA0CDE","	Chamber1","	1","	B01??(%RH)","	85.6","	2026-07-24 18:42:49"
"	69BA0CDE","	Chamber1","	1","	B01??(?)","	6.3","	2026-07-24 18:42:49"
"	69BA0CDE","	Chamber1","	1","	B01??(%RH)","	85.6","	2026-07-24 18:42:46"
"	69BA0CDE","	Chamber1","	1","	B01??(?)","	6.3","	2026-07-24 18:42:46"
"	69BA0CDE","	Chamber1","	1","	B01??(%RH)","	85.6","	2026-07-24 18:42:44"
"	69BA0CDE","	Chamber1","	1","	B01??(?)","	6.3","	2026-07-24 18:42:44"
"	69BA0CDE","	Chamber1","	1","	B01??(%RH)","	85.6","	2026-07-24 18:42:42"
"	69BA0CDE","	Chamber1","	1","	B01??(?)","	6.3","	2026-07-24 18:42:42"
"	69BA0CDE","	Chamber1","	1","	B01??(%RH)","	85.5","	2026-07-24 18:42:40"
"	69BA0CDE","	Chamber1","	1","	B01??(?)","	6.3","	2026-07-24 18:42:40"
"	69BA0CDE","	Chamber1","	1","	B01??(%RH)","	85.5","	2026-07-24 18:42:38"
"	69BA0CDE","	Chamber1","	1","	B01??(?)","	6.3","	2026-07-24 18:42:38"
"	69BA0CDE","	Chamber1","	1","	B01??(%RH)","	85.5","	2026-07-24 18:42:36"
"	69BA0CDE","	Chamber1","	1","	B01??(?)","	6.3","	2026-07-24 18:42:36"
"	69BA0CDE","	Chamber1","	1","	B01??(%RH)","	85.6","	2026-07-24 18:42:34"
"	69BA0CDE","	Chamber1","	1","	B01??(?)","	6.3","	2026-07-24 18:42:34"
"	69BA0CDE","	Chamber1","	1","	B01??(%RH)","	85.5","	2026-07-24 18:42:32"
"	69BA0CDE","	Chamber1","	1","	B01??(?)","	6.2","	2026-07-24 18:42:32"
"	69BA0CDE","	Chamber1","	1","	B01??(%RH)","	85.5","	2026-07-24 18:42:30"
"	69BA0CDE","	Chamber1","	1","	B01??(?)","	6.3","	2026-07-24 18:42:30"
"	69BA0CDE","	Chamber1","	1","	B01??(%RH)","	85.6","	2026-07-24 18:42:28"
"	69BA0CDE","	Chamber1","	1","	B01??(?)","	6.3","	2026-07-24 18:42:28"
"	69BA0CDE","	Chamber1","	1","	B01??(%RH)","	85.5","	2026-07-24 18:42:26"
"	69BA0CDE","	Chamber1","	1","	B01??(?)","	6.3","	2026-07-24 18:42:26"
"	69BA0CDE","	Chamber1","	1","	B01??(%RH)","	85.6","	2026-07-24 18:42:24"
"	69BA0CDE","	Chamber1","	1","	B01??(?)","	6.2","	2026-07-24 18:42:24"
"	69BA0CDE","	Chamber1","	1","	B01??(%RH)","	85.6","	2026-07-24 18:42:22"
"	69BA0CDE","	Chamber1","	1","	B01??(?)","	6.3","	2026-07-24 18:42:22"
"	69BA0CDE","	Chamber1","	1","	B01??(%RH)","	85.6","	2026-07-24 18:42:20"
"	69BA0CDE","	Chamber1","	1","	B01??(?)","	6.2","	2026-07-24 18:42:20"
"	69BA0CDE","	Chamber1","	1","	B01??(%RH)","	85.6","	2026-07-24 18:42:18"
"	69BA0CDE","	Chamber1","	1","	B01??(?)","	6.2","	2026-07-24 18:42:18"
"	69BA0CDE","	Chamber1","	1","	B01??(%RH)","	85.6","	2026-07-24 18:42:16"
"	69BA0CDE","	Chamber1","	1","	B01??(?)","	6.2","	2026-07-24 18:42:16"
"	69BA0CDE","	Chamber1","	1","	B01??(%RH)","	85.6","	2026-07-24 18:42:14"
"	69BA0CDE","	Chamber1","	1","	B01??(?)","	6.2","	2026-07-24 18:42:14"
"	69BA0CDE","	Chamber1","	1","	B01??(%RH)","	85.6","	2026-07-24 18:42:12"
"	69BA0CDE","	Chamber1","	1","	B01??(?)","	6.3","	2026-07-24 18:42:12"
"	69BA0CDE","	Chamber1","	1","	B01??(%RH)","	85.6","	2026-07-24 18:42:10"
"	69BA0CDE","	Chamber1","	1","	B01??(?)","	6.2","	2026-07-24 18:42:10"
"	69BA0CDE","	Chamber1","	1","	B01??(%RH)","	85.6","	2026-07-24 18:42:08"
"	69BA0CDE","	Chamber1","	1","	B01??(?)","	6.3","	2026-07-24 18:42:08"
"	69BA0CDE","	Chamber1","	1","	B01??(%RH)","	85.6","	2026-07-24 18:42:05"
"	69BA0CDE","	Chamber1","	1","	B01??(?)","	6.2","	2026-07-24 18:42:05"
"	69BA0CDE","	Chamber1","	1","	B01??(%RH)","	85.6","	2026-07-24 18:42:03"
"	69BA0CDE","	Chamber1","	1","	B01??(?)","	6.2","	2026-07-24 18:42:03"
"	69BA0CDE","	Chamber1","	1","	B01??(%RH)","	85.6","	2026-07-24 18:42:01"
"	69BA0CDE","	Chamber1","	1","	B01??(?)","	6.2","	2026-07-24 18:42:01"
"	69BA0CDE","	Chamber1","	1","	B01??(%RH)","	85.6","	2026-07-24 18:41:59"
"	69BA0CDE","	Chamber1","	1","	B01??(?)","	6.2","	2026-07-24 18:41:59"
"	69BA0CDE","	Chamber1","	1","	B01??(%RH)","	85.6","	2026-07-24 18:41:57"
"	69BA0CDE","	Chamber1","	1","	B01??(?)","	6.2","	2026-07-24 18:41:57"
"	69BA0CDE","	Chamber1","	1","	B01??(%RH)","	85.5","	2026-07-24 18:41:55"
"	69BA0CDE","	Chamber1","	1","	B01??(?)","	6.2","	2026-07-24 18:41:55"
"	69BA0CDE","	Chamber1","	1","	B01??(%RH)","	85.6","	2026-07-24 18:41:53"
"	69BA0CDE","	Chamber1","	1","	B01??(?)","	6.2","	2026-07-24 18:41:53"
"	69BA0CDE","	Chamber1","	1","	B01??(%RH)","	85.6","	2026-07-24 18:41:51"
"	69BA0CDE","	Chamber1","	1","	B01??(?)","	6.2","	2026-07-24 18:41:51"
"	69BA0CDE","	Chamber1","	1","	B01??(%RH)","	85.6","	2026-07-24 18:41:49"
"	69BA0CDE","	Chamber1","	1","	B01??(?)","	6.2","	2026-07-24 18:41:49"
"	69BA0CDE","	Chamber1","	1","	B01??(%RH)","	85.6","	2026-07-24 18:41:47"
"	69BA0CDE","	Chamber1","	1","	B01??(?)","	6.2","	2026-07-24 18:41:47"
"	69BA0CDE","	Chamber1","	1","	B01??(%RH)","	85.6","	2026-07-24 18:41:45"
"	69BA0CDE","	Chamber1","	1","	B01??(?)","	6.2","	2026-07-24 18:41:45"
"	69BA0CDE","	Chamber1","	1","	B01??(%RH)","	85.5","	2026-07-24 18:41:43"
"	69BA0CDE","	Chamber1","	1","	B01??(?)","	6.2","	2026-07-24 18:41:43"
"	69BA0CDE","	Chamber1","	1","	B01??(%RH)","	85.6","	2026-07-24 18:41:41"
"	69BA0CDE","	Chamber1","	1","	B01??(?)","	6.2","	2026-07-24 18:41:41"
"	69BA0CDE","	Chamber1","	1","	B01??(%RH)","	85.6","	2026-07-24 18:41:39"
"	69BA0CDE","	Chamber1","	1","	B01??(?)","	6.2","	2026-07-24 18:41:39"
"	69BA0CDE","	Chamber1","	1","	B01??(%RH)","	85.6","	2026-07-24 18:41:37"
"	69BA0CDE","	Chamber1","	1","	B01??(?)","	6.2","	2026-07-24 18:41:37"
"	69BA0CDE","	Chamber1","	1","	B01??(%RH)","	85.6","	2026-07-24 18:41:35"
"	69BA0CDE","	Chamber1","	1","	B01??(?)","	6.2","	2026-07-24 18:41:35"
"	69BA0CDE","	Chamber1","	1","	B01??(%RH)","	85.6","	2026-07-24 18:41:33"
"	69BA0CDE","	Chamber1","	1","	B01??(?)","	6.2","	2026-07-24 18:41:33"
"	69BA0CDE","	Chamber1","	1","	B01??(%RH)","	85.6","	2026-07-24 18:41:31"
"	69BA0CDE","	Chamber1","	1","	B01??(?)","	6.2","	2026-07-24 18:41:31"
"	69BA0CDE","	Chamber1","	1","	B01??(%RH)","	85.5","	2026-07-24 18:41:29"
"	69BA0CDE","	Chamber1","	1","	B01??(?)","	6.2","	2026-07-24 18:41:29"
"	69BA0CDE","	Chamber1","	1","	B01??(%RH)","	85.6","	2026-07-24 18:41:27"
"	69BA0CDE","	Chamber1","	1","	B01??(?)","	6.3","	2026-07-24 18:41:27"
"	69BA0CDE","	Chamber1","	1","	B01??(%RH)","	85.6","	2026-07-24 18:41:25"
"	69BA0CDE","	Chamber1","	1","	B01??(?)","	6.2","	2026-07-24 18:41:25"
"	69BA0CDE","	Chamber1","	1","	B01??(%RH)","	85.6","	2026-07-24 18:41:23"
"	69BA0CDE","	Chamber1","	1","	B01??(?)","	6.2","	2026-07-24 18:41:23"
"	69BA0CDE","	Chamber1","	1","	B01??(%RH)","	85.6","	2026-07-24 18:41:20"
"	69BA0CDE","	Chamber1","	1","	B01??(?)","	6.2","	2026-07-24 18:41:20"
"	69BA0CDE","	Chamber1","	1","	B01??(%RH)","	85.6","	2026-07-24 18:41:18"
"	69BA0CDE","	Chamber1","	1","	B01??(?)","	6.2","	2026-07-24 18:41:18"
"	69BA0CDE","	Chamber1","	1","	B01??(%RH)","	85.6","	2026-07-24 18:41:16"
"	69BA0CDE","	Chamber1","	1","	B01??(?)","	6.2","	2026-07-24 18:41:16"
"	69BA0CDE","	Chamber1","	1","	B01??(%RH)","	85.6","	2026-07-24 18:41:14"
"	69BA0CDE","	Chamber1","	1","	B01??(?)","	6.2","	2026-07-24 18:41:14"
"	69BA0CDE","	Chamber1","	1","	B01??(%RH)","	85.6","	2026-07-24 18:41:12"
"	69BA0CDE","	Chamber1","	1","	B01??(?)","	6.2","	2026-07-24 18:41:12"
"	69BA0CDE","	Chamber1","	1","	B01??(%RH)","	85.6","	2026-07-24 18:41:10"
"	69BA0CDE","	Chamber1","	1","	B01??(?)","	6.2","	2026-07-24 18:41:10"
"	69BA0CDE","	Chamber1","	1","	B01??(%RH)","	85.6","	2026-07-24 18:41:08"
"	69BA0CDE","	Chamber1","	1","	B01??(?)","	6.2","	2026-07-24 18:41:08"
"	69BA0CDE","	Chamber1","	1","	B01??(%RH)","	85.6","	2026-07-24 18:41:06"
"	69BA0CDE","	Chamber1","	1","	B01??(?)","	6.2","	2026-07-24 18:41:06"
"	69BA0CDE","	Chamber1","	1","	B01??(%RH)","	85.6","	2026-07-24 18:41:04"
"	69BA0CDE","	Chamber1","	1","	B01??(?)","	6.2","	2026-07-24 18:41:04"
"	69BA0CDE","	Chamber1","	1","	B01??(%RH)","	85.5","	2026-07-24 18:41:02"
"	69BA0CDE","	Chamber1","	1","	B01??(?)","	6.2","	2026-07-24 18:41:02"
"	69BA0CDE","	Chamber1","	1","	B01??(%RH)","	85.5","	2026-07-24 18:41:00"
"	69BA0CDE","	Chamber1","	1","	B01??(?)","	6.2","	2026-07-24 18:41:00"
"	69BA0CDE","	Chamber1","	1","	B01??(%RH)","	85.6","	2026-07-24 18:40:58"
"	69BA0CDE","	Chamber1","	1","	B01??(?)","	6.2","	2026-07-24 18:40:58"
"	69BA0CDE","	Chamber1","	1","	B01??(%RH)","	85.5","	2026-07-24 18:40:56"
"	69BA0CDE","	Chamber1","	1","	B01??(?)","	6.2","	2026-07-24 18:40:56"
"	69BA0CDE","	Chamber1","	1","	B01??(%RH)","	85.5","	2026-07-24 18:40:54"
"	69BA0CDE","	Chamber1","	1","	B01??(?)","	6.2","	2026-07-24 18:40:54"
"	69BA0CDE","	Chamber1","	1","	B01??(%RH)","	85.6","	2026-07-24 18:40:52"
"	69BA0CDE","	Chamber1","	1","	B01??(?)","	6.2","	2026-07-24 18:40:52"
"	69BA0CDE","	Chamber1","	1","	B01??(%RH)","	85.6","	2026-07-24 18:40:50"
"	69BA0CDE","	Chamber1","	1","	B01??(?)","	6.2","	2026-07-24 18:40:50"
"	69BA0CDE","	Chamber1","	1","	B01??(%RH)","	85.5","	2026-07-24 18:40:48"
"	69BA0CDE","	Chamber1","	1","	B01??(?)","	6.2","	2026-07-24 18:40:48"
"	69BA0CDE","	Chamber1","	1","	B01??(%RH)","	85.6","	2026-07-24 18:40:46"
"	69BA0CDE","	Chamber1","	1","	B01??(?)","	6.2","	2026-07-24 18:40:46"
"	69BA0CDE","	Chamber1","	1","	B01??(%RH)","	85.6","	2026-07-24 18:40:44"
"	69BA0CDE","	Chamber1","	1","	B01??(?)","	6.2","	2026-07-24 18:40:44"
"	69BA0CDE","	Chamber1","	1","	B01??(%RH)","	85.6","	2026-07-24 18:40:42"
"	69BA0CDE","	Chamber1","	1","	B01??(?)","	6.2","	2026-07-24 18:40:42"
"	69BA0CDE","	Chamber1","	1","	B01??(%RH)","	85.6","	2026-07-24 18:40:40"
"	69BA0CDE","	Chamber1","	1","	B01??(?)","	6.2","	2026-07-24 18:40:40"
"	69BA0CDE","	Chamber1","	1","	B01??(%RH)","	85.6","	2026-07-24 18:40:38"
"	69BA0CDE","	Chamber1","	1","	B01??(?)","	6.2","	2026-07-24 18:40:38"
"	69BA0CDE","	Chamber1","	1","	B01??(%RH)","	85.5","	2026-07-24 18:40:35"
"	69BA0CDE","	Chamber1","	1","	B01??(?)","	6.2","	2026-07-24 18:40:35"
"	69BA0CDE","	Chamber1","	1","	B01??(%RH)","	85.6","	2026-07-24 18:40:33"
"	69BA0CDE","	Chamber1","	1","	B01??(?)","	6.2","	2026-07-24 18:40:33"
"	69BA0CDE","	Chamber1","	1","	B01??(%RH)","	85.6","	2026-07-24 18:40:31"
"	69BA0CDE","	Chamber1","	1","	B01??(?)","	6.2","	2026-07-24 18:40:31"
"	69BA0CDE","	Chamber1","	1","	B01??(%RH)","	85.6","	2026-07-24 18:40:29"
"	69BA0CDE","	Chamber1","	1","	B01??(?)","	6.2","	2026-07-24 18:40:29"
"	69BA0CDE","	Chamber1","	1","	B01??(%RH)","	85.6","	2026-07-24 18:40:27"
"	69BA0CDE","	Chamber1","	1","	B01??(?)","	6.2","	2026-07-24 18:40:27"
"	69BA0CDE","	Chamber1","	1","	B01??(%RH)","	85.6","	2026-07-24 18:40:25"
"	69BA0CDE","	Chamber1","	1","	B01??(?)","	6.2","	2026-07-24 18:40:25"
"	69BA0CDE","	Chamber1","	1","	B01??(%RH)","	85.6","	2026-07-24 18:40:23"
"	69BA0CDE","	Chamber1","	1","	B01??(?)","	6.2","	2026-07-24 18:40:23"
"	69BA0CDE","	Chamber1","	1","	B01??(%RH)","	85.6","	2026-07-24 18:40:21"
"	69BA0CDE","	Chamber1","	1","	B01??(?)","	6.2","	2026-07-24 18:40:21"
"	69BA0CDE","	Chamber1","	1","	B01??(%RH)","	85.6","	2026-07-24 18:40:19"
"	69BA0CDE","	Chamber1","	1","	B01??(?)","	6.2","	2026-07-24 18:40:19"
"	69BA0CDE","	Chamber1","	1","	B01??(%RH)","	85.6","	2026-07-24 18:40:17"
"	69BA0CDE","	Chamber1","	1","	B01??(?)","	6.2","	2026-07-24 18:40:17"
"	69BA0CDE","	Chamber1","	1","	B01??(%RH)","	85.6","	2026-07-24 18:40:15"
"	69BA0CDE","	Chamber1","	1","	B01??(?)","	6.2","	2026-07-24 18:40:15"
"	69BA0CDE","	Chamber1","	1","	B01??(%RH)","	85.6","	2026-07-24 18:40:13"
"	69BA0CDE","	Chamber1","	1","	B01??(?)","	6.2","	2026-07-24 18:40:13"
"	69BA0CDE","	Chamber1","	1","	B01??(%RH)","	85.6","	2026-07-24 18:40:11"
"	69BA0CDE","	Chamber1","	1","	B01??(?)","	6.2","	2026-07-24 18:40:11"
"	69BA0CDE","	Chamber1","	1","	B01??(%RH)","	85.6","	2026-07-24 18:40:09"
"	69BA0CDE","	Chamber1","	1","	B01??(?)","	6.2","	2026-07-24 18:40:09"
"	69BA0CDE","	Chamber1","	1","	B01??(%RH)","	85.6","	2026-07-24 18:40:07"
"	69BA0CDE","	Chamber1","	1","	B01??(?)","	6.2","	2026-07-24 18:40:07"
"	69BA0CDE","	Chamber1","	1","	B01??(%RH)","	85.6","	2026-07-24 18:40:05"
"	69BA0CDE","	Chamber1","	1","	B01??(?)","	6.2","	2026-07-24 18:40:05"
"	69BA0CDE","	Chamber1","	1","	B01??(%RH)","	85.6","	2026-07-24 18:40:03"
"	69BA0CDE","	Chamber1","	1","	B01??(?)","	6.2","	2026-07-24 18:40:03"
"	69BA0CDE","	Chamber1","	1","	B01??(%RH)","	85.6","	2026-07-24 18:40:01"
"	69BA0CDE","	Chamber1","	1","	B01??(?)","	6.2","	2026-07-24 18:40:01"
"	69BA0CDE","	Chamber1","	1","	B01??(%RH)","	85.6","	2026-07-24 18:39:59"
"	69BA0CDE","	Chamber1","	1","	B01??(?)","	6.2","	2026-07-24 18:39:59"
"	69BA0CDE","	Chamber1","	1","	B01??(%RH)","	85.6","	2026-07-24 18:39:57"
"	69BA0CDE","	Chamber1","	1","	B01??(?)","	6.2","	2026-07-24 18:39:57"
"	69BA0CDE","	Chamber1","	1","	B01??(%RH)","	85.6","	2026-07-24 18:39:55"
"	69BA0CDE","	Chamber1","	1","	B01??(?)","	6.2","	2026-07-24 18:39:55"
"	69BA0CDE","	Chamber1","	1","	B01??(%RH)","	85.6","	2026-07-24 18:39:53"
"	69BA0CDE","	Chamber1","	1","	B01??(?)","	6.2","	2026-07-24 18:39:53"
"	69BA0CDE","	Chamber1","	1","	B01??(%RH)","	85.6","	2026-07-24 18:39:50"
"	69BA0CDE","	Chamber1","	1","	B01??(?)","	6.2","	2026-07-24 18:39:50"
"	69BA0CDE","	Chamber1","	1","	B01??(%RH)","	85.6","	2026-07-24 18:39:48"
"	69BA0CDE","	Chamber1","	1","	B01??(?)","	6.2","	2026-07-24 18:39:48"
"	69BA0CDE","	Chamber1","	1","	B01??(%RH)","	85.6","	2026-07-24 18:39:46"
"	69BA0CDE","	Chamber1","	1","	B01??(?)","	6.2","	2026-07-24 18:39:46"
"	69BA0CDE","	Chamber1","	1","	B01??(%RH)","	85.6","	2026-07-24 18:39:44"
"	69BA0CDE","	Chamber1","	1","	B01??(?)","	6.2","	2026-07-24 18:39:44"
"	69BA0CDE","	Chamber1","	1","	B01??(%RH)","	85.6","	2026-07-24 18:39:42"
"	69BA0CDE","	Chamber1","	1","	B01??(?)","	6.2","	2026-07-24 18:39:42"
"	69BA0CDE","	Chamber1","	1","	B01??(%RH)","	85.6","	2026-07-24 18:39:40"
"	69BA0CDE","	Chamber1","	1","	B01??(?)","	6.2","	2026-07-24 18:39:40"
"	69BA0CDE","	Chamber1","	1","	B01??(%RH)","	85.6","	2026-07-24 18:39:38"
"	69BA0CDE","	Chamber1","	1","	B01??(?)","	6.2","	2026-07-24 18:39:38"
"	69BA0CDE","	Chamber1","	1","	B01??(%RH)","	85.6","	2026-07-24 18:39:36"
"	69BA0CDE","	Chamber1","	1","	B01??(?)","	6.2","	2026-07-24 18:39:36"
"	69BA0CDE","	Chamber1","	1","	B01??(%RH)","	85.6","	2026-07-24 18:39:34"
"	69BA0CDE","	Chamber1","	1","	B01??(?)","	6.2","	2026-07-24 18:39:34"
"	69BA0CDE","	Chamber1","	1","	B01??(%RH)","	85.6","	2026-07-24 18:39:32"
"	69BA0CDE","	Chamber1","	1","	B01??(?)","	6.2","	2026-07-24 18:39:32"
"	69BA0CDE","	Chamber1","	1","	B01??(%RH)","	85.6","	2026-07-24 18:39:30"
"	69BA0CDE","	Chamber1","	1","	B01??(?)","	6.2","	2026-07-24 18:39:30"
"	69BA0CDE","	Chamber1","	1","	B01??(%RH)","	85.6","	2026-07-24 18:39:28"
"	69BA0CDE","	Chamber1","	1","	B01??(?)","	6.2","	2026-07-24 18:39:28"
"	69BA0CDE","	Chamber1","	1","	B01??(%RH)","	85.5","	2026-07-24 18:39:26"
"	69BA0CDE","	Chamber1","	1","	B01??(?)","	6.2","	2026-07-24 18:39:26"
"	69BA0CDE","	Chamber1","	1","	B01??(%RH)","	85.6","	2026-07-24 18:39:24"
"	69BA0CDE","	Chamber1","	1","	B01??(?)","	6.2","	2026-07-24 18:39:24"
"	69BA0CDE","	Chamber1","	1","	B01??(%RH)","	85.6","	2026-07-24 18:39:22"
"	69BA0CDE","	Chamber1","	1","	B01??(?)","	6.2","	2026-07-24 18:39:22"
"	69BA0CDE","	Chamber1","	1","	B01??(%RH)","	85.6","	2026-07-24 18:39:20"
"	69BA0CDE","	Chamber1","	1","	B01??(?)","	6.2","	2026-07-24 18:39:20"
"	69BA0CDE","	Chamber1","	1","	B01??(%RH)","	85.6","	2026-07-24 18:39:18"
"	69BA0CDE","	Chamber1","	1","	B01??(?)","	6.2","	2026-07-24 18:39:18"
"	69BA0CDE","	Chamber1","	1","	B01??(%RH)","	85.6","	2026-07-24 18:39:16"
"	69BA0CDE","	Chamber1","	1","	B01??(?)","	6.2","	2026-07-24 18:39:16"
"	69BA0CDE","	Chamber1","	1","	B01??(%RH)","	85.6","	2026-07-24 18:39:14"
"	69BA0CDE","	Chamber1","	1","	B01??(?)","	6.2","	2026-07-24 18:39:14"
"	69BA0CDE","	Chamber1","	1","	B01??(%RH)","	85.6","	2026-07-24 18:39:12"
"	69BA0CDE","	Chamber1","	1","	B01??(?)","	6.2","	2026-07-24 18:39:12"
"	69BA0CDE","	Chamber1","	1","	B01??(%RH)","	85.6","	2026-07-24 18:39:10"
"	69BA0CDE","	Chamber1","	1","	B01??(?)","	6.2","	2026-07-24 18:39:10"
"	69BA0CDE","	Chamber1","	1","	B01??(%RH)","	85.6","	2026-07-24 18:39:07"
"	69BA0CDE","	Chamber1","	1","	B01??(?)","	6.2","	2026-07-24 18:39:07"
"	69BA0CDE","	Chamber1","	1","	B01??(%RH)","	85.6","	2026-07-24 18:39:05"
"	69BA0CDE","	Chamber1","	1","	B01??(?)","	6.2","	2026-07-24 18:39:05"
"	69BA0CDE","	Chamber1","	1","	B01??(%RH)","	85.6","	2026-07-24 18:39:03"
"	69BA0CDE","	Chamber1","	1","	B01??(?)","	6.2","	2026-07-24 18:39:03"
"	69BA0CDE","	Chamber1","	1","	B01??(%RH)","	85.6","	2026-07-24 18:39:01"
"	69BA0CDE","	Chamber1","	1","	B01??(?)","	6.2","	2026-07-24 18:39:01"
"	69BA0CDE","	Chamber1","	1","	B01??(%RH)","	85.6","	2026-07-24 18:38:59"
"	69BA0CDE","	Chamber1","	1","	B01??(?)","	6.2","	2026-07-24 18:38:59"
"	69BA0CDE","	Chamber1","	1","	B01??(%RH)","	85.6","	2026-07-24 18:38:57"
"	69BA0CDE","	Chamber1","	1","	B01??(?)","	6.2","	2026-07-24 18:38:57"
"	69BA0CDE","	Chamber1","	1","	B01??(%RH)","	85.6","	2026-07-24 18:38:55"
"	69BA0CDE","	Chamber1","	1","	B01??(?)","	6.2","	2026-07-24 18:38:55"
"	69BA0CDE","	Chamber1","	1","	B01??(%RH)","	85.6","	2026-07-24 18:38:53"
"	69BA0CDE","	Chamber1","	1","	B01??(?)","	6.2","	2026-07-24 18:38:53"
"	69BA0CDE","	Chamber1","	1","	B01??(%RH)","	85.6","	2026-07-24 18:38:51"
"	69BA0CDE","	Chamber1","	1","	B01??(?)","	6.2","	2026-07-24 18:38:51"
"	69BA0CDE","	Chamber1","	1","	B01??(%RH)","	85.6","	2026-07-24 18:38:49"
"	69BA0CDE","	Chamber1","	1","	B01??(?)","	6.2","	2026-07-24 18:38:49"
"	69BA0CDE","	Chamber1","	1","	B01??(%RH)","	85.6","	2026-07-24 18:38:47"
"	69BA0CDE","	Chamber1","	1","	B01??(?)","	6.2","	2026-07-24 18:38:47"
"	69BA0CDE","	Chamber1","	1","	B01??(%RH)","	85.6","	2026-07-24 18:38:45"
"	69BA0CDE","	Chamber1","	1","	B01??(?)","	6.2","	2026-07-24 18:38:45"
"	69BA0CDE","	Chamber1","	1","	B01??(%RH)","	85.6","	2026-07-24 18:38:43"
"	69BA0CDE","	Chamber1","	1","	B01??(?)","	6.2","	2026-07-24 18:38:43"
"	69BA0CDE","	Chamber1","	1","	B01??(%RH)","	85.6","	2026-07-24 18:38:41"
"	69BA0CDE","	Chamber1","	1","	B01??(?)","	6.2","	2026-07-24 18:38:41"
"	69BA0CDE","	Chamber1","	1","	B01??(%RH)","	85.6","	2026-07-24 18:38:39"
"	69BA0CDE","	Chamber1","	1","	B01??(?)","	6.2","	2026-07-24 18:38:39"
"	69BA0CDE","	Chamber1","	1","	B01??(%RH)","	85.6","	2026-07-24 18:38:37"
"	69BA0CDE","	Chamber1","	1","	B01??(?)","	6.2","	2026-07-24 18:38:37"
"	69BA0CDE","	Chamber1","	1","	B01??(%RH)","	85.6","	2026-07-24 18:38:35"
"	69BA0CDE","	Chamber1","	1","	B01??(?)","	6.2","	2026-07-24 18:38:35"
"	69BA0CDE","	Chamber1","	1","	B01??(%RH)","	85.6","	2026-07-24 18:38:33"
"	69BA0CDE","	Chamber1","	1","	B01??(?)","	6.2","	2026-07-24 18:38:33"
"	69BA0CDE","	Chamber1","	1","	B01??(%RH)","	85.6","	2026-07-24 18:38:31"
"	69BA0CDE","	Chamber1","	1","	B01??(?)","	6.2","	2026-07-24 18:38:31"
"	69BA0CDE","	Chamber1","	1","	B01??(%RH)","	85.5","	2026-07-24 18:38:29"
"	69BA0CDE","	Chamber1","	1","	B01??(?)","	6.2","	2026-07-24 18:38:29"
"	69BA0CDE","	Chamber1","	1","	B01??(%RH)","	85.6","	2026-07-24 18:38:27"
"	69BA0CDE","	Chamber1","	1","	B01??(?)","	6.2","	2026-07-24 18:38:27"
"	69BA0CDE","	Chamber1","	1","	B01??(%RH)","	85.6","	2026-07-24 18:38:24"
"	69BA0CDE","	Chamber1","	1","	B01??(?)","	6.2","	2026-07-24 18:38:24"
"	69BA0CDE","	Chamber1","	1","	B01??(%RH)","	85.5","	2026-07-24 18:38:22"
"	69BA0CDE","	Chamber1","	1","	B01??(?)","	6.2","	2026-07-24 18:38:22"
"	69BA0CDE","	Chamber1","	1","	B01??(%RH)","	85.6","	2026-07-24 18:38:20"
"	69BA0CDE","	Chamber1","	1","	B01??(?)","	6.2","	2026-07-24 18:38:20"
"	69BA0CDE","	Chamber1","	1","	B01??(%RH)","	85.6","	2026-07-24 18:38:18"
"	69BA0CDE","	Chamber1","	1","	B01??(?)","	6.2","	2026-07-24 18:38:18"
"	69BA0CDE","	Chamber1","	1","	B01??(%RH)","	85.6","	2026-07-24 18:38:16"
"	69BA0CDE","	Chamber1","	1","	B01??(?)","	6.2","	2026-07-24 18:38:16"
"	69BA0CDE","	Chamber1","	1","	B01??(%RH)","	85.6","	2026-07-24 18:38:14"
"	69BA0CDE","	Chamber1","	1","	B01??(?)","	6.1","	2026-07-24 18:38:14"
"	69BA0CDE","	Chamber1","	1","	B01??(%RH)","	85.6","	2026-07-24 18:38:12"
"	69BA0CDE","	Chamber1","	1","	B01??(?)","	6.2","	2026-07-24 18:38:12"
"	69BA0CDE","	Chamber1","	1","	B01??(%RH)","	85.6","	2026-07-24 18:38:10"
"	69BA0CDE","	Chamber1","	1","	B01??(?)","	6.2","	2026-07-24 18:38:10"
"	69BA0CDE","	Chamber1","	1","	B01??(%RH)","	85.5","	2026-07-24 18:38:08"
"	69BA0CDE","	Chamber1","	1","	B01??(?)","	6.2","	2026-07-24 18:38:08"
"	69BA0CDE","	Chamber1","	1","	B01??(%RH)","	85.6","	2026-07-24 18:38:06"
"	69BA0CDE","	Chamber1","	1","	B01??(?)","	6.1","	2026-07-24 18:38:06"
"	69BA0CDE","	Chamber1","	1","	B01??(%RH)","	85.6","	2026-07-24 18:38:04"
"	69BA0CDE","	Chamber1","	1","	B01??(?)","	6.2","	2026-07-24 18:38:04"
"	69BA0CDE","	Chamber1","	1","	B01??(%RH)","	85.6","	2026-07-24 18:38:02"
"	69BA0CDE","	Chamber1","	1","	B01??(?)","	6.1","	2026-07-24 18:38:02"
"	69BA0CDE","	Chamber1","	1","	B01??(%RH)","	85.6","	2026-07-24 18:38:00"
"	69BA0CDE","	Chamber1","	1","	B01??(?)","	6.1","	2026-07-24 18:38:00"
"	69BA0CDE","	Chamber1","	1","	B01??(%RH)","	85.6","	2026-07-24 18:37:58"
"	69BA0CDE","	Chamber1","	1","	B01??(?)","	6.2","	2026-07-24 18:37:58"
"	69BA0CDE","	Chamber1","	1","	B01??(%RH)","	85.6","	2026-07-24 18:37:56"
"	69BA0CDE","	Chamber1","	1","	B01??(?)","	6.2","	2026-07-24 18:37:56"
"	69BA0CDE","	Chamber1","	1","	B01??(%RH)","	85.6","	2026-07-24 18:37:54"
"	69BA0CDE","	Chamber1","	1","	B01??(?)","	6.2","	2026-07-24 18:37:54"
"	69BA0CDE","	Chamber1","	1","	B01??(%RH)","	85.6","	2026-07-24 18:37:52"
"	69BA0CDE","	Chamber1","	1","	B01??(?)","	6.2","	2026-07-24 18:37:52"
"	69BA0CDE","	Chamber1","	1","	B01??(%RH)","	85.6","	2026-07-24 18:37:50"
"	69BA0CDE","	Chamber1","	1","	B01??(?)","	6.2","	2026-07-24 18:37:50"
"	69BA0CDE","	Chamber1","	1","	B01??(%RH)","	85.6","	2026-07-24 18:37:48"
"	69BA0CDE","	Chamber1","	1","	B01??(?)","	6.1","	2026-07-24 18:37:48"
"	69BA0CDE","	Chamber1","	1","	B01??(%RH)","	85.6","	2026-07-24 18:37:46"
"	69BA0CDE","	Chamber1","	1","	B01??(?)","	6.2","	2026-07-24 18:37:46"
"	69BA0CDE","	Chamber1","	1","	B01??(%RH)","	85.5","	2026-07-24 18:37:44"
"	69BA0CDE","	Chamber1","	1","	B01??(?)","	6.1","	2026-07-24 18:37:44"
"	69BA0CDE","	Chamber1","	1","	B01??(%RH)","	85.6","	2026-07-24 18:37:42"
"	69BA0CDE","	Chamber1","	1","	B01??(?)","	6.2","	2026-07-24 18:37:41"
"	69BA0CDE","	Chamber1","	1","	B01??(%RH)","	85.6","	2026-07-24 18:37:39"
"	69BA0CDE","	Chamber1","	1","	B01??(?)","	6.1","	2026-07-24 18:37:39"
"	69BA0CDE","	Chamber1","	1","	B01??(%RH)","	85.6","	2026-07-24 18:37:37"
"	69BA0CDE","	Chamber1","	1","	B01??(?)","	6.1","	2026-07-24 18:37:37"
"	69BA0CDE","	Chamber1","	1","	B01??(%RH)","	85.6","	2026-07-24 18:37:35"
"	69BA0CDE","	Chamber1","	1","	B01??(?)","	6.2","	2026-07-24 18:37:35"
"	69BA0CDE","	Chamber1","	1","	B01??(%RH)","	85.5","	2026-07-24 18:37:33"
"	69BA0CDE","	Chamber1","	1","	B01??(?)","	6.1","	2026-07-24 18:37:33"
"	69BA0CDE","	Chamber1","	1","	B01??(%RH)","	85.6","	2026-07-24 18:37:31"
"	69BA0CDE","	Chamber1","	1","	B01??(?)","	6.1","	2026-07-24 18:37:31"
"	69BA0CDE","	Chamber1","	1","	B01??(%RH)","	85.5","	2026-07-24 18:37:29"
"	69BA0CDE","	Chamber1","	1","	B01??(?)","	6.1","	2026-07-24 18:37:29"
"	69BA0CDE","	Chamber1","	1","	B01??(%RH)","	85.6","	2026-07-24 18:37:27"
"	69BA0CDE","	Chamber1","	1","	B01??(?)","	6.1","	2026-07-24 18:37:27"
"	69BA0CDE","	Chamber1","	1","	B01??(%RH)","	85.6","	2026-07-24 18:37:25"
"	69BA0CDE","	Chamber1","	1","	B01??(?)","	6.1","	2026-07-24 18:37:25"
"	69BA0CDE","	Chamber1","	1","	B01??(%RH)","	85.6","	2026-07-24 18:37:23"
"	69BA0CDE","	Chamber1","	1","	B01??(?)","	6.1","	2026-07-24 18:37:23"
"	69BA0CDE","	Chamber1","	1","	B01??(%RH)","	85.6","	2026-07-24 18:37:21"
"	69BA0CDE","	Chamber1","	1","	B01??(?)","	6.1","	2026-07-24 18:37:21"
"	69BA0CDE","	Chamber1","	1","	B01??(%RH)","	85.6","	2026-07-24 18:37:19"
"	69BA0CDE","	Chamber1","	1","	B01??(?)","	6.1","	2026-07-24 18:37:19"
"	69BA0CDE","	Chamber1","	1","	B01??(%RH)","	85.6","	2026-07-24 18:37:17"
"	69BA0CDE","	Chamber1","	1","	B01??(?)","	6.1","	2026-07-24 18:37:17"
"	69BA0CDE","	Chamber1","	1","	B01??(%RH)","	85.6","	2026-07-24 18:37:15"
"	69BA0CDE","	Chamber1","	1","	B01??(?)","	6.1","	2026-07-24 18:37:15"
"	69BA0CDE","	Chamber1","	1","	B01??(%RH)","	85.6","	2026-07-24 18:37:13"
"	69BA0CDE","	Chamber1","	1","	B01??(?)","	6.1","	2026-07-24 18:37:13"
"	69BA0CDE","	Chamber1","	1","	B01??(%RH)","	85.6","	2026-07-24 18:37:11"
"	69BA0CDE","	Chamber1","	1","	B01??(?)","	6.1","	2026-07-24 18:37:11"
"	69BA0CDE","	Chamber1","	1","	B01??(%RH)","	85.6","	2026-07-24 18:37:09"
"	69BA0CDE","	Chamber1","	1","	B01??(?)","	6.1","	2026-07-24 18:37:09"
"	69BA0CDE","	Chamber1","	1","	B01??(%RH)","	85.6","	2026-07-24 18:37:07"
"	69BA0CDE","	Chamber1","	1","	B01??(?)","	6.1","	2026-07-24 18:37:07"
"	69BA0CDE","	Chamber1","	1","	B01??(%RH)","	85.6","	2026-07-24 18:37:05"
"	69BA0CDE","	Chamber1","	1","	B01??(?)","	6.1","	2026-07-24 18:37:05"
"	69BA0CDE","	Chamber1","	1","	B01??(%RH)","	85.6","	2026-07-24 18:37:03"
"	69BA0CDE","	Chamber1","	1","	B01??(?)","	6.1","	2026-07-24 18:37:03"
"	69BA0CDE","	Chamber1","	1","	B01??(%RH)","	85.6","	2026-07-24 18:37:01"
"	69BA0CDE","	Chamber1","	1","	B01??(?)","	6.1","	2026-07-24 18:37:01"
"	69BA0CDE","	Chamber1","	1","	B01??(%RH)","	85.6","	2026-07-24 18:36:58"
"	69BA0CDE","	Chamber1","	1","	B01??(?)","	6.1","	2026-07-24 18:36:58"
"	69BA0CDE","	Chamber1","	1","	B01??(%RH)","	85.6","	2026-07-24 18:36:56"
"	69BA0CDE","	Chamber1","	1","	B01??(?)","	6.1","	2026-07-24 18:36:56"
"	69BA0CDE","	Chamber1","	1","	B01??(%RH)","	85.6","	2026-07-24 18:36:54"
"	69BA0CDE","	Chamber1","	1","	B01??(?)","	6.1","	2026-07-24 18:36:54"
"	69BA0CDE","	Chamber1","	1","	B01??(%RH)","	85.6","	2026-07-24 18:36:52"
"	69BA0CDE","	Chamber1","	1","	B01??(?)","	6.1","	2026-07-24 18:36:52"
"	69BA0CDE","	Chamber1","	1","	B01??(%RH)","	85.6","	2026-07-24 18:36:50"
"	69BA0CDE","	Chamber1","	1","	B01??(?)","	6.1","	2026-07-24 18:36:50"
"	69BA0CDE","	Chamber1","	1","	B01??(%RH)","	85.6","	2026-07-24 18:36:48"
"	69BA0CDE","	Chamber1","	1","	B01??(?)","	6.1","	2026-07-24 18:36:48"
"	69BA0CDE","	Chamber1","	1","	B01??(%RH)","	85.6","	2026-07-24 18:36:46"
"	69BA0CDE","	Chamber1","	1","	B01??(?)","	6.1","	2026-07-24 18:36:46"
"	69BA0CDE","	Chamber1","	1","	B01??(%RH)","	85.6","	2026-07-24 18:36:44"
"	69BA0CDE","	Chamber1","	1","	B01??(?)","	6.1","	2026-07-24 18:36:44"
"	69BA0CDE","	Chamber1","	1","	B01??(%RH)","	85.6","	2026-07-24 18:36:42"
"	69BA0CDE","	Chamber1","	1","	B01??(?)","	6.1","	2026-07-24 18:36:42"
"	69BA0CDE","	Chamber1","	1","	B01??(%RH)","	85.6","	2026-07-24 18:36:40"
"	69BA0CDE","	Chamber1","	1","	B01??(?)","	6.1","	2026-07-24 18:36:40"
"	69BA0CDE","	Chamber1","	1","	B01??(%RH)","	85.6","	2026-07-24 18:36:38"
"	69BA0CDE","	Chamber1","	1","	B01??(?)","	6.1","	2026-07-24 18:36:38"
"	69BA0CDE","	Chamber1","	1","	B01??(%RH)","	85.6","	2026-07-24 18:36:36"
"	69BA0CDE","	Chamber1","	1","	B01??(?)","	6.1","	2026-07-24 18:36:36"
"	69BA0CDE","	Chamber1","	1","	B01??(%RH)","	85.6","	2026-07-24 18:36:34"
"	69BA0CDE","	Chamber1","	1","	B01??(?)","	6.1","	2026-07-24 18:36:34"
"	69BA0CDE","	Chamber1","	1","	B01??(%RH)","	85.6","	2026-07-24 18:36:32"
"	69BA0CDE","	Chamber1","	1","	B01??(?)","	6.1","	2026-07-24 18:36:32"
"	69BA0CDE","	Chamber1","	1","	B01??(%RH)","	85.6","	2026-07-24 18:36:30"
"	69BA0CDE","	Chamber1","	1","	B01??(?)","	6.1","	2026-07-24 18:36:30"
"	69BA0CDE","	Chamber1","	1","	B01??(%RH)","	85.6","	2026-07-24 18:36:28"
"	69BA0CDE","	Chamber1","	1","	B01??(?)","	6.1","	2026-07-24 18:36:28"
"	69BA0CDE","	Chamber1","	1","	B01??(%RH)","	85.6","	2026-07-24 18:36:26"
"	69BA0CDE","	Chamber1","	1","	B01??(?)","	6.1","	2026-07-24 18:36:26"
"	69BA0CDE","	Chamber1","	1","	B01??(%RH)","	85.6","	2026-07-24 18:36:24"
"	69BA0CDE","	Chamber1","	1","	B01??(?)","	6.1","	2026-07-24 18:36:24"
"	69BA0CDE","	Chamber1","	1","	B01??(%RH)","	85.6","	2026-07-24 18:36:22"
"	69BA0CDE","	Chamber1","	1","	B01??(?)","	6.1","	2026-07-24 18:36:22"
"	69BA0CDE","	Chamber1","	1","	B01??(%RH)","	85.6","	2026-07-24 18:36:20"
"	69BA0CDE","	Chamber1","	1","	B01??(?)","	6.1","	2026-07-24 18:36:20"
"	69BA0CDE","	Chamber1","	1","	B01??(%RH)","	85.5","	2026-07-24 18:36:18"
"	69BA0CDE","	Chamber1","	1","	B01??(?)","	6.1","	2026-07-24 18:36:18"
"	69BA0CDE","	Chamber1","	1","	B01??(%RH)","	85.6","	2026-07-24 18:36:16"
"	69BA0CDE","	Chamber1","	1","	B01??(?)","	6.1","	2026-07-24 18:36:16"
"	69BA0CDE","	Chamber1","	1","	B01??(%RH)","	85.5","	2026-07-24 18:36:13"
"	69BA0CDE","	Chamber1","	1","	B01??(?)","	6.1","	2026-07-24 18:36:13"
"	69BA0CDE","	Chamber1","	1","	B01??(%RH)","	85.6","	2026-07-24 18:36:11"
"	69BA0CDE","	Chamber1","	1","	B01??(?)","	6.1","	2026-07-24 18:36:11"
"	69BA0CDE","	Chamber1","	1","	B01??(%RH)","	85.5","	2026-07-24 18:36:09"
"	69BA0CDE","	Chamber1","	1","	B01??(?)","	6.1","	2026-07-24 18:36:09"
"	69BA0CDE","	Chamber1","	1","	B01??(%RH)","	85.5","	2026-07-24 18:36:07"
"	69BA0CDE","	Chamber1","	1","	B01??(?)","	6.1","	2026-07-24 18:36:07"
"	69BA0CDE","	Chamber1","	1","	B01??(%RH)","	85.5","	2026-07-24 18:36:05"
"	69BA0CDE","	Chamber1","	1","	B01??(?)","	6.1","	2026-07-24 18:36:05"
"	69BA0CDE","	Chamber1","	1","	B01??(%RH)","	85.6","	2026-07-24 18:36:03"
"	69BA0CDE","	Chamber1","	1","	B01??(?)","	6.1","	2026-07-24 18:36:03"
"	69BA0CDE","	Chamber1","	1","	B01??(%RH)","	85.6","	2026-07-24 18:36:01"
"	69BA0CDE","	Chamber1","	1","	B01??(?)","	6.1","	2026-07-24 18:36:01"
"	69BA0CDE","	Chamber1","	1","	B01??(%RH)","	85.6","	2026-07-24 18:35:59"
"	69BA0CDE","	Chamber1","	1","	B01??(?)","	6.1","	2026-07-24 18:35:59"
"	69BA0CDE","	Chamber1","	1","	B01??(%RH)","	85.5","	2026-07-24 18:35:57"
"	69BA0CDE","	Chamber1","	1","	B01??(?)","	6.1","	2026-07-24 18:35:57"
"	69BA0CDE","	Chamber1","	1","	B01??(%RH)","	85.5","	2026-07-24 18:35:55"
"	69BA0CDE","	Chamber1","	1","	B01??(?)","	6.1","	2026-07-24 18:35:55"
"	69BA0CDE","	Chamber1","	1","	B01??(%RH)","	85.6","	2026-07-24 18:35:53"
"	69BA0CDE","	Chamber1","	1","	B01??(?)","	6.1","	2026-07-24 18:35:53"
"	69BA0CDE","	Chamber1","	1","	B01??(%RH)","	85.5","	2026-07-24 18:35:51"
"	69BA0CDE","	Chamber1","	1","	B01??(?)","	6.1","	2026-07-24 18:35:51"
"	69BA0CDE","	Chamber1","	1","	B01??(%RH)","	85.5","	2026-07-24 18:35:49"
"	69BA0CDE","	Chamber1","	1","	B01??(?)","	6.1","	2026-07-24 18:35:49"
"	69BA0CDE","	Chamber1","	1","	B01??(%RH)","	85.5","	2026-07-24 18:35:47"
"	69BA0CDE","	Chamber1","	1","	B01??(?)","	6.1","	2026-07-24 18:35:47"
"	69BA0CDE","	Chamber1","	1","	B01??(%RH)","	85.5","	2026-07-24 18:35:45"
"	69BA0CDE","	Chamber1","	1","	B01??(?)","	6.1","	2026-07-24 18:35:45"
"	69BA0CDE","	Chamber1","	1","	B01??(%RH)","	85.5","	2026-07-24 18:35:43"
"	69BA0CDE","	Chamber1","	1","	B01??(?)","	6.1","	2026-07-24 18:35:43"
"	69BA0CDE","	Chamber1","	1","	B01??(%RH)","	85.5","	2026-07-24 18:35:41"
"	69BA0CDE","	Chamber1","	1","	B01??(?)","	6.1","	2026-07-24 18:35:41"
"	69BA0CDE","	Chamber1","	1","	B01??(%RH)","	85.5","	2026-07-24 18:35:39"
"	69BA0CDE","	Chamber1","	1","	B01??(?)","	6.1","	2026-07-24 18:35:39"
"	69BA0CDE","	Chamber1","	1","	B01??(%RH)","	85.6","	2026-07-24 18:35:37"
"	69BA0CDE","	Chamber1","	1","	B01??(?)","	6.1","	2026-07-24 18:35:37"
"	69BA0CDE","	Chamber1","	1","	B01??(%RH)","	85.5","	2026-07-24 18:35:35"
"	69BA0CDE","	Chamber1","	1","	B01??(?)","	6.1","	2026-07-24 18:35:35"
"	69BA0CDE","	Chamber1","	1","	B01??(%RH)","	85.5","	2026-07-24 18:35:33"
"	69BA0CDE","	Chamber1","	1","	B01??(?)","	6.1","	2026-07-24 18:35:33"
"	69BA0CDE","	Chamber1","	1","	B01??(%RH)","	85.6","	2026-07-24 18:35:31"
"	69BA0CDE","	Chamber1","	1","	B01??(?)","	6.1","	2026-07-24 18:35:31"
"	69BA0CDE","	Chamber1","	1","	B01??(%RH)","	85.6","	2026-07-24 18:35:28"
"	69BA0CDE","	Chamber1","	1","	B01??(?)","	6.1","	2026-07-24 18:35:28"
"	69BA0CDE","	Chamber1","	1","	B01??(%RH)","	85.5","	2026-07-24 18:35:26"
"	69BA0CDE","	Chamber1","	1","	B01??(?)","	6.1","	2026-07-24 18:35:26"
"	69BA0CDE","	Chamber1","	1","	B01??(%RH)","	85.5","	2026-07-24 18:35:24"
"	69BA0CDE","	Chamber1","	1","	B01??(?)","	6.1","	2026-07-24 18:35:24"
"	69BA0CDE","	Chamber1","	1","	B01??(%RH)","	85.6","	2026-07-24 18:35:22"
"	69BA0CDE","	Chamber1","	1","	B01??(?)","	6.1","	2026-07-24 18:35:22"
"	69BA0CDE","	Chamber1","	1","	B01??(%RH)","	85.5","	2026-07-24 18:35:20"
"	69BA0CDE","	Chamber1","	1","	B01??(?)","	6.1","	2026-07-24 18:35:20"
"	69BA0CDE","	Chamber1","	1","	B01??(%RH)","	85.5","	2026-07-24 18:35:18"
"	69BA0CDE","	Chamber1","	1","	B01??(?)","	6.1","	2026-07-24 18:35:18"
"	69BA0CDE","	Chamber1","	1","	B01??(%RH)","	85.5","	2026-07-24 18:35:16"
"	69BA0CDE","	Chamber1","	1","	B01??(?)","	6.1","	2026-07-24 18:35:16"
"	69BA0CDE","	Chamber1","	1","	B01??(%RH)","	85.6","	2026-07-24 18:35:14"
"	69BA0CDE","	Chamber1","	1","	B01??(?)","	6.1","	2026-07-24 18:35:14"
"	69BA0CDE","	Chamber1","	1","	B01??(%RH)","	85.5","	2026-07-24 18:35:12"
"	69BA0CDE","	Chamber1","	1","	B01??(?)","	6.1","	2026-07-24 18:35:12"
"	69BA0CDE","	Chamber1","	1","	B01??(%RH)","	85.6","	2026-07-24 18:35:10"
"	69BA0CDE","	Chamber1","	1","	B01??(?)","	6.1","	2026-07-24 18:35:10"
"	69BA0CDE","	Chamber1","	1","	B01??(%RH)","	85.5","	2026-07-24 18:35:08"
"	69BA0CDE","	Chamber1","	1","	B01??(?)","	6.1","	2026-07-24 18:35:08"
"	69BA0CDE","	Chamber1","	1","	B01??(%RH)","	85.5","	2026-07-24 18:35:06"
"	69BA0CDE","	Chamber1","	1","	B01??(?)","	6.1","	2026-07-24 18:35:06"
"	69BA0CDE","	Chamber1","	1","	B01??(%RH)","	85.5","	2026-07-24 18:35:04"
"	69BA0CDE","	Chamber1","	1","	B01??(?)","	6.1","	2026-07-24 18:35:04"
"	69BA0CDE","	Chamber1","	1","	B01??(%RH)","	85.6","	2026-07-24 18:35:02"
"	69BA0CDE","	Chamber1","	1","	B01??(?)","	6.1","	2026-07-24 18:35:02"
"	69BA0CDE","	Chamber1","	1","	B01??(%RH)","	85.5","	2026-07-24 18:35:00"
"	69BA0CDE","	Chamber1","	1","	B01??(?)","	6.1","	2026-07-24 18:35:00"
"	69BA0CDE","	Chamber1","	1","	B01??(%RH)","	85.6","	2026-07-24 18:34:58"
"	69BA0CDE","	Chamber1","	1","	B01??(?)","	6.1","	2026-07-24 18:34:58"
"	69BA0CDE","	Chamber1","	1","	B01??(%RH)","	85.5","	2026-07-24 18:34:56"
"	69BA0CDE","	Chamber1","	1","	B01??(?)","	6.1","	2026-07-24 18:34:56"
"	69BA0CDE","	Chamber1","	1","	B01??(%RH)","	85.6","	2026-07-24 18:34:54"
"	69BA0CDE","	Chamber1","	1","	B01??(?)","	6.1","	2026-07-24 18:34:54"
"	69BA0CDE","	Chamber1","	1","	B01??(%RH)","	85.5","	2026-07-24 18:34:52"
"	69BA0CDE","	Chamber1","	1","	B01??(?)","	6.1","	2026-07-24 18:34:52"
"	69BA0CDE","	Chamber1","	1","	B01??(%RH)","	85.5","	2026-07-24 18:34:50"
"	69BA0CDE","	Chamber1","	1","	B01??(?)","	6.1","	2026-07-24 18:34:50"
"	69BA0CDE","	Chamber1","	1","	B01??(%RH)","	85.5","	2026-07-24 18:34:48"
"	69BA0CDE","	Chamber1","	1","	B01??(?)","	6.1","	2026-07-24 18:34:48"
"	69BA0CDE","	Chamber1","	1","	B01??(%RH)","	85.5","	2026-07-24 18:34:45"
"	69BA0CDE","	Chamber1","	1","	B01??(?)","	6.1","	2026-07-24 18:34:45"
"	69BA0CDE","	Chamber1","	1","	B01??(%RH)","	85.5","	2026-07-24 18:34:43"
"	69BA0CDE","	Chamber1","	1","	B01??(?)","	6.1","	2026-07-24 18:34:43"
"	69BA0CDE","	Chamber1","	1","	B01??(%RH)","	85.5","	2026-07-24 18:34:41"
"	69BA0CDE","	Chamber1","	1","	B01??(?)","	6.1","	2026-07-24 18:34:41"
"	69BA0CDE","	Chamber1","	1","	B01??(%RH)","	85.5","	2026-07-24 18:34:39"
"	69BA0CDE","	Chamber1","	1","	B01??(?)","	6.1","	2026-07-24 18:34:39"
"	69BA0CDE","	Chamber1","	1","	B01??(%RH)","	85.5","	2026-07-24 18:34:37"
"	69BA0CDE","	Chamber1","	1","	B01??(?)","	6.1","	2026-07-24 18:34:37"
"	69BA0CDE","	Chamber1","	1","	B01??(%RH)","	85.5","	2026-07-24 18:34:35"
"	69BA0CDE","	Chamber1","	1","	B01??(?)","	6.1","	2026-07-24 18:34:35"
"	69BA0CDE","	Chamber1","	1","	B01??(%RH)","	85.5","	2026-07-24 18:34:33"
"	69BA0CDE","	Chamber1","	1","	B01??(?)","	6.1","	2026-07-24 18:34:33"
"	69BA0CDE","	Chamber1","	1","	B01??(%RH)","	85.5","	2026-07-24 18:34:31"
"	69BA0CDE","	Chamber1","	1","	B01??(?)","	6.1","	2026-07-24 18:34:31"
"	69BA0CDE","	Chamber1","	1","	B01??(%RH)","	85.5","	2026-07-24 18:34:29"
"	69BA0CDE","	Chamber1","	1","	B01??(?)","	6.1","	2026-07-24 18:34:29"
"	69BA0CDE","	Chamber1","	1","	B01??(%RH)","	85.5","	2026-07-24 18:34:27"
"	69BA0CDE","	Chamber1","	1","	B01??(?)","	6.1","	2026-07-24 18:34:27"
"	69BA0CDE","	Chamber1","	1","	B01??(%RH)","	85.5","	2026-07-24 18:34:25"
"	69BA0CDE","	Chamber1","	1","	B01??(?)","	6.1","	2026-07-24 18:34:25"
"	69BA0CDE","	Chamber1","	1","	B01??(%RH)","	85.5","	2026-07-24 18:34:23"
"	69BA0CDE","	Chamber1","	1","	B01??(?)","	6.1","	2026-07-24 18:34:23"
"	69BA0CDE","	Chamber1","	1","	B01??(%RH)","	85.5","	2026-07-24 18:34:21"
"	69BA0CDE","	Chamber1","	1","	B01??(?)","	6.1","	2026-07-24 18:34:21"
"	69BA0CDE","	Chamber1","	1","	B01??(%RH)","	85.5","	2026-07-24 18:34:19"
"	69BA0CDE","	Chamber1","	1","	B01??(?)","	6.1","	2026-07-24 18:34:19"
"	69BA0CDE","	Chamber1","	1","	B01??(%RH)","	85.5","	2026-07-24 18:34:17"
"	69BA0CDE","	Chamber1","	1","	B01??(?)","	6.1","	2026-07-24 18:34:17"
"	69BA0CDE","	Chamber1","	1","	B01??(%RH)","	85.5","	2026-07-24 18:34:15"
"	69BA0CDE","	Chamber1","	1","	B01??(?)","	6.1","	2026-07-24 18:34:15"
"	69BA0CDE","	Chamber1","	1","	B01??(%RH)","	85.5","	2026-07-24 18:34:13"
"	69BA0CDE","	Chamber1","	1","	B01??(?)","	6.1","	2026-07-24 18:34:13"
"	69BA0CDE","	Chamber1","	1","	B01??(%RH)","	85.5","	2026-07-24 18:34:11"
"	69BA0CDE","	Chamber1","	1","	B01??(?)","	6.1","	2026-07-24 18:34:11"
"	69BA0CDE","	Chamber1","	1","	B01??(%RH)","	85.5","	2026-07-24 18:34:09"
"	69BA0CDE","	Chamber1","	1","	B01??(?)","	6","	2026-07-24 18:34:09"
"	69BA0CDE","	Chamber1","	1","	B01??(%RH)","	85.5","	2026-07-24 18:34:07"
"	69BA0CDE","	Chamber1","	1","	B01??(?)","	6.1","	2026-07-24 18:34:07"
"	69BA0CDE","	Chamber1","	1","	B01??(%RH)","	85.5","	2026-07-24 18:34:04"
"	69BA0CDE","	Chamber1","	1","	B01??(?)","	6.1","	2026-07-24 18:34:04"
"	69BA0CDE","	Chamber1","	1","	B01??(%RH)","	85.5","	2026-07-24 18:34:02"
"	69BA0CDE","	Chamber1","	1","	B01??(?)","	6.1","	2026-07-24 18:34:02"
"	69BA0CDE","	Chamber1","	1","	B01??(%RH)","	85.5","	2026-07-24 18:34:00"
"	69BA0CDE","	Chamber1","	1","	B01??(?)","	6.1","	2026-07-24 18:34:00"
"	69BA0CDE","	Chamber1","	1","	B01??(%RH)","	85.5","	2026-07-24 18:33:58"
"	69BA0CDE","	Chamber1","	1","	B01??(?)","	6.1","	2026-07-24 18:33:58"
"	69BA0CDE","	Chamber1","	1","	B01??(%RH)","	85.5","	2026-07-24 18:33:56"
"	69BA0CDE","	Chamber1","	1","	B01??(?)","	6.1","	2026-07-24 18:33:56"
"	69BA0CDE","	Chamber1","	1","	B01??(%RH)","	85.5","	2026-07-24 18:33:54"
"	69BA0CDE","	Chamber1","	1","	B01??(?)","	6.1","	2026-07-24 18:33:54"
"	69BA0CDE","	Chamber1","	1","	B01??(%RH)","	85.5","	2026-07-24 18:33:52"
"	69BA0CDE","	Chamber1","	1","	B01??(?)","	6.1","	2026-07-24 18:33:52"
"	69BA0CDE","	Chamber1","	1","	B01??(%RH)","	85.5","	2026-07-24 18:33:50"
"	69BA0CDE","	Chamber1","	1","	B01??(?)","	6.1","	2026-07-24 18:33:50"
"	69BA0CDE","	Chamber1","	1","	B01??(%RH)","	85.5","	2026-07-24 18:33:48"
"	69BA0CDE","	Chamber1","	1","	B01??(?)","	6.1","	2026-07-24 18:33:48"
"	69BA0CDE","	Chamber1","	1","	B01??(%RH)","	85.5","	2026-07-24 18:33:46"
"	69BA0CDE","	Chamber1","	1","	B01??(?)","	6.1","	2026-07-24 18:33:46"
"	69BA0CDE","	Chamber1","	1","	B01??(%RH)","	85.5","	2026-07-24 18:33:44"
"	69BA0CDE","	Chamber1","	1","	B01??(?)","	6.1","	2026-07-24 18:33:44"
"	69BA0CDE","	Chamber1","	1","	B01??(%RH)","	85.5","	2026-07-24 18:33:42"
"	69BA0CDE","	Chamber1","	1","	B01??(?)","	6.1","	2026-07-24 18:33:42"
"	69BA0CDE","	Chamber1","	1","	B01??(%RH)","	85.5","	2026-07-24 18:33:40"
"	69BA0CDE","	Chamber1","	1","	B01??(?)","	6.1","	2026-07-24 18:33:40"
"	69BA0CDE","	Chamber1","	1","	B01??(%RH)","	85.5","	2026-07-24 18:33:38"
"	69BA0CDE","	Chamber1","	1","	B01??(?)","	6","	2026-07-24 18:33:38"
"	69BA0CDE","	Chamber1","	1","	B01??(%RH)","	85.5","	2026-07-24 18:33:36"
"	69BA0CDE","	Chamber1","	1","	B01??(?)","	6.1","	2026-07-24 18:33:36"
"	69BA0CDE","	Chamber1","	1","	B01??(%RH)","	85.5","	2026-07-24 18:33:34"
"	69BA0CDE","	Chamber1","	1","	B01??(?)","	6","	2026-07-24 18:33:34"
"	69BA0CDE","	Chamber1","	1","	B01??(%RH)","	85.5","	2026-07-24 18:33:32"
"	69BA0CDE","	Chamber1","	1","	B01??(?)","	6","	2026-07-24 18:33:32"
"	69BA0CDE","	Chamber1","	1","	B01??(%RH)","	85.5","	2026-07-24 18:33:30"
"	69BA0CDE","	Chamber1","	1","	B01??(?)","	6.1","	2026-07-24 18:33:30"
"	69BA0CDE","	Chamber1","	1","	B01??(%RH)","	85.5","	2026-07-24 18:33:28"
"	69BA0CDE","	Chamber1","	1","	B01??(?)","	6.1","	2026-07-24 18:33:28"
"	69BA0CDE","	Chamber1","	1","	B01??(%RH)","	85.5","	2026-07-24 18:33:26"
"	69BA0CDE","	Chamber1","	1","	B01??(?)","	6","	2026-07-24 18:33:26"
"	69BA0CDE","	Chamber1","	1","	B01??(%RH)","	85.5","	2026-07-24 18:33:24"
"	69BA0CDE","	Chamber1","	1","	B01??(?)","	6.1","	2026-07-24 18:33:24"
"	69BA0CDE","	Chamber1","	1","	B01??(%RH)","	85.5","	2026-07-24 18:33:21"
"	69BA0CDE","	Chamber1","	1","	B01??(?)","	6.1","	2026-07-24 18:33:21"
"	69BA0CDE","	Chamber1","	1","	B01??(%RH)","	85.5","	2026-07-24 18:33:19"
"	69BA0CDE","	Chamber1","	1","	B01??(?)","	6.1","	2026-07-24 18:33:19"
"	69BA0CDE","	Chamber1","	1","	B01??(%RH)","	85.5","	2026-07-24 18:33:17"
"	69BA0CDE","	Chamber1","	1","	B01??(?)","	6","	2026-07-24 18:33:17"
"	69BA0CDE","	Chamber1","	1","	B01??(%RH)","	85.5","	2026-07-24 18:33:15"
"	69BA0CDE","	Chamber1","	1","	B01??(?)","	6.1","	2026-07-24 18:33:15"
"	69BA0CDE","	Chamber1","	1","	B01??(%RH)","	85.5","	2026-07-24 18:33:13"
"	69BA0CDE","	Chamber1","	1","	B01??(?)","	6.1","	2026-07-24 18:33:13"
"	69BA0CDE","	Chamber1","	1","	B01??(%RH)","	85.5","	2026-07-24 18:33:11"
"	69BA0CDE","	Chamber1","	1","	B01??(?)","	6","	2026-07-24 18:33:11"
"	69BA0CDE","	Chamber1","	1","	B01??(%RH)","	85.5","	2026-07-24 18:33:09"
"	69BA0CDE","	Chamber1","	1","	B01??(?)","	6.1","	2026-07-24 18:33:09"
"	69BA0CDE","	Chamber1","	1","	B01??(%RH)","	85.5","	2026-07-24 18:33:07"
"	69BA0CDE","	Chamber1","	1","	B01??(?)","	6.1","	2026-07-24 18:33:07"
"	69BA0CDE","	Chamber1","	1","	B01??(%RH)","	85.5","	2026-07-24 18:33:05"
"	69BA0CDE","	Chamber1","	1","	B01??(?)","	6.1","	2026-07-24 18:33:05"
"	69BA0CDE","	Chamber1","	1","	B01??(%RH)","	85.5","	2026-07-24 18:33:03"
"	69BA0CDE","	Chamber1","	1","	B01??(?)","	6","	2026-07-24 18:33:03"
"	69BA0CDE","	Chamber1","	1","	B01??(%RH)","	85.5","	2026-07-24 18:33:01"
"	69BA0CDE","	Chamber1","	1","	B01??(?)","	6","	2026-07-24 18:33:01"
"	69BA0CDE","	Chamber1","	1","	B01??(%RH)","	85.5","	2026-07-24 18:32:59"
"	69BA0CDE","	Chamber1","	1","	B01??(?)","	6","	2026-07-24 18:32:59"
"	69BA0CDE","	Chamber1","	1","	B01??(%RH)","	85.5","	2026-07-24 18:32:57"
"	69BA0CDE","	Chamber1","	1","	B01??(?)","	6","	2026-07-24 18:32:57"
"	69BA0CDE","	Chamber1","	1","	B01??(%RH)","	85.5","	2026-07-24 18:32:55"
"	69BA0CDE","	Chamber1","	1","	B01??(?)","	6.1","	2026-07-24 18:32:55"
"	69BA0CDE","	Chamber1","	1","	B01??(%RH)","	85.5","	2026-07-24 18:32:53"
"	69BA0CDE","	Chamber1","	1","	B01??(?)","	6","	2026-07-24 18:32:53"
"	69BA0CDE","	Chamber1","	1","	B01??(%RH)","	85.5","	2026-07-24 18:32:51"
"	69BA0CDE","	Chamber1","	1","	B01??(?)","	6","	2026-07-24 18:32:51"
"	69BA0CDE","	Chamber1","	1","	B01??(%RH)","	85.5","	2026-07-24 18:32:49"
"	69BA0CDE","	Chamber1","	1","	B01??(?)","	6","	2026-07-24 18:32:49"
"	69BA0CDE","	Chamber1","	1","	B01??(%RH)","	85.5","	2026-07-24 18:32:47"
"	69BA0CDE","	Chamber1","	1","	B01??(?)","	6","	2026-07-24 18:32:47"
"	69BA0CDE","	Chamber1","	1","	B01??(%RH)","	85.5","	2026-07-24 18:32:45"
"	69BA0CDE","	Chamber1","	1","	B01??(?)","	6","	2026-07-24 18:32:45"
"	69BA0CDE","	Chamber1","	1","	B01??(%RH)","	85.5","	2026-07-24 18:32:43"
"	69BA0CDE","	Chamber1","	1","	B01??(?)","	6","	2026-07-24 18:32:43"
"	69BA0CDE","	Chamber1","	1","	B01??(%RH)","	85.5","	2026-07-24 18:32:41"
"	69BA0CDE","	Chamber1","	1","	B01??(?)","	6","	2026-07-24 18:32:41"
"	69BA0CDE","	Chamber1","	1","	B01??(%RH)","	85.5","	2026-07-24 18:32:38"
"	69BA0CDE","	Chamber1","	1","	B01??(?)","	6","	2026-07-24 18:32:38"
"	69BA0CDE","	Chamber1","	1","	B01??(%RH)","	85.5","	2026-07-24 18:32:36"
"	69BA0CDE","	Chamber1","	1","	B01??(?)","	6","	2026-07-24 18:32:36"
"	69BA0CDE","	Chamber1","	1","	B01??(%RH)","	85.5","	2026-07-24 18:32:34"
"	69BA0CDE","	Chamber1","	1","	B01??(?)","	6","	2026-07-24 18:32:34"
"	69BA0CDE","	Chamber1","	1","	B01??(%RH)","	85.5","	2026-07-24 18:32:32"
"	69BA0CDE","	Chamber1","	1","	B01??(?)","	6.1","	2026-07-24 18:32:32"
"	69BA0CDE","	Chamber1","	1","	B01??(%RH)","	85.5","	2026-07-24 18:32:30"
"	69BA0CDE","	Chamber1","	1","	B01??(?)","	6","	2026-07-24 18:32:30"
"	69BA0CDE","	Chamber1","	1","	B01??(%RH)","	85.5","	2026-07-24 18:32:28"
"	69BA0CDE","	Chamber1","	1","	B01??(?)","	6","	2026-07-24 18:32:28"
"	69BA0CDE","	Chamber1","	1","	B01??(%RH)","	85.5","	2026-07-24 18:32:26"
"	69BA0CDE","	Chamber1","	1","	B01??(?)","	6","	2026-07-24 18:32:26"
"	69BA0CDE","	Chamber1","	1","	B01??(%RH)","	85.5","	2026-07-24 18:32:24"
"	69BA0CDE","	Chamber1","	1","	B01??(?)","	6","	2026-07-24 18:32:24"
"	69BA0CDE","	Chamber1","	1","	B01??(%RH)","	85.5","	2026-07-24 18:32:22"
"	69BA0CDE","	Chamber1","	1","	B01??(?)","	6","	2026-07-24 18:32:22"
"	69BA0CDE","	Chamber1","	1","	B01??(%RH)","	85.5","	2026-07-24 18:32:20"
"	69BA0CDE","	Chamber1","	1","	B01??(?)","	6","	2026-07-24 18:32:20"
"	69BA0CDE","	Chamber1","	1","	B01??(%RH)","	85.5","	2026-07-24 18:32:18"
"	69BA0CDE","	Chamber1","	1","	B01??(?)","	6","	2026-07-24 18:32:18"
"	69BA0CDE","	Chamber1","	1","	B01??(%RH)","	85.5","	2026-07-24 18:32:16"
"	69BA0CDE","	Chamber1","	1","	B01??(?)","	6","	2026-07-24 18:32:16"
"	69BA0CDE","	Chamber1","	1","	B01??(%RH)","	85.5","	2026-07-24 18:32:14"
"	69BA0CDE","	Chamber1","	1","	B01??(?)","	6","	2026-07-24 18:32:14"
"	69BA0CDE","	Chamber1","	1","	B01??(%RH)","	85.5","	2026-07-24 18:32:12"
"	69BA0CDE","	Chamber1","	1","	B01??(?)","	6","	2026-07-24 18:32:12"
"	69BA0CDE","	Chamber1","	1","	B01??(%RH)","	85.5","	2026-07-24 18:32:10"
"	69BA0CDE","	Chamber1","	1","	B01??(?)","	6","	2026-07-24 18:32:10"
"	69BA0CDE","	Chamber1","	1","	B01??(%RH)","	85.5","	2026-07-24 18:32:08"
"	69BA0CDE","	Chamber1","	1","	B01??(?)","	6","	2026-07-24 18:32:08"
"	69BA0CDE","	Chamber1","	1","	B01??(%RH)","	85.5","	2026-07-24 18:32:06"
"	69BA0CDE","	Chamber1","	1","	B01??(?)","	6","	2026-07-24 18:32:06"
"	69BA0CDE","	Chamber1","	1","	B01??(%RH)","	85.5","	2026-07-24 18:32:04"
"	69BA0CDE","	Chamber1","	1","	B01??(?)","	6","	2026-07-24 18:32:04"
"	69BA0CDE","	Chamber1","	1","	B01??(%RH)","	85.5","	2026-07-24 18:32:02"
"	69BA0CDE","	Chamber1","	1","	B01??(?)","	6","	2026-07-24 18:32:02"
"	69BA0CDE","	Chamber1","	1","	B01??(%RH)","	85.5","	2026-07-24 18:32:00"
"	69BA0CDE","	Chamber1","	1","	B01??(?)","	6","	2026-07-24 18:32:00"
"	69BA0CDE","	Chamber1","	1","	B01??(%RH)","	85.5","	2026-07-24 18:31:57"
"	69BA0CDE","	Chamber1","	1","	B01??(?)","	6","	2026-07-24 18:31:57"
"	69BA0CDE","	Chamber1","	1","	B01??(%RH)","	85.5","	2026-07-24 18:31:55"
"	69BA0CDE","	Chamber1","	1","	B01??(?)","	6","	2026-07-24 18:31:55"
"	69BA0CDE","	Chamber1","	1","	B01??(%RH)","	85.5","	2026-07-24 18:31:53"
"	69BA0CDE","	Chamber1","	1","	B01??(?)","	6","	2026-07-24 18:31:53"
"	69BA0CDE","	Chamber1","	1","	B01??(%RH)","	85.5","	2026-07-24 18:31:51"
"	69BA0CDE","	Chamber1","	1","	B01??(?)","	6","	2026-07-24 18:31:51"
"	69BA0CDE","	Chamber1","	1","	B01??(%RH)","	85.5","	2026-07-24 18:31:49"
"	69BA0CDE","	Chamber1","	1","	B01??(?)","	6","	2026-07-24 18:31:49"
"	69BA0CDE","	Chamber1","	1","	B01??(%RH)","	85.5","	2026-07-24 18:31:47"
"	69BA0CDE","	Chamber1","	1","	B01??(?)","	6","	2026-07-24 18:31:47"
"	69BA0CDE","	Chamber1","	1","	B01??(%RH)","	85.5","	2026-07-24 18:31:45"
"	69BA0CDE","	Chamber1","	1","	B01??(?)","	6","	2026-07-24 18:31:45"
"	69BA0CDE","	Chamber1","	1","	B01??(%RH)","	85.5","	2026-07-24 18:31:43"
"	69BA0CDE","	Chamber1","	1","	B01??(?)","	6","	2026-07-24 18:31:43"
"	69BA0CDE","	Chamber1","	1","	B01??(%RH)","	85.5","	2026-07-24 18:31:41"
"	69BA0CDE","	Chamber1","	1","	B01??(?)","	6","	2026-07-24 18:31:41"
"	69BA0CDE","	Chamber1","	1","	B01??(%RH)","	85.5","	2026-07-24 18:31:39"
"	69BA0CDE","	Chamber1","	1","	B01??(?)","	6","	2026-07-24 18:31:39"
"	69BA0CDE","	Chamber1","	1","	B01??(%RH)","	85.5","	2026-07-24 18:31:37"
"	69BA0CDE","	Chamber1","	1","	B01??(?)","	6","	2026-07-24 18:31:37"
"	69BA0CDE","	Chamber1","	1","	B01??(%RH)","	85.5","	2026-07-24 18:31:35"
"	69BA0CDE","	Chamber1","	1","	B01??(?)","	6","	2026-07-24 18:31:35"
"	69BA0CDE","	Chamber1","	1","	B01??(%RH)","	85.5","	2026-07-24 18:31:33"
"	69BA0CDE","	Chamber1","	1","	B01??(?)","	6","	2026-07-24 18:31:33"
"	69BA0CDE","	Chamber1","	1","	B01??(%RH)","	85.5","	2026-07-24 18:31:31"
"	69BA0CDE","	Chamber1","	1","	B01??(?)","	6","	2026-07-24 18:31:31"
"	69BA0CDE","	Chamber1","	1","	B01??(%RH)","	85.5","	2026-07-24 18:31:29"
"	69BA0CDE","	Chamber1","	1","	B01??(?)","	6","	2026-07-24 18:31:29"
"	69BA0CDE","	Chamber1","	1","	B01??(%RH)","	85.5","	2026-07-24 18:31:27"
"	69BA0CDE","	Chamber1","	1","	B01??(?)","	6","	2026-07-24 18:31:27"
"	69BA0CDE","	Chamber1","	1","	B01??(%RH)","	85.5","	2026-07-24 18:31:25"
"	69BA0CDE","	Chamber1","	1","	B01??(?)","	6","	2026-07-24 18:31:25"
"	69BA0CDE","	Chamber1","	1","	B01??(%RH)","	85.5","	2026-07-24 18:31:23"
"	69BA0CDE","	Chamber1","	1","	B01??(?)","	6","	2026-07-24 18:31:23"
"	69BA0CDE","	Chamber1","	1","	B01??(%RH)","	85.4","	2026-07-24 18:31:21"
"	69BA0CDE","	Chamber1","	1","	B01??(?)","	6","	2026-07-24 18:31:21"
"	69BA0CDE","	Chamber1","	1","	B01??(%RH)","	85.5","	2026-07-24 18:31:19"
"	69BA0CDE","	Chamber1","	1","	B01??(?)","	6","	2026-07-24 18:31:19"
"	69BA0CDE","	Chamber1","	1","	B01??(%RH)","	85.4","	2026-07-24 18:31:17"
"	69BA0CDE","	Chamber1","	1","	B01??(?)","	6","	2026-07-24 18:31:17"
"	69BA0CDE","	Chamber1","	1","	B01??(%RH)","	85.4","	2026-07-24 18:31:14"
"	69BA0CDE","	Chamber1","	1","	B01??(?)","	6","	2026-07-24 18:31:14"
"	69BA0CDE","	Chamber1","	1","	B01??(%RH)","	85.4","	2026-07-24 18:31:12"
"	69BA0CDE","	Chamber1","	1","	B01??(?)","	6","	2026-07-24 18:31:12"
"	69BA0CDE","	Chamber1","	1","	B01??(%RH)","	85.5","	2026-07-24 18:31:10"
"	69BA0CDE","	Chamber1","	1","	B01??(?)","	6","	2026-07-24 18:31:10"
"	69BA0CDE","	Chamber1","	1","	B01??(%RH)","	85.4","	2026-07-24 18:31:08"
"	69BA0CDE","	Chamber1","	1","	B01??(?)","	6","	2026-07-24 18:31:08"
"	69BA0CDE","	Chamber1","	1","	B01??(%RH)","	85.5","	2026-07-24 18:31:06"
"	69BA0CDE","	Chamber1","	1","	B01??(?)","	6","	2026-07-24 18:31:06"
"	69BA0CDE","	Chamber1","	1","	B01??(%RH)","	85.5","	2026-07-24 18:31:04"
"	69BA0CDE","	Chamber1","	1","	B01??(?)","	6","	2026-07-24 18:31:04"
"	69BA0CDE","	Chamber1","	1","	B01??(%RH)","	85.5","	2026-07-24 18:31:02"
"	69BA0CDE","	Chamber1","	1","	B01??(?)","	6","	2026-07-24 18:31:02"
"	69BA0CDE","	Chamber1","	1","	B01??(%RH)","	85.4","	2026-07-24 18:31:00"
"	69BA0CDE","	Chamber1","	1","	B01??(?)","	6","	2026-07-24 18:31:00"
"	69BA0CDE","	Chamber1","	1","	B01??(%RH)","	85.4","	2026-07-24 18:30:58"
"	69BA0CDE","	Chamber1","	1","	B01??(?)","	6","	2026-07-24 18:30:58"
"	69BA0CDE","	Chamber1","	1","	B01??(%RH)","	85.5","	2026-07-24 18:30:56"
"	69BA0CDE","	Chamber1","	1","	B01??(?)","	6","	2026-07-24 18:30:56"
"	69BA0CDE","	Chamber1","	1","	B01??(%RH)","	85.4","	2026-07-24 18:30:54"
"	69BA0CDE","	Chamber1","	1","	B01??(?)","	6","	2026-07-24 18:30:54"
"	69BA0CDE","	Chamber1","	1","	B01??(%RH)","	85.4","	2026-07-24 18:30:52"
"	69BA0CDE","	Chamber1","	1","	B01??(?)","	6","	2026-07-24 18:30:52"
"	69BA0CDE","	Chamber1","	1","	B01??(%RH)","	85.4","	2026-07-24 18:30:50"
"	69BA0CDE","	Chamber1","	1","	B01??(?)","	6","	2026-07-24 18:30:50"
"	69BA0CDE","	Chamber1","	1","	B01??(%RH)","	85.4","	2026-07-24 18:30:48"
"	69BA0CDE","	Chamber1","	1","	B01??(?)","	6","	2026-07-24 18:30:48"
"	69BA0CDE","	Chamber1","	1","	B01??(%RH)","	85.4","	2026-07-24 18:30:46"
"	69BA0CDE","	Chamber1","	1","	B01??(?)","	6","	2026-07-24 18:30:46"
"	69BA0CDE","	Chamber1","	1","	B01??(%RH)","	85.4","	2026-07-24 18:30:44"
"	69BA0CDE","	Chamber1","	1","	B01??(?)","	6","	2026-07-24 18:30:44"
"	69BA0CDE","	Chamber1","	1","	B01??(%RH)","	85.5","	2026-07-24 18:30:42"
"	69BA0CDE","	Chamber1","	1","	B01??(?)","	6","	2026-07-24 18:30:42"
"	69BA0CDE","	Chamber1","	1","	B01??(%RH)","	85.4","	2026-07-24 18:30:40"
"	69BA0CDE","	Chamber1","	1","	B01??(?)","	6","	2026-07-24 18:30:40"
"	69BA0CDE","	Chamber1","	1","	B01??(%RH)","	85.5","	2026-07-24 18:30:38"
"	69BA0CDE","	Chamber1","	1","	B01??(?)","	6","	2026-07-24 18:30:38"
"	69BA0CDE","	Chamber1","	1","	B01??(%RH)","	85.5","	2026-07-24 18:30:36"
"	69BA0CDE","	Chamber1","	1","	B01??(?)","	6","	2026-07-24 18:30:36"
"	69BA0CDE","	Chamber1","	1","	B01??(%RH)","	85.5","	2026-07-24 18:30:34"
"	69BA0CDE","	Chamber1","	1","	B01??(?)","	6","	2026-07-24 18:30:34"
"	69BA0CDE","	Chamber1","	1","	B01??(%RH)","	85.4","	2026-07-24 18:30:31"
"	69BA0CDE","	Chamber1","	1","	B01??(?)","	6","	2026-07-24 18:30:31"
"	69BA0CDE","	Chamber1","	1","	B01??(%RH)","	85.4","	2026-07-24 18:30:29"
"	69BA0CDE","	Chamber1","	1","	B01??(?)","	6","	2026-07-24 18:30:29"
"	69BA0CDE","	Chamber1","	1","	B01??(%RH)","	85.4","	2026-07-24 18:30:27"
"	69BA0CDE","	Chamber1","	1","	B01??(?)","	6","	2026-07-24 18:30:27"
"	69BA0CDE","	Chamber1","	1","	B01??(%RH)","	85.4","	2026-07-24 18:30:25"
"	69BA0CDE","	Chamber1","	1","	B01??(?)","	6","	2026-07-24 18:30:25"
"	69BA0CDE","	Chamber1","	1","	B01??(%RH)","	85.4","	2026-07-24 18:30:23"
"	69BA0CDE","	Chamber1","	1","	B01??(?)","	6","	2026-07-24 18:30:23"
"	69BA0CDE","	Chamber1","	1","	B01??(%RH)","	85.5","	2026-07-24 18:30:21"
"	69BA0CDE","	Chamber1","	1","	B01??(?)","	6","	2026-07-24 18:30:21"
"	69BA0CDE","	Chamber1","	1","	B01??(%RH)","	85.4","	2026-07-24 18:30:19"
"	69BA0CDE","	Chamber1","	1","	B01??(?)","	6","	2026-07-24 18:30:19"
"	69BA0CDE","	Chamber1","	1","	B01??(%RH)","	85.4","	2026-07-24 18:30:17"
"	69BA0CDE","	Chamber1","	1","	B01??(?)","	6","	2026-07-24 18:30:17"
"	69BA0CDE","	Chamber1","	1","	B01??(%RH)","	85.5","	2026-07-24 18:30:15"
"	69BA0CDE","	Chamber1","	1","	B01??(?)","	6","	2026-07-24 18:30:15"
"	69BA0CDE","	Chamber1","	1","	B01??(%RH)","	85.5","	2026-07-24 18:30:13"
"	69BA0CDE","	Chamber1","	1","	B01??(?)","	6","	2026-07-24 18:30:13"
"	69BA0CDE","	Chamber1","	1","	B01??(%RH)","	85.4","	2026-07-24 18:30:11"
"	69BA0CDE","	Chamber1","	1","	B01??(?)","	6","	2026-07-24 18:30:11"
"	69BA0CDE","	Chamber1","	1","	B01??(%RH)","	85.4","	2026-07-24 18:30:09"
"	69BA0CDE","	Chamber1","	1","	B01??(?)","	6","	2026-07-24 18:30:09"
"	69BA0CDE","	Chamber1","	1","	B01??(%RH)","	85.5","	2026-07-24 18:30:07"
"	69BA0CDE","	Chamber1","	1","	B01??(?)","	6","	2026-07-24 18:30:07"
"	69BA0CDE","	Chamber1","	1","	B01??(%RH)","	85.5","	2026-07-24 18:30:05"
"	69BA0CDE","	Chamber1","	1","	B01??(?)","	6","	2026-07-24 18:30:05"
"	69BA0CDE","	Chamber1","	1","	B01??(%RH)","	85.4","	2026-07-24 18:30:03"
"	69BA0CDE","	Chamber1","	1","	B01??(?)","	6","	2026-07-24 18:30:03"
"	69BA0CDE","	Chamber1","	1","	B01??(%RH)","	85.5","	2026-07-24 18:30:01"
"	69BA0CDE","	Chamber1","	1","	B01??(?)","	6","	2026-07-24 18:30:01"
"	69BA0CDE","	Chamber1","	1","	B01??(%RH)","	85.4","	2026-07-24 18:29:59"
"	69BA0CDE","	Chamber1","	1","	B01??(?)","	6","	2026-07-24 18:29:59"
"	69BA0CDE","	Chamber1","	1","	B01??(%RH)","	85.4","	2026-07-24 18:29:57"
"	69BA0CDE","	Chamber1","	1","	B01??(?)","	6","	2026-07-24 18:29:57"
"	69BA0CDE","	Chamber1","	1","	B01??(%RH)","	85.4","	2026-07-24 18:29:55"
"	69BA0CDE","	Chamber1","	1","	B01??(?)","	6","	2026-07-24 18:29:55"
"	69BA0CDE","	Chamber1","	1","	B01??(%RH)","	85.4","	2026-07-24 18:29:53"
"	69BA0CDE","	Chamber1","	1","	B01??(?)","	6","	2026-07-24 18:29:53"
"	69BA0CDE","	Chamber1","	1","	B01??(%RH)","	85.4","	2026-07-24 18:29:51"
"	69BA0CDE","	Chamber1","	1","	B01??(?)","	6","	2026-07-24 18:29:51"
"	69BA0CDE","	Chamber1","	1","	B01??(%RH)","	85.4","	2026-07-24 18:29:48"
"	69BA0CDE","	Chamber1","	1","	B01??(?)","	6","	2026-07-24 18:29:48"
"	69BA0CDE","	Chamber1","	1","	B01??(%RH)","	85.4","	2026-07-24 18:29:46"
"	69BA0CDE","	Chamber1","	1","	B01??(?)","	6","	2026-07-24 18:29:46"
"	69BA0CDE","	Chamber1","	1","	B01??(%RH)","	85.4","	2026-07-24 18:29:44"
"	69BA0CDE","	Chamber1","	1","	B01??(?)","	6","	2026-07-24 18:29:44"
"	69BA0CDE","	Chamber1","	1","	B01??(%RH)","	85.4","	2026-07-24 18:29:42"
"	69BA0CDE","	Chamber1","	1","	B01??(?)","	6","	2026-07-24 18:29:42"
"	69BA0CDE","	Chamber1","	1","	B01??(%RH)","	85.4","	2026-07-24 18:29:40"
"	69BA0CDE","	Chamber1","	1","	B01??(?)","	6","	2026-07-24 18:29:40"
"	69BA0CDE","	Chamber1","	1","	B01??(%RH)","	85.4","	2026-07-24 18:29:38"
"	69BA0CDE","	Chamber1","	1","	B01??(?)","	6","	2026-07-24 18:29:38"
"	69BA0CDE","	Chamber1","	1","	B01??(%RH)","	85.4","	2026-07-24 18:29:36"
"	69BA0CDE","	Chamber1","	1","	B01??(?)","	6","	2026-07-24 18:29:36"
"	69BA0CDE","	Chamber1","	1","	B01??(%RH)","	85.4","	2026-07-24 18:29:34"
"	69BA0CDE","	Chamber1","	1","	B01??(?)","	6","	2026-07-24 18:29:34"
"	69BA0CDE","	Chamber1","	1","	B01??(%RH)","	85.4","	2026-07-24 18:29:32"
"	69BA0CDE","	Chamber1","	1","	B01??(?)","	6","	2026-07-24 18:29:32"
"	69BA0CDE","	Chamber1","	1","	B01??(%RH)","	85.4","	2026-07-24 18:29:30"
"	69BA0CDE","	Chamber1","	1","	B01??(?)","	6","	2026-07-24 18:29:30"
"	69BA0CDE","	Chamber1","	1","	B01??(%RH)","	85.4","	2026-07-24 18:29:28"
"	69BA0CDE","	Chamber1","	1","	B01??(?)","	6","	2026-07-24 18:29:28"
"	69BA0CDE","	Chamber1","	1","	B01??(%RH)","	85.4","	2026-07-24 18:29:26"
"	69BA0CDE","	Chamber1","	1","	B01??(?)","	6","	2026-07-24 18:29:26"
"	69BA0CDE","	Chamber1","	1","	B01??(%RH)","	85.4","	2026-07-24 18:29:24"
"	69BA0CDE","	Chamber1","	1","	B01??(?)","	6","	2026-07-24 18:29:24"
"	69BA0CDE","	Chamber1","	1","	B01??(%RH)","	85.4","	2026-07-24 18:29:22"
"	69BA0CDE","	Chamber1","	1","	B01??(?)","	6","	2026-07-24 18:29:22"
"	69BA0CDE","	Chamber1","	1","	B01??(%RH)","	85.4","	2026-07-24 18:29:20"
"	69BA0CDE","	Chamber1","	1","	B01??(?)","	6","	2026-07-24 18:29:20"
"	69BA0CDE","	Chamber1","	1","	B01??(%RH)","	85.4","	2026-07-24 18:29:18"
"	69BA0CDE","	Chamber1","	1","	B01??(?)","	6","	2026-07-24 18:29:18"
"	69BA0CDE","	Chamber1","	1","	B01??(%RH)","	85.4","	2026-07-24 18:29:16"
"	69BA0CDE","	Chamber1","	1","	B01??(?)","	6","	2026-07-24 18:29:16"
"	69BA0CDE","	Chamber1","	1","	B01??(%RH)","	85.4","	2026-07-24 18:29:14"
"	69BA0CDE","	Chamber1","	1","	B01??(?)","	6","	2026-07-24 18:29:14"
"	69BA0CDE","	Chamber1","	1","	B01??(%RH)","	85.4","	2026-07-24 18:29:12"
"	69BA0CDE","	Chamber1","	1","	B01??(?)","	6","	2026-07-24 18:29:12"
"	69BA0CDE","	Chamber1","	1","	B01??(%RH)","	85.4","	2026-07-24 18:29:10"
"	69BA0CDE","	Chamber1","	1","	B01??(?)","	6","	2026-07-24 18:29:10"
"	69BA0CDE","	Chamber1","	1","	B01??(%RH)","	85.4","	2026-07-24 18:29:08"
"	69BA0CDE","	Chamber1","	1","	B01??(?)","	6","	2026-07-24 18:29:08"
"	69BA0CDE","	Chamber1","	1","	B01??(%RH)","	85.4","	2026-07-24 18:29:05"
"	69BA0CDE","	Chamber1","	1","	B01??(?)","	6","	2026-07-24 18:29:05"
"	69BA0CDE","	Chamber1","	1","	B01??(%RH)","	85.4","	2026-07-24 18:29:03"
"	69BA0CDE","	Chamber1","	1","	B01??(?)","	5.9","	2026-07-24 18:29:03"
"	69BA0CDE","	Chamber1","	1","	B01??(%RH)","	85.4","	2026-07-24 18:29:01"
"	69BA0CDE","	Chamber1","	1","	B01??(?)","	6","	2026-07-24 18:29:01"
"	69BA0CDE","	Chamber1","	1","	B01??(%RH)","	85.4","	2026-07-24 18:28:59"
"	69BA0CDE","	Chamber1","	1","	B01??(?)","	6","	2026-07-24 18:28:59"
"	69BA0CDE","	Chamber1","	1","	B01??(%RH)","	85.4","	2026-07-24 18:28:57"
"	69BA0CDE","	Chamber1","	1","	B01??(?)","	5.9","	2026-07-24 18:28:57"
"	69BA0CDE","	Chamber1","	1","	B01??(%RH)","	85.4","	2026-07-24 18:28:55"
"	69BA0CDE","	Chamber1","	1","	B01??(?)","	6","	2026-07-24 18:28:55"
"	69BA0CDE","	Chamber1","	1","	B01??(%RH)","	85.4","	2026-07-24 18:28:53"
"	69BA0CDE","	Chamber1","	1","	B01??(?)","	6","	2026-07-24 18:28:53"
"	69BA0CDE","	Chamber1","	1","	B01??(%RH)","	85.4","	2026-07-24 18:28:51"
"	69BA0CDE","	Chamber1","	1","	B01??(?)","	6","	2026-07-24 18:28:51"
"	69BA0CDE","	Chamber1","	1","	B01??(%RH)","	85.4","	2026-07-24 18:28:49"
"	69BA0CDE","	Chamber1","	1","	B01??(?)","	6","	2026-07-24 18:28:49"
"	69BA0CDE","	Chamber1","	1","	B01??(%RH)","	85.4","	2026-07-24 18:28:47"
"	69BA0CDE","	Chamber1","	1","	B01??(?)","	5.9","	2026-07-24 18:28:47"
"	69BA0CDE","	Chamber1","	1","	B01??(%RH)","	85.4","	2026-07-24 18:28:45"
"	69BA0CDE","	Chamber1","	1","	B01??(?)","	5.9","	2026-07-24 18:28:45"
"	69BA0CDE","	Chamber1","	1","	B01??(%RH)","	85.4","	2026-07-24 18:28:43"
"	69BA0CDE","	Chamber1","	1","	B01??(?)","	6","	2026-07-24 18:28:43"
"	69BA0CDE","	Chamber1","	1","	B01??(%RH)","	85.4","	2026-07-24 18:28:41"
"	69BA0CDE","	Chamber1","	1","	B01??(?)","	6","	2026-07-24 18:28:41"
"	69BA0CDE","	Chamber1","	1","	B01??(%RH)","	85.4","	2026-07-24 18:28:39"
"	69BA0CDE","	Chamber1","	1","	B01??(?)","	6","	2026-07-24 18:28:39"
"	69BA0CDE","	Chamber1","	1","	B01??(%RH)","	85.4","	2026-07-24 18:28:37"
"	69BA0CDE","	Chamber1","	1","	B01??(?)","	5.9","	2026-07-24 18:28:37"
"	69BA0CDE","	Chamber1","	1","	B01??(%RH)","	85.4","	2026-07-24 18:28:35"
"	69BA0CDE","	Chamber1","	1","	B01??(?)","	6","	2026-07-24 18:28:35"
"	69BA0CDE","	Chamber1","	1","	B01??(%RH)","	85.4","	2026-07-24 18:28:33"
"	69BA0CDE","	Chamber1","	1","	B01??(?)","	6","	2026-07-24 18:28:33"
"	69BA0CDE","	Chamber1","	1","	B01??(%RH)","	85.4","	2026-07-24 18:28:31"
"	69BA0CDE","	Chamber1","	1","	B01??(?)","	5.9","	2026-07-24 18:28:31"
"	69BA0CDE","	Chamber1","	1","	B01??(%RH)","	85.4","	2026-07-24 18:28:29"
"	69BA0CDE","	Chamber1","	1","	B01??(?)","	5.9","	2026-07-24 18:28:29"
"	69BA0CDE","	Chamber1","	1","	B01??(%RH)","	85.4","	2026-07-24 18:28:27"
"	69BA0CDE","	Chamber1","	1","	B01??(?)","	5.9","	2026-07-24 18:28:27"
"	69BA0CDE","	Chamber1","	1","	B01??(%RH)","	85.4","	2026-07-24 18:28:25"
"	69BA0CDE","	Chamber1","	1","	B01??(?)","	6","	2026-07-24 18:28:25"
"	69BA0CDE","	Chamber1","	1","	B01??(%RH)","	85.4","	2026-07-24 18:28:22"
"	69BA0CDE","	Chamber1","	1","	B01??(?)","	6","	2026-07-24 18:28:22"
"	69BA0CDE","	Chamber1","	1","	B01??(%RH)","	85.4","	2026-07-24 18:28:20"
"	69BA0CDE","	Chamber1","	1","	B01??(?)","	5.9","	2026-07-24 18:28:20"
"	69BA0CDE","	Chamber1","	1","	B01??(%RH)","	85.4","	2026-07-24 18:28:18"
"	69BA0CDE","	Chamber1","	1","	B01??(?)","	5.9","	2026-07-24 18:28:18"
"	69BA0CDE","	Chamber1","	1","	B01??(%RH)","	85.3","	2026-07-24 18:28:16"
"	69BA0CDE","	Chamber1","	1","	B01??(?)","	6","	2026-07-24 18:28:16"
"	69BA0CDE","	Chamber1","	1","	B01??(%RH)","	85.4","	2026-07-24 18:28:14"
"	69BA0CDE","	Chamber1","	1","	B01??(?)","	5.9","	2026-07-24 18:28:14"
"	69BA0CDE","	Chamber1","	1","	B01??(%RH)","	85.4","	2026-07-24 18:28:12"
"	69BA0CDE","	Chamber1","	1","	B01??(?)","	5.9","	2026-07-24 18:28:12"
"	69BA0CDE","	Chamber1","	1","	B01??(%RH)","	85.4","	2026-07-24 18:28:10"
"	69BA0CDE","	Chamber1","	1","	B01??(?)","	6","	2026-07-24 18:28:10"
"	69BA0CDE","	Chamber1","	1","	B01??(%RH)","	85.4","	2026-07-24 18:28:08"
"	69BA0CDE","	Chamber1","	1","	B01??(?)","	6","	2026-07-24 18:28:08"
"	69BA0CDE","	Chamber1","	1","	B01??(%RH)","	85.4","	2026-07-24 18:28:06"
"	69BA0CDE","	Chamber1","	1","	B01??(?)","	6","	2026-07-24 18:28:06"
"	69BA0CDE","	Chamber1","	1","	B01??(%RH)","	85.4","	2026-07-24 18:28:04"
"	69BA0CDE","	Chamber1","	1","	B01??(?)","	5.9","	2026-07-24 18:28:04"
"	69BA0CDE","	Chamber1","	1","	B01??(%RH)","	85.4","	2026-07-24 18:28:02"
"	69BA0CDE","	Chamber1","	1","	B01??(?)","	5.9","	2026-07-24 18:28:02"
"	69BA0CDE","	Chamber1","	1","	B01??(%RH)","	85.3","	2026-07-24 18:28:00"
"	69BA0CDE","	Chamber1","	1","	B01??(?)","	5.9","	2026-07-24 18:28:00"
"	69BA0CDE","	Chamber1","	1","	B01??(%RH)","	85.3","	2026-07-24 18:27:58"
"	69BA0CDE","	Chamber1","	1","	B01??(?)","	5.9","	2026-07-24 18:27:58"
"	69BA0CDE","	Chamber1","	1","	B01??(%RH)","	85.4","	2026-07-24 18:27:56"
"	69BA0CDE","	Chamber1","	1","	B01??(?)","	5.9","	2026-07-24 18:27:56"
"	69BA0CDE","	Chamber1","	1","	B01??(%RH)","	85.3","	2026-07-24 18:27:54"
"	69BA0CDE","	Chamber1","	1","	B01??(?)","	5.9","	2026-07-24 18:27:54"
"	69BA0CDE","	Chamber1","	1","	B01??(%RH)","	85.3","	2026-07-24 18:27:52"
"	69BA0CDE","	Chamber1","	1","	B01??(?)","	6","	2026-07-24 18:27:52"
"	69BA0CDE","	Chamber1","	1","	B01??(%RH)","	85.4","	2026-07-24 18:27:50"
"	69BA0CDE","	Chamber1","	1","	B01??(?)","	5.9","	2026-07-24 18:27:50"
"	69BA0CDE","	Chamber1","	1","	B01??(%RH)","	85.3","	2026-07-24 18:27:48"
"	69BA0CDE","	Chamber1","	1","	B01??(?)","	5.9","	2026-07-24 18:27:48"
"	69BA0CDE","	Chamber1","	1","	B01??(%RH)","	85.3","	2026-07-24 18:27:46"
"	69BA0CDE","	Chamber1","	1","	B01??(?)","	5.9","	2026-07-24 18:27:46"
"	69BA0CDE","	Chamber1","	1","	B01??(%RH)","	85.4","	2026-07-24 18:27:44"
"	69BA0CDE","	Chamber1","	1","	B01??(?)","	5.9","	2026-07-24 18:27:44"
"	69BA0CDE","	Chamber1","	1","	B01??(%RH)","	85.4","	2026-07-24 18:27:42"
"	69BA0CDE","	Chamber1","	1","	B01??(?)","	5.9","	2026-07-24 18:27:42"
"	69BA0CDE","	Chamber1","	1","	B01??(%RH)","	85.3","	2026-07-24 18:27:40"
"	69BA0CDE","	Chamber1","	1","	B01??(?)","	5.9","	2026-07-24 18:27:40"
"	69BA0CDE","	Chamber1","	1","	B01??(%RH)","	85.3","	2026-07-24 18:27:37"
"	69BA0CDE","	Chamber1","	1","	B01??(?)","	5.9","	2026-07-24 18:27:37"
"	69BA0CDE","	Chamber1","	1","	B01??(%RH)","	85.3","	2026-07-24 18:27:35"
"	69BA0CDE","	Chamber1","	1","	B01??(?)","	5.9","	2026-07-24 18:27:35"
"	69BA0CDE","	Chamber1","	1","	B01??(%RH)","	85.4","	2026-07-24 18:27:33"
"	69BA0CDE","	Chamber1","	1","	B01??(?)","	5.9","	2026-07-24 18:27:33"
"	69BA0CDE","	Chamber1","	1","	B01??(%RH)","	85.3","	2026-07-24 18:27:31"
"	69BA0CDE","	Chamber1","	1","	B01??(?)","	5.9","	2026-07-24 18:27:31"
"	69BA0CDE","	Chamber1","	1","	B01??(%RH)","	85.3","	2026-07-24 18:27:29"
"	69BA0CDE","	Chamber1","	1","	B01??(?)","	5.9","	2026-07-24 18:27:29"
"	69BA0CDE","	Chamber1","	1","	B01??(%RH)","	85.3","	2026-07-24 18:27:27"
"	69BA0CDE","	Chamber1","	1","	B01??(?)","	5.9","	2026-07-24 18:27:27"
"	69BA0CDE","	Chamber1","	1","	B01??(%RH)","	85.3","	2026-07-24 18:27:25"
"	69BA0CDE","	Chamber1","	1","	B01??(?)","	5.9","	2026-07-24 18:27:25"
"	69BA0CDE","	Chamber1","	1","	B01??(%RH)","	85.3","	2026-07-24 18:27:23"
"	69BA0CDE","	Chamber1","	1","	B01??(?)","	5.9","	2026-07-24 18:27:23"
"	69BA0CDE","	Chamber1","	1","	B01??(%RH)","	85.3","	2026-07-24 18:27:21"
"	69BA0CDE","	Chamber1","	1","	B01??(?)","	5.9","	2026-07-24 18:27:21"
"	69BA0CDE","	Chamber1","	1","	B01??(%RH)","	85.3","	2026-07-24 18:27:19"
"	69BA0CDE","	Chamber1","	1","	B01??(?)","	5.9","	2026-07-24 18:27:19"
"	69BA0CDE","	Chamber1","	1","	B01??(%RH)","	85.3","	2026-07-24 18:27:17"
"	69BA0CDE","	Chamber1","	1","	B01??(?)","	5.9","	2026-07-24 18:27:17"
"	69BA0CDE","	Chamber1","	1","	B01??(%RH)","	85.3","	2026-07-24 18:27:15"
"	69BA0CDE","	Chamber1","	1","	B01??(?)","	5.9","	2026-07-24 18:27:15"
"	69BA0CDE","	Chamber1","	1","	B01??(%RH)","	85.3","	2026-07-24 18:27:13"
"	69BA0CDE","	Chamber1","	1","	B01??(?)","	5.9","	2026-07-24 18:27:13"
"	69BA0CDE","	Chamber1","	1","	B01??(%RH)","	85.3","	2026-07-24 18:27:11"
"	69BA0CDE","	Chamber1","	1","	B01??(?)","	5.9","	2026-07-24 18:27:11"
"	69BA0CDE","	Chamber1","	1","	B01??(%RH)","	85.3","	2026-07-24 18:27:09"
"	69BA0CDE","	Chamber1","	1","	B01??(?)","	5.9","	2026-07-24 18:27:09"
"	69BA0CDE","	Chamber1","	1","	B01??(%RH)","	85.3","	2026-07-24 18:27:07"
"	69BA0CDE","	Chamber1","	1","	B01??(?)","	5.9","	2026-07-24 18:27:07"
"	69BA0CDE","	Chamber1","	1","	B01??(%RH)","	85.3","	2026-07-24 18:27:05"
"	69BA0CDE","	Chamber1","	1","	B01??(?)","	5.9","	2026-07-24 18:27:05"
"	69BA0CDE","	Chamber1","	1","	B01??(%RH)","	85.3","	2026-07-24 18:27:03"
"	69BA0CDE","	Chamber1","	1","	B01??(?)","	5.9","	2026-07-24 18:27:03"
"	69BA0CDE","	Chamber1","	1","	B01??(%RH)","	85.3","	2026-07-24 18:27:01"
"	69BA0CDE","	Chamber1","	1","	B01??(?)","	5.9","	2026-07-24 18:27:01"
"	69BA0CDE","	Chamber1","	1","	B01??(%RH)","	85.3","	2026-07-24 18:26:58"
"	69BA0CDE","	Chamber1","	1","	B01??(?)","	5.9","	2026-07-24 18:26:58"
"	69BA0CDE","	Chamber1","	1","	B01??(%RH)","	85.3","	2026-07-24 18:26:56"
"	69BA0CDE","	Chamber1","	1","	B01??(?)","	5.9","	2026-07-24 18:26:56"
"	69BA0CDE","	Chamber1","	1","	B01??(%RH)","	85.3","	2026-07-24 18:26:54"
"	69BA0CDE","	Chamber1","	1","	B01??(?)","	5.9","	2026-07-24 18:26:54"
"	69BA0CDE","	Chamber1","	1","	B01??(%RH)","	85.3","	2026-07-24 18:26:52"
"	69BA0CDE","	Chamber1","	1","	B01??(?)","	5.9","	2026-07-24 18:26:52"
"	69BA0CDE","	Chamber1","	1","	B01??(%RH)","	85.3","	2026-07-24 18:26:50"
"	69BA0CDE","	Chamber1","	1","	B01??(?)","	5.9","	2026-07-24 18:26:50"
"	69BA0CDE","	Chamber1","	1","	B01??(%RH)","	85.3","	2026-07-24 18:26:48"
"	69BA0CDE","	Chamber1","	1","	B01??(?)","	5.9","	2026-07-24 18:26:48"
"	69BA0CDE","	Chamber1","	1","	B01??(%RH)","	85.3","	2026-07-24 18:26:46"
"	69BA0CDE","	Chamber1","	1","	B01??(?)","	5.9","	2026-07-24 18:26:46"
"	69BA0CDE","	Chamber1","	1","	B01??(%RH)","	85.3","	2026-07-24 18:26:44"
"	69BA0CDE","	Chamber1","	1","	B01??(?)","	5.9","	2026-07-24 18:26:44"
"	69BA0CDE","	Chamber1","	1","	B01??(%RH)","	85.3","	2026-07-24 18:26:42"
"	69BA0CDE","	Chamber1","	1","	B01??(?)","	5.9","	2026-07-24 18:26:42"
"	69BA0CDE","	Chamber1","	1","	B01??(%RH)","	85.3","	2026-07-24 18:26:40"
"	69BA0CDE","	Chamber1","	1","	B01??(?)","	5.9","	2026-07-24 18:26:40"
"	69BA0CDE","	Chamber1","	1","	B01??(%RH)","	85.3","	2026-07-24 18:26:38"
"	69BA0CDE","	Chamber1","	1","	B01??(?)","	5.9","	2026-07-24 18:26:38"
"	69BA0CDE","	Chamber1","	1","	B01??(%RH)","	85.3","	2026-07-24 18:26:36"
"	69BA0CDE","	Chamber1","	1","	B01??(?)","	5.9","	2026-07-24 18:26:36"
"	69BA0CDE","	Chamber1","	1","	B01??(%RH)","	85.3","	2026-07-24 18:26:34"
"	69BA0CDE","	Chamber1","	1","	B01??(?)","	5.9","	2026-07-24 18:26:34"
"	69BA0CDE","	Chamber1","	1","	B01??(%RH)","	85.3","	2026-07-24 18:26:32"
"	69BA0CDE","	Chamber1","	1","	B01??(?)","	5.9","	2026-07-24 18:26:32"
"	69BA0CDE","	Chamber1","	1","	B01??(%RH)","	85.3","	2026-07-24 18:26:30"
"	69BA0CDE","	Chamber1","	1","	B01??(?)","	5.9","	2026-07-24 18:26:30"
"	69BA0CDE","	Chamber1","	1","	B01??(%RH)","	85.3","	2026-07-24 18:26:28"
"	69BA0CDE","	Chamber1","	1","	B01??(?)","	5.9","	2026-07-24 18:26:28"
"	69BA0CDE","	Chamber1","	1","	B01??(%RH)","	85.3","	2026-07-24 18:26:26"
"	69BA0CDE","	Chamber1","	1","	B01??(?)","	5.9","	2026-07-24 18:26:26"
"	69BA0CDE","	Chamber1","	1","	B01??(%RH)","	85.3","	2026-07-24 18:26:24"
"	69BA0CDE","	Chamber1","	1","	B01??(?)","	5.9","	2026-07-24 18:26:24"
"	69BA0CDE","	Chamber1","	1","	B01??(%RH)","	85.3","	2026-07-24 18:26:22"
"	69BA0CDE","	Chamber1","	1","	B01??(?)","	5.9","	2026-07-24 18:26:22"
"	69BA0CDE","	Chamber1","	1","	B01??(%RH)","	85.3","	2026-07-24 18:26:20"
"	69BA0CDE","	Chamber1","	1","	B01??(?)","	5.9","	2026-07-24 18:26:20"
"	69BA0CDE","	Chamber1","	1","	B01??(%RH)","	85.3","	2026-07-24 18:26:18"
"	69BA0CDE","	Chamber1","	1","	B01??(?)","	5.9","	2026-07-24 18:26:18"
"	69BA0CDE","	Chamber1","	1","	B01??(%RH)","	85.3","	2026-07-24 18:26:15"
"	69BA0CDE","	Chamber1","	1","	B01??(?)","	5.9","	2026-07-24 18:26:15"
"	69BA0CDE","	Chamber1","	1","	B01??(%RH)","	85.3","	2026-07-24 18:26:13"
"	69BA0CDE","	Chamber1","	1","	B01??(?)","	5.9","	2026-07-24 18:26:13"
"	69BA0CDE","	Chamber1","	1","	B01??(%RH)","	85.3","	2026-07-24 18:26:11"
"	69BA0CDE","	Chamber1","	1","	B01??(?)","	5.9","	2026-07-24 18:26:11"
"	69BA0CDE","	Chamber1","	1","	B01??(%RH)","	85.3","	2026-07-24 18:26:09"
"	69BA0CDE","	Chamber1","	1","	B01??(?)","	5.9","	2026-07-24 18:26:09"
"	69BA0CDE","	Chamber1","	1","	B01??(%RH)","	85.3","	2026-07-24 18:26:07"
"	69BA0CDE","	Chamber1","	1","	B01??(?)","	5.9","	2026-07-24 18:26:07"
"	69BA0CDE","	Chamber1","	1","	B01??(%RH)","	85.3","	2026-07-24 18:26:05"
"	69BA0CDE","	Chamber1","	1","	B01??(?)","	5.9","	2026-07-24 18:26:05"
"	69BA0CDE","	Chamber1","	1","	B01??(%RH)","	85.3","	2026-07-24 18:26:03"
"	69BA0CDE","	Chamber1","	1","	B01??(?)","	5.9","	2026-07-24 18:26:03"
"	69BA0CDE","	Chamber1","	1","	B01??(%RH)","	85.3","	2026-07-24 18:26:01"
"	69BA0CDE","	Chamber1","	1","	B01??(?)","	5.9","	2026-07-24 18:26:01"
"	69BA0CDE","	Chamber1","	1","	B01??(%RH)","	85.3","	2026-07-24 18:25:59"
"	69BA0CDE","	Chamber1","	1","	B01??(?)","	5.9","	2026-07-24 18:25:59"
"	69BA0CDE","	Chamber1","	1","	B01??(%RH)","	85.3","	2026-07-24 18:25:57"
"	69BA0CDE","	Chamber1","	1","	B01??(?)","	5.9","	2026-07-24 18:25:57"
"	69BA0CDE","	Chamber1","	1","	B01??(%RH)","	85.3","	2026-07-24 18:25:55"
"	69BA0CDE","	Chamber1","	1","	B01??(?)","	5.9","	2026-07-24 18:25:55"
"	69BA0CDE","	Chamber1","	1","	B01??(%RH)","	85.3","	2026-07-24 18:25:53"
"	69BA0CDE","	Chamber1","	1","	B01??(?)","	5.9","	2026-07-24 18:25:53"
"	69BA0CDE","	Chamber1","	1","	B01??(%RH)","	85.3","	2026-07-24 18:25:51"
"	69BA0CDE","	Chamber1","	1","	B01??(?)","	5.9","	2026-07-24 18:25:51"
"	69BA0CDE","	Chamber1","	1","	B01??(%RH)","	85.3","	2026-07-24 18:25:49"
"	69BA0CDE","	Chamber1","	1","	B01??(?)","	5.9","	2026-07-24 18:25:49"
"	69BA0CDE","	Chamber1","	1","	B01??(%RH)","	85.3","	2026-07-24 18:25:47"
"	69BA0CDE","	Chamber1","	1","	B01??(?)","	5.9","	2026-07-24 18:25:47"
"	69BA0CDE","	Chamber1","	1","	B01??(%RH)","	85.3","	2026-07-24 18:25:45"
"	69BA0CDE","	Chamber1","	1","	B01??(?)","	5.9","	2026-07-24 18:25:45"
"	69BA0CDE","	Chamber1","	1","	B01??(%RH)","	85.3","	2026-07-24 18:25:43"
"	69BA0CDE","	Chamber1","	1","	B01??(?)","	5.9","	2026-07-24 18:25:43"
"	69BA0CDE","	Chamber1","	1","	B01??(%RH)","	85.3","	2026-07-24 18:25:41"
"	69BA0CDE","	Chamber1","	1","	B01??(?)","	5.9","	2026-07-24 18:25:41"
"	69BA0CDE","	Chamber1","	1","	B01??(%RH)","	85.3","	2026-07-24 18:25:39"
"	69BA0CDE","	Chamber1","	1","	B01??(?)","	5.9","	2026-07-24 18:25:39"
"	69BA0CDE","	Chamber1","	1","	B01??(%RH)","	85.3","	2026-07-24 18:25:37"
"	69BA0CDE","	Chamber1","	1","	B01??(?)","	5.9","	2026-07-24 18:25:37"
"	69BA0CDE","	Chamber1","	1","	B01??(%RH)","	85.3","	2026-07-24 18:25:35"
"	69BA0CDE","	Chamber1","	1","	B01??(?)","	5.9","	2026-07-24 18:25:35"
"	69BA0CDE","	Chamber1","	1","	B01??(%RH)","	85.3","	2026-07-24 18:25:32"
"	69BA0CDE","	Chamber1","	1","	B01??(?)","	5.9","	2026-07-24 18:25:32"
"	69BA0CDE","	Chamber1","	1","	B01??(%RH)","	85.3","	2026-07-24 18:25:30"
"	69BA0CDE","	Chamber1","	1","	B01??(?)","	5.9","	2026-07-24 18:25:30"
"	69BA0CDE","	Chamber1","	1","	B01??(%RH)","	85.3","	2026-07-24 18:25:28"
"	69BA0CDE","	Chamber1","	1","	B01??(?)","	5.9","	2026-07-24 18:25:28"
"	69BA0CDE","	Chamber1","	1","	B01??(%RH)","	85.3","	2026-07-24 18:25:26"
"	69BA0CDE","	Chamber1","	1","	B01??(?)","	5.9","	2026-07-24 18:25:26"
"	69BA0CDE","	Chamber1","	1","	B01??(%RH)","	85.2","	2026-07-24 18:25:24"
"	69BA0CDE","	Chamber1","	1","	B01??(?)","	5.9","	2026-07-24 18:25:24"
"	69BA0CDE","	Chamber1","	1","	B01??(%RH)","	85.3","	2026-07-24 18:25:22"
"	69BA0CDE","	Chamber1","	1","	B01??(?)","	5.9","	2026-07-24 18:25:22"
"	69BA0CDE","	Chamber1","	1","	B01??(%RH)","	85.2","	2026-07-24 18:25:20"
"	69BA0CDE","	Chamber1","	1","	B01??(?)","	5.9","	2026-07-24 18:25:20"
"	69BA0CDE","	Chamber1","	1","	B01??(%RH)","	85.3","	2026-07-24 18:25:18"
"	69BA0CDE","	Chamber1","	1","	B01??(?)","	5.9","	2026-07-24 18:25:18"
"	69BA0CDE","	Chamber1","	1","	B01??(%RH)","	85.2","	2026-07-24 18:25:16"
"	69BA0CDE","	Chamber1","	1","	B01??(?)","	5.9","	2026-07-24 18:25:16"
"	69BA0CDE","	Chamber1","	1","	B01??(%RH)","	85.2","	2026-07-24 18:25:14"
"	69BA0CDE","	Chamber1","	1","	B01??(?)","	5.9","	2026-07-24 18:25:14"
"	69BA0CDE","	Chamber1","	1","	B01??(%RH)","	85.3","	2026-07-24 18:25:12"
"	69BA0CDE","	Chamber1","	1","	B01??(?)","	5.9","	2026-07-24 18:25:12"
"	69BA0CDE","	Chamber1","	1","	B01??(%RH)","	85.3","	2026-07-24 18:25:10"
"	69BA0CDE","	Chamber1","	1","	B01??(?)","	5.9","	2026-07-24 18:25:10"
"	69BA0CDE","	Chamber1","	1","	B01??(%RH)","	85.3","	2026-07-24 18:25:08"
"	69BA0CDE","	Chamber1","	1","	B01??(?)","	5.9","	2026-07-24 18:25:08"
"	69BA0CDE","	Chamber1","	1","	B01??(%RH)","	85.2","	2026-07-24 18:25:06"
"	69BA0CDE","	Chamber1","	1","	B01??(?)","	5.9","	2026-07-24 18:25:06"
"	69BA0CDE","	Chamber1","	1","	B01??(%RH)","	85.2","	2026-07-24 18:25:04"
"	69BA0CDE","	Chamber1","	1","	B01??(?)","	5.9","	2026-07-24 18:25:04"
"	69BA0CDE","	Chamber1","	1","	B01??(%RH)","	85.2","	2026-07-24 18:25:02"
"	69BA0CDE","	Chamber1","	1","	B01??(?)","	5.9","	2026-07-24 18:25:02"
"	69BA0CDE","	Chamber1","	1","	B01??(%RH)","	85.3","	2026-07-24 18:25:00"
"	69BA0CDE","	Chamber1","	1","	B01??(?)","	5.9","	2026-07-24 18:25:00"
"	69BA0CDE","	Chamber1","	1","	B01??(%RH)","	85.2","	2026-07-24 18:24:58"
"	69BA0CDE","	Chamber1","	1","	B01??(?)","	5.9","	2026-07-24 18:24:58"
"	69BA0CDE","	Chamber1","	1","	B01??(%RH)","	85.3","	2026-07-24 18:24:56"
"	69BA0CDE","	Chamber1","	1","	B01??(?)","	5.9","	2026-07-24 18:24:56"
"	69BA0CDE","	Chamber1","	1","	B01??(%RH)","	85.2","	2026-07-24 18:24:54"
"	69BA0CDE","	Chamber1","	1","	B01??(?)","	5.9","	2026-07-24 18:24:54"
"	69BA0CDE","	Chamber1","	1","	B01??(%RH)","	85.2","	2026-07-24 18:24:52"
"	69BA0CDE","	Chamber1","	1","	B01??(?)","	5.9","	2026-07-24 18:24:52"
"	69BA0CDE","	Chamber1","	1","	B01??(%RH)","	85.2","	2026-07-24 18:24:50"
"	69BA0CDE","	Chamber1","	1","	B01??(?)","	5.9","	2026-07-24 18:24:50"
"	69BA0CDE","	Chamber1","	1","	B01??(%RH)","	85.2","	2026-07-24 18:24:47"
"	69BA0CDE","	Chamber1","	1","	B01??(?)","	5.9","	2026-07-24 18:24:47"
"	69BA0CDE","	Chamber1","	1","	B01??(%RH)","	85.2","	2026-07-24 18:24:45"
"	69BA0CDE","	Chamber1","	1","	B01??(?)","	5.9","	2026-07-24 18:24:45"
"	69BA0CDE","	Chamber1","	1","	B01??(%RH)","	85.3","	2026-07-24 18:24:43"
"	69BA0CDE","	Chamber1","	1","	B01??(?)","	5.9","	2026-07-24 18:24:43"
"	69BA0CDE","	Chamber1","	1","	B01??(%RH)","	85.2","	2026-07-24 18:24:41"
"	69BA0CDE","	Chamber1","	1","	B01??(?)","	5.9","	2026-07-24 18:24:41"
"	69BA0CDE","	Chamber1","	1","	B01??(%RH)","	85.2","	2026-07-24 18:24:39"
"	69BA0CDE","	Chamber1","	1","	B01??(?)","	5.9","	2026-07-24 18:24:39"
"	69BA0CDE","	Chamber1","	1","	B01??(%RH)","	85.3","	2026-07-24 18:24:37"
"	69BA0CDE","	Chamber1","	1","	B01??(?)","	5.9","	2026-07-24 18:24:37"
"	69BA0CDE","	Chamber1","	1","	B01??(%RH)","	85.2","	2026-07-24 18:24:35"
"	69BA0CDE","	Chamber1","	1","	B01??(?)","	5.9","	2026-07-24 18:24:35"
"	69BA0CDE","	Chamber1","	1","	B01??(%RH)","	85.2","	2026-07-24 18:24:33"
"	69BA0CDE","	Chamber1","	1","	B01??(?)","	5.9","	2026-07-24 18:24:33"
"	69BA0CDE","	Chamber1","	1","	B01??(%RH)","	85.2","	2026-07-24 18:24:31"
"	69BA0CDE","	Chamber1","	1","	B01??(?)","	5.9","	2026-07-24 18:24:31"
"	69BA0CDE","	Chamber1","	1","	B01??(%RH)","	85.2","	2026-07-24 18:24:29"
"	69BA0CDE","	Chamber1","	1","	B01??(?)","	5.9","	2026-07-24 18:24:29"
"	69BA0CDE","	Chamber1","	1","	B01??(%RH)","	85.2","	2026-07-24 18:24:27"
"	69BA0CDE","	Chamber1","	1","	B01??(?)","	5.9","	2026-07-24 18:24:27"
"	69BA0CDE","	Chamber1","	1","	B01??(%RH)","	85.2","	2026-07-24 18:24:25"
"	69BA0CDE","	Chamber1","	1","	B01??(?)","	5.9","	2026-07-24 18:24:25"
"	69BA0CDE","	Chamber1","	1","	B01??(%RH)","	85.2","	2026-07-24 18:24:23"
"	69BA0CDE","	Chamber1","	1","	B01??(?)","	5.9","	2026-07-24 18:24:23"
"	69BA0CDE","	Chamber1","	1","	B01??(%RH)","	85.2","	2026-07-24 18:24:21"
"	69BA0CDE","	Chamber1","	1","	B01??(?)","	5.9","	2026-07-24 18:24:21"
"	69BA0CDE","	Chamber1","	1","	B01??(%RH)","	85.2","	2026-07-24 18:24:19"
"	69BA0CDE","	Chamber1","	1","	B01??(?)","	5.9","	2026-07-24 18:24:19"
"	69BA0CDE","	Chamber1","	1","	B01??(%RH)","	85.2","	2026-07-24 18:24:17"
"	69BA0CDE","	Chamber1","	1","	B01??(?)","	5.9","	2026-07-24 18:24:17"
"	69BA0CDE","	Chamber1","	1","	B01??(%RH)","	85.2","	2026-07-24 18:24:15"
"	69BA0CDE","	Chamber1","	1","	B01??(?)","	5.9","	2026-07-24 18:24:15"
"	69BA0CDE","	Chamber1","	1","	B01??(%RH)","	85.2","	2026-07-24 18:24:13"
"	69BA0CDE","	Chamber1","	1","	B01??(?)","	5.9","	2026-07-24 18:24:13"
"	69BA0CDE","	Chamber1","	1","	B01??(%RH)","	85.2","	2026-07-24 18:24:11"
"	69BA0CDE","	Chamber1","	1","	B01??(?)","	5.9","	2026-07-24 18:24:11"
"	69BA0CDE","	Chamber1","	1","	B01??(%RH)","	85.2","	2026-07-24 18:24:09"
"	69BA0CDE","	Chamber1","	1","	B01??(?)","	5.9","	2026-07-24 18:24:09"
"	69BA0CDE","	Chamber1","	1","	B01??(%RH)","	85.2","	2026-07-24 18:24:07"
"	69BA0CDE","	Chamber1","	1","	B01??(?)","	5.9","	2026-07-24 18:24:07"
"	69BA0CDE","	Chamber1","	1","	B01??(%RH)","	85.2","	2026-07-24 18:24:04"
"	69BA0CDE","	Chamber1","	1","	B01??(?)","	5.9","	2026-07-24 18:24:04"
"	69BA0CDE","	Chamber1","	1","	B01??(%RH)","	85.2","	2026-07-24 18:24:02"
"	69BA0CDE","	Chamber1","	1","	B01??(?)","	5.9","	2026-07-24 18:24:02"
"	69BA0CDE","	Chamber1","	1","	B01??(%RH)","	85.2","	2026-07-24 18:24:00"
"	69BA0CDE","	Chamber1","	1","	B01??(?)","	5.9","	2026-07-24 18:24:00"
"	69BA0CDE","	Chamber1","	1","	B01??(%RH)","	85.2","	2026-07-24 18:23:58"
"	69BA0CDE","	Chamber1","	1","	B01??(?)","	5.9","	2026-07-24 18:23:58"
"	69BA0CDE","	Chamber1","	1","	B01??(%RH)","	85.2","	2026-07-24 18:23:56"
"	69BA0CDE","	Chamber1","	1","	B01??(?)","	5.9","	2026-07-24 18:23:56"
"	69BA0CDE","	Chamber1","	1","	B01??(%RH)","	85.2","	2026-07-24 18:23:54"
"	69BA0CDE","	Chamber1","	1","	B01??(?)","	5.9","	2026-07-24 18:23:54"
"	69BA0CDE","	Chamber1","	1","	B01??(%RH)","	85.2","	2026-07-24 18:23:52"
"	69BA0CDE","	Chamber1","	1","	B01??(?)","	5.9","	2026-07-24 18:23:52"
"	69BA0CDE","	Chamber1","	1","	B01??(%RH)","	85.2","	2026-07-24 18:23:50"
"	69BA0CDE","	Chamber1","	1","	B01??(?)","	5.9","	2026-07-24 18:23:50"
"	69BA0CDE","	Chamber1","	1","	B01??(%RH)","	85.2","	2026-07-24 18:23:48"
"	69BA0CDE","	Chamber1","	1","	B01??(?)","	5.9","	2026-07-24 18:23:48"
"	69BA0CDE","	Chamber1","	1","	B01??(%RH)","	85.2","	2026-07-24 18:23:46"
"	69BA0CDE","	Chamber1","	1","	B01??(?)","	5.9","	2026-07-24 18:23:46"
"	69BA0CDE","	Chamber1","	1","	B01??(%RH)","	85.2","	2026-07-24 18:23:44"
"	69BA0CDE","	Chamber1","	1","	B01??(?)","	5.9","	2026-07-24 18:23:44"
"	69BA0CDE","	Chamber1","	1","	B01??(%RH)","	85.2","	2026-07-24 18:23:42"
"	69BA0CDE","	Chamber1","	1","	B01??(?)","	5.9","	2026-07-24 18:23:42"
"	69BA0CDE","	Chamber1","	1","	B01??(%RH)","	85.2","	2026-07-24 18:23:40"
"	69BA0CDE","	Chamber1","	1","	B01??(?)","	5.9","	2026-07-24 18:23:40"
"	69BA0CDE","	Chamber1","	1","	B01??(%RH)","	85.2","	2026-07-24 18:23:38"
"	69BA0CDE","	Chamber1","	1","	B01??(?)","	5.9","	2026-07-24 18:23:38"
"	69BA0CDE","	Chamber1","	1","	B01??(%RH)","	85.2","	2026-07-24 18:23:36"
"	69BA0CDE","	Chamber1","	1","	B01??(?)","	5.8","	2026-07-24 18:23:36"
"	69BA0CDE","	Chamber1","	1","	B01??(%RH)","	85.2","	2026-07-24 18:23:34"
"	69BA0CDE","	Chamber1","	1","	B01??(?)","	5.9","	2026-07-24 18:23:34"
"	69BA0CDE","	Chamber1","	1","	B01??(%RH)","	85.2","	2026-07-24 18:23:32"
"	69BA0CDE","	Chamber1","	1","	B01??(?)","	5.9","	2026-07-24 18:23:32"
"	69BA0CDE","	Chamber1","	1","	B01??(%RH)","	85.2","	2026-07-24 18:23:30"
"	69BA0CDE","	Chamber1","	1","	B01??(?)","	5.9","	2026-07-24 18:23:30"
"	69BA0CDE","	Chamber1","	1","	B01??(%RH)","	85.2","	2026-07-24 18:23:28"
"	69BA0CDE","	Chamber1","	1","	B01??(?)","	5.9","	2026-07-24 18:23:28"
"	69BA0CDE","	Chamber1","	1","	B01??(%RH)","	85.2","	2026-07-24 18:23:26"
"	69BA0CDE","	Chamber1","	1","	B01??(?)","	5.9","	2026-07-24 18:23:26"
"	69BA0CDE","	Chamber1","	1","	B01??(%RH)","	85.2","	2026-07-24 18:23:24"
"	69BA0CDE","	Chamber1","	1","	B01??(?)","	5.9","	2026-07-24 18:23:24"
"	69BA0CDE","	Chamber1","	1","	B01??(%RH)","	85.2","	2026-07-24 18:23:22"
"	69BA0CDE","	Chamber1","	1","	B01??(?)","	5.9","	2026-07-24 18:23:22"
"	69BA0CDE","	Chamber1","	1","	B01??(%RH)","	85.2","	2026-07-24 18:23:19"
"	69BA0CDE","	Chamber1","	1","	B01??(?)","	5.9","	2026-07-24 18:23:19"
"	69BA0CDE","	Chamber1","	1","	B01??(%RH)","	85.2","	2026-07-24 18:23:17"
"	69BA0CDE","	Chamber1","	1","	B01??(?)","	5.9","	2026-07-24 18:23:17"
"	69BA0CDE","	Chamber1","	1","	B01??(%RH)","	85.2","	2026-07-24 18:23:15"
"	69BA0CDE","	Chamber1","	1","	B01??(?)","	5.9","	2026-07-24 18:23:15"
"	69BA0CDE","	Chamber1","	1","	B01??(%RH)","	85.2","	2026-07-24 18:23:13"
"	69BA0CDE","	Chamber1","	1","	B01??(?)","	5.9","	2026-07-24 18:23:13"
"	69BA0CDE","	Chamber1","	1","	B01??(%RH)","	85.2","	2026-07-24 18:23:11"
"	69BA0CDE","	Chamber1","	1","	B01??(?)","	5.9","	2026-07-24 18:23:11"
"	69BA0CDE","	Chamber1","	1","	B01??(%RH)","	85.1","	2026-07-24 18:23:09"
"	69BA0CDE","	Chamber1","	1","	B01??(?)","	5.9","	2026-07-24 18:23:09"
"	69BA0CDE","	Chamber1","	1","	B01??(%RH)","	85.2","	2026-07-24 18:23:07"
"	69BA0CDE","	Chamber1","	1","	B01??(?)","	5.9","	2026-07-24 18:23:07"
"	69BA0CDE","	Chamber1","	1","	B01??(%RH)","	85.2","	2026-07-24 18:23:05"
"	69BA0CDE","	Chamber1","	1","	B01??(?)","	5.9","	2026-07-24 18:23:05"
"	69BA0CDE","	Chamber1","	1","	B01??(%RH)","	85.2","	2026-07-24 18:23:03"
"	69BA0CDE","	Chamber1","	1","	B01??(?)","	5.8","	2026-07-24 18:23:03"
"	69BA0CDE","	Chamber1","	1","	B01??(%RH)","	85.1","	2026-07-24 18:23:01"
"	69BA0CDE","	Chamber1","	1","	B01??(?)","	5.9","	2026-07-24 18:23:01"
"	69BA0CDE","	Chamber1","	1","	B01??(%RH)","	85.1","	2026-07-24 18:22:59"
"	69BA0CDE","	Chamber1","	1","	B01??(?)","	5.9","	2026-07-24 18:22:59"
"	69BA0CDE","	Chamber1","	1","	B01??(%RH)","	85.2","	2026-07-24 18:22:57"
"	69BA0CDE","	Chamber1","	1","	B01??(?)","	5.9","	2026-07-24 18:22:57"
"	69BA0CDE","	Chamber1","	1","	B01??(%RH)","	85.2","	2026-07-24 18:22:55"
"	69BA0CDE","	Chamber1","	1","	B01??(?)","	5.9","	2026-07-24 18:22:55"
"	69BA0CDE","	Chamber1","	1","	B01??(%RH)","	85.2","	2026-07-24 18:22:53"
"	69BA0CDE","	Chamber1","	1","	B01??(?)","	5.9","	2026-07-24 18:22:53"
"	69BA0CDE","	Chamber1","	1","	B01??(%RH)","	85.1","	2026-07-24 18:22:51"
"	69BA0CDE","	Chamber1","	1","	B01??(?)","	5.9","	2026-07-24 18:22:51"
"	69BA0CDE","	Chamber1","	1","	B01??(%RH)","	85.1","	2026-07-24 18:22:49"
"	69BA0CDE","	Chamber1","	1","	B01??(?)","	5.9","	2026-07-24 18:22:49"
"	69BA0CDE","	Chamber1","	1","	B01??(%RH)","	85.1","	2026-07-24 18:22:47"
"	69BA0CDE","	Chamber1","	1","	B01??(?)","	5.9","	2026-07-24 18:22:47"
"	69BA0CDE","	Chamber1","	1","	B01??(%RH)","	85.1","	2026-07-24 18:22:45"
"	69BA0CDE","	Chamber1","	1","	B01??(?)","	5.8","	2026-07-24 18:22:45"
"	69BA0CDE","	Chamber1","	1","	B01??(%RH)","	85.1","	2026-07-24 18:22:43"
"	69BA0CDE","	Chamber1","	1","	B01??(?)","	5.9","	2026-07-24 18:22:43"
"	69BA0CDE","	Chamber1","	1","	B01??(%RH)","	85.1","	2026-07-24 18:22:41"
"	69BA0CDE","	Chamber1","	1","	B01??(?)","	5.9","	2026-07-24 18:22:41"
"	69BA0CDE","	Chamber1","	1","	B01??(%RH)","	85.1","	2026-07-24 18:22:39"
"	69BA0CDE","	Chamber1","	1","	B01??(?)","	5.9","	2026-07-24 18:22:39"
"	69BA0CDE","	Chamber1","	1","	B01??(%RH)","	85.2","	2026-07-24 18:22:37"
"	69BA0CDE","	Chamber1","	1","	B01??(?)","	5.9","	2026-07-24 18:22:37"
"	69BA0CDE","	Chamber1","	1","	B01??(%RH)","	85.1","	2026-07-24 18:22:34"
"	69BA0CDE","	Chamber1","	1","	B01??(?)","	5.8","	2026-07-24 18:22:34"
"	69BA0CDE","	Chamber1","	1","	B01??(%RH)","	85.1","	2026-07-24 18:22:32"
"	69BA0CDE","	Chamber1","	1","	B01??(?)","	5.9","	2026-07-24 18:22:32"
"	69BA0CDE","	Chamber1","	1","	B01??(%RH)","	85.1","	2026-07-24 18:22:30"
"	69BA0CDE","	Chamber1","	1","	B01??(?)","	5.9","	2026-07-24 18:22:30"
"	69BA0CDE","	Chamber1","	1","	B01??(%RH)","	85.1","	2026-07-24 18:22:28"
"	69BA0CDE","	Chamber1","	1","	B01??(?)","	5.9","	2026-07-24 18:22:28"
"	69BA0CDE","	Chamber1","	1","	B01??(%RH)","	85.1","	2026-07-24 18:22:26"
"	69BA0CDE","	Chamber1","	1","	B01??(?)","	5.8","	2026-07-24 18:22:26"
"	69BA0CDE","	Chamber1","	1","	B01??(%RH)","	85.1","	2026-07-24 18:22:24"
"	69BA0CDE","	Chamber1","	1","	B01??(?)","	5.8","	2026-07-24 18:22:24"
"	69BA0CDE","	Chamber1","	1","	B01??(%RH)","	85.1","	2026-07-24 18:22:22"
"	69BA0CDE","	Chamber1","	1","	B01??(?)","	5.8","	2026-07-24 18:22:22"
"	69BA0CDE","	Chamber1","	1","	B01??(%RH)","	85.1","	2026-07-24 18:22:20"
"	69BA0CDE","	Chamber1","	1","	B01??(?)","	5.8","	2026-07-24 18:22:20"
"	69BA0CDE","	Chamber1","	1","	B01??(%RH)","	85.1","	2026-07-24 18:22:18"
"	69BA0CDE","	Chamber1","	1","	B01??(?)","	5.9","	2026-07-24 18:22:18"
"	69BA0CDE","	Chamber1","	1","	B01??(%RH)","	85.1","	2026-07-24 18:22:16"
"	69BA0CDE","	Chamber1","	1","	B01??(?)","	5.8","	2026-07-24 18:22:16"
"	69BA0CDE","	Chamber1","	1","	B01??(%RH)","	85.1","	2026-07-24 18:22:14"
"	69BA0CDE","	Chamber1","	1","	B01??(?)","	5.9","	2026-07-24 18:22:14"
"	69BA0CDE","	Chamber1","	1","	B01??(%RH)","	85.1","	2026-07-24 18:22:12"
"	69BA0CDE","	Chamber1","	1","	B01??(?)","	5.8","	2026-07-24 18:22:12"
"	69BA0CDE","	Chamber1","	1","	B01??(%RH)","	85.1","	2026-07-24 18:22:10"
"	69BA0CDE","	Chamber1","	1","	B01??(?)","	5.8","	2026-07-24 18:22:10"
"	69BA0CDE","	Chamber1","	1","	B01??(%RH)","	85.2","	2026-07-24 18:22:08"
"	69BA0CDE","	Chamber1","	1","	B01??(?)","	5.9","	2026-07-24 18:22:08"
"	69BA0CDE","	Chamber1","	1","	B01??(%RH)","	85.1","	2026-07-24 18:22:06"
"	69BA0CDE","	Chamber1","	1","	B01??(?)","	5.9","	2026-07-24 18:22:06"
"	69BA0CDE","	Chamber1","	1","	B01??(%RH)","	85.1","	2026-07-24 18:22:04"
"	69BA0CDE","	Chamber1","	1","	B01??(?)","	5.8","	2026-07-24 18:22:04"
"	69BA0CDE","	Chamber1","	1","	B01??(%RH)","	85.1","	2026-07-24 18:22:02"
"	69BA0CDE","	Chamber1","	1","	B01??(?)","	5.8","	2026-07-24 18:22:02"
"	69BA0CDE","	Chamber1","	1","	B01??(%RH)","	85.1","	2026-07-24 18:22:00"
"	69BA0CDE","	Chamber1","	1","	B01??(?)","	5.8","	2026-07-24 18:22:00"
"	69BA0CDE","	Chamber1","	1","	B01??(%RH)","	85.1","	2026-07-24 18:21:58"
"	69BA0CDE","	Chamber1","	1","	B01??(?)","	5.8","	2026-07-24 18:21:58"
"	69BA0CDE","	Chamber1","	1","	B01??(%RH)","	85.1","	2026-07-24 18:21:56"
"	69BA0CDE","	Chamber1","	1","	B01??(?)","	5.9","	2026-07-24 18:21:56"
"	69BA0CDE","	Chamber1","	1","	B01??(%RH)","	85.1","	2026-07-24 18:21:54"
"	69BA0CDE","	Chamber1","	1","	B01??(?)","	5.8","	2026-07-24 18:21:54"
"	69BA0CDE","	Chamber1","	1","	B01??(%RH)","	85.1","	2026-07-24 18:21:51"
"	69BA0CDE","	Chamber1","	1","	B01??(?)","	5.8","	2026-07-24 18:21:51"
"	69BA0CDE","	Chamber1","	1","	B01??(%RH)","	85.1","	2026-07-24 18:21:49"
"	69BA0CDE","	Chamber1","	1","	B01??(?)","	5.9","	2026-07-24 18:21:49"
"	69BA0CDE","	Chamber1","	1","	B01??(%RH)","	85.1","	2026-07-24 18:21:47"
"	69BA0CDE","	Chamber1","	1","	B01??(?)","	5.8","	2026-07-24 18:21:47"
"	69BA0CDE","	Chamber1","	1","	B01??(%RH)","	85.1","	2026-07-24 18:21:45"
"	69BA0CDE","	Chamber1","	1","	B01??(?)","	5.9","	2026-07-24 18:21:45"
"	69BA0CDE","	Chamber1","	1","	B01??(%RH)","	85.1","	2026-07-24 18:21:43"
"	69BA0CDE","	Chamber1","	1","	B01??(?)","	5.8","	2026-07-24 18:21:43"
"	69BA0CDE","	Chamber1","	1","	B01??(%RH)","	85.1","	2026-07-24 18:21:41"
"	69BA0CDE","	Chamber1","	1","	B01??(?)","	5.8","	2026-07-24 18:21:41"
"	69BA0CDE","	Chamber1","	1","	B01??(%RH)","	85.1","	2026-07-24 18:21:39"
"	69BA0CDE","	Chamber1","	1","	B01??(?)","	5.8","	2026-07-24 18:21:39"
"	69BA0CDE","	Chamber1","	1","	B01??(%RH)","	85.1","	2026-07-24 18:21:37"
"	69BA0CDE","	Chamber1","	1","	B01??(?)","	5.8","	2026-07-24 18:21:37"
"	69BA0CDE","	Chamber1","	1","	B01??(%RH)","	85.1","	2026-07-24 18:21:35"
"	69BA0CDE","	Chamber1","	1","	B01??(?)","	5.8","	2026-07-24 18:21:35"
"	69BA0CDE","	Chamber1","	1","	B01??(%RH)","	85.1","	2026-07-24 18:21:33"
"	69BA0CDE","	Chamber1","	1","	B01??(?)","	5.8","	2026-07-24 18:21:33"
"	69BA0CDE","	Chamber1","	1","	B01??(%RH)","	85.1","	2026-07-24 18:21:31"
"	69BA0CDE","	Chamber1","	1","	B01??(?)","	5.9","	2026-07-24 18:21:31"
"	69BA0CDE","	Chamber1","	1","	B01??(%RH)","	85.1","	2026-07-24 18:21:29"
"	69BA0CDE","	Chamber1","	1","	B01??(?)","	5.8","	2026-07-24 18:21:29"
"	69BA0CDE","	Chamber1","	1","	B01??(%RH)","	85.1","	2026-07-24 18:21:27"
"	69BA0CDE","	Chamber1","	1","	B01??(?)","	5.8","	2026-07-24 18:21:27"
"	69BA0CDE","	Chamber1","	1","	B01??(%RH)","	85.1","	2026-07-24 18:21:25"
"	69BA0CDE","	Chamber1","	1","	B01??(?)","	5.8","	2026-07-24 18:21:25"
"	69BA0CDE","	Chamber1","	1","	B01??(%RH)","	85.1","	2026-07-24 18:21:23"
"	69BA0CDE","	Chamber1","	1","	B01??(?)","	5.8","	2026-07-24 18:21:23"
"	69BA0CDE","	Chamber1","	1","	B01??(%RH)","	85.1","	2026-07-24 18:21:21"
"	69BA0CDE","	Chamber1","	1","	B01??(?)","	5.8","	2026-07-24 18:21:21"
"	69BA0CDE","	Chamber1","	1","	B01??(%RH)","	85.1","	2026-07-24 18:21:19"
"	69BA0CDE","	Chamber1","	1","	B01??(?)","	5.8","	2026-07-24 18:21:19"
"	69BA0CDE","	Chamber1","	1","	B01??(%RH)","	85.1","	2026-07-24 18:21:17"
"	69BA0CDE","	Chamber1","	1","	B01??(?)","	5.8","	2026-07-24 18:21:17"
"	69BA0CDE","	Chamber1","	1","	B01??(%RH)","	85.1","	2026-07-24 18:21:15"
"	69BA0CDE","	Chamber1","	1","	B01??(?)","	5.8","	2026-07-24 18:21:15"
"	69BA0CDE","	Chamber1","	1","	B01??(%RH)","	85.1","	2026-07-24 18:21:13"
"	69BA0CDE","	Chamber1","	1","	B01??(?)","	5.8","	2026-07-24 18:21:13"
"	69BA0CDE","	Chamber1","	1","	B01??(%RH)","	85.1","	2026-07-24 18:21:11"
"	69BA0CDE","	Chamber1","	1","	B01??(?)","	5.8","	2026-07-24 18:21:11"
"	69BA0CDE","	Chamber1","	1","	B01??(%RH)","	85.1","	2026-07-24 18:21:08"
"	69BA0CDE","	Chamber1","	1","	B01??(?)","	5.8","	2026-07-24 18:21:08"
"	69BA0CDE","	Chamber1","	1","	B01??(%RH)","	85.1","	2026-07-24 18:21:06"
"	69BA0CDE","	Chamber1","	1","	B01??(?)","	5.8","	2026-07-24 18:21:06"
"	69BA0CDE","	Chamber1","	1","	B01??(%RH)","	85.1","	2026-07-24 18:21:04"
"	69BA0CDE","	Chamber1","	1","	B01??(?)","	5.8","	2026-07-24 18:21:04"
"	69BA0CDE","	Chamber1","	1","	B01??(%RH)","	85.1","	2026-07-24 18:21:02"
"	69BA0CDE","	Chamber1","	1","	B01??(?)","	5.8","	2026-07-24 18:21:02"
"	69BA0CDE","	Chamber1","	1","	B01??(%RH)","	85.1","	2026-07-24 18:21:00"
"	69BA0CDE","	Chamber1","	1","	B01??(?)","	5.8","	2026-07-24 18:21:00"
"	69BA0CDE","	Chamber1","	1","	B01??(%RH)","	85.1","	2026-07-24 18:20:58"
"	69BA0CDE","	Chamber1","	1","	B01??(?)","	5.8","	2026-07-24 18:20:58"
"	69BA0CDE","	Chamber1","	1","	B01??(%RH)","	85","	2026-07-24 18:20:56"
"	69BA0CDE","	Chamber1","	1","	B01??(?)","	5.8","	2026-07-24 18:20:56"
"	69BA0CDE","	Chamber1","	1","	B01??(%RH)","	85.1","	2026-07-24 18:20:54"
"	69BA0CDE","	Chamber1","	1","	B01??(?)","	5.8","	2026-07-24 18:20:54"
"	69BA0CDE","	Chamber1","	1","	B01??(%RH)","	85.1","	2026-07-24 18:20:52"
"	69BA0CDE","	Chamber1","	1","	B01??(?)","	5.8","	2026-07-24 18:20:52"
"	69BA0CDE","	Chamber1","	1","	B01??(%RH)","	85.1","	2026-07-24 18:20:50"
"	69BA0CDE","	Chamber1","	1","	B01??(?)","	5.8","	2026-07-24 18:20:50"
"	69BA0CDE","	Chamber1","	1","	B01??(%RH)","	85","	2026-07-24 18:20:48"
"	69BA0CDE","	Chamber1","	1","	B01??(?)","	5.8","	2026-07-24 18:20:48"
"	69BA0CDE","	Chamber1","	1","	B01??(%RH)","	85.1","	2026-07-24 18:20:46"
"	69BA0CDE","	Chamber1","	1","	B01??(?)","	5.8","	2026-07-24 18:20:46"
"	69BA0CDE","	Chamber1","	1","	B01??(%RH)","	85","	2026-07-24 18:20:44"
"	69BA0CDE","	Chamber1","	1","	B01??(?)","	5.8","	2026-07-24 18:20:44"
"	69BA0CDE","	Chamber1","	1","	B01??(%RH)","	85","	2026-07-24 18:20:42"
"	69BA0CDE","	Chamber1","	1","	B01??(?)","	5.8","	2026-07-24 18:20:42"
"	69BA0CDE","	Chamber1","	1","	B01??(%RH)","	85.1","	2026-07-24 18:20:40"
"	69BA0CDE","	Chamber1","	1","	B01??(?)","	5.8","	2026-07-24 18:20:40"
"	69BA0CDE","	Chamber1","	1","	B01??(%RH)","	85.1","	2026-07-24 18:20:38"
"	69BA0CDE","	Chamber1","	1","	B01??(?)","	5.8","	2026-07-24 18:20:38"
"	69BA0CDE","	Chamber1","	1","	B01??(%RH)","	85.1","	2026-07-24 18:20:36"
"	69BA0CDE","	Chamber1","	1","	B01??(?)","	5.8","	2026-07-24 18:20:36"
"	69BA0CDE","	Chamber1","	1","	B01??(%RH)","	85","	2026-07-24 18:20:34"
"	69BA0CDE","	Chamber1","	1","	B01??(?)","	5.8","	2026-07-24 18:20:34"
"	69BA0CDE","	Chamber1","	1","	B01??(%RH)","	85","	2026-07-24 18:20:32"
"	69BA0CDE","	Chamber1","	1","	B01??(?)","	5.8","	2026-07-24 18:20:32"
"	69BA0CDE","	Chamber1","	1","	B01??(%RH)","	85","	2026-07-24 18:20:30"
"	69BA0CDE","	Chamber1","	1","	B01??(?)","	5.8","	2026-07-24 18:20:30"
"	69BA0CDE","	Chamber1","	1","	B01??(%RH)","	85","	2026-07-24 18:20:28"
"	69BA0CDE","	Chamber1","	1","	B01??(?)","	5.8","	2026-07-24 18:20:28"
"	69BA0CDE","	Chamber1","	1","	B01??(%RH)","	85.1","	2026-07-24 18:20:25"
"	69BA0CDE","	Chamber1","	1","	B01??(?)","	5.8","	2026-07-24 18:20:25"
"	69BA0CDE","	Chamber1","	1","	B01??(%RH)","	85","	2026-07-24 18:20:23"
"	69BA0CDE","	Chamber1","	1","	B01??(?)","	5.8","	2026-07-24 18:20:23"
"	69BA0CDE","	Chamber1","	1","	B01??(%RH)","	85","	2026-07-24 18:20:21"
"	69BA0CDE","	Chamber1","	1","	B01??(?)","	5.8","	2026-07-24 18:20:21"
"	69BA0CDE","	Chamber1","	1","	B01??(%RH)","	85.1","	2026-07-24 18:20:19"
"	69BA0CDE","	Chamber1","	1","	B01??(?)","	5.8","	2026-07-24 18:20:19"
"	69BA0CDE","	Chamber1","	1","	B01??(%RH)","	85.1","	2026-07-24 18:20:17"
"	69BA0CDE","	Chamber1","	1","	B01??(?)","	5.8","	2026-07-24 18:20:17"
"	69BA0CDE","	Chamber1","	1","	B01??(%RH)","	85","	2026-07-24 18:20:15"
"	69BA0CDE","	Chamber1","	1","	B01??(?)","	5.8","	2026-07-24 18:20:15"
"	69BA0CDE","	Chamber1","	1","	B01??(%RH)","	85","	2026-07-24 18:20:13"
"	69BA0CDE","	Chamber1","	1","	B01??(?)","	5.8","	2026-07-24 18:20:13"
"	69BA0CDE","	Chamber1","	1","	B01??(%RH)","	85","	2026-07-24 18:20:11"
"	69BA0CDE","	Chamber1","	1","	B01??(?)","	5.8","	2026-07-24 18:20:11"
"	69BA0CDE","	Chamber1","	1","	B01??(%RH)","	85","	2026-07-24 18:20:09"
"	69BA0CDE","	Chamber1","	1","	B01??(?)","	5.8","	2026-07-24 18:20:09"
"	69BA0CDE","	Chamber1","	1","	B01??(%RH)","	85","	2026-07-24 18:20:07"
"	69BA0CDE","	Chamber1","	1","	B01??(?)","	5.8","	2026-07-24 18:20:07"
"	69BA0CDE","	Chamber1","	1","	B01??(%RH)","	85","	2026-07-24 18:20:05"
"	69BA0CDE","	Chamber1","	1","	B01??(?)","	5.8","	2026-07-24 18:20:05"
"	69BA0CDE","	Chamber1","	1","	B01??(%RH)","	85","	2026-07-24 18:20:03"
"	69BA0CDE","	Chamber1","	1","	B01??(?)","	5.8","	2026-07-24 18:20:03"
"	69BA0CDE","	Chamber1","	1","	B01??(%RH)","	85","	2026-07-24 18:20:01"
"	69BA0CDE","	Chamber1","	1","	B01??(?)","	5.8","	2026-07-24 18:20:01"
"	69BA0CDE","	Chamber1","	1","	B01??(%RH)","	85","	2026-07-24 18:19:59"
"	69BA0CDE","	Chamber1","	1","	B01??(?)","	5.8","	2026-07-24 18:19:59"
"	69BA0CDE","	Chamber1","	1","	B01??(%RH)","	85","	2026-07-24 18:19:57"
"	69BA0CDE","	Chamber1","	1","	B01??(?)","	5.8","	2026-07-24 18:19:57"
"	69BA0CDE","	Chamber1","	1","	B01??(%RH)","	85.1","	2026-07-24 18:19:55"
"	69BA0CDE","	Chamber1","	1","	B01??(?)","	5.8","	2026-07-24 18:19:55"
"	69BA0CDE","	Chamber1","	1","	B01??(%RH)","	85","	2026-07-24 18:19:53"
"	69BA0CDE","	Chamber1","	1","	B01??(?)","	5.8","	2026-07-24 18:19:53"
"	69BA0CDE","	Chamber1","	1","	B01??(%RH)","	85","	2026-07-24 18:19:51"
"	69BA0CDE","	Chamber1","	1","	B01??(?)","	5.8","	2026-07-24 18:19:51"
"	69BA0CDE","	Chamber1","	1","	B01??(%RH)","	85","	2026-07-24 18:19:49"
"	69BA0CDE","	Chamber1","	1","	B01??(?)","	5.8","	2026-07-24 18:19:49"
"	69BA0CDE","	Chamber1","	1","	B01??(%RH)","	85","	2026-07-24 18:19:47"
"	69BA0CDE","	Chamber1","	1","	B01??(?)","	5.8","	2026-07-24 18:19:47"
"	69BA0CDE","	Chamber1","	1","	B01??(%RH)","	85","	2026-07-24 18:19:45"
"	69BA0CDE","	Chamber1","	1","	B01??(?)","	5.8","	2026-07-24 18:19:45"
"	69BA0CDE","	Chamber1","	1","	B01??(%RH)","	85","	2026-07-24 18:19:42"
"	69BA0CDE","	Chamber1","	1","	B01??(?)","	5.8","	2026-07-24 18:19:42"
"	69BA0CDE","	Chamber1","	1","	B01??(%RH)","	85","	2026-07-24 18:19:40"
"	69BA0CDE","	Chamber1","	1","	B01??(?)","	5.8","	2026-07-24 18:19:40"
"	69BA0CDE","	Chamber1","	1","	B01??(%RH)","	85","	2026-07-24 18:19:38"
"	69BA0CDE","	Chamber1","	1","	B01??(?)","	5.8","	2026-07-24 18:19:38"
"	69BA0CDE","	Chamber1","	1","	B01??(%RH)","	85","	2026-07-24 18:19:36"
"	69BA0CDE","	Chamber1","	1","	B01??(?)","	5.8","	2026-07-24 18:19:36"
"	69BA0CDE","	Chamber1","	1","	B01??(%RH)","	85","	2026-07-24 18:19:34"
"	69BA0CDE","	Chamber1","	1","	B01??(?)","	5.8","	2026-07-24 18:19:34"
"	69BA0CDE","	Chamber1","	1","	B01??(%RH)","	85","	2026-07-24 18:19:32"
"	69BA0CDE","	Chamber1","	1","	B01??(?)","	5.8","	2026-07-24 18:19:32"
"	69BA0CDE","	Chamber1","	1","	B01??(%RH)","	85","	2026-07-24 18:19:30"
"	69BA0CDE","	Chamber1","	1","	B01??(?)","	5.8","	2026-07-24 18:19:30"
"	69BA0CDE","	Chamber1","	1","	B01??(%RH)","	85","	2026-07-24 18:19:28"
"	69BA0CDE","	Chamber1","	1","	B01??(?)","	5.8","	2026-07-24 18:19:28"
"	69BA0CDE","	Chamber1","	1","	B01??(%RH)","	85","	2026-07-24 18:19:26"
"	69BA0CDE","	Chamber1","	1","	B01??(?)","	5.8","	2026-07-24 18:19:26"
"	69BA0CDE","	Chamber1","	1","	B01??(%RH)","	85","	2026-07-24 18:19:24"
"	69BA0CDE","	Chamber1","	1","	B01??(?)","	5.8","	2026-07-24 18:19:24"
"	69BA0CDE","	Chamber1","	1","	B01??(%RH)","	85","	2026-07-24 18:19:22"
"	69BA0CDE","	Chamber1","	1","	B01??(?)","	5.8","	2026-07-24 18:19:22"
"	69BA0CDE","	Chamber1","	1","	B01??(%RH)","	85","	2026-07-24 18:19:20"
"	69BA0CDE","	Chamber1","	1","	B01??(?)","	5.8","	2026-07-24 18:19:20"
"	69BA0CDE","	Chamber1","	1","	B01??(%RH)","	85","	2026-07-24 18:19:18"
"	69BA0CDE","	Chamber1","	1","	B01??(?)","	5.8","	2026-07-24 18:19:18"
"	69BA0CDE","	Chamber1","	1","	B01??(%RH)","	85","	2026-07-24 18:19:16"
"	69BA0CDE","	Chamber1","	1","	B01??(?)","	5.8","	2026-07-24 18:19:16"
"	69BA0CDE","	Chamber1","	1","	B01??(%RH)","	85","	2026-07-24 18:19:14"
"	69BA0CDE","	Chamber1","	1","	B01??(?)","	5.8","	2026-07-24 18:19:14"
"	69BA0CDE","	Chamber1","	1","	B01??(%RH)","	85","	2026-07-24 18:19:12"
"	69BA0CDE","	Chamber1","	1","	B01??(?)","	5.8","	2026-07-24 18:19:12"
"	69BA0CDE","	Chamber1","	1","	B01??(%RH)","	85","	2026-07-24 18:19:10"
"	69BA0CDE","	Chamber1","	1","	B01??(?)","	5.8","	2026-07-24 18:19:10"
"	69BA0CDE","	Chamber1","	1","	B01??(%RH)","	85","	2026-07-24 18:19:08"
"	69BA0CDE","	Chamber1","	1","	B01??(?)","	5.8","	2026-07-24 18:19:08"
"	69BA0CDE","	Chamber1","	1","	B01??(%RH)","	85","	2026-07-24 18:19:06"
"	69BA0CDE","	Chamber1","	1","	B01??(?)","	5.8","	2026-07-24 18:19:06"
"	69BA0CDE","	Chamber1","	1","	B01??(%RH)","	85","	2026-07-24 18:19:04"
"	69BA0CDE","	Chamber1","	1","	B01??(?)","	5.8","	2026-07-24 18:19:04"
"	69BA0CDE","	Chamber1","	1","	B01??(%RH)","	85","	2026-07-24 18:19:01"
"	69BA0CDE","	Chamber1","	1","	B01??(?)","	5.8","	2026-07-24 18:19:01"
"	69BA0CDE","	Chamber1","	1","	B01??(%RH)","	85","	2026-07-24 18:18:59"
"	69BA0CDE","	Chamber1","	1","	B01??(?)","	5.8","	2026-07-24 18:18:59"
"	69BA0CDE","	Chamber1","	1","	B01??(%RH)","	85","	2026-07-24 18:18:57"
"	69BA0CDE","	Chamber1","	1","	B01??(?)","	5.8","	2026-07-24 18:18:57"
"	69BA0CDE","	Chamber1","	1","	B01??(%RH)","	85","	2026-07-24 18:18:55"
"	69BA0CDE","	Chamber1","	1","	B01??(?)","	5.8","	2026-07-24 18:18:55"
"	69BA0CDE","	Chamber1","	1","	B01??(%RH)","	85","	2026-07-24 18:18:53"
"	69BA0CDE","	Chamber1","	1","	B01??(?)","	5.8","	2026-07-24 18:18:53"
"	69BA0CDE","	Chamber1","	1","	B01??(%RH)","	85","	2026-07-24 18:18:51"
"	69BA0CDE","	Chamber1","	1","	B01??(?)","	5.8","	2026-07-24 18:18:51"
"	69BA0CDE","	Chamber1","	1","	B01??(%RH)","	85","	2026-07-24 18:18:49"
"	69BA0CDE","	Chamber1","	1","	B01??(?)","	5.8","	2026-07-24 18:18:49"
"	69BA0CDE","	Chamber1","	1","	B01??(%RH)","	85","	2026-07-24 18:18:47"
"	69BA0CDE","	Chamber1","	1","	B01??(?)","	5.8","	2026-07-24 18:18:47"
"	69BA0CDE","	Chamber1","	1","	B01??(%RH)","	85","	2026-07-24 18:18:45"
"	69BA0CDE","	Chamber1","	1","	B01??(?)","	5.8","	2026-07-24 18:18:45"
"	69BA0CDE","	Chamber1","	1","	B01??(%RH)","	85","	2026-07-24 18:18:43"
"	69BA0CDE","	Chamber1","	1","	B01??(?)","	5.8","	2026-07-24 18:18:43"
"	69BA0CDE","	Chamber1","	1","	B01??(%RH)","	85","	2026-07-24 18:18:41"
"	69BA0CDE","	Chamber1","	1","	B01??(?)","	5.8","	2026-07-24 18:18:41"
"	69BA0CDE","	Chamber1","	1","	B01??(%RH)","	85","	2026-07-24 18:18:39"
"	69BA0CDE","	Chamber1","	1","	B01??(?)","	5.8","	2026-07-24 18:18:39"
"	69BA0CDE","	Chamber1","	1","	B01??(%RH)","	85","	2026-07-24 18:18:37"
"	69BA0CDE","	Chamber1","	1","	B01??(?)","	5.8","	2026-07-24 18:18:37"
"	69BA0CDE","	Chamber1","	1","	B01??(%RH)","	85","	2026-07-24 18:18:35"
"	69BA0CDE","	Chamber1","	1","	B01??(?)","	5.8","	2026-07-24 18:18:35"
"	69BA0CDE","	Chamber1","	1","	B01??(%RH)","	85","	2026-07-24 18:18:33"
"	69BA0CDE","	Chamber1","	1","	B01??(?)","	5.8","	2026-07-24 18:18:33"
"	69BA0CDE","	Chamber1","	1","	B01??(%RH)","	85","	2026-07-24 18:18:31"
"	69BA0CDE","	Chamber1","	1","	B01??(?)","	5.8","	2026-07-24 18:18:31"
"	69BA0CDE","	Chamber1","	1","	B01??(%RH)","	84.9","	2026-07-24 18:18:29"
"	69BA0CDE","	Chamber1","	1","	B01??(?)","	5.8","	2026-07-24 18:18:29"
"	69BA0CDE","	Chamber1","	1","	B01??(%RH)","	85","	2026-07-24 18:18:27"
"	69BA0CDE","	Chamber1","	1","	B01??(?)","	5.8","	2026-07-24 18:18:27"
"	69BA0CDE","	Chamber1","	1","	B01??(%RH)","	85","	2026-07-24 18:18:25"
"	69BA0CDE","	Chamber1","	1","	B01??(?)","	5.8","	2026-07-24 18:18:25"
"	69BA0CDE","	Chamber1","	1","	B01??(%RH)","	85","	2026-07-24 18:18:23"
"	69BA0CDE","	Chamber1","	1","	B01??(?)","	5.8","	2026-07-24 18:18:23"
"	69BA0CDE","	Chamber1","	1","	B01??(%RH)","	85","	2026-07-24 18:18:21"
"	69BA0CDE","	Chamber1","	1","	B01??(?)","	5.8","	2026-07-24 18:18:21"
"	69BA0CDE","	Chamber1","	1","	B01??(%RH)","	85","	2026-07-24 18:18:18"
"	69BA0CDE","	Chamber1","	1","	B01??(?)","	5.8","	2026-07-24 18:18:18"
"	69BA0CDE","	Chamber1","	1","	B01??(%RH)","	84.9","	2026-07-24 18:18:16"
"	69BA0CDE","	Chamber1","	1","	B01??(?)","	5.8","	2026-07-24 18:18:16"
"	69BA0CDE","	Chamber1","	1","	B01??(%RH)","	84.9","	2026-07-24 18:18:14"
"	69BA0CDE","	Chamber1","	1","	B01??(?)","	5.8","	2026-07-24 18:18:14"
"	69BA0CDE","	Chamber1","	1","	B01??(%RH)","	85","	2026-07-24 18:18:12"
"	69BA0CDE","	Chamber1","	1","	B01??(?)","	5.8","	2026-07-24 18:18:12"
"	69BA0CDE","	Chamber1","	1","	B01??(%RH)","	84.9","	2026-07-24 18:18:10"
"	69BA0CDE","	Chamber1","	1","	B01??(?)","	5.8","	2026-07-24 18:18:10"
"	69BA0CDE","	Chamber1","	1","	B01??(%RH)","	84.9","	2026-07-24 18:18:08"
"	69BA0CDE","	Chamber1","	1","	B01??(?)","	5.8","	2026-07-24 18:18:08"
"	69BA0CDE","	Chamber1","	1","	B01??(?)","	5.8","	2026-07-24 18:18:06"
"	69BA0CDE","	Chamber1","	1","	B01??(%RH)","	84.9","	2026-07-24 18:18:06"
"	69BA0CDE","	Chamber1","	1","	B01??(%RH)","	85","	2026-07-24 18:18:04"
"	69BA0CDE","	Chamber1","	1","	B01??(?)","	5.8","	2026-07-24 18:18:04"
"	69BA0CDE","	Chamber1","	1","	B01??(%RH)","	84.9","	2026-07-24 18:18:02"
"	69BA0CDE","	Chamber1","	1","	B01??(?)","	5.8","	2026-07-24 18:18:02"
"	69BA0CDE","	Chamber1","	1","	B01??(%RH)","	84.9","	2026-07-24 18:18:00"
"	69BA0CDE","	Chamber1","	1","	B01??(?)","	5.8","	2026-07-24 18:18:00"
"	69BA0CDE","	Chamber1","	1","	B01??(%RH)","	85","	2026-07-24 18:17:58"
"	69BA0CDE","	Chamber1","	1","	B01??(?)","	5.8","	2026-07-24 18:17:58"
"	69BA0CDE","	Chamber1","	1","	B01??(%RH)","	84.9","	2026-07-24 18:17:56"
"	69BA0CDE","	Chamber1","	1","	B01??(?)","	5.8","	2026-07-24 18:17:56"
"	69BA0CDE","	Chamber1","	1","	B01??(%RH)","	84.9","	2026-07-24 18:17:54"
"	69BA0CDE","	Chamber1","	1","	B01??(?)","	5.8","	2026-07-24 18:17:54"
"	69BA0CDE","	Chamber1","	1","	B01??(%RH)","	84.9","	2026-07-24 18:17:52"
"	69BA0CDE","	Chamber1","	1","	B01??(?)","	5.8","	2026-07-24 18:17:52"
"	69BA0CDE","	Chamber1","	1","	B01??(%RH)","	84.9","	2026-07-24 18:17:50"
"	69BA0CDE","	Chamber1","	1","	B01??(?)","	5.8","	2026-07-24 18:17:50"
"	69BA0CDE","	Chamber1","	1","	B01??(%RH)","	84.9","	2026-07-24 18:17:48"
"	69BA0CDE","	Chamber1","	1","	B01??(?)","	5.8","	2026-07-24 18:17:48"
"	69BA0CDE","	Chamber1","	1","	B01??(%RH)","	85","	2026-07-24 18:17:46"
"	69BA0CDE","	Chamber1","	1","	B01??(?)","	5.8","	2026-07-24 18:17:46"
"	69BA0CDE","	Chamber1","	1","	B01??(%RH)","	85","	2026-07-24 18:17:44"
"	69BA0CDE","	Chamber1","	1","	B01??(?)","	5.8","	2026-07-24 18:17:44"
"	69BA0CDE","	Chamber1","	1","	B01??(%RH)","	84.9","	2026-07-24 18:17:42"
"	69BA0CDE","	Chamber1","	1","	B01??(?)","	5.8","	2026-07-24 18:17:42"
"	69BA0CDE","	Chamber1","	1","	B01??(%RH)","	84.9","	2026-07-24 18:17:40"
"	69BA0CDE","	Chamber1","	1","	B01??(?)","	5.8","	2026-07-24 18:17:40"
"	69BA0CDE","	Chamber1","	1","	B01??(%RH)","	84.9","	2026-07-24 18:17:38"
"	69BA0CDE","	Chamber1","	1","	B01??(?)","	5.8","	2026-07-24 18:17:38"
"	69BA0CDE","	Chamber1","	1","	B01??(%RH)","	85","	2026-07-24 18:17:35"
"	69BA0CDE","	Chamber1","	1","	B01??(?)","	5.8","	2026-07-24 18:17:35"
"	69BA0CDE","	Chamber1","	1","	B01??(%RH)","	84.9","	2026-07-24 18:17:33"
"	69BA0CDE","	Chamber1","	1","	B01??(?)","	5.8","	2026-07-24 18:17:33"
"	69BA0CDE","	Chamber1","	1","	B01??(%RH)","	84.9","	2026-07-24 18:17:31"
"	69BA0CDE","	Chamber1","	1","	B01??(?)","	5.8","	2026-07-24 18:17:31"
"	69BA0CDE","	Chamber1","	1","	B01??(%RH)","	85","	2026-07-24 18:17:29"
"	69BA0CDE","	Chamber1","	1","	B01??(?)","	5.8","	2026-07-24 18:17:29"
"	69BA0CDE","	Chamber1","	1","	B01??(%RH)","	84.9","	2026-07-24 18:17:27"
"	69BA0CDE","	Chamber1","	1","	B01??(?)","	5.8","	2026-07-24 18:17:27"
"	69BA0CDE","	Chamber1","	1","	B01??(%RH)","	84.9","	2026-07-24 18:17:25"
"	69BA0CDE","	Chamber1","	1","	B01??(?)","	5.8","	2026-07-24 18:17:25"
"	69BA0CDE","	Chamber1","	1","	B01??(%RH)","	85","	2026-07-24 18:17:23"
"	69BA0CDE","	Chamber1","	1","	B01??(?)","	5.8","	2026-07-24 18:17:23"
"	69BA0CDE","	Chamber1","	1","	B01??(%RH)","	84.9","	2026-07-24 18:17:21"
"	69BA0CDE","	Chamber1","	1","	B01??(?)","	5.8","	2026-07-24 18:17:21"
"	69BA0CDE","	Chamber1","	1","	B01??(%RH)","	84.9","	2026-07-24 18:17:19"
"	69BA0CDE","	Chamber1","	1","	B01??(?)","	5.8","	2026-07-24 18:17:19"
"	69BA0CDE","	Chamber1","	1","	B01??(%RH)","	84.9","	2026-07-24 18:17:17"
"	69BA0CDE","	Chamber1","	1","	B01??(?)","	5.8","	2026-07-24 18:17:17"
"	69BA0CDE","	Chamber1","	1","	B01??(%RH)","	84.9","	2026-07-24 18:17:15"
"	69BA0CDE","	Chamber1","	1","	B01??(?)","	5.8","	2026-07-24 18:17:15"
"	69BA0CDE","	Chamber1","	1","	B01??(%RH)","	84.9","	2026-07-24 18:17:13"
"	69BA0CDE","	Chamber1","	1","	B01??(?)","	5.8","	2026-07-24 18:17:13"
"	69BA0CDE","	Chamber1","	1","	B01??(%RH)","	85","	2026-07-24 18:17:11"
"	69BA0CDE","	Chamber1","	1","	B01??(?)","	5.8","	2026-07-24 18:17:11"
"	69BA0CDE","	Chamber1","	1","	B01??(%RH)","	84.9","	2026-07-24 18:17:09"
"	69BA0CDE","	Chamber1","	1","	B01??(?)","	5.8","	2026-07-24 18:17:09"
"	69BA0CDE","	Chamber1","	1","	B01??(%RH)","	84.9","	2026-07-24 18:17:07"
"	69BA0CDE","	Chamber1","	1","	B01??(?)","	5.8","	2026-07-24 18:17:07"
"	69BA0CDE","	Chamber1","	1","	B01??(%RH)","	84.9","	2026-07-24 18:17:05"
"	69BA0CDE","	Chamber1","	1","	B01??(?)","	5.8","	2026-07-24 18:17:05"
"	69BA0CDE","	Chamber1","	1","	B01??(%RH)","	84.9","	2026-07-24 18:17:03"
"	69BA0CDE","	Chamber1","	1","	B01??(?)","	5.8","	2026-07-24 18:17:03"
"	69BA0CDE","	Chamber1","	1","	B01??(%RH)","	84.9","	2026-07-24 18:17:01"
"	69BA0CDE","	Chamber1","	1","	B01??(?)","	5.8","	2026-07-24 18:17:01"
"	69BA0CDE","	Chamber1","	1","	B01??(%RH)","	84.9","	2026-07-24 18:16:59"
"	69BA0CDE","	Chamber1","	1","	B01??(?)","	5.8","	2026-07-24 18:16:59"
"	69BA0CDE","	Chamber1","	1","	B01??(%RH)","	84.9","	2026-07-24 18:16:57"
"	69BA0CDE","	Chamber1","	1","	B01??(?)","	5.8","	2026-07-24 18:16:57"
"	69BA0CDE","	Chamber1","	1","	B01??(%RH)","	84.9","	2026-07-24 18:16:55"
"	69BA0CDE","	Chamber1","	1","	B01??(?)","	5.8","	2026-07-24 18:16:55"
"	69BA0CDE","	Chamber1","	1","	B01??(%RH)","	84.9","	2026-07-24 18:16:52"
"	69BA0CDE","	Chamber1","	1","	B01??(?)","	5.8","	2026-07-24 18:16:52"
"	69BA0CDE","	Chamber1","	1","	B01??(%RH)","	84.9","	2026-07-24 18:16:50"
"	69BA0CDE","	Chamber1","	1","	B01??(?)","	5.8","	2026-07-24 18:16:50"
"	69BA0CDE","	Chamber1","	1","	B01??(%RH)","	84.9","	2026-07-24 18:16:48"
"	69BA0CDE","	Chamber1","	1","	B01??(?)","	5.8","	2026-07-24 18:16:48"
"	69BA0CDE","	Chamber1","	1","	B01??(%RH)","	84.9","	2026-07-24 18:16:46"
"	69BA0CDE","	Chamber1","	1","	B01??(?)","	5.8","	2026-07-24 18:16:46"
"	69BA0CDE","	Chamber1","	1","	B01??(%RH)","	84.9","	2026-07-24 18:16:44"
"	69BA0CDE","	Chamber1","	1","	B01??(?)","	5.8","	2026-07-24 18:16:44"
"	69BA0CDE","	Chamber1","	1","	B01??(%RH)","	84.9","	2026-07-24 18:16:42"
"	69BA0CDE","	Chamber1","	1","	B01??(?)","	5.8","	2026-07-24 18:16:42"
"	69BA0CDE","	Chamber1","	1","	B01??(%RH)","	84.9","	2026-07-24 18:16:40"
"	69BA0CDE","	Chamber1","	1","	B01??(?)","	5.8","	2026-07-24 18:16:40"
"	69BA0CDE","	Chamber1","	1","	B01??(%RH)","	84.9","	2026-07-24 18:16:38"
"	69BA0CDE","	Chamber1","	1","	B01??(?)","	5.8","	2026-07-24 18:16:38"
"	69BA0CDE","	Chamber1","	1","	B01??(%RH)","	84.9","	2026-07-24 18:16:36"
"	69BA0CDE","	Chamber1","	1","	B01??(?)","	5.8","	2026-07-24 18:16:36"
"	69BA0CDE","	Chamber1","	1","	B01??(%RH)","	84.9","	2026-07-24 18:16:34"
"	69BA0CDE","	Chamber1","	1","	B01??(?)","	5.8","	2026-07-24 18:16:34"
"	69BA0CDE","	Chamber1","	1","	B01??(%RH)","	84.9","	2026-07-24 18:16:32"
"	69BA0CDE","	Chamber1","	1","	B01??(?)","	5.8","	2026-07-24 18:16:32"
"	69BA0CDE","	Chamber1","	1","	B01??(%RH)","	84.9","	2026-07-24 18:16:30"
"	69BA0CDE","	Chamber1","	1","	B01??(?)","	5.8","	2026-07-24 18:16:30"
"	69BA0CDE","	Chamber1","	1","	B01??(%RH)","	84.9","	2026-07-24 18:16:28"
"	69BA0CDE","	Chamber1","	1","	B01??(?)","	5.8","	2026-07-24 18:16:28"
"	69BA0CDE","	Chamber1","	1","	B01??(%RH)","	84.9","	2026-07-24 18:16:26"
"	69BA0CDE","	Chamber1","	1","	B01??(?)","	5.8","	2026-07-24 18:16:26"
"	69BA0CDE","	Chamber1","	1","	B01??(%RH)","	84.9","	2026-07-24 18:16:24"
"	69BA0CDE","	Chamber1","	1","	B01??(?)","	5.8","	2026-07-24 18:16:24"
"	69BA0CDE","	Chamber1","	1","	B01??(%RH)","	84.9","	2026-07-24 18:16:22"
"	69BA0CDE","	Chamber1","	1","	B01??(?)","	5.8","	2026-07-24 18:16:22"
"	69BA0CDE","	Chamber1","	1","	B01??(%RH)","	84.9","	2026-07-24 18:16:20"
"	69BA0CDE","	Chamber1","	1","	B01??(?)","	5.8","	2026-07-24 18:16:20"
"	69BA0CDE","	Chamber1","	1","	B01??(%RH)","	84.9","	2026-07-24 18:16:18"
"	69BA0CDE","	Chamber1","	1","	B01??(?)","	5.8","	2026-07-24 18:16:18"
"	69BA0CDE","	Chamber1","	1","	B01??(%RH)","	84.9","	2026-07-24 18:16:16"
"	69BA0CDE","	Chamber1","	1","	B01??(?)","	5.8","	2026-07-24 18:16:16"
"	69BA0CDE","	Chamber1","	1","	B01??(%RH)","	84.9","	2026-07-24 18:16:14"
"	69BA0CDE","	Chamber1","	1","	B01??(?)","	5.8","	2026-07-24 18:16:14"
"	69BA0CDE","	Chamber1","	1","	B01??(%RH)","	84.9","	2026-07-24 18:16:12"
"	69BA0CDE","	Chamber1","	1","	B01??(?)","	5.8","	2026-07-24 18:16:12"
"	69BA0CDE","	Chamber1","	1","	B01??(%RH)","	84.9","	2026-07-24 18:16:10"
"	69BA0CDE","	Chamber1","	1","	B01??(?)","	5.8","	2026-07-24 18:16:10"
"	69BA0CDE","	Chamber1","	1","	B01??(%RH)","	84.9","	2026-07-24 18:16:07"
"	69BA0CDE","	Chamber1","	1","	B01??(?)","	5.8","	2026-07-24 18:16:07"
"	69BA0CDE","	Chamber1","	1","	B01??(%RH)","	84.9","	2026-07-24 18:16:05"
"	69BA0CDE","	Chamber1","	1","	B01??(?)","	5.7","	2026-07-24 18:16:05"
"	69BA0CDE","	Chamber1","	1","	B01??(?)","	5.8","	2026-07-24 18:16:03"
"	69BA0CDE","	Chamber1","	1","	B01??(%RH)","	84.9","	2026-07-24 18:16:03"
"	69BA0CDE","	Chamber1","	1","	B01??(%RH)","	84.9","	2026-07-24 18:16:01"
"	69BA0CDE","	Chamber1","	1","	B01??(?)","	5.8","	2026-07-24 18:16:01"
"	69BA0CDE","	Chamber1","	1","	B01??(%RH)","	84.9","	2026-07-24 18:15:59"
"	69BA0CDE","	Chamber1","	1","	B01??(?)","	5.8","	2026-07-24 18:15:59"
"	69BA0CDE","	Chamber1","	1","	B01??(%RH)","	84.9","	2026-07-24 18:15:57"
"	69BA0CDE","	Chamber1","	1","	B01??(?)","	5.8","	2026-07-24 18:15:57"
"	69BA0CDE","	Chamber1","	1","	B01??(%RH)","	84.9","	2026-07-24 18:15:55"
"	69BA0CDE","	Chamber1","	1","	B01??(?)","	5.8","	2026-07-24 18:15:55"
"	69BA0CDE","	Chamber1","	1","	B01??(%RH)","	84.9","	2026-07-24 18:15:53"
"	69BA0CDE","	Chamber1","	1","	B01??(?)","	5.8","	2026-07-24 18:15:53"
"	69BA0CDE","	Chamber1","	1","	B01??(%RH)","	84.9","	2026-07-24 18:15:51"
"	69BA0CDE","	Chamber1","	1","	B01??(?)","	5.8","	2026-07-24 18:15:51"
"	69BA0CDE","	Chamber1","	1","	B01??(%RH)","	84.9","	2026-07-24 18:15:49"
"	69BA0CDE","	Chamber1","	1","	B01??(?)","	5.8","	2026-07-24 18:15:49"
"	69BA0CDE","	Chamber1","	1","	B01??(%RH)","	84.9","	2026-07-24 18:15:47"
"	69BA0CDE","	Chamber1","	1","	B01??(?)","	5.8","	2026-07-24 18:15:47"
"	69BA0CDE","	Chamber1","	1","	B01??(%RH)","	84.9","	2026-07-24 18:15:45"
"	69BA0CDE","	Chamber1","	1","	B01??(?)","	5.8","	2026-07-24 18:15:45"
"	69BA0CDE","	Chamber1","	1","	B01??(%RH)","	84.9","	2026-07-24 18:15:43"
"	69BA0CDE","	Chamber1","	1","	B01??(?)","	5.8","	2026-07-24 18:15:43"
"	69BA0CDE","	Chamber1","	1","	B01??(%RH)","	84.9","	2026-07-24 18:15:41"
"	69BA0CDE","	Chamber1","	1","	B01??(?)","	5.8","	2026-07-24 18:15:41"
"	69BA0CDE","	Chamber1","	1","	B01??(%RH)","	84.9","	2026-07-24 18:15:39"
"	69BA0CDE","	Chamber1","	1","	B01??(?)","	5.8","	2026-07-24 18:15:39"
"	69BA0CDE","	Chamber1","	1","	B01??(%RH)","	84.9","	2026-07-24 18:15:37"
"	69BA0CDE","	Chamber1","	1","	B01??(?)","	5.8","	2026-07-24 18:15:37"
"	69BA0CDE","	Chamber1","	1","	B01??(%RH)","	84.9","	2026-07-24 18:15:35"
"	69BA0CDE","	Chamber1","	1","	B01??(?)","	5.8","	2026-07-24 18:15:35"
"	69BA0CDE","	Chamber1","	1","	B01??(%RH)","	84.9","	2026-07-24 18:15:33"
"	69BA0CDE","	Chamber1","	1","	B01??(?)","	5.8","	2026-07-24 18:15:33"
"	69BA0CDE","	Chamber1","	1","	B01??(%RH)","	84.9","	2026-07-24 18:15:31"
"	69BA0CDE","	Chamber1","	1","	B01??(?)","	5.8","	2026-07-24 18:15:31"
"	69BA0CDE","	Chamber1","	1","	B01??(%RH)","	84.9","	2026-07-24 18:15:29"
"	69BA0CDE","	Chamber1","	1","	B01??(?)","	5.8","	2026-07-24 18:15:29"
"	69BA0CDE","	Chamber1","	1","	B01??(%RH)","	84.9","	2026-07-24 18:15:26"
"	69BA0CDE","	Chamber1","	1","	B01??(?)","	5.8","	2026-07-24 18:15:26"
"	69BA0CDE","	Chamber1","	1","	B01??(%RH)","	84.9","	2026-07-24 18:15:24"
"	69BA0CDE","	Chamber1","	1","	B01??(?)","	5.8","	2026-07-24 18:15:24"
"	69BA0CDE","	Chamber1","	1","	B01??(%RH)","	84.8","	2026-07-24 18:15:22"
"	69BA0CDE","	Chamber1","	1","	B01??(?)","	5.8","	2026-07-24 18:15:22"
"	69BA0CDE","	Chamber1","	1","	B01??(%RH)","	84.9","	2026-07-24 18:15:20"
"	69BA0CDE","	Chamber1","	1","	B01??(?)","	5.8","	2026-07-24 18:15:20"
"	69BA0CDE","	Chamber1","	1","	B01??(%RH)","	84.8","	2026-07-24 18:15:18"
"	69BA0CDE","	Chamber1","	1","	B01??(?)","	5.8","	2026-07-24 18:15:18"
"	69BA0CDE","	Chamber1","	1","	B01??(%RH)","	84.9","	2026-07-24 18:15:16"
"	69BA0CDE","	Chamber1","	1","	B01??(?)","	5.8","	2026-07-24 18:15:16"
"	69BA0CDE","	Chamber1","	1","	B01??(%RH)","	84.9","	2026-07-24 18:15:14"
"	69BA0CDE","	Chamber1","	1","	B01??(?)","	5.7","	2026-07-24 18:15:14"
"	69BA0CDE","	Chamber1","	1","	B01??(%RH)","	84.9","	2026-07-24 18:15:12"
"	69BA0CDE","	Chamber1","	1","	B01??(?)","	5.8","	2026-07-24 18:15:12"
"	69BA0CDE","	Chamber1","	1","	B01??(%RH)","	84.9","	2026-07-24 18:15:10"
"	69BA0CDE","	Chamber1","	1","	B01??(?)","	5.8","	2026-07-24 18:15:10"
"	69BA0CDE","	Chamber1","	1","	B01??(%RH)","	84.8","	2026-07-24 18:15:08"
"	69BA0CDE","	Chamber1","	1","	B01??(?)","	5.8","	2026-07-24 18:15:08"
"	69BA0CDE","	Chamber1","	1","	B01??(%RH)","	84.9","	2026-07-24 18:15:06"
"	69BA0CDE","	Chamber1","	1","	B01??(?)","	5.8","	2026-07-24 18:15:06"
"	69BA0CDE","	Chamber1","	1","	B01??(%RH)","	84.9","	2026-07-24 18:15:04"
"	69BA0CDE","	Chamber1","	1","	B01??(?)","	5.7","	2026-07-24 18:15:04"
"	69BA0CDE","	Chamber1","	1","	B01??(%RH)","	84.8","	2026-07-24 18:15:02"
"	69BA0CDE","	Chamber1","	1","	B01??(?)","	5.7","	2026-07-24 18:15:02"
"	69BA0CDE","	Chamber1","	1","	B01??(%RH)","	84.9","	2026-07-24 18:15:00"
"	69BA0CDE","	Chamber1","	1","	B01??(?)","	5.8","	2026-07-24 18:15:00"
"	69BA0CDE","	Chamber1","	1","	B01??(%RH)","	84.8","	2026-07-24 18:14:58"
"	69BA0CDE","	Chamber1","	1","	B01??(?)","	5.8","	2026-07-24 18:14:58"
"	69BA0CDE","	Chamber1","	1","	B01??(%RH)","	84.9","	2026-07-24 18:14:56"
"	69BA0CDE","	Chamber1","	1","	B01??(?)","	5.8","	2026-07-24 18:14:56"
"	69BA0CDE","	Chamber1","	1","	B01??(%RH)","	84.9","	2026-07-24 18:14:54"
"	69BA0CDE","	Chamber1","	1","	B01??(?)","	5.8","	2026-07-24 18:14:54"
"	69BA0CDE","	Chamber1","	1","	B01??(%RH)","	84.9","	2026-07-24 18:14:52"
"	69BA0CDE","	Chamber1","	1","	B01??(?)","	5.8","	2026-07-24 18:14:52"
"	69BA0CDE","	Chamber1","	1","	B01??(%RH)","	84.8","	2026-07-24 18:14:50"
"	69BA0CDE","	Chamber1","	1","	B01??(?)","	5.8","	2026-07-24 18:14:50"
"	69BA0CDE","	Chamber1","	1","	B01??(?)","	5.7","	2026-07-24 18:14:48"
"	69BA0CDE","	Chamber1","	1","	B01??(%RH)","	84.8","	2026-07-24 18:14:48"
"	69BA0CDE","	Chamber1","	1","	B01??(%RH)","	84.8","	2026-07-24 18:14:46"
"	69BA0CDE","	Chamber1","	1","	B01??(?)","	5.8","	2026-07-24 18:14:46"
"	69BA0CDE","	Chamber1","	1","	B01??(%RH)","	84.9","	2026-07-24 18:14:43"
"	69BA0CDE","	Chamber1","	1","	B01??(?)","	5.8","	2026-07-24 18:14:43"
"	69BA0CDE","	Chamber1","	1","	B01??(?)","	5.7","	2026-07-24 18:14:41"
"	69BA0CDE","	Chamber1","	1","	B01??(%RH)","	84.8","	2026-07-24 18:14:41"
"	69BA0CDE","	Chamber1","	1","	B01??(%RH)","	84.8","	2026-07-24 18:14:39"
"	69BA0CDE","	Chamber1","	1","	B01??(?)","	5.8","	2026-07-24 18:14:39"
"	69BA0CDE","	Chamber1","	1","	B01??(%RH)","	84.9","	2026-07-24 18:14:37"
"	69BA0CDE","	Chamber1","	1","	B01??(?)","	5.8","	2026-07-24 18:14:37"
"	69BA0CDE","	Chamber1","	1","	B01??(%RH)","	84.8","	2026-07-24 18:14:35"
"	69BA0CDE","	Chamber1","	1","	B01??(?)","	5.8","	2026-07-24 18:14:35"
"	69BA0CDE","	Chamber1","	1","	B01??(%RH)","	84.8","	2026-07-24 18:14:33"
"	69BA0CDE","	Chamber1","	1","	B01??(?)","	5.7","	2026-07-24 18:14:33"
"	69BA0CDE","	Chamber1","	1","	B01??(%RH)","	84.8","	2026-07-24 18:14:31"
"	69BA0CDE","	Chamber1","	1","	B01??(?)","	5.7","	2026-07-24 18:14:31"
"	69BA0CDE","	Chamber1","	1","	B01??(%RH)","	84.8","	2026-07-24 18:14:29"
"	69BA0CDE","	Chamber1","	1","	B01??(?)","	5.7","	2026-07-24 18:14:29"
"	69BA0CDE","	Chamber1","	1","	B01??(%RH)","	84.8","	2026-07-24 18:14:27"
"	69BA0CDE","	Chamber1","	1","	B01??(?)","	5.8","	2026-07-24 18:14:27"
"	69BA0CDE","	Chamber1","	1","	B01??(%RH)","	84.8","	2026-07-24 18:14:25"
"	69BA0CDE","	Chamber1","	1","	B01??(?)","	5.7","	2026-07-24 18:14:25"
"	69BA0CDE","	Chamber1","	1","	B01??(%RH)","	84.8","	2026-07-24 18:14:23"
"	69BA0CDE","	Chamber1","	1","	B01??(?)","	5.8","	2026-07-24 18:14:23"
"	69BA0CDE","	Chamber1","	1","	B01??(%RH)","	84.8","	2026-07-24 18:14:21"
"	69BA0CDE","	Chamber1","	1","	B01??(?)","	5.8","	2026-07-24 18:14:21"
"	69BA0CDE","	Chamber1","	1","	B01??(%RH)","	84.8","	2026-07-24 18:14:19"
"	69BA0CDE","	Chamber1","	1","	B01??(?)","	5.8","	2026-07-24 18:14:19"
"	69BA0CDE","	Chamber1","	1","	B01??(%RH)","	84.8","	2026-07-24 18:14:17"
"	69BA0CDE","	Chamber1","	1","	B01??(?)","	5.7","	2026-07-24 18:14:17"
"	69BA0CDE","	Chamber1","	1","	B01??(%RH)","	84.8","	2026-07-24 18:14:15"
"	69BA0CDE","	Chamber1","	1","	B01??(?)","	5.8","	2026-07-24 18:14:15"
"	69BA0CDE","	Chamber1","	1","	B01??(%RH)","	84.8","	2026-07-24 18:14:13"
"	69BA0CDE","	Chamber1","	1","	B01??(?)","	5.8","	2026-07-24 18:14:13"
"	69BA0CDE","	Chamber1","	1","	B01??(%RH)","	84.8","	2026-07-24 18:14:11"
"	69BA0CDE","	Chamber1","	1","	B01??(?)","	5.7","	2026-07-24 18:14:11"
"	69BA0CDE","	Chamber1","	1","	B01??(%RH)","	84.8","	2026-07-24 18:14:09"
"	69BA0CDE","	Chamber1","	1","	B01??(?)","	5.7","	2026-07-24 18:14:09"
"	69BA0CDE","	Chamber1","	1","	B01??(%RH)","	84.8","	2026-07-24 18:14:07"
"	69BA0CDE","	Chamber1","	1","	B01??(?)","	5.7","	2026-07-24 18:14:07"
"	69BA0CDE","	Chamber1","	1","	B01??(%RH)","	84.8","	2026-07-24 18:14:05"
"	69BA0CDE","	Chamber1","	1","	B01??(?)","	5.7","	2026-07-24 18:14:05"
"	69BA0CDE","	Chamber1","	1","	B01??(%RH)","	84.8","	2026-07-24 18:14:03"
"	69BA0CDE","	Chamber1","	1","	B01??(?)","	5.8","	2026-07-24 18:14:03"
"	69BA0CDE","	Chamber1","	1","	B01??(%RH)","	84.8","	2026-07-24 18:14:00"
"	69BA0CDE","	Chamber1","	1","	B01??(?)","	5.8","	2026-07-24 18:14:00"
"	69BA0CDE","	Chamber1","	1","	B01??(%RH)","	84.8","	2026-07-24 18:13:58"
"	69BA0CDE","	Chamber1","	1","	B01??(?)","	5.7","	2026-07-24 18:13:58"
"	69BA0CDE","	Chamber1","	1","	B01??(%RH)","	84.8","	2026-07-24 18:13:56"
"	69BA0CDE","	Chamber1","	1","	B01??(?)","	5.7","	2026-07-24 18:13:56"
"	69BA0CDE","	Chamber1","	1","	B01??(%RH)","	84.8","	2026-07-24 18:13:54"
"	69BA0CDE","	Chamber1","	1","	B01??(?)","	5.7","	2026-07-24 18:13:54"
"	69BA0CDE","	Chamber1","	1","	B01??(%RH)","	84.8","	2026-07-24 18:13:52"
"	69BA0CDE","	Chamber1","	1","	B01??(?)","	5.7","	2026-07-24 18:13:52"
"	69BA0CDE","	Chamber1","	1","	B01??(%RH)","	84.8","	2026-07-24 18:13:50"
"	69BA0CDE","	Chamber1","	1","	B01??(?)","	5.7","	2026-07-24 18:13:50"
"	69BA0CDE","	Chamber1","	1","	B01??(%RH)","	84.8","	2026-07-24 18:13:48"
"	69BA0CDE","	Chamber1","	1","	B01??(?)","	5.7","	2026-07-24 18:13:48"
"	69BA0CDE","	Chamber1","	1","	B01??(%RH)","	84.8","	2026-07-24 18:13:46"
"	69BA0CDE","	Chamber1","	1","	B01??(?)","	5.7","	2026-07-24 18:13:46"
"	69BA0CDE","	Chamber1","	1","	B01??(%RH)","	84.8","	2026-07-24 18:13:44"
"	69BA0CDE","	Chamber1","	1","	B01??(?)","	5.7","	2026-07-24 18:13:44"
"	69BA0CDE","	Chamber1","	1","	B01??(%RH)","	84.8","	2026-07-24 18:13:42"
"	69BA0CDE","	Chamber1","	1","	B01??(?)","	5.7","	2026-07-24 18:13:42"
"	69BA0CDE","	Chamber1","	1","	B01??(%RH)","	84.8","	2026-07-24 18:13:40"
"	69BA0CDE","	Chamber1","	1","	B01??(?)","	5.7","	2026-07-24 18:13:40"
"	69BA0CDE","	Chamber1","	1","	B01??(%RH)","	84.8","	2026-07-24 18:13:38"
"	69BA0CDE","	Chamber1","	1","	B01??(?)","	5.7","	2026-07-24 18:13:38"
"	69BA0CDE","	Chamber1","	1","	B01??(%RH)","	84.8","	2026-07-24 18:13:36"
"	69BA0CDE","	Chamber1","	1","	B01??(?)","	5.7","	2026-07-24 18:13:36"
"	69BA0CDE","	Chamber1","	1","	B01??(%RH)","	84.8","	2026-07-24 18:13:34"
"	69BA0CDE","	Chamber1","	1","	B01??(?)","	5.8","	2026-07-24 18:13:34"
"	69BA0CDE","	Chamber1","	1","	B01??(%RH)","	84.8","	2026-07-24 18:13:32"
"	69BA0CDE","	Chamber1","	1","	B01??(?)","	5.7","	2026-07-24 18:13:32"
"	69BA0CDE","	Chamber1","	1","	B01??(%RH)","	84.8","	2026-07-24 18:13:30"
"	69BA0CDE","	Chamber1","	1","	B01??(?)","	5.7","	2026-07-24 18:13:30"
"	69BA0CDE","	Chamber1","	1","	B01??(%RH)","	84.8","	2026-07-24 18:13:28"
"	69BA0CDE","	Chamber1","	1","	B01??(?)","	5.8","	2026-07-24 18:13:28"
"	69BA0CDE","	Chamber1","	1","	B01??(%RH)","	84.8","	2026-07-24 18:13:26"
"	69BA0CDE","	Chamber1","	1","	B01??(?)","	5.8","	2026-07-24 18:13:26"
"	69BA0CDE","	Chamber1","	1","	B01??(%RH)","	84.8","	2026-07-24 18:13:24"
"	69BA0CDE","	Chamber1","	1","	B01??(?)","	5.7","	2026-07-24 18:13:24"
"	69BA0CDE","	Chamber1","	1","	B01??(%RH)","	84.8","	2026-07-24 18:13:22"
"	69BA0CDE","	Chamber1","	1","	B01??(?)","	5.8","	2026-07-24 18:13:22"
"	69BA0CDE","	Chamber1","	1","	B01??(%RH)","	84.8","	2026-07-24 18:13:20"
"	69BA0CDE","	Chamber1","	1","	B01??(?)","	5.7","	2026-07-24 18:13:20"
"	69BA0CDE","	Chamber1","	1","	B01??(%RH)","	84.8","	2026-07-24 18:13:17"
"	69BA0CDE","	Chamber1","	1","	B01??(?)","	5.8","	2026-07-24 18:13:17"
"	69BA0CDE","	Chamber1","	1","	B01??(%RH)","	84.8","	2026-07-24 18:13:15"
"	69BA0CDE","	Chamber1","	1","	B01??(?)","	5.7","	2026-07-24 18:13:15"
"	69BA0CDE","	Chamber1","	1","	B01??(%RH)","	84.8","	2026-07-24 18:13:13"
"	69BA0CDE","	Chamber1","	1","	B01??(?)","	5.7","	2026-07-24 18:13:13"
"	69BA0CDE","	Chamber1","	1","	B01??(%RH)","	84.8","	2026-07-24 18:13:11"
"	69BA0CDE","	Chamber1","	1","	B01??(?)","	5.7","	2026-07-24 18:13:11"
"	69BA0CDE","	Chamber1","	1","	B01??(%RH)","	84.8","	2026-07-24 18:13:09"
"	69BA0CDE","	Chamber1","	1","	B01??(?)","	5.7","	2026-07-24 18:13:09"
"	69BA0CDE","	Chamber1","	1","	B01??(%RH)","	84.8","	2026-07-24 18:13:07"
"	69BA0CDE","	Chamber1","	1","	B01??(?)","	5.7","	2026-07-24 18:13:07"
"	69BA0CDE","	Chamber1","	1","	B01??(%RH)","	84.8","	2026-07-24 18:13:05"
"	69BA0CDE","	Chamber1","	1","	B01??(?)","	5.7","	2026-07-24 18:13:05"
"	69BA0CDE","	Chamber1","	1","	B01??(%RH)","	84.8","	2026-07-24 18:13:03"
"	69BA0CDE","	Chamber1","	1","	B01??(?)","	5.7","	2026-07-24 18:13:03"
"	69BA0CDE","	Chamber1","	1","	B01??(%RH)","	84.8","	2026-07-24 18:13:01"
"	69BA0CDE","	Chamber1","	1","	B01??(?)","	5.7","	2026-07-24 18:13:01"
"	69BA0CDE","	Chamber1","	1","	B01??(%RH)","	84.8","	2026-07-24 18:12:59"
"	69BA0CDE","	Chamber1","	1","	B01??(?)","	5.7","	2026-07-24 18:12:59"
"	69BA0CDE","	Chamber1","	1","	B01??(%RH)","	84.8","	2026-07-24 18:12:57"
"	69BA0CDE","	Chamber1","	1","	B01??(?)","	5.7","	2026-07-24 18:12:57"
"	69BA0CDE","	Chamber1","	1","	B01??(%RH)","	84.8","	2026-07-24 18:12:55"
"	69BA0CDE","	Chamber1","	1","	B01??(?)","	5.7","	2026-07-24 18:12:55"
"	69BA0CDE","	Chamber1","	1","	B01??(%RH)","	84.8","	2026-07-24 18:12:53"
"	69BA0CDE","	Chamber1","	1","	B01??(?)","	5.7","	2026-07-24 18:12:53"
"	69BA0CDE","	Chamber1","	1","	B01??(%RH)","	84.8","	2026-07-24 18:12:51"
"	69BA0CDE","	Chamber1","	1","	B01??(?)","	5.7","	2026-07-24 18:12:51"
"	69BA0CDE","	Chamber1","	1","	B01??(%RH)","	84.8","	2026-07-24 18:12:49"
"	69BA0CDE","	Chamber1","	1","	B01??(?)","	5.7","	2026-07-24 18:12:49"
"	69BA0CDE","	Chamber1","	1","	B01??(%RH)","	84.8","	2026-07-24 18:12:47"
"	69BA0CDE","	Chamber1","	1","	B01??(?)","	5.7","	2026-07-24 18:12:47"
"	69BA0CDE","	Chamber1","	1","	B01??(%RH)","	84.8","	2026-07-24 18:12:45"
"	69BA0CDE","	Chamber1","	1","	B01??(?)","	5.7","	2026-07-24 18:12:45"
"	69BA0CDE","	Chamber1","	1","	B01??(%RH)","	84.8","	2026-07-24 18:12:43"
"	69BA0CDE","	Chamber1","	1","	B01??(?)","	5.7","	2026-07-24 18:12:43"
"	69BA0CDE","	Chamber1","	1","	B01??(%RH)","	84.8","	2026-07-24 18:12:41"
"	69BA0CDE","	Chamber1","	1","	B01??(?)","	5.8","	2026-07-24 18:12:41"
"	69BA0CDE","	Chamber1","	1","	B01??(%RH)","	84.8","	2026-07-24 18:12:39"
"	69BA0CDE","	Chamber1","	1","	B01??(?)","	5.7","	2026-07-24 18:12:39"
"	69BA0CDE","	Chamber1","	1","	B01??(%RH)","	84.8","	2026-07-24 18:12:37"
"	69BA0CDE","	Chamber1","	1","	B01??(?)","	5.7","	2026-07-24 18:12:37"
"	69BA0CDE","	Chamber1","	1","	B01??(%RH)","	84.8","	2026-07-24 18:12:35"
"	69BA0CDE","	Chamber1","	1","	B01??(?)","	5.7","	2026-07-24 18:12:35"
"	69BA0CDE","	Chamber1","	1","	B01??(?)","	5.7","	2026-07-24 18:12:32"
"	69BA0CDE","	Chamber1","	1","	B01??(%RH)","	84.7","	2026-07-24 18:12:32"
"	69BA0CDE","	Chamber1","	1","	B01??(%RH)","	84.7","	2026-07-24 18:12:30"
"	69BA0CDE","	Chamber1","	1","	B01??(?)","	5.7","	2026-07-24 18:12:30"
"	69BA0CDE","	Chamber1","	1","	B01??(%RH)","	84.8","	2026-07-24 18:12:28"
"	69BA0CDE","	Chamber1","	1","	B01??(?)","	5.7","	2026-07-24 18:12:28"
"	69BA0CDE","	Chamber1","	1","	B01??(%RH)","	84.7","	2026-07-24 18:12:26"
"	69BA0CDE","	Chamber1","	1","	B01??(?)","	5.7","	2026-07-24 18:12:26"
"	69BA0CDE","	Chamber1","	1","	B01??(%RH)","	84.8","	2026-07-24 18:12:24"
"	69BA0CDE","	Chamber1","	1","	B01??(?)","	5.7","	2026-07-24 18:12:24"
"	69BA0CDE","	Chamber1","	1","	B01??(%RH)","	84.8","	2026-07-24 18:12:22"
"	69BA0CDE","	Chamber1","	1","	B01??(?)","	5.7","	2026-07-24 18:12:22"
"	69BA0CDE","	Chamber1","	1","	B01??(%RH)","	84.8","	2026-07-24 18:12:20"
"	69BA0CDE","	Chamber1","	1","	B01??(?)","	5.7","	2026-07-24 18:12:20"
"	69BA0CDE","	Chamber1","	1","	B01??(%RH)","	84.7","	2026-07-24 18:12:18"
"	69BA0CDE","	Chamber1","	1","	B01??(?)","	5.7","	2026-07-24 18:12:18"
"	69BA0CDE","	Chamber1","	1","	B01??(%RH)","	84.8","	2026-07-24 18:12:16"
"	69BA0CDE","	Chamber1","	1","	B01??(?)","	5.7","	2026-07-24 18:12:16"
"	69BA0CDE","	Chamber1","	1","	B01??(%RH)","	84.8","	2026-07-24 18:12:14"
"	69BA0CDE","	Chamber1","	1","	B01??(?)","	5.7","	2026-07-24 18:12:14"
"	69BA0CDE","	Chamber1","	1","	B01??(%RH)","	84.7","	2026-07-24 18:12:12"
"	69BA0CDE","	Chamber1","	1","	B01??(?)","	5.7","	2026-07-24 18:12:12"
"	69BA0CDE","	Chamber1","	1","	B01??(%RH)","	84.7","	2026-07-24 18:12:10"
"	69BA0CDE","	Chamber1","	1","	B01??(?)","	5.7","	2026-07-24 18:12:10"
"	69BA0CDE","	Chamber1","	1","	B01??(%RH)","	84.7","	2026-07-24 18:12:08"
"	69BA0CDE","	Chamber1","	1","	B01??(?)","	5.7","	2026-07-24 18:12:08"
"	69BA0CDE","	Chamber1","	1","	B01??(%RH)","	84.8","	2026-07-24 18:12:06"
"	69BA0CDE","	Chamber1","	1","	B01??(?)","	5.7","	2026-07-24 18:12:06"
"	69BA0CDE","	Chamber1","	1","	B01??(%RH)","	84.7","	2026-07-24 18:12:04"
"	69BA0CDE","	Chamber1","	1","	B01??(?)","	5.7","	2026-07-24 18:12:04"
"	69BA0CDE","	Chamber1","	1","	B01??(%RH)","	84.7","	2026-07-24 18:12:02"
"	69BA0CDE","	Chamber1","	1","	B01??(?)","	5.7","	2026-07-24 18:12:02"
"	69BA0CDE","	Chamber1","	1","	B01??(%RH)","	84.7","	2026-07-24 18:12:00"
"	69BA0CDE","	Chamber1","	1","	B01??(?)","	5.7","	2026-07-24 18:12:00"
"	69BA0CDE","	Chamber1","	1","	B01??(%RH)","	84.7","	2026-07-24 18:11:58"
"	69BA0CDE","	Chamber1","	1","	B01??(?)","	5.7","	2026-07-24 18:11:58"
"	69BA0CDE","	Chamber1","	1","	B01??(%RH)","	84.7","	2026-07-24 18:11:56"
"	69BA0CDE","	Chamber1","	1","	B01??(?)","	5.7","	2026-07-24 18:11:56"
"	69BA0CDE","	Chamber1","	1","	B01??(%RH)","	84.7","	2026-07-24 18:11:54"
"	69BA0CDE","	Chamber1","	1","	B01??(?)","	5.7","	2026-07-24 18:11:54"
"	69BA0CDE","	Chamber1","	1","	B01??(%RH)","	84.7","	2026-07-24 18:11:52"
"	69BA0CDE","	Chamber1","	1","	B01??(?)","	5.7","	2026-07-24 18:11:52"
"	69BA0CDE","	Chamber1","	1","	B01??(%RH)","	84.7","	2026-07-24 18:11:49"
"	69BA0CDE","	Chamber1","	1","	B01??(?)","	5.7","	2026-07-24 18:11:49"
"	69BA0CDE","	Chamber1","	1","	B01??(%RH)","	84.8","	2026-07-24 18:11:47"
"	69BA0CDE","	Chamber1","	1","	B01??(?)","	5.7","	2026-07-24 18:11:47"
"	69BA0CDE","	Chamber1","	1","	B01??(%RH)","	84.7","	2026-07-24 18:11:45"
"	69BA0CDE","	Chamber1","	1","	B01??(?)","	5.7","	2026-07-24 18:11:45"
"	69BA0CDE","	Chamber1","	1","	B01??(%RH)","	84.7","	2026-07-24 18:11:43"
"	69BA0CDE","	Chamber1","	1","	B01??(?)","	5.7","	2026-07-24 18:11:43"
"	69BA0CDE","	Chamber1","	1","	B01??(%RH)","	84.7","	2026-07-24 18:11:41"
"	69BA0CDE","	Chamber1","	1","	B01??(?)","	5.7","	2026-07-24 18:11:41"
"	69BA0CDE","	Chamber1","	1","	B01??(%RH)","	84.7","	2026-07-24 18:11:39"
"	69BA0CDE","	Chamber1","	1","	B01??(?)","	5.7","	2026-07-24 18:11:39"
"	69BA0CDE","	Chamber1","	1","	B01??(%RH)","	84.7","	2026-07-24 18:11:37"
"	69BA0CDE","	Chamber1","	1","	B01??(?)","	5.7","	2026-07-24 18:11:37"
"	69BA0CDE","	Chamber1","	1","	B01??(%RH)","	84.7","	2026-07-24 18:11:35"
"	69BA0CDE","	Chamber1","	1","	B01??(?)","	5.7","	2026-07-24 18:11:35"
"	69BA0CDE","	Chamber1","	1","	B01??(%RH)","	84.7","	2026-07-24 18:11:33"
"	69BA0CDE","	Chamber1","	1","	B01??(?)","	5.7","	2026-07-24 18:11:33"
"	69BA0CDE","	Chamber1","	1","	B01??(%RH)","	84.7","	2026-07-24 18:11:31"
"	69BA0CDE","	Chamber1","	1","	B01??(?)","	5.7","	2026-07-24 18:11:31"
"	69BA0CDE","	Chamber1","	1","	B01??(%RH)","	84.7","	2026-07-24 18:11:29"
"	69BA0CDE","	Chamber1","	1","	B01??(?)","	5.7","	2026-07-24 18:11:29"
"	69BA0CDE","	Chamber1","	1","	B01??(%RH)","	84.7","	2026-07-24 18:11:27"
"	69BA0CDE","	Chamber1","	1","	B01??(?)","	5.7","	2026-07-24 18:11:27"
"	69BA0CDE","	Chamber1","	1","	B01??(%RH)","	84.7","	2026-07-24 18:11:25"
"	69BA0CDE","	Chamber1","	1","	B01??(?)","	5.7","	2026-07-24 18:11:25"
"	69BA0CDE","	Chamber1","	1","	B01??(%RH)","	84.7","	2026-07-24 18:11:23"
"	69BA0CDE","	Chamber1","	1","	B01??(?)","	5.7","	2026-07-24 18:11:23"
"	69BA0CDE","	Chamber1","	1","	B01??(%RH)","	84.7","	2026-07-24 18:11:21"
"	69BA0CDE","	Chamber1","	1","	B01??(?)","	5.7","	2026-07-24 18:11:21"
"	69BA0CDE","	Chamber1","	1","	B01??(%RH)","	84.7","	2026-07-24 18:11:19"
"	69BA0CDE","	Chamber1","	1","	B01??(?)","	5.7","	2026-07-24 18:11:19"
"	69BA0CDE","	Chamber1","	1","	B01??(%RH)","	84.7","	2026-07-24 18:11:17"
"	69BA0CDE","	Chamber1","	1","	B01??(?)","	5.7","	2026-07-24 18:11:17"
"	69BA0CDE","	Chamber1","	1","	B01??(%RH)","	84.7","	2026-07-24 18:11:15"
"	69BA0CDE","	Chamber1","	1","	B01??(?)","	5.7","	2026-07-24 18:11:15"
"	69BA0CDE","	Chamber1","	1","	B01??(%RH)","	84.7","	2026-07-24 18:11:13"
"	69BA0CDE","	Chamber1","	1","	B01??(?)","	5.7","	2026-07-24 18:11:13"
"	69BA0CDE","	Chamber1","	1","	B01??(%RH)","	84.7","	2026-07-24 18:11:11"
"	69BA0CDE","	Chamber1","	1","	B01??(?)","	5.7","	2026-07-24 18:11:11"
"	69BA0CDE","	Chamber1","	1","	B01??(%RH)","	84.6","	2026-07-24 18:11:09"
"	69BA0CDE","	Chamber1","	1","	B01??(?)","	5.7","	2026-07-24 18:11:09"
"	69BA0CDE","	Chamber1","	1","	B01??(%RH)","	84.7","	2026-07-24 18:11:06"
"	69BA0CDE","	Chamber1","	1","	B01??(?)","	5.7","	2026-07-24 18:11:06"
"	69BA0CDE","	Chamber1","	1","	B01??(%RH)","	84.7","	2026-07-24 18:11:04"
"	69BA0CDE","	Chamber1","	1","	B01??(?)","	5.7","	2026-07-24 18:11:04"
"	69BA0CDE","	Chamber1","	1","	B01??(%RH)","	84.7","	2026-07-24 18:11:02"
"	69BA0CDE","	Chamber1","	1","	B01??(?)","	5.7","	2026-07-24 18:11:02"
"	69BA0CDE","	Chamber1","	1","	B01??(%RH)","	84.7","	2026-07-24 18:11:00"
"	69BA0CDE","	Chamber1","	1","	B01??(?)","	5.7","	2026-07-24 18:11:00"
"	69BA0CDE","	Chamber1","	1","	B01??(%RH)","	84.6","	2026-07-24 18:10:58"
"	69BA0CDE","	Chamber1","	1","	B01??(?)","	5.7","	2026-07-24 18:10:58"
"	69BA0CDE","	Chamber1","	1","	B01??(%RH)","	84.7","	2026-07-24 18:10:56"
"	69BA0CDE","	Chamber1","	1","	B01??(?)","	5.7","	2026-07-24 18:10:56"
"	69BA0CDE","	Chamber1","	1","	B01??(%RH)","	84.7","	2026-07-24 18:10:54"
"	69BA0CDE","	Chamber1","	1","	B01??(?)","	5.7","	2026-07-24 18:10:54"
"	69BA0CDE","	Chamber1","	1","	B01??(%RH)","	84.7","	2026-07-24 18:10:52"
"	69BA0CDE","	Chamber1","	1","	B01??(?)","	5.7","	2026-07-24 18:10:52"
"	69BA0CDE","	Chamber1","	1","	B01??(%RH)","	84.7","	2026-07-24 18:10:50"
"	69BA0CDE","	Chamber1","	1","	B01??(?)","	5.7","	2026-07-24 18:10:50"
"	69BA0CDE","	Chamber1","	1","	B01??(%RH)","	84.7","	2026-07-24 18:10:48"
"	69BA0CDE","	Chamber1","	1","	B01??(?)","	5.7","	2026-07-24 18:10:48"
"	69BA0CDE","	Chamber1","	1","	B01??(%RH)","	84.7","	2026-07-24 18:10:46"
"	69BA0CDE","	Chamber1","	1","	B01??(?)","	5.7","	2026-07-24 18:10:46"
"	69BA0CDE","	Chamber1","	1","	B01??(%RH)","	84.7","	2026-07-24 18:10:44"
"	69BA0CDE","	Chamber1","	1","	B01??(?)","	5.7","	2026-07-24 18:10:44"
"	69BA0CDE","	Chamber1","	1","	B01??(%RH)","	84.7","	2026-07-24 18:10:42"
"	69BA0CDE","	Chamber1","	1","	B01??(?)","	5.7","	2026-07-24 18:10:42"
"	69BA0CDE","	Chamber1","	1","	B01??(%RH)","	84.7","	2026-07-24 18:10:40"
"	69BA0CDE","	Chamber1","	1","	B01??(?)","	5.7","	2026-07-24 18:10:40"
"	69BA0CDE","	Chamber1","	1","	B01??(%RH)","	84.6","	2026-07-24 18:10:38"
"	69BA0CDE","	Chamber1","	1","	B01??(?)","	5.7","	2026-07-24 18:10:38"
"	69BA0CDE","	Chamber1","	1","	B01??(%RH)","	84.7","	2026-07-24 18:10:36"
"	69BA0CDE","	Chamber1","	1","	B01??(?)","	5.7","	2026-07-24 18:10:36"
"	69BA0CDE","	Chamber1","	1","	B01??(%RH)","	84.7","	2026-07-24 18:10:34"
"	69BA0CDE","	Chamber1","	1","	B01??(?)","	5.7","	2026-07-24 18:10:34"
"	69BA0CDE","	Chamber1","	1","	B01??(%RH)","	84.7","	2026-07-24 18:10:32"
"	69BA0CDE","	Chamber1","	1","	B01??(?)","	5.7","	2026-07-24 18:10:32"
"	69BA0CDE","	Chamber1","	1","	B01??(%RH)","	84.7","	2026-07-24 18:10:30"
"	69BA0CDE","	Chamber1","	1","	B01??(?)","	5.7","	2026-07-24 18:10:30"
"	69BA0CDE","	Chamber1","	1","	B01??(%RH)","	84.7","	2026-07-24 18:10:28"
"	69BA0CDE","	Chamber1","	1","	B01??(?)","	5.7","	2026-07-24 18:10:28"
"	69BA0CDE","	Chamber1","	1","	B01??(%RH)","	84.7","	2026-07-24 18:10:26"
"	69BA0CDE","	Chamber1","	1","	B01??(?)","	5.7","	2026-07-24 18:10:26"
"	69BA0CDE","	Chamber1","	1","	B01??(%RH)","	84.6","	2026-07-24 18:10:23"
"	69BA0CDE","	Chamber1","	1","	B01??(?)","	5.7","	2026-07-24 18:10:23"
"	69BA0CDE","	Chamber1","	1","	B01??(%RH)","	84.6","	2026-07-24 18:10:21"
"	69BA0CDE","	Chamber1","	1","	B01??(?)","	5.7","	2026-07-24 18:10:21"
"	69BA0CDE","	Chamber1","	1","	B01??(%RH)","	84.6","	2026-07-24 18:10:19"
"	69BA0CDE","	Chamber1","	1","	B01??(?)","	5.7","	2026-07-24 18:10:19"
"	69BA0CDE","	Chamber1","	1","	B01??(%RH)","	84.7","	2026-07-24 18:10:17"
"	69BA0CDE","	Chamber1","	1","	B01??(?)","	5.7","	2026-07-24 18:10:17"
"	69BA0CDE","	Chamber1","	1","	B01??(%RH)","	84.7","	2026-07-24 18:10:15"
"	69BA0CDE","	Chamber1","	1","	B01??(?)","	5.7","	2026-07-24 18:10:15"
"	69BA0CDE","	Chamber1","	1","	B01??(%RH)","	84.6","	2026-07-24 18:10:13"
"	69BA0CDE","	Chamber1","	1","	B01??(?)","	5.7","	2026-07-24 18:10:13"
"	69BA0CDE","	Chamber1","	1","	B01??(%RH)","	84.7","	2026-07-24 18:10:11"
"	69BA0CDE","	Chamber1","	1","	B01??(?)","	5.7","	2026-07-24 18:10:11"
"	69BA0CDE","	Chamber1","	1","	B01??(%RH)","	84.6","	2026-07-24 18:10:09"
"	69BA0CDE","	Chamber1","	1","	B01??(?)","	5.7","	2026-07-24 18:10:09"
"	69BA0CDE","	Chamber1","	1","	B01??(%RH)","	84.7","	2026-07-24 18:10:07"
"	69BA0CDE","	Chamber1","	1","	B01??(?)","	5.7","	2026-07-24 18:10:07"
"	69BA0CDE","	Chamber1","	1","	B01??(%RH)","	84.6","	2026-07-24 18:10:05"
"	69BA0CDE","	Chamber1","	1","	B01??(?)","	5.7","	2026-07-24 18:10:05"
"	69BA0CDE","	Chamber1","	1","	B01??(%RH)","	84.6","	2026-07-24 18:10:03"
"	69BA0CDE","	Chamber1","	1","	B01??(?)","	5.7","	2026-07-24 18:10:03"
"	69BA0CDE","	Chamber1","	1","	B01??(%RH)","	84.6","	2026-07-24 18:10:01"
"	69BA0CDE","	Chamber1","	1","	B01??(?)","	5.7","	2026-07-24 18:10:01"
"	69BA0CDE","	Chamber1","	1","	B01??(%RH)","	84.7","	2026-07-24 18:09:59"
"	69BA0CDE","	Chamber1","	1","	B01??(?)","	5.7","	2026-07-24 18:09:59"
"	69BA0CDE","	Chamber1","	1","	B01??(%RH)","	84.7","	2026-07-24 18:09:57"
"	69BA0CDE","	Chamber1","	1","	B01??(?)","	5.7","	2026-07-24 18:09:57"
"	69BA0CDE","	Chamber1","	1","	B01??(%RH)","	84.6","	2026-07-24 18:09:55"
"	69BA0CDE","	Chamber1","	1","	B01??(?)","	5.7","	2026-07-24 18:09:55"
"	69BA0CDE","	Chamber1","	1","	B01??(%RH)","	84.6","	2026-07-24 18:09:53"
"	69BA0CDE","	Chamber1","	1","	B01??(?)","	5.7","	2026-07-24 18:09:53"
"	69BA0CDE","	Chamber1","	1","	B01??(%RH)","	84.7","	2026-07-24 18:09:51"
"	69BA0CDE","	Chamber1","	1","	B01??(?)","	5.7","	2026-07-24 18:09:51"
"	69BA0CDE","	Chamber1","	1","	B01??(%RH)","	84.6","	2026-07-24 18:09:49"
"	69BA0CDE","	Chamber1","	1","	B01??(?)","	5.7","	2026-07-24 18:09:49"
"	69BA0CDE","	Chamber1","	1","	B01??(%RH)","	84.6","	2026-07-24 18:09:47"
"	69BA0CDE","	Chamber1","	1","	B01??(?)","	5.7","	2026-07-24 18:09:47"
"	69BA0CDE","	Chamber1","	1","	B01??(%RH)","	84.6","	2026-07-24 18:09:45"
"	69BA0CDE","	Chamber1","	1","	B01??(?)","	5.7","	2026-07-24 18:09:45"
"	69BA0CDE","	Chamber1","	1","	B01??(%RH)","	84.6","	2026-07-24 18:09:43"
"	69BA0CDE","	Chamber1","	1","	B01??(?)","	5.7","	2026-07-24 18:09:43"
"	69BA0CDE","	Chamber1","	1","	B01??(%RH)","	84.6","	2026-07-24 18:09:40"
"	69BA0CDE","	Chamber1","	1","	B01??(?)","	5.7","	2026-07-24 18:09:40"
"	69BA0CDE","	Chamber1","	1","	B01??(%RH)","	84.6","	2026-07-24 18:09:38"
"	69BA0CDE","	Chamber1","	1","	B01??(?)","	5.7","	2026-07-24 18:09:38"
"	69BA0CDE","	Chamber1","	1","	B01??(%RH)","	84.6","	2026-07-24 18:09:36"
"	69BA0CDE","	Chamber1","	1","	B01??(?)","	5.7","	2026-07-24 18:09:36"
"	69BA0CDE","	Chamber1","	1","	B01??(%RH)","	84.7","	2026-07-24 18:09:34"
"	69BA0CDE","	Chamber1","	1","	B01??(?)","	5.7","	2026-07-24 18:09:34"
"	69BA0CDE","	Chamber1","	1","	B01??(%RH)","	84.6","	2026-07-24 18:09:32"
"	69BA0CDE","	Chamber1","	1","	B01??(?)","	5.7","	2026-07-24 18:09:32"
"	69BA0CDE","	Chamber1","	1","	B01??(%RH)","	84.6","	2026-07-24 18:09:30"
"	69BA0CDE","	Chamber1","	1","	B01??(?)","	5.7","	2026-07-24 18:09:30"
"	69BA0CDE","	Chamber1","	1","	B01??(%RH)","	84.7","	2026-07-24 18:09:28"
"	69BA0CDE","	Chamber1","	1","	B01??(?)","	5.7","	2026-07-24 18:09:28"
"	69BA0CDE","	Chamber1","	1","	B01??(%RH)","	84.6","	2026-07-24 18:09:26"
"	69BA0CDE","	Chamber1","	1","	B01??(?)","	5.7","	2026-07-24 18:09:26"
"	69BA0CDE","	Chamber1","	1","	B01??(%RH)","	84.6","	2026-07-24 18:09:24"
"	69BA0CDE","	Chamber1","	1","	B01??(?)","	5.7","	2026-07-24 18:09:24"
"	69BA0CDE","	Chamber1","	1","	B01??(%RH)","	84.7","	2026-07-24 18:09:22"
"	69BA0CDE","	Chamber1","	1","	B01??(?)","	5.7","	2026-07-24 18:09:22"
"	69BA0CDE","	Chamber1","	1","	B01??(%RH)","	84.6","	2026-07-24 18:09:20"
"	69BA0CDE","	Chamber1","	1","	B01??(?)","	5.7","	2026-07-24 18:09:20"
"	69BA0CDE","	Chamber1","	1","	B01??(%RH)","	84.6","	2026-07-24 18:09:18"
"	69BA0CDE","	Chamber1","	1","	B01??(?)","	5.7","	2026-07-24 18:09:18"
"	69BA0CDE","	Chamber1","	1","	B01??(%RH)","	84.6","	2026-07-24 18:09:16"
"	69BA0CDE","	Chamber1","	1","	B01??(?)","	5.7","	2026-07-24 18:09:16"
"	69BA0CDE","	Chamber1","	1","	B01??(%RH)","	84.6","	2026-07-24 18:09:14"
"	69BA0CDE","	Chamber1","	1","	B01??(?)","	5.7","	2026-07-24 18:09:14"
"	69BA0CDE","	Chamber1","	1","	B01??(%RH)","	84.6","	2026-07-24 18:09:12"
"	69BA0CDE","	Chamber1","	1","	B01??(?)","	5.7","	2026-07-24 18:09:12"
"	69BA0CDE","	Chamber1","	1","	B01??(%RH)","	84.6","	2026-07-24 18:09:10"
"	69BA0CDE","	Chamber1","	1","	B01??(?)","	5.7","	2026-07-24 18:09:10"
"	69BA0CDE","	Chamber1","	1","	B01??(%RH)","	84.6","	2026-07-24 18:09:08"
"	69BA0CDE","	Chamber1","	1","	B01??(?)","	5.7","	2026-07-24 18:09:08"
"	69BA0CDE","	Chamber1","	1","	B01??(%RH)","	84.6","	2026-07-24 18:09:06"
"	69BA0CDE","	Chamber1","	1","	B01??(?)","	5.7","	2026-07-24 18:09:06"
"	69BA0CDE","	Chamber1","	1","	B01??(%RH)","	84.6","	2026-07-24 18:09:04"
"	69BA0CDE","	Chamber1","	1","	B01??(?)","	5.7","	2026-07-24 18:09:04"
"	69BA0CDE","	Chamber1","	1","	B01??(%RH)","	84.6","	2026-07-24 18:09:02"
"	69BA0CDE","	Chamber1","	1","	B01??(?)","	5.7","	2026-07-24 18:09:02"
"	69BA0CDE","	Chamber1","	1","	B01??(%RH)","	84.6","	2026-07-24 18:09:00"
"	69BA0CDE","	Chamber1","	1","	B01??(?)","	5.7","	2026-07-24 18:09:00"
"	69BA0CDE","	Chamber1","	1","	B01??(%RH)","	84.6","	2026-07-24 18:08:57"
"	69BA0CDE","	Chamber1","	1","	B01??(?)","	5.7","	2026-07-24 18:08:57"
"	69BA0CDE","	Chamber1","	1","	B01??(%RH)","	84.7","	2026-07-24 18:08:55"
"	69BA0CDE","	Chamber1","	1","	B01??(?)","	5.7","	2026-07-24 18:08:55"
"	69BA0CDE","	Chamber1","	1","	B01??(%RH)","	84.6","	2026-07-24 18:08:53"
"	69BA0CDE","	Chamber1","	1","	B01??(?)","	5.7","	2026-07-24 18:08:53"
"	69BA0CDE","	Chamber1","	1","	B01??(%RH)","	84.6","	2026-07-24 18:08:51"
"	69BA0CDE","	Chamber1","	1","	B01??(?)","	5.7","	2026-07-24 18:08:51"
"	69BA0CDE","	Chamber1","	1","	B01??(%RH)","	84.6","	2026-07-24 18:08:49"
"	69BA0CDE","	Chamber1","	1","	B01??(?)","	5.7","	2026-07-24 18:08:49"
"	69BA0CDE","	Chamber1","	1","	B01??(%RH)","	84.6","	2026-07-24 18:08:47"
"	69BA0CDE","	Chamber1","	1","	B01??(?)","	5.7","	2026-07-24 18:08:47"
"	69BA0CDE","	Chamber1","	1","	B01??(%RH)","	84.6","	2026-07-24 18:08:45"
"	69BA0CDE","	Chamber1","	1","	B01??(?)","	5.7","	2026-07-24 18:08:45"
"	69BA0CDE","	Chamber1","	1","	B01??(%RH)","	84.6","	2026-07-24 18:08:43"
"	69BA0CDE","	Chamber1","	1","	B01??(?)","	5.7","	2026-07-24 18:08:43"
"	69BA0CDE","	Chamber1","	1","	B01??(%RH)","	84.7","	2026-07-24 18:08:41"
"	69BA0CDE","	Chamber1","	1","	B01??(?)","	5.7","	2026-07-24 18:08:41"
"	69BA0CDE","	Chamber1","	1","	B01??(%RH)","	84.6","	2026-07-24 18:08:39"
"	69BA0CDE","	Chamber1","	1","	B01??(?)","	5.7","	2026-07-24 18:08:39"
"	69BA0CDE","	Chamber1","	1","	B01??(%RH)","	84.6","	2026-07-24 18:08:37"
"	69BA0CDE","	Chamber1","	1","	B01??(?)","	5.7","	2026-07-24 18:08:37"
"	69BA0CDE","	Chamber1","	1","	B01??(%RH)","	84.6","	2026-07-24 18:08:35"
"	69BA0CDE","	Chamber1","	1","	B01??(?)","	5.7","	2026-07-24 18:08:35"
"	69BA0CDE","	Chamber1","	1","	B01??(%RH)","	84.6","	2026-07-24 18:08:33"
"	69BA0CDE","	Chamber1","	1","	B01??(?)","	5.7","	2026-07-24 18:08:33"
"	69BA0CDE","	Chamber1","	1","	B01??(%RH)","	84.6","	2026-07-24 18:08:31"
"	69BA0CDE","	Chamber1","	1","	B01??(?)","	5.7","	2026-07-24 18:08:31"
"	69BA0CDE","	Chamber1","	1","	B01??(%RH)","	84.6","	2026-07-24 18:08:29"
"	69BA0CDE","	Chamber1","	1","	B01??(?)","	5.7","	2026-07-24 18:08:29"
"	69BA0CDE","	Chamber1","	1","	B01??(%RH)","	84.6","	2026-07-24 18:08:27"
"	69BA0CDE","	Chamber1","	1","	B01??(?)","	5.7","	2026-07-24 18:08:27"
"	69BA0CDE","	Chamber1","	1","	B01??(%RH)","	84.6","	2026-07-24 18:08:25"
"	69BA0CDE","	Chamber1","	1","	B01??(?)","	5.7","	2026-07-24 18:08:25"
"	69BA0CDE","	Chamber1","	1","	B01??(%RH)","	84.6","	2026-07-24 18:08:23"
"	69BA0CDE","	Chamber1","	1","	B01??(?)","	5.7","	2026-07-24 18:08:23"
"	69BA0CDE","	Chamber1","	1","	B01??(%RH)","	84.6","	2026-07-24 18:08:21"
"	69BA0CDE","	Chamber1","	1","	B01??(?)","	5.7","	2026-07-24 18:08:21"
"	69BA0CDE","	Chamber1","	1","	B01??(%RH)","	84.6","	2026-07-24 18:08:19"
"	69BA0CDE","	Chamber1","	1","	B01??(?)","	5.7","	2026-07-24 18:08:19"
"	69BA0CDE","	Chamber1","	1","	B01??(%RH)","	84.6","	2026-07-24 18:08:17"
"	69BA0CDE","	Chamber1","	1","	B01??(?)","	5.7","	2026-07-24 18:08:17"
"	69BA0CDE","	Chamber1","	1","	B01??(%RH)","	84.6","	2026-07-24 18:08:14"
"	69BA0CDE","	Chamber1","	1","	B01??(?)","	5.7","	2026-07-24 18:08:14"
"	69BA0CDE","	Chamber1","	1","	B01??(%RH)","	84.6","	2026-07-24 18:08:12"
"	69BA0CDE","	Chamber1","	1","	B01??(?)","	5.7","	2026-07-24 18:08:12"
"	69BA0CDE","	Chamber1","	1","	B01??(%RH)","	84.6","	2026-07-24 18:08:10"
"	69BA0CDE","	Chamber1","	1","	B01??(?)","	5.7","	2026-07-24 18:08:10"
"	69BA0CDE","	Chamber1","	1","	B01??(%RH)","	84.6","	2026-07-24 18:08:08"
"	69BA0CDE","	Chamber1","	1","	B01??(?)","	5.7","	2026-07-24 18:08:08"
"	69BA0CDE","	Chamber1","	1","	B01??(%RH)","	84.6","	2026-07-24 18:08:06"
"	69BA0CDE","	Chamber1","	1","	B01??(?)","	5.7","	2026-07-24 18:08:06"
"	69BA0CDE","	Chamber1","	1","	B01??(%RH)","	84.6","	2026-07-24 18:08:04"
"	69BA0CDE","	Chamber1","	1","	B01??(?)","	5.7","	2026-07-24 18:08:04"
"	69BA0CDE","	Chamber1","	1","	B01??(%RH)","	84.6","	2026-07-24 18:08:02"
"	69BA0CDE","	Chamber1","	1","	B01??(?)","	5.7","	2026-07-24 18:08:02"
"	69BA0CDE","	Chamber1","	1","	B01??(%RH)","	84.6","	2026-07-24 18:08:00"
"	69BA0CDE","	Chamber1","	1","	B01??(?)","	5.7","	2026-07-24 18:08:00"
"	69BA0CDE","	Chamber1","	1","	B01??(%RH)","	84.6","	2026-07-24 18:07:58"
"	69BA0CDE","	Chamber1","	1","	B01??(?)","	5.7","	2026-07-24 18:07:58"
"	69BA0CDE","	Chamber1","	1","	B01??(%RH)","	84.6","	2026-07-24 18:07:56"
"	69BA0CDE","	Chamber1","	1","	B01??(?)","	5.7","	2026-07-24 18:07:56"
"	69BA0CDE","	Chamber1","	1","	B01??(%RH)","	84.6","	2026-07-24 18:07:54"
"	69BA0CDE","	Chamber1","	1","	B01??(?)","	5.7","	2026-07-24 18:07:54"
"	69BA0CDE","	Chamber1","	1","	B01??(%RH)","	84.6","	2026-07-24 18:07:52"
"	69BA0CDE","	Chamber1","	1","	B01??(?)","	5.7","	2026-07-24 18:07:52"
"	69BA0CDE","	Chamber1","	1","	B01??(%RH)","	84.6","	2026-07-24 18:07:50"
"	69BA0CDE","	Chamber1","	1","	B01??(?)","	5.7","	2026-07-24 18:07:50"
"	69BA0CDE","	Chamber1","	1","	B01??(%RH)","	84.6","	2026-07-24 18:07:48"
"	69BA0CDE","	Chamber1","	1","	B01??(?)","	5.7","	2026-07-24 18:07:48"
"	69BA0CDE","	Chamber1","	1","	B01??(%RH)","	84.6","	2026-07-24 18:07:46"
"	69BA0CDE","	Chamber1","	1","	B01??(?)","	5.7","	2026-07-24 18:07:46"
"	69BA0CDE","	Chamber1","	1","	B01??(%RH)","	84.6","	2026-07-24 18:07:44"
"	69BA0CDE","	Chamber1","	1","	B01??(?)","	5.7","	2026-07-24 18:07:44"
"	69BA0CDE","	Chamber1","	1","	B01??(%RH)","	84.6","	2026-07-24 18:07:42"
"	69BA0CDE","	Chamber1","	1","	B01??(?)","	5.7","	2026-07-24 18:07:42"
"	69BA0CDE","	Chamber1","	1","	B01??(%RH)","	84.6","	2026-07-24 18:07:40"
"	69BA0CDE","	Chamber1","	1","	B01??(?)","	5.7","	2026-07-24 18:07:40"
"	69BA0CDE","	Chamber1","	1","	B01??(%RH)","	84.6","	2026-07-24 18:07:38"
"	69BA0CDE","	Chamber1","	1","	B01??(?)","	5.7","	2026-07-24 18:07:38"
"	69BA0CDE","	Chamber1","	1","	B01??(%RH)","	84.6","	2026-07-24 18:07:36"
"	69BA0CDE","	Chamber1","	1","	B01??(?)","	5.7","	2026-07-24 18:07:36"
"	69BA0CDE","	Chamber1","	1","	B01??(%RH)","	84.6","	2026-07-24 18:07:34"
"	69BA0CDE","	Chamber1","	1","	B01??(?)","	5.7","	2026-07-24 18:07:34"
"	69BA0CDE","	Chamber1","	1","	B01??(%RH)","	84.6","	2026-07-24 18:07:31"
"	69BA0CDE","	Chamber1","	1","	B01??(?)","	5.7","	2026-07-24 18:07:31"
"	69BA0CDE","	Chamber1","	1","	B01??(%RH)","	84.6","	2026-07-24 18:07:29"
"	69BA0CDE","	Chamber1","	1","	B01??(?)","	5.7","	2026-07-24 18:07:29"
"	69BA0CDE","	Chamber1","	1","	B01??(%RH)","	84.6","	2026-07-24 18:07:27"
"	69BA0CDE","	Chamber1","	1","	B01??(?)","	5.7","	2026-07-24 18:07:27"
"	69BA0CDE","	Chamber1","	1","	B01??(%RH)","	84.6","	2026-07-24 18:07:25"
"	69BA0CDE","	Chamber1","	1","	B01??(?)","	5.7","	2026-07-24 18:07:25"
"	69BA0CDE","	Chamber1","	1","	B01??(%RH)","	84.6","	2026-07-24 18:07:23"
"	69BA0CDE","	Chamber1","	1","	B01??(?)","	5.7","	2026-07-24 18:07:23"
"	69BA0CDE","	Chamber1","	1","	B01??(%RH)","	84.6","	2026-07-24 18:07:21"
"	69BA0CDE","	Chamber1","	1","	B01??(?)","	5.7","	2026-07-24 18:07:21"
"	69BA0CDE","	Chamber1","	1","	B01??(%RH)","	84.6","	2026-07-24 18:07:19"
"	69BA0CDE","	Chamber1","	1","	B01??(?)","	5.7","	2026-07-24 18:07:19"
"	69BA0CDE","	Chamber1","	1","	B01??(%RH)","	84.6","	2026-07-24 18:07:17"
"	69BA0CDE","	Chamber1","	1","	B01??(?)","	5.7","	2026-07-24 18:07:17"
"	69BA0CDE","	Chamber1","	1","	B01??(%RH)","	84.6","	2026-07-24 18:07:15"
"	69BA0CDE","	Chamber1","	1","	B01??(?)","	5.7","	2026-07-24 18:07:15"
"	69BA0CDE","	Chamber1","	1","	B01??(%RH)","	84.6","	2026-07-24 18:07:13"
"	69BA0CDE","	Chamber1","	1","	B01??(?)","	5.7","	2026-07-24 18:07:13"
"	69BA0CDE","	Chamber1","	1","	B01??(%RH)","	84.6","	2026-07-24 18:07:11"
"	69BA0CDE","	Chamber1","	1","	B01??(?)","	5.7","	2026-07-24 18:07:11"
"	69BA0CDE","	Chamber1","	1","	B01??(%RH)","	84.6","	2026-07-24 18:07:09"
"	69BA0CDE","	Chamber1","	1","	B01??(?)","	5.7","	2026-07-24 18:07:09"
"	69BA0CDE","	Chamber1","	1","	B01??(%RH)","	84.6","	2026-07-24 18:07:07"
"	69BA0CDE","	Chamber1","	1","	B01??(?)","	5.7","	2026-07-24 18:07:07"
"	69BA0CDE","	Chamber1","	1","	B01??(%RH)","	84.6","	2026-07-24 18:07:05"
"	69BA0CDE","	Chamber1","	1","	B01??(?)","	5.7","	2026-07-24 18:07:05"
"	69BA0CDE","	Chamber1","	1","	B01??(%RH)","	84.6","	2026-07-24 18:07:03"
"	69BA0CDE","	Chamber1","	1","	B01??(?)","	5.7","	2026-07-24 18:07:03"
"	69BA0CDE","	Chamber1","	1","	B01??(%RH)","	84.6","	2026-07-24 18:07:01"
"	69BA0CDE","	Chamber1","	1","	B01??(?)","	5.7","	2026-07-24 18:07:01"
"	69BA0CDE","	Chamber1","	1","	B01??(%RH)","	84.6","	2026-07-24 18:06:59"
"	69BA0CDE","	Chamber1","	1","	B01??(?)","	5.6","	2026-07-24 18:06:59"
"	69BA0CDE","	Chamber1","	1","	B01??(%RH)","	84.6","	2026-07-24 18:06:57"
"	69BA0CDE","	Chamber1","	1","	B01??(?)","	5.7","	2026-07-24 18:06:57"
"	69BA0CDE","	Chamber1","	1","	B01??(%RH)","	84.6","	2026-07-24 18:06:55"
"	69BA0CDE","	Chamber1","	1","	B01??(?)","	5.7","	2026-07-24 18:06:55"
"	69BA0CDE","	Chamber1","	1","	B01??(%RH)","	84.6","	2026-07-24 18:06:53"
"	69BA0CDE","	Chamber1","	1","	B01??(?)","	5.7","	2026-07-24 18:06:53"
"	69BA0CDE","	Chamber1","	1","	B01??(%RH)","	84.6","	2026-07-24 18:06:51"
"	69BA0CDE","	Chamber1","	1","	B01??(?)","	5.7","	2026-07-24 18:06:51"
"	69BA0CDE","	Chamber1","	1","	B01??(%RH)","	84.6","	2026-07-24 18:06:48"
"	69BA0CDE","	Chamber1","	1","	B01??(?)","	5.7","	2026-07-24 18:06:48"
"	69BA0CDE","	Chamber1","	1","	B01??(%RH)","	84.6","	2026-07-24 18:06:46"
"	69BA0CDE","	Chamber1","	1","	B01??(?)","	5.7","	2026-07-24 18:06:46"
"	69BA0CDE","	Chamber1","	1","	B01??(%RH)","	84.6","	2026-07-24 18:06:44"
"	69BA0CDE","	Chamber1","	1","	B01??(?)","	5.7","	2026-07-24 18:06:44"
"	69BA0CDE","	Chamber1","	1","	B01??(%RH)","	84.6","	2026-07-24 18:06:42"
"	69BA0CDE","	Chamber1","	1","	B01??(?)","	5.7","	2026-07-24 18:06:42"
"	69BA0CDE","	Chamber1","	1","	B01??(%RH)","	84.6","	2026-07-24 18:06:40"
"	69BA0CDE","	Chamber1","	1","	B01??(?)","	5.7","	2026-07-24 18:06:40"
"	69BA0CDE","	Chamber1","	1","	B01??(%RH)","	84.6","	2026-07-24 18:06:38"
"	69BA0CDE","	Chamber1","	1","	B01??(?)","	5.7","	2026-07-24 18:06:38"
"	69BA0CDE","	Chamber1","	1","	B01??(%RH)","	84.6","	2026-07-24 18:06:36"
"	69BA0CDE","	Chamber1","	1","	B01??(?)","	5.7","	2026-07-24 18:06:36"
"	69BA0CDE","	Chamber1","	1","	B01??(%RH)","	84.5","	2026-07-24 18:06:34"
"	69BA0CDE","	Chamber1","	1","	B01??(?)","	5.7","	2026-07-24 18:06:34"
"	69BA0CDE","	Chamber1","	1","	B01??(%RH)","	84.6","	2026-07-24 18:06:32"
"	69BA0CDE","	Chamber1","	1","	B01??(?)","	5.7","	2026-07-24 18:06:32"
"	69BA0CDE","	Chamber1","	1","	B01??(%RH)","	84.5","	2026-07-24 18:06:30"
"	69BA0CDE","	Chamber1","	1","	B01??(?)","	5.7","	2026-07-24 18:06:30"
"	69BA0CDE","	Chamber1","	1","	B01??(%RH)","	84.6","	2026-07-24 18:06:28"
"	69BA0CDE","	Chamber1","	1","	B01??(?)","	5.7","	2026-07-24 18:06:28"
"	69BA0CDE","	Chamber1","	1","	B01??(%RH)","	84.6","	2026-07-24 18:06:26"
"	69BA0CDE","	Chamber1","	1","	B01??(?)","	5.7","	2026-07-24 18:06:26"
"	69BA0CDE","	Chamber1","	1","	B01??(%RH)","	84.5","	2026-07-24 18:06:24"
"	69BA0CDE","	Chamber1","	1","	B01??(?)","	5.7","	2026-07-24 18:06:24"
"	69BA0CDE","	Chamber1","	1","	B01??(%RH)","	84.5","	2026-07-24 18:06:22"
"	69BA0CDE","	Chamber1","	1","	B01??(?)","	5.7","	2026-07-24 18:06:22"
"	69BA0CDE","	Chamber1","	1","	B01??(%RH)","	84.6","	2026-07-24 18:06:20"
"	69BA0CDE","	Chamber1","	1","	B01??(?)","	5.7","	2026-07-24 18:06:20"
"	69BA0CDE","	Chamber1","	1","	B01??(%RH)","	84.6","	2026-07-24 18:06:18"
"	69BA0CDE","	Chamber1","	1","	B01??(?)","	5.7","	2026-07-24 18:06:18"
"	69BA0CDE","	Chamber1","	1","	B01??(%RH)","	84.6","	2026-07-24 18:06:16"
"	69BA0CDE","	Chamber1","	1","	B01??(?)","	5.7","	2026-07-24 18:06:16"
"	69BA0CDE","	Chamber1","	1","	B01??(%RH)","	84.5","	2026-07-24 18:06:14"
"	69BA0CDE","	Chamber1","	1","	B01??(?)","	5.7","	2026-07-24 18:06:14"
"	69BA0CDE","	Chamber1","	1","	B01??(%RH)","	84.6","	2026-07-24 18:06:12"
"	69BA0CDE","	Chamber1","	1","	B01??(?)","	5.6","	2026-07-24 18:06:12"
"	69BA0CDE","	Chamber1","	1","	B01??(%RH)","	84.5","	2026-07-24 18:06:10"
"	69BA0CDE","	Chamber1","	1","	B01??(?)","	5.6","	2026-07-24 18:06:10"
"	69BA0CDE","	Chamber1","	1","	B01??(%RH)","	84.6","	2026-07-24 18:06:08"
"	69BA0CDE","	Chamber1","	1","	B01??(?)","	5.7","	2026-07-24 18:06:08"
"	69BA0CDE","	Chamber1","	1","	B01??(%RH)","	84.6","	2026-07-24 18:06:05"
"	69BA0CDE","	Chamber1","	1","	B01??(?)","	5.7","	2026-07-24 18:06:05"
"	69BA0CDE","	Chamber1","	1","	B01??(%RH)","	84.6","	2026-07-24 18:06:03"
"	69BA0CDE","	Chamber1","	1","	B01??(?)","	5.7","	2026-07-24 18:06:03"
"	69BA0CDE","	Chamber1","	1","	B01??(%RH)","	84.6","	2026-07-24 18:06:01"
"	69BA0CDE","	Chamber1","	1","	B01??(?)","	5.7","	2026-07-24 18:06:01"
"	69BA0CDE","	Chamber1","	1","	B01??(%RH)","	84.5","	2026-07-24 18:05:59"
"	69BA0CDE","	Chamber1","	1","	B01??(?)","	5.7","	2026-07-24 18:05:59"
"	69BA0CDE","	Chamber1","	1","	B01??(%RH)","	84.6","	2026-07-24 18:05:57"
"	69BA0CDE","	Chamber1","	1","	B01??(?)","	5.7","	2026-07-24 18:05:57"
"	69BA0CDE","	Chamber1","	1","	B01??(%RH)","	84.6","	2026-07-24 18:05:55"
"	69BA0CDE","	Chamber1","	1","	B01??(?)","	5.7","	2026-07-24 18:05:55"
"	69BA0CDE","	Chamber1","	1","	B01??(%RH)","	84.5","	2026-07-24 18:05:53"
"	69BA0CDE","	Chamber1","	1","	B01??(?)","	5.7","	2026-07-24 18:05:53"
"	69BA0CDE","	Chamber1","	1","	B01??(%RH)","	84.5","	2026-07-24 18:05:51"
"	69BA0CDE","	Chamber1","	1","	B01??(?)","	5.6","	2026-07-24 18:05:51"
"	69BA0CDE","	Chamber1","	1","	B01??(%RH)","	84.5","	2026-07-24 18:05:49"
"	69BA0CDE","	Chamber1","	1","	B01??(?)","	5.7","	2026-07-24 18:05:49"
"	69BA0CDE","	Chamber1","	1","	B01??(%RH)","	84.5","	2026-07-24 18:05:47"
"	69BA0CDE","	Chamber1","	1","	B01??(?)","	5.6","	2026-07-24 18:05:47"
"	69BA0CDE","	Chamber1","	1","	B01??(%RH)","	84.5","	2026-07-24 18:05:45"
"	69BA0CDE","	Chamber1","	1","	B01??(?)","	5.7","	2026-07-24 18:05:45"
"	69BA0CDE","	Chamber1","	1","	B01??(%RH)","	84.5","	2026-07-24 18:05:43"
"	69BA0CDE","	Chamber1","	1","	B01??(?)","	5.7","	2026-07-24 18:05:43"
"	69BA0CDE","	Chamber1","	1","	B01??(%RH)","	84.5","	2026-07-24 18:05:41"
"	69BA0CDE","	Chamber1","	1","	B01??(?)","	5.7","	2026-07-24 18:05:41"
"	69BA0CDE","	Chamber1","	1","	B01??(%RH)","	84.5","	2026-07-24 18:05:39"
"	69BA0CDE","	Chamber1","	1","	B01??(?)","	5.7","	2026-07-24 18:05:39"
"	69BA0CDE","	Chamber1","	1","	B01??(%RH)","	84.5","	2026-07-24 18:05:37"
"	69BA0CDE","	Chamber1","	1","	B01??(?)","	5.7","	2026-07-24 18:05:37"
"	69BA0CDE","	Chamber1","	1","	B01??(%RH)","	84.5","	2026-07-24 18:05:35"
"	69BA0CDE","	Chamber1","	1","	B01??(?)","	5.7","	2026-07-24 18:05:35"
"	69BA0CDE","	Chamber1","	1","	B01??(%RH)","	84.5","	2026-07-24 18:05:33"
"	69BA0CDE","	Chamber1","	1","	B01??(?)","	5.7","	2026-07-24 18:05:33"
"	69BA0CDE","	Chamber1","	1","	B01??(%RH)","	84.5","	2026-07-24 18:05:31"
"	69BA0CDE","	Chamber1","	1","	B01??(?)","	5.6","	2026-07-24 18:05:31"
"	69BA0CDE","	Chamber1","	1","	B01??(%RH)","	84.5","	2026-07-24 18:05:29"
"	69BA0CDE","	Chamber1","	1","	B01??(?)","	5.7","	2026-07-24 18:05:29"
"	69BA0CDE","	Chamber1","	1","	B01??(%RH)","	84.5","	2026-07-24 18:05:27"
"	69BA0CDE","	Chamber1","	1","	B01??(?)","	5.7","	2026-07-24 18:05:27"
"	69BA0CDE","	Chamber1","	1","	B01??(%RH)","	84.5","	2026-07-24 18:05:25"
"	69BA0CDE","	Chamber1","	1","	B01??(?)","	5.7","	2026-07-24 18:05:25"
"	69BA0CDE","	Chamber1","	1","	B01??(%RH)","	84.5","	2026-07-24 18:05:22"
"	69BA0CDE","	Chamber1","	1","	B01??(?)","	5.6","	2026-07-24 18:05:22"
"	69BA0CDE","	Chamber1","	1","	B01??(%RH)","	84.5","	2026-07-24 18:05:20"
"	69BA0CDE","	Chamber1","	1","	B01??(?)","	5.7","	2026-07-24 18:05:20"
"	69BA0CDE","	Chamber1","	1","	B01??(%RH)","	84.5","	2026-07-24 18:05:18"
"	69BA0CDE","	Chamber1","	1","	B01??(?)","	5.6","	2026-07-24 18:05:18"
"	69BA0CDE","	Chamber1","	1","	B01??(%RH)","	84.5","	2026-07-24 18:05:16"
"	69BA0CDE","	Chamber1","	1","	B01??(?)","	5.7","	2026-07-24 18:05:16"
"	69BA0CDE","	Chamber1","	1","	B01??(%RH)","	84.5","	2026-07-24 18:05:14"
"	69BA0CDE","	Chamber1","	1","	B01??(?)","	5.6","	2026-07-24 18:05:14"
"	69BA0CDE","	Chamber1","	1","	B01??(%RH)","	84.5","	2026-07-24 18:05:12"
"	69BA0CDE","	Chamber1","	1","	B01??(?)","	5.7","	2026-07-24 18:05:12"
"	69BA0CDE","	Chamber1","	1","	B01??(%RH)","	84.5","	2026-07-24 18:05:10"
"	69BA0CDE","	Chamber1","	1","	B01??(?)","	5.7","	2026-07-24 18:05:10"
"	69BA0CDE","	Chamber1","	1","	B01??(%RH)","	84.5","	2026-07-24 18:05:08"
"	69BA0CDE","	Chamber1","	1","	B01??(?)","	5.7","	2026-07-24 18:05:08"
"	69BA0CDE","	Chamber1","	1","	B01??(%RH)","	84.5","	2026-07-24 18:05:06"
"	69BA0CDE","	Chamber1","	1","	B01??(?)","	5.7","	2026-07-24 18:05:06"
"	69BA0CDE","	Chamber1","	1","	B01??(%RH)","	84.5","	2026-07-24 18:05:04"
"	69BA0CDE","	Chamber1","	1","	B01??(?)","	5.6","	2026-07-24 18:05:04"
"	69BA0CDE","	Chamber1","	1","	B01??(%RH)","	84.5","	2026-07-24 18:05:02"
"	69BA0CDE","	Chamber1","	1","	B01??(?)","	5.7","	2026-07-24 18:05:02"
"	69BA0CDE","	Chamber1","	1","	B01??(%RH)","	84.5","	2026-07-24 18:05:00"
"	69BA0CDE","	Chamber1","	1","	B01??(?)","	5.7","	2026-07-24 18:05:00"
"	69BA0CDE","	Chamber1","	1","	B01??(?)","	5.6","	2026-07-24 18:04:58"
"	69BA0CDE","	Chamber1","	1","	B01??(%RH)","	84.5","	2026-07-24 18:04:58"
"	69BA0CDE","	Chamber1","	1","	B01??(%RH)","	84.5","	2026-07-24 18:04:56"
"	69BA0CDE","	Chamber1","	1","	B01??(?)","	5.7","	2026-07-24 18:04:56"
"	69BA0CDE","	Chamber1","	1","	B01??(%RH)","	84.5","	2026-07-24 18:04:54"
"	69BA0CDE","	Chamber1","	1","	B01??(?)","	5.7","	2026-07-24 18:04:54"
"	69BA0CDE","	Chamber1","	1","	B01??(%RH)","	84.5","	2026-07-24 18:04:52"
"	69BA0CDE","	Chamber1","	1","	B01??(?)","	5.7","	2026-07-24 18:04:52"
"	69BA0CDE","	Chamber1","	1","	B01??(%RH)","	84.5","	2026-07-24 18:04:50"
"	69BA0CDE","	Chamber1","	1","	B01??(?)","	5.6","	2026-07-24 18:04:50"
"	69BA0CDE","	Chamber1","	1","	B01??(%RH)","	84.5","	2026-07-24 18:04:48"
"	69BA0CDE","	Chamber1","	1","	B01??(?)","	5.6","	2026-07-24 18:04:48"
"	69BA0CDE","	Chamber1","	1","	B01??(%RH)","	84.5","	2026-07-24 18:04:46"
"	69BA0CDE","	Chamber1","	1","	B01??(?)","	5.6","	2026-07-24 18:04:46"
"	69BA0CDE","	Chamber1","	1","	B01??(%RH)","	84.5","	2026-07-24 18:04:44"
"	69BA0CDE","	Chamber1","	1","	B01??(?)","	5.6","	2026-07-24 18:04:44"
"	69BA0CDE","	Chamber1","	1","	B01??(%RH)","	84.5","	2026-07-24 18:04:41"
"	69BA0CDE","	Chamber1","	1","	B01??(?)","	5.7","	2026-07-24 18:04:41"
"	69BA0CDE","	Chamber1","	1","	B01??(%RH)","	84.5","	2026-07-24 18:04:39"
"	69BA0CDE","	Chamber1","	1","	B01??(?)","	5.7","	2026-07-24 18:04:39"
"	69BA0CDE","	Chamber1","	1","	B01??(%RH)","	84.5","	2026-07-24 18:04:37"
"	69BA0CDE","	Chamber1","	1","	B01??(?)","	5.6","	2026-07-24 18:04:37"
"	69BA0CDE","	Chamber1","	1","	B01??(%RH)","	84.5","	2026-07-24 18:04:35"
"	69BA0CDE","	Chamber1","	1","	B01??(?)","	5.6","	2026-07-24 18:04:35"
"	69BA0CDE","	Chamber1","	1","	B01??(%RH)","	84.5","	2026-07-24 18:04:33"
"	69BA0CDE","	Chamber1","	1","	B01??(?)","	5.7","	2026-07-24 18:04:33"
"	69BA0CDE","	Chamber1","	1","	B01??(%RH)","	84.5","	2026-07-24 18:04:31"
"	69BA0CDE","	Chamber1","	1","	B01??(?)","	5.7","	2026-07-24 18:04:31"
"	69BA0CDE","	Chamber1","	1","	B01??(%RH)","	84.5","	2026-07-24 18:04:29"
"	69BA0CDE","	Chamber1","	1","	B01??(?)","	5.6","	2026-07-24 18:04:29"
"	69BA0CDE","	Chamber1","	1","	B01??(%RH)","	84.5","	2026-07-24 18:04:27"
"	69BA0CDE","	Chamber1","	1","	B01??(?)","	5.6","	2026-07-24 18:04:27"
"	69BA0CDE","	Chamber1","	1","	B01??(%RH)","	84.5","	2026-07-24 18:04:25"
"	69BA0CDE","	Chamber1","	1","	B01??(?)","	5.7","	2026-07-24 18:04:25"
"	69BA0CDE","	Chamber1","	1","	B01??(%RH)","	84.5","	2026-07-24 18:04:23"
"	69BA0CDE","	Chamber1","	1","	B01??(?)","	5.7","	2026-07-24 18:04:23"
"	69BA0CDE","	Chamber1","	1","	B01??(%RH)","	84.5","	2026-07-24 18:04:21"
"	69BA0CDE","	Chamber1","	1","	B01??(?)","	5.6","	2026-07-24 18:04:21"
"	69BA0CDE","	Chamber1","	1","	B01??(%RH)","	84.5","	2026-07-24 18:04:19"
"	69BA0CDE","	Chamber1","	1","	B01??(?)","	5.6","	2026-07-24 18:04:19"
"	69BA0CDE","	Chamber1","	1","	B01??(%RH)","	84.5","	2026-07-24 18:04:17"
"	69BA0CDE","	Chamber1","	1","	B01??(?)","	5.7","	2026-07-24 18:04:17"
"	69BA0CDE","	Chamber1","	1","	B01??(%RH)","	84.5","	2026-07-24 18:04:15"
"	69BA0CDE","	Chamber1","	1","	B01??(?)","	5.6","	2026-07-24 18:04:15"
"	69BA0CDE","	Chamber1","	1","	B01??(%RH)","	84.5","	2026-07-24 18:04:13"
"	69BA0CDE","	Chamber1","	1","	B01??(?)","	5.6","	2026-07-24 18:04:13"
"	69BA0CDE","	Chamber1","	1","	B01??(%RH)","	84.5","	2026-07-24 18:04:11"
"	69BA0CDE","	Chamber1","	1","	B01??(?)","	5.6","	2026-07-24 18:04:11"
"	69BA0CDE","	Chamber1","	1","	B01??(%RH)","	84.5","	2026-07-24 18:04:09"
"	69BA0CDE","	Chamber1","	1","	B01??(?)","	5.6","	2026-07-24 18:04:09"
"	69BA0CDE","	Chamber1","	1","	B01??(%RH)","	84.5","	2026-07-24 18:04:07"
"	69BA0CDE","	Chamber1","	1","	B01??(?)","	5.7","	2026-07-24 18:04:07"
"	69BA0CDE","	Chamber1","	1","	B01??(%RH)","	84.5","	2026-07-24 18:04:05"
"	69BA0CDE","	Chamber1","	1","	B01??(?)","	5.6","	2026-07-24 18:04:05"
"	69BA0CDE","	Chamber1","	1","	B01??(%RH)","	84.5","	2026-07-24 18:04:03"
"	69BA0CDE","	Chamber1","	1","	B01??(?)","	5.6","	2026-07-24 18:04:03"
"	69BA0CDE","	Chamber1","	1","	B01??(%RH)","	84.5","	2026-07-24 18:04:01"
"	69BA0CDE","	Chamber1","	1","	B01??(?)","	5.6","	2026-07-24 18:04:01"
"	69BA0CDE","	Chamber1","	1","	B01??(%RH)","	84.5","	2026-07-24 18:03:59"
"	69BA0CDE","	Chamber1","	1","	B01??(?)","	5.6","	2026-07-24 18:03:59"
"	69BA0CDE","	Chamber1","	1","	B01??(%RH)","	84.5","	2026-07-24 18:03:56"
"	69BA0CDE","	Chamber1","	1","	B01??(?)","	5.7","	2026-07-24 18:03:56"
"	69BA0CDE","	Chamber1","	1","	B01??(%RH)","	84.5","	2026-07-24 18:03:54"
"	69BA0CDE","	Chamber1","	1","	B01??(?)","	5.6","	2026-07-24 18:03:54"
"	69BA0CDE","	Chamber1","	1","	B01??(%RH)","	84.5","	2026-07-24 18:03:52"
"	69BA0CDE","	Chamber1","	1","	B01??(?)","	5.7","	2026-07-24 18:03:52"
"	69BA0CDE","	Chamber1","	1","	B01??(%RH)","	84.5","	2026-07-24 18:03:50"
"	69BA0CDE","	Chamber1","	1","	B01??(?)","	5.6","	2026-07-24 18:03:50"
"	69BA0CDE","	Chamber1","	1","	B01??(%RH)","	84.5","	2026-07-24 18:03:48"
"	69BA0CDE","	Chamber1","	1","	B01??(?)","	5.7","	2026-07-24 18:03:48"
"	69BA0CDE","	Chamber1","	1","	B01??(%RH)","	84.5","	2026-07-24 18:03:46"
"	69BA0CDE","	Chamber1","	1","	B01??(?)","	5.6","	2026-07-24 18:03:46"
"	69BA0CDE","	Chamber1","	1","	B01??(%RH)","	84.5","	2026-07-24 18:03:44"
"	69BA0CDE","	Chamber1","	1","	B01??(?)","	5.7","	2026-07-24 18:03:44"
"	69BA0CDE","	Chamber1","	1","	B01??(%RH)","	84.5","	2026-07-24 18:03:42"
"	69BA0CDE","	Chamber1","	1","	B01??(?)","	5.6","	2026-07-24 18:03:42"
"	69BA0CDE","	Chamber1","	1","	B01??(%RH)","	84.5","	2026-07-24 18:03:40"
"	69BA0CDE","	Chamber1","	1","	B01??(?)","	5.7","	2026-07-24 18:03:40"
"	69BA0CDE","	Chamber1","	1","	B01??(%RH)","	84.5","	2026-07-24 18:03:38"
"	69BA0CDE","	Chamber1","	1","	B01??(?)","	5.6","	2026-07-24 18:03:38"
"	69BA0CDE","	Chamber1","	1","	B01??(%RH)","	84.5","	2026-07-24 18:03:36"
"	69BA0CDE","	Chamber1","	1","	B01??(?)","	5.6","	2026-07-24 18:03:36"
"	69BA0CDE","	Chamber1","	1","	B01??(%RH)","	84.4","	2026-07-24 18:03:34"
"	69BA0CDE","	Chamber1","	1","	B01??(?)","	5.6","	2026-07-24 18:03:34"
"	69BA0CDE","	Chamber1","	1","	B01??(%RH)","	84.5","	2026-07-24 18:03:32"
"	69BA0CDE","	Chamber1","	1","	B01??(?)","	5.6","	2026-07-24 18:03:32"
"	69BA0CDE","	Chamber1","	1","	B01??(%RH)","	84.5","	2026-07-24 18:03:30"
"	69BA0CDE","	Chamber1","	1","	B01??(?)","	5.6","	2026-07-24 18:03:30"
"	69BA0CDE","	Chamber1","	1","	B01??(%RH)","	84.5","	2026-07-24 18:03:28"
"	69BA0CDE","	Chamber1","	1","	B01??(?)","	5.6","	2026-07-24 18:03:28"
"	69BA0CDE","	Chamber1","	1","	B01??(%RH)","	84.5","	2026-07-24 18:03:26"
"	69BA0CDE","	Chamber1","	1","	B01??(?)","	5.6","	2026-07-24 18:03:26"
"	69BA0CDE","	Chamber1","	1","	B01??(%RH)","	84.4","	2026-07-24 18:03:24"
"	69BA0CDE","	Chamber1","	1","	B01??(?)","	5.6","	2026-07-24 18:03:24"
"	69BA0CDE","	Chamber1","	1","	B01??(%RH)","	84.5","	2026-07-24 18:03:22"
"	69BA0CDE","	Chamber1","	1","	B01??(?)","	5.6","	2026-07-24 18:03:22"
"	69BA0CDE","	Chamber1","	1","	B01??(%RH)","	84.5","	2026-07-24 18:03:20"
"	69BA0CDE","	Chamber1","	1","	B01??(?)","	5.6","	2026-07-24 18:03:20"
"	69BA0CDE","	Chamber1","	1","	B01??(%RH)","	84.5","	2026-07-24 18:03:18"
"	69BA0CDE","	Chamber1","	1","	B01??(?)","	5.6","	2026-07-24 18:03:18"
"	69BA0CDE","	Chamber1","	1","	B01??(%RH)","	84.5","	2026-07-24 18:03:16"
"	69BA0CDE","	Chamber1","	1","	B01??(?)","	5.6","	2026-07-24 18:03:16"
"	69BA0CDE","	Chamber1","	1","	B01??(%RH)","	84.5","	2026-07-24 18:03:13"
"	69BA0CDE","	Chamber1","	1","	B01??(?)","	5.6","	2026-07-24 18:03:13"
"	69BA0CDE","	Chamber1","	1","	B01??(%RH)","	84.5","	2026-07-24 18:03:11"
"	69BA0CDE","	Chamber1","	1","	B01??(?)","	5.6","	2026-07-24 18:03:11"
"	69BA0CDE","	Chamber1","	1","	B01??(%RH)","	84.4","	2026-07-24 18:03:09"
"	69BA0CDE","	Chamber1","	1","	B01??(?)","	5.6","	2026-07-24 18:03:09"
"	69BA0CDE","	Chamber1","	1","	B01??(%RH)","	84.5","	2026-07-24 18:03:07"
"	69BA0CDE","	Chamber1","	1","	B01??(?)","	5.6","	2026-07-24 18:03:07"
"	69BA0CDE","	Chamber1","	1","	B01??(%RH)","	84.4","	2026-07-24 18:03:05"
"	69BA0CDE","	Chamber1","	1","	B01??(?)","	5.6","	2026-07-24 18:03:05"
"	69BA0CDE","	Chamber1","	1","	B01??(%RH)","	84.5","	2026-07-24 18:03:03"
"	69BA0CDE","	Chamber1","	1","	B01??(?)","	5.6","	2026-07-24 18:03:03"
"	69BA0CDE","	Chamber1","	1","	B01??(%RH)","	84.4","	2026-07-24 18:03:01"
"	69BA0CDE","	Chamber1","	1","	B01??(?)","	5.6","	2026-07-24 18:03:01"
"	69BA0CDE","	Chamber1","	1","	B01??(%RH)","	84.5","	2026-07-24 18:02:59"
"	69BA0CDE","	Chamber1","	1","	B01??(?)","	5.6","	2026-07-24 18:02:59"
"	69BA0CDE","	Chamber1","	1","	B01??(%RH)","	84.4","	2026-07-24 18:02:57"
"	69BA0CDE","	Chamber1","	1","	B01??(?)","	5.6","	2026-07-24 18:02:57"
"	69BA0CDE","	Chamber1","	1","	B01??(%RH)","	84.4","	2026-07-24 18:02:55"
"	69BA0CDE","	Chamber1","	1","	B01??(?)","	5.6","	2026-07-24 18:02:55"
"	69BA0CDE","	Chamber1","	1","	B01??(%RH)","	84.5","	2026-07-24 18:02:53"
"	69BA0CDE","	Chamber1","	1","	B01??(?)","	5.6","	2026-07-24 18:02:53"
"	69BA0CDE","	Chamber1","	1","	B01??(%RH)","	84.4","	2026-07-24 18:02:51"
"	69BA0CDE","	Chamber1","	1","	B01??(?)","	5.6","	2026-07-24 18:02:51"
"	69BA0CDE","	Chamber1","	1","	B01??(%RH)","	84.4","	2026-07-24 18:02:49"
"	69BA0CDE","	Chamber1","	1","	B01??(?)","	5.6","	2026-07-24 18:02:49"
"	69BA0CDE","	Chamber1","	1","	B01??(%RH)","	84.4","	2026-07-24 18:02:47"
"	69BA0CDE","	Chamber1","	1","	B01??(?)","	5.6","	2026-07-24 18:02:47"
"	69BA0CDE","	Chamber1","	1","	B01??(%RH)","	84.4","	2026-07-24 18:02:45"
"	69BA0CDE","	Chamber1","	1","	B01??(?)","	5.6","	2026-07-24 18:02:45"
"	69BA0CDE","	Chamber1","	1","	B01??(%RH)","	84.5","	2026-07-24 18:02:43"
"	69BA0CDE","	Chamber1","	1","	B01??(?)","	5.6","	2026-07-24 18:02:43"
"	69BA0CDE","	Chamber1","	1","	B01??(%RH)","	84.4","	2026-07-24 18:02:41"
"	69BA0CDE","	Chamber1","	1","	B01??(?)","	5.6","	2026-07-24 18:02:41"
"	69BA0CDE","	Chamber1","	1","	B01??(%RH)","	84.5","	2026-07-24 18:02:39"
"	69BA0CDE","	Chamber1","	1","	B01??(?)","	5.6","	2026-07-24 18:02:39"
"	69BA0CDE","	Chamber1","	1","	B01??(%RH)","	84.4","	2026-07-24 18:02:37"
"	69BA0CDE","	Chamber1","	1","	B01??(?)","	5.6","	2026-07-24 18:02:37"
"	69BA0CDE","	Chamber1","	1","	B01??(%RH)","	84.4","	2026-07-24 18:02:35"
"	69BA0CDE","	Chamber1","	1","	B01??(?)","	5.6","	2026-07-24 18:02:35"
"	69BA0CDE","	Chamber1","	1","	B01??(%RH)","	84.4","	2026-07-24 18:02:32"
"	69BA0CDE","	Chamber1","	1","	B01??(?)","	5.6","	2026-07-24 18:02:32"
"	69BA0CDE","	Chamber1","	1","	B01??(%RH)","	84.5","	2026-07-24 18:02:30"
"	69BA0CDE","	Chamber1","	1","	B01??(?)","	5.6","	2026-07-24 18:02:30"
"	69BA0CDE","	Chamber1","	1","	B01??(%RH)","	84.4","	2026-07-24 18:02:28"
"	69BA0CDE","	Chamber1","	1","	B01??(?)","	5.6","	2026-07-24 18:02:28"
"	69BA0CDE","	Chamber1","	1","	B01??(%RH)","	84.4","	2026-07-24 18:02:26"
"	69BA0CDE","	Chamber1","	1","	B01??(?)","	5.6","	2026-07-24 18:02:26"
"	69BA0CDE","	Chamber1","	1","	B01??(%RH)","	84.4","	2026-07-24 18:02:24"
"	69BA0CDE","	Chamber1","	1","	B01??(?)","	5.6","	2026-07-24 18:02:24"
"	69BA0CDE","	Chamber1","	1","	B01??(%RH)","	84.4","	2026-07-24 18:02:22"
"	69BA0CDE","	Chamber1","	1","	B01??(?)","	5.6","	2026-07-24 18:02:22"
"	69BA0CDE","	Chamber1","	1","	B01??(%RH)","	84.4","	2026-07-24 18:02:20"
"	69BA0CDE","	Chamber1","	1","	B01??(?)","	5.6","	2026-07-24 18:02:20"
"	69BA0CDE","	Chamber1","	1","	B01??(%RH)","	84.4","	2026-07-24 18:02:18"
"	69BA0CDE","	Chamber1","	1","	B01??(?)","	5.6","	2026-07-24 18:02:18"
"	69BA0CDE","	Chamber1","	1","	B01??(%RH)","	84.4","	2026-07-24 18:02:16"
"	69BA0CDE","	Chamber1","	1","	B01??(?)","	5.6","	2026-07-24 18:02:16"
"	69BA0CDE","	Chamber1","	1","	B01??(%RH)","	84.4","	2026-07-24 18:02:14"
"	69BA0CDE","	Chamber1","	1","	B01??(?)","	5.6","	2026-07-24 18:02:14"
"	69BA0CDE","	Chamber1","	1","	B01??(%RH)","	84.4","	2026-07-24 18:02:12"
"	69BA0CDE","	Chamber1","	1","	B01??(?)","	5.6","	2026-07-24 18:02:12"
"	69BA0CDE","	Chamber1","	1","	B01??(%RH)","	84.4","	2026-07-24 18:02:10"
"	69BA0CDE","	Chamber1","	1","	B01??(?)","	5.6","	2026-07-24 18:02:10"
"	69BA0CDE","	Chamber1","	1","	B01??(%RH)","	84.4","	2026-07-24 18:02:08"
"	69BA0CDE","	Chamber1","	1","	B01??(?)","	5.6","	2026-07-24 18:02:08"
"	69BA0CDE","	Chamber1","	1","	B01??(%RH)","	84.4","	2026-07-24 18:02:06"
"	69BA0CDE","	Chamber1","	1","	B01??(?)","	5.6","	2026-07-24 18:02:06"
"	69BA0CDE","	Chamber1","	1","	B01??(%RH)","	84.4","	2026-07-24 18:02:04"
"	69BA0CDE","	Chamber1","	1","	B01??(?)","	5.6","	2026-07-24 18:02:04"
"	69BA0CDE","	Chamber1","	1","	B01??(%RH)","	84.4","	2026-07-24 18:02:02"
"	69BA0CDE","	Chamber1","	1","	B01??(?)","	5.6","	2026-07-24 18:02:02"
"	69BA0CDE","	Chamber1","	1","	B01??(%RH)","	84.4","	2026-07-24 18:02:00"
"	69BA0CDE","	Chamber1","	1","	B01??(?)","	5.6","	2026-07-24 18:02:00"
"	69BA0CDE","	Chamber1","	1","	B01??(%RH)","	84.4","	2026-07-24 18:01:58"
"	69BA0CDE","	Chamber1","	1","	B01??(?)","	5.6","	2026-07-24 18:01:58"
"	69BA0CDE","	Chamber1","	1","	B01??(%RH)","	84.4","	2026-07-24 18:01:56"
"	69BA0CDE","	Chamber1","	1","	B01??(?)","	5.6","	2026-07-24 18:01:56"
"	69BA0CDE","	Chamber1","	1","	B01??(%RH)","	84.4","	2026-07-24 18:01:54"
"	69BA0CDE","	Chamber1","	1","	B01??(?)","	5.6","	2026-07-24 18:01:54"
"	69BA0CDE","	Chamber1","	1","	B01??(%RH)","	84.4","	2026-07-24 18:01:52"
"	69BA0CDE","	Chamber1","	1","	B01??(?)","	5.6","	2026-07-24 18:01:52"
"	69BA0CDE","	Chamber1","	1","	B01??(%RH)","	84.4","	2026-07-24 18:01:49"
"	69BA0CDE","	Chamber1","	1","	B01??(?)","	5.6","	2026-07-24 18:01:49"
"	69BA0CDE","	Chamber1","	1","	B01??(%RH)","	84.4","	2026-07-24 18:01:47"
"	69BA0CDE","	Chamber1","	1","	B01??(?)","	5.6","	2026-07-24 18:01:47"
"	69BA0CDE","	Chamber1","	1","	B01??(%RH)","	84.4","	2026-07-24 18:01:45"
"	69BA0CDE","	Chamber1","	1","	B01??(?)","	5.6","	2026-07-24 18:01:45"
"	69BA0CDE","	Chamber1","	1","	B01??(%RH)","	84.4","	2026-07-24 18:01:43"
"	69BA0CDE","	Chamber1","	1","	B01??(?)","	5.6","	2026-07-24 18:01:43"
"	69BA0CDE","	Chamber1","	1","	B01??(%RH)","	84.4","	2026-07-24 18:01:41"
"	69BA0CDE","	Chamber1","	1","	B01??(?)","	5.6","	2026-07-24 18:01:41"
"	69BA0CDE","	Chamber1","	1","	B01??(%RH)","	84.4","	2026-07-24 18:01:39"
"	69BA0CDE","	Chamber1","	1","	B01??(?)","	5.6","	2026-07-24 18:01:39"
"	69BA0CDE","	Chamber1","	1","	B01??(%RH)","	84.4","	2026-07-24 18:01:37"
"	69BA0CDE","	Chamber1","	1","	B01??(?)","	5.6","	2026-07-24 18:01:37"
"	69BA0CDE","	Chamber1","	1","	B01??(%RH)","	84.4","	2026-07-24 18:01:35"
"	69BA0CDE","	Chamber1","	1","	B01??(?)","	5.6","	2026-07-24 18:01:35"
"	69BA0CDE","	Chamber1","	1","	B01??(%RH)","	84.4","	2026-07-24 18:01:33"
"	69BA0CDE","	Chamber1","	1","	B01??(?)","	5.6","	2026-07-24 18:01:33"
"	69BA0CDE","	Chamber1","	1","	B01??(%RH)","	84.4","	2026-07-24 18:01:31"
"	69BA0CDE","	Chamber1","	1","	B01??(?)","	5.6","	2026-07-24 18:01:31"
"	69BA0CDE","	Chamber1","	1","	B01??(%RH)","	84.4","	2026-07-24 18:01:29"
"	69BA0CDE","	Chamber1","	1","	B01??(?)","	5.6","	2026-07-24 18:01:29"
"	69BA0CDE","	Chamber1","	1","	B01??(%RH)","	84.3","	2026-07-24 18:01:27"
"	69BA0CDE","	Chamber1","	1","	B01??(?)","	5.6","	2026-07-24 18:01:27"
"	69BA0CDE","	Chamber1","	1","	B01??(%RH)","	84.4","	2026-07-24 18:01:25"
"	69BA0CDE","	Chamber1","	1","	B01??(?)","	5.6","	2026-07-24 18:01:25"
"	69BA0CDE","	Chamber1","	1","	B01??(%RH)","	84.3","	2026-07-24 18:01:23"
"	69BA0CDE","	Chamber1","	1","	B01??(?)","	5.6","	2026-07-24 18:01:23"
"	69BA0CDE","	Chamber1","	1","	B01??(%RH)","	84.3","	2026-07-24 18:01:21"
"	69BA0CDE","	Chamber1","	1","	B01??(?)","	5.6","	2026-07-24 18:01:21"
"	69BA0CDE","	Chamber1","	1","	B01??(%RH)","	84.4","	2026-07-24 18:01:19"
"	69BA0CDE","	Chamber1","	1","	B01??(?)","	5.6","	2026-07-24 18:01:19"
"	69BA0CDE","	Chamber1","	1","	B01??(%RH)","	84.3","	2026-07-24 18:01:17"
"	69BA0CDE","	Chamber1","	1","	B01??(?)","	5.6","	2026-07-24 18:01:17"
"	69BA0CDE","	Chamber1","	1","	B01??(%RH)","	84.3","	2026-07-24 18:01:15"
"	69BA0CDE","	Chamber1","	1","	B01??(?)","	5.6","	2026-07-24 18:01:15"
"	69BA0CDE","	Chamber1","	1","	B01??(%RH)","	84.3","	2026-07-24 18:01:13"
"	69BA0CDE","	Chamber1","	1","	B01??(?)","	5.6","	2026-07-24 18:01:13"
"	69BA0CDE","	Chamber1","	1","	B01??(%RH)","	84.3","	2026-07-24 18:01:11"
"	69BA0CDE","	Chamber1","	1","	B01??(?)","	5.6","	2026-07-24 18:01:11"
"	69BA0CDE","	Chamber1","	1","	B01??(%RH)","	84.3","	2026-07-24 18:01:09"
"	69BA0CDE","	Chamber1","	1","	B01??(?)","	5.6","	2026-07-24 18:01:09"
"	69BA0CDE","	Chamber1","	1","	B01??(%RH)","	84.3","	2026-07-24 18:01:06"
"	69BA0CDE","	Chamber1","	1","	B01??(?)","	5.6","	2026-07-24 18:01:06"
"	69BA0CDE","	Chamber1","	1","	B01??(%RH)","	84.3","	2026-07-24 18:01:04"
"	69BA0CDE","	Chamber1","	1","	B01??(?)","	5.6","	2026-07-24 18:01:04"
"	69BA0CDE","	Chamber1","	1","	B01??(%RH)","	84.3","	2026-07-24 18:01:02"
"	69BA0CDE","	Chamber1","	1","	B01??(?)","	5.6","	2026-07-24 18:01:02"
"	69BA0CDE","	Chamber1","	1","	B01??(%RH)","	84.3","	2026-07-24 18:01:00"
"	69BA0CDE","	Chamber1","	1","	B01??(?)","	5.6","	2026-07-24 18:01:00"
"	69BA0CDE","	Chamber1","	1","	B01??(%RH)","	84.3","	2026-07-24 18:00:58"
"	69BA0CDE","	Chamber1","	1","	B01??(?)","	5.6","	2026-07-24 18:00:58"
"	69BA0CDE","	Chamber1","	1","	B01??(%RH)","	84.3","	2026-07-24 18:00:56"
"	69BA0CDE","	Chamber1","	1","	B01??(?)","	5.6","	2026-07-24 18:00:56"
"	69BA0CDE","	Chamber1","	1","	B01??(%RH)","	84.3","	2026-07-24 18:00:54"
"	69BA0CDE","	Chamber1","	1","	B01??(?)","	5.6","	2026-07-24 18:00:54"
"	69BA0CDE","	Chamber1","	1","	B01??(%RH)","	84.3","	2026-07-24 18:00:52"
"	69BA0CDE","	Chamber1","	1","	B01??(?)","	5.6","	2026-07-24 18:00:52"
"	69BA0CDE","	Chamber1","	1","	B01??(%RH)","	84.3","	2026-07-24 18:00:50"
"	69BA0CDE","	Chamber1","	1","	B01??(?)","	5.6","	2026-07-24 18:00:50"
"	69BA0CDE","	Chamber1","	1","	B01??(%RH)","	84.3","	2026-07-24 18:00:48"
"	69BA0CDE","	Chamber1","	1","	B01??(?)","	5.6","	2026-07-24 18:00:48"
"	69BA0CDE","	Chamber1","	1","	B01??(%RH)","	84.3","	2026-07-24 18:00:46"
"	69BA0CDE","	Chamber1","	1","	B01??(?)","	5.6","	2026-07-24 18:00:46"
"	69BA0CDE","	Chamber1","	1","	B01??(%RH)","	84.3","	2026-07-24 18:00:44"
"	69BA0CDE","	Chamber1","	1","	B01??(?)","	5.6","	2026-07-24 18:00:44"
"	69BA0CDE","	Chamber1","	1","	B01??(%RH)","	84.3","	2026-07-24 18:00:42"
"	69BA0CDE","	Chamber1","	1","	B01??(?)","	5.6","	2026-07-24 18:00:42"
"	69BA0CDE","	Chamber1","	1","	B01??(%RH)","	84.3","	2026-07-24 18:00:40"
"	69BA0CDE","	Chamber1","	1","	B01??(?)","	5.6","	2026-07-24 18:00:40"
"	69BA0CDE","	Chamber1","	1","	B01??(%RH)","	84.3","	2026-07-24 18:00:38"
"	69BA0CDE","	Chamber1","	1","	B01??(?)","	5.6","	2026-07-24 18:00:38"
"	69BA0CDE","	Chamber1","	1","	B01??(%RH)","	84.3","	2026-07-24 18:00:36"
"	69BA0CDE","	Chamber1","	1","	B01??(?)","	5.6","	2026-07-24 18:00:36"
"	69BA0CDE","	Chamber1","	1","	B01??(%RH)","	84.3","	2026-07-24 18:00:34"
"	69BA0CDE","	Chamber1","	1","	B01??(?)","	5.6","	2026-07-24 18:00:34"
"	69BA0CDE","	Chamber1","	1","	B01??(%RH)","	84.3","	2026-07-24 18:00:32"
"	69BA0CDE","	Chamber1","	1","	B01??(?)","	5.6","	2026-07-24 18:00:32"
"	69BA0CDE","	Chamber1","	1","	B01??(%RH)","	84.3","	2026-07-24 18:00:30"
"	69BA0CDE","	Chamber1","	1","	B01??(?)","	5.6","	2026-07-24 18:00:30"
"	69BA0CDE","	Chamber1","	1","	B01??(%RH)","	84.3","	2026-07-24 18:00:28"
"	69BA0CDE","	Chamber1","	1","	B01??(?)","	5.6","	2026-07-24 18:00:28"
"	69BA0CDE","	Chamber1","	1","	B01??(%RH)","	84.3","	2026-07-24 18:00:26"
"	69BA0CDE","	Chamber1","	1","	B01??(?)","	5.6","	2026-07-24 18:00:26"
"	69BA0CDE","	Chamber1","	1","	B01??(%RH)","	84.3","	2026-07-24 18:00:24"
"	69BA0CDE","	Chamber1","	1","	B01??(?)","	5.6","	2026-07-24 18:00:24"
"	69BA0CDE","	Chamber1","	1","	B01??(%RH)","	84.3","	2026-07-24 18:00:21"
"	69BA0CDE","	Chamber1","	1","	B01??(?)","	5.6","	2026-07-24 18:00:21"
"	69BA0CDE","	Chamber1","	1","	B01??(%RH)","	84.3","	2026-07-24 18:00:19"
"	69BA0CDE","	Chamber1","	1","	B01??(?)","	5.6","	2026-07-24 18:00:19"
"	69BA0CDE","	Chamber1","	1","	B01??(%RH)","	84.3","	2026-07-24 18:00:17"
"	69BA0CDE","	Chamber1","	1","	B01??(?)","	5.6","	2026-07-24 18:00:17"
"	69BA0CDE","	Chamber1","	1","	B01??(%RH)","	84.3","	2026-07-24 18:00:15"
"	69BA0CDE","	Chamber1","	1","	B01??(?)","	5.6","	2026-07-24 18:00:15"
"	69BA0CDE","	Chamber1","	1","	B01??(%RH)","	84.3","	2026-07-24 18:00:13"
"	69BA0CDE","	Chamber1","	1","	B01??(?)","	5.6","	2026-07-24 18:00:13"
"	69BA0CDE","	Chamber1","	1","	B01??(%RH)","	84.3","	2026-07-24 18:00:11"
"	69BA0CDE","	Chamber1","	1","	B01??(?)","	5.6","	2026-07-24 18:00:11"
"	69BA0CDE","	Chamber1","	1","	B01??(%RH)","	84.2","	2026-07-24 18:00:09"
"	69BA0CDE","	Chamber1","	1","	B01??(?)","	5.6","	2026-07-24 18:00:09"
"	69BA0CDE","	Chamber1","	1","	B01??(%RH)","	84.2","	2026-07-24 18:00:07"
"	69BA0CDE","	Chamber1","	1","	B01??(?)","	5.6","	2026-07-24 18:00:07"
"	69BA0CDE","	Chamber1","	1","	B01??(%RH)","	84.2","	2026-07-24 18:00:05"
"	69BA0CDE","	Chamber1","	1","	B01??(?)","	5.6","	2026-07-24 18:00:05"
"	69BA0CDE","	Chamber1","	1","	B01??(%RH)","	84.2","	2026-07-24 18:00:03"
"	69BA0CDE","	Chamber1","	1","	B01??(?)","	5.6","	2026-07-24 18:00:03"
"	69BA0CDE","	Chamber1","	1","	B01??(%RH)","	84.2","	2026-07-24 18:00:01"
"	69BA0CDE","	Chamber1","	1","	B01??(?)","	5.6","	2026-07-24 18:00:01"
"	69BA0CDE","	Chamber1","	1","	B01??(%RH)","	84.2","	2026-07-24 17:59:59"
"	69BA0CDE","	Chamber1","	1","	B01??(?)","	5.6","	2026-07-24 17:59:59"
"	69BA0CDE","	Chamber1","	1","	B01??(%RH)","	84.3","	2026-07-24 17:59:57"
"	69BA0CDE","	Chamber1","	1","	B01??(?)","	5.6","	2026-07-24 17:59:57"
"	69BA0CDE","	Chamber1","	1","	B01??(%RH)","	84.2","	2026-07-24 17:59:55"
"	69BA0CDE","	Chamber1","	1","	B01??(?)","	5.6","	2026-07-24 17:59:55"
"	69BA0CDE","	Chamber1","	1","	B01??(%RH)","	84.2","	2026-07-24 17:59:53"
"	69BA0CDE","	Chamber1","	1","	B01??(?)","	5.6","	2026-07-24 17:59:53"
"	69BA0CDE","	Chamber1","	1","	B01??(%RH)","	84.2","	2026-07-24 17:59:51"
"	69BA0CDE","	Chamber1","	1","	B01??(?)","	5.6","	2026-07-24 17:59:51"
"	69BA0CDE","	Chamber1","	1","	B01??(%RH)","	84.2","	2026-07-24 17:59:49"
"	69BA0CDE","	Chamber1","	1","	B01??(?)","	5.6","	2026-07-24 17:59:49"
"	69BA0CDE","	Chamber1","	1","	B01??(%RH)","	84.2","	2026-07-24 17:59:47"
"	69BA0CDE","	Chamber1","	1","	B01??(?)","	5.6","	2026-07-24 17:59:47"
"	69BA0CDE","	Chamber1","	1","	B01??(%RH)","	84.2","	2026-07-24 17:59:45"
"	69BA0CDE","	Chamber1","	1","	B01??(?)","	5.6","	2026-07-24 17:59:45"
"	69BA0CDE","	Chamber1","	1","	B01??(%RH)","	84.2","	2026-07-24 17:59:43"
"	69BA0CDE","	Chamber1","	1","	B01??(?)","	5.6","	2026-07-24 17:59:43"
"	69BA0CDE","	Chamber1","	1","	B01??(%RH)","	84.2","	2026-07-24 17:59:41"
"	69BA0CDE","	Chamber1","	1","	B01??(?)","	5.6","	2026-07-24 17:59:41"
"	69BA0CDE","	Chamber1","	1","	B01??(%RH)","	84.2","	2026-07-24 17:59:38"
"	69BA0CDE","	Chamber1","	1","	B01??(?)","	5.6","	2026-07-24 17:59:38"
"	69BA0CDE","	Chamber1","	1","	B01??(%RH)","	84.2","	2026-07-24 17:59:36"
"	69BA0CDE","	Chamber1","	1","	B01??(?)","	5.6","	2026-07-24 17:59:36"
"	69BA0CDE","	Chamber1","	1","	B01??(%RH)","	84.2","	2026-07-24 17:59:34"
"	69BA0CDE","	Chamber1","	1","	B01??(?)","	5.6","	2026-07-24 17:59:34"
"	69BA0CDE","	Chamber1","	1","	B01??(%RH)","	84.2","	2026-07-24 17:59:32"
"	69BA0CDE","	Chamber1","	1","	B01??(?)","	5.6","	2026-07-24 17:59:32"
"	69BA0CDE","	Chamber1","	1","	B01??(%RH)","	84.2","	2026-07-24 17:59:30"
"	69BA0CDE","	Chamber1","	1","	B01??(?)","	5.6","	2026-07-24 17:59:30"
"	69BA0CDE","	Chamber1","	1","	B01??(%RH)","	84.2","	2026-07-24 17:59:28"
"	69BA0CDE","	Chamber1","	1","	B01??(?)","	5.6","	2026-07-24 17:59:28"
"	69BA0CDE","	Chamber1","	1","	B01??(%RH)","	84.2","	2026-07-24 17:59:26"
"	69BA0CDE","	Chamber1","	1","	B01??(?)","	5.6","	2026-07-24 17:59:26"
"	69BA0CDE","	Chamber1","	1","	B01??(%RH)","	84.2","	2026-07-24 17:59:24"
"	69BA0CDE","	Chamber1","	1","	B01??(?)","	5.6","	2026-07-24 17:59:24"
"	69BA0CDE","	Chamber1","	1","	B01??(%RH)","	84.2","	2026-07-24 17:59:22"
"	69BA0CDE","	Chamber1","	1","	B01??(?)","	5.6","	2026-07-24 17:59:22"
"	69BA0CDE","	Chamber1","	1","	B01??(%RH)","	84.2","	2026-07-24 17:59:20"
"	69BA0CDE","	Chamber1","	1","	B01??(?)","	5.6","	2026-07-24 17:59:20"
"	69BA0CDE","	Chamber1","	1","	B01??(%RH)","	84.2","	2026-07-24 17:59:18"
"	69BA0CDE","	Chamber1","	1","	B01??(?)","	5.6","	2026-07-24 17:59:18"
"	69BA0CDE","	Chamber1","	1","	B01??(%RH)","	84.2","	2026-07-24 17:59:16"
"	69BA0CDE","	Chamber1","	1","	B01??(?)","	5.6","	2026-07-24 17:59:16"
"	69BA0CDE","	Chamber1","	1","	B01??(%RH)","	84.2","	2026-07-24 17:59:14"
"	69BA0CDE","	Chamber1","	1","	B01??(?)","	5.6","	2026-07-24 17:59:14"
"	69BA0CDE","	Chamber1","	1","	B01??(%RH)","	84.2","	2026-07-24 17:59:12"
"	69BA0CDE","	Chamber1","	1","	B01??(?)","	5.6","	2026-07-24 17:59:12"
"	69BA0CDE","	Chamber1","	1","	B01??(%RH)","	84.2","	2026-07-24 17:59:10"
"	69BA0CDE","	Chamber1","	1","	B01??(?)","	5.6","	2026-07-24 17:59:10"
"	69BA0CDE","	Chamber1","	1","	B01??(%RH)","	84.2","	2026-07-24 17:59:08"
"	69BA0CDE","	Chamber1","	1","	B01??(?)","	5.6","	2026-07-24 17:59:08"
"	69BA0CDE","	Chamber1","	1","	B01??(%RH)","	84.2","	2026-07-24 17:59:06"
"	69BA0CDE","	Chamber1","	1","	B01??(?)","	5.6","	2026-07-24 17:59:06"
"	69BA0CDE","	Chamber1","	1","	B01??(%RH)","	84.1","	2026-07-24 17:59:04"
"	69BA0CDE","	Chamber1","	1","	B01??(?)","	5.6","	2026-07-24 17:59:04"
"	69BA0CDE","	Chamber1","	1","	B01??(%RH)","	84.2","	2026-07-24 17:59:02"
"	69BA0CDE","	Chamber1","	1","	B01??(?)","	5.6","	2026-07-24 17:59:02"
"	69BA0CDE","	Chamber1","	1","	B01??(%RH)","	84.2","	2026-07-24 17:59:00"
"	69BA0CDE","	Chamber1","	1","	B01??(?)","	5.6","	2026-07-24 17:59:00"
"	69BA0CDE","	Chamber1","	1","	B01??(%RH)","	84.2","	2026-07-24 17:58:58"
"	69BA0CDE","	Chamber1","	1","	B01??(?)","	5.6","	2026-07-24 17:58:58"
"	69BA0CDE","	Chamber1","	1","	B01??(%RH)","	84.1","	2026-07-24 17:58:56"
"	69BA0CDE","	Chamber1","	1","	B01??(?)","	5.6","	2026-07-24 17:58:56"
"	69BA0CDE","	Chamber1","	1","	B01??(%RH)","	84.2","	2026-07-24 17:58:53"
"	69BA0CDE","	Chamber1","	1","	B01??(?)","	5.6","	2026-07-24 17:58:53"
"	69BA0CDE","	Chamber1","	1","	B01??(%RH)","	84.2","	2026-07-24 17:58:51"
"	69BA0CDE","	Chamber1","	1","	B01??(?)","	5.6","	2026-07-24 17:58:51"
"	69BA0CDE","	Chamber1","	1","	B01??(%RH)","	84.1","	2026-07-24 17:58:49"
"	69BA0CDE","	Chamber1","	1","	B01??(?)","	5.6","	2026-07-24 17:58:49"
"	69BA0CDE","	Chamber1","	1","	B01??(%RH)","	84.2","	2026-07-24 17:58:47"
"	69BA0CDE","	Chamber1","	1","	B01??(?)","	5.6","	2026-07-24 17:58:47"
"	69BA0CDE","	Chamber1","	1","	B01??(%RH)","	84.2","	2026-07-24 17:58:45"
"	69BA0CDE","	Chamber1","	1","	B01??(?)","	5.6","	2026-07-24 17:58:45"
"	69BA0CDE","	Chamber1","	1","	B01??(%RH)","	84.1","	2026-07-24 17:58:43"
"	69BA0CDE","	Chamber1","	1","	B01??(?)","	5.6","	2026-07-24 17:58:43"
"	69BA0CDE","	Chamber1","	1","	B01??(%RH)","	84.1","	2026-07-24 17:58:41"
"	69BA0CDE","	Chamber1","	1","	B01??(?)","	5.6","	2026-07-24 17:58:41"
"	69BA0CDE","	Chamber1","	1","	B01??(%RH)","	84.1","	2026-07-24 17:58:39"
"	69BA0CDE","	Chamber1","	1","	B01??(?)","	5.6","	2026-07-24 17:58:39"
"	69BA0CDE","	Chamber1","	1","	B01??(%RH)","	84.1","	2026-07-24 17:58:37"
"	69BA0CDE","	Chamber1","	1","	B01??(?)","	5.6","	2026-07-24 17:58:37"
"	69BA0CDE","	Chamber1","	1","	B01??(%RH)","	84.1","	2026-07-24 17:58:35"
"	69BA0CDE","	Chamber1","	1","	B01??(?)","	5.6","	2026-07-24 17:58:35"
"	69BA0CDE","	Chamber1","	1","	B01??(%RH)","	84.1","	2026-07-24 17:58:33"
"	69BA0CDE","	Chamber1","	1","	B01??(?)","	5.6","	2026-07-24 17:58:33"
"	69BA0CDE","	Chamber1","	1","	B01??(%RH)","	84.2","	2026-07-24 17:58:31"
"	69BA0CDE","	Chamber1","	1","	B01??(?)","	5.6","	2026-07-24 17:58:31"
"	69BA0CDE","	Chamber1","	1","	B01??(%RH)","	84.1","	2026-07-24 17:58:29"
"	69BA0CDE","	Chamber1","	1","	B01??(?)","	5.6","	2026-07-24 17:58:29"
"	69BA0CDE","	Chamber1","	1","	B01??(%RH)","	84.1","	2026-07-24 17:58:27"
"	69BA0CDE","	Chamber1","	1","	B01??(?)","	5.6","	2026-07-24 17:58:27"
"	69BA0CDE","	Chamber1","	1","	B01??(%RH)","	84.1","	2026-07-24 17:58:25"
"	69BA0CDE","	Chamber1","	1","	B01??(?)","	5.6","	2026-07-24 17:58:25"
"	69BA0CDE","	Chamber1","	1","	B01??(%RH)","	84.1","	2026-07-24 17:58:23"
"	69BA0CDE","	Chamber1","	1","	B01??(?)","	5.6","	2026-07-24 17:58:23"
"	69BA0CDE","	Chamber1","	1","	B01??(%RH)","	84.1","	2026-07-24 17:58:21"
"	69BA0CDE","	Chamber1","	1","	B01??(?)","	5.6","	2026-07-24 17:58:21"
"	69BA0CDE","	Chamber1","	1","	B01??(%RH)","	84.1","	2026-07-24 17:58:19"
"	69BA0CDE","	Chamber1","	1","	B01??(?)","	5.6","	2026-07-24 17:58:19"
"	69BA0CDE","	Chamber1","	1","	B01??(%RH)","	84.1","	2026-07-24 17:58:17"
"	69BA0CDE","	Chamber1","	1","	B01??(?)","	5.6","	2026-07-24 17:58:17"
"	69BA0CDE","	Chamber1","	1","	B01??(%RH)","	84.1","	2026-07-24 17:58:15"
"	69BA0CDE","	Chamber1","	1","	B01??(?)","	5.6","	2026-07-24 17:58:15"
"	69BA0CDE","	Chamber1","	1","	B01??(%RH)","	84.1","	2026-07-24 17:58:12"
"	69BA0CDE","	Chamber1","	1","	B01??(?)","	5.6","	2026-07-24 17:58:12"
"	69BA0CDE","	Chamber1","	1","	B01??(%RH)","	84.1","	2026-07-24 17:58:10"
"	69BA0CDE","	Chamber1","	1","	B01??(?)","	5.6","	2026-07-24 17:58:10"
"	69BA0CDE","	Chamber1","	1","	B01??(%RH)","	84.1","	2026-07-24 17:58:08"
"	69BA0CDE","	Chamber1","	1","	B01??(?)","	5.6","	2026-07-24 17:58:08"
"	69BA0CDE","	Chamber1","	1","	B01??(%RH)","	84.1","	2026-07-24 17:58:06"
"	69BA0CDE","	Chamber1","	1","	B01??(?)","	5.6","	2026-07-24 17:58:06"
"	69BA0CDE","	Chamber1","	1","	B01??(%RH)","	84.1","	2026-07-24 17:58:04"
"	69BA0CDE","	Chamber1","	1","	B01??(?)","	5.6","	2026-07-24 17:58:04"
"	69BA0CDE","	Chamber1","	1","	B01??(%RH)","	84.1","	2026-07-24 17:58:02"
"	69BA0CDE","	Chamber1","	1","	B01??(?)","	5.6","	2026-07-24 17:58:02"
"	69BA0CDE","	Chamber1","	1","	B01??(%RH)","	84.1","	2026-07-24 17:58:00"
"	69BA0CDE","	Chamber1","	1","	B01??(?)","	5.6","	2026-07-24 17:58:00"
"	69BA0CDE","	Chamber1","	1","	B01??(%RH)","	84.1","	2026-07-24 17:57:58"
"	69BA0CDE","	Chamber1","	1","	B01??(?)","	5.6","	2026-07-24 17:57:58"
"	69BA0CDE","	Chamber1","	1","	B01??(%RH)","	84.1","	2026-07-24 17:57:56"
"	69BA0CDE","	Chamber1","	1","	B01??(?)","	5.6","	2026-07-24 17:57:56"
"	69BA0CDE","	Chamber1","	1","	B01??(%RH)","	84.1","	2026-07-24 17:57:54"
"	69BA0CDE","	Chamber1","	1","	B01??(?)","	5.6","	2026-07-24 17:57:54"
"	69BA0CDE","	Chamber1","	1","	B01??(%RH)","	84.1","	2026-07-24 17:57:52"
"	69BA0CDE","	Chamber1","	1","	B01??(?)","	5.6","	2026-07-24 17:57:52"
"	69BA0CDE","	Chamber1","	1","	B01??(%RH)","	84.1","	2026-07-24 17:57:50"
"	69BA0CDE","	Chamber1","	1","	B01??(?)","	5.6","	2026-07-24 17:57:50"
"	69BA0CDE","	Chamber1","	1","	B01??(%RH)","	84.1","	2026-07-24 17:57:48"
"	69BA0CDE","	Chamber1","	1","	B01??(?)","	5.6","	2026-07-24 17:57:48"
"	69BA0CDE","	Chamber1","	1","	B01??(%RH)","	84.1","	2026-07-24 17:57:46"
"	69BA0CDE","	Chamber1","	1","	B01??(?)","	5.6","	2026-07-24 17:57:46"
"	69BA0CDE","	Chamber1","	1","	B01??(%RH)","	84.1","	2026-07-24 17:57:44"
"	69BA0CDE","	Chamber1","	1","	B01??(?)","	5.6","	2026-07-24 17:57:44"
"	69BA0CDE","	Chamber1","	1","	B01??(%RH)","	84.1","	2026-07-24 17:57:42"
"	69BA0CDE","	Chamber1","	1","	B01??(?)","	5.6","	2026-07-24 17:57:42"
"	69BA0CDE","	Chamber1","	1","	B01??(%RH)","	84.1","	2026-07-24 17:57:40"
"	69BA0CDE","	Chamber1","	1","	B01??(?)","	5.6","	2026-07-24 17:57:40"
"	69BA0CDE","	Chamber1","	1","	B01??(%RH)","	84.1","	2026-07-24 17:57:38"
"	69BA0CDE","	Chamber1","	1","	B01??(?)","	5.6","	2026-07-24 17:57:38"
"	69BA0CDE","	Chamber1","	1","	B01??(%RH)","	84.1","	2026-07-24 17:57:36"
"	69BA0CDE","	Chamber1","	1","	B01??(?)","	5.6","	2026-07-24 17:57:36"
"	69BA0CDE","	Chamber1","	1","	B01??(%RH)","	84.1","	2026-07-24 17:57:34"
"	69BA0CDE","	Chamber1","	1","	B01??(?)","	5.6","	2026-07-24 17:57:34"
"	69BA0CDE","	Chamber1","	1","	B01??(%RH)","	84.1","	2026-07-24 17:57:31"
"	69BA0CDE","	Chamber1","	1","	B01??(?)","	5.6","	2026-07-24 17:57:31"
"	69BA0CDE","	Chamber1","	1","	B01??(%RH)","	84.1","	2026-07-24 17:57:29"
"	69BA0CDE","	Chamber1","	1","	B01??(?)","	5.6","	2026-07-24 17:57:29"
"	69BA0CDE","	Chamber1","	1","	B01??(%RH)","	84.1","	2026-07-24 17:57:27"
"	69BA0CDE","	Chamber1","	1","	B01??(?)","	5.6","	2026-07-24 17:57:27"
"	69BA0CDE","	Chamber1","	1","	B01??(%RH)","	84.1","	2026-07-24 17:57:25"
"	69BA0CDE","	Chamber1","	1","	B01??(?)","	5.6","	2026-07-24 17:57:25"
"	69BA0CDE","	Chamber1","	1","	B01??(%RH)","	84.1","	2026-07-24 17:57:23"
"	69BA0CDE","	Chamber1","	1","	B01??(?)","	5.6","	2026-07-24 17:57:23"
"	69BA0CDE","	Chamber1","	1","	B01??(%RH)","	84","	2026-07-24 17:57:21"
"	69BA0CDE","	Chamber1","	1","	B01??(?)","	5.6","	2026-07-24 17:57:21"
"	69BA0CDE","	Chamber1","	1","	B01??(%RH)","	84.1","	2026-07-24 17:57:19"
"	69BA0CDE","	Chamber1","	1","	B01??(?)","	5.6","	2026-07-24 17:57:19"
"	69BA0CDE","	Chamber1","	1","	B01??(%RH)","	84.1","	2026-07-24 17:57:17"
"	69BA0CDE","	Chamber1","	1","	B01??(?)","	5.6","	2026-07-24 17:57:17"
"	69BA0CDE","	Chamber1","	1","	B01??(%RH)","	84","	2026-07-24 17:57:15"
"	69BA0CDE","	Chamber1","	1","	B01??(?)","	5.6","	2026-07-24 17:57:15"
"	69BA0CDE","	Chamber1","	1","	B01??(%RH)","	84","	2026-07-24 17:57:13"
"	69BA0CDE","	Chamber1","	1","	B01??(?)","	5.6","	2026-07-24 17:57:13"
"	69BA0CDE","	Chamber1","	1","	B01??(%RH)","	84","	2026-07-24 17:57:11"
"	69BA0CDE","	Chamber1","	1","	B01??(?)","	5.6","	2026-07-24 17:57:11"
"	69BA0CDE","	Chamber1","	1","	B01??(%RH)","	84.1","	2026-07-24 17:57:09"
"	69BA0CDE","	Chamber1","	1","	B01??(?)","	5.6","	2026-07-24 17:57:09"
"	69BA0CDE","	Chamber1","	1","	B01??(%RH)","	84","	2026-07-24 17:57:07"
"	69BA0CDE","	Chamber1","	1","	B01??(?)","	5.6","	2026-07-24 17:57:07"
"	69BA0CDE","	Chamber1","	1","	B01??(%RH)","	84","	2026-07-24 17:57:05"
"	69BA0CDE","	Chamber1","	1","	B01??(?)","	5.6","	2026-07-24 17:57:05"
"	69BA0CDE","	Chamber1","	1","	B01??(%RH)","	84","	2026-07-24 17:57:03"
"	69BA0CDE","	Chamber1","	1","	B01??(?)","	5.6","	2026-07-24 17:57:03"
"	69BA0CDE","	Chamber1","	1","	B01??(%RH)","	84","	2026-07-24 17:57:01"
"	69BA0CDE","	Chamber1","	1","	B01??(?)","	5.6","	2026-07-24 17:57:01"
"	69BA0CDE","	Chamber1","	1","	B01??(%RH)","	84","	2026-07-24 17:56:59"
"	69BA0CDE","	Chamber1","	1","	B01??(?)","	5.6","	2026-07-24 17:56:59"
"	69BA0CDE","	Chamber1","	1","	B01??(%RH)","	84","	2026-07-24 17:56:57"
"	69BA0CDE","	Chamber1","	1","	B01??(?)","	5.6","	2026-07-24 17:56:57"
"	69BA0CDE","	Chamber1","	1","	B01??(%RH)","	84","	2026-07-24 17:56:55"
"	69BA0CDE","	Chamber1","	1","	B01??(?)","	5.6","	2026-07-24 17:56:55"
"	69BA0CDE","	Chamber1","	1","	B01??(%RH)","	84","	2026-07-24 17:56:53"
"	69BA0CDE","	Chamber1","	1","	B01??(?)","	5.6","	2026-07-24 17:56:53"
"	69BA0CDE","	Chamber1","	1","	B01??(%RH)","	84","	2026-07-24 17:56:51"
"	69BA0CDE","	Chamber1","	1","	B01??(?)","	5.6","	2026-07-24 17:56:51"
"	69BA0CDE","	Chamber1","	1","	B01??(%RH)","	84","	2026-07-24 17:56:49"
"	69BA0CDE","	Chamber1","	1","	B01??(?)","	5.6","	2026-07-24 17:56:49"
"	69BA0CDE","	Chamber1","	1","	B01??(%RH)","	84","	2026-07-24 17:56:47"
"	69BA0CDE","	Chamber1","	1","	B01??(?)","	5.6","	2026-07-24 17:56:47"
"	69BA0CDE","	Chamber1","	1","	B01??(%RH)","	84","	2026-07-24 17:56:44"
"	69BA0CDE","	Chamber1","	1","	B01??(?)","	5.6","	2026-07-24 17:56:44"
"	69BA0CDE","	Chamber1","	1","	B01??(%RH)","	84","	2026-07-24 17:56:42"
"	69BA0CDE","	Chamber1","	1","	B01??(?)","	5.6","	2026-07-24 17:56:42"
"	69BA0CDE","	Chamber1","	1","	B01??(%RH)","	84","	2026-07-24 17:56:40"
"	69BA0CDE","	Chamber1","	1","	B01??(?)","	5.6","	2026-07-24 17:56:40"
"	69BA0CDE","	Chamber1","	1","	B01??(%RH)","	84","	2026-07-24 17:56:38"
"	69BA0CDE","	Chamber1","	1","	B01??(?)","	5.6","	2026-07-24 17:56:38"
"	69BA0CDE","	Chamber1","	1","	B01??(%RH)","	84","	2026-07-24 17:56:36"
"	69BA0CDE","	Chamber1","	1","	B01??(?)","	5.6","	2026-07-24 17:56:36"
"	69BA0CDE","	Chamber1","	1","	B01??(%RH)","	84","	2026-07-24 17:56:34"
"	69BA0CDE","	Chamber1","	1","	B01??(?)","	5.6","	2026-07-24 17:56:34"
"	69BA0CDE","	Chamber1","	1","	B01??(%RH)","	84","	2026-07-24 17:56:32"
"	69BA0CDE","	Chamber1","	1","	B01??(?)","	5.6","	2026-07-24 17:56:32"
"	69BA0CDE","	Chamber1","	1","	B01??(%RH)","	84","	2026-07-24 17:56:30"
"	69BA0CDE","	Chamber1","	1","	B01??(?)","	5.6","	2026-07-24 17:56:30"
"	69BA0CDE","	Chamber1","	1","	B01??(%RH)","	84","	2026-07-24 17:56:28"
"	69BA0CDE","	Chamber1","	1","	B01??(?)","	5.6","	2026-07-24 17:56:28"
"	69BA0CDE","	Chamber1","	1","	B01??(%RH)","	84","	2026-07-24 17:56:26"
"	69BA0CDE","	Chamber1","	1","	B01??(?)","	5.6","	2026-07-24 17:56:26"
"	69BA0CDE","	Chamber1","	1","	B01??(%RH)","	84","	2026-07-24 17:56:24"
"	69BA0CDE","	Chamber1","	1","	B01??(?)","	5.6","	2026-07-24 17:56:24"
"	69BA0CDE","	Chamber1","	1","	B01??(%RH)","	84","	2026-07-24 17:56:22"
"	69BA0CDE","	Chamber1","	1","	B01??(?)","	5.6","	2026-07-24 17:56:22"
"	69BA0CDE","	Chamber1","	1","	B01??(%RH)","	84","	2026-07-24 17:56:20"
"	69BA0CDE","	Chamber1","	1","	B01??(?)","	5.6","	2026-07-24 17:56:20"
"	69BA0CDE","	Chamber1","	1","	B01??(%RH)","	84","	2026-07-24 17:56:18"
"	69BA0CDE","	Chamber1","	1","	B01??(?)","	5.6","	2026-07-24 17:56:18"
"	69BA0CDE","	Chamber1","	1","	B01??(%RH)","	84","	2026-07-24 17:56:16"
"	69BA0CDE","	Chamber1","	1","	B01??(?)","	5.6","	2026-07-24 17:56:16"
"	69BA0CDE","	Chamber1","	1","	B01??(%RH)","	84","	2026-07-24 17:56:14"
"	69BA0CDE","	Chamber1","	1","	B01??(?)","	5.6","	2026-07-24 17:56:14"
"	69BA0CDE","	Chamber1","	1","	B01??(%RH)","	84","	2026-07-24 17:56:12"
"	69BA0CDE","	Chamber1","	1","	B01??(?)","	5.6","	2026-07-24 17:56:12"
"	69BA0CDE","	Chamber1","	1","	B01??(%RH)","	84","	2026-07-24 17:56:10"
"	69BA0CDE","	Chamber1","	1","	B01??(?)","	5.6","	2026-07-24 17:56:10"
"	69BA0CDE","	Chamber1","	1","	B01??(%RH)","	84","	2026-07-24 17:56:08"
"	69BA0CDE","	Chamber1","	1","	B01??(?)","	5.6","	2026-07-24 17:56:08"
"	69BA0CDE","	Chamber1","	1","	B01??(%RH)","	84","	2026-07-24 17:56:06"
"	69BA0CDE","	Chamber1","	1","	B01??(?)","	5.6","	2026-07-24 17:56:06"
"	69BA0CDE","	Chamber1","	1","	B01??(%RH)","	84","	2026-07-24 17:56:04"
"	69BA0CDE","	Chamber1","	1","	B01??(?)","	5.6","	2026-07-24 17:56:04"
"	69BA0CDE","	Chamber1","	1","	B01??(%RH)","	83.9","	2026-07-24 17:56:02"
"	69BA0CDE","	Chamber1","	1","	B01??(?)","	5.6","	2026-07-24 17:56:02"
"	69BA0CDE","	Chamber1","	1","	B01??(%RH)","	84","	2026-07-24 17:55:59"
"	69BA0CDE","	Chamber1","	1","	B01??(?)","	5.6","	2026-07-24 17:55:59"
"	69BA0CDE","	Chamber1","	1","	B01??(%RH)","	84","	2026-07-24 17:55:57"
"	69BA0CDE","	Chamber1","	1","	B01??(?)","	5.6","	2026-07-24 17:55:57"
"	69BA0CDE","	Chamber1","	1","	B01??(%RH)","	84","	2026-07-24 17:55:55"
"	69BA0CDE","	Chamber1","	1","	B01??(?)","	5.6","	2026-07-24 17:55:55"
"	69BA0CDE","	Chamber1","	1","	B01??(%RH)","	84","	2026-07-24 17:55:53"
"	69BA0CDE","	Chamber1","	1","	B01??(?)","	5.6","	2026-07-24 17:55:53"
"	69BA0CDE","	Chamber1","	1","	B01??(%RH)","	84","	2026-07-24 17:55:51"
"	69BA0CDE","	Chamber1","	1","	B01??(?)","	5.6","	2026-07-24 17:55:51"
"	69BA0CDE","	Chamber1","	1","	B01??(%RH)","	84","	2026-07-24 17:55:49"
"	69BA0CDE","	Chamber1","	1","	B01??(?)","	5.6","	2026-07-24 17:55:49"
"	69BA0CDE","	Chamber1","	1","	B01??(%RH)","	84","	2026-07-24 17:55:47"
"	69BA0CDE","	Chamber1","	1","	B01??(?)","	5.6","	2026-07-24 17:55:47"
"	69BA0CDE","	Chamber1","	1","	B01??(%RH)","	84","	2026-07-24 17:55:45"
"	69BA0CDE","	Chamber1","	1","	B01??(?)","	5.5","	2026-07-24 17:55:45"
"	69BA0CDE","	Chamber1","	1","	B01??(%RH)","	84","	2026-07-24 17:55:43"
"	69BA0CDE","	Chamber1","	1","	B01??(?)","	5.6","	2026-07-24 17:55:43"
"	69BA0CDE","	Chamber1","	1","	B01??(%RH)","	83.9","	2026-07-24 17:55:41"
"	69BA0CDE","	Chamber1","	1","	B01??(?)","	5.6","	2026-07-24 17:55:41"
"	69BA0CDE","	Chamber1","	1","	B01??(%RH)","	83.9","	2026-07-24 17:55:39"
"	69BA0CDE","	Chamber1","	1","	B01??(?)","	5.6","	2026-07-24 17:55:39"
"	69BA0CDE","	Chamber1","	1","	B01??(%RH)","	83.9","	2026-07-24 17:55:37"
"	69BA0CDE","	Chamber1","	1","	B01??(?)","	5.6","	2026-07-24 17:55:37"
"	69BA0CDE","	Chamber1","	1","	B01??(%RH)","	83.9","	2026-07-24 17:55:35"
"	69BA0CDE","	Chamber1","	1","	B01??(?)","	5.6","	2026-07-24 17:55:35"
"	69BA0CDE","	Chamber1","	1","	B01??(%RH)","	84","	2026-07-24 17:55:33"
"	69BA0CDE","	Chamber1","	1","	B01??(?)","	5.6","	2026-07-24 17:55:33"
"	69BA0CDE","	Chamber1","	1","	B01??(%RH)","	83.9","	2026-07-24 17:55:31"
"	69BA0CDE","	Chamber1","	1","	B01??(?)","	5.6","	2026-07-24 17:55:31"
"	69BA0CDE","	Chamber1","	1","	B01??(%RH)","	83.9","	2026-07-24 17:55:29"
"	69BA0CDE","	Chamber1","	1","	B01??(?)","	5.6","	2026-07-24 17:55:29"
"	69BA0CDE","	Chamber1","	1","	B01??(%RH)","	83.9","	2026-07-24 17:55:27"
"	69BA0CDE","	Chamber1","	1","	B01??(?)","	5.6","	2026-07-24 17:55:27"
"	69BA0CDE","	Chamber1","	1","	B01??(%RH)","	83.9","	2026-07-24 17:55:25"
"	69BA0CDE","	Chamber1","	1","	B01??(?)","	5.6","	2026-07-24 17:55:25"
"	69BA0CDE","	Chamber1","	1","	B01??(%RH)","	83.9","	2026-07-24 17:55:23"
"	69BA0CDE","	Chamber1","	1","	B01??(?)","	5.6","	2026-07-24 17:55:23"
"	69BA0CDE","	Chamber1","	1","	B01??(%RH)","	84","	2026-07-24 17:55:21"
"	69BA0CDE","	Chamber1","	1","	B01??(?)","	5.6","	2026-07-24 17:55:21"
"	69BA0CDE","	Chamber1","	1","	B01??(%RH)","	83.9","	2026-07-24 17:55:19"
"	69BA0CDE","	Chamber1","	1","	B01??(?)","	5.6","	2026-07-24 17:55:19"
"	69BA0CDE","	Chamber1","	1","	B01??(%RH)","	83.9","	2026-07-24 17:55:17"
"	69BA0CDE","	Chamber1","	1","	B01??(?)","	5.6","	2026-07-24 17:55:17"
"	69BA0CDE","	Chamber1","	1","	B01??(%RH)","	83.9","	2026-07-24 17:55:14"
"	69BA0CDE","	Chamber1","	1","	B01??(?)","	5.5","	2026-07-24 17:55:14"
"	69BA0CDE","	Chamber1","	1","	B01??(%RH)","	83.9","	2026-07-24 17:55:12"
"	69BA0CDE","	Chamber1","	1","	B01??(?)","	5.6","	2026-07-24 17:55:12"
"	69BA0CDE","	Chamber1","	1","	B01??(%RH)","	83.9","	2026-07-24 17:55:10"
"	69BA0CDE","	Chamber1","	1","	B01??(?)","	5.6","	2026-07-24 17:55:10"
"	69BA0CDE","	Chamber1","	1","	B01??(%RH)","	83.9","	2026-07-24 17:55:08"
"	69BA0CDE","	Chamber1","	1","	B01??(?)","	5.6","	2026-07-24 17:55:08"
"	69BA0CDE","	Chamber1","	1","	B01??(%RH)","	83.9","	2026-07-24 17:55:06"
"	69BA0CDE","	Chamber1","	1","	B01??(?)","	5.6","	2026-07-24 17:55:06"
"	69BA0CDE","	Chamber1","	1","	B01??(%RH)","	83.9","	2026-07-24 17:55:04"
"	69BA0CDE","	Chamber1","	1","	B01??(?)","	5.6","	2026-07-24 17:55:04"
"	69BA0CDE","	Chamber1","	1","	B01??(%RH)","	83.9","	2026-07-24 17:55:02"
"	69BA0CDE","	Chamber1","	1","	B01??(?)","	5.6","	2026-07-24 17:55:02"
"	69BA0CDE","	Chamber1","	1","	B01??(%RH)","	83.9","	2026-07-24 17:55:00"
"	69BA0CDE","	Chamber1","	1","	B01??(?)","	5.6","	2026-07-24 17:55:00"
"	69BA0CDE","	Chamber1","	1","	B01??(%RH)","	83.9","	2026-07-24 17:54:58"
"	69BA0CDE","	Chamber1","	1","	B01??(?)","	5.6","	2026-07-24 17:54:58"
"	69BA0CDE","	Chamber1","	1","	B01??(%RH)","	83.9","	2026-07-24 17:54:56"
"	69BA0CDE","	Chamber1","	1","	B01??(?)","	5.6","	2026-07-24 17:54:56"
"	69BA0CDE","	Chamber1","	1","	B01??(%RH)","	83.9","	2026-07-24 17:54:54"
"	69BA0CDE","	Chamber1","	1","	B01??(?)","	5.6","	2026-07-24 17:54:54"
"	69BA0CDE","	Chamber1","	1","	B01??(%RH)","	83.9","	2026-07-24 17:54:52"
"	69BA0CDE","	Chamber1","	1","	B01??(?)","	5.6","	2026-07-24 17:54:52"
"	69BA0CDE","	Chamber1","	1","	B01??(%RH)","	83.9","	2026-07-24 17:54:50"
"	69BA0CDE","	Chamber1","	1","	B01??(?)","	5.6","	2026-07-24 17:54:50"
"	69BA0CDE","	Chamber1","	1","	B01??(%RH)","	83.9","	2026-07-24 17:54:48"
"	69BA0CDE","	Chamber1","	1","	B01??(?)","	5.6","	2026-07-24 17:54:48"
"	69BA0CDE","	Chamber1","	1","	B01??(%RH)","	83.9","	2026-07-24 17:54:46"
"	69BA0CDE","	Chamber1","	1","	B01??(?)","	5.6","	2026-07-24 17:54:46"
"	69BA0CDE","	Chamber1","	1","	B01??(%RH)","	83.9","	2026-07-24 17:54:44"
"	69BA0CDE","	Chamber1","	1","	B01??(?)","	5.6","	2026-07-24 17:54:44"
"	69BA0CDE","	Chamber1","	1","	B01??(%RH)","	83.9","	2026-07-24 17:54:42"
"	69BA0CDE","	Chamber1","	1","	B01??(?)","	5.6","	2026-07-24 17:54:42"
"	69BA0CDE","	Chamber1","	1","	B01??(%RH)","	83.9","	2026-07-24 17:54:40"
"	69BA0CDE","	Chamber1","	1","	B01??(?)","	5.5","	2026-07-24 17:54:40"
"	69BA0CDE","	Chamber1","	1","	B01??(%RH)","	83.9","	2026-07-24 17:54:38"
"	69BA0CDE","	Chamber1","	1","	B01??(?)","	5.5","	2026-07-24 17:54:38"
"	69BA0CDE","	Chamber1","	1","	B01??(?)","	5.5","	2026-07-24 17:54:36"
"	69BA0CDE","	Chamber1","	1","	B01??(%RH)","	83.9","	2026-07-24 17:54:36"
"	69BA0CDE","	Chamber1","	1","	B01??(%RH)","	83.9","	2026-07-24 17:54:34"
"	69BA0CDE","	Chamber1","	1","	B01??(?)","	5.6","	2026-07-24 17:54:34"
"	69BA0CDE","	Chamber1","	1","	B01??(%RH)","	83.9","	2026-07-24 17:54:31"
"	69BA0CDE","	Chamber1","	1","	B01??(?)","	5.6","	2026-07-24 17:54:31"
"	69BA0CDE","	Chamber1","	1","	B01??(%RH)","	83.8","	2026-07-24 17:54:29"
"	69BA0CDE","	Chamber1","	1","	B01??(?)","	5.6","	2026-07-24 17:54:29"
"	69BA0CDE","	Chamber1","	1","	B01??(%RH)","	83.9","	2026-07-24 17:54:27"
"	69BA0CDE","	Chamber1","	1","	B01??(?)","	5.5","	2026-07-24 17:54:27"
"	69BA0CDE","	Chamber1","	1","	B01??(%RH)","	83.9","	2026-07-24 17:54:25"
"	69BA0CDE","	Chamber1","	1","	B01??(?)","	5.6","	2026-07-24 17:54:25"
"	69BA0CDE","	Chamber1","	1","	B01??(%RH)","	83.8","	2026-07-24 17:54:23"
"	69BA0CDE","	Chamber1","	1","	B01??(?)","	5.6","	2026-07-24 17:54:23"
"	69BA0CDE","	Chamber1","	1","	B01??(%RH)","	83.9","	2026-07-24 17:54:21"
"	69BA0CDE","	Chamber1","	1","	B01??(?)","	5.6","	2026-07-24 17:54:21"
"	69BA0CDE","	Chamber1","	1","	B01??(%RH)","	83.9","	2026-07-24 17:54:19"
"	69BA0CDE","	Chamber1","	1","	B01??(?)","	5.5","	2026-07-24 17:54:19"
"	69BA0CDE","	Chamber1","	1","	B01??(%RH)","	83.8","	2026-07-24 17:54:17"
"	69BA0CDE","	Chamber1","	1","	B01??(?)","	5.6","	2026-07-24 17:54:17"
"	69BA0CDE","	Chamber1","	1","	B01??(%RH)","	83.8","	2026-07-24 17:54:15"
"	69BA0CDE","	Chamber1","	1","	B01??(?)","	5.6","	2026-07-24 17:54:15"
"	69BA0CDE","	Chamber1","	1","	B01??(%RH)","	83.8","	2026-07-24 17:54:13"
"	69BA0CDE","	Chamber1","	1","	B01??(?)","	5.5","	2026-07-24 17:54:13"
"	69BA0CDE","	Chamber1","	1","	B01??(%RH)","	83.8","	2026-07-24 17:54:11"
"	69BA0CDE","	Chamber1","	1","	B01??(?)","	5.6","	2026-07-24 17:54:11"
"	69BA0CDE","	Chamber1","	1","	B01??(%RH)","	83.9","	2026-07-24 17:54:09"
"	69BA0CDE","	Chamber1","	1","	B01??(?)","	5.6","	2026-07-24 17:54:09"
"	69BA0CDE","	Chamber1","	1","	B01??(%RH)","	83.9","	2026-07-24 17:54:07"
"	69BA0CDE","	Chamber1","	1","	B01??(?)","	5.6","	2026-07-24 17:54:07"
"	69BA0CDE","	Chamber1","	1","	B01??(%RH)","	83.8","	2026-07-24 17:54:05"
"	69BA0CDE","	Chamber1","	1","	B01??(?)","	5.5","	2026-07-24 17:54:05"
"	69BA0CDE","	Chamber1","	1","	B01??(%RH)","	83.8","	2026-07-24 17:54:03"
"	69BA0CDE","	Chamber1","	1","	B01??(?)","	5.5","	2026-07-24 17:54:03"
"	69BA0CDE","	Chamber1","	1","	B01??(%RH)","	83.8","	2026-07-24 17:54:01"
"	69BA0CDE","	Chamber1","	1","	B01??(?)","	5.6","	2026-07-24 17:54:01"
"	69BA0CDE","	Chamber1","	1","	B01??(%RH)","	83.8","	2026-07-24 17:53:59"
"	69BA0CDE","	Chamber1","	1","	B01??(?)","	5.6","	2026-07-24 17:53:59"
"	69BA0CDE","	Chamber1","	1","	B01??(%RH)","	83.8","	2026-07-24 17:53:57"
"	69BA0CDE","	Chamber1","	1","	B01??(?)","	5.6","	2026-07-24 17:53:57"
"	69BA0CDE","	Chamber1","	1","	B01??(%RH)","	83.8","	2026-07-24 17:53:55"
"	69BA0CDE","	Chamber1","	1","	B01??(?)","	5.6","	2026-07-24 17:53:55"
"	69BA0CDE","	Chamber1","	1","	B01??(%RH)","	83.8","	2026-07-24 17:53:53"
"	69BA0CDE","	Chamber1","	1","	B01??(?)","	5.6","	2026-07-24 17:53:53"
"	69BA0CDE","	Chamber1","	1","	B01??(%RH)","	83.8","	2026-07-24 17:53:50"
"	69BA0CDE","	Chamber1","	1","	B01??(?)","	5.5","	2026-07-24 17:53:50"
"	69BA0CDE","	Chamber1","	1","	B01??(%RH)","	83.8","	2026-07-24 17:53:48"
"	69BA0CDE","	Chamber1","	1","	B01??(?)","	5.6","	2026-07-24 17:53:48"
"	69BA0CDE","	Chamber1","	1","	B01??(%RH)","	83.8","	2026-07-24 17:53:46"
"	69BA0CDE","	Chamber1","	1","	B01??(?)","	5.6","	2026-07-24 17:53:46"
"	69BA0CDE","	Chamber1","	1","	B01??(%RH)","	83.8","	2026-07-24 17:53:44"
"	69BA0CDE","	Chamber1","	1","	B01??(?)","	5.6","	2026-07-24 17:53:44"
"	69BA0CDE","	Chamber1","	1","	B01??(%RH)","	83.8","	2026-07-24 17:53:42"
"	69BA0CDE","	Chamber1","	1","	B01??(?)","	5.6","	2026-07-24 17:53:42"
"	69BA0CDE","	Chamber1","	1","	B01??(%RH)","	83.8","	2026-07-24 17:53:40"
"	69BA0CDE","	Chamber1","	1","	B01??(?)","	5.5","	2026-07-24 17:53:40"
"	69BA0CDE","	Chamber1","	1","	B01??(%RH)","	83.8","	2026-07-24 17:53:38"
"	69BA0CDE","	Chamber1","	1","	B01??(?)","	5.6","	2026-07-24 17:53:38"
"	69BA0CDE","	Chamber1","	1","	B01??(%RH)","	83.8","	2026-07-24 17:53:36"
"	69BA0CDE","	Chamber1","	1","	B01??(?)","	5.6","	2026-07-24 17:53:36"
"	69BA0CDE","	Chamber1","	1","	B01??(%RH)","	83.8","	2026-07-24 17:53:34"
"	69BA0CDE","	Chamber1","	1","	B01??(?)","	5.5","	2026-07-24 17:53:34"
"	69BA0CDE","	Chamber1","	1","	B01??(%RH)","	83.8","	2026-07-24 17:53:32"
"	69BA0CDE","	Chamber1","	1","	B01??(?)","	5.6","	2026-07-24 17:53:32"
"	69BA0CDE","	Chamber1","	1","	B01??(%RH)","	83.8","	2026-07-24 17:53:30"
"	69BA0CDE","	Chamber1","	1","	B01??(?)","	5.6","	2026-07-24 17:53:30"
"	69BA0CDE","	Chamber1","	1","	B01??(%RH)","	83.8","	2026-07-24 17:53:28"
"	69BA0CDE","	Chamber1","	1","	B01??(?)","	5.5","	2026-07-24 17:53:28"
"	69BA0CDE","	Chamber1","	1","	B01??(%RH)","	83.7","	2026-07-24 17:53:26"
"	69BA0CDE","	Chamber1","	1","	B01??(?)","	5.5","	2026-07-24 17:53:26"
"	69BA0CDE","	Chamber1","	1","	B01??(%RH)","	83.8","	2026-07-24 17:53:24"
"	69BA0CDE","	Chamber1","	1","	B01??(?)","	5.6","	2026-07-24 17:53:24"
"	69BA0CDE","	Chamber1","	1","	B01??(%RH)","	83.8","	2026-07-24 17:53:22"
"	69BA0CDE","	Chamber1","	1","	B01??(?)","	5.5","	2026-07-24 17:53:22"
"	69BA0CDE","	Chamber1","	1","	B01??(%RH)","	83.8","	2026-07-24 17:53:20"
"	69BA0CDE","	Chamber1","	1","	B01??(?)","	5.6","	2026-07-24 17:53:20"
"	69BA0CDE","	Chamber1","	1","	B01??(%RH)","	83.8","	2026-07-24 17:53:18"
"	69BA0CDE","	Chamber1","	1","	B01??(?)","	5.5","	2026-07-24 17:53:18"
"	69BA0CDE","	Chamber1","	1","	B01??(%RH)","	83.8","	2026-07-24 17:53:16"
"	69BA0CDE","	Chamber1","	1","	B01??(?)","	5.6","	2026-07-24 17:53:16"
"	69BA0CDE","	Chamber1","	1","	B01??(%RH)","	83.8","	2026-07-24 17:53:14"
"	69BA0CDE","	Chamber1","	1","	B01??(?)","	5.5","	2026-07-24 17:53:14"
"	69BA0CDE","	Chamber1","	1","	B01??(%RH)","	83.8","	2026-07-24 17:53:12"
"	69BA0CDE","	Chamber1","	1","	B01??(?)","	5.5","	2026-07-24 17:53:12"
"	69BA0CDE","	Chamber1","	1","	B01??(%RH)","	83.8","	2026-07-24 17:53:10"
"	69BA0CDE","	Chamber1","	1","	B01??(?)","	5.5","	2026-07-24 17:53:10"
"	69BA0CDE","	Chamber1","	1","	B01??(%RH)","	83.7","	2026-07-24 17:53:07"
"	69BA0CDE","	Chamber1","	1","	B01??(?)","	5.5","	2026-07-24 17:53:07"
"	69BA0CDE","	Chamber1","	1","	B01??(%RH)","	83.7","	2026-07-24 17:53:05"
"	69BA0CDE","	Chamber1","	1","	B01??(?)","	5.5","	2026-07-24 17:53:05"
"	69BA0CDE","	Chamber1","	1","	B01??(%RH)","	83.8","	2026-07-24 17:53:03"
"	69BA0CDE","	Chamber1","	1","	B01??(?)","	5.6","	2026-07-24 17:53:03"
"	69BA0CDE","	Chamber1","	1","	B01??(%RH)","	83.8","	2026-07-24 17:53:01"
"	69BA0CDE","	Chamber1","	1","	B01??(?)","	5.5","	2026-07-24 17:53:01"
"	69BA0CDE","	Chamber1","	1","	B01??(%RH)","	83.8","	2026-07-24 17:52:59"
"	69BA0CDE","	Chamber1","	1","	B01??(?)","	5.6","	2026-07-24 17:52:59"
"	69BA0CDE","	Chamber1","	1","	B01??(%RH)","	83.8","	2026-07-24 17:52:57"
"	69BA0CDE","	Chamber1","	1","	B01??(?)","	5.5","	2026-07-24 17:52:57"
"	69BA0CDE","	Chamber1","	1","	B01??(%RH)","	83.7","	2026-07-24 17:52:55"
"	69BA0CDE","	Chamber1","	1","	B01??(?)","	5.5","	2026-07-24 17:52:55"
"	69BA0CDE","	Chamber1","	1","	B01??(%RH)","	83.7","	2026-07-24 17:52:53"
"	69BA0CDE","	Chamber1","	1","	B01??(?)","	5.5","	2026-07-24 17:52:53"
"	69BA0CDE","	Chamber1","	1","	B01??(%RH)","	83.7","	2026-07-24 17:52:51"
"	69BA0CDE","	Chamber1","	1","	B01??(?)","	5.5","	2026-07-24 17:52:51"
"	69BA0CDE","	Chamber1","	1","	B01??(%RH)","	83.8","	2026-07-24 17:52:49"
"	69BA0CDE","	Chamber1","	1","	B01??(?)","	5.6","	2026-07-24 17:52:49"
"	69BA0CDE","	Chamber1","	1","	B01??(%RH)","	83.8","	2026-07-24 17:52:47"
"	69BA0CDE","	Chamber1","	1","	B01??(?)","	5.5","	2026-07-24 17:52:47"
"	69BA0CDE","	Chamber1","	1","	B01??(%RH)","	83.7","	2026-07-24 17:52:45"
"	69BA0CDE","	Chamber1","	1","	B01??(?)","	5.5","	2026-07-24 17:52:45"
"	69BA0CDE","	Chamber1","	1","	B01??(%RH)","	83.7","	2026-07-24 17:52:43"
"	69BA0CDE","	Chamber1","	1","	B01??(?)","	5.5","	2026-07-24 17:52:43"
"	69BA0CDE","	Chamber1","	1","	B01??(%RH)","	83.7","	2026-07-24 17:52:41"
"	69BA0CDE","	Chamber1","	1","	B01??(?)","	5.5","	2026-07-24 17:52:41"
"	69BA0CDE","	Chamber1","	1","	B01??(%RH)","	83.7","	2026-07-24 17:52:39"
"	69BA0CDE","	Chamber1","	1","	B01??(?)","	5.5","	2026-07-24 17:52:39"
"	69BA0CDE","	Chamber1","	1","	B01??(%RH)","	83.7","	2026-07-24 17:52:37"
"	69BA0CDE","	Chamber1","	1","	B01??(?)","	5.5","	2026-07-24 17:52:37"
"	69BA0CDE","	Chamber1","	1","	B01??(%RH)","	83.7","	2026-07-24 17:52:35"
"	69BA0CDE","	Chamber1","	1","	B01??(?)","	5.5","	2026-07-24 17:52:35"
"	69BA0CDE","	Chamber1","	1","	B01??(%RH)","	83.8","	2026-07-24 17:52:33"
"	69BA0CDE","	Chamber1","	1","	B01??(?)","	5.5","	2026-07-24 17:52:33"
"	69BA0CDE","	Chamber1","	1","	B01??(%RH)","	83.7","	2026-07-24 17:52:31"
"	69BA0CDE","	Chamber1","	1","	B01??(?)","	5.5","	2026-07-24 17:52:31"
"	69BA0CDE","	Chamber1","	1","	B01??(%RH)","	83.7","	2026-07-24 17:52:29"
"	69BA0CDE","	Chamber1","	1","	B01??(?)","	5.5","	2026-07-24 17:52:29"
"	69BA0CDE","	Chamber1","	1","	B01??(%RH)","	83.7","	2026-07-24 17:52:27"
"	69BA0CDE","	Chamber1","	1","	B01??(?)","	5.5","	2026-07-24 17:52:27"
"	69BA0CDE","	Chamber1","	1","	B01??(%RH)","	83.7","	2026-07-24 17:52:24"
"	69BA0CDE","	Chamber1","	1","	B01??(?)","	5.5","	2026-07-24 17:52:24"
"	69BA0CDE","	Chamber1","	1","	B01??(%RH)","	83.7","	2026-07-24 17:52:22"
"	69BA0CDE","	Chamber1","	1","	B01??(?)","	5.5","	2026-07-24 17:52:22"
"	69BA0CDE","	Chamber1","	1","	B01??(%RH)","	83.7","	2026-07-24 17:52:20"
"	69BA0CDE","	Chamber1","	1","	B01??(?)","	5.5","	2026-07-24 17:52:20"
"	69BA0CDE","	Chamber1","	1","	B01??(%RH)","	83.7","	2026-07-24 17:52:18"
"	69BA0CDE","	Chamber1","	1","	B01??(?)","	5.5","	2026-07-24 17:52:18"
"	69BA0CDE","	Chamber1","	1","	B01??(%RH)","	83.7","	2026-07-24 17:52:16"
"	69BA0CDE","	Chamber1","	1","	B01??(?)","	5.5","	2026-07-24 17:52:16"
"	69BA0CDE","	Chamber1","	1","	B01??(%RH)","	83.7","	2026-07-24 17:52:14"
"	69BA0CDE","	Chamber1","	1","	B01??(?)","	5.5","	2026-07-24 17:52:14"
"	69BA0CDE","	Chamber1","	1","	B01??(%RH)","	83.7","	2026-07-24 17:52:12"
"	69BA0CDE","	Chamber1","	1","	B01??(?)","	5.5","	2026-07-24 17:52:12"
"	69BA0CDE","	Chamber1","	1","	B01??(%RH)","	83.7","	2026-07-24 17:52:10"
"	69BA0CDE","	Chamber1","	1","	B01??(?)","	5.5","	2026-07-24 17:52:10"
"	69BA0CDE","	Chamber1","	1","	B01??(%RH)","	83.7","	2026-07-24 17:52:08"
"	69BA0CDE","	Chamber1","	1","	B01??(?)","	5.5","	2026-07-24 17:52:08"
"	69BA0CDE","	Chamber1","	1","	B01??(%RH)","	83.7","	2026-07-24 17:52:06"
"	69BA0CDE","	Chamber1","	1","	B01??(?)","	5.5","	2026-07-24 17:52:06"
"	69BA0CDE","	Chamber1","	1","	B01??(%RH)","	83.7","	2026-07-24 17:52:04"
"	69BA0CDE","	Chamber1","	1","	B01??(?)","	5.5","	2026-07-24 17:52:04"
"	69BA0CDE","	Chamber1","	1","	B01??(%RH)","	83.7","	2026-07-24 17:52:02"
"	69BA0CDE","	Chamber1","	1","	B01??(?)","	5.5","	2026-07-24 17:52:02"
"	69BA0CDE","	Chamber1","	1","	B01??(%RH)","	83.7","	2026-07-24 17:52:00"
"	69BA0CDE","	Chamber1","	1","	B01??(?)","	5.5","	2026-07-24 17:52:00"
"	69BA0CDE","	Chamber1","	1","	B01??(%RH)","	83.7","	2026-07-24 17:51:58"
"	69BA0CDE","	Chamber1","	1","	B01??(?)","	5.5","	2026-07-24 17:51:58"
"	69BA0CDE","	Chamber1","	1","	B01??(%RH)","	83.7","	2026-07-24 17:51:56"
"	69BA0CDE","	Chamber1","	1","	B01??(?)","	5.5","	2026-07-24 17:51:56"
"	69BA0CDE","	Chamber1","	1","	B01??(%RH)","	83.7","	2026-07-24 17:51:54"
"	69BA0CDE","	Chamber1","	1","	B01??(?)","	5.5","	2026-07-24 17:51:54"
"	69BA0CDE","	Chamber1","	1","	B01??(%RH)","	83.7","	2026-07-24 17:51:52"
"	69BA0CDE","	Chamber1","	1","	B01??(?)","	5.5","	2026-07-24 17:51:52"
"	69BA0CDE","	Chamber1","	1","	B01??(%RH)","	83.7","	2026-07-24 17:51:50"
"	69BA0CDE","	Chamber1","	1","	B01??(?)","	5.5","	2026-07-24 17:51:50"
"	69BA0CDE","	Chamber1","	1","	B01??(%RH)","	83.7","	2026-07-24 17:51:48"
"	69BA0CDE","	Chamber1","	1","	B01??(?)","	5.5","	2026-07-24 17:51:48"
"	69BA0CDE","	Chamber1","	1","	B01??(%RH)","	83.7","	2026-07-24 17:51:46"
"	69BA0CDE","	Chamber1","	1","	B01??(?)","	5.5","	2026-07-24 17:51:46"
"	69BA0CDE","	Chamber1","	1","	B01??(%RH)","	83.7","	2026-07-24 17:51:44"
"	69BA0CDE","	Chamber1","	1","	B01??(?)","	5.5","	2026-07-24 17:51:44"
"	69BA0CDE","	Chamber1","	1","	B01??(%RH)","	83.7","	2026-07-24 17:51:41"
"	69BA0CDE","	Chamber1","	1","	B01??(?)","	5.5","	2026-07-24 17:51:41"
"	69BA0CDE","	Chamber1","	1","	B01??(%RH)","	83.7","	2026-07-24 17:51:39"
"	69BA0CDE","	Chamber1","	1","	B01??(?)","	5.5","	2026-07-24 17:51:39"
"	69BA0CDE","	Chamber1","	1","	B01??(%RH)","	83.7","	2026-07-24 17:51:37"
"	69BA0CDE","	Chamber1","	1","	B01??(?)","	5.5","	2026-07-24 17:51:37"
"	69BA0CDE","	Chamber1","	1","	B01??(%RH)","	83.7","	2026-07-24 17:51:35"
"	69BA0CDE","	Chamber1","	1","	B01??(?)","	5.5","	2026-07-24 17:51:35"
"	69BA0CDE","	Chamber1","	1","	B01??(%RH)","	83.7","	2026-07-24 17:51:33"
"	69BA0CDE","	Chamber1","	1","	B01??(?)","	5.5","	2026-07-24 17:51:33"
"	69BA0CDE","	Chamber1","	1","	B01??(%RH)","	83.7","	2026-07-24 17:51:31"
"	69BA0CDE","	Chamber1","	1","	B01??(?)","	5.5","	2026-07-24 17:51:31"
"	69BA0CDE","	Chamber1","	1","	B01??(%RH)","	83.7","	2026-07-24 17:51:29"
"	69BA0CDE","	Chamber1","	1","	B01??(?)","	5.5","	2026-07-24 17:51:29"
"	69BA0CDE","	Chamber1","	1","	B01??(%RH)","	83.7","	2026-07-24 17:51:27"
"	69BA0CDE","	Chamber1","	1","	B01??(?)","	5.5","	2026-07-24 17:51:27"
"	69BA0CDE","	Chamber1","	1","	B01??(%RH)","	83.7","	2026-07-24 17:51:25"
"	69BA0CDE","	Chamber1","	1","	B01??(?)","	5.5","	2026-07-24 17:51:25"
"	69BA0CDE","	Chamber1","	1","	B01??(%RH)","	83.7","	2026-07-24 17:51:23"
"	69BA0CDE","	Chamber1","	1","	B01??(?)","	5.5","	2026-07-24 17:51:23"
"	69BA0CDE","	Chamber1","	1","	B01??(%RH)","	83.7","	2026-07-24 17:51:21"
"	69BA0CDE","	Chamber1","	1","	B01??(?)","	5.5","	2026-07-24 17:51:21"
"	69BA0CDE","	Chamber1","	1","	B01??(%RH)","	83.7","	2026-07-24 17:51:19"
"	69BA0CDE","	Chamber1","	1","	B01??(?)","	5.5","	2026-07-24 17:51:19"
"	69BA0CDE","	Chamber1","	1","	B01??(%RH)","	83.7","	2026-07-24 17:51:17"
"	69BA0CDE","	Chamber1","	1","	B01??(?)","	5.5","	2026-07-24 17:51:17"
"	69BA0CDE","	Chamber1","	1","	B01??(%RH)","	83.7","	2026-07-24 17:51:15"
"	69BA0CDE","	Chamber1","	1","	B01??(?)","	5.5","	2026-07-24 17:51:15"
"	69BA0CDE","	Chamber1","	1","	B01??(%RH)","	83.7","	2026-07-24 17:51:13"
"	69BA0CDE","	Chamber1","	1","	B01??(?)","	5.5","	2026-07-24 17:51:13"
"	69BA0CDE","	Chamber1","	1","	B01??(%RH)","	83.7","	2026-07-24 17:51:11"
"	69BA0CDE","	Chamber1","	1","	B01??(?)","	5.5","	2026-07-24 17:51:11"
"	69BA0CDE","	Chamber1","	1","	B01??(%RH)","	83.7","	2026-07-24 17:51:09"
"	69BA0CDE","	Chamber1","	1","	B01??(?)","	5.5","	2026-07-24 17:51:09"
"	69BA0CDE","	Chamber1","	1","	B01??(%RH)","	83.7","	2026-07-24 17:51:07"
"	69BA0CDE","	Chamber1","	1","	B01??(?)","	5.5","	2026-07-24 17:51:07"
"	69BA0CDE","	Chamber1","	1","	B01??(%RH)","	83.7","	2026-07-24 17:51:05"
"	69BA0CDE","	Chamber1","	1","	B01??(?)","	5.5","	2026-07-24 17:51:05"
"	69BA0CDE","	Chamber1","	1","	B01??(%RH)","	83.7","	2026-07-24 17:51:03"
"	69BA0CDE","	Chamber1","	1","	B01??(?)","	5.5","	2026-07-24 17:51:03"
"	69BA0CDE","	Chamber1","	1","	B01??(%RH)","	83.7","	2026-07-24 17:51:01"
"	69BA0CDE","	Chamber1","	1","	B01??(?)","	5.5","	2026-07-24 17:51:01"
"	69BA0CDE","	Chamber1","	1","	B01??(%RH)","	83.7","	2026-07-24 17:50:59"
"	69BA0CDE","	Chamber1","	1","	B01??(?)","	5.5","	2026-07-24 17:50:59"
"	69BA0CDE","	Chamber1","	1","	B01??(%RH)","	83.7","	2026-07-24 17:50:56"
"	69BA0CDE","	Chamber1","	1","	B01??(?)","	5.5","	2026-07-24 17:50:56"
"	69BA0CDE","	Chamber1","	1","	B01??(%RH)","	83.7","	2026-07-24 17:50:54"
"	69BA0CDE","	Chamber1","	1","	B01??(?)","	5.5","	2026-07-24 17:50:54"
"	69BA0CDE","	Chamber1","	1","	B01??(%RH)","	83.7","	2026-07-24 17:50:52"
"	69BA0CDE","	Chamber1","	1","	B01??(?)","	5.5","	2026-07-24 17:50:52"
"	69BA0CDE","	Chamber1","	1","	B01??(%RH)","	83.6","	2026-07-24 17:50:50"
"	69BA0CDE","	Chamber1","	1","	B01??(?)","	5.5","	2026-07-24 17:50:50"
"	69BA0CDE","	Chamber1","	1","	B01??(%RH)","	83.6","	2026-07-24 17:50:48"
"	69BA0CDE","	Chamber1","	1","	B01??(?)","	5.5","	2026-07-24 17:50:48"
"	69BA0CDE","	Chamber1","	1","	B01??(%RH)","	83.7","	2026-07-24 17:50:46"
"	69BA0CDE","	Chamber1","	1","	B01??(?)","	5.5","	2026-07-24 17:50:46"
"	69BA0CDE","	Chamber1","	1","	B01??(%RH)","	83.7","	2026-07-24 17:50:44"
"	69BA0CDE","	Chamber1","	1","	B01??(?)","	5.5","	2026-07-24 17:50:44"
"	69BA0CDE","	Chamber1","	1","	B01??(%RH)","	83.7","	2026-07-24 17:50:42"
"	69BA0CDE","	Chamber1","	1","	B01??(?)","	5.5","	2026-07-24 17:50:42"
"	69BA0CDE","	Chamber1","	1","	B01??(%RH)","	83.6","	2026-07-24 17:50:40"
"	69BA0CDE","	Chamber1","	1","	B01??(?)","	5.5","	2026-07-24 17:50:40"
"	69BA0CDE","	Chamber1","	1","	B01??(%RH)","	83.7","	2026-07-24 17:50:38"
"	69BA0CDE","	Chamber1","	1","	B01??(?)","	5.5","	2026-07-24 17:50:38"
"	69BA0CDE","	Chamber1","	1","	B01??(%RH)","	83.7","	2026-07-24 17:50:36"
"	69BA0CDE","	Chamber1","	1","	B01??(?)","	5.5","	2026-07-24 17:50:36"
"	69BA0CDE","	Chamber1","	1","	B01??(%RH)","	83.7","	2026-07-24 17:50:34"
"	69BA0CDE","	Chamber1","	1","	B01??(?)","	5.5","	2026-07-24 17:50:34"
"	69BA0CDE","	Chamber1","	1","	B01??(%RH)","	83.7","	2026-07-24 17:50:32"
"	69BA0CDE","	Chamber1","	1","	B01??(?)","	5.5","	2026-07-24 17:50:32"
"	69BA0CDE","	Chamber1","	1","	B01??(%RH)","	83.7","	2026-07-24 17:50:30"
"	69BA0CDE","	Chamber1","	1","	B01??(?)","	5.5","	2026-07-24 17:50:30"
"	69BA0CDE","	Chamber1","	1","	B01??(%RH)","	83.6","	2026-07-24 17:50:28"
"	69BA0CDE","	Chamber1","	1","	B01??(?)","	5.5","	2026-07-24 17:50:28"
"	69BA0CDE","	Chamber1","	1","	B01??(%RH)","	83.6","	2026-07-24 17:50:26"
"	69BA0CDE","	Chamber1","	1","	B01??(?)","	5.5","	2026-07-24 17:50:26"
"	69BA0CDE","	Chamber1","	1","	B01??(%RH)","	83.6","	2026-07-24 17:50:24"
"	69BA0CDE","	Chamber1","	1","	B01??(?)","	5.5","	2026-07-24 17:50:24"
"	69BA0CDE","	Chamber1","	1","	B01??(%RH)","	83.6","	2026-07-24 17:50:22"
"	69BA0CDE","	Chamber1","	1","	B01??(?)","	5.5","	2026-07-24 17:50:22"
"	69BA0CDE","	Chamber1","	1","	B01??(%RH)","	83.6","	2026-07-24 17:50:20"
"	69BA0CDE","	Chamber1","	1","	B01??(?)","	5.5","	2026-07-24 17:50:20"
"	69BA0CDE","	Chamber1","	1","	B01??(%RH)","	83.6","	2026-07-24 17:50:18"
"	69BA0CDE","	Chamber1","	1","	B01??(?)","	5.5","	2026-07-24 17:50:18"
"	69BA0CDE","	Chamber1","	1","	B01??(%RH)","	83.6","	2026-07-24 17:50:16"
"	69BA0CDE","	Chamber1","	1","	B01??(?)","	5.5","	2026-07-24 17:50:16"
"	69BA0CDE","	Chamber1","	1","	B01??(%RH)","	83.6","	2026-07-24 17:50:13"
"	69BA0CDE","	Chamber1","	1","	B01??(?)","	5.5","	2026-07-24 17:50:13"
"	69BA0CDE","	Chamber1","	1","	B01??(%RH)","	83.6","	2026-07-24 17:50:11"
"	69BA0CDE","	Chamber1","	1","	B01??(?)","	5.5","	2026-07-24 17:50:11"
"	69BA0CDE","	Chamber1","	1","	B01??(%RH)","	83.6","	2026-07-24 17:50:09"
"	69BA0CDE","	Chamber1","	1","	B01??(?)","	5.5","	2026-07-24 17:50:09"
"	69BA0CDE","	Chamber1","	1","	B01??(%RH)","	83.6","	2026-07-24 17:50:07"
"	69BA0CDE","	Chamber1","	1","	B01??(?)","	5.5","	2026-07-24 17:50:07"
"	69BA0CDE","	Chamber1","	1","	B01??(%RH)","	83.6","	2026-07-24 17:50:05"
"	69BA0CDE","	Chamber1","	1","	B01??(?)","	5.5","	2026-07-24 17:50:05"
"	69BA0CDE","	Chamber1","	1","	B01??(%RH)","	83.6","	2026-07-24 17:50:03"
"	69BA0CDE","	Chamber1","	1","	B01??(?)","	5.5","	2026-07-24 17:50:03"
"	69BA0CDE","	Chamber1","	1","	B01??(%RH)","	83.6","	2026-07-24 17:50:01"
"	69BA0CDE","	Chamber1","	1","	B01??(?)","	5.5","	2026-07-24 17:50:01"
"	69BA0CDE","	Chamber1","	1","	B01??(%RH)","	83.6","	2026-07-24 17:49:59"
"	69BA0CDE","	Chamber1","	1","	B01??(?)","	5.5","	2026-07-24 17:49:59"
"	69BA0CDE","	Chamber1","	1","	B01??(%RH)","	83.6","	2026-07-24 17:49:57"
"	69BA0CDE","	Chamber1","	1","	B01??(?)","	5.5","	2026-07-24 17:49:57"
"	69BA0CDE","	Chamber1","	1","	B01??(%RH)","	83.6","	2026-07-24 17:49:55"
"	69BA0CDE","	Chamber1","	1","	B01??(?)","	5.5","	2026-07-24 17:49:55"
"	69BA0CDE","	Chamber1","	1","	B01??(%RH)","	83.6","	2026-07-24 17:49:53"
"	69BA0CDE","	Chamber1","	1","	B01??(?)","	5.5","	2026-07-24 17:49:53"
"	69BA0CDE","	Chamber1","	1","	B01??(%RH)","	83.6","	2026-07-24 17:49:51"
"	69BA0CDE","	Chamber1","	1","	B01??(?)","	5.5","	2026-07-24 17:49:51"
"	69BA0CDE","	Chamber1","	1","	B01??(%RH)","	83.6","	2026-07-24 17:49:49"
"	69BA0CDE","	Chamber1","	1","	B01??(?)","	5.5","	2026-07-24 17:49:49"
"	69BA0CDE","	Chamber1","	1","	B01??(%RH)","	83.6","	2026-07-24 17:49:47"
"	69BA0CDE","	Chamber1","	1","	B01??(?)","	5.5","	2026-07-24 17:49:47"
"	69BA0CDE","	Chamber1","	1","	B01??(%RH)","	83.6","	2026-07-24 17:49:45"
"	69BA0CDE","	Chamber1","	1","	B01??(?)","	5.5","	2026-07-24 17:49:45"
"	69BA0CDE","	Chamber1","	1","	B01??(%RH)","	83.6","	2026-07-24 17:49:43"
"	69BA0CDE","	Chamber1","	1","	B01??(?)","	5.5","	2026-07-24 17:49:43"
"	69BA0CDE","	Chamber1","	1","	B01??(%RH)","	83.5","	2026-07-24 17:49:41"
"	69BA0CDE","	Chamber1","	1","	B01??(?)","	5.5","	2026-07-24 17:49:41"
"	69BA0CDE","	Chamber1","	1","	B01??(%RH)","	83.6","	2026-07-24 17:49:39"
"	69BA0CDE","	Chamber1","	1","	B01??(?)","	5.5","	2026-07-24 17:49:39"
"	69BA0CDE","	Chamber1","	1","	B01??(%RH)","	83.6","	2026-07-24 17:49:37"
"	69BA0CDE","	Chamber1","	1","	B01??(?)","	5.5","	2026-07-24 17:49:37"
"	69BA0CDE","	Chamber1","	1","	B01??(%RH)","	83.6","	2026-07-24 17:49:35"
"	69BA0CDE","	Chamber1","	1","	B01??(?)","	5.5","	2026-07-24 17:49:35"
"	69BA0CDE","	Chamber1","	1","	B01??(%RH)","	83.6","	2026-07-24 17:49:33"
"	69BA0CDE","	Chamber1","	1","	B01??(?)","	5.5","	2026-07-24 17:49:33"
"	69BA0CDE","	Chamber1","	1","	B01??(%RH)","	83.6","	2026-07-24 17:49:30"
"	69BA0CDE","	Chamber1","	1","	B01??(?)","	5.5","	2026-07-24 17:49:30"
"	69BA0CDE","	Chamber1","	1","	B01??(%RH)","	83.5","	2026-07-24 17:49:28"
"	69BA0CDE","	Chamber1","	1","	B01??(?)","	5.5","	2026-07-24 17:49:28"
"	69BA0CDE","	Chamber1","	1","	B01??(%RH)","	83.6","	2026-07-24 17:49:26"
"	69BA0CDE","	Chamber1","	1","	B01??(?)","	5.5","	2026-07-24 17:49:26"
"	69BA0CDE","	Chamber1","	1","	B01??(%RH)","	83.5","	2026-07-24 17:49:24"
"	69BA0CDE","	Chamber1","	1","	B01??(?)","	5.5","	2026-07-24 17:49:24"
"	69BA0CDE","	Chamber1","	1","	B01??(%RH)","	83.6","	2026-07-24 17:49:22"
"	69BA0CDE","	Chamber1","	1","	B01??(?)","	5.5","	2026-07-24 17:49:22"
"	69BA0CDE","	Chamber1","	1","	B01??(%RH)","	83.6","	2026-07-24 17:49:20"
"	69BA0CDE","	Chamber1","	1","	B01??(?)","	5.5","	2026-07-24 17:49:20"
"	69BA0CDE","	Chamber1","	1","	B01??(%RH)","	83.5","	2026-07-24 17:49:18"
"	69BA0CDE","	Chamber1","	1","	B01??(?)","	5.5","	2026-07-24 17:49:18"
"	69BA0CDE","	Chamber1","	1","	B01??(%RH)","	83.5","	2026-07-24 17:49:16"
"	69BA0CDE","	Chamber1","	1","	B01??(?)","	5.5","	2026-07-24 17:49:16"
"	69BA0CDE","	Chamber1","	1","	B01??(%RH)","	83.5","	2026-07-24 17:49:14"
"	69BA0CDE","	Chamber1","	1","	B01??(?)","	5.5","	2026-07-24 17:49:14"
"	69BA0CDE","	Chamber1","	1","	B01??(%RH)","	83.5","	2026-07-24 17:49:12"
"	69BA0CDE","	Chamber1","	1","	B01??(?)","	5.5","	2026-07-24 17:49:12"
"	69BA0CDE","	Chamber1","	1","	B01??(%RH)","	83.5","	2026-07-24 17:49:10"
"	69BA0CDE","	Chamber1","	1","	B01??(?)","	5.5","	2026-07-24 17:49:10"
"	69BA0CDE","	Chamber1","	1","	B01??(%RH)","	83.5","	2026-07-24 17:49:08"
"	69BA0CDE","	Chamber1","	1","	B01??(?)","	5.5","	2026-07-24 17:49:08"
"	69BA0CDE","	Chamber1","	1","	B01??(%RH)","	83.5","	2026-07-24 17:49:06"
"	69BA0CDE","	Chamber1","	1","	B01??(?)","	5.5","	2026-07-24 17:49:06"
"	69BA0CDE","	Chamber1","	1","	B01??(%RH)","	83.5","	2026-07-24 17:49:04"
"	69BA0CDE","	Chamber1","	1","	B01??(?)","	5.5","	2026-07-24 17:49:04"
"	69BA0CDE","	Chamber1","	1","	B01??(%RH)","	83.5","	2026-07-24 17:49:02"
"	69BA0CDE","	Chamber1","	1","	B01??(?)","	5.5","	2026-07-24 17:49:02"
"	69BA0CDE","	Chamber1","	1","	B01??(%RH)","	83.5","	2026-07-24 17:49:00"
"	69BA0CDE","	Chamber1","	1","	B01??(?)","	5.5","	2026-07-24 17:49:00"
"	69BA0CDE","	Chamber1","	1","	B01??(%RH)","	83.5","	2026-07-24 17:48:58"
"	69BA0CDE","	Chamber1","	1","	B01??(?)","	5.5","	2026-07-24 17:48:58"
"	69BA0CDE","	Chamber1","	1","	B01??(%RH)","	83.5","	2026-07-24 17:48:56"
"	69BA0CDE","	Chamber1","	1","	B01??(?)","	5.5","	2026-07-24 17:48:56"
"	69BA0CDE","	Chamber1","	1","	B01??(%RH)","	83.5","	2026-07-24 17:48:54"
"	69BA0CDE","	Chamber1","	1","	B01??(?)","	5.5","	2026-07-24 17:48:54"
"	69BA0CDE","	Chamber1","	1","	B01??(%RH)","	83.5","	2026-07-24 17:48:52"
"	69BA0CDE","	Chamber1","	1","	B01??(?)","	5.5","	2026-07-24 17:48:52"
"	69BA0CDE","	Chamber1","	1","	B01??(%RH)","	83.5","	2026-07-24 17:48:50"
"	69BA0CDE","	Chamber1","	1","	B01??(?)","	5.5","	2026-07-24 17:48:50"
"	69BA0CDE","	Chamber1","	1","	B01??(%RH)","	83.5","	2026-07-24 17:48:47"
"	69BA0CDE","	Chamber1","	1","	B01??(?)","	5.5","	2026-07-24 17:48:47"
"	69BA0CDE","	Chamber1","	1","	B01??(%RH)","	83.5","	2026-07-24 17:48:45"
"	69BA0CDE","	Chamber1","	1","	B01??(?)","	5.5","	2026-07-24 17:48:45"
"	69BA0CDE","	Chamber1","	1","	B01??(%RH)","	83.5","	2026-07-24 17:48:43"
"	69BA0CDE","	Chamber1","	1","	B01??(?)","	5.5","	2026-07-24 17:48:43"
"	69BA0CDE","	Chamber1","	1","	B01??(%RH)","	83.5","	2026-07-24 17:48:41"
"	69BA0CDE","	Chamber1","	1","	B01??(?)","	5.5","	2026-07-24 17:48:41"
"	69BA0CDE","	Chamber1","	1","	B01??(%RH)","	83.5","	2026-07-24 17:48:39"
"	69BA0CDE","	Chamber1","	1","	B01??(?)","	5.5","	2026-07-24 17:48:39"
"	69BA0CDE","	Chamber1","	1","	B01??(%RH)","	83.4","	2026-07-24 17:48:37"
"	69BA0CDE","	Chamber1","	1","	B01??(?)","	5.5","	2026-07-24 17:48:37"
"	69BA0CDE","	Chamber1","	1","	B01??(%RH)","	83.5","	2026-07-24 17:48:35"
"	69BA0CDE","	Chamber1","	1","	B01??(?)","	5.5","	2026-07-24 17:48:35"
"	69BA0CDE","	Chamber1","	1","	B01??(%RH)","	83.5","	2026-07-24 17:48:33"
"	69BA0CDE","	Chamber1","	1","	B01??(?)","	5.5","	2026-07-24 17:48:33"
"	69BA0CDE","	Chamber1","	1","	B01??(%RH)","	83.5","	2026-07-24 17:48:31"
"	69BA0CDE","	Chamber1","	1","	B01??(?)","	5.5","	2026-07-24 17:48:31"
"	69BA0CDE","	Chamber1","	1","	B01??(%RH)","	83.4","	2026-07-24 17:48:29"
"	69BA0CDE","	Chamber1","	1","	B01??(?)","	5.5","	2026-07-24 17:48:29"
"	69BA0CDE","	Chamber1","	1","	B01??(%RH)","	83.5","	2026-07-24 17:48:27"
"	69BA0CDE","	Chamber1","	1","	B01??(?)","	5.5","	2026-07-24 17:48:27"
"	69BA0CDE","	Chamber1","	1","	B01??(%RH)","	83.5","	2026-07-24 17:48:25"
"	69BA0CDE","	Chamber1","	1","	B01??(?)","	5.5","	2026-07-24 17:48:25"
"	69BA0CDE","	Chamber1","	1","	B01??(%RH)","	83.4","	2026-07-24 17:48:23"
"	69BA0CDE","	Chamber1","	1","	B01??(?)","	5.5","	2026-07-24 17:48:23"
"	69BA0CDE","	Chamber1","	1","	B01??(%RH)","	83.4","	2026-07-24 17:48:21"
"	69BA0CDE","	Chamber1","	1","	B01??(?)","	5.5","	2026-07-24 17:48:21"
"	69BA0CDE","	Chamber1","	1","	B01??(%RH)","	83.4","	2026-07-24 17:48:19"
"	69BA0CDE","	Chamber1","	1","	B01??(?)","	5.5","	2026-07-24 17:48:19"
"	69BA0CDE","	Chamber1","	1","	B01??(%RH)","	83.4","	2026-07-24 17:48:17"
"	69BA0CDE","	Chamber1","	1","	B01??(?)","	5.5","	2026-07-24 17:48:17"
"	69BA0CDE","	Chamber1","	1","	B01??(%RH)","	83.4","	2026-07-24 17:48:15"
"	69BA0CDE","	Chamber1","	1","	B01??(?)","	5.5","	2026-07-24 17:48:15"
"	69BA0CDE","	Chamber1","	1","	B01??(%RH)","	83.4","	2026-07-24 17:48:13"
"	69BA0CDE","	Chamber1","	1","	B01??(?)","	5.5","	2026-07-24 17:48:13"
"	69BA0CDE","	Chamber1","	1","	B01??(%RH)","	83.4","	2026-07-24 17:48:11"
"	69BA0CDE","	Chamber1","	1","	B01??(?)","	5.5","	2026-07-24 17:48:11"
"	69BA0CDE","	Chamber1","	1","	B01??(%RH)","	83.4","	2026-07-24 17:48:09"
"	69BA0CDE","	Chamber1","	1","	B01??(?)","	5.5","	2026-07-24 17:48:09"
"	69BA0CDE","	Chamber1","	1","	B01??(%RH)","	83.4","	2026-07-24 17:48:07"
"	69BA0CDE","	Chamber1","	1","	B01??(?)","	5.5","	2026-07-24 17:48:07"
"	69BA0CDE","	Chamber1","	1","	B01??(%RH)","	83.4","	2026-07-24 17:48:05"
"	69BA0CDE","	Chamber1","	1","	B01??(?)","	5.5","	2026-07-24 17:48:05"
"	69BA0CDE","	Chamber1","	1","	B01??(%RH)","	83.4","	2026-07-24 17:48:02"
"	69BA0CDE","	Chamber1","	1","	B01??(?)","	5.5","	2026-07-24 17:48:02"
"	69BA0CDE","	Chamber1","	1","	B01??(%RH)","	83.4","	2026-07-24 17:48:00"
"	69BA0CDE","	Chamber1","	1","	B01??(?)","	5.5","	2026-07-24 17:48:00"
"	69BA0CDE","	Chamber1","	1","	B01??(%RH)","	83.4","	2026-07-24 17:47:58"
"	69BA0CDE","	Chamber1","	1","	B01??(?)","	5.5","	2026-07-24 17:47:58"
"	69BA0CDE","	Chamber1","	1","	B01??(%RH)","	83.5","	2026-07-24 17:47:56"
"	69BA0CDE","	Chamber1","	1","	B01??(?)","	5.5","	2026-07-24 17:47:56"
"	69BA0CDE","	Chamber1","	1","	B01??(%RH)","	83.4","	2026-07-24 17:47:54"
"	69BA0CDE","	Chamber1","	1","	B01??(?)","	5.5","	2026-07-24 17:47:54"
"	69BA0CDE","	Chamber1","	1","	B01??(%RH)","	83.4","	2026-07-24 17:47:52"
"	69BA0CDE","	Chamber1","	1","	B01??(?)","	5.5","	2026-07-24 17:47:52"
"	69BA0CDE","	Chamber1","	1","	B01??(%RH)","	83.5","	2026-07-24 17:47:50"
"	69BA0CDE","	Chamber1","	1","	B01??(?)","	5.5","	2026-07-24 17:47:50"
"	69BA0CDE","	Chamber1","	1","	B01??(%RH)","	83.5","	2026-07-24 17:47:48"
"	69BA0CDE","	Chamber1","	1","	B01??(?)","	5.5","	2026-07-24 17:47:48"
"	69BA0CDE","	Chamber1","	1","	B01??(%RH)","	83.5","	2026-07-24 17:47:46"
"	69BA0CDE","	Chamber1","	1","	B01??(?)","	5.5","	2026-07-24 17:47:46"
"	69BA0CDE","	Chamber1","	1","	B01??(%RH)","	83.5","	2026-07-24 17:47:44"
"	69BA0CDE","	Chamber1","	1","	B01??(?)","	5.5","	2026-07-24 17:47:44"
"	69BA0CDE","	Chamber1","	1","	B01??(%RH)","	83.5","	2026-07-24 17:47:42"
"	69BA0CDE","	Chamber1","	1","	B01??(?)","	5.5","	2026-07-24 17:47:42"
"	69BA0CDE","	Chamber1","	1","	B01??(%RH)","	83.5","	2026-07-24 17:47:40"
"	69BA0CDE","	Chamber1","	1","	B01??(?)","	5.5","	2026-07-24 17:47:40"
"	69BA0CDE","	Chamber1","	1","	B01??(%RH)","	83.5","	2026-07-24 17:47:38"
"	69BA0CDE","	Chamber1","	1","	B01??(?)","	5.5","	2026-07-24 17:47:38"
"	69BA0CDE","	Chamber1","	1","	B01??(?)","	5.5","	2026-07-24 17:47:36"
"	69BA0CDE","	Chamber1","	1","	B01??(%RH)","	83.5","	2026-07-24 17:47:36"
"	69BA0CDE","	Chamber1","	1","	B01??(%RH)","	83.5","	2026-07-24 17:47:34"
"	69BA0CDE","	Chamber1","	1","	B01??(?)","	5.5","	2026-07-24 17:47:34"
"	69BA0CDE","	Chamber1","	1","	B01??(%RH)","	83.5","	2026-07-24 17:47:32"
"	69BA0CDE","	Chamber1","	1","	B01??(?)","	5.5","	2026-07-24 17:47:32"
"	69BA0CDE","	Chamber1","	1","	B01??(%RH)","	83.5","	2026-07-24 17:47:30"
"	69BA0CDE","	Chamber1","	1","	B01??(?)","	5.5","	2026-07-24 17:47:30"
"	69BA0CDE","	Chamber1","	1","	B01??(%RH)","	83.5","	2026-07-24 17:47:28"
"	69BA0CDE","	Chamber1","	1","	B01??(?)","	5.5","	2026-07-24 17:47:28"
"	69BA0CDE","	Chamber1","	1","	B01??(%RH)","	83.6","	2026-07-24 17:47:26"
"	69BA0CDE","	Chamber1","	1","	B01??(?)","	5.5","	2026-07-24 17:47:26"
"	69BA0CDE","	Chamber1","	1","	B01??(%RH)","	83.6","	2026-07-24 17:47:24"
"	69BA0CDE","	Chamber1","	1","	B01??(?)","	5.5","	2026-07-24 17:47:24"
"	69BA0CDE","	Chamber1","	1","	B01??(%RH)","	83.6","	2026-07-24 17:47:22"
"	69BA0CDE","	Chamber1","	1","	B01??(?)","	5.4","	2026-07-24 17:47:22"
"	69BA0CDE","	Chamber1","	1","	B01??(%RH)","	83.6","	2026-07-24 17:47:19"
"	69BA0CDE","	Chamber1","	1","	B01??(?)","	5.5","	2026-07-24 17:47:19"
"	69BA0CDE","	Chamber1","	1","	B01??(%RH)","	83.6","	2026-07-24 17:47:17"
"	69BA0CDE","	Chamber1","	1","	B01??(?)","	5.5","	2026-07-24 17:47:17"
"	69BA0CDE","	Chamber1","	1","	B01??(%RH)","	83.6","	2026-07-24 17:47:15"
"	69BA0CDE","	Chamber1","	1","	B01??(?)","	5.5","	2026-07-24 17:47:15"
"	69BA0CDE","	Chamber1","	1","	B01??(%RH)","	83.6","	2026-07-24 17:47:13"
"	69BA0CDE","	Chamber1","	1","	B01??(?)","	5.5","	2026-07-24 17:47:13"
"	69BA0CDE","	Chamber1","	1","	B01??(%RH)","	83.6","	2026-07-24 17:47:11"
"	69BA0CDE","	Chamber1","	1","	B01??(?)","	5.5","	2026-07-24 17:47:11"
"	69BA0CDE","	Chamber1","	1","	B01??(%RH)","	83.6","	2026-07-24 17:47:09"
"	69BA0CDE","	Chamber1","	1","	B01??(?)","	5.5","	2026-07-24 17:47:09"
"	69BA0CDE","	Chamber1","	1","	B01??(%RH)","	83.6","	2026-07-24 17:47:07"
"	69BA0CDE","	Chamber1","	1","	B01??(?)","	5.5","	2026-07-24 17:47:07"
"	69BA0CDE","	Chamber1","	1","	B01??(%RH)","	83.7","	2026-07-24 17:47:05"
"	69BA0CDE","	Chamber1","	1","	B01??(?)","	5.5","	2026-07-24 17:47:05"
"	69BA0CDE","	Chamber1","	1","	B01??(%RH)","	83.7","	2026-07-24 17:47:03"
"	69BA0CDE","	Chamber1","	1","	B01??(?)","	5.5","	2026-07-24 17:47:03"
"	69BA0CDE","	Chamber1","	1","	B01??(%RH)","	83.7","	2026-07-24 17:47:01"
"	69BA0CDE","	Chamber1","	1","	B01??(?)","	5.5","	2026-07-24 17:47:01"
"	69BA0CDE","	Chamber1","	1","	B01??(%RH)","	83.7","	2026-07-24 17:46:59"
"	69BA0CDE","	Chamber1","	1","	B01??(?)","	5.5","	2026-07-24 17:46:59"
"	69BA0CDE","	Chamber1","	1","	B01??(%RH)","	83.7","	2026-07-24 17:46:57"
"	69BA0CDE","	Chamber1","	1","	B01??(?)","	5.5","	2026-07-24 17:46:57"
"	69BA0CDE","	Chamber1","	1","	B01??(%RH)","	83.7","	2026-07-24 17:46:55"
"	69BA0CDE","	Chamber1","	1","	B01??(?)","	5.5","	2026-07-24 17:46:55"
"	69BA0CDE","	Chamber1","	1","	B01??(%RH)","	83.7","	2026-07-24 17:46:53"
"	69BA0CDE","	Chamber1","	1","	B01??(?)","	5.4","	2026-07-24 17:46:53"
"	69BA0CDE","	Chamber1","	1","	B01??(%RH)","	83.7","	2026-07-24 17:46:51"
"	69BA0CDE","	Chamber1","	1","	B01??(?)","	5.5","	2026-07-24 17:46:51"
"	69BA0CDE","	Chamber1","	1","	B01??(%RH)","	83.7","	2026-07-24 17:46:49"
"	69BA0CDE","	Chamber1","	1","	B01??(?)","	5.5","	2026-07-24 17:46:49"
"	69BA0CDE","	Chamber1","	1","	B01??(%RH)","	83.7","	2026-07-24 17:46:47"
"	69BA0CDE","	Chamber1","	1","	B01??(?)","	5.5","	2026-07-24 17:46:47"
"	69BA0CDE","	Chamber1","	1","	B01??(%RH)","	83.7","	2026-07-24 17:46:45"
"	69BA0CDE","	Chamber1","	1","	B01??(?)","	5.5","	2026-07-24 17:46:45"
"	69BA0CDE","	Chamber1","	1","	B01??(%RH)","	83.7","	2026-07-24 17:46:43"
"	69BA0CDE","	Chamber1","	1","	B01??(?)","	5.5","	2026-07-24 17:46:43"
"	69BA0CDE","	Chamber1","	1","	B01??(%RH)","	83.7","	2026-07-24 17:46:41"
"	69BA0CDE","	Chamber1","	1","	B01??(?)","	5.4","	2026-07-24 17:46:41"
"	69BA0CDE","	Chamber1","	1","	B01??(%RH)","	83.7","	2026-07-24 17:46:38"
"	69BA0CDE","	Chamber1","	1","	B01??(?)","	5.5","	2026-07-24 17:46:38"
"	69BA0CDE","	Chamber1","	1","	B01??(%RH)","	83.7","	2026-07-24 17:46:36"
"	69BA0CDE","	Chamber1","	1","	B01??(?)","	5.5","	2026-07-24 17:46:36"
"	69BA0CDE","	Chamber1","	1","	B01??(%RH)","	83.7","	2026-07-24 17:46:34"
"	69BA0CDE","	Chamber1","	1","	B01??(?)","	5.5","	2026-07-24 17:46:34"
"	69BA0CDE","	Chamber1","	1","	B01??(%RH)","	83.7","	2026-07-24 17:46:32"
"	69BA0CDE","	Chamber1","	1","	B01??(?)","	5.5","	2026-07-24 17:46:32"
"	69BA0CDE","	Chamber1","	1","	B01??(%RH)","	83.7","	2026-07-24 17:46:30"
"	69BA0CDE","	Chamber1","	1","	B01??(?)","	5.5","	2026-07-24 17:46:30"
"	69BA0CDE","	Chamber1","	1","	B01??(%RH)","	83.7","	2026-07-24 17:46:28"
"	69BA0CDE","	Chamber1","	1","	B01??(?)","	5.4","	2026-07-24 17:46:28"
"	69BA0CDE","	Chamber1","	1","	B01??(%RH)","	83.7","	2026-07-24 17:46:26"
"	69BA0CDE","	Chamber1","	1","	B01??(?)","	5.5","	2026-07-24 17:46:26"
"	69BA0CDE","	Chamber1","	1","	B01??(%RH)","	83.7","	2026-07-24 17:46:24"
"	69BA0CDE","	Chamber1","	1","	B01??(?)","	5.5","	2026-07-24 17:46:24"
"	69BA0CDE","	Chamber1","	1","	B01??(%RH)","	83.7","	2026-07-24 17:46:22"
"	69BA0CDE","	Chamber1","	1","	B01??(?)","	5.5","	2026-07-24 17:46:22"
"	69BA0CDE","	Chamber1","	1","	B01??(%RH)","	83.7","	2026-07-24 17:46:20"
"	69BA0CDE","	Chamber1","	1","	B01??(?)","	5.5","	2026-07-24 17:46:20"
"	69BA0CDE","	Chamber1","	1","	B01??(%RH)","	83.7","	2026-07-24 17:46:18"
"	69BA0CDE","	Chamber1","	1","	B01??(?)","	5.4","	2026-07-24 17:46:18"
"	69BA0CDE","	Chamber1","	1","	B01??(%RH)","	83.7","	2026-07-24 17:46:16"
"	69BA0CDE","	Chamber1","	1","	B01??(?)","	5.4","	2026-07-24 17:46:16"
"	69BA0CDE","	Chamber1","	1","	B01??(%RH)","	83.7","	2026-07-24 17:46:14"
"	69BA0CDE","	Chamber1","	1","	B01??(?)","	5.5","	2026-07-24 17:46:14"
"	69BA0CDE","	Chamber1","	1","	B01??(%RH)","	83.7","	2026-07-24 17:46:12"
"	69BA0CDE","	Chamber1","	1","	B01??(?)","	5.4","	2026-07-24 17:46:12"
"	69BA0CDE","	Chamber1","	1","	B01??(%RH)","	83.7","	2026-07-24 17:46:10"
"	69BA0CDE","	Chamber1","	1","	B01??(?)","	5.5","	2026-07-24 17:46:10"
"	69BA0CDE","	Chamber1","	1","	B01??(%RH)","	83.7","	2026-07-24 17:46:08"
"	69BA0CDE","	Chamber1","	1","	B01??(?)","	5.4","	2026-07-24 17:46:08"
"	69BA0CDE","	Chamber1","	1","	B01??(%RH)","	83.7","	2026-07-24 17:46:06"
"	69BA0CDE","	Chamber1","	1","	B01??(?)","	5.5","	2026-07-24 17:46:06"
"	69BA0CDE","	Chamber1","	1","	B01??(%RH)","	83.7","	2026-07-24 17:46:04"
"	69BA0CDE","	Chamber1","	1","	B01??(?)","	5.5","	2026-07-24 17:46:04"
"	69BA0CDE","	Chamber1","	1","	B01??(%RH)","	83.7","	2026-07-24 17:46:02"
"	69BA0CDE","	Chamber1","	1","	B01??(?)","	5.5","	2026-07-24 17:46:02"
"	69BA0CDE","	Chamber1","	1","	B01??(%RH)","	83.7","	2026-07-24 17:46:00"
"	69BA0CDE","	Chamber1","	1","	B01??(?)","	5.5","	2026-07-24 17:46:00"
"	69BA0CDE","	Chamber1","	1","	B01??(%RH)","	83.7","	2026-07-24 17:45:58"
"	69BA0CDE","	Chamber1","	1","	B01??(?)","	5.4","	2026-07-24 17:45:58"
"	69BA0CDE","	Chamber1","	1","	B01??(%RH)","	83.7","	2026-07-24 17:45:56"
"	69BA0CDE","	Chamber1","	1","	B01??(?)","	5.4","	2026-07-24 17:45:56"
"	69BA0CDE","	Chamber1","	1","	B01??(%RH)","	83.7","	2026-07-24 17:45:53"
"	69BA0CDE","	Chamber1","	1","	B01??(?)","	5.5","	2026-07-24 17:45:53"
"	69BA0CDE","	Chamber1","	1","	B01??(%RH)","	83.7","	2026-07-24 17:45:51"
"	69BA0CDE","	Chamber1","	1","	B01??(?)","	5.4","	2026-07-24 17:45:51"
"	69BA0CDE","	Chamber1","	1","	B01??(%RH)","	83.7","	2026-07-24 17:45:49"
"	69BA0CDE","	Chamber1","	1","	B01??(?)","	5.5","	2026-07-24 17:45:49"
"	69BA0CDE","	Chamber1","	1","	B01??(%RH)","	83.7","	2026-07-24 17:45:47"
"	69BA0CDE","	Chamber1","	1","	B01??(?)","	5.4","	2026-07-24 17:45:47"
"	69BA0CDE","	Chamber1","	1","	B01??(%RH)","	83.7","	2026-07-24 17:45:45"
"	69BA0CDE","	Chamber1","	1","	B01??(?)","	5.5","	2026-07-24 17:45:45"
"	69BA0CDE","	Chamber1","	1","	B01??(%RH)","	83.7","	2026-07-24 17:45:43"
"	69BA0CDE","	Chamber1","	1","	B01??(?)","	5.5","	2026-07-24 17:45:43"
"	69BA0CDE","	Chamber1","	1","	B01??(%RH)","	83.7","	2026-07-24 17:45:41"
"	69BA0CDE","	Chamber1","	1","	B01??(?)","	5.4","	2026-07-24 17:45:41"
"	69BA0CDE","	Chamber1","	1","	B01??(%RH)","	83.7","	2026-07-24 17:45:39"
"	69BA0CDE","	Chamber1","	1","	B01??(?)","	5.5","	2026-07-24 17:45:39"
"	69BA0CDE","	Chamber1","	1","	B01??(%RH)","	83.7","	2026-07-24 17:45:37"
"	69BA0CDE","	Chamber1","	1","	B01??(?)","	5.4","	2026-07-24 17:45:37"
"	69BA0CDE","	Chamber1","	1","	B01??(%RH)","	83.7","	2026-07-24 17:45:35"
"	69BA0CDE","	Chamber1","	1","	B01??(?)","	5.4","	2026-07-24 17:45:35"
"	69BA0CDE","	Chamber1","	1","	B01??(%RH)","	83.7","	2026-07-24 17:45:33"
"	69BA0CDE","	Chamber1","	1","	B01??(?)","	5.4","	2026-07-24 17:45:33"
"	69BA0CDE","	Chamber1","	1","	B01??(%RH)","	83.7","	2026-07-24 17:45:31"
"	69BA0CDE","	Chamber1","	1","	B01??(?)","	5.4","	2026-07-24 17:45:31"
"	69BA0CDE","	Chamber1","	1","	B01??(%RH)","	83.7","	2026-07-24 17:45:29"
"	69BA0CDE","	Chamber1","	1","	B01??(?)","	5.4","	2026-07-24 17:45:29"
"	69BA0CDE","	Chamber1","	1","	B01??(%RH)","	83.7","	2026-07-24 17:45:27"
"	69BA0CDE","	Chamber1","	1","	B01??(?)","	5.4","	2026-07-24 17:45:27"
"	69BA0CDE","	Chamber1","	1","	B01??(%RH)","	83.7","	2026-07-24 17:45:25"
"	69BA0CDE","	Chamber1","	1","	B01??(?)","	5.4","	2026-07-24 17:45:25"
"	69BA0CDE","	Chamber1","	1","	B01??(%RH)","	83.7","	2026-07-24 17:45:23"
"	69BA0CDE","	Chamber1","	1","	B01??(?)","	5.4","	2026-07-24 17:45:23"
"	69BA0CDE","	Chamber1","	1","	B01??(%RH)","	83.7","	2026-07-24 17:45:21"
"	69BA0CDE","	Chamber1","	1","	B01??(?)","	5.4","	2026-07-24 17:45:21"
"	69BA0CDE","	Chamber1","	1","	B01??(%RH)","	83.7","	2026-07-24 17:45:19"
"	69BA0CDE","	Chamber1","	1","	B01??(?)","	5.4","	2026-07-24 17:45:19"
"	69BA0CDE","	Chamber1","	1","	B01??(%RH)","	83.7","	2026-07-24 17:45:17"
"	69BA0CDE","	Chamber1","	1","	B01??(?)","	5.4","	2026-07-24 17:45:17"
"	69BA0CDE","	Chamber1","	1","	B01??(%RH)","	83.7","	2026-07-24 17:45:15"
"	69BA0CDE","	Chamber1","	1","	B01??(?)","	5.4","	2026-07-24 17:45:15"
"	69BA0CDE","	Chamber1","	1","	B01??(%RH)","	83.8","	2026-07-24 17:45:12"
"	69BA0CDE","	Chamber1","	1","	B01??(?)","	5.4","	2026-07-24 17:45:12"
"	69BA0CDE","	Chamber1","	1","	B01??(%RH)","	83.7","	2026-07-24 17:45:10"
"	69BA0CDE","	Chamber1","	1","	B01??(?)","	5.5","	2026-07-24 17:45:10"
"	69BA0CDE","	Chamber1","	1","	B01??(%RH)","	83.7","	2026-07-24 17:45:08"
"	69BA0CDE","	Chamber1","	1","	B01??(?)","	5.4","	2026-07-24 17:45:08"
"	69BA0CDE","	Chamber1","	1","	B01??(%RH)","	83.8","	2026-07-24 17:45:06"
"	69BA0CDE","	Chamber1","	1","	B01??(?)","	5.5","	2026-07-24 17:45:06"
"	69BA0CDE","	Chamber1","	1","	B01??(%RH)","	83.7","	2026-07-24 17:45:04"
"	69BA0CDE","	Chamber1","	1","	B01??(?)","	5.4","	2026-07-24 17:45:04"
"	69BA0CDE","	Chamber1","	1","	B01??(%RH)","	83.8","	2026-07-24 17:45:02"
"	69BA0CDE","	Chamber1","	1","	B01??(?)","	5.4","	2026-07-24 17:45:02"
"	69BA0CDE","	Chamber1","	1","	B01??(%RH)","	83.7","	2026-07-24 17:45:00"
"	69BA0CDE","	Chamber1","	1","	B01??(?)","	5.5","	2026-07-24 17:45:00"
"	69BA0CDE","	Chamber1","	1","	B01??(%RH)","	83.7","	2026-07-24 17:44:58"
"	69BA0CDE","	Chamber1","	1","	B01??(?)","	5.4","	2026-07-24 17:44:58"
"	69BA0CDE","	Chamber1","	1","	B01??(%RH)","	83.8","	2026-07-24 17:44:56"
"	69BA0CDE","	Chamber1","	1","	B01??(?)","	5.4","	2026-07-24 17:44:56"
"	69BA0CDE","	Chamber1","	1","	B01??(%RH)","	83.7","	2026-07-24 17:44:54"
"	69BA0CDE","	Chamber1","	1","	B01??(?)","	5.4","	2026-07-24 17:44:54"
"	69BA0CDE","	Chamber1","	1","	B01??(%RH)","	83.7","	2026-07-24 17:44:52"
"	69BA0CDE","	Chamber1","	1","	B01??(?)","	5.4","	2026-07-24 17:44:52"
"	69BA0CDE","	Chamber1","	1","	B01??(%RH)","	83.7","	2026-07-24 17:44:50"
"	69BA0CDE","	Chamber1","	1","	B01??(?)","	5.4","	2026-07-24 17:44:50"
"	69BA0CDE","	Chamber1","	1","	B01??(%RH)","	83.7","	2026-07-24 17:44:48"
"	69BA0CDE","	Chamber1","	1","	B01??(?)","	5.4","	2026-07-24 17:44:48"
"	69BA0CDE","	Chamber1","	1","	B01??(%RH)","	83.7","	2026-07-24 17:44:46"
"	69BA0CDE","	Chamber1","	1","	B01??(?)","	5.4","	2026-07-24 17:44:46"
"	69BA0CDE","	Chamber1","	1","	B01??(%RH)","	83.7","	2026-07-24 17:44:44"
"	69BA0CDE","	Chamber1","	1","	B01??(?)","	5.4","	2026-07-24 17:44:44"
"	69BA0CDE","	Chamber1","	1","	B01??(%RH)","	83.7","	2026-07-24 17:44:42"
"	69BA0CDE","	Chamber1","	1","	B01??(?)","	5.4","	2026-07-24 17:44:42"
"	69BA0CDE","	Chamber1","	1","	B01??(%RH)","	83.7","	2026-07-24 17:44:40"
"	69BA0CDE","	Chamber1","	1","	B01??(?)","	5.4","	2026-07-24 17:44:40"
"	69BA0CDE","	Chamber1","	1","	B01??(%RH)","	83.7","	2026-07-24 17:44:38"
"	69BA0CDE","	Chamber1","	1","	B01??(?)","	5.4","	2026-07-24 17:44:38"
"	69BA0CDE","	Chamber1","	1","	B01??(%RH)","	83.7","	2026-07-24 17:44:36"
"	69BA0CDE","	Chamber1","	1","	B01??(?)","	5.4","	2026-07-24 17:44:36"
"	69BA0CDE","	Chamber1","	1","	B01??(%RH)","	83.7","	2026-07-24 17:44:34"
"	69BA0CDE","	Chamber1","	1","	B01??(?)","	5.4","	2026-07-24 17:44:34"
"	69BA0CDE","	Chamber1","	1","	B01??(%RH)","	83.7","	2026-07-24 17:44:32"
"	69BA0CDE","	Chamber1","	1","	B01??(?)","	5.5","	2026-07-24 17:44:32"
"	69BA0CDE","	Chamber1","	1","	B01??(%RH)","	83.7","	2026-07-24 17:44:30"
"	69BA0CDE","	Chamber1","	1","	B01??(?)","	5.4","	2026-07-24 17:44:30"
"	69BA0CDE","	Chamber1","	1","	B01??(%RH)","	83.7","	2026-07-24 17:44:27"
"	69BA0CDE","	Chamber1","	1","	B01??(?)","	5.4","	2026-07-24 17:44:27"
"	69BA0CDE","	Chamber1","	1","	B01??(%RH)","	83.7","	2026-07-24 17:44:25"
"	69BA0CDE","	Chamber1","	1","	B01??(?)","	5.4","	2026-07-24 17:44:25"
"	69BA0CDE","	Chamber1","	1","	B01??(%RH)","	83.7","	2026-07-24 17:44:23"
"	69BA0CDE","	Chamber1","	1","	B01??(?)","	5.4","	2026-07-24 17:44:23"
"	69BA0CDE","	Chamber1","	1","	B01??(%RH)","	83.7","	2026-07-24 17:44:21"
"	69BA0CDE","	Chamber1","	1","	B01??(?)","	5.4","	2026-07-24 17:44:21"
"	69BA0CDE","	Chamber1","	1","	B01??(%RH)","	83.7","	2026-07-24 17:44:19"
"	69BA0CDE","	Chamber1","	1","	B01??(?)","	5.4","	2026-07-24 17:44:19"
"	69BA0CDE","	Chamber1","	1","	B01??(%RH)","	83.7","	2026-07-24 17:44:17"
"	69BA0CDE","	Chamber1","	1","	B01??(?)","	5.4","	2026-07-24 17:44:17"
"	69BA0CDE","	Chamber1","	1","	B01??(%RH)","	83.7","	2026-07-24 17:44:15"
"	69BA0CDE","	Chamber1","	1","	B01??(?)","	5.4","	2026-07-24 17:44:15"
"	69BA0CDE","	Chamber1","	1","	B01??(%RH)","	83.7","	2026-07-24 17:44:13"
"	69BA0CDE","	Chamber1","	1","	B01??(?)","	5.4","	2026-07-24 17:44:13"
"	69BA0CDE","	Chamber1","	1","	B01??(%RH)","	83.7","	2026-07-24 17:44:11"
"	69BA0CDE","	Chamber1","	1","	B01??(?)","	5.4","	2026-07-24 17:44:11"
"	69BA0CDE","	Chamber1","	1","	B01??(%RH)","	83.7","	2026-07-24 17:44:09"
"	69BA0CDE","	Chamber1","	1","	B01??(?)","	5.4","	2026-07-24 17:44:09"
"	69BA0CDE","	Chamber1","	1","	B01??(%RH)","	83.7","	2026-07-24 17:44:07"
"	69BA0CDE","	Chamber1","	1","	B01??(?)","	5.4","	2026-07-24 17:44:07"
"	69BA0CDE","	Chamber1","	1","	B01??(%RH)","	83.7","	2026-07-24 17:44:05"
"	69BA0CDE","	Chamber1","	1","	B01??(?)","	5.4","	2026-07-24 17:44:05"
"	69BA0CDE","	Chamber1","	1","	B01??(%RH)","	83.7","	2026-07-24 17:44:03"
"	69BA0CDE","	Chamber1","	1","	B01??(?)","	5.4","	2026-07-24 17:44:03"
"	69BA0CDE","	Chamber1","	1","	B01??(%RH)","	83.7","	2026-07-24 17:44:01"
"	69BA0CDE","	Chamber1","	1","	B01??(?)","	5.4","	2026-07-24 17:44:01"
"	69BA0CDE","	Chamber1","	1","	B01??(%RH)","	83.7","	2026-07-24 17:43:59"
"	69BA0CDE","	Chamber1","	1","	B01??(?)","	5.4","	2026-07-24 17:43:59"
"	69BA0CDE","	Chamber1","	1","	B01??(%RH)","	83.7","	2026-07-24 17:43:57"
"	69BA0CDE","	Chamber1","	1","	B01??(?)","	5.4","	2026-07-24 17:43:57"
"	69BA0CDE","	Chamber1","	1","	B01??(%RH)","	83.7","	2026-07-24 17:43:55"
"	69BA0CDE","	Chamber1","	1","	B01??(?)","	5.4","	2026-07-24 17:43:55"
"	69BA0CDE","	Chamber1","	1","	B01??(%RH)","	83.7","	2026-07-24 17:43:53"
"	69BA0CDE","	Chamber1","	1","	B01??(?)","	5.4","	2026-07-24 17:43:53"
"	69BA0CDE","	Chamber1","	1","	B01??(%RH)","	83.7","	2026-07-24 17:43:51"
"	69BA0CDE","	Chamber1","	1","	B01??(?)","	5.4","	2026-07-24 17:43:51"
"	69BA0CDE","	Chamber1","	1","	B01??(%RH)","	83.7","	2026-07-24 17:43:49"
"	69BA0CDE","	Chamber1","	1","	B01??(?)","	5.4","	2026-07-24 17:43:49"
"	69BA0CDE","	Chamber1","	1","	B01??(%RH)","	83.7","	2026-07-24 17:43:47"
"	69BA0CDE","	Chamber1","	1","	B01??(?)","	5.4","	2026-07-24 17:43:47"
"	69BA0CDE","	Chamber1","	1","	B01??(%RH)","	83.7","	2026-07-24 17:43:44"
"	69BA0CDE","	Chamber1","	1","	B01??(?)","	5.4","	2026-07-24 17:43:44"
"	69BA0CDE","	Chamber1","	1","	B01??(%RH)","	83.7","	2026-07-24 17:43:42"
"	69BA0CDE","	Chamber1","	1","	B01??(?)","	5.4","	2026-07-24 17:43:42"
"	69BA0CDE","	Chamber1","	1","	B01??(%RH)","	83.7","	2026-07-24 17:43:40"
"	69BA0CDE","	Chamber1","	1","	B01??(?)","	5.4","	2026-07-24 17:43:40"
"	69BA0CDE","	Chamber1","	1","	B01??(%RH)","	83.7","	2026-07-24 17:43:38"
"	69BA0CDE","	Chamber1","	1","	B01??(?)","	5.4","	2026-07-24 17:43:38"
"	69BA0CDE","	Chamber1","	1","	B01??(%RH)","	83.7","	2026-07-24 17:43:36"
"	69BA0CDE","	Chamber1","	1","	B01??(?)","	5.4","	2026-07-24 17:43:36"
"	69BA0CDE","	Chamber1","	1","	B01??(%RH)","	83.7","	2026-07-24 17:43:34"
"	69BA0CDE","	Chamber1","	1","	B01??(?)","	5.4","	2026-07-24 17:43:34"
"	69BA0CDE","	Chamber1","	1","	B01??(%RH)","	83.7","	2026-07-24 17:43:32"
"	69BA0CDE","	Chamber1","	1","	B01??(?)","	5.4","	2026-07-24 17:43:32"
"	69BA0CDE","	Chamber1","	1","	B01??(%RH)","	83.7","	2026-07-24 17:43:30"
"	69BA0CDE","	Chamber1","	1","	B01??(?)","	5.4","	2026-07-24 17:43:30"
"	69BA0CDE","	Chamber1","	1","	B01??(%RH)","	83.7","	2026-07-24 17:43:28"
"	69BA0CDE","	Chamber1","	1","	B01??(?)","	5.4","	2026-07-24 17:43:28"
"	69BA0CDE","	Chamber1","	1","	B01??(%RH)","	83.7","	2026-07-24 17:43:26"
"	69BA0CDE","	Chamber1","	1","	B01??(?)","	5.4","	2026-07-24 17:43:26"
"	69BA0CDE","	Chamber1","	1","	B01??(%RH)","	83.7","	2026-07-24 17:43:24"
"	69BA0CDE","	Chamber1","	1","	B01??(?)","	5.4","	2026-07-24 17:43:24"
"	69BA0CDE","	Chamber1","	1","	B01??(%RH)","	83.7","	2026-07-24 17:43:22"
"	69BA0CDE","	Chamber1","	1","	B01??(?)","	5.4","	2026-07-24 17:43:22"
"	69BA0CDE","	Chamber1","	1","	B01??(%RH)","	83.7","	2026-07-24 17:43:20"
"	69BA0CDE","	Chamber1","	1","	B01??(?)","	5.4","	2026-07-24 17:43:20"
"	69BA0CDE","	Chamber1","	1","	B01??(%RH)","	83.7","	2026-07-24 17:43:18"
"	69BA0CDE","	Chamber1","	1","	B01??(?)","	5.4","	2026-07-24 17:43:18"
"	69BA0CDE","	Chamber1","	1","	B01??(%RH)","	83.7","	2026-07-24 17:43:16"
"	69BA0CDE","	Chamber1","	1","	B01??(?)","	5.4","	2026-07-24 17:43:16"
"	69BA0CDE","	Chamber1","	1","	B01??(%RH)","	83.7","	2026-07-24 17:43:14"
"	69BA0CDE","	Chamber1","	1","	B01??(?)","	5.4","	2026-07-24 17:43:14"
"	69BA0CDE","	Chamber1","	1","	B01??(%RH)","	83.7","	2026-07-24 17:43:12"
"	69BA0CDE","	Chamber1","	1","	B01??(?)","	5.4","	2026-07-24 17:43:12"
"	69BA0CDE","	Chamber1","	1","	B01??(%RH)","	83.7","	2026-07-24 17:43:10"
"	69BA0CDE","	Chamber1","	1","	B01??(?)","	5.4","	2026-07-24 17:43:10"
"	69BA0CDE","	Chamber1","	1","	B01??(%RH)","	83.7","	2026-07-24 17:43:08"
"	69BA0CDE","	Chamber1","	1","	B01??(?)","	5.4","	2026-07-24 17:43:08"
"	69BA0CDE","	Chamber1","	1","	B01??(%RH)","	83.7","	2026-07-24 17:43:06"
"	69BA0CDE","	Chamber1","	1","	B01??(?)","	5.4","	2026-07-24 17:43:06"
"	69BA0CDE","	Chamber1","	1","	B01??(%RH)","	83.7","	2026-07-24 17:43:04"
"	69BA0CDE","	Chamber1","	1","	B01??(?)","	5.4","	2026-07-24 17:43:04"
"	69BA0CDE","	Chamber1","	1","	B01??(%RH)","	83.7","	2026-07-24 17:43:02"
"	69BA0CDE","	Chamber1","	1","	B01??(?)","	5.4","	2026-07-24 17:43:02"
"	69BA0CDE","	Chamber1","	1","	B01??(%RH)","	83.7","	2026-07-24 17:42:59"
"	69BA0CDE","	Chamber1","	1","	B01??(?)","	5.4","	2026-07-24 17:42:59"
"	69BA0CDE","	Chamber1","	1","	B01??(%RH)","	83.7","	2026-07-24 17:42:57"
"	69BA0CDE","	Chamber1","	1","	B01??(?)","	5.4","	2026-07-24 17:42:57"
"	69BA0CDE","	Chamber1","	1","	B01??(%RH)","	83.7","	2026-07-24 17:42:55"
"	69BA0CDE","	Chamber1","	1","	B01??(?)","	5.4","	2026-07-24 17:42:55"
"	69BA0CDE","	Chamber1","	1","	B01??(%RH)","	83.7","	2026-07-24 17:42:53"
"	69BA0CDE","	Chamber1","	1","	B01??(?)","	5.4","	2026-07-24 17:42:53"
"	69BA0CDE","	Chamber1","	1","	B01??(%RH)","	83.7","	2026-07-24 17:42:51"
"	69BA0CDE","	Chamber1","	1","	B01??(?)","	5.4","	2026-07-24 17:42:51"
"	69BA0CDE","	Chamber1","	1","	B01??(%RH)","	83.7","	2026-07-24 17:42:49"
"	69BA0CDE","	Chamber1","	1","	B01??(?)","	5.4","	2026-07-24 17:42:49"
"	69BA0CDE","	Chamber1","	1","	B01??(%RH)","	83.7","	2026-07-24 17:42:47"
"	69BA0CDE","	Chamber1","	1","	B01??(?)","	5.4","	2026-07-24 17:42:47"
"	69BA0CDE","	Chamber1","	1","	B01??(%RH)","	83.7","	2026-07-24 17:42:45"
"	69BA0CDE","	Chamber1","	1","	B01??(?)","	5.4","	2026-07-24 17:42:45"
"	69BA0CDE","	Chamber1","	1","	B01??(%RH)","	83.7","	2026-07-24 17:42:43"
"	69BA0CDE","	Chamber1","	1","	B01??(?)","	5.4","	2026-07-24 17:42:43"
"	69BA0CDE","	Chamber1","	1","	B01??(%RH)","	83.7","	2026-07-24 17:42:41"
"	69BA0CDE","	Chamber1","	1","	B01??(?)","	5.4","	2026-07-24 17:42:41"
"	69BA0CDE","	Chamber1","	1","	B01??(%RH)","	83.7","	2026-07-24 17:42:39"
"	69BA0CDE","	Chamber1","	1","	B01??(?)","	5.4","	2026-07-24 17:42:39"
"	69BA0CDE","	Chamber1","	1","	B01??(%RH)","	83.7","	2026-07-24 17:42:37"
"	69BA0CDE","	Chamber1","	1","	B01??(?)","	5.4","	2026-07-24 17:42:37"
"	69BA0CDE","	Chamber1","	1","	B01??(%RH)","	83.7","	2026-07-24 17:42:35"
"	69BA0CDE","	Chamber1","	1","	B01??(?)","	5.4","	2026-07-24 17:42:35"
"	69BA0CDE","	Chamber1","	1","	B01??(%RH)","	83.7","	2026-07-24 17:42:33"
"	69BA0CDE","	Chamber1","	1","	B01??(?)","	5.4","	2026-07-24 17:42:33"
"	69BA0CDE","	Chamber1","	1","	B01??(%RH)","	83.7","	2026-07-24 17:42:31"
"	69BA0CDE","	Chamber1","	1","	B01??(?)","	5.4","	2026-07-24 17:42:31"
"	69BA0CDE","	Chamber1","	1","	B01??(%RH)","	83.7","	2026-07-24 17:42:29"
"	69BA0CDE","	Chamber1","	1","	B01??(?)","	5.4","	2026-07-24 17:42:29"
"	69BA0CDE","	Chamber1","	1","	B01??(%RH)","	83.7","	2026-07-24 17:42:27"
"	69BA0CDE","	Chamber1","	1","	B01??(?)","	5.4","	2026-07-24 17:42:27"
"	69BA0CDE","	Chamber1","	1","	B01??(%RH)","	83.7","	2026-07-24 17:42:25"
"	69BA0CDE","	Chamber1","	1","	B01??(?)","	5.4","	2026-07-24 17:42:25"
"	69BA0CDE","	Chamber1","	1","	B01??(%RH)","	83.7","	2026-07-24 17:42:23"
"	69BA0CDE","	Chamber1","	1","	B01??(?)","	5.4","	2026-07-24 17:42:23"
"	69BA0CDE","	Chamber1","	1","	B01??(%RH)","	83.7","	2026-07-24 17:42:21"
"	69BA0CDE","	Chamber1","	1","	B01??(?)","	5.4","	2026-07-24 17:42:21"
"	69BA0CDE","	Chamber1","	1","	B01??(%RH)","	83.7","	2026-07-24 17:42:19"
"	69BA0CDE","	Chamber1","	1","	B01??(?)","	5.4","	2026-07-24 17:42:19"
"	69BA0CDE","	Chamber1","	1","	B01??(%RH)","	83.7","	2026-07-24 17:42:17"
"	69BA0CDE","	Chamber1","	1","	B01??(?)","	5.4","	2026-07-24 17:42:17"
"	69BA0CDE","	Chamber1","	1","	B01??(%RH)","	83.7","	2026-07-24 17:42:14"
"	69BA0CDE","	Chamber1","	1","	B01??(?)","	5.4","	2026-07-24 17:42:14"
"	69BA0CDE","	Chamber1","	1","	B01??(%RH)","	83.7","	2026-07-24 17:42:12"
"	69BA0CDE","	Chamber1","	1","	B01??(?)","	5.4","	2026-07-24 17:42:12"
"	69BA0CDE","	Chamber1","	1","	B01??(%RH)","	83.7","	2026-07-24 17:42:10"
"	69BA0CDE","	Chamber1","	1","	B01??(?)","	5.4","	2026-07-24 17:42:10"
"	69BA0CDE","	Chamber1","	1","	B01??(%RH)","	83.7","	2026-07-24 17:42:08"
"	69BA0CDE","	Chamber1","	1","	B01??(?)","	5.4","	2026-07-24 17:42:08"
"	69BA0CDE","	Chamber1","	1","	B01??(%RH)","	83.7","	2026-07-24 17:42:06"
"	69BA0CDE","	Chamber1","	1","	B01??(?)","	5.4","	2026-07-24 17:42:06"
"	69BA0CDE","	Chamber1","	1","	B01??(%RH)","	83.7","	2026-07-24 17:42:04"
"	69BA0CDE","	Chamber1","	1","	B01??(?)","	5.4","	2026-07-24 17:42:04"
"	69BA0CDE","	Chamber1","	1","	B01??(%RH)","	83.7","	2026-07-24 17:42:02"
"	69BA0CDE","	Chamber1","	1","	B01??(?)","	5.4","	2026-07-24 17:42:02"
"	69BA0CDE","	Chamber1","	1","	B01??(%RH)","	83.7","	2026-07-24 17:42:00"
"	69BA0CDE","	Chamber1","	1","	B01??(?)","	5.4","	2026-07-24 17:42:00"
"	69BA0CDE","	Chamber1","	1","	B01??(%RH)","	83.7","	2026-07-24 17:41:58"
"	69BA0CDE","	Chamber1","	1","	B01??(?)","	5.4","	2026-07-24 17:41:58"
"	69BA0CDE","	Chamber1","	1","	B01??(%RH)","	83.7","	2026-07-24 17:41:56"
"	69BA0CDE","	Chamber1","	1","	B01??(?)","	5.4","	2026-07-24 17:41:56"
"	69BA0CDE","	Chamber1","	1","	B01??(%RH)","	83.7","	2026-07-24 17:41:54"
"	69BA0CDE","	Chamber1","	1","	B01??(?)","	5.4","	2026-07-24 17:41:54"
"	69BA0CDE","	Chamber1","	1","	B01??(%RH)","	83.7","	2026-07-24 17:41:52"
"	69BA0CDE","	Chamber1","	1","	B01??(?)","	5.4","	2026-07-24 17:41:52"
"	69BA0CDE","	Chamber1","	1","	B01??(%RH)","	83.7","	2026-07-24 17:41:50"
"	69BA0CDE","	Chamber1","	1","	B01??(?)","	5.4","	2026-07-24 17:41:50"
"	69BA0CDE","	Chamber1","	1","	B01??(%RH)","	83.7","	2026-07-24 17:41:48"
"	69BA0CDE","	Chamber1","	1","	B01??(?)","	5.4","	2026-07-24 17:41:48"
"	69BA0CDE","	Chamber1","	1","	B01??(%RH)","	83.7","	2026-07-24 17:41:46"
"	69BA0CDE","	Chamber1","	1","	B01??(?)","	5.4","	2026-07-24 17:41:46"
"	69BA0CDE","	Chamber1","	1","	B01??(%RH)","	83.7","	2026-07-24 17:41:44"
"	69BA0CDE","	Chamber1","	1","	B01??(?)","	5.4","	2026-07-24 17:41:44"
"	69BA0CDE","	Chamber1","	1","	B01??(%RH)","	83.7","	2026-07-24 17:41:42"
"	69BA0CDE","	Chamber1","	1","	B01??(?)","	5.4","	2026-07-24 17:41:42"
"	69BA0CDE","	Chamber1","	1","	B01??(%RH)","	83.7","	2026-07-24 17:41:40"
"	69BA0CDE","	Chamber1","	1","	B01??(?)","	5.4","	2026-07-24 17:41:40"
"	69BA0CDE","	Chamber1","	1","	B01??(%RH)","	83.7","	2026-07-24 17:41:38"
"	69BA0CDE","	Chamber1","	1","	B01??(?)","	5.4","	2026-07-24 17:41:38"
"	69BA0CDE","	Chamber1","	1","	B01??(%RH)","	83.7","	2026-07-24 17:41:36"
"	69BA0CDE","	Chamber1","	1","	B01??(?)","	5.4","	2026-07-24 17:41:36"
"	69BA0CDE","	Chamber1","	1","	B01??(%RH)","	83.7","	2026-07-24 17:41:34"
"	69BA0CDE","	Chamber1","	1","	B01??(?)","	5.4","	2026-07-24 17:41:34"
"	69BA0CDE","	Chamber1","	1","	B01??(%RH)","	83.7","	2026-07-24 17:41:31"
"	69BA0CDE","	Chamber1","	1","	B01??(?)","	5.4","	2026-07-24 17:41:31"
"	69BA0CDE","	Chamber1","	1","	B01??(%RH)","	83.7","	2026-07-24 17:41:29"
"	69BA0CDE","	Chamber1","	1","	B01??(?)","	5.4","	2026-07-24 17:41:29"
"	69BA0CDE","	Chamber1","	1","	B01??(%RH)","	83.7","	2026-07-24 17:41:27"
"	69BA0CDE","	Chamber1","	1","	B01??(?)","	5.4","	2026-07-24 17:41:27"
"	69BA0CDE","	Chamber1","	1","	B01??(%RH)","	83.7","	2026-07-24 17:41:25"
"	69BA0CDE","	Chamber1","	1","	B01??(?)","	5.4","	2026-07-24 17:41:25"
"	69BA0CDE","	Chamber1","	1","	B01??(%RH)","	83.7","	2026-07-24 17:41:23"
"	69BA0CDE","	Chamber1","	1","	B01??(?)","	5.4","	2026-07-24 17:41:23"
"	69BA0CDE","	Chamber1","	1","	B01??(%RH)","	83.7","	2026-07-24 17:41:21"
"	69BA0CDE","	Chamber1","	1","	B01??(?)","	5.4","	2026-07-24 17:41:21"
"	69BA0CDE","	Chamber1","	1","	B01??(%RH)","	83.7","	2026-07-24 17:41:19"
"	69BA0CDE","	Chamber1","	1","	B01??(?)","	5.4","	2026-07-24 17:41:19"
"	69BA0CDE","	Chamber1","	1","	B01??(%RH)","	83.7","	2026-07-24 17:41:17"
"	69BA0CDE","	Chamber1","	1","	B01??(?)","	5.4","	2026-07-24 17:41:17"
"	69BA0CDE","	Chamber1","	1","	B01??(%RH)","	83.7","	2026-07-24 17:41:15"
"	69BA0CDE","	Chamber1","	1","	B01??(?)","	5.4","	2026-07-24 17:41:15"
"	69BA0CDE","	Chamber1","	1","	B01??(%RH)","	83.7","	2026-07-24 17:41:13"
"	69BA0CDE","	Chamber1","	1","	B01??(?)","	5.4","	2026-07-24 17:41:13"
"	69BA0CDE","	Chamber1","	1","	B01??(%RH)","	83.7","	2026-07-24 17:41:11"
"	69BA0CDE","	Chamber1","	1","	B01??(?)","	5.4","	2026-07-24 17:41:11"
"	69BA0CDE","	Chamber1","	1","	B01??(%RH)","	83.7","	2026-07-24 17:41:09"
"	69BA0CDE","	Chamber1","	1","	B01??(?)","	5.4","	2026-07-24 17:41:09"
"	69BA0CDE","	Chamber1","	1","	B01??(%RH)","	83.7","	2026-07-24 17:41:07"
"	69BA0CDE","	Chamber1","	1","	B01??(?)","	5.4","	2026-07-24 17:41:07"
"	69BA0CDE","	Chamber1","	1","	B01??(%RH)","	83.7","	2026-07-24 17:41:05"
"	69BA0CDE","	Chamber1","	1","	B01??(?)","	5.4","	2026-07-24 17:41:05"
"	69BA0CDE","	Chamber1","	1","	B01??(%RH)","	83.7","	2026-07-24 17:41:03"
"	69BA0CDE","	Chamber1","	1","	B01??(?)","	5.4","	2026-07-24 17:41:03"
"	69BA0CDE","	Chamber1","	1","	B01??(%RH)","	83.7","	2026-07-24 17:41:01"
"	69BA0CDE","	Chamber1","	1","	B01??(?)","	5.4","	2026-07-24 17:41:01"
"	69BA0CDE","	Chamber1","	1","	B01??(%RH)","	83.7","	2026-07-24 17:40:59"
"	69BA0CDE","	Chamber1","	1","	B01??(?)","	5.4","	2026-07-24 17:40:59"
"	69BA0CDE","	Chamber1","	1","	B01??(%RH)","	83.7","	2026-07-24 17:40:57"
"	69BA0CDE","	Chamber1","	1","	B01??(?)","	5.4","	2026-07-24 17:40:57"
"	69BA0CDE","	Chamber1","	1","	B01??(%RH)","	83.7","	2026-07-24 17:40:55"
"	69BA0CDE","	Chamber1","	1","	B01??(?)","	5.4","	2026-07-24 17:40:55"
"	69BA0CDE","	Chamber1","	1","	B01??(%RH)","	83.7","	2026-07-24 17:40:53"
"	69BA0CDE","	Chamber1","	1","	B01??(?)","	5.4","	2026-07-24 17:40:53"
"	69BA0CDE","	Chamber1","	1","	B01??(%RH)","	83.7","	2026-07-24 17:40:51"
"	69BA0CDE","	Chamber1","	1","	B01??(?)","	5.4","	2026-07-24 17:40:51"
"	69BA0CDE","	Chamber1","	1","	B01??(%RH)","	83.7","	2026-07-24 17:40:48"
"	69BA0CDE","	Chamber1","	1","	B01??(?)","	5.4","	2026-07-24 17:40:48"
"	69BA0CDE","	Chamber1","	1","	B01??(%RH)","	83.7","	2026-07-24 17:40:46"
"	69BA0CDE","	Chamber1","	1","	B01??(?)","	5.4","	2026-07-24 17:40:46"
"	69BA0CDE","	Chamber1","	1","	B01??(%RH)","	83.7","	2026-07-24 17:40:44"
"	69BA0CDE","	Chamber1","	1","	B01??(?)","	5.4","	2026-07-24 17:40:44"
"	69BA0CDE","	Chamber1","	1","	B01??(%RH)","	83.7","	2026-07-24 17:40:42"
"	69BA0CDE","	Chamber1","	1","	B01??(?)","	5.4","	2026-07-24 17:40:42"
"	69BA0CDE","	Chamber1","	1","	B01??(%RH)","	83.7","	2026-07-24 17:40:40"
"	69BA0CDE","	Chamber1","	1","	B01??(?)","	5.4","	2026-07-24 17:40:40"
"	69BA0CDE","	Chamber1","	1","	B01??(%RH)","	83.7","	2026-07-24 17:40:38"
"	69BA0CDE","	Chamber1","	1","	B01??(?)","	5.4","	2026-07-24 17:40:38"
"	69BA0CDE","	Chamber1","	1","	B01??(%RH)","	83.7","	2026-07-24 17:40:36"
"	69BA0CDE","	Chamber1","	1","	B01??(?)","	5.4","	2026-07-24 17:40:36"
"	69BA0CDE","	Chamber1","	1","	B01??(%RH)","	83.7","	2026-07-24 17:40:34"
"	69BA0CDE","	Chamber1","	1","	B01??(?)","	5.4","	2026-07-24 17:40:34"
"	69BA0CDE","	Chamber1","	1","	B01??(%RH)","	83.7","	2026-07-24 17:40:32"
"	69BA0CDE","	Chamber1","	1","	B01??(?)","	5.4","	2026-07-24 17:40:32"
"	69BA0CDE","	Chamber1","	1","	B01??(%RH)","	83.7","	2026-07-24 17:40:30"
"	69BA0CDE","	Chamber1","	1","	B01??(?)","	5.4","	2026-07-24 17:40:30"
"	69BA0CDE","	Chamber1","	1","	B01??(%RH)","	83.7","	2026-07-24 17:40:28"
"	69BA0CDE","	Chamber1","	1","	B01??(?)","	5.4","	2026-07-24 17:40:28"
"	69BA0CDE","	Chamber1","	1","	B01??(%RH)","	83.7","	2026-07-24 17:40:26"
"	69BA0CDE","	Chamber1","	1","	B01??(?)","	5.4","	2026-07-24 17:40:26"
"	69BA0CDE","	Chamber1","	1","	B01??(%RH)","	83.7","	2026-07-24 17:40:24"
"	69BA0CDE","	Chamber1","	1","	B01??(?)","	5.4","	2026-07-24 17:40:24"
"	69BA0CDE","	Chamber1","	1","	B01??(%RH)","	83.7","	2026-07-24 17:40:22"
"	69BA0CDE","	Chamber1","	1","	B01??(?)","	5.4","	2026-07-24 17:40:22"
"	69BA0CDE","	Chamber1","	1","	B01??(%RH)","	83.7","	2026-07-24 17:40:20"
"	69BA0CDE","	Chamber1","	1","	B01??(?)","	5.4","	2026-07-24 17:40:20"
"	69BA0CDE","	Chamber1","	1","	B01??(%RH)","	83.7","	2026-07-24 17:40:18"
"	69BA0CDE","	Chamber1","	1","	B01??(?)","	5.4","	2026-07-24 17:40:18"
"	69BA0CDE","	Chamber1","	1","	B01??(%RH)","	83.7","	2026-07-24 17:40:16"
"	69BA0CDE","	Chamber1","	1","	B01??(?)","	5.4","	2026-07-24 17:40:16"
"	69BA0CDE","	Chamber1","	1","	B01??(%RH)","	83.7","	2026-07-24 17:40:14"
"	69BA0CDE","	Chamber1","	1","	B01??(?)","	5.4","	2026-07-24 17:40:14"
"	69BA0CDE","	Chamber1","	1","	B01??(%RH)","	83.7","	2026-07-24 17:40:12"
"	69BA0CDE","	Chamber1","	1","	B01??(?)","	5.4","	2026-07-24 17:40:12"
"	69BA0CDE","	Chamber1","	1","	B01??(%RH)","	83.7","	2026-07-24 17:40:10"
"	69BA0CDE","	Chamber1","	1","	B01??(?)","	5.4","	2026-07-24 17:40:10"
"	69BA0CDE","	Chamber1","	1","	B01??(%RH)","	83.7","	2026-07-24 17:40:08"
"	69BA0CDE","	Chamber1","	1","	B01??(?)","	5.4","	2026-07-24 17:40:08"
"	69BA0CDE","	Chamber1","	1","	B01??(%RH)","	83.7","	2026-07-24 17:40:06"
"	69BA0CDE","	Chamber1","	1","	B01??(?)","	5.4","	2026-07-24 17:40:06"
"	69BA0CDE","	Chamber1","	1","	B01??(%RH)","	83.7","	2026-07-24 17:40:03"
"	69BA0CDE","	Chamber1","	1","	B01??(?)","	5.4","	2026-07-24 17:40:03"
"	69BA0CDE","	Chamber1","	1","	B01??(%RH)","	83.7","	2026-07-24 17:40:01"
"	69BA0CDE","	Chamber1","	1","	B01??(?)","	5.4","	2026-07-24 17:40:01"
"	69BA0CDE","	Chamber1","	1","	B01??(%RH)","	83.7","	2026-07-24 17:39:59"
"	69BA0CDE","	Chamber1","	1","	B01??(?)","	5.4","	2026-07-24 17:39:59"
"	69BA0CDE","	Chamber1","	1","	B01??(%RH)","	83.7","	2026-07-24 17:39:57"
"	69BA0CDE","	Chamber1","	1","	B01??(?)","	5.4","	2026-07-24 17:39:57"
"	69BA0CDE","	Chamber1","	1","	B01??(%RH)","	83.7","	2026-07-24 17:39:55"
"	69BA0CDE","	Chamber1","	1","	B01??(?)","	5.4","	2026-07-24 17:39:55"
"	69BA0CDE","	Chamber1","	1","	B01??(%RH)","	83.7","	2026-07-24 17:39:53"
"	69BA0CDE","	Chamber1","	1","	B01??(?)","	5.4","	2026-07-24 17:39:53"
"	69BA0CDE","	Chamber1","	1","	B01??(%RH)","	83.7","	2026-07-24 17:39:51"
"	69BA0CDE","	Chamber1","	1","	B01??(?)","	5.4","	2026-07-24 17:39:51"
"	69BA0CDE","	Chamber1","	1","	B01??(%RH)","	83.7","	2026-07-24 17:39:49"
"	69BA0CDE","	Chamber1","	1","	B01??(?)","	5.4","	2026-07-24 17:39:49"
"	69BA0CDE","	Chamber1","	1","	B01??(%RH)","	83.7","	2026-07-24 17:39:47"
"	69BA0CDE","	Chamber1","	1","	B01??(?)","	5.4","	2026-07-24 17:39:47"
"	69BA0CDE","	Chamber1","	1","	B01??(%RH)","	83.7","	2026-07-24 17:39:45"
"	69BA0CDE","	Chamber1","	1","	B01??(?)","	5.4","	2026-07-24 17:39:45"
"	69BA0CDE","	Chamber1","	1","	B01??(%RH)","	83.7","	2026-07-24 17:39:43"
"	69BA0CDE","	Chamber1","	1","	B01??(?)","	5.4","	2026-07-24 17:39:43"
"	69BA0CDE","	Chamber1","	1","	B01??(%RH)","	83.7","	2026-07-24 17:39:41"
"	69BA0CDE","	Chamber1","	1","	B01??(?)","	5.4","	2026-07-24 17:39:41"
"	69BA0CDE","	Chamber1","	1","	B01??(%RH)","	83.7","	2026-07-24 17:39:39"
"	69BA0CDE","	Chamber1","	1","	B01??(?)","	5.4","	2026-07-24 17:39:39"
"	69BA0CDE","	Chamber1","	1","	B01??(%RH)","	83.7","	2026-07-24 17:39:37"
"	69BA0CDE","	Chamber1","	1","	B01??(?)","	5.4","	2026-07-24 17:39:37"
"	69BA0CDE","	Chamber1","	1","	B01??(%RH)","	83.7","	2026-07-24 17:39:35"
"	69BA0CDE","	Chamber1","	1","	B01??(?)","	5.4","	2026-07-24 17:39:35"
"	69BA0CDE","	Chamber1","	1","	B01??(%RH)","	83.7","	2026-07-24 17:39:33"
"	69BA0CDE","	Chamber1","	1","	B01??(?)","	5.4","	2026-07-24 17:39:33"
"	69BA0CDE","	Chamber1","	1","	B01??(%RH)","	83.7","	2026-07-24 17:39:31"
"	69BA0CDE","	Chamber1","	1","	B01??(?)","	5.4","	2026-07-24 17:39:31"
"	69BA0CDE","	Chamber1","	1","	B01??(%RH)","	83.7","	2026-07-24 17:39:29"
"	69BA0CDE","	Chamber1","	1","	B01??(?)","	5.4","	2026-07-24 17:39:29"
"	69BA0CDE","	Chamber1","	1","	B01??(%RH)","	83.7","	2026-07-24 17:39:27"
"	69BA0CDE","	Chamber1","	1","	B01??(?)","	5.4","	2026-07-24 17:39:27"
"	69BA0CDE","	Chamber1","	1","	B01??(%RH)","	83.7","	2026-07-24 17:39:25"
"	69BA0CDE","	Chamber1","	1","	B01??(?)","	5.4","	2026-07-24 17:39:25"
"	69BA0CDE","	Chamber1","	1","	B01??(%RH)","	83.7","	2026-07-24 17:39:23"
"	69BA0CDE","	Chamber1","	1","	B01??(?)","	5.4","	2026-07-24 17:39:23"
"	69BA0CDE","	Chamber1","	1","	B01??(%RH)","	83.7","	2026-07-24 17:39:20"
"	69BA0CDE","	Chamber1","	1","	B01??(?)","	5.3","	2026-07-24 17:39:20"
"	69BA0CDE","	Chamber1","	1","	B01??(%RH)","	83.7","	2026-07-24 17:39:18"
"	69BA0CDE","	Chamber1","	1","	B01??(?)","	5.4","	2026-07-24 17:39:18"
"	69BA0CDE","	Chamber1","	1","	B01??(%RH)","	83.7","	2026-07-24 17:39:16"
"	69BA0CDE","	Chamber1","	1","	B01??(?)","	5.4","	2026-07-24 17:39:16"
"	69BA0CDE","	Chamber1","	1","	B01??(%RH)","	83.7","	2026-07-24 17:39:14"
"	69BA0CDE","	Chamber1","	1","	B01??(?)","	5.3","	2026-07-24 17:39:14"
"	69BA0CDE","	Chamber1","	1","	B01??(%RH)","	83.7","	2026-07-24 17:39:12"
"	69BA0CDE","	Chamber1","	1","	B01??(?)","	5.4","	2026-07-24 17:39:12"
"	69BA0CDE","	Chamber1","	1","	B01??(%RH)","	83.7","	2026-07-24 17:39:10"
"	69BA0CDE","	Chamber1","	1","	B01??(?)","	5.4","	2026-07-24 17:39:10"
"	69BA0CDE","	Chamber1","	1","	B01??(%RH)","	83.7","	2026-07-24 17:39:08"
"	69BA0CDE","	Chamber1","	1","	B01??(?)","	5.4","	2026-07-24 17:39:08"
"	69BA0CDE","	Chamber1","	1","	B01??(%RH)","	83.7","	2026-07-24 17:39:06"
"	69BA0CDE","	Chamber1","	1","	B01??(?)","	5.4","	2026-07-24 17:39:06"
"	69BA0CDE","	Chamber1","	1","	B01??(%RH)","	83.7","	2026-07-24 17:39:04"
"	69BA0CDE","	Chamber1","	1","	B01??(?)","	5.4","	2026-07-24 17:39:04"
"	69BA0CDE","	Chamber1","	1","	B01??(%RH)","	83.7","	2026-07-24 17:39:02"
"	69BA0CDE","	Chamber1","	1","	B01??(?)","	5.4","	2026-07-24 17:39:02"
"	69BA0CDE","	Chamber1","	1","	B01??(%RH)","	83.7","	2026-07-24 17:39:00"
"	69BA0CDE","	Chamber1","	1","	B01??(?)","	5.4","	2026-07-24 17:39:00"
"	69BA0CDE","	Chamber1","	1","	B01??(%RH)","	83.7","	2026-07-24 17:38:58"
"	69BA0CDE","	Chamber1","	1","	B01??(?)","	5.4","	2026-07-24 17:38:58"
"	69BA0CDE","	Chamber1","	1","	B01??(%RH)","	83.7","	2026-07-24 17:38:56"
"	69BA0CDE","	Chamber1","	1","	B01??(?)","	5.4","	2026-07-24 17:38:56"
"	69BA0CDE","	Chamber1","	1","	B01??(%RH)","	83.7","	2026-07-24 17:38:54"
"	69BA0CDE","	Chamber1","	1","	B01??(?)","	5.4","	2026-07-24 17:38:54"
"	69BA0CDE","	Chamber1","	1","	B01??(%RH)","	83.7","	2026-07-24 17:38:52"
"	69BA0CDE","	Chamber1","	1","	B01??(?)","	5.3","	2026-07-24 17:38:52"
"	69BA0CDE","	Chamber1","	1","	B01??(%RH)","	83.7","	2026-07-24 17:38:50"
"	69BA0CDE","	Chamber1","	1","	B01??(?)","	5.3","	2026-07-24 17:38:50"
"	69BA0CDE","	Chamber1","	1","	B01??(%RH)","	83.7","	2026-07-24 17:38:48"
"	69BA0CDE","	Chamber1","	1","	B01??(?)","	5.4","	2026-07-24 17:38:48"
"	69BA0CDE","	Chamber1","	1","	B01??(%RH)","	83.7","	2026-07-24 17:38:46"
"	69BA0CDE","	Chamber1","	1","	B01??(?)","	5.4","	2026-07-24 17:38:46"
"	69BA0CDE","	Chamber1","	1","	B01??(%RH)","	83.7","	2026-07-24 17:38:44"
"	69BA0CDE","	Chamber1","	1","	B01??(?)","	5.4","	2026-07-24 17:38:44"
"	69BA0CDE","	Chamber1","	1","	B01??(%RH)","	83.7","	2026-07-24 17:38:42"
"	69BA0CDE","	Chamber1","	1","	B01??(?)","	5.4","	2026-07-24 17:38:42"
"	69BA0CDE","	Chamber1","	1","	B01??(%RH)","	83.7","	2026-07-24 17:38:40"
"	69BA0CDE","	Chamber1","	1","	B01??(?)","	5.4","	2026-07-24 17:38:40"
"	69BA0CDE","	Chamber1","	1","	B01??(%RH)","	83.7","	2026-07-24 17:38:38"
"	69BA0CDE","	Chamber1","	1","	B01??(?)","	5.4","	2026-07-24 17:38:38"
"	69BA0CDE","	Chamber1","	1","	B01??(%RH)","	83.7","	2026-07-24 17:38:35"
"	69BA0CDE","	Chamber1","	1","	B01??(?)","	5.3","	2026-07-24 17:38:35"
"	69BA0CDE","	Chamber1","	1","	B01??(%RH)","	83.7","	2026-07-24 17:38:33"
"	69BA0CDE","	Chamber1","	1","	B01??(?)","	5.4","	2026-07-24 17:38:33"
"	69BA0CDE","	Chamber1","	1","	B01??(%RH)","	83.7","	2026-07-24 17:38:31"
"	69BA0CDE","	Chamber1","	1","	B01??(?)","	5.4","	2026-07-24 17:38:31"
"	69BA0CDE","	Chamber1","	1","	B01??(%RH)","	83.7","	2026-07-24 17:38:29"
"	69BA0CDE","	Chamber1","	1","	B01??(?)","	5.3","	2026-07-24 17:38:29"
"	69BA0CDE","	Chamber1","	1","	B01??(%RH)","	83.7","	2026-07-24 17:38:27"
"	69BA0CDE","	Chamber1","	1","	B01??(?)","	5.4","	2026-07-24 17:38:27"
"	69BA0CDE","	Chamber1","	1","	B01??(%RH)","	83.7","	2026-07-24 17:38:25"
"	69BA0CDE","	Chamber1","	1","	B01??(?)","	5.3","	2026-07-24 17:38:25"
"	69BA0CDE","	Chamber1","	1","	B01??(%RH)","	83.7","	2026-07-24 17:38:23"
"	69BA0CDE","	Chamber1","	1","	B01??(?)","	5.4","	2026-07-24 17:38:23"
"	69BA0CDE","	Chamber1","	1","	B01??(%RH)","	83.7","	2026-07-24 17:38:21"
"	69BA0CDE","	Chamber1","	1","	B01??(?)","	5.4","	2026-07-24 17:38:21"
"	69BA0CDE","	Chamber1","	1","	B01??(%RH)","	83.7","	2026-07-24 17:38:19"
"	69BA0CDE","	Chamber1","	1","	B01??(?)","	5.3","	2026-07-24 17:38:19"
"	69BA0CDE","	Chamber1","	1","	B01??(%RH)","	83.7","	2026-07-24 17:38:17"
"	69BA0CDE","	Chamber1","	1","	B01??(?)","	5.3","	2026-07-24 17:38:17"
"	69BA0CDE","	Chamber1","	1","	B01??(%RH)","	83.7","	2026-07-24 17:38:15"
"	69BA0CDE","	Chamber1","	1","	B01??(?)","	5.4","	2026-07-24 17:38:15"
"	69BA0CDE","	Chamber1","	1","	B01??(%RH)","	83.7","	2026-07-24 17:38:13"
"	69BA0CDE","	Chamber1","	1","	B01??(?)","	5.4","	2026-07-24 17:38:13"
"	69BA0CDE","	Chamber1","	1","	B01??(%RH)","	83.7","	2026-07-24 17:38:11"
"	69BA0CDE","	Chamber1","	1","	B01??(?)","	5.3","	2026-07-24 17:38:11"
"	69BA0CDE","	Chamber1","	1","	B01??(%RH)","	83.7","	2026-07-24 17:38:09"
"	69BA0CDE","	Chamber1","	1","	B01??(?)","	5.4","	2026-07-24 17:38:09"
"	69BA0CDE","	Chamber1","	1","	B01??(%RH)","	83.7","	2026-07-24 17:38:07"
"	69BA0CDE","	Chamber1","	1","	B01??(?)","	5.3","	2026-07-24 17:38:07"
"	69BA0CDE","	Chamber1","	1","	B01??(%RH)","	83.7","	2026-07-24 17:38:05"
"	69BA0CDE","	Chamber1","	1","	B01??(?)","	5.3","	2026-07-24 17:38:05"
"	69BA0CDE","	Chamber1","	1","	B01??(%RH)","	83.7","	2026-07-24 17:38:03"
"	69BA0CDE","	Chamber1","	1","	B01??(?)","	5.4","	2026-07-24 17:38:03"
"	69BA0CDE","	Chamber1","	1","	B01??(%RH)","	83.7","	2026-07-24 17:38:01"
"	69BA0CDE","	Chamber1","	1","	B01??(?)","	5.3","	2026-07-24 17:38:01"
"	69BA0CDE","	Chamber1","	1","	B01??(%RH)","	83.7","	2026-07-24 17:37:59"
"	69BA0CDE","	Chamber1","	1","	B01??(?)","	5.4","	2026-07-24 17:37:59"
"	69BA0CDE","	Chamber1","	1","	B01??(%RH)","	83.7","	2026-07-24 17:37:57"
"	69BA0CDE","	Chamber1","	1","	B01??(?)","	5.3","	2026-07-24 17:37:57"
"	69BA0CDE","	Chamber1","	1","	B01??(%RH)","	83.7","	2026-07-24 17:37:55"
"	69BA0CDE","	Chamber1","	1","	B01??(?)","	5.3","	2026-07-24 17:37:55"
"	69BA0CDE","	Chamber1","	1","	B01??(%RH)","	83.7","	2026-07-24 17:37:52"
"	69BA0CDE","	Chamber1","	1","	B01??(?)","	5.4","	2026-07-24 17:37:52"
"	69BA0CDE","	Chamber1","	1","	B01??(%RH)","	83.7","	2026-07-24 17:37:50"
"	69BA0CDE","	Chamber1","	1","	B01??(?)","	5.3","	2026-07-24 17:37:50"
"	69BA0CDE","	Chamber1","	1","	B01??(%RH)","	83.7","	2026-07-24 17:37:48"
"	69BA0CDE","	Chamber1","	1","	B01??(?)","	5.3","	2026-07-24 17:37:48"
"	69BA0CDE","	Chamber1","	1","	B01??(%RH)","	83.7","	2026-07-24 17:37:46"
"	69BA0CDE","	Chamber1","	1","	B01??(?)","	5.4","	2026-07-24 17:37:46"
"	69BA0CDE","	Chamber1","	1","	B01??(%RH)","	83.7","	2026-07-24 17:37:44"
"	69BA0CDE","	Chamber1","	1","	B01??(?)","	5.4","	2026-07-24 17:37:44"
"	69BA0CDE","	Chamber1","	1","	B01??(%RH)","	83.7","	2026-07-24 17:37:42"
"	69BA0CDE","	Chamber1","	1","	B01??(?)","	5.3","	2026-07-24 17:37:42"
"	69BA0CDE","	Chamber1","	1","	B01??(%RH)","	83.7","	2026-07-24 17:37:40"
"	69BA0CDE","	Chamber1","	1","	B01??(?)","	5.3","	2026-07-24 17:37:40"
"	69BA0CDE","	Chamber1","	1","	B01??(%RH)","	83.7","	2026-07-24 17:37:38"
"	69BA0CDE","	Chamber1","	1","	B01??(?)","	5.3","	2026-07-24 17:37:38"
"	69BA0CDE","	Chamber1","	1","	B01??(%RH)","	83.7","	2026-07-24 17:37:36"
"	69BA0CDE","	Chamber1","	1","	B01??(?)","	5.3","	2026-07-24 17:37:36"
"	69BA0CDE","	Chamber1","	1","	B01??(%RH)","	83.7","	2026-07-24 17:37:34"
"	69BA0CDE","	Chamber1","	1","	B01??(?)","	5.4","	2026-07-24 17:37:34"
"	69BA0CDE","	Chamber1","	1","	B01??(%RH)","	83.7","	2026-07-24 17:37:32"
"	69BA0CDE","	Chamber1","	1","	B01??(?)","	5.4","	2026-07-24 17:37:32"
"	69BA0CDE","	Chamber1","	1","	B01??(%RH)","	83.6","	2026-07-24 17:37:30"
"	69BA0CDE","	Chamber1","	1","	B01??(?)","	5.3","	2026-07-24 17:37:30"
"	69BA0CDE","	Chamber1","	1","	B01??(%RH)","	83.6","	2026-07-24 17:37:28"
"	69BA0CDE","	Chamber1","	1","	B01??(?)","	5.3","	2026-07-24 17:37:28"
"	69BA0CDE","	Chamber1","	1","	B01??(%RH)","	83.7","	2026-07-24 17:37:26"
"	69BA0CDE","	Chamber1","	1","	B01??(?)","	5.3","	2026-07-24 17:37:26"
"	69BA0CDE","	Chamber1","	1","	B01??(%RH)","	83.7","	2026-07-24 17:37:24"
"	69BA0CDE","	Chamber1","	1","	B01??(?)","	5.3","	2026-07-24 17:37:24"
"	69BA0CDE","	Chamber1","	1","	B01??(%RH)","	83.7","	2026-07-24 17:37:22"
"	69BA0CDE","	Chamber1","	1","	B01??(?)","	5.3","	2026-07-24 17:37:22"
"	69BA0CDE","	Chamber1","	1","	B01??(%RH)","	83.7","	2026-07-24 17:37:20"
"	69BA0CDE","	Chamber1","	1","	B01??(?)","	5.4","	2026-07-24 17:37:20"
"	69BA0CDE","	Chamber1","	1","	B01??(%RH)","	83.7","	2026-07-24 17:37:18"
"	69BA0CDE","	Chamber1","	1","	B01??(?)","	5.3","	2026-07-24 17:37:18"
"	69BA0CDE","	Chamber1","	1","	B01??(%RH)","	83.7","	2026-07-24 17:37:16"
"	69BA0CDE","	Chamber1","	1","	B01??(?)","	5.3","	2026-07-24 17:37:16"
"	69BA0CDE","	Chamber1","	1","	B01??(%RH)","	83.7","	2026-07-24 17:37:14"
"	69BA0CDE","	Chamber1","	1","	B01??(?)","	5.3","	2026-07-24 17:37:14"
"	69BA0CDE","	Chamber1","	1","	B01??(%RH)","	83.7","	2026-07-24 17:37:11"
"	69BA0CDE","	Chamber1","	1","	B01??(?)","	5.4","	2026-07-24 17:37:11"
"	69BA0CDE","	Chamber1","	1","	B01??(%RH)","	83.7","	2026-07-24 17:37:09"
"	69BA0CDE","	Chamber1","	1","	B01??(?)","	5.3","	2026-07-24 17:37:09"
"	69BA0CDE","	Chamber1","	1","	B01??(%RH)","	83.6","	2026-07-24 17:37:07"
"	69BA0CDE","	Chamber1","	1","	B01??(?)","	5.3","	2026-07-24 17:37:07"
"	69BA0CDE","	Chamber1","	1","	B01??(%RH)","	83.7","	2026-07-24 17:37:05"
"	69BA0CDE","	Chamber1","	1","	B01??(?)","	5.3","	2026-07-24 17:37:05"
"	69BA0CDE","	Chamber1","	1","	B01??(%RH)","	83.7","	2026-07-24 17:37:03"
"	69BA0CDE","	Chamber1","	1","	B01??(?)","	5.3","	2026-07-24 17:37:03"
"	69BA0CDE","	Chamber1","	1","	B01??(%RH)","	83.6","	2026-07-24 17:37:01"
"	69BA0CDE","	Chamber1","	1","	B01??(?)","	5.3","	2026-07-24 17:37:01"
"	69BA0CDE","	Chamber1","	1","	B01??(%RH)","	83.7","	2026-07-24 17:36:59"
"	69BA0CDE","	Chamber1","	1","	B01??(?)","	5.3","	2026-07-24 17:36:59"
"	69BA0CDE","	Chamber1","	1","	B01??(%RH)","	83.7","	2026-07-24 17:36:57"
"	69BA0CDE","	Chamber1","	1","	B01??(?)","	5.3","	2026-07-24 17:36:57"
"	69BA0CDE","	Chamber1","	1","	B01??(%RH)","	83.6","	2026-07-24 17:36:55"
"	69BA0CDE","	Chamber1","	1","	B01??(?)","	5.3","	2026-07-24 17:36:55"
"	69BA0CDE","	Chamber1","	1","	B01??(%RH)","	83.7","	2026-07-24 17:36:53"
"	69BA0CDE","	Chamber1","	1","	B01??(?)","	5.3","	2026-07-24 17:36:53"
"	69BA0CDE","	Chamber1","	1","	B01??(%RH)","	83.7","	2026-07-24 17:36:51"
"	69BA0CDE","	Chamber1","	1","	B01??(?)","	5.3","	2026-07-24 17:36:51"
"	69BA0CDE","	Chamber1","	1","	B01??(%RH)","	83.7","	2026-07-24 17:36:49"
"	69BA0CDE","	Chamber1","	1","	B01??(?)","	5.3","	2026-07-24 17:36:49"
"	69BA0CDE","	Chamber1","	1","	B01??(%RH)","	83.6","	2026-07-24 17:36:47"
"	69BA0CDE","	Chamber1","	1","	B01??(?)","	5.3","	2026-07-24 17:36:47"
"	69BA0CDE","	Chamber1","	1","	B01??(%RH)","	83.7","	2026-07-24 17:36:45"
"	69BA0CDE","	Chamber1","	1","	B01??(?)","	5.3","	2026-07-24 17:36:45"
"	69BA0CDE","	Chamber1","	1","	B01??(%RH)","	83.6","	2026-07-24 17:36:43"
"	69BA0CDE","	Chamber1","	1","	B01??(?)","	5.3","	2026-07-24 17:36:43"
"	69BA0CDE","	Chamber1","	1","	B01??(%RH)","	83.7","	2026-07-24 17:36:41"
"	69BA0CDE","	Chamber1","	1","	B01??(?)","	5.3","	2026-07-24 17:36:41"
"	69BA0CDE","	Chamber1","	1","	B01??(%RH)","	83.7","	2026-07-24 17:36:39"
"	69BA0CDE","	Chamber1","	1","	B01??(?)","	5.4","	2026-07-24 17:36:39"
"	69BA0CDE","	Chamber1","	1","	B01??(%RH)","	83.7","	2026-07-24 17:36:37"
"	69BA0CDE","	Chamber1","	1","	B01??(?)","	5.3","	2026-07-24 17:36:37"
"	69BA0CDE","	Chamber1","	1","	B01??(%RH)","	83.6","	2026-07-24 17:36:35"
"	69BA0CDE","	Chamber1","	1","	B01??(?)","	5.3","	2026-07-24 17:36:35"
"	69BA0CDE","	Chamber1","	1","	B01??(%RH)","	83.6","	2026-07-24 17:36:33"
"	69BA0CDE","	Chamber1","	1","	B01??(?)","	5.3","	2026-07-24 17:36:33"
"	69BA0CDE","	Chamber1","	1","	B01??(%RH)","	83.7","	2026-07-24 17:36:31"
"	69BA0CDE","	Chamber1","	1","	B01??(?)","	5.3","	2026-07-24 17:36:31"
"	69BA0CDE","	Chamber1","	1","	B01??(%RH)","	83.7","	2026-07-24 17:36:29"
"	69BA0CDE","	Chamber1","	1","	B01??(?)","	5.3","	2026-07-24 17:36:29"
"	69BA0CDE","	Chamber1","	1","	B01??(%RH)","	83.7","	2026-07-24 17:36:26"
"	69BA0CDE","	Chamber1","	1","	B01??(?)","	5.3","	2026-07-24 17:36:26"
"	69BA0CDE","	Chamber1","	1","	B01??(%RH)","	83.7","	2026-07-24 17:36:24"
"	69BA0CDE","	Chamber1","	1","	B01??(?)","	5.3","	2026-07-24 17:36:24"
"	69BA0CDE","	Chamber1","	1","	B01??(%RH)","	83.7","	2026-07-24 17:36:22"
"	69BA0CDE","	Chamber1","	1","	B01??(?)","	5.3","	2026-07-24 17:36:22"
"	69BA0CDE","	Chamber1","	1","	B01??(%RH)","	83.7","	2026-07-24 17:36:20"
"	69BA0CDE","	Chamber1","	1","	B01??(?)","	5.3","	2026-07-24 17:36:20"
"	69BA0CDE","	Chamber1","	1","	B01??(%RH)","	83.6","	2026-07-24 17:36:18"
"	69BA0CDE","	Chamber1","	1","	B01??(?)","	5.3","	2026-07-24 17:36:18"
"	69BA0CDE","	Chamber1","	1","	B01??(%RH)","	83.6","	2026-07-24 17:36:16"
"	69BA0CDE","	Chamber1","	1","	B01??(?)","	5.3","	2026-07-24 17:36:16"
"	69BA0CDE","	Chamber1","	1","	B01??(%RH)","	83.6","	2026-07-24 17:36:14"
"	69BA0CDE","	Chamber1","	1","	B01??(?)","	5.3","	2026-07-24 17:36:14"
"	69BA0CDE","	Chamber1","	1","	B01??(%RH)","	83.7","	2026-07-24 17:36:12"
"	69BA0CDE","	Chamber1","	1","	B01??(?)","	5.3","	2026-07-24 17:36:12"
"	69BA0CDE","	Chamber1","	1","	B01??(%RH)","	83.7","	2026-07-24 17:36:10"
"	69BA0CDE","	Chamber1","	1","	B01??(?)","	5.3","	2026-07-24 17:36:10"
"	69BA0CDE","	Chamber1","	1","	B01??(%RH)","	83.7","	2026-07-24 17:36:08"
"	69BA0CDE","	Chamber1","	1","	B01??(?)","	5.3","	2026-07-24 17:36:08"
"	69BA0CDE","	Chamber1","	1","	B01??(%RH)","	83.7","	2026-07-24 17:36:06"
"	69BA0CDE","	Chamber1","	1","	B01??(?)","	5.3","	2026-07-24 17:36:06"
"	69BA0CDE","	Chamber1","	1","	B01??(%RH)","	83.7","	2026-07-24 17:36:04"
"	69BA0CDE","	Chamber1","	1","	B01??(?)","	5.3","	2026-07-24 17:36:04"
"	69BA0CDE","	Chamber1","	1","	B01??(%RH)","	83.6","	2026-07-24 17:36:02"
"	69BA0CDE","	Chamber1","	1","	B01??(?)","	5.3","	2026-07-24 17:36:02"
"	69BA0CDE","	Chamber1","	1","	B01??(%RH)","	83.7","	2026-07-24 17:36:00"
"	69BA0CDE","	Chamber1","	1","	B01??(?)","	5.3","	2026-07-24 17:36:00"
"	69BA0CDE","	Chamber1","	1","	B01??(%RH)","	83.6","	2026-07-24 17:35:58"
"	69BA0CDE","	Chamber1","	1","	B01??(?)","	5.3","	2026-07-24 17:35:58"
"	69BA0CDE","	Chamber1","	1","	B01??(%RH)","	83.6","	2026-07-24 17:35:56"
"	69BA0CDE","	Chamber1","	1","	B01??(?)","	5.3","	2026-07-24 17:35:56"
"	69BA0CDE","	Chamber1","	1","	B01??(%RH)","	83.7","	2026-07-24 17:35:54"
"	69BA0CDE","	Chamber1","	1","	B01??(?)","	5.3","	2026-07-24 17:35:54"
"	69BA0CDE","	Chamber1","	1","	B01??(%RH)","	83.6","	2026-07-24 17:35:52"
"	69BA0CDE","	Chamber1","	1","	B01??(?)","	5.3","	2026-07-24 17:35:52"
"	69BA0CDE","	Chamber1","	1","	B01??(%RH)","	83.6","	2026-07-24 17:35:50"
"	69BA0CDE","	Chamber1","	1","	B01??(?)","	5.3","	2026-07-24 17:35:50"
"	69BA0CDE","	Chamber1","	1","	B01??(%RH)","	83.7","	2026-07-24 17:35:48"
"	69BA0CDE","	Chamber1","	1","	B01??(?)","	5.3","	2026-07-24 17:35:48"
"	69BA0CDE","	Chamber1","	1","	B01??(%RH)","	83.6","	2026-07-24 17:35:45"
"	69BA0CDE","	Chamber1","	1","	B01??(?)","	5.3","	2026-07-24 17:35:45"
"	69BA0CDE","	Chamber1","	1","	B01??(%RH)","	83.6","	2026-07-24 17:35:43"
"	69BA0CDE","	Chamber1","	1","	B01??(?)","	5.3","	2026-07-24 17:35:43"
"	69BA0CDE","	Chamber1","	1","	B01??(%RH)","	83.7","	2026-07-24 17:35:41"
"	69BA0CDE","	Chamber1","	1","	B01??(?)","	5.3","	2026-07-24 17:35:41"
"	69BA0CDE","	Chamber1","	1","	B01??(%RH)","	83.7","	2026-07-24 17:35:39"
"	69BA0CDE","	Chamber1","	1","	B01??(?)","	5.3","	2026-07-24 17:35:39"
"	69BA0CDE","	Chamber1","	1","	B01??(%RH)","	83.6","	2026-07-24 17:35:37"
"	69BA0CDE","	Chamber1","	1","	B01??(?)","	5.3","	2026-07-24 17:35:37"
"	69BA0CDE","	Chamber1","	1","	B01??(%RH)","	83.6","	2026-07-24 17:35:35"
"	69BA0CDE","	Chamber1","	1","	B01??(?)","	5.3","	2026-07-24 17:35:35"
"	69BA0CDE","	Chamber1","	1","	B01??(%RH)","	83.6","	2026-07-24 17:35:33"
"	69BA0CDE","	Chamber1","	1","	B01??(?)","	5.3","	2026-07-24 17:35:33"
"	69BA0CDE","	Chamber1","	1","	B01??(%RH)","	83.6","	2026-07-24 17:35:31"
"	69BA0CDE","	Chamber1","	1","	B01??(?)","	5.3","	2026-07-24 17:35:31"
"	69BA0CDE","	Chamber1","	1","	B01??(%RH)","	83.6","	2026-07-24 17:35:29"
"	69BA0CDE","	Chamber1","	1","	B01??(?)","	5.3","	2026-07-24 17:35:29"
"	69BA0CDE","	Chamber1","	1","	B01??(%RH)","	83.6","	2026-07-24 17:35:27"
"	69BA0CDE","	Chamber1","	1","	B01??(?)","	5.3","	2026-07-24 17:35:27"
"	69BA0CDE","	Chamber1","	1","	B01??(%RH)","	83.7","	2026-07-24 17:35:25"
"	69BA0CDE","	Chamber1","	1","	B01??(?)","	5.3","	2026-07-24 17:35:25"
"	69BA0CDE","	Chamber1","	1","	B01??(%RH)","	83.6","	2026-07-24 17:35:23"
"	69BA0CDE","	Chamber1","	1","	B01??(?)","	5.3","	2026-07-24 17:35:23"
"	69BA0CDE","	Chamber1","	1","	B01??(%RH)","	83.6","	2026-07-24 17:35:21"
"	69BA0CDE","	Chamber1","	1","	B01??(?)","	5.3","	2026-07-24 17:35:21"
"	69BA0CDE","	Chamber1","	1","	B01??(%RH)","	83.6","	2026-07-24 17:35:19"
"	69BA0CDE","	Chamber1","	1","	B01??(?)","	5.3","	2026-07-24 17:35:19"
"	69BA0CDE","	Chamber1","	1","	B01??(%RH)","	83.6","	2026-07-24 17:35:17"
"	69BA0CDE","	Chamber1","	1","	B01??(?)","	5.3","	2026-07-24 17:35:17"
"	69BA0CDE","	Chamber1","	1","	B01??(%RH)","	83.6","	2026-07-24 17:35:15"
"	69BA0CDE","	Chamber1","	1","	B01??(?)","	5.3","	2026-07-24 17:35:15"
"	69BA0CDE","	Chamber1","	1","	B01??(%RH)","	83.6","	2026-07-24 17:35:13"
"	69BA0CDE","	Chamber1","	1","	B01??(?)","	5.3","	2026-07-24 17:35:13"
"	69BA0CDE","	Chamber1","	1","	B01??(%RH)","	83.6","	2026-07-24 17:35:11"
"	69BA0CDE","	Chamber1","	1","	B01??(?)","	5.3","	2026-07-24 17:35:11"
"	69BA0CDE","	Chamber1","	1","	B01??(%RH)","	83.6","	2026-07-24 17:35:09"
"	69BA0CDE","	Chamber1","	1","	B01??(?)","	5.3","	2026-07-24 17:35:09"
"	69BA0CDE","	Chamber1","	1","	B01??(%RH)","	83.6","	2026-07-24 17:35:07"
"	69BA0CDE","	Chamber1","	1","	B01??(?)","	5.3","	2026-07-24 17:35:07"
"	69BA0CDE","	Chamber1","	1","	B01??(%RH)","	83.6","	2026-07-24 17:35:05"
"	69BA0CDE","	Chamber1","	1","	B01??(?)","	5.3","	2026-07-24 17:35:05"
"	69BA0CDE","	Chamber1","	1","	B01??(%RH)","	83.6","	2026-07-24 17:35:02"
"	69BA0CDE","	Chamber1","	1","	B01??(?)","	5.3","	2026-07-24 17:35:02"
"	69BA0CDE","	Chamber1","	1","	B01??(%RH)","	83.6","	2026-07-24 17:35:00"
"	69BA0CDE","	Chamber1","	1","	B01??(?)","	5.3","	2026-07-24 17:35:00"
"	69BA0CDE","	Chamber1","	1","	B01??(%RH)","	83.6","	2026-07-24 17:34:58"
"	69BA0CDE","	Chamber1","	1","	B01??(?)","	5.3","	2026-07-24 17:34:58"
"	69BA0CDE","	Chamber1","	1","	B01??(%RH)","	83.6","	2026-07-24 17:34:56"
"	69BA0CDE","	Chamber1","	1","	B01??(?)","	5.3","	2026-07-24 17:34:56"
"	69BA0CDE","	Chamber1","	1","	B01??(%RH)","	83.6","	2026-07-24 17:34:54"
"	69BA0CDE","	Chamber1","	1","	B01??(?)","	5.3","	2026-07-24 17:34:54"
"	69BA0CDE","	Chamber1","	1","	B01??(%RH)","	83.6","	2026-07-24 17:34:52"
"	69BA0CDE","	Chamber1","	1","	B01??(?)","	5.3","	2026-07-24 17:34:52"
"	69BA0CDE","	Chamber1","	1","	B01??(%RH)","	83.6","	2026-07-24 17:34:50"
"	69BA0CDE","	Chamber1","	1","	B01??(?)","	5.3","	2026-07-24 17:34:50"
"	69BA0CDE","	Chamber1","	1","	B01??(%RH)","	83.6","	2026-07-24 17:34:48"
"	69BA0CDE","	Chamber1","	1","	B01??(?)","	5.3","	2026-07-24 17:34:48"
"	69BA0CDE","	Chamber1","	1","	B01??(%RH)","	83.6","	2026-07-24 17:34:46"
"	69BA0CDE","	Chamber1","	1","	B01??(?)","	5.3","	2026-07-24 17:34:46"
"	69BA0CDE","	Chamber1","	1","	B01??(%RH)","	83.6","	2026-07-24 17:34:44"
"	69BA0CDE","	Chamber1","	1","	B01??(?)","	5.3","	2026-07-24 17:34:44"
"	69BA0CDE","	Chamber1","	1","	B01??(%RH)","	83.6","	2026-07-24 17:34:42"
"	69BA0CDE","	Chamber1","	1","	B01??(?)","	5.3","	2026-07-24 17:34:42"
"	69BA0CDE","	Chamber1","	1","	B01??(%RH)","	83.6","	2026-07-24 17:34:40"
"	69BA0CDE","	Chamber1","	1","	B01??(?)","	5.3","	2026-07-24 17:34:40"
"	69BA0CDE","	Chamber1","	1","	B01??(%RH)","	83.6","	2026-07-24 17:34:38"
"	69BA0CDE","	Chamber1","	1","	B01??(?)","	5.3","	2026-07-24 17:34:38"
"	69BA0CDE","	Chamber1","	1","	B01??(%RH)","	83.6","	2026-07-24 17:34:36"
"	69BA0CDE","	Chamber1","	1","	B01??(?)","	5.3","	2026-07-24 17:34:36"
"	69BA0CDE","	Chamber1","	1","	B01??(%RH)","	83.6","	2026-07-24 17:34:34"
"	69BA0CDE","	Chamber1","	1","	B01??(?)","	5.3","	2026-07-24 17:34:34"
"	69BA0CDE","	Chamber1","	1","	B01??(%RH)","	83.6","	2026-07-24 17:34:32"
"	69BA0CDE","	Chamber1","	1","	B01??(?)","	5.3","	2026-07-24 17:34:32"
"	69BA0CDE","	Chamber1","	1","	B01??(%RH)","	83.6","	2026-07-24 17:34:30"
"	69BA0CDE","	Chamber1","	1","	B01??(?)","	5.3","	2026-07-24 17:34:30"
"	69BA0CDE","	Chamber1","	1","	B01??(%RH)","	83.6","	2026-07-24 17:34:28"
"	69BA0CDE","	Chamber1","	1","	B01??(?)","	5.3","	2026-07-24 17:34:28"
"	69BA0CDE","	Chamber1","	1","	B01??(%RH)","	83.6","	2026-07-24 17:34:26"
"	69BA0CDE","	Chamber1","	1","	B01??(?)","	5.3","	2026-07-24 17:34:26"
"	69BA0CDE","	Chamber1","	1","	B01??(%RH)","	83.6","	2026-07-24 17:34:24"
"	69BA0CDE","	Chamber1","	1","	B01??(?)","	5.3","	2026-07-24 17:34:24"
"	69BA0CDE","	Chamber1","	1","	B01??(%RH)","	83.6","	2026-07-24 17:34:22"
"	69BA0CDE","	Chamber1","	1","	B01??(?)","	5.3","	2026-07-24 17:34:22"
"	69BA0CDE","	Chamber1","	1","	B01??(%RH)","	83.6","	2026-07-24 17:34:20"
"	69BA0CDE","	Chamber1","	1","	B01??(?)","	5.3","	2026-07-24 17:34:20"
"	69BA0CDE","	Chamber1","	1","	B01??(%RH)","	83.6","	2026-07-24 17:34:17"
"	69BA0CDE","	Chamber1","	1","	B01??(?)","	5.3","	2026-07-24 17:34:17"
"	69BA0CDE","	Chamber1","	1","	B01??(%RH)","	83.6","	2026-07-24 17:34:15"
"	69BA0CDE","	Chamber1","	1","	B01??(?)","	5.3","	2026-07-24 17:34:15"
"	69BA0CDE","	Chamber1","	1","	B01??(%RH)","	83.6","	2026-07-24 17:34:13"
"	69BA0CDE","	Chamber1","	1","	B01??(?)","	5.3","	2026-07-24 17:34:13"
"	69BA0CDE","	Chamber1","	1","	B01??(%RH)","	83.6","	2026-07-24 17:34:11"
"	69BA0CDE","	Chamber1","	1","	B01??(?)","	5.3","	2026-07-24 17:34:11"
"	69BA0CDE","	Chamber1","	1","	B01??(%RH)","	83.6","	2026-07-24 17:34:09"
"	69BA0CDE","	Chamber1","	1","	B01??(?)","	5.3","	2026-07-24 17:34:09"
"	69BA0CDE","	Chamber1","	1","	B01??(%RH)","	83.6","	2026-07-24 17:34:07"
"	69BA0CDE","	Chamber1","	1","	B01??(?)","	5.3","	2026-07-24 17:34:07"
"	69BA0CDE","	Chamber1","	1","	B01??(%RH)","	83.6","	2026-07-24 17:34:05"
"	69BA0CDE","	Chamber1","	1","	B01??(?)","	5.3","	2026-07-24 17:34:05"
"	69BA0CDE","	Chamber1","	1","	B01??(%RH)","	83.6","	2026-07-24 17:34:03"
"	69BA0CDE","	Chamber1","	1","	B01??(?)","	5.3","	2026-07-24 17:34:03"
"	69BA0CDE","	Chamber1","	1","	B01??(%RH)","	83.6","	2026-07-24 17:34:01"
"	69BA0CDE","	Chamber1","	1","	B01??(?)","	5.3","	2026-07-24 17:34:01"
"	69BA0CDE","	Chamber1","	1","	B01??(%RH)","	83.6","	2026-07-24 17:33:59"
"	69BA0CDE","	Chamber1","	1","	B01??(?)","	5.3","	2026-07-24 17:33:59"
"	69BA0CDE","	Chamber1","	1","	B01??(%RH)","	83.6","	2026-07-24 17:33:57"
"	69BA0CDE","	Chamber1","	1","	B01??(?)","	5.3","	2026-07-24 17:33:57"
"	69BA0CDE","	Chamber1","	1","	B01??(%RH)","	83.6","	2026-07-24 17:33:55"
"	69BA0CDE","	Chamber1","	1","	B01??(?)","	5.3","	2026-07-24 17:33:55"
"	69BA0CDE","	Chamber1","	1","	B01??(%RH)","	83.6","	2026-07-24 17:33:53"
"	69BA0CDE","	Chamber1","	1","	B01??(?)","	5.3","	2026-07-24 17:33:53"
"	69BA0CDE","	Chamber1","	1","	B01??(%RH)","	83.6","	2026-07-24 17:33:51"
"	69BA0CDE","	Chamber1","	1","	B01??(?)","	5.3","	2026-07-24 17:33:51"
"	69BA0CDE","	Chamber1","	1","	B01??(%RH)","	83.6","	2026-07-24 17:33:49"
"	69BA0CDE","	Chamber1","	1","	B01??(?)","	5.3","	2026-07-24 17:33:49"
"	69BA0CDE","	Chamber1","	1","	B01??(%RH)","	83.6","	2026-07-24 17:33:47"
"	69BA0CDE","	Chamber1","	1","	B01??(?)","	5.3","	2026-07-24 17:33:47"
"	69BA0CDE","	Chamber1","	1","	B01??(%RH)","	83.6","	2026-07-24 17:33:45"
"	69BA0CDE","	Chamber1","	1","	B01??(?)","	5.3","	2026-07-24 17:33:45"
"	69BA0CDE","	Chamber1","	1","	B01??(%RH)","	83.6","	2026-07-24 17:33:43"
"	69BA0CDE","	Chamber1","	1","	B01??(?)","	5.3","	2026-07-24 17:33:43"
"	69BA0CDE","	Chamber1","	1","	B01??(%RH)","	83.6","	2026-07-24 17:33:41"
"	69BA0CDE","	Chamber1","	1","	B01??(?)","	5.3","	2026-07-24 17:33:41"
"	69BA0CDE","	Chamber1","	1","	B01??(%RH)","	83.6","	2026-07-24 17:33:39"
"	69BA0CDE","	Chamber1","	1","	B01??(?)","	5.3","	2026-07-24 17:33:39"
"	69BA0CDE","	Chamber1","	1","	B01??(%RH)","	83.6","	2026-07-24 17:33:37"
"	69BA0CDE","	Chamber1","	1","	B01??(?)","	5.3","	2026-07-24 17:33:37"
"	69BA0CDE","	Chamber1","	1","	B01??(%RH)","	83.6","	2026-07-24 17:33:35"
"	69BA0CDE","	Chamber1","	1","	B01??(?)","	5.3","	2026-07-24 17:33:35"
"	69BA0CDE","	Chamber1","	1","	B01??(%RH)","	83.6","	2026-07-24 17:33:32"
"	69BA0CDE","	Chamber1","	1","	B01??(?)","	5.3","	2026-07-24 17:33:32"
"	69BA0CDE","	Chamber1","	1","	B01??(%RH)","	83.6","	2026-07-24 17:33:30"
"	69BA0CDE","	Chamber1","	1","	B01??(?)","	5.3","	2026-07-24 17:33:30"
"	69BA0CDE","	Chamber1","	1","	B01??(%RH)","	83.6","	2026-07-24 17:33:28"
"	69BA0CDE","	Chamber1","	1","	B01??(?)","	5.3","	2026-07-24 17:33:28"
"	69BA0CDE","	Chamber1","	1","	B01??(%RH)","	83.6","	2026-07-24 17:33:26"
"	69BA0CDE","	Chamber1","	1","	B01??(?)","	5.3","	2026-07-24 17:33:26"
"	69BA0CDE","	Chamber1","	1","	B01??(%RH)","	83.6","	2026-07-24 17:33:24"
"	69BA0CDE","	Chamber1","	1","	B01??(?)","	5.3","	2026-07-24 17:33:24"
"	69BA0CDE","	Chamber1","	1","	B01??(%RH)","	83.6","	2026-07-24 17:33:22"
"	69BA0CDE","	Chamber1","	1","	B01??(?)","	5.3","	2026-07-24 17:33:22"
"	69BA0CDE","	Chamber1","	1","	B01??(%RH)","	83.5","	2026-07-24 17:33:20"
"	69BA0CDE","	Chamber1","	1","	B01??(?)","	5.3","	2026-07-24 17:33:20"
"	69BA0CDE","	Chamber1","	1","	B01??(%RH)","	83.6","	2026-07-24 17:33:18"
"	69BA0CDE","	Chamber1","	1","	B01??(?)","	5.3","	2026-07-24 17:33:18"
"	69BA0CDE","	Chamber1","	1","	B01??(%RH)","	83.6","	2026-07-24 17:33:16"
"	69BA0CDE","	Chamber1","	1","	B01??(?)","	5.3","	2026-07-24 17:33:16"
"	69BA0CDE","	Chamber1","	1","	B01??(%RH)","	83.6","	2026-07-24 17:33:14"
"	69BA0CDE","	Chamber1","	1","	B01??(?)","	5.3","	2026-07-24 17:33:14"
"	69BA0CDE","	Chamber1","	1","	B01??(%RH)","	83.6","	2026-07-24 17:33:12"
"	69BA0CDE","	Chamber1","	1","	B01??(?)","	5.3","	2026-07-24 17:33:12"
"	69BA0CDE","	Chamber1","	1","	B01??(%RH)","	83.6","	2026-07-24 17:33:10"
"	69BA0CDE","	Chamber1","	1","	B01??(?)","	5.3","	2026-07-24 17:33:10"
"	69BA0CDE","	Chamber1","	1","	B01??(%RH)","	83.5","	2026-07-24 17:33:08"
"	69BA0CDE","	Chamber1","	1","	B01??(?)","	5.3","	2026-07-24 17:33:08"
"	69BA0CDE","	Chamber1","	1","	B01??(%RH)","	83.5","	2026-07-24 17:33:06"
"	69BA0CDE","	Chamber1","	1","	B01??(?)","	5.3","	2026-07-24 17:33:06"
"	69BA0CDE","	Chamber1","	1","	B01??(%RH)","	83.5","	2026-07-24 17:33:04"
"	69BA0CDE","	Chamber1","	1","	B01??(?)","	5.3","	2026-07-24 17:33:04"
"	69BA0CDE","	Chamber1","	1","	B01??(%RH)","	83.5","	2026-07-24 17:33:02"
"	69BA0CDE","	Chamber1","	1","	B01??(?)","	5.3","	2026-07-24 17:33:02"
"	69BA0CDE","	Chamber1","	1","	B01??(%RH)","	83.6","	2026-07-24 17:33:00"
"	69BA0CDE","	Chamber1","	1","	B01??(?)","	5.3","	2026-07-24 17:33:00"
"	69BA0CDE","	Chamber1","	1","	B01??(%RH)","	83.6","	2026-07-24 17:32:58"
"	69BA0CDE","	Chamber1","	1","	B01??(?)","	5.3","	2026-07-24 17:32:58"
"	69BA0CDE","	Chamber1","	1","	B01??(%RH)","	83.5","	2026-07-24 17:32:56"
"	69BA0CDE","	Chamber1","	1","	B01??(?)","	5.3","	2026-07-24 17:32:56"
"	69BA0CDE","	Chamber1","	1","	B01??(%RH)","	83.5","	2026-07-24 17:32:54"
"	69BA0CDE","	Chamber1","	1","	B01??(?)","	5.3","	2026-07-24 17:32:54"
"	69BA0CDE","	Chamber1","	1","	B01??(%RH)","	83.5","	2026-07-24 17:32:52"
"	69BA0CDE","	Chamber1","	1","	B01??(?)","	5.3","	2026-07-24 17:32:52"
"	69BA0CDE","	Chamber1","	1","	B01??(%RH)","	83.5","	2026-07-24 17:32:49"
"	69BA0CDE","	Chamber1","	1","	B01??(?)","	5.3","	2026-07-24 17:32:49"
"	69BA0CDE","	Chamber1","	1","	B01??(%RH)","	83.6","	2026-07-24 17:32:47"
"	69BA0CDE","	Chamber1","	1","	B01??(?)","	5.3","	2026-07-24 17:32:47"
"	69BA0CDE","	Chamber1","	1","	B01??(%RH)","	83.5","	2026-07-24 17:32:45"
"	69BA0CDE","	Chamber1","	1","	B01??(?)","	5.3","	2026-07-24 17:32:45"
"	69BA0CDE","	Chamber1","	1","	B01??(%RH)","	83.5","	2026-07-24 17:32:43"
"	69BA0CDE","	Chamber1","	1","	B01??(?)","	5.3","	2026-07-24 17:32:43"
"	69BA0CDE","	Chamber1","	1","	B01??(%RH)","	83.5","	2026-07-24 17:32:41"
"	69BA0CDE","	Chamber1","	1","	B01??(?)","	5.3","	2026-07-24 17:32:41"
"	69BA0CDE","	Chamber1","	1","	B01??(%RH)","	83.5","	2026-07-24 17:32:39"
"	69BA0CDE","	Chamber1","	1","	B01??(?)","	5.3","	2026-07-24 17:32:39"
"	69BA0CDE","	Chamber1","	1","	B01??(%RH)","	83.5","	2026-07-24 17:32:37"
"	69BA0CDE","	Chamber1","	1","	B01??(?)","	5.3","	2026-07-24 17:32:37"
"	69BA0CDE","	Chamber1","	1","	B01??(%RH)","	83.5","	2026-07-24 17:32:35"
"	69BA0CDE","	Chamber1","	1","	B01??(?)","	5.3","	2026-07-24 17:32:35"
"	69BA0CDE","	Chamber1","	1","	B01??(%RH)","	83.5","	2026-07-24 17:32:33"
"	69BA0CDE","	Chamber1","	1","	B01??(?)","	5.3","	2026-07-24 17:32:33"
"	69BA0CDE","	Chamber1","	1","	B01??(%RH)","	83.5","	2026-07-24 17:32:31"
"	69BA0CDE","	Chamber1","	1","	B01??(?)","	5.3","	2026-07-24 17:32:31"
"	69BA0CDE","	Chamber1","	1","	B01??(%RH)","	83.5","	2026-07-24 17:32:29"
"	69BA0CDE","	Chamber1","	1","	B01??(?)","	5.3","	2026-07-24 17:32:29"
"	69BA0CDE","	Chamber1","	1","	B01??(%RH)","	83.5","	2026-07-24 17:32:27"
"	69BA0CDE","	Chamber1","	1","	B01??(?)","	5.3","	2026-07-24 17:32:27"
"	69BA0CDE","	Chamber1","	1","	B01??(%RH)","	83.5","	2026-07-24 17:32:25"
"	69BA0CDE","	Chamber1","	1","	B01??(?)","	5.3","	2026-07-24 17:32:25"
"	69BA0CDE","	Chamber1","	1","	B01??(%RH)","	83.5","	2026-07-24 17:32:23"
"	69BA0CDE","	Chamber1","	1","	B01??(?)","	5.3","	2026-07-24 17:32:23"
"	69BA0CDE","	Chamber1","	1","	B01??(%RH)","	83.5","	2026-07-24 17:32:21"
"	69BA0CDE","	Chamber1","	1","	B01??(?)","	5.3","	2026-07-24 17:32:21"
"	69BA0CDE","	Chamber1","	1","	B01??(%RH)","	83.6","	2026-07-24 17:32:19"
"	69BA0CDE","	Chamber1","	1","	B01??(?)","	5.3","	2026-07-24 17:32:19"
"	69BA0CDE","	Chamber1","	1","	B01??(%RH)","	83.5","	2026-07-24 17:32:17"
"	69BA0CDE","	Chamber1","	1","	B01??(?)","	5.3","	2026-07-24 17:32:17"
"	69BA0CDE","	Chamber1","	1","	B01??(%RH)","	83.5","	2026-07-24 17:32:15"
"	69BA0CDE","	Chamber1","	1","	B01??(?)","	5.3","	2026-07-24 17:32:15"
"	69BA0CDE","	Chamber1","	1","	B01??(%RH)","	83.5","	2026-07-24 17:32:13"
"	69BA0CDE","	Chamber1","	1","	B01??(?)","	5.3","	2026-07-24 17:32:13"
"	69BA0CDE","	Chamber1","	1","	B01??(%RH)","	83.5","	2026-07-24 17:32:11"
"	69BA0CDE","	Chamber1","	1","	B01??(?)","	5.3","	2026-07-24 17:32:11"
"	69BA0CDE","	Chamber1","	1","	B01??(%RH)","	83.5","	2026-07-24 17:32:09"
"	69BA0CDE","	Chamber1","	1","	B01??(?)","	5.3","	2026-07-24 17:32:09"
"	69BA0CDE","	Chamber1","	1","	B01??(%RH)","	83.5","	2026-07-24 17:32:07"
"	69BA0CDE","	Chamber1","	1","	B01??(?)","	5.3","	2026-07-24 17:32:07"
"	69BA0CDE","	Chamber1","	1","	B01??(%RH)","	83.5","	2026-07-24 17:32:04"
"	69BA0CDE","	Chamber1","	1","	B01??(?)","	5.3","	2026-07-24 17:32:04"
"	69BA0CDE","	Chamber1","	1","	B01??(%RH)","	83.5","	2026-07-24 17:32:02"
"	69BA0CDE","	Chamber1","	1","	B01??(?)","	5.3","	2026-07-24 17:32:02"
"	69BA0CDE","	Chamber1","	1","	B01??(%RH)","	83.5","	2026-07-24 17:32:00"
"	69BA0CDE","	Chamber1","	1","	B01??(?)","	5.3","	2026-07-24 17:32:00"
"	69BA0CDE","	Chamber1","	1","	B01??(%RH)","	83.5","	2026-07-24 17:31:58"
"	69BA0CDE","	Chamber1","	1","	B01??(?)","	5.3","	2026-07-24 17:31:58"
"	69BA0CDE","	Chamber1","	1","	B01??(%RH)","	83.5","	2026-07-24 17:31:56"
"	69BA0CDE","	Chamber1","	1","	B01??(?)","	5.3","	2026-07-24 17:31:56"
"	69BA0CDE","	Chamber1","	1","	B01??(%RH)","	83.5","	2026-07-24 17:31:54"
"	69BA0CDE","	Chamber1","	1","	B01??(?)","	5.3","	2026-07-24 17:31:54"
"	69BA0CDE","	Chamber1","	1","	B01??(%RH)","	83.5","	2026-07-24 17:31:52"
"	69BA0CDE","	Chamber1","	1","	B01??(?)","	5.3","	2026-07-24 17:31:52"
"	69BA0CDE","	Chamber1","	1","	B01??(%RH)","	83.5","	2026-07-24 17:31:50"
"	69BA0CDE","	Chamber1","	1","	B01??(?)","	5.3","	2026-07-24 17:31:50"
"	69BA0CDE","	Chamber1","	1","	B01??(%RH)","	83.5","	2026-07-24 17:31:48"
"	69BA0CDE","	Chamber1","	1","	B01??(?)","	5.3","	2026-07-24 17:31:48"
"	69BA0CDE","	Chamber1","	1","	B01??(%RH)","	83.5","	2026-07-24 17:31:46"
"	69BA0CDE","	Chamber1","	1","	B01??(?)","	5.3","	2026-07-24 17:31:46"
"	69BA0CDE","	Chamber1","	1","	B01??(%RH)","	83.5","	2026-07-24 17:31:44"
"	69BA0CDE","	Chamber1","	1","	B01??(?)","	5.3","	2026-07-24 17:31:44"
"	69BA0CDE","	Chamber1","	1","	B01??(%RH)","	83.5","	2026-07-24 17:31:42"
"	69BA0CDE","	Chamber1","	1","	B01??(?)","	5.3","	2026-07-24 17:31:42"
"	69BA0CDE","	Chamber1","	1","	B01??(%RH)","	83.5","	2026-07-24 17:31:40"
"	69BA0CDE","	Chamber1","	1","	B01??(?)","	5.3","	2026-07-24 17:31:40"
"	69BA0CDE","	Chamber1","	1","	B01??(%RH)","	83.5","	2026-07-24 17:31:38"
"	69BA0CDE","	Chamber1","	1","	B01??(?)","	5.3","	2026-07-24 17:31:38"
"	69BA0CDE","	Chamber1","	1","	B01??(%RH)","	83.5","	2026-07-24 17:31:36"
"	69BA0CDE","	Chamber1","	1","	B01??(?)","	5.3","	2026-07-24 17:31:36"
"	69BA0CDE","	Chamber1","	1","	B01??(%RH)","	83.5","	2026-07-24 17:31:34"
"	69BA0CDE","	Chamber1","	1","	B01??(?)","	5.3","	2026-07-24 17:31:34"
"	69BA0CDE","	Chamber1","	1","	B01??(%RH)","	83.5","	2026-07-24 17:31:32"
"	69BA0CDE","	Chamber1","	1","	B01??(?)","	5.3","	2026-07-24 17:31:32"
"	69BA0CDE","	Chamber1","	1","	B01??(%RH)","	83.5","	2026-07-24 17:31:30"
"	69BA0CDE","	Chamber1","	1","	B01??(?)","	5.3","	2026-07-24 17:31:30"
"	69BA0CDE","	Chamber1","	1","	B01??(%RH)","	83.5","	2026-07-24 17:31:28"
"	69BA0CDE","	Chamber1","	1","	B01??(?)","	5.3","	2026-07-24 17:31:28"
"	69BA0CDE","	Chamber1","	1","	B01??(%RH)","	83.5","	2026-07-24 17:31:26"
"	69BA0CDE","	Chamber1","	1","	B01??(?)","	5.3","	2026-07-24 17:31:26"
"	69BA0CDE","	Chamber1","	1","	B01??(%RH)","	83.5","	2026-07-24 17:31:24"
"	69BA0CDE","	Chamber1","	1","	B01??(?)","	5.3","	2026-07-24 17:31:24"
"	69BA0CDE","	Chamber1","	1","	B01??(%RH)","	83.5","	2026-07-24 17:31:22"
"	69BA0CDE","	Chamber1","	1","	B01??(?)","	5.3","	2026-07-24 17:31:22"
"	69BA0CDE","	Chamber1","	1","	B01??(%RH)","	83.5","	2026-07-24 17:31:19"
"	69BA0CDE","	Chamber1","	1","	B01??(?)","	5.3","	2026-07-24 17:31:19"
"	69BA0CDE","	Chamber1","	1","	B01??(%RH)","	83.5","	2026-07-24 17:31:17"
"	69BA0CDE","	Chamber1","	1","	B01??(?)","	5.3","	2026-07-24 17:31:17"
"	69BA0CDE","	Chamber1","	1","	B01??(%RH)","	83.5","	2026-07-24 17:31:15"
"	69BA0CDE","	Chamber1","	1","	B01??(?)","	5.3","	2026-07-24 17:31:15"
"	69BA0CDE","	Chamber1","	1","	B01??(%RH)","	83.5","	2026-07-24 17:31:13"
"	69BA0CDE","	Chamber1","	1","	B01??(?)","	5.3","	2026-07-24 17:31:13"
"	69BA0CDE","	Chamber1","	1","	B01??(%RH)","	83.5","	2026-07-24 17:31:11"
"	69BA0CDE","	Chamber1","	1","	B01??(?)","	5.3","	2026-07-24 17:31:11"
"	69BA0CDE","	Chamber1","	1","	B01??(%RH)","	83.5","	2026-07-24 17:31:09"
"	69BA0CDE","	Chamber1","	1","	B01??(?)","	5.3","	2026-07-24 17:31:09"
"	69BA0CDE","	Chamber1","	1","	B01??(%RH)","	83.5","	2026-07-24 17:31:07"
"	69BA0CDE","	Chamber1","	1","	B01??(?)","	5.3","	2026-07-24 17:31:07"
"	69BA0CDE","	Chamber1","	1","	B01??(%RH)","	83.5","	2026-07-24 17:31:05"
"	69BA0CDE","	Chamber1","	1","	B01??(?)","	5.3","	2026-07-24 17:31:05"
"	69BA0CDE","	Chamber1","	1","	B01??(%RH)","	83.5","	2026-07-24 17:31:03"
"	69BA0CDE","	Chamber1","	1","	B01??(?)","	5.3","	2026-07-24 17:31:03"
"	69BA0CDE","	Chamber1","	1","	B01??(%RH)","	83.5","	2026-07-24 17:31:01"
"	69BA0CDE","	Chamber1","	1","	B01??(?)","	5.3","	2026-07-24 17:31:01"
"	69BA0CDE","	Chamber1","	1","	B01??(%RH)","	83.5","	2026-07-24 17:30:59"
"	69BA0CDE","	Chamber1","	1","	B01??(?)","	5.3","	2026-07-24 17:30:59"
"	69BA0CDE","	Chamber1","	1","	B01??(%RH)","	83.5","	2026-07-24 17:30:57"
"	69BA0CDE","	Chamber1","	1","	B01??(?)","	5.3","	2026-07-24 17:30:57"
"	69BA0CDE","	Chamber1","	1","	B01??(%RH)","	83.5","	2026-07-24 17:30:55"
"	69BA0CDE","	Chamber1","	1","	B01??(?)","	5.3","	2026-07-24 17:30:55"
"	69BA0CDE","	Chamber1","	1","	B01??(%RH)","	83.5","	2026-07-24 17:30:53"
"	69BA0CDE","	Chamber1","	1","	B01??(?)","	5.3","	2026-07-24 17:30:53"
"	69BA0CDE","	Chamber1","	1","	B01??(%RH)","	83.5","	2026-07-24 17:30:51"
"	69BA0CDE","	Chamber1","	1","	B01??(?)","	5.3","	2026-07-24 17:30:51"
"	69BA0CDE","	Chamber1","	1","	B01??(%RH)","	83.5","	2026-07-24 17:30:49"
"	69BA0CDE","	Chamber1","	1","	B01??(?)","	5.3","	2026-07-24 17:30:49"
"	69BA0CDE","	Chamber1","	1","	B01??(%RH)","	83.5","	2026-07-24 17:30:47"
"	69BA0CDE","	Chamber1","	1","	B01??(?)","	5.3","	2026-07-24 17:30:47"
"	69BA0CDE","	Chamber1","	1","	B01??(%RH)","	83.5","	2026-07-24 17:30:45"
"	69BA0CDE","	Chamber1","	1","	B01??(?)","	5.3","	2026-07-24 17:30:45"
"	69BA0CDE","	Chamber1","	1","	B01??(%RH)","	83.5","	2026-07-24 17:30:43"
"	69BA0CDE","	Chamber1","	1","	B01??(?)","	5.3","	2026-07-24 17:30:43"
"	69BA0CDE","	Chamber1","	1","	B01??(%RH)","	83.5","	2026-07-24 17:30:41"
"	69BA0CDE","	Chamber1","	1","	B01??(?)","	5.3","	2026-07-24 17:30:41"
"	69BA0CDE","	Chamber1","	1","	B01??(%RH)","	83.5","	2026-07-24 17:30:39"
"	69BA0CDE","	Chamber1","	1","	B01??(?)","	5.3","	2026-07-24 17:30:39"
"	69BA0CDE","	Chamber1","	1","	B01??(%RH)","	83.5","	2026-07-24 17:30:36"
"	69BA0CDE","	Chamber1","	1","	B01??(?)","	5.3","	2026-07-24 17:30:36"
"	69BA0CDE","	Chamber1","	1","	B01??(%RH)","	83.5","	2026-07-24 17:30:34"
"	69BA0CDE","	Chamber1","	1","	B01??(?)","	5.3","	2026-07-24 17:30:34"
"	69BA0CDE","	Chamber1","	1","	B01??(%RH)","	83.5","	2026-07-24 17:30:32"
"	69BA0CDE","	Chamber1","	1","	B01??(?)","	5.3","	2026-07-24 17:30:32"
"	69BA0CDE","	Chamber1","	1","	B01??(%RH)","	83.5","	2026-07-24 17:30:30"
"	69BA0CDE","	Chamber1","	1","	B01??(?)","	5.3","	2026-07-24 17:30:30"
"	69BA0CDE","	Chamber1","	1","	B01??(%RH)","	83.5","	2026-07-24 17:30:28"
"	69BA0CDE","	Chamber1","	1","	B01??(?)","	5.3","	2026-07-24 17:30:28"
"	69BA0CDE","	Chamber1","	1","	B01??(%RH)","	83.5","	2026-07-24 17:30:26"
"	69BA0CDE","	Chamber1","	1","	B01??(?)","	5.3","	2026-07-24 17:30:26"
"	69BA0CDE","	Chamber1","	1","	B01??(%RH)","	83.5","	2026-07-24 17:30:24"
"	69BA0CDE","	Chamber1","	1","	B01??(?)","	5.3","	2026-07-24 17:30:24"
"	69BA0CDE","	Chamber1","	1","	B01??(%RH)","	83.5","	2026-07-24 17:30:22"
"	69BA0CDE","	Chamber1","	1","	B01??(?)","	5.3","	2026-07-24 17:30:22"
"	69BA0CDE","	Chamber1","	1","	B01??(%RH)","	83.5","	2026-07-24 17:30:20"
"	69BA0CDE","	Chamber1","	1","	B01??(?)","	5.3","	2026-07-24 17:30:20"
"	69BA0CDE","	Chamber1","	1","	B01??(%RH)","	83.5","	2026-07-24 17:30:18"
"	69BA0CDE","	Chamber1","	1","	B01??(?)","	5.3","	2026-07-24 17:30:18"
"	69BA0CDE","	Chamber1","	1","	B01??(%RH)","	83.5","	2026-07-24 17:30:16"
"	69BA0CDE","	Chamber1","	1","	B01??(?)","	5.3","	2026-07-24 17:30:16"
"	69BA0CDE","	Chamber1","	1","	B01??(%RH)","	83.5","	2026-07-24 17:30:14"
"	69BA0CDE","	Chamber1","	1","	B01??(?)","	5.3","	2026-07-24 17:30:14"
"	69BA0CDE","	Chamber1","	1","	B01??(%RH)","	83.5","	2026-07-24 17:30:12"
"	69BA0CDE","	Chamber1","	1","	B01??(?)","	5.3","	2026-07-24 17:30:12"
"	69BA0CDE","	Chamber1","	1","	B01??(%RH)","	83.5","	2026-07-24 17:30:10"
"	69BA0CDE","	Chamber1","	1","	B01??(?)","	5.3","	2026-07-24 17:30:10"
"	69BA0CDE","	Chamber1","	1","	B01??(%RH)","	83.4","	2026-07-24 17:30:08"
"	69BA0CDE","	Chamber1","	1","	B01??(?)","	5.3","	2026-07-24 17:30:08"
"	69BA0CDE","	Chamber1","	1","	B01??(%RH)","	83.5","	2026-07-24 17:30:06"
"	69BA0CDE","	Chamber1","	1","	B01??(?)","	5.3","	2026-07-24 17:30:06"
"	69BA0CDE","	Chamber1","	1","	B01??(%RH)","	83.5","	2026-07-24 17:30:04"
"	69BA0CDE","	Chamber1","	1","	B01??(?)","	5.3","	2026-07-24 17:30:04"
"	69BA0CDE","	Chamber1","	1","	B01??(%RH)","	83.5","	2026-07-24 17:30:02"
"	69BA0CDE","	Chamber1","	1","	B01??(?)","	5.3","	2026-07-24 17:30:02"
"	69BA0CDE","	Chamber1","	1","	B01??(%RH)","	83.4","	2026-07-24 17:30:00"
"	69BA0CDE","	Chamber1","	1","	B01??(?)","	5.3","	2026-07-24 17:30:00"
"	69BA0CDE","	Chamber1","	1","	B01??(%RH)","	83.5","	2026-07-24 17:29:58"
"	69BA0CDE","	Chamber1","	1","	B01??(?)","	5.3","	2026-07-24 17:29:58"
"	69BA0CDE","	Chamber1","	1","	B01??(%RH)","	83.5","	2026-07-24 17:29:56"
"	69BA0CDE","	Chamber1","	1","	B01??(?)","	5.3","	2026-07-24 17:29:56"
"	69BA0CDE","	Chamber1","	1","	B01??(%RH)","	83.5","	2026-07-24 17:29:53"
"	69BA0CDE","	Chamber1","	1","	B01??(?)","	5.3","	2026-07-24 17:29:53"
"	69BA0CDE","	Chamber1","	1","	B01??(%RH)","	83.5","	2026-07-24 17:29:51"
"	69BA0CDE","	Chamber1","	1","	B01??(?)","	5.3","	2026-07-24 17:29:51"
"	69BA0CDE","	Chamber1","	1","	B01??(%RH)","	83.4","	2026-07-24 17:29:49"
"	69BA0CDE","	Chamber1","	1","	B01??(?)","	5.3","	2026-07-24 17:29:49"
"	69BA0CDE","	Chamber1","	1","	B01??(%RH)","	83.5","	2026-07-24 17:29:47"
"	69BA0CDE","	Chamber1","	1","	B01??(?)","	5.3","	2026-07-24 17:29:47"
"	69BA0CDE","	Chamber1","	1","	B01??(%RH)","	83.5","	2026-07-24 17:29:45"
"	69BA0CDE","	Chamber1","	1","	B01??(?)","	5.3","	2026-07-24 17:29:45"
"	69BA0CDE","	Chamber1","	1","	B01??(%RH)","	83.4","	2026-07-24 17:29:43"
"	69BA0CDE","	Chamber1","	1","	B01??(?)","	5.3","	2026-07-24 17:29:43"
"	69BA0CDE","	Chamber1","	1","	B01??(%RH)","	83.5","	2026-07-24 17:29:41"
"	69BA0CDE","	Chamber1","	1","	B01??(?)","	5.3","	2026-07-24 17:29:41"
"	69BA0CDE","	Chamber1","	1","	B01??(%RH)","	83.5","	2026-07-24 17:29:39"
"	69BA0CDE","	Chamber1","	1","	B01??(?)","	5.3","	2026-07-24 17:29:39"
"	69BA0CDE","	Chamber1","	1","	B01??(%RH)","	83.5","	2026-07-24 17:29:37"
"	69BA0CDE","	Chamber1","	1","	B01??(?)","	5.3","	2026-07-24 17:29:37"
"	69BA0CDE","	Chamber1","	1","	B01??(%RH)","	83.4","	2026-07-24 17:29:35"
"	69BA0CDE","	Chamber1","	1","	B01??(?)","	5.3","	2026-07-24 17:29:35"
"	69BA0CDE","	Chamber1","	1","	B01??(%RH)","	83.5","	2026-07-24 17:29:33"
"	69BA0CDE","	Chamber1","	1","	B01??(?)","	5.3","	2026-07-24 17:29:33"
"	69BA0CDE","	Chamber1","	1","	B01??(%RH)","	83.4","	2026-07-24 17:29:31"
"	69BA0CDE","	Chamber1","	1","	B01??(?)","	5.3","	2026-07-24 17:29:31"
"	69BA0CDE","	Chamber1","	1","	B01??(%RH)","	83.5","	2026-07-24 17:29:29"
"	69BA0CDE","	Chamber1","	1","	B01??(?)","	5.3","	2026-07-24 17:29:29"
"	69BA0CDE","	Chamber1","	1","	B01??(%RH)","	83.5","	2026-07-24 17:29:27"
"	69BA0CDE","	Chamber1","	1","	B01??(?)","	5.3","	2026-07-24 17:29:27"
"	69BA0CDE","	Chamber1","	1","	B01??(%RH)","	83.5","	2026-07-24 17:29:25"
"	69BA0CDE","	Chamber1","	1","	B01??(?)","	5.3","	2026-07-24 17:29:25"
"	69BA0CDE","	Chamber1","	1","	B01??(%RH)","	83.4","	2026-07-24 17:29:23"
"	69BA0CDE","	Chamber1","	1","	B01??(?)","	5.3","	2026-07-24 17:29:23"
"	69BA0CDE","	Chamber1","	1","	B01??(%RH)","	83.5","	2026-07-24 17:29:21"
"	69BA0CDE","	Chamber1","	1","	B01??(?)","	5.3","	2026-07-24 17:29:21"
"	69BA0CDE","	Chamber1","	1","	B01??(%RH)","	83.5","	2026-07-24 17:29:19"
"	69BA0CDE","	Chamber1","	1","	B01??(?)","	5.3","	2026-07-24 17:29:19"
"	69BA0CDE","	Chamber1","	1","	B01??(%RH)","	83.4","	2026-07-24 17:29:17"
"	69BA0CDE","	Chamber1","	1","	B01??(?)","	5.3","	2026-07-24 17:29:17"
"	69BA0CDE","	Chamber1","	1","	B01??(%RH)","	83.5","	2026-07-24 17:29:15"
"	69BA0CDE","	Chamber1","	1","	B01??(?)","	5.3","	2026-07-24 17:29:15"
"	69BA0CDE","	Chamber1","	1","	B01??(%RH)","	83.5","	2026-07-24 17:29:13"
"	69BA0CDE","	Chamber1","	1","	B01??(?)","	5.3","	2026-07-24 17:29:13"
"	69BA0CDE","	Chamber1","	1","	B01??(%RH)","	83.5","	2026-07-24 17:29:11"
"	69BA0CDE","	Chamber1","	1","	B01??(?)","	5.3","	2026-07-24 17:29:11"
"	69BA0CDE","	Chamber1","	1","	B01??(%RH)","	83.4","	2026-07-24 17:29:08"
"	69BA0CDE","	Chamber1","	1","	B01??(?)","	5.3","	2026-07-24 17:29:08"
"	69BA0CDE","	Chamber1","	1","	B01??(%RH)","	83.4","	2026-07-24 17:29:06"
"	69BA0CDE","	Chamber1","	1","	B01??(?)","	5.3","	2026-07-24 17:29:06"
"	69BA0CDE","	Chamber1","	1","	B01??(%RH)","	83.4","	2026-07-24 17:29:04"
"	69BA0CDE","	Chamber1","	1","	B01??(?)","	5.3","	2026-07-24 17:29:04"
"	69BA0CDE","	Chamber1","	1","	B01??(%RH)","	83.5","	2026-07-24 17:29:02"
"	69BA0CDE","	Chamber1","	1","	B01??(?)","	5.3","	2026-07-24 17:29:02"
"	69BA0CDE","	Chamber1","	1","	B01??(%RH)","	83.5","	2026-07-24 17:29:00"
"	69BA0CDE","	Chamber1","	1","	B01??(?)","	5.3","	2026-07-24 17:29:00"
"	69BA0CDE","	Chamber1","	1","	B01??(%RH)","	83.4","	2026-07-24 17:28:58"
"	69BA0CDE","	Chamber1","	1","	B01??(?)","	5.3","	2026-07-24 17:28:58"
"	69BA0CDE","	Chamber1","	1","	B01??(%RH)","	83.5","	2026-07-24 17:28:56"
"	69BA0CDE","	Chamber1","	1","	B01??(?)","	5.3","	2026-07-24 17:28:56"
"	69BA0CDE","	Chamber1","	1","	B01??(%RH)","	83.5","	2026-07-24 17:28:54"
"	69BA0CDE","	Chamber1","	1","	B01??(?)","	5.3","	2026-07-24 17:28:54"
"	69BA0CDE","	Chamber1","	1","	B01??(%RH)","	83.5","	2026-07-24 17:28:52"
"	69BA0CDE","	Chamber1","	1","	B01??(?)","	5.3","	2026-07-24 17:28:52"
"	69BA0CDE","	Chamber1","	1","	B01??(%RH)","	83.4","	2026-07-24 17:28:50"
"	69BA0CDE","	Chamber1","	1","	B01??(?)","	5.3","	2026-07-24 17:28:50"
"	69BA0CDE","	Chamber1","	1","	B01??(%RH)","	83.4","	2026-07-24 17:28:48"
"	69BA0CDE","	Chamber1","	1","	B01??(?)","	5.3","	2026-07-24 17:28:48"
"	69BA0CDE","	Chamber1","	1","	B01??(%RH)","	83.4","	2026-07-24 17:28:46"
"	69BA0CDE","	Chamber1","	1","	B01??(?)","	5.3","	2026-07-24 17:28:46"
"	69BA0CDE","	Chamber1","	1","	B01??(%RH)","	83.4","	2026-07-24 17:28:44"
"	69BA0CDE","	Chamber1","	1","	B01??(?)","	5.3","	2026-07-24 17:28:44"
"	69BA0CDE","	Chamber1","	1","	B01??(%RH)","	83.4","	2026-07-24 17:28:42"
"	69BA0CDE","	Chamber1","	1","	B01??(?)","	5.3","	2026-07-24 17:28:42"
"	69BA0CDE","	Chamber1","	1","	B01??(%RH)","	83.5","	2026-07-24 17:28:40"
"	69BA0CDE","	Chamber1","	1","	B01??(?)","	5.3","	2026-07-24 17:28:40"
"	69BA0CDE","	Chamber1","	1","	B01??(%RH)","	83.4","	2026-07-24 17:28:38"
"	69BA0CDE","	Chamber1","	1","	B01??(?)","	5.3","	2026-07-24 17:28:38"
"	69BA0CDE","	Chamber1","	1","	B01??(%RH)","	83.5","	2026-07-24 17:28:36"
"	69BA0CDE","	Chamber1","	1","	B01??(?)","	5.3","	2026-07-24 17:28:36"
"	69BA0CDE","	Chamber1","	1","	B01??(%RH)","	83.4","	2026-07-24 17:28:34"
"	69BA0CDE","	Chamber1","	1","	B01??(?)","	5.3","	2026-07-24 17:28:34"
"	69BA0CDE","	Chamber1","	1","	B01??(%RH)","	83.5","	2026-07-24 17:28:32"
"	69BA0CDE","	Chamber1","	1","	B01??(?)","	5.3","	2026-07-24 17:28:32"
"	69BA0CDE","	Chamber1","	1","	B01??(%RH)","	83.4","	2026-07-24 17:28:30"
"	69BA0CDE","	Chamber1","	1","	B01??(?)","	5.3","	2026-07-24 17:28:30"
"	69BA0CDE","	Chamber1","	1","	B01??(%RH)","	83.4","	2026-07-24 17:28:28"
"	69BA0CDE","	Chamber1","	1","	B01??(?)","	5.3","	2026-07-24 17:28:28"
"	69BA0CDE","	Chamber1","	1","	B01??(%RH)","	83.4","	2026-07-24 17:28:25"
"	69BA0CDE","	Chamber1","	1","	B01??(?)","	5.3","	2026-07-24 17:28:25"
"	69BA0CDE","	Chamber1","	1","	B01??(%RH)","	83.4","	2026-07-24 17:28:23"
"	69BA0CDE","	Chamber1","	1","	B01??(?)","	5.3","	2026-07-24 17:28:23"
"	69BA0CDE","	Chamber1","	1","	B01??(%RH)","	83.4","	2026-07-24 17:28:21"
"	69BA0CDE","	Chamber1","	1","	B01??(?)","	5.3","	2026-07-24 17:28:21"
"	69BA0CDE","	Chamber1","	1","	B01??(%RH)","	83.4","	2026-07-24 17:28:19"
"	69BA0CDE","	Chamber1","	1","	B01??(?)","	5.3","	2026-07-24 17:28:19"
"	69BA0CDE","	Chamber1","	1","	B01??(%RH)","	83.4","	2026-07-24 17:28:17"
"	69BA0CDE","	Chamber1","	1","	B01??(?)","	5.3","	2026-07-24 17:28:17"
"	69BA0CDE","	Chamber1","	1","	B01??(%RH)","	83.4","	2026-07-24 17:28:15"
"	69BA0CDE","	Chamber1","	1","	B01??(?)","	5.3","	2026-07-24 17:28:15"
"	69BA0CDE","	Chamber1","	1","	B01??(%RH)","	83.4","	2026-07-24 17:28:13"
"	69BA0CDE","	Chamber1","	1","	B01??(?)","	5.2","	2026-07-24 17:28:13"
"	69BA0CDE","	Chamber1","	1","	B01??(%RH)","	83.4","	2026-07-24 17:28:11"
"	69BA0CDE","	Chamber1","	1","	B01??(?)","	5.2","	2026-07-24 17:28:11"
"	69BA0CDE","	Chamber1","	1","	B01??(%RH)","	83.4","	2026-07-24 17:28:09"
"	69BA0CDE","	Chamber1","	1","	B01??(?)","	5.3","	2026-07-24 17:28:09"
"	69BA0CDE","	Chamber1","	1","	B01??(%RH)","	83.4","	2026-07-24 17:28:07"
"	69BA0CDE","	Chamber1","	1","	B01??(?)","	5.3","	2026-07-24 17:28:07"
"	69BA0CDE","	Chamber1","	1","	B01??(%RH)","	83.4","	2026-07-24 17:28:05"
"	69BA0CDE","	Chamber1","	1","	B01??(?)","	5.3","	2026-07-24 17:28:05"
"	69BA0CDE","	Chamber1","	1","	B01??(%RH)","	83.4","	2026-07-24 17:28:03"
"	69BA0CDE","	Chamber1","	1","	B01??(?)","	5.3","	2026-07-24 17:28:03"
"	69BA0CDE","	Chamber1","	1","	B01??(%RH)","	83.4","	2026-07-24 17:28:01"
"	69BA0CDE","	Chamber1","	1","	B01??(?)","	5.3","	2026-07-24 17:28:01"
"	69BA0CDE","	Chamber1","	1","	B01??(%RH)","	83.4","	2026-07-24 17:27:59"
"	69BA0CDE","	Chamber1","	1","	B01??(?)","	5.3","	2026-07-24 17:27:59"
"	69BA0CDE","	Chamber1","	1","	B01??(%RH)","	83.4","	2026-07-24 17:27:57"
"	69BA0CDE","	Chamber1","	1","	B01??(?)","	5.2","	2026-07-24 17:27:57"
"	69BA0CDE","	Chamber1","	1","	B01??(%RH)","	83.4","	2026-07-24 17:27:55"
"	69BA0CDE","	Chamber1","	1","	B01??(?)","	5.2","	2026-07-24 17:27:55"
"	69BA0CDE","	Chamber1","	1","	B01??(%RH)","	83.4","	2026-07-24 17:27:53"
"	69BA0CDE","	Chamber1","	1","	B01??(?)","	5.3","	2026-07-24 17:27:53"
"	69BA0CDE","	Chamber1","	1","	B01??(%RH)","	83.4","	2026-07-24 17:27:51"
"	69BA0CDE","	Chamber1","	1","	B01??(?)","	5.3","	2026-07-24 17:27:51"
"	69BA0CDE","	Chamber1","	1","	B01??(%RH)","	83.4","	2026-07-24 17:27:49"
"	69BA0CDE","	Chamber1","	1","	B01??(?)","	5.3","	2026-07-24 17:27:49"
"	69BA0CDE","	Chamber1","	1","	B01??(%RH)","	83.4","	2026-07-24 17:27:47"
"	69BA0CDE","	Chamber1","	1","	B01??(?)","	5.3","	2026-07-24 17:27:47"
"	69BA0CDE","	Chamber1","	1","	B01??(%RH)","	83.4","	2026-07-24 17:27:45"
"	69BA0CDE","	Chamber1","	1","	B01??(?)","	5.3","	2026-07-24 17:27:45"
"	69BA0CDE","	Chamber1","	1","	B01??(%RH)","	83.4","	2026-07-24 17:27:42"
"	69BA0CDE","	Chamber1","	1","	B01??(?)","	5.3","	2026-07-24 17:27:42"
"	69BA0CDE","	Chamber1","	1","	B01??(%RH)","	83.4","	2026-07-24 17:27:40"
"	69BA0CDE","	Chamber1","	1","	B01??(?)","	5.2","	2026-07-24 17:27:40"
"	69BA0CDE","	Chamber1","	1","	B01??(%RH)","	83.4","	2026-07-24 17:27:38"
"	69BA0CDE","	Chamber1","	1","	B01??(?)","	5.3","	2026-07-24 17:27:38"
"	69BA0CDE","	Chamber1","	1","	B01??(%RH)","	83.4","	2026-07-24 17:27:36"
"	69BA0CDE","	Chamber1","	1","	B01??(?)","	5.3","	2026-07-24 17:27:36"
"	69BA0CDE","	Chamber1","	1","	B01??(%RH)","	83.4","	2026-07-24 17:27:34"
"	69BA0CDE","	Chamber1","	1","	B01??(?)","	5.3","	2026-07-24 17:27:34"
"	69BA0CDE","	Chamber1","	1","	B01??(%RH)","	83.4","	2026-07-24 17:27:32"
"	69BA0CDE","	Chamber1","	1","	B01??(?)","	5.3","	2026-07-24 17:27:32"
"	69BA0CDE","	Chamber1","	1","	B01??(%RH)","	83.4","	2026-07-24 17:27:30"
"	69BA0CDE","	Chamber1","	1","	B01??(?)","	5.3","	2026-07-24 17:27:30"
"	69BA0CDE","	Chamber1","	1","	B01??(%RH)","	83.4","	2026-07-24 17:27:28"
"	69BA0CDE","	Chamber1","	1","	B01??(?)","	5.3","	2026-07-24 17:27:28"
"	69BA0CDE","	Chamber1","	1","	B01??(%RH)","	83.4","	2026-07-24 17:27:26"
"	69BA0CDE","	Chamber1","	1","	B01??(?)","	5.3","	2026-07-24 17:27:26"
"	69BA0CDE","	Chamber1","	1","	B01??(%RH)","	83.4","	2026-07-24 17:27:24"
"	69BA0CDE","	Chamber1","	1","	B01??(?)","	5.3","	2026-07-24 17:27:24"
"	69BA0CDE","	Chamber1","	1","	B01??(%RH)","	83.4","	2026-07-24 17:27:22"
"	69BA0CDE","	Chamber1","	1","	B01??(?)","	5.3","	2026-07-24 17:27:22"
"	69BA0CDE","	Chamber1","	1","	B01??(%RH)","	83.4","	2026-07-24 17:27:20"
"	69BA0CDE","	Chamber1","	1","	B01??(?)","	5.3","	2026-07-24 17:27:20"
"	69BA0CDE","	Chamber1","	1","	B01??(%RH)","	83.4","	2026-07-24 17:27:18"
"	69BA0CDE","	Chamber1","	1","	B01??(?)","	5.3","	2026-07-24 17:27:18"
"	69BA0CDE","	Chamber1","	1","	B01??(%RH)","	83.4","	2026-07-24 17:27:16"
"	69BA0CDE","	Chamber1","	1","	B01??(?)","	5.2","	2026-07-24 17:27:16"
"	69BA0CDE","	Chamber1","	1","	B01??(%RH)","	83.4","	2026-07-24 17:27:14"
"	69BA0CDE","	Chamber1","	1","	B01??(?)","	5.3","	2026-07-24 17:27:14"
"	69BA0CDE","	Chamber1","	1","	B01??(%RH)","	83.4","	2026-07-24 17:27:12"
"	69BA0CDE","	Chamber1","	1","	B01??(?)","	5.3","	2026-07-24 17:27:12"
"	69BA0CDE","	Chamber1","	1","	B01??(%RH)","	83.4","	2026-07-24 17:27:10"
"	69BA0CDE","	Chamber1","	1","	B01??(?)","	5.3","	2026-07-24 17:27:10"
"	69BA0CDE","	Chamber1","	1","	B01??(%RH)","	83.4","	2026-07-24 17:27:08"
"	69BA0CDE","	Chamber1","	1","	B01??(?)","	5.3","	2026-07-24 17:27:08"
"	69BA0CDE","	Chamber1","	1","	B01??(%RH)","	83.4","	2026-07-24 17:27:06"
"	69BA0CDE","	Chamber1","	1","	B01??(?)","	5.3","	2026-07-24 17:27:06"
"	69BA0CDE","	Chamber1","	1","	B01??(%RH)","	83.4","	2026-07-24 17:27:04"
"	69BA0CDE","	Chamber1","	1","	B01??(?)","	5.2","	2026-07-24 17:27:04"
"	69BA0CDE","	Chamber1","	1","	B01??(%RH)","	83.4","	2026-07-24 17:27:02"
"	69BA0CDE","	Chamber1","	1","	B01??(?)","	5.3","	2026-07-24 17:27:02"
"	69BA0CDE","	Chamber1","	1","	B01??(%RH)","	83.4","	2026-07-24 17:26:59"
"	69BA0CDE","	Chamber1","	1","	B01??(?)","	5.3","	2026-07-24 17:26:59"
"	69BA0CDE","	Chamber1","	1","	B01??(%RH)","	83.4","	2026-07-24 17:26:57"
"	69BA0CDE","	Chamber1","	1","	B01??(?)","	5.3","	2026-07-24 17:26:57"
"	69BA0CDE","	Chamber1","	1","	B01??(%RH)","	83.4","	2026-07-24 17:26:55"
"	69BA0CDE","	Chamber1","	1","	B01??(?)","	5.3","	2026-07-24 17:26:55"
"	69BA0CDE","	Chamber1","	1","	B01??(%RH)","	83.4","	2026-07-24 17:26:53"
"	69BA0CDE","	Chamber1","	1","	B01??(?)","	5.3","	2026-07-24 17:26:53"
"	69BA0CDE","	Chamber1","	1","	B01??(%RH)","	83.4","	2026-07-24 17:26:51"
"	69BA0CDE","	Chamber1","	1","	B01??(?)","	5.3","	2026-07-24 17:26:51"
"	69BA0CDE","	Chamber1","	1","	B01??(%RH)","	83.4","	2026-07-24 17:26:49"
"	69BA0CDE","	Chamber1","	1","	B01??(?)","	5.2","	2026-07-24 17:26:49"
"	69BA0CDE","	Chamber1","	1","	B01??(%RH)","	83.3","	2026-07-24 17:26:47"
"	69BA0CDE","	Chamber1","	1","	B01??(?)","	5.2","	2026-07-24 17:26:47"
"	69BA0CDE","	Chamber1","	1","	B01??(%RH)","	83.4","	2026-07-24 17:26:45"
"	69BA0CDE","	Chamber1","	1","	B01??(?)","	5.2","	2026-07-24 17:26:45"
"	69BA0CDE","	Chamber1","	1","	B01??(%RH)","	83.3","	2026-07-24 17:26:43"
"	69BA0CDE","	Chamber1","	1","	B01??(?)","	5.3","	2026-07-24 17:26:43"
"	69BA0CDE","	Chamber1","	1","	B01??(%RH)","	83.4","	2026-07-24 17:26:41"
"	69BA0CDE","	Chamber1","	1","	B01??(?)","	5.3","	2026-07-24 17:26:41"
"	69BA0CDE","	Chamber1","	1","	B01??(%RH)","	83.4","	2026-07-24 17:26:39"
"	69BA0CDE","	Chamber1","	1","	B01??(?)","	5.3","	2026-07-24 17:26:39"
"	69BA0CDE","	Chamber1","	1","	B01??(%RH)","	83.4","	2026-07-24 17:26:37"
"	69BA0CDE","	Chamber1","	1","	B01??(?)","	5.3","	2026-07-24 17:26:37"
"	69BA0CDE","	Chamber1","	1","	B01??(%RH)","	83.4","	2026-07-24 17:26:35"
"	69BA0CDE","	Chamber1","	1","	B01??(?)","	5.3","	2026-07-24 17:26:35"
"	69BA0CDE","	Chamber1","	1","	B01??(%RH)","	83.4","	2026-07-24 17:26:33"
"	69BA0CDE","	Chamber1","	1","	B01??(?)","	5.2","	2026-07-24 17:26:33"
"	69BA0CDE","	Chamber1","	1","	B01??(%RH)","	83.4","	2026-07-24 17:26:31"
"	69BA0CDE","	Chamber1","	1","	B01??(?)","	5.3","	2026-07-24 17:26:31"
"	69BA0CDE","	Chamber1","	1","	B01??(%RH)","	83.4","	2026-07-24 17:26:29"
"	69BA0CDE","	Chamber1","	1","	B01??(?)","	5.2","	2026-07-24 17:26:29"
"	69BA0CDE","	Chamber1","	1","	B01??(%RH)","	83.3","	2026-07-24 17:26:27"
"	69BA0CDE","	Chamber1","	1","	B01??(?)","	5.3","	2026-07-24 17:26:27"
"	69BA0CDE","	Chamber1","	1","	B01??(%RH)","	83.4","	2026-07-24 17:26:25"
"	69BA0CDE","	Chamber1","	1","	B01??(?)","	5.2","	2026-07-24 17:26:25"
"	69BA0CDE","	Chamber1","	1","	B01??(%RH)","	83.3","	2026-07-24 17:26:23"
"	69BA0CDE","	Chamber1","	1","	B01??(?)","	5.2","	2026-07-24 17:26:23"
"	69BA0CDE","	Chamber1","	1","	B01??(%RH)","	83.3","	2026-07-24 17:26:21"
"	69BA0CDE","	Chamber1","	1","	B01??(?)","	5.3","	2026-07-24 17:26:21"
"	69BA0CDE","	Chamber1","	1","	B01??(%RH)","	83.4","	2026-07-24 17:26:19"
"	69BA0CDE","	Chamber1","	1","	B01??(?)","	5.3","	2026-07-24 17:26:19"
"	69BA0CDE","	Chamber1","	1","	B01??(%RH)","	83.3","	2026-07-24 17:26:16"
"	69BA0CDE","	Chamber1","	1","	B01??(?)","	5.3","	2026-07-24 17:26:16"
"	69BA0CDE","	Chamber1","	1","	B01??(%RH)","	83.3","	2026-07-24 17:26:14"
"	69BA0CDE","	Chamber1","	1","	B01??(?)","	5.2","	2026-07-24 17:26:14"
"	69BA0CDE","	Chamber1","	1","	B01??(%RH)","	83.3","	2026-07-24 17:26:12"
"	69BA0CDE","	Chamber1","	1","	B01??(?)","	5.3","	2026-07-24 17:26:12"
"	69BA0CDE","	Chamber1","	1","	B01??(%RH)","	83.3","	2026-07-24 17:26:10"
"	69BA0CDE","	Chamber1","	1","	B01??(?)","	5.2","	2026-07-24 17:26:10"
"	69BA0CDE","	Chamber1","	1","	B01??(%RH)","	83.3","	2026-07-24 17:26:08"
"	69BA0CDE","	Chamber1","	1","	B01??(?)","	5.3","	2026-07-24 17:26:08"
"	69BA0CDE","	Chamber1","	1","	B01??(%RH)","	83.3","	2026-07-24 17:26:06"
"	69BA0CDE","	Chamber1","	1","	B01??(?)","	5.3","	2026-07-24 17:26:06"
"	69BA0CDE","	Chamber1","	1","	B01??(%RH)","	83.3","	2026-07-24 17:26:04"
"	69BA0CDE","	Chamber1","	1","	B01??(?)","	5.2","	2026-07-24 17:26:04"
"	69BA0CDE","	Chamber1","	1","	B01??(%RH)","	83.4","	2026-07-24 17:26:02"
"	69BA0CDE","	Chamber1","	1","	B01??(?)","	5.3","	2026-07-24 17:26:02"
"	69BA0CDE","	Chamber1","	1","	B01??(%RH)","	83.3","	2026-07-24 17:26:00"
"	69BA0CDE","	Chamber1","	1","	B01??(?)","	5.3","	2026-07-24 17:26:00"
"	69BA0CDE","	Chamber1","	1","	B01??(%RH)","	83.4","	2026-07-24 17:25:58"
"	69BA0CDE","	Chamber1","	1","	B01??(?)","	5.3","	2026-07-24 17:25:58"
"	69BA0CDE","	Chamber1","	1","	B01??(%RH)","	83.3","	2026-07-24 17:25:56"
"	69BA0CDE","	Chamber1","	1","	B01??(?)","	5.2","	2026-07-24 17:25:56"
"	69BA0CDE","	Chamber1","	1","	B01??(%RH)","	83.3","	2026-07-24 17:25:54"
"	69BA0CDE","	Chamber1","	1","	B01??(?)","	5.2","	2026-07-24 17:25:54"
"	69BA0CDE","	Chamber1","	1","	B01??(%RH)","	83.4","	2026-07-24 17:25:52"
"	69BA0CDE","	Chamber1","	1","	B01??(?)","	5.2","	2026-07-24 17:25:52"
"	69BA0CDE","	Chamber1","	1","	B01??(%RH)","	83.4","	2026-07-24 17:25:50"
"	69BA0CDE","	Chamber1","	1","	B01??(?)","	5.2","	2026-07-24 17:25:50"
"	69BA0CDE","	Chamber1","	1","	B01??(%RH)","	83.3","	2026-07-24 17:25:48"
"	69BA0CDE","	Chamber1","	1","	B01??(?)","	5.2","	2026-07-24 17:25:48"
"	69BA0CDE","	Chamber1","	1","	B01??(%RH)","	83.3","	2026-07-24 17:25:46"
"	69BA0CDE","	Chamber1","	1","	B01??(?)","	5.2","	2026-07-24 17:25:46"
"	69BA0CDE","	Chamber1","	1","	B01??(%RH)","	83.3","	2026-07-24 17:25:44"
"	69BA0CDE","	Chamber1","	1","	B01??(?)","	5.3","	2026-07-24 17:25:44"
"	69BA0CDE","	Chamber1","	1","	B01??(%RH)","	83.3","	2026-07-24 17:25:42"
"	69BA0CDE","	Chamber1","	1","	B01??(?)","	5.3","	2026-07-24 17:25:42"
"	69BA0CDE","	Chamber1","	1","	B01??(%RH)","	83.3","	2026-07-24 17:25:40"
"	69BA0CDE","	Chamber1","	1","	B01??(?)","	5.3","	2026-07-24 17:25:40"
"	69BA0CDE","	Chamber1","	1","	B01??(%RH)","	83.3","	2026-07-24 17:25:38"
"	69BA0CDE","	Chamber1","	1","	B01??(?)","	5.2","	2026-07-24 17:25:38"
"	69BA0CDE","	Chamber1","	1","	B01??(%RH)","	83.3","	2026-07-24 17:25:36"
"	69BA0CDE","	Chamber1","	1","	B01??(?)","	5.2","	2026-07-24 17:25:36"
"	69BA0CDE","	Chamber1","	1","	B01??(%RH)","	83.3","	2026-07-24 17:25:34"
"	69BA0CDE","	Chamber1","	1","	B01??(?)","	5.3","	2026-07-24 17:25:34"
"	69BA0CDE","	Chamber1","	1","	B01??(%RH)","	83.4","	2026-07-24 17:25:31"
"	69BA0CDE","	Chamber1","	1","	B01??(?)","	5.2","	2026-07-24 17:25:31"
"	69BA0CDE","	Chamber1","	1","	B01??(%RH)","	83.3","	2026-07-24 17:25:29"
"	69BA0CDE","	Chamber1","	1","	B01??(?)","	5.2","	2026-07-24 17:25:29"
"	69BA0CDE","	Chamber1","	1","	B01??(%RH)","	83.3","	2026-07-24 17:25:27"
"	69BA0CDE","	Chamber1","	1","	B01??(?)","	5.2","	2026-07-24 17:25:27"
"	69BA0CDE","	Chamber1","	1","	B01??(%RH)","	83.3","	2026-07-24 17:25:25"
"	69BA0CDE","	Chamber1","	1","	B01??(?)","	5.2","	2026-07-24 17:25:25"
"	69BA0CDE","	Chamber1","	1","	B01??(%RH)","	83.3","	2026-07-24 17:25:23"
"	69BA0CDE","	Chamber1","	1","	B01??(?)","	5.2","	2026-07-24 17:25:23"
"	69BA0CDE","	Chamber1","	1","	B01??(%RH)","	83.3","	2026-07-24 17:25:21"
"	69BA0CDE","	Chamber1","	1","	B01??(?)","	5.3","	2026-07-24 17:25:21"
"	69BA0CDE","	Chamber1","	1","	B01??(%RH)","	83.3","	2026-07-24 17:25:19"
"	69BA0CDE","	Chamber1","	1","	B01??(?)","	5.3","	2026-07-24 17:25:19"
"	69BA0CDE","	Chamber1","	1","	B01??(%RH)","	83.3","	2026-07-24 17:25:17"
"	69BA0CDE","	Chamber1","	1","	B01??(?)","	5.2","	2026-07-24 17:25:17"
"	69BA0CDE","	Chamber1","	1","	B01??(%RH)","	83.3","	2026-07-24 17:25:15"
"	69BA0CDE","	Chamber1","	1","	B01??(?)","	5.2","	2026-07-24 17:25:15"
"	69BA0CDE","	Chamber1","	1","	B01??(%RH)","	83.3","	2026-07-24 17:25:13"
"	69BA0CDE","	Chamber1","	1","	B01??(?)","	5.2","	2026-07-24 17:25:13"
"	69BA0CDE","	Chamber1","	1","	B01??(%RH)","	83.3","	2026-07-24 17:25:11"
"	69BA0CDE","	Chamber1","	1","	B01??(?)","	5.3","	2026-07-24 17:25:11"
"	69BA0CDE","	Chamber1","	1","	B01??(%RH)","	83.3","	2026-07-24 17:25:09"
"	69BA0CDE","	Chamber1","	1","	B01??(?)","	5.2","	2026-07-24 17:25:09"
"	69BA0CDE","	Chamber1","	1","	B01??(%RH)","	83.3","	2026-07-24 17:25:07"
"	69BA0CDE","	Chamber1","	1","	B01??(?)","	5.3","	2026-07-24 17:25:07"
"	69BA0CDE","	Chamber1","	1","	B01??(%RH)","	83.3","	2026-07-24 17:25:05"
"	69BA0CDE","	Chamber1","	1","	B01??(?)","	5.3","	2026-07-24 17:25:05"
"	69BA0CDE","	Chamber1","	1","	B01??(%RH)","	83.3","	2026-07-24 17:25:03"
"	69BA0CDE","	Chamber1","	1","	B01??(?)","	5.2","	2026-07-24 17:25:03"
"	69BA0CDE","	Chamber1","	1","	B01??(%RH)","	83.3","	2026-07-24 17:25:01"
"	69BA0CDE","	Chamber1","	1","	B01??(?)","	5.3","	2026-07-24 17:25:01"
"	69BA0CDE","	Chamber1","	1","	B01??(%RH)","	83.3","	2026-07-24 17:24:59"
"	69BA0CDE","	Chamber1","	1","	B01??(?)","	5.3","	2026-07-24 17:24:59"
"	69BA0CDE","	Chamber1","	1","	B01??(%RH)","	83.3","	2026-07-24 17:24:57"
"	69BA0CDE","	Chamber1","	1","	B01??(?)","	5.2","	2026-07-24 17:24:57"
"	69BA0CDE","	Chamber1","	1","	B01??(%RH)","	83.3","	2026-07-24 17:24:55"
"	69BA0CDE","	Chamber1","	1","	B01??(?)","	5.3","	2026-07-24 17:24:55"
"	69BA0CDE","	Chamber1","	1","	B01??(%RH)","	83.3","	2026-07-24 17:24:53"
"	69BA0CDE","	Chamber1","	1","	B01??(?)","	5.2","	2026-07-24 17:24:53"
"	69BA0CDE","	Chamber1","	1","	B01??(%RH)","	83.3","	2026-07-24 17:24:51"
"	69BA0CDE","	Chamber1","	1","	B01??(?)","	5.3","	2026-07-24 17:24:51"
"	69BA0CDE","	Chamber1","	1","	B01??(%RH)","	83.3","	2026-07-24 17:24:48"
"	69BA0CDE","	Chamber1","	1","	B01??(?)","	5.2","	2026-07-24 17:24:48"
"	69BA0CDE","	Chamber1","	1","	B01??(%RH)","	83.3","	2026-07-24 17:24:46"
"	69BA0CDE","	Chamber1","	1","	B01??(?)","	5.3","	2026-07-24 17:24:46"
"	69BA0CDE","	Chamber1","	1","	B01??(%RH)","	83.3","	2026-07-24 17:24:44"
"	69BA0CDE","	Chamber1","	1","	B01??(?)","	5.3","	2026-07-24 17:24:44"
"	69BA0CDE","	Chamber1","	1","	B01??(%RH)","	83.3","	2026-07-24 17:24:42"
"	69BA0CDE","	Chamber1","	1","	B01??(?)","	5.2","	2026-07-24 17:24:42"
"	69BA0CDE","	Chamber1","	1","	B01??(%RH)","	83.3","	2026-07-24 17:24:40"
"	69BA0CDE","	Chamber1","	1","	B01??(?)","	5.3","	2026-07-24 17:24:40"
"	69BA0CDE","	Chamber1","	1","	B01??(%RH)","	83.3","	2026-07-24 17:24:38"
"	69BA0CDE","	Chamber1","	1","	B01??(?)","	5.2","	2026-07-24 17:24:38"
"	69BA0CDE","	Chamber1","	1","	B01??(%RH)","	83.3","	2026-07-24 17:24:36"
"	69BA0CDE","	Chamber1","	1","	B01??(?)","	5.2","	2026-07-24 17:24:36"
"	69BA0CDE","	Chamber1","	1","	B01??(%RH)","	83.3","	2026-07-24 17:24:34"
"	69BA0CDE","	Chamber1","	1","	B01??(?)","	5.3","	2026-07-24 17:24:34"
"	69BA0CDE","	Chamber1","	1","	B01??(%RH)","	83.3","	2026-07-24 17:24:32"
"	69BA0CDE","	Chamber1","	1","	B01??(?)","	5.3","	2026-07-24 17:24:32"
"	69BA0CDE","	Chamber1","	1","	B01??(%RH)","	83.3","	2026-07-24 17:24:30"
"	69BA0CDE","	Chamber1","	1","	B01??(?)","	5.3","	2026-07-24 17:24:30"
"	69BA0CDE","	Chamber1","	1","	B01??(%RH)","	83.3","	2026-07-24 17:24:28"
"	69BA0CDE","	Chamber1","	1","	B01??(?)","	5.3","	2026-07-24 17:24:28"
"	69BA0CDE","	Chamber1","	1","	B01??(%RH)","	83.3","	2026-07-24 17:24:26"
"	69BA0CDE","	Chamber1","	1","	B01??(?)","	5.2","	2026-07-24 17:24:26"
"	69BA0CDE","	Chamber1","	1","	B01??(%RH)","	83.3","	2026-07-24 17:24:24"
"	69BA0CDE","	Chamber1","	1","	B01??(?)","	5.2","	2026-07-24 17:24:24"
"	69BA0CDE","	Chamber1","	1","	B01??(%RH)","	83.3","	2026-07-24 17:24:22"
"	69BA0CDE","	Chamber1","	1","	B01??(?)","	5.3","	2026-07-24 17:24:22"
"	69BA0CDE","	Chamber1","	1","	B01??(%RH)","	83.3","	2026-07-24 17:24:20"
"	69BA0CDE","	Chamber1","	1","	B01??(?)","	5.2","	2026-07-24 17:24:20"
"	69BA0CDE","	Chamber1","	1","	B01??(%RH)","	83.3","	2026-07-24 17:24:18"
"	69BA0CDE","	Chamber1","	1","	B01??(?)","	5.3","	2026-07-24 17:24:18"
"	69BA0CDE","	Chamber1","	1","	B01??(%RH)","	83.3","	2026-07-24 17:24:16"
"	69BA0CDE","	Chamber1","	1","	B01??(?)","	5.2","	2026-07-24 17:24:16"
"	69BA0CDE","	Chamber1","	1","	B01??(%RH)","	83.3","	2026-07-24 17:24:14"
"	69BA0CDE","	Chamber1","	1","	B01??(?)","	5.3","	2026-07-24 17:24:14"
"	69BA0CDE","	Chamber1","	1","	B01??(%RH)","	83.3","	2026-07-24 17:24:12"
"	69BA0CDE","	Chamber1","	1","	B01??(?)","	5.3","	2026-07-24 17:24:12"
"	69BA0CDE","	Chamber1","	1","	B01??(%RH)","	83.3","	2026-07-24 17:24:10"
"	69BA0CDE","	Chamber1","	1","	B01??(?)","	5.2","	2026-07-24 17:24:10"
"	69BA0CDE","	Chamber1","	1","	B01??(%RH)","	83.3","	2026-07-24 17:24:08"
"	69BA0CDE","	Chamber1","	1","	B01??(?)","	5.2","	2026-07-24 17:24:08"
"	69BA0CDE","	Chamber1","	1","	B01??(%RH)","	83.3","	2026-07-24 17:24:06"
"	69BA0CDE","	Chamber1","	1","	B01??(?)","	5.2","	2026-07-24 17:24:06"
"	69BA0CDE","	Chamber1","	1","	B01??(%RH)","	83.3","	2026-07-24 17:24:03"
"	69BA0CDE","	Chamber1","	1","	B01??(?)","	5.2","	2026-07-24 17:24:03"
"	69BA0CDE","	Chamber1","	1","	B01??(%RH)","	83.3","	2026-07-24 17:24:01"
"	69BA0CDE","	Chamber1","	1","	B01??(?)","	5.3","	2026-07-24 17:24:01"
"	69BA0CDE","	Chamber1","	1","	B01??(%RH)","	83.3","	2026-07-24 17:23:59"
"	69BA0CDE","	Chamber1","	1","	B01??(?)","	5.2","	2026-07-24 17:23:59"
"	69BA0CDE","	Chamber1","	1","	B01??(%RH)","	83.3","	2026-07-24 17:23:57"
"	69BA0CDE","	Chamber1","	1","	B01??(?)","	5.2","	2026-07-24 17:23:57"
"	69BA0CDE","	Chamber1","	1","	B01??(%RH)","	83.3","	2026-07-24 17:23:55"
"	69BA0CDE","	Chamber1","	1","	B01??(?)","	5.2","	2026-07-24 17:23:55"
"	69BA0CDE","	Chamber1","	1","	B01??(%RH)","	83.3","	2026-07-24 17:23:53"
"	69BA0CDE","	Chamber1","	1","	B01??(?)","	5.2","	2026-07-24 17:23:53"
"	69BA0CDE","	Chamber1","	1","	B01??(%RH)","	83.3","	2026-07-24 17:23:51"
"	69BA0CDE","	Chamber1","	1","	B01??(?)","	5.3","	2026-07-24 17:23:51"
"	69BA0CDE","	Chamber1","	1","	B01??(%RH)","	83.3","	2026-07-24 17:23:49"
"	69BA0CDE","	Chamber1","	1","	B01??(?)","	5.3","	2026-07-24 17:23:49"
"	69BA0CDE","	Chamber1","	1","	B01??(%RH)","	83.2","	2026-07-24 17:23:47"
"	69BA0CDE","	Chamber1","	1","	B01??(?)","	5.2","	2026-07-24 17:23:47"
"	69BA0CDE","	Chamber1","	1","	B01??(%RH)","	83.2","	2026-07-24 17:23:45"
"	69BA0CDE","	Chamber1","	1","	B01??(?)","	5.3","	2026-07-24 17:23:45"
"	69BA0CDE","	Chamber1","	1","	B01??(%RH)","	83.3","	2026-07-24 17:23:43"
"	69BA0CDE","	Chamber1","	1","	B01??(?)","	5.2","	2026-07-24 17:23:43"
"	69BA0CDE","	Chamber1","	1","	B01??(%RH)","	83.2","	2026-07-24 17:23:41"
"	69BA0CDE","	Chamber1","	1","	B01??(?)","	5.2","	2026-07-24 17:23:41"
"	69BA0CDE","	Chamber1","	1","	B01??(%RH)","	83.3","	2026-07-24 17:23:39"
"	69BA0CDE","	Chamber1","	1","	B01??(?)","	5.2","	2026-07-24 17:23:39"
"	69BA0CDE","	Chamber1","	1","	B01??(%RH)","	83.2","	2026-07-24 17:23:37"
"	69BA0CDE","	Chamber1","	1","	B01??(?)","	5.2","	2026-07-24 17:23:37"
"	69BA0CDE","	Chamber1","	1","	B01??(%RH)","	83.3","	2026-07-24 17:23:35"
"	69BA0CDE","	Chamber1","	1","	B01??(?)","	5.3","	2026-07-24 17:23:35"
"	69BA0CDE","	Chamber1","	1","	B01??(%RH)","	83.3","	2026-07-24 17:23:33"
"	69BA0CDE","	Chamber1","	1","	B01??(?)","	5.3","	2026-07-24 17:23:33"
"	69BA0CDE","	Chamber1","	1","	B01??(%RH)","	83.2","	2026-07-24 17:23:31"
"	69BA0CDE","	Chamber1","	1","	B01??(?)","	5.3","	2026-07-24 17:23:31"
"	69BA0CDE","	Chamber1","	1","	B01??(%RH)","	83.2","	2026-07-24 17:23:29"
"	69BA0CDE","	Chamber1","	1","	B01??(?)","	5.2","	2026-07-24 17:23:29"
"	69BA0CDE","	Chamber1","	1","	B01??(%RH)","	83.2","	2026-07-24 17:23:27"
"	69BA0CDE","	Chamber1","	1","	B01??(?)","	5.2","	2026-07-24 17:23:27"
"	69BA0CDE","	Chamber1","	1","	B01??(%RH)","	83.2","	2026-07-24 17:23:25"
"	69BA0CDE","	Chamber1","	1","	B01??(?)","	5.2","	2026-07-24 17:23:25"
"	69BA0CDE","	Chamber1","	1","	B01??(%RH)","	83.2","	2026-07-24 17:23:23"
"	69BA0CDE","	Chamber1","	1","	B01??(?)","	5.2","	2026-07-24 17:23:23"
"	69BA0CDE","	Chamber1","	1","	B01??(%RH)","	83.2","	2026-07-24 17:23:20"
"	69BA0CDE","	Chamber1","	1","	B01??(?)","	5.2","	2026-07-24 17:23:20"
"	69BA0CDE","	Chamber1","	1","	B01??(%RH)","	83.2","	2026-07-24 17:23:18"
"	69BA0CDE","	Chamber1","	1","	B01??(?)","	5.3","	2026-07-24 17:23:18"
"	69BA0CDE","	Chamber1","	1","	B01??(%RH)","	83.3","	2026-07-24 17:23:16"
"	69BA0CDE","	Chamber1","	1","	B01??(?)","	5.2","	2026-07-24 17:23:16"
"	69BA0CDE","	Chamber1","	1","	B01??(%RH)","	83.2","	2026-07-24 17:23:14"
"	69BA0CDE","	Chamber1","	1","	B01??(?)","	5.2","	2026-07-24 17:23:14"
"	69BA0CDE","	Chamber1","	1","	B01??(%RH)","	83.2","	2026-07-24 17:23:12"
"	69BA0CDE","	Chamber1","	1","	B01??(?)","	5.2","	2026-07-24 17:23:12"
"	69BA0CDE","	Chamber1","	1","	B01??(%RH)","	83.2","	2026-07-24 17:23:10"
"	69BA0CDE","	Chamber1","	1","	B01??(?)","	5.3","	2026-07-24 17:23:10"
"	69BA0CDE","	Chamber1","	1","	B01??(%RH)","	83.2","	2026-07-24 17:23:08"
"	69BA0CDE","	Chamber1","	1","	B01??(?)","	5.2","	2026-07-24 17:23:08"
"	69BA0CDE","	Chamber1","	1","	B01??(%RH)","	83.2","	2026-07-24 17:23:06"
"	69BA0CDE","	Chamber1","	1","	B01??(?)","	5.2","	2026-07-24 17:23:06"
"	69BA0CDE","	Chamber1","	1","	B01??(%RH)","	83.2","	2026-07-24 17:23:04"
"	69BA0CDE","	Chamber1","	1","	B01??(?)","	5.2","	2026-07-24 17:23:04"
"	69BA0CDE","	Chamber1","	1","	B01??(%RH)","	83.2","	2026-07-24 17:23:02"
"	69BA0CDE","	Chamber1","	1","	B01??(?)","	5.2","	2026-07-24 17:23:02"
"	69BA0CDE","	Chamber1","	1","	B01??(%RH)","	83.2","	2026-07-24 17:23:00"
"	69BA0CDE","	Chamber1","	1","	B01??(?)","	5.3","	2026-07-24 17:23:00"
"	69BA0CDE","	Chamber1","	1","	B01??(%RH)","	83.2","	2026-07-24 17:22:58"
"	69BA0CDE","	Chamber1","	1","	B01??(?)","	5.3","	2026-07-24 17:22:58"
"	69BA0CDE","	Chamber1","	1","	B01??(%RH)","	83.2","	2026-07-24 17:22:56"
"	69BA0CDE","	Chamber1","	1","	B01??(?)","	5.2","	2026-07-24 17:22:56"
"	69BA0CDE","	Chamber1","	1","	B01??(%RH)","	83.2","	2026-07-24 17:22:54"
"	69BA0CDE","	Chamber1","	1","	B01??(?)","	5.2","	2026-07-24 17:22:54"
"	69BA0CDE","	Chamber1","	1","	B01??(%RH)","	83.2","	2026-07-24 17:22:52"
"	69BA0CDE","	Chamber1","	1","	B01??(?)","	5.3","	2026-07-24 17:22:52"
"	69BA0CDE","	Chamber1","	1","	B01??(%RH)","	83.2","	2026-07-24 17:22:50"
"	69BA0CDE","	Chamber1","	1","	B01??(?)","	5.2","	2026-07-24 17:22:50"
"	69BA0CDE","	Chamber1","	1","	B01??(%RH)","	83.2","	2026-07-24 17:22:48"
"	69BA0CDE","	Chamber1","	1","	B01??(?)","	5.3","	2026-07-24 17:22:48"
"	69BA0CDE","	Chamber1","	1","	B01??(%RH)","	83.2","	2026-07-24 17:22:46"
"	69BA0CDE","	Chamber1","	1","	B01??(?)","	5.3","	2026-07-24 17:22:46"
"	69BA0CDE","	Chamber1","	1","	B01??(%RH)","	83.2","	2026-07-24 17:22:44"
"	69BA0CDE","	Chamber1","	1","	B01??(?)","	5.2","	2026-07-24 17:22:44"
"	69BA0CDE","	Chamber1","	1","	B01??(%RH)","	83.2","	2026-07-24 17:22:42"
"	69BA0CDE","	Chamber1","	1","	B01??(?)","	5.2","	2026-07-24 17:22:42"
"	69BA0CDE","	Chamber1","	1","	B01??(%RH)","	83.2","	2026-07-24 17:22:40"
"	69BA0CDE","	Chamber1","	1","	B01??(?)","	5.2","	2026-07-24 17:22:40"
"	69BA0CDE","	Chamber1","	1","	B01??(%RH)","	83.2","	2026-07-24 17:22:37"
"	69BA0CDE","	Chamber1","	1","	B01??(?)","	5.3","	2026-07-24 17:22:37"
"	69BA0CDE","	Chamber1","	1","	B01??(%RH)","	83.2","	2026-07-24 17:22:35"
"	69BA0CDE","	Chamber1","	1","	B01??(?)","	5.3","	2026-07-24 17:22:35"
"	69BA0CDE","	Chamber1","	1","	B01??(%RH)","	83.2","	2026-07-24 17:22:33"
"	69BA0CDE","	Chamber1","	1","	B01??(?)","	5.3","	2026-07-24 17:22:33"
"	69BA0CDE","	Chamber1","	1","	B01??(%RH)","	83.2","	2026-07-24 17:22:31"
"	69BA0CDE","	Chamber1","	1","	B01??(?)","	5.3","	2026-07-24 17:22:31"
"	69BA0CDE","	Chamber1","	1","	B01??(%RH)","	83.2","	2026-07-24 17:22:29"
"	69BA0CDE","	Chamber1","	1","	B01??(?)","	5.2","	2026-07-24 17:22:29"
"	69BA0CDE","	Chamber1","	1","	B01??(%RH)","	83.2","	2026-07-24 17:22:27"
"	69BA0CDE","	Chamber1","	1","	B01??(?)","	5.2","	2026-07-24 17:22:27"
"	69BA0CDE","	Chamber1","	1","	B01??(%RH)","	83.2","	2026-07-24 17:22:25"
"	69BA0CDE","	Chamber1","	1","	B01??(?)","	5.2","	2026-07-24 17:22:25"
"	69BA0CDE","	Chamber1","	1","	B01??(%RH)","	83.2","	2026-07-24 17:22:23"
"	69BA0CDE","	Chamber1","	1","	B01??(?)","	5.2","	2026-07-24 17:22:23"
"	69BA0CDE","	Chamber1","	1","	B01??(%RH)","	83.2","	2026-07-24 17:22:21"
"	69BA0CDE","	Chamber1","	1","	B01??(?)","	5.2","	2026-07-24 17:22:21"
"	69BA0CDE","	Chamber1","	1","	B01??(%RH)","	83.2","	2026-07-24 17:22:19"
"	69BA0CDE","	Chamber1","	1","	B01??(?)","	5.2","	2026-07-24 17:22:19"
"	69BA0CDE","	Chamber1","	1","	B01??(%RH)","	83.2","	2026-07-24 17:22:17"
"	69BA0CDE","	Chamber1","	1","	B01??(?)","	5.3","	2026-07-24 17:22:17"
"	69BA0CDE","	Chamber1","	1","	B01??(%RH)","	83.2","	2026-07-24 17:22:15"
"	69BA0CDE","	Chamber1","	1","	B01??(?)","	5.3","	2026-07-24 17:22:15"
"	69BA0CDE","	Chamber1","	1","	B01??(%RH)","	83.2","	2026-07-24 17:22:13"
"	69BA0CDE","	Chamber1","	1","	B01??(?)","	5.2","	2026-07-24 17:22:13"
"	69BA0CDE","	Chamber1","	1","	B01??(%RH)","	83.2","	2026-07-24 17:22:11"
"	69BA0CDE","	Chamber1","	1","	B01??(?)","	5.2","	2026-07-24 17:22:11"
"	69BA0CDE","	Chamber1","	1","	B01??(%RH)","	83.2","	2026-07-24 17:22:09"
"	69BA0CDE","	Chamber1","	1","	B01??(?)","	5.3","	2026-07-24 17:22:09"
"	69BA0CDE","	Chamber1","	1","	B01??(%RH)","	83.2","	2026-07-24 17:22:07"
"	69BA0CDE","	Chamber1","	1","	B01??(?)","	5.3","	2026-07-24 17:22:07"
"	69BA0CDE","	Chamber1","	1","	B01??(%RH)","	83.2","	2026-07-24 17:22:05"
"	69BA0CDE","	Chamber1","	1","	B01??(?)","	5.3","	2026-07-24 17:22:05"
"	69BA0CDE","	Chamber1","	1","	B01??(%RH)","	83.2","	2026-07-24 17:22:03"
"	69BA0CDE","	Chamber1","	1","	B01??(?)","	5.2","	2026-07-24 17:22:03"
"	69BA0CDE","	Chamber1","	1","	B01??(%RH)","	83.2","	2026-07-24 17:22:01"
"	69BA0CDE","	Chamber1","	1","	B01??(?)","	5.3","	2026-07-24 17:22:01"
"	69BA0CDE","	Chamber1","	1","	B01??(%RH)","	83.2","	2026-07-24 17:21:59"
"	69BA0CDE","	Chamber1","	1","	B01??(?)","	5.2","	2026-07-24 17:21:59"
"	69BA0CDE","	Chamber1","	1","	B01??(%RH)","	83.2","	2026-07-24 17:21:57"
"	69BA0CDE","	Chamber1","	1","	B01??(?)","	5.2","	2026-07-24 17:21:57"
"	69BA0CDE","	Chamber1","	1","	B01??(%RH)","	83.2","	2026-07-24 17:21:54"
"	69BA0CDE","	Chamber1","	1","	B01??(?)","	5.2","	2026-07-24 17:21:54"
"	69BA0CDE","	Chamber1","	1","	B01??(%RH)","	83.2","	2026-07-24 17:21:52"
"	69BA0CDE","	Chamber1","	1","	B01??(?)","	5.2","	2026-07-24 17:21:52"
"	69BA0CDE","	Chamber1","	1","	B01??(%RH)","	83.2","	2026-07-24 17:21:50"
"	69BA0CDE","	Chamber1","	1","	B01??(?)","	5.2","	2026-07-24 17:21:50"
"	69BA0CDE","	Chamber1","	1","	B01??(%RH)","	83.2","	2026-07-24 17:21:48"
"	69BA0CDE","	Chamber1","	1","	B01??(?)","	5.2","	2026-07-24 17:21:48"
"	69BA0CDE","	Chamber1","	1","	B01??(%RH)","	83.2","	2026-07-24 17:21:46"
"	69BA0CDE","	Chamber1","	1","	B01??(?)","	5.2","	2026-07-24 17:21:46"
"	69BA0CDE","	Chamber1","	1","	B01??(%RH)","	83.1","	2026-07-24 17:21:44"
"	69BA0CDE","	Chamber1","	1","	B01??(?)","	5.2","	2026-07-24 17:21:44"
"	69BA0CDE","	Chamber1","	1","	B01??(%RH)","	83.2","	2026-07-24 17:21:42"
"	69BA0CDE","	Chamber1","	1","	B01??(?)","	5.3","	2026-07-24 17:21:42"
"	69BA0CDE","	Chamber1","	1","	B01??(%RH)","	83.2","	2026-07-24 17:21:40"
"	69BA0CDE","	Chamber1","	1","	B01??(?)","	5.3","	2026-07-24 17:21:40"
"	69BA0CDE","	Chamber1","	1","	B01??(%RH)","	83.2","	2026-07-24 17:21:38"
"	69BA0CDE","	Chamber1","	1","	B01??(?)","	5.2","	2026-07-24 17:21:38"
"	69BA0CDE","	Chamber1","	1","	B01??(%RH)","	83.1","	2026-07-24 17:21:36"
"	69BA0CDE","	Chamber1","	1","	B01??(?)","	5.2","	2026-07-24 17:21:36"
"	69BA0CDE","	Chamber1","	1","	B01??(%RH)","	83.2","	2026-07-24 17:21:34"
"	69BA0CDE","	Chamber1","	1","	B01??(?)","	5.2","	2026-07-24 17:21:34"
"	69BA0CDE","	Chamber1","	1","	B01??(%RH)","	83.1","	2026-07-24 17:21:32"
"	69BA0CDE","	Chamber1","	1","	B01??(?)","	5.2","	2026-07-24 17:21:32"
"	69BA0CDE","	Chamber1","	1","	B01??(%RH)","	83.1","	2026-07-24 17:21:30"
"	69BA0CDE","	Chamber1","	1","	B01??(?)","	5.2","	2026-07-24 17:21:30"
"	69BA0CDE","	Chamber1","	1","	B01??(%RH)","	83.1","	2026-07-24 17:21:28"
"	69BA0CDE","	Chamber1","	1","	B01??(?)","	5.2","	2026-07-24 17:21:28"
"	69BA0CDE","	Chamber1","	1","	B01??(%RH)","	83.1","	2026-07-24 17:21:26"
"	69BA0CDE","	Chamber1","	1","	B01??(?)","	5.3","	2026-07-24 17:21:26"
"	69BA0CDE","	Chamber1","	1","	B01??(%RH)","	83.1","	2026-07-24 17:21:24"
"	69BA0CDE","	Chamber1","	1","	B01??(?)","	5.2","	2026-07-24 17:21:24"
"	69BA0CDE","	Chamber1","	1","	B01??(%RH)","	83.1","	2026-07-24 17:21:22"
"	69BA0CDE","	Chamber1","	1","	B01??(?)","	5.2","	2026-07-24 17:21:22"
"	69BA0CDE","	Chamber1","	1","	B01??(%RH)","	83.1","	2026-07-24 17:21:20"
"	69BA0CDE","	Chamber1","	1","	B01??(?)","	5.2","	2026-07-24 17:21:20"
"	69BA0CDE","	Chamber1","	1","	B01??(%RH)","	83.1","	2026-07-24 17:21:18"
"	69BA0CDE","	Chamber1","	1","	B01??(?)","	5.3","	2026-07-24 17:21:18"
"	69BA0CDE","	Chamber1","	1","	B01??(%RH)","	83.1","	2026-07-24 17:21:16"
"	69BA0CDE","	Chamber1","	1","	B01??(?)","	5.2","	2026-07-24 17:21:16"
"	69BA0CDE","	Chamber1","	1","	B01??(%RH)","	83.1","	2026-07-24 17:21:14"
"	69BA0CDE","	Chamber1","	1","	B01??(?)","	5.2","	2026-07-24 17:21:14"
"	69BA0CDE","	Chamber1","	1","	B01??(%RH)","	83.1","	2026-07-24 17:21:12"
"	69BA0CDE","	Chamber1","	1","	B01??(?)","	5.3","	2026-07-24 17:21:12"
"	69BA0CDE","	Chamber1","	1","	B01??(%RH)","	83.1","	2026-07-24 17:21:09"
"	69BA0CDE","	Chamber1","	1","	B01??(?)","	5.2","	2026-07-24 17:21:09"
"	69BA0CDE","	Chamber1","	1","	B01??(%RH)","	83.1","	2026-07-24 17:21:07"
"	69BA0CDE","	Chamber1","	1","	B01??(?)","	5.3","	2026-07-24 17:21:07"
"	69BA0CDE","	Chamber1","	1","	B01??(%RH)","	83.1","	2026-07-24 17:21:05"
"	69BA0CDE","	Chamber1","	1","	B01??(?)","	5.2","	2026-07-24 17:21:05"
"	69BA0CDE","	Chamber1","	1","	B01??(%RH)","	83.1","	2026-07-24 17:21:03"
"	69BA0CDE","	Chamber1","	1","	B01??(?)","	5.3","	2026-07-24 17:21:03"
"	69BA0CDE","	Chamber1","	1","	B01??(%RH)","	83.1","	2026-07-24 17:21:01"
"	69BA0CDE","	Chamber1","	1","	B01??(?)","	5.2","	2026-07-24 17:21:01"
"	69BA0CDE","	Chamber1","	1","	B01??(%RH)","	83.1","	2026-07-24 17:20:59"
"	69BA0CDE","	Chamber1","	1","	B01??(?)","	5.2","	2026-07-24 17:20:59"
"	69BA0CDE","	Chamber1","	1","	B01??(%RH)","	83.1","	2026-07-24 17:20:57"
"	69BA0CDE","	Chamber1","	1","	B01??(?)","	5.2","	2026-07-24 17:20:57"
"	69BA0CDE","	Chamber1","	1","	B01??(%RH)","	83.1","	2026-07-24 17:20:55"
"	69BA0CDE","	Chamber1","	1","	B01??(?)","	5.3","	2026-07-24 17:20:55"
"	69BA0CDE","	Chamber1","	1","	B01??(%RH)","	83.1","	2026-07-24 17:20:53"
"	69BA0CDE","	Chamber1","	1","	B01??(?)","	5.2","	2026-07-24 17:20:53"
"	69BA0CDE","	Chamber1","	1","	B01??(%RH)","	83.1","	2026-07-24 17:20:51"
"	69BA0CDE","	Chamber1","	1","	B01??(?)","	5.2","	2026-07-24 17:20:51"
"	69BA0CDE","	Chamber1","	1","	B01??(%RH)","	83.1","	2026-07-24 17:20:49"
"	69BA0CDE","	Chamber1","	1","	B01??(?)","	5.3","	2026-07-24 17:20:49"
"	69BA0CDE","	Chamber1","	1","	B01??(%RH)","	83.1","	2026-07-24 17:20:47"
"	69BA0CDE","	Chamber1","	1","	B01??(?)","	5.2","	2026-07-24 17:20:47"
"	69BA0CDE","	Chamber1","	1","	B01??(%RH)","	83.1","	2026-07-24 17:20:45"
"	69BA0CDE","	Chamber1","	1","	B01??(?)","	5.3","	2026-07-24 17:20:45"
"	69BA0CDE","	Chamber1","	1","	B01??(%RH)","	83.1","	2026-07-24 17:20:43"
"	69BA0CDE","	Chamber1","	1","	B01??(?)","	5.3","	2026-07-24 17:20:43"
"	69BA0CDE","	Chamber1","	1","	B01??(%RH)","	83.1","	2026-07-24 17:20:41"
"	69BA0CDE","	Chamber1","	1","	B01??(?)","	5.3","	2026-07-24 17:20:41"
"	69BA0CDE","	Chamber1","	1","	B01??(%RH)","	83.1","	2026-07-24 17:20:39"
"	69BA0CDE","	Chamber1","	1","	B01??(?)","	5.3","	2026-07-24 17:20:39"
"	69BA0CDE","	Chamber1","	1","	B01??(%RH)","	83.1","	2026-07-24 17:20:37"
"	69BA0CDE","	Chamber1","	1","	B01??(?)","	5.2","	2026-07-24 17:20:37"
"	69BA0CDE","	Chamber1","	1","	B01??(%RH)","	83.1","	2026-07-24 17:20:35"
"	69BA0CDE","	Chamber1","	1","	B01??(?)","	5.2","	2026-07-24 17:20:35"
"	69BA0CDE","	Chamber1","	1","	B01??(%RH)","	83.1","	2026-07-24 17:20:33"
"	69BA0CDE","	Chamber1","	1","	B01??(?)","	5.2","	2026-07-24 17:20:33"
"	69BA0CDE","	Chamber1","	1","	B01??(%RH)","	83.1","	2026-07-24 17:20:31"
"	69BA0CDE","	Chamber1","	1","	B01??(?)","	5.2","	2026-07-24 17:20:31"
"	69BA0CDE","	Chamber1","	1","	B01??(%RH)","	83.1","	2026-07-24 17:20:28"
"	69BA0CDE","	Chamber1","	1","	B01??(?)","	5.3","	2026-07-24 17:20:28"
"	69BA0CDE","	Chamber1","	1","	B01??(%RH)","	83.1","	2026-07-24 17:20:26"
"	69BA0CDE","	Chamber1","	1","	B01??(?)","	5.3","	2026-07-24 17:20:26"
"	69BA0CDE","	Chamber1","	1","	B01??(%RH)","	83.1","	2026-07-24 17:20:24"
"	69BA0CDE","	Chamber1","	1","	B01??(?)","	5.3","	2026-07-24 17:20:24"
"	69BA0CDE","	Chamber1","	1","	B01??(%RH)","	83.1","	2026-07-24 17:20:22"
"	69BA0CDE","	Chamber1","	1","	B01??(?)","	5.3","	2026-07-24 17:20:22"
"	69BA0CDE","	Chamber1","	1","	B01??(%RH)","	83.1","	2026-07-24 17:20:20"
"	69BA0CDE","	Chamber1","	1","	B01??(?)","	5.2","	2026-07-24 17:20:20"
"	69BA0CDE","	Chamber1","	1","	B01??(%RH)","	83","	2026-07-24 17:20:18"
"	69BA0CDE","	Chamber1","	1","	B01??(?)","	5.2","	2026-07-24 17:20:18"
"	69BA0CDE","	Chamber1","	1","	B01??(%RH)","	83.1","	2026-07-24 17:20:16"
"	69BA0CDE","	Chamber1","	1","	B01??(?)","	5.2","	2026-07-24 17:20:16"
"	69BA0CDE","	Chamber1","	1","	B01??(%RH)","	83.1","	2026-07-24 17:20:14"
"	69BA0CDE","	Chamber1","	1","	B01??(?)","	5.2","	2026-07-24 17:20:14"
"	69BA0CDE","	Chamber1","	1","	B01??(%RH)","	83.1","	2026-07-24 17:20:12"
"	69BA0CDE","	Chamber1","	1","	B01??(?)","	5.3","	2026-07-24 17:20:12"
"	69BA0CDE","	Chamber1","	1","	B01??(%RH)","	83.1","	2026-07-24 17:20:10"
"	69BA0CDE","	Chamber1","	1","	B01??(?)","	5.2","	2026-07-24 17:20:10"
"	69BA0CDE","	Chamber1","	1","	B01??(%RH)","	83","	2026-07-24 17:20:08"
"	69BA0CDE","	Chamber1","	1","	B01??(?)","	5.2","	2026-07-24 17:20:08"
"	69BA0CDE","	Chamber1","	1","	B01??(%RH)","	83.1","	2026-07-24 17:20:06"
"	69BA0CDE","	Chamber1","	1","	B01??(?)","	5.2","	2026-07-24 17:20:06"
"	69BA0CDE","	Chamber1","	1","	B01??(%RH)","	83.1","	2026-07-24 17:20:04"
"	69BA0CDE","	Chamber1","	1","	B01??(?)","	5.2","	2026-07-24 17:20:04"
"	69BA0CDE","	Chamber1","	1","	B01??(%RH)","	83.1","	2026-07-24 17:20:02"
"	69BA0CDE","	Chamber1","	1","	B01??(?)","	5.3","	2026-07-24 17:20:02"
"	69BA0CDE","	Chamber1","	1","	B01??(%RH)","	83.1","	2026-07-24 17:20:00"
"	69BA0CDE","	Chamber1","	1","	B01??(?)","	5.2","	2026-07-24 17:20:00"
"	69BA0CDE","	Chamber1","	1","	B01??(%RH)","	83","	2026-07-24 17:19:58"
"	69BA0CDE","	Chamber1","	1","	B01??(?)","	5.3","	2026-07-24 17:19:58"
"	69BA0CDE","	Chamber1","	1","	B01??(%RH)","	83","	2026-07-24 17:19:56"
"	69BA0CDE","	Chamber1","	1","	B01??(?)","	5.2","	2026-07-24 17:19:56"
"	69BA0CDE","	Chamber1","	1","	B01??(%RH)","	83","	2026-07-24 17:19:54"
"	69BA0CDE","	Chamber1","	1","	B01??(?)","	5.3","	2026-07-24 17:19:54"
"	69BA0CDE","	Chamber1","	1","	B01??(%RH)","	83.1","	2026-07-24 17:19:52"
"	69BA0CDE","	Chamber1","	1","	B01??(?)","	5.2","	2026-07-24 17:19:52"
"	69BA0CDE","	Chamber1","	1","	B01??(%RH)","	83.1","	2026-07-24 17:19:50"
"	69BA0CDE","	Chamber1","	1","	B01??(?)","	5.3","	2026-07-24 17:19:50"
"	69BA0CDE","	Chamber1","	1","	B01??(%RH)","	83.1","	2026-07-24 17:19:48"
"	69BA0CDE","	Chamber1","	1","	B01??(?)","	5.2","	2026-07-24 17:19:48"
"	69BA0CDE","	Chamber1","	1","	B01??(%RH)","	83","	2026-07-24 17:19:45"
"	69BA0CDE","	Chamber1","	1","	B01??(?)","	5.2","	2026-07-24 17:19:45"
"	69BA0CDE","	Chamber1","	1","	B01??(%RH)","	83","	2026-07-24 17:19:43"
"	69BA0CDE","	Chamber1","	1","	B01??(?)","	5.3","	2026-07-24 17:19:43"
"	69BA0CDE","	Chamber1","	1","	B01??(%RH)","	83","	2026-07-24 17:19:41"
"	69BA0CDE","	Chamber1","	1","	B01??(?)","	5.2","	2026-07-24 17:19:41"
"	69BA0CDE","	Chamber1","	1","	B01??(%RH)","	83","	2026-07-24 17:19:39"
"	69BA0CDE","	Chamber1","	1","	B01??(?)","	5.2","	2026-07-24 17:19:39"
"	69BA0CDE","	Chamber1","	1","	B01??(%RH)","	83","	2026-07-24 17:19:37"
"	69BA0CDE","	Chamber1","	1","	B01??(?)","	5.3","	2026-07-24 17:19:37"
"	69BA0CDE","	Chamber1","	1","	B01??(%RH)","	83.1","	2026-07-24 17:19:35"
"	69BA0CDE","	Chamber1","	1","	B01??(?)","	5.2","	2026-07-24 17:19:35"
"	69BA0CDE","	Chamber1","	1","	B01??(%RH)","	83","	2026-07-24 17:19:33"
"	69BA0CDE","	Chamber1","	1","	B01??(?)","	5.2","	2026-07-24 17:19:33"
"	69BA0CDE","	Chamber1","	1","	B01??(%RH)","	83","	2026-07-24 17:19:31"
"	69BA0CDE","	Chamber1","	1","	B01??(?)","	5.2","	2026-07-24 17:19:31"
"	69BA0CDE","	Chamber1","	1","	B01??(%RH)","	83","	2026-07-24 17:19:29"
"	69BA0CDE","	Chamber1","	1","	B01??(?)","	5.3","	2026-07-24 17:19:29"
"	69BA0CDE","	Chamber1","	1","	B01??(%RH)","	83","	2026-07-24 17:19:27"
"	69BA0CDE","	Chamber1","	1","	B01??(?)","	5.2","	2026-07-24 17:19:27"
"	69BA0CDE","	Chamber1","	1","	B01??(%RH)","	83.1","	2026-07-24 17:19:25"
"	69BA0CDE","	Chamber1","	1","	B01??(?)","	5.3","	2026-07-24 17:19:25"
"	69BA0CDE","	Chamber1","	1","	B01??(%RH)","	83","	2026-07-24 17:19:23"
"	69BA0CDE","	Chamber1","	1","	B01??(?)","	5.3","	2026-07-24 17:19:23"
"	69BA0CDE","	Chamber1","	1","	B01??(%RH)","	83","	2026-07-24 17:19:21"
"	69BA0CDE","	Chamber1","	1","	B01??(?)","	5.2","	2026-07-24 17:19:21"
"	69BA0CDE","	Chamber1","	1","	B01??(%RH)","	83","	2026-07-24 17:19:19"
"	69BA0CDE","	Chamber1","	1","	B01??(?)","	5.3","	2026-07-24 17:19:19"
"	69BA0CDE","	Chamber1","	1","	B01??(%RH)","	83","	2026-07-24 17:19:17"
"	69BA0CDE","	Chamber1","	1","	B01??(?)","	5.2","	2026-07-24 17:19:17"
"	69BA0CDE","	Chamber1","	1","	B01??(%RH)","	83","	2026-07-24 17:19:15"
"	69BA0CDE","	Chamber1","	1","	B01??(?)","	5.2","	2026-07-24 17:19:15"
"	69BA0CDE","	Chamber1","	1","	B01??(%RH)","	83","	2026-07-24 17:19:13"
"	69BA0CDE","	Chamber1","	1","	B01??(?)","	5.2","	2026-07-24 17:19:13"
"	69BA0CDE","	Chamber1","	1","	B01??(%RH)","	83","	2026-07-24 17:19:11"
"	69BA0CDE","	Chamber1","	1","	B01??(?)","	5.2","	2026-07-24 17:19:11"
"	69BA0CDE","	Chamber1","	1","	B01??(%RH)","	83","	2026-07-24 17:19:09"
"	69BA0CDE","	Chamber1","	1","	B01??(?)","	5.2","	2026-07-24 17:19:09"
"	69BA0CDE","	Chamber1","	1","	B01??(%RH)","	83","	2026-07-24 17:19:07"
"	69BA0CDE","	Chamber1","	1","	B01??(?)","	5.2","	2026-07-24 17:19:07"
"	69BA0CDE","	Chamber1","	1","	B01??(%RH)","	83","	2026-07-24 17:19:05"
"	69BA0CDE","	Chamber1","	1","	B01??(?)","	5.3","	2026-07-24 17:19:05"
"	69BA0CDE","	Chamber1","	1","	B01??(%RH)","	83","	2026-07-24 17:19:03"
"	69BA0CDE","	Chamber1","	1","	B01??(?)","	5.2","	2026-07-24 17:19:03"
"	69BA0CDE","	Chamber1","	1","	B01??(%RH)","	83","	2026-07-24 17:19:00"
"	69BA0CDE","	Chamber1","	1","	B01??(?)","	5.3","	2026-07-24 17:19:00"
"	69BA0CDE","	Chamber1","	1","	B01??(%RH)","	83","	2026-07-24 17:18:58"
"	69BA0CDE","	Chamber1","	1","	B01??(?)","	5.3","	2026-07-24 17:18:58"
"	69BA0CDE","	Chamber1","	1","	B01??(%RH)","	83","	2026-07-24 17:18:56"
"	69BA0CDE","	Chamber1","	1","	B01??(?)","	5.3","	2026-07-24 17:18:56"
"	69BA0CDE","	Chamber1","	1","	B01??(%RH)","	83","	2026-07-24 17:18:54"
"	69BA0CDE","	Chamber1","	1","	B01??(?)","	5.2","	2026-07-24 17:18:54"
"	69BA0CDE","	Chamber1","	1","	B01??(%RH)","	83","	2026-07-24 17:18:52"
"	69BA0CDE","	Chamber1","	1","	B01??(?)","	5.2","	2026-07-24 17:18:52"
"	69BA0CDE","	Chamber1","	1","	B01??(%RH)","	83","	2026-07-24 17:18:50"
"	69BA0CDE","	Chamber1","	1","	B01??(?)","	5.2","	2026-07-24 17:18:50"
"	69BA0CDE","	Chamber1","	1","	B01??(%RH)","	83","	2026-07-24 17:18:48"
"	69BA0CDE","	Chamber1","	1","	B01??(?)","	5.2","	2026-07-24 17:18:48"
"	69BA0CDE","	Chamber1","	1","	B01??(%RH)","	83","	2026-07-24 17:18:46"
"	69BA0CDE","	Chamber1","	1","	B01??(?)","	5.2","	2026-07-24 17:18:46"
"	69BA0CDE","	Chamber1","	1","	B01??(%RH)","	83","	2026-07-24 17:18:44"
"	69BA0CDE","	Chamber1","	1","	B01??(?)","	5.2","	2026-07-24 17:18:44"
"	69BA0CDE","	Chamber1","	1","	B01??(%RH)","	83","	2026-07-24 17:18:42"
"	69BA0CDE","	Chamber1","	1","	B01??(?)","	5.3","	2026-07-24 17:18:42"
"	69BA0CDE","	Chamber1","	1","	B01??(%RH)","	83","	2026-07-24 17:18:40"
"	69BA0CDE","	Chamber1","	1","	B01??(?)","	5.3","	2026-07-24 17:18:40"
"	69BA0CDE","	Chamber1","	1","	B01??(%RH)","	83","	2026-07-24 17:18:38"
"	69BA0CDE","	Chamber1","	1","	B01??(?)","	5.3","	2026-07-24 17:18:38"
"	69BA0CDE","	Chamber1","	1","	B01??(%RH)","	83","	2026-07-24 17:18:36"
"	69BA0CDE","	Chamber1","	1","	B01??(?)","	5.2","	2026-07-24 17:18:36"
"	69BA0CDE","	Chamber1","	1","	B01??(%RH)","	83","	2026-07-24 17:18:34"
"	69BA0CDE","	Chamber1","	1","	B01??(?)","	5.2","	2026-07-24 17:18:34"
"	69BA0CDE","	Chamber1","	1","	B01??(%RH)","	83","	2026-07-24 17:18:32"
"	69BA0CDE","	Chamber1","	1","	B01??(?)","	5.3","	2026-07-24 17:18:32"
"	69BA0CDE","	Chamber1","	1","	B01??(%RH)","	83","	2026-07-24 17:18:30"
"	69BA0CDE","	Chamber1","	1","	B01??(?)","	5.2","	2026-07-24 17:18:30"
"	69BA0CDE","	Chamber1","	1","	B01??(%RH)","	82.9","	2026-07-24 17:18:28"
"	69BA0CDE","	Chamber1","	1","	B01??(?)","	5.2","	2026-07-24 17:18:28"
"	69BA0CDE","	Chamber1","	1","	B01??(%RH)","	83","	2026-07-24 17:18:26"
"	69BA0CDE","	Chamber1","	1","	B01??(?)","	5.2","	2026-07-24 17:18:26"
"	69BA0CDE","	Chamber1","	1","	B01??(%RH)","	83","	2026-07-24 17:18:24"
"	69BA0CDE","	Chamber1","	1","	B01??(?)","	5.2","	2026-07-24 17:18:24"
"	69BA0CDE","	Chamber1","	1","	B01??(%RH)","	82.9","	2026-07-24 17:18:22"
"	69BA0CDE","	Chamber1","	1","	B01??(?)","	5.2","	2026-07-24 17:18:22"
"	69BA0CDE","	Chamber1","	1","	B01??(%RH)","	83","	2026-07-24 17:18:20"
"	69BA0CDE","	Chamber1","	1","	B01??(?)","	5.2","	2026-07-24 17:18:20"
"	69BA0CDE","	Chamber1","	1","	B01??(%RH)","	83","	2026-07-24 17:18:17"
"	69BA0CDE","	Chamber1","	1","	B01??(?)","	5.3","	2026-07-24 17:18:17"
"	69BA0CDE","	Chamber1","	1","	B01??(%RH)","	83","	2026-07-24 17:18:15"
"	69BA0CDE","	Chamber1","	1","	B01??(?)","	5.2","	2026-07-24 17:18:15"
"	69BA0CDE","	Chamber1","	1","	B01??(%RH)","	83","	2026-07-24 17:18:13"
"	69BA0CDE","	Chamber1","	1","	B01??(?)","	5.3","	2026-07-24 17:18:13"
"	69BA0CDE","	Chamber1","	1","	B01??(%RH)","	83","	2026-07-24 17:18:11"
"	69BA0CDE","	Chamber1","	1","	B01??(?)","	5.3","	2026-07-24 17:18:11"
"	69BA0CDE","	Chamber1","	1","	B01??(%RH)","	82.9","	2026-07-24 17:18:09"
"	69BA0CDE","	Chamber1","	1","	B01??(?)","	5.2","	2026-07-24 17:18:09"
"	69BA0CDE","	Chamber1","	1","	B01??(%RH)","	83","	2026-07-24 17:18:07"
"	69BA0CDE","	Chamber1","	1","	B01??(?)","	5.2","	2026-07-24 17:18:07"
"	69BA0CDE","	Chamber1","	1","	B01??(%RH)","	82.9","	2026-07-24 17:18:05"
"	69BA0CDE","	Chamber1","	1","	B01??(?)","	5.2","	2026-07-24 17:18:05"
"	69BA0CDE","	Chamber1","	1","	B01??(%RH)","	82.9","	2026-07-24 17:18:03"
"	69BA0CDE","	Chamber1","	1","	B01??(?)","	5.2","	2026-07-24 17:18:03"
"	69BA0CDE","	Chamber1","	1","	B01??(%RH)","	83","	2026-07-24 17:18:01"
"	69BA0CDE","	Chamber1","	1","	B01??(?)","	5.2","	2026-07-24 17:18:01"
"	69BA0CDE","	Chamber1","	1","	B01??(%RH)","	82.9","	2026-07-24 17:17:59"
"	69BA0CDE","	Chamber1","	1","	B01??(?)","	5.2","	2026-07-24 17:17:59"
"	69BA0CDE","	Chamber1","	1","	B01??(%RH)","	82.9","	2026-07-24 17:17:57"
"	69BA0CDE","	Chamber1","	1","	B01??(?)","	5.3","	2026-07-24 17:17:57"
"	69BA0CDE","	Chamber1","	1","	B01??(%RH)","	82.9","	2026-07-24 17:17:55"
"	69BA0CDE","	Chamber1","	1","	B01??(?)","	5.2","	2026-07-24 17:17:55"
"	69BA0CDE","	Chamber1","	1","	B01??(%RH)","	82.9","	2026-07-24 17:17:53"
"	69BA0CDE","	Chamber1","	1","	B01??(?)","	5.2","	2026-07-24 17:17:53"
"	69BA0CDE","	Chamber1","	1","	B01??(%RH)","	82.9","	2026-07-24 17:17:51"
"	69BA0CDE","	Chamber1","	1","	B01??(?)","	5.2","	2026-07-24 17:17:51"
"	69BA0CDE","	Chamber1","	1","	B01??(%RH)","	82.9","	2026-07-24 17:17:49"
"	69BA0CDE","	Chamber1","	1","	B01??(?)","	5.2","	2026-07-24 17:17:49"
"	69BA0CDE","	Chamber1","	1","	B01??(%RH)","	82.9","	2026-07-24 17:17:47"
"	69BA0CDE","	Chamber1","	1","	B01??(?)","	5.3","	2026-07-24 17:17:47"
"	69BA0CDE","	Chamber1","	1","	B01??(%RH)","	82.9","	2026-07-24 17:17:45"
"	69BA0CDE","	Chamber1","	1","	B01??(?)","	5.2","	2026-07-24 17:17:45"
"	69BA0CDE","	Chamber1","	1","	B01??(%RH)","	82.9","	2026-07-24 17:17:43"
"	69BA0CDE","	Chamber1","	1","	B01??(?)","	5.2","	2026-07-24 17:17:43"
"	69BA0CDE","	Chamber1","	1","	B01??(%RH)","	82.9","	2026-07-24 17:17:41"
"	69BA0CDE","	Chamber1","	1","	B01??(?)","	5.2","	2026-07-24 17:17:41"
"	69BA0CDE","	Chamber1","	1","	B01??(%RH)","	82.9","	2026-07-24 17:17:39"
"	69BA0CDE","	Chamber1","	1","	B01??(?)","	5.3","	2026-07-24 17:17:39"
"	69BA0CDE","	Chamber1","	1","	B01??(%RH)","	82.9","	2026-07-24 17:17:37"
"	69BA0CDE","	Chamber1","	1","	B01??(?)","	5.2","	2026-07-24 17:17:37"
"	69BA0CDE","	Chamber1","	1","	B01??(%RH)","	82.9","	2026-07-24 17:17:34"
"	69BA0CDE","	Chamber1","	1","	B01??(?)","	5.2","	2026-07-24 17:17:34"
"	69BA0CDE","	Chamber1","	1","	B01??(%RH)","	82.9","	2026-07-24 17:17:32"
"	69BA0CDE","	Chamber1","	1","	B01??(?)","	5.2","	2026-07-24 17:17:32"
"	69BA0CDE","	Chamber1","	1","	B01??(%RH)","	82.9","	2026-07-24 17:17:30"
"	69BA0CDE","	Chamber1","	1","	B01??(?)","	5.2","	2026-07-24 17:17:30"
"	69BA0CDE","	Chamber1","	1","	B01??(%RH)","	82.9","	2026-07-24 17:17:28"
"	69BA0CDE","	Chamber1","	1","	B01??(?)","	5.2","	2026-07-24 17:17:28"
"	69BA0CDE","	Chamber1","	1","	B01??(%RH)","	82.9","	2026-07-24 17:17:26"
"	69BA0CDE","	Chamber1","	1","	B01??(?)","	5.3","	2026-07-24 17:17:26"
"	69BA0CDE","	Chamber1","	1","	B01??(%RH)","	82.9","	2026-07-24 17:17:24"
"	69BA0CDE","	Chamber1","	1","	B01??(?)","	5.2","	2026-07-24 17:17:24"
"	69BA0CDE","	Chamber1","	1","	B01??(%RH)","	82.9","	2026-07-24 17:17:22"
"	69BA0CDE","	Chamber1","	1","	B01??(?)","	5.3","	2026-07-24 17:17:22"
"	69BA0CDE","	Chamber1","	1","	B01??(%RH)","	82.9","	2026-07-24 17:17:20"
"	69BA0CDE","	Chamber1","	1","	B01??(?)","	5.3","	2026-07-24 17:17:20"
"	69BA0CDE","	Chamber1","	1","	B01??(%RH)","	82.9","	2026-07-24 17:17:18"
"	69BA0CDE","	Chamber1","	1","	B01??(?)","	5.3","	2026-07-24 17:17:18"
"	69BA0CDE","	Chamber1","	1","	B01??(%RH)","	82.9","	2026-07-24 17:17:16"
"	69BA0CDE","	Chamber1","	1","	B01??(?)","	5.3","	2026-07-24 17:17:16"
"	69BA0CDE","	Chamber1","	1","	B01??(%RH)","	82.9","	2026-07-24 17:17:14"
"	69BA0CDE","	Chamber1","	1","	B01??(?)","	5.3","	2026-07-24 17:17:14"
"	69BA0CDE","	Chamber1","	1","	B01??(%RH)","	82.9","	2026-07-24 17:17:12"
"	69BA0CDE","	Chamber1","	1","	B01??(?)","	5.2","	2026-07-24 17:17:12"
"	69BA0CDE","	Chamber1","	1","	B01??(%RH)","	82.9","	2026-07-24 17:17:10"
"	69BA0CDE","	Chamber1","	1","	B01??(?)","	5.2","	2026-07-24 17:17:10"
"	69BA0CDE","	Chamber1","	1","	B01??(%RH)","	82.9","	2026-07-24 17:17:08"
"	69BA0CDE","	Chamber1","	1","	B01??(?)","	5.2","	2026-07-24 17:17:08"
"	69BA0CDE","	Chamber1","	1","	B01??(%RH)","	82.9","	2026-07-24 17:17:06"
"	69BA0CDE","	Chamber1","	1","	B01??(?)","	5.2","	2026-07-24 17:17:06"
"	69BA0CDE","	Chamber1","	1","	B01??(%RH)","	82.9","	2026-07-24 17:17:04"
"	69BA0CDE","	Chamber1","	1","	B01??(?)","	5.2","	2026-07-24 17:17:04"
"	69BA0CDE","	Chamber1","	1","	B01??(%RH)","	82.9","	2026-07-24 17:17:02"
"	69BA0CDE","	Chamber1","	1","	B01??(?)","	5.2","	2026-07-24 17:17:02"
"	69BA0CDE","	Chamber1","	1","	B01??(%RH)","	82.9","	2026-07-24 17:17:00"
"	69BA0CDE","	Chamber1","	1","	B01??(?)","	5.2","	2026-07-24 17:17:00"
"	69BA0CDE","	Chamber1","	1","	B01??(%RH)","	82.9","	2026-07-24 17:16:58"
"	69BA0CDE","	Chamber1","	1","	B01??(?)","	5.2","	2026-07-24 17:16:58"
"	69BA0CDE","	Chamber1","	1","	B01??(%RH)","	82.8","	2026-07-24 17:16:56"
"	69BA0CDE","	Chamber1","	1","	B01??(?)","	5.2","	2026-07-24 17:16:56"
"	69BA0CDE","	Chamber1","	1","	B01??(%RH)","	82.9","	2026-07-24 17:16:53"
"	69BA0CDE","	Chamber1","	1","	B01??(?)","	5.3","	2026-07-24 17:16:53"
"	69BA0CDE","	Chamber1","	1","	B01??(%RH)","	82.9","	2026-07-24 17:16:51"
"	69BA0CDE","	Chamber1","	1","	B01??(?)","	5.2","	2026-07-24 17:16:51"
"	69BA0CDE","	Chamber1","	1","	B01??(%RH)","	82.9","	2026-07-24 17:16:49"
"	69BA0CDE","	Chamber1","	1","	B01??(?)","	5.2","	2026-07-24 17:16:49"
"	69BA0CDE","	Chamber1","	1","	B01??(%RH)","	82.9","	2026-07-24 17:16:47"
"	69BA0CDE","	Chamber1","	1","	B01??(?)","	5.2","	2026-07-24 17:16:47"
"	69BA0CDE","	Chamber1","	1","	B01??(%RH)","	82.9","	2026-07-24 17:16:45"
"	69BA0CDE","	Chamber1","	1","	B01??(?)","	5.2","	2026-07-24 17:16:45"
"	69BA0CDE","	Chamber1","	1","	B01??(%RH)","	82.9","	2026-07-24 17:16:43"
"	69BA0CDE","	Chamber1","	1","	B01??(?)","	5.2","	2026-07-24 17:16:43"
"	69BA0CDE","	Chamber1","	1","	B01??(%RH)","	82.9","	2026-07-24 17:16:41"
"	69BA0CDE","	Chamber1","	1","	B01??(?)","	5.2","	2026-07-24 17:16:41"
"	69BA0CDE","	Chamber1","	1","	B01??(%RH)","	82.9","	2026-07-24 17:16:39"
"	69BA0CDE","	Chamber1","	1","	B01??(?)","	5.2","	2026-07-24 17:16:39"
"	69BA0CDE","	Chamber1","	1","	B01??(%RH)","	82.9","	2026-07-24 17:16:37"
"	69BA0CDE","	Chamber1","	1","	B01??(?)","	5.2","	2026-07-24 17:16:37"
"	69BA0CDE","	Chamber1","	1","	B01??(%RH)","	82.8","	2026-07-24 17:16:35"
"	69BA0CDE","	Chamber1","	1","	B01??(?)","	5.2","	2026-07-24 17:16:35"
"	69BA0CDE","	Chamber1","	1","	B01??(%RH)","	82.9","	2026-07-24 17:16:33"
"	69BA0CDE","	Chamber1","	1","	B01??(?)","	5.3","	2026-07-24 17:16:33"
"	69BA0CDE","	Chamber1","	1","	B01??(%RH)","	82.9","	2026-07-24 17:16:31"
"	69BA0CDE","	Chamber1","	1","	B01??(?)","	5.2","	2026-07-24 17:16:31"
"	69BA0CDE","	Chamber1","	1","	B01??(%RH)","	82.8","	2026-07-24 17:16:29"
"	69BA0CDE","	Chamber1","	1","	B01??(?)","	5.2","	2026-07-24 17:16:29"
"	69BA0CDE","	Chamber1","	1","	B01??(%RH)","	82.9","	2026-07-24 17:16:27"
"	69BA0CDE","	Chamber1","	1","	B01??(?)","	5.3","	2026-07-24 17:16:27"
"	69BA0CDE","	Chamber1","	1","	B01??(%RH)","	82.9","	2026-07-24 17:16:25"
"	69BA0CDE","	Chamber1","	1","	B01??(?)","	5.3","	2026-07-24 17:16:25"
"	69BA0CDE","	Chamber1","	1","	B01??(%RH)","	82.8","	2026-07-24 17:16:23"
"	69BA0CDE","	Chamber1","	1","	B01??(?)","	5.3","	2026-07-24 17:16:23"
"	69BA0CDE","	Chamber1","	1","	B01??(%RH)","	82.8","	2026-07-24 17:16:21"
"	69BA0CDE","	Chamber1","	1","	B01??(?)","	5.2","	2026-07-24 17:16:21"
"	69BA0CDE","	Chamber1","	1","	B01??(%RH)","	82.9","	2026-07-24 17:16:19"
"	69BA0CDE","	Chamber1","	1","	B01??(?)","	5.3","	2026-07-24 17:16:19"
"	69BA0CDE","	Chamber1","	1","	B01??(%RH)","	82.9","	2026-07-24 17:16:17"
"	69BA0CDE","	Chamber1","	1","	B01??(?)","	5.2","	2026-07-24 17:16:17"
"	69BA0CDE","	Chamber1","	1","	B01??(%RH)","	82.8","	2026-07-24 17:16:15"
"	69BA0CDE","	Chamber1","	1","	B01??(?)","	5.3","	2026-07-24 17:16:15"
"	69BA0CDE","	Chamber1","	1","	B01??(%RH)","	82.8","	2026-07-24 17:16:13"
"	69BA0CDE","	Chamber1","	1","	B01??(?)","	5.2","	2026-07-24 17:16:13"
"	69BA0CDE","	Chamber1","	1","	B01??(%RH)","	82.8","	2026-07-24 17:16:10"
"	69BA0CDE","	Chamber1","	1","	B01??(?)","	5.3","	2026-07-24 17:16:10"
"	69BA0CDE","	Chamber1","	1","	B01??(%RH)","	82.8","	2026-07-24 17:16:08"
"	69BA0CDE","	Chamber1","	1","	B01??(?)","	5.2","	2026-07-24 17:16:08"
"	69BA0CDE","	Chamber1","	1","	B01??(%RH)","	82.8","	2026-07-24 17:16:06"
"	69BA0CDE","	Chamber1","	1","	B01??(?)","	5.2","	2026-07-24 17:16:06"
"	69BA0CDE","	Chamber1","	1","	B01??(%RH)","	82.8","	2026-07-24 17:16:04"
"	69BA0CDE","	Chamber1","	1","	B01??(?)","	5.3","	2026-07-24 17:16:04"
"	69BA0CDE","	Chamber1","	1","	B01??(%RH)","	82.8","	2026-07-24 17:16:02"
"	69BA0CDE","	Chamber1","	1","	B01??(?)","	5.3","	2026-07-24 17:16:02"
"	69BA0CDE","	Chamber1","	1","	B01??(%RH)","	82.8","	2026-07-24 17:16:00"
"	69BA0CDE","	Chamber1","	1","	B01??(?)","	5.3","	2026-07-24 17:16:00"
"	69BA0CDE","	Chamber1","	1","	B01??(%RH)","	82.9","	2026-07-24 17:15:58"
"	69BA0CDE","	Chamber1","	1","	B01??(?)","	5.2","	2026-07-24 17:15:58"
"	69BA0CDE","	Chamber1","	1","	B01??(%RH)","	82.8","	2026-07-24 17:15:56"
"	69BA0CDE","	Chamber1","	1","	B01??(?)","	5.3","	2026-07-24 17:15:56"
"	69BA0CDE","	Chamber1","	1","	B01??(%RH)","	82.8","	2026-07-24 17:15:54"
"	69BA0CDE","	Chamber1","	1","	B01??(?)","	5.2","	2026-07-24 17:15:54"
"	69BA0CDE","	Chamber1","	1","	B01??(%RH)","	82.8","	2026-07-24 17:15:52"
"	69BA0CDE","	Chamber1","	1","	B01??(?)","	5.2","	2026-07-24 17:15:52"
"	69BA0CDE","	Chamber1","	1","	B01??(%RH)","	82.8","	2026-07-24 17:15:50"
"	69BA0CDE","	Chamber1","	1","	B01??(?)","	5.2","	2026-07-24 17:15:50"
"	69BA0CDE","	Chamber1","	1","	B01??(%RH)","	82.8","	2026-07-24 17:15:48"
"	69BA0CDE","	Chamber1","	1","	B01??(?)","	5.3","	2026-07-24 17:15:48"
"	69BA0CDE","	Chamber1","	1","	B01??(%RH)","	82.8","	2026-07-24 17:15:46"
"	69BA0CDE","	Chamber1","	1","	B01??(?)","	5.3","	2026-07-24 17:15:46"
"	69BA0CDE","	Chamber1","	1","	B01??(%RH)","	82.8","	2026-07-24 17:15:44"
"	69BA0CDE","	Chamber1","	1","	B01??(?)","	5.2","	2026-07-24 17:15:44"
"	69BA0CDE","	Chamber1","	1","	B01??(%RH)","	82.8","	2026-07-24 17:15:42"
"	69BA0CDE","	Chamber1","	1","	B01??(?)","	5.3","	2026-07-24 17:15:42"
"	69BA0CDE","	Chamber1","	1","	B01??(%RH)","	82.8","	2026-07-24 17:15:40"
"	69BA0CDE","	Chamber1","	1","	B01??(?)","	5.3","	2026-07-24 17:15:40"
"	69BA0CDE","	Chamber1","	1","	B01??(%RH)","	82.8","	2026-07-24 17:15:38"
"	69BA0CDE","	Chamber1","	1","	B01??(?)","	5.3","	2026-07-24 17:15:38"
"	69BA0CDE","	Chamber1","	1","	B01??(%RH)","	82.8","	2026-07-24 17:15:36"
"	69BA0CDE","	Chamber1","	1","	B01??(?)","	5.3","	2026-07-24 17:15:36"
"	69BA0CDE","	Chamber1","	1","	B01??(%RH)","	82.8","	2026-07-24 17:15:34"
"	69BA0CDE","	Chamber1","	1","	B01??(?)","	5.2","	2026-07-24 17:15:34"
"	69BA0CDE","	Chamber1","	1","	B01??(%RH)","	82.8","	2026-07-24 17:15:32"
"	69BA0CDE","	Chamber1","	1","	B01??(?)","	5.2","	2026-07-24 17:15:32"
"	69BA0CDE","	Chamber1","	1","	B01??(%RH)","	82.8","	2026-07-24 17:15:30"
"	69BA0CDE","	Chamber1","	1","	B01??(?)","	5.3","	2026-07-24 17:15:30"
"	69BA0CDE","	Chamber1","	1","	B01??(%RH)","	82.8","	2026-07-24 17:15:27"
"	69BA0CDE","	Chamber1","	1","	B01??(?)","	5.2","	2026-07-24 17:15:27"
"	69BA0CDE","	Chamber1","	1","	B01??(%RH)","	82.8","	2026-07-24 17:15:25"
"	69BA0CDE","	Chamber1","	1","	B01??(?)","	5.3","	2026-07-24 17:15:25"
"	69BA0CDE","	Chamber1","	1","	B01??(%RH)","	82.8","	2026-07-24 17:15:23"
"	69BA0CDE","	Chamber1","	1","	B01??(?)","	5.3","	2026-07-24 17:15:23"
"	69BA0CDE","	Chamber1","	1","	B01??(%RH)","	82.8","	2026-07-24 17:15:21"
"	69BA0CDE","	Chamber1","	1","	B01??(?)","	5.3","	2026-07-24 17:15:21"
"	69BA0CDE","	Chamber1","	1","	B01??(%RH)","	82.8","	2026-07-24 17:15:19"
"	69BA0CDE","	Chamber1","	1","	B01??(?)","	5.2","	2026-07-24 17:15:19"
"	69BA0CDE","	Chamber1","	1","	B01??(%RH)","	82.8","	2026-07-24 17:15:17"
"	69BA0CDE","	Chamber1","	1","	B01??(?)","	5.3","	2026-07-24 17:15:17"
"	69BA0CDE","	Chamber1","	1","	B01??(%RH)","	82.8","	2026-07-24 17:15:15"
"	69BA0CDE","	Chamber1","	1","	B01??(?)","	5.3","	2026-07-24 17:15:15"
"	69BA0CDE","	Chamber1","	1","	B01??(%RH)","	82.8","	2026-07-24 17:15:13"
"	69BA0CDE","	Chamber1","	1","	B01??(?)","	5.3","	2026-07-24 17:15:13"
"	69BA0CDE","	Chamber1","	1","	B01??(%RH)","	82.8","	2026-07-24 17:15:11"
"	69BA0CDE","	Chamber1","	1","	B01??(?)","	5.3","	2026-07-24 17:15:11"
"	69BA0CDE","	Chamber1","	1","	B01??(%RH)","	82.8","	2026-07-24 17:15:09"
"	69BA0CDE","	Chamber1","	1","	B01??(?)","	5.2","	2026-07-24 17:15:09"
"	69BA0CDE","	Chamber1","	1","	B01??(%RH)","	82.8","	2026-07-24 17:15:07"
"	69BA0CDE","	Chamber1","	1","	B01??(?)","	5.3","	2026-07-24 17:15:07"
"	69BA0CDE","	Chamber1","	1","	B01??(%RH)","	82.8","	2026-07-24 17:15:05"
"	69BA0CDE","	Chamber1","	1","	B01??(?)","	5.2","	2026-07-24 17:15:05"
"	69BA0CDE","	Chamber1","	1","	B01??(%RH)","	82.8","	2026-07-24 17:15:03"
"	69BA0CDE","	Chamber1","	1","	B01??(?)","	5.3","	2026-07-24 17:15:03"
"	69BA0CDE","	Chamber1","	1","	B01??(%RH)","	82.8","	2026-07-24 17:15:01"
"	69BA0CDE","	Chamber1","	1","	B01??(?)","	5.3","	2026-07-24 17:15:01"
"	69BA0CDE","	Chamber1","	1","	B01??(%RH)","	82.8","	2026-07-24 17:14:59"
"	69BA0CDE","	Chamber1","	1","	B01??(?)","	5.3","	2026-07-24 17:14:59"
"	69BA0CDE","	Chamber1","	1","	B01??(%RH)","	82.7","	2026-07-24 17:14:57"
"	69BA0CDE","	Chamber1","	1","	B01??(?)","	5.2","	2026-07-24 17:14:57"
"	69BA0CDE","	Chamber1","	1","	B01??(%RH)","	82.8","	2026-07-24 17:14:55"
"	69BA0CDE","	Chamber1","	1","	B01??(?)","	5.3","	2026-07-24 17:14:55"
"	69BA0CDE","	Chamber1","	1","	B01??(%RH)","	82.7","	2026-07-24 17:14:53"
"	69BA0CDE","	Chamber1","	1","	B01??(?)","	5.3","	2026-07-24 17:14:53"
"	69BA0CDE","	Chamber1","	1","	B01??(%RH)","	82.8","	2026-07-24 17:14:51"
"	69BA0CDE","	Chamber1","	1","	B01??(?)","	5.3","	2026-07-24 17:14:51"
"	69BA0CDE","	Chamber1","	1","	B01??(%RH)","	82.7","	2026-07-24 17:14:49"
"	69BA0CDE","	Chamber1","	1","	B01??(?)","	5.2","	2026-07-24 17:14:49"
"	69BA0CDE","	Chamber1","	1","	B01??(%RH)","	82.7","	2026-07-24 17:14:47"
"	69BA0CDE","	Chamber1","	1","	B01??(?)","	5.3","	2026-07-24 17:14:47"
"	69BA0CDE","	Chamber1","	1","	B01??(%RH)","	82.7","	2026-07-24 17:14:44"
"	69BA0CDE","	Chamber1","	1","	B01??(?)","	5.3","	2026-07-24 17:14:44"
"	69BA0CDE","	Chamber1","	1","	B01??(%RH)","	82.7","	2026-07-24 17:14:42"
"	69BA0CDE","	Chamber1","	1","	B01??(?)","	5.2","	2026-07-24 17:14:42"
"	69BA0CDE","	Chamber1","	1","	B01??(%RH)","	82.7","	2026-07-24 17:14:40"
"	69BA0CDE","	Chamber1","	1","	B01??(?)","	5.3","	2026-07-24 17:14:40"
"	69BA0CDE","	Chamber1","	1","	B01??(%RH)","	82.7","	2026-07-24 17:14:38"
"	69BA0CDE","	Chamber1","	1","	B01??(?)","	5.3","	2026-07-24 17:14:38"
"	69BA0CDE","	Chamber1","	1","	B01??(%RH)","	82.7","	2026-07-24 17:14:36"
"	69BA0CDE","	Chamber1","	1","	B01??(?)","	5.2","	2026-07-24 17:14:36"
"	69BA0CDE","	Chamber1","	1","	B01??(%RH)","	82.7","	2026-07-24 17:14:34"
"	69BA0CDE","	Chamber1","	1","	B01??(?)","	5.3","	2026-07-24 17:14:34"
"	69BA0CDE","	Chamber1","	1","	B01??(%RH)","	82.7","	2026-07-24 17:14:32"
"	69BA0CDE","	Chamber1","	1","	B01??(?)","	5.3","	2026-07-24 17:14:32"
"	69BA0CDE","	Chamber1","	1","	B01??(%RH)","	82.7","	2026-07-24 17:14:30"
"	69BA0CDE","	Chamber1","	1","	B01??(?)","	5.3","	2026-07-24 17:14:30"
"	69BA0CDE","	Chamber1","	1","	B01??(%RH)","	82.7","	2026-07-24 17:14:28"
"	69BA0CDE","	Chamber1","	1","	B01??(?)","	5.3","	2026-07-24 17:14:28"
"	69BA0CDE","	Chamber1","	1","	B01??(%RH)","	82.7","	2026-07-24 17:14:26"
"	69BA0CDE","	Chamber1","	1","	B01??(?)","	5.3","	2026-07-24 17:14:26"
"	69BA0CDE","	Chamber1","	1","	B01??(%RH)","	82.7","	2026-07-24 17:14:24"
"	69BA0CDE","	Chamber1","	1","	B01??(?)","	5.3","	2026-07-24 17:14:24"
"	69BA0CDE","	Chamber1","	1","	B01??(%RH)","	82.7","	2026-07-24 17:14:22"
"	69BA0CDE","	Chamber1","	1","	B01??(?)","	5.2","	2026-07-24 17:14:22"
"	69BA0CDE","	Chamber1","	1","	B01??(%RH)","	82.7","	2026-07-24 17:14:20"
"	69BA0CDE","	Chamber1","	1","	B01??(?)","	5.3","	2026-07-24 17:14:20"
"	69BA0CDE","	Chamber1","	1","	B01??(%RH)","	82.7","	2026-07-24 17:14:18"
"	69BA0CDE","	Chamber1","	1","	B01??(?)","	5.3","	2026-07-24 17:14:18"
"	69BA0CDE","	Chamber1","	1","	B01??(%RH)","	82.7","	2026-07-24 17:14:16"
"	69BA0CDE","	Chamber1","	1","	B01??(?)","	5.2","	2026-07-24 17:14:16"
"	69BA0CDE","	Chamber1","	1","	B01??(%RH)","	82.7","	2026-07-24 17:14:14"
"	69BA0CDE","	Chamber1","	1","	B01??(?)","	5.3","	2026-07-24 17:14:14"
"	69BA0CDE","	Chamber1","	1","	B01??(%RH)","	82.7","	2026-07-24 17:14:12"
"	69BA0CDE","	Chamber1","	1","	B01??(?)","	5.2","	2026-07-24 17:14:12"
"	69BA0CDE","	Chamber1","	1","	B01??(%RH)","	82.7","	2026-07-24 17:14:10"
"	69BA0CDE","	Chamber1","	1","	B01??(?)","	5.3","	2026-07-24 17:14:10"
"	69BA0CDE","	Chamber1","	1","	B01??(%RH)","	82.7","	2026-07-24 17:14:08"
"	69BA0CDE","	Chamber1","	1","	B01??(?)","	5.2","	2026-07-24 17:14:08"
"	69BA0CDE","	Chamber1","	1","	B01??(%RH)","	82.7","	2026-07-24 17:14:06"
"	69BA0CDE","	Chamber1","	1","	B01??(?)","	5.3","	2026-07-24 17:14:06"
"	69BA0CDE","	Chamber1","	1","	B01??(%RH)","	82.7","	2026-07-24 17:14:04"
"	69BA0CDE","	Chamber1","	1","	B01??(?)","	5.3","	2026-07-24 17:14:04"
"	69BA0CDE","	Chamber1","	1","	B01??(%RH)","	82.7","	2026-07-24 17:14:02"
"	69BA0CDE","	Chamber1","	1","	B01??(?)","	5.3","	2026-07-24 17:14:02"
"	69BA0CDE","	Chamber1","	1","	B01??(%RH)","	82.7","	2026-07-24 17:13:59"
"	69BA0CDE","	Chamber1","	1","	B01??(?)","	5.3","	2026-07-24 17:13:59"
"	69BA0CDE","	Chamber1","	1","	B01??(%RH)","	82.7","	2026-07-24 17:13:57"
"	69BA0CDE","	Chamber1","	1","	B01??(?)","	5.3","	2026-07-24 17:13:57"
"	69BA0CDE","	Chamber1","	1","	B01??(%RH)","	82.7","	2026-07-24 17:13:55"
"	69BA0CDE","	Chamber1","	1","	B01??(?)","	5.3","	2026-07-24 17:13:55"
"	69BA0CDE","	Chamber1","	1","	B01??(%RH)","	82.7","	2026-07-24 17:13:53"
"	69BA0CDE","	Chamber1","	1","	B01??(?)","	5.3","	2026-07-24 17:13:53"
"	69BA0CDE","	Chamber1","	1","	B01??(%RH)","	82.7","	2026-07-24 17:13:51"
"	69BA0CDE","	Chamber1","	1","	B01??(?)","	5.3","	2026-07-24 17:13:51"
"	69BA0CDE","	Chamber1","	1","	B01??(%RH)","	82.7","	2026-07-24 17:13:49"
"	69BA0CDE","	Chamber1","	1","	B01??(?)","	5.3","	2026-07-24 17:13:49"
"	69BA0CDE","	Chamber1","	1","	B01??(%RH)","	82.6","	2026-07-24 17:13:47"
"	69BA0CDE","	Chamber1","	1","	B01??(?)","	5.3","	2026-07-24 17:13:47"
"	69BA0CDE","	Chamber1","	1","	B01??(%RH)","	82.7","	2026-07-24 17:13:45"
"	69BA0CDE","	Chamber1","	1","	B01??(?)","	5.2","	2026-07-24 17:13:45"
"	69BA0CDE","	Chamber1","	1","	B01??(%RH)","	82.6","	2026-07-24 17:13:43"
"	69BA0CDE","	Chamber1","	1","	B01??(?)","	5.3","	2026-07-24 17:13:43"
"	69BA0CDE","	Chamber1","	1","	B01??(%RH)","	82.6","	2026-07-24 17:13:41"
"	69BA0CDE","	Chamber1","	1","	B01??(?)","	5.3","	2026-07-24 17:13:41"
"	69BA0CDE","	Chamber1","	1","	B01??(%RH)","	82.6","	2026-07-24 17:13:39"
"	69BA0CDE","	Chamber1","	1","	B01??(?)","	5.3","	2026-07-24 17:13:39"
"	69BA0CDE","	Chamber1","	1","	B01??(%RH)","	82.6","	2026-07-24 17:13:37"
"	69BA0CDE","	Chamber1","	1","	B01??(?)","	5.3","	2026-07-24 17:13:37"
"	69BA0CDE","	Chamber1","	1","	B01??(%RH)","	82.6","	2026-07-24 17:13:35"
"	69BA0CDE","	Chamber1","	1","	B01??(?)","	5.2","	2026-07-24 17:13:35"
"	69BA0CDE","	Chamber1","	1","	B01??(%RH)","	82.6","	2026-07-24 17:13:33"
"	69BA0CDE","	Chamber1","	1","	B01??(?)","	5.3","	2026-07-24 17:13:33"
"	69BA0CDE","	Chamber1","	1","	B01??(%RH)","	82.6","	2026-07-24 17:13:31"
"	69BA0CDE","	Chamber1","	1","	B01??(?)","	5.3","	2026-07-24 17:13:31"
"	69BA0CDE","	Chamber1","	1","	B01??(%RH)","	82.6","	2026-07-24 17:13:29"
"	69BA0CDE","	Chamber1","	1","	B01??(?)","	5.3","	2026-07-24 17:13:29"
"	69BA0CDE","	Chamber1","	1","	B01??(%RH)","	82.6","	2026-07-24 17:13:27"
"	69BA0CDE","	Chamber1","	1","	B01??(?)","	5.3","	2026-07-24 17:13:27"
"	69BA0CDE","	Chamber1","	1","	B01??(%RH)","	82.6","	2026-07-24 17:13:25"
"	69BA0CDE","	Chamber1","	1","	B01??(?)","	5.3","	2026-07-24 17:13:25"
"	69BA0CDE","	Chamber1","	1","	B01??(%RH)","	82.6","	2026-07-24 17:13:23"
"	69BA0CDE","	Chamber1","	1","	B01??(?)","	5.3","	2026-07-24 17:13:23"
"	69BA0CDE","	Chamber1","	1","	B01??(%RH)","	82.6","	2026-07-24 17:13:21"
"	69BA0CDE","	Chamber1","	1","	B01??(?)","	5.3","	2026-07-24 17:13:21"
"	69BA0CDE","	Chamber1","	1","	B01??(%RH)","	82.6","	2026-07-24 17:13:19"
"	69BA0CDE","	Chamber1","	1","	B01??(?)","	5.3","	2026-07-24 17:13:19"
"	69BA0CDE","	Chamber1","	1","	B01??(%RH)","	82.6","	2026-07-24 17:13:16"
"	69BA0CDE","	Chamber1","	1","	B01??(?)","	5.3","	2026-07-24 17:13:16"
"	69BA0CDE","	Chamber1","	1","	B01??(%RH)","	82.5","	2026-07-24 17:13:14"
"	69BA0CDE","	Chamber1","	1","	B01??(?)","	5.3","	2026-07-24 17:13:14"
"	69BA0CDE","	Chamber1","	1","	B01??(%RH)","	82.5","	2026-07-24 17:13:12"
"	69BA0CDE","	Chamber1","	1","	B01??(?)","	5.2","	2026-07-24 17:13:12"
"	69BA0CDE","	Chamber1","	1","	B01??(%RH)","	82.5","	2026-07-24 17:13:10"
"	69BA0CDE","	Chamber1","	1","	B01??(?)","	5.3","	2026-07-24 17:13:10"
"	69BA0CDE","	Chamber1","	1","	B01??(%RH)","	82.5","	2026-07-24 17:13:08"
"	69BA0CDE","	Chamber1","	1","	B01??(?)","	5.2","	2026-07-24 17:13:08"
"	69BA0CDE","	Chamber1","	1","	B01??(%RH)","	82.5","	2026-07-24 17:13:06"
"	69BA0CDE","	Chamber1","	1","	B01??(?)","	5.3","	2026-07-24 17:13:06"
"	69BA0CDE","	Chamber1","	1","	B01??(%RH)","	82.5","	2026-07-24 17:13:04"
"	69BA0CDE","	Chamber1","	1","	B01??(?)","	5.3","	2026-07-24 17:13:04"
"	69BA0CDE","	Chamber1","	1","	B01??(%RH)","	82.5","	2026-07-24 17:13:02"
"	69BA0CDE","	Chamber1","	1","	B01??(?)","	5.3","	2026-07-24 17:13:02"
"	69BA0CDE","	Chamber1","	1","	B01??(%RH)","	82.5","	2026-07-24 17:13:00"
"	69BA0CDE","	Chamber1","	1","	B01??(?)","	5.3","	2026-07-24 17:13:00"
"	69BA0CDE","	Chamber1","	1","	B01??(%RH)","	82.5","	2026-07-24 17:12:58"
"	69BA0CDE","	Chamber1","	1","	B01??(?)","	5.3","	2026-07-24 17:12:58"
"	69BA0CDE","	Chamber1","	1","	B01??(%RH)","	82.5","	2026-07-24 17:12:56"
"	69BA0CDE","	Chamber1","	1","	B01??(?)","	5.3","	2026-07-24 17:12:56"
"	69BA0CDE","	Chamber1","	1","	B01??(%RH)","	82.5","	2026-07-24 17:12:54"
"	69BA0CDE","	Chamber1","	1","	B01??(?)","	5.3","	2026-07-24 17:12:54"
"	69BA0CDE","	Chamber1","	1","	B01??(%RH)","	82.5","	2026-07-24 17:12:52"
"	69BA0CDE","	Chamber1","	1","	B01??(?)","	5.3","	2026-07-24 17:12:52"
"	69BA0CDE","	Chamber1","	1","	B01??(%RH)","	82.5","	2026-07-24 17:12:50"
"	69BA0CDE","	Chamber1","	1","	B01??(?)","	5.3","	2026-07-24 17:12:50"
"	69BA0CDE","	Chamber1","	1","	B01??(%RH)","	82.5","	2026-07-24 17:12:48"
"	69BA0CDE","	Chamber1","	1","	B01??(?)","	5.3","	2026-07-24 17:12:48"
"	69BA0CDE","	Chamber1","	1","	B01??(%RH)","	82.5","	2026-07-24 17:12:46"
"	69BA0CDE","	Chamber1","	1","	B01??(?)","	5.3","	2026-07-24 17:12:46"
"	69BA0CDE","	Chamber1","	1","	B01??(%RH)","	82.5","	2026-07-24 17:12:44"
"	69BA0CDE","	Chamber1","	1","	B01??(?)","	5.3","	2026-07-24 17:12:44"
"	69BA0CDE","	Chamber1","	1","	B01??(%RH)","	82.5","	2026-07-24 17:12:42"
"	69BA0CDE","	Chamber1","	1","	B01??(?)","	5.3","	2026-07-24 17:12:42"
"	69BA0CDE","	Chamber1","	1","	B01??(%RH)","	82.5","	2026-07-24 17:12:40"
"	69BA0CDE","	Chamber1","	1","	B01??(?)","	5.3","	2026-07-24 17:12:40"
"	69BA0CDE","	Chamber1","	1","	B01??(%RH)","	82.5","	2026-07-24 17:12:38"
"	69BA0CDE","	Chamber1","	1","	B01??(?)","	5.3","	2026-07-24 17:12:38"
"	69BA0CDE","	Chamber1","	1","	B01??(%RH)","	82.5","	2026-07-24 17:12:36"
"	69BA0CDE","	Chamber1","	1","	B01??(?)","	5.3","	2026-07-24 17:12:36"
"	69BA0CDE","	Chamber1","	1","	B01??(%RH)","	82.5","	2026-07-24 17:12:33"
"	69BA0CDE","	Chamber1","	1","	B01??(?)","	5.3","	2026-07-24 17:12:33"
"	69BA0CDE","	Chamber1","	1","	B01??(%RH)","	82.5","	2026-07-24 17:12:31"
"	69BA0CDE","	Chamber1","	1","	B01??(?)","	5.3","	2026-07-24 17:12:31"
"	69BA0CDE","	Chamber1","	1","	B01??(%RH)","	82.5","	2026-07-24 17:12:29"
"	69BA0CDE","	Chamber1","	1","	B01??(?)","	5.3","	2026-07-24 17:12:29"
"	69BA0CDE","	Chamber1","	1","	B01??(%RH)","	82.5","	2026-07-24 17:12:27"
"	69BA0CDE","	Chamber1","	1","	B01??(?)","	5.3","	2026-07-24 17:12:27"
"	69BA0CDE","	Chamber1","	1","	B01??(%RH)","	82.5","	2026-07-24 17:12:25"
"	69BA0CDE","	Chamber1","	1","	B01??(?)","	5.3","	2026-07-24 17:12:25"
"	69BA0CDE","	Chamber1","	1","	B01??(%RH)","	82.5","	2026-07-24 17:12:23"
"	69BA0CDE","	Chamber1","	1","	B01??(?)","	5.3","	2026-07-24 17:12:23"
"	69BA0CDE","	Chamber1","	1","	B01??(%RH)","	82.5","	2026-07-24 17:12:21"
"	69BA0CDE","	Chamber1","	1","	B01??(?)","	5.3","	2026-07-24 17:12:21"
"	69BA0CDE","	Chamber1","	1","	B01??(%RH)","	82.5","	2026-07-24 17:12:19"
"	69BA0CDE","	Chamber1","	1","	B01??(?)","	5.3","	2026-07-24 17:12:19"
"	69BA0CDE","	Chamber1","	1","	B01??(%RH)","	82.4","	2026-07-24 17:12:17"
"	69BA0CDE","	Chamber1","	1","	B01??(?)","	5.3","	2026-07-24 17:12:17"
"	69BA0CDE","	Chamber1","	1","	B01??(%RH)","	82.4","	2026-07-24 17:12:15"
"	69BA0CDE","	Chamber1","	1","	B01??(?)","	5.3","	2026-07-24 17:12:15"
"	69BA0CDE","	Chamber1","	1","	B01??(%RH)","	82.5","	2026-07-24 17:12:13"
"	69BA0CDE","	Chamber1","	1","	B01??(?)","	5.3","	2026-07-24 17:12:13"
"	69BA0CDE","	Chamber1","	1","	B01??(%RH)","	82.5","	2026-07-24 17:12:11"
"	69BA0CDE","	Chamber1","	1","	B01??(?)","	5.3","	2026-07-24 17:12:11"
"	69BA0CDE","	Chamber1","	1","	B01??(%RH)","	82.5","	2026-07-24 17:12:09"
"	69BA0CDE","	Chamber1","	1","	B01??(?)","	5.3","	2026-07-24 17:12:09"
"	69BA0CDE","	Chamber1","	1","	B01??(%RH)","	82.4","	2026-07-24 17:12:07"
"	69BA0CDE","	Chamber1","	1","	B01??(?)","	5.3","	2026-07-24 17:12:07"
"	69BA0CDE","	Chamber1","	1","	B01??(%RH)","	82.5","	2026-07-24 17:12:05"
"	69BA0CDE","	Chamber1","	1","	B01??(?)","	5.3","	2026-07-24 17:12:05"
"	69BA0CDE","	Chamber1","	1","	B01??(%RH)","	82.5","	2026-07-24 17:12:03"
"	69BA0CDE","	Chamber1","	1","	B01??(?)","	5.3","	2026-07-24 17:12:03"
"	69BA0CDE","	Chamber1","	1","	B01??(%RH)","	82.5","	2026-07-24 17:12:01"
"	69BA0CDE","	Chamber1","	1","	B01??(?)","	5.3","	2026-07-24 17:12:01"
"	69BA0CDE","	Chamber1","	1","	B01??(%RH)","	82.4","	2026-07-24 17:11:59"
"	69BA0CDE","	Chamber1","	1","	B01??(?)","	5.3","	2026-07-24 17:11:59"
"	69BA0CDE","	Chamber1","	1","	B01??(%RH)","	82.4","	2026-07-24 17:11:57"
"	69BA0CDE","	Chamber1","	1","	B01??(?)","	5.3","	2026-07-24 17:11:57"
"	69BA0CDE","	Chamber1","	1","	B01??(%RH)","	82.4","	2026-07-24 17:11:55"
"	69BA0CDE","	Chamber1","	1","	B01??(?)","	5.3","	2026-07-24 17:11:55"
"	69BA0CDE","	Chamber1","	1","	B01??(%RH)","	82.4","	2026-07-24 17:11:53"
"	69BA0CDE","	Chamber1","	1","	B01??(?)","	5.3","	2026-07-24 17:11:53"
"	69BA0CDE","	Chamber1","	1","	B01??(%RH)","	82.4","	2026-07-24 17:11:51"
"	69BA0CDE","	Chamber1","	1","	B01??(?)","	5.3","	2026-07-24 17:11:51"
"	69BA0CDE","	Chamber1","	1","	B01??(%RH)","	82.4","	2026-07-24 17:11:48"
"	69BA0CDE","	Chamber1","	1","	B01??(?)","	5.3","	2026-07-24 17:11:48"
"	69BA0CDE","	Chamber1","	1","	B01??(%RH)","	82.4","	2026-07-24 17:11:46"
"	69BA0CDE","	Chamber1","	1","	B01??(?)","	5.3","	2026-07-24 17:11:46"
"	69BA0CDE","	Chamber1","	1","	B01??(%RH)","	82.4","	2026-07-24 17:11:44"
"	69BA0CDE","	Chamber1","	1","	B01??(?)","	5.3","	2026-07-24 17:11:44"
"	69BA0CDE","	Chamber1","	1","	B01??(%RH)","	82.4","	2026-07-24 17:11:42"
"	69BA0CDE","	Chamber1","	1","	B01??(?)","	5.3","	2026-07-24 17:11:42"
"	69BA0CDE","	Chamber1","	1","	B01??(%RH)","	82.4","	2026-07-24 17:11:40"
"	69BA0CDE","	Chamber1","	1","	B01??(?)","	5.3","	2026-07-24 17:11:40"
"	69BA0CDE","	Chamber1","	1","	B01??(%RH)","	82.4","	2026-07-24 17:11:38"
"	69BA0CDE","	Chamber1","	1","	B01??(?)","	5.3","	2026-07-24 17:11:38"
"	69BA0CDE","	Chamber1","	1","	B01??(%RH)","	82.4","	2026-07-24 17:11:36"
"	69BA0CDE","	Chamber1","	1","	B01??(?)","	5.3","	2026-07-24 17:11:36"
"	69BA0CDE","	Chamber1","	1","	B01??(%RH)","	82.4","	2026-07-24 17:11:34"
"	69BA0CDE","	Chamber1","	1","	B01??(?)","	5.3","	2026-07-24 17:11:34"
"	69BA0CDE","	Chamber1","	1","	B01??(%RH)","	82.3","	2026-07-24 17:11:32"
"	69BA0CDE","	Chamber1","	1","	B01??(?)","	5.3","	2026-07-24 17:11:32"
"	69BA0CDE","	Chamber1","	1","	B01??(%RH)","	82.4","	2026-07-24 17:11:30"
"	69BA0CDE","	Chamber1","	1","	B01??(?)","	5.3","	2026-07-24 17:11:30"
"	69BA0CDE","	Chamber1","	1","	B01??(%RH)","	82.4","	2026-07-24 17:11:28"
"	69BA0CDE","	Chamber1","	1","	B01??(?)","	5.3","	2026-07-24 17:11:28"
"	69BA0CDE","	Chamber1","	1","	B01??(%RH)","	82.4","	2026-07-24 17:11:26"
"	69BA0CDE","	Chamber1","	1","	B01??(?)","	5.3","	2026-07-24 17:11:26"
"	69BA0CDE","	Chamber1","	1","	B01??(%RH)","	82.4","	2026-07-24 17:11:24"
"	69BA0CDE","	Chamber1","	1","	B01??(?)","	5.3","	2026-07-24 17:11:24"
"	69BA0CDE","	Chamber1","	1","	B01??(%RH)","	82.4","	2026-07-24 17:11:22"
"	69BA0CDE","	Chamber1","	1","	B01??(?)","	5.3","	2026-07-24 17:11:22"
"	69BA0CDE","	Chamber1","	1","	B01??(%RH)","	82.4","	2026-07-24 17:11:20"
"	69BA0CDE","	Chamber1","	1","	B01??(?)","	5.3","	2026-07-24 17:11:20"
"	69BA0CDE","	Chamber1","	1","	B01??(%RH)","	82.3","	2026-07-24 17:11:18"
"	69BA0CDE","	Chamber1","	1","	B01??(?)","	5.3","	2026-07-24 17:11:18"
"	69BA0CDE","	Chamber1","	1","	B01??(%RH)","	82.3","	2026-07-24 17:11:16"
"	69BA0CDE","	Chamber1","	1","	B01??(?)","	5.3","	2026-07-24 17:11:16"
"	69BA0CDE","	Chamber1","	1","	B01??(%RH)","	82.4","	2026-07-24 17:11:14"
"	69BA0CDE","	Chamber1","	1","	B01??(?)","	5.3","	2026-07-24 17:11:14"
"	69BA0CDE","	Chamber1","	1","	B01??(%RH)","	82.4","	2026-07-24 17:11:12"
"	69BA0CDE","	Chamber1","	1","	B01??(?)","	5.3","	2026-07-24 17:11:12"
"	69BA0CDE","	Chamber1","	1","	B01??(%RH)","	82.3","	2026-07-24 17:11:10"
"	69BA0CDE","	Chamber1","	1","	B01??(?)","	5.3","	2026-07-24 17:11:10"
"	69BA0CDE","	Chamber1","	1","	B01??(%RH)","	82.3","	2026-07-24 17:11:08"
"	69BA0CDE","	Chamber1","	1","	B01??(?)","	5.3","	2026-07-24 17:11:08"
"	69BA0CDE","	Chamber1","	1","	B01??(?)","	5.3","	2026-07-24 17:11:05"
"	69BA0CDE","	Chamber1","	1","	B01??(%RH)","	82.4","	2026-07-24 17:11:05"
"	69BA0CDE","	Chamber1","	1","	B01??(%RH)","	82.3","	2026-07-24 17:11:03"
"	69BA0CDE","	Chamber1","	1","	B01??(?)","	5.3","	2026-07-24 17:11:03"
"	69BA0CDE","	Chamber1","	1","	B01??(%RH)","	82.4","	2026-07-24 17:11:01"
"	69BA0CDE","	Chamber1","	1","	B01??(?)","	5.3","	2026-07-24 17:11:01"
"	69BA0CDE","	Chamber1","	1","	B01??(%RH)","	82.4","	2026-07-24 17:10:59"
"	69BA0CDE","	Chamber1","	1","	B01??(?)","	5.3","	2026-07-24 17:10:59"
"	69BA0CDE","	Chamber1","	1","	B01??(%RH)","	82.3","	2026-07-24 17:10:57"
"	69BA0CDE","	Chamber1","	1","	B01??(?)","	5.3","	2026-07-24 17:10:57"
"	69BA0CDE","	Chamber1","	1","	B01??(%RH)","	82.3","	2026-07-24 17:10:55"
"	69BA0CDE","	Chamber1","	1","	B01??(?)","	5.3","	2026-07-24 17:10:55"
"	69BA0CDE","	Chamber1","	1","	B01??(%RH)","	82.3","	2026-07-24 17:10:53"
"	69BA0CDE","	Chamber1","	1","	B01??(?)","	5.3","	2026-07-24 17:10:53"
"	69BA0CDE","	Chamber1","	1","	B01??(%RH)","	82.3","	2026-07-24 17:10:51"
"	69BA0CDE","	Chamber1","	1","	B01??(?)","	5.3","	2026-07-24 17:10:51"
"	69BA0CDE","	Chamber1","	1","	B01??(%RH)","	82.3","	2026-07-24 17:10:49"
"	69BA0CDE","	Chamber1","	1","	B01??(?)","	5.3","	2026-07-24 17:10:49"
"	69BA0CDE","	Chamber1","	1","	B01??(%RH)","	82.3","	2026-07-24 17:10:47"
"	69BA0CDE","	Chamber1","	1","	B01??(?)","	5.3","	2026-07-24 17:10:47"
"	69BA0CDE","	Chamber1","	1","	B01??(%RH)","	82.3","	2026-07-24 17:10:45"
"	69BA0CDE","	Chamber1","	1","	B01??(?)","	5.3","	2026-07-24 17:10:45"
"	69BA0CDE","	Chamber1","	1","	B01??(%RH)","	82.3","	2026-07-24 17:10:43"
"	69BA0CDE","	Chamber1","	1","	B01??(?)","	5.3","	2026-07-24 17:10:43"
"	69BA0CDE","	Chamber1","	1","	B01??(%RH)","	82.3","	2026-07-24 17:10:41"
"	69BA0CDE","	Chamber1","	1","	B01??(?)","	5.3","	2026-07-24 17:10:41"
"	69BA0CDE","	Chamber1","	1","	B01??(%RH)","	82.3","	2026-07-24 17:10:39"
"	69BA0CDE","	Chamber1","	1","	B01??(?)","	5.3","	2026-07-24 17:10:39"
"	69BA0CDE","	Chamber1","	1","	B01??(%RH)","	82.3","	2026-07-24 17:10:37"
"	69BA0CDE","	Chamber1","	1","	B01??(?)","	5.3","	2026-07-24 17:10:37"
"	69BA0CDE","	Chamber1","	1","	B01??(%RH)","	82.3","	2026-07-24 17:10:35"
"	69BA0CDE","	Chamber1","	1","	B01??(?)","	5.3","	2026-07-24 17:10:35"
"	69BA0CDE","	Chamber1","	1","	B01??(%RH)","	82.3","	2026-07-24 17:10:33"
"	69BA0CDE","	Chamber1","	1","	B01??(?)","	5.3","	2026-07-24 17:10:33"
"	69BA0CDE","	Chamber1","	1","	B01??(%RH)","	82.3","	2026-07-24 17:10:31"
"	69BA0CDE","	Chamber1","	1","	B01??(?)","	5.3","	2026-07-24 17:10:31"
"	69BA0CDE","	Chamber1","	1","	B01??(%RH)","	82.3","	2026-07-24 17:10:29"
"	69BA0CDE","	Chamber1","	1","	B01??(?)","	5.3","	2026-07-24 17:10:29"
"	69BA0CDE","	Chamber1","	1","	B01??(%RH)","	82.3","	2026-07-24 17:10:27"
"	69BA0CDE","	Chamber1","	1","	B01??(?)","	5.3","	2026-07-24 17:10:27"
"	69BA0CDE","	Chamber1","	1","	B01??(%RH)","	82.3","	2026-07-24 17:10:24"
"	69BA0CDE","	Chamber1","	1","	B01??(?)","	5.3","	2026-07-24 17:10:24"
"	69BA0CDE","	Chamber1","	1","	B01??(%RH)","	82.3","	2026-07-24 17:10:22"
"	69BA0CDE","	Chamber1","	1","	B01??(?)","	5.3","	2026-07-24 17:10:22"
"	69BA0CDE","	Chamber1","	1","	B01??(%RH)","	82.3","	2026-07-24 17:10:20"
"	69BA0CDE","	Chamber1","	1","	B01??(?)","	5.3","	2026-07-24 17:10:20"
"	69BA0CDE","	Chamber1","	1","	B01??(%RH)","	82.3","	2026-07-24 17:10:18"
"	69BA0CDE","	Chamber1","	1","	B01??(?)","	5.3","	2026-07-24 17:10:18"
"	69BA0CDE","	Chamber1","	1","	B01??(%RH)","	82.3","	2026-07-24 17:10:16"
"	69BA0CDE","	Chamber1","	1","	B01??(?)","	5.3","	2026-07-24 17:10:16"
"	69BA0CDE","	Chamber1","	1","	B01??(%RH)","	82.2","	2026-07-24 17:10:14"
"	69BA0CDE","	Chamber1","	1","	B01??(?)","	5.3","	2026-07-24 17:10:14"
"	69BA0CDE","	Chamber1","	1","	B01??(%RH)","	82.3","	2026-07-24 17:10:12"
"	69BA0CDE","	Chamber1","	1","	B01??(?)","	5.3","	2026-07-24 17:10:12"
"	69BA0CDE","	Chamber1","	1","	B01??(%RH)","	82.3","	2026-07-24 17:10:10"
"	69BA0CDE","	Chamber1","	1","	B01??(?)","	5.3","	2026-07-24 17:10:10"
"	69BA0CDE","	Chamber1","	1","	B01??(%RH)","	82.3","	2026-07-24 17:10:08"
"	69BA0CDE","	Chamber1","	1","	B01??(?)","	5.3","	2026-07-24 17:10:08"
"	69BA0CDE","	Chamber1","	1","	B01??(%RH)","	82.2","	2026-07-24 17:10:06"
"	69BA0CDE","	Chamber1","	1","	B01??(?)","	5.3","	2026-07-24 17:10:06"
"	69BA0CDE","	Chamber1","	1","	B01??(%RH)","	82.2","	2026-07-24 17:10:04"
"	69BA0CDE","	Chamber1","	1","	B01??(?)","	5.3","	2026-07-24 17:10:04"
"	69BA0CDE","	Chamber1","	1","	B01??(%RH)","	82.2","	2026-07-24 17:10:02"
"	69BA0CDE","	Chamber1","	1","	B01??(?)","	5.3","	2026-07-24 17:10:02"
"	69BA0CDE","	Chamber1","	1","	B01??(%RH)","	82.2","	2026-07-24 17:10:00"
"	69BA0CDE","	Chamber1","	1","	B01??(?)","	5.3","	2026-07-24 17:10:00"
"	69BA0CDE","	Chamber1","	1","	B01??(%RH)","	82.2","	2026-07-24 17:09:58"
"	69BA0CDE","	Chamber1","	1","	B01??(?)","	5.3","	2026-07-24 17:09:58"
"	69BA0CDE","	Chamber1","	1","	B01??(%RH)","	82.2","	2026-07-24 17:09:56"
"	69BA0CDE","	Chamber1","	1","	B01??(?)","	5.3","	2026-07-24 17:09:56"
"	69BA0CDE","	Chamber1","	1","	B01??(%RH)","	82.2","	2026-07-24 17:09:54"
"	69BA0CDE","	Chamber1","	1","	B01??(?)","	5.3","	2026-07-24 17:09:54"
"	69BA0CDE","	Chamber1","	1","	B01??(%RH)","	82.2","	2026-07-24 17:09:52"
"	69BA0CDE","	Chamber1","	1","	B01??(?)","	5.3","	2026-07-24 17:09:52"
"	69BA0CDE","	Chamber1","	1","	B01??(%RH)","	82.2","	2026-07-24 17:09:50"
"	69BA0CDE","	Chamber1","	1","	B01??(?)","	5.3","	2026-07-24 17:09:50"
"	69BA0CDE","	Chamber1","	1","	B01??(%RH)","	82.2","	2026-07-24 17:09:48"
"	69BA0CDE","	Chamber1","	1","	B01??(?)","	5.3","	2026-07-24 17:09:48"
"	69BA0CDE","	Chamber1","	1","	B01??(%RH)","	82.2","	2026-07-24 17:09:46"
"	69BA0CDE","	Chamber1","	1","	B01??(?)","	5.3","	2026-07-24 17:09:46"
"	69BA0CDE","	Chamber1","	1","	B01??(%RH)","	82.2","	2026-07-24 17:09:44"
"	69BA0CDE","	Chamber1","	1","	B01??(?)","	5.3","	2026-07-24 17:09:44"
"	69BA0CDE","	Chamber1","	1","	B01??(%RH)","	82.2","	2026-07-24 17:09:41"
"	69BA0CDE","	Chamber1","	1","	B01??(?)","	5.3","	2026-07-24 17:09:41"
"	69BA0CDE","	Chamber1","	1","	B01??(%RH)","	82.2","	2026-07-24 17:09:39"
"	69BA0CDE","	Chamber1","	1","	B01??(?)","	5.3","	2026-07-24 17:09:39"
"	69BA0CDE","	Chamber1","	1","	B01??(%RH)","	82.2","	2026-07-24 17:09:37"
"	69BA0CDE","	Chamber1","	1","	B01??(?)","	5.3","	2026-07-24 17:09:37"
"	69BA0CDE","	Chamber1","	1","	B01??(%RH)","	82.2","	2026-07-24 17:09:35"
"	69BA0CDE","	Chamber1","	1","	B01??(?)","	5.3","	2026-07-24 17:09:35"
"	69BA0CDE","	Chamber1","	1","	B01??(%RH)","	82.2","	2026-07-24 17:09:33"
"	69BA0CDE","	Chamber1","	1","	B01??(?)","	5.3","	2026-07-24 17:09:33"
"	69BA0CDE","	Chamber1","	1","	B01??(%RH)","	82.2","	2026-07-24 17:09:31"
"	69BA0CDE","	Chamber1","	1","	B01??(?)","	5.3","	2026-07-24 17:09:31"
"	69BA0CDE","	Chamber1","	1","	B01??(%RH)","	82.2","	2026-07-24 17:09:29"
"	69BA0CDE","	Chamber1","	1","	B01??(?)","	5.3","	2026-07-24 17:09:29"
"	69BA0CDE","	Chamber1","	1","	B01??(%RH)","	82.2","	2026-07-24 17:09:27"
"	69BA0CDE","	Chamber1","	1","	B01??(?)","	5.3","	2026-07-24 17:09:27"
"	69BA0CDE","	Chamber1","	1","	B01??(%RH)","	82.2","	2026-07-24 17:09:25"
"	69BA0CDE","	Chamber1","	1","	B01??(?)","	5.3","	2026-07-24 17:09:25"
"	69BA0CDE","	Chamber1","	1","	B01??(%RH)","	82.2","	2026-07-24 17:09:23"
"	69BA0CDE","	Chamber1","	1","	B01??(?)","	5.3","	2026-07-24 17:09:23"
"	69BA0CDE","	Chamber1","	1","	B01??(%RH)","	82.2","	2026-07-24 17:09:21"
"	69BA0CDE","	Chamber1","	1","	B01??(?)","	5.3","	2026-07-24 17:09:21"
"	69BA0CDE","	Chamber1","	1","	B01??(%RH)","	82.1","	2026-07-24 17:09:19"
"	69BA0CDE","	Chamber1","	1","	B01??(?)","	5.3","	2026-07-24 17:09:19"
"	69BA0CDE","	Chamber1","	1","	B01??(%RH)","	82.1","	2026-07-24 17:09:17"
"	69BA0CDE","	Chamber1","	1","	B01??(?)","	5.3","	2026-07-24 17:09:17"
"	69BA0CDE","	Chamber1","	1","	B01??(%RH)","	82.1","	2026-07-24 17:09:15"
"	69BA0CDE","	Chamber1","	1","	B01??(?)","	5.3","	2026-07-24 17:09:15"
"	69BA0CDE","	Chamber1","	1","	B01??(%RH)","	82.1","	2026-07-24 17:09:13"
"	69BA0CDE","	Chamber1","	1","	B01??(?)","	5.3","	2026-07-24 17:09:13"
"	69BA0CDE","	Chamber1","	1","	B01??(%RH)","	82.1","	2026-07-24 17:09:11"
"	69BA0CDE","	Chamber1","	1","	B01??(?)","	5.3","	2026-07-24 17:09:11"
"	69BA0CDE","	Chamber1","	1","	B01??(%RH)","	82.1","	2026-07-24 17:09:09"
"	69BA0CDE","	Chamber1","	1","	B01??(?)","	5.3","	2026-07-24 17:09:09"
"	69BA0CDE","	Chamber1","	1","	B01??(%RH)","	82.2","	2026-07-24 17:09:07"
"	69BA0CDE","	Chamber1","	1","	B01??(?)","	5.3","	2026-07-24 17:09:07"
"	69BA0CDE","	Chamber1","	1","	B01??(%RH)","	82.1","	2026-07-24 17:09:05"
"	69BA0CDE","	Chamber1","	1","	B01??(?)","	5.3","	2026-07-24 17:09:05"
"	69BA0CDE","	Chamber1","	1","	B01??(%RH)","	82.1","	2026-07-24 17:09:03"
"	69BA0CDE","	Chamber1","	1","	B01??(?)","	5.3","	2026-07-24 17:09:03"
"	69BA0CDE","	Chamber1","	1","	B01??(%RH)","	82.1","	2026-07-24 17:09:01"
"	69BA0CDE","	Chamber1","	1","	B01??(?)","	5.3","	2026-07-24 17:09:01"
"	69BA0CDE","	Chamber1","	1","	B01??(%RH)","	82.1","	2026-07-24 17:08:58"
"	69BA0CDE","	Chamber1","	1","	B01??(?)","	5.3","	2026-07-24 17:08:58"
"	69BA0CDE","	Chamber1","	1","	B01??(%RH)","	82.1","	2026-07-24 17:08:56"
"	69BA0CDE","	Chamber1","	1","	B01??(?)","	5.3","	2026-07-24 17:08:56"
"	69BA0CDE","	Chamber1","	1","	B01??(%RH)","	82.1","	2026-07-24 17:08:54"
"	69BA0CDE","	Chamber1","	1","	B01??(?)","	5.3","	2026-07-24 17:08:54"
"	69BA0CDE","	Chamber1","	1","	B01??(%RH)","	82.1","	2026-07-24 17:08:52"
"	69BA0CDE","	Chamber1","	1","	B01??(?)","	5.3","	2026-07-24 17:08:52"
"	69BA0CDE","	Chamber1","	1","	B01??(%RH)","	82.1","	2026-07-24 17:08:50"
"	69BA0CDE","	Chamber1","	1","	B01??(?)","	5.3","	2026-07-24 17:08:50"
"	69BA0CDE","	Chamber1","	1","	B01??(%RH)","	82.1","	2026-07-24 17:08:48"
"	69BA0CDE","	Chamber1","	1","	B01??(?)","	5.3","	2026-07-24 17:08:48"
"	69BA0CDE","	Chamber1","	1","	B01??(%RH)","	82.1","	2026-07-24 17:08:46"
"	69BA0CDE","	Chamber1","	1","	B01??(?)","	5.3","	2026-07-24 17:08:46"
"	69BA0CDE","	Chamber1","	1","	B01??(%RH)","	82.1","	2026-07-24 17:08:44"
"	69BA0CDE","	Chamber1","	1","	B01??(?)","	5.3","	2026-07-24 17:08:44"
"	69BA0CDE","	Chamber1","	1","	B01??(%RH)","	82.1","	2026-07-24 17:08:42"
"	69BA0CDE","	Chamber1","	1","	B01??(?)","	5.3","	2026-07-24 17:08:42"
"	69BA0CDE","	Chamber1","	1","	B01??(%RH)","	82.1","	2026-07-24 17:08:40"
"	69BA0CDE","	Chamber1","	1","	B01??(?)","	5.3","	2026-07-24 17:08:40"
"	69BA0CDE","	Chamber1","	1","	B01??(%RH)","	82.1","	2026-07-24 17:08:38"
"	69BA0CDE","	Chamber1","	1","	B01??(?)","	5.3","	2026-07-24 17:08:38"
"	69BA0CDE","	Chamber1","	1","	B01??(%RH)","	82.1","	2026-07-24 17:08:36"
"	69BA0CDE","	Chamber1","	1","	B01??(?)","	5.3","	2026-07-24 17:08:36"
"	69BA0CDE","	Chamber1","	1","	B01??(%RH)","	82.1","	2026-07-24 17:08:34"
"	69BA0CDE","	Chamber1","	1","	B01??(?)","	5.3","	2026-07-24 17:08:34"
"	69BA0CDE","	Chamber1","	1","	B01??(%RH)","	82.1","	2026-07-24 17:08:32"
"	69BA0CDE","	Chamber1","	1","	B01??(?)","	5.3","	2026-07-24 17:08:32"
"	69BA0CDE","	Chamber1","	1","	B01??(%RH)","	82.1","	2026-07-24 17:08:30"
"	69BA0CDE","	Chamber1","	1","	B01??(?)","	5.3","	2026-07-24 17:08:30"
"	69BA0CDE","	Chamber1","	1","	B01??(%RH)","	82.1","	2026-07-24 17:08:28"
"	69BA0CDE","	Chamber1","	1","	B01??(?)","	5.3","	2026-07-24 17:08:28"
"	69BA0CDE","	Chamber1","	1","	B01??(%RH)","	82.1","	2026-07-24 17:08:26"
"	69BA0CDE","	Chamber1","	1","	B01??(?)","	5.3","	2026-07-24 17:08:26"
"	69BA0CDE","	Chamber1","	1","	B01??(%RH)","	82.1","	2026-07-24 17:08:24"
"	69BA0CDE","	Chamber1","	1","	B01??(?)","	5.3","	2026-07-24 17:08:24"
"	69BA0CDE","	Chamber1","	1","	B01??(%RH)","	82.1","	2026-07-24 17:08:22"
"	69BA0CDE","	Chamber1","	1","	B01??(?)","	5.3","	2026-07-24 17:08:22"
"	69BA0CDE","	Chamber1","	1","	B01??(%RH)","	82.1","	2026-07-24 17:08:20"
"	69BA0CDE","	Chamber1","	1","	B01??(?)","	5.3","	2026-07-24 17:08:20"
"	69BA0CDE","	Chamber1","	1","	B01??(%RH)","	82","	2026-07-24 17:08:18"
"	69BA0CDE","	Chamber1","	1","	B01??(?)","	5.3","	2026-07-24 17:08:18"
"	69BA0CDE","	Chamber1","	1","	B01??(%RH)","	82","	2026-07-24 17:08:15"
"	69BA0CDE","	Chamber1","	1","	B01??(?)","	5.3","	2026-07-24 17:08:15"
"	69BA0CDE","	Chamber1","	1","	B01??(%RH)","	82.1","	2026-07-24 17:08:13"
"	69BA0CDE","	Chamber1","	1","	B01??(?)","	5.3","	2026-07-24 17:08:13"
"	69BA0CDE","	Chamber1","	1","	B01??(%RH)","	82","	2026-07-24 17:08:11"
"	69BA0CDE","	Chamber1","	1","	B01??(?)","	5.3","	2026-07-24 17:08:11"
"	69BA0CDE","	Chamber1","	1","	B01??(%RH)","	82.1","	2026-07-24 17:08:09"
"	69BA0CDE","	Chamber1","	1","	B01??(?)","	5.3","	2026-07-24 17:08:09"
"	69BA0CDE","	Chamber1","	1","	B01??(%RH)","	82","	2026-07-24 17:08:07"
"	69BA0CDE","	Chamber1","	1","	B01??(?)","	5.3","	2026-07-24 17:08:07"
"	69BA0CDE","	Chamber1","	1","	B01??(%RH)","	82","	2026-07-24 17:08:05"
"	69BA0CDE","	Chamber1","	1","	B01??(?)","	5.3","	2026-07-24 17:08:05"
"	69BA0CDE","	Chamber1","	1","	B01??(%RH)","	82","	2026-07-24 17:08:03"
"	69BA0CDE","	Chamber1","	1","	B01??(?)","	5.3","	2026-07-24 17:08:03"
"	69BA0CDE","	Chamber1","	1","	B01??(%RH)","	82","	2026-07-24 17:08:01"
"	69BA0CDE","	Chamber1","	1","	B01??(?)","	5.3","	2026-07-24 17:08:01"
"	69BA0CDE","	Chamber1","	1","	B01??(%RH)","	82","	2026-07-24 17:07:59"
"	69BA0CDE","	Chamber1","	1","	B01??(?)","	5.3","	2026-07-24 17:07:59"
"	69BA0CDE","	Chamber1","	1","	B01??(%RH)","	82","	2026-07-24 17:07:57"
"	69BA0CDE","	Chamber1","	1","	B01??(?)","	5.3","	2026-07-24 17:07:57"
"	69BA0CDE","	Chamber1","	1","	B01??(%RH)","	82","	2026-07-24 17:07:55"
"	69BA0CDE","	Chamber1","	1","	B01??(?)","	5.3","	2026-07-24 17:07:55"
"	69BA0CDE","	Chamber1","	1","	B01??(%RH)","	82","	2026-07-24 17:07:53"
"	69BA0CDE","	Chamber1","	1","	B01??(?)","	5.3","	2026-07-24 17:07:53"
"	69BA0CDE","	Chamber1","	1","	B01??(%RH)","	82","	2026-07-24 17:07:51"
"	69BA0CDE","	Chamber1","	1","	B01??(?)","	5.3","	2026-07-24 17:07:51"
"	69BA0CDE","	Chamber1","	1","	B01??(%RH)","	82","	2026-07-24 17:07:49"
"	69BA0CDE","	Chamber1","	1","	B01??(?)","	5.3","	2026-07-24 17:07:49"
"	69BA0CDE","	Chamber1","	1","	B01??(%RH)","	82","	2026-07-24 17:07:47"
"	69BA0CDE","	Chamber1","	1","	B01??(?)","	5.3","	2026-07-24 17:07:47"
"	69BA0CDE","	Chamber1","	1","	B01??(%RH)","	82","	2026-07-24 17:07:45"
"	69BA0CDE","	Chamber1","	1","	B01??(?)","	5.3","	2026-07-24 17:07:45"
"	69BA0CDE","	Chamber1","	1","	B01??(%RH)","	82","	2026-07-24 17:07:43"
"	69BA0CDE","	Chamber1","	1","	B01??(?)","	5.3","	2026-07-24 17:07:43"
"	69BA0CDE","	Chamber1","	1","	B01??(%RH)","	82","	2026-07-24 17:07:41"
"	69BA0CDE","	Chamber1","	1","	B01??(?)","	5.3","	2026-07-24 17:07:41"
"	69BA0CDE","	Chamber1","	1","	B01??(%RH)","	82","	2026-07-24 17:07:39"
"	69BA0CDE","	Chamber1","	1","	B01??(?)","	5.3","	2026-07-24 17:07:39"
"	69BA0CDE","	Chamber1","	1","	B01??(%RH)","	82","	2026-07-24 17:07:37"
"	69BA0CDE","	Chamber1","	1","	B01??(?)","	5.3","	2026-07-24 17:07:37"
"	69BA0CDE","	Chamber1","	1","	B01??(%RH)","	82","	2026-07-24 17:07:35"
"	69BA0CDE","	Chamber1","	1","	B01??(?)","	5.3","	2026-07-24 17:07:35"
"	69BA0CDE","	Chamber1","	1","	B01??(%RH)","	82","	2026-07-24 17:07:33"
"	69BA0CDE","	Chamber1","	1","	B01??(?)","	5.3","	2026-07-24 17:07:33"
"	69BA0CDE","	Chamber1","	1","	B01??(%RH)","	82","	2026-07-24 17:07:30"
"	69BA0CDE","	Chamber1","	1","	B01??(?)","	5.3","	2026-07-24 17:07:30"
"	69BA0CDE","	Chamber1","	1","	B01??(%RH)","	82","	2026-07-24 17:07:28"
"	69BA0CDE","	Chamber1","	1","	B01??(?)","	5.3","	2026-07-24 17:07:28"
"	69BA0CDE","	Chamber1","	1","	B01??(%RH)","	82","	2026-07-24 17:07:26"
"	69BA0CDE","	Chamber1","	1","	B01??(?)","	5.3","	2026-07-24 17:07:26"
"	69BA0CDE","	Chamber1","	1","	B01??(%RH)","	82","	2026-07-24 17:07:24"
"	69BA0CDE","	Chamber1","	1","	B01??(?)","	5.3","	2026-07-24 17:07:24"
"	69BA0CDE","	Chamber1","	1","	B01??(%RH)","	82","	2026-07-24 17:07:22"
"	69BA0CDE","	Chamber1","	1","	B01??(?)","	5.3","	2026-07-24 17:07:22"
"	69BA0CDE","	Chamber1","	1","	B01??(%RH)","	81.9","	2026-07-24 17:07:20"
"	69BA0CDE","	Chamber1","	1","	B01??(?)","	5.3","	2026-07-24 17:07:20"
"	69BA0CDE","	Chamber1","	1","	B01??(%RH)","	82","	2026-07-24 17:07:18"
"	69BA0CDE","	Chamber1","	1","	B01??(?)","	5.3","	2026-07-24 17:07:18"
"	69BA0CDE","	Chamber1","	1","	B01??(%RH)","	82","	2026-07-24 17:07:16"
"	69BA0CDE","	Chamber1","	1","	B01??(?)","	5.3","	2026-07-24 17:07:16"
"	69BA0CDE","	Chamber1","	1","	B01??(%RH)","	81.9","	2026-07-24 17:07:14"
"	69BA0CDE","	Chamber1","	1","	B01??(?)","	5.3","	2026-07-24 17:07:14"
"	69BA0CDE","	Chamber1","	1","	B01??(%RH)","	81.9","	2026-07-24 17:07:12"
"	69BA0CDE","	Chamber1","	1","	B01??(?)","	5.3","	2026-07-24 17:07:12"
"	69BA0CDE","	Chamber1","	1","	B01??(%RH)","	81.9","	2026-07-24 17:07:10"
"	69BA0CDE","	Chamber1","	1","	B01??(?)","	5.3","	2026-07-24 17:07:10"
"	69BA0CDE","	Chamber1","	1","	B01??(%RH)","	81.9","	2026-07-24 17:07:08"
"	69BA0CDE","	Chamber1","	1","	B01??(?)","	5.3","	2026-07-24 17:07:08"
"	69BA0CDE","	Chamber1","	1","	B01??(%RH)","	81.9","	2026-07-24 17:07:06"
"	69BA0CDE","	Chamber1","	1","	B01??(?)","	5.3","	2026-07-24 17:07:06"
"	69BA0CDE","	Chamber1","	1","	B01??(%RH)","	81.9","	2026-07-24 17:07:04"
"	69BA0CDE","	Chamber1","	1","	B01??(?)","	5.3","	2026-07-24 17:07:04"
"	69BA0CDE","	Chamber1","	1","	B01??(%RH)","	81.9","	2026-07-24 17:07:02"
"	69BA0CDE","	Chamber1","	1","	B01??(?)","	5.4","	2026-07-24 17:07:02"
"	69BA0CDE","	Chamber1","	1","	B01??(%RH)","	81.9","	2026-07-24 17:07:00"
"	69BA0CDE","	Chamber1","	1","	B01??(?)","	5.3","	2026-07-24 17:07:00"
"	69BA0CDE","	Chamber1","	1","	B01??(%RH)","	81.9","	2026-07-24 17:06:58"
"	69BA0CDE","	Chamber1","	1","	B01??(?)","	5.4","	2026-07-24 17:06:58"
"	69BA0CDE","	Chamber1","	1","	B01??(%RH)","	81.9","	2026-07-24 17:06:56"
"	69BA0CDE","	Chamber1","	1","	B01??(?)","	5.3","	2026-07-24 17:06:56"
"	69BA0CDE","	Chamber1","	1","	B01??(%RH)","	81.9","	2026-07-24 17:06:54"
"	69BA0CDE","	Chamber1","	1","	B01??(?)","	5.3","	2026-07-24 17:06:54"
"	69BA0CDE","	Chamber1","	1","	B01??(%RH)","	81.8","	2026-07-24 17:06:52"
"	69BA0CDE","	Chamber1","	1","	B01??(?)","	5.3","	2026-07-24 17:06:52"
"	69BA0CDE","	Chamber1","	1","	B01??(%RH)","	81.8","	2026-07-24 17:06:50"
"	69BA0CDE","	Chamber1","	1","	B01??(?)","	5.3","	2026-07-24 17:06:50"
"	69BA0CDE","	Chamber1","	1","	B01??(%RH)","	81.8","	2026-07-24 17:06:47"
"	69BA0CDE","	Chamber1","	1","	B01??(?)","	5.3","	2026-07-24 17:06:47"
"	69BA0CDE","	Chamber1","	1","	B01??(%RH)","	81.9","	2026-07-24 17:06:45"
"	69BA0CDE","	Chamber1","	1","	B01??(?)","	5.3","	2026-07-24 17:06:45"
"	69BA0CDE","	Chamber1","	1","	B01??(%RH)","	81.9","	2026-07-24 17:06:43"
"	69BA0CDE","	Chamber1","	1","	B01??(?)","	5.4","	2026-07-24 17:06:43"
"	69BA0CDE","	Chamber1","	1","	B01??(%RH)","	81.8","	2026-07-24 17:06:41"
"	69BA0CDE","	Chamber1","	1","	B01??(?)","	5.4","	2026-07-24 17:06:41"
"	69BA0CDE","	Chamber1","	1","	B01??(%RH)","	81.8","	2026-07-24 17:06:39"
"	69BA0CDE","	Chamber1","	1","	B01??(?)","	5.3","	2026-07-24 17:06:39"
"	69BA0CDE","	Chamber1","	1","	B01??(%RH)","	81.8","	2026-07-24 17:06:37"
"	69BA0CDE","	Chamber1","	1","	B01??(?)","	5.3","	2026-07-24 17:06:37"
"	69BA0CDE","	Chamber1","	1","	B01??(%RH)","	81.8","	2026-07-24 17:06:35"
"	69BA0CDE","	Chamber1","	1","	B01??(?)","	5.4","	2026-07-24 17:06:35"
"	69BA0CDE","	Chamber1","	1","	B01??(%RH)","	81.8","	2026-07-24 17:06:33"
"	69BA0CDE","	Chamber1","	1","	B01??(?)","	5.3","	2026-07-24 17:06:33"
"	69BA0CDE","	Chamber1","	1","	B01??(%RH)","	81.8","	2026-07-24 17:06:31"
"	69BA0CDE","	Chamber1","	1","	B01??(?)","	5.4","	2026-07-24 17:06:31"
"	69BA0CDE","	Chamber1","	1","	B01??(%RH)","	81.8","	2026-07-24 17:06:29"
"	69BA0CDE","	Chamber1","	1","	B01??(?)","	5.4","	2026-07-24 17:06:29"
"	69BA0CDE","	Chamber1","	1","	B01??(%RH)","	81.8","	2026-07-24 17:06:27"
"	69BA0CDE","	Chamber1","	1","	B01??(?)","	5.3","	2026-07-24 17:06:27"
"	69BA0CDE","	Chamber1","	1","	B01??(%RH)","	81.8","	2026-07-24 17:06:25"
"	69BA0CDE","	Chamber1","	1","	B01??(?)","	5.4","	2026-07-24 17:06:25"
"	69BA0CDE","	Chamber1","	1","	B01??(%RH)","	81.8","	2026-07-24 17:06:23"
"	69BA0CDE","	Chamber1","	1","	B01??(?)","	5.4","	2026-07-24 17:06:23"
"	69BA0CDE","	Chamber1","	1","	B01??(%RH)","	81.8","	2026-07-24 17:06:21"
"	69BA0CDE","	Chamber1","	1","	B01??(?)","	5.4","	2026-07-24 17:06:21"
"	69BA0CDE","	Chamber1","	1","	B01??(%RH)","	81.8","	2026-07-24 17:06:19"
"	69BA0CDE","	Chamber1","	1","	B01??(?)","	5.4","	2026-07-24 17:06:19"
"	69BA0CDE","	Chamber1","	1","	B01??(%RH)","	81.8","	2026-07-24 17:06:17"
"	69BA0CDE","	Chamber1","	1","	B01??(?)","	5.4","	2026-07-24 17:06:17"
"	69BA0CDE","	Chamber1","	1","	B01??(%RH)","	81.8","	2026-07-24 17:06:15"
"	69BA0CDE","	Chamber1","	1","	B01??(?)","	5.3","	2026-07-24 17:06:15"
"	69BA0CDE","	Chamber1","	1","	B01??(%RH)","	81.8","	2026-07-24 17:06:13"
"	69BA0CDE","	Chamber1","	1","	B01??(?)","	5.4","	2026-07-24 17:06:13"
"	69BA0CDE","	Chamber1","	1","	B01??(%RH)","	81.8","	2026-07-24 17:06:11"
"	69BA0CDE","	Chamber1","	1","	B01??(?)","	5.4","	2026-07-24 17:06:11"
"	69BA0CDE","	Chamber1","	1","	B01??(%RH)","	81.7","	2026-07-24 17:06:09"
"	69BA0CDE","	Chamber1","	1","	B01??(?)","	5.4","	2026-07-24 17:06:09"
"	69BA0CDE","	Chamber1","	1","	B01??(%RH)","	81.7","	2026-07-24 17:06:07"
"	69BA0CDE","	Chamber1","	1","	B01??(?)","	5.3","	2026-07-24 17:06:07"
"	69BA0CDE","	Chamber1","	1","	B01??(%RH)","	81.7","	2026-07-24 17:06:04"
"	69BA0CDE","	Chamber1","	1","	B01??(?)","	5.4","	2026-07-24 17:06:04"
"	69BA0CDE","	Chamber1","	1","	B01??(%RH)","	81.7","	2026-07-24 17:06:02"
"	69BA0CDE","	Chamber1","	1","	B01??(?)","	5.4","	2026-07-24 17:06:02"
"	69BA0CDE","	Chamber1","	1","	B01??(%RH)","	81.7","	2026-07-24 17:06:00"
"	69BA0CDE","	Chamber1","	1","	B01??(?)","	5.4","	2026-07-24 17:06:00"
"	69BA0CDE","	Chamber1","	1","	B01??(%RH)","	81.7","	2026-07-24 17:05:58"
"	69BA0CDE","	Chamber1","	1","	B01??(?)","	5.4","	2026-07-24 17:05:58"
"	69BA0CDE","	Chamber1","	1","	B01??(%RH)","	81.7","	2026-07-24 17:05:56"
"	69BA0CDE","	Chamber1","	1","	B01??(?)","	5.4","	2026-07-24 17:05:56"
"	69BA0CDE","	Chamber1","	1","	B01??(%RH)","	81.7","	2026-07-24 17:05:54"
"	69BA0CDE","	Chamber1","	1","	B01??(?)","	5.3","	2026-07-24 17:05:54"
"	69BA0CDE","	Chamber1","	1","	B01??(%RH)","	81.7","	2026-07-24 17:05:52"
"	69BA0CDE","	Chamber1","	1","	B01??(?)","	5.4","	2026-07-24 17:05:52"
"	69BA0CDE","	Chamber1","	1","	B01??(%RH)","	81.7","	2026-07-24 17:05:50"
"	69BA0CDE","	Chamber1","	1","	B01??(?)","	5.4","	2026-07-24 17:05:50"
"	69BA0CDE","	Chamber1","	1","	B01??(%RH)","	81.7","	2026-07-24 17:05:48"
"	69BA0CDE","	Chamber1","	1","	B01??(?)","	5.3","	2026-07-24 17:05:48"
"	69BA0CDE","	Chamber1","	1","	B01??(%RH)","	81.7","	2026-07-24 17:05:46"
"	69BA0CDE","	Chamber1","	1","	B01??(?)","	5.4","	2026-07-24 17:05:46"
"	69BA0CDE","	Chamber1","	1","	B01??(%RH)","	81.6","	2026-07-24 17:05:44"
"	69BA0CDE","	Chamber1","	1","	B01??(?)","	5.4","	2026-07-24 17:05:44"
"	69BA0CDE","	Chamber1","	1","	B01??(%RH)","	81.6","	2026-07-24 17:05:42"
"	69BA0CDE","	Chamber1","	1","	B01??(?)","	5.4","	2026-07-24 17:05:42"
"	69BA0CDE","	Chamber1","	1","	B01??(%RH)","	81.6","	2026-07-24 17:05:40"
"	69BA0CDE","	Chamber1","	1","	B01??(?)","	5.4","	2026-07-24 17:05:40"
"	69BA0CDE","	Chamber1","	1","	B01??(%RH)","	81.6","	2026-07-24 17:05:38"
"	69BA0CDE","	Chamber1","	1","	B01??(?)","	5.4","	2026-07-24 17:05:38"
"	69BA0CDE","	Chamber1","	1","	B01??(%RH)","	81.6","	2026-07-24 17:05:36"
"	69BA0CDE","	Chamber1","	1","	B01??(?)","	5.4","	2026-07-24 17:05:36"
"	69BA0CDE","	Chamber1","	1","	B01??(%RH)","	81.5","	2026-07-24 17:05:34"
"	69BA0CDE","	Chamber1","	1","	B01??(?)","	5.4","	2026-07-24 17:05:34"
"	69BA0CDE","	Chamber1","	1","	B01??(%RH)","	81.5","	2026-07-24 17:05:32"
"	69BA0CDE","	Chamber1","	1","	B01??(?)","	5.4","	2026-07-24 17:05:32"
"	69BA0CDE","	Chamber1","	1","	B01??(%RH)","	81.5","	2026-07-24 17:05:30"
"	69BA0CDE","	Chamber1","	1","	B01??(?)","	5.4","	2026-07-24 17:05:30"
"	69BA0CDE","	Chamber1","	1","	B01??(%RH)","	81.5","	2026-07-24 17:05:28"
"	69BA0CDE","	Chamber1","	1","	B01??(?)","	5.4","	2026-07-24 17:05:28"
"	69BA0CDE","	Chamber1","	1","	B01??(%RH)","	81.5","	2026-07-24 17:05:26"
"	69BA0CDE","	Chamber1","	1","	B01??(?)","	5.4","	2026-07-24 17:05:26"
"	69BA0CDE","	Chamber1","	1","	B01??(%RH)","	81.4","	2026-07-24 17:05:24"
"	69BA0CDE","	Chamber1","	1","	B01??(?)","	5.4","	2026-07-24 17:05:24"
"	69BA0CDE","	Chamber1","	1","	B01??(%RH)","	81.5","	2026-07-24 17:05:21"
"	69BA0CDE","	Chamber1","	1","	B01??(?)","	5.4","	2026-07-24 17:05:21"
"	69BA0CDE","	Chamber1","	1","	B01??(%RH)","	81.4","	2026-07-24 17:05:19"
"	69BA0CDE","	Chamber1","	1","	B01??(?)","	5.4","	2026-07-24 17:05:19"
"	69BA0CDE","	Chamber1","	1","	B01??(%RH)","	81.4","	2026-07-24 17:05:17"
"	69BA0CDE","	Chamber1","	1","	B01??(?)","	5.4","	2026-07-24 17:05:17"
"	69BA0CDE","	Chamber1","	1","	B01??(%RH)","	81.4","	2026-07-24 17:05:15"
"	69BA0CDE","	Chamber1","	1","	B01??(?)","	5.4","	2026-07-24 17:05:15"
"	69BA0CDE","	Chamber1","	1","	B01??(%RH)","	81.4","	2026-07-24 17:05:13"
"	69BA0CDE","	Chamber1","	1","	B01??(?)","	5.4","	2026-07-24 17:05:13"
"	69BA0CDE","	Chamber1","	1","	B01??(%RH)","	81.4","	2026-07-24 17:05:11"
"	69BA0CDE","	Chamber1","	1","	B01??(?)","	5.4","	2026-07-24 17:05:11"
"	69BA0CDE","	Chamber1","	1","	B01??(%RH)","	81.4","	2026-07-24 17:05:09"
"	69BA0CDE","	Chamber1","	1","	B01??(?)","	5.4","	2026-07-24 17:05:09"
"	69BA0CDE","	Chamber1","	1","	B01??(%RH)","	81.4","	2026-07-24 17:05:07"
"	69BA0CDE","	Chamber1","	1","	B01??(?)","	5.4","	2026-07-24 17:05:07"
"	69BA0CDE","	Chamber1","	1","	B01??(%RH)","	81.4","	2026-07-24 17:05:05"
"	69BA0CDE","	Chamber1","	1","	B01??(?)","	5.4","	2026-07-24 17:05:05"
"	69BA0CDE","	Chamber1","	1","	B01??(%RH)","	81.4","	2026-07-24 17:05:03"
"	69BA0CDE","	Chamber1","	1","	B01??(?)","	5.4","	2026-07-24 17:05:03"
"	69BA0CDE","	Chamber1","	1","	B01??(%RH)","	81.4","	2026-07-24 17:05:01"
"	69BA0CDE","	Chamber1","	1","	B01??(?)","	5.4","	2026-07-24 17:05:01"
"	69BA0CDE","	Chamber1","	1","	B01??(%RH)","	81.4","	2026-07-24 17:04:59"
"	69BA0CDE","	Chamber1","	1","	B01??(?)","	5.4","	2026-07-24 17:04:59"
"	69BA0CDE","	Chamber1","	1","	B01??(%RH)","	81.4","	2026-07-24 17:04:57"
"	69BA0CDE","	Chamber1","	1","	B01??(?)","	5.4","	2026-07-24 17:04:57"
"	69BA0CDE","	Chamber1","	1","	B01??(%RH)","	81.4","	2026-07-24 17:04:55"
"	69BA0CDE","	Chamber1","	1","	B01??(?)","	5.4","	2026-07-24 17:04:55"
"	69BA0CDE","	Chamber1","	1","	B01??(%RH)","	81.4","	2026-07-24 17:04:53"
"	69BA0CDE","	Chamber1","	1","	B01??(?)","	5.4","	2026-07-24 17:04:53"
"	69BA0CDE","	Chamber1","	1","	B01??(%RH)","	81.4","	2026-07-24 17:04:51"
"	69BA0CDE","	Chamber1","	1","	B01??(?)","	5.4","	2026-07-24 17:04:51"
"	69BA0CDE","	Chamber1","	1","	B01??(%RH)","	81.4","	2026-07-24 17:04:49"
"	69BA0CDE","	Chamber1","	1","	B01??(?)","	5.4","	2026-07-24 17:04:49"
"	69BA0CDE","	Chamber1","	1","	B01??(%RH)","	81.4","	2026-07-24 17:04:47"
"	69BA0CDE","	Chamber1","	1","	B01??(?)","	5.4","	2026-07-24 17:04:47"
"	69BA0CDE","	Chamber1","	1","	B01??(%RH)","	81.4","	2026-07-24 17:04:45"
"	69BA0CDE","	Chamber1","	1","	B01??(?)","	5.4","	2026-07-24 17:04:45"
"	69BA0CDE","	Chamber1","	1","	B01??(%RH)","	81.4","	2026-07-24 17:04:43"
"	69BA0CDE","	Chamber1","	1","	B01??(?)","	5.4","	2026-07-24 17:04:43"
"	69BA0CDE","	Chamber1","	1","	B01??(%RH)","	81.4","	2026-07-24 17:04:41"
"	69BA0CDE","	Chamber1","	1","	B01??(?)","	5.4","	2026-07-24 17:04:41"
"	69BA0CDE","	Chamber1","	1","	B01??(%RH)","	81.4","	2026-07-24 17:04:39"
"	69BA0CDE","	Chamber1","	1","	B01??(?)","	5.4","	2026-07-24 17:04:39"
"	69BA0CDE","	Chamber1","	1","	B01??(%RH)","	81.4","	2026-07-24 17:04:36"
"	69BA0CDE","	Chamber1","	1","	B01??(?)","	5.4","	2026-07-24 17:04:36"
"	69BA0CDE","	Chamber1","	1","	B01??(%RH)","	81.4","	2026-07-24 17:04:34"
"	69BA0CDE","	Chamber1","	1","	B01??(?)","	5.4","	2026-07-24 17:04:34"
"	69BA0CDE","	Chamber1","	1","	B01??(%RH)","	81.4","	2026-07-24 17:04:32"
"	69BA0CDE","	Chamber1","	1","	B01??(?)","	5.4","	2026-07-24 17:04:32"
"	69BA0CDE","	Chamber1","	1","	B01??(%RH)","	81.4","	2026-07-24 17:04:30"
"	69BA0CDE","	Chamber1","	1","	B01??(?)","	5.4","	2026-07-24 17:04:30"
"	69BA0CDE","	Chamber1","	1","	B01??(%RH)","	81.4","	2026-07-24 17:04:28"
"	69BA0CDE","	Chamber1","	1","	B01??(?)","	5.4","	2026-07-24 17:04:28"
"	69BA0CDE","	Chamber1","	1","	B01??(%RH)","	81.4","	2026-07-24 17:04:26"
"	69BA0CDE","	Chamber1","	1","	B01??(?)","	5.4","	2026-07-24 17:04:26"
"	69BA0CDE","	Chamber1","	1","	B01??(%RH)","	81.4","	2026-07-24 17:04:24"
"	69BA0CDE","	Chamber1","	1","	B01??(?)","	5.4","	2026-07-24 17:04:24"
"	69BA0CDE","	Chamber1","	1","	B01??(%RH)","	81.4","	2026-07-24 17:04:22"
"	69BA0CDE","	Chamber1","	1","	B01??(?)","	5.4","	2026-07-24 17:04:22"
"	69BA0CDE","	Chamber1","	1","	B01??(%RH)","	81.4","	2026-07-24 17:04:20"
"	69BA0CDE","	Chamber1","	1","	B01??(?)","	5.4","	2026-07-24 17:04:20"
"	69BA0CDE","	Chamber1","	1","	B01??(%RH)","	81.4","	2026-07-24 17:04:18"
"	69BA0CDE","	Chamber1","	1","	B01??(?)","	5.4","	2026-07-24 17:04:18"
"	69BA0CDE","	Chamber1","	1","	B01??(%RH)","	81.4","	2026-07-24 17:04:16"
"	69BA0CDE","	Chamber1","	1","	B01??(?)","	5.4","	2026-07-24 17:04:16"
"	69BA0CDE","	Chamber1","	1","	B01??(%RH)","	81.4","	2026-07-24 17:04:14"
"	69BA0CDE","	Chamber1","	1","	B01??(?)","	5.4","	2026-07-24 17:04:14"
"	69BA0CDE","	Chamber1","	1","	B01??(%RH)","	81.4","	2026-07-24 17:04:12"
"	69BA0CDE","	Chamber1","	1","	B01??(?)","	5.4","	2026-07-24 17:04:12"
"	69BA0CDE","	Chamber1","	1","	B01??(%RH)","	81.3","	2026-07-24 17:04:10"
"	69BA0CDE","	Chamber1","	1","	B01??(?)","	5.4","	2026-07-24 17:04:10"
"	69BA0CDE","	Chamber1","	1","	B01??(%RH)","	81.3","	2026-07-24 17:04:08"
"	69BA0CDE","	Chamber1","	1","	B01??(?)","	5.4","	2026-07-24 17:04:08"
"	69BA0CDE","	Chamber1","	1","	B01??(%RH)","	81.3","	2026-07-24 17:04:06"
"	69BA0CDE","	Chamber1","	1","	B01??(?)","	5.4","	2026-07-24 17:04:06"
"	69BA0CDE","	Chamber1","	1","	B01??(%RH)","	81.3","	2026-07-24 17:04:04"
"	69BA0CDE","	Chamber1","	1","	B01??(?)","	5.4","	2026-07-24 17:04:04"
"	69BA0CDE","	Chamber1","	1","	B01??(%RH)","	81.3","	2026-07-24 17:04:02"
"	69BA0CDE","	Chamber1","	1","	B01??(?)","	5.4","	2026-07-24 17:04:02"
"	69BA0CDE","	Chamber1","	1","	B01??(%RH)","	81.3","	2026-07-24 17:04:00"
"	69BA0CDE","	Chamber1","	1","	B01??(?)","	5.4","	2026-07-24 17:04:00"
"	69BA0CDE","	Chamber1","	1","	B01??(%RH)","	81.3","	2026-07-24 17:03:58"
"	69BA0CDE","	Chamber1","	1","	B01??(?)","	5.4","	2026-07-24 17:03:58"
"	69BA0CDE","	Chamber1","	1","	B01??(%RH)","	81.3","	2026-07-24 17:03:56"
"	69BA0CDE","	Chamber1","	1","	B01??(?)","	5.4","	2026-07-24 17:03:56"
"	69BA0CDE","	Chamber1","	1","	B01??(%RH)","	81.3","	2026-07-24 17:03:54"
"	69BA0CDE","	Chamber1","	1","	B01??(?)","	5.4","	2026-07-24 17:03:54"
"	69BA0CDE","	Chamber1","	1","	B01??(%RH)","	81.3","	2026-07-24 17:03:52"
"	69BA0CDE","	Chamber1","	1","	B01??(?)","	5.4","	2026-07-24 17:03:52"
"	69BA0CDE","	Chamber1","	1","	B01??(%RH)","	81.3","	2026-07-24 17:03:49"
"	69BA0CDE","	Chamber1","	1","	B01??(?)","	5.4","	2026-07-24 17:03:49"
"	69BA0CDE","	Chamber1","	1","	B01??(%RH)","	81.3","	2026-07-24 17:03:47"
"	69BA0CDE","	Chamber1","	1","	B01??(?)","	5.4","	2026-07-24 17:03:47"
"	69BA0CDE","	Chamber1","	1","	B01??(%RH)","	81.3","	2026-07-24 17:03:45"
"	69BA0CDE","	Chamber1","	1","	B01??(?)","	5.4","	2026-07-24 17:03:45"
"	69BA0CDE","	Chamber1","	1","	B01??(%RH)","	81.3","	2026-07-24 17:03:43"
"	69BA0CDE","	Chamber1","	1","	B01??(?)","	5.4","	2026-07-24 17:03:43"
"	69BA0CDE","	Chamber1","	1","	B01??(%RH)","	81.3","	2026-07-24 17:03:41"
"	69BA0CDE","	Chamber1","	1","	B01??(?)","	5.4","	2026-07-24 17:03:41"
"	69BA0CDE","	Chamber1","	1","	B01??(%RH)","	81.3","	2026-07-24 17:03:39"
"	69BA0CDE","	Chamber1","	1","	B01??(?)","	5.4","	2026-07-24 17:03:39"
"	69BA0CDE","	Chamber1","	1","	B01??(%RH)","	81.3","	2026-07-24 17:03:37"
"	69BA0CDE","	Chamber1","	1","	B01??(?)","	5.4","	2026-07-24 17:03:37"
"	69BA0CDE","	Chamber1","	1","	B01??(%RH)","	81.3","	2026-07-24 17:03:35"
"	69BA0CDE","	Chamber1","	1","	B01??(?)","	5.4","	2026-07-24 17:03:35"
"	69BA0CDE","	Chamber1","	1","	B01??(%RH)","	81.3","	2026-07-24 17:03:33"
"	69BA0CDE","	Chamber1","	1","	B01??(?)","	5.4","	2026-07-24 17:03:33"
"	69BA0CDE","	Chamber1","	1","	B01??(%RH)","	81.3","	2026-07-24 17:03:31"
"	69BA0CDE","	Chamber1","	1","	B01??(?)","	5.4","	2026-07-24 17:03:31"
"	69BA0CDE","	Chamber1","	1","	B01??(%RH)","	81.3","	2026-07-24 17:03:29"
"	69BA0CDE","	Chamber1","	1","	B01??(?)","	5.4","	2026-07-24 17:03:29"
"	69BA0CDE","	Chamber1","	1","	B01??(%RH)","	81.3","	2026-07-24 17:03:27"
"	69BA0CDE","	Chamber1","	1","	B01??(?)","	5.4","	2026-07-24 17:03:27"
"	69BA0CDE","	Chamber1","	1","	B01??(%RH)","	81.3","	2026-07-24 17:03:25"
"	69BA0CDE","	Chamber1","	1","	B01??(?)","	5.4","	2026-07-24 17:03:25"
"	69BA0CDE","	Chamber1","	1","	B01??(%RH)","	81.3","	2026-07-24 17:03:23"
"	69BA0CDE","	Chamber1","	1","	B01??(?)","	5.4","	2026-07-24 17:03:23"
"	69BA0CDE","	Chamber1","	1","	B01??(%RH)","	81.3","	2026-07-24 17:03:21"
"	69BA0CDE","	Chamber1","	1","	B01??(?)","	5.4","	2026-07-24 17:03:21"
"	69BA0CDE","	Chamber1","	1","	B01??(%RH)","	81.3","	2026-07-24 17:03:19"
"	69BA0CDE","	Chamber1","	1","	B01??(?)","	5.4","	2026-07-24 17:03:19"
"	69BA0CDE","	Chamber1","	1","	B01??(%RH)","	81.3","	2026-07-24 17:03:17"
"	69BA0CDE","	Chamber1","	1","	B01??(?)","	5.4","	2026-07-24 17:03:17"
"	69BA0CDE","	Chamber1","	1","	B01??(%RH)","	81.3","	2026-07-24 17:03:15"
"	69BA0CDE","	Chamber1","	1","	B01??(?)","	5.4","	2026-07-24 17:03:15"
"	69BA0CDE","	Chamber1","	1","	B01??(%RH)","	81.3","	2026-07-24 17:03:13"
"	69BA0CDE","	Chamber1","	1","	B01??(?)","	5.4","	2026-07-24 17:03:13"
"	69BA0CDE","	Chamber1","	1","	B01??(%RH)","	81.3","	2026-07-24 17:03:11"
"	69BA0CDE","	Chamber1","	1","	B01??(?)","	5.4","	2026-07-24 17:03:11"
"	69BA0CDE","	Chamber1","	1","	B01??(%RH)","	81.3","	2026-07-24 17:03:09"
"	69BA0CDE","	Chamber1","	1","	B01??(?)","	5.4","	2026-07-24 17:03:09"
"	69BA0CDE","	Chamber1","	1","	B01??(%RH)","	81.3","	2026-07-24 17:03:06"
"	69BA0CDE","	Chamber1","	1","	B01??(?)","	5.4","	2026-07-24 17:03:06"
"	69BA0CDE","	Chamber1","	1","	B01??(%RH)","	81.2","	2026-07-24 17:03:04"
"	69BA0CDE","	Chamber1","	1","	B01??(?)","	5.4","	2026-07-24 17:03:04"
"	69BA0CDE","	Chamber1","	1","	B01??(%RH)","	81.3","	2026-07-24 17:03:02"
"	69BA0CDE","	Chamber1","	1","	B01??(?)","	5.4","	2026-07-24 17:03:02"
"	69BA0CDE","	Chamber1","	1","	B01??(%RH)","	81.3","	2026-07-24 17:03:00"
"	69BA0CDE","	Chamber1","	1","	B01??(?)","	5.4","	2026-07-24 17:03:00"
"	69BA0CDE","	Chamber1","	1","	B01??(%RH)","	81.2","	2026-07-24 17:02:58"
"	69BA0CDE","	Chamber1","	1","	B01??(?)","	5.4","	2026-07-24 17:02:58"
"	69BA0CDE","	Chamber1","	1","	B01??(%RH)","	81.2","	2026-07-24 17:02:56"
"	69BA0CDE","	Chamber1","	1","	B01??(?)","	5.4","	2026-07-24 17:02:56"
"	69BA0CDE","	Chamber1","	1","	B01??(%RH)","	81.2","	2026-07-24 17:02:54"
"	69BA0CDE","	Chamber1","	1","	B01??(?)","	5.4","	2026-07-24 17:02:54"
"	69BA0CDE","	Chamber1","	1","	B01??(%RH)","	81.2","	2026-07-24 17:02:52"
"	69BA0CDE","	Chamber1","	1","	B01??(?)","	5.4","	2026-07-24 17:02:52"
"	69BA0CDE","	Chamber1","	1","	B01??(%RH)","	81.2","	2026-07-24 17:02:50"
"	69BA0CDE","	Chamber1","	1","	B01??(?)","	5.4","	2026-07-24 17:02:50"
"	69BA0CDE","	Chamber1","	1","	B01??(%RH)","	81.2","	2026-07-24 17:02:48"
"	69BA0CDE","	Chamber1","	1","	B01??(?)","	5.4","	2026-07-24 17:02:48"
"	69BA0CDE","	Chamber1","	1","	B01??(%RH)","	81.2","	2026-07-24 17:02:46"
"	69BA0CDE","	Chamber1","	1","	B01??(?)","	5.4","	2026-07-24 17:02:46"
"	69BA0CDE","	Chamber1","	1","	B01??(%RH)","	81.2","	2026-07-24 17:02:44"
"	69BA0CDE","	Chamber1","	1","	B01??(?)","	5.4","	2026-07-24 17:02:44"
"	69BA0CDE","	Chamber1","	1","	B01??(%RH)","	81.2","	2026-07-24 17:02:42"
"	69BA0CDE","	Chamber1","	1","	B01??(?)","	5.4","	2026-07-24 17:02:42"
"	69BA0CDE","	Chamber1","	1","	B01??(%RH)","	81.2","	2026-07-24 17:02:40"
"	69BA0CDE","	Chamber1","	1","	B01??(?)","	5.5","	2026-07-24 17:02:40"
"	69BA0CDE","	Chamber1","	1","	B01??(%RH)","	81.2","	2026-07-24 17:02:38"
"	69BA0CDE","	Chamber1","	1","	B01??(?)","	5.4","	2026-07-24 17:02:38"
"	69BA0CDE","	Chamber1","	1","	B01??(%RH)","	81.2","	2026-07-24 17:02:36"
"	69BA0CDE","	Chamber1","	1","	B01??(?)","	5.4","	2026-07-24 17:02:36"
"	69BA0CDE","	Chamber1","	1","	B01??(%RH)","	81.2","	2026-07-24 17:02:34"
"	69BA0CDE","	Chamber1","	1","	B01??(?)","	5.4","	2026-07-24 17:02:34"
"	69BA0CDE","	Chamber1","	1","	B01??(%RH)","	81.2","	2026-07-24 17:02:32"
"	69BA0CDE","	Chamber1","	1","	B01??(?)","	5.4","	2026-07-24 17:02:32"
"	69BA0CDE","	Chamber1","	1","	B01??(%RH)","	81.2","	2026-07-24 17:02:30"
"	69BA0CDE","	Chamber1","	1","	B01??(?)","	5.4","	2026-07-24 17:02:30"
"	69BA0CDE","	Chamber1","	1","	B01??(%RH)","	81.2","	2026-07-24 17:02:28"
"	69BA0CDE","	Chamber1","	1","	B01??(?)","	5.4","	2026-07-24 17:02:28"
"	69BA0CDE","	Chamber1","	1","	B01??(%RH)","	81.2","	2026-07-24 17:02:26"
"	69BA0CDE","	Chamber1","	1","	B01??(?)","	5.4","	2026-07-24 17:02:26"
"	69BA0CDE","	Chamber1","	1","	B01??(%RH)","	81.2","	2026-07-24 17:02:23"
"	69BA0CDE","	Chamber1","	1","	B01??(?)","	5.4","	2026-07-24 17:02:23"
"	69BA0CDE","	Chamber1","	1","	B01??(%RH)","	81.2","	2026-07-24 17:02:21"
"	69BA0CDE","	Chamber1","	1","	B01??(?)","	5.4","	2026-07-24 17:02:21"
"	69BA0CDE","	Chamber1","	1","	B01??(%RH)","	81.2","	2026-07-24 17:02:19"
"	69BA0CDE","	Chamber1","	1","	B01??(?)","	5.4","	2026-07-24 17:02:19"
"	69BA0CDE","	Chamber1","	1","	B01??(%RH)","	81.2","	2026-07-24 17:02:17"
"	69BA0CDE","	Chamber1","	1","	B01??(?)","	5.4","	2026-07-24 17:02:17"
"	69BA0CDE","	Chamber1","	1","	B01??(%RH)","	81.2","	2026-07-24 17:02:15"
"	69BA0CDE","	Chamber1","	1","	B01??(?)","	5.4","	2026-07-24 17:02:15"
"	69BA0CDE","	Chamber1","	1","	B01??(%RH)","	81.2","	2026-07-24 17:02:13"
"	69BA0CDE","	Chamber1","	1","	B01??(?)","	5.4","	2026-07-24 17:02:13"
"	69BA0CDE","	Chamber1","	1","	B01??(%RH)","	81.2","	2026-07-24 17:02:11"
"	69BA0CDE","	Chamber1","	1","	B01??(?)","	5.4","	2026-07-24 17:02:11"
"	69BA0CDE","	Chamber1","	1","	B01??(%RH)","	81.2","	2026-07-24 17:02:09"
"	69BA0CDE","	Chamber1","	1","	B01??(?)","	5.5","	2026-07-24 17:02:09"
"	69BA0CDE","	Chamber1","	1","	B01??(%RH)","	81.2","	2026-07-24 17:02:07"
"	69BA0CDE","	Chamber1","	1","	B01??(?)","	5.5","	2026-07-24 17:02:07"
"	69BA0CDE","	Chamber1","	1","	B01??(%RH)","	81.1","	2026-07-24 17:02:05"
"	69BA0CDE","	Chamber1","	1","	B01??(?)","	5.4","	2026-07-24 17:02:05"
"	69BA0CDE","	Chamber1","	1","	B01??(%RH)","	81.2","	2026-07-24 17:02:03"
"	69BA0CDE","	Chamber1","	1","	B01??(?)","	5.5","	2026-07-24 17:02:03"
"	69BA0CDE","	Chamber1","	1","	B01??(%RH)","	81.2","	2026-07-24 17:02:01"
"	69BA0CDE","	Chamber1","	1","	B01??(?)","	5.5","	2026-07-24 17:02:01"
"	69BA0CDE","	Chamber1","	1","	B01??(%RH)","	81.2","	2026-07-24 17:01:59"
"	69BA0CDE","	Chamber1","	1","	B01??(?)","	5.4","	2026-07-24 17:01:59"
"	69BA0CDE","	Chamber1","	1","	B01??(%RH)","	81.2","	2026-07-24 17:01:57"
"	69BA0CDE","	Chamber1","	1","	B01??(?)","	5.4","	2026-07-24 17:01:57"
"	69BA0CDE","	Chamber1","	1","	B01??(%RH)","	81.2","	2026-07-24 17:01:55"
"	69BA0CDE","	Chamber1","	1","	B01??(?)","	5.5","	2026-07-24 17:01:55"
"	69BA0CDE","	Chamber1","	1","	B01??(%RH)","	81.2","	2026-07-24 17:01:53"
"	69BA0CDE","	Chamber1","	1","	B01??(?)","	5.4","	2026-07-24 17:01:53"
"	69BA0CDE","	Chamber1","	1","	B01??(%RH)","	81.2","	2026-07-24 17:01:51"
"	69BA0CDE","	Chamber1","	1","	B01??(?)","	5.5","	2026-07-24 17:01:51"
"	69BA0CDE","	Chamber1","	1","	B01??(%RH)","	81.2","	2026-07-24 17:01:49"
"	69BA0CDE","	Chamber1","	1","	B01??(?)","	5.5","	2026-07-24 17:01:49"
"	69BA0CDE","	Chamber1","	1","	B01??(%RH)","	81.2","	2026-07-24 17:01:47"
"	69BA0CDE","	Chamber1","	1","	B01??(?)","	5.5","	2026-07-24 17:01:47"
"	69BA0CDE","	Chamber1","	1","	B01??(%RH)","	81.1","	2026-07-24 17:01:45"
"	69BA0CDE","	Chamber1","	1","	B01??(?)","	5.4","	2026-07-24 17:01:45"
"	69BA0CDE","	Chamber1","	1","	B01??(%RH)","	81.1","	2026-07-24 17:01:43"
"	69BA0CDE","	Chamber1","	1","	B01??(?)","	5.4","	2026-07-24 17:01:43"
"	69BA0CDE","	Chamber1","	1","	B01??(%RH)","	81.1","	2026-07-24 17:01:40"
"	69BA0CDE","	Chamber1","	1","	B01??(?)","	5.4","	2026-07-24 17:01:40"
"	69BA0CDE","	Chamber1","	1","	B01??(%RH)","	81.1","	2026-07-24 17:01:38"
"	69BA0CDE","	Chamber1","	1","	B01??(?)","	5.5","	2026-07-24 17:01:38"
"	69BA0CDE","	Chamber1","	1","	B01??(%RH)","	81.1","	2026-07-24 17:01:36"
"	69BA0CDE","	Chamber1","	1","	B01??(?)","	5.5","	2026-07-24 17:01:36"
"	69BA0CDE","	Chamber1","	1","	B01??(%RH)","	81.1","	2026-07-24 17:01:34"
"	69BA0CDE","	Chamber1","	1","	B01??(?)","	5.5","	2026-07-24 17:01:34"
"	69BA0CDE","	Chamber1","	1","	B01??(%RH)","	81.1","	2026-07-24 17:01:32"
"	69BA0CDE","	Chamber1","	1","	B01??(?)","	5.5","	2026-07-24 17:01:32"
"	69BA0CDE","	Chamber1","	1","	B01??(%RH)","	81.1","	2026-07-24 17:01:30"
"	69BA0CDE","	Chamber1","	1","	B01??(?)","	5.5","	2026-07-24 17:01:30"
"	69BA0CDE","	Chamber1","	1","	B01??(%RH)","	81.1","	2026-07-24 17:01:28"
"	69BA0CDE","	Chamber1","	1","	B01??(?)","	5.4","	2026-07-24 17:01:28"
"	69BA0CDE","	Chamber1","	1","	B01??(%RH)","	81.1","	2026-07-24 17:01:26"
"	69BA0CDE","	Chamber1","	1","	B01??(?)","	5.5","	2026-07-24 17:01:26"
"	69BA0CDE","	Chamber1","	1","	B01??(%RH)","	81.1","	2026-07-24 17:01:24"
"	69BA0CDE","	Chamber1","	1","	B01??(?)","	5.4","	2026-07-24 17:01:24"
"	69BA0CDE","	Chamber1","	1","	B01??(%RH)","	81.1","	2026-07-24 17:01:22"
"	69BA0CDE","	Chamber1","	1","	B01??(?)","	5.5","	2026-07-24 17:01:22"
"	69BA0CDE","	Chamber1","	1","	B01??(%RH)","	81.1","	2026-07-24 17:01:20"
"	69BA0CDE","	Chamber1","	1","	B01??(?)","	5.5","	2026-07-24 17:01:20"
"	69BA0CDE","	Chamber1","	1","	B01??(%RH)","	81.1","	2026-07-24 17:01:18"
"	69BA0CDE","	Chamber1","	1","	B01??(?)","	5.5","	2026-07-24 17:01:18"
"	69BA0CDE","	Chamber1","	1","	B01??(%RH)","	81.1","	2026-07-24 17:01:16"
"	69BA0CDE","	Chamber1","	1","	B01??(?)","	5.4","	2026-07-24 17:01:16"
"	69BA0CDE","	Chamber1","	1","	B01??(%RH)","	81.1","	2026-07-24 17:01:14"
"	69BA0CDE","	Chamber1","	1","	B01??(?)","	5.5","	2026-07-24 17:01:14"
"	69BA0CDE","	Chamber1","	1","	B01??(%RH)","	81.1","	2026-07-24 17:01:12"
"	69BA0CDE","	Chamber1","	1","	B01??(?)","	5.5","	2026-07-24 17:01:12"
"	69BA0CDE","	Chamber1","	1","	B01??(%RH)","	81.1","	2026-07-24 17:01:10"
"	69BA0CDE","	Chamber1","	1","	B01??(?)","	5.5","	2026-07-24 17:01:10"
"	69BA0CDE","	Chamber1","	1","	B01??(%RH)","	81.1","	2026-07-24 17:01:08"
"	69BA0CDE","	Chamber1","	1","	B01??(?)","	5.5","	2026-07-24 17:01:08"
"	69BA0CDE","	Chamber1","	1","	B01??(%RH)","	81.1","	2026-07-24 17:01:06"
"	69BA0CDE","	Chamber1","	1","	B01??(?)","	5.5","	2026-07-24 17:01:06"
"	69BA0CDE","	Chamber1","	1","	B01??(%RH)","	81.1","	2026-07-24 17:01:04"
"	69BA0CDE","	Chamber1","	1","	B01??(?)","	5.5","	2026-07-24 17:01:04"
"	69BA0CDE","	Chamber1","	1","	B01??(%RH)","	81.1","	2026-07-24 17:01:02"
"	69BA0CDE","	Chamber1","	1","	B01??(?)","	5.5","	2026-07-24 17:01:02"
"	69BA0CDE","	Chamber1","	1","	B01??(%RH)","	81.1","	2026-07-24 17:00:59"
"	69BA0CDE","	Chamber1","	1","	B01??(?)","	5.5","	2026-07-24 17:00:59"
"	69BA0CDE","	Chamber1","	1","	B01??(%RH)","	81.1","	2026-07-24 17:00:57"
"	69BA0CDE","	Chamber1","	1","	B01??(?)","	5.5","	2026-07-24 17:00:57"
"	69BA0CDE","	Chamber1","	1","	B01??(%RH)","	81","	2026-07-24 17:00:55"
"	69BA0CDE","	Chamber1","	1","	B01??(?)","	5.5","	2026-07-24 17:00:55"
"	69BA0CDE","	Chamber1","	1","	B01??(%RH)","	81","	2026-07-24 17:00:53"
"	69BA0CDE","	Chamber1","	1","	B01??(?)","	5.5","	2026-07-24 17:00:53"
"	69BA0CDE","	Chamber1","	1","	B01??(%RH)","	81.1","	2026-07-24 17:00:51"
"	69BA0CDE","	Chamber1","	1","	B01??(?)","	5.5","	2026-07-24 17:00:51"
"	69BA0CDE","	Chamber1","	1","	B01??(%RH)","	81.1","	2026-07-24 17:00:49"
"	69BA0CDE","	Chamber1","	1","	B01??(?)","	5.5","	2026-07-24 17:00:49"
"	69BA0CDE","	Chamber1","	1","	B01??(%RH)","	81","	2026-07-24 17:00:47"
"	69BA0CDE","	Chamber1","	1","	B01??(?)","	5.5","	2026-07-24 17:00:47"
"	69BA0CDE","	Chamber1","	1","	B01??(%RH)","	81","	2026-07-24 17:00:45"
"	69BA0CDE","	Chamber1","	1","	B01??(?)","	5.5","	2026-07-24 17:00:45"
"	69BA0CDE","	Chamber1","	1","	B01??(%RH)","	81","	2026-07-24 17:00:43"
"	69BA0CDE","	Chamber1","	1","	B01??(?)","	5.5","	2026-07-24 17:00:43"
"	69BA0CDE","	Chamber1","	1","	B01??(%RH)","	81","	2026-07-24 17:00:41"
"	69BA0CDE","	Chamber1","	1","	B01??(?)","	5.5","	2026-07-24 17:00:41"
"	69BA0CDE","	Chamber1","	1","	B01??(%RH)","	81","	2026-07-24 17:00:39"
"	69BA0CDE","	Chamber1","	1","	B01??(?)","	5.5","	2026-07-24 17:00:39"
"	69BA0CDE","	Chamber1","	1","	B01??(%RH)","	81","	2026-07-24 17:00:37"
"	69BA0CDE","	Chamber1","	1","	B01??(?)","	5.5","	2026-07-24 17:00:37"
"	69BA0CDE","	Chamber1","	1","	B01??(%RH)","	81","	2026-07-24 17:00:35"
"	69BA0CDE","	Chamber1","	1","	B01??(?)","	5.5","	2026-07-24 17:00:35"
"	69BA0CDE","	Chamber1","	1","	B01??(%RH)","	81","	2026-07-24 17:00:33"
"	69BA0CDE","	Chamber1","	1","	B01??(?)","	5.5","	2026-07-24 17:00:33"
"	69BA0CDE","	Chamber1","	1","	B01??(%RH)","	81","	2026-07-24 17:00:31"
"	69BA0CDE","	Chamber1","	1","	B01??(?)","	5.5","	2026-07-24 17:00:31"
"	69BA0CDE","	Chamber1","	1","	B01??(%RH)","	81","	2026-07-24 17:00:29"
"	69BA0CDE","	Chamber1","	1","	B01??(?)","	5.5","	2026-07-24 17:00:29"
"	69BA0CDE","	Chamber1","	1","	B01??(%RH)","	81","	2026-07-24 17:00:27"
"	69BA0CDE","	Chamber1","	1","	B01??(?)","	5.5","	2026-07-24 17:00:27"
"	69BA0CDE","	Chamber1","	1","	B01??(%RH)","	81","	2026-07-24 17:00:25"
"	69BA0CDE","	Chamber1","	1","	B01??(?)","	5.5","	2026-07-24 17:00:25"
"	69BA0CDE","	Chamber1","	1","	B01??(%RH)","	81","	2026-07-24 17:00:23"
"	69BA0CDE","	Chamber1","	1","	B01??(?)","	5.5","	2026-07-24 17:00:23"
"	69BA0CDE","	Chamber1","	1","	B01??(%RH)","	81","	2026-07-24 17:00:21"
"	69BA0CDE","	Chamber1","	1","	B01??(?)","	5.5","	2026-07-24 17:00:21"
"	69BA0CDE","	Chamber1","	1","	B01??(%RH)","	81","	2026-07-24 17:00:19"
"	69BA0CDE","	Chamber1","	1","	B01??(?)","	5.5","	2026-07-24 17:00:19"
"	69BA0CDE","	Chamber1","	1","	B01??(%RH)","	81","	2026-07-24 17:00:17"
"	69BA0CDE","	Chamber1","	1","	B01??(?)","	5.5","	2026-07-24 17:00:17"
"	69BA0CDE","	Chamber1","	1","	B01??(%RH)","	81","	2026-07-24 17:00:14"
"	69BA0CDE","	Chamber1","	1","	B01??(?)","	5.5","	2026-07-24 17:00:14"
"	69BA0CDE","	Chamber1","	1","	B01??(%RH)","	81","	2026-07-24 17:00:12"
"	69BA0CDE","	Chamber1","	1","	B01??(?)","	5.5","	2026-07-24 17:00:12"
"	69BA0CDE","	Chamber1","	1","	B01??(%RH)","	80.9","	2026-07-24 17:00:10"
"	69BA0CDE","	Chamber1","	1","	B01??(?)","	5.5","	2026-07-24 17:00:10"
"	69BA0CDE","	Chamber1","	1","	B01??(%RH)","	81","	2026-07-24 17:00:08"
"	69BA0CDE","	Chamber1","	1","	B01??(?)","	5.5","	2026-07-24 17:00:08"
"	69BA0CDE","	Chamber1","	1","	B01??(%RH)","	81","	2026-07-24 17:00:06"
"	69BA0CDE","	Chamber1","	1","	B01??(?)","	5.5","	2026-07-24 17:00:06"
"	69BA0CDE","	Chamber1","	1","	B01??(%RH)","	81","	2026-07-24 17:00:04"
"	69BA0CDE","	Chamber1","	1","	B01??(?)","	5.5","	2026-07-24 17:00:04"
"	69BA0CDE","	Chamber1","	1","	B01??(%RH)","	81","	2026-07-24 17:00:02"
"	69BA0CDE","	Chamber1","	1","	B01??(?)","	5.5","	2026-07-24 17:00:02"
"	69BA0CDE","	Chamber1","	1","	B01??(%RH)","	81","	2026-07-24 17:00:00"
"	69BA0CDE","	Chamber1","	1","	B01??(?)","	5.5","	2026-07-24 17:00:00"
"	69BA0CDE","	Chamber1","	1","	B01??(%RH)","	81","	2026-07-24 16:59:58"
"	69BA0CDE","	Chamber1","	1","	B01??(?)","	5.5","	2026-07-24 16:59:58"
"	69BA0CDE","	Chamber1","	1","	B01??(%RH)","	81","	2026-07-24 16:59:56"
"	69BA0CDE","	Chamber1","	1","	B01??(?)","	5.5","	2026-07-24 16:59:56"
"	69BA0CDE","	Chamber1","	1","	B01??(%RH)","	80.9","	2026-07-24 16:59:54"
"	69BA0CDE","	Chamber1","	1","	B01??(?)","	5.5","	2026-07-24 16:59:54"
"	69BA0CDE","	Chamber1","	1","	B01??(%RH)","	80.9","	2026-07-24 16:59:52"
"	69BA0CDE","	Chamber1","	1","	B01??(?)","	5.5","	2026-07-24 16:59:52"
"	69BA0CDE","	Chamber1","	1","	B01??(%RH)","	80.9","	2026-07-24 16:59:50"
"	69BA0CDE","	Chamber1","	1","	B01??(?)","	5.5","	2026-07-24 16:59:50"
"	69BA0CDE","	Chamber1","	1","	B01??(%RH)","	80.9","	2026-07-24 16:59:48"
"	69BA0CDE","	Chamber1","	1","	B01??(?)","	5.5","	2026-07-24 16:59:48"
"	69BA0CDE","	Chamber1","	1","	B01??(%RH)","	80.9","	2026-07-24 16:59:46"
"	69BA0CDE","	Chamber1","	1","	B01??(?)","	5.5","	2026-07-24 16:59:46"
"	69BA0CDE","	Chamber1","	1","	B01??(%RH)","	80.9","	2026-07-24 16:59:44"
"	69BA0CDE","	Chamber1","	1","	B01??(?)","	5.5","	2026-07-24 16:59:44"
"	69BA0CDE","	Chamber1","	1","	B01??(%RH)","	80.9","	2026-07-24 16:59:42"
"	69BA0CDE","	Chamber1","	1","	B01??(?)","	5.5","	2026-07-24 16:59:42"
"	69BA0CDE","	Chamber1","	1","	B01??(%RH)","	80.9","	2026-07-24 16:59:40"
"	69BA0CDE","	Chamber1","	1","	B01??(?)","	5.5","	2026-07-24 16:59:40"
"	69BA0CDE","	Chamber1","	1","	B01??(%RH)","	80.9","	2026-07-24 16:59:38"
"	69BA0CDE","	Chamber1","	1","	B01??(?)","	5.5","	2026-07-24 16:59:38"
"	69BA0CDE","	Chamber1","	1","	B01??(%RH)","	80.9","	2026-07-24 16:59:36"
"	69BA0CDE","	Chamber1","	1","	B01??(?)","	5.5","	2026-07-24 16:59:36"
"	69BA0CDE","	Chamber1","	1","	B01??(%RH)","	80.9","	2026-07-24 16:59:34"
"	69BA0CDE","	Chamber1","	1","	B01??(?)","	5.5","	2026-07-24 16:59:34"
"	69BA0CDE","	Chamber1","	1","	B01??(%RH)","	80.9","	2026-07-24 16:59:32"
"	69BA0CDE","	Chamber1","	1","	B01??(?)","	5.5","	2026-07-24 16:59:32"
"	69BA0CDE","	Chamber1","	1","	B01??(%RH)","	80.9","	2026-07-24 16:59:29"
"	69BA0CDE","	Chamber1","	1","	B01??(?)","	5.5","	2026-07-24 16:59:29"
"	69BA0CDE","	Chamber1","	1","	B01??(%RH)","	80.9","	2026-07-24 16:59:27"
"	69BA0CDE","	Chamber1","	1","	B01??(?)","	5.5","	2026-07-24 16:59:27"
"	69BA0CDE","	Chamber1","	1","	B01??(%RH)","	80.9","	2026-07-24 16:59:25"
"	69BA0CDE","	Chamber1","	1","	B01??(?)","	5.5","	2026-07-24 16:59:25"
"	69BA0CDE","	Chamber1","	1","	B01??(%RH)","	80.9","	2026-07-24 16:59:23"
"	69BA0CDE","	Chamber1","	1","	B01??(?)","	5.5","	2026-07-24 16:59:23"
"	69BA0CDE","	Chamber1","	1","	B01??(%RH)","	80.9","	2026-07-24 16:59:21"
"	69BA0CDE","	Chamber1","	1","	B01??(?)","	5.5","	2026-07-24 16:59:21"
"	69BA0CDE","	Chamber1","	1","	B01??(%RH)","	80.9","	2026-07-24 16:59:19"
"	69BA0CDE","	Chamber1","	1","	B01??(?)","	5.5","	2026-07-24 16:59:19"
"	69BA0CDE","	Chamber1","	1","	B01??(%RH)","	80.9","	2026-07-24 16:59:17"
"	69BA0CDE","	Chamber1","	1","	B01??(?)","	5.5","	2026-07-24 16:59:17"
"	69BA0CDE","	Chamber1","	1","	B01??(%RH)","	80.9","	2026-07-24 16:59:15"
"	69BA0CDE","	Chamber1","	1","	B01??(?)","	5.5","	2026-07-24 16:59:15"
"	69BA0CDE","	Chamber1","	1","	B01??(%RH)","	80.9","	2026-07-24 16:59:13"
"	69BA0CDE","	Chamber1","	1","	B01??(?)","	5.5","	2026-07-24 16:59:13"
"	69BA0CDE","	Chamber1","	1","	B01??(%RH)","	80.9","	2026-07-24 16:59:11"
"	69BA0CDE","	Chamber1","	1","	B01??(?)","	5.6","	2026-07-24 16:59:11"
"	69BA0CDE","	Chamber1","	1","	B01??(%RH)","	80.9","	2026-07-24 16:59:09"
"	69BA0CDE","	Chamber1","	1","	B01??(?)","	5.6","	2026-07-24 16:59:09"
"	69BA0CDE","	Chamber1","	1","	B01??(%RH)","	80.8","	2026-07-24 16:59:07"
"	69BA0CDE","	Chamber1","	1","	B01??(?)","	5.5","	2026-07-24 16:59:07"
"	69BA0CDE","	Chamber1","	1","	B01??(%RH)","	80.9","	2026-07-24 16:59:05"
"	69BA0CDE","	Chamber1","	1","	B01??(?)","	5.6","	2026-07-24 16:59:05"
"	69BA0CDE","	Chamber1","	1","	B01??(%RH)","	80.8","	2026-07-24 16:59:03"
"	69BA0CDE","	Chamber1","	1","	B01??(?)","	5.6","	2026-07-24 16:59:03"
"	69BA0CDE","	Chamber1","	1","	B01??(%RH)","	80.8","	2026-07-24 16:59:01"
"	69BA0CDE","	Chamber1","	1","	B01??(?)","	5.6","	2026-07-24 16:59:01"
"	69BA0CDE","	Chamber1","	1","	B01??(%RH)","	80.8","	2026-07-24 16:58:59"
"	69BA0CDE","	Chamber1","	1","	B01??(?)","	5.5","	2026-07-24 16:58:59"
"	69BA0CDE","	Chamber1","	1","	B01??(%RH)","	80.8","	2026-07-24 16:58:57"
"	69BA0CDE","	Chamber1","	1","	B01??(?)","	5.5","	2026-07-24 16:58:57"
"	69BA0CDE","	Chamber1","	1","	B01??(%RH)","	80.8","	2026-07-24 16:58:55"
"	69BA0CDE","	Chamber1","	1","	B01??(?)","	5.6","	2026-07-24 16:58:55"
"	69BA0CDE","	Chamber1","	1","	B01??(%RH)","	80.8","	2026-07-24 16:58:53"
"	69BA0CDE","	Chamber1","	1","	B01??(?)","	5.6","	2026-07-24 16:58:53"
"	69BA0CDE","	Chamber1","	1","	B01??(%RH)","	80.8","	2026-07-24 16:58:51"
"	69BA0CDE","	Chamber1","	1","	B01??(?)","	5.5","	2026-07-24 16:58:51"
"	69BA0CDE","	Chamber1","	1","	B01??(%RH)","	80.8","	2026-07-24 16:58:49"
"	69BA0CDE","	Chamber1","	1","	B01??(?)","	5.6","	2026-07-24 16:58:49"
"	69BA0CDE","	Chamber1","	1","	B01??(%RH)","	80.8","	2026-07-24 16:58:47"
"	69BA0CDE","	Chamber1","	1","	B01??(?)","	5.6","	2026-07-24 16:58:47"
"	69BA0CDE","	Chamber1","	1","	B01??(%RH)","	80.8","	2026-07-24 16:58:44"
"	69BA0CDE","	Chamber1","	1","	B01??(?)","	5.5","	2026-07-24 16:58:44"
"	69BA0CDE","	Chamber1","	1","	B01??(%RH)","	80.8","	2026-07-24 16:58:42"
"	69BA0CDE","	Chamber1","	1","	B01??(?)","	5.5","	2026-07-24 16:58:42"
"	69BA0CDE","	Chamber1","	1","	B01??(%RH)","	80.8","	2026-07-24 16:58:40"
"	69BA0CDE","	Chamber1","	1","	B01??(?)","	5.5","	2026-07-24 16:58:40"
"	69BA0CDE","	Chamber1","	1","	B01??(%RH)","	80.8","	2026-07-24 16:58:38"
"	69BA0CDE","	Chamber1","	1","	B01??(?)","	5.6","	2026-07-24 16:58:38"
"	69BA0CDE","	Chamber1","	1","	B01??(%RH)","	80.8","	2026-07-24 16:58:36"
"	69BA0CDE","	Chamber1","	1","	B01??(?)","	5.6","	2026-07-24 16:58:36"
"	69BA0CDE","	Chamber1","	1","	B01??(%RH)","	80.8","	2026-07-24 16:58:34"
"	69BA0CDE","	Chamber1","	1","	B01??(?)","	5.6","	2026-07-24 16:58:34"
"	69BA0CDE","	Chamber1","	1","	B01??(%RH)","	80.8","	2026-07-24 16:58:32"
"	69BA0CDE","	Chamber1","	1","	B01??(?)","	5.6","	2026-07-24 16:58:32"
"	69BA0CDE","	Chamber1","	1","	B01??(%RH)","	80.8","	2026-07-24 16:58:30"
"	69BA0CDE","	Chamber1","	1","	B01??(?)","	5.6","	2026-07-24 16:58:30"
"	69BA0CDE","	Chamber1","	1","	B01??(%RH)","	80.8","	2026-07-24 16:58:28"
"	69BA0CDE","	Chamber1","	1","	B01??(?)","	5.6","	2026-07-24 16:58:28"
"	69BA0CDE","	Chamber1","	1","	B01??(%RH)","	80.8","	2026-07-24 16:58:26"
"	69BA0CDE","	Chamber1","	1","	B01??(?)","	5.6","	2026-07-24 16:58:26"
"	69BA0CDE","	Chamber1","	1","	B01??(%RH)","	80.8","	2026-07-24 16:58:24"
"	69BA0CDE","	Chamber1","	1","	B01??(?)","	5.6","	2026-07-24 16:58:24"
"	69BA0CDE","	Chamber1","	1","	B01??(%RH)","	80.7","	2026-07-24 16:58:22"
"	69BA0CDE","	Chamber1","	1","	B01??(?)","	5.6","	2026-07-24 16:58:22"
"	69BA0CDE","	Chamber1","	1","	B01??(%RH)","	80.7","	2026-07-24 16:58:20"
"	69BA0CDE","	Chamber1","	1","	B01??(?)","	5.6","	2026-07-24 16:58:20"
"	69BA0CDE","	Chamber1","	1","	B01??(%RH)","	80.7","	2026-07-24 16:58:18"
"	69BA0CDE","	Chamber1","	1","	B01??(?)","	5.6","	2026-07-24 16:58:18"
"	69BA0CDE","	Chamber1","	1","	B01??(%RH)","	80.7","	2026-07-24 16:58:16"
"	69BA0CDE","	Chamber1","	1","	B01??(?)","	5.6","	2026-07-24 16:58:16"
"	69BA0CDE","	Chamber1","	1","	B01??(%RH)","	80.7","	2026-07-24 16:58:14"
"	69BA0CDE","	Chamber1","	1","	B01??(?)","	5.6","	2026-07-24 16:58:14"
"	69BA0CDE","	Chamber1","	1","	B01??(%RH)","	80.7","	2026-07-24 16:58:12"
"	69BA0CDE","	Chamber1","	1","	B01??(?)","	5.6","	2026-07-24 16:58:12"
"	69BA0CDE","	Chamber1","	1","	B01??(%RH)","	80.7","	2026-07-24 16:58:10"
"	69BA0CDE","	Chamber1","	1","	B01??(?)","	5.6","	2026-07-24 16:58:10"
"	69BA0CDE","	Chamber1","	1","	B01??(%RH)","	80.7","	2026-07-24 16:58:08"
"	69BA0CDE","	Chamber1","	1","	B01??(?)","	5.6","	2026-07-24 16:58:08"
"	69BA0CDE","	Chamber1","	1","	B01??(%RH)","	80.7","	2026-07-24 16:58:06"
"	69BA0CDE","	Chamber1","	1","	B01??(?)","	5.6","	2026-07-24 16:58:06"
"	69BA0CDE","	Chamber1","	1","	B01??(%RH)","	80.7","	2026-07-24 16:58:04"
"	69BA0CDE","	Chamber1","	1","	B01??(?)","	5.6","	2026-07-24 16:58:04"
"	69BA0CDE","	Chamber1","	1","	B01??(%RH)","	80.7","	2026-07-24 16:58:01"
"	69BA0CDE","	Chamber1","	1","	B01??(?)","	5.6","	2026-07-24 16:58:01"
"	69BA0CDE","	Chamber1","	1","	B01??(%RH)","	80.7","	2026-07-24 16:57:59"
"	69BA0CDE","	Chamber1","	1","	B01??(?)","	5.6","	2026-07-24 16:57:59"
"	69BA0CDE","	Chamber1","	1","	B01??(%RH)","	80.7","	2026-07-24 16:57:57"
"	69BA0CDE","	Chamber1","	1","	B01??(?)","	5.6","	2026-07-24 16:57:57"
"	69BA0CDE","	Chamber1","	1","	B01??(%RH)","	80.7","	2026-07-24 16:57:55"
"	69BA0CDE","	Chamber1","	1","	B01??(?)","	5.6","	2026-07-24 16:57:55"
"	69BA0CDE","	Chamber1","	1","	B01??(%RH)","	80.7","	2026-07-24 16:57:53"
"	69BA0CDE","	Chamber1","	1","	B01??(?)","	5.6","	2026-07-24 16:57:53"
"	69BA0CDE","	Chamber1","	1","	B01??(%RH)","	80.7","	2026-07-24 16:57:51"
"	69BA0CDE","	Chamber1","	1","	B01??(?)","	5.6","	2026-07-24 16:57:51"
"	69BA0CDE","	Chamber1","	1","	B01??(%RH)","	80.6","	2026-07-24 16:57:49"
"	69BA0CDE","	Chamber1","	1","	B01??(?)","	5.6","	2026-07-24 16:57:49"
"	69BA0CDE","	Chamber1","	1","	B01??(%RH)","	80.7","	2026-07-24 16:57:47"
"	69BA0CDE","	Chamber1","	1","	B01??(?)","	5.6","	2026-07-24 16:57:47"
"	69BA0CDE","	Chamber1","	1","	B01??(%RH)","	80.6","	2026-07-24 16:57:45"
"	69BA0CDE","	Chamber1","	1","	B01??(?)","	5.6","	2026-07-24 16:57:45"
"	69BA0CDE","	Chamber1","	1","	B01??(%RH)","	80.6","	2026-07-24 16:57:43"
"	69BA0CDE","	Chamber1","	1","	B01??(?)","	5.6","	2026-07-24 16:57:43"
"	69BA0CDE","	Chamber1","	1","	B01??(%RH)","	80.6","	2026-07-24 16:57:41"
"	69BA0CDE","	Chamber1","	1","	B01??(?)","	5.6","	2026-07-24 16:57:41"
"	69BA0CDE","	Chamber1","	1","	B01??(%RH)","	80.6","	2026-07-24 16:57:39"
"	69BA0CDE","	Chamber1","	1","	B01??(?)","	5.6","	2026-07-24 16:57:39"
"	69BA0CDE","	Chamber1","	1","	B01??(%RH)","	80.6","	2026-07-24 16:57:37"
"	69BA0CDE","	Chamber1","	1","	B01??(?)","	5.6","	2026-07-24 16:57:37"
"	69BA0CDE","	Chamber1","	1","	B01??(%RH)","	80.6","	2026-07-24 16:57:35"
"	69BA0CDE","	Chamber1","	1","	B01??(?)","	5.6","	2026-07-24 16:57:35"
"	69BA0CDE","	Chamber1","	1","	B01??(%RH)","	80.6","	2026-07-24 16:57:33"
"	69BA0CDE","	Chamber1","	1","	B01??(?)","	5.6","	2026-07-24 16:57:33"
"	69BA0CDE","	Chamber1","	1","	B01??(%RH)","	80.6","	2026-07-24 16:57:31"
"	69BA0CDE","	Chamber1","	1","	B01??(?)","	5.6","	2026-07-24 16:57:31"
"	69BA0CDE","	Chamber1","	1","	B01??(%RH)","	80.6","	2026-07-24 16:57:29"
"	69BA0CDE","	Chamber1","	1","	B01??(?)","	5.6","	2026-07-24 16:57:29"
"	69BA0CDE","	Chamber1","	1","	B01??(%RH)","	80.6","	2026-07-24 16:57:27"
"	69BA0CDE","	Chamber1","	1","	B01??(?)","	5.6","	2026-07-24 16:57:27"
"	69BA0CDE","	Chamber1","	1","	B01??(%RH)","	80.6","	2026-07-24 16:57:25"
"	69BA0CDE","	Chamber1","	1","	B01??(?)","	5.6","	2026-07-24 16:57:25"
"	69BA0CDE","	Chamber1","	1","	B01??(%RH)","	80.6","	2026-07-24 16:57:23"
"	69BA0CDE","	Chamber1","	1","	B01??(?)","	5.6","	2026-07-24 16:57:23"
"	69BA0CDE","	Chamber1","	1","	B01??(%RH)","	80.6","	2026-07-24 16:57:21"
"	69BA0CDE","	Chamber1","	1","	B01??(?)","	5.6","	2026-07-24 16:57:21"
"	69BA0CDE","	Chamber1","	1","	B01??(%RH)","	80.6","	2026-07-24 16:57:18"
"	69BA0CDE","	Chamber1","	1","	B01??(?)","	5.6","	2026-07-24 16:57:18"
"	69BA0CDE","	Chamber1","	1","	B01??(%RH)","	80.6","	2026-07-24 16:57:16"
"	69BA0CDE","	Chamber1","	1","	B01??(?)","	5.6","	2026-07-24 16:57:16"
"	69BA0CDE","	Chamber1","	1","	B01??(%RH)","	80.5","	2026-07-24 16:57:14"
"	69BA0CDE","	Chamber1","	1","	B01??(?)","	5.6","	2026-07-24 16:57:14"
"	69BA0CDE","	Chamber1","	1","	B01??(%RH)","	80.5","	2026-07-24 16:57:12"
"	69BA0CDE","	Chamber1","	1","	B01??(?)","	5.6","	2026-07-24 16:57:12"
"	69BA0CDE","	Chamber1","	1","	B01??(%RH)","	80.5","	2026-07-24 16:57:10"
"	69BA0CDE","	Chamber1","	1","	B01??(?)","	5.6","	2026-07-24 16:57:10"
"	69BA0CDE","	Chamber1","	1","	B01??(%RH)","	80.5","	2026-07-24 16:57:08"
"	69BA0CDE","	Chamber1","	1","	B01??(?)","	5.6","	2026-07-24 16:57:08"
"	69BA0CDE","	Chamber1","	1","	B01??(%RH)","	80.5","	2026-07-24 16:57:06"
"	69BA0CDE","	Chamber1","	1","	B01??(?)","	5.6","	2026-07-24 16:57:06"
"	69BA0CDE","	Chamber1","	1","	B01??(%RH)","	80.5","	2026-07-24 16:57:04"
"	69BA0CDE","	Chamber1","	1","	B01??(?)","	5.6","	2026-07-24 16:57:04"
"	69BA0CDE","	Chamber1","	1","	B01??(%RH)","	80.5","	2026-07-24 16:57:02"
"	69BA0CDE","	Chamber1","	1","	B01??(?)","	5.6","	2026-07-24 16:57:02"
"	69BA0CDE","	Chamber1","	1","	B01??(%RH)","	80.5","	2026-07-24 16:57:00"
"	69BA0CDE","	Chamber1","	1","	B01??(?)","	5.6","	2026-07-24 16:57:00"
"	69BA0CDE","	Chamber1","	1","	B01??(%RH)","	80.5","	2026-07-24 16:56:58"
"	69BA0CDE","	Chamber1","	1","	B01??(?)","	5.6","	2026-07-24 16:56:58"
"	69BA0CDE","	Chamber1","	1","	B01??(%RH)","	80.5","	2026-07-24 16:56:56"
"	69BA0CDE","	Chamber1","	1","	B01??(?)","	5.6","	2026-07-24 16:56:56"
"	69BA0CDE","	Chamber1","	1","	B01??(%RH)","	80.5","	2026-07-24 16:56:54"
"	69BA0CDE","	Chamber1","	1","	B01??(?)","	5.6","	2026-07-24 16:56:54"
"	69BA0CDE","	Chamber1","	1","	B01??(%RH)","	80.5","	2026-07-24 16:56:52"
"	69BA0CDE","	Chamber1","	1","	B01??(?)","	5.6","	2026-07-24 16:56:52"
"	69BA0CDE","	Chamber1","	1","	B01??(%RH)","	80.5","	2026-07-24 16:56:50"
"	69BA0CDE","	Chamber1","	1","	B01??(?)","	5.7","	2026-07-24 16:56:50"
"	69BA0CDE","	Chamber1","	1","	B01??(%RH)","	80.5","	2026-07-24 16:56:48"
"	69BA0CDE","	Chamber1","	1","	B01??(?)","	5.6","	2026-07-24 16:56:48"
"	69BA0CDE","	Chamber1","	1","	B01??(%RH)","	80.5","	2026-07-24 16:56:46"
"	69BA0CDE","	Chamber1","	1","	B01??(?)","	5.6","	2026-07-24 16:56:46"
"	69BA0CDE","	Chamber1","	1","	B01??(%RH)","	80.5","	2026-07-24 16:56:44"
"	69BA0CDE","	Chamber1","	1","	B01??(?)","	5.6","	2026-07-24 16:56:44"
"	69BA0CDE","	Chamber1","	1","	B01??(%RH)","	80.4","	2026-07-24 16:56:42"
"	69BA0CDE","	Chamber1","	1","	B01??(?)","	5.6","	2026-07-24 16:56:42"
"	69BA0CDE","	Chamber1","	1","	B01??(%RH)","	80.5","	2026-07-24 16:56:40"
"	69BA0CDE","	Chamber1","	1","	B01??(?)","	5.7","	2026-07-24 16:56:40"
"	69BA0CDE","	Chamber1","	1","	B01??(%RH)","	80.4","	2026-07-24 16:56:38"
"	69BA0CDE","	Chamber1","	1","	B01??(?)","	5.6","	2026-07-24 16:56:38"
"	69BA0CDE","	Chamber1","	1","	B01??(%RH)","	80.4","	2026-07-24 16:56:35"
"	69BA0CDE","	Chamber1","	1","	B01??(?)","	5.6","	2026-07-24 16:56:35"
"	69BA0CDE","	Chamber1","	1","	B01??(%RH)","	80.4","	2026-07-24 16:56:33"
"	69BA0CDE","	Chamber1","	1","	B01??(?)","	5.7","	2026-07-24 16:56:33"
"	69BA0CDE","	Chamber1","	1","	B01??(%RH)","	80.4","	2026-07-24 16:56:31"
"	69BA0CDE","	Chamber1","	1","	B01??(?)","	5.6","	2026-07-24 16:56:31"
"	69BA0CDE","	Chamber1","	1","	B01??(%RH)","	80.4","	2026-07-24 16:56:29"
"	69BA0CDE","	Chamber1","	1","	B01??(?)","	5.6","	2026-07-24 16:56:29"
"	69BA0CDE","	Chamber1","	1","	B01??(%RH)","	80.4","	2026-07-24 16:56:27"
"	69BA0CDE","	Chamber1","	1","	B01??(?)","	5.7","	2026-07-24 16:56:27"
"	69BA0CDE","	Chamber1","	1","	B01??(%RH)","	80.4","	2026-07-24 16:56:25"
"	69BA0CDE","	Chamber1","	1","	B01??(?)","	5.7","	2026-07-24 16:56:25"
"	69BA0CDE","	Chamber1","	1","	B01??(%RH)","	80.4","	2026-07-24 16:56:23"
"	69BA0CDE","	Chamber1","	1","	B01??(?)","	5.6","	2026-07-24 16:56:23"
"	69BA0CDE","	Chamber1","	1","	B01??(%RH)","	80.4","	2026-07-24 16:56:21"
"	69BA0CDE","	Chamber1","	1","	B01??(?)","	5.7","	2026-07-24 16:56:21"
"	69BA0CDE","	Chamber1","	1","	B01??(%RH)","	80.4","	2026-07-24 16:56:19"
"	69BA0CDE","	Chamber1","	1","	B01??(?)","	5.6","	2026-07-24 16:56:19"
"	69BA0CDE","	Chamber1","	1","	B01??(%RH)","	80.4","	2026-07-24 16:56:17"
"	69BA0CDE","	Chamber1","	1","	B01??(?)","	5.7","	2026-07-24 16:56:17"
"	69BA0CDE","	Chamber1","	1","	B01??(%RH)","	80.4","	2026-07-24 16:56:15"
"	69BA0CDE","	Chamber1","	1","	B01??(?)","	5.7","	2026-07-24 16:56:15"
"	69BA0CDE","	Chamber1","	1","	B01??(%RH)","	80.4","	2026-07-24 16:56:13"
"	69BA0CDE","	Chamber1","	1","	B01??(?)","	5.7","	2026-07-24 16:56:13"
"	69BA0CDE","	Chamber1","	1","	B01??(%RH)","	80.4","	2026-07-24 16:56:11"
"	69BA0CDE","	Chamber1","	1","	B01??(?)","	5.7","	2026-07-24 16:56:11"
"	69BA0CDE","	Chamber1","	1","	B01??(%RH)","	80.4","	2026-07-24 16:56:09"
"	69BA0CDE","	Chamber1","	1","	B01??(?)","	5.7","	2026-07-24 16:56:09"
"	69BA0CDE","	Chamber1","	1","	B01??(%RH)","	80.4","	2026-07-24 16:56:07"
"	69BA0CDE","	Chamber1","	1","	B01??(?)","	5.6","	2026-07-24 16:56:07"
"	69BA0CDE","	Chamber1","	1","	B01??(%RH)","	80.3","	2026-07-24 16:56:05"
"	69BA0CDE","	Chamber1","	1","	B01??(?)","	5.7","	2026-07-24 16:56:05"
"	69BA0CDE","	Chamber1","	1","	B01??(%RH)","	80.3","	2026-07-24 16:56:03"
"	69BA0CDE","	Chamber1","	1","	B01??(?)","	5.7","	2026-07-24 16:56:03"
"	69BA0CDE","	Chamber1","	1","	B01??(%RH)","	80.3","	2026-07-24 16:56:01"
"	69BA0CDE","	Chamber1","	1","	B01??(?)","	5.7","	2026-07-24 16:56:01"
"	69BA0CDE","	Chamber1","	1","	B01??(%RH)","	80.3","	2026-07-24 16:55:59"
"	69BA0CDE","	Chamber1","	1","	B01??(?)","	5.7","	2026-07-24 16:55:59"
"	69BA0CDE","	Chamber1","	1","	B01??(%RH)","	80.3","	2026-07-24 16:55:57"
"	69BA0CDE","	Chamber1","	1","	B01??(?)","	5.7","	2026-07-24 16:55:57"
"	69BA0CDE","	Chamber1","	1","	B01??(%RH)","	80.3","	2026-07-24 16:55:55"
"	69BA0CDE","	Chamber1","	1","	B01??(?)","	5.7","	2026-07-24 16:55:55"
"	69BA0CDE","	Chamber1","	1","	B01??(%RH)","	80.3","	2026-07-24 16:55:53"
"	69BA0CDE","	Chamber1","	1","	B01??(?)","	5.7","	2026-07-24 16:55:53"
"	69BA0CDE","	Chamber1","	1","	B01??(%RH)","	80.3","	2026-07-24 16:55:50"
"	69BA0CDE","	Chamber1","	1","	B01??(?)","	5.7","	2026-07-24 16:55:50"
"	69BA0CDE","	Chamber1","	1","	B01??(%RH)","	80.3","	2026-07-24 16:55:48"
"	69BA0CDE","	Chamber1","	1","	B01??(?)","	5.7","	2026-07-24 16:55:48"
"	69BA0CDE","	Chamber1","	1","	B01??(%RH)","	80.3","	2026-07-24 16:55:46"
"	69BA0CDE","	Chamber1","	1","	B01??(?)","	5.7","	2026-07-24 16:55:46"
"	69BA0CDE","	Chamber1","	1","	B01??(%RH)","	80.3","	2026-07-24 16:55:44"
"	69BA0CDE","	Chamber1","	1","	B01??(?)","	5.7","	2026-07-24 16:55:44"
"	69BA0CDE","	Chamber1","	1","	B01??(%RH)","	80.3","	2026-07-24 16:55:42"
"	69BA0CDE","	Chamber1","	1","	B01??(?)","	5.7","	2026-07-24 16:55:42"
"	69BA0CDE","	Chamber1","	1","	B01??(%RH)","	80.2","	2026-07-24 16:55:40"
"	69BA0CDE","	Chamber1","	1","	B01??(?)","	5.7","	2026-07-24 16:55:40"
"	69BA0CDE","	Chamber1","	1","	B01??(%RH)","	80.2","	2026-07-24 16:55:38"
"	69BA0CDE","	Chamber1","	1","	B01??(?)","	5.7","	2026-07-24 16:55:38"
"	69BA0CDE","	Chamber1","	1","	B01??(%RH)","	80.2","	2026-07-24 16:55:36"
"	69BA0CDE","	Chamber1","	1","	B01??(?)","	5.7","	2026-07-24 16:55:36"
"	69BA0CDE","	Chamber1","	1","	B01??(%RH)","	80.2","	2026-07-24 16:55:34"
"	69BA0CDE","	Chamber1","	1","	B01??(?)","	5.7","	2026-07-24 16:55:34"
"	69BA0CDE","	Chamber1","	1","	B01??(%RH)","	80.2","	2026-07-24 16:55:32"
"	69BA0CDE","	Chamber1","	1","	B01??(?)","	5.7","	2026-07-24 16:55:32"
"	69BA0CDE","	Chamber1","	1","	B01??(%RH)","	80.2","	2026-07-24 16:55:30"
"	69BA0CDE","	Chamber1","	1","	B01??(?)","	5.7","	2026-07-24 16:55:30"
"	69BA0CDE","	Chamber1","	1","	B01??(%RH)","	80.2","	2026-07-24 16:55:28"
"	69BA0CDE","	Chamber1","	1","	B01??(?)","	5.7","	2026-07-24 16:55:28"
"	69BA0CDE","	Chamber1","	1","	B01??(%RH)","	80.2","	2026-07-24 16:55:26"
"	69BA0CDE","	Chamber1","	1","	B01??(?)","	5.7","	2026-07-24 16:55:26"
"	69BA0CDE","	Chamber1","	1","	B01??(%RH)","	80.2","	2026-07-24 16:55:24"
"	69BA0CDE","	Chamber1","	1","	B01??(?)","	5.7","	2026-07-24 16:55:24"
"	69BA0CDE","	Chamber1","	1","	B01??(%RH)","	80.2","	2026-07-24 16:55:22"
"	69BA0CDE","	Chamber1","	1","	B01??(?)","	5.7","	2026-07-24 16:55:22"
"	69BA0CDE","	Chamber1","	1","	B01??(%RH)","	80.2","	2026-07-24 16:55:20"
"	69BA0CDE","	Chamber1","	1","	B01??(?)","	5.7","	2026-07-24 16:55:20"
"	69BA0CDE","	Chamber1","	1","	B01??(%RH)","	80.2","	2026-07-24 16:55:18"
"	69BA0CDE","	Chamber1","	1","	B01??(?)","	5.7","	2026-07-24 16:55:18"
"	69BA0CDE","	Chamber1","	1","	B01??(%RH)","	80.1","	2026-07-24 16:55:16"
"	69BA0CDE","	Chamber1","	1","	B01??(?)","	5.7","	2026-07-24 16:55:16"
"	69BA0CDE","	Chamber1","	1","	B01??(%RH)","	80.2","	2026-07-24 16:55:14"
"	69BA0CDE","	Chamber1","	1","	B01??(?)","	5.7","	2026-07-24 16:55:14"
"	69BA0CDE","	Chamber1","	1","	B01??(%RH)","	80.2","	2026-07-24 16:55:12"
"	69BA0CDE","	Chamber1","	1","	B01??(?)","	5.7","	2026-07-24 16:55:12"
"	69BA0CDE","	Chamber1","	1","	B01??(%RH)","	80.2","	2026-07-24 16:55:09"
"	69BA0CDE","	Chamber1","	1","	B01??(?)","	5.7","	2026-07-24 16:55:09"
"	69BA0CDE","	Chamber1","	1","	B01??(%RH)","	80.1","	2026-07-24 16:55:07"
"	69BA0CDE","	Chamber1","	1","	B01??(?)","	5.7","	2026-07-24 16:55:07"
"	69BA0CDE","	Chamber1","	1","	B01??(%RH)","	80.1","	2026-07-24 16:55:05"
"	69BA0CDE","	Chamber1","	1","	B01??(?)","	5.7","	2026-07-24 16:55:05"
"	69BA0CDE","	Chamber1","	1","	B01??(%RH)","	80.1","	2026-07-24 16:55:03"
"	69BA0CDE","	Chamber1","	1","	B01??(?)","	5.7","	2026-07-24 16:55:03"
"	69BA0CDE","	Chamber1","	1","	B01??(%RH)","	80.1","	2026-07-24 16:55:01"
"	69BA0CDE","	Chamber1","	1","	B01??(?)","	5.7","	2026-07-24 16:55:01"
"	69BA0CDE","	Chamber1","	1","	B01??(%RH)","	80.1","	2026-07-24 16:54:59"
"	69BA0CDE","	Chamber1","	1","	B01??(?)","	5.7","	2026-07-24 16:54:59"
"	69BA0CDE","	Chamber1","	1","	B01??(%RH)","	80.1","	2026-07-24 16:54:57"
"	69BA0CDE","	Chamber1","	1","	B01??(?)","	5.7","	2026-07-24 16:54:57"
"	69BA0CDE","	Chamber1","	1","	B01??(%RH)","	80.1","	2026-07-24 16:54:55"
"	69BA0CDE","	Chamber1","	1","	B01??(?)","	5.7","	2026-07-24 16:54:55"
"	69BA0CDE","	Chamber1","	1","	B01??(%RH)","	80.1","	2026-07-24 16:54:53"
"	69BA0CDE","	Chamber1","	1","	B01??(?)","	5.7","	2026-07-24 16:54:53"
"	69BA0CDE","	Chamber1","	1","	B01??(%RH)","	80.1","	2026-07-24 16:54:51"
"	69BA0CDE","	Chamber1","	1","	B01??(?)","	5.7","	2026-07-24 16:54:51"
"	69BA0CDE","	Chamber1","	1","	B01??(%RH)","	80.1","	2026-07-24 16:54:49"
"	69BA0CDE","	Chamber1","	1","	B01??(?)","	5.7","	2026-07-24 16:54:49"
"	69BA0CDE","	Chamber1","	1","	B01??(%RH)","	80.1","	2026-07-24 16:54:47"
"	69BA0CDE","	Chamber1","	1","	B01??(?)","	5.7","	2026-07-24 16:54:47"
"	69BA0CDE","	Chamber1","	1","	B01??(%RH)","	80.1","	2026-07-24 16:54:45"
"	69BA0CDE","	Chamber1","	1","	B01??(?)","	5.7","	2026-07-24 16:54:45"
"	69BA0CDE","	Chamber1","	1","	B01??(%RH)","	80","	2026-07-24 16:54:43"
"	69BA0CDE","	Chamber1","	1","	B01??(?)","	5.7","	2026-07-24 16:54:43"
"	69BA0CDE","	Chamber1","	1","	B01??(%RH)","	80.1","	2026-07-24 16:54:41"
"	69BA0CDE","	Chamber1","	1","	B01??(?)","	5.8","	2026-07-24 16:54:41"
"	69BA0CDE","	Chamber1","	1","	B01??(%RH)","	80","	2026-07-24 16:54:39"
"	69BA0CDE","	Chamber1","	1","	B01??(?)","	5.8","	2026-07-24 16:54:39"
"	69BA0CDE","	Chamber1","	1","	B01??(%RH)","	80.1","	2026-07-24 16:54:37"
"	69BA0CDE","	Chamber1","	1","	B01??(?)","	5.8","	2026-07-24 16:54:37"
"	69BA0CDE","	Chamber1","	1","	B01??(%RH)","	80","	2026-07-24 16:54:35"
"	69BA0CDE","	Chamber1","	1","	B01??(?)","	5.8","	2026-07-24 16:54:35"
"	69BA0CDE","	Chamber1","	1","	B01??(%RH)","	80","	2026-07-24 16:54:33"
"	69BA0CDE","	Chamber1","	1","	B01??(?)","	5.8","	2026-07-24 16:54:33"
"	69BA0CDE","	Chamber1","	1","	B01??(%RH)","	80","	2026-07-24 16:54:31"
"	69BA0CDE","	Chamber1","	1","	B01??(?)","	5.8","	2026-07-24 16:54:31"
"	69BA0CDE","	Chamber1","	1","	B01??(%RH)","	80","	2026-07-24 16:54:29"
"	69BA0CDE","	Chamber1","	1","	B01??(?)","	5.8","	2026-07-24 16:54:29"
"	69BA0CDE","	Chamber1","	1","	B01??(%RH)","	80","	2026-07-24 16:54:27"
"	69BA0CDE","	Chamber1","	1","	B01??(?)","	5.8","	2026-07-24 16:54:27"
"	69BA0CDE","	Chamber1","	1","	B01??(%RH)","	80","	2026-07-24 16:54:24"
"	69BA0CDE","	Chamber1","	1","	B01??(?)","	5.8","	2026-07-24 16:54:24"
"	69BA0CDE","	Chamber1","	1","	B01??(%RH)","	80","	2026-07-24 16:54:22"
"	69BA0CDE","	Chamber1","	1","	B01??(?)","	5.8","	2026-07-24 16:54:22"
"	69BA0CDE","	Chamber1","	1","	B01??(%RH)","	80","	2026-07-24 16:54:20"
"	69BA0CDE","	Chamber1","	1","	B01??(?)","	5.8","	2026-07-24 16:54:20"
"	69BA0CDE","	Chamber1","	1","	B01??(%RH)","	80","	2026-07-24 16:54:18"
"	69BA0CDE","	Chamber1","	1","	B01??(?)","	5.8","	2026-07-24 16:54:18"
"	69BA0CDE","	Chamber1","	1","	B01??(%RH)","	80","	2026-07-24 16:54:16"
"	69BA0CDE","	Chamber1","	1","	B01??(?)","	5.8","	2026-07-24 16:54:16"
"	69BA0CDE","	Chamber1","	1","	B01??(%RH)","	80","	2026-07-24 16:54:14"
"	69BA0CDE","	Chamber1","	1","	B01??(?)","	5.8","	2026-07-24 16:54:14"
"	69BA0CDE","	Chamber1","	1","	B01??(%RH)","	80","	2026-07-24 16:54:12"
"	69BA0CDE","	Chamber1","	1","	B01??(?)","	5.8","	2026-07-24 16:54:12"
"	69BA0CDE","	Chamber1","	1","	B01??(%RH)","	79.9","	2026-07-24 16:54:10"
"	69BA0CDE","	Chamber1","	1","	B01??(?)","	5.8","	2026-07-24 16:54:10"
"	69BA0CDE","	Chamber1","	1","	B01??(%RH)","	79.9","	2026-07-24 16:54:08"
"	69BA0CDE","	Chamber1","	1","	B01??(?)","	5.8","	2026-07-24 16:54:08"
"	69BA0CDE","	Chamber1","	1","	B01??(%RH)","	79.9","	2026-07-24 16:54:06"
"	69BA0CDE","	Chamber1","	1","	B01??(?)","	5.8","	2026-07-24 16:54:06"
"	69BA0CDE","	Chamber1","	1","	B01??(%RH)","	79.9","	2026-07-24 16:54:04"
"	69BA0CDE","	Chamber1","	1","	B01??(?)","	5.8","	2026-07-24 16:54:04"
"	69BA0CDE","	Chamber1","	1","	B01??(%RH)","	79.9","	2026-07-24 16:54:02"
"	69BA0CDE","	Chamber1","	1","	B01??(?)","	5.8","	2026-07-24 16:54:02"
"	69BA0CDE","	Chamber1","	1","	B01??(%RH)","	79.9","	2026-07-24 16:54:00"
"	69BA0CDE","	Chamber1","	1","	B01??(?)","	5.8","	2026-07-24 16:54:00"
"	69BA0CDE","	Chamber1","	1","	B01??(%RH)","	79.9","	2026-07-24 16:53:58"
"	69BA0CDE","	Chamber1","	1","	B01??(?)","	5.8","	2026-07-24 16:53:58"
"	69BA0CDE","	Chamber1","	1","	B01??(%RH)","	79.9","	2026-07-24 16:53:56"
"	69BA0CDE","	Chamber1","	1","	B01??(?)","	5.8","	2026-07-24 16:53:56"
"	69BA0CDE","	Chamber1","	1","	B01??(%RH)","	79.9","	2026-07-24 16:53:54"
"	69BA0CDE","	Chamber1","	1","	B01??(?)","	5.8","	2026-07-24 16:53:54"
"	69BA0CDE","	Chamber1","	1","	B01??(%RH)","	79.9","	2026-07-24 16:53:52"
"	69BA0CDE","	Chamber1","	1","	B01??(?)","	5.8","	2026-07-24 16:53:52"
"	69BA0CDE","	Chamber1","	1","	B01??(%RH)","	79.9","	2026-07-24 16:53:50"
"	69BA0CDE","	Chamber1","	1","	B01??(?)","	5.8","	2026-07-24 16:53:50"
"	69BA0CDE","	Chamber1","	1","	B01??(%RH)","	79.9","	2026-07-24 16:53:48"
"	69BA0CDE","	Chamber1","	1","	B01??(?)","	5.8","	2026-07-24 16:53:48"
"	69BA0CDE","	Chamber1","	1","	B01??(%RH)","	79.8","	2026-07-24 16:53:46"
"	69BA0CDE","	Chamber1","	1","	B01??(?)","	5.8","	2026-07-24 16:53:46"
"	69BA0CDE","	Chamber1","	1","	B01??(%RH)","	79.8","	2026-07-24 16:53:44"
"	69BA0CDE","	Chamber1","	1","	B01??(?)","	5.8","	2026-07-24 16:53:44"
"	69BA0CDE","	Chamber1","	1","	B01??(%RH)","	79.9","	2026-07-24 16:53:41"
"	69BA0CDE","	Chamber1","	1","	B01??(?)","	5.8","	2026-07-24 16:53:41"
"	69BA0CDE","	Chamber1","	1","	B01??(%RH)","	79.8","	2026-07-24 16:53:39"
"	69BA0CDE","	Chamber1","	1","	B01??(?)","	5.8","	2026-07-24 16:53:39"
"	69BA0CDE","	Chamber1","	1","	B01??(%RH)","	79.8","	2026-07-24 16:53:37"
"	69BA0CDE","	Chamber1","	1","	B01??(?)","	5.8","	2026-07-24 16:53:37"
"	69BA0CDE","	Chamber1","	1","	B01??(%RH)","	79.9","	2026-07-24 16:53:35"
"	69BA0CDE","	Chamber1","	1","	B01??(?)","	5.8","	2026-07-24 16:53:35"
"	69BA0CDE","	Chamber1","	1","	B01??(%RH)","	79.8","	2026-07-24 16:53:33"
"	69BA0CDE","	Chamber1","	1","	B01??(?)","	5.8","	2026-07-24 16:53:33"
"	69BA0CDE","	Chamber1","	1","	B01??(%RH)","	79.8","	2026-07-24 16:53:31"
"	69BA0CDE","	Chamber1","	1","	B01??(?)","	5.8","	2026-07-24 16:53:31"
"	69BA0CDE","	Chamber1","	1","	B01??(%RH)","	79.8","	2026-07-24 16:53:29"
"	69BA0CDE","	Chamber1","	1","	B01??(?)","	5.8","	2026-07-24 16:53:29"
"	69BA0CDE","	Chamber1","	1","	B01??(%RH)","	79.8","	2026-07-24 16:53:27"
"	69BA0CDE","	Chamber1","	1","	B01??(?)","	5.8","	2026-07-24 16:53:27"
"	69BA0CDE","	Chamber1","	1","	B01??(%RH)","	79.8","	2026-07-24 16:53:25"
"	69BA0CDE","	Chamber1","	1","	B01??(?)","	5.9","	2026-07-24 16:53:25"
"	69BA0CDE","	Chamber1","	1","	B01??(%RH)","	79.8","	2026-07-24 16:53:23"
"	69BA0CDE","	Chamber1","	1","	B01??(?)","	5.8","	2026-07-24 16:53:23"
"	69BA0CDE","	Chamber1","	1","	B01??(%RH)","	79.7","	2026-07-24 16:53:21"
"	69BA0CDE","	Chamber1","	1","	B01??(?)","	5.8","	2026-07-24 16:53:21"
"	69BA0CDE","	Chamber1","	1","	B01??(%RH)","	79.7","	2026-07-24 16:53:19"
"	69BA0CDE","	Chamber1","	1","	B01??(?)","	5.8","	2026-07-24 16:53:19"
"	69BA0CDE","	Chamber1","	1","	B01??(%RH)","	79.7","	2026-07-24 16:53:17"
"	69BA0CDE","	Chamber1","	1","	B01??(?)","	5.8","	2026-07-24 16:53:17"
"	69BA0CDE","	Chamber1","	1","	B01??(%RH)","	79.7","	2026-07-24 16:53:15"
"	69BA0CDE","	Chamber1","	1","	B01??(?)","	5.9","	2026-07-24 16:53:15"
"	69BA0CDE","	Chamber1","	1","	B01??(%RH)","	79.7","	2026-07-24 16:53:13"
"	69BA0CDE","	Chamber1","	1","	B01??(?)","	5.8","	2026-07-24 16:53:13"
"	69BA0CDE","	Chamber1","	1","	B01??(%RH)","	79.7","	2026-07-24 16:53:11"
"	69BA0CDE","	Chamber1","	1","	B01??(?)","	5.9","	2026-07-24 16:53:11"
"	69BA0CDE","	Chamber1","	1","	B01??(%RH)","	79.7","	2026-07-24 16:53:09"
"	69BA0CDE","	Chamber1","	1","	B01??(?)","	5.8","	2026-07-24 16:53:09"
"	69BA0CDE","	Chamber1","	1","	B01??(%RH)","	79.7","	2026-07-24 16:53:07"
"	69BA0CDE","	Chamber1","	1","	B01??(?)","	5.9","	2026-07-24 16:53:07"
"	69BA0CDE","	Chamber1","	1","	B01??(%RH)","	79.7","	2026-07-24 16:53:05"
"	69BA0CDE","	Chamber1","	1","	B01??(?)","	5.8","	2026-07-24 16:53:05"
"	69BA0CDE","	Chamber1","	1","	B01??(%RH)","	79.6","	2026-07-24 16:53:03"
"	69BA0CDE","	Chamber1","	1","	B01??(?)","	5.9","	2026-07-24 16:53:03"
"	69BA0CDE","	Chamber1","	1","	B01??(%RH)","	79.7","	2026-07-24 16:53:01"
"	69BA0CDE","	Chamber1","	1","	B01??(?)","	5.9","	2026-07-24 16:53:01"
"	69BA0CDE","	Chamber1","	1","	B01??(%RH)","	79.6","	2026-07-24 16:52:58"
"	69BA0CDE","	Chamber1","	1","	B01??(?)","	5.9","	2026-07-24 16:52:58"
"	69BA0CDE","	Chamber1","	1","	B01??(%RH)","	79.6","	2026-07-24 16:52:56"
"	69BA0CDE","	Chamber1","	1","	B01??(?)","	5.9","	2026-07-24 16:52:56"
"	69BA0CDE","	Chamber1","	1","	B01??(%RH)","	79.6","	2026-07-24 16:52:54"
"	69BA0CDE","	Chamber1","	1","	B01??(?)","	5.9","	2026-07-24 16:52:54"
"	69BA0CDE","	Chamber1","	1","	B01??(%RH)","	79.6","	2026-07-24 16:52:52"
"	69BA0CDE","	Chamber1","	1","	B01??(?)","	5.9","	2026-07-24 16:52:52"
"	69BA0CDE","	Chamber1","	1","	B01??(%RH)","	79.6","	2026-07-24 16:52:50"
"	69BA0CDE","	Chamber1","	1","	B01??(?)","	5.9","	2026-07-24 16:52:50"
"	69BA0CDE","	Chamber1","	1","	B01??(%RH)","	79.6","	2026-07-24 16:52:48"
"	69BA0CDE","	Chamber1","	1","	B01??(?)","	5.9","	2026-07-24 16:52:48"
"	69BA0CDE","	Chamber1","	1","	B01??(%RH)","	79.6","	2026-07-24 16:52:46"
"	69BA0CDE","	Chamber1","	1","	B01??(?)","	5.9","	2026-07-24 16:52:46"
"	69BA0CDE","	Chamber1","	1","	B01??(%RH)","	79.6","	2026-07-24 16:52:44"
"	69BA0CDE","	Chamber1","	1","	B01??(?)","	5.9","	2026-07-24 16:52:44"
"	69BA0CDE","	Chamber1","	1","	B01??(%RH)","	79.6","	2026-07-24 16:52:42"
"	69BA0CDE","	Chamber1","	1","	B01??(?)","	5.9","	2026-07-24 16:52:42"
"	69BA0CDE","	Chamber1","	1","	B01??(%RH)","	79.6","	2026-07-24 16:52:40"
"	69BA0CDE","	Chamber1","	1","	B01??(?)","	5.9","	2026-07-24 16:52:40"
"	69BA0CDE","	Chamber1","	1","	B01??(%RH)","	79.5","	2026-07-24 16:52:38"
"	69BA0CDE","	Chamber1","	1","	B01??(?)","	5.9","	2026-07-24 16:52:38"
"	69BA0CDE","	Chamber1","	1","	B01??(%RH)","	79.5","	2026-07-24 16:52:36"
"	69BA0CDE","	Chamber1","	1","	B01??(?)","	5.9","	2026-07-24 16:52:36"
"	69BA0CDE","	Chamber1","	1","	B01??(%RH)","	79.5","	2026-07-24 16:52:34"
"	69BA0CDE","	Chamber1","	1","	B01??(?)","	5.9","	2026-07-24 16:52:34"
"	69BA0CDE","	Chamber1","	1","	B01??(%RH)","	79.5","	2026-07-24 16:52:32"
"	69BA0CDE","	Chamber1","	1","	B01??(?)","	5.9","	2026-07-24 16:52:32"
"	69BA0CDE","	Chamber1","	1","	B01??(%RH)","	79.5","	2026-07-24 16:52:30"
"	69BA0CDE","	Chamber1","	1","	B01??(?)","	5.9","	2026-07-24 16:52:30"
"	69BA0CDE","	Chamber1","	1","	B01??(%RH)","	79.5","	2026-07-24 16:52:28"
"	69BA0CDE","	Chamber1","	1","	B01??(?)","	5.9","	2026-07-24 16:52:28"
"	69BA0CDE","	Chamber1","	1","	B01??(%RH)","	79.5","	2026-07-24 16:52:26"
"	69BA0CDE","	Chamber1","	1","	B01??(?)","	5.9","	2026-07-24 16:52:26"
"	69BA0CDE","	Chamber1","	1","	B01??(%RH)","	79.5","	2026-07-24 16:52:24"
"	69BA0CDE","	Chamber1","	1","	B01??(?)","	5.9","	2026-07-24 16:52:24"
"	69BA0CDE","	Chamber1","	1","	B01??(%RH)","	79.5","	2026-07-24 16:52:22"
"	69BA0CDE","	Chamber1","	1","	B01??(?)","	5.9","	2026-07-24 16:52:22"
"	69BA0CDE","	Chamber1","	1","	B01??(%RH)","	79.5","	2026-07-24 16:52:20"
"	69BA0CDE","	Chamber1","	1","	B01??(?)","	5.9","	2026-07-24 16:52:20"
"	69BA0CDE","	Chamber1","	1","	B01??(%RH)","	79.4","	2026-07-24 16:52:17"
"	69BA0CDE","	Chamber1","	1","	B01??(?)","	5.9","	2026-07-24 16:52:17"
"	69BA0CDE","	Chamber1","	1","	B01??(%RH)","	79.4","	2026-07-24 16:52:15"
"	69BA0CDE","	Chamber1","	1","	B01??(?)","	5.9","	2026-07-24 16:52:15"
"	69BA0CDE","	Chamber1","	1","	B01??(%RH)","	79.4","	2026-07-24 16:52:13"
"	69BA0CDE","	Chamber1","	1","	B01??(?)","	5.9","	2026-07-24 16:52:13"
"	69BA0CDE","	Chamber1","	1","	B01??(%RH)","	79.4","	2026-07-24 16:52:11"
"	69BA0CDE","	Chamber1","	1","	B01??(?)","	5.9","	2026-07-24 16:52:11"
"	69BA0CDE","	Chamber1","	1","	B01??(%RH)","	79.4","	2026-07-24 16:52:09"
"	69BA0CDE","	Chamber1","	1","	B01??(?)","	5.9","	2026-07-24 16:52:09"
"	69BA0CDE","	Chamber1","	1","	B01??(%RH)","	79.4","	2026-07-24 16:52:07"
"	69BA0CDE","	Chamber1","	1","	B01??(?)","	5.9","	2026-07-24 16:52:07"
"	69BA0CDE","	Chamber1","	1","	B01??(%RH)","	79.4","	2026-07-24 16:52:05"
"	69BA0CDE","	Chamber1","	1","	B01??(?)","	5.9","	2026-07-24 16:52:05"
"	69BA0CDE","	Chamber1","	1","	B01??(%RH)","	79.4","	2026-07-24 16:52:03"
"	69BA0CDE","	Chamber1","	1","	B01??(?)","	5.9","	2026-07-24 16:52:03"
"	69BA0CDE","	Chamber1","	1","	B01??(%RH)","	79.4","	2026-07-24 16:52:01"
"	69BA0CDE","	Chamber1","	1","	B01??(?)","	5.9","	2026-07-24 16:52:01"
"	69BA0CDE","	Chamber1","	1","	B01??(%RH)","	79.4","	2026-07-24 16:51:59"
"	69BA0CDE","	Chamber1","	1","	B01??(?)","	5.9","	2026-07-24 16:51:59"
"	69BA0CDE","	Chamber1","	1","	B01??(%RH)","	79.3","	2026-07-24 16:51:57"
"	69BA0CDE","	Chamber1","	1","	B01??(?)","	5.9","	2026-07-24 16:51:57"
"	69BA0CDE","	Chamber1","	1","	B01??(%RH)","	79.4","	2026-07-24 16:51:55"
"	69BA0CDE","	Chamber1","	1","	B01??(?)","	5.9","	2026-07-24 16:51:55"
"	69BA0CDE","	Chamber1","	1","	B01??(%RH)","	79.3","	2026-07-24 16:51:53"
"	69BA0CDE","	Chamber1","	1","	B01??(?)","	5.9","	2026-07-24 16:51:53"
"	69BA0CDE","	Chamber1","	1","	B01??(%RH)","	79.4","	2026-07-24 16:51:51"
"	69BA0CDE","	Chamber1","	1","	B01??(?)","	5.9","	2026-07-24 16:51:51"
"	69BA0CDE","	Chamber1","	1","	B01??(%RH)","	79.3","	2026-07-24 16:51:49"
"	69BA0CDE","	Chamber1","	1","	B01??(?)","	6","	2026-07-24 16:51:49"
"	69BA0CDE","	Chamber1","	1","	B01??(%RH)","	79.3","	2026-07-24 16:51:47"
"	69BA0CDE","	Chamber1","	1","	B01??(?)","	6","	2026-07-24 16:51:47"
"	69BA0CDE","	Chamber1","	1","	B01??(%RH)","	79.3","	2026-07-24 16:51:45"
"	69BA0CDE","	Chamber1","	1","	B01??(?)","	6","	2026-07-24 16:51:45"
"	69BA0CDE","	Chamber1","	1","	B01??(%RH)","	79.2","	2026-07-24 16:51:43"
"	69BA0CDE","	Chamber1","	1","	B01??(?)","	6","	2026-07-24 16:51:43"
"	69BA0CDE","	Chamber1","	1","	B01??(%RH)","	79.3","	2026-07-24 16:51:41"
"	69BA0CDE","	Chamber1","	1","	B01??(?)","	6","	2026-07-24 16:51:41"
"	69BA0CDE","	Chamber1","	1","	B01??(%RH)","	79.2","	2026-07-24 16:51:39"
"	69BA0CDE","	Chamber1","	1","	B01??(?)","	6","	2026-07-24 16:51:39"
"	69BA0CDE","	Chamber1","	1","	B01??(%RH)","	79.2","	2026-07-24 16:51:37"
"	69BA0CDE","	Chamber1","	1","	B01??(?)","	6","	2026-07-24 16:51:37"
"	69BA0CDE","	Chamber1","	1","	B01??(%RH)","	79.2","	2026-07-24 16:51:34"
"	69BA0CDE","	Chamber1","	1","	B01??(?)","	6","	2026-07-24 16:51:34"
"	69BA0CDE","	Chamber1","	1","	B01??(%RH)","	79.2","	2026-07-24 16:51:32"
"	69BA0CDE","	Chamber1","	1","	B01??(?)","	6","	2026-07-24 16:51:32"
"	69BA0CDE","	Chamber1","	1","	B01??(%RH)","	79.2","	2026-07-24 16:51:30"
"	69BA0CDE","	Chamber1","	1","	B01??(?)","	6","	2026-07-24 16:51:30"
"	69BA0CDE","	Chamber1","	1","	B01??(%RH)","	79.2","	2026-07-24 16:51:28"
"	69BA0CDE","	Chamber1","	1","	B01??(?)","	6","	2026-07-24 16:51:28"
"	69BA0CDE","	Chamber1","	1","	B01??(%RH)","	79.2","	2026-07-24 16:51:26"
"	69BA0CDE","	Chamber1","	1","	B01??(?)","	6","	2026-07-24 16:51:26"
"	69BA0CDE","	Chamber1","	1","	B01??(%RH)","	79.2","	2026-07-24 16:51:24"
"	69BA0CDE","	Chamber1","	1","	B01??(?)","	6","	2026-07-24 16:51:24"
"	69BA0CDE","	Chamber1","	1","	B01??(%RH)","	79.2","	2026-07-24 16:51:22"
"	69BA0CDE","	Chamber1","	1","	B01??(?)","	6","	2026-07-24 16:51:22"
"	69BA0CDE","	Chamber1","	1","	B01??(%RH)","	79.1","	2026-07-24 16:51:20"
"	69BA0CDE","	Chamber1","	1","	B01??(?)","	6","	2026-07-24 16:51:20"
"	69BA0CDE","	Chamber1","	1","	B01??(%RH)","	79.1","	2026-07-24 16:51:18"
"	69BA0CDE","	Chamber1","	1","	B01??(?)","	6","	2026-07-24 16:51:18"
"	69BA0CDE","	Chamber1","	1","	B01??(%RH)","	79.1","	2026-07-24 16:51:16"
"	69BA0CDE","	Chamber1","	1","	B01??(?)","	6","	2026-07-24 16:51:16"
"	69BA0CDE","	Chamber1","	1","	B01??(%RH)","	79.1","	2026-07-24 16:51:14"
"	69BA0CDE","	Chamber1","	1","	B01??(?)","	6","	2026-07-24 16:51:14"
"	69BA0CDE","	Chamber1","	1","	B01??(%RH)","	79.1","	2026-07-24 16:51:12"
"	69BA0CDE","	Chamber1","	1","	B01??(?)","	6","	2026-07-24 16:51:12"
"	69BA0CDE","	Chamber1","	1","	B01??(%RH)","	79.1","	2026-07-24 16:51:10"
"	69BA0CDE","	Chamber1","	1","	B01??(?)","	6","	2026-07-24 16:51:10"
"	69BA0CDE","	Chamber1","	1","	B01??(%RH)","	79.1","	2026-07-24 16:51:08"
"	69BA0CDE","	Chamber1","	1","	B01??(?)","	6","	2026-07-24 16:51:08"
"	69BA0CDE","	Chamber1","	1","	B01??(%RH)","	79.1","	2026-07-24 16:51:06"
"	69BA0CDE","	Chamber1","	1","	B01??(?)","	6","	2026-07-24 16:51:06"
"	69BA0CDE","	Chamber1","	1","	B01??(%RH)","	79.1","	2026-07-24 16:51:04"
"	69BA0CDE","	Chamber1","	1","	B01??(?)","	6","	2026-07-24 16:51:04"
"	69BA0CDE","	Chamber1","	1","	B01??(%RH)","	79","	2026-07-24 16:51:02"
"	69BA0CDE","	Chamber1","	1","	B01??(?)","	6","	2026-07-24 16:51:02"
"	69BA0CDE","	Chamber1","	1","	B01??(%RH)","	79","	2026-07-24 16:51:00"
"	69BA0CDE","	Chamber1","	1","	B01??(?)","	6","	2026-07-24 16:51:00"
"	69BA0CDE","	Chamber1","	1","	B01??(%RH)","	79.1","	2026-07-24 16:50:58"
"	69BA0CDE","	Chamber1","	1","	B01??(?)","	6","	2026-07-24 16:50:58"
"	69BA0CDE","	Chamber1","	1","	B01??(%RH)","	79","	2026-07-24 16:50:56"
"	69BA0CDE","	Chamber1","	1","	B01??(?)","	6","	2026-07-24 16:50:56"
"	69BA0CDE","	Chamber1","	1","	B01??(%RH)","	79","	2026-07-24 16:50:54"
"	69BA0CDE","	Chamber1","	1","	B01??(?)","	6","	2026-07-24 16:50:54"
"	69BA0CDE","	Chamber1","	1","	B01??(%RH)","	79","	2026-07-24 16:50:51"
"	69BA0CDE","	Chamber1","	1","	B01??(?)","	6","	2026-07-24 16:50:51"
"	69BA0CDE","	Chamber1","	1","	B01??(%RH)","	79","	2026-07-24 16:50:49"
"	69BA0CDE","	Chamber1","	1","	B01??(?)","	6","	2026-07-24 16:50:49"
"	69BA0CDE","	Chamber1","	1","	B01??(%RH)","	79","	2026-07-24 16:50:47"
"	69BA0CDE","	Chamber1","	1","	B01??(?)","	6.1","	2026-07-24 16:50:47"
"	69BA0CDE","	Chamber1","	1","	B01??(%RH)","	78.9","	2026-07-24 16:50:45"
"	69BA0CDE","	Chamber1","	1","	B01??(?)","	6.1","	2026-07-24 16:50:45"
"	69BA0CDE","	Chamber1","	1","	B01??(%RH)","	79","	2026-07-24 16:50:43"
"	69BA0CDE","	Chamber1","	1","	B01??(?)","	6","	2026-07-24 16:50:43"
"	69BA0CDE","	Chamber1","	1","	B01??(%RH)","	78.9","	2026-07-24 16:50:41"
"	69BA0CDE","	Chamber1","	1","	B01??(?)","	6","	2026-07-24 16:50:41"
"	69BA0CDE","	Chamber1","	1","	B01??(%RH)","	78.9","	2026-07-24 16:50:39"
"	69BA0CDE","	Chamber1","	1","	B01??(?)","	6","	2026-07-24 16:50:39"
"	69BA0CDE","	Chamber1","	1","	B01??(%RH)","	78.9","	2026-07-24 16:50:37"
"	69BA0CDE","	Chamber1","	1","	B01??(?)","	6.1","	2026-07-24 16:50:37"
"	69BA0CDE","	Chamber1","	1","	B01??(%RH)","	78.9","	2026-07-24 16:50:35"
"	69BA0CDE","	Chamber1","	1","	B01??(?)","	6.1","	2026-07-24 16:50:35"
"	69BA0CDE","	Chamber1","	1","	B01??(%RH)","	78.9","	2026-07-24 16:50:33"
"	69BA0CDE","	Chamber1","	1","	B01??(?)","	6.1","	2026-07-24 16:50:33"
"	69BA0CDE","	Chamber1","	1","	B01??(%RH)","	78.9","	2026-07-24 16:50:31"
"	69BA0CDE","	Chamber1","	1","	B01??(?)","	6.1","	2026-07-24 16:50:31"
"	69BA0CDE","	Chamber1","	1","	B01??(%RH)","	78.9","	2026-07-24 16:50:29"
"	69BA0CDE","	Chamber1","	1","	B01??(?)","	6.1","	2026-07-24 16:50:29"
"	69BA0CDE","	Chamber1","	1","	B01??(%RH)","	78.9","	2026-07-24 16:50:27"
"	69BA0CDE","	Chamber1","	1","	B01??(?)","	6.1","	2026-07-24 16:50:27"
"	69BA0CDE","	Chamber1","	1","	B01??(%RH)","	78.8","	2026-07-24 16:50:25"
"	69BA0CDE","	Chamber1","	1","	B01??(?)","	6.1","	2026-07-24 16:50:25"
"	69BA0CDE","	Chamber1","	1","	B01??(%RH)","	78.8","	2026-07-24 16:50:23"
"	69BA0CDE","	Chamber1","	1","	B01??(?)","	6.1","	2026-07-24 16:50:23"
"	69BA0CDE","	Chamber1","	1","	B01??(%RH)","	78.8","	2026-07-24 16:50:21"
"	69BA0CDE","	Chamber1","	1","	B01??(?)","	6.1","	2026-07-24 16:50:21"
"	69BA0CDE","	Chamber1","	1","	B01??(%RH)","	78.8","	2026-07-24 16:50:19"
"	69BA0CDE","	Chamber1","	1","	B01??(?)","	6.1","	2026-07-24 16:50:19"
"	69BA0CDE","	Chamber1","	1","	B01??(%RH)","	78.8","	2026-07-24 16:50:17"
"	69BA0CDE","	Chamber1","	1","	B01??(?)","	6.1","	2026-07-24 16:50:17"
"	69BA0CDE","	Chamber1","	1","	B01??(%RH)","	78.8","	2026-07-24 16:50:15"
"	69BA0CDE","	Chamber1","	1","	B01??(?)","	6.1","	2026-07-24 16:50:15"
"	69BA0CDE","	Chamber1","	1","	B01??(%RH)","	78.8","	2026-07-24 16:50:13"
"	69BA0CDE","	Chamber1","	1","	B01??(?)","	6.1","	2026-07-24 16:50:13"
"	69BA0CDE","	Chamber1","	1","	B01??(%RH)","	78.7","	2026-07-24 16:50:11"
"	69BA0CDE","	Chamber1","	1","	B01??(?)","	6.1","	2026-07-24 16:50:11"
"	69BA0CDE","	Chamber1","	1","	B01??(%RH)","	78.7","	2026-07-24 16:50:08"
"	69BA0CDE","	Chamber1","	1","	B01??(?)","	6.1","	2026-07-24 16:50:08"
"	69BA0CDE","	Chamber1","	1","	B01??(%RH)","	78.7","	2026-07-24 16:50:06"
"	69BA0CDE","	Chamber1","	1","	B01??(?)","	6.1","	2026-07-24 16:50:06"
"	69BA0CDE","	Chamber1","	1","	B01??(%RH)","	78.7","	2026-07-24 16:50:04"
"	69BA0CDE","	Chamber1","	1","	B01??(?)","	6.1","	2026-07-24 16:50:04"
"	69BA0CDE","	Chamber1","	1","	B01??(%RH)","	78.7","	2026-07-24 16:50:02"
"	69BA0CDE","	Chamber1","	1","	B01??(?)","	6.1","	2026-07-24 16:50:02"
"	69BA0CDE","	Chamber1","	1","	B01??(%RH)","	78.7","	2026-07-24 16:50:00"
"	69BA0CDE","	Chamber1","	1","	B01??(?)","	6.1","	2026-07-24 16:50:00"
"	69BA0CDE","	Chamber1","	1","	B01??(%RH)","	78.7","	2026-07-24 16:49:58"
"	69BA0CDE","	Chamber1","	1","	B01??(?)","	6.1","	2026-07-24 16:49:58"
"	69BA0CDE","	Chamber1","	1","	B01??(%RH)","	78.7","	2026-07-24 16:49:56"
"	69BA0CDE","	Chamber1","	1","	B01??(?)","	6.1","	2026-07-24 16:49:56"
"	69BA0CDE","	Chamber1","	1","	B01??(%RH)","	78.6","	2026-07-24 16:49:54"
"	69BA0CDE","	Chamber1","	1","	B01??(?)","	6.1","	2026-07-24 16:49:54"
"	69BA0CDE","	Chamber1","	1","	B01??(%RH)","	78.6","	2026-07-24 16:49:52"
"	69BA0CDE","	Chamber1","	1","	B01??(?)","	6.1","	2026-07-24 16:49:52"
"	69BA0CDE","	Chamber1","	1","	B01??(%RH)","	78.6","	2026-07-24 16:49:50"
"	69BA0CDE","	Chamber1","	1","	B01??(?)","	6.1","	2026-07-24 16:49:50"
"	69BA0CDE","	Chamber1","	1","	B01??(%RH)","	78.6","	2026-07-24 16:49:48"
"	69BA0CDE","	Chamber1","	1","	B01??(?)","	6.1","	2026-07-24 16:49:48"
"	69BA0CDE","	Chamber1","	1","	B01??(%RH)","	78.6","	2026-07-24 16:49:46"
"	69BA0CDE","	Chamber1","	1","	B01??(?)","	6.1","	2026-07-24 16:49:46"
"	69BA0CDE","	Chamber1","	1","	B01??(%RH)","	78.6","	2026-07-24 16:49:44"
"	69BA0CDE","	Chamber1","	1","	B01??(?)","	6.2","	2026-07-24 16:49:44"
"	69BA0CDE","	Chamber1","	1","	B01??(%RH)","	78.6","	2026-07-24 16:49:42"
"	69BA0CDE","	Chamber1","	1","	B01??(?)","	6.1","	2026-07-24 16:49:42"
"	69BA0CDE","	Chamber1","	1","	B01??(%RH)","	78.6","	2026-07-24 16:49:40"
"	69BA0CDE","	Chamber1","	1","	B01??(?)","	6.1","	2026-07-24 16:49:40"
"	69BA0CDE","	Chamber1","	1","	B01??(%RH)","	78.6","	2026-07-24 16:49:38"
"	69BA0CDE","	Chamber1","	1","	B01??(?)","	6.1","	2026-07-24 16:49:38"
"	69BA0CDE","	Chamber1","	1","	B01??(%RH)","	78.6","	2026-07-24 16:49:36"
"	69BA0CDE","	Chamber1","	1","	B01??(?)","	6.2","	2026-07-24 16:49:36"
"	69BA0CDE","	Chamber1","	1","	B01??(%RH)","	78.5","	2026-07-24 16:49:34"
"	69BA0CDE","	Chamber1","	1","	B01??(?)","	6.2","	2026-07-24 16:49:34"
"	69BA0CDE","	Chamber1","	1","	B01??(%RH)","	78.5","	2026-07-24 16:49:32"
"	69BA0CDE","	Chamber1","	1","	B01??(?)","	6.2","	2026-07-24 16:49:32"
"	69BA0CDE","	Chamber1","	1","	B01??(%RH)","	78.5","	2026-07-24 16:49:30"
"	69BA0CDE","	Chamber1","	1","	B01??(?)","	6.2","	2026-07-24 16:49:30"
"	69BA0CDE","	Chamber1","	1","	B01??(%RH)","	78.5","	2026-07-24 16:49:28"
"	69BA0CDE","	Chamber1","	1","	B01??(?)","	6.2","	2026-07-24 16:49:28"
"	69BA0CDE","	Chamber1","	1","	B01??(%RH)","	78.5","	2026-07-24 16:49:26"
"	69BA0CDE","	Chamber1","	1","	B01??(?)","	6.2","	2026-07-24 16:49:26"
"	69BA0CDE","	Chamber1","	1","	B01??(%RH)","	78.5","	2026-07-24 16:49:23"
"	69BA0CDE","	Chamber1","	1","	B01??(?)","	6.2","	2026-07-24 16:49:23"
"	69BA0CDE","	Chamber1","	1","	B01??(%RH)","	78.5","	2026-07-24 16:49:21"
"	69BA0CDE","	Chamber1","	1","	B01??(?)","	6.2","	2026-07-24 16:49:21"
"	69BA0CDE","	Chamber1","	1","	B01??(%RH)","	78.4","	2026-07-24 16:49:19"
"	69BA0CDE","	Chamber1","	1","	B01??(?)","	6.2","	2026-07-24 16:49:19"
"	69BA0CDE","	Chamber1","	1","	B01??(%RH)","	78.4","	2026-07-24 16:49:17"
"	69BA0CDE","	Chamber1","	1","	B01??(?)","	6.2","	2026-07-24 16:49:17"
"	69BA0CDE","	Chamber1","	1","	B01??(%RH)","	78.4","	2026-07-24 16:49:15"
"	69BA0CDE","	Chamber1","	1","	B01??(?)","	6.2","	2026-07-24 16:49:15"
"	69BA0CDE","	Chamber1","	1","	B01??(%RH)","	78.4","	2026-07-24 16:49:13"
"	69BA0CDE","	Chamber1","	1","	B01??(?)","	6.2","	2026-07-24 16:49:13"
"	69BA0CDE","	Chamber1","	1","	B01??(%RH)","	78.4","	2026-07-24 16:49:11"
"	69BA0CDE","	Chamber1","	1","	B01??(?)","	6.2","	2026-07-24 16:49:11"
"	69BA0CDE","	Chamber1","	1","	B01??(%RH)","	78.4","	2026-07-24 16:49:09"
"	69BA0CDE","	Chamber1","	1","	B01??(?)","	6.2","	2026-07-24 16:49:09"
"	69BA0CDE","	Chamber1","	1","	B01??(%RH)","	78.4","	2026-07-24 16:49:07"
"	69BA0CDE","	Chamber1","	1","	B01??(?)","	6.2","	2026-07-24 16:49:07"
"	69BA0CDE","	Chamber1","	1","	B01??(%RH)","	78.3","	2026-07-24 16:49:05"
"	69BA0CDE","	Chamber1","	1","	B01??(?)","	6.2","	2026-07-24 16:49:05"
"	69BA0CDE","	Chamber1","	1","	B01??(%RH)","	78.3","	2026-07-24 16:49:03"
"	69BA0CDE","	Chamber1","	1","	B01??(?)","	6.2","	2026-07-24 16:49:03"
"	69BA0CDE","	Chamber1","	1","	B01??(%RH)","	78.3","	2026-07-24 16:49:01"
"	69BA0CDE","	Chamber1","	1","	B01??(?)","	6.2","	2026-07-24 16:49:01"
"	69BA0CDE","	Chamber1","	1","	B01??(%RH)","	78.3","	2026-07-24 16:48:59"
"	69BA0CDE","	Chamber1","	1","	B01??(?)","	6.2","	2026-07-24 16:48:59"
"	69BA0CDE","	Chamber1","	1","	B01??(%RH)","	78.3","	2026-07-24 16:48:57"
"	69BA0CDE","	Chamber1","	1","	B01??(?)","	6.2","	2026-07-24 16:48:57"
"	69BA0CDE","	Chamber1","	1","	B01??(%RH)","	78.3","	2026-07-24 16:48:55"
"	69BA0CDE","	Chamber1","	1","	B01??(?)","	6.2","	2026-07-24 16:48:55"
"	69BA0CDE","	Chamber1","	1","	B01??(%RH)","	78.3","	2026-07-24 16:48:53"
"	69BA0CDE","	Chamber1","	1","	B01??(?)","	6.2","	2026-07-24 16:48:53"
"	69BA0CDE","	Chamber1","	1","	B01??(%RH)","	78.2","	2026-07-24 16:48:51"
"	69BA0CDE","	Chamber1","	1","	B01??(?)","	6.2","	2026-07-24 16:48:51"
"	69BA0CDE","	Chamber1","	1","	B01??(%RH)","	78.2","	2026-07-24 16:48:49"
"	69BA0CDE","	Chamber1","	1","	B01??(?)","	6.3","	2026-07-24 16:48:49"
"	69BA0CDE","	Chamber1","	1","	B01??(%RH)","	78.2","	2026-07-24 16:48:47"
"	69BA0CDE","	Chamber1","	1","	B01??(?)","	6.2","	2026-07-24 16:48:47"
"	69BA0CDE","	Chamber1","	1","	B01??(%RH)","	78.2","	2026-07-24 16:48:45"
"	69BA0CDE","	Chamber1","	1","	B01??(?)","	6.3","	2026-07-24 16:48:45"
"	69BA0CDE","	Chamber1","	1","	B01??(%RH)","	78.2","	2026-07-24 16:48:43"
"	69BA0CDE","	Chamber1","	1","	B01??(?)","	6.3","	2026-07-24 16:48:43"
"	69BA0CDE","	Chamber1","	1","	B01??(%RH)","	78.2","	2026-07-24 16:48:40"
"	69BA0CDE","	Chamber1","	1","	B01??(?)","	6.3","	2026-07-24 16:48:40"
"	69BA0CDE","	Chamber1","	1","	B01??(%RH)","	78.2","	2026-07-24 16:48:38"
"	69BA0CDE","	Chamber1","	1","	B01??(?)","	6.3","	2026-07-24 16:48:38"
"	69BA0CDE","	Chamber1","	1","	B01??(%RH)","	78.1","	2026-07-24 16:48:36"
"	69BA0CDE","	Chamber1","	1","	B01??(?)","	6.3","	2026-07-24 16:48:36"
"	69BA0CDE","	Chamber1","	1","	B01??(%RH)","	78.2","	2026-07-24 16:48:34"
"	69BA0CDE","	Chamber1","	1","	B01??(?)","	6.3","	2026-07-24 16:48:34"
"	69BA0CDE","	Chamber1","	1","	B01??(%RH)","	78.1","	2026-07-24 16:48:32"
"	69BA0CDE","	Chamber1","	1","	B01??(?)","	6.3","	2026-07-24 16:48:32"
"	69BA0CDE","	Chamber1","	1","	B01??(%RH)","	78.1","	2026-07-24 16:48:30"
"	69BA0CDE","	Chamber1","	1","	B01??(?)","	6.3","	2026-07-24 16:48:30"
"	69BA0CDE","	Chamber1","	1","	B01??(%RH)","	78.1","	2026-07-24 16:48:28"
"	69BA0CDE","	Chamber1","	1","	B01??(?)","	6.3","	2026-07-24 16:48:28"
"	69BA0CDE","	Chamber1","	1","	B01??(%RH)","	78.1","	2026-07-24 16:48:26"
"	69BA0CDE","	Chamber1","	1","	B01??(?)","	6.3","	2026-07-24 16:48:26"
"	69BA0CDE","	Chamber1","	1","	B01??(%RH)","	78.1","	2026-07-24 16:48:24"
"	69BA0CDE","	Chamber1","	1","	B01??(?)","	6.3","	2026-07-24 16:48:24"
"	69BA0CDE","	Chamber1","	1","	B01??(%RH)","	78.1","	2026-07-24 16:48:22"
"	69BA0CDE","	Chamber1","	1","	B01??(?)","	6.3","	2026-07-24 16:48:22"
"	69BA0CDE","	Chamber1","	1","	B01??(%RH)","	78.1","	2026-07-24 16:48:20"
"	69BA0CDE","	Chamber1","	1","	B01??(?)","	6.3","	2026-07-24 16:48:20"
"	69BA0CDE","	Chamber1","	1","	B01??(%RH)","	78","	2026-07-24 16:48:18"
"	69BA0CDE","	Chamber1","	1","	B01??(?)","	6.3","	2026-07-24 16:48:18"
"	69BA0CDE","	Chamber1","	1","	B01??(%RH)","	78","	2026-07-24 16:48:16"
"	69BA0CDE","	Chamber1","	1","	B01??(?)","	6.3","	2026-07-24 16:48:16"
"	69BA0CDE","	Chamber1","	1","	B01??(%RH)","	78","	2026-07-24 16:48:14"
"	69BA0CDE","	Chamber1","	1","	B01??(?)","	6.3","	2026-07-24 16:48:14"
"	69BA0CDE","	Chamber1","	1","	B01??(%RH)","	78","	2026-07-24 16:48:12"
"	69BA0CDE","	Chamber1","	1","	B01??(?)","	6.3","	2026-07-24 16:48:12"
"	69BA0CDE","	Chamber1","	1","	B01??(%RH)","	78","	2026-07-24 16:48:10"
"	69BA0CDE","	Chamber1","	1","	B01??(?)","	6.3","	2026-07-24 16:48:10"
"	69BA0CDE","	Chamber1","	1","	B01??(%RH)","	78","	2026-07-24 16:48:08"
"	69BA0CDE","	Chamber1","	1","	B01??(?)","	6.3","	2026-07-24 16:48:08"
"	69BA0CDE","	Chamber1","	1","	B01??(%RH)","	77.9","	2026-07-24 16:48:06"
"	69BA0CDE","	Chamber1","	1","	B01??(?)","	6.3","	2026-07-24 16:48:06"
"	69BA0CDE","	Chamber1","	1","	B01??(%RH)","	77.9","	2026-07-24 16:48:04"
"	69BA0CDE","	Chamber1","	1","	B01??(?)","	6.3","	2026-07-24 16:48:04"
"	69BA0CDE","	Chamber1","	1","	B01??(%RH)","	77.9","	2026-07-24 16:48:02"
"	69BA0CDE","	Chamber1","	1","	B01??(?)","	6.3","	2026-07-24 16:48:02"
"	69BA0CDE","	Chamber1","	1","	B01??(%RH)","	77.9","	2026-07-24 16:48:00"
"	69BA0CDE","	Chamber1","	1","	B01??(?)","	6.4","	2026-07-24 16:48:00"
"	69BA0CDE","	Chamber1","	1","	B01??(%RH)","	77.9","	2026-07-24 16:47:57"
"	69BA0CDE","	Chamber1","	1","	B01??(?)","	6.3","	2026-07-24 16:47:57"
"	69BA0CDE","	Chamber1","	1","	B01??(%RH)","	77.9","	2026-07-24 16:47:55"
"	69BA0CDE","	Chamber1","	1","	B01??(?)","	6.4","	2026-07-24 16:47:55"
"	69BA0CDE","	Chamber1","	1","	B01??(%RH)","	77.8","	2026-07-24 16:47:53"
"	69BA0CDE","	Chamber1","	1","	B01??(?)","	6.3","	2026-07-24 16:47:53"
"	69BA0CDE","	Chamber1","	1","	B01??(%RH)","	77.8","	2026-07-24 16:47:51"
"	69BA0CDE","	Chamber1","	1","	B01??(?)","	6.4","	2026-07-24 16:47:51"
"	69BA0CDE","	Chamber1","	1","	B01??(%RH)","	77.8","	2026-07-24 16:47:49"
"	69BA0CDE","	Chamber1","	1","	B01??(?)","	6.4","	2026-07-24 16:47:49"
"	69BA0CDE","	Chamber1","	1","	B01??(%RH)","	77.8","	2026-07-24 16:47:47"
"	69BA0CDE","	Chamber1","	1","	B01??(?)","	6.4","	2026-07-24 16:47:47"
"	69BA0CDE","	Chamber1","	1","	B01??(%RH)","	77.8","	2026-07-24 16:47:45"
"	69BA0CDE","	Chamber1","	1","	B01??(?)","	6.4","	2026-07-24 16:47:45"
"	69BA0CDE","	Chamber1","	1","	B01??(%RH)","	77.8","	2026-07-24 16:47:43"
"	69BA0CDE","	Chamber1","	1","	B01??(?)","	6.4","	2026-07-24 16:47:43"
"	69BA0CDE","	Chamber1","	1","	B01??(%RH)","	77.8","	2026-07-24 16:47:41"
"	69BA0CDE","	Chamber1","	1","	B01??(?)","	6.4","	2026-07-24 16:47:41"
"	69BA0CDE","	Chamber1","	1","	B01??(%RH)","	77.8","	2026-07-24 16:47:39"
"	69BA0CDE","	Chamber1","	1","	B01??(?)","	6.4","	2026-07-24 16:47:39"
"	69BA0CDE","	Chamber1","	1","	B01??(%RH)","	77.7","	2026-07-24 16:47:37"
"	69BA0CDE","	Chamber1","	1","	B01??(?)","	6.4","	2026-07-24 16:47:37"
"	69BA0CDE","	Chamber1","	1","	B01??(%RH)","	77.7","	2026-07-24 16:47:35"
"	69BA0CDE","	Chamber1","	1","	B01??(?)","	6.4","	2026-07-24 16:47:35"
"	69BA0CDE","	Chamber1","	1","	B01??(%RH)","	77.7","	2026-07-24 16:47:33"
"	69BA0CDE","	Chamber1","	1","	B01??(?)","	6.4","	2026-07-24 16:47:33"
"	69BA0CDE","	Chamber1","	1","	B01??(%RH)","	77.7","	2026-07-24 16:47:31"
"	69BA0CDE","	Chamber1","	1","	B01??(?)","	6.4","	2026-07-24 16:47:31"
"	69BA0CDE","	Chamber1","	1","	B01??(%RH)","	77.7","	2026-07-24 16:47:29"
"	69BA0CDE","	Chamber1","	1","	B01??(?)","	6.4","	2026-07-24 16:47:29"
"	69BA0CDE","	Chamber1","	1","	B01??(%RH)","	77.6","	2026-07-24 16:47:27"
"	69BA0CDE","	Chamber1","	1","	B01??(?)","	6.4","	2026-07-24 16:47:27"
"	69BA0CDE","	Chamber1","	1","	B01??(%RH)","	77.6","	2026-07-24 16:47:25"
"	69BA0CDE","	Chamber1","	1","	B01??(?)","	6.4","	2026-07-24 16:47:25"
"	69BA0CDE","	Chamber1","	1","	B01??(%RH)","	77.6","	2026-07-24 16:47:23"
"	69BA0CDE","	Chamber1","	1","	B01??(?)","	6.4","	2026-07-24 16:47:23"
"	69BA0CDE","	Chamber1","	1","	B01??(%RH)","	77.6","	2026-07-24 16:47:21"
"	69BA0CDE","	Chamber1","	1","	B01??(?)","	6.4","	2026-07-24 16:47:21"
"	69BA0CDE","	Chamber1","	1","	B01??(%RH)","	77.6","	2026-07-24 16:47:19"
"	69BA0CDE","	Chamber1","	1","	B01??(?)","	6.4","	2026-07-24 16:47:19"
"	69BA0CDE","	Chamber1","	1","	B01??(%RH)","	77.5","	2026-07-24 16:47:17"
"	69BA0CDE","	Chamber1","	1","	B01??(?)","	6.4","	2026-07-24 16:47:17"
"	69BA0CDE","	Chamber1","	1","	B01??(%RH)","	77.5","	2026-07-24 16:47:14"
"	69BA0CDE","	Chamber1","	1","	B01??(?)","	6.4","	2026-07-24 16:47:14"
"	69BA0CDE","	Chamber1","	1","	B01??(%RH)","	77.6","	2026-07-24 16:47:12"
"	69BA0CDE","	Chamber1","	1","	B01??(?)","	6.4","	2026-07-24 16:47:12"
"	69BA0CDE","	Chamber1","	1","	B01??(%RH)","	77.5","	2026-07-24 16:47:10"
"	69BA0CDE","	Chamber1","	1","	B01??(?)","	6.5","	2026-07-24 16:47:10"
"	69BA0CDE","	Chamber1","	1","	B01??(%RH)","	77.5","	2026-07-24 16:47:08"
"	69BA0CDE","	Chamber1","	1","	B01??(?)","	6.5","	2026-07-24 16:47:08"
"	69BA0CDE","	Chamber1","	1","	B01??(%RH)","	77.5","	2026-07-24 16:47:06"
"	69BA0CDE","	Chamber1","	1","	B01??(?)","	6.5","	2026-07-24 16:47:06"
"	69BA0CDE","	Chamber1","	1","	B01??(%RH)","	77.5","	2026-07-24 16:47:04"
"	69BA0CDE","	Chamber1","	1","	B01??(?)","	6.5","	2026-07-24 16:47:04"
"	69BA0CDE","	Chamber1","	1","	B01??(%RH)","	77.5","	2026-07-24 16:47:02"
"	69BA0CDE","	Chamber1","	1","	B01??(?)","	6.5","	2026-07-24 16:47:02"
"	69BA0CDE","	Chamber1","	1","	B01??(%RH)","	77.4","	2026-07-24 16:47:00"
"	69BA0CDE","	Chamber1","	1","	B01??(?)","	6.5","	2026-07-24 16:47:00"
"	69BA0CDE","	Chamber1","	1","	B01??(%RH)","	77.4","	2026-07-24 16:46:58"
"	69BA0CDE","	Chamber1","	1","	B01??(?)","	6.5","	2026-07-24 16:46:58"
"	69BA0CDE","	Chamber1","	1","	B01??(%RH)","	77.4","	2026-07-24 16:46:56"
"	69BA0CDE","	Chamber1","	1","	B01??(?)","	6.5","	2026-07-24 16:46:56"
"	69BA0CDE","	Chamber1","	1","	B01??(%RH)","	77.4","	2026-07-24 16:46:54"
"	69BA0CDE","	Chamber1","	1","	B01??(?)","	6.5","	2026-07-24 16:46:54"
"	69BA0CDE","	Chamber1","	1","	B01??(%RH)","	77.4","	2026-07-24 16:46:52"
"	69BA0CDE","	Chamber1","	1","	B01??(?)","	6.5","	2026-07-24 16:46:52"
"	69BA0CDE","	Chamber1","	1","	B01??(%RH)","	77.3","	2026-07-24 16:46:50"
"	69BA0CDE","	Chamber1","	1","	B01??(?)","	6.5","	2026-07-24 16:46:50"
"	69BA0CDE","	Chamber1","	1","	B01??(%RH)","	77.3","	2026-07-24 16:46:48"
"	69BA0CDE","	Chamber1","	1","	B01??(?)","	6.5","	2026-07-24 16:46:48"
"	69BA0CDE","	Chamber1","	1","	B01??(%RH)","	77.3","	2026-07-24 16:46:46"
"	69BA0CDE","	Chamber1","	1","	B01??(?)","	6.5","	2026-07-24 16:46:46"
"	69BA0CDE","	Chamber1","	1","	B01??(%RH)","	77.3","	2026-07-24 16:46:44"
"	69BA0CDE","	Chamber1","	1","	B01??(?)","	6.5","	2026-07-24 16:46:44"
"	69BA0CDE","	Chamber1","	1","	B01??(%RH)","	77.3","	2026-07-24 16:46:42"
"	69BA0CDE","	Chamber1","	1","	B01??(?)","	6.5","	2026-07-24 16:46:42"
"	69BA0CDE","	Chamber1","	1","	B01??(%RH)","	77.3","	2026-07-24 16:46:40"
"	69BA0CDE","	Chamber1","	1","	B01??(?)","	6.5","	2026-07-24 16:46:40"
"	69BA0CDE","	Chamber1","	1","	B01??(%RH)","	77.3","	2026-07-24 16:46:38"
"	69BA0CDE","	Chamber1","	1","	B01??(?)","	6.5","	2026-07-24 16:46:38"
"	69BA0CDE","	Chamber1","	1","	B01??(%RH)","	77.2","	2026-07-24 16:46:36"
"	69BA0CDE","	Chamber1","	1","	B01??(?)","	6.5","	2026-07-24 16:46:36"
"	69BA0CDE","	Chamber1","	1","	B01??(%RH)","	77.2","	2026-07-24 16:46:34"
"	69BA0CDE","	Chamber1","	1","	B01??(?)","	6.5","	2026-07-24 16:46:34"
"	69BA0CDE","	Chamber1","	1","	B01??(%RH)","	77.2","	2026-07-24 16:46:31"
"	69BA0CDE","	Chamber1","	1","	B01??(?)","	6.5","	2026-07-24 16:46:31"
"	69BA0CDE","	Chamber1","	1","	B01??(%RH)","	77.2","	2026-07-24 16:46:29"
"	69BA0CDE","	Chamber1","	1","	B01??(?)","	6.5","	2026-07-24 16:46:29"
"	69BA0CDE","	Chamber1","	1","	B01??(%RH)","	77.2","	2026-07-24 16:46:27"
"	69BA0CDE","	Chamber1","	1","	B01??(?)","	6.5","	2026-07-24 16:46:27"
"	69BA0CDE","	Chamber1","	1","	B01??(%RH)","	77.2","	2026-07-24 16:46:25"
"	69BA0CDE","	Chamber1","	1","	B01??(?)","	6.5","	2026-07-24 16:46:25"
"	69BA0CDE","	Chamber1","	1","	B01??(%RH)","	77.1","	2026-07-24 16:46:23"
"	69BA0CDE","	Chamber1","	1","	B01??(?)","	6.5","	2026-07-24 16:46:23"
"	69BA0CDE","	Chamber1","	1","	B01??(%RH)","	77.1","	2026-07-24 16:46:21"
"	69BA0CDE","	Chamber1","	1","	B01??(?)","	6.5","	2026-07-24 16:46:21"
"	69BA0CDE","	Chamber1","	1","	B01??(%RH)","	77.1","	2026-07-24 16:46:19"
"	69BA0CDE","	Chamber1","	1","	B01??(?)","	6.6","	2026-07-24 16:46:19"
"	69BA0CDE","	Chamber1","	1","	B01??(%RH)","	77.1","	2026-07-24 16:46:17"
"	69BA0CDE","	Chamber1","	1","	B01??(?)","	6.6","	2026-07-24 16:46:17"
"	69BA0CDE","	Chamber1","	1","	B01??(%RH)","	77.1","	2026-07-24 16:46:15"
"	69BA0CDE","	Chamber1","	1","	B01??(?)","	6.6","	2026-07-24 16:46:15"
"	69BA0CDE","	Chamber1","	1","	B01??(%RH)","	77.1","	2026-07-24 16:46:13"
"	69BA0CDE","	Chamber1","	1","	B01??(?)","	6.6","	2026-07-24 16:46:13"
"	69BA0CDE","	Chamber1","	1","	B01??(%RH)","	77","	2026-07-24 16:46:11"
"	69BA0CDE","	Chamber1","	1","	B01??(?)","	6.6","	2026-07-24 16:46:11"
"	69BA0CDE","	Chamber1","	1","	B01??(%RH)","	77","	2026-07-24 16:46:09"
"	69BA0CDE","	Chamber1","	1","	B01??(?)","	6.6","	2026-07-24 16:46:09"
"	69BA0CDE","	Chamber1","	1","	B01??(%RH)","	77","	2026-07-24 16:46:07"
"	69BA0CDE","	Chamber1","	1","	B01??(?)","	6.6","	2026-07-24 16:46:07"
"	69BA0CDE","	Chamber1","	1","	B01??(%RH)","	77","	2026-07-24 16:46:05"
"	69BA0CDE","	Chamber1","	1","	B01??(?)","	6.6","	2026-07-24 16:46:05"
"	69BA0CDE","	Chamber1","	1","	B01??(%RH)","	77","	2026-07-24 16:46:03"
"	69BA0CDE","	Chamber1","	1","	B01??(?)","	6.6","	2026-07-24 16:46:03"
"	69BA0CDE","	Chamber1","	1","	B01??(%RH)","	77","	2026-07-24 16:46:01"
"	69BA0CDE","	Chamber1","	1","	B01??(?)","	6.6","	2026-07-24 16:46:01"
"	69BA0CDE","	Chamber1","	1","	B01??(%RH)","	77","	2026-07-24 16:45:59"
"	69BA0CDE","	Chamber1","	1","	B01??(?)","	6.6","	2026-07-24 16:45:59"
"	69BA0CDE","	Chamber1","	1","	B01??(%RH)","	76.9","	2026-07-24 16:45:57"
"	69BA0CDE","	Chamber1","	1","	B01??(?)","	6.6","	2026-07-24 16:45:57"
"	69BA0CDE","	Chamber1","	1","	B01??(%RH)","	76.9","	2026-07-24 16:45:55"
"	69BA0CDE","	Chamber1","	1","	B01??(?)","	6.6","	2026-07-24 16:45:55"
"	69BA0CDE","	Chamber1","	1","	B01??(?)","	6.6","	2026-07-24 16:45:53"
"	69BA0CDE","	Chamber1","	1","	B01??(%RH)","	76.9","	2026-07-24 16:45:53"
"	69BA0CDE","	Chamber1","	1","	B01??(%RH)","	76.9","	2026-07-24 16:45:51"
"	69BA0CDE","	Chamber1","	1","	B01??(?)","	6.7","	2026-07-24 16:45:51"
"	69BA0CDE","	Chamber1","	1","	B01??(%RH)","	76.9","	2026-07-24 16:45:48"
"	69BA0CDE","	Chamber1","	1","	B01??(?)","	6.6","	2026-07-24 16:45:48"
"	69BA0CDE","	Chamber1","	1","	B01??(%RH)","	76.8","	2026-07-24 16:45:46"
"	69BA0CDE","	Chamber1","	1","	B01??(?)","	6.7","	2026-07-24 16:45:46"
"	69BA0CDE","	Chamber1","	1","	B01??(%RH)","	76.8","	2026-07-24 16:45:44"
"	69BA0CDE","	Chamber1","	1","	B01??(?)","	6.6","	2026-07-24 16:45:44"
"	69BA0CDE","	Chamber1","	1","	B01??(%RH)","	76.8","	2026-07-24 16:45:42"
"	69BA0CDE","	Chamber1","	1","	B01??(?)","	6.7","	2026-07-24 16:45:42"
"	69BA0CDE","	Chamber1","	1","	B01??(%RH)","	76.8","	2026-07-24 16:45:40"
"	69BA0CDE","	Chamber1","	1","	B01??(?)","	6.7","	2026-07-24 16:45:40"
"	69BA0CDE","	Chamber1","	1","	B01??(%RH)","	76.7","	2026-07-24 16:45:38"
"	69BA0CDE","	Chamber1","	1","	B01??(?)","	6.7","	2026-07-24 16:45:38"
"	69BA0CDE","	Chamber1","	1","	B01??(%RH)","	76.7","	2026-07-24 16:45:36"
"	69BA0CDE","	Chamber1","	1","	B01??(?)","	6.7","	2026-07-24 16:45:36"
"	69BA0CDE","	Chamber1","	1","	B01??(%RH)","	76.7","	2026-07-24 16:45:34"
"	69BA0CDE","	Chamber1","	1","	B01??(?)","	6.7","	2026-07-24 16:45:34"
"	69BA0CDE","	Chamber1","	1","	B01??(%RH)","	76.7","	2026-07-24 16:45:32"
"	69BA0CDE","	Chamber1","	1","	B01??(?)","	6.7","	2026-07-24 16:45:32"
"	69BA0CDE","	Chamber1","	1","	B01??(%RH)","	76.7","	2026-07-24 16:45:30"
"	69BA0CDE","	Chamber1","	1","	B01??(?)","	6.7","	2026-07-24 16:45:30"
"	69BA0CDE","	Chamber1","	1","	B01??(%RH)","	76.7","	2026-07-24 16:45:28"
"	69BA0CDE","	Chamber1","	1","	B01??(?)","	6.7","	2026-07-24 16:45:28"
"	69BA0CDE","	Chamber1","	1","	B01??(%RH)","	76.7","	2026-07-24 16:45:26"
"	69BA0CDE","	Chamber1","	1","	B01??(?)","	6.7","	2026-07-24 16:45:26"
"	69BA0CDE","	Chamber1","	1","	B01??(%RH)","	76.6","	2026-07-24 16:45:24"
"	69BA0CDE","	Chamber1","	1","	B01??(?)","	6.7","	2026-07-24 16:45:24"
"	69BA0CDE","	Chamber1","	1","	B01??(%RH)","	76.6","	2026-07-24 16:45:22"
"	69BA0CDE","	Chamber1","	1","	B01??(?)","	6.7","	2026-07-24 16:45:22"
"	69BA0CDE","	Chamber1","	1","	B01??(%RH)","	76.6","	2026-07-24 16:45:20"
"	69BA0CDE","	Chamber1","	1","	B01??(?)","	6.7","	2026-07-24 16:45:20"
"	69BA0CDE","	Chamber1","	1","	B01??(%RH)","	76.6","	2026-07-24 16:45:18"
"	69BA0CDE","	Chamber1","	1","	B01??(?)","	6.7","	2026-07-24 16:45:18"
"	69BA0CDE","	Chamber1","	1","	B01??(%RH)","	76.6","	2026-07-24 16:45:16"
"	69BA0CDE","	Chamber1","	1","	B01??(?)","	6.7","	2026-07-24 16:45:16"
"	69BA0CDE","	Chamber1","	1","	B01??(%RH)","	76.5","	2026-07-24 16:45:14"
"	69BA0CDE","	Chamber1","	1","	B01??(?)","	6.7","	2026-07-24 16:45:14"
"	69BA0CDE","	Chamber1","	1","	B01??(%RH)","	76.5","	2026-07-24 16:45:12"
"	69BA0CDE","	Chamber1","	1","	B01??(?)","	6.7","	2026-07-24 16:45:12"
"	69BA0CDE","	Chamber1","	1","	B01??(%RH)","	76.5","	2026-07-24 16:45:10"
"	69BA0CDE","	Chamber1","	1","	B01??(?)","	6.7","	2026-07-24 16:45:10"
"	69BA0CDE","	Chamber1","	1","	B01??(%RH)","	76.5","	2026-07-24 16:45:08"
"	69BA0CDE","	Chamber1","	1","	B01??(?)","	6.8","	2026-07-24 16:45:08"
"	69BA0CDE","	Chamber1","	1","	B01??(%RH)","	76.5","	2026-07-24 16:45:06"
"	69BA0CDE","	Chamber1","	1","	B01??(?)","	6.8","	2026-07-24 16:45:06"
"	69BA0CDE","	Chamber1","	1","	B01??(%RH)","	76.4","	2026-07-24 16:45:03"
"	69BA0CDE","	Chamber1","	1","	B01??(?)","	6.8","	2026-07-24 16:45:03"
"	69BA0CDE","	Chamber1","	1","	B01??(%RH)","	76.5","	2026-07-24 16:45:01"
"	69BA0CDE","	Chamber1","	1","	B01??(?)","	6.8","	2026-07-24 16:45:01"
"	69BA0CDE","	Chamber1","	1","	B01??(%RH)","	76.4","	2026-07-24 16:44:59"
"	69BA0CDE","	Chamber1","	1","	B01??(?)","	6.8","	2026-07-24 16:44:59"
"	69BA0CDE","	Chamber1","	1","	B01??(%RH)","	76.4","	2026-07-24 16:44:57"
"	69BA0CDE","	Chamber1","	1","	B01??(?)","	6.8","	2026-07-24 16:44:57"
"	69BA0CDE","	Chamber1","	1","	B01??(%RH)","	76.4","	2026-07-24 16:44:55"
"	69BA0CDE","	Chamber1","	1","	B01??(?)","	6.8","	2026-07-24 16:44:55"
"	69BA0CDE","	Chamber1","	1","	B01??(%RH)","	76.3","	2026-07-24 16:44:53"
"	69BA0CDE","	Chamber1","	1","	B01??(?)","	6.8","	2026-07-24 16:44:53"
"	69BA0CDE","	Chamber1","	1","	B01??(%RH)","	76.3","	2026-07-24 16:44:51"
"	69BA0CDE","	Chamber1","	1","	B01??(?)","	6.8","	2026-07-24 16:44:51"
"	69BA0CDE","	Chamber1","	1","	B01??(%RH)","	76.3","	2026-07-24 16:44:49"
"	69BA0CDE","	Chamber1","	1","	B01??(?)","	6.8","	2026-07-24 16:44:49"
"	69BA0CDE","	Chamber1","	1","	B01??(%RH)","	76.3","	2026-07-24 16:44:47"
"	69BA0CDE","	Chamber1","	1","	B01??(?)","	6.8","	2026-07-24 16:44:47"
"	69BA0CDE","	Chamber1","	1","	B01??(%RH)","	76.3","	2026-07-24 16:44:45"
"	69BA0CDE","	Chamber1","	1","	B01??(?)","	6.8","	2026-07-24 16:44:45"
"	69BA0CDE","	Chamber1","	1","	B01??(%RH)","	76.3","	2026-07-24 16:44:43"
"	69BA0CDE","	Chamber1","	1","	B01??(?)","	6.8","	2026-07-24 16:44:43"
"	69BA0CDE","	Chamber1","	1","	B01??(%RH)","	76.2","	2026-07-24 16:44:41"
"	69BA0CDE","	Chamber1","	1","	B01??(?)","	6.8","	2026-07-24 16:44:41"
"	69BA0CDE","	Chamber1","	1","	B01??(%RH)","	76.3","	2026-07-24 16:44:39"
"	69BA0CDE","	Chamber1","	1","	B01??(?)","	6.8","	2026-07-24 16:44:39"
"	69BA0CDE","	Chamber1","	1","	B01??(%RH)","	76.2","	2026-07-24 16:44:37"
"	69BA0CDE","	Chamber1","	1","	B01??(?)","	6.8","	2026-07-24 16:44:37"
"	69BA0CDE","	Chamber1","	1","	B01??(%RH)","	76.2","	2026-07-24 16:44:35"
"	69BA0CDE","	Chamber1","	1","	B01??(?)","	6.9","	2026-07-24 16:44:35"
"	69BA0CDE","	Chamber1","	1","	B01??(%RH)","	76.2","	2026-07-24 16:44:33"
"	69BA0CDE","	Chamber1","	1","	B01??(?)","	6.9","	2026-07-24 16:44:33"
"	69BA0CDE","	Chamber1","	1","	B01??(%RH)","	76.2","	2026-07-24 16:44:31"
"	69BA0CDE","	Chamber1","	1","	B01??(?)","	6.9","	2026-07-24 16:44:31"
"	69BA0CDE","	Chamber1","	1","	B01??(%RH)","	76.1","	2026-07-24 16:44:29"
"	69BA0CDE","	Chamber1","	1","	B01??(?)","	6.9","	2026-07-24 16:44:29"
"	69BA0CDE","	Chamber1","	1","	B01??(%RH)","	76.1","	2026-07-24 16:44:27"
"	69BA0CDE","	Chamber1","	1","	B01??(?)","	6.9","	2026-07-24 16:44:27"
"	69BA0CDE","	Chamber1","	1","	B01??(%RH)","	76.1","	2026-07-24 16:44:25"
"	69BA0CDE","	Chamber1","	1","	B01??(?)","	6.9","	2026-07-24 16:44:25"
"	69BA0CDE","	Chamber1","	1","	B01??(%RH)","	76.1","	2026-07-24 16:44:23"
"	69BA0CDE","	Chamber1","	1","	B01??(?)","	6.9","	2026-07-24 16:44:23"
"	69BA0CDE","	Chamber1","	1","	B01??(%RH)","	76.1","	2026-07-24 16:44:20"
"	69BA0CDE","	Chamber1","	1","	B01??(?)","	6.9","	2026-07-24 16:44:20"
"	69BA0CDE","	Chamber1","	1","	B01??(%RH)","	76","	2026-07-24 16:44:18"
"	69BA0CDE","	Chamber1","	1","	B01??(?)","	6.9","	2026-07-24 16:44:18"
"	69BA0CDE","	Chamber1","	1","	B01??(%RH)","	76","	2026-07-24 16:44:16"
"	69BA0CDE","	Chamber1","	1","	B01??(?)","	6.9","	2026-07-24 16:44:16"
"	69BA0CDE","	Chamber1","	1","	B01??(%RH)","	76","	2026-07-24 16:44:14"
"	69BA0CDE","	Chamber1","	1","	B01??(?)","	6.9","	2026-07-24 16:44:14"
"	69BA0CDE","	Chamber1","	1","	B01??(%RH)","	76","	2026-07-24 16:44:12"
"	69BA0CDE","	Chamber1","	1","	B01??(?)","	6.9","	2026-07-24 16:44:12"
"	69BA0CDE","	Chamber1","	1","	B01??(%RH)","	76","	2026-07-24 16:44:10"
"	69BA0CDE","	Chamber1","	1","	B01??(?)","	6.9","	2026-07-24 16:44:10"
"	69BA0CDE","	Chamber1","	1","	B01??(%RH)","	75.9","	2026-07-24 16:44:08"
"	69BA0CDE","	Chamber1","	1","	B01??(?)","	6.9","	2026-07-24 16:44:08"
"	69BA0CDE","	Chamber1","	1","	B01??(%RH)","	75.9","	2026-07-24 16:44:06"
"	69BA0CDE","	Chamber1","	1","	B01??(?)","	6.9","	2026-07-24 16:44:06"
"	69BA0CDE","	Chamber1","	1","	B01??(%RH)","	75.9","	2026-07-24 16:44:04"
"	69BA0CDE","	Chamber1","	1","	B01??(?)","	6.9","	2026-07-24 16:44:04"
"	69BA0CDE","	Chamber1","	1","	B01??(%RH)","	75.9","	2026-07-24 16:44:02"
"	69BA0CDE","	Chamber1","	1","	B01??(?)","	6.9","	2026-07-24 16:44:02"
"	69BA0CDE","	Chamber1","	1","	B01??(%RH)","	75.9","	2026-07-24 16:44:00"
"	69BA0CDE","	Chamber1","	1","	B01??(?)","	7","	2026-07-24 16:44:00"
"	69BA0CDE","	Chamber1","	1","	B01??(%RH)","	75.8","	2026-07-24 16:43:58"
"	69BA0CDE","	Chamber1","	1","	B01??(?)","	6.9","	2026-07-24 16:43:58"
"	69BA0CDE","	Chamber1","	1","	B01??(%RH)","	75.8","	2026-07-24 16:43:56"
"	69BA0CDE","	Chamber1","	1","	B01??(?)","	7","	2026-07-24 16:43:56"
"	69BA0CDE","	Chamber1","	1","	B01??(%RH)","	75.8","	2026-07-24 16:43:54"
"	69BA0CDE","	Chamber1","	1","	B01??(?)","	7","	2026-07-24 16:43:54"
"	69BA0CDE","	Chamber1","	1","	B01??(%RH)","	75.8","	2026-07-24 16:43:52"
"	69BA0CDE","	Chamber1","	1","	B01??(?)","	7","	2026-07-24 16:43:52"
"	69BA0CDE","	Chamber1","	1","	B01??(%RH)","	75.8","	2026-07-24 16:43:50"
"	69BA0CDE","	Chamber1","	1","	B01??(?)","	7","	2026-07-24 16:43:50"
"	69BA0CDE","	Chamber1","	1","	B01??(%RH)","	75.8","	2026-07-24 16:43:48"
"	69BA0CDE","	Chamber1","	1","	B01??(?)","	7","	2026-07-24 16:43:48"
"	69BA0CDE","	Chamber1","	1","	B01??(%RH)","	75.7","	2026-07-24 16:43:46"
"	69BA0CDE","	Chamber1","	1","	B01??(?)","	7","	2026-07-24 16:43:46"
"	69BA0CDE","	Chamber1","	1","	B01??(%RH)","	75.7","	2026-07-24 16:43:44"
"	69BA0CDE","	Chamber1","	1","	B01??(?)","	7","	2026-07-24 16:43:44"
"	69BA0CDE","	Chamber1","	1","	B01??(%RH)","	75.7","	2026-07-24 16:43:42"
"	69BA0CDE","	Chamber1","	1","	B01??(?)","	7","	2026-07-24 16:43:42"
"	69BA0CDE","	Chamber1","	1","	B01??(%RH)","	75.7","	2026-07-24 16:43:39"
"	69BA0CDE","	Chamber1","	1","	B01??(?)","	7","	2026-07-24 16:43:39"
"	69BA0CDE","	Chamber1","	1","	B01??(%RH)","	75.6","	2026-07-24 16:43:37"
"	69BA0CDE","	Chamber1","	1","	B01??(?)","	7","	2026-07-24 16:43:37"
"	69BA0CDE","	Chamber1","	1","	B01??(%RH)","	75.6","	2026-07-24 16:43:35"
"	69BA0CDE","	Chamber1","	1","	B01??(?)","	7","	2026-07-24 16:43:35"
"	69BA0CDE","	Chamber1","	1","	B01??(%RH)","	75.6","	2026-07-24 16:43:33"
"	69BA0CDE","	Chamber1","	1","	B01??(?)","	7","	2026-07-24 16:43:33"
"	69BA0CDE","	Chamber1","	1","	B01??(%RH)","	75.6","	2026-07-24 16:43:31"
"	69BA0CDE","	Chamber1","	1","	B01??(?)","	7","	2026-07-24 16:43:31"
"	69BA0CDE","	Chamber1","	1","	B01??(%RH)","	75.6","	2026-07-24 16:43:29"
"	69BA0CDE","	Chamber1","	1","	B01??(?)","	7","	2026-07-24 16:43:29"
"	69BA0CDE","	Chamber1","	1","	B01??(%RH)","	75.5","	2026-07-24 16:43:27"
"	69BA0CDE","	Chamber1","	1","	B01??(?)","	7","	2026-07-24 16:43:27"
"	69BA0CDE","	Chamber1","	1","	B01??(%RH)","	75.5","	2026-07-24 16:43:25"
"	69BA0CDE","	Chamber1","	1","	B01??(?)","	7.1","	2026-07-24 16:43:25"
"	69BA0CDE","	Chamber1","	1","	B01??(%RH)","	75.5","	2026-07-24 16:43:23"
"	69BA0CDE","	Chamber1","	1","	B01??(?)","	7.1","	2026-07-24 16:43:23"
"	69BA0CDE","	Chamber1","	1","	B01??(%RH)","	75.5","	2026-07-24 16:43:21"
"	69BA0CDE","	Chamber1","	1","	B01??(?)","	7.1","	2026-07-24 16:43:21"
"	69BA0CDE","	Chamber1","	1","	B01??(%RH)","	75.5","	2026-07-24 16:43:19"
"	69BA0CDE","	Chamber1","	1","	B01??(?)","	7.1","	2026-07-24 16:43:19"
"	69BA0CDE","	Chamber1","	1","	B01??(%RH)","	75.4","	2026-07-24 16:43:17"
"	69BA0CDE","	Chamber1","	1","	B01??(?)","	7.1","	2026-07-24 16:43:17"
"	69BA0CDE","	Chamber1","	1","	B01??(%RH)","	75.4","	2026-07-24 16:43:15"
"	69BA0CDE","	Chamber1","	1","	B01??(?)","	7.1","	2026-07-24 16:43:15"
"	69BA0CDE","	Chamber1","	1","	B01??(%RH)","	75.4","	2026-07-24 16:43:13"
"	69BA0CDE","	Chamber1","	1","	B01??(?)","	7.1","	2026-07-24 16:43:13"
"	69BA0CDE","	Chamber1","	1","	B01??(%RH)","	75.4","	2026-07-24 16:43:11"
"	69BA0CDE","	Chamber1","	1","	B01??(?)","	7.1","	2026-07-24 16:43:11"
"	69BA0CDE","	Chamber1","	1","	B01??(%RH)","	75.4","	2026-07-24 16:43:09"
"	69BA0CDE","	Chamber1","	1","	B01??(?)","	7.1","	2026-07-24 16:43:09"
"	69BA0CDE","	Chamber1","	1","	B01??(%RH)","	75.3","	2026-07-24 16:43:07"
"	69BA0CDE","	Chamber1","	1","	B01??(?)","	7.1","	2026-07-24 16:43:07"
"	69BA0CDE","	Chamber1","	1","	B01??(%RH)","	75.4","	2026-07-24 16:43:05"
"	69BA0CDE","	Chamber1","	1","	B01??(?)","	7.1","	2026-07-24 16:43:05"
"	69BA0CDE","	Chamber1","	1","	B01??(%RH)","	75.3","	2026-07-24 16:43:03"
"	69BA0CDE","	Chamber1","	1","	B01??(?)","	7.2","	2026-07-24 16:43:03"
"	69BA0CDE","	Chamber1","	1","	B01??(%RH)","	75.3","	2026-07-24 16:43:01"
"	69BA0CDE","	Chamber1","	1","	B01??(?)","	7.1","	2026-07-24 16:43:01"
"	69BA0CDE","	Chamber1","	1","	B01??(%RH)","	75.3","	2026-07-24 16:42:59"
"	69BA0CDE","	Chamber1","	1","	B01??(?)","	7.1","	2026-07-24 16:42:59"
"	69BA0CDE","	Chamber1","	1","	B01??(%RH)","	75.3","	2026-07-24 16:42:56"
"	69BA0CDE","	Chamber1","	1","	B01??(?)","	7.2","	2026-07-24 16:42:56"
"	69BA0CDE","	Chamber1","	1","	B01??(%RH)","	75.2","	2026-07-24 16:42:54"
"	69BA0CDE","	Chamber1","	1","	B01??(?)","	7.2","	2026-07-24 16:42:54"
"	69BA0CDE","	Chamber1","	1","	B01??(%RH)","	75.2","	2026-07-24 16:42:52"
"	69BA0CDE","	Chamber1","	1","	B01??(?)","	7.2","	2026-07-24 16:42:52"
"	69BA0CDE","	Chamber1","	1","	B01??(%RH)","	75.2","	2026-07-24 16:42:50"
"	69BA0CDE","	Chamber1","	1","	B01??(?)","	7.2","	2026-07-24 16:42:50"
"	69BA0CDE","	Chamber1","	1","	B01??(%RH)","	75.2","	2026-07-24 16:42:48"
"	69BA0CDE","	Chamber1","	1","	B01??(?)","	7.2","	2026-07-24 16:42:48"
"	69BA0CDE","	Chamber1","	1","	B01??(%RH)","	75.1","	2026-07-24 16:42:46"
"	69BA0CDE","	Chamber1","	1","	B01??(?)","	7.2","	2026-07-24 16:42:46"
"	69BA0CDE","	Chamber1","	1","	B01??(%RH)","	75.1","	2026-07-24 16:42:44"
"	69BA0CDE","	Chamber1","	1","	B01??(?)","	7.2","	2026-07-24 16:42:44"
"	69BA0CDE","	Chamber1","	1","	B01??(%RH)","	75.1","	2026-07-24 16:42:42"
"	69BA0CDE","	Chamber1","	1","	B01??(?)","	7.2","	2026-07-24 16:42:42"
"	69BA0CDE","	Chamber1","	1","	B01??(%RH)","	75.1","	2026-07-24 16:42:40"
"	69BA0CDE","	Chamber1","	1","	B01??(?)","	7.2","	2026-07-24 16:42:40"
"	69BA0CDE","	Chamber1","	1","	B01??(%RH)","	75.1","	2026-07-24 16:42:38"
"	69BA0CDE","	Chamber1","	1","	B01??(?)","	7.2","	2026-07-24 16:42:38"
"	69BA0CDE","	Chamber1","	1","	B01??(%RH)","	75","	2026-07-24 16:42:36"
"	69BA0CDE","	Chamber1","	1","	B01??(?)","	7.2","	2026-07-24 16:42:36"
"	69BA0CDE","	Chamber1","	1","	B01??(%RH)","	75","	2026-07-24 16:42:34"
"	69BA0CDE","	Chamber1","	1","	B01??(?)","	7.2","	2026-07-24 16:42:34"
"	69BA0CDE","	Chamber1","	1","	B01??(%RH)","	75","	2026-07-24 16:42:32"
"	69BA0CDE","	Chamber1","	1","	B01??(?)","	7.2","	2026-07-24 16:42:32"
"	69BA0CDE","	Chamber1","	1","	B01??(%RH)","	74.9","	2026-07-24 16:42:30"
"	69BA0CDE","	Chamber1","	1","	B01??(?)","	7.2","	2026-07-24 16:42:30"
"	69BA0CDE","	Chamber1","	1","	B01??(%RH)","	75","	2026-07-24 16:42:28"
"	69BA0CDE","	Chamber1","	1","	B01??(?)","	7.3","	2026-07-24 16:42:28"
"	69BA0CDE","	Chamber1","	1","	B01??(%RH)","	74.9","	2026-07-24 16:42:26"
"	69BA0CDE","	Chamber1","	1","	B01??(?)","	7.3","	2026-07-24 16:42:26"
"	69BA0CDE","	Chamber1","	1","	B01??(%RH)","	74.9","	2026-07-24 16:42:24"
"	69BA0CDE","	Chamber1","	1","	B01??(?)","	7.3","	2026-07-24 16:42:24"
"	69BA0CDE","	Chamber1","	1","	B01??(%RH)","	74.9","	2026-07-24 16:42:22"
"	69BA0CDE","	Chamber1","	1","	B01??(?)","	7.3","	2026-07-24 16:42:22"
"	69BA0CDE","	Chamber1","	1","	B01??(%RH)","	74.9","	2026-07-24 16:42:20"
"	69BA0CDE","	Chamber1","	1","	B01??(?)","	7.3","	2026-07-24 16:42:20"
"	69BA0CDE","	Chamber1","	1","	B01??(%RH)","	74.8","	2026-07-24 16:42:18"
"	69BA0CDE","	Chamber1","	1","	B01??(?)","	7.3","	2026-07-24 16:42:18"
"	69BA0CDE","	Chamber1","	1","	B01??(%RH)","	74.8","	2026-07-24 16:42:16"
"	69BA0CDE","	Chamber1","	1","	B01??(?)","	7.3","	2026-07-24 16:42:16"
"	69BA0CDE","	Chamber1","	1","	B01??(%RH)","	74.8","	2026-07-24 16:42:13"
"	69BA0CDE","	Chamber1","	1","	B01??(?)","	7.3","	2026-07-24 16:42:13"
"	69BA0CDE","	Chamber1","	1","	B01??(%RH)","	74.8","	2026-07-24 16:42:11"
"	69BA0CDE","	Chamber1","	1","	B01??(?)","	7.3","	2026-07-24 16:42:11"
"	69BA0CDE","	Chamber1","	1","	B01??(%RH)","	74.7","	2026-07-24 16:42:09"
"	69BA0CDE","	Chamber1","	1","	B01??(?)","	7.3","	2026-07-24 16:42:09"
"	69BA0CDE","	Chamber1","	1","	B01??(%RH)","	74.7","	2026-07-24 16:42:07"
"	69BA0CDE","	Chamber1","	1","	B01??(?)","	7.3","	2026-07-24 16:42:07"
"	69BA0CDE","	Chamber1","	1","	B01??(%RH)","	74.7","	2026-07-24 16:42:05"
"	69BA0CDE","	Chamber1","	1","	B01??(?)","	7.3","	2026-07-24 16:42:05"
"	69BA0CDE","	Chamber1","	1","	B01??(%RH)","	74.7","	2026-07-24 16:42:03"
"	69BA0CDE","	Chamber1","	1","	B01??(?)","	7.4","	2026-07-24 16:42:03"
"	69BA0CDE","	Chamber1","	1","	B01??(%RH)","	74.6","	2026-07-24 16:42:01"
"	69BA0CDE","	Chamber1","	1","	B01??(?)","	7.4","	2026-07-24 16:42:01"
"	69BA0CDE","	Chamber1","	1","	B01??(%RH)","	74.6","	2026-07-24 16:41:59"
"	69BA0CDE","	Chamber1","	1","	B01??(?)","	7.3","	2026-07-24 16:41:59"
"	69BA0CDE","	Chamber1","	1","	B01??(%RH)","	74.6","	2026-07-24 16:41:57"
"	69BA0CDE","	Chamber1","	1","	B01??(?)","	7.4","	2026-07-24 16:41:57"
"	69BA0CDE","	Chamber1","	1","	B01??(%RH)","	74.6","	2026-07-24 16:41:55"
"	69BA0CDE","	Chamber1","	1","	B01??(?)","	7.4","	2026-07-24 16:41:55"
"	69BA0CDE","	Chamber1","	1","	B01??(%RH)","	74.6","	2026-07-24 16:41:53"
"	69BA0CDE","	Chamber1","	1","	B01??(?)","	7.4","	2026-07-24 16:41:53"
"	69BA0CDE","	Chamber1","	1","	B01??(%RH)","	74.6","	2026-07-24 16:41:51"
"	69BA0CDE","	Chamber1","	1","	B01??(?)","	7.4","	2026-07-24 16:41:51"
"	69BA0CDE","	Chamber1","	1","	B01??(%RH)","	74.5","	2026-07-24 16:41:49"
"	69BA0CDE","	Chamber1","	1","	B01??(?)","	7.4","	2026-07-24 16:41:49"
"	69BA0CDE","	Chamber1","	1","	B01??(%RH)","	74.5","	2026-07-24 16:41:47"
"	69BA0CDE","	Chamber1","	1","	B01??(?)","	7.4","	2026-07-24 16:41:47"
"	69BA0CDE","	Chamber1","	1","	B01??(%RH)","	74.5","	2026-07-24 16:41:45"
"	69BA0CDE","	Chamber1","	1","	B01??(?)","	7.4","	2026-07-24 16:41:45"
"	69BA0CDE","	Chamber1","	1","	B01??(%RH)","	74.4","	2026-07-24 16:41:43"
"	69BA0CDE","	Chamber1","	1","	B01??(?)","	7.4","	2026-07-24 16:41:43"
"	69BA0CDE","	Chamber1","	1","	B01??(%RH)","	74.4","	2026-07-24 16:41:41"
"	69BA0CDE","	Chamber1","	1","	B01??(?)","	7.4","	2026-07-24 16:41:41"
"	69BA0CDE","	Chamber1","	1","	B01??(%RH)","	74.4","	2026-07-24 16:41:39"
"	69BA0CDE","	Chamber1","	1","	B01??(?)","	7.5","	2026-07-24 16:41:39"
"	69BA0CDE","	Chamber1","	1","	B01??(%RH)","	74.4","	2026-07-24 16:41:37"
"	69BA0CDE","	Chamber1","	1","	B01??(?)","	7.4","	2026-07-24 16:41:37"
"	69BA0CDE","	Chamber1","	1","	B01??(%RH)","	74.4","	2026-07-24 16:41:35"
"	69BA0CDE","	Chamber1","	1","	B01??(?)","	7.4","	2026-07-24 16:41:35"
"	69BA0CDE","	Chamber1","	1","	B01??(%RH)","	74.3","	2026-07-24 16:41:33"
"	69BA0CDE","	Chamber1","	1","	B01??(?)","	7.5","	2026-07-24 16:41:33"
"	69BA0CDE","	Chamber1","	1","	B01??(%RH)","	74.3","	2026-07-24 16:41:31"
"	69BA0CDE","	Chamber1","	1","	B01??(?)","	7.5","	2026-07-24 16:41:31"
"	69BA0CDE","	Chamber1","	1","	B01??(%RH)","	74.3","	2026-07-24 16:41:28"
"	69BA0CDE","	Chamber1","	1","	B01??(?)","	7.5","	2026-07-24 16:41:28"
"	69BA0CDE","	Chamber1","	1","	B01??(%RH)","	74.3","	2026-07-24 16:41:26"
"	69BA0CDE","	Chamber1","	1","	B01??(?)","	7.5","	2026-07-24 16:41:26"
"	69BA0CDE","	Chamber1","	1","	B01??(%RH)","	74.2","	2026-07-24 16:41:24"
"	69BA0CDE","	Chamber1","	1","	B01??(?)","	7.5","	2026-07-24 16:41:24"
"	69BA0CDE","	Chamber1","	1","	B01??(%RH)","	74.2","	2026-07-24 16:41:22"
"	69BA0CDE","	Chamber1","	1","	B01??(?)","	7.5","	2026-07-24 16:41:22"
"	69BA0CDE","	Chamber1","	1","	B01??(%RH)","	74.2","	2026-07-24 16:41:20"
"	69BA0CDE","	Chamber1","	1","	B01??(?)","	7.5","	2026-07-24 16:41:20"
"	69BA0CDE","	Chamber1","	1","	B01??(%RH)","	74.2","	2026-07-24 16:41:18"
"	69BA0CDE","	Chamber1","	1","	B01??(?)","	7.5","	2026-07-24 16:41:18"
"	69BA0CDE","	Chamber1","	1","	B01??(%RH)","	74.2","	2026-07-24 16:41:16"
"	69BA0CDE","	Chamber1","	1","	B01??(?)","	7.5","	2026-07-24 16:41:16"
"	69BA0CDE","	Chamber1","	1","	B01??(%RH)","	74.1","	2026-07-24 16:41:14"
"	69BA0CDE","	Chamber1","	1","	B01??(?)","	7.5","	2026-07-24 16:41:14"
"	69BA0CDE","	Chamber1","	1","	B01??(%RH)","	74.1","	2026-07-24 16:41:12"
"	69BA0CDE","	Chamber1","	1","	B01??(?)","	7.6","	2026-07-24 16:41:12"
"	69BA0CDE","	Chamber1","	1","	B01??(%RH)","	74.1","	2026-07-24 16:41:10"
"	69BA0CDE","	Chamber1","	1","	B01??(?)","	7.5","	2026-07-24 16:41:10"
"	69BA0CDE","	Chamber1","	1","	B01??(%RH)","	74.1","	2026-07-24 16:41:08"
"	69BA0CDE","	Chamber1","	1","	B01??(?)","	7.6","	2026-07-24 16:41:08"
"	69BA0CDE","	Chamber1","	1","	B01??(%RH)","	74","	2026-07-24 16:41:06"
"	69BA0CDE","	Chamber1","	1","	B01??(?)","	7.6","	2026-07-24 16:41:06"
"	69BA0CDE","	Chamber1","	1","	B01??(%RH)","	74","	2026-07-24 16:41:04"
"	69BA0CDE","	Chamber1","	1","	B01??(?)","	7.6","	2026-07-24 16:41:04"
"	69BA0CDE","	Chamber1","	1","	B01??(%RH)","	74","	2026-07-24 16:41:02"
"	69BA0CDE","	Chamber1","	1","	B01??(?)","	7.6","	2026-07-24 16:41:02"
"	69BA0CDE","	Chamber1","	1","	B01??(%RH)","	74","	2026-07-24 16:41:00"
"	69BA0CDE","	Chamber1","	1","	B01??(?)","	7.6","	2026-07-24 16:41:00"
"	69BA0CDE","	Chamber1","	1","	B01??(%RH)","	73.9","	2026-07-24 16:40:58"
"	69BA0CDE","	Chamber1","	1","	B01??(?)","	7.6","	2026-07-24 16:40:58"
"	69BA0CDE","	Chamber1","	1","	B01??(%RH)","	73.9","	2026-07-24 16:40:56"
"	69BA0CDE","	Chamber1","	1","	B01??(?)","	7.6","	2026-07-24 16:40:56"
"	69BA0CDE","	Chamber1","	1","	B01??(%RH)","	73.9","	2026-07-24 16:40:54"
"	69BA0CDE","	Chamber1","	1","	B01??(?)","	7.6","	2026-07-24 16:40:54"
"	69BA0CDE","	Chamber1","	1","	B01??(%RH)","	73.9","	2026-07-24 16:40:52"
"	69BA0CDE","	Chamber1","	1","	B01??(?)","	7.6","	2026-07-24 16:40:52"
"	69BA0CDE","	Chamber1","	1","	B01??(%RH)","	73.8","	2026-07-24 16:40:50"
"	69BA0CDE","	Chamber1","	1","	B01??(?)","	7.6","	2026-07-24 16:40:50"
"	69BA0CDE","	Chamber1","	1","	B01??(%RH)","	73.8","	2026-07-24 16:40:48"
"	69BA0CDE","	Chamber1","	1","	B01??(?)","	7.6","	2026-07-24 16:40:48"
"	69BA0CDE","	Chamber1","	1","	B01??(%RH)","	73.8","	2026-07-24 16:40:45"
"	69BA0CDE","	Chamber1","	1","	B01??(?)","	7.6","	2026-07-24 16:40:45"
"	69BA0CDE","	Chamber1","	1","	B01??(%RH)","	73.8","	2026-07-24 16:40:43"
"	69BA0CDE","	Chamber1","	1","	B01??(?)","	7.7","	2026-07-24 16:40:43"
"	69BA0CDE","	Chamber1","	1","	B01??(%RH)","	73.7","	2026-07-24 16:40:41"
"	69BA0CDE","	Chamber1","	1","	B01??(?)","	7.7","	2026-07-24 16:40:41"
"	69BA0CDE","	Chamber1","	1","	B01??(%RH)","	73.7","	2026-07-24 16:40:39"
"	69BA0CDE","	Chamber1","	1","	B01??(?)","	7.7","	2026-07-24 16:40:39"
"	69BA0CDE","	Chamber1","	1","	B01??(%RH)","	73.7","	2026-07-24 16:40:37"
"	69BA0CDE","	Chamber1","	1","	B01??(?)","	7.7","	2026-07-24 16:40:37"
"	69BA0CDE","	Chamber1","	1","	B01??(%RH)","	73.7","	2026-07-24 16:40:35"
"	69BA0CDE","	Chamber1","	1","	B01??(?)","	7.7","	2026-07-24 16:40:35"
"	69BA0CDE","	Chamber1","	1","	B01??(%RH)","	73.6","	2026-07-24 16:40:33"
"	69BA0CDE","	Chamber1","	1","	B01??(?)","	7.7","	2026-07-24 16:40:33"
"	69BA0CDE","	Chamber1","	1","	B01??(%RH)","	73.6","	2026-07-24 16:40:31"
"	69BA0CDE","	Chamber1","	1","	B01??(?)","	7.7","	2026-07-24 16:40:31"
"	69BA0CDE","	Chamber1","	1","	B01??(%RH)","	73.6","	2026-07-24 16:40:29"
"	69BA0CDE","	Chamber1","	1","	B01??(?)","	7.7","	2026-07-24 16:40:29"
"	69BA0CDE","	Chamber1","	1","	B01??(%RH)","	73.5","	2026-07-24 16:40:27"
"	69BA0CDE","	Chamber1","	1","	B01??(?)","	7.7","	2026-07-24 16:40:27"
"	69BA0CDE","	Chamber1","	1","	B01??(%RH)","	73.5","	2026-07-24 16:40:25"
"	69BA0CDE","	Chamber1","	1","	B01??(?)","	7.7","	2026-07-24 16:40:25"
"	69BA0CDE","	Chamber1","	1","	B01??(%RH)","	73.5","	2026-07-24 16:40:23"
"	69BA0CDE","	Chamber1","	1","	B01??(?)","	7.7","	2026-07-24 16:40:23"
"	69BA0CDE","	Chamber1","	1","	B01??(%RH)","	73.5","	2026-07-24 16:40:21"
"	69BA0CDE","	Chamber1","	1","	B01??(?)","	7.7","	2026-07-24 16:40:21"
"	69BA0CDE","	Chamber1","	1","	B01??(%RH)","	73.4","	2026-07-24 16:40:19"
"	69BA0CDE","	Chamber1","	1","	B01??(?)","	7.8","	2026-07-24 16:40:19"
"	69BA0CDE","	Chamber1","	1","	B01??(%RH)","	73.4","	2026-07-24 16:40:17"
"	69BA0CDE","	Chamber1","	1","	B01??(?)","	7.8","	2026-07-24 16:40:17"
"	69BA0CDE","	Chamber1","	1","	B01??(%RH)","	73.4","	2026-07-24 16:40:15"
"	69BA0CDE","	Chamber1","	1","	B01??(?)","	7.8","	2026-07-24 16:40:15"
"	69BA0CDE","	Chamber1","	1","	B01??(%RH)","	73.4","	2026-07-24 16:40:13"
"	69BA0CDE","	Chamber1","	1","	B01??(?)","	7.8","	2026-07-24 16:40:13"
"	69BA0CDE","	Chamber1","	1","	B01??(%RH)","	73.4","	2026-07-24 16:40:11"
"	69BA0CDE","	Chamber1","	1","	B01??(?)","	7.8","	2026-07-24 16:40:11"
"	69BA0CDE","	Chamber1","	1","	B01??(%RH)","	73.3","	2026-07-24 16:40:09"
"	69BA0CDE","	Chamber1","	1","	B01??(?)","	7.8","	2026-07-24 16:40:09"
"	69BA0CDE","	Chamber1","	1","	B01??(%RH)","	73.3","	2026-07-24 16:40:07"
"	69BA0CDE","	Chamber1","	1","	B01??(?)","	7.8","	2026-07-24 16:40:07"
"	69BA0CDE","	Chamber1","	1","	B01??(%RH)","	73.3","	2026-07-24 16:40:05"
"	69BA0CDE","	Chamber1","	1","	B01??(?)","	7.8","	2026-07-24 16:40:05"
"	69BA0CDE","	Chamber1","	1","	B01??(%RH)","	73.2","	2026-07-24 16:40:02"
"	69BA0CDE","	Chamber1","	1","	B01??(?)","	7.8","	2026-07-24 16:40:02"
"	69BA0CDE","	Chamber1","	1","	B01??(%RH)","	73.2","	2026-07-24 16:40:00"
"	69BA0CDE","	Chamber1","	1","	B01??(?)","	7.9","	2026-07-24 16:40:00"
"	69BA0CDE","	Chamber1","	1","	B01??(%RH)","	73.2","	2026-07-24 16:39:58"
"	69BA0CDE","	Chamber1","	1","	B01??(?)","	7.8","	2026-07-24 16:39:58"
"	69BA0CDE","	Chamber1","	1","	B01??(%RH)","	73.2","	2026-07-24 16:39:56"
"	69BA0CDE","	Chamber1","	1","	B01??(?)","	7.9","	2026-07-24 16:39:56"
"	69BA0CDE","	Chamber1","	1","	B01??(%RH)","	73.1","	2026-07-24 16:39:54"
"	69BA0CDE","	Chamber1","	1","	B01??(?)","	7.9","	2026-07-24 16:39:54"
"	69BA0CDE","	Chamber1","	1","	B01??(%RH)","	73.1","	2026-07-24 16:39:52"
"	69BA0CDE","	Chamber1","	1","	B01??(?)","	7.9","	2026-07-24 16:39:52"
"	69BA0CDE","	Chamber1","	1","	B01??(%RH)","	73.1","	2026-07-24 16:39:50"
"	69BA0CDE","	Chamber1","	1","	B01??(?)","	7.9","	2026-07-24 16:39:50"
"	69BA0CDE","	Chamber1","	1","	B01??(%RH)","	73.1","	2026-07-24 16:39:48"
"	69BA0CDE","	Chamber1","	1","	B01??(?)","	7.9","	2026-07-24 16:39:48"
"	69BA0CDE","	Chamber1","	1","	B01??(%RH)","	73.1","	2026-07-24 16:39:46"
"	69BA0CDE","	Chamber1","	1","	B01??(?)","	7.9","	2026-07-24 16:39:46"
"	69BA0CDE","	Chamber1","	1","	B01??(%RH)","	73","	2026-07-24 16:39:44"
"	69BA0CDE","	Chamber1","	1","	B01??(?)","	7.9","	2026-07-24 16:39:44"
"	69BA0CDE","	Chamber1","	1","	B01??(%RH)","	73","	2026-07-24 16:39:42"
"	69BA0CDE","	Chamber1","	1","	B01??(?)","	7.9","	2026-07-24 16:39:42"
"	69BA0CDE","	Chamber1","	1","	B01??(%RH)","	73","	2026-07-24 16:39:40"
"	69BA0CDE","	Chamber1","	1","	B01??(?)","	7.9","	2026-07-24 16:39:40"
"	69BA0CDE","	Chamber1","	1","	B01??(%RH)","	72.9","	2026-07-24 16:39:38"
"	69BA0CDE","	Chamber1","	1","	B01??(?)","	7.9","	2026-07-24 16:39:38"
"	69BA0CDE","	Chamber1","	1","	B01??(%RH)","	72.9","	2026-07-24 16:39:36"
"	69BA0CDE","	Chamber1","	1","	B01??(?)","	8","	2026-07-24 16:39:36"
"	69BA0CDE","	Chamber1","	1","	B01??(%RH)","	72.9","	2026-07-24 16:39:34"
"	69BA0CDE","	Chamber1","	1","	B01??(?)","	8","	2026-07-24 16:39:34"
"	69BA0CDE","	Chamber1","	1","	B01??(%RH)","	72.9","	2026-07-24 16:39:32"
"	69BA0CDE","	Chamber1","	1","	B01??(?)","	8","	2026-07-24 16:39:32"
"	69BA0CDE","	Chamber1","	1","	B01??(%RH)","	72.8","	2026-07-24 16:39:30"
"	69BA0CDE","	Chamber1","	1","	B01??(?)","	8","	2026-07-24 16:39:30"
"	69BA0CDE","	Chamber1","	1","	B01??(%RH)","	72.8","	2026-07-24 16:39:28"
"	69BA0CDE","	Chamber1","	1","	B01??(?)","	8","	2026-07-24 16:39:28"
"	69BA0CDE","	Chamber1","	1","	B01??(%RH)","	72.8","	2026-07-24 16:39:26"
"	69BA0CDE","	Chamber1","	1","	B01??(?)","	8","	2026-07-24 16:39:26"
"	69BA0CDE","	Chamber1","	1","	B01??(%RH)","	72.8","	2026-07-24 16:39:24"
"	69BA0CDE","	Chamber1","	1","	B01??(?)","	8","	2026-07-24 16:39:24"
"	69BA0CDE","	Chamber1","	1","	B01??(%RH)","	72.7","	2026-07-24 16:39:22"
"	69BA0CDE","	Chamber1","	1","	B01??(?)","	8","	2026-07-24 16:39:22"
"	69BA0CDE","	Chamber1","	1","	B01??(%RH)","	72.7","	2026-07-24 16:39:19"
"	69BA0CDE","	Chamber1","	1","	B01??(?)","	8","	2026-07-24 16:39:19"
"	69BA0CDE","	Chamber1","	1","	B01??(%RH)","	72.7","	2026-07-24 16:39:17"
"	69BA0CDE","	Chamber1","	1","	B01??(?)","	8","	2026-07-24 16:39:17"
"	69BA0CDE","	Chamber1","	1","	B01??(%RH)","	72.6","	2026-07-24 16:39:15"
"	69BA0CDE","	Chamber1","	1","	B01??(?)","	8","	2026-07-24 16:39:15"
"	69BA0CDE","	Chamber1","	1","	B01??(%RH)","	72.6","	2026-07-24 16:39:13"
"	69BA0CDE","	Chamber1","	1","	B01??(?)","	8","	2026-07-24 16:39:13"
"	69BA0CDE","	Chamber1","	1","	B01??(%RH)","	72.6","	2026-07-24 16:39:11"
"	69BA0CDE","	Chamber1","	1","	B01??(?)","	8.1","	2026-07-24 16:39:11"
"	69BA0CDE","	Chamber1","	1","	B01??(%RH)","	72.5","	2026-07-24 16:39:09"
"	69BA0CDE","	Chamber1","	1","	B01??(?)","	8.1","	2026-07-24 16:39:09"
"	69BA0CDE","	Chamber1","	1","	B01??(%RH)","	72.5","	2026-07-24 16:39:07"
"	69BA0CDE","	Chamber1","	1","	B01??(?)","	8.1","	2026-07-24 16:39:07"
"	69BA0CDE","	Chamber1","	1","	B01??(%RH)","	72.5","	2026-07-24 16:39:05"
"	69BA0CDE","	Chamber1","	1","	B01??(?)","	8.1","	2026-07-24 16:39:05"
"	69BA0CDE","	Chamber1","	1","	B01??(%RH)","	72.5","	2026-07-24 16:39:03"
"	69BA0CDE","	Chamber1","	1","	B01??(?)","	8.1","	2026-07-24 16:39:03"
"	69BA0CDE","	Chamber1","	1","	B01??(%RH)","	72.4","	2026-07-24 16:39:01"
"	69BA0CDE","	Chamber1","	1","	B01??(?)","	8.1","	2026-07-24 16:39:01"
"	69BA0CDE","	Chamber1","	1","	B01??(%RH)","	72.4","	2026-07-24 16:38:59"
"	69BA0CDE","	Chamber1","	1","	B01??(?)","	8.1","	2026-07-24 16:38:59"
"	69BA0CDE","	Chamber1","	1","	B01??(%RH)","	72.3","	2026-07-24 16:38:57"
"	69BA0CDE","	Chamber1","	1","	B01??(?)","	8.1","	2026-07-24 16:38:57"
"	69BA0CDE","	Chamber1","	1","	B01??(%RH)","	72.3","	2026-07-24 16:38:55"
"	69BA0CDE","	Chamber1","	1","	B01??(?)","	8.2","	2026-07-24 16:38:55"
"	69BA0CDE","	Chamber1","	1","	B01??(%RH)","	72.3","	2026-07-24 16:38:53"
"	69BA0CDE","	Chamber1","	1","	B01??(?)","	8.2","	2026-07-24 16:38:53"
"	69BA0CDE","	Chamber1","	1","	B01??(%RH)","	72.3","	2026-07-24 16:38:51"
"	69BA0CDE","	Chamber1","	1","	B01??(?)","	8.2","	2026-07-24 16:38:51"
"	69BA0CDE","	Chamber1","	1","	B01??(%RH)","	72.2","	2026-07-24 16:38:49"
"	69BA0CDE","	Chamber1","	1","	B01??(?)","	8.2","	2026-07-24 16:38:49"
"	69BA0CDE","	Chamber1","	1","	B01??(%RH)","	72.2","	2026-07-24 16:38:47"
"	69BA0CDE","	Chamber1","	1","	B01??(?)","	8.2","	2026-07-24 16:38:47"
"	69BA0CDE","	Chamber1","	1","	B01??(%RH)","	72.2","	2026-07-24 16:38:45"
"	69BA0CDE","	Chamber1","	1","	B01??(?)","	8.2","	2026-07-24 16:38:45"
"	69BA0CDE","	Chamber1","	1","	B01??(%RH)","	72.1","	2026-07-24 16:38:43"
"	69BA0CDE","	Chamber1","	1","	B01??(?)","	8.2","	2026-07-24 16:38:43"
"	69BA0CDE","	Chamber1","	1","	B01??(%RH)","	72.1","	2026-07-24 16:38:41"
"	69BA0CDE","	Chamber1","	1","	B01??(?)","	8.2","	2026-07-24 16:38:41"
"	69BA0CDE","	Chamber1","	1","	B01??(%RH)","	72.1","	2026-07-24 16:38:39"
"	69BA0CDE","	Chamber1","	1","	B01??(?)","	8.2","	2026-07-24 16:38:39"
"	69BA0CDE","	Chamber1","	1","	B01??(%RH)","	72","	2026-07-24 16:38:36"
"	69BA0CDE","	Chamber1","	1","	B01??(?)","	8.3","	2026-07-24 16:38:36"
"	69BA0CDE","	Chamber1","	1","	B01??(%RH)","	72","	2026-07-24 16:38:34"
"	69BA0CDE","	Chamber1","	1","	B01??(?)","	8.2","	2026-07-24 16:38:34"
"	69BA0CDE","	Chamber1","	1","	B01??(%RH)","	71.9","	2026-07-24 16:38:32"
"	69BA0CDE","	Chamber1","	1","	B01??(?)","	8.2","	2026-07-24 16:38:32"
"	69BA0CDE","	Chamber1","	1","	B01??(%RH)","	71.9","	2026-07-24 16:38:30"
"	69BA0CDE","	Chamber1","	1","	B01??(?)","	8.3","	2026-07-24 16:38:30"
"	69BA0CDE","	Chamber1","	1","	B01??(%RH)","	71.8","	2026-07-24 16:38:28"
"	69BA0CDE","	Chamber1","	1","	B01??(?)","	8.3","	2026-07-24 16:38:28"
"	69BA0CDE","	Chamber1","	1","	B01??(%RH)","	71.8","	2026-07-24 16:38:26"
"	69BA0CDE","	Chamber1","	1","	B01??(?)","	8.3","	2026-07-24 16:38:26"
"	69BA0CDE","	Chamber1","	1","	B01??(%RH)","	71.8","	2026-07-24 16:38:24"
"	69BA0CDE","	Chamber1","	1","	B01??(?)","	8.3","	2026-07-24 16:38:24"
"	69BA0CDE","	Chamber1","	1","	B01??(%RH)","	71.7","	2026-07-24 16:38:22"
"	69BA0CDE","	Chamber1","	1","	B01??(?)","	8.3","	2026-07-24 16:38:22"
"	69BA0CDE","	Chamber1","	1","	B01??(%RH)","	71.7","	2026-07-24 16:38:20"
"	69BA0CDE","	Chamber1","	1","	B01??(?)","	8.3","	2026-07-24 16:38:20"
"	69BA0CDE","	Chamber1","	1","	B01??(%RH)","	71.7","	2026-07-24 16:38:18"
"	69BA0CDE","	Chamber1","	1","	B01??(?)","	8.3","	2026-07-24 16:38:18"
"	69BA0CDE","	Chamber1","	1","	B01??(%RH)","	71.6","	2026-07-24 16:38:16"
"	69BA0CDE","	Chamber1","	1","	B01??(?)","	8.3","	2026-07-24 16:38:16"
"	69BA0CDE","	Chamber1","	1","	B01??(%RH)","	71.6","	2026-07-24 16:38:14"
"	69BA0CDE","	Chamber1","	1","	B01??(?)","	8.4","	2026-07-24 16:38:14"
"	69BA0CDE","	Chamber1","	1","	B01??(%RH)","	71.6","	2026-07-24 16:38:12"
"	69BA0CDE","	Chamber1","	1","	B01??(?)","	8.4","	2026-07-24 16:38:12"
"	69BA0CDE","	Chamber1","	1","	B01??(%RH)","	71.5","	2026-07-24 16:38:10"
"	69BA0CDE","	Chamber1","	1","	B01??(?)","	8.4","	2026-07-24 16:38:10"
"	69BA0CDE","	Chamber1","	1","	B01??(%RH)","	71.5","	2026-07-24 16:38:08"
"	69BA0CDE","	Chamber1","	1","	B01??(?)","	8.4","	2026-07-24 16:38:08"
"	69BA0CDE","	Chamber1","	1","	B01??(%RH)","	71.5","	2026-07-24 16:38:06"
"	69BA0CDE","	Chamber1","	1","	B01??(?)","	8.4","	2026-07-24 16:38:06"
"	69BA0CDE","	Chamber1","	1","	B01??(%RH)","	71.4","	2026-07-24 16:38:04"
"	69BA0CDE","	Chamber1","	1","	B01??(?)","	8.4","	2026-07-24 16:38:04"
"	69BA0CDE","	Chamber1","	1","	B01??(%RH)","	71.4","	2026-07-24 16:38:02"
"	69BA0CDE","	Chamber1","	1","	B01??(?)","	8.4","	2026-07-24 16:38:02"
"	69BA0CDE","	Chamber1","	1","	B01??(%RH)","	71.4","	2026-07-24 16:38:00"
"	69BA0CDE","	Chamber1","	1","	B01??(?)","	8.5","	2026-07-24 16:38:00"
"	69BA0CDE","	Chamber1","	1","	B01??(%RH)","	71.3","	2026-07-24 16:37:58"
"	69BA0CDE","	Chamber1","	1","	B01??(?)","	8.4","	2026-07-24 16:37:58"
"	69BA0CDE","	Chamber1","	1","	B01??(%RH)","	71.3","	2026-07-24 16:37:56"
"	69BA0CDE","	Chamber1","	1","	B01??(?)","	8.4","	2026-07-24 16:37:56"
"	69BA0CDE","	Chamber1","	1","	B01??(%RH)","	71.3","	2026-07-24 16:37:53"
"	69BA0CDE","	Chamber1","	1","	B01??(?)","	8.5","	2026-07-24 16:37:53"
"	69BA0CDE","	Chamber1","	1","	B01??(%RH)","	71.2","	2026-07-24 16:37:51"
"	69BA0CDE","	Chamber1","	1","	B01??(?)","	8.5","	2026-07-24 16:37:51"
"	69BA0CDE","	Chamber1","	1","	B01??(%RH)","	71.2","	2026-07-24 16:37:49"
"	69BA0CDE","	Chamber1","	1","	B01??(?)","	8.5","	2026-07-24 16:37:49"
"	69BA0CDE","	Chamber1","	1","	B01??(%RH)","	71.2","	2026-07-24 16:37:47"
"	69BA0CDE","	Chamber1","	1","	B01??(?)","	8.5","	2026-07-24 16:37:47"
"	69BA0CDE","	Chamber1","	1","	B01??(%RH)","	71.1","	2026-07-24 16:37:45"
"	69BA0CDE","	Chamber1","	1","	B01??(?)","	8.5","	2026-07-24 16:37:45"
"	69BA0CDE","	Chamber1","	1","	B01??(%RH)","	71.1","	2026-07-24 16:37:43"
"	69BA0CDE","	Chamber1","	1","	B01??(?)","	8.5","	2026-07-24 16:37:43"
"	69BA0CDE","	Chamber1","	1","	B01??(%RH)","	71","	2026-07-24 16:37:41"
"	69BA0CDE","	Chamber1","	1","	B01??(?)","	8.6","	2026-07-24 16:37:41"
"	69BA0CDE","	Chamber1","	1","	B01??(%RH)","	71","	2026-07-24 16:37:39"
"	69BA0CDE","	Chamber1","	1","	B01??(?)","	8.6","	2026-07-24 16:37:39"
"	69BA0CDE","	Chamber1","	1","	B01??(%RH)","	71","	2026-07-24 16:37:37"
"	69BA0CDE","	Chamber1","	1","	B01??(?)","	8.6","	2026-07-24 16:37:37"
"	69BA0CDE","	Chamber1","	1","	B01??(%RH)","	70.9","	2026-07-24 16:37:35"
"	69BA0CDE","	Chamber1","	1","	B01??(?)","	8.6","	2026-07-24 16:37:35"
"	69BA0CDE","	Chamber1","	1","	B01??(%RH)","	70.9","	2026-07-24 16:37:33"
"	69BA0CDE","	Chamber1","	1","	B01??(?)","	8.6","	2026-07-24 16:37:33"
"	69BA0CDE","	Chamber1","	1","	B01??(%RH)","	70.8","	2026-07-24 16:37:31"
"	69BA0CDE","	Chamber1","	1","	B01??(?)","	8.6","	2026-07-24 16:37:31"
"	69BA0CDE","	Chamber1","	1","	B01??(%RH)","	70.8","	2026-07-24 16:37:29"
"	69BA0CDE","	Chamber1","	1","	B01??(?)","	8.6","	2026-07-24 16:37:29"
"	69BA0CDE","	Chamber1","	1","	B01??(%RH)","	70.8","	2026-07-24 16:37:27"
"	69BA0CDE","	Chamber1","	1","	B01??(?)","	8.6","	2026-07-24 16:37:27"
"	69BA0CDE","	Chamber1","	1","	B01??(%RH)","	70.8","	2026-07-24 16:37:25"
"	69BA0CDE","	Chamber1","	1","	B01??(?)","	8.6","	2026-07-24 16:37:25"
"	69BA0CDE","	Chamber1","	1","	B01??(%RH)","	70.7","	2026-07-24 16:37:23"
"	69BA0CDE","	Chamber1","	1","	B01??(?)","	8.6","	2026-07-24 16:37:23"
"	69BA0CDE","	Chamber1","	1","	B01??(%RH)","	70.7","	2026-07-24 16:37:21"
"	69BA0CDE","	Chamber1","	1","	B01??(?)","	8.7","	2026-07-24 16:37:21"
"	69BA0CDE","	Chamber1","	1","	B01??(%RH)","	70.6","	2026-07-24 16:37:19"
"	69BA0CDE","	Chamber1","	1","	B01??(?)","	8.7","	2026-07-24 16:37:19"
"	69BA0CDE","	Chamber1","	1","	B01??(%RH)","	70.6","	2026-07-24 16:37:17"
"	69BA0CDE","	Chamber1","	1","	B01??(?)","	8.7","	2026-07-24 16:37:17"
"	69BA0CDE","	Chamber1","	1","	B01??(%RH)","	70.6","	2026-07-24 16:37:15"
"	69BA0CDE","	Chamber1","	1","	B01??(?)","	8.7","	2026-07-24 16:37:15"
"	69BA0CDE","	Chamber1","	1","	B01??(%RH)","	70.5","	2026-07-24 16:37:13"
"	69BA0CDE","	Chamber1","	1","	B01??(?)","	8.7","	2026-07-24 16:37:13"
"	69BA0CDE","	Chamber1","	1","	B01??(%RH)","	70.5","	2026-07-24 16:37:10"
"	69BA0CDE","	Chamber1","	1","	B01??(?)","	8.7","	2026-07-24 16:37:10"
"	69BA0CDE","	Chamber1","	1","	B01??(%RH)","	70.5","	2026-07-24 16:37:08"
"	69BA0CDE","	Chamber1","	1","	B01??(?)","	8.7","	2026-07-24 16:37:08"
"	69BA0CDE","	Chamber1","	1","	B01??(%RH)","	70.4","	2026-07-24 16:37:06"
"	69BA0CDE","	Chamber1","	1","	B01??(?)","	8.7","	2026-07-24 16:37:06"
"	69BA0CDE","	Chamber1","	1","	B01??(%RH)","	70.4","	2026-07-24 16:37:04"
"	69BA0CDE","	Chamber1","	1","	B01??(?)","	8.7","	2026-07-24 16:37:04"
"	69BA0CDE","	Chamber1","	1","	B01??(%RH)","	70.4","	2026-07-24 16:37:02"
"	69BA0CDE","	Chamber1","	1","	B01??(?)","	8.8","	2026-07-24 16:37:02"
"	69BA0CDE","	Chamber1","	1","	B01??(%RH)","	70.3","	2026-07-24 16:37:00"
"	69BA0CDE","	Chamber1","	1","	B01??(?)","	8.8","	2026-07-24 16:37:00"
"	69BA0CDE","	Chamber1","	1","	B01??(%RH)","	70.3","	2026-07-24 16:36:58"
"	69BA0CDE","	Chamber1","	1","	B01??(?)","	8.8","	2026-07-24 16:36:58"
"	69BA0CDE","	Chamber1","	1","	B01??(%RH)","	70.2","	2026-07-24 16:36:56"
"	69BA0CDE","	Chamber1","	1","	B01??(?)","	8.8","	2026-07-24 16:36:56"
"	69BA0CDE","	Chamber1","	1","	B01??(%RH)","	70.2","	2026-07-24 16:36:54"
"	69BA0CDE","	Chamber1","	1","	B01??(?)","	8.8","	2026-07-24 16:36:54"
"	69BA0CDE","	Chamber1","	1","	B01??(%RH)","	70.2","	2026-07-24 16:36:52"
"	69BA0CDE","	Chamber1","	1","	B01??(?)","	8.8","	2026-07-24 16:36:52"
"	69BA0CDE","	Chamber1","	1","	B01??(%RH)","	70.1","	2026-07-24 16:36:50"
"	69BA0CDE","	Chamber1","	1","	B01??(?)","	8.9","	2026-07-24 16:36:50"
"	69BA0CDE","	Chamber1","	1","	B01??(%RH)","	70.1","	2026-07-24 16:36:48"
"	69BA0CDE","	Chamber1","	1","	B01??(?)","	8.8","	2026-07-24 16:36:48"
"	69BA0CDE","	Chamber1","	1","	B01??(%RH)","	70.1","	2026-07-24 16:36:46"
"	69BA0CDE","	Chamber1","	1","	B01??(?)","	8.9","	2026-07-24 16:36:46"
"	69BA0CDE","	Chamber1","	1","	B01??(%RH)","	70","	2026-07-24 16:36:44"
"	69BA0CDE","	Chamber1","	1","	B01??(?)","	8.9","	2026-07-24 16:36:44"
"	69BA0CDE","	Chamber1","	1","	B01??(%RH)","	70","	2026-07-24 16:36:42"
"	69BA0CDE","	Chamber1","	1","	B01??(?)","	8.9","	2026-07-24 16:36:42"
"	69BA0CDE","	Chamber1","	1","	B01??(%RH)","	70","	2026-07-24 16:36:40"
"	69BA0CDE","	Chamber1","	1","	B01??(?)","	8.9","	2026-07-24 16:36:40"
"	69BA0CDE","	Chamber1","	1","	B01??(%RH)","	69.9","	2026-07-24 16:36:38"
"	69BA0CDE","	Chamber1","	1","	B01??(?)","	8.9","	2026-07-24 16:36:38"
"	69BA0CDE","	Chamber1","	1","	B01??(%RH)","	69.9","	2026-07-24 16:36:36"
"	69BA0CDE","	Chamber1","	1","	B01??(?)","	8.9","	2026-07-24 16:36:36"
"	69BA0CDE","	Chamber1","	1","	B01??(%RH)","	69.9","	2026-07-24 16:36:34"
"	69BA0CDE","	Chamber1","	1","	B01??(?)","	8.9","	2026-07-24 16:36:34"
"	69BA0CDE","	Chamber1","	1","	B01??(%RH)","	69.8","	2026-07-24 16:36:32"
"	69BA0CDE","	Chamber1","	1","	B01??(?)","	8.9","	2026-07-24 16:36:32"
"	69BA0CDE","	Chamber1","	1","	B01??(%RH)","	69.8","	2026-07-24 16:36:30"
"	69BA0CDE","	Chamber1","	1","	B01??(?)","	9","	2026-07-24 16:36:30"
"	69BA0CDE","	Chamber1","	1","	B01??(%RH)","	69.8","	2026-07-24 16:36:27"
"	69BA0CDE","	Chamber1","	1","	B01??(?)","	9","	2026-07-24 16:36:27"
"	69BA0CDE","	Chamber1","	1","	B01??(%RH)","	69.7","	2026-07-24 16:36:25"
"	69BA0CDE","	Chamber1","	1","	B01??(?)","	9","	2026-07-24 16:36:25"
"	69BA0CDE","	Chamber1","	1","	B01??(%RH)","	69.7","	2026-07-24 16:36:23"
"	69BA0CDE","	Chamber1","	1","	B01??(?)","	9","	2026-07-24 16:36:23"
"	69BA0CDE","	Chamber1","	1","	B01??(%RH)","	69.6","	2026-07-24 16:36:21"
"	69BA0CDE","	Chamber1","	1","	B01??(?)","	9","	2026-07-24 16:36:21"
"	69BA0CDE","	Chamber1","	1","	B01??(%RH)","	69.6","	2026-07-24 16:36:19"
"	69BA0CDE","	Chamber1","	1","	B01??(?)","	9","	2026-07-24 16:36:19"
"	69BA0CDE","	Chamber1","	1","	B01??(%RH)","	69.6","	2026-07-24 16:36:17"
"	69BA0CDE","	Chamber1","	1","	B01??(?)","	9","	2026-07-24 16:36:17"
"	69BA0CDE","	Chamber1","	1","	B01??(%RH)","	69.5","	2026-07-24 16:36:15"
"	69BA0CDE","	Chamber1","	1","	B01??(?)","	9.1","	2026-07-24 16:36:15"
"	69BA0CDE","	Chamber1","	1","	B01??(%RH)","	69.5","	2026-07-24 16:36:13"
"	69BA0CDE","	Chamber1","	1","	B01??(?)","	9.1","	2026-07-24 16:36:13"
"	69BA0CDE","	Chamber1","	1","	B01??(%RH)","	69.4","	2026-07-24 16:36:11"
"	69BA0CDE","	Chamber1","	1","	B01??(?)","	9.1","	2026-07-24 16:36:11"
"	69BA0CDE","	Chamber1","	1","	B01??(%RH)","	69.4","	2026-07-24 16:36:09"
"	69BA0CDE","	Chamber1","	1","	B01??(?)","	9.1","	2026-07-24 16:36:09"
"	69BA0CDE","	Chamber1","	1","	B01??(%RH)","	69.4","	2026-07-24 16:36:07"
"	69BA0CDE","	Chamber1","	1","	B01??(?)","	9.1","	2026-07-24 16:36:07"
"	69BA0CDE","	Chamber1","	1","	B01??(%RH)","	69.3","	2026-07-24 16:36:05"
"	69BA0CDE","	Chamber1","	1","	B01??(?)","	9.1","	2026-07-24 16:36:05"
"	69BA0CDE","	Chamber1","	1","	B01??(%RH)","	69.3","	2026-07-24 16:36:03"
"	69BA0CDE","	Chamber1","	1","	B01??(?)","	9.1","	2026-07-24 16:36:03"
"	69BA0CDE","	Chamber1","	1","	B01??(%RH)","	69.3","	2026-07-24 16:36:01"
"	69BA0CDE","	Chamber1","	1","	B01??(?)","	9.2","	2026-07-24 16:36:01"
"	69BA0CDE","	Chamber1","	1","	B01??(%RH)","	69.2","	2026-07-24 16:35:59"
"	69BA0CDE","	Chamber1","	1","	B01??(?)","	9.2","	2026-07-24 16:35:59"
"	69BA0CDE","	Chamber1","	1","	B01??(%RH)","	69.2","	2026-07-24 16:35:57"
"	69BA0CDE","	Chamber1","	1","	B01??(?)","	9.2","	2026-07-24 16:35:57"
"	69BA0CDE","	Chamber1","	1","	B01??(%RH)","	69.2","	2026-07-24 16:35:55"
"	69BA0CDE","	Chamber1","	1","	B01??(?)","	9.2","	2026-07-24 16:35:55"
"	69BA0CDE","	Chamber1","	1","	B01??(%RH)","	69.1","	2026-07-24 16:35:53"
"	69BA0CDE","	Chamber1","	1","	B01??(?)","	9.2","	2026-07-24 16:35:53"
"	69BA0CDE","	Chamber1","	1","	B01??(%RH)","	69.1","	2026-07-24 16:35:51"
"	69BA0CDE","	Chamber1","	1","	B01??(?)","	9.2","	2026-07-24 16:35:51"
"	69BA0CDE","	Chamber1","	1","	B01??(%RH)","	69","	2026-07-24 16:35:49"
"	69BA0CDE","	Chamber1","	1","	B01??(?)","	9.2","	2026-07-24 16:35:49"
"	69BA0CDE","	Chamber1","	1","	B01??(%RH)","	69","	2026-07-24 16:35:47"
"	69BA0CDE","	Chamber1","	1","	B01??(?)","	9.2","	2026-07-24 16:35:47"
"	69BA0CDE","	Chamber1","	1","	B01??(%RH)","	69","	2026-07-24 16:35:45"
"	69BA0CDE","	Chamber1","	1","	B01??(?)","	9.3","	2026-07-24 16:35:45"
"	69BA0CDE","	Chamber1","	1","	B01??(%RH)","	68.9","	2026-07-24 16:35:43"
"	69BA0CDE","	Chamber1","	1","	B01??(?)","	9.3","	2026-07-24 16:35:43"
"	69BA0CDE","	Chamber1","	1","	B01??(%RH)","	68.8","	2026-07-24 16:35:40"
"	69BA0CDE","	Chamber1","	1","	B01??(?)","	9.3","	2026-07-24 16:35:40"
"	69BA0CDE","	Chamber1","	1","	B01??(%RH)","	68.8","	2026-07-24 16:35:38"
"	69BA0CDE","	Chamber1","	1","	B01??(?)","	9.3","	2026-07-24 16:35:38"
"	69BA0CDE","	Chamber1","	1","	B01??(%RH)","	68.8","	2026-07-24 16:35:36"
"	69BA0CDE","	Chamber1","	1","	B01??(?)","	9.3","	2026-07-24 16:35:36"
"	69BA0CDE","	Chamber1","	1","	B01??(%RH)","	68.7","	2026-07-24 16:35:34"
"	69BA0CDE","	Chamber1","	1","	B01??(?)","	9.3","	2026-07-24 16:35:34"
"	69BA0CDE","	Chamber1","	1","	B01??(%RH)","	68.7","	2026-07-24 16:35:32"
"	69BA0CDE","	Chamber1","	1","	B01??(?)","	9.3","	2026-07-24 16:35:32"
"	69BA0CDE","	Chamber1","	1","	B01??(%RH)","	68.7","	2026-07-24 16:35:30"
"	69BA0CDE","	Chamber1","	1","	B01??(?)","	9.4","	2026-07-24 16:35:30"
"	69BA0CDE","	Chamber1","	1","	B01??(%RH)","	68.6","	2026-07-24 16:35:28"
"	69BA0CDE","	Chamber1","	1","	B01??(?)","	9.4","	2026-07-24 16:35:28"
"	69BA0CDE","	Chamber1","	1","	B01??(%RH)","	68.6","	2026-07-24 16:35:26"
"	69BA0CDE","	Chamber1","	1","	B01??(?)","	9.4","	2026-07-24 16:35:26"
"	69BA0CDE","	Chamber1","	1","	B01??(%RH)","	68.6","	2026-07-24 16:35:24"
"	69BA0CDE","	Chamber1","	1","	B01??(?)","	9.4","	2026-07-24 16:35:24"
"	69BA0CDE","	Chamber1","	1","	B01??(%RH)","	68.5","	2026-07-24 16:35:22"
"	69BA0CDE","	Chamber1","	1","	B01??(?)","	9.4","	2026-07-24 16:35:22"
"	69BA0CDE","	Chamber1","	1","	B01??(%RH)","	68.5","	2026-07-24 16:35:20"
"	69BA0CDE","	Chamber1","	1","	B01??(?)","	9.5","	2026-07-24 16:35:20"
"	69BA0CDE","	Chamber1","	1","	B01??(%RH)","	68.5","	2026-07-24 16:35:18"
"	69BA0CDE","	Chamber1","	1","	B01??(?)","	9.4","	2026-07-24 16:35:18"
"	69BA0CDE","	Chamber1","	1","	B01??(%RH)","	68.4","	2026-07-24 16:35:16"
"	69BA0CDE","	Chamber1","	1","	B01??(?)","	9.4","	2026-07-24 16:35:16"
"	69BA0CDE","	Chamber1","	1","	B01??(%RH)","	68.4","	2026-07-24 16:35:14"
"	69BA0CDE","	Chamber1","	1","	B01??(?)","	9.5","	2026-07-24 16:35:14"
"	69BA0CDE","	Chamber1","	1","	B01??(%RH)","	68.3","	2026-07-24 16:35:12"
"	69BA0CDE","	Chamber1","	1","	B01??(?)","	9.5","	2026-07-24 16:35:12"
"	69BA0CDE","	Chamber1","	1","	B01??(%RH)","	68.3","	2026-07-24 16:35:10"
"	69BA0CDE","	Chamber1","	1","	B01??(?)","	9.5","	2026-07-24 16:35:10"
"	69BA0CDE","	Chamber1","	1","	B01??(%RH)","	68.2","	2026-07-24 16:35:08"
"	69BA0CDE","	Chamber1","	1","	B01??(?)","	9.5","	2026-07-24 16:35:08"
"	69BA0CDE","	Chamber1","	1","	B01??(%RH)","	68.2","	2026-07-24 16:35:06"
"	69BA0CDE","	Chamber1","	1","	B01??(?)","	9.5","	2026-07-24 16:35:06"
"	69BA0CDE","	Chamber1","	1","	B01??(%RH)","	68.2","	2026-07-24 16:35:04"
"	69BA0CDE","	Chamber1","	1","	B01??(?)","	9.5","	2026-07-24 16:35:04"
"	69BA0CDE","	Chamber1","	1","	B01??(%RH)","	68.1","	2026-07-24 16:35:02"
"	69BA0CDE","	Chamber1","	1","	B01??(?)","	9.5","	2026-07-24 16:35:02"
"	69BA0CDE","	Chamber1","	1","	B01??(%RH)","	68.1","	2026-07-24 16:35:00"
"	69BA0CDE","	Chamber1","	1","	B01??(?)","	9.6","	2026-07-24 16:35:00"
"	69BA0CDE","	Chamber1","	1","	B01??(%RH)","	68.1","	2026-07-24 16:34:57"
"	69BA0CDE","	Chamber1","	1","	B01??(?)","	9.6","	2026-07-24 16:34:57"
"	69BA0CDE","	Chamber1","	1","	B01??(%RH)","	68","	2026-07-24 16:34:55"
"	69BA0CDE","	Chamber1","	1","	B01??(?)","	9.6","	2026-07-24 16:34:55"
"	69BA0CDE","	Chamber1","	1","	B01??(%RH)","	68","	2026-07-24 16:34:53"
"	69BA0CDE","	Chamber1","	1","	B01??(?)","	9.6","	2026-07-24 16:34:53"
"	69BA0CDE","	Chamber1","	1","	B01??(%RH)","	67.9","	2026-07-24 16:34:51"
"	69BA0CDE","	Chamber1","	1","	B01??(?)","	9.6","	2026-07-24 16:34:51"
"	69BA0CDE","	Chamber1","	1","	B01??(%RH)","	67.9","	2026-07-24 16:34:49"
"	69BA0CDE","	Chamber1","	1","	B01??(?)","	9.7","	2026-07-24 16:34:49"
"	69BA0CDE","	Chamber1","	1","	B01??(%RH)","	67.9","	2026-07-24 16:34:47"
"	69BA0CDE","	Chamber1","	1","	B01??(?)","	9.7","	2026-07-24 16:34:47"
"	69BA0CDE","	Chamber1","	1","	B01??(%RH)","	67.8","	2026-07-24 16:34:45"
"	69BA0CDE","	Chamber1","	1","	B01??(?)","	9.7","	2026-07-24 16:34:45"
"	69BA0CDE","	Chamber1","	1","	B01??(%RH)","	67.8","	2026-07-24 16:34:43"
"	69BA0CDE","	Chamber1","	1","	B01??(?)","	9.7","	2026-07-24 16:34:43"
"	69BA0CDE","	Chamber1","	1","	B01??(%RH)","	67.7","	2026-07-24 16:34:41"
"	69BA0CDE","	Chamber1","	1","	B01??(?)","	9.7","	2026-07-24 16:34:41"
"	69BA0CDE","	Chamber1","	1","	B01??(%RH)","	67.7","	2026-07-24 16:34:39"
"	69BA0CDE","	Chamber1","	1","	B01??(?)","	9.7","	2026-07-24 16:34:39"
"	69BA0CDE","	Chamber1","	1","	B01??(%RH)","	67.7","	2026-07-24 16:34:37"
"	69BA0CDE","	Chamber1","	1","	B01??(?)","	9.8","	2026-07-24 16:34:37"
"	69BA0CDE","	Chamber1","	1","	B01??(%RH)","	67.6","	2026-07-24 16:34:35"
"	69BA0CDE","	Chamber1","	1","	B01??(?)","	9.8","	2026-07-24 16:34:35"
"	69BA0CDE","	Chamber1","	1","	B01??(%RH)","	67.5","	2026-07-24 16:34:33"
"	69BA0CDE","	Chamber1","	1","	B01??(?)","	9.8","	2026-07-24 16:34:33"
"	69BA0CDE","	Chamber1","	1","	B01??(%RH)","	67.5","	2026-07-24 16:34:31"
"	69BA0CDE","	Chamber1","	1","	B01??(?)","	9.8","	2026-07-24 16:34:31"
"	69BA0CDE","	Chamber1","	1","	B01??(%RH)","	67.5","	2026-07-24 16:34:29"
"	69BA0CDE","	Chamber1","	1","	B01??(?)","	9.8","	2026-07-24 16:34:29"
"	69BA0CDE","	Chamber1","	1","	B01??(%RH)","	67.4","	2026-07-24 16:34:27"
"	69BA0CDE","	Chamber1","	1","	B01??(?)","	9.8","	2026-07-24 16:34:27"
"	69BA0CDE","	Chamber1","	1","	B01??(%RH)","	67.3","	2026-07-24 16:34:25"
"	69BA0CDE","	Chamber1","	1","	B01??(?)","	9.8","	2026-07-24 16:34:25"
"	69BA0CDE","	Chamber1","	1","	B01??(%RH)","	67.3","	2026-07-24 16:34:23"
"	69BA0CDE","	Chamber1","	1","	B01??(?)","	9.9","	2026-07-24 16:34:23"
"	69BA0CDE","	Chamber1","	1","	B01??(%RH)","	67.3","	2026-07-24 16:34:21"
"	69BA0CDE","	Chamber1","	1","	B01??(?)","	9.9","	2026-07-24 16:34:21"
"	69BA0CDE","	Chamber1","	1","	B01??(%RH)","	67.2","	2026-07-24 16:34:19"
"	69BA0CDE","	Chamber1","	1","	B01??(?)","	9.9","	2026-07-24 16:34:19"
"	69BA0CDE","	Chamber1","	1","	B01??(%RH)","	67.2","	2026-07-24 16:34:17"
"	69BA0CDE","	Chamber1","	1","	B01??(?)","	9.9","	2026-07-24 16:34:17"
"	69BA0CDE","	Chamber1","	1","	B01??(%RH)","	67.2","	2026-07-24 16:34:15"
"	69BA0CDE","	Chamber1","	1","	B01??(?)","	9.9","	2026-07-24 16:34:15"
"	69BA0CDE","	Chamber1","	1","	B01??(%RH)","	67.1","	2026-07-24 16:34:12"
"	69BA0CDE","	Chamber1","	1","	B01??(?)","	9.9","	2026-07-24 16:34:12"
"	69BA0CDE","	Chamber1","	1","	B01??(%RH)","	67.1","	2026-07-24 16:34:10"
"	69BA0CDE","	Chamber1","	1","	B01??(?)","	10","	2026-07-24 16:34:10"
"	69BA0CDE","	Chamber1","	1","	B01??(%RH)","	67","	2026-07-24 16:34:08"
"	69BA0CDE","	Chamber1","	1","	B01??(?)","	10","	2026-07-24 16:34:08"
"	69BA0CDE","	Chamber1","	1","	B01??(%RH)","	67","	2026-07-24 16:34:06"
"	69BA0CDE","	Chamber1","	1","	B01??(?)","	10","	2026-07-24 16:34:06"
"	69BA0CDE","	Chamber1","	1","	B01??(%RH)","	67","	2026-07-24 16:34:04"
"	69BA0CDE","	Chamber1","	1","	B01??(?)","	10","	2026-07-24 16:34:04"
"	69BA0CDE","	Chamber1","	1","	B01??(%RH)","	66.9","	2026-07-24 16:34:02"
"	69BA0CDE","	Chamber1","	1","	B01??(?)","	10","	2026-07-24 16:34:02"
"	69BA0CDE","	Chamber1","	1","	B01??(%RH)","	66.9","	2026-07-24 16:34:00"
"	69BA0CDE","	Chamber1","	1","	B01??(?)","	10","	2026-07-24 16:34:00"
"	69BA0CDE","	Chamber1","	1","	B01??(%RH)","	66.8","	2026-07-24 16:33:58"
"	69BA0CDE","	Chamber1","	1","	B01??(?)","	10.1","	2026-07-24 16:33:58"
"	69BA0CDE","	Chamber1","	1","	B01??(%RH)","	66.7","	2026-07-24 16:33:56"
"	69BA0CDE","	Chamber1","	1","	B01??(?)","	10.1","	2026-07-24 16:33:56"
"	69BA0CDE","	Chamber1","	1","	B01??(%RH)","	66.7","	2026-07-24 16:33:54"
"	69BA0CDE","	Chamber1","	1","	B01??(?)","	10.1","	2026-07-24 16:33:54"
"	69BA0CDE","	Chamber1","	1","	B01??(%RH)","	66.6","	2026-07-24 16:33:52"
"	69BA0CDE","	Chamber1","	1","	B01??(?)","	10.1","	2026-07-24 16:33:52"
"	69BA0CDE","	Chamber1","	1","	B01??(%RH)","	66.6","	2026-07-24 16:33:50"
"	69BA0CDE","	Chamber1","	1","	B01??(?)","	10.1","	2026-07-24 16:33:50"
"	69BA0CDE","	Chamber1","	1","	B01??(%RH)","	66.6","	2026-07-24 16:33:48"
"	69BA0CDE","	Chamber1","	1","	B01??(?)","	10.1","	2026-07-24 16:33:48"
"	69BA0CDE","	Chamber1","	1","	B01??(%RH)","	66.5","	2026-07-24 16:33:46"
"	69BA0CDE","	Chamber1","	1","	B01??(?)","	10.2","	2026-07-24 16:33:46"
"	69BA0CDE","	Chamber1","	1","	B01??(%RH)","	66.4","	2026-07-24 16:33:44"
"	69BA0CDE","	Chamber1","	1","	B01??(?)","	10.2","	2026-07-24 16:33:44"
"	69BA0CDE","	Chamber1","	1","	B01??(%RH)","	66.4","	2026-07-24 16:33:42"
"	69BA0CDE","	Chamber1","	1","	B01??(?)","	10.2","	2026-07-24 16:33:42"
"	69BA0CDE","	Chamber1","	1","	B01??(%RH)","	66.4","	2026-07-24 16:33:40"
"	69BA0CDE","	Chamber1","	1","	B01??(?)","	10.2","	2026-07-24 16:33:40"
"	69BA0CDE","	Chamber1","	1","	B01??(%RH)","	66.3","	2026-07-24 16:33:38"
"	69BA0CDE","	Chamber1","	1","	B01??(?)","	10.2","	2026-07-24 16:33:38"
"	69BA0CDE","	Chamber1","	1","	B01??(%RH)","	66.3","	2026-07-24 16:33:36"
"	69BA0CDE","	Chamber1","	1","	B01??(?)","	10.2","	2026-07-24 16:33:36"
"	69BA0CDE","	Chamber1","	1","	B01??(%RH)","	66.2","	2026-07-24 16:33:34"
"	69BA0CDE","	Chamber1","	1","	B01??(?)","	10.3","	2026-07-24 16:33:34"
"	69BA0CDE","	Chamber1","	1","	B01??(%RH)","	66.1","	2026-07-24 16:33:31"
"	69BA0CDE","	Chamber1","	1","	B01??(?)","	10.3","	2026-07-24 16:33:31"
"	69BA0CDE","	Chamber1","	1","	B01??(%RH)","	66.1","	2026-07-24 16:33:29"
"	69BA0CDE","	Chamber1","	1","	B01??(?)","	10.3","	2026-07-24 16:33:29"
"	69BA0CDE","	Chamber1","	1","	B01??(%RH)","	66.1","	2026-07-24 16:33:27"
"	69BA0CDE","	Chamber1","	1","	B01??(?)","	10.3","	2026-07-24 16:33:27"
"	69BA0CDE","	Chamber1","	1","	B01??(%RH)","	66","	2026-07-24 16:33:25"
"	69BA0CDE","	Chamber1","	1","	B01??(?)","	10.3","	2026-07-24 16:33:25"
"	69BA0CDE","	Chamber1","	1","	B01??(%RH)","	66","	2026-07-24 16:33:23"
"	69BA0CDE","	Chamber1","	1","	B01??(?)","	10.3","	2026-07-24 16:33:23"
"	69BA0CDE","	Chamber1","	1","	B01??(%RH)","	65.9","	2026-07-24 16:33:21"
"	69BA0CDE","	Chamber1","	1","	B01??(?)","	10.4","	2026-07-24 16:33:21"
"	69BA0CDE","	Chamber1","	1","	B01??(%RH)","	65.9","	2026-07-24 16:33:19"
"	69BA0CDE","	Chamber1","	1","	B01??(?)","	10.4","	2026-07-24 16:33:19"
"	69BA0CDE","	Chamber1","	1","	B01??(%RH)","	65.8","	2026-07-24 16:33:17"
"	69BA0CDE","	Chamber1","	1","	B01??(?)","	10.4","	2026-07-24 16:33:17"
"	69BA0CDE","	Chamber1","	1","	B01??(%RH)","	65.8","	2026-07-24 16:33:15"
"	69BA0CDE","	Chamber1","	1","	B01??(?)","	10.4","	2026-07-24 16:33:15"
"	69BA0CDE","	Chamber1","	1","	B01??(%RH)","	65.7","	2026-07-24 16:33:13"
"	69BA0CDE","	Chamber1","	1","	B01??(?)","	10.4","	2026-07-24 16:33:13"
"	69BA0CDE","	Chamber1","	1","	B01??(%RH)","	65.6","	2026-07-24 16:33:11"
"	69BA0CDE","	Chamber1","	1","	B01??(?)","	10.5","	2026-07-24 16:33:11"
"	69BA0CDE","	Chamber1","	1","	B01??(%RH)","	65.6","	2026-07-24 16:33:09"
"	69BA0CDE","	Chamber1","	1","	B01??(?)","	10.5","	2026-07-24 16:33:09"
"	69BA0CDE","	Chamber1","	1","	B01??(%RH)","	65.5","	2026-07-24 16:33:07"
"	69BA0CDE","	Chamber1","	1","	B01??(?)","	10.5","	2026-07-24 16:33:07"
"	69BA0CDE","	Chamber1","	1","	B01??(%RH)","	65.5","	2026-07-24 16:33:05"
"	69BA0CDE","	Chamber1","	1","	B01??(?)","	10.5","	2026-07-24 16:33:05"
"	69BA0CDE","	Chamber1","	1","	B01??(%RH)","	65.5","	2026-07-24 16:33:03"
"	69BA0CDE","	Chamber1","	1","	B01??(?)","	10.5","	2026-07-24 16:33:03"
"	69BA0CDE","	Chamber1","	1","	B01??(%RH)","	65.4","	2026-07-24 16:33:01"
"	69BA0CDE","	Chamber1","	1","	B01??(?)","	10.6","	2026-07-24 16:33:01"
"	69BA0CDE","	Chamber1","	1","	B01??(%RH)","	65.3","	2026-07-24 16:32:59"
"	69BA0CDE","	Chamber1","	1","	B01??(?)","	10.6","	2026-07-24 16:32:59"
"	69BA0CDE","	Chamber1","	1","	B01??(%RH)","	65.3","	2026-07-24 16:32:57"
"	69BA0CDE","	Chamber1","	1","	B01??(?)","	10.6","	2026-07-24 16:32:57"
"	69BA0CDE","	Chamber1","	1","	B01??(%RH)","	65.2","	2026-07-24 16:32:55"
"	69BA0CDE","	Chamber1","	1","	B01??(?)","	10.6","	2026-07-24 16:32:55"
"	69BA0CDE","	Chamber1","	1","	B01??(%RH)","	65.1","	2026-07-24 16:32:53"
"	69BA0CDE","	Chamber1","	1","	B01??(?)","	10.6","	2026-07-24 16:32:53"
"	69BA0CDE","	Chamber1","	1","	B01??(%RH)","	65.1","	2026-07-24 16:32:51"
"	69BA0CDE","	Chamber1","	1","	B01??(?)","	10.6","	2026-07-24 16:32:51"
"	69BA0CDE","	Chamber1","	1","	B01??(%RH)","	65","	2026-07-24 16:32:49"
"	69BA0CDE","	Chamber1","	1","	B01??(?)","	10.6","	2026-07-24 16:32:49"
"	69BA0CDE","	Chamber1","	1","	B01??(%RH)","	65","	2026-07-24 16:32:46"
"	69BA0CDE","	Chamber1","	1","	B01??(?)","	10.7","	2026-07-24 16:32:46"
"	69BA0CDE","	Chamber1","	1","	B01??(%RH)","	64.9","	2026-07-24 16:32:44"
"	69BA0CDE","	Chamber1","	1","	B01??(?)","	10.7","	2026-07-24 16:32:44"
"	69BA0CDE","	Chamber1","	1","	B01??(%RH)","	64.9","	2026-07-24 16:32:42"
"	69BA0CDE","	Chamber1","	1","	B01??(?)","	10.7","	2026-07-24 16:32:42"
"	69BA0CDE","	Chamber1","	1","	B01??(%RH)","	64.8","	2026-07-24 16:32:40"
"	69BA0CDE","	Chamber1","	1","	B01??(?)","	10.7","	2026-07-24 16:32:40"
"	69BA0CDE","	Chamber1","	1","	B01??(%RH)","	64.8","	2026-07-24 16:32:38"
"	69BA0CDE","	Chamber1","	1","	B01??(?)","	10.8","	2026-07-24 16:32:38"
"	69BA0CDE","	Chamber1","	1","	B01??(%RH)","	64.7","	2026-07-24 16:32:36"
"	69BA0CDE","	Chamber1","	1","	B01??(?)","	10.8","	2026-07-24 16:32:36"
"	69BA0CDE","	Chamber1","	1","	B01??(%RH)","	64.6","	2026-07-24 16:32:34"
"	69BA0CDE","	Chamber1","	1","	B01??(?)","	10.8","	2026-07-24 16:32:34"
"	69BA0CDE","	Chamber1","	1","	B01??(%RH)","	64.6","	2026-07-24 16:32:32"
"	69BA0CDE","	Chamber1","	1","	B01??(?)","	10.8","	2026-07-24 16:32:32"
"	69BA0CDE","	Chamber1","	1","	B01??(%RH)","	64.6","	2026-07-24 16:32:30"
"	69BA0CDE","	Chamber1","	1","	B01??(?)","	10.8","	2026-07-24 16:32:30"
"	69BA0CDE","	Chamber1","	1","	B01??(%RH)","	64.5","	2026-07-24 16:32:28"
"	69BA0CDE","	Chamber1","	1","	B01??(?)","	10.9","	2026-07-24 16:32:28"
"	69BA0CDE","	Chamber1","	1","	B01??(%RH)","	64.4","	2026-07-24 16:32:26"
"	69BA0CDE","	Chamber1","	1","	B01??(?)","	10.9","	2026-07-24 16:32:26"
"	69BA0CDE","	Chamber1","	1","	B01??(%RH)","	64.4","	2026-07-24 16:32:24"
"	69BA0CDE","	Chamber1","	1","	B01??(?)","	10.9","	2026-07-24 16:32:24"
"	69BA0CDE","	Chamber1","	1","	B01??(%RH)","	64.3","	2026-07-24 16:32:22"
"	69BA0CDE","	Chamber1","	1","	B01??(?)","	10.9","	2026-07-24 16:32:22"
"	69BA0CDE","	Chamber1","	1","	B01??(%RH)","	64.2","	2026-07-24 16:32:20"
"	69BA0CDE","	Chamber1","	1","	B01??(?)","	10.9","	2026-07-24 16:32:20"
"	69BA0CDE","	Chamber1","	1","	B01??(%RH)","	64.2","	2026-07-24 16:32:18"
"	69BA0CDE","	Chamber1","	1","	B01??(?)","	11","	2026-07-24 16:32:18"
"	69BA0CDE","	Chamber1","	1","	B01??(%RH)","	64.1","	2026-07-24 16:32:16"
"	69BA0CDE","	Chamber1","	1","	B01??(?)","	11","	2026-07-24 16:32:16"
"	69BA0CDE","	Chamber1","	1","	B01??(%RH)","	64.1","	2026-07-24 16:32:14"
"	69BA0CDE","	Chamber1","	1","	B01??(?)","	11","	2026-07-24 16:32:14"
"	69BA0CDE","	Chamber1","	1","	B01??(%RH)","	64","	2026-07-24 16:32:12"
"	69BA0CDE","	Chamber1","	1","	B01??(?)","	11","	2026-07-24 16:32:12"
"	69BA0CDE","	Chamber1","	1","	B01??(%RH)","	64","	2026-07-24 16:32:10"
"	69BA0CDE","	Chamber1","	1","	B01??(?)","	11.1","	2026-07-24 16:32:10"
"	69BA0CDE","	Chamber1","	1","	B01??(%RH)","	63.9","	2026-07-24 16:32:08"
"	69BA0CDE","	Chamber1","	1","	B01??(?)","	11","	2026-07-24 16:32:08"
"	69BA0CDE","	Chamber1","	1","	B01??(%RH)","	63.9","	2026-07-24 16:32:06"
"	69BA0CDE","	Chamber1","	1","	B01??(?)","	11.1","	2026-07-24 16:32:06"
"	69BA0CDE","	Chamber1","	1","	B01??(%RH)","	63.8","	2026-07-24 16:32:04"
"	69BA0CDE","	Chamber1","	1","	B01??(?)","	11.1","	2026-07-24 16:32:04"
"	69BA0CDE","	Chamber1","	1","	B01??(%RH)","	63.7","	2026-07-24 16:32:01"
"	69BA0CDE","	Chamber1","	1","	B01??(?)","	11.1","	2026-07-24 16:32:01"
"	69BA0CDE","	Chamber1","	1","	B01??(%RH)","	63.7","	2026-07-24 16:31:59"
"	69BA0CDE","	Chamber1","	1","	B01??(?)","	11.1","	2026-07-24 16:31:59"
"	69BA0CDE","	Chamber1","	1","	B01??(%RH)","	63.6","	2026-07-24 16:31:57"
"	69BA0CDE","	Chamber1","	1","	B01??(?)","	11.2","	2026-07-24 16:31:57"
"	69BA0CDE","	Chamber1","	1","	B01??(%RH)","	63.6","	2026-07-24 16:31:55"
"	69BA0CDE","	Chamber1","	1","	B01??(?)","	11.2","	2026-07-24 16:31:55"
"	69BA0CDE","	Chamber1","	1","	B01??(%RH)","	63.5","	2026-07-24 16:31:53"
"	69BA0CDE","	Chamber1","	1","	B01??(?)","	11.2","	2026-07-24 16:31:53"
"	69BA0CDE","	Chamber1","	1","	B01??(%RH)","	63.5","	2026-07-24 16:31:51"
"	69BA0CDE","	Chamber1","	1","	B01??(?)","	11.2","	2026-07-24 16:31:51"
"	69BA0CDE","	Chamber1","	1","	B01??(%RH)","	63.4","	2026-07-24 16:31:49"
"	69BA0CDE","	Chamber1","	1","	B01??(?)","	11.2","	2026-07-24 16:31:49"
"	69BA0CDE","	Chamber1","	1","	B01??(%RH)","	63.4","	2026-07-24 16:31:47"
"	69BA0CDE","	Chamber1","	1","	B01??(?)","	11.2","	2026-07-24 16:31:47"
"	69BA0CDE","	Chamber1","	1","	B01??(%RH)","	63.3","	2026-07-24 16:31:45"
"	69BA0CDE","	Chamber1","	1","	B01??(?)","	11.3","	2026-07-24 16:31:45"
"	69BA0CDE","	Chamber1","	1","	B01??(%RH)","	63.2","	2026-07-24 16:31:43"
"	69BA0CDE","	Chamber1","	1","	B01??(?)","	11.3","	2026-07-24 16:31:43"
"	69BA0CDE","	Chamber1","	1","	B01??(%RH)","	63.2","	2026-07-24 16:31:41"
"	69BA0CDE","	Chamber1","	1","	B01??(?)","	11.3","	2026-07-24 16:31:41"
"	69BA0CDE","	Chamber1","	1","	B01??(%RH)","	63.1","	2026-07-24 16:31:39"
"	69BA0CDE","	Chamber1","	1","	B01??(?)","	11.3","	2026-07-24 16:31:39"
"	69BA0CDE","	Chamber1","	1","	B01??(%RH)","	63","	2026-07-24 16:31:37"
"	69BA0CDE","	Chamber1","	1","	B01??(?)","	11.4","	2026-07-24 16:31:37"
"	69BA0CDE","	Chamber1","	1","	B01??(%RH)","	62.9","	2026-07-24 16:31:35"
"	69BA0CDE","	Chamber1","	1","	B01??(?)","	11.4","	2026-07-24 16:31:35"
"	69BA0CDE","	Chamber1","	1","	B01??(%RH)","	62.9","	2026-07-24 16:31:33"
"	69BA0CDE","	Chamber1","	1","	B01??(?)","	11.4","	2026-07-24 16:31:33"
"	69BA0CDE","	Chamber1","	1","	B01??(%RH)","	62.8","	2026-07-24 16:31:31"
"	69BA0CDE","	Chamber1","	1","	B01??(?)","	11.4","	2026-07-24 16:31:31"
"	69BA0CDE","	Chamber1","	1","	B01??(%RH)","	62.8","	2026-07-24 16:31:29"
"	69BA0CDE","	Chamber1","	1","	B01??(?)","	11.4","	2026-07-24 16:31:29"
"	69BA0CDE","	Chamber1","	1","	B01??(%RH)","	62.7","	2026-07-24 16:31:27"
"	69BA0CDE","	Chamber1","	1","	B01??(?)","	11.5","	2026-07-24 16:31:27"
"	69BA0CDE","	Chamber1","	1","	B01??(%RH)","	62.7","	2026-07-24 16:31:25"
"	69BA0CDE","	Chamber1","	1","	B01??(?)","	11.5","	2026-07-24 16:31:25"
"	69BA0CDE","	Chamber1","	1","	B01??(%RH)","	62.6","	2026-07-24 16:31:23"
"	69BA0CDE","	Chamber1","	1","	B01??(?)","	11.5","	2026-07-24 16:31:23"
"	69BA0CDE","	Chamber1","	1","	B01??(%RH)","	62.6","	2026-07-24 16:31:21"
"	69BA0CDE","	Chamber1","	1","	B01??(?)","	11.5","	2026-07-24 16:31:21"
"	69BA0CDE","	Chamber1","	1","	B01??(%RH)","	62.5","	2026-07-24 16:31:19"
"	69BA0CDE","	Chamber1","	1","	B01??(?)","	11.6","	2026-07-24 16:31:19"
"	69BA0CDE","	Chamber1","	1","	B01??(%RH)","	62.5","	2026-07-24 16:31:16"
"	69BA0CDE","	Chamber1","	1","	B01??(?)","	11.6","	2026-07-24 16:31:16"
"	69BA0CDE","	Chamber1","	1","	B01??(%RH)","	62.4","	2026-07-24 16:31:14"
"	69BA0CDE","	Chamber1","	1","	B01??(?)","	11.6","	2026-07-24 16:31:14"
"	69BA0CDE","	Chamber1","	1","	B01??(%RH)","	62.3","	2026-07-24 16:31:12"
"	69BA0CDE","	Chamber1","	1","	B01??(?)","	11.6","	2026-07-24 16:31:12"
"	69BA0CDE","	Chamber1","	1","	B01??(%RH)","	62.3","	2026-07-24 16:31:10"
"	69BA0CDE","	Chamber1","	1","	B01??(?)","	11.6","	2026-07-24 16:31:10"
"	69BA0CDE","	Chamber1","	1","	B01??(%RH)","	62.2","	2026-07-24 16:31:08"
"	69BA0CDE","	Chamber1","	1","	B01??(?)","	11.6","	2026-07-24 16:31:08"
"	69BA0CDE","	Chamber1","	1","	B01??(%RH)","	62.1","	2026-07-24 16:31:06"
"	69BA0CDE","	Chamber1","	1","	B01??(?)","	11.7","	2026-07-24 16:31:06"
"	69BA0CDE","	Chamber1","	1","	B01??(%RH)","	62.1","	2026-07-24 16:31:04"
"	69BA0CDE","	Chamber1","	1","	B01??(?)","	11.7","	2026-07-24 16:31:04"
"	69BA0CDE","	Chamber1","	1","	B01??(%RH)","	62.1","	2026-07-24 16:31:02"
"	69BA0CDE","	Chamber1","	1","	B01??(?)","	11.7","	2026-07-24 16:31:02"
"	69BA0CDE","	Chamber1","	1","	B01??(%RH)","	62","	2026-07-24 16:31:00"
"	69BA0CDE","	Chamber1","	1","	B01??(?)","	11.8","	2026-07-24 16:31:00"
"	69BA0CDE","	Chamber1","	1","	B01??(%RH)","	61.9","	2026-07-24 16:30:58"
"	69BA0CDE","	Chamber1","	1","	B01??(?)","	11.8","	2026-07-24 16:30:58"
"	69BA0CDE","	Chamber1","	1","	B01??(%RH)","	61.9","	2026-07-24 16:30:56"
"	69BA0CDE","	Chamber1","	1","	B01??(?)","	11.8","	2026-07-24 16:30:56"
"	69BA0CDE","	Chamber1","	1","	B01??(%RH)","	61.8","	2026-07-24 16:30:54"
"	69BA0CDE","	Chamber1","	1","	B01??(?)","	11.8","	2026-07-24 16:30:54"
"	69BA0CDE","	Chamber1","	1","	B01??(%RH)","	61.7","	2026-07-24 16:30:52"
"	69BA0CDE","	Chamber1","	1","	B01??(?)","	11.9","	2026-07-24 16:30:52"
"	69BA0CDE","	Chamber1","	1","	B01??(%RH)","	61.7","	2026-07-24 16:30:50"
"	69BA0CDE","	Chamber1","	1","	B01??(?)","	11.9","	2026-07-24 16:30:50"
"	69BA0CDE","	Chamber1","	1","	B01??(%RH)","	61.6","	2026-07-24 16:30:48"
"	69BA0CDE","	Chamber1","	1","	B01??(?)","	11.9","	2026-07-24 16:30:48"
"	69BA0CDE","	Chamber1","	1","	B01??(%RH)","	61.5","	2026-07-24 16:30:46"
"	69BA0CDE","	Chamber1","	1","	B01??(?)","	11.9","	2026-07-24 16:30:46"
"	69BA0CDE","	Chamber1","	1","	B01??(%RH)","	61.5","	2026-07-24 16:30:44"
"	69BA0CDE","	Chamber1","	1","	B01??(?)","	12","	2026-07-24 16:30:44"
"	69BA0CDE","	Chamber1","	1","	B01??(%RH)","	61.4","	2026-07-24 16:30:42"
"	69BA0CDE","	Chamber1","	1","	B01??(?)","	12","	2026-07-24 16:30:42"
"	69BA0CDE","	Chamber1","	1","	B01??(%RH)","	61.4","	2026-07-24 16:30:40"
"	69BA0CDE","	Chamber1","	1","	B01??(?)","	12","	2026-07-24 16:30:40"
"	69BA0CDE","	Chamber1","	1","	B01??(%RH)","	61.3","	2026-07-24 16:30:38"
"	69BA0CDE","	Chamber1","	1","	B01??(?)","	12","	2026-07-24 16:30:38"
"	69BA0CDE","	Chamber1","	1","	B01??(%RH)","	61.3","	2026-07-24 16:30:36"
"	69BA0CDE","	Chamber1","	1","	B01??(?)","	12","	2026-07-24 16:30:36"
"	69BA0CDE","	Chamber1","	1","	B01??(%RH)","	61.2","	2026-07-24 16:30:33"
"	69BA0CDE","	Chamber1","	1","	B01??(?)","	12.1","	2026-07-24 16:30:33"
"	69BA0CDE","	Chamber1","	1","	B01??(%RH)","	61.1","	2026-07-24 16:30:31"
"	69BA0CDE","	Chamber1","	1","	B01??(?)","	12.1","	2026-07-24 16:30:31"
"	69BA0CDE","	Chamber1","	1","	B01??(%RH)","	61.1","	2026-07-24 16:30:29"
"	69BA0CDE","	Chamber1","	1","	B01??(?)","	12.1","	2026-07-24 16:30:29"
"	69BA0CDE","	Chamber1","	1","	B01??(%RH)","	61","	2026-07-24 16:30:27"
"	69BA0CDE","	Chamber1","	1","	B01??(?)","	12.1","	2026-07-24 16:30:27"
"	69BA0CDE","	Chamber1","	1","	B01??(%RH)","	60.9","	2026-07-24 16:30:25"
"	69BA0CDE","	Chamber1","	1","	B01??(?)","	12.2","	2026-07-24 16:30:25"
"	69BA0CDE","	Chamber1","	1","	B01??(%RH)","	60.9","	2026-07-24 16:30:23"
"	69BA0CDE","	Chamber1","	1","	B01??(?)","	12.2","	2026-07-24 16:30:23"
"	69BA0CDE","	Chamber1","	1","	B01??(%RH)","	60.8","	2026-07-24 16:30:21"
"	69BA0CDE","	Chamber1","	1","	B01??(?)","	12.2","	2026-07-24 16:30:21"
"	69BA0CDE","	Chamber1","	1","	B01??(%RH)","	60.7","	2026-07-24 16:30:19"
"	69BA0CDE","	Chamber1","	1","	B01??(?)","	12.2","	2026-07-24 16:30:19"
"	69BA0CDE","	Chamber1","	1","	B01??(%RH)","	60.7","	2026-07-24 16:30:17"
"	69BA0CDE","	Chamber1","	1","	B01??(?)","	12.3","	2026-07-24 16:30:17"
"	69BA0CDE","	Chamber1","	1","	B01??(%RH)","	60.7","	2026-07-24 16:30:15"
"	69BA0CDE","	Chamber1","	1","	B01??(?)","	12.3","	2026-07-24 16:30:15"
"	69BA0CDE","	Chamber1","	1","	B01??(%RH)","	60.6","	2026-07-24 16:30:13"
"	69BA0CDE","	Chamber1","	1","	B01??(?)","	12.3","	2026-07-24 16:30:13"
"	69BA0CDE","	Chamber1","	1","	B01??(%RH)","	60.5","	2026-07-24 16:30:11"
"	69BA0CDE","	Chamber1","	1","	B01??(?)","	12.4","	2026-07-24 16:30:11"
"	69BA0CDE","	Chamber1","	1","	B01??(%RH)","	60.4","	2026-07-24 16:30:09"
"	69BA0CDE","	Chamber1","	1","	B01??(?)","	12.4","	2026-07-24 16:30:09"
"	69BA0CDE","	Chamber1","	1","	B01??(%RH)","	60.3","	2026-07-24 16:30:07"
"	69BA0CDE","	Chamber1","	1","	B01??(?)","	12.4","	2026-07-24 16:30:07"
"	69BA0CDE","	Chamber1","	1","	B01??(%RH)","	60.3","	2026-07-24 16:30:05"
"	69BA0CDE","	Chamber1","	1","	B01??(?)","	12.4","	2026-07-24 16:30:05"
"	69BA0CDE","	Chamber1","	1","	B01??(%RH)","	60.3","	2026-07-24 16:30:03"
"	69BA0CDE","	Chamber1","	1","	B01??(?)","	12.5","	2026-07-24 16:30:03"
"	69BA0CDE","	Chamber1","	1","	B01??(%RH)","	60.2","	2026-07-24 16:30:01"
"	69BA0CDE","	Chamber1","	1","	B01??(?)","	12.5","	2026-07-24 16:30:01"
"	69BA0CDE","	Chamber1","	1","	B01??(%RH)","	60.1","	2026-07-24 16:29:59"
"	69BA0CDE","	Chamber1","	1","	B01??(?)","	12.5","	2026-07-24 16:29:59"
"	69BA0CDE","	Chamber1","	1","	B01??(%RH)","	60","	2026-07-24 16:29:57"
"	69BA0CDE","	Chamber1","	1","	B01??(?)","	12.5","	2026-07-24 16:29:57"
"	69BA0CDE","	Chamber1","	1","	B01??(%RH)","	59.9","	2026-07-24 16:29:55"
"	69BA0CDE","	Chamber1","	1","	B01??(?)","	12.6","	2026-07-24 16:29:55"
"	69BA0CDE","	Chamber1","	1","	B01??(%RH)","	59.9","	2026-07-24 16:29:53"
"	69BA0CDE","	Chamber1","	1","	B01??(?)","	12.6","	2026-07-24 16:29:53"
"	69BA0CDE","	Chamber1","	1","	B01??(%RH)","	59.8","	2026-07-24 16:29:50"
"	69BA0CDE","	Chamber1","	1","	B01??(?)","	12.6","	2026-07-24 16:29:50"
"	69BA0CDE","	Chamber1","	1","	B01??(%RH)","	59.8","	2026-07-24 16:29:48"
"	69BA0CDE","	Chamber1","	1","	B01??(?)","	12.6","	2026-07-24 16:29:48"
"	69BA0CDE","	Chamber1","	1","	B01??(%RH)","	59.7","	2026-07-24 16:29:46"
"	69BA0CDE","	Chamber1","	1","	B01??(?)","	12.7","	2026-07-24 16:29:46"
"	69BA0CDE","	Chamber1","	1","	B01??(%RH)","	59.7","	2026-07-24 16:29:44"
"	69BA0CDE","	Chamber1","	1","	B01??(?)","	12.7","	2026-07-24 16:29:44"
"	69BA0CDE","	Chamber1","	1","	B01??(%RH)","	59.6","	2026-07-24 16:29:42"
"	69BA0CDE","	Chamber1","	1","	B01??(?)","	12.7","	2026-07-24 16:29:42"
"	69BA0CDE","	Chamber1","	1","	B01??(%RH)","	59.5","	2026-07-24 16:29:40"
"	69BA0CDE","	Chamber1","	1","	B01??(?)","	12.7","	2026-07-24 16:29:40"
"	69BA0CDE","	Chamber1","	1","	B01??(%RH)","	59.4","	2026-07-24 16:29:38"
"	69BA0CDE","	Chamber1","	1","	B01??(?)","	12.8","	2026-07-24 16:29:38"
"	69BA0CDE","	Chamber1","	1","	B01??(%RH)","	59.4","	2026-07-24 16:29:36"
"	69BA0CDE","	Chamber1","	1","	B01??(?)","	12.8","	2026-07-24 16:29:36"
"	69BA0CDE","	Chamber1","	1","	B01??(%RH)","	59.3","	2026-07-24 16:29:34"
"	69BA0CDE","	Chamber1","	1","	B01??(?)","	12.8","	2026-07-24 16:29:34"
"	69BA0CDE","	Chamber1","	1","	B01??(%RH)","	59.3","	2026-07-24 16:29:32"
"	69BA0CDE","	Chamber1","	1","	B01??(?)","	12.9","	2026-07-24 16:29:32"
"	69BA0CDE","	Chamber1","	1","	B01??(%RH)","	59.2","	2026-07-24 16:29:30"
"	69BA0CDE","	Chamber1","	1","	B01??(?)","	12.9","	2026-07-24 16:29:30"
"	69BA0CDE","	Chamber1","	1","	B01??(%RH)","	59.1","	2026-07-24 16:29:28"
"	69BA0CDE","	Chamber1","	1","	B01??(?)","	12.9","	2026-07-24 16:29:28"
"	69BA0CDE","	Chamber1","	1","	B01??(%RH)","	59","	2026-07-24 16:29:26"
"	69BA0CDE","	Chamber1","	1","	B01??(?)","	13","	2026-07-24 16:29:26"
"	69BA0CDE","	Chamber1","	1","	B01??(%RH)","	58.9","	2026-07-24 16:29:24"
"	69BA0CDE","	Chamber1","	1","	B01??(?)","	13","	2026-07-24 16:29:24"
"	69BA0CDE","	Chamber1","	1","	B01??(%RH)","	58.8","	2026-07-24 16:29:22"
"	69BA0CDE","	Chamber1","	1","	B01??(?)","	13","	2026-07-24 16:29:22"
"	69BA0CDE","	Chamber1","	1","	B01??(%RH)","	58.7","	2026-07-24 16:29:20"
"	69BA0CDE","	Chamber1","	1","	B01??(?)","	13","	2026-07-24 16:29:20"
"	69BA0CDE","	Chamber1","	1","	B01??(%RH)","	58.7","	2026-07-24 16:29:18"
"	69BA0CDE","	Chamber1","	1","	B01??(?)","	13.1","	2026-07-24 16:29:18"
"	69BA0CDE","	Chamber1","	1","	B01??(%RH)","	58.6","	2026-07-24 16:29:16"
"	69BA0CDE","	Chamber1","	1","	B01??(?)","	13.1","	2026-07-24 16:29:16"
"	69BA0CDE","	Chamber1","	1","	B01??(%RH)","	58.6","	2026-07-24 16:29:14"
"	69BA0CDE","	Chamber1","	1","	B01??(?)","	13.1","	2026-07-24 16:29:14"
"	69BA0CDE","	Chamber1","	1","	B01??(%RH)","	58.5","	2026-07-24 16:29:12"
"	69BA0CDE","	Chamber1","	1","	B01??(?)","	13.2","	2026-07-24 16:29:12"
"	69BA0CDE","	Chamber1","	1","	B01??(%RH)","	58.4","	2026-07-24 16:29:09"
"	69BA0CDE","	Chamber1","	1","	B01??(?)","	13.2","	2026-07-24 16:29:09"
"	69BA0CDE","	Chamber1","	1","	B01??(%RH)","	58.3","	2026-07-24 16:29:07"
"	69BA0CDE","	Chamber1","	1","	B01??(?)","	13.2","	2026-07-24 16:29:07"
"	69BA0CDE","	Chamber1","	1","	B01??(%RH)","	58.2","	2026-07-24 16:29:05"
"	69BA0CDE","	Chamber1","	1","	B01??(?)","	13.2","	2026-07-24 16:29:05"
"	69BA0CDE","	Chamber1","	1","	B01??(%RH)","	58.2","	2026-07-24 16:29:03"
"	69BA0CDE","	Chamber1","	1","	B01??(?)","	13.3","	2026-07-24 16:29:03"
"	69BA0CDE","	Chamber1","	1","	B01??(%RH)","	58.1","	2026-07-24 16:29:01"
"	69BA0CDE","	Chamber1","	1","	B01??(?)","	13.3","	2026-07-24 16:29:01"
"	69BA0CDE","	Chamber1","	1","	B01??(%RH)","	58","	2026-07-24 16:28:59"
"	69BA0CDE","	Chamber1","	1","	B01??(?)","	13.3","	2026-07-24 16:28:59"
"	69BA0CDE","	Chamber1","	1","	B01??(%RH)","	58","	2026-07-24 16:28:57"
"	69BA0CDE","	Chamber1","	1","	B01??(?)","	13.4","	2026-07-24 16:28:57"
"	69BA0CDE","	Chamber1","	1","	B01??(%RH)","	57.9","	2026-07-24 16:28:55"
"	69BA0CDE","	Chamber1","	1","	B01??(?)","	13.4","	2026-07-24 16:28:55"
"	69BA0CDE","	Chamber1","	1","	B01??(%RH)","	57.8","	2026-07-24 16:28:53"
"	69BA0CDE","	Chamber1","	1","	B01??(?)","	13.4","	2026-07-24 16:28:53"
"	69BA0CDE","	Chamber1","	1","	B01??(%RH)","	57.8","	2026-07-24 16:28:51"
"	69BA0CDE","	Chamber1","	1","	B01??(?)","	13.5","	2026-07-24 16:28:51"
"	69BA0CDE","	Chamber1","	1","	B01??(%RH)","	57.7","	2026-07-24 16:28:49"
"	69BA0CDE","	Chamber1","	1","	B01??(?)","	13.5","	2026-07-24 16:28:49"
"	69BA0CDE","	Chamber1","	1","	B01??(%RH)","	57.6","	2026-07-24 16:28:47"
"	69BA0CDE","	Chamber1","	1","	B01??(?)","	13.5","	2026-07-24 16:28:47"
"	69BA0CDE","	Chamber1","	1","	B01??(%RH)","	57.5","	2026-07-24 16:28:45"
"	69BA0CDE","	Chamber1","	1","	B01??(?)","	13.5","	2026-07-24 16:28:45"
"	69BA0CDE","	Chamber1","	1","	B01??(%RH)","	57.4","	2026-07-24 16:28:43"
"	69BA0CDE","	Chamber1","	1","	B01??(?)","	13.6","	2026-07-24 16:28:43"
"	69BA0CDE","	Chamber1","	1","	B01??(%RH)","	57.3","	2026-07-24 16:28:41"
"	69BA0CDE","	Chamber1","	1","	B01??(?)","	13.7","	2026-07-24 16:28:41"
"	69BA0CDE","	Chamber1","	1","	B01??(%RH)","	57.3","	2026-07-24 16:28:39"
"	69BA0CDE","	Chamber1","	1","	B01??(?)","	13.7","	2026-07-24 16:28:39"
"	69BA0CDE","	Chamber1","	1","	B01??(%RH)","	57.2","	2026-07-24 16:28:37"
"	69BA0CDE","	Chamber1","	1","	B01??(?)","	13.7","	2026-07-24 16:28:37"
"	69BA0CDE","	Chamber1","	1","	B01??(%RH)","	57.1","	2026-07-24 16:28:35"
"	69BA0CDE","	Chamber1","	1","	B01??(?)","	13.7","	2026-07-24 16:28:35"
"	69BA0CDE","	Chamber1","	1","	B01??(%RH)","	57.1","	2026-07-24 16:28:33"
"	69BA0CDE","	Chamber1","	1","	B01??(?)","	13.8","	2026-07-24 16:28:33"
"	69BA0CDE","	Chamber1","	1","	B01??(%RH)","	57","	2026-07-24 16:28:31"
"	69BA0CDE","	Chamber1","	1","	B01??(?)","	13.8","	2026-07-24 16:28:31"
"	69BA0CDE","	Chamber1","	1","	B01??(%RH)","	56.9","	2026-07-24 16:28:29"
"	69BA0CDE","	Chamber1","	1","	B01??(?)","	13.8","	2026-07-24 16:28:29"
"	69BA0CDE","	Chamber1","	1","	B01??(%RH)","	56.8","	2026-07-24 16:28:26"
"	69BA0CDE","	Chamber1","	1","	B01??(?)","	13.9","	2026-07-24 16:28:26"
"	69BA0CDE","	Chamber1","	1","	B01??(%RH)","	56.8","	2026-07-24 16:28:24"
"	69BA0CDE","	Chamber1","	1","	B01??(?)","	13.9","	2026-07-24 16:28:24"
"	69BA0CDE","	Chamber1","	1","	B01??(%RH)","	56.7","	2026-07-24 16:28:22"
"	69BA0CDE","	Chamber1","	1","	B01??(?)","	13.9","	2026-07-24 16:28:22"
"	69BA0CDE","	Chamber1","	1","	B01??(%RH)","	56.6","	2026-07-24 16:28:20"
"	69BA0CDE","	Chamber1","	1","	B01??(?)","	14","	2026-07-24 16:28:20"
"	69BA0CDE","	Chamber1","	1","	B01??(%RH)","	56.5","	2026-07-24 16:28:18"
"	69BA0CDE","	Chamber1","	1","	B01??(?)","	14","	2026-07-24 16:28:18"
"	69BA0CDE","	Chamber1","	1","	B01??(%RH)","	56.5","	2026-07-24 16:28:16"
"	69BA0CDE","	Chamber1","	1","	B01??(?)","	14","	2026-07-24 16:28:16"
"	69BA0CDE","	Chamber1","	1","	B01??(%RH)","	56.4","	2026-07-24 16:28:14"
"	69BA0CDE","	Chamber1","	1","	B01??(?)","	14","	2026-07-24 16:28:14"
"	69BA0CDE","	Chamber1","	1","	B01??(%RH)","	56.3","	2026-07-24 16:28:12"
"	69BA0CDE","	Chamber1","	1","	B01??(?)","	14.1","	2026-07-24 16:28:12"
"	69BA0CDE","	Chamber1","	1","	B01??(%RH)","	56.2","	2026-07-24 16:28:10"
"	69BA0CDE","	Chamber1","	1","	B01??(?)","	14.1","	2026-07-24 16:28:10"
"	69BA0CDE","	Chamber1","	1","	B01??(%RH)","	56.1","	2026-07-24 16:28:08"
"	69BA0CDE","	Chamber1","	1","	B01??(?)","	14.2","	2026-07-24 16:28:08"
"	69BA0CDE","	Chamber1","	1","	B01??(%RH)","	56","	2026-07-24 16:28:06"
"	69BA0CDE","	Chamber1","	1","	B01??(?)","	14.2","	2026-07-24 16:28:06"
"	69BA0CDE","	Chamber1","	1","	B01??(%RH)","	55.9","	2026-07-24 16:28:04"
"	69BA0CDE","	Chamber1","	1","	B01??(?)","	14.3","	2026-07-24 16:28:04"
"	69BA0CDE","	Chamber1","	1","	B01??(%RH)","	55.9","	2026-07-24 16:28:02"
"	69BA0CDE","	Chamber1","	1","	B01??(?)","	14.3","	2026-07-24 16:28:02"
"	69BA0CDE","	Chamber1","	1","	B01??(%RH)","	55.8","	2026-07-24 16:28:00"
"	69BA0CDE","	Chamber1","	1","	B01??(?)","	14.3","	2026-07-24 16:28:00"
"	69BA0CDE","	Chamber1","	1","	B01??(?)","	14.4","	2026-07-24 16:27:58"
"	69BA0CDE","	Chamber1","	1","	B01??(%RH)","	55.7","	2026-07-24 16:27:58"
"	69BA0CDE","	Chamber1","	1","	B01??(%RH)","	55.6","	2026-07-24 16:27:56"
"	69BA0CDE","	Chamber1","	1","	B01??(?)","	14.4","	2026-07-24 16:27:56"
"	69BA0CDE","	Chamber1","	1","	B01??(%RH)","	55.5","	2026-07-24 16:27:54"
"	69BA0CDE","	Chamber1","	1","	B01??(?)","	14.4","	2026-07-24 16:27:54"
"	69BA0CDE","	Chamber1","	1","	B01??(%RH)","	55.4","	2026-07-24 16:27:52"
"	69BA0CDE","	Chamber1","	1","	B01??(?)","	14.5","	2026-07-24 16:27:52"
"	69BA0CDE","	Chamber1","	1","	B01??(%RH)","	55.3","	2026-07-24 16:27:50"
"	69BA0CDE","	Chamber1","	1","	B01??(?)","	14.5","	2026-07-24 16:27:50"
"	69BA0CDE","	Chamber1","	1","	B01??(%RH)","	55.2","	2026-07-24 16:27:48"
"	69BA0CDE","	Chamber1","	1","	B01??(?)","	14.5","	2026-07-24 16:27:48"
"	69BA0CDE","	Chamber1","	1","	B01??(%RH)","	55.1","	2026-07-24 16:27:46"
"	69BA0CDE","	Chamber1","	1","	B01??(?)","	14.6","	2026-07-24 16:27:46"
"	69BA0CDE","	Chamber1","	1","	B01??(%RH)","	55.1","	2026-07-24 16:27:43"
"	69BA0CDE","	Chamber1","	1","	B01??(?)","	14.6","	2026-07-24 16:27:43"
"	69BA0CDE","	Chamber1","	1","	B01??(%RH)","	55","	2026-07-24 16:27:41"
"	69BA0CDE","	Chamber1","	1","	B01??(?)","	14.7","	2026-07-24 16:27:41"
"	69BA0CDE","	Chamber1","	1","	B01??(%RH)","	54.9","	2026-07-24 16:27:39"
"	69BA0CDE","	Chamber1","	1","	B01??(?)","	14.7","	2026-07-24 16:27:39"
"	69BA0CDE","	Chamber1","	1","	B01??(%RH)","	54.8","	2026-07-24 16:27:37"
"	69BA0CDE","	Chamber1","	1","	B01??(?)","	14.7","	2026-07-24 16:27:37"
"	69BA0CDE","	Chamber1","	1","	B01??(%RH)","	54.7","	2026-07-24 16:27:35"
"	69BA0CDE","	Chamber1","	1","	B01??(?)","	14.8","	2026-07-24 16:27:35"
"	69BA0CDE","	Chamber1","	1","	B01??(%RH)","	54.6","	2026-07-24 16:27:33"
"	69BA0CDE","	Chamber1","	1","	B01??(?)","	14.8","	2026-07-24 16:27:33"
"	69BA0CDE","	Chamber1","	1","	B01??(%RH)","	54.5","	2026-07-24 16:27:31"
"	69BA0CDE","	Chamber1","	1","	B01??(?)","	14.9","	2026-07-24 16:27:31"
"	69BA0CDE","	Chamber1","	1","	B01??(%RH)","	54.5","	2026-07-24 16:27:29"
"	69BA0CDE","	Chamber1","	1","	B01??(?)","	14.9","	2026-07-24 16:27:29"
"	69BA0CDE","	Chamber1","	1","	B01??(%RH)","	54.4","	2026-07-24 16:27:27"
"	69BA0CDE","	Chamber1","	1","	B01??(?)","	14.9","	2026-07-24 16:27:27"
"	69BA0CDE","	Chamber1","	1","	B01??(%RH)","	54.3","	2026-07-24 16:27:25"
"	69BA0CDE","	Chamber1","	1","	B01??(?)","	15","	2026-07-24 16:27:25"
"	69BA0CDE","	Chamber1","	1","	B01??(%RH)","	54.2","	2026-07-24 16:27:23"
"	69BA0CDE","	Chamber1","	1","	B01??(?)","	15","	2026-07-24 16:27:23"
"	69BA0CDE","	Chamber1","	1","	B01??(%RH)","	54.1","	2026-07-24 16:27:21"
"	69BA0CDE","	Chamber1","	1","	B01??(?)","	15.1","	2026-07-24 16:27:21"
"	69BA0CDE","	Chamber1","	1","	B01??(%RH)","	54","	2026-07-24 16:27:19"
"	69BA0CDE","	Chamber1","	1","	B01??(?)","	15.1","	2026-07-24 16:27:19"
"	69BA0CDE","	Chamber1","	1","	B01??(%RH)","	54","	2026-07-24 16:27:17"
"	69BA0CDE","	Chamber1","	1","	B01??(?)","	15.1","	2026-07-24 16:27:17"
"	69BA0CDE","	Chamber1","	1","	B01??(%RH)","	53.9","	2026-07-24 16:27:15"
"	69BA0CDE","	Chamber1","	1","	B01??(?)","	15.2","	2026-07-24 16:27:15"
"	69BA0CDE","	Chamber1","	1","	B01??(%RH)","	53.7","	2026-07-24 16:27:13"
"	69BA0CDE","	Chamber1","	1","	B01??(?)","	15.2","	2026-07-24 16:27:13"
"	69BA0CDE","	Chamber1","	1","	B01??(%RH)","	53.7","	2026-07-24 16:27:11"
"	69BA0CDE","	Chamber1","	1","	B01??(?)","	15.3","	2026-07-24 16:27:11"
"	69BA0CDE","	Chamber1","	1","	B01??(%RH)","	53.6","	2026-07-24 16:27:09"
"	69BA0CDE","	Chamber1","	1","	B01??(?)","	15.3","	2026-07-24 16:27:09"
"	69BA0CDE","	Chamber1","	1","	B01??(%RH)","	53.5","	2026-07-24 16:27:07"
"	69BA0CDE","	Chamber1","	1","	B01??(?)","	15.4","	2026-07-24 16:27:07"
"	69BA0CDE","	Chamber1","	1","	B01??(%RH)","	53.5","	2026-07-24 16:27:05"
"	69BA0CDE","	Chamber1","	1","	B01??(?)","	15.4","	2026-07-24 16:27:05"
"	69BA0CDE","	Chamber1","	1","	B01??(%RH)","	53.4","	2026-07-24 16:27:03"
"	69BA0CDE","	Chamber1","	1","	B01??(?)","	15.5","	2026-07-24 16:27:03"
"	69BA0CDE","	Chamber1","	1","	B01??(%RH)","	53.3","	2026-07-24 16:27:00"
"	69BA0CDE","	Chamber1","	1","	B01??(?)","	15.5","	2026-07-24 16:27:00"
"	69BA0CDE","	Chamber1","	1","	B01??(%RH)","	53.2","	2026-07-24 16:26:58"
"	69BA0CDE","	Chamber1","	1","	B01??(?)","	15.6","	2026-07-24 16:26:58"
"	69BA0CDE","	Chamber1","	1","	B01??(%RH)","	53.2","	2026-07-24 16:26:56"
"	69BA0CDE","	Chamber1","	1","	B01??(?)","	15.6","	2026-07-24 16:26:56"
"	69BA0CDE","	Chamber1","	1","	B01??(%RH)","	53.1","	2026-07-24 16:26:54"
"	69BA0CDE","	Chamber1","	1","	B01??(?)","	15.7","	2026-07-24 16:26:54"
"	69BA0CDE","	Chamber1","	1","	B01??(%RH)","	53","	2026-07-24 16:26:52"
"	69BA0CDE","	Chamber1","	1","	B01??(?)","	15.7","	2026-07-24 16:26:52"
"	69BA0CDE","	Chamber1","	1","	B01??(%RH)","	53","	2026-07-24 16:26:50"
"	69BA0CDE","	Chamber1","	1","	B01??(?)","	15.8","	2026-07-24 16:26:50"
"	69BA0CDE","	Chamber1","	1","	B01??(%RH)","	52.9","	2026-07-24 16:26:48"
"	69BA0CDE","	Chamber1","	1","	B01??(?)","	15.8","	2026-07-24 16:26:48"
"	69BA0CDE","	Chamber1","	1","	B01??(%RH)","	52.9","	2026-07-24 16:26:46"
"	69BA0CDE","	Chamber1","	1","	B01??(?)","	15.8","	2026-07-24 16:26:46"
"	69BA0CDE","	Chamber1","	1","	B01??(%RH)","	52.8","	2026-07-24 16:26:44"
"	69BA0CDE","	Chamber1","	1","	B01??(?)","	15.9","	2026-07-24 16:26:44"
"	69BA0CDE","	Chamber1","	1","	B01??(%RH)","	52.8","	2026-07-24 16:26:42"
"	69BA0CDE","	Chamber1","	1","	B01??(?)","	15.9","	2026-07-24 16:26:42"
"	69BA0CDE","	Chamber1","	1","	B01??(%RH)","	52.7","	2026-07-24 16:26:40"
"	69BA0CDE","	Chamber1","	1","	B01??(?)","	16","	2026-07-24 16:26:40"
"	69BA0CDE","	Chamber1","	1","	B01??(%RH)","	52.7","	2026-07-24 16:26:38"
"	69BA0CDE","	Chamber1","	1","	B01??(?)","	16","	2026-07-24 16:26:38"
"	69BA0CDE","	Chamber1","	1","	B01??(%RH)","	52.7","	2026-07-24 16:26:36"
"	69BA0CDE","	Chamber1","	1","	B01??(?)","	16.1","	2026-07-24 16:26:36"
"	69BA0CDE","	Chamber1","	1","	B01??(%RH)","	52.7","	2026-07-24 16:26:34"
"	69BA0CDE","	Chamber1","	1","	B01??(?)","	16.1","	2026-07-24 16:26:34"
"	69BA0CDE","	Chamber1","	1","	B01??(%RH)","	52.7","	2026-07-24 16:26:32"
"	69BA0CDE","	Chamber1","	1","	B01??(?)","	16.2","	2026-07-24 16:26:32"
"	69BA0CDE","	Chamber1","	1","	B01??(%RH)","	52.6","	2026-07-24 16:26:30"
"	69BA0CDE","	Chamber1","	1","	B01??(?)","	16.3","	2026-07-24 16:26:30"
"	69BA0CDE","	Chamber1","	1","	B01??(%RH)","	52.6","	2026-07-24 16:26:28"
"	69BA0CDE","	Chamber1","	1","	B01??(?)","	16.3","	2026-07-24 16:26:28"
"	69BA0CDE","	Chamber1","	1","	B01??(%RH)","	52.6","	2026-07-24 16:26:26"
"	69BA0CDE","	Chamber1","	1","	B01??(?)","	16.4","	2026-07-24 16:26:26"
"	69BA0CDE","	Chamber1","	1","	B01??(%RH)","	52.5","	2026-07-24 16:26:24"
"	69BA0CDE","	Chamber1","	1","	B01??(?)","	16.4","	2026-07-24 16:26:24"
"	69BA0CDE","	Chamber1","	1","	B01??(%RH)","	52.5","	2026-07-24 16:26:22"
"	69BA0CDE","	Chamber1","	1","	B01??(?)","	16.5","	2026-07-24 16:26:22"
"	69BA0CDE","	Chamber1","	1","	B01??(%RH)","	52.4","	2026-07-24 16:26:19"
"	69BA0CDE","	Chamber1","	1","	B01??(?)","	16.5","	2026-07-24 16:26:19"
"	69BA0CDE","	Chamber1","	1","	B01??(%RH)","	52.3","	2026-07-24 16:26:17"
"	69BA0CDE","	Chamber1","	1","	B01??(?)","	16.6","	2026-07-24 16:26:17"
"	69BA0CDE","	Chamber1","	1","	B01??(%RH)","	52.3","	2026-07-24 16:26:15"
"	69BA0CDE","	Chamber1","	1","	B01??(?)","	16.6","	2026-07-24 16:26:15"
"	69BA0CDE","	Chamber1","	1","	B01??(%RH)","	52.2","	2026-07-24 16:26:13"
"	69BA0CDE","	Chamber1","	1","	B01??(?)","	16.7","	2026-07-24 16:26:13"
"	69BA0CDE","	Chamber1","	1","	B01??(%RH)","	52.1","	2026-07-24 16:26:11"
"	69BA0CDE","	Chamber1","	1","	B01??(?)","	16.7","	2026-07-24 16:26:11"
"	69BA0CDE","	Chamber1","	1","	B01??(%RH)","	52.1","	2026-07-24 16:26:09"
"	69BA0CDE","	Chamber1","	1","	B01??(?)","	16.8","	2026-07-24 16:26:09"
"	69BA0CDE","	Chamber1","	1","	B01??(%RH)","	52","	2026-07-24 16:26:07"
"	69BA0CDE","	Chamber1","	1","	B01??(?)","	16.8","	2026-07-24 16:26:07"
"	69BA0CDE","	Chamber1","	1","	B01??(%RH)","	52","	2026-07-24 16:26:05"
"	69BA0CDE","	Chamber1","	1","	B01??(?)","	16.9","	2026-07-24 16:26:05"
"	69BA0CDE","	Chamber1","	1","	B01??(%RH)","	52","	2026-07-24 16:26:03"
"	69BA0CDE","	Chamber1","	1","	B01??(?)","	17","	2026-07-24 16:26:03"
"	69BA0CDE","	Chamber1","	1","	B01??(%RH)","	51.9","	2026-07-24 16:26:01"
"	69BA0CDE","	Chamber1","	1","	B01??(?)","	17","	2026-07-24 16:26:01"
"	69BA0CDE","	Chamber1","	1","	B01??(%RH)","	51.9","	2026-07-24 16:25:59"
"	69BA0CDE","	Chamber1","	1","	B01??(?)","	17","	2026-07-24 16:25:59"
"	69BA0CDE","	Chamber1","	1","	B01??(%RH)","	51.8","	2026-07-24 16:25:57"
"	69BA0CDE","	Chamber1","	1","	B01??(?)","	17.1","	2026-07-24 16:25:57"
"	69BA0CDE","	Chamber1","	1","	B01??(%RH)","	51.8","	2026-07-24 16:25:55"
"	69BA0CDE","	Chamber1","	1","	B01??(?)","	17.1","	2026-07-24 16:25:55"
"	69BA0CDE","	Chamber1","	1","	B01??(%RH)","	51.9","	2026-07-24 16:25:53"
"	69BA0CDE","	Chamber1","	1","	B01??(?)","	17.2","	2026-07-24 16:25:53"
"	69BA0CDE","	Chamber1","	1","	B01??(%RH)","	51.8","	2026-07-24 16:25:51"
"	69BA0CDE","	Chamber1","	1","	B01??(?)","	17.2","	2026-07-24 16:25:51"
"	69BA0CDE","	Chamber1","	1","	B01??(%RH)","	51.8","	2026-07-24 16:25:49"
"	69BA0CDE","	Chamber1","	1","	B01??(?)","	17.3","	2026-07-24 16:25:49"
"	69BA0CDE","	Chamber1","	1","	B01??(%RH)","	51.9","	2026-07-24 16:25:47"
"	69BA0CDE","	Chamber1","	1","	B01??(?)","	17.4","	2026-07-24 16:25:47"
"	69BA0CDE","	Chamber1","	1","	B01??(%RH)","	51.9","	2026-07-24 16:25:45"
"	69BA0CDE","	Chamber1","	1","	B01??(?)","	17.5","	2026-07-24 16:25:45"
"	69BA0CDE","	Chamber1","	1","	B01??(%RH)","	52","	2026-07-24 16:25:43"
"	69BA0CDE","	Chamber1","	1","	B01??(?)","	17.5","	2026-07-24 16:25:43"
"	69BA0CDE","	Chamber1","	1","	B01??(%RH)","	52","	2026-07-24 16:25:41"
"	69BA0CDE","	Chamber1","	1","	B01??(?)","	17.6","	2026-07-24 16:25:41"
"	69BA0CDE","	Chamber1","	1","	B01??(%RH)","	52.1","	2026-07-24 16:25:39"
"	69BA0CDE","	Chamber1","	1","	B01??(?)","	17.6","	2026-07-24 16:25:39"
"	69BA0CDE","	Chamber1","	1","	B01??(%RH)","	52.2","	2026-07-24 16:25:37"
"	69BA0CDE","	Chamber1","	1","	B01??(?)","	17.7","	2026-07-24 16:25:37"
"	69BA0CDE","	Chamber1","	1","	B01??(%RH)","	52.3","	2026-07-24 16:25:34"
"	69BA0CDE","	Chamber1","	1","	B01??(?)","	17.7","	2026-07-24 16:25:34"
"	69BA0CDE","	Chamber1","	1","	B01??(%RH)","	52.4","	2026-07-24 16:25:32"
"	69BA0CDE","	Chamber1","	1","	B01??(?)","	17.8","	2026-07-24 16:25:32"
"	69BA0CDE","	Chamber1","	1","	B01??(%RH)","	52.5","	2026-07-24 16:25:30"
"	69BA0CDE","	Chamber1","	1","	B01??(?)","	17.9","	2026-07-24 16:25:30"
"	69BA0CDE","	Chamber1","	1","	B01??(%RH)","	52.7","	2026-07-24 16:25:28"
"	69BA0CDE","	Chamber1","	1","	B01??(?)","	17.9","	2026-07-24 16:25:28"
"	69BA0CDE","	Chamber1","	1","	B01??(%RH)","	52.8","	2026-07-24 16:25:26"
"	69BA0CDE","	Chamber1","	1","	B01??(?)","	18","	2026-07-24 16:25:26"
"	69BA0CDE","	Chamber1","	1","	B01??(%RH)","	52.9","	2026-07-24 16:25:24"
"	69BA0CDE","	Chamber1","	1","	B01??(?)","	18","	2026-07-24 16:25:24"
"	69BA0CDE","	Chamber1","	1","	B01??(%RH)","	53","	2026-07-24 16:25:22"
"	69BA0CDE","	Chamber1","	1","	B01??(?)","	18.1","	2026-07-24 16:25:22"
"	69BA0CDE","	Chamber1","	1","	B01??(%RH)","	53.1","	2026-07-24 16:25:20"
"	69BA0CDE","	Chamber1","	1","	B01??(?)","	18.1","	2026-07-24 16:25:20"
"	69BA0CDE","	Chamber1","	1","	B01??(%RH)","	53.2","	2026-07-24 16:25:18"
"	69BA0CDE","	Chamber1","	1","	B01??(?)","	18.2","	2026-07-24 16:25:18"
"	69BA0CDE","	Chamber1","	1","	B01??(%RH)","	53.2","	2026-07-24 16:25:16"
"	69BA0CDE","	Chamber1","	1","	B01??(?)","	18.3","	2026-07-24 16:25:16"
"	69BA0CDE","	Chamber1","	1","	B01??(%RH)","	53.2","	2026-07-24 16:25:14"
"	69BA0CDE","	Chamber1","	1","	B01??(?)","	18.3","	2026-07-24 16:25:14"
"	69BA0CDE","	Chamber1","	1","	B01??(%RH)","	53.2","	2026-07-24 16:25:12"
"	69BA0CDE","	Chamber1","	1","	B01??(?)","	18.4","	2026-07-24 16:25:12"
"	69BA0CDE","	Chamber1","	1","	B01??(%RH)","	53.1","	2026-07-24 16:25:10"
"	69BA0CDE","	Chamber1","	1","	B01??(?)","	18.4","	2026-07-24 16:25:10"
"	69BA0CDE","	Chamber1","	1","	B01??(%RH)","	53","	2026-07-24 16:25:08"
"	69BA0CDE","	Chamber1","	1","	B01??(?)","	18.5","	2026-07-24 16:25:08"
"	69BA0CDE","	Chamber1","	1","	B01??(%RH)","	52.9","	2026-07-24 16:25:06"
"	69BA0CDE","	Chamber1","	1","	B01??(?)","	18.6","	2026-07-24 16:25:06"
"	69BA0CDE","	Chamber1","	1","	B01??(%RH)","	52.8","	2026-07-24 16:25:04"
"	69BA0CDE","	Chamber1","	1","	B01??(?)","	18.6","	2026-07-24 16:25:04"
"	69BA0CDE","	Chamber1","	1","	B01??(%RH)","	52.7","	2026-07-24 16:25:02"
"	69BA0CDE","	Chamber1","	1","	B01??(?)","	18.6","	2026-07-24 16:25:02"
"	69BA0CDE","	Chamber1","	1","	B01??(%RH)","	52.5","	2026-07-24 16:25:00"
"	69BA0CDE","	Chamber1","	1","	B01??(?)","	18.7","	2026-07-24 16:25:00"
"	69BA0CDE","	Chamber1","	1","	B01??(%RH)","	52.4","	2026-07-24 16:24:58"
"	69BA0CDE","	Chamber1","	1","	B01??(?)","	18.8","	2026-07-24 16:24:58"
"	69BA0CDE","	Chamber1","	1","	B01??(%RH)","	52.2","	2026-07-24 16:24:56"
"	69BA0CDE","	Chamber1","	1","	B01??(?)","	18.9","	2026-07-24 16:24:56"
"	69BA0CDE","	Chamber1","	1","	B01??(%RH)","	52.1","	2026-07-24 16:24:54"
"	69BA0CDE","	Chamber1","	1","	B01??(?)","	18.9","	2026-07-24 16:24:54"
"	69BA0CDE","	Chamber1","	1","	B01??(%RH)","	52","	2026-07-24 16:24:51"
"	69BA0CDE","	Chamber1","	1","	B01??(?)","	19","	2026-07-24 16:24:51"
"	69BA0CDE","	Chamber1","	1","	B01??(%RH)","	51.8","	2026-07-24 16:24:49"
"	69BA0CDE","	Chamber1","	1","	B01??(?)","	19.1","	2026-07-24 16:24:49"
"	69BA0CDE","	Chamber1","	1","	B01??(%RH)","	51.7","	2026-07-24 16:24:47"
"	69BA0CDE","	Chamber1","	1","	B01??(?)","	19.1","	2026-07-24 16:24:47"
"	69BA0CDE","	Chamber1","	1","	B01??(%RH)","	51.6","	2026-07-24 16:24:45"
"	69BA0CDE","	Chamber1","	1","	B01??(?)","	19.2","	2026-07-24 16:24:45"
"	69BA0CDE","	Chamber1","	1","	B01??(%RH)","	51.5","	2026-07-24 16:24:43"
"	69BA0CDE","	Chamber1","	1","	B01??(?)","	19.2","	2026-07-24 16:24:43"
"	69BA0CDE","	Chamber1","	1","	B01??(%RH)","	51.4","	2026-07-24 16:24:41"
"	69BA0CDE","	Chamber1","	1","	B01??(?)","	19.3","	2026-07-24 16:24:41"
"	69BA0CDE","	Chamber1","	1","	B01??(%RH)","	51.3","	2026-07-24 16:24:39"
"	69BA0CDE","	Chamber1","	1","	B01??(?)","	19.4","	2026-07-24 16:24:39"
"	69BA0CDE","	Chamber1","	1","	B01??(%RH)","	51.1","	2026-07-24 16:24:37"
"	69BA0CDE","	Chamber1","	1","	B01??(?)","	19.4","	2026-07-24 16:24:37"
"	69BA0CDE","	Chamber1","	1","	B01??(%RH)","	51","	2026-07-24 16:24:35"
"	69BA0CDE","	Chamber1","	1","	B01??(?)","	19.5","	2026-07-24 16:24:35"
"	69BA0CDE","	Chamber1","	1","	B01??(%RH)","	50.9","	2026-07-24 16:24:33"
"	69BA0CDE","	Chamber1","	1","	B01??(?)","	19.6","	2026-07-24 16:24:33"
"	69BA0CDE","	Chamber1","	1","	B01??(%RH)","	50.7","	2026-07-24 16:24:31"
"	69BA0CDE","	Chamber1","	1","	B01??(?)","	19.6","	2026-07-24 16:24:31"
"	69BA0CDE","	Chamber1","	1","	B01??(%RH)","	50.6","	2026-07-24 16:24:29"
"	69BA0CDE","	Chamber1","	1","	B01??(?)","	19.7","	2026-07-24 16:24:29"
"	69BA0CDE","	Chamber1","	1","	B01??(%RH)","	50.5","	2026-07-24 16:24:27"
"	69BA0CDE","	Chamber1","	1","	B01??(?)","	19.8","	2026-07-24 16:24:27"
"	69BA0CDE","	Chamber1","	1","	B01??(%RH)","	50.3","	2026-07-24 16:24:25"
"	69BA0CDE","	Chamber1","	1","	B01??(?)","	19.8","	2026-07-24 16:24:25"
"	69BA0CDE","	Chamber1","	1","	B01??(%RH)","	50.2","	2026-07-24 16:24:23"
"	69BA0CDE","	Chamber1","	1","	B01??(?)","	19.9","	2026-07-24 16:24:23"
"	69BA0CDE","	Chamber1","	1","	B01??(%RH)","	50.1","	2026-07-24 16:24:21"
"	69BA0CDE","	Chamber1","	1","	B01??(?)","	20","	2026-07-24 16:24:21"
"	69BA0CDE","	Chamber1","	1","	B01??(%RH)","	50","	2026-07-24 16:24:19"
"	69BA0CDE","	Chamber1","	1","	B01??(?)","	20","	2026-07-24 16:24:19"
"	69BA0CDE","	Chamber1","	1","	B01??(%RH)","	49.8","	2026-07-24 16:24:17"
"	69BA0CDE","	Chamber1","	1","	B01??(?)","	20.1","	2026-07-24 16:24:17"
"	69BA0CDE","	Chamber1","	1","	B01??(%RH)","	49.7","	2026-07-24 16:24:15"
"	69BA0CDE","	Chamber1","	1","	B01??(?)","	20.2","	2026-07-24 16:24:15"
"	69BA0CDE","	Chamber1","	1","	B01??(%RH)","	49.6","	2026-07-24 16:24:13"
"	69BA0CDE","	Chamber1","	1","	B01??(?)","	20.3","	2026-07-24 16:24:13"
"	69BA0CDE","	Chamber1","	1","	B01??(%RH)","	49.5","	2026-07-24 16:24:11"
"	69BA0CDE","	Chamber1","	1","	B01??(?)","	20.4","	2026-07-24 16:24:11"
"	69BA0CDE","	Chamber1","	1","	B01??(%RH)","	49.4","	2026-07-24 16:24:09"
"	69BA0CDE","	Chamber1","	1","	B01??(?)","	20.4","	2026-07-24 16:24:09"
"	69BA0CDE","	Chamber1","	1","	B01??(%RH)","	49.3","	2026-07-24 16:24:06"
"	69BA0CDE","	Chamber1","	1","	B01??(?)","	20.5","	2026-07-24 16:24:06"
"	69BA0CDE","	Chamber1","	1","	B01??(%RH)","	49.2","	2026-07-24 16:24:04"
"	69BA0CDE","	Chamber1","	1","	B01??(?)","	20.6","	2026-07-24 16:24:04"
"	69BA0CDE","	Chamber1","	1","	B01??(%RH)","	49.2","	2026-07-24 16:24:02"
"	69BA0CDE","	Chamber1","	1","	B01??(?)","	20.6","	2026-07-24 16:24:02"
"	69BA0CDE","	Chamber1","	1","	B01??(%RH)","	49.2","	2026-07-24 16:24:00"
"	69BA0CDE","	Chamber1","	1","	B01??(?)","	20.7","	2026-07-24 16:24:00"
"	69BA0CDE","	Chamber1","	1","	B01??(%RH)","	49.1","	2026-07-24 16:23:58"
"	69BA0CDE","	Chamber1","	1","	B01??(?)","	20.8","	2026-07-24 16:23:58"
"	69BA0CDE","	Chamber1","	1","	B01??(%RH)","	49.1","	2026-07-24 16:23:56"
"	69BA0CDE","	Chamber1","	1","	B01??(?)","	20.8","	2026-07-24 16:23:56"
"	69BA0CDE","	Chamber1","	1","	B01??(%RH)","	49","	2026-07-24 16:23:54"
"	69BA0CDE","	Chamber1","	1","	B01??(?)","	20.9","	2026-07-24 16:23:54"
"	69BA0CDE","	Chamber1","	1","	B01??(%RH)","	49.1","	2026-07-24 16:23:52"
"	69BA0CDE","	Chamber1","	1","	B01??(?)","	21","	2026-07-24 16:23:52"
"	69BA0CDE","	Chamber1","	1","	B01??(%RH)","	49.1","	2026-07-24 16:23:50"
"	69BA0CDE","	Chamber1","	1","	B01??(?)","	21","	2026-07-24 16:23:50"
"	69BA0CDE","	Chamber1","	1","	B01??(%RH)","	49.2","	2026-07-24 16:23:48"
"	69BA0CDE","	Chamber1","	1","	B01??(?)","	21.1","	2026-07-24 16:23:48"
"	69BA0CDE","	Chamber1","	1","	B01??(%RH)","	49.3","	2026-07-24 16:23:46"
"	69BA0CDE","	Chamber1","	1","	B01??(?)","	21.1","	2026-07-24 16:23:46"
"	69BA0CDE","	Chamber1","	1","	B01??(%RH)","	49.4","	2026-07-24 16:23:44"
"	69BA0CDE","	Chamber1","	1","	B01??(?)","	21.2","	2026-07-24 16:23:44"
"	69BA0CDE","	Chamber1","	1","	B01??(%RH)","	49.6","	2026-07-24 16:23:42"
"	69BA0CDE","	Chamber1","	1","	B01??(?)","	21.2","	2026-07-24 16:23:42"
"	69BA0CDE","	Chamber1","	1","	B01??(%RH)","	49.9","	2026-07-24 16:23:40"
"	69BA0CDE","	Chamber1","	1","	B01??(?)","	21.3","	2026-07-24 16:23:40"
"	69BA0CDE","	Chamber1","	1","	B01??(%RH)","	50.2","	2026-07-24 16:23:38"
"	69BA0CDE","	Chamber1","	1","	B01??(?)","	21.4","	2026-07-24 16:23:38"
"	69BA0CDE","	Chamber1","	1","	B01??(%RH)","	50.7","	2026-07-24 16:23:36"
"	69BA0CDE","	Chamber1","	1","	B01??(?)","	21.4","	2026-07-24 16:23:36"
"	69BA0CDE","	Chamber1","	1","	B01??(%RH)","	51.4","	2026-07-24 16:23:34"
"	69BA0CDE","	Chamber1","	1","	B01??(?)","	21.5","	2026-07-24 16:23:34"
"	69BA0CDE","	Chamber1","	1","	B01??(%RH)","	52.2","	2026-07-24 16:23:32"
"	69BA0CDE","	Chamber1","	1","	B01??(?)","	21.5","	2026-07-24 16:23:32"
"	69BA0CDE","	Chamber1","	1","	B01??(%RH)","	54.2","	2026-07-24 16:23:30"
"	69BA0CDE","	Chamber1","	1","	B01??(?)","	21.5","	2026-07-24 16:23:30"
"	69BA0CDE","	Chamber1","	1","	B01??(%RH)","	55.9","	2026-07-24 16:23:28"
"	69BA0CDE","	Chamber1","	1","	B01??(?)","	21.6","	2026-07-24 16:23:28"
"	69BA0CDE","	Chamber1","	1","	B01??(%RH)","	58.2","	2026-07-24 16:23:26"
"	69BA0CDE","	Chamber1","	1","	B01??(?)","	21.6","	2026-07-24 16:23:26"
"	69BA0CDE","	Chamber1","	1","	B01??(%RH)","	61.3","	2026-07-24 16:23:23"
"	69BA0CDE","	Chamber1","	1","	B01??(?)","	21.6","	2026-07-24 16:23:23"
"	69BA0CDE","	Chamber1","	1","	B01??(%RH)","	65","	2026-07-24 16:23:21"
"	69BA0CDE","	Chamber1","	1","	B01??(?)","	21.6","	2026-07-24 16:23:21"
"	69BA0CDE","	Chamber1","	1","	B01??(%RH)","	69.7","	2026-07-24 16:23:19"
"	69BA0CDE","	Chamber1","	1","	B01??(?)","	21.7","	2026-07-24 16:23:19"
"	69BA0CDE","	Chamber1","	1","	B01??(%RH)","	74.8","	2026-07-24 16:23:17"
"	69BA0CDE","	Chamber1","	1","	B01??(?)","	21.7","	2026-07-24 16:23:17"
"	69BA0CDE","	Chamber1","	1","	B01??(%RH)","	79.6","	2026-07-24 16:23:15"
"	69BA0CDE","	Chamber1","	1","	B01??(?)","	21.7","	2026-07-24 16:23:15"
"	69BA0CDE","	Chamber1","	1","	B01??(%RH)","	82.3","	2026-07-24 16:23:13"
"	69BA0CDE","	Chamber1","	1","	B01??(?)","	21.8","	2026-07-24 16:23:13"
"	69BA0CDE","	Chamber1","	1","	B01??(%RH)","	82.2","	2026-07-24 16:23:11"
"	69BA0CDE","	Chamber1","	1","	B01??(?)","	21.8","	2026-07-24 16:23:11"
"	69BA0CDE","	Chamber1","	1","	B01??(%RH)","	82","	2026-07-24 16:23:09"
"	69BA0CDE","	Chamber1","	1","	B01??(?)","	21.8","	2026-07-24 16:23:09"
"	69BA0CDE","	Chamber1","	1","	B01??(%RH)","	81.9","	2026-07-24 16:23:07"
"	69BA0CDE","	Chamber1","	1","	B01??(?)","	21.8","	2026-07-24 16:23:07"
"	69BA0CDE","	Chamber1","	1","	B01??(%RH)","	81.9","	2026-07-24 16:23:05"
"	69BA0CDE","	Chamber1","	1","	B01??(?)","	21.8","	2026-07-24 16:23:05"
"	69BA0CDE","	Chamber1","	1","	B01??(%RH)","	82","	2026-07-24 16:23:03"
"	69BA0CDE","	Chamber1","	1","	B01??(?)","	21.7","	2026-07-24 16:23:03"
"	69BA0CDE","	Chamber1","	1","	B01??(%RH)","	82","	2026-07-24 16:23:01"
"	69BA0CDE","	Chamber1","	1","	B01??(?)","	21.8","	2026-07-24 16:23:01"
"	69BA0CDE","	Chamber1","	1","	B01??(%RH)","	82.1","	2026-07-24 16:22:59"
"	69BA0CDE","	Chamber1","	1","	B01??(?)","	21.8","	2026-07-24 16:22:59"
"	69BA0CDE","	Chamber1","	1","	B01??(%RH)","	81.9","	2026-07-24 16:22:57"
"	69BA0CDE","	Chamber1","	1","	B01??(?)","	21.7","	2026-07-24 16:22:57"
"	69BA0CDE","	Chamber1","	1","	B01??(%RH)","	81.7","	2026-07-24 16:22:55"
"	69BA0CDE","	Chamber1","	1","	B01??(?)","	21.8","	2026-07-24 16:22:55"
"	69BA0CDE","	Chamber1","	1","	B01??(%RH)","	81.7","	2026-07-24 16:22:53"
"	69BA0CDE","	Chamber1","	1","	B01??(?)","	21.7","	2026-07-24 16:22:53"
"	69BA0CDE","	Chamber1","	1","	B01??(%RH)","	81.7","	2026-07-24 16:22:51"
"	69BA0CDE","	Chamber1","	1","	B01??(?)","	21.7","	2026-07-24 16:22:51"
"	69BA0CDE","	Chamber1","	1","	B01??(%RH)","	81.6","	2026-07-24 16:22:49"
"	69BA0CDE","	Chamber1","	1","	B01??(?)","	21.8","	2026-07-24 16:22:49"
"	69BA0CDE","	Chamber1","	1","	B01??(%RH)","	81.6","	2026-07-24 16:22:47"
"	69BA0CDE","	Chamber1","	1","	B01??(?)","	21.8","	2026-07-24 16:22:47"
"	69BA0CDE","	Chamber1","	1","	B01??(%RH)","	81.7","	2026-07-24 16:22:45"
"	69BA0CDE","	Chamber1","	1","	B01??(?)","	21.7","	2026-07-24 16:22:45"
"	69BA0CDE","	Chamber1","	1","	B01??(%RH)","	81.8","	2026-07-24 16:22:43"
"	69BA0CDE","	Chamber1","	1","	B01??(?)","	21.7","	2026-07-24 16:22:43"
"	69BA0CDE","	Chamber1","	1","	B01??(%RH)","	81.8","	2026-07-24 16:22:40"
"	69BA0CDE","	Chamber1","	1","	B01??(?)","	21.8","	2026-07-24 16:22:40"
"	69BA0CDE","	Chamber1","	1","	B01??(%RH)","	81.9","	2026-07-24 16:22:38"
"	69BA0CDE","	Chamber1","	1","	B01??(?)","	21.7","	2026-07-24 16:22:38"
"	69BA0CDE","	Chamber1","	1","	B01??(%RH)","	81.9","	2026-07-24 16:22:36"
"	69BA0CDE","	Chamber1","	1","	B01??(?)","	21.8","	2026-07-24 16:22:36"
"	69BA0CDE","	Chamber1","	1","	B01??(%RH)","	81.9","	2026-07-24 16:22:34"
"	69BA0CDE","	Chamber1","	1","	B01??(?)","	21.8","	2026-07-24 16:22:34"
"	69BA0CDE","	Chamber1","	1","	B01??(%RH)","	81.8","	2026-07-24 16:22:32"
"	69BA0CDE","	Chamber1","	1","	B01??(?)","	21.7","	2026-07-24 16:22:32"
"	69BA0CDE","	Chamber1","	1","	B01??(%RH)","	81.8","	2026-07-24 16:22:30"
"	69BA0CDE","	Chamber1","	1","	B01??(?)","	21.8","	2026-07-24 16:22:30"
"	69BA0CDE","	Chamber1","	1","	B01??(%RH)","	81.7","	2026-07-24 16:22:28"
"	69BA0CDE","	Chamber1","	1","	B01??(?)","	21.8","	2026-07-24 16:22:28"
"	69BA0CDE","	Chamber1","	1","	B01??(%RH)","	81.6","	2026-07-24 16:22:26"
"	69BA0CDE","	Chamber1","	1","	B01??(?)","	21.7","	2026-07-24 16:22:26"
"	69BA0CDE","	Chamber1","	1","	B01??(%RH)","	81.8","	2026-07-24 16:22:24"
"	69BA0CDE","	Chamber1","	1","	B01??(?)","	21.7","	2026-07-24 16:22:24"
"	69BA0CDE","	Chamber1","	1","	B01??(%RH)","	82.2","	2026-07-24 16:22:22"
"	69BA0CDE","	Chamber1","	1","	B01??(?)","	21.8","	2026-07-24 16:22:22"
"	69BA0CDE","	Chamber1","	1","	B01??(%RH)","	82.5","	2026-07-24 16:22:20"
"	69BA0CDE","	Chamber1","	1","	B01??(?)","	21.7","	2026-07-24 16:22:20"
"	69BA0CDE","	Chamber1","	1","	B01??(%RH)","	82.6","	2026-07-24 16:22:18"
"	69BA0CDE","	Chamber1","	1","	B01??(?)","	21.8","	2026-07-24 16:22:18"
"	69BA0CDE","	Chamber1","	1","	B01??(%RH)","	82.7","	2026-07-24 16:22:16"
"	69BA0CDE","	Chamber1","	1","	B01??(?)","	21.7","	2026-07-24 16:22:16"
"	69BA0CDE","	Chamber1","	1","	B01??(%RH)","	82.8","	2026-07-24 16:22:14"
"	69BA0CDE","	Chamber1","	1","	B01??(?)","	21.7","	2026-07-24 16:22:14"
"	69BA0CDE","	Chamber1","	1","	B01??(%RH)","	82.6","	2026-07-24 16:22:12"
"	69BA0CDE","	Chamber1","	1","	B01??(?)","	21.7","	2026-07-24 16:22:12"
"	69BA0CDE","	Chamber1","	1","	B01??(%RH)","	82.3","	2026-07-24 16:22:10"
"	69BA0CDE","	Chamber1","	1","	B01??(?)","	21.7","	2026-07-24 16:22:10"
"	69BA0CDE","	Chamber1","	1","	B01??(%RH)","	82.1","	2026-07-24 16:22:08"
"	69BA0CDE","	Chamber1","	1","	B01??(?)","	21.7","	2026-07-24 16:22:08"
"	69BA0CDE","	Chamber1","	1","	B01??(%RH)","	81.9","	2026-07-24 16:22:06"
"	69BA0CDE","	Chamber1","	1","	B01??(?)","	21.7","	2026-07-24 16:22:06"
"	69BA0CDE","	Chamber1","	1","	B01??(%RH)","	81.7","	2026-07-24 16:22:04"
"	69BA0CDE","	Chamber1","	1","	B01??(?)","	21.7","	2026-07-24 16:22:04"
"	69BA0CDE","	Chamber1","	1","	B01??(%RH)","	81.7","	2026-07-24 16:22:02"
"	69BA0CDE","	Chamber1","	1","	B01??(?)","	21.7","	2026-07-24 16:22:02"
"	69BA0CDE","	Chamber1","	1","	B01??(%RH)","	82.2","	2026-07-24 16:22:00"
"	69BA0CDE","	Chamber1","	1","	B01??(?)","	21.7","	2026-07-24 16:22:00"
"	69BA0CDE","	Chamber1","	1","	B01??(%RH)","	82.3","	2026-07-24 16:21:58"
"	69BA0CDE","	Chamber1","	1","	B01??(?)","	21.7","	2026-07-24 16:21:58"
"	69BA0CDE","	Chamber1","	1","	B01??(%RH)","	82.4","	2026-07-24 16:21:55"
"	69BA0CDE","	Chamber1","	1","	B01??(?)","	21.8","	2026-07-24 16:21:55"
"	69BA0CDE","	Chamber1","	1","	B01??(%RH)","	82.4","	2026-07-24 16:21:53"
"	69BA0CDE","	Chamber1","	1","	B01??(?)","	21.7","	2026-07-24 16:21:53"
"	69BA0CDE","	Chamber1","	1","	B01??(%RH)","	82.3","	2026-07-24 16:21:51"
"	69BA0CDE","	Chamber1","	1","	B01??(?)","	21.7","	2026-07-24 16:21:51"
"	69BA0CDE","	Chamber1","	1","	B01??(%RH)","	82.2","	2026-07-24 16:21:49"
"	69BA0CDE","	Chamber1","	1","	B01??(?)","	21.7","	2026-07-24 16:21:49"
"	69BA0CDE","	Chamber1","	1","	B01??(%RH)","	82.1","	2026-07-24 16:21:47"
"	69BA0CDE","	Chamber1","	1","	B01??(?)","	21.7","	2026-07-24 16:21:47"
"	69BA0CDE","	Chamber1","	1","	B01??(%RH)","	82.2","	2026-07-24 16:21:45"
"	69BA0CDE","	Chamber1","	1","	B01??(?)","	21.7","	2026-07-24 16:21:45"
"	69BA0CDE","	Chamber1","	1","	B01??(%RH)","	82.4","	2026-07-24 16:21:43"
"	69BA0CDE","	Chamber1","	1","	B01??(?)","	21.7","	2026-07-24 16:21:43"
"	69BA0CDE","	Chamber1","	1","	B01??(%RH)","	82.6","	2026-07-24 16:21:41"
"	69BA0CDE","	Chamber1","	1","	B01??(?)","	21.7","	2026-07-24 16:21:41"
"	69BA0CDE","	Chamber1","	1","	B01??(%RH)","	82.7","	2026-07-24 16:21:39"
"	69BA0CDE","	Chamber1","	1","	B01??(?)","	21.7","	2026-07-24 16:21:39"
"	69BA0CDE","	Chamber1","	1","	B01??(%RH)","	82.8","	2026-07-24 16:21:37"
"	69BA0CDE","	Chamber1","	1","	B01??(?)","	21.7","	2026-07-24 16:21:37"
"	69BA0CDE","	Chamber1","	1","	B01??(%RH)","	82.7","	2026-07-24 16:21:35"
"	69BA0CDE","	Chamber1","	1","	B01??(?)","	21.7","	2026-07-24 16:21:35"
"	69BA0CDE","	Chamber1","	1","	B01??(%RH)","	82.7","	2026-07-24 16:21:33"
"	69BA0CDE","	Chamber1","	1","	B01??(?)","	21.7","	2026-07-24 16:21:33"
"	69BA0CDE","	Chamber1","	1","	B01??(%RH)","	82.7","	2026-07-24 16:21:31"
"	69BA0CDE","	Chamber1","	1","	B01??(?)","	21.7","	2026-07-24 16:21:31"
"	69BA0CDE","	Chamber1","	1","	B01??(%RH)","	82.6","	2026-07-24 16:21:29"
"	69BA0CDE","	Chamber1","	1","	B01??(?)","	21.7","	2026-07-24 16:21:29"
"	69BA0CDE","	Chamber1","	1","	B01??(%RH)","	82.5","	2026-07-24 16:21:27"
"	69BA0CDE","	Chamber1","	1","	B01??(?)","	21.7","	2026-07-24 16:21:27"
"	69BA0CDE","	Chamber1","	1","	B01??(%RH)","	82.3","	2026-07-24 16:21:25"
"	69BA0CDE","	Chamber1","	1","	B01??(?)","	21.7","	2026-07-24 16:21:25"
"	69BA0CDE","	Chamber1","	1","	B01??(%RH)","	82.1","	2026-07-24 16:21:23"
"	69BA0CDE","	Chamber1","	1","	B01??(?)","	21.7","	2026-07-24 16:21:23"
"	69BA0CDE","	Chamber1","	1","	B01??(%RH)","	81.9","	2026-07-24 16:21:21"
"	69BA0CDE","	Chamber1","	1","	B01??(?)","	21.7","	2026-07-24 16:21:21"
"	69BA0CDE","	Chamber1","	1","	B01??(%RH)","	81.9","	2026-07-24 16:21:19"
"	69BA0CDE","	Chamber1","	1","	B01??(?)","	21.7","	2026-07-24 16:21:19"
"	69BA0CDE","	Chamber1","	1","	B01??(%RH)","	82","	2026-07-24 16:21:17"
"	69BA0CDE","	Chamber1","	1","	B01??(?)","	21.7","	2026-07-24 16:21:17"
"	69BA0CDE","	Chamber1","	1","	B01??(%RH)","	82.2","	2026-07-24 16:21:15"
"	69BA0CDE","	Chamber1","	1","	B01??(?)","	21.7","	2026-07-24 16:21:15"
"	69BA0CDE","	Chamber1","	1","	B01??(%RH)","	82.2","	2026-07-24 16:21:12"
"	69BA0CDE","	Chamber1","	1","	B01??(?)","	21.7","	2026-07-24 16:21:12"
"	69BA0CDE","	Chamber1","	1","	B01??(%RH)","	82.3","	2026-07-24 16:21:10"
"	69BA0CDE","	Chamber1","	1","	B01??(?)","	21.7","	2026-07-24 16:21:10"
"	69BA0CDE","	Chamber1","	1","	B01??(%RH)","	82.4","	2026-07-24 16:21:08"
"	69BA0CDE","	Chamber1","	1","	B01??(?)","	21.7","	2026-07-24 16:21:08"
"	69BA0CDE","	Chamber1","	1","	B01??(%RH)","	82.5","	2026-07-24 16:21:06"
"	69BA0CDE","	Chamber1","	1","	B01??(?)","	21.7","	2026-07-24 16:21:06"
"	69BA0CDE","	Chamber1","	1","	B01??(%RH)","	82.5","	2026-07-24 16:21:04"
"	69BA0CDE","	Chamber1","	1","	B01??(?)","	21.7","	2026-07-24 16:21:04"
"	69BA0CDE","	Chamber1","	1","	B01??(%RH)","	82.5","	2026-07-24 16:21:02"
"	69BA0CDE","	Chamber1","	1","	B01??(?)","	21.7","	2026-07-24 16:21:02"
"	69BA0CDE","	Chamber1","	1","	B01??(%RH)","	82.5","	2026-07-24 16:21:00"
"	69BA0CDE","	Chamber1","	1","	B01??(?)","	21.7","	2026-07-24 16:21:00"
"	69BA0CDE","	Chamber1","	1","	B01??(%RH)","	82.5","	2026-07-24 16:20:58"
"	69BA0CDE","	Chamber1","	1","	B01??(?)","	21.7","	2026-07-24 16:20:58"
"	69BA0CDE","	Chamber1","	1","	B01??(%RH)","	82.3","	2026-07-24 16:20:56"
"	69BA0CDE","	Chamber1","	1","	B01??(?)","	21.7","	2026-07-24 16:20:56"
"	69BA0CDE","	Chamber1","	1","	B01??(%RH)","	82.2","	2026-07-24 16:20:54"
"	69BA0CDE","	Chamber1","	1","	B01??(?)","	21.7","	2026-07-24 16:20:54"
"	69BA0CDE","	Chamber1","	1","	B01??(%RH)","	82.1","	2026-07-24 16:20:52"
"	69BA0CDE","	Chamber1","	1","	B01??(?)","	21.7","	2026-07-24 16:20:52"
"	69BA0CDE","	Chamber1","	1","	B01??(%RH)","	81.9","	2026-07-24 16:20:50"
"	69BA0CDE","	Chamber1","	1","	B01??(?)","	21.6","	2026-07-24 16:20:50"
"	69BA0CDE","	Chamber1","	1","	B01??(%RH)","	81.8","	2026-07-24 16:20:48"
"	69BA0CDE","	Chamber1","	1","	B01??(?)","	21.6","	2026-07-24 16:20:48"
"	69BA0CDE","	Chamber1","	1","	B01??(%RH)","	81.7","	2026-07-24 16:20:46"
"	69BA0CDE","	Chamber1","	1","	B01??(?)","	21.6","	2026-07-24 16:20:46"
"	69BA0CDE","	Chamber1","	1","	B01??(%RH)","	81.8","	2026-07-24 16:20:44"
"	69BA0CDE","	Chamber1","	1","	B01??(?)","	21.7","	2026-07-24 16:20:44"
"	69BA0CDE","	Chamber1","	1","	B01??(%RH)","	81.8","	2026-07-24 16:20:42"
"	69BA0CDE","	Chamber1","	1","	B01??(?)","	21.6","	2026-07-24 16:20:42"
"	69BA0CDE","	Chamber1","	1","	B01??(%RH)","	81.7","	2026-07-24 16:20:40"
"	69BA0CDE","	Chamber1","	1","	B01??(?)","	21.7","	2026-07-24 16:20:40"
"	69BA0CDE","	Chamber1","	1","	B01??(%RH)","	81.7","	2026-07-24 16:20:38"
"	69BA0CDE","	Chamber1","	1","	B01??(?)","	21.6","	2026-07-24 16:20:38"
"	69BA0CDE","	Chamber1","	1","	B01??(%RH)","	81.7","	2026-07-24 16:20:36"
"	69BA0CDE","	Chamber1","	1","	B01??(?)","	21.7","	2026-07-24 16:20:36"
"	69BA0CDE","	Chamber1","	1","	B01??(%RH)","	81.8","	2026-07-24 16:20:34"
"	69BA0CDE","	Chamber1","	1","	B01??(?)","	21.6","	2026-07-24 16:20:34"
"	69BA0CDE","	Chamber1","	1","	B01??(%RH)","	81.8","	2026-07-24 16:20:32"
"	69BA0CDE","	Chamber1","	1","	B01??(?)","	21.6","	2026-07-24 16:20:32"
"	69BA0CDE","	Chamber1","	1","	B01??(%RH)","	81.8","	2026-07-24 16:20:30"
"	69BA0CDE","	Chamber1","	1","	B01??(?)","	21.6","	2026-07-24 16:20:30"
"	69BA0CDE","	Chamber1","	1","	B01??(%RH)","	81.8","	2026-07-24 16:20:27"
"	69BA0CDE","	Chamber1","	1","	B01??(?)","	21.6","	2026-07-24 16:20:27"
"	69BA0CDE","	Chamber1","	1","	B01??(%RH)","	81.7","	2026-07-24 16:20:25"
"	69BA0CDE","	Chamber1","	1","	B01??(?)","	21.6","	2026-07-24 16:20:25"
"	69BA0CDE","	Chamber1","	1","	B01??(%RH)","	81.7","	2026-07-24 16:20:23"
"	69BA0CDE","	Chamber1","	1","	B01??(?)","	21.6","	2026-07-24 16:20:23"
"	69BA0CDE","	Chamber1","	1","	B01??(%RH)","	81.7","	2026-07-24 16:20:21"
"	69BA0CDE","	Chamber1","	1","	B01??(?)","	21.6","	2026-07-24 16:20:21"
"	69BA0CDE","	Chamber1","	1","	B01??(%RH)","	81.7","	2026-07-24 16:20:19"
"	69BA0CDE","	Chamber1","	1","	B01??(?)","	21.6","	2026-07-24 16:20:19"
"	69BA0CDE","	Chamber1","	1","	B01??(%RH)","	81.8","	2026-07-24 16:20:17"
"	69BA0CDE","	Chamber1","	1","	B01??(?)","	21.6","	2026-07-24 16:20:17"
"	69BA0CDE","	Chamber1","	1","	B01??(%RH)","	81.7","	2026-07-24 16:20:15"
"	69BA0CDE","	Chamber1","	1","	B01??(?)","	21.6","	2026-07-24 16:20:15"
"	69BA0CDE","	Chamber1","	1","	B01??(%RH)","	81.5","	2026-07-24 16:20:13"
"	69BA0CDE","	Chamber1","	1","	B01??(?)","	21.6","	2026-07-24 16:20:13"
"	69BA0CDE","	Chamber1","	1","	B01??(%RH)","	81.3","	2026-07-24 16:20:11"
"	69BA0CDE","	Chamber1","	1","	B01??(?)","	21.6","	2026-07-24 16:20:11"
"	69BA0CDE","	Chamber1","	1","	B01??(%RH)","	81.3","	2026-07-24 16:20:09"
"	69BA0CDE","	Chamber1","	1","	B01??(?)","	21.6","	2026-07-24 16:20:09"
"	69BA0CDE","	Chamber1","	1","	B01??(%RH)","	81.3","	2026-07-24 16:20:07"
"	69BA0CDE","	Chamber1","	1","	B01??(?)","	21.6","	2026-07-24 16:20:07"
"	69BA0CDE","	Chamber1","	1","	B01??(%RH)","	81.3","	2026-07-24 16:20:05"
"	69BA0CDE","	Chamber1","	1","	B01??(?)","	21.6","	2026-07-24 16:20:05"
"	69BA0CDE","	Chamber1","	1","	B01??(%RH)","	81.3","	2026-07-24 16:20:03"
"	69BA0CDE","	Chamber1","	1","	B01??(?)","	21.6","	2026-07-24 16:20:03"
"	69BA0CDE","	Chamber1","	1","	B01??(%RH)","	81.4","	2026-07-24 16:20:01"
"	69BA0CDE","	Chamber1","	1","	B01??(?)","	21.6","	2026-07-24 16:20:01"
"	69BA0CDE","	Chamber1","	1","	B01??(%RH)","	81.6","	2026-07-24 16:19:59"
"	69BA0CDE","	Chamber1","	1","	B01??(?)","	21.6","	2026-07-24 16:19:59"
"	69BA0CDE","	Chamber1","	1","	B01??(%RH)","	81.7","	2026-07-24 16:19:57"
"	69BA0CDE","	Chamber1","	1","	B01??(?)","	21.6","	2026-07-24 16:19:57"
"	69BA0CDE","	Chamber1","	1","	B01??(%RH)","	81.7","	2026-07-24 16:19:55"
"	69BA0CDE","	Chamber1","	1","	B01??(?)","	21.6","	2026-07-24 16:19:55"
"	69BA0CDE","	Chamber1","	1","	B01??(%RH)","	81.5","	2026-07-24 16:19:53"
"	69BA0CDE","	Chamber1","	1","	B01??(?)","	21.6","	2026-07-24 16:19:53"
"	69BA0CDE","	Chamber1","	1","	B01??(%RH)","	81.3","	2026-07-24 16:19:51"
"	69BA0CDE","	Chamber1","	1","	B01??(?)","	21.6","	2026-07-24 16:19:51"
"	69BA0CDE","	Chamber1","	1","	B01??(%RH)","	81.2","	2026-07-24 16:19:49"
"	69BA0CDE","	Chamber1","	1","	B01??(?)","	21.6","	2026-07-24 16:19:49"
"	69BA0CDE","	Chamber1","	1","	B01??(%RH)","	81.3","	2026-07-24 16:19:47"
"	69BA0CDE","	Chamber1","	1","	B01??(?)","	21.6","	2026-07-24 16:19:47"
"	69BA0CDE","	Chamber1","	1","	B01??(%RH)","	81.7","	2026-07-24 16:19:44"
"	69BA0CDE","	Chamber1","	1","	B01??(?)","	21.6","	2026-07-24 16:19:44"
"	69BA0CDE","	Chamber1","	1","	B01??(%RH)","	81.7","	2026-07-24 16:19:42"
"	69BA0CDE","	Chamber1","	1","	B01??(?)","	21.6","	2026-07-24 16:19:42"
"	69BA0CDE","	Chamber1","	1","	B01??(%RH)","	81.7","	2026-07-24 16:19:40"
"	69BA0CDE","	Chamber1","	1","	B01??(?)","	21.6","	2026-07-24 16:19:40"
"	69BA0CDE","	Chamber1","	1","	B01??(%RH)","	81.6","	2026-07-24 16:19:38"
"	69BA0CDE","	Chamber1","	1","	B01??(?)","	21.6","	2026-07-24 16:19:38"
"	69BA0CDE","	Chamber1","	1","	B01??(%RH)","	81.6","	2026-07-24 16:19:36"
"	69BA0CDE","	Chamber1","	1","	B01??(?)","	21.6","	2026-07-24 16:19:36"
"	69BA0CDE","	Chamber1","	1","	B01??(%RH)","	81.5","	2026-07-24 16:19:34"
"	69BA0CDE","	Chamber1","	1","	B01??(?)","	21.6","	2026-07-24 16:19:34"
"	69BA0CDE","	Chamber1","	1","	B01??(%RH)","	81.5","	2026-07-24 16:19:32"
"	69BA0CDE","	Chamber1","	1","	B01??(?)","	21.6","	2026-07-24 16:19:32"
"	69BA0CDE","	Chamber1","	1","	B01??(%RH)","	81.4","	2026-07-24 16:19:30"
"	69BA0CDE","	Chamber1","	1","	B01??(?)","	21.6","	2026-07-24 16:19:30"
"	69BA0CDE","	Chamber1","	1","	B01??(%RH)","	81.2","	2026-07-24 16:19:28"
"	69BA0CDE","	Chamber1","	1","	B01??(?)","	21.6","	2026-07-24 16:19:28"
"	69BA0CDE","	Chamber1","	1","	B01??(%RH)","	81.1","	2026-07-24 16:19:26"
"	69BA0CDE","	Chamber1","	1","	B01??(?)","	21.6","	2026-07-24 16:19:26"
"	69BA0CDE","	Chamber1","	1","	B01??(%RH)","	81.1","	2026-07-24 16:19:24"
"	69BA0CDE","	Chamber1","	1","	B01??(?)","	21.6","	2026-07-24 16:19:24"
"	69BA0CDE","	Chamber1","	1","	B01??(%RH)","	81","	2026-07-24 16:19:22"
"	69BA0CDE","	Chamber1","	1","	B01??(?)","	21.6","	2026-07-24 16:19:22"
"	69BA0CDE","	Chamber1","	1","	B01??(%RH)","	81","	2026-07-24 16:19:20"
"	69BA0CDE","	Chamber1","	1","	B01??(?)","	21.6","	2026-07-24 16:19:20"
"	69BA0CDE","	Chamber1","	1","	B01??(%RH)","	81.1","	2026-07-24 16:19:18"
"	69BA0CDE","	Chamber1","	1","	B01??(?)","	21.6","	2026-07-24 16:19:18"
"	69BA0CDE","	Chamber1","	1","	B01??(%RH)","	81.3","	2026-07-24 16:19:16"
"	69BA0CDE","	Chamber1","	1","	B01??(?)","	21.6","	2026-07-24 16:19:16"
"	69BA0CDE","	Chamber1","	1","	B01??(%RH)","	81.2","	2026-07-24 16:19:14"
"	69BA0CDE","	Chamber1","	1","	B01??(?)","	21.6","	2026-07-24 16:19:14"
"	69BA0CDE","	Chamber1","	1","	B01??(%RH)","	81.2","	2026-07-24 16:19:12"
"	69BA0CDE","	Chamber1","	1","	B01??(?)","	21.6","	2026-07-24 16:19:12"
"	69BA0CDE","	Chamber1","	1","	B01??(%RH)","	81.2","	2026-07-24 16:19:10"
"	69BA0CDE","	Chamber1","	1","	B01??(?)","	21.6","	2026-07-24 16:19:10"
"	69BA0CDE","	Chamber1","	1","	B01??(%RH)","	81","	2026-07-24 16:19:08"
"	69BA0CDE","	Chamber1","	1","	B01??(?)","	21.6","	2026-07-24 16:19:08"
"	69BA0CDE","	Chamber1","	1","	B01??(%RH)","	80.9","	2026-07-24 16:19:06"
"	69BA0CDE","	Chamber1","	1","	B01??(?)","	21.6","	2026-07-24 16:19:06"
"	69BA0CDE","	Chamber1","	1","	B01??(%RH)","	80.7","	2026-07-24 16:19:04"
"	69BA0CDE","	Chamber1","	1","	B01??(?)","	21.6","	2026-07-24 16:19:04"
"	69BA0CDE","	Chamber1","	1","	B01??(%RH)","	80.6","	2026-07-24 16:19:01"
"	69BA0CDE","	Chamber1","	1","	B01??(?)","	21.6","	2026-07-24 16:19:01"
"	69BA0CDE","	Chamber1","	1","	B01??(%RH)","	80.3","	2026-07-24 16:18:59"
"	69BA0CDE","	Chamber1","	1","	B01??(?)","	21.6","	2026-07-24 16:18:59"
"	69BA0CDE","	Chamber1","	1","	B01??(%RH)","	80.3","	2026-07-24 16:18:57"
"	69BA0CDE","	Chamber1","	1","	B01??(?)","	21.6","	2026-07-24 16:18:57"
"	69BA0CDE","	Chamber1","	1","	B01??(%RH)","	80.3","	2026-07-24 16:18:55"
"	69BA0CDE","	Chamber1","	1","	B01??(?)","	21.6","	2026-07-24 16:18:55"
"	69BA0CDE","	Chamber1","	1","	B01??(%RH)","	80.2","	2026-07-24 16:18:53"
"	69BA0CDE","	Chamber1","	1","	B01??(?)","	21.6","	2026-07-24 16:18:53"
"	69BA0CDE","	Chamber1","	1","	B01??(%RH)","	80.1","	2026-07-24 16:18:51"
"	69BA0CDE","	Chamber1","	1","	B01??(?)","	21.6","	2026-07-24 16:18:51"
"	69BA0CDE","	Chamber1","	1","	B01??(%RH)","	80","	2026-07-24 16:18:49"
"	69BA0CDE","	Chamber1","	1","	B01??(?)","	21.6","	2026-07-24 16:18:49"
"	69BA0CDE","	Chamber1","	1","	B01??(%RH)","	80","	2026-07-24 16:18:47"
"	69BA0CDE","	Chamber1","	1","	B01??(?)","	21.5","	2026-07-24 16:18:47"
"	69BA0CDE","	Chamber1","	1","	B01??(%RH)","	80.1","	2026-07-24 16:18:45"
"	69BA0CDE","	Chamber1","	1","	B01??(?)","	21.5","	2026-07-24 16:18:45"
"	69BA0CDE","	Chamber1","	1","	B01??(%RH)","	80","	2026-07-24 16:18:43"
"	69BA0CDE","	Chamber1","	1","	B01??(?)","	21.5","	2026-07-24 16:18:43"
"	69BA0CDE","	Chamber1","	1","	B01??(%RH)","	79.9","	2026-07-24 16:18:41"
"	69BA0CDE","	Chamber1","	1","	B01??(?)","	21.6","	2026-07-24 16:18:41"
"	69BA0CDE","	Chamber1","	1","	B01??(%RH)","	79.8","	2026-07-24 16:18:39"
"	69BA0CDE","	Chamber1","	1","	B01??(?)","	21.6","	2026-07-24 16:18:39"
"	69BA0CDE","	Chamber1","	1","	B01??(%RH)","	79.6","	2026-07-24 16:18:37"
"	69BA0CDE","	Chamber1","	1","	B01??(?)","	21.6","	2026-07-24 16:18:37"
"	69BA0CDE","	Chamber1","	1","	B01??(%RH)","	79.4","	2026-07-24 16:18:35"
"	69BA0CDE","	Chamber1","	1","	B01??(?)","	21.6","	2026-07-24 16:18:35"
"	69BA0CDE","	Chamber1","	1","	B01??(%RH)","	79.3","	2026-07-24 16:18:33"
"	69BA0CDE","	Chamber1","	1","	B01??(?)","	21.6","	2026-07-24 16:18:33"
"	69BA0CDE","	Chamber1","	1","	B01??(%RH)","	79.2","	2026-07-24 16:18:31"
"	69BA0CDE","	Chamber1","	1","	B01??(?)","	21.6","	2026-07-24 16:18:31"
"	69BA0CDE","	Chamber1","	1","	B01??(%RH)","	79","	2026-07-24 16:18:29"
"	69BA0CDE","	Chamber1","	1","	B01??(?)","	21.6","	2026-07-24 16:18:29"
"	69BA0CDE","	Chamber1","	1","	B01??(%RH)","	78.9","	2026-07-24 16:18:27"
"	69BA0CDE","	Chamber1","	1","	B01??(?)","	21.6","	2026-07-24 16:18:27"
"	69BA0CDE","	Chamber1","	1","	B01??(%RH)","	78.9","	2026-07-24 16:18:25"
"	69BA0CDE","	Chamber1","	1","	B01??(?)","	21.6","	2026-07-24 16:18:25"
"	69BA0CDE","	Chamber1","	1","	B01??(%RH)","	78.9","	2026-07-24 16:18:23"
"	69BA0CDE","	Chamber1","	1","	B01??(?)","	21.6","	2026-07-24 16:18:23"
"	69BA0CDE","	Chamber1","	1","	B01??(%RH)","	78.9","	2026-07-24 16:18:21"
"	69BA0CDE","	Chamber1","	1","	B01??(?)","	21.6","	2026-07-24 16:18:21"
"	69BA0CDE","	Chamber1","	1","	B01??(%RH)","	79","	2026-07-24 16:18:19"
"	69BA0CDE","	Chamber1","	1","	B01??(?)","	21.6","	2026-07-24 16:18:19"
"	69BA0CDE","	Chamber1","	1","	B01??(%RH)","	79","	2026-07-24 16:18:16"
"	69BA0CDE","	Chamber1","	1","	B01??(?)","	21.5","	2026-07-24 16:18:16"
"	69BA0CDE","	Chamber1","	1","	B01??(%RH)","	78.9","	2026-07-24 16:18:14"
"	69BA0CDE","	Chamber1","	1","	B01??(?)","	21.6","	2026-07-24 16:18:14"
"	69BA0CDE","	Chamber1","	1","	B01??(%RH)","	78.7","	2026-07-24 16:18:12"
"	69BA0CDE","	Chamber1","	1","	B01??(?)","	21.6","	2026-07-24 16:18:12"
"	69BA0CDE","	Chamber1","	1","	B01??(%RH)","	78.7","	2026-07-24 16:18:10"
"	69BA0CDE","	Chamber1","	1","	B01??(?)","	21.6","	2026-07-24 16:18:10"
"	69BA0CDE","	Chamber1","	1","	B01??(%RH)","	78.8","	2026-07-24 16:18:08"
"	69BA0CDE","	Chamber1","	1","	B01??(?)","	21.6","	2026-07-24 16:18:08"
"	69BA0CDE","	Chamber1","	1","	B01??(%RH)","	78.8","	2026-07-24 16:18:06"
"	69BA0CDE","	Chamber1","	1","	B01??(?)","	21.6","	2026-07-24 16:18:06"
"	69BA0CDE","	Chamber1","	1","	B01??(%RH)","	78.7","	2026-07-24 16:18:04"
"	69BA0CDE","	Chamber1","	1","	B01??(?)","	21.6","	2026-07-24 16:18:04"
"	69BA0CDE","	Chamber1","	1","	B01??(%RH)","	78.6","	2026-07-24 16:18:02"
"	69BA0CDE","	Chamber1","	1","	B01??(?)","	21.5","	2026-07-24 16:18:02"
"	69BA0CDE","	Chamber1","	1","	B01??(%RH)","	78.5","	2026-07-24 16:18:00"
"	69BA0CDE","	Chamber1","	1","	B01??(?)","	21.6","	2026-07-24 16:18:00"
"	69BA0CDE","	Chamber1","	1","	B01??(%RH)","	78.6","	2026-07-24 16:17:58"
"	69BA0CDE","	Chamber1","	1","	B01??(?)","	21.6","	2026-07-24 16:17:58"
"	69BA0CDE","	Chamber1","	1","	B01??(%RH)","	78.9","	2026-07-24 16:17:56"
"	69BA0CDE","	Chamber1","	1","	B01??(?)","	21.6","	2026-07-24 16:17:56"
"	69BA0CDE","	Chamber1","	1","	B01??(%RH)","	79.1","	2026-07-24 16:17:54"
"	69BA0CDE","	Chamber1","	1","	B01??(?)","	21.6","	2026-07-24 16:17:54"
"	69BA0CDE","	Chamber1","	1","	B01??(%RH)","	79.4","	2026-07-24 16:17:52"
"	69BA0CDE","	Chamber1","	1","	B01??(?)","	21.6","	2026-07-24 16:17:52"
"	69BA0CDE","	Chamber1","	1","	B01??(%RH)","	79.7","	2026-07-24 16:17:50"
"	69BA0CDE","	Chamber1","	1","	B01??(?)","	21.6","	2026-07-24 16:17:50"
"	69BA0CDE","	Chamber1","	1","	B01??(%RH)","	79.8","	2026-07-24 16:17:48"
"	69BA0CDE","	Chamber1","	1","	B01??(?)","	21.6","	2026-07-24 16:17:48"
"	69BA0CDE","	Chamber1","	1","	B01??(%RH)","	80","	2026-07-24 16:17:46"
"	69BA0CDE","	Chamber1","	1","	B01??(?)","	21.6","	2026-07-24 16:17:46"
"	69BA0CDE","	Chamber1","	1","	B01??(%RH)","	80.1","	2026-07-24 16:17:44"
"	69BA0CDE","	Chamber1","	1","	B01??(?)","	21.6","	2026-07-24 16:17:44"
"	69BA0CDE","	Chamber1","	1","	B01??(%RH)","	80.1","	2026-07-24 16:17:42"
"	69BA0CDE","	Chamber1","	1","	B01??(?)","	21.6","	2026-07-24 16:17:42"
"	69BA0CDE","	Chamber1","	1","	B01??(%RH)","	80.3","	2026-07-24 16:17:40"
"	69BA0CDE","	Chamber1","	1","	B01??(?)","	21.6","	2026-07-24 16:17:40"
"	69BA0CDE","	Chamber1","	1","	B01??(%RH)","	80.5","	2026-07-24 16:17:38"
"	69BA0CDE","	Chamber1","	1","	B01??(?)","	21.6","	2026-07-24 16:17:38"
"	69BA0CDE","	Chamber1","	1","	B01??(%RH)","	80.8","	2026-07-24 16:17:36"
"	69BA0CDE","	Chamber1","	1","	B01??(?)","	21.6","	2026-07-24 16:17:36"
"	69BA0CDE","	Chamber1","	1","	B01??(%RH)","	81.2","	2026-07-24 16:17:34"
"	69BA0CDE","	Chamber1","	1","	B01??(?)","	21.6","	2026-07-24 16:17:34"
"	69BA0CDE","	Chamber1","	1","	B01??(%RH)","	81.2","	2026-07-24 16:17:31"
"	69BA0CDE","	Chamber1","	1","	B01??(?)","	21.6","	2026-07-24 16:17:31"
"	69BA0CDE","	Chamber1","	1","	B01??(%RH)","	81.2","	2026-07-24 16:17:29"
"	69BA0CDE","	Chamber1","	1","	B01??(?)","	21.6","	2026-07-24 16:17:29"
"	69BA0CDE","	Chamber1","	1","	B01??(%RH)","	81.6","	2026-07-24 16:17:27"
"	69BA0CDE","	Chamber1","	1","	B01??(?)","	21.6","	2026-07-24 16:17:27"
"	69BA0CDE","	Chamber1","	1","	B01??(%RH)","	82.1","	2026-07-24 16:17:25"
"	69BA0CDE","	Chamber1","	1","	B01??(?)","	21.6","	2026-07-24 16:17:25"
"	69BA0CDE","	Chamber1","	1","	B01??(%RH)","	82.4","	2026-07-24 16:17:23"
"	69BA0CDE","	Chamber1","	1","	B01??(?)","	21.6","	2026-07-24 16:17:23"
"	69BA0CDE","	Chamber1","	1","	B01??(%RH)","	82.5","	2026-07-24 16:17:21"
"	69BA0CDE","	Chamber1","	1","	B01??(?)","	21.6","	2026-07-24 16:17:21"
"	69BA0CDE","	Chamber1","	1","	B01??(%RH)","	82.5","	2026-07-24 16:17:19"
"	69BA0CDE","	Chamber1","	1","	B01??(?)","	21.6","	2026-07-24 16:17:19"
"	69BA0CDE","	Chamber1","	1","	B01??(%RH)","	82.4","	2026-07-24 16:17:17"
"	69BA0CDE","	Chamber1","	1","	B01??(?)","	21.6","	2026-07-24 16:17:17"
"	69BA0CDE","	Chamber1","	1","	B01??(%RH)","	82.3","	2026-07-24 16:17:15"
"	69BA0CDE","	Chamber1","	1","	B01??(?)","	21.6","	2026-07-24 16:17:15"
"	69BA0CDE","	Chamber1","	1","	B01??(%RH)","	82.1","	2026-07-24 16:17:13"
"	69BA0CDE","	Chamber1","	1","	B01??(?)","	21.6","	2026-07-24 16:17:13"
"	69BA0CDE","	Chamber1","	1","	B01??(%RH)","	81.9","	2026-07-24 16:17:11"
"	69BA0CDE","	Chamber1","	1","	B01??(?)","	21.6","	2026-07-24 16:17:11"
"	69BA0CDE","	Chamber1","	1","	B01??(%RH)","	81.6","	2026-07-24 16:17:09"
"	69BA0CDE","	Chamber1","	1","	B01??(?)","	21.6","	2026-07-24 16:17:09"
"	69BA0CDE","	Chamber1","	1","	B01??(%RH)","	81.3","	2026-07-24 16:17:07"
"	69BA0CDE","	Chamber1","	1","	B01??(?)","	21.5","	2026-07-24 16:17:07"
"	69BA0CDE","	Chamber1","	1","	B01??(%RH)","	81","	2026-07-24 16:17:05"
"	69BA0CDE","	Chamber1","	1","	B01??(?)","	21.6","	2026-07-24 16:17:05"
"	69BA0CDE","	Chamber1","	1","	B01??(%RH)","	80.9","	2026-07-24 16:17:03"
"	69BA0CDE","	Chamber1","	1","	B01??(?)","	21.6","	2026-07-24 16:17:03"
"	69BA0CDE","	Chamber1","	1","	B01??(%RH)","	80.6","	2026-07-24 16:17:01"
"	69BA0CDE","	Chamber1","	1","	B01??(?)","	21.6","	2026-07-24 16:17:01"
"	69BA0CDE","	Chamber1","	1","	B01??(%RH)","	80.5","	2026-07-24 16:16:59"
"	69BA0CDE","	Chamber1","	1","	B01??(?)","	21.5","	2026-07-24 16:16:59"
"	69BA0CDE","	Chamber1","	1","	B01??(%RH)","	80.5","	2026-07-24 16:16:57"
"	69BA0CDE","	Chamber1","	1","	B01??(?)","	21.5","	2026-07-24 16:16:57"
"	69BA0CDE","	Chamber1","	1","	B01??(%RH)","	80.5","	2026-07-24 16:16:55"
"	69BA0CDE","	Chamber1","	1","	B01??(?)","	21.6","	2026-07-24 16:16:55"
"	69BA0CDE","	Chamber1","	1","	B01??(%RH)","	80.4","	2026-07-24 16:16:53"
"	69BA0CDE","	Chamber1","	1","	B01??(?)","	21.5","	2026-07-24 16:16:53"
"	69BA0CDE","	Chamber1","	1","	B01??(%RH)","	80.4","	2026-07-24 16:16:50"
"	69BA0CDE","	Chamber1","	1","	B01??(?)","	21.5","	2026-07-24 16:16:50"
"	69BA0CDE","	Chamber1","	1","	B01??(%RH)","	80.8","	2026-07-24 16:16:48"
"	69BA0CDE","	Chamber1","	1","	B01??(?)","	21.5","	2026-07-24 16:16:48"
"	69BA0CDE","	Chamber1","	1","	B01??(%RH)","	81.3","	2026-07-24 16:16:46"
"	69BA0CDE","	Chamber1","	1","	B01??(?)","	21.5","	2026-07-24 16:16:46"
"	69BA0CDE","	Chamber1","	1","	B01??(%RH)","	81.7","	2026-07-24 16:16:44"
"	69BA0CDE","	Chamber1","	1","	B01??(?)","	21.5","	2026-07-24 16:16:44"
"	69BA0CDE","	Chamber1","	1","	B01??(%RH)","	81.8","	2026-07-24 16:16:42"
"	69BA0CDE","	Chamber1","	1","	B01??(?)","	21.5","	2026-07-24 16:16:42"
"	69BA0CDE","	Chamber1","	1","	B01??(%RH)","	81.8","	2026-07-24 16:16:40"
"	69BA0CDE","	Chamber1","	1","	B01??(?)","	21.5","	2026-07-24 16:16:40"
"	69BA0CDE","	Chamber1","	1","	B01??(%RH)","	81.9","	2026-07-24 16:16:38"
"	69BA0CDE","	Chamber1","	1","	B01??(?)","	21.5","	2026-07-24 16:16:38"
"	69BA0CDE","	Chamber1","	1","	B01??(%RH)","	82","	2026-07-24 16:16:36"
"	69BA0CDE","	Chamber1","	1","	B01??(?)","	21.5","	2026-07-24 16:16:36"
"	69BA0CDE","	Chamber1","	1","	B01??(%RH)","	82.2","	2026-07-24 16:16:34"
"	69BA0CDE","	Chamber1","	1","	B01??(?)","	21.5","	2026-07-24 16:16:34"
"	69BA0CDE","	Chamber1","	1","	B01??(%RH)","	82.3","	2026-07-24 16:16:32"
"	69BA0CDE","	Chamber1","	1","	B01??(?)","	21.5","	2026-07-24 16:16:32"
"	69BA0CDE","	Chamber1","	1","	B01??(%RH)","	82.3","	2026-07-24 16:16:30"
"	69BA0CDE","	Chamber1","	1","	B01??(?)","	21.5","	2026-07-24 16:16:30"
"	69BA0CDE","	Chamber1","	1","	B01??(%RH)","	82.1","	2026-07-24 16:16:28"
"	69BA0CDE","	Chamber1","	1","	B01??(?)","	21.5","	2026-07-24 16:16:28"
"	69BA0CDE","	Chamber1","	1","	B01??(%RH)","	81.9","	2026-07-24 16:16:26"
"	69BA0CDE","	Chamber1","	1","	B01??(?)","	21.5","	2026-07-24 16:16:26"
"	69BA0CDE","	Chamber1","	1","	B01??(%RH)","	81.6","	2026-07-24 16:16:24"
"	69BA0CDE","	Chamber1","	1","	B01??(?)","	21.5","	2026-07-24 16:16:24"
"	69BA0CDE","	Chamber1","	1","	B01??(%RH)","	81.4","	2026-07-24 16:16:22"
"	69BA0CDE","	Chamber1","	1","	B01??(?)","	21.5","	2026-07-24 16:16:22"
"	69BA0CDE","	Chamber1","	1","	B01??(%RH)","	81.1","	2026-07-24 16:16:20"
"	69BA0CDE","	Chamber1","	1","	B01??(?)","	21.5","	2026-07-24 16:16:20"
"	69BA0CDE","	Chamber1","	1","	B01??(%RH)","	80.8","	2026-07-24 16:16:18"
"	69BA0CDE","	Chamber1","	1","	B01??(?)","	21.5","	2026-07-24 16:16:18"
"	69BA0CDE","	Chamber1","	1","	B01??(%RH)","	80.7","	2026-07-24 16:16:16"
"	69BA0CDE","	Chamber1","	1","	B01??(?)","	21.5","	2026-07-24 16:16:16"
"	69BA0CDE","	Chamber1","	1","	B01??(%RH)","	80.6","	2026-07-24 16:16:14"
"	69BA0CDE","	Chamber1","	1","	B01??(?)","	21.5","	2026-07-24 16:16:14"
"	69BA0CDE","	Chamber1","	1","	B01??(%RH)","	80.4","	2026-07-24 16:16:12"
"	69BA0CDE","	Chamber1","	1","	B01??(?)","	21.5","	2026-07-24 16:16:12"
"	69BA0CDE","	Chamber1","	1","	B01??(%RH)","	80.2","	2026-07-24 16:16:10"
"	69BA0CDE","	Chamber1","	1","	B01??(?)","	21.5","	2026-07-24 16:16:10"
"	69BA0CDE","	Chamber1","	1","	B01??(%RH)","	80.2","	2026-07-24 16:16:08"
"	69BA0CDE","	Chamber1","	1","	B01??(?)","	21.5","	2026-07-24 16:16:08"
"	69BA0CDE","	Chamber1","	1","	B01??(%RH)","	80.2","	2026-07-24 16:16:05"
"	69BA0CDE","	Chamber1","	1","	B01??(?)","	21.5","	2026-07-24 16:16:05"
"	69BA0CDE","	Chamber1","	1","	B01??(%RH)","	80.2","	2026-07-24 16:16:03"
"	69BA0CDE","	Chamber1","	1","	B01??(?)","	21.5","	2026-07-24 16:16:03"
"	69BA0CDE","	Chamber1","	1","	B01??(?)","	21.5","	2026-07-24 16:16:01"
"	69BA0CDE","	Chamber1","	1","	B01??(%RH)","	80.2","	2026-07-24 16:16:01"
"	69BA0CDE","	Chamber1","	1","	B01??(%RH)","	80.3","	2026-07-24 16:15:59"
"	69BA0CDE","	Chamber1","	1","	B01??(?)","	21.5","	2026-07-24 16:15:59"
"	69BA0CDE","	Chamber1","	1","	B01??(%RH)","	80.4","	2026-07-24 16:15:57"
"	69BA0CDE","	Chamber1","	1","	B01??(?)","	21.5","	2026-07-24 16:15:57"
"	69BA0CDE","	Chamber1","	1","	B01??(%RH)","	80.4","	2026-07-24 16:15:55"
"	69BA0CDE","	Chamber1","	1","	B01??(?)","	21.4","	2026-07-24 16:15:55"
"	69BA0CDE","	Chamber1","	1","	B01??(%RH)","	80.5","	2026-07-24 16:15:53"
"	69BA0CDE","	Chamber1","	1","	B01??(?)","	21.4","	2026-07-24 16:15:53"
"	69BA0CDE","	Chamber1","	1","	B01??(%RH)","	80.6","	2026-07-24 16:15:51"
"	69BA0CDE","	Chamber1","	1","	B01??(?)","	21.5","	2026-07-24 16:15:51"
"	69BA0CDE","	Chamber1","	1","	B01??(%RH)","	80.6","	2026-07-24 16:15:49"
"	69BA0CDE","	Chamber1","	1","	B01??(?)","	21.5","	2026-07-24 16:15:49"
"	69BA0CDE","	Chamber1","	1","	B01??(%RH)","	80.7","	2026-07-24 16:15:47"
"	69BA0CDE","	Chamber1","	1","	B01??(?)","	21.4","	2026-07-24 16:15:47"
"	69BA0CDE","	Chamber1","	1","	B01??(%RH)","	80.7","	2026-07-24 16:15:45"
"	69BA0CDE","	Chamber1","	1","	B01??(?)","	21.4","	2026-07-24 16:15:45"
"	69BA0CDE","	Chamber1","	1","	B01??(%RH)","	80.8","	2026-07-24 16:15:43"
"	69BA0CDE","	Chamber1","	1","	B01??(?)","	21.5","	2026-07-24 16:15:43"
"	69BA0CDE","	Chamber1","	1","	B01??(%RH)","	80.7","	2026-07-24 16:15:41"
"	69BA0CDE","	Chamber1","	1","	B01??(?)","	21.4","	2026-07-24 16:15:41"
"	69BA0CDE","	Chamber1","	1","	B01??(%RH)","	80.8","	2026-07-24 16:15:39"
"	69BA0CDE","	Chamber1","	1","	B01??(?)","	21.5","	2026-07-24 16:15:39"
"	69BA0CDE","	Chamber1","	1","	B01??(%RH)","	80.7","	2026-07-24 16:15:37"
"	69BA0CDE","	Chamber1","	1","	B01??(?)","	21.4","	2026-07-24 16:15:37"
"	69BA0CDE","	Chamber1","	1","	B01??(%RH)","	80.7","	2026-07-24 16:15:35"
"	69BA0CDE","	Chamber1","	1","	B01??(?)","	21.4","	2026-07-24 16:15:35"
"	69BA0CDE","	Chamber1","	1","	B01??(%RH)","	80.6","	2026-07-24 16:15:33"
"	69BA0CDE","	Chamber1","	1","	B01??(?)","	21.4","	2026-07-24 16:15:33"
"	69BA0CDE","	Chamber1","	1","	B01??(%RH)","	80.6","	2026-07-24 16:15:31"
"	69BA0CDE","	Chamber1","	1","	B01??(?)","	21.4","	2026-07-24 16:15:31"
"	69BA0CDE","	Chamber1","	1","	B01??(%RH)","	80.8","	2026-07-24 16:15:29"
"	69BA0CDE","	Chamber1","	1","	B01??(?)","	21.4","	2026-07-24 16:15:29"
"	69BA0CDE","	Chamber1","	1","	B01??(%RH)","	80.9","	2026-07-24 16:15:27"
"	69BA0CDE","	Chamber1","	1","	B01??(?)","	21.4","	2026-07-24 16:15:27"
"	69BA0CDE","	Chamber1","	1","	B01??(%RH)","	81","	2026-07-24 16:15:25"
"	69BA0CDE","	Chamber1","	1","	B01??(?)","	21.4","	2026-07-24 16:15:25"
"	69BA0CDE","	Chamber1","	1","	B01??(%RH)","	80.9","	2026-07-24 16:15:22"
"	69BA0CDE","	Chamber1","	1","	B01??(?)","	21.4","	2026-07-24 16:15:22"
"	69BA0CDE","	Chamber1","	1","	B01??(%RH)","	80.9","	2026-07-24 16:15:20"
"	69BA0CDE","	Chamber1","	1","	B01??(?)","	21.4","	2026-07-24 16:15:20"
"	69BA0CDE","	Chamber1","	1","	B01??(%RH)","	81","	2026-07-24 16:15:18"
"	69BA0CDE","	Chamber1","	1","	B01??(?)","	21.4","	2026-07-24 16:15:18"
"	69BA0CDE","	Chamber1","	1","	B01??(%RH)","	81","	2026-07-24 16:15:16"
"	69BA0CDE","	Chamber1","	1","	B01??(?)","	21.4","	2026-07-24 16:15:16"
"	69BA0CDE","	Chamber1","	1","	B01??(%RH)","	80.8","	2026-07-24 16:15:14"
"	69BA0CDE","	Chamber1","	1","	B01??(?)","	21.4","	2026-07-24 16:15:14"
"	69BA0CDE","	Chamber1","	1","	B01??(%RH)","	80.8","	2026-07-24 16:15:12"
"	69BA0CDE","	Chamber1","	1","	B01??(?)","	21.4","	2026-07-24 16:15:12"
"	69BA0CDE","	Chamber1","	1","	B01??(%RH)","	80.8","	2026-07-24 16:15:10"
"	69BA0CDE","	Chamber1","	1","	B01??(?)","	21.4","	2026-07-24 16:15:10"
"	69BA0CDE","	Chamber1","	1","	B01??(%RH)","	80.8","	2026-07-24 16:15:08"
"	69BA0CDE","	Chamber1","	1","	B01??(?)","	21.4","	2026-07-24 16:15:08"
"	69BA0CDE","	Chamber1","	1","	B01??(%RH)","	80.7","	2026-07-24 16:15:06"
"	69BA0CDE","	Chamber1","	1","	B01??(?)","	21.4","	2026-07-24 16:15:06"
"	69BA0CDE","	Chamber1","	1","	B01??(%RH)","	80.5","	2026-07-24 16:15:04"
"	69BA0CDE","	Chamber1","	1","	B01??(?)","	21.4","	2026-07-24 16:15:04"
"	69BA0CDE","	Chamber1","	1","	B01??(%RH)","	80.3","	2026-07-24 16:15:02"
"	69BA0CDE","	Chamber1","	1","	B01??(?)","	21.4","	2026-07-24 16:15:02"
"	69BA0CDE","	Chamber1","	1","	B01??(%RH)","	80.1","	2026-07-24 16:15:00"
"	69BA0CDE","	Chamber1","	1","	B01??(?)","	21.4","	2026-07-24 16:15:00"
"	69BA0CDE","	Chamber1","	1","	B01??(%RH)","	80","	2026-07-24 16:14:58"
"	69BA0CDE","	Chamber1","	1","	B01??(?)","	21.4","	2026-07-24 16:14:58"
"	69BA0CDE","	Chamber1","	1","	B01??(%RH)","	80","	2026-07-24 16:14:56"
"	69BA0CDE","	Chamber1","	1","	B01??(?)","	21.4","	2026-07-24 16:14:56"
"	69BA0CDE","	Chamber1","	1","	B01??(%RH)","	80.2","	2026-07-24 16:14:54"
"	69BA0CDE","	Chamber1","	1","	B01??(?)","	21.4","	2026-07-24 16:14:54"
"	69BA0CDE","	Chamber1","	1","	B01??(%RH)","	80.2","	2026-07-24 16:14:52"
"	69BA0CDE","	Chamber1","	1","	B01??(?)","	21.4","	2026-07-24 16:14:52"
"	69BA0CDE","	Chamber1","	1","	B01??(%RH)","	80.3","	2026-07-24 16:14:50"
"	69BA0CDE","	Chamber1","	1","	B01??(?)","	21.4","	2026-07-24 16:14:50"
"	69BA0CDE","	Chamber1","	1","	B01??(%RH)","	80.4","	2026-07-24 16:14:48"
"	69BA0CDE","	Chamber1","	1","	B01??(?)","	21.4","	2026-07-24 16:14:48"
"	69BA0CDE","	Chamber1","	1","	B01??(%RH)","	80.4","	2026-07-24 16:14:46"
"	69BA0CDE","	Chamber1","	1","	B01??(?)","	21.4","	2026-07-24 16:14:46"
"	69BA0CDE","	Chamber1","	1","	B01??(%RH)","	80.4","	2026-07-24 16:14:44"
"	69BA0CDE","	Chamber1","	1","	B01??(?)","	21.4","	2026-07-24 16:14:44"
"	69BA0CDE","	Chamber1","	1","	B01??(%RH)","	80.1","	2026-07-24 16:14:42"
"	69BA0CDE","	Chamber1","	1","	B01??(?)","	21.4","	2026-07-24 16:14:42"
"	69BA0CDE","	Chamber1","	1","	B01??(%RH)","	79.8","	2026-07-24 16:14:40"
"	69BA0CDE","	Chamber1","	1","	B01??(?)","	21.4","	2026-07-24 16:14:40"
"	69BA0CDE","	Chamber1","	1","	B01??(%RH)","	79.5","	2026-07-24 16:14:37"
"	69BA0CDE","	Chamber1","	1","	B01??(?)","	21.4","	2026-07-24 16:14:37"
"	69BA0CDE","	Chamber1","	1","	B01??(%RH)","	79.1","	2026-07-24 16:14:35"
"	69BA0CDE","	Chamber1","	1","	B01??(?)","	21.4","	2026-07-24 16:14:35"
"	69BA0CDE","	Chamber1","	1","	B01??(%RH)","	78.9","	2026-07-24 16:14:33"
"	69BA0CDE","	Chamber1","	1","	B01??(?)","	21.4","	2026-07-24 16:14:33"
"	69BA0CDE","	Chamber1","	1","	B01??(%RH)","	78.7","	2026-07-24 16:14:31"
"	69BA0CDE","	Chamber1","	1","	B01??(?)","	21.4","	2026-07-24 16:14:31"
"	69BA0CDE","	Chamber1","	1","	B01??(%RH)","	78.5","	2026-07-24 16:14:29"
"	69BA0CDE","	Chamber1","	1","	B01??(?)","	21.4","	2026-07-24 16:14:29"
"	69BA0CDE","	Chamber1","	1","	B01??(%RH)","	78.5","	2026-07-24 16:14:27"
"	69BA0CDE","	Chamber1","	1","	B01??(?)","	21.4","	2026-07-24 16:14:27"
"	69BA0CDE","	Chamber1","	1","	B01??(%RH)","	78.6","	2026-07-24 16:14:25"
"	69BA0CDE","	Chamber1","	1","	B01??(?)","	21.4","	2026-07-24 16:14:25"
"	69BA0CDE","	Chamber1","	1","	B01??(%RH)","	78.7","	2026-07-24 16:14:23"
"	69BA0CDE","	Chamber1","	1","	B01??(?)","	21.4","	2026-07-24 16:14:23"
"	69BA0CDE","	Chamber1","	1","	B01??(%RH)","	78.8","	2026-07-24 16:14:21"
"	69BA0CDE","	Chamber1","	1","	B01??(?)","	21.4","	2026-07-24 16:14:21"
"	69BA0CDE","	Chamber1","	1","	B01??(%RH)","	79","	2026-07-24 16:14:19"
"	69BA0CDE","	Chamber1","	1","	B01??(?)","	21.4","	2026-07-24 16:14:19"
"	69BA0CDE","	Chamber1","	1","	B01??(%RH)","	79.1","	2026-07-24 16:14:17"
"	69BA0CDE","	Chamber1","	1","	B01??(?)","	21.4","	2026-07-24 16:14:17"
"	69BA0CDE","	Chamber1","	1","	B01??(%RH)","	79.2","	2026-07-24 16:14:15"
"	69BA0CDE","	Chamber1","	1","	B01??(?)","	21.4","	2026-07-24 16:14:15"
"	69BA0CDE","	Chamber1","	1","	B01??(%RH)","	79.1","	2026-07-24 16:14:13"
"	69BA0CDE","	Chamber1","	1","	B01??(?)","	21.4","	2026-07-24 16:14:13"
"	69BA0CDE","	Chamber1","	1","	B01??(%RH)","	79.1","	2026-07-24 16:14:11"
"	69BA0CDE","	Chamber1","	1","	B01??(?)","	21.4","	2026-07-24 16:14:11"
"	69BA0CDE","	Chamber1","	1","	B01??(%RH)","	79.1","	2026-07-24 16:14:09"
"	69BA0CDE","	Chamber1","	1","	B01??(?)","	21.4","	2026-07-24 16:14:09"
"	69BA0CDE","	Chamber1","	1","	B01??(%RH)","	79","	2026-07-24 16:14:07"
"	69BA0CDE","	Chamber1","	1","	B01??(?)","	21.4","	2026-07-24 16:14:07"
"	69BA0CDE","	Chamber1","	1","	B01??(%RH)","	78.8","	2026-07-24 16:14:05"
"	69BA0CDE","	Chamber1","	1","	B01??(?)","	21.4","	2026-07-24 16:14:05"
"	69BA0CDE","	Chamber1","	1","	B01??(%RH)","	78.9","	2026-07-24 16:14:03"
"	69BA0CDE","	Chamber1","	1","	B01??(?)","	21.4","	2026-07-24 16:14:03"
"	69BA0CDE","	Chamber1","	1","	B01??(%RH)","	79","	2026-07-24 16:14:01"
"	69BA0CDE","	Chamber1","	1","	B01??(?)","	21.4","	2026-07-24 16:14:01"
"	69BA0CDE","	Chamber1","	1","	B01??(%RH)","	78.9","	2026-07-24 16:13:59"
"	69BA0CDE","	Chamber1","	1","	B01??(?)","	21.4","	2026-07-24 16:13:59"
"	69BA0CDE","	Chamber1","	1","	B01??(%RH)","	78.9","	2026-07-24 16:13:57"
"	69BA0CDE","	Chamber1","	1","	B01??(?)","	21.4","	2026-07-24 16:13:57"
"	69BA0CDE","	Chamber1","	1","	B01??(%RH)","	78.9","	2026-07-24 16:13:54"
"	69BA0CDE","	Chamber1","	1","	B01??(?)","	21.4","	2026-07-24 16:13:54"
"	69BA0CDE","	Chamber1","	1","	B01??(%RH)","	79","	2026-07-24 16:13:52"
"	69BA0CDE","	Chamber1","	1","	B01??(?)","	21.4","	2026-07-24 16:13:52"
"	69BA0CDE","	Chamber1","	1","	B01??(%RH)","	79.1","	2026-07-24 16:13:50"
"	69BA0CDE","	Chamber1","	1","	B01??(?)","	21.4","	2026-07-24 16:13:50"
"	69BA0CDE","	Chamber1","	1","	B01??(%RH)","	79.2","	2026-07-24 16:13:48"
"	69BA0CDE","	Chamber1","	1","	B01??(?)","	21.4","	2026-07-24 16:13:48"
"	69BA0CDE","	Chamber1","	1","	B01??(%RH)","	79.3","	2026-07-24 16:13:46"
"	69BA0CDE","	Chamber1","	1","	B01??(?)","	21.4","	2026-07-24 16:13:46"
"	69BA0CDE","	Chamber1","	1","	B01??(%RH)","	79.4","	2026-07-24 16:13:44"
"	69BA0CDE","	Chamber1","	1","	B01??(?)","	21.4","	2026-07-24 16:13:44"
"	69BA0CDE","	Chamber1","	1","	B01??(%RH)","	79.4","	2026-07-24 16:13:42"
"	69BA0CDE","	Chamber1","	1","	B01??(?)","	21.4","	2026-07-24 16:13:42"
"	69BA0CDE","	Chamber1","	1","	B01??(%RH)","	79.4","	2026-07-24 16:13:40"
"	69BA0CDE","	Chamber1","	1","	B01??(?)","	21.4","	2026-07-24 16:13:40"
"	69BA0CDE","	Chamber1","	1","	B01??(%RH)","	79.5","	2026-07-24 16:13:38"
"	69BA0CDE","	Chamber1","	1","	B01??(?)","	21.4","	2026-07-24 16:13:38"
"	69BA0CDE","	Chamber1","	1","	B01??(%RH)","	79.6","	2026-07-24 16:13:36"
"	69BA0CDE","	Chamber1","	1","	B01??(?)","	21.4","	2026-07-24 16:13:36"
"	69BA0CDE","	Chamber1","	1","	B01??(%RH)","	79.8","	2026-07-24 16:13:34"
"	69BA0CDE","	Chamber1","	1","	B01??(?)","	21.4","	2026-07-24 16:13:34"
"	69BA0CDE","	Chamber1","	1","	B01??(%RH)","	79.9","	2026-07-24 16:13:32"
"	69BA0CDE","	Chamber1","	1","	B01??(?)","	21.4","	2026-07-24 16:13:32"
"	69BA0CDE","	Chamber1","	1","	B01??(%RH)","	80","	2026-07-24 16:13:30"
"	69BA0CDE","	Chamber1","	1","	B01??(?)","	21.4","	2026-07-24 16:13:30"
"	69BA0CDE","	Chamber1","	1","	B01??(%RH)","	80.1","	2026-07-24 16:13:28"
"	69BA0CDE","	Chamber1","	1","	B01??(?)","	21.4","	2026-07-24 16:13:28"
"	69BA0CDE","	Chamber1","	1","	B01??(%RH)","	80.4","	2026-07-24 16:13:26"
"	69BA0CDE","	Chamber1","	1","	B01??(?)","	21.4","	2026-07-24 16:13:26"
"	69BA0CDE","	Chamber1","	1","	B01??(%RH)","	80.8","	2026-07-24 16:13:24"
"	69BA0CDE","	Chamber1","	1","	B01??(?)","	21.4","	2026-07-24 16:13:24"
"	69BA0CDE","	Chamber1","	1","	B01??(%RH)","	81.1","	2026-07-24 16:13:22"
"	69BA0CDE","	Chamber1","	1","	B01??(?)","	21.4","	2026-07-24 16:13:22"
"	69BA0CDE","	Chamber1","	1","	B01??(%RH)","	81.3","	2026-07-24 16:13:20"
"	69BA0CDE","	Chamber1","	1","	B01??(?)","	21.4","	2026-07-24 16:13:20"
"	69BA0CDE","	Chamber1","	1","	B01??(%RH)","	81.4","	2026-07-24 16:13:18"
"	69BA0CDE","	Chamber1","	1","	B01??(?)","	21.4","	2026-07-24 16:13:18"
"	69BA0CDE","	Chamber1","	1","	B01??(%RH)","	81.7","	2026-07-24 16:13:16"
"	69BA0CDE","	Chamber1","	1","	B01??(?)","	21.4","	2026-07-24 16:13:16"
"	69BA0CDE","	Chamber1","	1","	B01??(%RH)","	81.8","	2026-07-24 16:13:14"
"	69BA0CDE","	Chamber1","	1","	B01??(?)","	21.4","	2026-07-24 16:13:14"
"	69BA0CDE","	Chamber1","	1","	B01??(%RH)","	81.9","	2026-07-24 16:13:11"
"	69BA0CDE","	Chamber1","	1","	B01??(?)","	21.4","	2026-07-24 16:13:11"
"	69BA0CDE","	Chamber1","	1","	B01??(%RH)","	82","	2026-07-24 16:13:09"
"	69BA0CDE","	Chamber1","	1","	B01??(?)","	21.4","	2026-07-24 16:13:09"
"	69BA0CDE","	Chamber1","	1","	B01??(%RH)","	82.2","	2026-07-24 16:13:07"
"	69BA0CDE","	Chamber1","	1","	B01??(?)","	21.4","	2026-07-24 16:13:07"
"	69BA0CDE","	Chamber1","	1","	B01??(%RH)","	82.3","	2026-07-24 16:13:05"
"	69BA0CDE","	Chamber1","	1","	B01??(?)","	21.4","	2026-07-24 16:13:05"
"	69BA0CDE","	Chamber1","	1","	B01??(%RH)","	82.2","	2026-07-24 16:13:03"
"	69BA0CDE","	Chamber1","	1","	B01??(?)","	21.4","	2026-07-24 16:13:03"
"	69BA0CDE","	Chamber1","	1","	B01??(%RH)","	82.2","	2026-07-24 16:13:01"
"	69BA0CDE","	Chamber1","	1","	B01??(?)","	21.4","	2026-07-24 16:13:01"
"	69BA0CDE","	Chamber1","	1","	B01??(%RH)","	82.1","	2026-07-24 16:12:59"
"	69BA0CDE","	Chamber1","	1","	B01??(?)","	21.4","	2026-07-24 16:12:59"
"	69BA0CDE","	Chamber1","	1","	B01??(%RH)","	82","	2026-07-24 16:12:57"
"	69BA0CDE","	Chamber1","	1","	B01??(?)","	21.4","	2026-07-24 16:12:57"
"	69BA0CDE","	Chamber1","	1","	B01??(%RH)","	82.2","	2026-07-24 16:12:55"
"	69BA0CDE","	Chamber1","	1","	B01??(?)","	21.4","	2026-07-24 16:12:55"
"	69BA0CDE","	Chamber1","	1","	B01??(%RH)","	82.4","	2026-07-24 16:12:53"
"	69BA0CDE","	Chamber1","	1","	B01??(?)","	21.4","	2026-07-24 16:12:53"
"	69BA0CDE","	Chamber1","	1","	B01??(%RH)","	82.5","	2026-07-24 16:12:51"
"	69BA0CDE","	Chamber1","	1","	B01??(?)","	21.4","	2026-07-24 16:12:51"
"	69BA0CDE","	Chamber1","	1","	B01??(%RH)","	82.5","	2026-07-24 16:12:49"
"	69BA0CDE","	Chamber1","	1","	B01??(?)","	21.4","	2026-07-24 16:12:49"
"	69BA0CDE","	Chamber1","	1","	B01??(%RH)","	82.4","	2026-07-24 16:12:47"
"	69BA0CDE","	Chamber1","	1","	B01??(?)","	21.4","	2026-07-24 16:12:47"
"	69BA0CDE","	Chamber1","	1","	B01??(%RH)","	82.3","	2026-07-24 16:12:45"
"	69BA0CDE","	Chamber1","	1","	B01??(?)","	21.4","	2026-07-24 16:12:45"
"	69BA0CDE","	Chamber1","	1","	B01??(%RH)","	82.3","	2026-07-24 16:12:43"
"	69BA0CDE","	Chamber1","	1","	B01??(?)","	21.4","	2026-07-24 16:12:43"
"	69BA0CDE","	Chamber1","	1","	B01??(%RH)","	82.2","	2026-07-24 16:12:41"
"	69BA0CDE","	Chamber1","	1","	B01??(?)","	21.4","	2026-07-24 16:12:41"
"	69BA0CDE","	Chamber1","	1","	B01??(%RH)","	82.4","	2026-07-24 16:12:39"
"	69BA0CDE","	Chamber1","	1","	B01??(?)","	21.4","	2026-07-24 16:12:39"
"	69BA0CDE","	Chamber1","	1","	B01??(%RH)","	82.6","	2026-07-24 16:12:37"
"	69BA0CDE","	Chamber1","	1","	B01??(?)","	21.4","	2026-07-24 16:12:37"
"	69BA0CDE","	Chamber1","	1","	B01??(%RH)","	82.7","	2026-07-24 16:12:35"
"	69BA0CDE","	Chamber1","	1","	B01??(?)","	21.4","	2026-07-24 16:12:35"
"	69BA0CDE","	Chamber1","	1","	B01??(%RH)","	82.6","	2026-07-24 16:12:33"
"	69BA0CDE","	Chamber1","	1","	B01??(?)","	21.4","	2026-07-24 16:12:33"
"	69BA0CDE","	Chamber1","	1","	B01??(%RH)","	82.5","	2026-07-24 16:12:31"
"	69BA0CDE","	Chamber1","	1","	B01??(?)","	21.4","	2026-07-24 16:12:31"
"	69BA0CDE","	Chamber1","	1","	B01??(%RH)","	82.4","	2026-07-24 16:12:28"
"	69BA0CDE","	Chamber1","	1","	B01??(?)","	21.4","	2026-07-24 16:12:28"
"	69BA0CDE","	Chamber1","	1","	B01??(%RH)","	82.3","	2026-07-24 16:12:26"
"	69BA0CDE","	Chamber1","	1","	B01??(?)","	21.4","	2026-07-24 16:12:26"
"	69BA0CDE","	Chamber1","	1","	B01??(%RH)","	82.2","	2026-07-24 16:12:24"
"	69BA0CDE","	Chamber1","	1","	B01??(?)","	21.4","	2026-07-24 16:12:24"
"	69BA0CDE","	Chamber1","	1","	B01??(%RH)","	82.2","	2026-07-24 16:12:22"
"	69BA0CDE","	Chamber1","	1","	B01??(?)","	21.4","	2026-07-24 16:12:22"
"	69BA0CDE","	Chamber1","	1","	B01??(%RH)","	82.2","	2026-07-24 16:12:20"
"	69BA0CDE","	Chamber1","	1","	B01??(?)","	21.4","	2026-07-24 16:12:20"
"	69BA0CDE","	Chamber1","	1","	B01??(%RH)","	82.3","	2026-07-24 16:12:18"
"	69BA0CDE","	Chamber1","	1","	B01??(?)","	21.4","	2026-07-24 16:12:18"
"	69BA0CDE","	Chamber1","	1","	B01??(%RH)","	82.4","	2026-07-24 16:12:16"
"	69BA0CDE","	Chamber1","	1","	B01??(?)","	21.4","	2026-07-24 16:12:16"
"	69BA0CDE","	Chamber1","	1","	B01??(%RH)","	82.3","	2026-07-24 16:12:14"
"	69BA0CDE","	Chamber1","	1","	B01??(?)","	21.4","	2026-07-24 16:12:14"
"	69BA0CDE","	Chamber1","	1","	B01??(%RH)","	82.1","	2026-07-24 16:12:12"
"	69BA0CDE","	Chamber1","	1","	B01??(?)","	21.4","	2026-07-24 16:12:12"
"	69BA0CDE","	Chamber1","	1","	B01??(%RH)","	82.1","	2026-07-24 16:12:10"
"	69BA0CDE","	Chamber1","	1","	B01??(?)","	21.4","	2026-07-24 16:12:10"
"	69BA0CDE","	Chamber1","	1","	B01??(%RH)","	82.2","	2026-07-24 16:12:08"
"	69BA0CDE","	Chamber1","	1","	B01??(?)","	21.4","	2026-07-24 16:12:08"
"	69BA0CDE","	Chamber1","	1","	B01??(%RH)","	82.2","	2026-07-24 16:12:06"
"	69BA0CDE","	Chamber1","	1","	B01??(?)","	21.4","	2026-07-24 16:12:06"
"	69BA0CDE","	Chamber1","	1","	B01??(%RH)","	82.3","	2026-07-24 16:12:04"
"	69BA0CDE","	Chamber1","	1","	B01??(?)","	21.4","	2026-07-24 16:12:04"
"	69BA0CDE","	Chamber1","	1","	B01??(%RH)","	82.4","	2026-07-24 16:12:02"
"	69BA0CDE","	Chamber1","	1","	B01??(?)","	21.4","	2026-07-24 16:12:02"
"	69BA0CDE","	Chamber1","	1","	B01??(%RH)","	82.5","	2026-07-24 16:12:00"
"	69BA0CDE","	Chamber1","	1","	B01??(?)","	21.4","	2026-07-24 16:12:00"
"	69BA0CDE","	Chamber1","	1","	B01??(%RH)","	82.5","	2026-07-24 16:11:58"
"	69BA0CDE","	Chamber1","	1","	B01??(?)","	21.4","	2026-07-24 16:11:58"
"	69BA0CDE","	Chamber1","	1","	B01??(%RH)","	82.5","	2026-07-24 16:11:56"
"	69BA0CDE","	Chamber1","	1","	B01??(?)","	21.4","	2026-07-24 16:11:56"
"	69BA0CDE","	Chamber1","	1","	B01??(%RH)","	82.3","	2026-07-24 16:11:54"
"	69BA0CDE","	Chamber1","	1","	B01??(?)","	21.4","	2026-07-24 16:11:54"
"	69BA0CDE","	Chamber1","	1","	B01??(%RH)","	82.3","	2026-07-24 16:11:52"
"	69BA0CDE","	Chamber1","	1","	B01??(?)","	21.3","	2026-07-24 16:11:52"
"	69BA0CDE","	Chamber1","	1","	B01??(%RH)","	82.1","	2026-07-24 16:11:50"
"	69BA0CDE","	Chamber1","	1","	B01??(?)","	21.4","	2026-07-24 16:11:50"
"	69BA0CDE","	Chamber1","	1","	B01??(%RH)","	82.2","	2026-07-24 16:11:48"
"	69BA0CDE","	Chamber1","	1","	B01??(?)","	21.4","	2026-07-24 16:11:48"
"	69BA0CDE","	Chamber1","	1","	B01??(%RH)","	82.2","	2026-07-24 16:11:45"
"	69BA0CDE","	Chamber1","	1","	B01??(?)","	21.3","	2026-07-24 16:11:45"
"	69BA0CDE","	Chamber1","	1","	B01??(%RH)","	82","	2026-07-24 16:11:43"
"	69BA0CDE","	Chamber1","	1","	B01??(?)","	21.3","	2026-07-24 16:11:43"
"	69BA0CDE","	Chamber1","	1","	B01??(%RH)","	82","	2026-07-24 16:11:41"
"	69BA0CDE","	Chamber1","	1","	B01??(?)","	21.3","	2026-07-24 16:11:41"
"	69BA0CDE","	Chamber1","	1","	B01??(%RH)","	82.1","	2026-07-24 16:11:39"
"	69BA0CDE","	Chamber1","	1","	B01??(?)","	21.3","	2026-07-24 16:11:39"
"	69BA0CDE","	Chamber1","	1","	B01??(%RH)","	82.1","	2026-07-24 16:11:37"
"	69BA0CDE","	Chamber1","	1","	B01??(?)","	21.4","	2026-07-24 16:11:37"
"	69BA0CDE","	Chamber1","	1","	B01??(%RH)","	82.1","	2026-07-24 16:11:35"
"	69BA0CDE","	Chamber1","	1","	B01??(?)","	21.4","	2026-07-24 16:11:35"
"	69BA0CDE","	Chamber1","	1","	B01??(%RH)","	82","	2026-07-24 16:11:33"
"	69BA0CDE","	Chamber1","	1","	B01??(?)","	21.3","	2026-07-24 16:11:33"
"	69BA0CDE","	Chamber1","	1","	B01??(%RH)","	81.9","	2026-07-24 16:11:31"
"	69BA0CDE","	Chamber1","	1","	B01??(?)","	21.4","	2026-07-24 16:11:31"
"	69BA0CDE","	Chamber1","	1","	B01??(%RH)","	82","	2026-07-24 16:11:29"
"	69BA0CDE","	Chamber1","	1","	B01??(?)","	21.4","	2026-07-24 16:11:29"
"	69BA0CDE","	Chamber1","	1","	B01??(%RH)","	82.1","	2026-07-24 16:11:27"
"	69BA0CDE","	Chamber1","	1","	B01??(?)","	21.4","	2026-07-24 16:11:27"
"	69BA0CDE","	Chamber1","	1","	B01??(%RH)","	82.2","	2026-07-24 16:11:25"
"	69BA0CDE","	Chamber1","	1","	B01??(?)","	21.4","	2026-07-24 16:11:25"
"	69BA0CDE","	Chamber1","	1","	B01??(%RH)","	82.2","	2026-07-24 16:11:23"
"	69BA0CDE","	Chamber1","	1","	B01??(?)","	21.3","	2026-07-24 16:11:23"
"	69BA0CDE","	Chamber1","	1","	B01??(%RH)","	82","	2026-07-24 16:11:21"
"	69BA0CDE","	Chamber1","	1","	B01??(?)","	21.3","	2026-07-24 16:11:21"
"	69BA0CDE","	Chamber1","	1","	B01??(%RH)","	81.8","	2026-07-24 16:11:19"
"	69BA0CDE","	Chamber1","	1","	B01??(?)","	21.3","	2026-07-24 16:11:19"
"	69BA0CDE","	Chamber1","	1","	B01??(%RH)","	81.9","	2026-07-24 16:11:17"
"	69BA0CDE","	Chamber1","	1","	B01??(?)","	21.3","	2026-07-24 16:11:17"
"	69BA0CDE","	Chamber1","	1","	B01??(%RH)","	81.8","	2026-07-24 16:11:15"
"	69BA0CDE","	Chamber1","	1","	B01??(?)","	21.3","	2026-07-24 16:11:15"
"	69BA0CDE","	Chamber1","	1","	B01??(%RH)","	81.7","	2026-07-24 16:11:13"
"	69BA0CDE","	Chamber1","	1","	B01??(?)","	21.3","	2026-07-24 16:11:13"
"	69BA0CDE","	Chamber1","	1","	B01??(%RH)","	81.9","	2026-07-24 16:11:11"
"	69BA0CDE","	Chamber1","	1","	B01??(?)","	21.3","	2026-07-24 16:11:11"
"	69BA0CDE","	Chamber1","	1","	B01??(%RH)","	82.1","	2026-07-24 16:11:09"
"	69BA0CDE","	Chamber1","	1","	B01??(?)","	21.3","	2026-07-24 16:11:09"
"	69BA0CDE","	Chamber1","	1","	B01??(%RH)","	82.1","	2026-07-24 16:11:07"
"	69BA0CDE","	Chamber1","	1","	B01??(?)","	21.3","	2026-07-24 16:11:07"
"	69BA0CDE","	Chamber1","	1","	B01??(%RH)","	82.2","	2026-07-24 16:11:05"
"	69BA0CDE","	Chamber1","	1","	B01??(?)","	21.3","	2026-07-24 16:11:05"
"	69BA0CDE","	Chamber1","	1","	B01??(%RH)","	82.1","	2026-07-24 16:11:02"
"	69BA0CDE","	Chamber1","	1","	B01??(?)","	21.3","	2026-07-24 16:11:02"
"	69BA0CDE","	Chamber1","	1","	B01??(%RH)","	81.9","	2026-07-24 16:11:00"
"	69BA0CDE","	Chamber1","	1","	B01??(?)","	21.3","	2026-07-24 16:11:00"
"	69BA0CDE","	Chamber1","	1","	B01??(%RH)","	81.6","	2026-07-24 16:10:58"
"	69BA0CDE","	Chamber1","	1","	B01??(?)","	21.3","	2026-07-24 16:10:58"
"	69BA0CDE","	Chamber1","	1","	B01??(%RH)","	81.3","	2026-07-24 16:10:56"
"	69BA0CDE","	Chamber1","	1","	B01??(?)","	21.4","	2026-07-24 16:10:56"
"	69BA0CDE","	Chamber1","	1","	B01??(%RH)","	81","	2026-07-24 16:10:54"
"	69BA0CDE","	Chamber1","	1","	B01??(?)","	21.3","	2026-07-24 16:10:54"
"	69BA0CDE","	Chamber1","	1","	B01??(%RH)","	80.9","	2026-07-24 16:10:52"
"	69BA0CDE","	Chamber1","	1","	B01??(?)","	21.3","	2026-07-24 16:10:52"
"	69BA0CDE","	Chamber1","	1","	B01??(%RH)","	81","	2026-07-24 16:10:50"
"	69BA0CDE","	Chamber1","	1","	B01??(?)","	21.3","	2026-07-24 16:10:50"
"	69BA0CDE","	Chamber1","	1","	B01??(%RH)","	81.3","	2026-07-24 16:10:48"
"	69BA0CDE","	Chamber1","	1","	B01??(?)","	21.3","	2026-07-24 16:10:48"
"	69BA0CDE","	Chamber1","	1","	B01??(%RH)","	81.7","	2026-07-24 16:10:46"
"	69BA0CDE","	Chamber1","	1","	B01??(?)","	21.3","	2026-07-24 16:10:46"
"	69BA0CDE","	Chamber1","	1","	B01??(%RH)","	82.1","	2026-07-24 16:10:44"
"	69BA0CDE","	Chamber1","	1","	B01??(?)","	21.4","	2026-07-24 16:10:44"
"	69BA0CDE","	Chamber1","	1","	B01??(%RH)","	82.3","	2026-07-24 16:10:42"
"	69BA0CDE","	Chamber1","	1","	B01??(?)","	21.3","	2026-07-24 16:10:42"
"	69BA0CDE","	Chamber1","	1","	B01??(%RH)","	82.2","	2026-07-24 16:10:40"
"	69BA0CDE","	Chamber1","	1","	B01??(?)","	21.3","	2026-07-24 16:10:40"
"	69BA0CDE","	Chamber1","	1","	B01??(%RH)","	82.1","	2026-07-24 16:10:38"
"	69BA0CDE","	Chamber1","	1","	B01??(?)","	21.3","	2026-07-24 16:10:38"
"	69BA0CDE","	Chamber1","	1","	B01??(%RH)","	81.9","	2026-07-24 16:10:36"
"	69BA0CDE","	Chamber1","	1","	B01??(?)","	21.3","	2026-07-24 16:10:36"
"	69BA0CDE","	Chamber1","	1","	B01??(%RH)","	81.8","	2026-07-24 16:10:34"
"	69BA0CDE","	Chamber1","	1","	B01??(?)","	21.3","	2026-07-24 16:10:34"
"	69BA0CDE","	Chamber1","	1","	B01??(%RH)","	81.8","	2026-07-24 16:10:32"
"	69BA0CDE","	Chamber1","	1","	B01??(?)","	21.3","	2026-07-24 16:10:32"
"	69BA0CDE","	Chamber1","	1","	B01??(%RH)","	81.7","	2026-07-24 16:10:30"
"	69BA0CDE","	Chamber1","	1","	B01??(?)","	21.3","	2026-07-24 16:10:30"
"	69BA0CDE","	Chamber1","	1","	B01??(%RH)","	81.5","	2026-07-24 16:10:28"
"	69BA0CDE","	Chamber1","	1","	B01??(?)","	21.3","	2026-07-24 16:10:28"
"	69BA0CDE","	Chamber1","	1","	B01??(%RH)","	81.3","	2026-07-24 16:10:26"
"	69BA0CDE","	Chamber1","	1","	B01??(?)","	21.3","	2026-07-24 16:10:26"
"	69BA0CDE","	Chamber1","	1","	B01??(%RH)","	81.3","	2026-07-24 16:10:24"
"	69BA0CDE","	Chamber1","	1","	B01??(?)","	21.3","	2026-07-24 16:10:24"
"	69BA0CDE","	Chamber1","	1","	B01??(%RH)","	81.2","	2026-07-24 16:10:22"
"	69BA0CDE","	Chamber1","	1","	B01??(?)","	21.3","	2026-07-24 16:10:22"
"	69BA0CDE","	Chamber1","	1","	B01??(%RH)","	81.1","	2026-07-24 16:10:19"
"	69BA0CDE","	Chamber1","	1","	B01??(?)","	21.3","	2026-07-24 16:10:19"
"	69BA0CDE","	Chamber1","	1","	B01??(%RH)","	80.9","	2026-07-24 16:10:17"
"	69BA0CDE","	Chamber1","	1","	B01??(?)","	21.3","	2026-07-24 16:10:17"
"	69BA0CDE","	Chamber1","	1","	B01??(%RH)","	80.8","	2026-07-24 16:10:15"
"	69BA0CDE","	Chamber1","	1","	B01??(?)","	21.3","	2026-07-24 16:10:15"
"	69BA0CDE","	Chamber1","	1","	B01??(%RH)","	80.7","	2026-07-24 16:10:13"
"	69BA0CDE","	Chamber1","	1","	B01??(?)","	21.3","	2026-07-24 16:10:13"
"	69BA0CDE","	Chamber1","	1","	B01??(%RH)","	80.8","	2026-07-24 16:10:11"
"	69BA0CDE","	Chamber1","	1","	B01??(?)","	21.3","	2026-07-24 16:10:11"
"	69BA0CDE","	Chamber1","	1","	B01??(%RH)","	80.9","	2026-07-24 16:10:09"
"	69BA0CDE","	Chamber1","	1","	B01??(?)","	21.3","	2026-07-24 16:10:09"
"	69BA0CDE","	Chamber1","	1","	B01??(%RH)","	81.1","	2026-07-24 16:10:07"
"	69BA0CDE","	Chamber1","	1","	B01??(?)","	21.3","	2026-07-24 16:10:07"
"	69BA0CDE","	Chamber1","	1","	B01??(%RH)","	81.2","	2026-07-24 16:10:05"
"	69BA0CDE","	Chamber1","	1","	B01??(?)","	21.3","	2026-07-24 16:10:05"
"	69BA0CDE","	Chamber1","	1","	B01??(%RH)","	81.1","	2026-07-24 16:10:03"
"	69BA0CDE","	Chamber1","	1","	B01??(?)","	21.3","	2026-07-24 16:10:03"
"	69BA0CDE","	Chamber1","	1","	B01??(?)","	21.3","	2026-07-24 16:10:01"
"	69BA0CDE","	Chamber1","	1","	B01??(%RH)","	81","	2026-07-24 16:10:01"
"	69BA0CDE","	Chamber1","	1","	B01??(%RH)","	81.2","	2026-07-24 16:09:59"
"	69BA0CDE","	Chamber1","	1","	B01??(?)","	21.3","	2026-07-24 16:09:59"
"	69BA0CDE","	Chamber1","	1","	B01??(%RH)","	81.3","	2026-07-24 16:09:57"
"	69BA0CDE","	Chamber1","	1","	B01??(?)","	21.3","	2026-07-24 16:09:57"
"	69BA0CDE","	Chamber1","	1","	B01??(%RH)","	81.6","	2026-07-24 16:09:55"
"	69BA0CDE","	Chamber1","	1","	B01??(?)","	21.3","	2026-07-24 16:09:55"
"	69BA0CDE","	Chamber1","	1","	B01??(%RH)","	81.9","	2026-07-24 16:09:53"
"	69BA0CDE","	Chamber1","	1","	B01??(?)","	21.3","	2026-07-24 16:09:53"
"	69BA0CDE","	Chamber1","	1","	B01??(%RH)","	82.2","	2026-07-24 16:09:51"
"	69BA0CDE","	Chamber1","	1","	B01??(?)","	21.3","	2026-07-24 16:09:51"
"	69BA0CDE","	Chamber1","	1","	B01??(%RH)","	82.3","	2026-07-24 16:09:49"
"	69BA0CDE","	Chamber1","	1","	B01??(?)","	21.3","	2026-07-24 16:09:49"
"	69BA0CDE","	Chamber1","	1","	B01??(%RH)","	82.4","	2026-07-24 16:09:47"
"	69BA0CDE","	Chamber1","	1","	B01??(?)","	21.3","	2026-07-24 16:09:47"
"	69BA0CDE","	Chamber1","	1","	B01??(%RH)","	82.3","	2026-07-24 16:09:45"
"	69BA0CDE","	Chamber1","	1","	B01??(?)","	21.3","	2026-07-24 16:09:45"
"	69BA0CDE","	Chamber1","	1","	B01??(%RH)","	82.4","	2026-07-24 16:09:43"
"	69BA0CDE","	Chamber1","	1","	B01??(?)","	21.3","	2026-07-24 16:09:43"
"	69BA0CDE","	Chamber1","	1","	B01??(%RH)","	82.5","	2026-07-24 16:09:41"
"	69BA0CDE","	Chamber1","	1","	B01??(?)","	21.3","	2026-07-24 16:09:41"
"	69BA0CDE","	Chamber1","	1","	B01??(%RH)","	82.7","	2026-07-24 16:09:39"
"	69BA0CDE","	Chamber1","	1","	B01??(?)","	21.3","	2026-07-24 16:09:39"
"	69BA0CDE","	Chamber1","	1","	B01??(%RH)","	82.9","	2026-07-24 16:09:37"
"	69BA0CDE","	Chamber1","	1","	B01??(?)","	21.3","	2026-07-24 16:09:37"
"	69BA0CDE","	Chamber1","	1","	B01??(%RH)","	82.9","	2026-07-24 16:09:34"
"	69BA0CDE","	Chamber1","	1","	B01??(?)","	21.3","	2026-07-24 16:09:34"
"	69BA0CDE","	Chamber1","	1","	B01??(%RH)","	82.9","	2026-07-24 16:09:32"
"	69BA0CDE","	Chamber1","	1","	B01??(?)","	21.3","	2026-07-24 16:09:32"
"	69BA0CDE","	Chamber1","	1","	B01??(%RH)","	82.9","	2026-07-24 16:09:30"
"	69BA0CDE","	Chamber1","	1","	B01??(?)","	21.3","	2026-07-24 16:09:30"
"	69BA0CDE","	Chamber1","	1","	B01??(%RH)","	82.8","	2026-07-24 16:09:28"
"	69BA0CDE","	Chamber1","	1","	B01??(?)","	21.3","	2026-07-24 16:09:28"
"	69BA0CDE","	Chamber1","	1","	B01??(%RH)","	82.7","	2026-07-24 16:09:26"
"	69BA0CDE","	Chamber1","	1","	B01??(?)","	21.3","	2026-07-24 16:09:26"
"	69BA0CDE","	Chamber1","	1","	B01??(%RH)","	82.6","	2026-07-24 16:09:24"
"	69BA0CDE","	Chamber1","	1","	B01??(?)","	21.3","	2026-07-24 16:09:24"
"	69BA0CDE","	Chamber1","	1","	B01??(%RH)","	82.6","	2026-07-24 16:09:22"
"	69BA0CDE","	Chamber1","	1","	B01??(?)","	21.3","	2026-07-24 16:09:22"
"	69BA0CDE","	Chamber1","	1","	B01??(%RH)","	82.7","	2026-07-24 16:09:20"
"	69BA0CDE","	Chamber1","	1","	B01??(?)","	21.3","	2026-07-24 16:09:20"
"	69BA0CDE","	Chamber1","	1","	B01??(%RH)","	82.8","	2026-07-24 16:09:18"
"	69BA0CDE","	Chamber1","	1","	B01??(?)","	21.3","	2026-07-24 16:09:18"
"	69BA0CDE","	Chamber1","	1","	B01??(%RH)","	82.8","	2026-07-24 16:09:16"
"	69BA0CDE","	Chamber1","	1","	B01??(?)","	21.3","	2026-07-24 16:09:16"
"	69BA0CDE","	Chamber1","	1","	B01??(%RH)","	82.7","	2026-07-24 16:09:14"
"	69BA0CDE","	Chamber1","	1","	B01??(?)","	21.3","	2026-07-24 16:09:14"
"	69BA0CDE","	Chamber1","	1","	B01??(%RH)","	82.8","	2026-07-24 16:09:12"
"	69BA0CDE","	Chamber1","	1","	B01??(?)","	21.3","	2026-07-24 16:09:12"
"	69BA0CDE","	Chamber1","	1","	B01??(%RH)","	82.9","	2026-07-24 16:09:10"
"	69BA0CDE","	Chamber1","	1","	B01??(?)","	21.3","	2026-07-24 16:09:10"
"	69BA0CDE","	Chamber1","	1","	B01??(%RH)","	83.1","	2026-07-24 16:09:08"
"	69BA0CDE","	Chamber1","	1","	B01??(?)","	21.3","	2026-07-24 16:09:08"
"	69BA0CDE","	Chamber1","	1","	B01??(%RH)","	83.2","	2026-07-24 16:09:06"
"	69BA0CDE","	Chamber1","	1","	B01??(?)","	21.3","	2026-07-24 16:09:06"
"	69BA0CDE","	Chamber1","	1","	B01??(%RH)","	83.2","	2026-07-24 16:09:04"
"	69BA0CDE","	Chamber1","	1","	B01??(?)","	21.3","	2026-07-24 16:09:04"
"	69BA0CDE","	Chamber1","	1","	B01??(%RH)","	83.1","	2026-07-24 16:09:02"
"	69BA0CDE","	Chamber1","	1","	B01??(?)","	21.3","	2026-07-24 16:09:02"
"	69BA0CDE","	Chamber1","	1","	B01??(%RH)","	82.9","	2026-07-24 16:09:00"
"	69BA0CDE","	Chamber1","	1","	B01??(?)","	21.3","	2026-07-24 16:09:00"
"	69BA0CDE","	Chamber1","	1","	B01??(%RH)","	82.8","	2026-07-24 16:08:58"
"	69BA0CDE","	Chamber1","	1","	B01??(?)","	21.3","	2026-07-24 16:08:58"
"	69BA0CDE","	Chamber1","	1","	B01??(%RH)","	82.6","	2026-07-24 16:08:56"
"	69BA0CDE","	Chamber1","	1","	B01??(?)","	21.3","	2026-07-24 16:08:56"
"	69BA0CDE","	Chamber1","	1","	B01??(%RH)","	82.4","	2026-07-24 16:08:54"
"	69BA0CDE","	Chamber1","	1","	B01??(?)","	21.3","	2026-07-24 16:08:54"
"	69BA0CDE","	Chamber1","	1","	B01??(%RH)","	82.4","	2026-07-24 16:08:52"
"	69BA0CDE","	Chamber1","	1","	B01??(?)","	21.3","	2026-07-24 16:08:52"
"	69BA0CDE","	Chamber1","	1","	B01??(%RH)","	82.3","	2026-07-24 16:08:49"
"	69BA0CDE","	Chamber1","	1","	B01??(?)","	21.3","	2026-07-24 16:08:49"
"	69BA0CDE","	Chamber1","	1","	B01??(%RH)","	82.2","	2026-07-24 16:08:47"
"	69BA0CDE","	Chamber1","	1","	B01??(?)","	21.3","	2026-07-24 16:08:47"
"	69BA0CDE","	Chamber1","	1","	B01??(%RH)","	82.3","	2026-07-24 16:08:45"
"	69BA0CDE","	Chamber1","	1","	B01??(?)","	21.3","	2026-07-24 16:08:45"
"	69BA0CDE","	Chamber1","	1","	B01??(%RH)","	82.4","	2026-07-24 16:08:43"
"	69BA0CDE","	Chamber1","	1","	B01??(?)","	21.3","	2026-07-24 16:08:43"
"	69BA0CDE","	Chamber1","	1","	B01??(%RH)","	82.4","	2026-07-24 16:08:41"
"	69BA0CDE","	Chamber1","	1","	B01??(?)","	21.3","	2026-07-24 16:08:41"
"	69BA0CDE","	Chamber1","	1","	B01??(%RH)","	82.2","	2026-07-24 16:08:39"
"	69BA0CDE","	Chamber1","	1","	B01??(?)","	21.3","	2026-07-24 16:08:39"
"	69BA0CDE","	Chamber1","	1","	B01??(%RH)","	82.2","	2026-07-24 16:08:37"
"	69BA0CDE","	Chamber1","	1","	B01??(?)","	21.3","	2026-07-24 16:08:37"
"	69BA0CDE","	Chamber1","	1","	B01??(%RH)","	82.1","	2026-07-24 16:08:35"
"	69BA0CDE","	Chamber1","	1","	B01??(?)","	21.3","	2026-07-24 16:08:35"
"	69BA0CDE","	Chamber1","	1","	B01??(%RH)","	82.1","	2026-07-24 16:08:33"
"	69BA0CDE","	Chamber1","	1","	B01??(?)","	21.3","	2026-07-24 16:08:33"
"	69BA0CDE","	Chamber1","	1","	B01??(%RH)","	82.2","	2026-07-24 16:08:31"
"	69BA0CDE","	Chamber1","	1","	B01??(?)","	21.3","	2026-07-24 16:08:31"
"	69BA0CDE","	Chamber1","	1","	B01??(%RH)","	82.2","	2026-07-24 16:08:29"
"	69BA0CDE","	Chamber1","	1","	B01??(?)","	21.3","	2026-07-24 16:08:29"
"	69BA0CDE","	Chamber1","	1","	B01??(%RH)","	82.3","	2026-07-24 16:08:27"
"	69BA0CDE","	Chamber1","	1","	B01??(?)","	21.3","	2026-07-24 16:08:27"
"	69BA0CDE","	Chamber1","	1","	B01??(%RH)","	82.3","	2026-07-24 16:08:25"
"	69BA0CDE","	Chamber1","	1","	B01??(?)","	21.3","	2026-07-24 16:08:25"
"	69BA0CDE","	Chamber1","	1","	B01??(%RH)","	82.2","	2026-07-24 16:08:23"
"	69BA0CDE","	Chamber1","	1","	B01??(?)","	21.3","	2026-07-24 16:08:23"
"	69BA0CDE","	Chamber1","	1","	B01??(%RH)","	82.3","	2026-07-24 16:08:21"
"	69BA0CDE","	Chamber1","	1","	B01??(?)","	21.3","	2026-07-24 16:08:21"
"	69BA0CDE","	Chamber1","	1","	B01??(%RH)","	82.2","	2026-07-24 16:08:19"
"	69BA0CDE","	Chamber1","	1","	B01??(?)","	21.3","	2026-07-24 16:08:19"
"	69BA0CDE","	Chamber1","	1","	B01??(%RH)","	82.2","	2026-07-24 16:08:17"
"	69BA0CDE","	Chamber1","	1","	B01??(?)","	21.3","	2026-07-24 16:08:17"
"	69BA0CDE","	Chamber1","	1","	B01??(%RH)","	82.1","	2026-07-24 16:08:15"
"	69BA0CDE","	Chamber1","	1","	B01??(?)","	21.3","	2026-07-24 16:08:15"
"	69BA0CDE","	Chamber1","	1","	B01??(%RH)","	82","	2026-07-24 16:08:13"
"	69BA0CDE","	Chamber1","	1","	B01??(?)","	21.3","	2026-07-24 16:08:13"
"	69BA0CDE","	Chamber1","	1","	B01??(%RH)","	82","	2026-07-24 16:08:11"
"	69BA0CDE","	Chamber1","	1","	B01??(?)","	21.3","	2026-07-24 16:08:11"
"	69BA0CDE","	Chamber1","	1","	B01??(%RH)","	82","	2026-07-24 16:08:09"
"	69BA0CDE","	Chamber1","	1","	B01??(?)","	21.3","	2026-07-24 16:08:09"
"	69BA0CDE","	Chamber1","	1","	B01??(%RH)","	81.9","	2026-07-24 16:08:06"
"	69BA0CDE","	Chamber1","	1","	B01??(?)","	21.3","	2026-07-24 16:08:06"
"	69BA0CDE","	Chamber1","	1","	B01??(%RH)","	81.7","	2026-07-24 16:08:04"
"	69BA0CDE","	Chamber1","	1","	B01??(?)","	21.3","	2026-07-24 16:08:04"
"	69BA0CDE","	Chamber1","	1","	B01??(%RH)","	81.5","	2026-07-24 16:08:02"
"	69BA0CDE","	Chamber1","	1","	B01??(?)","	21.3","	2026-07-24 16:08:02"
"	69BA0CDE","	Chamber1","	1","	B01??(%RH)","	81.5","	2026-07-24 16:08:00"
"	69BA0CDE","	Chamber1","	1","	B01??(?)","	21.3","	2026-07-24 16:08:00"
"	69BA0CDE","	Chamber1","	1","	B01??(%RH)","	81.5","	2026-07-24 16:07:58"
"	69BA0CDE","	Chamber1","	1","	B01??(?)","	21.3","	2026-07-24 16:07:58"
"	69BA0CDE","	Chamber1","	1","	B01??(%RH)","	81.4","	2026-07-24 16:07:56"
"	69BA0CDE","	Chamber1","	1","	B01??(?)","	21.3","	2026-07-24 16:07:56"
"	69BA0CDE","	Chamber1","	1","	B01??(%RH)","	81.4","	2026-07-24 16:07:54"
"	69BA0CDE","	Chamber1","	1","	B01??(?)","	21.3","	2026-07-24 16:07:54"
"	69BA0CDE","	Chamber1","	1","	B01??(%RH)","	81.4","	2026-07-24 16:07:52"
"	69BA0CDE","	Chamber1","	1","	B01??(?)","	21.3","	2026-07-24 16:07:52"
"	69BA0CDE","	Chamber1","	1","	B01??(%RH)","	81.4","	2026-07-24 16:07:50"
"	69BA0CDE","	Chamber1","	1","	B01??(?)","	21.3","	2026-07-24 16:07:50"
"	69BA0CDE","	Chamber1","	1","	B01??(%RH)","	81.4","	2026-07-24 16:07:48"
"	69BA0CDE","	Chamber1","	1","	B01??(?)","	21.3","	2026-07-24 16:07:48"
"	69BA0CDE","	Chamber1","	1","	B01??(%RH)","	81.6","	2026-07-24 16:07:46"
"	69BA0CDE","	Chamber1","	1","	B01??(?)","	21.3","	2026-07-24 16:07:46"
"	69BA0CDE","	Chamber1","	1","	B01??(%RH)","	81.9","	2026-07-24 16:07:44"
"	69BA0CDE","	Chamber1","	1","	B01??(?)","	21.3","	2026-07-24 16:07:44"
"	69BA0CDE","	Chamber1","	1","	B01??(%RH)","	82.3","	2026-07-24 16:07:42"
"	69BA0CDE","	Chamber1","	1","	B01??(?)","	21.3","	2026-07-24 16:07:42"
"	69BA0CDE","	Chamber1","	1","	B01??(%RH)","	82.4","	2026-07-24 16:07:40"
"	69BA0CDE","	Chamber1","	1","	B01??(?)","	21.3","	2026-07-24 16:07:40"
"	69BA0CDE","	Chamber1","	1","	B01??(%RH)","	82.6","	2026-07-24 16:07:38"
"	69BA0CDE","	Chamber1","	1","	B01??(?)","	21.3","	2026-07-24 16:07:38"
"	69BA0CDE","	Chamber1","	1","	B01??(%RH)","	82.7","	2026-07-24 16:07:36"
"	69BA0CDE","	Chamber1","	1","	B01??(?)","	21.3","	2026-07-24 16:07:36"
"	69BA0CDE","	Chamber1","	1","	B01??(%RH)","	82.7","	2026-07-24 16:07:34"
"	69BA0CDE","	Chamber1","	1","	B01??(?)","	21.3","	2026-07-24 16:07:34"
"	69BA0CDE","	Chamber1","	1","	B01??(%RH)","	82.7","	2026-07-24 16:07:32"
"	69BA0CDE","	Chamber1","	1","	B01??(?)","	21.3","	2026-07-24 16:07:32"
"	69BA0CDE","	Chamber1","	1","	B01??(%RH)","	82.7","	2026-07-24 16:07:30"
"	69BA0CDE","	Chamber1","	1","	B01??(?)","	21.3","	2026-07-24 16:07:30"
"	69BA0CDE","	Chamber1","	1","	B01??(%RH)","	82.9","	2026-07-24 16:07:28"
"	69BA0CDE","	Chamber1","	1","	B01??(?)","	21.3","	2026-07-24 16:07:28"
"	69BA0CDE","	Chamber1","	1","	B01??(%RH)","	82.9","	2026-07-24 16:07:26"
"	69BA0CDE","	Chamber1","	1","	B01??(?)","	21.3","	2026-07-24 16:07:26"
"	69BA0CDE","	Chamber1","	1","	B01??(%RH)","	82.8","	2026-07-24 16:07:24"
"	69BA0CDE","	Chamber1","	1","	B01??(?)","	21.3","	2026-07-24 16:07:24"
"	69BA0CDE","	Chamber1","	1","	B01??(%RH)","	82.6","	2026-07-24 16:07:21"
"	69BA0CDE","	Chamber1","	1","	B01??(?)","	21.3","	2026-07-24 16:07:21"
"	69BA0CDE","	Chamber1","	1","	B01??(%RH)","	82.6","	2026-07-24 16:07:19"
"	69BA0CDE","	Chamber1","	1","	B01??(?)","	21.3","	2026-07-24 16:07:19"
"	69BA0CDE","	Chamber1","	1","	B01??(%RH)","	82.6","	2026-07-24 16:07:17"
"	69BA0CDE","	Chamber1","	1","	B01??(?)","	21.3","	2026-07-24 16:07:17"
"	69BA0CDE","	Chamber1","	1","	B01??(%RH)","	82.7","	2026-07-24 16:07:15"
"	69BA0CDE","	Chamber1","	1","	B01??(?)","	21.3","	2026-07-24 16:07:15"
"	69BA0CDE","	Chamber1","	1","	B01??(%RH)","	82.7","	2026-07-24 16:07:13"
"	69BA0CDE","	Chamber1","	1","	B01??(?)","	21.3","	2026-07-24 16:07:13"
"	69BA0CDE","	Chamber1","	1","	B01??(%RH)","	82.7","	2026-07-24 16:07:11"
"	69BA0CDE","	Chamber1","	1","	B01??(?)","	21.3","	2026-07-24 16:07:11"
"	69BA0CDE","	Chamber1","	1","	B01??(%RH)","	82.7","	2026-07-24 16:07:09"
"	69BA0CDE","	Chamber1","	1","	B01??(?)","	21.3","	2026-07-24 16:07:09"
"	69BA0CDE","	Chamber1","	1","	B01??(%RH)","	82.6","	2026-07-24 16:07:07"
"	69BA0CDE","	Chamber1","	1","	B01??(?)","	21.3","	2026-07-24 16:07:07"
"	69BA0CDE","	Chamber1","	1","	B01??(%RH)","	82.4","	2026-07-24 16:07:05"
"	69BA0CDE","	Chamber1","	1","	B01??(?)","	21.3","	2026-07-24 16:07:05"
"	69BA0CDE","	Chamber1","	1","	B01??(%RH)","	82.3","	2026-07-24 16:07:03"
"	69BA0CDE","	Chamber1","	1","	B01??(?)","	21.3","	2026-07-24 16:07:03"
"	69BA0CDE","	Chamber1","	1","	B01??(%RH)","	82.1","	2026-07-24 16:07:01"
"	69BA0CDE","	Chamber1","	1","	B01??(?)","	21.3","	2026-07-24 16:07:01"
"	69BA0CDE","	Chamber1","	1","	B01??(%RH)","	81.9","	2026-07-24 16:06:59"
"	69BA0CDE","	Chamber1","	1","	B01??(?)","	21.3","	2026-07-24 16:06:59"
"	69BA0CDE","	Chamber1","	1","	B01??(%RH)","	81.8","	2026-07-24 16:06:57"
"	69BA0CDE","	Chamber1","	1","	B01??(?)","	21.2","	2026-07-24 16:06:57"
"	69BA0CDE","	Chamber1","	1","	B01??(%RH)","	82","	2026-07-24 16:06:55"
"	69BA0CDE","	Chamber1","	1","	B01??(?)","	21.3","	2026-07-24 16:06:55"
"	69BA0CDE","	Chamber1","	1","	B01??(%RH)","	82","	2026-07-24 16:06:53"
"	69BA0CDE","	Chamber1","	1","	B01??(?)","	21.2","	2026-07-24 16:06:53"
"	69BA0CDE","	Chamber1","	1","	B01??(%RH)","	82","	2026-07-24 16:06:51"
"	69BA0CDE","	Chamber1","	1","	B01??(?)","	21.2","	2026-07-24 16:06:51"
"	69BA0CDE","	Chamber1","	1","	B01??(%RH)","	82","	2026-07-24 16:06:49"
"	69BA0CDE","	Chamber1","	1","	B01??(?)","	21.3","	2026-07-24 16:06:49"
"	69BA0CDE","	Chamber1","	1","	B01??(%RH)","	82.1","	2026-07-24 16:06:47"
"	69BA0CDE","	Chamber1","	1","	B01??(?)","	21.2","	2026-07-24 16:06:47"
"	69BA0CDE","	Chamber1","	1","	B01??(%RH)","	82","	2026-07-24 16:06:45"
"	69BA0CDE","	Chamber1","	1","	B01??(?)","	21.3","	2026-07-24 16:06:45"
"	69BA0CDE","	Chamber1","	1","	B01??(%RH)","	81.9","	2026-07-24 16:06:43"
"	69BA0CDE","	Chamber1","	1","	B01??(?)","	21.3","	2026-07-24 16:06:43"
"	69BA0CDE","	Chamber1","	1","	B01??(%RH)","	81.8","	2026-07-24 16:06:41"
"	69BA0CDE","	Chamber1","	1","	B01??(?)","	21.3","	2026-07-24 16:06:41"
"	69BA0CDE","	Chamber1","	1","	B01??(%RH)","	81.8","	2026-07-24 16:06:38"
"	69BA0CDE","	Chamber1","	1","	B01??(?)","	21.2","	2026-07-24 16:06:38"
"	69BA0CDE","	Chamber1","	1","	B01??(%RH)","	81.9","	2026-07-24 16:06:36"
"	69BA0CDE","	Chamber1","	1","	B01??(?)","	21.3","	2026-07-24 16:06:36"
"	69BA0CDE","	Chamber1","	1","	B01??(%RH)","	81.9","	2026-07-24 16:06:34"
"	69BA0CDE","	Chamber1","	1","	B01??(?)","	21.2","	2026-07-24 16:06:34"
"	69BA0CDE","	Chamber1","	1","	B01??(%RH)","	81.9","	2026-07-24 16:06:32"
"	69BA0CDE","	Chamber1","	1","	B01??(?)","	21.2","	2026-07-24 16:06:32"
"	69BA0CDE","	Chamber1","	1","	B01??(%RH)","	81.9","	2026-07-24 16:06:30"
"	69BA0CDE","	Chamber1","	1","	B01??(?)","	21.3","	2026-07-24 16:06:30"
"	69BA0CDE","	Chamber1","	1","	B01??(%RH)","	81.9","	2026-07-24 16:06:28"
"	69BA0CDE","	Chamber1","	1","	B01??(?)","	21.2","	2026-07-24 16:06:28"
"	69BA0CDE","	Chamber1","	1","	B01??(%RH)","	81.9","	2026-07-24 16:06:26"
"	69BA0CDE","	Chamber1","	1","	B01??(?)","	21.2","	2026-07-24 16:06:26"
"	69BA0CDE","	Chamber1","	1","	B01??(%RH)","	81.9","	2026-07-24 16:06:24"
"	69BA0CDE","	Chamber1","	1","	B01??(?)","	21.2","	2026-07-24 16:06:24"
"	69BA0CDE","	Chamber1","	1","	B01??(%RH)","	81.8","	2026-07-24 16:06:22"
"	69BA0CDE","	Chamber1","	1","	B01??(?)","	21.2","	2026-07-24 16:06:22"
"	69BA0CDE","	Chamber1","	1","	B01??(%RH)","	81.8","	2026-07-24 16:06:20"
"	69BA0CDE","	Chamber1","	1","	B01??(?)","	21.2","	2026-07-24 16:06:20"
"	69BA0CDE","	Chamber1","	1","	B01??(%RH)","	82","	2026-07-24 16:06:18"
"	69BA0CDE","	Chamber1","	1","	B01??(?)","	21.2","	2026-07-24 16:06:18"
"	69BA0CDE","	Chamber1","	1","	B01??(%RH)","	82.4","	2026-07-24 16:06:16"
"	69BA0CDE","	Chamber1","	1","	B01??(?)","	21.2","	2026-07-24 16:06:16"
"	69BA0CDE","	Chamber1","	1","	B01??(%RH)","	82.7","	2026-07-24 16:06:14"
"	69BA0CDE","	Chamber1","	1","	B01??(?)","	21.3","	2026-07-24 16:06:14"
"	69BA0CDE","	Chamber1","	1","	B01??(%RH)","	83","	2026-07-24 16:06:12"
"	69BA0CDE","	Chamber1","	1","	B01??(?)","	21.2","	2026-07-24 16:06:12"
"	69BA0CDE","	Chamber1","	1","	B01??(%RH)","	83","	2026-07-24 16:06:10"
"	69BA0CDE","	Chamber1","	1","	B01??(?)","	21.2","	2026-07-24 16:06:10"
"	69BA0CDE","	Chamber1","	1","	B01??(%RH)","	83","	2026-07-24 16:06:08"
"	69BA0CDE","	Chamber1","	1","	B01??(?)","	21.2","	2026-07-24 16:06:08"
"	69BA0CDE","	Chamber1","	1","	B01??(%RH)","	82.7","	2026-07-24 16:06:06"
"	69BA0CDE","	Chamber1","	1","	B01??(?)","	21.2","	2026-07-24 16:06:06"
"	69BA0CDE","	Chamber1","	1","	B01??(%RH)","	82.5","	2026-07-24 16:06:04"
"	69BA0CDE","	Chamber1","	1","	B01??(?)","	21.2","	2026-07-24 16:06:04"
"	69BA0CDE","	Chamber1","	1","	B01??(%RH)","	82.4","	2026-07-24 16:06:02"
"	69BA0CDE","	Chamber1","	1","	B01??(?)","	21.3","	2026-07-24 16:06:02"
"	69BA0CDE","	Chamber1","	1","	B01??(%RH)","	82.3","	2026-07-24 16:06:00"
"	69BA0CDE","	Chamber1","	1","	B01??(?)","	21.3","	2026-07-24 16:06:00"
"	69BA0CDE","	Chamber1","	1","	B01??(%RH)","	82.2","	2026-07-24 16:05:58"
"	69BA0CDE","	Chamber1","	1","	B01??(?)","	21.2","	2026-07-24 16:05:58"
"	69BA0CDE","	Chamber1","	1","	B01??(%RH)","	82.2","	2026-07-24 16:05:55"
"	69BA0CDE","	Chamber1","	1","	B01??(?)","	21.2","	2026-07-24 16:05:55"
"	69BA0CDE","	Chamber1","	1","	B01??(%RH)","	82.1","	2026-07-24 16:05:53"
"	69BA0CDE","	Chamber1","	1","	B01??(?)","	21.2","	2026-07-24 16:05:53"
"	69BA0CDE","	Chamber1","	1","	B01??(%RH)","	82","	2026-07-24 16:05:51"
"	69BA0CDE","	Chamber1","	1","	B01??(?)","	21.2","	2026-07-24 16:05:51"
"	69BA0CDE","	Chamber1","	1","	B01??(%RH)","	82","	2026-07-24 16:05:49"
"	69BA0CDE","	Chamber1","	1","	B01??(?)","	21.2","	2026-07-24 16:05:49"
"	69BA0CDE","	Chamber1","	1","	B01??(%RH)","	82","	2026-07-24 16:05:47"
"	69BA0CDE","	Chamber1","	1","	B01??(?)","	21.2","	2026-07-24 16:05:47"
"	69BA0CDE","	Chamber1","	1","	B01??(%RH)","	81.9","	2026-07-24 16:05:45"
"	69BA0CDE","	Chamber1","	1","	B01??(?)","	21.3","	2026-07-24 16:05:45"
"	69BA0CDE","	Chamber1","	1","	B01??(%RH)","	81.8","	2026-07-24 16:05:43"
"	69BA0CDE","	Chamber1","	1","	B01??(?)","	21.3","	2026-07-24 16:05:43"
"	69BA0CDE","	Chamber1","	1","	B01??(%RH)","	81.8","	2026-07-24 16:05:41"
"	69BA0CDE","	Chamber1","	1","	B01??(?)","	21.2","	2026-07-24 16:05:41"
"	69BA0CDE","	Chamber1","	1","	B01??(%RH)","	82","	2026-07-24 16:05:39"
"	69BA0CDE","	Chamber1","	1","	B01??(?)","	21.3","	2026-07-24 16:05:39"
"	69BA0CDE","	Chamber1","	1","	B01??(%RH)","	82.2","	2026-07-24 16:05:37"
"	69BA0CDE","	Chamber1","	1","	B01??(?)","	21.2","	2026-07-24 16:05:37"
"	69BA0CDE","	Chamber1","	1","	B01??(%RH)","	82.3","	2026-07-24 16:05:35"
"	69BA0CDE","	Chamber1","	1","	B01??(?)","	21.2","	2026-07-24 16:05:35"
"	69BA0CDE","	Chamber1","	1","	B01??(%RH)","	82.5","	2026-07-24 16:05:33"
"	69BA0CDE","	Chamber1","	1","	B01??(?)","	21.2","	2026-07-24 16:05:33"
"	69BA0CDE","	Chamber1","	1","	B01??(%RH)","	82.5","	2026-07-24 16:05:31"
"	69BA0CDE","	Chamber1","	1","	B01??(?)","	21.3","	2026-07-24 16:05:31"
"	69BA0CDE","	Chamber1","	1","	B01??(%RH)","	82.4","	2026-07-24 16:05:29"
"	69BA0CDE","	Chamber1","	1","	B01??(?)","	21.2","	2026-07-24 16:05:29"
"	69BA0CDE","	Chamber1","	1","	B01??(%RH)","	82.3","	2026-07-24 16:05:27"
"	69BA0CDE","	Chamber1","	1","	B01??(?)","	21.3","	2026-07-24 16:05:27"
"	69BA0CDE","	Chamber1","	1","	B01??(%RH)","	82.3","	2026-07-24 16:05:25"
"	69BA0CDE","	Chamber1","	1","	B01??(?)","	21.2","	2026-07-24 16:05:25"
"	69BA0CDE","	Chamber1","	1","	B01??(%RH)","	82.3","	2026-07-24 16:05:23"
"	69BA0CDE","	Chamber1","	1","	B01??(?)","	21.3","	2026-07-24 16:05:23"
"	69BA0CDE","	Chamber1","	1","	B01??(%RH)","	82.3","	2026-07-24 16:05:21"
"	69BA0CDE","	Chamber1","	1","	B01??(?)","	21.2","	2026-07-24 16:05:21"
"	69BA0CDE","	Chamber1","	1","	B01??(%RH)","	82.1","	2026-07-24 16:05:19"
"	69BA0CDE","	Chamber1","	1","	B01??(?)","	21.3","	2026-07-24 16:05:19"
"	69BA0CDE","	Chamber1","	1","	B01??(%RH)","	81.8","	2026-07-24 16:05:17"
"	69BA0CDE","	Chamber1","	1","	B01??(?)","	21.3","	2026-07-24 16:05:17"
"	69BA0CDE","	Chamber1","	1","	B01??(%RH)","	81.7","	2026-07-24 16:05:15"
"	69BA0CDE","	Chamber1","	1","	B01??(?)","	21.3","	2026-07-24 16:05:15"
"	69BA0CDE","	Chamber1","	1","	B01??(%RH)","	81.6","	2026-07-24 16:05:12"
"	69BA0CDE","	Chamber1","	1","	B01??(?)","	21.2","	2026-07-24 16:05:12"
"	69BA0CDE","	Chamber1","	1","	B01??(%RH)","	81.8","	2026-07-24 16:05:10"
"	69BA0CDE","	Chamber1","	1","	B01??(?)","	21.3","	2026-07-24 16:05:10"
"	69BA0CDE","	Chamber1","	1","	B01??(%RH)","	82","	2026-07-24 16:05:08"
"	69BA0CDE","	Chamber1","	1","	B01??(?)","	21.2","	2026-07-24 16:05:08"
"	69BA0CDE","	Chamber1","	1","	B01??(%RH)","	82.1","	2026-07-24 16:05:06"
"	69BA0CDE","	Chamber1","	1","	B01??(?)","	21.2","	2026-07-24 16:05:06"
"	69BA0CDE","	Chamber1","	1","	B01??(%RH)","	82.3","	2026-07-24 16:05:04"
"	69BA0CDE","	Chamber1","	1","	B01??(?)","	21.3","	2026-07-24 16:05:04"
"	69BA0CDE","	Chamber1","	1","	B01??(%RH)","	82.3","	2026-07-24 16:05:02"
"	69BA0CDE","	Chamber1","	1","	B01??(?)","	21.3","	2026-07-24 16:05:02"
"	69BA0CDE","	Chamber1","	1","	B01??(%RH)","	82.3","	2026-07-24 16:05:00"
"	69BA0CDE","	Chamber1","	1","	B01??(?)","	21.2","	2026-07-24 16:05:00"
"	69BA0CDE","	Chamber1","	1","	B01??(%RH)","	82.4","	2026-07-24 16:04:58"
"	69BA0CDE","	Chamber1","	1","	B01??(?)","	21.3","	2026-07-24 16:04:58"
"	69BA0CDE","	Chamber1","	1","	B01??(%RH)","	82.6","	2026-07-24 16:04:56"
"	69BA0CDE","	Chamber1","	1","	B01??(?)","	21.2","	2026-07-24 16:04:56"
"	69BA0CDE","	Chamber1","	1","	B01??(%RH)","	82.6","	2026-07-24 16:04:54"
"	69BA0CDE","	Chamber1","	1","	B01??(?)","	21.3","	2026-07-24 16:04:54"
"	69BA0CDE","	Chamber1","	1","	B01??(%RH)","	82.6","	2026-07-24 16:04:52"
"	69BA0CDE","	Chamber1","	1","	B01??(?)","	21.3","	2026-07-24 16:04:52"
"	69BA0CDE","	Chamber1","	1","	B01??(%RH)","	82.5","	2026-07-24 16:04:50"
"	69BA0CDE","	Chamber1","	1","	B01??(?)","	21.2","	2026-07-24 16:04:50"
"	69BA0CDE","	Chamber1","	1","	B01??(%RH)","	82.3","	2026-07-24 16:04:48"
"	69BA0CDE","	Chamber1","	1","	B01??(?)","	21.3","	2026-07-24 16:04:48"
"	69BA0CDE","	Chamber1","	1","	B01??(%RH)","	82.1","	2026-07-24 16:04:46"
"	69BA0CDE","	Chamber1","	1","	B01??(?)","	21.2","	2026-07-24 16:04:46"
"	69BA0CDE","	Chamber1","	1","	B01??(%RH)","	81.9","	2026-07-24 16:04:44"
"	69BA0CDE","	Chamber1","	1","	B01??(?)","	21.2","	2026-07-24 16:04:44"
"	69BA0CDE","	Chamber1","	1","	B01??(%RH)","	82.1","	2026-07-24 16:04:42"
"	69BA0CDE","	Chamber1","	1","	B01??(?)","	21.3","	2026-07-24 16:04:42"
"	69BA0CDE","	Chamber1","	1","	B01??(%RH)","	82.4","	2026-07-24 16:04:40"
"	69BA0CDE","	Chamber1","	1","	B01??(?)","	21.2","	2026-07-24 16:04:40"
"	69BA0CDE","	Chamber1","	1","	B01??(%RH)","	82.4","	2026-07-24 16:04:38"
"	69BA0CDE","	Chamber1","	1","	B01??(?)","	21.3","	2026-07-24 16:04:38"
"	69BA0CDE","	Chamber1","	1","	B01??(%RH)","	82.4","	2026-07-24 16:04:36"
"	69BA0CDE","	Chamber1","	1","	B01??(?)","	21.3","	2026-07-24 16:04:36"
"	69BA0CDE","	Chamber1","	1","	B01??(%RH)","	82.4","	2026-07-24 16:04:34"
"	69BA0CDE","	Chamber1","	1","	B01??(?)","	21.2","	2026-07-24 16:04:34"
"	69BA0CDE","	Chamber1","	1","	B01??(%RH)","	82.5","	2026-07-24 16:04:32"
"	69BA0CDE","	Chamber1","	1","	B01??(?)","	21.3","	2026-07-24 16:04:32"
"	69BA0CDE","	Chamber1","	1","	B01??(%RH)","	82.6","	2026-07-24 16:04:29"
"	69BA0CDE","	Chamber1","	1","	B01??(?)","	21.2","	2026-07-24 16:04:29"
"	69BA0CDE","	Chamber1","	1","	B01??(%RH)","	82.7","	2026-07-24 16:04:27"
"	69BA0CDE","	Chamber1","	1","	B01??(?)","	21.2","	2026-07-24 16:04:27"
"	69BA0CDE","	Chamber1","	1","	B01??(%RH)","	82.8","	2026-07-24 16:04:25"
"	69BA0CDE","	Chamber1","	1","	B01??(?)","	21.2","	2026-07-24 16:04:25"
"	69BA0CDE","	Chamber1","	1","	B01??(%RH)","	82.9","	2026-07-24 16:04:23"
"	69BA0CDE","	Chamber1","	1","	B01??(?)","	21.2","	2026-07-24 16:04:23"
"	69BA0CDE","	Chamber1","	1","	B01??(%RH)","	82.9","	2026-07-24 16:04:21"
"	69BA0CDE","	Chamber1","	1","	B01??(?)","	21.2","	2026-07-24 16:04:21"
"	69BA0CDE","	Chamber1","	1","	B01??(%RH)","	82.8","	2026-07-24 16:04:19"
"	69BA0CDE","	Chamber1","	1","	B01??(?)","	21.2","	2026-07-24 16:04:19"
"	69BA0CDE","	Chamber1","	1","	B01??(%RH)","	82.9","	2026-07-24 16:04:17"
"	69BA0CDE","	Chamber1","	1","	B01??(?)","	21.2","	2026-07-24 16:04:17"
"	69BA0CDE","	Chamber1","	1","	B01??(%RH)","	83.2","	2026-07-24 16:04:15"
"	69BA0CDE","	Chamber1","	1","	B01??(?)","	21.2","	2026-07-24 16:04:15"
"	69BA0CDE","	Chamber1","	1","	B01??(%RH)","	83.4","	2026-07-24 16:04:13"
"	69BA0CDE","	Chamber1","	1","	B01??(?)","	21.2","	2026-07-24 16:04:13"
"	69BA0CDE","	Chamber1","	1","	B01??(%RH)","	83.3","	2026-07-24 16:04:11"
"	69BA0CDE","	Chamber1","	1","	B01??(?)","	21.2","	2026-07-24 16:04:11"
"	69BA0CDE","	Chamber1","	1","	B01??(%RH)","	83.3","	2026-07-24 16:04:09"
"	69BA0CDE","	Chamber1","	1","	B01??(?)","	21.2","	2026-07-24 16:04:09"
"	69BA0CDE","	Chamber1","	1","	B01??(%RH)","	83.3","	2026-07-24 16:04:07"
"	69BA0CDE","	Chamber1","	1","	B01??(?)","	21.2","	2026-07-24 16:04:07"
"	69BA0CDE","	Chamber1","	1","	B01??(%RH)","	83.4","	2026-07-24 16:04:05"
"	69BA0CDE","	Chamber1","	1","	B01??(?)","	21.2","	2026-07-24 16:04:05"
"	69BA0CDE","	Chamber1","	1","	B01??(%RH)","	83.4","	2026-07-24 16:04:03"
"	69BA0CDE","	Chamber1","	1","	B01??(?)","	21.2","	2026-07-24 16:04:03"
"	69BA0CDE","	Chamber1","	1","	B01??(%RH)","	83.5","	2026-07-24 16:04:01"
"	69BA0CDE","	Chamber1","	1","	B01??(?)","	21.2","	2026-07-24 16:04:01"
"	69BA0CDE","	Chamber1","	1","	B01??(%RH)","	83.7","	2026-07-24 16:03:59"
"	69BA0CDE","	Chamber1","	1","	B01??(?)","	21.2","	2026-07-24 16:03:59"
"	69BA0CDE","	Chamber1","	1","	B01??(%RH)","	84","	2026-07-24 16:03:57"
"	69BA0CDE","	Chamber1","	1","	B01??(?)","	21.2","	2026-07-24 16:03:57"
"	69BA0CDE","	Chamber1","	1","	B01??(%RH)","	84","	2026-07-24 16:03:55"
"	69BA0CDE","	Chamber1","	1","	B01??(?)","	21.2","	2026-07-24 16:03:55"
"	69BA0CDE","	Chamber1","	1","	B01??(%RH)","	84","	2026-07-24 16:03:53"
"	69BA0CDE","	Chamber1","	1","	B01??(?)","	21.2","	2026-07-24 16:03:53"
"	69BA0CDE","	Chamber1","	1","	B01??(%RH)","	83.9","	2026-07-24 16:03:51"
"	69BA0CDE","	Chamber1","	1","	B01??(?)","	21.2","	2026-07-24 16:03:51"
"	69BA0CDE","	Chamber1","	1","	B01??(%RH)","	83.9","	2026-07-24 16:03:49"
"	69BA0CDE","	Chamber1","	1","	B01??(?)","	21.2","	2026-07-24 16:03:49"
"	69BA0CDE","	Chamber1","	1","	B01??(%RH)","	83.9","	2026-07-24 16:03:46"
"	69BA0CDE","	Chamber1","	1","	B01??(?)","	21.2","	2026-07-24 16:03:46"
"	69BA0CDE","	Chamber1","	1","	B01??(%RH)","	83.9","	2026-07-24 16:03:44"
"	69BA0CDE","	Chamber1","	1","	B01??(?)","	21.2","	2026-07-24 16:03:44"
"	69BA0CDE","	Chamber1","	1","	B01??(%RH)","	83.9","	2026-07-24 16:03:42"
"	69BA0CDE","	Chamber1","	1","	B01??(?)","	21.2","	2026-07-24 16:03:42"
"	69BA0CDE","	Chamber1","	1","	B01??(%RH)","	83.9","	2026-07-24 16:03:40"
"	69BA0CDE","	Chamber1","	1","	B01??(?)","	21.2","	2026-07-24 16:03:40"
"	69BA0CDE","	Chamber1","	1","	B01??(%RH)","	84","	2026-07-24 16:03:38"
"	69BA0CDE","	Chamber1","	1","	B01??(?)","	21.2","	2026-07-24 16:03:38"
"	69BA0CDE","	Chamber1","	1","	B01??(%RH)","	84","	2026-07-24 16:03:36"
"	69BA0CDE","	Chamber1","	1","	B01??(?)","	21.2","	2026-07-24 16:03:36"
"	69BA0CDE","	Chamber1","	1","	B01??(%RH)","	83.9","	2026-07-24 16:03:34"
"	69BA0CDE","	Chamber1","	1","	B01??(?)","	21.2","	2026-07-24 16:03:34"
"	69BA0CDE","	Chamber1","	1","	B01??(%RH)","	83.9","	2026-07-24 16:03:32"
"	69BA0CDE","	Chamber1","	1","	B01??(?)","	21.2","	2026-07-24 16:03:32"
"	69BA0CDE","	Chamber1","	1","	B01??(%RH)","	83.9","	2026-07-24 16:03:30"
"	69BA0CDE","	Chamber1","	1","	B01??(?)","	21.1","	2026-07-24 16:03:30"
"	69BA0CDE","	Chamber1","	1","	B01??(%RH)","	83.9","	2026-07-24 16:03:28"
"	69BA0CDE","	Chamber1","	1","	B01??(?)","	21.1","	2026-07-24 16:03:28"
"	69BA0CDE","	Chamber1","	1","	B01??(%RH)","	84","	2026-07-24 16:03:26"
"	69BA0CDE","	Chamber1","	1","	B01??(?)","	21.1","	2026-07-24 16:03:26"
"	69BA0CDE","	Chamber1","	1","	B01??(%RH)","	84","	2026-07-24 16:03:24"
"	69BA0CDE","	Chamber1","	1","	B01??(?)","	21.1","	2026-07-24 16:03:24"
"	69BA0CDE","	Chamber1","	1","	B01??(%RH)","	84.1","	2026-07-24 16:03:22"
"	69BA0CDE","	Chamber1","	1","	B01??(?)","	21.1","	2026-07-24 16:03:22"
"	69BA0CDE","	Chamber1","	1","	B01??(%RH)","	84.2","	2026-07-24 16:03:20"
"	69BA0CDE","	Chamber1","	1","	B01??(?)","	21.1","	2026-07-24 16:03:20"
"	69BA0CDE","	Chamber1","	1","	B01??(%RH)","	84.1","	2026-07-24 16:03:18"
"	69BA0CDE","	Chamber1","	1","	B01??(?)","	21.1","	2026-07-24 16:03:18"
"	69BA0CDE","	Chamber1","	1","	B01??(%RH)","	84.2","	2026-07-24 16:03:16"
"	69BA0CDE","	Chamber1","	1","	B01??(?)","	21.1","	2026-07-24 16:03:16"
"	69BA0CDE","	Chamber1","	1","	B01??(%RH)","	84.1","	2026-07-24 16:03:14"
"	69BA0CDE","	Chamber1","	1","	B01??(?)","	21.1","	2026-07-24 16:03:14"
"	69BA0CDE","	Chamber1","	1","	B01??(%RH)","	84.1","	2026-07-24 16:03:12"
"	69BA0CDE","	Chamber1","	1","	B01??(?)","	21.1","	2026-07-24 16:03:12"
"	69BA0CDE","	Chamber1","	1","	B01??(%RH)","	84.2","	2026-07-24 16:03:10"
"	69BA0CDE","	Chamber1","	1","	B01??(?)","	21.1","	2026-07-24 16:03:10"
"	69BA0CDE","	Chamber1","	1","	B01??(%RH)","	84.2","	2026-07-24 16:03:08"
"	69BA0CDE","	Chamber1","	1","	B01??(?)","	21.1","	2026-07-24 16:03:08"
"	69BA0CDE","	Chamber1","	1","	B01??(%RH)","	84.1","	2026-07-24 16:03:06"
"	69BA0CDE","	Chamber1","	1","	B01??(?)","	21.1","	2026-07-24 16:03:06"
"	69BA0CDE","	Chamber1","	1","	B01??(%RH)","	84.1","	2026-07-24 16:03:04"
"	69BA0CDE","	Chamber1","	1","	B01??(?)","	21.1","	2026-07-24 16:03:04"
"	69BA0CDE","	Chamber1","	1","	B01??(%RH)","	84.2","	2026-07-24 16:03:01"
"	69BA0CDE","	Chamber1","	1","	B01??(?)","	21.1","	2026-07-24 16:03:01"
"	69BA0CDE","	Chamber1","	1","	B01??(%RH)","	84.4","	2026-07-24 16:02:59"
"	69BA0CDE","	Chamber1","	1","	B01??(?)","	21.1","	2026-07-24 16:02:59"
"	69BA0CDE","	Chamber1","	1","	B01??(%RH)","	84.5","	2026-07-24 16:02:57"
"	69BA0CDE","	Chamber1","	1","	B01??(?)","	21.1","	2026-07-24 16:02:57"
"	69BA0CDE","	Chamber1","	1","	B01??(%RH)","	84.4","	2026-07-24 16:02:55"
"	69BA0CDE","	Chamber1","	1","	B01??(?)","	21.1","	2026-07-24 16:02:55"
"	69BA0CDE","	Chamber1","	1","	B01??(%RH)","	84.4","	2026-07-24 16:02:53"
"	69BA0CDE","	Chamber1","	1","	B01??(?)","	21.1","	2026-07-24 16:02:53"
"	69BA0CDE","	Chamber1","	1","	B01??(%RH)","	84.4","	2026-07-24 16:02:51"
"	69BA0CDE","	Chamber1","	1","	B01??(?)","	21.1","	2026-07-24 16:02:51"
"	69BA0CDE","	Chamber1","	1","	B01??(%RH)","	84.4","	2026-07-24 16:02:49"
"	69BA0CDE","	Chamber1","	1","	B01??(?)","	21.1","	2026-07-24 16:02:49"
"	69BA0CDE","	Chamber1","	1","	B01??(%RH)","	84.4","	2026-07-24 16:02:47"
"	69BA0CDE","	Chamber1","	1","	B01??(?)","	21.1","	2026-07-24 16:02:47"
"	69BA0CDE","	Chamber1","	1","	B01??(%RH)","	84.4","	2026-07-24 16:02:45"
"	69BA0CDE","	Chamber1","	1","	B01??(?)","	21.1","	2026-07-24 16:02:45"
"	69BA0CDE","	Chamber1","	1","	B01??(%RH)","	84.5","	2026-07-24 16:02:43"
"	69BA0CDE","	Chamber1","	1","	B01??(?)","	21.1","	2026-07-24 16:02:43"
"	69BA0CDE","	Chamber1","	1","	B01??(%RH)","	84.5","	2026-07-24 16:02:41"
"	69BA0CDE","	Chamber1","	1","	B01??(?)","	21.1","	2026-07-24 16:02:41"
"	69BA0CDE","	Chamber1","	1","	B01??(%RH)","	84.4","	2026-07-24 16:02:39"
"	69BA0CDE","	Chamber1","	1","	B01??(?)","	21.1","	2026-07-24 16:02:39"
"	69BA0CDE","	Chamber1","	1","	B01??(%RH)","	84.4","	2026-07-24 16:02:37"
"	69BA0CDE","	Chamber1","	1","	B01??(?)","	21.1","	2026-07-24 16:02:37"
"	69BA0CDE","	Chamber1","	1","	B01??(%RH)","	84.4","	2026-07-24 16:02:35"
"	69BA0CDE","	Chamber1","	1","	B01??(?)","	21.1","	2026-07-24 16:02:35"
"	69BA0CDE","	Chamber1","	1","	B01??(%RH)","	84.3","	2026-07-24 16:02:33"
"	69BA0CDE","	Chamber1","	1","	B01??(?)","	21.1","	2026-07-24 16:02:33"
"	69BA0CDE","	Chamber1","	1","	B01??(%RH)","	84.4","	2026-07-24 16:02:31"
"	69BA0CDE","	Chamber1","	1","	B01??(?)","	21.1","	2026-07-24 16:02:31"
"	69BA0CDE","	Chamber1","	1","	B01??(%RH)","	84.4","	2026-07-24 16:02:29"
"	69BA0CDE","	Chamber1","	1","	B01??(?)","	21.1","	2026-07-24 16:02:29"
"	69BA0CDE","	Chamber1","	1","	B01??(%RH)","	84.4","	2026-07-24 16:02:27"
"	69BA0CDE","	Chamber1","	1","	B01??(?)","	21.1","	2026-07-24 16:02:27"
"	69BA0CDE","	Chamber1","	1","	B01??(%RH)","	84.3","	2026-07-24 16:02:25"
"	69BA0CDE","	Chamber1","	1","	B01??(?)","	21.1","	2026-07-24 16:02:25"
"	69BA0CDE","	Chamber1","	1","	B01??(%RH)","	84.3","	2026-07-24 16:02:23"
"	69BA0CDE","	Chamber1","	1","	B01??(?)","	21.1","	2026-07-24 16:02:23"
"	69BA0CDE","	Chamber1","	1","	B01??(%RH)","	84.2","	2026-07-24 16:02:21"
"	69BA0CDE","	Chamber1","	1","	B01??(?)","	21.1","	2026-07-24 16:02:21"
"	69BA0CDE","	Chamber1","	1","	B01??(%RH)","	84.2","	2026-07-24 16:02:19"
"	69BA0CDE","	Chamber1","	1","	B01??(?)","	21","	2026-07-24 16:02:19"
"	69BA0CDE","	Chamber1","	1","	B01??(%RH)","	84.2","	2026-07-24 16:02:16"
"	69BA0CDE","	Chamber1","	1","	B01??(?)","	21.1","	2026-07-24 16:02:16"
"	69BA0CDE","	Chamber1","	1","	B01??(%RH)","	84.3","	2026-07-24 16:02:14"
"	69BA0CDE","	Chamber1","	1","	B01??(?)","	21.1","	2026-07-24 16:02:14"
"	69BA0CDE","	Chamber1","	1","	B01??(%RH)","	84.3","	2026-07-24 16:02:12"
"	69BA0CDE","	Chamber1","	1","	B01??(?)","	21.1","	2026-07-24 16:02:12"
"	69BA0CDE","	Chamber1","	1","	B01??(%RH)","	84.4","	2026-07-24 16:02:10"
"	69BA0CDE","	Chamber1","	1","	B01??(?)","	21.1","	2026-07-24 16:02:10"
"	69BA0CDE","	Chamber1","	1","	B01??(%RH)","	84.5","	2026-07-24 16:02:08"
"	69BA0CDE","	Chamber1","	1","	B01??(?)","	21.1","	2026-07-24 16:02:08"
"	69BA0CDE","	Chamber1","	1","	B01??(%RH)","	84.6","	2026-07-24 16:02:06"
"	69BA0CDE","	Chamber1","	1","	B01??(?)","	21.1","	2026-07-24 16:02:06"
"	69BA0CDE","	Chamber1","	1","	B01??(%RH)","	84.6","	2026-07-24 16:02:04"
"	69BA0CDE","	Chamber1","	1","	B01??(?)","	21.1","	2026-07-24 16:02:04"
"	69BA0CDE","	Chamber1","	1","	B01??(%RH)","	84.6","	2026-07-24 16:02:02"
"	69BA0CDE","	Chamber1","	1","	B01??(?)","	21.1","	2026-07-24 16:02:02"
"	69BA0CDE","	Chamber1","	1","	B01??(%RH)","	84.5","	2026-07-24 16:02:00"
"	69BA0CDE","	Chamber1","	1","	B01??(?)","	21.1","	2026-07-24 16:02:00"
"	69BA0CDE","	Chamber1","	1","	B01??(%RH)","	84.5","	2026-07-24 16:01:58"
"	69BA0CDE","	Chamber1","	1","	B01??(?)","	21.1","	2026-07-24 16:01:58"
"	69BA0CDE","	Chamber1","	1","	B01??(%RH)","	84.4","	2026-07-24 16:01:56"
"	69BA0CDE","	Chamber1","	1","	B01??(?)","	21","	2026-07-24 16:01:56"
"	69BA0CDE","	Chamber1","	1","	B01??(%RH)","	84.5","	2026-07-24 16:01:54"
"	69BA0CDE","	Chamber1","	1","	B01??(?)","	21.1","	2026-07-24 16:01:54"
"	69BA0CDE","	Chamber1","	1","	B01??(%RH)","	84.5","	2026-07-24 16:01:52"
"	69BA0CDE","	Chamber1","	1","	B01??(?)","	21","	2026-07-24 16:01:52"
"	69BA0CDE","	Chamber1","	1","	B01??(%RH)","	84.6","	2026-07-24 16:01:50"
"	69BA0CDE","	Chamber1","	1","	B01??(?)","	21","	2026-07-24 16:01:50"
"	69BA0CDE","	Chamber1","	1","	B01??(%RH)","	84.6","	2026-07-24 16:01:48"
"	69BA0CDE","	Chamber1","	1","	B01??(?)","	21","	2026-07-24 16:01:48"
"	69BA0CDE","	Chamber1","	1","	B01??(%RH)","	84.7","	2026-07-24 16:01:46"
"	69BA0CDE","	Chamber1","	1","	B01??(?)","	21","	2026-07-24 16:01:46"
"	69BA0CDE","	Chamber1","	1","	B01??(%RH)","	84.5","	2026-07-24 16:01:44"
"	69BA0CDE","	Chamber1","	1","	B01??(?)","	21.1","	2026-07-24 16:01:44"
"	69BA0CDE","	Chamber1","	1","	B01??(%RH)","	84.3","	2026-07-24 16:01:42"
"	69BA0CDE","	Chamber1","	1","	B01??(?)","	21","	2026-07-24 16:01:42"
"	69BA0CDE","	Chamber1","	1","	B01??(%RH)","	84.2","	2026-07-24 16:01:40"
"	69BA0CDE","	Chamber1","	1","	B01??(?)","	21","	2026-07-24 16:01:40"
"	69BA0CDE","	Chamber1","	1","	B01??(%RH)","	84.1","	2026-07-24 16:01:38"
"	69BA0CDE","	Chamber1","	1","	B01??(?)","	21","	2026-07-24 16:01:38"
"	69BA0CDE","	Chamber1","	1","	B01??(%RH)","	84.3","	2026-07-24 16:01:35"
"	69BA0CDE","	Chamber1","	1","	B01??(?)","	21","	2026-07-24 16:01:35"
"	69BA0CDE","	Chamber1","	1","	B01??(%RH)","	84.5","	2026-07-24 16:01:33"
"	69BA0CDE","	Chamber1","	1","	B01??(?)","	21","	2026-07-24 16:01:33"
"	69BA0CDE","	Chamber1","	1","	B01??(%RH)","	84.9","	2026-07-24 16:01:31"
"	69BA0CDE","	Chamber1","	1","	B01??(?)","	21","	2026-07-24 16:01:31"
"	69BA0CDE","	Chamber1","	1","	B01??(%RH)","	85.2","	2026-07-24 16:01:29"
"	69BA0CDE","	Chamber1","	1","	B01??(?)","	21","	2026-07-24 16:01:29"
"	69BA0CDE","	Chamber1","	1","	B01??(%RH)","	85.3","	2026-07-24 16:01:27"
"	69BA0CDE","	Chamber1","	1","	B01??(?)","	21","	2026-07-24 16:01:27"
"	69BA0CDE","	Chamber1","	1","	B01??(%RH)","	85.3","	2026-07-24 16:01:25"
"	69BA0CDE","	Chamber1","	1","	B01??(?)","	21","	2026-07-24 16:01:25"
"	69BA0CDE","	Chamber1","	1","	B01??(%RH)","	85.3","	2026-07-24 16:01:23"
"	69BA0CDE","	Chamber1","	1","	B01??(?)","	21","	2026-07-24 16:01:23"
"	69BA0CDE","	Chamber1","	1","	B01??(%RH)","	85.3","	2026-07-24 16:01:21"
"	69BA0CDE","	Chamber1","	1","	B01??(?)","	21","	2026-07-24 16:01:21"
"	69BA0CDE","	Chamber1","	1","	B01??(%RH)","	85.2","	2026-07-24 16:01:19"
"	69BA0CDE","	Chamber1","	1","	B01??(?)","	21","	2026-07-24 16:01:19"
"	69BA0CDE","	Chamber1","	1","	B01??(%RH)","	85.3","	2026-07-24 16:01:17"
"	69BA0CDE","	Chamber1","	1","	B01??(?)","	21","	2026-07-24 16:01:17"
"	69BA0CDE","	Chamber1","	1","	B01??(%RH)","	85.3","	2026-07-24 16:01:15"
"	69BA0CDE","	Chamber1","	1","	B01??(?)","	21","	2026-07-24 16:01:15"
"	69BA0CDE","	Chamber1","	1","	B01??(%RH)","	85.3","	2026-07-24 16:01:13"
"	69BA0CDE","	Chamber1","	1","	B01??(?)","	21","	2026-07-24 16:01:13"
"	69BA0CDE","	Chamber1","	1","	B01??(%RH)","	85.3","	2026-07-24 16:01:11"
"	69BA0CDE","	Chamber1","	1","	B01??(?)","	21","	2026-07-24 16:01:11"
"	69BA0CDE","	Chamber1","	1","	B01??(%RH)","	85.3","	2026-07-24 16:01:09"
"	69BA0CDE","	Chamber1","	1","	B01??(?)","	21","	2026-07-24 16:01:09"
"	69BA0CDE","	Chamber1","	1","	B01??(%RH)","	85.2","	2026-07-24 16:01:07"
"	69BA0CDE","	Chamber1","	1","	B01??(?)","	21","	2026-07-24 16:01:07"
"	69BA0CDE","	Chamber1","	1","	B01??(%RH)","	85.2","	2026-07-24 16:01:05"
"	69BA0CDE","	Chamber1","	1","	B01??(?)","	21","	2026-07-24 16:01:05"
"	69BA0CDE","	Chamber1","	1","	B01??(%RH)","	85.2","	2026-07-24 16:01:03"
"	69BA0CDE","	Chamber1","	1","	B01??(?)","	21","	2026-07-24 16:01:03"
"	69BA0CDE","	Chamber1","	1","	B01??(%RH)","	85.2","	2026-07-24 16:01:01"
"	69BA0CDE","	Chamber1","	1","	B01??(?)","	21","	2026-07-24 16:01:01"
"	69BA0CDE","	Chamber1","	1","	B01??(%RH)","	85.5","	2026-07-24 16:00:59"
"	69BA0CDE","	Chamber1","	1","	B01??(?)","	21","	2026-07-24 16:00:59"
"	69BA0CDE","	Chamber1","	1","	B01??(%RH)","	85.6","	2026-07-24 16:00:57"
"	69BA0CDE","	Chamber1","	1","	B01??(?)","	21","	2026-07-24 16:00:57"
"	69BA0CDE","	Chamber1","	1","	B01??(%RH)","	85.7","	2026-07-24 16:00:55"
"	69BA0CDE","	Chamber1","	1","	B01??(?)","	21","	2026-07-24 16:00:55"
"	69BA0CDE","	Chamber1","	1","	B01??(%RH)","	85.7","	2026-07-24 16:00:53"
"	69BA0CDE","	Chamber1","	1","	B01??(?)","	21","	2026-07-24 16:00:53"
"	69BA0CDE","	Chamber1","	1","	B01??(%RH)","	85.8","	2026-07-24 16:00:50"
"	69BA0CDE","	Chamber1","	1","	B01??(?)","	21","	2026-07-24 16:00:50"
"	69BA0CDE","	Chamber1","	1","	B01??(%RH)","	85.8","	2026-07-24 16:00:48"
"	69BA0CDE","	Chamber1","	1","	B01??(?)","	21","	2026-07-24 16:00:48"
"	69BA0CDE","	Chamber1","	1","	B01??(%RH)","	85.8","	2026-07-24 16:00:46"
"	69BA0CDE","	Chamber1","	1","	B01??(?)","	21","	2026-07-24 16:00:46"
"	69BA0CDE","	Chamber1","	1","	B01??(%RH)","	85.8","	2026-07-24 16:00:44"
"	69BA0CDE","	Chamber1","	1","	B01??(?)","	21","	2026-07-24 16:00:44"
"	69BA0CDE","	Chamber1","	1","	B01??(%RH)","	85.7","	2026-07-24 16:00:42"
"	69BA0CDE","	Chamber1","	1","	B01??(?)","	20.9","	2026-07-24 16:00:42"
"	69BA0CDE","	Chamber1","	1","	B01??(%RH)","	85.7","	2026-07-24 16:00:40"
"	69BA0CDE","	Chamber1","	1","	B01??(?)","	21","	2026-07-24 16:00:40"
"	69BA0CDE","	Chamber1","	1","	B01??(?)","	21","	2026-07-24 16:00:38"
"	69BA0CDE","	Chamber1","	1","	B01??(%RH)","	85.8","	2026-07-24 16:00:38"
"	69BA0CDE","	Chamber1","	1","	B01??(%RH)","	85.9","	2026-07-24 16:00:36"
"	69BA0CDE","	Chamber1","	1","	B01??(?)","	20.9","	2026-07-24 16:00:36"
"	69BA0CDE","	Chamber1","	1","	B01??(%RH)","	85.9","	2026-07-24 16:00:34"
"	69BA0CDE","	Chamber1","	1","	B01??(?)","	21","	2026-07-24 16:00:34"
"	69BA0CDE","	Chamber1","	1","	B01??(%RH)","	85.9","	2026-07-24 16:00:32"
"	69BA0CDE","	Chamber1","	1","	B01??(?)","	20.9","	2026-07-24 16:00:32"
"	69BA0CDE","	Chamber1","	1","	B01??(%RH)","	86.1","	2026-07-24 16:00:30"
"	69BA0CDE","	Chamber1","	1","	B01??(?)","	20.9","	2026-07-24 16:00:30"
"	69BA0CDE","	Chamber1","	1","	B01??(%RH)","	86.2","	2026-07-24 16:00:28"
"	69BA0CDE","	Chamber1","	1","	B01??(?)","	20.9","	2026-07-24 16:00:28"
"	69BA0CDE","	Chamber1","	1","	B01??(%RH)","	86.3","	2026-07-24 16:00:26"
"	69BA0CDE","	Chamber1","	1","	B01??(?)","	20.9","	2026-07-24 16:00:26"
"	69BA0CDE","	Chamber1","	1","	B01??(%RH)","	86.2","	2026-07-24 16:00:24"
"	69BA0CDE","	Chamber1","	1","	B01??(?)","	20.9","	2026-07-24 16:00:24"
"	69BA0CDE","	Chamber1","	1","	B01??(%RH)","	86.2","	2026-07-24 16:00:22"
"	69BA0CDE","	Chamber1","	1","	B01??(?)","	20.9","	2026-07-24 16:00:22"
"	69BA0CDE","	Chamber1","	1","	B01??(%RH)","	86.1","	2026-07-24 16:00:20"
"	69BA0CDE","	Chamber1","	1","	B01??(?)","	20.9","	2026-07-24 16:00:20"
"	69BA0CDE","	Chamber1","	1","	B01??(%RH)","	86","	2026-07-24 16:00:18"
"	69BA0CDE","	Chamber1","	1","	B01??(?)","	20.9","	2026-07-24 16:00:18"
"	69BA0CDE","	Chamber1","	1","	B01??(%RH)","	85.9","	2026-07-24 16:00:16"
"	69BA0CDE","	Chamber1","	1","	B01??(?)","	20.9","	2026-07-24 16:00:16"
"	69BA0CDE","	Chamber1","	1","	B01??(%RH)","	86","	2026-07-24 16:00:14"
"	69BA0CDE","	Chamber1","	1","	B01??(?)","	20.9","	2026-07-24 16:00:14"
"	69BA0CDE","	Chamber1","	1","	B01??(%RH)","	86.1","	2026-07-24 16:00:12"
"	69BA0CDE","	Chamber1","	1","	B01??(?)","	20.9","	2026-07-24 16:00:12"
"	69BA0CDE","	Chamber1","	1","	B01??(%RH)","	86.1","	2026-07-24 16:00:10"
"	69BA0CDE","	Chamber1","	1","	B01??(?)","	20.9","	2026-07-24 16:00:10"
"	69BA0CDE","	Chamber1","	1","	B01??(%RH)","	86.1","	2026-07-24 16:00:07"
"	69BA0CDE","	Chamber1","	1","	B01??(?)","	20.9","	2026-07-24 16:00:07"
"	69BA0CDE","	Chamber1","	1","	B01??(%RH)","	86","	2026-07-24 16:00:05"
"	69BA0CDE","	Chamber1","	1","	B01??(?)","	20.9","	2026-07-24 16:00:05"
"	69BA0CDE","	Chamber1","	1","	B01??(%RH)","	86.1","	2026-07-24 16:00:03"
"	69BA0CDE","	Chamber1","	1","	B01??(?)","	20.9","	2026-07-24 16:00:03"
"	69BA0CDE","	Chamber1","	1","	B01??(%RH)","	86.1","	2026-07-24 16:00:01"
"	69BA0CDE","	Chamber1","	1","	B01??(?)","	20.9","	2026-07-24 16:00:01"
"	69BA0CDE","	Chamber1","	1","	B01??(%RH)","	86.2","	2026-07-24 15:59:59"
"	69BA0CDE","	Chamber1","	1","	B01??(?)","	20.9","	2026-07-24 15:59:59"
"	69BA0CDE","	Chamber1","	1","	B01??(%RH)","	86.2","	2026-07-24 15:59:57"
"	69BA0CDE","	Chamber1","	1","	B01??(?)","	20.9","	2026-07-24 15:59:57"
"	69BA0CDE","	Chamber1","	1","	B01??(%RH)","	86.2","	2026-07-24 15:59:55"
"	69BA0CDE","	Chamber1","	1","	B01??(?)","	20.9","	2026-07-24 15:59:55"
"	69BA0CDE","	Chamber1","	1","	B01??(%RH)","	86.1","	2026-07-24 15:59:53"
"	69BA0CDE","	Chamber1","	1","	B01??(?)","	20.9","	2026-07-24 15:59:53"
"	69BA0CDE","	Chamber1","	1","	B01??(%RH)","	86","	2026-07-24 15:59:51"
"	69BA0CDE","	Chamber1","	1","	B01??(?)","	20.9","	2026-07-24 15:59:51"
"	69BA0CDE","	Chamber1","	1","	B01??(%RH)","	85.9","	2026-07-24 15:59:49"
"	69BA0CDE","	Chamber1","	1","	B01??(?)","	20.9","	2026-07-24 15:59:49"
"	69BA0CDE","	Chamber1","	1","	B01??(%RH)","	85.8","	2026-07-24 15:59:47"
"	69BA0CDE","	Chamber1","	1","	B01??(?)","	20.9","	2026-07-24 15:59:47"
"	69BA0CDE","	Chamber1","	1","	B01??(%RH)","	85.8","	2026-07-24 15:59:45"
"	69BA0CDE","	Chamber1","	1","	B01??(?)","	20.9","	2026-07-24 15:59:45"
"	69BA0CDE","	Chamber1","	1","	B01??(%RH)","	85.8","	2026-07-24 15:59:43"
"	69BA0CDE","	Chamber1","	1","	B01??(?)","	20.9","	2026-07-24 15:59:43"
"	69BA0CDE","	Chamber1","	1","	B01??(%RH)","	85.8","	2026-07-24 15:59:41"
"	69BA0CDE","	Chamber1","	1","	B01??(?)","	20.9","	2026-07-24 15:59:41"
"	69BA0CDE","	Chamber1","	1","	B01??(%RH)","	85.7","	2026-07-24 15:59:39"
"	69BA0CDE","	Chamber1","	1","	B01??(?)","	20.9","	2026-07-24 15:59:39"
"	69BA0CDE","	Chamber1","	1","	B01??(%RH)","	85.7","	2026-07-24 15:59:37"
"	69BA0CDE","	Chamber1","	1","	B01??(?)","	20.9","	2026-07-24 15:59:37"
"	69BA0CDE","	Chamber1","	1","	B01??(%RH)","	85.6","	2026-07-24 15:59:35"
"	69BA0CDE","	Chamber1","	1","	B01??(?)","	20.9","	2026-07-24 15:59:35"
"	69BA0CDE","	Chamber1","	1","	B01??(%RH)","	85.6","	2026-07-24 15:59:33"
"	69BA0CDE","	Chamber1","	1","	B01??(?)","	20.9","	2026-07-24 15:59:33"
"	69BA0CDE","	Chamber1","	1","	B01??(%RH)","	85.6","	2026-07-24 15:59:31"
"	69BA0CDE","	Chamber1","	1","	B01??(?)","	20.9","	2026-07-24 15:59:31"
"	69BA0CDE","	Chamber1","	1","	B01??(%RH)","	85.6","	2026-07-24 15:59:29"
"	69BA0CDE","	Chamber1","	1","	B01??(?)","	20.9","	2026-07-24 15:59:29"
"	69BA0CDE","	Chamber1","	1","	B01??(%RH)","	85.5","	2026-07-24 15:59:27"
"	69BA0CDE","	Chamber1","	1","	B01??(?)","	20.8","	2026-07-24 15:59:27"
"	69BA0CDE","	Chamber1","	1","	B01??(%RH)","	85.5","	2026-07-24 15:59:24"
"	69BA0CDE","	Chamber1","	1","	B01??(?)","	20.9","	2026-07-24 15:59:24"
"	69BA0CDE","	Chamber1","	1","	B01??(%RH)","	85.4","	2026-07-24 15:59:22"
"	69BA0CDE","	Chamber1","	1","	B01??(?)","	20.9","	2026-07-24 15:59:22"
"	69BA0CDE","	Chamber1","	1","	B01??(%RH)","	85.3","	2026-07-24 15:59:20"
"	69BA0CDE","	Chamber1","	1","	B01??(?)","	20.9","	2026-07-24 15:59:20"
"	69BA0CDE","	Chamber1","	1","	B01??(%RH)","	85.2","	2026-07-24 15:59:18"
"	69BA0CDE","	Chamber1","	1","	B01??(?)","	20.8","	2026-07-24 15:59:18"
"	69BA0CDE","	Chamber1","	1","	B01??(%RH)","	85.1","	2026-07-24 15:59:16"
"	69BA0CDE","	Chamber1","	1","	B01??(?)","	20.9","	2026-07-24 15:59:16"
"	69BA0CDE","	Chamber1","	1","	B01??(%RH)","	85.1","	2026-07-24 15:59:14"
"	69BA0CDE","	Chamber1","	1","	B01??(?)","	20.9","	2026-07-24 15:59:14"
"	69BA0CDE","	Chamber1","	1","	B01??(%RH)","	85.1","	2026-07-24 15:59:12"
"	69BA0CDE","	Chamber1","	1","	B01??(?)","	20.8","	2026-07-24 15:59:12"
"	69BA0CDE","	Chamber1","	1","	B01??(%RH)","	85.1","	2026-07-24 15:59:10"
"	69BA0CDE","	Chamber1","	1","	B01??(?)","	20.9","	2026-07-24 15:59:10"
"	69BA0CDE","	Chamber1","	1","	B01??(%RH)","	85.3","	2026-07-24 15:59:08"
"	69BA0CDE","	Chamber1","	1","	B01??(?)","	20.9","	2026-07-24 15:59:08"
"	69BA0CDE","	Chamber1","	1","	B01??(%RH)","	85.5","	2026-07-24 15:59:06"
"	69BA0CDE","	Chamber1","	1","	B01??(?)","	20.9","	2026-07-24 15:59:06"
"	69BA0CDE","	Chamber1","	1","	B01??(%RH)","	85.7","	2026-07-24 15:59:04"
"	69BA0CDE","	Chamber1","	1","	B01??(?)","	20.8","	2026-07-24 15:59:04"
"	69BA0CDE","	Chamber1","	1","	B01??(%RH)","	85.8","	2026-07-24 15:59:02"
"	69BA0CDE","	Chamber1","	1","	B01??(?)","	20.8","	2026-07-24 15:59:02"
"	69BA0CDE","	Chamber1","	1","	B01??(%RH)","	85.8","	2026-07-24 15:59:00"
"	69BA0CDE","	Chamber1","	1","	B01??(?)","	20.8","	2026-07-24 15:59:00"
"	69BA0CDE","	Chamber1","	1","	B01??(%RH)","	85.8","	2026-07-24 15:58:58"
"	69BA0CDE","	Chamber1","	1","	B01??(?)","	20.8","	2026-07-24 15:58:58"
"	69BA0CDE","	Chamber1","	1","	B01??(%RH)","	85.8","	2026-07-24 15:58:56"
"	69BA0CDE","	Chamber1","	1","	B01??(?)","	20.8","	2026-07-24 15:58:56"
"	69BA0CDE","	Chamber1","	1","	B01??(%RH)","	85.9","	2026-07-24 15:58:54"
"	69BA0CDE","	Chamber1","	1","	B01??(?)","	20.8","	2026-07-24 15:58:54"
"	69BA0CDE","	Chamber1","	1","	B01??(%RH)","	86","	2026-07-24 15:58:52"
"	69BA0CDE","	Chamber1","	1","	B01??(?)","	20.8","	2026-07-24 15:58:52"
"	69BA0CDE","	Chamber1","	1","	B01??(%RH)","	86.1","	2026-07-24 15:58:50"
"	69BA0CDE","	Chamber1","	1","	B01??(?)","	20.8","	2026-07-24 15:58:50"
"	69BA0CDE","	Chamber1","	1","	B01??(%RH)","	86.1","	2026-07-24 15:58:48"
"	69BA0CDE","	Chamber1","	1","	B01??(?)","	20.8","	2026-07-24 15:58:48"
"	69BA0CDE","	Chamber1","	1","	B01??(%RH)","	86","	2026-07-24 15:58:46"
"	69BA0CDE","	Chamber1","	1","	B01??(?)","	20.8","	2026-07-24 15:58:46"
"	69BA0CDE","	Chamber1","	1","	B01??(%RH)","	85.9","	2026-07-24 15:58:44"
"	69BA0CDE","	Chamber1","	1","	B01??(?)","	20.8","	2026-07-24 15:58:44"
"	69BA0CDE","	Chamber1","	1","	B01??(%RH)","	85.9","	2026-07-24 15:58:42"
"	69BA0CDE","	Chamber1","	1","	B01??(?)","	20.8","	2026-07-24 15:58:42"
"	69BA0CDE","	Chamber1","	1","	B01??(%RH)","	85.9","	2026-07-24 15:58:39"
"	69BA0CDE","	Chamber1","	1","	B01??(?)","	20.8","	2026-07-24 15:58:39"
"	69BA0CDE","	Chamber1","	1","	B01??(%RH)","	85.8","	2026-07-24 15:58:37"
"	69BA0CDE","	Chamber1","	1","	B01??(?)","	20.8","	2026-07-24 15:58:37"
"	69BA0CDE","	Chamber1","	1","	B01??(%RH)","	85.7","	2026-07-24 15:58:35"
"	69BA0CDE","	Chamber1","	1","	B01??(?)","	20.8","	2026-07-24 15:58:35"
"	69BA0CDE","	Chamber1","	1","	B01??(%RH)","	85.6","	2026-07-24 15:58:33"
"	69BA0CDE","	Chamber1","	1","	B01??(?)","	20.8","	2026-07-24 15:58:33"
"	69BA0CDE","	Chamber1","	1","	B01??(%RH)","	85.5","	2026-07-24 15:58:31"
"	69BA0CDE","	Chamber1","	1","	B01??(?)","	20.8","	2026-07-24 15:58:31"
"	69BA0CDE","	Chamber1","	1","	B01??(%RH)","	85.4","	2026-07-24 15:58:29"
"	69BA0CDE","	Chamber1","	1","	B01??(?)","	20.8","	2026-07-24 15:58:29"
"	69BA0CDE","	Chamber1","	1","	B01??(%RH)","	85.4","	2026-07-24 15:58:27"
"	69BA0CDE","	Chamber1","	1","	B01??(?)","	20.8","	2026-07-24 15:58:27"
"	69BA0CDE","	Chamber1","	1","	B01??(%RH)","	85.2","	2026-07-24 15:58:25"
"	69BA0CDE","	Chamber1","	1","	B01??(?)","	20.8","	2026-07-24 15:58:25"
"	69BA0CDE","	Chamber1","	1","	B01??(%RH)","	85.1","	2026-07-24 15:58:23"
"	69BA0CDE","	Chamber1","	1","	B01??(?)","	20.8","	2026-07-24 15:58:23"
"	69BA0CDE","	Chamber1","	1","	B01??(%RH)","	84.9","	2026-07-24 15:58:21"
"	69BA0CDE","	Chamber1","	1","	B01??(?)","	20.8","	2026-07-24 15:58:21"
"	69BA0CDE","	Chamber1","	1","	B01??(%RH)","	84.8","	2026-07-24 15:58:19"
"	69BA0CDE","	Chamber1","	1","	B01??(?)","	20.8","	2026-07-24 15:58:19"
"	69BA0CDE","	Chamber1","	1","	B01??(%RH)","	84.8","	2026-07-24 15:58:17"
"	69BA0CDE","	Chamber1","	1","	B01??(?)","	20.8","	2026-07-24 15:58:17"
"	69BA0CDE","	Chamber1","	1","	B01??(%RH)","	85.2","	2026-07-24 15:58:15"
"	69BA0CDE","	Chamber1","	1","	B01??(?)","	20.8","	2026-07-24 15:58:15"
"	69BA0CDE","	Chamber1","	1","	B01??(%RH)","	85.5","	2026-07-24 15:58:13"
"	69BA0CDE","	Chamber1","	1","	B01??(?)","	20.8","	2026-07-24 15:58:13"
"	69BA0CDE","	Chamber1","	1","	B01??(%RH)","	85.9","	2026-07-24 15:58:11"
"	69BA0CDE","	Chamber1","	1","	B01??(?)","	20.7","	2026-07-24 15:58:11"
"	69BA0CDE","	Chamber1","	1","	B01??(%RH)","	86.2","	2026-07-24 15:58:09"
"	69BA0CDE","	Chamber1","	1","	B01??(?)","	20.7","	2026-07-24 15:58:09"
"	69BA0CDE","	Chamber1","	1","	B01??(%RH)","	86.2","	2026-07-24 15:58:07"
"	69BA0CDE","	Chamber1","	1","	B01??(?)","	20.8","	2026-07-24 15:58:07"
"	69BA0CDE","	Chamber1","	1","	B01??(%RH)","	86.2","	2026-07-24 15:58:05"
"	69BA0CDE","	Chamber1","	1","	B01??(?)","	20.8","	2026-07-24 15:58:05"
"	69BA0CDE","	Chamber1","	1","	B01??(%RH)","	86.3","	2026-07-24 15:58:03"
"	69BA0CDE","	Chamber1","	1","	B01??(?)","	20.8","	2026-07-24 15:58:03"
"	69BA0CDE","	Chamber1","	1","	B01??(%RH)","	86.4","	2026-07-24 15:58:01"
"	69BA0CDE","	Chamber1","	1","	B01??(?)","	20.7","	2026-07-24 15:58:01"
"	69BA0CDE","	Chamber1","	1","	B01??(%RH)","	86.4","	2026-07-24 15:57:59"
"	69BA0CDE","	Chamber1","	1","	B01??(?)","	20.7","	2026-07-24 15:57:59"
"	69BA0CDE","	Chamber1","	1","	B01??(%RH)","	86.5","	2026-07-24 15:57:56"
"	69BA0CDE","	Chamber1","	1","	B01??(?)","	20.7","	2026-07-24 15:57:56"
"	69BA0CDE","	Chamber1","	1","	B01??(%RH)","	86.8","	2026-07-24 15:57:54"
"	69BA0CDE","	Chamber1","	1","	B01??(?)","	20.7","	2026-07-24 15:57:54"
"	69BA0CDE","	Chamber1","	1","	B01??(%RH)","	87.1","	2026-07-24 15:57:52"
"	69BA0CDE","	Chamber1","	1","	B01??(?)","	20.7","	2026-07-24 15:57:52"
"	69BA0CDE","	Chamber1","	1","	B01??(%RH)","	87.1","	2026-07-24 15:57:50"
"	69BA0CDE","	Chamber1","	1","	B01??(?)","	20.7","	2026-07-24 15:57:50"
"	69BA0CDE","	Chamber1","	1","	B01??(%RH)","	87.2","	2026-07-24 15:57:48"
"	69BA0CDE","	Chamber1","	1","	B01??(?)","	20.7","	2026-07-24 15:57:48"
"	69BA0CDE","	Chamber1","	1","	B01??(%RH)","	86.9","	2026-07-24 15:57:46"
"	69BA0CDE","	Chamber1","	1","	B01??(?)","	20.7","	2026-07-24 15:57:46"
"	69BA0CDE","	Chamber1","	1","	B01??(%RH)","	86.3","	2026-07-24 15:57:44"
"	69BA0CDE","	Chamber1","	1","	B01??(?)","	20.7","	2026-07-24 15:57:44"
"	69BA0CDE","	Chamber1","	1","	B01??(%RH)","	85.6","	2026-07-24 15:57:42"
"	69BA0CDE","	Chamber1","	1","	B01??(?)","	20.7","	2026-07-24 15:57:42"
"	69BA0CDE","	Chamber1","	1","	B01??(%RH)","	85.4","	2026-07-24 15:57:40"
"	69BA0CDE","	Chamber1","	1","	B01??(?)","	20.6","	2026-07-24 15:57:40"
"	69BA0CDE","	Chamber1","	1","	B01??(%RH)","	85.4","	2026-07-24 15:57:38"
"	69BA0CDE","	Chamber1","	1","	B01??(?)","	20.7","	2026-07-24 15:57:38"
"	69BA0CDE","	Chamber1","	1","	B01??(%RH)","	85.3","	2026-07-24 15:57:36"
"	69BA0CDE","	Chamber1","	1","	B01??(?)","	20.6","	2026-07-24 15:57:36"
"	69BA0CDE","	Chamber1","	1","	B01??(%RH)","	85.2","	2026-07-24 15:57:34"
"	69BA0CDE","	Chamber1","	1","	B01??(?)","	20.6","	2026-07-24 15:57:34"
"	69BA0CDE","	Chamber1","	1","	B01??(%RH)","	85.2","	2026-07-24 15:57:32"
"	69BA0CDE","	Chamber1","	1","	B01??(?)","	20.6","	2026-07-24 15:57:32"
"	69BA0CDE","	Chamber1","	1","	B01??(%RH)","	85.2","	2026-07-24 15:57:30"
"	69BA0CDE","	Chamber1","	1","	B01??(?)","	20.6","	2026-07-24 15:57:30"
"	69BA0CDE","	Chamber1","	1","	B01??(%RH)","	85.3","	2026-07-24 15:57:28"
"	69BA0CDE","	Chamber1","	1","	B01??(?)","	20.6","	2026-07-24 15:57:28"
"	69BA0CDE","	Chamber1","	1","	B01??(%RH)","	85.1","	2026-07-24 15:57:26"
"	69BA0CDE","	Chamber1","	1","	B01??(?)","	20.6","	2026-07-24 15:57:26"
"	69BA0CDE","	Chamber1","	1","	B01??(%RH)","	85","	2026-07-24 15:57:24"
"	69BA0CDE","	Chamber1","	1","	B01??(?)","	20.6","	2026-07-24 15:57:24"
"	69BA0CDE","	Chamber1","	1","	B01??(%RH)","	85","	2026-07-24 15:57:22"
"	69BA0CDE","	Chamber1","	1","	B01??(?)","	20.6","	2026-07-24 15:57:22"
"	69BA0CDE","	Chamber1","	1","	B01??(%RH)","	85.3","	2026-07-24 15:57:20"
"	69BA0CDE","	Chamber1","	1","	B01??(?)","	20.6","	2026-07-24 15:57:20"
"	69BA0CDE","	Chamber1","	1","	B01??(%RH)","	85.5","	2026-07-24 15:57:18"
"	69BA0CDE","	Chamber1","	1","	B01??(?)","	20.6","	2026-07-24 15:57:18"
"	69BA0CDE","	Chamber1","	1","	B01??(%RH)","	85.5","	2026-07-24 15:57:16"
"	69BA0CDE","	Chamber1","	1","	B01??(?)","	20.6","	2026-07-24 15:57:16"
"	69BA0CDE","	Chamber1","	1","	B01??(%RH)","	85.6","	2026-07-24 15:57:14"
"	69BA0CDE","	Chamber1","	1","	B01??(?)","	20.6","	2026-07-24 15:57:14"
"	69BA0CDE","	Chamber1","	1","	B01??(%RH)","	85.8","	2026-07-24 15:57:11"
"	69BA0CDE","	Chamber1","	1","	B01??(?)","	20.6","	2026-07-24 15:57:11"
"	69BA0CDE","	Chamber1","	1","	B01??(%RH)","	85.9","	2026-07-24 15:57:09"
"	69BA0CDE","	Chamber1","	1","	B01??(?)","	20.6","	2026-07-24 15:57:09"
"	69BA0CDE","	Chamber1","	1","	B01??(%RH)","	85.9","	2026-07-24 15:57:07"
"	69BA0CDE","	Chamber1","	1","	B01??(?)","	20.6","	2026-07-24 15:57:07"
"	69BA0CDE","	Chamber1","	1","	B01??(%RH)","	85.9","	2026-07-24 15:57:05"
"	69BA0CDE","	Chamber1","	1","	B01??(?)","	20.5","	2026-07-24 15:57:05"
"	69BA0CDE","	Chamber1","	1","	B01??(%RH)","	85.8","	2026-07-24 15:57:03"
"	69BA0CDE","	Chamber1","	1","	B01??(?)","	20.6","	2026-07-24 15:57:03"
"	69BA0CDE","	Chamber1","	1","	B01??(%RH)","	85.8","	2026-07-24 15:57:01"
"	69BA0CDE","	Chamber1","	1","	B01??(?)","	20.6","	2026-07-24 15:57:01"
"	69BA0CDE","	Chamber1","	1","	B01??(%RH)","	85.8","	2026-07-24 15:56:59"
"	69BA0CDE","	Chamber1","	1","	B01??(?)","	20.5","	2026-07-24 15:56:59"
"	69BA0CDE","	Chamber1","	1","	B01??(%RH)","	85.8","	2026-07-24 15:56:57"
"	69BA0CDE","	Chamber1","	1","	B01??(?)","	20.5","	2026-07-24 15:56:57"
"	69BA0CDE","	Chamber1","	1","	B01??(%RH)","	85.9","	2026-07-24 15:56:55"
"	69BA0CDE","	Chamber1","	1","	B01??(?)","	20.6","	2026-07-24 15:56:55"
"	69BA0CDE","	Chamber1","	1","	B01??(%RH)","	86.1","	2026-07-24 15:56:53"
"	69BA0CDE","	Chamber1","	1","	B01??(?)","	20.5","	2026-07-24 15:56:53"
"	69BA0CDE","	Chamber1","	1","	B01??(%RH)","	86.3","	2026-07-24 15:56:51"
"	69BA0CDE","	Chamber1","	1","	B01??(?)","	20.5","	2026-07-24 15:56:51"
"	69BA0CDE","	Chamber1","	1","	B01??(%RH)","	86.4","	2026-07-24 15:56:49"
"	69BA0CDE","	Chamber1","	1","	B01??(?)","	20.5","	2026-07-24 15:56:49"
"	69BA0CDE","	Chamber1","	1","	B01??(%RH)","	86.5","	2026-07-24 15:56:47"
"	69BA0CDE","	Chamber1","	1","	B01??(?)","	20.5","	2026-07-24 15:56:47"
"	69BA0CDE","	Chamber1","	1","	B01??(%RH)","	86.4","	2026-07-24 15:56:45"
"	69BA0CDE","	Chamber1","	1","	B01??(?)","	20.5","	2026-07-24 15:56:45"
"	69BA0CDE","	Chamber1","	1","	B01??(%RH)","	86.5","	2026-07-24 15:56:43"
"	69BA0CDE","	Chamber1","	1","	B01??(?)","	20.5","	2026-07-24 15:56:43"
"	69BA0CDE","	Chamber1","	1","	B01??(%RH)","	86.6","	2026-07-24 15:56:41"
"	69BA0CDE","	Chamber1","	1","	B01??(?)","	20.5","	2026-07-24 15:56:41"
"	69BA0CDE","	Chamber1","	1","	B01??(%RH)","	86.7","	2026-07-24 15:56:39"
"	69BA0CDE","	Chamber1","	1","	B01??(?)","	20.5","	2026-07-24 15:56:39"
"	69BA0CDE","	Chamber1","	1","	B01??(%RH)","	86.7","	2026-07-24 15:56:37"
"	69BA0CDE","	Chamber1","	1","	B01??(?)","	20.5","	2026-07-24 15:56:37"
"	69BA0CDE","	Chamber1","	1","	B01??(%RH)","	86.6","	2026-07-24 15:56:35"
"	69BA0CDE","	Chamber1","	1","	B01??(?)","	20.5","	2026-07-24 15:56:35"
"	69BA0CDE","	Chamber1","	1","	B01??(%RH)","	86.5","	2026-07-24 15:56:33"
"	69BA0CDE","	Chamber1","	1","	B01??(?)","	20.5","	2026-07-24 15:56:33"
"	69BA0CDE","	Chamber1","	1","	B01??(%RH)","	86.6","	2026-07-24 15:56:31"
"	69BA0CDE","	Chamber1","	1","	B01??(?)","	20.5","	2026-07-24 15:56:31"
"	69BA0CDE","	Chamber1","	1","	B01??(%RH)","	86.8","	2026-07-24 15:56:29"
"	69BA0CDE","	Chamber1","	1","	B01??(?)","	20.4","	2026-07-24 15:56:29"
"	69BA0CDE","	Chamber1","	1","	B01??(%RH)","	87","	2026-07-24 15:56:26"
"	69BA0CDE","	Chamber1","	1","	B01??(?)","	20.5","	2026-07-24 15:56:26"
"	69BA0CDE","	Chamber1","	1","	B01??(%RH)","	87.2","	2026-07-24 15:56:24"
"	69BA0CDE","	Chamber1","	1","	B01??(?)","	20.5","	2026-07-24 15:56:24"
"	69BA0CDE","	Chamber1","	1","	B01??(%RH)","	87.2","	2026-07-24 15:56:22"
"	69BA0CDE","	Chamber1","	1","	B01??(?)","	20.4","	2026-07-24 15:56:22"
"	69BA0CDE","	Chamber1","	1","	B01??(%RH)","	87.1","	2026-07-24 15:56:20"
"	69BA0CDE","	Chamber1","	1","	B01??(?)","	20.4","	2026-07-24 15:56:20"
"	69BA0CDE","	Chamber1","	1","	B01??(%RH)","	87.2","	2026-07-24 15:56:18"
"	69BA0CDE","	Chamber1","	1","	B01??(?)","	20.4","	2026-07-24 15:56:18"
"	69BA0CDE","	Chamber1","	1","	B01??(%RH)","	87.3","	2026-07-24 15:56:16"
"	69BA0CDE","	Chamber1","	1","	B01??(?)","	20.4","	2026-07-24 15:56:16"
"	69BA0CDE","	Chamber1","	1","	B01??(%RH)","	87.5","	2026-07-24 15:56:14"
"	69BA0CDE","	Chamber1","	1","	B01??(?)","	20.4","	2026-07-24 15:56:14"
"	69BA0CDE","	Chamber1","	1","	B01??(%RH)","	87.5","	2026-07-24 15:56:12"
"	69BA0CDE","	Chamber1","	1","	B01??(?)","	20.4","	2026-07-24 15:56:12"
"	69BA0CDE","	Chamber1","	1","	B01??(%RH)","	87.4","	2026-07-24 15:56:10"
"	69BA0CDE","	Chamber1","	1","	B01??(?)","	20.4","	2026-07-24 15:56:10"
"	69BA0CDE","	Chamber1","	1","	B01??(%RH)","	87.4","	2026-07-24 15:56:08"
"	69BA0CDE","	Chamber1","	1","	B01??(?)","	20.4","	2026-07-24 15:56:08"
"	69BA0CDE","	Chamber1","	1","	B01??(%RH)","	87.2","	2026-07-24 15:56:06"
"	69BA0CDE","	Chamber1","	1","	B01??(?)","	20.4","	2026-07-24 15:56:06"
"	69BA0CDE","	Chamber1","	1","	B01??(%RH)","	87","	2026-07-24 15:56:04"
"	69BA0CDE","	Chamber1","	1","	B01??(?)","	20.4","	2026-07-24 15:56:04"
"	69BA0CDE","	Chamber1","	1","	B01??(%RH)","	86.7","	2026-07-24 15:56:02"
"	69BA0CDE","	Chamber1","	1","	B01??(?)","	20.4","	2026-07-24 15:56:02"
"	69BA0CDE","	Chamber1","	1","	B01??(%RH)","	86.6","	2026-07-24 15:56:00"
"	69BA0CDE","	Chamber1","	1","	B01??(?)","	20.4","	2026-07-24 15:56:00"
"	69BA0CDE","	Chamber1","	1","	B01??(%RH)","	86.8","	2026-07-24 15:55:58"
"	69BA0CDE","	Chamber1","	1","	B01??(?)","	20.4","	2026-07-24 15:55:58"
"	69BA0CDE","	Chamber1","	1","	B01??(%RH)","	87.1","	2026-07-24 15:55:56"
"	69BA0CDE","	Chamber1","	1","	B01??(?)","	20.4","	2026-07-24 15:55:56"
"	69BA0CDE","	Chamber1","	1","	B01??(%RH)","	87.5","	2026-07-24 15:55:54"
"	69BA0CDE","	Chamber1","	1","	B01??(?)","	20.4","	2026-07-24 15:55:54"
"	69BA0CDE","	Chamber1","	1","	B01??(%RH)","	87.9","	2026-07-24 15:55:52"
"	69BA0CDE","	Chamber1","	1","	B01??(?)","	20.4","	2026-07-24 15:55:52"
"	69BA0CDE","	Chamber1","	1","	B01??(%RH)","	88","	2026-07-24 15:55:50"
"	69BA0CDE","	Chamber1","	1","	B01??(?)","	20.4","	2026-07-24 15:55:50"
"	69BA0CDE","	Chamber1","	1","	B01??(%RH)","	88.1","	2026-07-24 15:55:48"
"	69BA0CDE","	Chamber1","	1","	B01??(?)","	20.4","	2026-07-24 15:55:48"
"	69BA0CDE","	Chamber1","	1","	B01??(%RH)","	88.1","	2026-07-24 15:55:46"
"	69BA0CDE","	Chamber1","	1","	B01??(?)","	20.4","	2026-07-24 15:55:46"
"	69BA0CDE","	Chamber1","	1","	B01??(%RH)","	88","	2026-07-24 15:55:44"
"	69BA0CDE","	Chamber1","	1","	B01??(?)","	20.3","	2026-07-24 15:55:44"
"	69BA0CDE","	Chamber1","	1","	B01??(%RH)","	87.9","	2026-07-24 15:55:41"
"	69BA0CDE","	Chamber1","	1","	B01??(?)","	20.3","	2026-07-24 15:55:41"
"	69BA0CDE","	Chamber1","	1","	B01??(%RH)","	87.7","	2026-07-24 15:55:39"
"	69BA0CDE","	Chamber1","	1","	B01??(?)","	20.3","	2026-07-24 15:55:39"
"	69BA0CDE","	Chamber1","	1","	B01??(%RH)","	87.6","	2026-07-24 15:55:37"
"	69BA0CDE","	Chamber1","	1","	B01??(?)","	20.3","	2026-07-24 15:55:37"
"	69BA0CDE","	Chamber1","	1","	B01??(%RH)","	87.8","	2026-07-24 15:55:35"
"	69BA0CDE","	Chamber1","	1","	B01??(?)","	20.3","	2026-07-24 15:55:35"
"	69BA0CDE","	Chamber1","	1","	B01??(%RH)","	88","	2026-07-24 15:55:33"
"	69BA0CDE","	Chamber1","	1","	B01??(?)","	20.3","	2026-07-24 15:55:33"
"	69BA0CDE","	Chamber1","	1","	B01??(%RH)","	88.2","	2026-07-24 15:55:31"
"	69BA0CDE","	Chamber1","	1","	B01??(?)","	20.3","	2026-07-24 15:55:31"
"	69BA0CDE","	Chamber1","	1","	B01??(%RH)","	88.4","	2026-07-24 15:55:29"
"	69BA0CDE","	Chamber1","	1","	B01??(?)","	20.3","	2026-07-24 15:55:29"
"	69BA0CDE","	Chamber1","	1","	B01??(%RH)","	88.5","	2026-07-24 15:55:27"
"	69BA0CDE","	Chamber1","	1","	B01??(?)","	20.3","	2026-07-24 15:55:27"
"	69BA0CDE","	Chamber1","	1","	B01??(%RH)","	88.6","	2026-07-24 15:55:25"
"	69BA0CDE","	Chamber1","	1","	B01??(?)","	20.3","	2026-07-24 15:55:25"
"	69BA0CDE","	Chamber1","	1","	B01??(%RH)","	88.6","	2026-07-24 15:55:23"
"	69BA0CDE","	Chamber1","	1","	B01??(?)","	20.3","	2026-07-24 15:55:23"
"	69BA0CDE","	Chamber1","	1","	B01??(%RH)","	88.6","	2026-07-24 15:55:21"
"	69BA0CDE","	Chamber1","	1","	B01??(?)","	20.3","	2026-07-24 15:55:21"
"	69BA0CDE","	Chamber1","	1","	B01??(%RH)","	88.7","	2026-07-24 15:55:19"
"	69BA0CDE","	Chamber1","	1","	B01??(?)","	20.3","	2026-07-24 15:55:19"
"	69BA0CDE","	Chamber1","	1","	B01??(%RH)","	88.7","	2026-07-24 15:55:17"
"	69BA0CDE","	Chamber1","	1","	B01??(?)","	20.3","	2026-07-24 15:55:17"
"	69BA0CDE","	Chamber1","	1","	B01??(%RH)","	88.7","	2026-07-24 15:55:15"
"	69BA0CDE","	Chamber1","	1","	B01??(?)","	20.3","	2026-07-24 15:55:15"
"	69BA0CDE","	Chamber1","	1","	B01??(%RH)","	88.8","	2026-07-24 15:55:13"
"	69BA0CDE","	Chamber1","	1","	B01??(?)","	20.3","	2026-07-24 15:55:13"
"	69BA0CDE","	Chamber1","	1","	B01??(%RH)","	88.8","	2026-07-24 15:55:11"
"	69BA0CDE","	Chamber1","	1","	B01??(?)","	20.2","	2026-07-24 15:55:11"
"	69BA0CDE","	Chamber1","	1","	B01??(%RH)","	88.7","	2026-07-24 15:55:09"
"	69BA0CDE","	Chamber1","	1","	B01??(?)","	20.2","	2026-07-24 15:55:09"
"	69BA0CDE","	Chamber1","	1","	B01??(%RH)","	88.7","	2026-07-24 15:55:07"
"	69BA0CDE","	Chamber1","	1","	B01??(?)","	20.2","	2026-07-24 15:55:07"
"	69BA0CDE","	Chamber1","	1","	B01??(%RH)","	88.7","	2026-07-24 15:55:05"
"	69BA0CDE","	Chamber1","	1","	B01??(?)","	20.3","	2026-07-24 15:55:05"
"	69BA0CDE","	Chamber1","	1","	B01??(%RH)","	88.6","	2026-07-24 15:55:03"
"	69BA0CDE","	Chamber1","	1","	B01??(?)","	20.2","	2026-07-24 15:55:03"
"	69BA0CDE","	Chamber1","	1","	B01??(%RH)","	88.6","	2026-07-24 15:55:01"
"	69BA0CDE","	Chamber1","	1","	B01??(?)","	20.2","	2026-07-24 15:55:01"
"	69BA0CDE","	Chamber1","	1","	B01??(%RH)","	88.6","	2026-07-24 15:54:58"
"	69BA0CDE","	Chamber1","	1","	B01??(?)","	20.2","	2026-07-24 15:54:58"
"	69BA0CDE","	Chamber1","	1","	B01??(%RH)","	88.7","	2026-07-24 15:54:56"
"	69BA0CDE","	Chamber1","	1","	B01??(?)","	20.2","	2026-07-24 15:54:56"
"	69BA0CDE","	Chamber1","	1","	B01??(%RH)","	88.8","	2026-07-24 15:54:54"
"	69BA0CDE","	Chamber1","	1","	B01??(?)","	20.2","	2026-07-24 15:54:54"
"	69BA0CDE","	Chamber1","	1","	B01??(%RH)","	88.9","	2026-07-24 15:54:52"
"	69BA0CDE","	Chamber1","	1","	B01??(?)","	20.2","	2026-07-24 15:54:52"
"	69BA0CDE","	Chamber1","	1","	B01??(%RH)","	88.9","	2026-07-24 15:54:50"
"	69BA0CDE","	Chamber1","	1","	B01??(?)","	20.2","	2026-07-24 15:54:50"
"	69BA0CDE","	Chamber1","	1","	B01??(%RH)","	88.8","	2026-07-24 15:54:48"
"	69BA0CDE","	Chamber1","	1","	B01??(?)","	20.2","	2026-07-24 15:54:48"
"	69BA0CDE","	Chamber1","	1","	B01??(%RH)","	88.8","	2026-07-24 15:54:46"
"	69BA0CDE","	Chamber1","	1","	B01??(?)","	20.2","	2026-07-24 15:54:46"
"	69BA0CDE","	Chamber1","	1","	B01??(%RH)","	88.9","	2026-07-24 15:54:44"
"	69BA0CDE","	Chamber1","	1","	B01??(?)","	20.2","	2026-07-24 15:54:44"
"	69BA0CDE","	Chamber1","	1","	B01??(%RH)","	89","	2026-07-24 15:54:42"
"	69BA0CDE","	Chamber1","	1","	B01??(?)","	20.2","	2026-07-24 15:54:42"
"	69BA0CDE","	Chamber1","	1","	B01??(%RH)","	89.2","	2026-07-24 15:54:40"
"	69BA0CDE","	Chamber1","	1","	B01??(?)","	20.2","	2026-07-24 15:54:40"
"	69BA0CDE","	Chamber1","	1","	B01??(%RH)","	89.2","	2026-07-24 15:54:38"
"	69BA0CDE","	Chamber1","	1","	B01??(?)","	20.2","	2026-07-24 15:54:38"
"	69BA0CDE","	Chamber1","	1","	B01??(%RH)","	89.3","	2026-07-24 15:54:36"
"	69BA0CDE","	Chamber1","	1","	B01??(?)","	20.2","	2026-07-24 15:54:36"
"	69BA0CDE","	Chamber1","	1","	B01??(%RH)","	89.3","	2026-07-24 15:54:34"
"	69BA0CDE","	Chamber1","	1","	B01??(?)","	20.2","	2026-07-24 15:54:34"
"	69BA0CDE","	Chamber1","	1","	B01??(%RH)","	89.3","	2026-07-24 15:54:32"
"	69BA0CDE","	Chamber1","	1","	B01??(?)","	20.1","	2026-07-24 15:54:32"
"	69BA0CDE","	Chamber1","	1","	B01??(%RH)","	89.4","	2026-07-24 15:54:30"
"	69BA0CDE","	Chamber1","	1","	B01??(?)","	20.1","	2026-07-24 15:54:30"
"	69BA0CDE","	Chamber1","	1","	B01??(%RH)","	89.5","	2026-07-24 15:54:28"
"	69BA0CDE","	Chamber1","	1","	B01??(?)","	20.2","	2026-07-24 15:54:28"
"	69BA0CDE","	Chamber1","	1","	B01??(%RH)","	89.5","	2026-07-24 15:54:26"
"	69BA0CDE","	Chamber1","	1","	B01??(?)","	20.1","	2026-07-24 15:54:26"
"	69BA0CDE","	Chamber1","	1","	B01??(%RH)","	89.7","	2026-07-24 15:54:24"
"	69BA0CDE","	Chamber1","	1","	B01??(?)","	20.2","	2026-07-24 15:54:24"
"	69BA0CDE","	Chamber1","	1","	B01??(%RH)","	89.7","	2026-07-24 15:54:22"
"	69BA0CDE","	Chamber1","	1","	B01??(?)","	20.1","	2026-07-24 15:54:22"
"	69BA0CDE","	Chamber1","	1","	B01??(%RH)","	89.7","	2026-07-24 15:54:20"
"	69BA0CDE","	Chamber1","	1","	B01??(?)","	20.1","	2026-07-24 15:54:20"
"	69BA0CDE","	Chamber1","	1","	B01??(%RH)","	89.8","	2026-07-24 15:54:18"
"	69BA0CDE","	Chamber1","	1","	B01??(?)","	20.1","	2026-07-24 15:54:18"
"	69BA0CDE","	Chamber1","	1","	B01??(%RH)","	89.9","	2026-07-24 15:54:15"
"	69BA0CDE","	Chamber1","	1","	B01??(?)","	20.1","	2026-07-24 15:54:15"
"	69BA0CDE","	Chamber1","	1","	B01??(%RH)","	89.9","	2026-07-24 15:54:13"
"	69BA0CDE","	Chamber1","	1","	B01??(?)","	20.1","	2026-07-24 15:54:13"
"	69BA0CDE","	Chamber1","	1","	B01??(%RH)","	90","	2026-07-24 15:54:11"
"	69BA0CDE","	Chamber1","	1","	B01??(?)","	20.1","	2026-07-24 15:54:11"
"	69BA0CDE","	Chamber1","	1","	B01??(%RH)","	90","	2026-07-24 15:54:09"
"	69BA0CDE","	Chamber1","	1","	B01??(?)","	20.1","	2026-07-24 15:54:09"
"	69BA0CDE","	Chamber1","	1","	B01??(%RH)","	90.1","	2026-07-24 15:54:07"
"	69BA0CDE","	Chamber1","	1","	B01??(?)","	20.1","	2026-07-24 15:54:07"
"	69BA0CDE","	Chamber1","	1","	B01??(%RH)","	90.1","	2026-07-24 15:54:05"
"	69BA0CDE","	Chamber1","	1","	B01??(?)","	20.1","	2026-07-24 15:54:05"
"	69BA0CDE","	Chamber1","	1","	B01??(%RH)","	90.1","	2026-07-24 15:54:03"
"	69BA0CDE","	Chamber1","	1","	B01??(?)","	20.1","	2026-07-24 15:54:03"
"	69BA0CDE","	Chamber1","	1","	B01??(%RH)","	90.2","	2026-07-24 15:54:01"
"	69BA0CDE","	Chamber1","	1","	B01??(?)","	20.1","	2026-07-24 15:54:01"
"	69BA0CDE","	Chamber1","	1","	B01??(%RH)","	90.3","	2026-07-24 15:53:59"
"	69BA0CDE","	Chamber1","	1","	B01??(?)","	20.1","	2026-07-24 15:53:59"
"	69BA0CDE","	Chamber1","	1","	B01??(%RH)","	90.4","	2026-07-24 15:53:57"
"	69BA0CDE","	Chamber1","	1","	B01??(?)","	20.1","	2026-07-24 15:53:57"
"	69BA0CDE","	Chamber1","	1","	B01??(%RH)","	90.5","	2026-07-24 15:53:55"
"	69BA0CDE","	Chamber1","	1","	B01??(?)","	20.1","	2026-07-24 15:53:55"
"	69BA0CDE","	Chamber1","	1","	B01??(%RH)","	90.6","	2026-07-24 15:53:53"
"	69BA0CDE","	Chamber1","	1","	B01??(?)","	20.1","	2026-07-24 15:53:53"
"	69BA0CDE","	Chamber1","	1","	B01??(%RH)","	90.7","	2026-07-24 15:53:51"
"	69BA0CDE","	Chamber1","	1","	B01??(?)","	20.1","	2026-07-24 15:53:51"
"	69BA0CDE","	Chamber1","	1","	B01??(%RH)","	90.7","	2026-07-24 15:53:49"
"	69BA0CDE","	Chamber1","	1","	B01??(?)","	20","	2026-07-24 15:53:49"
"	69BA0CDE","	Chamber1","	1","	B01??(%RH)","	90.7","	2026-07-24 15:53:47"
"	69BA0CDE","	Chamber1","	1","	B01??(?)","	20","	2026-07-24 15:53:47"
"	69BA0CDE","	Chamber1","	1","	B01??(%RH)","	90.8","	2026-07-24 15:53:45"
"	69BA0CDE","	Chamber1","	1","	B01??(?)","	20","	2026-07-24 15:53:45"
"	69BA0CDE","	Chamber1","	1","	B01??(%RH)","	90.9","	2026-07-24 15:53:43"
"	69BA0CDE","	Chamber1","	1","	B01??(?)","	20","	2026-07-24 15:53:43"
"	69BA0CDE","	Chamber1","	1","	B01??(%RH)","	90.9","	2026-07-24 15:53:41"
"	69BA0CDE","	Chamber1","	1","	B01??(?)","	20","	2026-07-24 15:53:41"
"	69BA0CDE","	Chamber1","	1","	B01??(%RH)","	90.8","	2026-07-24 15:53:39"
"	69BA0CDE","	Chamber1","	1","	B01??(?)","	20","	2026-07-24 15:53:39"
"	69BA0CDE","	Chamber1","	1","	B01??(%RH)","	90.9","	2026-07-24 15:53:37"
"	69BA0CDE","	Chamber1","	1","	B01??(?)","	20","	2026-07-24 15:53:37"
"	69BA0CDE","	Chamber1","	1","	B01??(%RH)","	91","	2026-07-24 15:53:35"
"	69BA0CDE","	Chamber1","	1","	B01??(?)","	20","	2026-07-24 15:53:35"
"	69BA0CDE","	Chamber1","	1","	B01??(%RH)","	91.1","	2026-07-24 15:53:32"
"	69BA0CDE","	Chamber1","	1","	B01??(?)","	20","	2026-07-24 15:53:32"
"	69BA0CDE","	Chamber1","	1","	B01??(%RH)","	91.2","	2026-07-24 15:53:30"
"	69BA0CDE","	Chamber1","	1","	B01??(?)","	20","	2026-07-24 15:53:30"
"	69BA0CDE","	Chamber1","	1","	B01??(%RH)","	91.3","	2026-07-24 15:53:28"
"	69BA0CDE","	Chamber1","	1","	B01??(?)","	20","	2026-07-24 15:53:28"
"	69BA0CDE","	Chamber1","	1","	B01??(%RH)","	91.3","	2026-07-24 15:53:26"
"	69BA0CDE","	Chamber1","	1","	B01??(?)","	20","	2026-07-24 15:53:26"
"	69BA0CDE","	Chamber1","	1","	B01??(%RH)","	91.3","	2026-07-24 15:53:24"
"	69BA0CDE","	Chamber1","	1","	B01??(?)","	20","	2026-07-24 15:53:24"
"	69BA0CDE","	Chamber1","	1","	B01??(%RH)","	91.3","	2026-07-24 15:53:22"
"	69BA0CDE","	Chamber1","	1","	B01??(?)","	20","	2026-07-24 15:53:22"
"	69BA0CDE","	Chamber1","	1","	B01??(%RH)","	91.3","	2026-07-24 15:53:20"
"	69BA0CDE","	Chamber1","	1","	B01??(?)","	20","	2026-07-24 15:53:20"
"	69BA0CDE","	Chamber1","	1","	B01??(%RH)","	91.3","	2026-07-24 15:53:18"
"	69BA0CDE","	Chamber1","	1","	B01??(?)","	20","	2026-07-24 15:53:18"
"	69BA0CDE","	Chamber1","	1","	B01??(%RH)","	91.3","	2026-07-24 15:53:16"
"	69BA0CDE","	Chamber1","	1","	B01??(?)","	20","	2026-07-24 15:53:16"
"	69BA0CDE","	Chamber1","	1","	B01??(%RH)","	91.3","	2026-07-24 15:53:14"
"	69BA0CDE","	Chamber1","	1","	B01??(?)","	19.9","	2026-07-24 15:53:14"
"	69BA0CDE","	Chamber1","	1","	B01??(%RH)","	91.4","	2026-07-24 15:53:12"
"	69BA0CDE","	Chamber1","	1","	B01??(?)","	19.9","	2026-07-24 15:53:12"
"	69BA0CDE","	Chamber1","	1","	B01??(%RH)","	91.3","	2026-07-24 15:53:10"
"	69BA0CDE","	Chamber1","	1","	B01??(?)","	19.9","	2026-07-24 15:53:10"
"	69BA0CDE","	Chamber1","	1","	B01??(%RH)","	91.4","	2026-07-24 15:53:08"
"	69BA0CDE","	Chamber1","	1","	B01??(?)","	19.9","	2026-07-24 15:53:08"
"	69BA0CDE","	Chamber1","	1","	B01??(%RH)","	91.3","	2026-07-24 15:53:06"
"	69BA0CDE","	Chamber1","	1","	B01??(?)","	19.9","	2026-07-24 15:53:06"
"	69BA0CDE","	Chamber1","	1","	B01??(%RH)","	91.3","	2026-07-24 15:53:04"
"	69BA0CDE","	Chamber1","	1","	B01??(?)","	19.9","	2026-07-24 15:53:04"
"	69BA0CDE","	Chamber1","	1","	B01??(%RH)","	91.4","	2026-07-24 15:53:02"
"	69BA0CDE","	Chamber1","	1","	B01??(?)","	19.9","	2026-07-24 15:53:02"
"	69BA0CDE","	Chamber1","	1","	B01??(%RH)","	91.4","	2026-07-24 15:53:00"
"	69BA0CDE","	Chamber1","	1","	B01??(?)","	19.9","	2026-07-24 15:53:00"
